qri_update_time,collected_at,trading_day,last_trading_day,contract,option_type,strike,settlement,open_interest,volume,ask_iv,bid_iv,ask_price,ask_quantity,bid_price,bid_quantity,iv,change,change_percent,last_price,trade_time
2026/09/18 18:03,2026-09-18T18:18:37+09:00,2026/09/24,2026/10/08,2026-10,CALL,82000,1,,1,29.96,,1,40,,,29.66,,,1,09/18 17:13
2026/09/18 18:03,2026-09-18T18:18:37+09:00,2026/09/24,2026/10/08,2026-10,PUT,82000,16995,,,,,,,,,,,,,
2026/09/18 18:03,2026-09-18T18:18:37+09:00,2026/09/24,2026/10/08,2026-10,CALL,81500,1,,,29.23,,1,2,,,,,,,
2026/09/18 18:03,2026-09-18T18:18:37+09:00,2026/09/24,2026/10/08,2026-10,PUT,81500,16495,,,,,,,,,,,,,
2026/09/18 18:03,2026-09-18T18:18:37+09:00,2026/09/24,2026/10/08,2026-10,CALL,81000,1,,1,28.49,,1,7,,,28.26,0,0,1,09/18 17:12
2026/09/18 18:03,2026-09-18T18:18:37+09:00,2026/09/24,2026/10/08,2026-10,PUT,81000,15995,,,,,,,,,,,,,
2026/09/18 18:03,2026-09-18T18:18:37+09:00,2026/09/24,2026/10/08,2026-10,CALL,80500,2,,,29.39,27.75,2,2,1,1,,,,,
2026/09/18 18:03,2026-09-18T18:18:37+09:00,2026/09/24,2026/10/08,2026-10,PUT,80500,15495,,,,,,,,,,,,,
2026/09/18 18:03,2026-09-18T18:18:37+09:00,2026/09/24,2026/10/08,2026-10,CALL,80000,2,,3,28.6,27,2,131,1,54,27.03,0,0,1,09/18 17:58
2026/09/18 18:03,2026-09-18T18:18:37+09:00,2026/09/24,2026/10/08,2026-10,PUT,80000,14995,,,,,,,,,,,,,
2026/09/18 18:03,2026-09-18T18:18:37+09:00,2026/09/24,2026/10/08,2026-10,CALL,79500,2,,,27.81,26.24,2,3,1,25,,,,,
2026/09/18 18:03,2026-09-18T18:18:37+09:00,2026/09/24,2026/10/08,2026-10,PUT,79500,14500,,,,,,,,,,,,,
2026/09/18 18:03,2026-09-18T18:18:37+09:00,2026/09/24,2026/10/08,2026-10,CALL,79000,2,,,27.01,25.48,2,3,1,12,,,,,
2026/09/18 18:03,2026-09-18T18:18:37+09:00,2026/09/24,2026/10/08,2026-10,PUT,79000,14000,,,,,,,,,,,,,
2026/09/18 18:03,2026-09-18T18:18:37+09:00,2026/09/24,2026/10/08,2026-10,CALL,78500,2,,2,29.1,24.71,6,8,1,26,25.93,0,0,2,09/18 17:33
2026/09/18 18:03,2026-09-18T18:18:37+09:00,2026/09/24,2026/10/08,2026-10,PUT,78500,13500,,,,,,,,,,,,,
2026/09/18 18:03,2026-09-18T18:18:37+09:00,2026/09/24,2026/10/08,2026-10,CALL,78000,3,,,26.34,25.38,3,13,2,1,,,,,
2026/09/18 18:03,2026-09-18T18:18:37+09:00,2026/09/24,2026/10/08,2026-10,PUT,78000,13000,,,,,,,,,,,,,
2026/09/18 18:03,2026-09-18T18:18:37+09:00,2026/09/24,2026/10/08,2026-10,CALL,77500,3,,1,26.21,24.56,4,16,2,17,25.11,0,0,3,09/18 17:22
2026/09/18 18:03,2026-09-18T18:18:37+09:00,2026/09/24,2026/10/08,2026-10,PUT,77500,12500,,,,,,,,,,,,,
2026/09/18 18:03,2026-09-18T18:18:37+09:00,2026/09/24,2026/10/08,2026-10,CALL,77000,3,,2,25.91,24.63,5,27,3,27,25.36,1,33.33,4,09/18 17:58
2026/09/18 18:03,2026-09-18T18:18:37+09:00,2026/09/24,2026/10/08,2026-10,PUT,77000,12000,,,,,,,,,,,,,
2026/09/18 18:03,2026-09-18T18:18:37+09:00,2026/09/24,2026/10/08,2026-10,CALL,76500,4,,4,25.92,24.45,7,15,4,16,25.03,1,25,5,09/18 17:55
2026/09/18 18:03,2026-09-18T18:18:37+09:00,2026/09/24,2026/10/08,2026-10,PUT,76500,11505,,,,,,,,,,,,,
2026/09/18 18:03,2026-09-18T18:18:37+09:00,2026/09/24,2026/10/08,2026-10,CALL,76250,6,,,25.83,24,8,15,4,20,,,,,
2026/09/18 18:03,2026-09-18T18:18:37+09:00,2026/09/24,2026/10/08,2026-10,PUT,76250,11255,,,,,,,,,,,,,
2026/09/18 18:03,2026-09-18T18:18:37+09:00,2026/09/24,2026/10/08,2026-10,CALL,76000,6,,,25.36,24.09,8,16,5,31,,,,,
2026/09/18 18:03,2026-09-18T18:18:37+09:00,2026/09/24,2026/10/08,2026-10,PUT,76000,11005,,,,,,,,,,,,,
2026/09/18 18:03,2026-09-18T18:18:37+09:00,2026/09/24,2026/10/08,2026-10,CALL,75750,7,,,25.53,24.1,10,15,6,20,,,,,
2026/09/18 18:03,2026-09-18T18:18:37+09:00,2026/09/24,2026/10/08,2026-10,PUT,75750,10755,,,,,,,,,,,,,
2026/09/18 18:03,2026-09-18T18:18:37+09:00,2026/09/24,2026/10/08,2026-10,CALL,75500,8,,,25.32,24.03,11,15,7,23,,,,,
2026/09/18 18:03,2026-09-18T18:18:37+09:00,2026/09/24,2026/10/08,2026-10,PUT,75500,10505,,,,,,,,,,,,,
2026/09/18 18:03,2026-09-18T18:18:37+09:00,2026/09/24,2026/10/08,2026-10,CALL,75250,9,,,25.09,23.91,12,15,8,20,,,,,
2026/09/18 18:03,2026-09-18T18:18:37+09:00,2026/09/24,2026/10/08,2026-10,PUT,75250,10260,,,,,,,,,,,,,
2026/09/18 18:03,2026-09-18T18:18:37+09:00,2026/09/24,2026/10/08,2026-10,CALL,75000,9,,44,24.58,24.04,12,3,10,12,24.61,3,33.33,12,09/18 17:58
2026/09/18 18:03,2026-09-18T18:18:37+09:00,2026/09/24,2026/10/08,2026-10,PUT,75000,10010,,,,,,,,,,,,,
2026/09/18 18:03,2026-09-18T18:18:37+09:00,2026/09/24,2026/10/08,2026-10,CALL,74750,11,,2,25.72,22.93,20,8,8,8,23.64,0,0,11,09/18 17:00
2026/09/18 18:03,2026-09-18T18:18:37+09:00,2026/09/24,2026/10/08,2026-10,PUT,74750,9760,,,,,,,,,,,,,
2026/09/18 18:03,2026-09-18T18:18:37+09:00,2026/09/24,2026/10/08,2026-10,CALL,74500,12,,1,24.82,22.75,18,11,9,11,23.49,2,18.18,13,09/18 17:10
2026/09/18 18:03,2026-09-18T18:18:37+09:00,2026/09/24,2026/10/08,2026-10,PUT,74500,9510,,,,,,,,,,,,,
2026/09/18 18:03,2026-09-18T18:18:37+09:00,2026/09/24,2026/10/08,2026-10,CALL,74250,14,,1,25.12,22.79,23,8,11,8,24.02,8,80,18,09/18 17:07
2026/09/18 18:03,2026-09-18T18:18:37+09:00,2026/09/24,2026/10/08,2026-10,PUT,74250,9265,,,,,,,,,,,,,
2026/09/18 18:03,2026-09-18T18:18:37+09:00,2026/09/24,2026/10/08,2026-10,CALL,74000,16,,24,24.26,23.92,21,1,19,5,24.09,4,25,20,09/18 17:59
2026/09/18 18:03,2026-09-18T18:18:37+09:00,2026/09/24,2026/10/08,2026-10,PUT,74000,9015,,,,,,,,,,,,,
2026/09/18 18:03,2026-09-18T18:18:37+09:00,2026/09/24,2026/10/08,2026-10,CALL,73750,18,,,24.84,22.44,29,8,14,8,,,,,
2026/09/18 18:03,2026-09-18T18:18:37+09:00,2026/09/24,2026/10/08,2026-10,PUT,73750,8770,,,,,,,,,,,,,
2026/09/18 18:03,2026-09-18T18:18:37+09:00,2026/09/24,2026/10/08,2026-10,CALL,73500,22,,12,24.39,23.74,30,8,25,5,23.89,8,36.36,30,09/18 17:22
2026/09/18 18:03,2026-09-18T18:18:37+09:00,2026/09/24,2026/10/08,2026-10,PUT,73500,8520,,,42.2,,8710,2,8080,2,,,,,
2026/09/18 18:03,2026-09-18T18:18:37+09:00,2026/09/24,2026/10/08,2026-10,CALL,73250,25,,1,24.38,19.93,35,22,8,8,23.23,5,20,30,09/18 17:18
2026/09/18 18:03,2026-09-18T18:18:37+09:00,2026/09/24,2026/10/08,2026-10,PUT,73250,8275,,,43.28,,8525,4,7625,1,,,,,
2026/09/18 18:03,2026-09-18T18:18:37+09:00,2026/09/24,2026/10/08,2026-10,CALL,73000,28,,25,24,23.68,37,2,34,3,23.74,8,28.57,36,09/18 17:53
2026/09/18 18:03,2026-09-18T18:18:37+09:00,2026/09/24,2026/10/08,2026-10,PUT,73000,8030,,,42.56,,8280,12,7570,3,,,,,
2026/09/18 18:03,2026-09-18T18:18:37+09:00,2026/09/24,2026/10/08,2026-10,CALL,72750,37,,,23.98,23.39,43,5,37,5,,,,,
2026/09/18 18:03,2026-09-18T18:18:37+09:00,2026/09/24,2026/10/08,2026-10,PUT,72750,7785,,,41.83,,8035,4,7320,1,,,,,
2026/09/18 18:03,2026-09-18T18:18:37+09:00,2026/09/24,2026/10/08,2026-10,CALL,72500,36,,9,23.8,23.45,48,3,44,3,23.5,13,36.11,49,09/18 17:31
2026/09/18 18:03,2026-09-18T18:18:37+09:00,2026/09/24,2026/10/08,2026-10,PUT,72500,7540,,,41.09,,7790,8,7290,2,,,,,
2026/09/18 18:03,2026-09-18T18:18:37+09:00,2026/09/24,2026/10/08,2026-10,CALL,72250,42,,3,23.74,23.34,55,1,50,6,22.94,17,44.74,55,09/18 17:20
2026/09/18 18:03,2026-09-18T18:18:37+09:00,2026/09/24,2026/10/08,2026-10,PUT,72250,7295,,,40.33,,7545,4,7045,1,,,,,
2026/09/18 18:03,2026-09-18T18:18:37+09:00,2026/09/24,2026/10/08,2026-10,CALL,72125,45,,,23.86,23.33,61,9,54,9,,,,,
2026/09/18 18:03,2026-09-18T18:18:37+09:00,2026/09/24,2026/10/08,2026-10,PUT,72125,7170,,,39.89,,7420,4,6920,1,,,,,
2026/09/18 18:03,2026-09-18T18:18:37+09:00,2026/09/24,2026/10/08,2026-10,CALL,72000,51,,47,23.74,23.38,64,3,59,3,23.53,10,19.61,61,09/18 18:00
2026/09/18 18:03,2026-09-18T18:18:37+09:00,2026/09/24,2026/10/08,2026-10,PUT,72000,7050,,,38.63,,7265,12,6800,3,,,,,
2026/09/18 18:03,2026-09-18T18:18:37+09:00,2026/09/24,2026/10/08,2026-10,CALL,71875,52,,,23.81,23.34,70,1,63,1,,,,,
2026/09/18 18:03,2026-09-18T18:18:37+09:00,2026/09/24,2026/10/08,2026-10,PUT,71875,6930,,,39.11,0,7175,1,6680,1,,,,,
2026/09/18 18:03,2026-09-18T18:18:37+09:00,2026/09/24,2026/10/08,2026-10,CALL,71750,59,,1,23.73,23.27,74,5,67,1,23.54,12,20.34,71,09/18 17:59
2026/09/18 18:03,2026-09-18T18:18:37+09:00,2026/09/24,2026/10/08,2026-10,PUT,71750,6810,,,38.92,15.89,7060,4,6560,1,,,,,
2026/09/18 18:03,2026-09-18T18:18:37+09:00,2026/09/24,2026/10/08,2026-10,CALL,71625,57,,,23.75,23.2,80,9,71,9,,,,,
2026/09/18 18:03,2026-09-18T18:18:37+09:00,2026/09/24,2026/10/08,2026-10,PUT,71625,6685,,,38.46,15.64,6935,4,6435,4,,,,,
2026/09/18 18:03,2026-09-18T18:18:37+09:00,2026/09/24,2026/10/08,2026-10,CALL,71500,65,,9,23.7,23.34,85,3,79,3,23.36,21,32.31,86,09/18 17:28
2026/09/18 18:03,2026-09-18T18:18:37+09:00,2026/09/24,2026/10/08,2026-10,PUT,71500,6565,,,38.12,16.73,6815,8,6315,2,,,,,
2026/09/18 18:03,2026-09-18T18:18:37+09:00,2026/09/24,2026/10/08,2026-10,CALL,71375,70,,,23.68,23.23,91,3,83,8,,,,,
2026/09/18 18:03,2026-09-18T18:18:37+09:00,2026/09/24,2026/10/08,2026-10,PUT,71375,6445,,,37.79,17.38,6695,4,6195,4,,,,,
2026/09/18 18:03,2026-09-18T18:18:37+09:00,2026/09/24,2026/10/08,2026-10,CALL,71250,74,,,25.94,23.21,146,3,89,8,,,,,
2026/09/18 18:03,2026-09-18T18:18:37+09:00,2026/09/24,2026/10/08,2026-10,PUT,71250,6325,,,37.32,17.82,6570,1,6075,4,,,,,
2026/09/18 18:03,2026-09-18T18:18:37+09:00,2026/09/24,2026/10/08,2026-10,CALL,71125,79,,,23.63,23.17,104,3,95,8,,,,,
2026/09/18 18:03,2026-09-18T18:18:37+09:00,2026/09/24,2026/10/08,2026-10,PUT,71125,6205,,,37.09,18.13,6455,4,5955,4,,,,,
2026/09/18 18:03,2026-09-18T18:18:37+09:00,2026/09/24,2026/10/08,2026-10,CALL,71000,90,,36,23.51,23.26,109,3,104,3,23.23,14,15.56,104,09/18 17:56
2026/09/18 18:03,2026-09-18T18:18:37+09:00,2026/09/24,2026/10/08,2026-10,PUT,71000,6085,,,36.74,18.36,6335,12,5835,12,,,,,
2026/09/18 18:03,2026-09-18T18:18:37+09:00,2026/09/24,2026/10/08,2026-10,CALL,70875,91,,,23.74,23.18,122,4,110,8,,,,,
2026/09/18 18:03,2026-09-18T18:18:37+09:00,2026/09/24,2026/10/08,2026-10,PUT,70875,5970,,,36.5,18.95,6220,4,5720,4,,,,,
2026/09/18 18:03,2026-09-18T18:18:37+09:00,2026/09/24,2026/10/08,2026-10,CALL,70750,98,,,23.71,23.18,130,1,118,1,,,,,
2026/09/18 18:03,2026-09-18T18:18:37+09:00,2026/09/24,2026/10/08,2026-10,PUT,70750,5850,,,36.14,19.02,6100,4,5600,4,,,,,
2026/09/18 18:03,2026-09-18T18:18:37+09:00,2026/09/24,2026/10/08,2026-10,CALL,70625,106,,,23.58,23.11,136,3,125,3,,,,,
2026/09/18 18:03,2026-09-18T18:18:37+09:00,2026/09/24,2026/10/08,2026-10,PUT,70625,5735,,,35.89,19.4,5985,4,5485,4,,,,,
2026/09/18 18:03,2026-09-18T18:18:37+09:00,2026/09/24,2026/10/08,2026-10,CALL,70500,120,,6,23.55,23.23,145,3,137,2,23.08,22,18.33,142,09/18 17:30
2026/09/18 18:03,2026-09-18T18:18:37+09:00,2026/09/24,2026/10/08,2026-10,PUT,70500,5615,,,25.07,19.38,5490,3,5365,9,,,,,
2026/09/18 18:03,2026-09-18T18:18:37+09:00,2026/09/24,2026/10/08,2026-10,CALL,70375,120,,,23.51,23.12,154,3,144,8,,,,,
2026/09/18 18:03,2026-09-18T18:18:37+09:00,2026/09/24,2026/10/08,2026-10,PUT,70375,5500,,,33.95,19.63,5695,3,5250,6,,,,,
2026/09/18 18:03,2026-09-18T18:18:37+09:00,2026/09/24,2026/10/08,2026-10,CALL,70250,129,,,23.52,23.11,165,3,154,8,,,,,
2026/09/18 18:03,2026-09-18T18:18:37+09:00,2026/09/24,2026/10/08,2026-10,PUT,70250,5380,,,34.05,19.55,5595,2,5130,5,,,,,
2026/09/18 18:03,2026-09-18T18:18:37+09:00,2026/09/24,2026/10/08,2026-10,CALL,70125,139,,,23.54,23.15,177,3,166,8,,,,,
2026/09/18 18:03,2026-09-18T18:18:37+09:00,2026/09/24,2026/10/08,2026-10,PUT,70125,5265,,,33.79,19.71,5480,3,5015,6,,,,,
2026/09/18 18:03,2026-09-18T18:18:37+09:00,2026/09/24,2026/10/08,2026-10,CALL,70000,155,,57,23.51,23.2,188,3,179,2,23.16,23,14.84,178,09/18 18:00
2026/09/18 18:03,2026-09-18T18:18:37+09:00,2026/09/24,2026/10/08,2026-10,PUT,70000,5150,,,30.66,19.83,5245,7,4900,16,,,,,
2026/09/18 18:03,2026-09-18T18:18:37+09:00,2026/09/24,2026/10/08,2026-10,CALL,69875,159,,,23.49,23.12,200,3,189,1,,,,,
2026/09/18 18:03,2026-09-18T18:18:37+09:00,2026/09/24,2026/10/08,2026-10,PUT,69875,5035,,,30.42,19.9,5130,3,4785,6,,,,,
2026/09/18 18:03,2026-09-18T18:18:37+09:00,2026/09/24,2026/10/08,2026-10,CALL,69750,169,,,24.91,23.12,260,8,202,5,,,,,
2026/09/18 18:03,2026-09-18T18:18:37+09:00,2026/09/24,2026/10/08,2026-10,PUT,69750,4925,,,30.16,20.15,5015,2,4675,5,,,,,
2026/09/18 18:03,2026-09-18T18:18:37+09:00,2026/09/24,2026/10/08,2026-10,CALL,69625,181,,,23.47,23.07,227,3,214,8,,,,,
2026/09/18 18:03,2026-09-18T18:18:37+09:00,2026/09/24,2026/10/08,2026-10,PUT,69625,4810,,,30.02,20.15,4905,3,4560,6,,,,,
2026/09/18 18:03,2026-09-18T18:18:37+09:00,2026/09/24,2026/10/08,2026-10,CALL,69500,193,,8,23.45,23.15,241,3,231,3,23.23,92,57.5,252,09/18 17:31
2026/09/18 18:03,2026-09-18T18:18:37+09:00,2026/09/24,2026/10/08,2026-10,PUT,69500,4695,,,29.86,20.12,4795,3,4445,9,,,,,
2026/09/18 18:03,2026-09-18T18:18:37+09:00,2026/09/24,2026/10/08,2026-10,CALL,69375,207,,,25.84,23.05,345,2,243,5,,,,,
2026/09/18 18:03,2026-09-18T18:18:37+09:00,2026/09/24,2026/10/08,2026-10,PUT,69375,4585,,,29.69,20.25,4685,3,4335,6,,,,,
2026/09/18 18:03,2026-09-18T18:18:37+09:00,2026/09/24,2026/10/08,2026-10,CALL,69250,220,,,23.5,23.08,275,1,260,1,,,,,
2026/09/18 18:03,2026-09-18T18:18:37+09:00,2026/09/24,2026/10/08,2026-10,PUT,69250,4475,,,29.51,20.33,4575,2,4225,5,,,,,
2026/09/18 18:03,2026-09-18T18:18:37+09:00,2026/09/24,2026/10/08,2026-10,CALL,69125,236,,,23.46,23.05,291,1,276,5,,,,,
2026/09/18 18:03,2026-09-18T18:18:37+09:00,2026/09/24,2026/10/08,2026-10,PUT,69125,4365,,,29.42,20.39,4470,3,4115,6,,,,,
2026/09/18 18:03,2026-09-18T18:18:37+09:00,2026/09/24,2026/10/08,2026-10,CALL,69000,262,,25,23.35,23.19,305,6,299,5,23.35,43,16.41,305,09/18 17:59
2026/09/18 18:03,2026-09-18T18:18:37+09:00,2026/09/24,2026/10/08,2026-10,PUT,69000,4255,,,29.11,20.41,4355,7,4005,16,,,,,
2026/09/18 18:03,2026-09-18T18:18:37+09:00,2026/09/24,2026/10/08,2026-10,CALL,68875,267,,,23.5,23.12,330,4,315,2,,,,,
2026/09/18 18:03,2026-09-18T18:18:37+09:00,2026/09/24,2026/10/08,2026-10,PUT,68875,4145,,,28.89,20.4,4245,3,3895,6,,,,,
2026/09/18 18:03,2026-09-18T18:18:37+09:00,2026/09/24,2026/10/08,2026-10,CALL,68750,285,,1,23.49,23.12,350,4,335,4,23.14,100,40,350,09/18 17:05
2026/09/18 18:03,2026-09-18T18:18:37+09:00,2026/09/24,2026/10/08,2026-10,PUT,68750,4040,,,28.76,20.51,4140,2,3790,5,,,,,
2026/09/18 18:03,2026-09-18T18:18:37+09:00,2026/09/24,2026/10/08,2026-10,CALL,68625,305,,,23.46,23.1,370,2,355,4,,,,,
2026/09/18 18:03,2026-09-18T18:18:37+09:00,2026/09/24,2026/10/08,2026-10,PUT,68625,3935,,,28.73,20.58,4040,3,3685,6,,,,,
2026/09/18 18:03,2026-09-18T18:18:37+09:00,2026/09/24,2026/10/08,2026-10,CALL,68500,330,,24,23.41,23.18,390,7,380,4,22.94,85,25.76,415,09/18 17:21
2026/09/18 18:03,2026-09-18T18:18:37+09:00,2026/09/24,2026/10/08,2026-10,PUT,68500,3830,,,30.37,20.62,4025,3,3580,9,,,,,
2026/09/18 18:03,2026-09-18T18:18:37+09:00,2026/09/24,2026/10/08,2026-10,CALL,68375,350,,,23.45,23,415,2,395,4,,,,,
2026/09/18 18:03,2026-09-18T18:18:37+09:00,2026/09/24,2026/10/08,2026-10,PUT,68375,3725,,,28.7,20.63,3845,3,3475,6,,,,,
2026/09/18 18:03,2026-09-18T18:18:37+09:00,2026/09/24,2026/10/08,2026-10,CALL,68250,365,,,23.46,23.13,440,4,425,4,,,,,
2026/09/18 18:03,2026-09-18T18:18:37+09:00,2026/09/24,2026/10/08,2026-10,PUT,68250,3620,,,29.48,20.61,3790,2,3370,5,,,,,
2026/09/18 18:03,2026-09-18T18:18:37+09:00,2026/09/24,2026/10/08,2026-10,CALL,68125,390,,1,23.45,23.13,465,3,450,2,22.64,100,28.17,455,09/18 17:10
2026/09/18 18:03,2026-09-18T18:18:37+09:00,2026/09/24,2026/10/08,2026-10,PUT,68125,3515,,,29.45,20.56,3695,3,3265,6,,,,,
2026/09/18 18:03,2026-09-18T18:18:37+09:00,2026/09/24,2026/10/08,2026-10,CALL,68000,420,,31,23.42,23.21,490,6,480,4,23.16,60,14.29,480,09/18 17:56
2026/09/18 18:03,2026-09-18T18:18:37+09:00,2026/09/24,2026/10/08,2026-10,PUT,68000,3420,,,29.13,20.94,3585,7,3180,7,,,,,
2026/09/18 18:03,2026-09-18T18:18:37+09:00,2026/09/24,2026/10/08,2026-10,CALL,67875,440,,,23.46,23.05,520,3,500,2,,,,,
2026/09/18 18:03,2026-09-18T18:18:37+09:00,2026/09/24,2026/10/08,2026-10,PUT,67875,3320,,,28.88,20.73,3480,3,3070,6,,,,,
2026/09/18 18:03,2026-09-18T18:18:37+09:00,2026/09/24,2026/10/08,2026-10,CALL,67750,465,,,23.57,23.08,555,4,530,4,,,,,
2026/09/18 18:03,2026-09-18T18:18:37+09:00,2026/09/24,2026/10/08,2026-10,PUT,67750,3220,,,26.38,20.71,3255,2,2970,5,,,,,
2026/09/18 18:03,2026-09-18T18:18:37+09:00,2026/09/24,2026/10/08,2026-10,CALL,67625,500,,,23.56,23.08,585,3,560,2,,,,,
2026/09/18 18:03,2026-09-18T18:18:37+09:00,2026/09/24,2026/10/08,2026-10,PUT,67625,3125,,,26.41,20.77,3165,3,2875,6,,,,,
2026/09/18 18:03,2026-09-18T18:18:37+09:00,2026/09/24,2026/10/08,2026-10,CALL,67500,525,,3,23.43,23.15,610,6,595,6,22.86,160,32.99,645,09/18 17:19
2026/09/18 18:03,2026-09-18T18:18:37+09:00,2026/09/24,2026/10/08,2026-10,PUT,67500,3025,,,30.02,20.69,3275,9,2775,9,,,,,
2026/09/18 18:03,2026-09-18T18:18:37+09:00,2026/09/24,2026/10/08,2026-10,CALL,67375,555,,,23.56,23.19,650,3,630,3,,,,,
2026/09/18 18:03,2026-09-18T18:18:37+09:00,2026/09/24,2026/10/08,2026-10,PUT,67375,2935,,,26.5,20.79,2990,3,2685,6,,,,,
2026/09/18 18:03,2026-09-18T18:18:37+09:00,2026/09/24,2026/10/08,2026-10,CALL,67250,590,,,23.57,23.2,685,4,665,5,,,,,
2026/09/18 18:03,2026-09-18T18:18:37+09:00,2026/09/24,2026/10/08,2026-10,PUT,67250,2840,,,26.37,20.76,2895,2,2590,5,,,,,
2026/09/18 18:03,2026-09-18T18:18:37+09:00,2026/09/24,2026/10/08,2026-10,CALL,67125,620,,,23.65,23.1,725,2,695,2,,,,,
2026/09/18 18:03,2026-09-18T18:18:37+09:00,2026/09/24,2026/10/08,2026-10,PUT,67125,2750,,,26.49,20.8,2815,3,2500,6,,,,,
2026/09/18 18:03,2026-09-18T18:18:37+09:00,2026/09/24,2026/10/08,2026-10,CALL,67000,655,,13,23.51,23.25,755,6,740,6,23.34,140,22.4,765,09/18 17:37
2026/09/18 18:03,2026-09-18T18:18:37+09:00,2026/09/24,2026/10/08,2026-10,PUT,67000,2660,,,24.13,21.35,2595,7,2440,20,,,,,
2026/09/18 18:03,2026-09-18T18:18:37+09:00,2026/09/24,2026/10/08,2026-10,CALL,66875,695,,,23.8,23.27,810,3,780,3,,,,,
2026/09/18 18:03,2026-09-18T18:18:37+09:00,2026/09/24,2026/10/08,2026-10,PUT,66875,2575,,,26.57,20.87,2650,3,2325,6,,,,,
2026/09/18 18:03,2026-09-18T18:18:37+09:00,2026/09/24,2026/10/08,2026-10,CALL,66750,735,,,23.62,23.18,840,2,815,2,,,,,
2026/09/18 18:03,2026-09-18T18:18:37+09:00,2026/09/24,2026/10/08,2026-10,PUT,66750,2485,,,26.53,20.82,2565,2,2235,5,,,,,
2026/09/18 18:03,2026-09-18T18:18:37+09:00,2026/09/24,2026/10/08,2026-10,CALL,66625,775,,,23.76,23.16,890,3,855,3,,,,,
2026/09/18 18:03,2026-09-18T18:18:37+09:00,2026/09/24,2026/10/08,2026-10,PUT,66625,2405,,,28.9,20.91,2625,6,2155,6,,,,,
2026/09/18 18:03,2026-09-18T18:18:37+09:00,2026/09/24,2026/10/08,2026-10,CALL,66500,815,,3,23.62,23.36,925,4,910,4,23.34,175,21.34,995,09/18 17:21
2026/09/18 18:03,2026-09-18T18:18:37+09:00,2026/09/24,2026/10/08,2026-10,PUT,66500,2320,,,24.12,22.52,2260,7,2165,2,,,,,
2026/09/18 18:03,2026-09-18T18:18:37+09:00,2026/09/24,2026/10/08,2026-10,CALL,66375,860,,,23.87,23.2,985,3,945,3,,,,,
2026/09/18 18:03,2026-09-18T18:18:37+09:00,2026/09/24,2026/10/08,2026-10,PUT,66375,2240,,,24.2,22.53,2185,7,2085,1,,,,,
2026/09/18 18:03,2026-09-18T18:18:37+09:00,2026/09/24,2026/10/08,2026-10,CALL,66250,905,,,23.84,23.26,1030,3,995,3,,,,,
2026/09/18 18:03,2026-09-18T18:18:37+09:00,2026/09/24,2026/10/08,2026-10,PUT,66250,2160,,,24.42,22.35,2120,6,1995,6,,,,,
2026/09/18 18:03,2026-09-18T18:18:37+09:00,2026/09/24,2026/10/08,2026-10,CALL,66125,960,,,23.96,23.46,1085,3,1055,3,,,,,
2026/09/18 18:03,2026-09-18T18:18:37+09:00,2026/09/24,2026/10/08,2026-10,PUT,66125,2085,,1,24.45,22.64,2045,7,1935,1,23.64,,,1990,09/18 17:54
2026/09/18 18:03,2026-09-18T18:18:37+09:00,2026/09/24,2026/10/08,2026-10,CALL,66000,1005,,20,23.8,23.55,1125,4,1110,2,23.63,210,23.2,1115,09/18 17:59
2026/09/18 18:03,2026-09-18T18:18:37+09:00,2026/09/24,2026/10/08,2026-10,PUT,66000,2010,,,24.12,22.82,1950,12,1870,3,,,,,
2026/09/18 18:03,2026-09-18T18:18:37+09:00,2026/09/24,2026/10/08,2026-10,CALL,65875,1065,,,24.26,23.05,1205,2,1130,2,,,,,
2026/09/18 18:03,2026-09-18T18:18:37+09:00,2026/09/24,2026/10/08,2026-10,PUT,65875,1945,,,24.51,22.8,1900,7,1795,1,,,,,
2026/09/18 18:03,2026-09-18T18:18:37+09:00,2026/09/24,2026/10/08,2026-10,CALL,65750,1110,,,24.13,23.41,1250,2,1205,2,,,,,
2026/09/18 18:03,2026-09-18T18:18:37+09:00,2026/09/24,2026/10/08,2026-10,PUT,65750,1865,,,24.54,22.52,1830,6,1705,6,,,,,
2026/09/18 18:03,2026-09-18T18:18:37+09:00,2026/09/24,2026/10/08,2026-10,CALL,65625,1170,,,24.22,23.26,1310,3,1250,3,,,,,
2026/09/18 18:03,2026-09-18T18:18:37+09:00,2026/09/24,2026/10/08,2026-10,PUT,65625,1800,,5,24.14,23.17,1735,9,1675,9,23.9,,,1715,09/18 17:54
2026/09/18 18:03,2026-09-18T18:18:37+09:00,2026/09/24,2026/10/08,2026-10,CALL,65500,1220,,,24.04,23.8,1355,4,1340,2,,,,,
2026/09/18 18:03,2026-09-18T18:18:37+09:00,2026/09/24,2026/10/08,2026-10,PUT,65500,1725,,,23.88,23.48,1650,4,1625,2,,,,,
2026/09/18 18:03,2026-09-18T18:18:37+09:00,2026/09/24,2026/10/08,2026-10,CALL,65375,1280,,1,24.56,23.75,1445,9,1395,9,23.84,,,1405,09/18 17:54
2026/09/18 18:03,2026-09-18T18:18:37+09:00,2026/09/24,2026/10/08,2026-10,PUT,65375,1660,,,23.99,23.35,1590,3,1550,7,,,,,
2026/09/18 18:03,2026-09-18T18:18:37+09:00,2026/09/24,2026/10/08,2026-10,CALL,65250,1340,,1,25.04,23.04,1535,6,1410,6,23.78,165,12.27,1510,09/18 17:04
2026/09/18 18:03,2026-09-18T18:18:37+09:00,2026/09/24,2026/10/08,2026-10,PUT,65250,1600,,,24.24,23.52,1540,3,1495,3,,,,,
2026/09/18 18:03,2026-09-18T18:18:37+09:00,2026/09/24,2026/10/08,2026-10,CALL,65125,1415,,,25.19,23.1,1605,7,1475,7,,,,,
2026/09/18 18:03,2026-09-18T18:18:37+09:00,2026/09/24,2026/10/08,2026-10,PUT,65125,1545,,,24.47,23.5,1490,3,1430,3,,,,,
2026/09/18 18:03,2026-09-18T18:18:37+09:00,2026/09/24,2026/10/08,2026-10,CALL,65000,1420,,2,24.66,23.46,1635,3,1560,23,24.1,180,12.68,1600,09/18 18:00
2026/09/18 18:03,2026-09-18T18:18:37+09:00,2026/09/24,2026/10/08,2026-10,PUT,65000,1495,,14,24.02,23.78,1400,4,1385,2,24.1,-190,-12.18,1370,09/18 17:43
2026/09/18 18:03,2026-09-18T18:18:37+09:00,2026/09/24,2026/10/08,2026-10,CALL,64875,1535,,,25.32,23.14,1740,6,1605,6,,,,,
2026/09/18 18:03,2026-09-18T18:18:37+09:00,2026/09/24,2026/10/08,2026-10,PUT,64875,1415,,,24.59,23.7,1375,3,1320,3,,,,,
2026/09/18 18:03,2026-09-18T18:18:37+09:00,2026/09/24,2026/10/08,2026-10,CALL,64750,1600,,,25.47,23.2,1815,5,1675,5,,,,,
2026/09/18 18:03,2026-09-18T18:18:37+09:00,2026/09/24,2026/10/08,2026-10,PUT,64750,1380,,,24.33,23.85,1300,2,1270,3,,,,,
2026/09/18 18:03,2026-09-18T18:18:37+09:00,2026/09/24,2026/10/08,2026-10,CALL,64625,1675,,,25.51,23.31,1885,6,1750,6,,,,,
2026/09/18 18:03,2026-09-18T18:18:37+09:00,2026/09/24,2026/10/08,2026-10,PUT,64625,1340,,,24.61,23.88,1260,3,1215,3,,,,,
2026/09/18 18:03,2026-09-18T18:18:37+09:00,2026/09/24,2026/10/08,2026-10,CALL,64500,1740,,,25.61,23.4,1960,5,1825,5,,,,,
2026/09/18 18:03,2026-09-18T18:18:37+09:00,2026/09/24,2026/10/08,2026-10,PUT,64500,1270,,6,24.38,24.13,1190,4,1175,2,24.12,-155,-11.7,1170,09/18 17:54
2026/09/18 18:03,2026-09-18T18:18:37+09:00,2026/09/24,2026/10/08,2026-10,CALL,64375,1805,,,27.58,19.96,2150,3,1690,6,,,,,
2026/09/18 18:03,2026-09-18T18:18:37+09:00,2026/09/24,2026/10/08,2026-10,PUT,64375,1200,,,24.86,24.03,1165,2,1115,2,,,,,
2026/09/18 18:03,2026-09-18T18:18:37+09:00,2026/09/24,2026/10/08,2026-10,CALL,64250,1890,,,25.49,20.8,2095,4,1815,2,,,,,
2026/09/18 18:03,2026-09-18T18:18:37+09:00,2026/09/24,2026/10/08,2026-10,PUT,64250,1170,,,24.65,24.24,1100,2,1075,2,,,,,
2026/09/18 18:03,2026-09-18T18:18:37+09:00,2026/09/24,2026/10/08,2026-10,CALL,64125,1965,,,25.43,20.6,2165,4,1880,3,,,,,
2026/09/18 18:03,2026-09-18T18:18:37+09:00,2026/09/24,2026/10/08,2026-10,PUT,64125,1105,,,24.75,24.33,1055,2,1030,3,,,,,
2026/09/18 18:03,2026-09-18T18:18:37+09:00,2026/09/24,2026/10/08,2026-10,CALL,64000,2050,,1,26.61,23.55,2310,20,2130,20,24.34,445,23.67,2325,09/18 17:19
2026/09/18 18:03,2026-09-18T18:18:37+09:00,2026/09/24,2026/10/08,2026-10,PUT,64000,1075,,32,24.74,24.49,1005,4,990,9,24.66,-165,-14.16,1000,09/18 17:57
2026/09/18 18:03,2026-09-18T18:18:37+09:00,2026/09/24,2026/10/08,2026-10,CALL,63875,2125,,,26.42,20.26,2375,6,2020,3,,,,,
2026/09/18 18:03,2026-09-18T18:18:37+09:00,2026/09/24,2026/10/08,2026-10,PUT,63875,1030,,,24.96,24.45,970,2,940,3,,,,,
2026/09/18 18:03,2026-09-18T18:18:37+09:00,2026/09/24,2026/10/08,2026-10,CALL,63750,2210,,,26.55,20.21,2460,5,2100,2,,,,,
2026/09/18 18:03,2026-09-18T18:18:37+09:00,2026/09/24,2026/10/08,2026-10,PUT,63750,990,,,25.08,24.73,930,5,910,5,,,,,
2026/09/18 18:03,2026-09-18T18:18:37+09:00,2026/09/24,2026/10/08,2026-10,CALL,63625,2295,,,26.66,19.95,2545,6,2170,3,,,,,
2026/09/18 18:03,2026-09-18T18:18:37+09:00,2026/09/24,2026/10/08,2026-10,PUT,63625,945,,,25.16,24.81,890,2,870,3,,,,,
2026/09/18 18:03,2026-09-18T18:18:37+09:00,2026/09/24,2026/10/08,2026-10,CALL,63500,2380,,,26.74,22.24,2630,9,2380,3,,,,,
2026/09/18 18:03,2026-09-18T18:18:37+09:00,2026/09/24,2026/10/08,2026-10,PUT,63500,905,,2,25.23,24.96,850,6,835,6,24.91,-225,-22.5,775,09/18 17:16
2026/09/18 18:03,2026-09-18T18:18:37+09:00,2026/09/24,2026/10/08,2026-10,CALL,63375,2465,,,26.8,19.55,2715,6,2325,3,,,,,
2026/09/18 18:03,2026-09-18T18:18:37+09:00,2026/09/24,2026/10/08,2026-10,PUT,63375,860,,1,25.54,24.9,825,3,790,3,25.28,-140,-14.89,800,09/18 17:40
2026/09/18 18:03,2026-09-18T18:18:37+09:00,2026/09/24,2026/10/08,2026-10,CALL,63250,2550,,,26.83,19.34,2800,5,2405,2,,,,,
2026/09/18 18:03,2026-09-18T18:18:37+09:00,2026/09/24,2026/10/08,2026-10,PUT,63250,830,,,25.55,25.09,785,4,760,4,,,,,
2026/09/18 18:03,2026-09-18T18:18:37+09:00,2026/09/24,2026/10/08,2026-10,CALL,63125,2640,,,26.94,19.07,2890,6,2485,3,,,,,
2026/09/18 18:03,2026-09-18T18:18:37+09:00,2026/09/24,2026/10/08,2026-10,PUT,63125,785,,,25.64,25.17,750,2,725,3,,,,,
2026/09/18 18:03,2026-09-18T18:18:37+09:00,2026/09/24,2026/10/08,2026-10,CALL,63000,2735,,,27.11,19.18,2985,16,2585,7,,,,,
2026/09/18 18:03,2026-09-18T18:18:37+09:00,2026/09/24,2026/10/08,2026-10,PUT,63000,765,,31,25.7,25.41,715,6,700,6,25.56,-90,-11.32,705,09/18 18:01
2026/09/18 18:03,2026-09-18T18:18:37+09:00,2026/09/24,2026/10/08,2026-10,CALL,62875,2825,,,27.17,18.58,3075,6,2655,3,,,,,
2026/09/18 18:03,2026-09-18T18:18:37+09:00,2026/09/24,2026/10/08,2026-10,PUT,62875,720,,,25.83,25.44,685,2,665,3,,,,,
2026/09/18 18:03,2026-09-18T18:18:37+09:00,2026/09/24,2026/10/08,2026-10,CALL,62750,2925,,,27.4,18.37,3175,5,2745,2,,,,,
2026/09/18 18:03,2026-09-18T18:18:37+09:00,2026/09/24,2026/10/08,2026-10,PUT,62750,700,,,26.04,25.64,660,4,640,5,,,,,
2026/09/18 18:03,2026-09-18T18:18:37+09:00,2026/09/24,2026/10/08,2026-10,CALL,62625,3015,,,27.42,17.97,3265,6,2830,3,,,,,
2026/09/18 18:03,2026-09-18T18:18:37+09:00,2026/09/24,2026/10/08,2026-10,PUT,62625,665,,,26.12,25.62,630,2,605,3,,,,,
2026/09/18 18:03,2026-09-18T18:18:37+09:00,2026/09/24,2026/10/08,2026-10,CALL,62500,3115,,,27.61,17.75,3365,9,2925,3,,,,,
2026/09/18 18:03,2026-09-18T18:18:37+09:00,2026/09/24,2026/10/08,2026-10,PUT,62500,650,,61,26.19,25.88,600,6,585,7,26.14,-55,-8.46,595,09/18 18:01
2026/09/18 18:03,2026-09-18T18:18:37+09:00,2026/09/24,2026/10/08,2026-10,CALL,62375,3205,,,27.58,17.76,3455,6,3030,3,,,,,
2026/09/18 18:03,2026-09-18T18:18:37+09:00,2026/09/24,2026/10/08,2026-10,PUT,62375,610,,,26.44,25.92,580,2,555,3,,,,,
2026/09/18 18:03,2026-09-18T18:18:37+09:00,2026/09/24,2026/10/08,2026-10,CALL,62250,3310,,,27.84,17.26,3560,5,3120,2,,,,,
2026/09/18 18:03,2026-09-18T18:18:37+09:00,2026/09/24,2026/10/08,2026-10,PUT,62250,585,,,26.57,26.14,555,4,535,4,,,,,
2026/09/18 18:03,2026-09-18T18:18:37+09:00,2026/09/24,2026/10/08,2026-10,CALL,62125,3410,,,27.97,16.64,3660,6,3210,3,,,,,
2026/09/18 18:03,2026-09-18T18:18:37+09:00,2026/09/24,2026/10/08,2026-10,PUT,62125,560,,,26.68,26.24,530,2,510,2,,,,,
2026/09/18 18:03,2026-09-18T18:18:37+09:00,2026/09/24,2026/10/08,2026-10,CALL,62000,3510,,,28.08,16.24,3760,7,3310,7,,,,,
2026/09/18 18:03,2026-09-18T18:18:37+09:00,2026/09/24,2026/10/08,2026-10,PUT,62000,555,,17,26.76,26.42,505,6,490,7,26.43,-80,-14.41,475,09/18 17:47
2026/09/18 18:03,2026-09-18T18:18:37+09:00,2026/09/24,2026/10/08,2026-10,CALL,61875,3610,,,28.18,15.7,3860,3,3410,3,,,,,
2026/09/18 18:03,2026-09-18T18:18:37+09:00,2026/09/24,2026/10/08,2026-10,PUT,61875,510,,,26.94,26.59,485,2,470,2,,,,,
2026/09/18 18:03,2026-09-18T18:18:37+09:00,2026/09/24,2026/10/08,2026-10,CALL,61750,3715,,,28.36,14.98,3965,2,3510,2,,,,,
2026/09/18 18:03,2026-09-18T18:18:37+09:00,2026/09/24,2026/10/08,2026-10,PUT,61750,490,,,27.09,26.74,465,4,450,4,,,,,
2026/09/18 18:03,2026-09-18T18:18:37+09:00,2026/09/24,2026/10/08,2026-10,CALL,61625,3820,,,28.53,14.26,4070,3,3615,3,,,,,
2026/09/18 18:03,2026-09-18T18:18:37+09:00,2026/09/24,2026/10/08,2026-10,PUT,61625,465,,,27.23,26.87,445,2,430,2,,,,,
2026/09/18 18:03,2026-09-18T18:18:37+09:00,2026/09/24,2026/10/08,2026-10,CALL,61500,3920,,,28.56,11.37,4170,3,3705,3,,,,,
2026/09/18 18:03,2026-09-18T18:18:37+09:00,2026/09/24,2026/10/08,2026-10,PUT,61500,450,,1,27.23,26.98,420,4,410,7,27.16,-80,-16.49,405,09/18 17:29
2026/09/18 18:03,2026-09-18T18:18:37+09:00,2026/09/24,2026/10/08,2026-10,CALL,61375,4030,,,28.81,,4280,3,3805,3,,,,,
2026/09/18 18:03,2026-09-18T18:18:37+09:00,2026/09/24,2026/10/08,2026-10,PUT,61375,425,,,27.45,27.07,405,2,390,4,,,,,
2026/09/18 18:03,2026-09-18T18:18:37+09:00,2026/09/24,2026/10/08,2026-10,CALL,61250,4135,,,28.92,,4385,2,3925,2,,,,,
2026/09/18 18:03,2026-09-18T18:18:37+09:00,2026/09/24,2026/10/08,2026-10,PUT,61250,410,,,27.66,27.27,390,4,375,4,,,,,
2026/09/18 18:03,2026-09-18T18:18:37+09:00,2026/09/24,2026/10/08,2026-10,CALL,61125,4245,,,29.15,,4495,3,4030,3,,,,,
2026/09/18 18:03,2026-09-18T18:18:37+09:00,2026/09/24,2026/10/08,2026-10,PUT,61125,390,,,27.85,27.45,375,2,360,2,,,,,
2026/09/18 18:03,2026-09-18T18:18:37+09:00,2026/09/24,2026/10/08,2026-10,CALL,61000,4350,,,29.22,,4600,3,4135,7,,,,,
2026/09/18 18:03,2026-09-18T18:18:37+09:00,2026/09/24,2026/10/08,2026-10,PUT,61000,390,,25,27.89,27.62,355,6,345,7,27.8,-40,-10.26,350,09/18 18:02
2026/09/18 18:03,2026-09-18T18:18:37+09:00,2026/09/24,2026/10/08,2026-10,CALL,60875,4460,,,34.5,,4915,3,4245,3,,,,,
2026/09/18 18:03,2026-09-18T18:18:37+09:00,2026/09/24,2026/10/08,2026-10,PUT,60875,355,,,28.05,27.77,340,2,330,2,,,,,
2026/09/18 18:03,2026-09-18T18:18:37+09:00,2026/09/24,2026/10/08,2026-10,CALL,60750,4575,,,29.72,,4825,2,4355,2,,,,,
2026/09/18 18:03,2026-09-18T18:18:37+09:00,2026/09/24,2026/10/08,2026-10,PUT,60750,340,,,28.19,27.9,325,4,315,4,,,,,
2026/09/18 18:03,2026-09-18T18:18:37+09:00,2026/09/24,2026/10/08,2026-10,CALL,60625,4680,,,35.52,,5155,5,4465,3,,,,,
2026/09/18 18:03,2026-09-18T18:18:37+09:00,2026/09/24,2026/10/08,2026-10,PUT,60625,325,,,28.45,28.01,315,2,300,2,,,,,
2026/09/18 18:03,2026-09-18T18:18:37+09:00,2026/09/24,2026/10/08,2026-10,CALL,60500,4795,,,30.03,,5045,2,4565,3,,,,,
2026/09/18 18:03,2026-09-18T18:18:37+09:00,2026/09/24,2026/10/08,2026-10,PUT,60500,315,,3,28.56,28.25,300,3,290,3,28.19,-62,-17.97,283,09/18 17:52
2026/09/18 18:03,2026-09-18T18:18:37+09:00,2026/09/24,2026/10/08,2026-10,CALL,60375,4905,,,35.78,,5365,3,4690,3,,,,,
2026/09/18 18:03,2026-09-18T18:18:37+09:00,2026/09/24,2026/10/08,2026-10,PUT,60375,300,,,28.74,28.33,288,4,275,5,,,,,
2026/09/18 18:03,2026-09-18T18:18:37+09:00,2026/09/24,2026/10/08,2026-10,CALL,60250,5020,,,40.02,,5640,2,4800,2,,,,,
2026/09/18 18:03,2026-09-18T18:18:37+09:00,2026/09/24,2026/10/08,2026-10,PUT,60250,287,,,28.9,28.55,276,4,265,3,,,,,
2026/09/18 18:03,2026-09-18T18:18:37+09:00,2026/09/24,2026/10/08,2026-10,CALL,60125,5130,,,35.72,,5565,3,4915,3,,,,,
2026/09/18 18:03,2026-09-18T18:18:37+09:00,2026/09/24,2026/10/08,2026-10,PUT,60125,273,,,29.08,28.65,265,8,252,8,,,,,
2026/09/18 18:03,2026-09-18T18:18:37+09:00,2026/09/24,2026/10/08,2026-10,CALL,60000,5245,,,39.74,,5825,7,5020,7,,,,,
2026/09/18 18:03,2026-09-18T18:18:37+09:00,2026/09/24,2026/10/08,2026-10,PUT,60000,274,,94,29.18,29.01,252,1,247,1,29.11,-25,-9.12,249,09/18 18:01
2026/09/18 18:03,2026-09-18T18:18:37+09:00,2026/09/24,2026/10/08,2026-10,CALL,59875,5360,,,37.44,,5835,1,5110,4,,,,,
2026/09/18 18:03,2026-09-18T18:18:37+09:00,2026/09/24,2026/10/08,2026-10,PUT,59875,251,,,29.43,29.04,244,6,233,3,,,,,
2026/09/18 18:03,2026-09-18T18:18:37+09:00,2026/09/24,2026/10/08,2026-10,CALL,59750,5475,,,41.24,,6085,1,5225,4,,,,,
2026/09/18 18:03,2026-09-18T18:18:37+09:00,2026/09/24,2026/10/08,2026-10,PUT,59750,241,,4,29.63,29.24,235,8,224,3,29,-69,-25.65,200,09/18 17:22
2026/09/18 18:03,2026-09-18T18:18:37+09:00,2026/09/24,2026/10/08,2026-10,CALL,59625,5590,,,40.22,,6145,1,5340,4,,,,,
2026/09/18 18:03,2026-09-18T18:18:37+09:00,2026/09/24,2026/10/08,2026-10,PUT,59625,223,,,29.82,29.38,226,3,214,3,,,,,
2026/09/18 18:03,2026-09-18T18:18:37+09:00,2026/09/24,2026/10/08,2026-10,CALL,59500,5705,,,40.57,,6260,6,5460,2,,,,,
2026/09/18 18:03,2026-09-18T18:18:37+09:00,2026/09/24,2026/10/08,2026-10,PUT,59500,223,,,29.89,29.58,214,1,206,3,,,,,
2026/09/18 18:03,2026-09-18T18:18:37+09:00,2026/09/24,2026/10/08,2026-10,CALL,59375,5825,,,36.58,,6220,1,5580,1,,,,,
2026/09/18 18:03,2026-09-18T18:18:37+09:00,2026/09/24,2026/10/08,2026-10,PUT,59375,206,,,30.17,29.74,208,8,197,3,,,,,
2026/09/18 18:03,2026-09-18T18:18:37+09:00,2026/09/24,2026/10/08,2026-10,CALL,59250,5940,,,42.44,,6535,1,5690,4,,,,,
2026/09/18 18:03,2026-09-18T18:18:37+09:00,2026/09/24,2026/10/08,2026-10,PUT,59250,204,,,30.36,29.95,200,8,190,3,,,,,
2026/09/18 18:03,2026-09-18T18:18:37+09:00,2026/09/24,2026/10/08,2026-10,CALL,59125,6055,,,41.72,,6610,1,5805,3,,,,,
2026/09/18 18:03,2026-09-18T18:18:37+09:00,2026/09/24,2026/10/08,2026-10,PUT,59125,195,,,30.53,30.16,192,8,183,3,,,,,
2026/09/18 18:03,2026-09-18T18:18:37+09:00,2026/09/24,2026/10/08,2026-10,CALL,59000,6175,,,40.64,,6675,9,5945,12,,,,,
2026/09/18 18:03,2026-09-18T18:18:37+09:00,2026/09/24,2026/10/08,2026-10,PUT,59000,188,,26,30.65,30.4,183,3,177,3,30.6,-19,-9.5,181,09/18 18:01
2026/09/18 18:03,2026-09-18T18:18:37+09:00,2026/09/24,2026/10/08,2026-10,CALL,58875,6290,,,45.07,,6940,3,6040,4,,,,,
2026/09/18 18:03,2026-09-18T18:18:37+09:00,2026/09/24,2026/10/08,2026-10,PUT,58875,175,,,30.93,30.49,178,8,168,3,,,,,
2026/09/18 18:03,2026-09-18T18:18:37+09:00,2026/09/24,2026/10/08,2026-10,CALL,58750,6410,,,38.95,,6830,1,6200,1,,,,,
2026/09/18 18:03,2026-09-18T18:18:37+09:00,2026/09/24,2026/10/08,2026-10,PUT,58750,174,,4,31.11,30.71,171,5,162,3,30.86,-29,-16.2,150,09/18 17:18
2026/09/18 18:03,2026-09-18T18:18:37+09:00,2026/09/24,2026/10/08,2026-10,CALL,58625,6530,,,45.08,,7145,1,6320,1,,,,,
2026/09/18 18:03,2026-09-18T18:18:37+09:00,2026/09/24,2026/10/08,2026-10,PUT,58625,166,,,31.33,30.86,165,8,155,3,,,,,
2026/09/18 18:03,2026-09-18T18:18:37+09:00,2026/09/24,2026/10/08,2026-10,CALL,58500,6650,,,38.43,,7030,2,6400,8,,,,,
2026/09/18 18:03,2026-09-18T18:18:37+09:00,2026/09/24,2026/10/08,2026-10,PUT,58500,161,,4,31.39,31.05,156,3,149,3,31.16,-28,-16.67,140,09/18 17:23
2026/09/18 18:03,2026-09-18T18:18:37+09:00,2026/09/24,2026/10/08,2026-10,CALL,58375,6765,,,44.16,,7320,1,6515,4,,,,,
2026/09/18 18:03,2026-09-18T18:18:37+09:00,2026/09/24,2026/10/08,2026-10,PUT,58375,151,,1,31.72,31.23,153,9,143,7,31.52,-92,-38.98,144,09/18 17:00
2026/09/18 18:03,2026-09-18T18:18:37+09:00,2026/09/24,2026/10/08,2026-10,CALL,58250,6885,,,41.51,,7340,3,6635,4,,,,,
2026/09/18 18:03,2026-09-18T18:18:37+09:00,2026/09/24,2026/10/08,2026-10,PUT,58250,149,,,31.95,31.44,148,5,138,5,,,,,
2026/09/18 18:03,2026-09-18T18:18:37+09:00,2026/09/24,2026/10/08,2026-10,CALL,58000,7125,,,39.72,,7505,3,6875,12,,,,,
2026/09/18 18:03,2026-09-18T18:18:37+09:00,2026/09/24,2026/10/08,2026-10,PUT,58000,142,,49,32.23,31.96,135,2,130,1,32.19,-10,-7.04,132,09/18 17:42
2026/09/18 18:03,2026-09-18T18:18:37+09:00,2026/09/24,2026/10/08,2026-10,CALL,57750,7365,,,49.46,,8025,1,7115,4,,,,,
2026/09/18 18:03,2026-09-18T18:18:37+09:00,2026/09/24,2026/10/08,2026-10,PUT,57750,129,,,32.66,32.26,126,1,119,5,,,,,
2026/09/18 18:03,2026-09-18T18:18:37+09:00,2026/09/24,2026/10/08,2026-10,CALL,57500,7610,,,50.52,,8270,2,7360,8,,,,,
2026/09/18 18:03,2026-09-18T18:18:37+09:00,2026/09/24,2026/10/08,2026-10,PUT,57500,121,,3,33.06,32.82,117,3,113,1,32.81,-19,-14.62,111,09/18 17:40
2026/09/18 18:03,2026-09-18T18:18:37+09:00,2026/09/24,2026/10/08,2026-10,CALL,57250,7850,,,48.17,,8405,1,7600,4,,,,,
2026/09/18 18:03,2026-09-18T18:18:37+09:00,2026/09/24,2026/10/08,2026-10,PUT,57250,113,,,33.61,33.23,111,1,105,5,,,,,
2026/09/18 18:03,2026-09-18T18:18:37+09:00,2026/09/24,2026/10/08,2026-10,CALL,57000,8095,,,45.15,,8535,3,7845,12,,,,,
2026/09/18 18:03,2026-09-18T18:18:37+09:00,2026/09/24,2026/10/08,2026-10,PUT,57000,111,,12,33.93,33.73,102,1,99,1,33.73,-12,-10.81,99,09/18 17:59
2026/09/18 18:03,2026-09-18T18:18:37+09:00,2026/09/24,2026/10/08,2026-10,CALL,56750,8335,,,46.43,,8790,1,8085,4,,,,,
2026/09/18 18:03,2026-09-18T18:18:37+09:00,2026/09/24,2026/10/08,2026-10,PUT,56750,99,,,34.48,34.13,97,1,92,5,,,,,
2026/09/18 18:03,2026-09-18T18:18:37+09:00,2026/09/24,2026/10/08,2026-10,CALL,56500,8580,,,52.13,,9170,4,8330,6,,,,,
2026/09/18 18:03,2026-09-18T18:18:37+09:00,2026/09/24,2026/10/08,2026-10,PUT,56500,93,,,34.87,34.56,90,2,86,3,,,,,
2026/09/18 18:03,2026-09-18T18:18:37+09:00,2026/09/24,2026/10/08,2026-10,CALL,56250,8825,,,45.57,,9215,1,8580,1,,,,,
2026/09/18 18:03,2026-09-18T18:18:37+09:00,2026/09/24,2026/10/08,2026-10,PUT,56250,88,,,35.44,35.05,86,1,81,5,,,,,
2026/09/18 18:03,2026-09-18T18:18:37+09:00,2026/09/24,2026/10/08,2026-10,CALL,56000,9070,,,48.92,,9520,3,8865,12,,,,,
2026/09/18 18:03,2026-09-18T18:18:37+09:00,2026/09/24,2026/10/08,2026-10,PUT,56000,85,,71,35.59,35.5,77,2,76,1,35.61,-8,-9.41,77,09/18 18:01
2026/09/18 18:03,2026-09-18T18:18:37+09:00,2026/09/24,2026/10/08,2026-10,CALL,55750,9315,,,54.55,,9890,1,9065,3,,,,,
2026/09/18 18:03,2026-09-18T18:18:37+09:00,2026/09/24,2026/10/08,2026-10,PUT,55750,78,,,36.37,36.01,76,1,72,5,,,,,
2026/09/18 18:03,2026-09-18T18:18:37+09:00,2026/09/24,2026/10/08,2026-10,CALL,55500,9560,,,56.77,,10170,2,9310,8,,,,,
2026/09/18 18:03,2026-09-18T18:18:37+09:00,2026/09/24,2026/10/08,2026-10,PUT,55500,76,,5,36.69,36.51,70,2,68,11,36.63,-7,-9.21,69,09/18 18:02
2026/09/18 18:03,2026-09-18T18:18:37+09:00,2026/09/24,2026/10/08,2026-10,CALL,55250,9805,,,53.2,,10295,1,9555,4,,,,,
2026/09/18 18:03,2026-09-18T18:18:37+09:00,2026/09/24,2026/10/08,2026-10,PUT,55250,70,,,37.36,36.87,68,1,63,5,,,,,
2026/09/18 18:03,2026-09-18T18:18:37+09:00,2026/09/24,2026/10/08,2026-10,CALL,55000,10055,,,,,,,,,,,,,
2026/09/18 18:03,2026-09-18T18:18:37+09:00,2026/09/24,2026/10/08,2026-10,PUT,55000,66,,35,37.72,37.52,63,2,61,15,37.62,-4,-6.06,62,09/18 17:59
2026/09/18 18:03,2026-09-18T18:18:37+09:00,2026/09/24,2026/10/08,2026-10,CALL,54750,10300,,,,,,,,,,,,,
2026/09/18 18:03,2026-09-18T18:18:37+09:00,2026/09/24,2026/10/08,2026-10,PUT,54750,63,,,38.57,34.82,63,1,33,5,,,,,
2026/09/18 18:03,2026-09-18T18:18:37+09:00,2026/09/24,2026/10/08,2026-10,CALL,54500,10545,,,,,,,,,,,,,
2026/09/18 18:03,2026-09-18T18:18:37+09:00,2026/09/24,2026/10/08,2026-10,PUT,54500,60,,6,38.77,38.31,57,1,53,8,38.92,-6,-9.68,56,09/18 17:36
2026/09/18 18:03,2026-09-18T18:18:37+09:00,2026/09/24,2026/10/08,2026-10,CALL,54250,10795,,,,,,,,,,,,,
2026/09/18 18:03,2026-09-18T18:18:37+09:00,2026/09/24,2026/10/08,2026-10,PUT,54250,55,,,39.39,38.91,55,10,51,5,,,,,
2026/09/18 18:03,2026-09-18T18:18:37+09:00,2026/09/24,2026/10/08,2026-10,CALL,54000,11040,,,,,,,,,,,,,
2026/09/18 18:03,2026-09-18T18:18:37+09:00,2026/09/24,2026/10/08,2026-10,PUT,54000,56,,25,39.74,39.49,51,1,49,1,39.82,-6,-10.71,50,09/18 17:45
2026/09/18 18:03,2026-09-18T18:18:37+09:00,2026/09/24,2026/10/08,2026-10,CALL,53750,11290,,,,,,,,,,,,,
2026/09/18 18:03,2026-09-18T18:18:37+09:00,2026/09/24,2026/10/08,2026-10,PUT,53750,50,,,40.45,39.93,50,1,46,5,,,,,
2026/09/18 18:03,2026-09-18T18:18:37+09:00,2026/09/24,2026/10/08,2026-10,CALL,53500,11535,,,,,,,,,,,,,
2026/09/18 18:03,2026-09-18T18:18:37+09:00,2026/09/24,2026/10/08,2026-10,PUT,53500,49,,23,41.02,40.48,48,13,44,1,40.8,-4,-8.16,45,09/18 17:29
2026/09/18 18:03,2026-09-18T18:18:37+09:00,2026/09/24,2026/10/08,2026-10,CALL,53250,11785,,,,,,,,,,,,,
2026/09/18 18:03,2026-09-18T18:18:37+09:00,2026/09/24,2026/10/08,2026-10,PUT,53250,46,,,41.58,40.86,46,1,41,5,,,,,
2026/09/18 18:03,2026-09-18T18:18:37+09:00,2026/09/24,2026/10/08,2026-10,CALL,53000,12030,,,,,,,,,,,,,
2026/09/18 18:03,2026-09-18T18:18:37+09:00,2026/09/24,2026/10/08,2026-10,PUT,53000,45,,22,41.68,41.53,41,2,40,12,41.64,-7,-14.58,41,09/18 17:58
2026/09/18 18:03,2026-09-18T18:18:37+09:00,2026/09/24,2026/10/08,2026-10,CALL,52750,12280,,,,,,,,,,,,,
2026/09/18 18:03,2026-09-18T18:18:37+09:00,2026/09/24,2026/10/08,2026-10,PUT,52750,42,,,42.66,41.87,42,5,37,5,,,,,
2026/09/18 18:03,2026-09-18T18:18:37+09:00,2026/09/24,2026/10/08,2026-10,CALL,52500,12525,,,,,,,,,,,,,
2026/09/18 18:03,2026-09-18T18:18:37+09:00,2026/09/24,2026/10/08,2026-10,PUT,52500,40,,,46.68,41.99,66,32,33,26,,,,,
2026/09/18 18:03,2026-09-18T18:18:37+09:00,2026/09/24,2026/10/08,2026-10,CALL,52250,12775,,,,,,,,,,,,,
2026/09/18 18:03,2026-09-18T18:18:37+09:00,2026/09/24,2026/10/08,2026-10,PUT,52250,38,,,47.56,38.89,66,22,16,22,,,,,
2026/09/18 18:03,2026-09-18T18:18:37+09:00,2026/09/24,2026/10/08,2026-10,CALL,52000,13025,,,,,,,,,,,,,
2026/09/18 18:03,2026-09-18T18:18:37+09:00,2026/09/24,2026/10/08,2026-10,PUT,52000,41,,21,43.79,43.22,34,6,31,12,43.76,-7,-17.07,34,09/18 17:55
2026/09/18 18:03,2026-09-18T18:18:37+09:00,2026/09/24,2026/10/08,2026-10,CALL,51750,13270,,,,,,,,,,,,,
2026/09/18 18:03,2026-09-18T18:18:37+09:00,2026/09/24,2026/10/08,2026-10,PUT,51750,35,,,49.32,43.2,66,22,27,5,,,,,
2026/09/18 18:03,2026-09-18T18:18:37+09:00,2026/09/24,2026/10/08,2026-10,CALL,51500,13520,,,,,,,,,,,,,
2026/09/18 18:03,2026-09-18T18:18:37+09:00,2026/09/24,2026/10/08,2026-10,PUT,51500,34,,,49.57,44.43,61,32,29,8,,,,,
2026/09/18 18:03,2026-09-18T18:18:37+09:00,2026/09/24,2026/10/08,2026-10,CALL,51250,13770,,,,,,,,,,,,,
2026/09/18 18:03,2026-09-18T18:18:37+09:00,2026/09/24,2026/10/08,2026-10,PUT,51250,33,,,50.05,38.7,58,22,8,22,,,,,
2026/09/18 18:03,2026-09-18T18:18:37+09:00,2026/09/24,2026/10/08,2026-10,CALL,51000,14020,,,,,,,,,,,,,
2026/09/18 18:03,2026-09-18T18:18:37+09:00,2026/09/24,2026/10/08,2026-10,PUT,51000,32,,1,50.08,45.6,52,15,27,1,46.18,-4,-12.12,29,09/18 17:53
2026/09/18 18:03,2026-09-18T18:18:37+09:00,2026/09/24,2026/10/08,2026-10,CALL,50750,14265,,,,,,,,,,,,,
2026/09/18 18:03,2026-09-18T18:18:37+09:00,2026/09/24,2026/10/08,2026-10,PUT,50750,30,,,49.69,38.93,44,22,6,22,,,,,
2026/09/18 18:03,2026-09-18T18:18:37+09:00,2026/09/24,2026/10/08,2026-10,CALL,50500,14515,,,,,,,,,,,,,
2026/09/18 18:03,2026-09-18T18:18:37+09:00,2026/09/24,2026/10/08,2026-10,PUT,50500,28,,4,47.67,45.97,29,26,22,26,47.11,-6,-19.35,25,09/18 17:25
2026/09/18 18:03,2026-09-18T18:18:37+09:00,2026/09/24,2026/10/08,2026-10,CALL,50250,14765,,,,,,,,,,,,,
2026/09/18 18:03,2026-09-18T18:18:37+09:00,2026/09/24,2026/10/08,2026-10,PUT,50250,28,,,48.03,43.87,27,8,13,22,,,,,
2026/09/18 18:03,2026-09-18T18:18:37+09:00,2026/09/24,2026/10/08,2026-10,CALL,50000,15010,,,,,,,,,,,,,
2026/09/18 18:03,2026-09-18T18:18:37+09:00,2026/09/24,2026/10/08,2026-10,PUT,50000,27,,32,48.6,47.83,26,15,23,6,48.09,-3,-11.11,24,09/18 17:59
2026/09/18 18:03,2026-09-18T18:18:37+09:00,2026/09/24,2026/10/08,2026-10,CALL,49750,15260,,,,,,,,,,,,,
2026/09/18 18:03,2026-09-18T18:18:37+09:00,2026/09/24,2026/10/08,2026-10,PUT,49750,26,,,50.8,46.5,32,8,16,8,,,,,
2026/09/18 18:03,2026-09-18T18:18:37+09:00,2026/09/24,2026/10/08,2026-10,CALL,49500,15510,,,,,,,,,,,,,
2026/09/18 18:03,2026-09-18T18:18:37+09:00,2026/09/24,2026/10/08,2026-10,PUT,49500,25,,,51.41,46.92,31,11,15,11,,,,,
2026/09/18 18:03,2026-09-18T18:18:37+09:00,2026/09/24,2026/10/08,2026-10,CALL,49250,15760,,,,,,,,,,,,,
2026/09/18 18:03,2026-09-18T18:18:37+09:00,2026/09/24,2026/10/08,2026-10,PUT,49250,23,,3,52.02,48.06,30,8,16,22,49.92,,,21,09/18 17:04
2026/09/18 18:03,2026-09-18T18:18:37+09:00,2026/09/24,2026/10/08,2026-10,CALL,49000,16005,,,,,,,,,,,,,
2026/09/18 18:03,2026-09-18T18:18:37+09:00,2026/09/24,2026/10/08,2026-10,PUT,49000,22,,6,51.06,49.86,23,19,19,1,50.26,-2,-9.09,20,09/18 17:40
2026/09/18 18:03,2026-09-18T18:18:37+09:00,2026/09/24,2026/10/08,2026-10,CALL,48750,16255,,,,,,,,,,,,,
2026/09/18 18:03,2026-09-18T18:18:37+09:00,2026/09/24,2026/10/08,2026-10,PUT,48750,21,,,53.21,48.44,28,8,13,8,,,,,
2026/09/18 18:03,2026-09-18T18:18:37+09:00,2026/09/24,2026/10/08,2026-10,CALL,48500,16505,,,,,,,,,,,,,
2026/09/18 18:03,2026-09-18T18:18:37+09:00,2026/09/24,2026/10/08,2026-10,PUT,48500,21,,4,51.79,50.41,20,6,16,1,49.36,-16,-57.14,12,09/18 17:20
2026/09/18 18:03,2026-09-18T18:18:37+09:00,2026/09/24,2026/10/08,2026-10,CALL,48250,16755,,,,,,,,,,,,,
2026/09/18 18:03,2026-09-18T18:18:37+09:00,2026/09/24,2026/10/08,2026-10,PUT,48250,20,,,52.6,49.99,20,5,13,22,,,,,
2026/09/18 18:03,2026-09-18T18:18:37+09:00,2026/09/24,2026/10/08,2026-10,CALL,48000,17000,,,,,,,,,,,,,
2026/09/18 18:03,2026-09-18T18:18:37+09:00,2026/09/24,2026/10/08,2026-10,PUT,48000,19,,10,52,51.2,16,5,14,12,52.09,-3,-15.79,16,09/18 17:42
2026/09/18 18:03,2026-09-18T18:18:37+09:00,2026/09/24,2026/10/08,2026-10,CALL,47750,17250,,,,,,,,,,,,,
2026/09/18 18:03,2026-09-18T18:18:37+09:00,2026/09/24,2026/10/08,2026-10,PUT,47750,18,,,55.46,50.08,24,8,10,8,,,,,
2026/09/18 18:03,2026-09-18T18:18:37+09:00,2026/09/24,2026/10/08,2026-10,CALL,47500,17500,,,,,,,,,,,,,
2026/09/18 18:03,2026-09-18T18:18:37+09:00,2026/09/24,2026/10/08,2026-10,PUT,47500,17,,1,56.3,46.37,24,11,4,32,53.31,,,15,09/18 17:38
2026/09/18 18:03,2026-09-18T18:18:37+09:00,2026/09/24,2026/10/08,2026-10,CALL,47250,17750,,,,,,,,,,,,,
2026/09/18 18:03,2026-09-18T18:18:37+09:00,2026/09/24,2026/10/08,2026-10,PUT,47250,17,,,56.84,47.08,23,8,4,22,,,,,
2026/09/18 18:03,2026-09-18T18:18:37+09:00,2026/09/24,2026/10/08,2026-10,CALL,47000,18000,,,,,,,,,,,,,
2026/09/18 18:03,2026-09-18T18:18:37+09:00,2026/09/24,2026/10/08,2026-10,PUT,47000,15,,,55.21,53.92,16,4,13,1,,,,,
2026/09/18 18:03,2026-09-18T18:18:37+09:00,2026/09/24,2026/10/08,2026-10,CALL,46750,18250,,,,,,,,,,,,,
2026/09/18 18:03,2026-09-18T18:18:37+09:00,2026/09/24,2026/10/08,2026-10,PUT,46750,15,,,58.2,48.52,22,8,4,22,,,,,
2026/09/18 18:03,2026-09-18T18:18:37+09:00,2026/09/24,2026/10/08,2026-10,CALL,46500,18495,,,,,,,,,,,,,
2026/09/18 18:03,2026-09-18T18:18:37+09:00,2026/09/24,2026/10/08,2026-10,PUT,46500,15,,1,58.71,49.24,21,11,4,32,56.15,-2,-12.5,14,09/18 17:00
2026/09/18 18:03,2026-09-18T18:18:37+09:00,2026/09/24,2026/10/08,2026-10,CALL,46250,18745,,,,,,,,,,,,,
2026/09/18 18:03,2026-09-18T18:18:37+09:00,2026/09/24,2026/10/08,2026-10,PUT,46250,14,,,59.2,51.02,20,8,5,8,,,,,
2026/09/18 18:03,2026-09-18T18:18:37+09:00,2026/09/24,2026/10/08,2026-10,CALL,46000,18995,,,,,,,,,,,,,
2026/09/18 18:03,2026-09-18T18:18:37+09:00,2026/09/24,2026/10/08,2026-10,PUT,46000,13,,3,56.62,55.52,12,17,10,1,57.09,-2,-14.29,12,09/18 17:18
2026/09/18 18:03,2026-09-18T18:18:37+09:00,2026/09/24,2026/10/08,2026-10,CALL,45750,19245,,,,,,,,,,,,,
2026/09/18 18:03,2026-09-18T18:18:37+09:00,2026/09/24,2026/10/08,2026-10,PUT,45750,12,,,57.43,55.69,12,15,9,20,,,,,
2026/09/18 18:03,2026-09-18T18:18:37+09:00,2026/09/24,2026/10/08,2026-10,CALL,45500,19495,,,,,,,,,,,,,
2026/09/18 18:03,2026-09-18T18:18:37+09:00,2026/09/24,2026/10/08,2026-10,PUT,45500,13,,,58.24,56.47,12,15,9,23,,,,,
2026/09/18 18:03,2026-09-18T18:18:37+09:00,2026/09/24,2026/10/08,2026-10,CALL,45250,19745,,,,,,,,,,,,,
2026/09/18 18:03,2026-09-18T18:18:37+09:00,2026/09/24,2026/10/08,2026-10,PUT,45250,12,,,58.49,57.26,11,15,9,20,,,,,
2026/09/18 18:03,2026-09-18T18:18:37+09:00,2026/09/24,2026/10/08,2026-10,CALL,45000,19995,,,,,,,,,,,,,
2026/09/18 18:03,2026-09-18T18:18:37+09:00,2026/09/24,2026/10/08,2026-10,PUT,45000,11,,26,58.7,57.36,10,21,8,70,58.95,-2,-16.67,10,09/18 17:35
2026/09/18 18:03,2026-09-18T18:18:37+09:00,2026/09/24,2026/10/08,2026-10,CALL,44750,20240,,,,,,,,,,,,,
2026/09/18 18:03,2026-09-18T18:18:37+09:00,2026/09/24,2026/10/08,2026-10,PUT,44750,11,,,60.12,58.15,11,15,8,20,,,,,
2026/09/18 18:03,2026-09-18T18:18:37+09:00,2026/09/24,2026/10/08,2026-10,CALL,44500,20490,,,,,,,,,,,,,
2026/09/18 18:03,2026-09-18T18:18:37+09:00,2026/09/24,2026/10/08,2026-10,PUT,44500,10,,,59.66,58.94,9,21,8,23,,,,,
2026/09/18 18:03,2026-09-18T18:18:37+09:00,2026/09/24,2026/10/08,2026-10,CALL,44250,20740,,,,,,,,,,,,,
2026/09/18 18:03,2026-09-18T18:18:37+09:00,2026/09/24,2026/10/08,2026-10,PUT,44250,10,,,61.13,58.95,10,15,7,20,,,,,
2026/09/18 18:03,2026-09-18T18:18:37+09:00,2026/09/24,2026/10/08,2026-10,CALL,44000,20990,,,,,,,,,,,,,
2026/09/18 18:03,2026-09-18T18:18:37+09:00,2026/09/24,2026/10/08,2026-10,PUT,44000,10,,2,60.54,59.74,8,2,7,25,59.9,-3,-30,7,09/18 17:05
2026/09/18 18:03,2026-09-18T18:18:37+09:00,2026/09/24,2026/10/08,2026-10,CALL,43750,21240,,,,,,,,,,,,,
2026/09/18 18:03,2026-09-18T18:18:37+09:00,2026/09/24,2026/10/08,2026-10,PUT,43750,10,,2,61.35,60.54,8,17,7,15,61.43,,,8,09/18 17:41
2026/09/18 18:03,2026-09-18T18:18:37+09:00,2026/09/24,2026/10/08,2026-10,CALL,43500,21490,,,,,,,,,,,,,
2026/09/18 18:03,2026-09-18T18:18:37+09:00,2026/09/24,2026/10/08,2026-10,PUT,43500,9,,,62.91,60.42,9,15,6,23,,,,,
2026/09/18 18:03,2026-09-18T18:18:37+09:00,2026/09/24,2026/10/08,2026-10,CALL,43250,21740,,,,,,,,,,,,,
2026/09/18 18:03,2026-09-18T18:18:37+09:00,2026/09/24,2026/10/08,2026-10,PUT,43250,9,,,63.73,61.21,9,15,6,20,,,,,
2026/09/18 18:03,2026-09-18T18:18:37+09:00,2026/09/24,2026/10/08,2026-10,CALL,43000,21990,,,,,,,,,,,,,
2026/09/18 18:03,2026-09-18T18:18:37+09:00,2026/09/24,2026/10/08,2026-10,PUT,43000,8,,13,63.79,62.01,8,27,6,27,63.16,-1,-12.5,7,09/18 17:30
2026/09/18 18:03,2026-09-18T18:18:37+09:00,2026/09/24,2026/10/08,2026-10,CALL,42750,22235,,,,,,,,,,,,,
2026/09/18 18:03,2026-09-18T18:18:37+09:00,2026/09/24,2026/10/08,2026-10,PUT,42750,8,,,64.62,62.82,8,15,6,15,,,,,
2026/09/18 18:03,2026-09-18T18:18:37+09:00,2026/09/24,2026/10/08,2026-10,CALL,42000,22985,,,,,,,,,,,,,
2026/09/18 18:03,2026-09-18T18:18:37+09:00,2026/09/24,2026/10/08,2026-10,PUT,42000,7,,3,66.23,64.14,7,17,5,27,65.53,-1,-14.29,6,09/18 17:15
2026/09/18 18:03,2026-09-18T18:18:37+09:00,2026/09/24,2026/10/08,2026-10,CALL,41000,23985,,,,,,,,,,,,,
2026/09/18 18:03,2026-09-18T18:18:37+09:00,2026/09/24,2026/10/08,2026-10,PUT,41000,6,,,68.56,66.04,6,15,4,27,,,,,
2026/09/18 18:03,2026-09-18T18:18:37+09:00,2026/09/24,2026/10/08,2026-10,CALL,40000,24980,,,,,,,,,,,,,
2026/09/18 18:03,2026-09-18T18:18:37+09:00,2026/09/24,2026/10/08,2026-10,PUT,40000,5,,5,70.73,69.31,5,47,4,28,69.73,-1,-20,4,09/18 17:18
2026/09/18 18:03,2026-09-18T18:18:37+09:00,2026/09/24,2026/10/08,2026-10,CALL,39000,25980,,,,,,,,,,,,,
2026/09/18 18:03,2026-09-18T18:18:37+09:00,2026/09/24,2026/10/08,2026-10,PUT,39000,5,,15,72.66,70.87,4,32,3,22,72.86,0,0,4,09/18 17:08
2026/09/18 18:03,2026-09-18T18:18:37+09:00,2026/09/24,2026/10/08,2026-10,CALL,38000,26980,,,,,,,,,,,,,
2026/09/18 18:03,2026-09-18T18:18:37+09:00,2026/09/24,2026/10/08,2026-10,PUT,38000,4,,,76.09,74.22,4,27,3,15,,,,,
2026/09/18 18:03,2026-09-18T18:18:37+09:00,2026/09/24,2026/10/08,2026-10,CALL,37000,27980,,,,,,,,,,,,,
2026/09/18 18:03,2026-09-18T18:18:37+09:00,2026/09/24,2026/10/08,2026-10,PUT,37000,4,,2,77.66,75.12,3,1,2,27,77.74,0,0,3,09/18 17:39
2026/09/18 18:03,2026-09-18T18:18:37+09:00,2026/09/24,2026/10/08,2026-10,CALL,36000,28975,,,,,,,,,,,,,
2026/09/18 18:03,2026-09-18T18:18:37+09:00,2026/09/24,2026/10/08,2026-10,PUT,36000,3,,,81.19,78.54,3,16,2,16,,,,,
2026/09/18 18:03,2026-09-18T18:18:37+09:00,2026/09/24,2026/10/08,2026-10,CALL,35000,29975,,,,,,,,,,,,,
2026/09/18 18:03,2026-09-18T18:18:37+09:00,2026/09/24,2026/10/08,2026-10,PUT,35000,3,,1,84.82,82.06,3,18,2,17,82.25,0,0,2,09/18 17:07
2026/09/18 18:03,2026-09-18T18:18:37+09:00,2026/09/24,2026/10/08,2026-10,CALL,34000,30975,,,,,,,,,,,,,
2026/09/18 18:03,2026-09-18T18:18:37+09:00,2026/09/24,2026/10/08,2026-10,PUT,34000,3,,,88.54,85.68,3,3,2,5,,,,,
2026/09/18 18:03,2026-09-18T18:18:37+09:00,2026/09/24,2026/10/08,2026-10,CALL,33000,31975,,,,,,,,,,,,,
2026/09/18 18:03,2026-09-18T18:18:37+09:00,2026/09/24,2026/10/08,2026-10,PUT,33000,2,,3,89.4,84.85,2,16,1,66,89.7,0,0,2,09/18 17:23
2026/09/18 18:03,2026-09-18T18:18:37+09:00,2026/09/24,2026/10/08,2026-10,CALL,32000,32970,,,,,,,,,,,,,
2026/09/18 18:03,2026-09-18T18:18:37+09:00,2026/09/24,2026/10/08,2026-10,PUT,32000,1,,,93.23,88.5,2,32,1,127,,,,,
2026/09/18 18:03,2026-09-18T18:18:37+09:00,2026/09/24,2026/10/08,2026-10,CALL,31000,33970,,,,,,,,,,,,,
2026/09/18 18:03,2026-09-18T18:18:37+09:00,2026/09/24,2026/10/08,2026-10,PUT,31000,1,,,97.18,92.27,2,7,1,12,,,,,
2026/09/18 18:03,2026-09-18T18:18:37+09:00,2026/09/24,2026/10/08,2026-10,CALL,30000,34970,,,,,,,,,,,,,
2026/09/18 18:03,2026-09-18T18:18:37+09:00,2026/09/24,2026/10/08,2026-10,PUT,30000,2,,63,101.26,96.15,2,108,1,212,96.44,-1,-50,1,09/18 17:23
2026/09/18 18:03,2026-09-18T18:18:37+09:00,2026/09/24,2026/10/08,2026-10,CALL,29000,35970,,,,,,,,,,,,,
2026/09/18 18:03,2026-09-18T18:18:37+09:00,2026/09/24,2026/10/08,2026-10,PUT,29000,1,,4,105.48,100.17,2,58,1,1,100.39,0,0,1,09/18 17:28
2026/09/18 18:03,2026-09-18T18:18:37+09:00,2026/09/24,2026/11/12,2026-11,CALL,82500,16,,1,25.25,24.11,22,2,15,19,24.54,2,12.5,18,09/18 17:49
2026/09/18 18:03,2026-09-18T18:18:37+09:00,2026/09/24,2026/11/12,2026-11,PUT,82500,17460,,,,,,,,,,,,,
2026/09/18 18:03,2026-09-18T18:18:37+09:00,2026/09/24,2026/11/12,2026-11,CALL,80000,34,,,24.58,23.88,44,24,36,1,,,,,
2026/09/18 18:03,2026-09-18T18:18:37+09:00,2026/09/24,2026/11/12,2026-11,PUT,80000,14985,,,,,,,,,,,,,
2026/09/18 18:03,2026-09-18T18:18:37+09:00,2026/09/24,2026/11/12,2026-11,CALL,79500,40,,,24.4,23.7,50,16,41,16,,,,,
2026/09/18 18:03,2026-09-18T18:18:37+09:00,2026/09/24,2026/11/12,2026-11,PUT,79500,14490,,,,,,,,,,,,,
2026/09/18 18:03,2026-09-18T18:18:37+09:00,2026/09/24,2026/11/12,2026-11,CALL,79000,51,,,24.3,23.6,58,21,48,23,,,,,
2026/09/18 18:03,2026-09-18T18:18:37+09:00,2026/09/24,2026/11/12,2026-11,PUT,79000,14000,,,,,,,,,,,,,
2026/09/18 18:03,2026-09-18T18:18:37+09:00,2026/09/24,2026/11/12,2026-11,CALL,78500,55,,,24.18,23.63,67,14,58,1,,,,,
2026/09/18 18:03,2026-09-18T18:18:37+09:00,2026/09/24,2026/11/12,2026-11,PUT,78500,13510,,,,,,,,,,,,,
2026/09/18 18:03,2026-09-18T18:18:37+09:00,2026/09/24,2026/11/12,2026-11,CALL,78000,70,,,24.15,23.61,79,18,69,20,,,,,
2026/09/18 18:03,2026-09-18T18:18:37+09:00,2026/09/24,2026/11/12,2026-11,PUT,78000,13020,,,,,,,,,,,,,
2026/09/18 18:03,2026-09-18T18:18:37+09:00,2026/09/24,2026/11/12,2026-11,CALL,77500,77,,,24.12,23.59,93,12,82,12,,,,,
2026/09/18 18:03,2026-09-18T18:18:37+09:00,2026/09/24,2026/11/12,2026-11,PUT,77500,12530,,,,,,,,,,,,,
2026/09/18 18:03,2026-09-18T18:18:37+09:00,2026/09/24,2026/11/12,2026-11,CALL,77000,87,,1,23.95,23.7,106,17,100,2,23.65,11,12.09,102,09/18 17:00
2026/09/18 18:03,2026-09-18T18:18:37+09:00,2026/09/24,2026/11/12,2026-11,PUT,77000,12045,,,,,,,,,,,,,
2026/09/18 18:03,2026-09-18T18:18:37+09:00,2026/09/24,2026/11/12,2026-11,CALL,76500,103,,,23.98,23.6,126,10,116,10,,,,,
2026/09/18 18:03,2026-09-18T18:18:37+09:00,2026/09/24,2026/11/12,2026-11,PUT,76500,11560,,,,,,,,,,,,,
2026/09/18 18:03,2026-09-18T18:18:37+09:00,2026/09/24,2026/11/12,2026-11,CALL,76250,112,,,23.95,23.59,136,7,126,7,,,,,
2026/09/18 18:03,2026-09-18T18:18:37+09:00,2026/09/24,2026/11/12,2026-11,PUT,76250,11320,,,25.4,,11120,1,10620,1,,,,,
2026/09/18 18:03,2026-09-18T18:18:37+09:00,2026/09/24,2026/11/12,2026-11,CALL,76000,121,,,23.96,23.55,148,11,136,11,,,,,
2026/09/18 18:03,2026-09-18T18:18:37+09:00,2026/09/24,2026/11/12,2026-11,PUT,76000,11080,,,33.56,,11260,12,10260,12,,,,,
2026/09/18 18:03,2026-09-18T18:18:37+09:00,2026/09/24,2026/11/12,2026-11,CALL,75750,132,,,23.88,23.59,158,5,149,2,,,,,
2026/09/18 18:03,2026-09-18T18:18:37+09:00,2026/09/24,2026/11/12,2026-11,PUT,75750,10840,,,34.43,,11090,4,10150,1,,,,,
2026/09/18 18:03,2026-09-18T18:18:37+09:00,2026/09/24,2026/11/12,2026-11,CALL,75500,142,,,23.88,23.54,171,8,160,8,,,,,
2026/09/18 18:03,2026-09-18T18:18:37+09:00,2026/09/24,2026/11/12,2026-11,PUT,75500,10600,,,34.09,,10850,8,9835,2,,,,,
2026/09/18 18:03,2026-09-18T18:18:37+09:00,2026/09/24,2026/11/12,2026-11,CALL,75250,154,,,23.87,23.55,185,5,174,5,,,,,
2026/09/18 18:03,2026-09-18T18:18:37+09:00,2026/09/24,2026/11/12,2026-11,PUT,75250,10365,,,33.82,,10615,4,9705,1,,,,,
2026/09/18 18:03,2026-09-18T18:18:37+09:00,2026/09/24,2026/11/12,2026-11,CALL,75000,180,,8,23.86,23.55,200,11,189,2,23.67,20,11.11,200,09/18 17:31
2026/09/18 18:03,2026-09-18T18:18:37+09:00,2026/09/24,2026/11/12,2026-11,PUT,75000,10130,,,33.54,,10380,12,9280,6,,,,,
2026/09/18 18:03,2026-09-18T18:18:37+09:00,2026/09/24,2026/11/12,2026-11,CALL,74750,181,,,23.85,23.5,216,5,203,5,,,,,
2026/09/18 18:03,2026-09-18T18:18:37+09:00,2026/09/24,2026/11/12,2026-11,PUT,74750,9890,,,33.17,,10140,4,9370,1,,,,,
2026/09/18 18:03,2026-09-18T18:18:37+09:00,2026/09/24,2026/11/12,2026-11,CALL,74500,194,,,23.81,23.51,232,8,220,8,,,,,
2026/09/18 18:03,2026-09-18T18:18:37+09:00,2026/09/24,2026/11/12,2026-11,PUT,74500,9655,,,32.87,,9905,8,8910,2,,,,,
2026/09/18 18:03,2026-09-18T18:18:37+09:00,2026/09/24,2026/11/12,2026-11,CALL,74250,211,,,23.77,23.48,249,5,237,5,,,,,
2026/09/18 18:03,2026-09-18T18:18:37+09:00,2026/09/24,2026/11/12,2026-11,PUT,74250,9425,,,32.1,,9640,1,8735,1,,,,,
2026/09/18 18:03,2026-09-18T18:18:37+09:00,2026/09/24,2026/11/12,2026-11,CALL,74000,226,,5,23.82,23.47,271,11,256,11,23.6,75,37.5,275,09/18 17:14
2026/09/18 18:03,2026-09-18T18:18:37+09:00,2026/09/24,2026/11/12,2026-11,PUT,74000,9190,,,32.32,,9440,12,8625,2,,,,,
2026/09/18 18:03,2026-09-18T18:18:37+09:00,2026/09/24,2026/11/12,2026-11,CALL,73750,245,,,23.81,23.5,292,5,278,5,,,,,
2026/09/18 18:03,2026-09-18T18:18:37+09:00,2026/09/24,2026/11/12,2026-11,PUT,73750,8960,,,31.99,,9205,1,8195,1,,,,,
2026/09/18 18:03,2026-09-18T18:18:37+09:00,2026/09/24,2026/11/12,2026-11,CALL,73500,265,,,23.81,23.5,315,2,300,2,,,,,
2026/09/18 18:03,2026-09-18T18:18:37+09:00,2026/09/24,2026/11/12,2026-11,PUT,73500,8730,,,31.43,,8955,2,7895,2,,,,,
2026/09/18 18:03,2026-09-18T18:18:37+09:00,2026/09/24,2026/11/12,2026-11,CALL,73250,286,,,23.82,23.52,340,5,325,5,,,,,
2026/09/18 18:03,2026-09-18T18:18:37+09:00,2026/09/24,2026/11/12,2026-11,PUT,73250,8500,,,31.51,,8750,4,7830,3,,,,,
2026/09/18 18:03,2026-09-18T18:18:37+09:00,2026/09/24,2026/11/12,2026-11,CALL,73000,310,,3,23.71,23.52,360,2,350,21,23.68,60,19.35,370,09/18 17:35
2026/09/18 18:03,2026-09-18T18:18:37+09:00,2026/09/24,2026/11/12,2026-11,PUT,73000,8275,,,31.28,,8525,12,7555,12,,,,,
2026/09/18 18:03,2026-09-18T18:18:37+09:00,2026/09/24,2026/11/12,2026-11,CALL,72750,335,,,23.75,23.57,390,5,380,2,,,,,
2026/09/18 18:03,2026-09-18T18:18:37+09:00,2026/09/24,2026/11/12,2026-11,PUT,72750,8050,,,30.98,,8295,1,7395,1,,,,,
2026/09/18 18:03,2026-09-18T18:18:37+09:00,2026/09/24,2026/11/12,2026-11,CALL,72500,360,,,23.77,23.5,420,2,405,6,,,,,
2026/09/18 18:03,2026-09-18T18:18:37+09:00,2026/09/24,2026/11/12,2026-11,PUT,72500,7825,,,30.79,,8075,8,7155,2,,,,,
2026/09/18 18:03,2026-09-18T18:18:37+09:00,2026/09/24,2026/11/12,2026-11,CALL,72250,390,,,23.83,23.57,455,4,440,2,,,,,
2026/09/18 18:03,2026-09-18T18:18:37+09:00,2026/09/24,2026/11/12,2026-11,PUT,72250,7605,,,30.59,15.92,7855,4,7035,4,,,,,
2026/09/18 18:03,2026-09-18T18:18:37+09:00,2026/09/24,2026/11/12,2026-11,CALL,72125,405,,,24.37,22.88,505,9,415,9,,,,,
2026/09/18 18:03,2026-09-18T18:18:37+09:00,2026/09/24,2026/11/12,2026-11,PUT,72125,7495,,,30.42,14.13,7740,1,6870,1,,,,,
2026/09/18 18:03,2026-09-18T18:18:37+09:00,2026/09/24,2026/11/12,2026-11,CALL,72000,420,,5,23.77,23.53,485,8,470,8,23.62,95,24.05,490,09/18 17:46
2026/09/18 18:03,2026-09-18T18:18:37+09:00,2026/09/24,2026/11/12,2026-11,PUT,72000,7385,,,30.24,16.14,7625,12,6805,3,,,,,
2026/09/18 18:03,2026-09-18T18:18:37+09:00,2026/09/24,2026/11/12,2026-11,CALL,71875,435,,,24.29,22.42,535,9,420,24,,,,,
2026/09/18 18:03,2026-09-18T18:18:37+09:00,2026/09/24,2026/11/12,2026-11,PUT,71875,7275,,,30.25,14.75,7525,4,6645,1,,,,,
2026/09/18 18:03,2026-09-18T18:18:37+09:00,2026/09/24,2026/11/12,2026-11,CALL,71750,450,,,23.77,23.53,520,4,505,2,,,,,
2026/09/18 18:03,2026-09-18T18:18:37+09:00,2026/09/24,2026/11/12,2026-11,PUT,71750,7170,,,30.2,16.55,7420,4,6585,1,,,,,
2026/09/18 18:03,2026-09-18T18:18:37+09:00,2026/09/24,2026/11/12,2026-11,CALL,71625,460,,,24.1,22.37,560,9,450,24,,,,,
2026/09/18 18:03,2026-09-18T18:18:37+09:00,2026/09/24,2026/11/12,2026-11,PUT,71625,7050,,,29.95,22.94,7300,4,6800,1,,,,,
2026/09/18 18:03,2026-09-18T18:18:37+09:00,2026/09/24,2026/11/12,2026-11,CALL,71500,485,,,23.81,23.51,560,6,540,6,,,,,
2026/09/18 18:03,2026-09-18T18:18:37+09:00,2026/09/24,2026/11/12,2026-11,PUT,71500,6950,,,29.94,20.13,7200,8,6525,2,,,,,
2026/09/18 18:03,2026-09-18T18:18:37+09:00,2026/09/24,2026/11/12,2026-11,CALL,71375,500,,,24.4,22.45,620,2,490,24,,,,,
2026/09/18 18:03,2026-09-18T18:18:37+09:00,2026/09/24,2026/11/12,2026-11,PUT,71375,6840,,,29.81,22.99,7090,4,6590,1,,,,,
2026/09/18 18:03,2026-09-18T18:18:37+09:00,2026/09/24,2026/11/12,2026-11,CALL,71250,520,,,23.81,23.37,600,2,570,2,,,,,
2026/09/18 18:03,2026-09-18T18:18:37+09:00,2026/09/24,2026/11/12,2026-11,PUT,71250,6740,,,29.61,20.88,6975,1,6350,1,,,,,
2026/09/18 18:03,2026-09-18T18:18:37+09:00,2026/09/24,2026/11/12,2026-11,CALL,71125,540,,,24.44,22.48,665,9,530,24,,,,,
2026/09/18 18:03,2026-09-18T18:18:37+09:00,2026/09/24,2026/11/12,2026-11,PUT,71125,6630,,,29.65,23,6880,4,6380,1,,,,,
2026/09/18 18:03,2026-09-18T18:18:37+09:00,2026/09/24,2026/11/12,2026-11,CALL,71000,555,,1,23.78,23.57,640,3,625,2,23.67,90,16.07,650,09/18 17:11
2026/09/18 18:03,2026-09-18T18:18:37+09:00,2026/09/24,2026/11/12,2026-11,PUT,71000,6525,,,29.57,23,6775,12,6275,3,,,,,
2026/09/18 18:03,2026-09-18T18:18:37+09:00,2026/09/24,2026/11/12,2026-11,CALL,70875,575,,,24.31,22.48,700,8,570,24,,,,,
2026/09/18 18:03,2026-09-18T18:18:37+09:00,2026/09/24,2026/11/12,2026-11,PUT,70875,6420,,,29.3,22.99,6655,1,6170,1,,,,,
2026/09/18 18:03,2026-09-18T18:18:37+09:00,2026/09/24,2026/11/12,2026-11,CALL,70750,600,,,23.86,23.52,690,4,665,4,,,,,
2026/09/18 18:03,2026-09-18T18:18:37+09:00,2026/09/24,2026/11/12,2026-11,PUT,70750,6315,,,29.38,22.96,6565,4,6065,1,,,,,
2026/09/18 18:03,2026-09-18T18:18:37+09:00,2026/09/24,2026/11/12,2026-11,CALL,70625,625,,,24.35,23.21,750,7,665,1,,,,,
2026/09/18 18:03,2026-09-18T18:18:37+09:00,2026/09/24,2026/11/12,2026-11,PUT,70625,6220,,,29.4,23.07,6470,4,5970,1,,,,,
2026/09/18 18:03,2026-09-18T18:18:37+09:00,2026/09/24,2026/11/12,2026-11,CALL,70500,640,,,23.83,23.57,735,4,715,2,,,,,
2026/09/18 18:03,2026-09-18T18:18:37+09:00,2026/09/24,2026/11/12,2026-11,PUT,70500,6110,,,28.94,22.96,6335,2,5860,2,,,,,
2026/09/18 18:03,2026-09-18T18:18:37+09:00,2026/09/24,2026/11/12,2026-11,CALL,70375,665,,,24.23,22.24,790,7,640,22,,,,,
2026/09/18 18:03,2026-09-18T18:18:37+09:00,2026/09/24,2026/11/12,2026-11,PUT,70375,6010,,,29.18,22.98,6260,4,5760,1,,,,,
2026/09/18 18:03,2026-09-18T18:18:37+09:00,2026/09/24,2026/11/12,2026-11,CALL,70250,690,,,23.84,23.52,785,3,760,3,,,,,
2026/09/18 18:03,2026-09-18T18:18:37+09:00,2026/09/24,2026/11/12,2026-11,PUT,70250,5910,,,29.12,22.99,6160,4,5660,1,,,,,
2026/09/18 18:03,2026-09-18T18:18:37+09:00,2026/09/24,2026/11/12,2026-11,CALL,70125,710,,,24.14,22.34,835,7,695,22,,,,,
2026/09/18 18:03,2026-09-18T18:18:37+09:00,2026/09/24,2026/11/12,2026-11,PUT,70125,5805,,,28.59,22.93,6020,1,5555,4,,,,,
2026/09/18 18:03,2026-09-18T18:18:37+09:00,2026/09/24,2026/11/12,2026-11,CALL,70000,745,,1,23.81,23.49,835,5,810,5,23.67,120,16.67,840,09/18 17:49
2026/09/18 18:03,2026-09-18T18:18:37+09:00,2026/09/24,2026/11/12,2026-11,PUT,70000,5710,,,27.25,22.99,5810,3,5460,12,,,,,
2026/09/18 18:03,2026-09-18T18:18:37+09:00,2026/09/24,2026/11/12,2026-11,CALL,69875,755,,,24.03,22.34,880,7,745,22,,,,,
2026/09/18 18:03,2026-09-18T18:18:37+09:00,2026/09/24,2026/11/12,2026-11,PUT,69875,5600,,,28.39,22.85,5815,3,5350,6,,,,,
2026/09/18 18:03,2026-09-18T18:18:37+09:00,2026/09/24,2026/11/12,2026-11,CALL,69750,790,,,23.87,23.44,895,3,860,3,,,,,
2026/09/18 18:03,2026-09-18T18:18:37+09:00,2026/09/24,2026/11/12,2026-11,PUT,69750,5510,,,27.17,22.95,5615,2,5260,5,,,,,
2026/09/18 18:03,2026-09-18T18:18:37+09:00,2026/09/24,2026/11/12,2026-11,CALL,69625,840,,,24.6,22.42,985,22,805,22,,,,,
2026/09/18 18:03,2026-09-18T18:18:37+09:00,2026/09/24,2026/11/12,2026-11,PUT,69625,5435,,,27.32,23.22,5535,3,5185,1,,,,,
2026/09/18 18:03,2026-09-18T18:18:37+09:00,2026/09/24,2026/11/12,2026-11,CALL,69500,845,,,24.01,23.59,965,4,930,2,,,,,
2026/09/18 18:03,2026-09-18T18:18:37+09:00,2026/09/24,2026/11/12,2026-11,PUT,69500,5320,,,27.07,22.99,5420,3,5070,9,,,,,
2026/09/18 18:03,2026-09-18T18:18:37+09:00,2026/09/24,2026/11/12,2026-11,CALL,69375,905,,,24.65,22.46,1050,22,865,22,,,,,
2026/09/18 18:03,2026-09-18T18:18:37+09:00,2026/09/24,2026/11/12,2026-11,PUT,69375,5250,,,27.32,23.3,5350,3,5000,1,,,,,
2026/09/18 18:03,2026-09-18T18:18:37+09:00,2026/09/24,2026/11/12,2026-11,CALL,69250,905,,,23.94,23.59,1020,3,990,3,,,,,
2026/09/18 18:03,2026-09-18T18:18:37+09:00,2026/09/24,2026/11/12,2026-11,PUT,69250,5125,,,24.34,22.94,4995,1,4875,5,,,,,
2026/09/18 18:03,2026-09-18T18:18:37+09:00,2026/09/24,2026/11/12,2026-11,CALL,69125,950,,,24.49,23.4,1100,7,1005,1,,,,,
2026/09/18 18:03,2026-09-18T18:18:37+09:00,2026/09/24,2026/11/12,2026-11,PUT,69125,5045,,,27.11,23.11,5150,3,4795,4,,,,,
2026/09/18 18:03,2026-09-18T18:18:37+09:00,2026/09/24,2026/11/12,2026-11,CALL,69000,975,,20,24,23.66,1090,5,1060,2,23.86,155,16.23,1110,09/18 17:16
2026/09/18 18:03,2026-09-18T18:18:37+09:00,2026/09/24,2026/11/12,2026-11,PUT,69000,4945,,,24.4,23.09,4815,9,4700,18,,,,,
2026/09/18 18:03,2026-09-18T18:18:37+09:00,2026/09/24,2026/11/12,2026-11,CALL,68875,1030,,,25.19,22.6,1230,21,1000,22,,,,,
2026/09/18 18:03,2026-09-18T18:18:37+09:00,2026/09/24,2026/11/12,2026-11,PUT,68875,4875,,,27.21,23.29,4980,3,4625,4,,,,,
2026/09/18 18:03,2026-09-18T18:18:37+09:00,2026/09/24,2026/11/12,2026-11,CALL,68750,1035,,,24.03,23.64,1160,3,1125,3,,,,,
2026/09/18 18:03,2026-09-18T18:18:37+09:00,2026/09/24,2026/11/12,2026-11,PUT,68750,4755,,,24.47,22.97,4640,4,4505,7,,,,,
2026/09/18 18:03,2026-09-18T18:18:37+09:00,2026/09/24,2026/11/12,2026-11,CALL,68625,1095,,,25.01,22.59,1285,21,1065,21,,,,,
2026/09/18 18:03,2026-09-18T18:18:37+09:00,2026/09/24,2026/11/12,2026-11,PUT,68625,4695,,,27.06,23.31,4790,3,4445,4,,,,,
2026/09/18 18:03,2026-09-18T18:18:37+09:00,2026/09/24,2026/11/12,2026-11,CALL,68500,1100,,,24.24,23.75,1250,4,1205,4,,,,,
2026/09/18 18:03,2026-09-18T18:18:37+09:00,2026/09/24,2026/11/12,2026-11,PUT,68500,4570,,,24.73,22.98,4485,15,4325,15,,,,,
2026/09/18 18:03,2026-09-18T18:18:37+09:00,2026/09/24,2026/11/12,2026-11,CALL,68375,1170,,,25.02,22.64,1360,21,1140,21,,,,,
2026/09/18 18:03,2026-09-18T18:18:37+09:00,2026/09/24,2026/11/12,2026-11,PUT,68375,4520,,,27.09,23.35,4620,3,4270,4,,,,,
2026/09/18 18:03,2026-09-18T18:18:37+09:00,2026/09/24,2026/11/12,2026-11,CALL,68250,1175,,,24.14,23.76,1315,3,1280,3,,,,,
2026/09/18 18:03,2026-09-18T18:18:37+09:00,2026/09/24,2026/11/12,2026-11,PUT,68250,4400,,,24.24,23.06,4265,3,4155,4,,,,,
2026/09/18 18:03,2026-09-18T18:18:37+09:00,2026/09/24,2026/11/12,2026-11,CALL,68125,1210,,,24.74,22.93,1410,21,1240,21,,,,,
2026/09/18 18:03,2026-09-18T18:18:37+09:00,2026/09/24,2026/11/12,2026-11,PUT,68125,4310,,,26.15,22.98,4360,3,4060,6,,,,,
2026/09/18 18:03,2026-09-18T18:18:37+09:00,2026/09/24,2026/11/12,2026-11,CALL,68000,1260,,,24.27,23.69,1405,4,1350,4,,,,,
2026/09/18 18:03,2026-09-18T18:18:37+09:00,2026/09/24,2026/11/12,2026-11,PUT,68000,4230,,,24.58,23.21,4125,8,3995,21,,,,,
2026/09/18 18:03,2026-09-18T18:18:37+09:00,2026/09/24,2026/11/12,2026-11,CALL,67875,1285,,,24.52,23.37,1470,6,1360,6,,,,,
2026/09/18 18:03,2026-09-18T18:18:37+09:00,2026/09/24,2026/11/12,2026-11,PUT,67875,4135,,,26.19,22.95,4195,3,3885,6,,,,,
2026/09/18 18:03,2026-09-18T18:18:37+09:00,2026/09/24,2026/11/12,2026-11,CALL,67750,1345,,,24.25,23.58,1485,2,1420,2,,,,,
2026/09/18 18:03,2026-09-18T18:18:37+09:00,2026/09/24,2026/11/12,2026-11,PUT,67750,4065,,,24.56,23.11,3955,3,3815,6,,,,,
2026/09/18 18:03,2026-09-18T18:18:37+09:00,2026/09/24,2026/11/12,2026-11,CALL,67625,1380,,,24.54,23.4,1555,6,1445,6,,,,,
2026/09/18 18:03,2026-09-18T18:18:37+09:00,2026/09/24,2026/11/12,2026-11,PUT,67625,3980,,,26.49,23.09,4060,3,3730,6,,,,,
2026/09/18 18:03,2026-09-18T18:18:37+09:00,2026/09/24,2026/11/12,2026-11,CALL,67500,1420,,,24.36,23.95,1580,3,1540,1,,,,,
2026/09/18 18:03,2026-09-18T18:18:37+09:00,2026/09/24,2026/11/12,2026-11,PUT,67500,3895,,,24.61,23.69,3795,4,3705,3,,,,,
2026/09/18 18:03,2026-09-18T18:18:37+09:00,2026/09/24,2026/11/12,2026-11,CALL,67375,1465,,,24.57,23.45,1645,6,1535,6,,,,,
2026/09/18 18:03,2026-09-18T18:18:37+09:00,2026/09/24,2026/11/12,2026-11,PUT,67375,3815,,,25.28,23.09,3780,7,3565,10,,,,,
2026/09/18 18:03,2026-09-18T18:18:37+09:00,2026/09/24,2026/11/12,2026-11,CALL,67250,1510,,,24.42,23.71,1675,2,1605,2,,,,,
2026/09/18 18:03,2026-09-18T18:18:37+09:00,2026/09/24,2026/11/12,2026-11,PUT,67250,3740,,,24.57,23.25,3630,2,3500,7,,,,,
2026/09/18 18:03,2026-09-18T18:18:37+09:00,2026/09/24,2026/11/12,2026-11,CALL,67125,1555,,,24.62,23.51,1740,5,1630,5,,,,,
2026/09/18 18:03,2026-09-18T18:18:37+09:00,2026/09/24,2026/11/12,2026-11,PUT,67125,3655,,,24.62,23.1,3555,1,3405,10,,,,,
2026/09/18 18:03,2026-09-18T18:18:37+09:00,2026/09/24,2026/11/12,2026-11,CALL,67000,1605,,,24.55,23.75,1780,1,1700,1,,,,,
2026/09/18 18:03,2026-09-18T18:18:37+09:00,2026/09/24,2026/11/12,2026-11,PUT,67000,3580,,,24.5,23.6,3465,4,3375,8,,,,,
2026/09/18 18:03,2026-09-18T18:18:37+09:00,2026/09/24,2026/11/12,2026-11,CALL,66875,1650,,,24.67,23.82,1840,5,1755,1,,,,,
2026/09/18 18:03,2026-09-18T18:18:37+09:00,2026/09/24,2026/11/12,2026-11,PUT,66875,3505,,,25.22,23.17,3460,7,3255,10,,,,,
2026/09/18 18:03,2026-09-18T18:18:37+09:00,2026/09/24,2026/11/12,2026-11,CALL,66750,1705,,,24.49,23.89,1870,2,1810,2,,,,,
2026/09/18 18:03,2026-09-18T18:18:37+09:00,2026/09/24,2026/11/12,2026-11,PUT,66750,3435,,,24.74,23.89,3335,2,3250,2,,,,,
2026/09/18 18:03,2026-09-18T18:18:37+09:00,2026/09/24,2026/11/12,2026-11,CALL,66625,1755,,,24.74,23.65,1945,5,1835,5,,,,,
2026/09/18 18:03,2026-09-18T18:18:37+09:00,2026/09/24,2026/11/12,2026-11,PUT,66625,3355,,,25.29,23.2,3315,7,3105,11,,,,,
2026/09/18 18:03,2026-09-18T18:18:37+09:00,2026/09/24,2026/11/12,2026-11,CALL,66500,1805,,,24.64,23.9,1985,1,1910,1,,,,,
2026/09/18 18:03,2026-09-18T18:18:37+09:00,2026/09/24,2026/11/12,2026-11,PUT,66500,3280,,,24.84,24.05,3195,31,3115,3,,,,,
2026/09/18 18:03,2026-09-18T18:18:37+09:00,2026/09/24,2026/11/12,2026-11,CALL,66375,1855,,,24.82,23.74,2055,5,1945,5,,,,,
2026/09/18 18:03,2026-09-18T18:18:37+09:00,2026/09/24,2026/11/12,2026-11,PUT,66375,3205,,,24.78,23.84,3115,5,3020,5,,,,,
2026/09/18 18:03,2026-09-18T18:18:37+09:00,2026/09/24,2026/11/12,2026-11,CALL,66250,1915,,,24.6,24.11,2085,2,2035,2,,,,,
2026/09/18 18:03,2026-09-18T18:18:37+09:00,2026/09/24,2026/11/12,2026-11,PUT,66250,3140,,,24.75,24.16,3040,2,2980,2,,,,,
2026/09/18 18:03,2026-09-18T18:18:37+09:00,2026/09/24,2026/11/12,2026-11,CALL,66125,1970,,,24.92,24.03,2170,25,2080,4,,,,,
2026/09/18 18:03,2026-09-18T18:18:37+09:00,2026/09/24,2026/11/12,2026-11,PUT,66125,3075,,,25.02,23.93,2995,7,2885,5,,,,,
2026/09/18 18:03,2026-09-18T18:18:37+09:00,2026/09/24,2026/11/12,2026-11,CALL,66000,2025,,,24.78,24.04,2210,1,2135,1,,,,,
2026/09/18 18:03,2026-09-18T18:18:37+09:00,2026/09/24,2026/11/12,2026-11,PUT,66000,3000,,,24.92,24.19,2915,4,2840,4,,,,,
2026/09/18 18:03,2026-09-18T18:18:37+09:00,2026/09/24,2026/11/12,2026-11,CALL,65875,2085,,,24.97,23.89,2285,5,2175,7,,,,,
2026/09/18 18:03,2026-09-18T18:18:37+09:00,2026/09/24,2026/11/12,2026-11,PUT,65875,2940,,,25.07,23.99,2860,5,2750,5,,,,,
2026/09/18 18:03,2026-09-18T18:18:37+09:00,2026/09/24,2026/11/12,2026-11,CALL,65750,2135,,,24.81,24.03,2325,1,2245,1,,,,,
2026/09/18 18:03,2026-09-18T18:18:37+09:00,2026/09/24,2026/11/12,2026-11,PUT,65750,2865,,,25.01,24.22,2785,2,2705,2,,,,,
2026/09/18 18:03,2026-09-18T18:18:37+09:00,2026/09/24,2026/11/12,2026-11,CALL,65625,2185,,,25.04,23.96,2405,5,2295,11,,,,,
2026/09/18 18:03,2026-09-18T18:18:37+09:00,2026/09/24,2026/11/12,2026-11,PUT,65625,2785,,,24.94,24.11,2710,5,2625,5,,,,,
2026/09/18 18:03,2026-09-18T18:18:37+09:00,2026/09/24,2026/11/12,2026-11,CALL,65500,2255,,,24.91,24.08,2450,1,2365,1,,,,,
2026/09/18 18:03,2026-09-18T18:18:37+09:00,2026/09/24,2026/11/12,2026-11,PUT,65500,2735,,,25.1,24.37,2660,3,2585,3,,,,,
2026/09/18 18:03,2026-09-18T18:18:37+09:00,2026/09/24,2026/11/12,2026-11,CALL,65375,2310,,,25.11,24.23,2530,5,2440,4,,,,,
2026/09/18 18:03,2026-09-18T18:18:37+09:00,2026/09/24,2026/11/12,2026-11,PUT,65375,2665,,,25.26,24.18,2610,5,2500,5,,,,,
2026/09/18 18:03,2026-09-18T18:18:37+09:00,2026/09/24,2026/11/12,2026-11,CALL,65250,2390,,,24.97,24.38,2575,1,2515,1,,,,,
2026/09/18 18:03,2026-09-18T18:18:37+09:00,2026/09/24,2026/11/12,2026-11,PUT,65250,2620,,,25.02,24.43,2520,2,2460,2,,,,,
2026/09/18 18:03,2026-09-18T18:18:37+09:00,2026/09/24,2026/11/12,2026-11,CALL,65125,2450,,,25.25,24.17,2665,5,2555,7,,,,,
2026/09/18 18:03,2026-09-18T18:18:37+09:00,2026/09/24,2026/11/12,2026-11,PUT,65125,2555,,,25.35,24.27,2490,5,2380,5,,,,,
2026/09/18 18:03,2026-09-18T18:18:37+09:00,2026/09/24,2026/11/12,2026-11,CALL,65000,2495,,,25.18,24.3,2720,1,2630,1,,,,,
2026/09/18 18:03,2026-09-18T18:18:37+09:00,2026/09/24,2026/11/12,2026-11,PUT,65000,2470,,,25.13,24.54,2405,4,2345,4,,,,,
2026/09/18 18:03,2026-09-18T18:18:37+09:00,2026/09/24,2026/11/12,2026-11,CALL,64875,2565,,,25.5,23.77,2815,6,2640,7,,,,,
2026/09/18 18:03,2026-09-18T18:18:37+09:00,2026/09/24,2026/11/12,2026-11,PUT,64875,2420,,,25.25,24.36,2355,4,2265,5,,,,,
2026/09/18 18:03,2026-09-18T18:18:37+09:00,2026/09/24,2026/11/12,2026-11,CALL,64750,2620,,,25.41,24.22,2870,1,2750,2,,,,,
2026/09/18 18:03,2026-09-18T18:18:37+09:00,2026/09/24,2026/11/12,2026-11,PUT,64750,2355,,,25.21,24.57,2290,2,2225,2,,,,,
2026/09/18 18:03,2026-09-18T18:18:37+09:00,2026/09/24,2026/11/12,2026-11,CALL,64625,2690,,,25.46,24.02,2940,4,2795,7,,,,,
2026/09/18 18:03,2026-09-18T18:18:37+09:00,2026/09/24,2026/11/12,2026-11,PUT,64625,2295,,,25.56,24.47,2265,5,2155,5,,,,,
2026/09/18 18:03,2026-09-18T18:18:37+09:00,2026/09/24,2026/11/12,2026-11,CALL,64500,2760,,,25.41,24.76,3000,3,2935,3,,,,,
2026/09/18 18:03,2026-09-18T18:18:37+09:00,2026/09/24,2026/11/12,2026-11,PUT,64500,2240,,,25.46,24.61,2195,3,2110,3,,,,,
2026/09/18 18:03,2026-09-18T18:18:37+09:00,2026/09/24,2026/11/12,2026-11,CALL,64375,2845,,,25.69,24.09,3095,6,2935,7,,,,,
2026/09/18 18:03,2026-09-18T18:18:37+09:00,2026/09/24,2026/11/12,2026-11,PUT,64375,2200,,,25.69,24.59,2160,5,2050,5,,,,,
2026/09/18 18:03,2026-09-18T18:18:37+09:00,2026/09/24,2026/11/12,2026-11,CALL,64250,2905,,,25.51,24.61,3145,1,3055,1,,,,,
2026/09/18 18:03,2026-09-18T18:18:37+09:00,2026/09/24,2026/11/12,2026-11,PUT,64250,2135,,,25.41,24.96,2075,2,2030,2,,,,,
2026/09/18 18:03,2026-09-18T18:18:37+09:00,2026/09/24,2026/11/12,2026-11,CALL,64125,2965,,,25.52,22.24,3215,4,2890,3,,,,,
2026/09/18 18:03,2026-09-18T18:18:37+09:00,2026/09/24,2026/11/12,2026-11,PUT,64125,2070,,,25.78,24.67,2055,6,1945,6,,,,,
2026/09/18 18:03,2026-09-18T18:18:37+09:00,2026/09/24,2026/11/12,2026-11,CALL,64000,3060,,,25.63,24.92,3295,4,3225,4,,,,,
2026/09/18 18:03,2026-09-18T18:18:37+09:00,2026/09/24,2026/11/12,2026-11,PUT,64000,2040,,,25.38,24.92,1960,1,1915,4,,,,,
2026/09/18 18:03,2026-09-18T18:18:37+09:00,2026/09/24,2026/11/12,2026-11,CALL,63875,3110,,,25.57,22.26,3360,4,3035,3,,,,,
2026/09/18 18:03,2026-09-18T18:18:37+09:00,2026/09/24,2026/11/12,2026-11,PUT,63875,1970,,,25.93,24.81,1960,6,1850,6,,,,,
2026/09/18 18:03,2026-09-18T18:18:37+09:00,2026/09/24,2026/11/12,2026-11,CALL,63750,3200,,,25.76,24.74,3450,5,3350,3,,,,,
2026/09/18 18:03,2026-09-18T18:18:37+09:00,2026/09/24,2026/11/12,2026-11,PUT,63750,1930,,,25.61,25.2,1875,2,1835,2,,,,,
2026/09/18 18:03,2026-09-18T18:18:37+09:00,2026/09/24,2026/11/12,2026-11,CALL,63625,3260,,,25.64,22.12,3510,1,3170,3,,,,,
2026/09/18 18:03,2026-09-18T18:18:37+09:00,2026/09/24,2026/11/12,2026-11,PUT,63625,1870,,,26.05,24.92,1865,6,1755,6,,,,,
2026/09/18 18:03,2026-09-18T18:18:37+09:00,2026/09/24,2026/11/12,2026-11,CALL,63500,3355,,,25.86,24.82,3605,9,3505,4,,,,,
2026/09/18 18:03,2026-09-18T18:18:37+09:00,2026/09/24,2026/11/12,2026-11,PUT,63500,1840,,1,25.76,25.19,1785,4,1730,4,25.34,,,1670,09/18 17:19
2026/09/18 18:03,2026-09-18T18:18:37+09:00,2026/09/24,2026/11/12,2026-11,CALL,63375,3410,,,29.44,22.09,4025,5,3320,3,,,,,
2026/09/18 18:03,2026-09-18T18:18:37+09:00,2026/09/24,2026/11/12,2026-11,PUT,63375,1770,,,26.8,24.3,1835,21,1595,21,,,,,
2026/09/18 18:03,2026-09-18T18:18:37+09:00,2026/09/24,2026/11/12,2026-11,CALL,63250,3515,,,25.97,25.03,3765,5,3675,2,,,,,
2026/09/18 18:03,2026-09-18T18:18:37+09:00,2026/09/24,2026/11/12,2026-11,PUT,63250,1750,,,25.87,25.45,1695,3,1655,3,,,,,
2026/09/18 18:03,2026-09-18T18:18:37+09:00,2026/09/24,2026/11/12,2026-11,CALL,63125,3570,,,27.8,21.85,4015,3,3455,3,,,,,
2026/09/18 18:03,2026-09-18T18:18:37+09:00,2026/09/24,2026/11/12,2026-11,PUT,63125,1680,,,26.96,24.53,1750,21,1520,21,,,,,
2026/09/18 18:03,2026-09-18T18:18:37+09:00,2026/09/24,2026/11/12,2026-11,CALL,63000,3675,,,26.05,25.03,3925,5,3830,18,,,,,
2026/09/18 18:03,2026-09-18T18:18:37+09:00,2026/09/24,2026/11/12,2026-11,PUT,63000,1660,,,26.15,25.62,1625,5,1575,2,,,,,
2026/09/18 18:03,2026-09-18T18:18:37+09:00,2026/09/24,2026/11/12,2026-11,CALL,62875,3765,,,26.18,22.44,4015,4,3670,3,,,,,
2026/09/18 18:03,2026-09-18T18:18:37+09:00,2026/09/24,2026/11/12,2026-11,PUT,62875,1625,,,27.03,24.56,1660,21,1430,22,,,,,
2026/09/18 18:03,2026-09-18T18:18:37+09:00,2026/09/24,2026/11/12,2026-11,CALL,62750,3840,,,26.14,25.16,4090,3,4000,4,,,,,
2026/09/18 18:03,2026-09-18T18:18:37+09:00,2026/09/24,2026/11/12,2026-11,PUT,62750,1570,,,26.08,25.76,1525,3,1495,3,,,,,
2026/09/18 18:03,2026-09-18T18:18:37+09:00,2026/09/24,2026/11/12,2026-11,CALL,62625,3920,,,29.81,22.33,4510,5,3825,3,,,,,
2026/09/18 18:03,2026-09-18T18:18:37+09:00,2026/09/24,2026/11/12,2026-11,PUT,62625,1530,,,26.14,24.83,1485,1,1365,22,,,,,
2026/09/18 18:03,2026-09-18T18:18:37+09:00,2026/09/24,2026/11/12,2026-11,CALL,62500,4010,,,27.78,22.34,4400,7,3910,3,,,,,
2026/09/18 18:03,2026-09-18T18:18:37+09:00,2026/09/24,2026/11/12,2026-11,PUT,62500,1495,,,26.14,25.86,1440,4,1415,4,,,,,
2026/09/18 18:03,2026-09-18T18:18:37+09:00,2026/09/24,2026/11/12,2026-11,CALL,62375,4090,,,27.28,21.53,4435,3,3925,3,,,,,
2026/09/18 18:03,2026-09-18T18:18:37+09:00,2026/09/24,2026/11/12,2026-11,PUT,62375,1450,,,27.39,25.01,1510,22,1295,22,,,,,
2026/09/18 18:03,2026-09-18T18:18:37+09:00,2026/09/24,2026/11/12,2026-11,CALL,62250,4175,,,29.92,21.56,4755,2,4015,2,,,,,
2026/09/18 18:03,2026-09-18T18:18:37+09:00,2026/09/24,2026/11/12,2026-11,PUT,62250,1410,,,26.43,26.04,1380,3,1345,3,,,,,
2026/09/18 18:03,2026-09-18T18:18:37+09:00,2026/09/24,2026/11/12,2026-11,CALL,62125,4265,,,29.03,21.46,4755,5,4095,3,,,,,
2026/09/18 18:03,2026-09-18T18:18:37+09:00,2026/09/24,2026/11/12,2026-11,PUT,62125,1380,,,26.63,25.21,1355,1,1230,22,,,,,
2026/09/18 18:03,2026-09-18T18:18:37+09:00,2026/09/24,2026/11/12,2026-11,CALL,62000,4355,,,30.29,21.65,4950,7,4200,7,,,,,
2026/09/18 18:03,2026-09-18T18:18:37+09:00,2026/09/24,2026/11/12,2026-11,PUT,62000,1340,,,26.41,26.18,1295,5,1275,5,,,,,
2026/09/18 18:03,2026-09-18T18:18:37+09:00,2026/09/24,2026/11/12,2026-11,CALL,61875,4455,,,30.73,22.57,5070,3,4365,3,,,,,
2026/09/18 18:03,2026-09-18T18:18:37+09:00,2026/09/24,2026/11/12,2026-11,PUT,61875,1315,,,27.39,25.2,1340,22,1150,22,,,,,
2026/09/18 18:03,2026-09-18T18:18:37+09:00,2026/09/24,2026/11/12,2026-11,CALL,61750,4535,,,30.31,21.01,5115,2,4330,2,,,,,
2026/09/18 18:03,2026-09-18T18:18:37+09:00,2026/09/24,2026/11/12,2026-11,PUT,61750,1275,,,26.64,26.35,1235,3,1210,3,,,,,
2026/09/18 18:03,2026-09-18T18:18:37+09:00,2026/09/24,2026/11/12,2026-11,CALL,61625,4630,,,30.85,20.97,5245,3,4420,3,,,,,
2026/09/18 18:03,2026-09-18T18:18:37+09:00,2026/09/24,2026/11/12,2026-11,PUT,61625,1240,,,27.51,25.32,1270,22,1085,22,,,,,
2026/09/18 18:03,2026-09-18T18:18:37+09:00,2026/09/24,2026/11/12,2026-11,CALL,61500,4720,,,30.47,20.86,5295,3,4505,9,,,,,
2026/09/18 18:03,2026-09-18T18:18:37+09:00,2026/09/24,2026/11/12,2026-11,PUT,61500,1210,,,26.72,26.49,1165,2,1145,4,,,,,
2026/09/18 18:03,2026-09-18T18:18:37+09:00,2026/09/24,2026/11/12,2026-11,CALL,61375,4815,,,29.42,20.79,5290,3,4595,3,,,,,
2026/09/18 18:03,2026-09-18T18:18:37+09:00,2026/09/24,2026/11/12,2026-11,PUT,61375,1175,,,27.23,25.41,1170,1,1020,22,,,,,
2026/09/18 18:03,2026-09-18T18:18:37+09:00,2026/09/24,2026/11/12,2026-11,CALL,61250,4910,,,32.91,20.7,5675,4,4685,2,,,,,
2026/09/18 18:03,2026-09-18T18:18:37+09:00,2026/09/24,2026/11/12,2026-11,PUT,61250,1150,,,26.95,26.64,1110,3,1085,3,,,,,
2026/09/18 18:03,2026-09-18T18:18:37+09:00,2026/09/24,2026/11/12,2026-11,CALL,61125,5000,,,32.51,20.88,5725,3,4795,3,,,,,
2026/09/18 18:03,2026-09-18T18:18:37+09:00,2026/09/24,2026/11/12,2026-11,PUT,61125,1110,,,27.39,25.4,1110,1,950,22,,,,,
2026/09/18 18:03,2026-09-18T18:18:37+09:00,2026/09/24,2026/11/12,2026-11,CALL,61000,5090,,,32.16,20.7,5780,7,4880,7,,,,,
2026/09/18 18:03,2026-09-18T18:18:37+09:00,2026/09/24,2026/11/12,2026-11,PUT,61000,1080,,,27.02,26.77,1045,2,1025,5,,,,,
2026/09/18 18:03,2026-09-18T18:18:37+09:00,2026/09/24,2026/11/12,2026-11,CALL,60875,5190,,,31.8,20.71,5835,3,4980,3,,,,,
2026/09/18 18:03,2026-09-18T18:18:37+09:00,2026/09/24,2026/11/12,2026-11,PUT,60875,1055,,,28.02,25.53,1090,22,895,24,,,,,
2026/09/18 18:03,2026-09-18T18:18:37+09:00,2026/09/24,2026/11/12,2026-11,CALL,60750,5290,,,30.19,20.1,5790,4,5040,4,,,,,
2026/09/18 18:03,2026-09-18T18:18:37+09:00,2026/09/24,2026/11/12,2026-11,PUT,60750,1030,,,27.31,26.93,1000,3,970,3,,,,,
2026/09/18 18:03,2026-09-18T18:18:37+09:00,2026/09/24,2026/11/12,2026-11,CALL,60625,5385,,,30.39,19.99,5895,1,5135,4,,,,,
2026/09/18 18:03,2026-09-18T18:18:37+09:00,2026/09/24,2026/11/12,2026-11,PUT,60625,1000,,,28.19,25.64,1035,23,840,24,,,,,
2026/09/18 18:03,2026-09-18T18:18:37+09:00,2026/09/24,2026/11/12,2026-11,CALL,60500,5485,,,31.82,20.03,6100,2,5240,2,,,,,
2026/09/18 18:03,2026-09-18T18:18:37+09:00,2026/09/24,2026/11/12,2026-11,PUT,60500,975,,,27.38,27.05,940,2,915,6,,,,,
2026/09/18 18:03,2026-09-18T18:18:37+09:00,2026/09/24,2026/11/12,2026-11,CALL,60250,5680,,,30.89,20.15,6205,1,5455,1,,,,,
2026/09/18 18:03,2026-09-18T18:18:37+09:00,2026/09/24,2026/11/12,2026-11,PUT,60250,920,,,27.54,27.27,890,2,870,4,,,,,
2026/09/18 18:03,2026-09-18T18:18:37+09:00,2026/09/24,2026/11/12,2026-11,CALL,60000,5885,,,34.23,19.58,6650,3,5635,12,,,,,
2026/09/18 18:03,2026-09-18T18:18:37+09:00,2026/09/24,2026/11/12,2026-11,PUT,60000,875,,,27.74,27.53,845,2,830,2,,,,,
2026/09/18 18:03,2026-09-18T18:18:37+09:00,2026/09/24,2026/11/12,2026-11,CALL,59750,6090,,,35.38,19.36,6920,1,5840,4,,,,,
2026/09/18 18:03,2026-09-18T18:18:37+09:00,2026/09/24,2026/11/12,2026-11,PUT,59750,830,,,27.92,27.7,800,2,785,2,,,,,
2026/09/18 18:03,2026-09-18T18:18:37+09:00,2026/09/24,2026/11/12,2026-11,CALL,59500,6295,,,33.87,19.04,6985,2,6045,8,,,,,
2026/09/18 18:03,2026-09-18T18:18:37+09:00,2026/09/24,2026/11/12,2026-11,PUT,59500,785,,,28.13,27.91,760,6,745,2,,,,,
2026/09/18 18:03,2026-09-18T18:18:37+09:00,2026/09/24,2026/11/12,2026-11,CALL,59250,6500,,,34.94,19.08,7250,1,6270,1,,,,,
2026/09/18 18:03,2026-09-18T18:18:37+09:00,2026/09/24,2026/11/12,2026-11,PUT,59250,745,,,28.32,28.09,720,4,705,2,,,,,
2026/09/18 18:03,2026-09-18T18:18:37+09:00,2026/09/24,2026/11/12,2026-11,CALL,59000,6710,,,36.2,18.11,7530,3,6460,12,,,,,
2026/09/18 18:03,2026-09-18T18:18:37+09:00,2026/09/24,2026/11/12,2026-11,PUT,59000,705,,,28.47,28.32,680,2,670,2,,,,,
2026/09/18 18:03,2026-09-18T18:18:37+09:00,2026/09/24,2026/11/12,2026-11,CALL,58750,6925,,,36.45,17.6,7735,1,6675,4,,,,,
2026/09/18 18:03,2026-09-18T18:18:37+09:00,2026/09/24,2026/11/12,2026-11,PUT,58750,665,,,28.68,28.44,645,2,630,4,,,,,
2026/09/18 18:03,2026-09-18T18:18:37+09:00,2026/09/24,2026/11/12,2026-11,CALL,58500,7140,,,36.55,16.83,7930,2,6890,8,,,,,
2026/09/18 18:03,2026-09-18T18:18:37+09:00,2026/09/24,2026/11/12,2026-11,PUT,58500,635,,,28.94,28.69,615,8,600,2,,,,,
2026/09/18 18:03,2026-09-18T18:18:37+09:00,2026/09/24,2026/11/12,2026-11,CALL,58250,7360,,,34.57,16.18,7985,1,7115,1,,,,,
2026/09/18 18:03,2026-09-18T18:18:37+09:00,2026/09/24,2026/11/12,2026-11,PUT,58250,605,,1,29.18,28.92,585,5,570,2,28.84,,,550,09/18 17:17
2026/09/18 18:03,2026-09-18T18:18:37+09:00,2026/09/24,2026/11/12,2026-11,CALL,58000,7575,,,34.7,13.63,8190,3,7325,12,,,,,
2026/09/18 18:03,2026-09-18T18:18:37+09:00,2026/09/24,2026/11/12,2026-11,PUT,58000,570,,,29.48,29.12,560,2,540,2,,,,,
2026/09/18 18:03,2026-09-18T18:18:37+09:00,2026/09/24,2026/11/12,2026-11,CALL,57750,7795,,,34.72,,8390,1,7545,4,,,,,
2026/09/18 18:03,2026-09-18T18:18:37+09:00,2026/09/24,2026/11/12,2026-11,PUT,57750,540,,,29.58,29.3,525,5,510,2,,,,,
2026/09/18 18:03,2026-09-18T18:18:37+09:00,2026/09/24,2026/11/12,2026-11,CALL,57500,8020,,,36.3,,8690,2,7770,8,,,,,
2026/09/18 18:03,2026-09-18T18:18:37+09:00,2026/09/24,2026/11/12,2026-11,PUT,57500,515,,,29.83,29.54,500,8,485,2,,,,,
2026/09/18 18:03,2026-09-18T18:18:37+09:00,2026/09/24,2026/11/12,2026-11,CALL,57250,8245,,,37.18,,8945,1,8000,1,,,,,
2026/09/18 18:03,2026-09-18T18:18:37+09:00,2026/09/24,2026/11/12,2026-11,PUT,57250,490,,,30.06,29.76,475,5,460,2,,,,,
2026/09/18 18:03,2026-09-18T18:18:37+09:00,2026/09/24,2026/11/12,2026-11,CALL,57000,8465,,,35.68,,9055,3,8215,12,,,,,
2026/09/18 18:03,2026-09-18T18:18:37+09:00,2026/09/24,2026/11/12,2026-11,PUT,57000,460,,7,30.27,30.06,450,23,440,2,30.22,-35,-7.61,425,09/18 17:19
2026/09/18 18:03,2026-09-18T18:18:37+09:00,2026/09/24,2026/11/12,2026-11,CALL,56750,8695,,,38.7,,9440,1,8445,4,,,,,
2026/09/18 18:03,2026-09-18T18:18:37+09:00,2026/09/24,2026/11/12,2026-11,PUT,56750,440,,,30.55,30.23,430,5,415,5,,,,,
2026/09/18 18:03,2026-09-18T18:18:37+09:00,2026/09/24,2026/11/12,2026-11,CALL,56500,8920,,,36.97,,9540,2,8670,8,,,,,
2026/09/18 18:03,2026-09-18T18:18:37+09:00,2026/09/24,2026/11/12,2026-11,PUT,56500,420,,,30.71,30.49,405,2,395,2,,,,,
2026/09/18 18:03,2026-09-18T18:18:37+09:00,2026/09/24,2026/11/12,2026-11,CALL,56250,9150,,,38.53,,9835,1,8900,4,,,,,
2026/09/18 18:03,2026-09-18T18:18:37+09:00,2026/09/24,2026/11/12,2026-11,PUT,56250,400,,,31.06,30.72,390,5,375,5,,,,,
2026/09/18 18:03,2026-09-18T18:18:37+09:00,2026/09/24,2026/11/12,2026-11,CALL,56000,9380,,,41.1,,10190,3,9130,12,,,,,
2026/09/18 18:03,2026-09-18T18:18:37+09:00,2026/09/24,2026/11/12,2026-11,PUT,56000,385,,6,31.28,31.05,370,11,360,2,31.25,-25,-6.49,360,09/18 17:33
2026/09/18 18:03,2026-09-18T18:18:37+09:00,2026/09/24,2026/11/12,2026-11,CALL,55750,9615,,,37.42,,10190,1,9425,1,,,,,
2026/09/18 18:03,2026-09-18T18:18:37+09:00,2026/09/24,2026/11/12,2026-11,PUT,55750,365,,,31.48,31.24,350,2,340,5,,,,,
2026/09/18 18:03,2026-09-18T18:18:37+09:00,2026/09/24,2026/11/12,2026-11,CALL,55500,9845,,,39.96,,10535,2,9595,8,,,,,
2026/09/18 18:03,2026-09-18T18:18:37+09:00,2026/09/24,2026/11/12,2026-11,PUT,55500,345,,,31.91,31.53,340,8,325,8,,,,,
2026/09/18 18:03,2026-09-18T18:18:37+09:00,2026/09/24,2026/11/12,2026-11,CALL,55250,10080,,,40.63,,10780,1,9900,1,,,,,
2026/09/18 18:03,2026-09-18T18:18:37+09:00,2026/09/24,2026/11/12,2026-11,PUT,55250,330,,,32.06,31.8,320,5,310,2,,,,,
2026/09/18 18:03,2026-09-18T18:18:37+09:00,2026/09/24,2026/11/12,2026-11,CALL,55000,10315,,,44.65,,11210,3,10065,12,,,,,
2026/09/18 18:03,2026-09-18T18:18:37+09:00,2026/09/24,2026/11/12,2026-11,PUT,55000,315,,4,32.33,32.14,305,21,298,2,32.17,-20,-6.25,300,09/18 17:54
2026/09/18 18:03,2026-09-18T18:18:37+09:00,2026/09/24,2026/11/12,2026-11,CALL,54750,10545,,,45.89,,11485,1,10295,4,,,,,
2026/09/18 18:03,2026-09-18T18:18:37+09:00,2026/09/24,2026/11/12,2026-11,PUT,54750,297,,,32.71,32.35,295,7,282,5,,,,,
2026/09/18 18:03,2026-09-18T18:18:37+09:00,2026/09/24,2026/11/12,2026-11,CALL,54500,10780,,,41.77,,11470,2,10585,2,,,,,
2026/09/18 18:03,2026-09-18T18:18:37+09:00,2026/09/24,2026/11/12,2026-11,PUT,54500,282,,,32.97,32.62,281,10,269,10,,,,,
2026/09/18 18:03,2026-09-18T18:18:37+09:00,2026/09/24,2026/11/12,2026-11,CALL,54250,11020,,,,,,,,,,,,,
2026/09/18 18:03,2026-09-18T18:18:37+09:00,2026/09/24,2026/11/12,2026-11,PUT,54250,269,,,33.24,32.91,268,7,257,7,,,,,
2026/09/18 18:03,2026-09-18T18:18:37+09:00,2026/09/24,2026/11/12,2026-11,CALL,54000,11255,,,,,,,,,,,,,
2026/09/18 18:03,2026-09-18T18:18:37+09:00,2026/09/24,2026/11/12,2026-11,PUT,54000,258,,,33.52,33.14,256,14,244,14,,,,,
2026/09/18 18:03,2026-09-18T18:18:37+09:00,2026/09/24,2026/11/12,2026-11,CALL,53750,11495,,,,,,,,,,,,,
2026/09/18 18:03,2026-09-18T18:18:37+09:00,2026/09/24,2026/11/12,2026-11,PUT,53750,248,,,33.85,33.49,246,8,235,8,,,,,
2026/09/18 18:03,2026-09-18T18:18:37+09:00,2026/09/24,2026/11/12,2026-11,CALL,53500,11735,,,,,,,,,,,,,
2026/09/18 18:03,2026-09-18T18:18:37+09:00,2026/09/24,2026/11/12,2026-11,PUT,53500,236,,,34.09,33.76,234,12,224,12,,,,,
2026/09/18 18:03,2026-09-18T18:18:37+09:00,2026/09/24,2026/11/12,2026-11,CALL,53250,11970,,,,,,,,,,,,,
2026/09/18 18:03,2026-09-18T18:18:37+09:00,2026/09/24,2026/11/12,2026-11,PUT,53250,225,,,34.46,34.04,226,10,214,8,,,,,
2026/09/18 18:03,2026-09-18T18:18:37+09:00,2026/09/24,2026/11/12,2026-11,CALL,53000,12215,,,,,,,,,,,,,
2026/09/18 18:03,2026-09-18T18:18:37+09:00,2026/09/24,2026/11/12,2026-11,PUT,53000,216,,,34.71,34.38,215,2,206,17,,,,,
2026/09/18 18:03,2026-09-18T18:18:37+09:00,2026/09/24,2026/11/12,2026-11,CALL,52750,12450,,,,,,,,,,,,,
2026/09/18 18:03,2026-09-18T18:18:37+09:00,2026/09/24,2026/11/12,2026-11,PUT,52750,206,,1,35.05,34.68,207,9,197,8,34.96,2,1.01,200,09/18 17:37
2026/09/18 18:03,2026-09-18T18:18:37+09:00,2026/09/24,2026/11/12,2026-11,CALL,52500,12695,,,,,,,,,,,,,
2026/09/18 18:03,2026-09-18T18:18:37+09:00,2026/09/24,2026/11/12,2026-11,PUT,52500,198,,,35.3,34.99,197,2,189,14,,,,,
2026/09/18 18:03,2026-09-18T18:18:37+09:00,2026/09/24,2026/11/12,2026-11,CALL,52250,12935,,,,,,,,,,,,,
2026/09/18 18:03,2026-09-18T18:18:37+09:00,2026/09/24,2026/11/12,2026-11,PUT,52250,190,,,35.69,35.25,191,7,180,7,,,,,
2026/09/18 18:03,2026-09-18T18:18:37+09:00,2026/09/24,2026/11/12,2026-11,CALL,52000,13175,,,,,,,,,,,,,
2026/09/18 18:03,2026-09-18T18:18:37+09:00,2026/09/24,2026/11/12,2026-11,PUT,52000,182,,,36.03,35.62,184,20,174,18,,,,,
2026/09/18 18:03,2026-09-18T18:18:37+09:00,2026/09/24,2026/11/12,2026-11,CALL,51750,13420,,,,,,,,,,,,,
2026/09/18 18:03,2026-09-18T18:18:37+09:00,2026/09/24,2026/11/12,2026-11,PUT,51750,175,,,36.32,35.9,176,7,166,7,,,,,
2026/09/18 18:03,2026-09-18T18:18:37+09:00,2026/09/24,2026/11/12,2026-11,CALL,51500,13660,,,,,,,,,,,,,
2026/09/18 18:03,2026-09-18T18:18:37+09:00,2026/09/24,2026/11/12,2026-11,PUT,51500,167,,,36.64,36.15,169,32,158,14,,,,,
2026/09/18 18:03,2026-09-18T18:18:37+09:00,2026/09/24,2026/11/12,2026-11,CALL,51250,13905,,,,,,,,,,,,,
2026/09/18 18:03,2026-09-18T18:18:37+09:00,2026/09/24,2026/11/12,2026-11,PUT,51250,160,,,36.9,36.49,161,8,152,8,,,,,
2026/09/18 18:03,2026-09-18T18:18:37+09:00,2026/09/24,2026/11/12,2026-11,CALL,51000,14145,,,,,,,,,,,,,
2026/09/18 18:03,2026-09-18T18:18:37+09:00,2026/09/24,2026/11/12,2026-11,PUT,51000,153,,1,37.24,36.81,155,21,146,21,37.07,-7,-4.52,148,09/18 17:45
2026/09/18 18:03,2026-09-18T18:18:37+09:00,2026/09/24,2026/11/12,2026-11,CALL,50750,14390,,,,,,,,,,,,,
2026/09/18 18:03,2026-09-18T18:18:37+09:00,2026/09/24,2026/11/12,2026-11,PUT,50750,150,,,37.51,37.12,148,8,140,10,,,,,
2026/09/18 18:03,2026-09-18T18:18:37+09:00,2026/09/24,2026/11/12,2026-11,CALL,50500,14630,,,,,,,,,,,,,
2026/09/18 18:03,2026-09-18T18:18:37+09:00,2026/09/24,2026/11/12,2026-11,PUT,50500,140,,,37.93,37.42,144,36,134,16,,,,,
2026/09/18 18:03,2026-09-18T18:18:37+09:00,2026/09/24,2026/11/12,2026-11,CALL,50250,14875,,,,,,,,,,,,,
2026/09/18 18:03,2026-09-18T18:18:37+09:00,2026/09/24,2026/11/12,2026-11,PUT,50250,134,,,38.18,37.81,137,8,130,8,,,,,
2026/09/18 18:03,2026-09-18T18:18:37+09:00,2026/09/24,2026/11/12,2026-11,CALL,50000,15120,,,,,,,,,,,,,
2026/09/18 18:03,2026-09-18T18:18:37+09:00,2026/09/24,2026/11/12,2026-11,PUT,50000,136,,,38.52,38.14,132,21,125,21,,,,,
2026/09/18 18:03,2026-09-18T18:18:37+09:00,2026/09/24,2026/11/12,2026-11,CALL,49750,15365,,,,,,,,,,,,,
2026/09/18 18:03,2026-09-18T18:18:37+09:00,2026/09/24,2026/11/12,2026-11,PUT,49750,124,,,38.85,38.45,127,8,120,8,,,,,
2026/09/18 18:03,2026-09-18T18:18:37+09:00,2026/09/24,2026/11/12,2026-11,CALL,49500,15610,,,,,,,,,,,,,
2026/09/18 18:03,2026-09-18T18:18:37+09:00,2026/09/24,2026/11/12,2026-11,PUT,49500,119,,,39.23,38.76,123,14,115,14,,,,,
2026/09/18 18:03,2026-09-18T18:18:37+09:00,2026/09/24,2026/11/12,2026-11,CALL,49250,15855,,,,,,,,,,,,,
2026/09/18 18:03,2026-09-18T18:18:37+09:00,2026/09/24,2026/11/12,2026-11,PUT,49250,116,,,39.66,39.05,120,23,110,12,,,,,
2026/09/18 18:03,2026-09-18T18:18:37+09:00,2026/09/24,2026/11/12,2026-11,CALL,49000,16100,,,,,,,,,,,,,
2026/09/18 18:03,2026-09-18T18:18:37+09:00,2026/09/24,2026/11/12,2026-11,PUT,49000,112,,,39.9,39.4,114,24,106,26,,,,,
2026/09/18 18:03,2026-09-18T18:18:37+09:00,2026/09/24,2026/11/12,2026-11,CALL,48750,16345,,,,,,,,,,,,,
2026/09/18 18:03,2026-09-18T18:18:37+09:00,2026/09/24,2026/11/12,2026-11,PUT,48750,106,,1,40.25,39.73,110,10,102,12,40.21,3,2.88,107,09/18 17:40
2026/09/18 18:03,2026-09-18T18:18:37+09:00,2026/09/24,2026/11/12,2026-11,CALL,48500,16590,,,,,,,,,,,,,
2026/09/18 18:03,2026-09-18T18:18:37+09:00,2026/09/24,2026/11/12,2026-11,PUT,48500,103,,,40.72,40.05,108,40,98,18,,,,,
2026/09/18 18:03,2026-09-18T18:18:37+09:00,2026/09/24,2026/11/12,2026-11,CALL,48250,16835,,,,,,,,,,,,,
2026/09/18 18:03,2026-09-18T18:18:37+09:00,2026/09/24,2026/11/12,2026-11,PUT,48250,99,,,40.99,40.44,103,23,95,12,,,,,
2026/09/18 18:03,2026-09-18T18:18:37+09:00,2026/09/24,2026/11/12,2026-11,CALL,48000,17080,,,,,,,,,,,,,
2026/09/18 18:03,2026-09-18T18:18:37+09:00,2026/09/24,2026/11/12,2026-11,PUT,48000,96,,1,41.39,40.82,100,24,92,24,41.29,4,4.3,97,09/18 17:00
2026/09/18 18:03,2026-09-18T18:18:37+09:00,2026/09/24,2026/11/12,2026-11,CALL,47750,17325,,,,,,,,,,,,,
2026/09/18 18:03,2026-09-18T18:18:37+09:00,2026/09/24,2026/11/12,2026-11,PUT,47750,91,,,41.7,41.11,96,10,88,12,,,,,
2026/09/18 18:03,2026-09-18T18:18:37+09:00,2026/09/24,2026/11/12,2026-11,CALL,47500,17575,,,,,,,,,,,,,
2026/09/18 18:03,2026-09-18T18:18:37+09:00,2026/09/24,2026/11/12,2026-11,PUT,47500,88,,,42.08,41.47,93,16,85,16,,,,,
2026/09/18 18:03,2026-09-18T18:18:37+09:00,2026/09/24,2026/11/12,2026-11,CALL,47250,17815,,,,,,,,,,,,,
2026/09/18 18:03,2026-09-18T18:18:37+09:00,2026/09/24,2026/11/12,2026-11,PUT,47250,83,,,42.3,41.74,88,10,81,12,,,,,
2026/09/18 18:03,2026-09-18T18:18:37+09:00,2026/09/24,2026/11/12,2026-11,CALL,47000,18065,,,,,,,,,,,,,
2026/09/18 18:03,2026-09-18T18:18:37+09:00,2026/09/24,2026/11/12,2026-11,PUT,47000,82,,,42.74,42.25,86,24,80,24,,,,,
2026/09/18 18:03,2026-09-18T18:18:37+09:00,2026/09/24,2026/11/12,2026-11,CALL,46750,18315,,,,,,,,,,,,,
2026/09/18 18:03,2026-09-18T18:18:37+09:00,2026/09/24,2026/11/12,2026-11,PUT,46750,79,,,43.18,42.59,84,10,77,10,,,,,
2026/09/18 18:03,2026-09-18T18:18:37+09:00,2026/09/24,2026/11/12,2026-11,CALL,46500,18560,,,,,,,,,,,,,
2026/09/18 18:03,2026-09-18T18:18:37+09:00,2026/09/24,2026/11/12,2026-11,PUT,46500,78,,,43.61,42.82,82,18,73,18,,,,,
2026/09/18 18:03,2026-09-18T18:18:37+09:00,2026/09/24,2026/11/12,2026-11,CALL,46250,18805,,,,,,,,,,,,,
2026/09/18 18:03,2026-09-18T18:18:37+09:00,2026/09/24,2026/11/12,2026-11,PUT,46250,75,,,44.21,42.95,82,1,68,1,,,,,
2026/09/18 18:03,2026-09-18T18:18:37+09:00,2026/09/24,2026/11/12,2026-11,CALL,46000,19055,,,,,,,,,,,,,
2026/09/18 18:03,2026-09-18T18:18:37+09:00,2026/09/24,2026/11/12,2026-11,PUT,46000,72,,,44.64,43.24,80,1,65,1,,,,,
2026/09/18 18:03,2026-09-18T18:18:37+09:00,2026/09/24,2026/11/12,2026-11,CALL,45750,19300,,,,,,,,,,,,,
2026/09/18 18:03,2026-09-18T18:18:37+09:00,2026/09/24,2026/11/12,2026-11,PUT,45750,70,,,44.98,43.63,77,1,63,1,,,,,
2026/09/18 18:03,2026-09-18T18:18:37+09:00,2026/09/24,2026/11/12,2026-11,CALL,45500,19545,,,,,,,,,,,,,
2026/09/18 18:03,2026-09-18T18:18:37+09:00,2026/09/24,2026/11/12,2026-11,PUT,45500,67,,,45.4,44.01,75,1,61,1,,,,,
2026/09/18 18:03,2026-09-18T18:18:37+09:00,2026/09/24,2026/11/12,2026-11,CALL,45250,19795,,,,,,,,,,,,,
2026/09/18 18:03,2026-09-18T18:18:37+09:00,2026/09/24,2026/11/12,2026-11,PUT,45250,65,,,45.72,44.38,72,1,59,1,,,,,
2026/09/18 18:03,2026-09-18T18:18:37+09:00,2026/09/24,2026/11/12,2026-11,CALL,45000,20040,,,,,,,,,,,,,
2026/09/18 18:03,2026-09-18T18:18:37+09:00,2026/09/24,2026/11/12,2026-11,PUT,45000,62,,1,45.82,45.08,67,1,60,27,45.5,-2,-3.03,64,09/18 17:54
2026/09/18 18:03,2026-09-18T18:18:37+09:00,2026/09/24,2026/11/12,2026-11,CALL,44750,20290,,,,,,,,,,,,,
2026/09/18 18:03,2026-09-18T18:18:37+09:00,2026/09/24,2026/11/12,2026-11,PUT,44750,60,,,46.53,44.99,68,1,54,1,,,,,
2026/09/18 18:03,2026-09-18T18:18:37+09:00,2026/09/24,2026/11/12,2026-11,CALL,44500,20535,,,,,,,,,,,,,
2026/09/18 18:03,2026-09-18T18:18:37+09:00,2026/09/24,2026/11/12,2026-11,PUT,44500,58,,,47.03,45.21,67,1,51,1,,,,,
2026/09/18 18:03,2026-09-18T18:18:37+09:00,2026/09/24,2026/11/12,2026-11,CALL,44000,21035,,,,,,,,,,,,,
2026/09/18 18:03,2026-09-18T18:18:37+09:00,2026/09/24,2026/11/12,2026-11,PUT,44000,57,,,47.7,46,62,1,48,1,,,,,
2026/09/18 18:03,2026-09-18T18:18:37+09:00,2026/09/24,2026/11/12,2026-11,CALL,43000,22020,,,,,,,,,,,,,
2026/09/18 18:03,2026-09-18T18:18:37+09:00,2026/09/24,2026/11/12,2026-11,PUT,43000,49,,1,48.92,47.95,52,29,45,29,48.65,-2,-3.92,49,09/18 17:05
2026/09/18 18:03,2026-09-18T18:18:37+09:00,2026/09/24,2026/11/12,2026-11,CALL,42000,23015,,,,,,,,,,,,,
2026/09/18 18:03,2026-09-18T18:18:37+09:00,2026/09/24,2026/11/12,2026-11,PUT,42000,42,,,50.95,49.08,49,1,37,1,,,,,
2026/09/18 18:03,2026-09-18T18:18:37+09:00,2026/09/24,2026/11/12,2026-11,CALL,41000,24010,,,,,,,,,,,,,
2026/09/18 18:03,2026-09-18T18:18:37+09:00,2026/09/24,2026/11/12,2026-11,PUT,41000,36,,,59.29,50.14,100,7,30,7,,,,,
2026/09/18 18:03,2026-09-18T18:18:37+09:00,2026/09/24,2026/11/12,2026-11,CALL,40000,25000,,,,,,,,,,,,,
2026/09/18 18:03,2026-09-18T18:18:37+09:00,2026/09/24,2026/11/12,2026-11,PUT,40000,33,,,54.49,50.08,40,1,20,7,,,,,
2026/09/18 18:03,2026-09-18T18:18:37+09:00,2026/09/24,2026/11/12,2026-11,CALL,39000,25995,,,,,,,,,,,,,
2026/09/18 18:03,2026-09-18T18:18:37+09:00,2026/09/24,2026/11/12,2026-11,PUT,39000,29,,1,56.27,53.56,36,27,24,63,54.98,-2,-6.45,29,09/18 17:14
2026/09/18 18:03,2026-09-18T18:18:37+09:00,2026/09/24,2026/11/12,2026-11,CALL,38000,26990,,,,,,,,,,,,,
2026/09/18 18:03,2026-09-18T18:18:37+09:00,2026/09/24,2026/11/12,2026-11,PUT,38000,24,,,64.82,41.8,74,7,1,26,,,,,
2026/09/18 18:03,2026-09-18T18:18:37+09:00,2026/09/24,2026/11/12,2026-11,CALL,37000,27985,,,,,,,,,,,,,
2026/09/18 18:03,2026-09-18T18:18:37+09:00,2026/09/24,2026/11/12,2026-11,PUT,37000,23,,,60.11,46.13,30,4,2,8,,,,,
2026/09/18 18:03,2026-09-18T18:18:37+09:00,2026/09/24,2026/11/12,2026-11,CALL,36000,28975,,,,,,,,,,,,,
2026/09/18 18:03,2026-09-18T18:18:37+09:00,2026/09/24,2026/11/12,2026-11,PUT,36000,15,,,75.4,45.74,115,6,1,26,,,,,
2026/09/18 18:03,2026-09-18T18:18:37+09:00,2026/09/24,2026/11/12,2026-11,CALL,35000,29970,,,,,,,,,,,,,
2026/09/18 18:03,2026-09-18T18:18:37+09:00,2026/09/24,2026/11/12,2026-11,PUT,35000,19,,1,62.5,61,20,1,16,27,61.23,-3,-15.79,16,09/18 17:23
2026/09/18 18:03,2026-09-18T18:18:37+09:00,2026/09/24,2026/11/12,2026-11,CALL,34000,30965,,,,,,,,,,,,,
2026/09/18 18:03,2026-09-18T18:18:37+09:00,2026/09/24,2026/11/12,2026-11,PUT,34000,14,,,81.41,59.32,111,6,8,11,,,,,
2026/09/18 18:03,2026-09-18T18:18:37+09:00,2026/09/24,2026/11/12,2026-11,CALL,33000,31960,,,,,,,,,,,,,
2026/09/18 18:03,2026-09-18T18:18:37+09:00,2026/09/24,2026/11/12,2026-11,PUT,33000,5,,,84.53,52.08,109,6,1,27,,,,,
2026/09/18 18:03,2026-09-18T18:18:37+09:00,2026/09/24,2026/11/12,2026-11,CALL,32000,32955,,,,,,,,,,,,,
2026/09/18 18:03,2026-09-18T18:18:37+09:00,2026/09/24,2026/11/12,2026-11,PUT,32000,2,,,87.73,54.32,107,6,1,26,,,,,
2026/09/18 18:03,2026-09-18T18:18:37+09:00,2026/09/24,2026/11/12,2026-11,CALL,31000,33950,,,,,,,,,,,,,
2026/09/18 18:03,2026-09-18T18:18:37+09:00,2026/09/24,2026/11/12,2026-11,PUT,31000,1,,,91.01,56.62,105,6,1,16,,,,,
2026/09/18 18:03,2026-09-18T18:18:37+09:00,2026/09/24,2026/11/12,2026-11,CALL,30000,34950,,,,,,,,,,,,,
2026/09/18 18:03,2026-09-18T18:18:37+09:00,2026/09/24,2026/11/12,2026-11,PUT,30000,12,,2,72.77,71.47,12,16,10,2,71.69,-2,-16.67,10,09/18 17:28
2026/09/18 18:03,2026-09-18T18:18:37+09:00,2026/09/24,2026/12/10,2026-12,CALL,85000,36,,1,26.04,22.52,60,39,20,39,25.01,10,28.57,45,09/18 18:00
2026/09/18 18:03,2026-09-18T18:18:37+09:00,2026/09/24,2026/12/10,2026-12,PUT,85000,19860,,,,,,,,,,,,,
2026/09/18 18:03,2026-09-18T18:18:37+09:00,2026/09/24,2026/12/10,2026-12,CALL,84000,45,,,25.65,21.64,70,39,20,39,,,,,
2026/09/18 18:03,2026-09-18T18:18:37+09:00,2026/09/24,2026/12/10,2026-12,PUT,84000,18875,,,,,,,,,,,,,
2026/09/18 18:03,2026-09-18T18:18:37+09:00,2026/09/24,2026/12/10,2026-12,CALL,83000,56,,,25.15,21.92,80,12,31,39,,,,,
2026/09/18 18:03,2026-09-18T18:18:37+09:00,2026/09/24,2026/12/10,2026-12,PUT,83000,17890,,,,,,,,,,,,,
2026/09/18 18:03,2026-09-18T18:18:37+09:00,2026/09/24,2026/12/10,2026-12,CALL,82500,63,,,25.01,22.13,88,8,39,26,,,,,
2026/09/18 18:03,2026-09-18T18:18:37+09:00,2026/09/24,2026/12/10,2026-12,PUT,82500,17400,,,,,,,,,,,,,
2026/09/18 18:03,2026-09-18T18:18:37+09:00,2026/09/24,2026/12/10,2026-12,CALL,82000,69,,,24.75,22.01,94,12,44,39,,,,,
2026/09/18 18:03,2026-09-18T18:18:37+09:00,2026/09/24,2026/12/10,2026-12,PUT,82000,16905,,,,,,,,,,,,,
2026/09/18 18:03,2026-09-18T18:18:37+09:00,2026/09/24,2026/12/10,2026-12,CALL,81000,91,,,24.53,22.32,116,12,66,36,,,,,
2026/09/18 18:03,2026-09-18T18:18:37+09:00,2026/09/24,2026/12/10,2026-12,PUT,81000,15935,,,,,,,,,,,,,
2026/09/18 18:03,2026-09-18T18:18:37+09:00,2026/09/24,2026/12/10,2026-12,CALL,80000,115,,,25.23,21.97,173,36,81,12,,,,,
2026/09/18 18:03,2026-09-18T18:18:37+09:00,2026/09/24,2026/12/10,2026-12,PUT,80000,14960,,,,,,,,,,,,,
2026/09/18 18:03,2026-09-18T18:18:37+09:00,2026/09/24,2026/12/10,2026-12,CALL,79000,150,,,24.7,21.62,199,9,100,30,,,,,
2026/09/18 18:03,2026-09-18T18:18:37+09:00,2026/09/24,2026/12/10,2026-12,PUT,79000,14000,,,,,,,,,,,,,
2026/09/18 18:03,2026-09-18T18:18:37+09:00,2026/09/24,2026/12/10,2026-12,CALL,78000,189,,,24.37,21.75,239,9,139,30,,,,,
2026/09/18 18:03,2026-09-18T18:18:37+09:00,2026/09/24,2026/12/10,2026-12,PUT,78000,13040,,,,,,,,,,,,,
2026/09/18 18:03,2026-09-18T18:18:37+09:00,2026/09/24,2026/12/10,2026-12,CALL,77500,214,,,25.48,21.18,325,20,141,6,,,,,
2026/09/18 18:03,2026-09-18T18:18:37+09:00,2026/09/24,2026/12/10,2026-12,PUT,77500,12570,,,,,,,,,,,,,
2026/09/18 18:03,2026-09-18T18:18:37+09:00,2026/09/24,2026/12/10,2026-12,CALL,77000,244,,,25.42,21.82,360,30,188,30,,,,,
2026/09/18 18:03,2026-09-18T18:18:37+09:00,2026/09/24,2026/12/10,2026-12,PUT,77000,12100,,,,,,,,,,,,,
2026/09/18 18:03,2026-09-18T18:18:37+09:00,2026/09/24,2026/12/10,2026-12,CALL,76250,287,,,24.75,20.88,385,11,191,3,,,,,
2026/09/18 18:03,2026-09-18T18:18:37+09:00,2026/09/24,2026/12/10,2026-12,PUT,76250,11395,,,,,,,,,,,,,
2026/09/18 18:03,2026-09-18T18:18:37+09:00,2026/09/24,2026/12/10,2026-12,CALL,76000,310,,,24.79,21.53,410,30,235,9,,,,,
2026/09/18 18:03,2026-09-18T18:18:37+09:00,2026/09/24,2026/12/10,2026-12,PUT,76000,11170,,,,,,,,,,,,,
2026/09/18 18:03,2026-09-18T18:18:37+09:00,2026/09/24,2026/12/10,2026-12,CALL,75750,325,,,24.65,21.35,425,11,243,3,,,,,
2026/09/18 18:03,2026-09-18T18:18:37+09:00,2026/09/24,2026/12/10,2026-12,PUT,75750,10935,,,30.17,,11185,4,9975,1,,,,,
2026/09/18 18:03,2026-09-18T18:18:37+09:00,2026/09/24,2026/12/10,2026-12,CALL,75500,350,,,24.66,21.13,450,20,250,20,,,,,
2026/09/18 18:03,2026-09-18T18:18:37+09:00,2026/09/24,2026/12/10,2026-12,PUT,75500,10710,,,30.05,,10960,8,9095,2,,,,,
2026/09/18 18:03,2026-09-18T18:18:37+09:00,2026/09/24,2026/12/10,2026-12,CALL,75250,365,,,24.49,21.07,465,11,265,11,,,,,
2026/09/18 18:03,2026-09-18T18:18:37+09:00,2026/09/24,2026/12/10,2026-12,PUT,75250,10475,,,29.79,,10725,4,8810,1,,,,,
2026/09/18 18:03,2026-09-18T18:18:37+09:00,2026/09/24,2026/12/10,2026-12,CALL,75000,385,,,24.39,21.63,485,30,315,9,,,,,
2026/09/18 18:03,2026-09-18T18:18:37+09:00,2026/09/24,2026/12/10,2026-12,PUT,75000,10250,,,29.59,,10495,12,8610,3,,,,,
2026/09/18 18:03,2026-09-18T18:18:37+09:00,2026/09/24,2026/12/10,2026-12,CALL,74750,405,,,25.26,20.98,575,2,300,3,,,,,
2026/09/18 18:03,2026-09-18T18:18:37+09:00,2026/09/24,2026/12/10,2026-12,PUT,74750,10020,,,29.43,,10270,4,8460,1,,,,,
2026/09/18 18:03,2026-09-18T18:18:37+09:00,2026/09/24,2026/12/10,2026-12,CALL,74500,445,,,24.43,21.38,545,18,345,18,,,,,
2026/09/18 18:03,2026-09-18T18:18:37+09:00,2026/09/24,2026/12/10,2026-12,PUT,74500,9810,,,29.39,,10055,8,8055,2,,,,,
2026/09/18 18:03,2026-09-18T18:18:37+09:00,2026/09/24,2026/12/10,2026-12,CALL,74250,465,,,24.28,21.32,565,10,365,10,,,,,
2026/09/18 18:03,2026-09-18T18:18:37+09:00,2026/09/24,2026/12/10,2026-12,PUT,74250,9580,,,29.21,,9830,4,7980,1,,,,,
2026/09/18 18:03,2026-09-18T18:18:37+09:00,2026/09/24,2026/12/10,2026-12,CALL,74000,495,,,24.12,21.86,585,27,425,6,,,,,
2026/09/18 18:03,2026-09-18T18:18:37+09:00,2026/09/24,2026/12/10,2026-12,PUT,74000,9365,,,29.13,,9615,12,7745,3,,,,,
2026/09/18 18:03,2026-09-18T18:18:37+09:00,2026/09/24,2026/12/10,2026-12,CALL,73750,520,,,24.47,21.22,645,10,410,2,,,,,
2026/09/18 18:03,2026-09-18T18:18:37+09:00,2026/09/24,2026/12/10,2026-12,PUT,73750,9140,,,28.93,,9390,4,7540,1,,,,,
2026/09/18 18:03,2026-09-18T18:18:37+09:00,2026/09/24,2026/12/10,2026-12,CALL,73500,550,,,24.4,21.89,675,18,485,4,,,,,
2026/09/18 18:03,2026-09-18T18:18:37+09:00,2026/09/24,2026/12/10,2026-12,PUT,73500,8915,,,28.72,,9165,8,7830,2,,,,,
2026/09/18 18:03,2026-09-18T18:18:37+09:00,2026/09/24,2026/12/10,2026-12,CALL,73250,585,,,24.37,21.32,710,10,475,2,,,,,
2026/09/18 18:03,2026-09-18T18:18:37+09:00,2026/09/24,2026/12/10,2026-12,PUT,73250,8705,,,28.61,,8950,1,6945,1,,,,,
2026/09/18 18:03,2026-09-18T18:18:37+09:00,2026/09/24,2026/12/10,2026-12,CALL,73000,630,,,24.5,21.9,760,27,550,6,,,,,
2026/09/18 18:03,2026-09-18T18:18:37+09:00,2026/09/24,2026/12/10,2026-12,PUT,73000,8500,,,28.59,,8745,12,6765,3,,,,,
2026/09/18 18:03,2026-09-18T18:18:37+09:00,2026/09/24,2026/12/10,2026-12,CALL,72750,655,,,24.26,21.26,780,10,535,2,,,,,
2026/09/18 18:03,2026-09-18T18:18:37+09:00,2026/09/24,2026/12/10,2026-12,PUT,72750,8275,,,28.4,,8525,4,6750,1,,,,,
2026/09/18 18:03,2026-09-18T18:18:37+09:00,2026/09/24,2026/12/10,2026-12,CALL,72500,705,,,24.35,21.51,830,18,590,4,,,,,
2026/09/18 18:03,2026-09-18T18:18:37+09:00,2026/09/24,2026/12/10,2026-12,PUT,72500,8075,,,28.39,,8325,8,6405,2,,,,,
2026/09/18 18:03,2026-09-18T18:18:37+09:00,2026/09/24,2026/12/10,2026-12,CALL,72250,730,,,24.14,21.97,855,1,665,2,,,,,
2026/09/18 18:03,2026-09-18T18:18:37+09:00,2026/09/24,2026/12/10,2026-12,PUT,72250,7850,,,28.12,,8100,4,6135,1,,,,,
2026/09/18 18:03,2026-09-18T18:18:37+09:00,2026/09/24,2026/12/10,2026-12,CALL,72000,790,,,24.3,22.13,915,21,720,3,,,,,
2026/09/18 18:03,2026-09-18T18:18:37+09:00,2026/09/24,2026/12/10,2026-12,PUT,72000,7665,,,28.24,,7915,12,6170,3,,,,,
2026/09/18 18:03,2026-09-18T18:18:37+09:00,2026/09/24,2026/12/10,2026-12,CALL,71750,825,,,24.42,21.53,975,8,710,1,,,,,
2026/09/18 18:03,2026-09-18T18:18:37+09:00,2026/09/24,2026/12/10,2026-12,PUT,71750,7450,,,28.04,,7700,4,5740,1,,,,,
2026/09/18 18:03,2026-09-18T18:18:37+09:00,2026/09/24,2026/12/10,2026-12,CALL,71500,875,,,24.42,21.82,1025,14,780,2,,,,,
2026/09/18 18:03,2026-09-18T18:18:37+09:00,2026/09/24,2026/12/10,2026-12,PUT,71500,7250,,,27.93,,7495,2,5695,2,,,,,
2026/09/18 18:03,2026-09-18T18:18:37+09:00,2026/09/24,2026/12/10,2026-12,CALL,71250,930,,,24.44,22.07,1080,8,850,1,,,,,
2026/09/18 18:03,2026-09-18T18:18:37+09:00,2026/09/24,2026/12/10,2026-12,PUT,71250,7055,,,27.94,,7305,4,5565,1,,,,,
2026/09/18 18:03,2026-09-18T18:18:37+09:00,2026/09/24,2026/12/10,2026-12,CALL,71000,975,,,24.35,22.18,1125,21,910,3,,,,,
2026/09/18 18:03,2026-09-18T18:18:37+09:00,2026/09/24,2026/12/10,2026-12,PUT,71000,6855,,,27.84,,7105,12,5375,3,,,,,
2026/09/18 18:03,2026-09-18T18:18:37+09:00,2026/09/24,2026/12/10,2026-12,CALL,70750,1025,,,24.77,21.65,1225,8,910,1,,,,,
2026/09/18 18:03,2026-09-18T18:18:37+09:00,2026/09/24,2026/12/10,2026-12,PUT,70750,6655,,,27.72,,6905,4,5155,1,,,,,
2026/09/18 18:03,2026-09-18T18:18:37+09:00,2026/09/24,2026/12/10,2026-12,CALL,70500,1080,,,24.72,22.36,1280,14,1035,2,,,,,
2026/09/18 18:03,2026-09-18T18:18:37+09:00,2026/09/24,2026/12/10,2026-12,PUT,70500,6460,,,27.59,,6705,8,4925,2,,,,,
2026/09/18 18:03,2026-09-18T18:18:37+09:00,2026/09/24,2026/12/10,2026-12,CALL,70250,1130,,,24.56,22.14,1325,1,1070,1,,,,,
2026/09/18 18:03,2026-09-18T18:18:37+09:00,2026/09/24,2026/12/10,2026-12,PUT,70250,6260,,,27.48,8.89,6510,4,4920,1,,,,,
2026/09/18 18:03,2026-09-18T18:18:37+09:00,2026/09/24,2026/12/10,2026-12,CALL,70000,1205,,,24.71,22.29,1405,21,1145,3,,,,,
2026/09/18 18:03,2026-09-18T18:18:37+09:00,2026/09/24,2026/12/10,2026-12,PUT,70000,6085,,,27.53,10.54,6335,12,4755,3,,,,,
2026/09/18 18:03,2026-09-18T18:18:37+09:00,2026/09/24,2026/12/10,2026-12,CALL,69750,1265,,,24.64,21.7,1465,7,1145,1,,,,,
2026/09/18 18:03,2026-09-18T18:18:37+09:00,2026/09/24,2026/12/10,2026-12,PUT,69750,5900,,,27.48,12.71,6150,4,4670,1,,,,,
2026/09/18 18:03,2026-09-18T18:18:37+09:00,2026/09/24,2026/12/10,2026-12,CALL,69500,1335,,,24.65,21.99,1535,12,1240,2,,,,,
2026/09/18 18:03,2026-09-18T18:18:37+09:00,2026/09/24,2026/12/10,2026-12,PUT,69500,5720,,,27.41,13.62,5965,8,4530,2,,,,,
2026/09/18 18:03,2026-09-18T18:18:37+09:00,2026/09/24,2026/12/10,2026-12,CALL,69250,1400,,,24.59,21.74,1600,7,1280,1,,,,,
2026/09/18 18:03,2026-09-18T18:18:37+09:00,2026/09/24,2026/12/10,2026-12,PUT,69250,5535,,,27.32,17.02,5780,1,4645,1,,,,,
2026/09/18 18:03,2026-09-18T18:18:37+09:00,2026/09/24,2026/12/10,2026-12,CALL,69000,1470,,,24.55,22.36,1670,18,1420,3,,,,,
2026/09/18 18:03,2026-09-18T18:18:37+09:00,2026/09/24,2026/12/10,2026-12,PUT,69000,5355,,,27.29,19.71,5605,12,4740,3,,,,,
2026/09/18 18:03,2026-09-18T18:18:37+09:00,2026/09/24,2026/12/10,2026-12,CALL,68750,1550,,,24.57,21.81,1750,7,1430,1,,,,,
2026/09/18 18:03,2026-09-18T18:18:37+09:00,2026/09/24,2026/12/10,2026-12,PUT,68750,5185,,,27.29,14.43,5435,4,4000,1,,,,,
2026/09/18 18:03,2026-09-18T18:18:37+09:00,2026/09/24,2026/12/10,2026-12,CALL,68500,1620,,,24.28,23.39,1795,2,1690,2,,,,,
2026/09/18 18:03,2026-09-18T18:18:37+09:00,2026/09/24,2026/12/10,2026-12,PUT,68500,5005,,,27.18,22.96,5255,8,4755,2,,,,,
2026/09/18 18:03,2026-09-18T18:18:37+09:00,2026/09/24,2026/12/10,2026-12,CALL,68250,1700,,,24.3,23.5,1880,1,1785,1,,,,,
2026/09/18 18:03,2026-09-18T18:18:37+09:00,2026/09/24,2026/12/10,2026-12,PUT,68250,4840,,,27.13,23,5085,1,4590,1,,,,,
2026/09/18 18:03,2026-09-18T18:18:37+09:00,2026/09/24,2026/12/10,2026-12,CALL,68125,1745,,,24.33,23.53,1925,6,1830,1,,,,,
2026/09/18 18:03,2026-09-18T18:18:37+09:00,2026/09/24,2026/12/10,2026-12,PUT,68125,4755,,,27.15,22.99,5005,4,4505,1,,,,,
2026/09/18 18:03,2026-09-18T18:18:37+09:00,2026/09/24,2026/12/10,2026-12,CALL,68000,1785,,,24.34,23.43,1970,18,1860,18,,,,,
2026/09/18 18:03,2026-09-18T18:18:37+09:00,2026/09/24,2026/12/10,2026-12,PUT,68000,4675,,,27.11,23.01,4920,12,4425,3,,,,,
2026/09/18 18:03,2026-09-18T18:18:37+09:00,2026/09/24,2026/12/10,2026-12,CALL,67875,1850,,,24.35,23.44,2015,6,1905,1,,,,,
2026/09/18 18:03,2026-09-18T18:18:37+09:00,2026/09/24,2026/12/10,2026-12,PUT,67875,4615,,,27.32,23.19,4865,4,4365,1,,,,,
2026/09/18 18:03,2026-09-18T18:18:37+09:00,2026/09/24,2026/12/10,2026-12,CALL,67750,1895,,,24.36,23.45,2060,6,1950,1,,,,,
2026/09/18 18:03,2026-09-18T18:18:37+09:00,2026/09/24,2026/12/10,2026-12,PUT,67750,4535,,,27.31,23.2,4785,4,4285,1,,,,,
2026/09/18 18:03,2026-09-18T18:18:37+09:00,2026/09/24,2026/12/10,2026-12,CALL,67625,1940,,,24.4,23.49,2110,5,2000,1,,,,,
2026/09/18 18:03,2026-09-18T18:18:37+09:00,2026/09/24,2026/12/10,2026-12,PUT,67625,4455,,,27.26,23.21,4700,1,4205,1,,,,,
2026/09/18 18:03,2026-09-18T18:18:37+09:00,2026/09/24,2026/12/10,2026-12,CALL,67500,1975,,,24.39,23.49,2155,10,2045,10,,,,,
2026/09/18 18:03,2026-09-18T18:18:37+09:00,2026/09/24,2026/12/10,2026-12,PUT,67500,4365,,,27.2,23.12,4615,8,4115,2,,,,,
2026/09/18 18:03,2026-09-18T18:18:37+09:00,2026/09/24,2026/12/10,2026-12,CALL,67375,2035,,,24.42,23.64,2205,5,2110,1,,,,,
2026/09/18 18:03,2026-09-18T18:18:37+09:00,2026/09/24,2026/12/10,2026-12,PUT,67375,4300,,,27.3,23.23,4550,4,4050,1,,,,,
2026/09/18 18:03,2026-09-18T18:18:37+09:00,2026/09/24,2026/12/10,2026-12,CALL,67250,2065,,,24.44,23.54,2255,1,2145,1,,,,,
2026/09/18 18:03,2026-09-18T18:18:37+09:00,2026/09/24,2026/12/10,2026-12,PUT,67250,4205,,,27.15,23.09,4455,4,3955,4,,,,,
2026/09/18 18:03,2026-09-18T18:18:37+09:00,2026/09/24,2026/12/10,2026-12,CALL,67125,2110,,,24.49,23.6,2310,5,2200,1,,,,,
2026/09/18 18:03,2026-09-18T18:18:37+09:00,2026/09/24,2026/12/10,2026-12,PUT,67125,4125,,,27.12,23.07,4375,4,3875,4,,,,,
2026/09/18 18:03,2026-09-18T18:18:37+09:00,2026/09/24,2026/12/10,2026-12,CALL,67000,2160,,,24.5,23.61,2360,15,2250,15,,,,,
2026/09/18 18:03,2026-09-18T18:18:37+09:00,2026/09/24,2026/12/10,2026-12,PUT,67000,4055,,,27.04,23.13,4290,3,3805,15,,,,,
2026/09/18 18:03,2026-09-18T18:18:37+09:00,2026/09/24,2026/12/10,2026-12,CALL,66875,2210,,,24.54,23.66,2415,5,2305,1,,,,,
2026/09/18 18:03,2026-09-18T18:18:37+09:00,2026/09/24,2026/12/10,2026-12,PUT,66875,3980,,,24.83,23.29,3940,1,3750,1,,,,,
2026/09/18 18:03,2026-09-18T18:18:37+09:00,2026/09/24,2026/12/10,2026-12,CALL,66750,2270,,,24.54,23.77,2465,2,2370,1,,,,,
2026/09/18 18:03,2026-09-18T18:18:37+09:00,2026/09/24,2026/12/10,2026-12,PUT,66750,3915,,,24.66,23.73,3845,21,3730,1,,,,,
2026/09/18 18:03,2026-09-18T18:18:37+09:00,2026/09/24,2026/12/10,2026-12,CALL,66625,2325,,,24.57,23.81,2520,5,2425,1,,,,,
2026/09/18 18:03,2026-09-18T18:18:37+09:00,2026/09/24,2026/12/10,2026-12,PUT,66625,3845,,,24.65,23.76,3770,1,3660,1,,,,,
2026/09/18 18:03,2026-09-18T18:18:37+09:00,2026/09/24,2026/12/10,2026-12,CALL,66500,2385,,,24.63,23.75,2580,10,2470,2,,,,,
2026/09/18 18:03,2026-09-18T18:18:37+09:00,2026/09/24,2026/12/10,2026-12,PUT,66500,3780,,,24.67,23.79,3700,2,3590,2,,,,,
2026/09/18 18:03,2026-09-18T18:18:37+09:00,2026/09/24,2026/12/10,2026-12,CALL,66375,2440,,,24.65,23.77,2635,5,2525,1,,,,,
2026/09/18 18:03,2026-09-18T18:18:37+09:00,2026/09/24,2026/12/10,2026-12,PUT,66375,3710,,,24.73,23.85,3635,1,3525,1,,,,,
2026/09/18 18:03,2026-09-18T18:18:37+09:00,2026/09/24,2026/12/10,2026-12,CALL,66250,2495,,,24.66,23.78,2690,2,2580,1,,,,,
2026/09/18 18:03,2026-09-18T18:18:37+09:00,2026/09/24,2026/12/10,2026-12,PUT,66250,3640,,,24.78,23.9,3570,1,3460,1,,,,,
2026/09/18 18:03,2026-09-18T18:18:37+09:00,2026/09/24,2026/12/10,2026-12,CALL,66125,2545,,,24.7,23.82,2750,5,2640,1,,,,,
2026/09/18 18:03,2026-09-18T18:18:37+09:00,2026/09/24,2026/12/10,2026-12,PUT,66125,3570,,,24.7,23.9,3490,1,3390,5,,,,,
2026/09/18 18:03,2026-09-18T18:18:37+09:00,2026/09/24,2026/12/10,2026-12,CALL,66000,2600,,,24.74,23.86,2810,16,2700,15,,,,,
2026/09/18 18:03,2026-09-18T18:18:37+09:00,2026/09/24,2026/12/10,2026-12,PUT,66000,3495,,,24.82,23.94,3435,15,3325,15,,,,,
2026/09/18 18:03,2026-09-18T18:18:37+09:00,2026/09/24,2026/12/10,2026-12,CALL,65875,2660,,,24.77,23.93,2870,1,2765,1,,,,,
2026/09/18 18:03,2026-09-18T18:18:37+09:00,2026/09/24,2026/12/10,2026-12,PUT,65875,3435,,,24.85,23.97,3370,1,3260,5,,,,,
2026/09/18 18:03,2026-09-18T18:18:37+09:00,2026/09/24,2026/12/10,2026-12,CALL,65750,2720,,,24.8,23.92,2930,2,2820,1,,,,,
2026/09/18 18:03,2026-09-18T18:18:37+09:00,2026/09/24,2026/12/10,2026-12,PUT,65750,3370,,,24.8,24.04,3295,1,3200,1,,,,,
2026/09/18 18:03,2026-09-18T18:18:37+09:00,2026/09/24,2026/12/10,2026-12,CALL,65625,2780,,,24.82,23.94,2990,1,2880,1,,,,,
2026/09/18 18:03,2026-09-18T18:18:37+09:00,2026/09/24,2026/12/10,2026-12,PUT,65625,3305,,,24.94,24.06,3245,1,3135,5,,,,,
2026/09/18 18:03,2026-09-18T18:18:37+09:00,2026/09/24,2026/12/10,2026-12,CALL,65500,2845,,,24.87,23.99,3055,3,2945,2,,,,,
2026/09/18 18:03,2026-09-18T18:18:37+09:00,2026/09/24,2026/12/10,2026-12,PUT,65500,3245,,,24.95,24.07,3180,2,3070,10,,,,,
2026/09/18 18:03,2026-09-18T18:18:37+09:00,2026/09/24,2026/12/10,2026-12,CALL,65375,2895,,,24.92,23.96,3120,1,3000,1,,,,,
2026/09/18 18:03,2026-09-18T18:18:37+09:00,2026/09/24,2026/12/10,2026-12,PUT,65375,3165,,,25.04,24.16,3125,5,3015,1,,,,,
2026/09/18 18:03,2026-09-18T18:18:37+09:00,2026/09/24,2026/12/10,2026-12,CALL,65250,2975,,,25.28,21.27,3225,6,2725,6,,,,,
2026/09/18 18:03,2026-09-18T18:18:37+09:00,2026/09/24,2026/12/10,2026-12,PUT,65250,3125,,,25.04,24.16,3060,1,2950,6,,,,,
2026/09/18 18:03,2026-09-18T18:18:37+09:00,2026/09/24,2026/12/10,2026-12,CALL,65125,3020,,,25.15,21.54,3270,1,2820,1,,,,,
2026/09/18 18:03,2026-09-18T18:18:37+09:00,2026/09/24,2026/12/10,2026-12,PUT,65125,3045,,,25.11,24.23,3005,5,2895,5,,,,,
2026/09/18 18:03,2026-09-18T18:18:37+09:00,2026/09/24,2026/12/10,2026-12,CALL,65000,3070,,,25.06,21.32,3320,3,2855,3,,,,,
2026/09/18 18:03,2026-09-18T18:18:37+09:00,2026/09/24,2026/12/10,2026-12,PUT,65000,2970,,,24.94,24.26,2920,3,2835,15,,,,,
2026/09/18 18:03,2026-09-18T18:18:37+09:00,2026/09/24,2026/12/10,2026-12,CALL,64875,3145,,,25.16,21.13,3395,1,2895,4,,,,,
2026/09/18 18:03,2026-09-18T18:18:37+09:00,2026/09/24,2026/12/10,2026-12,PUT,64875,2920,,,25.2,24.32,2890,5,2780,5,,,,,
2026/09/18 18:03,2026-09-18T18:18:37+09:00,2026/09/24,2026/12/10,2026-12,CALL,64750,3205,,,29.46,21.1,3990,1,2955,4,,,,,
2026/09/18 18:03,2026-09-18T18:18:37+09:00,2026/09/24,2026/12/10,2026-12,PUT,64750,2855,,,25.1,24.33,2815,1,2720,1,,,,,
2026/09/18 18:03,2026-09-18T18:18:37+09:00,2026/09/24,2026/12/10,2026-12,CALL,64625,3275,,,27.25,21.14,3780,1,3025,4,,,,,
2026/09/18 18:03,2026-09-18T18:18:37+09:00,2026/09/24,2026/12/10,2026-12,PUT,64625,2800,,,25.15,24.38,2760,1,2665,5,,,,,
2026/09/18 18:03,2026-09-18T18:18:37+09:00,2026/09/24,2026/12/10,2026-12,CALL,64500,3340,,,27.58,21.13,3885,2,3090,8,,,,,
2026/09/18 18:03,2026-09-18T18:18:37+09:00,2026/09/24,2026/12/10,2026-12,PUT,64500,2740,,,25.15,24.42,2700,2,2610,10,,,,,
2026/09/18 18:03,2026-09-18T18:18:37+09:00,2026/09/24,2026/12/10,2026-12,CALL,64375,3415,,,30.35,21.23,4290,1,3170,1,,,,,
2026/09/18 18:03,2026-09-18T18:18:37+09:00,2026/09/24,2026/12/10,2026-12,PUT,64375,2695,,,25.39,24.49,2670,5,2560,1,,,,,
2026/09/18 18:03,2026-09-18T18:18:37+09:00,2026/09/24,2026/12/10,2026-12,CALL,64250,3485,,,30.55,21.25,4380,1,3240,1,,,,,
2026/09/18 18:03,2026-09-18T18:18:37+09:00,2026/09/24,2026/12/10,2026-12,PUT,64250,2640,,,25.42,24.52,2615,1,2505,1,,,,,
2026/09/18 18:03,2026-09-18T18:18:37+09:00,2026/09/24,2026/12/10,2026-12,CALL,64125,3555,,,27.69,21.21,4095,1,3305,4,,,,,
2026/09/18 18:03,2026-09-18T18:18:37+09:00,2026/09/24,2026/12/10,2026-12,PUT,64125,2585,,,25.48,24.58,2565,6,2455,1,,,,,
2026/09/18 18:03,2026-09-18T18:18:37+09:00,2026/09/24,2026/12/10,2026-12,CALL,64000,3645,,,28.91,21.42,4310,3,3400,12,,,,,
2026/09/18 18:03,2026-09-18T18:18:37+09:00,2026/09/24,2026/12/10,2026-12,PUT,64000,2525,,,25.3,24.6,2485,3,2400,18,,,,,
2026/09/18 18:03,2026-09-18T18:18:37+09:00,2026/09/24,2026/12/10,2026-12,CALL,63875,3700,,,31.31,21.25,4670,1,3450,4,,,,,
2026/09/18 18:03,2026-09-18T18:18:37+09:00,2026/09/24,2026/12/10,2026-12,PUT,63875,2480,,,25.47,24.65,2450,1,2350,6,,,,,
2026/09/18 18:03,2026-09-18T18:18:37+09:00,2026/09/24,2026/12/10,2026-12,CALL,63750,3765,,,32.7,21.19,4905,1,3515,4,,,,,
2026/09/18 18:03,2026-09-18T18:18:37+09:00,2026/09/24,2026/12/10,2026-12,PUT,63750,2420,,,27.09,23.61,2590,1,2170,7,,,,,
2026/09/18 18:03,2026-09-18T18:18:37+09:00,2026/09/24,2026/12/10,2026-12,CALL,63625,3840,,,33.26,21.25,5040,1,3595,1,,,,,
2026/09/18 18:03,2026-09-18T18:18:37+09:00,2026/09/24,2026/12/10,2026-12,PUT,63625,2370,,,27.1,23.64,2535,1,2120,6,,,,,
2026/09/18 18:03,2026-09-18T18:18:37+09:00,2026/09/24,2026/12/10,2026-12,CALL,63500,3920,,,32.21,21.31,4980,2,3675,2,,,,,
2026/09/18 18:03,2026-09-18T18:18:37+09:00,2026/09/24,2026/12/10,2026-12,PUT,63500,2325,,,26.93,23.71,2460,2,2075,12,,,,,
2026/09/18 18:03,2026-09-18T18:18:37+09:00,2026/09/24,2026/12/10,2026-12,CALL,63375,4045,,,28.85,21.69,4645,1,3795,4,,,,,
2026/09/18 18:03,2026-09-18T18:18:37+09:00,2026/09/24,2026/12/10,2026-12,PUT,63375,2325,,,27.22,24.15,2440,1,2075,6,,,,,
2026/09/18 18:03,2026-09-18T18:18:37+09:00,2026/09/24,2026/12/10,2026-12,CALL,63250,4135,,,33.35,21.82,5255,1,3885,4,,,,,
2026/09/18 18:03,2026-09-18T18:18:37+09:00,2026/09/24,2026/12/10,2026-12,PUT,63250,2290,,,27.29,24.29,2395,1,2040,7,,,,,
2026/09/18 18:03,2026-09-18T18:18:37+09:00,2026/09/24,2026/12/10,2026-12,CALL,63125,4240,,,26.34,22.07,4490,1,3990,4,,,,,
2026/09/18 18:03,2026-09-18T18:18:37+09:00,2026/09/24,2026/12/10,2026-12,PUT,63125,2275,,,26.8,24.6,2285,1,2025,6,,,,,
2026/09/18 18:03,2026-09-18T18:18:37+09:00,2026/09/24,2026/12/10,2026-12,CALL,63000,4285,,,33.66,21.79,5430,3,4035,12,,,,,
2026/09/18 18:03,2026-09-18T18:18:37+09:00,2026/09/24,2026/12/10,2026-12,PUT,63000,2190,,,26.82,24.3,2235,3,1940,18,,,,,
2026/09/18 18:03,2026-09-18T18:18:37+09:00,2026/09/24,2026/12/10,2026-12,CALL,62875,4355,,,33.78,21.77,5515,1,4110,1,,,,,
2026/09/18 18:03,2026-09-18T18:18:37+09:00,2026/09/24,2026/12/10,2026-12,PUT,62875,2140,,,27.42,24.29,2255,1,1890,6,,,,,
2026/09/18 18:03,2026-09-18T18:18:37+09:00,2026/09/24,2026/12/10,2026-12,CALL,62750,4420,,,33.9,21.6,5600,1,4170,4,,,,,
2026/09/18 18:03,2026-09-18T18:18:37+09:00,2026/09/24,2026/12/10,2026-12,PUT,62750,2080,,,27.47,24.19,2210,1,1830,7,,,,,
2026/09/18 18:03,2026-09-18T18:18:37+09:00,2026/09/24,2026/12/10,2026-12,CALL,62625,4545,,,34.74,22.01,5770,1,4295,4,,,,,
2026/09/18 18:03,2026-09-18T18:18:37+09:00,2026/09/24,2026/12/10,2026-12,PUT,62625,2075,,,27.52,24.56,2165,1,1825,6,,,,,
2026/09/18 18:03,2026-09-18T18:18:37+09:00,2026/09/24,2026/12/10,2026-12,CALL,62500,4575,,,35.79,21.6,5965,2,4330,2,,,,,
2026/09/18 18:03,2026-09-18T18:18:37+09:00,2026/09/24,2026/12/10,2026-12,PUT,62500,1985,,,27.38,24.62,2100,2,1785,12,,,,,
2026/09/18 18:03,2026-09-18T18:18:37+09:00,2026/09/24,2026/12/10,2026-12,CALL,62375,4650,,,36.46,21.49,6115,1,4400,4,,,,,
2026/09/18 18:03,2026-09-18T18:18:37+09:00,2026/09/24,2026/12/10,2026-12,PUT,62375,1935,,,27.15,24.59,2025,1,1735,7,,,,,
2026/09/18 18:03,2026-09-18T18:18:37+09:00,2026/09/24,2026/12/10,2026-12,CALL,62250,4735,,,37.59,21.51,6320,1,4485,4,,,,,
2026/09/18 18:03,2026-09-18T18:18:37+09:00,2026/09/24,2026/12/10,2026-12,PUT,62250,1895,,,27.7,24.64,2040,1,1695,8,,,,,
2026/09/18 18:03,2026-09-18T18:18:37+09:00,2026/09/24,2026/12/10,2026-12,CALL,62125,4835,,,36.63,21.67,6280,1,4585,4,,,,,
2026/09/18 18:03,2026-09-18T18:18:37+09:00,2026/09/24,2026/12/10,2026-12,PUT,62125,1870,,,27.76,24.82,2000,1,1670,7,,,,,
2026/09/18 18:03,2026-09-18T18:18:37+09:00,2026/09/24,2026/12/10,2026-12,CALL,62000,4925,,,32.66,21.72,5895,3,4675,12,,,,,
2026/09/18 18:03,2026-09-18T18:18:37+09:00,2026/09/24,2026/12/10,2026-12,PUT,62000,1835,,,27.29,24.9,1900,3,1635,21,,,,,
2026/09/18 18:03,2026-09-18T18:18:37+09:00,2026/09/24,2026/12/10,2026-12,CALL,61875,4990,,,36.15,21.53,6370,1,4740,4,,,,,
2026/09/18 18:03,2026-09-18T18:18:37+09:00,2026/09/24,2026/12/10,2026-12,PUT,61875,1775,,,27.87,24.75,1920,1,1575,7,,,,,
2026/09/18 18:03,2026-09-18T18:18:37+09:00,2026/09/24,2026/12/10,2026-12,CALL,61750,5075,,,33.04,21.57,6090,1,4830,1,,,,,
2026/09/18 18:03,2026-09-18T18:18:37+09:00,2026/09/24,2026/12/10,2026-12,PUT,61750,1740,,,27.97,24.82,1885,1,1540,8,,,,,
2026/09/18 18:03,2026-09-18T18:18:37+09:00,2026/09/24,2026/12/10,2026-12,CALL,61625,5180,,,38.21,21.74,6755,1,4935,1,,,,,
2026/09/18 18:03,2026-09-18T18:18:37+09:00,2026/09/24,2026/12/10,2026-12,PUT,61625,1720,,,27.55,25.02,1795,1,1520,7,,,,,
2026/09/18 18:03,2026-09-18T18:18:37+09:00,2026/09/24,2026/12/10,2026-12,CALL,61500,5250,,,37.47,21.52,6745,2,5000,8,,,,,
2026/09/18 18:03,2026-09-18T18:18:37+09:00,2026/09/24,2026/12/10,2026-12,PUT,61500,1665,,,27.35,24.89,1730,2,1465,14,,,,,
2026/09/18 18:03,2026-09-18T18:18:37+09:00,2026/09/24,2026/12/10,2026-12,CALL,61375,5345,,,38.39,21.59,6925,1,5095,4,,,,,
2026/09/18 18:03,2026-09-18T18:18:37+09:00,2026/09/24,2026/12/10,2026-12,PUT,61375,1635,,,28.17,24.99,1775,1,1435,7,,,,,
2026/09/18 18:03,2026-09-18T18:18:37+09:00,2026/09/24,2026/12/10,2026-12,CALL,61250,5450,,,38.04,21.74,6960,1,5200,4,,,,,
2026/09/18 18:03,2026-09-18T18:18:37+09:00,2026/09/24,2026/12/10,2026-12,PUT,61250,1615,,,28.19,25.17,1735,1,1415,8,,,,,
2026/09/18 18:03,2026-09-18T18:18:37+09:00,2026/09/24,2026/12/10,2026-12,CALL,61125,5530,,,37.94,21.64,7025,1,5280,4,,,,,
2026/09/18 18:03,2026-09-18T18:18:37+09:00,2026/09/24,2026/12/10,2026-12,PUT,61125,1570,,,28.26,25.12,1700,1,1370,7,,,,,
2026/09/18 18:03,2026-09-18T18:18:37+09:00,2026/09/24,2026/12/10,2026-12,CALL,61000,5635,,,39.27,21.84,7250,3,5390,12,,,,,
2026/09/18 18:03,2026-09-18T18:18:37+09:00,2026/09/24,2026/12/10,2026-12,PUT,61000,1550,,,27.32,25.29,1560,3,1350,21,,,,,
2026/09/18 18:03,2026-09-18T18:18:37+09:00,2026/09/24,2026/12/10,2026-12,CALL,60875,5695,,,38.4,21.45,7230,1,5445,4,,,,,
2026/09/18 18:03,2026-09-18T18:18:37+09:00,2026/09/24,2026/12/10,2026-12,PUT,60875,1485,,,28.42,25.02,1635,1,1285,7,,,,,
2026/09/18 18:03,2026-09-18T18:18:37+09:00,2026/09/24,2026/12/10,2026-12,CALL,60750,5790,,,38.65,21.53,7335,1,5545,1,,,,,
2026/09/18 18:03,2026-09-18T18:18:37+09:00,2026/09/24,2026/12/10,2026-12,PUT,60750,1455,,,28.47,25.09,1600,1,1255,8,,,,,
2026/09/18 18:03,2026-09-18T18:18:37+09:00,2026/09/24,2026/12/10,2026-12,CALL,60625,5895,,,40.03,21.6,7565,1,5645,4,,,,,
2026/09/18 18:03,2026-09-18T18:18:37+09:00,2026/09/24,2026/12/10,2026-12,PUT,60625,1435,,,28.08,25.25,1520,1,1235,7,,,,,
2026/09/18 18:03,2026-09-18T18:18:37+09:00,2026/09/24,2026/12/10,2026-12,CALL,60500,5980,,,41.59,21.5,7815,2,5730,8,,,,,
2026/09/18 18:03,2026-09-18T18:18:37+09:00,2026/09/24,2026/12/10,2026-12,PUT,60500,1400,,,27.91,25.26,1465,2,1200,14,,,,,
2026/09/18 18:03,2026-09-18T18:18:37+09:00,2026/09/24,2026/12/10,2026-12,CALL,60250,6155,,,41.32,21.31,7940,1,5905,4,,,,,
2026/09/18 18:03,2026-09-18T18:18:37+09:00,2026/09/24,2026/12/10,2026-12,PUT,60250,1325,,,28.76,25.19,1475,1,1125,8,,,,,
2026/09/18 18:03,2026-09-18T18:18:37+09:00,2026/09/24,2026/12/10,2026-12,CALL,60000,6360,,,41.58,21.43,8125,3,6110,12,,,,,
2026/09/18 18:03,2026-09-18T18:18:37+09:00,2026/09/24,2026/12/10,2026-12,PUT,60000,1275,,1,28.39,26.74,1365,3,1205,3,27.13,,,1230,09/18 17:00
