qri_update_time,collected_at,trading_day,last_trading_day,contract,option_type,strike,settlement,open_interest,volume,ask_iv,bid_iv,ask_price,ask_quantity,bid_price,bid_quantity,iv,change,change_percent,last_price,trade_time
2026/08/20 16:53,2026-08-20T17:08:10+09:00,2026/08/21,2026/09/10,2026-09,CALL,67625,1415,,,,,,,,,,,,,
2026/08/20 16:53,2026-08-20T17:08:10+09:00,2026/08/21,2026/09/10,2026-09,PUT,67625,2675,,,,,,,,,,,,,
2026/08/20 16:53,2026-08-20T17:08:10+09:00,2026/08/21,2026/09/10,2026-09,CALL,67500,1450,,,52.22,3.23,2880,1,3,10,,,,,
2026/08/20 16:53,2026-08-20T17:08:10+09:00,2026/08/21,2026/09/10,2026-09,PUT,67500,2605,,,,,,,3,10,,,,,
2026/08/20 16:53,2026-08-20T17:08:10+09:00,2026/08/21,2026/09/10,2026-09,CALL,67375,1530,,,,,,,,,,,,,
2026/08/20 16:53,2026-08-20T17:08:10+09:00,2026/08/21,2026/09/10,2026-09,PUT,67375,2545,,,,,,,,,,,,,
2026/08/20 16:53,2026-08-20T17:08:10+09:00,2026/08/21,2026/09/10,2026-09,CALL,67250,1580,,,,2.62,,,3,10,,,,,
2026/08/20 16:53,2026-08-20T17:08:10+09:00,2026/08/21,2026/09/10,2026-09,PUT,67250,2470,,,,,,,0,3,,,,,
2026/08/20 16:53,2026-08-20T17:08:10+09:00,2026/08/21,2026/09/10,2026-09,CALL,67125,1635,,,,,,,,,,,,,
2026/08/20 16:53,2026-08-20T17:08:10+09:00,2026/08/21,2026/09/10,2026-09,PUT,67125,2400,,,,,,,,,,,,,
2026/08/20 16:53,2026-08-20T17:08:10+09:00,2026/08/21,2026/09/10,2026-09,CALL,67000,1680,,,,1.99,,,3,10,,,,,
2026/08/20 16:53,2026-08-20T17:08:10+09:00,2026/08/21,2026/09/10,2026-09,PUT,67000,2330,,,102.51,9.63,7000,1,1000,5,,,,,
2026/08/20 16:53,2026-08-20T17:08:10+09:00,2026/08/21,2026/09/10,2026-09,CALL,66875,1760,,,,,,,,,,,,,
2026/08/20 16:53,2026-08-20T17:08:10+09:00,2026/08/21,2026/09/10,2026-09,PUT,66875,2275,,,,,,,,,,,,,
2026/08/20 16:53,2026-08-20T17:08:10+09:00,2026/08/21,2026/09/10,2026-09,CALL,66750,1800,,,,1.32,,,3,10,,,,,
2026/08/20 16:53,2026-08-20T17:08:10+09:00,2026/08/21,2026/09/10,2026-09,PUT,66750,2205,,,,,,,3,10,,,,,
2026/08/20 16:53,2026-08-20T17:08:10+09:00,2026/08/21,2026/09/10,2026-09,CALL,66625,1880,,,37.88,,2335,1,,,,,,,
2026/08/20 16:53,2026-08-20T17:08:10+09:00,2026/08/21,2026/09/10,2026-09,PUT,66625,2145,,,,,,,1,3,,,,,
2026/08/20 16:53,2026-08-20T17:08:10+09:00,2026/08/21,2026/09/10,2026-09,CALL,66500,1885,,,,0.58,,,3,10,,,,,
2026/08/20 16:53,2026-08-20T17:08:10+09:00,2026/08/21,2026/09/10,2026-09,PUT,66500,2080,,,,,,,0,2,,,,,
2026/08/20 16:53,2026-08-20T17:08:10+09:00,2026/08/21,2026/09/10,2026-09,CALL,66375,2010,,,,,,,,,,,,,
2026/08/20 16:53,2026-08-20T17:08:10+09:00,2026/08/21,2026/09/10,2026-09,PUT,66375,2030,,,,,,,,,,,,,
2026/08/20 16:53,2026-08-20T17:08:10+09:00,2026/08/21,2026/09/10,2026-09,CALL,66250,2070,,,,,,,3,10,,,,,
2026/08/20 16:53,2026-08-20T17:08:10+09:00,2026/08/21,2026/09/10,2026-09,PUT,66250,1970,,,,0.49,,,3,10,,,,,
2026/08/20 16:53,2026-08-20T17:08:10+09:00,2026/08/21,2026/09/10,2026-09,CALL,66125,2130,,,,,,,,,,,,,
2026/08/20 16:53,2026-08-20T17:08:10+09:00,2026/08/21,2026/09/10,2026-09,PUT,66125,1905,,,,,,,,,,,,,
2026/08/20 16:53,2026-08-20T17:08:10+09:00,2026/08/21,2026/09/10,2026-09,CALL,66000,2210,,,,,,,3,10,,,,,
2026/08/20 16:53,2026-08-20T17:08:10+09:00,2026/08/21,2026/09/10,2026-09,PUT,66000,1890,,,45.96,1.24,2800,3,3,10,,,,,
2026/08/20 16:53,2026-08-20T17:08:10+09:00,2026/08/21,2026/09/10,2026-09,CALL,65875,2260,,,,,,,,,,,,,
2026/08/20 16:53,2026-08-20T17:08:10+09:00,2026/08/21,2026/09/10,2026-09,PUT,65875,1800,,,,,,,,,,,,,
2026/08/20 16:53,2026-08-20T17:08:10+09:00,2026/08/21,2026/09/10,2026-09,CALL,65750,2345,,,,,,,3,10,,,,,
2026/08/20 16:53,2026-08-20T17:08:10+09:00,2026/08/21,2026/09/10,2026-09,PUT,65750,1740,,,,1.93,,,3,10,,,,,
2026/08/20 16:53,2026-08-20T17:08:10+09:00,2026/08/21,2026/09/10,2026-09,CALL,65625,2420,,,,,,,,,,,,,
2026/08/20 16:53,2026-08-20T17:08:10+09:00,2026/08/21,2026/09/10,2026-09,PUT,65625,1685,,,,,,,,,,,,,
2026/08/20 16:53,2026-08-20T17:08:10+09:00,2026/08/21,2026/09/10,2026-09,CALL,65500,2500,,,,,,,3,10,,,,,
2026/08/20 16:53,2026-08-20T17:08:10+09:00,2026/08/21,2026/09/10,2026-09,PUT,65500,1655,,,,2.58,,,3,10,,,,,
2026/08/20 16:53,2026-08-20T17:08:10+09:00,2026/08/21,2026/09/10,2026-09,CALL,65375,2560,,,,,,,,,,,,,
2026/08/20 16:53,2026-08-20T17:08:10+09:00,2026/08/21,2026/09/10,2026-09,PUT,65375,1595,,,,,,,,,,,,,
2026/08/20 16:53,2026-08-20T17:08:10+09:00,2026/08/21,2026/09/10,2026-09,CALL,65250,2660,,,,,,,3,10,,,,,
2026/08/20 16:53,2026-08-20T17:08:10+09:00,2026/08/21,2026/09/10,2026-09,PUT,65250,1550,,,,19.86,,,800,1,,,,,
2026/08/20 16:53,2026-08-20T17:08:10+09:00,2026/08/21,2026/09/10,2026-09,CALL,65125,2720,,,,,,,,,,,,,
2026/08/20 16:53,2026-08-20T17:08:10+09:00,2026/08/21,2026/09/10,2026-09,PUT,65125,1490,,,,,,,,,,,,,
2026/08/20 16:53,2026-08-20T17:08:10+09:00,2026/08/21,2026/10/08,2026-10,CALL,67250,2320,,,,2.09,,,1,8,,,,,
2026/08/20 16:53,2026-08-20T17:08:10+09:00,2026/08/21,2026/10/08,2026-10,PUT,67250,3605,,,,,,,,,,,,,
2026/08/20 16:53,2026-08-20T17:08:10+09:00,2026/08/21,2026/10/08,2026-10,CALL,67125,2375,,,,,,,,,,,,,
2026/08/20 16:53,2026-08-20T17:08:10+09:00,2026/08/21,2026/10/08,2026-10,PUT,67125,3540,,,,,,,,,,,,,
2026/08/20 16:53,2026-08-20T17:08:10+09:00,2026/08/21,2026/10/08,2026-10,CALL,67000,2435,,,,1.73,,,1,1,,,,,
2026/08/20 16:53,2026-08-20T17:08:10+09:00,2026/08/21,2026/10/08,2026-10,PUT,67000,3465,,,,,,,,,,,,,
2026/08/20 16:53,2026-08-20T17:08:10+09:00,2026/08/21,2026/10/08,2026-10,CALL,66875,2490,,,,,,,,,,,,,
2026/08/20 16:53,2026-08-20T17:08:10+09:00,2026/08/21,2026/10/08,2026-10,PUT,66875,3405,,,,,,,,,,,,,
2026/08/20 16:53,2026-08-20T17:08:10+09:00,2026/08/21,2026/10/08,2026-10,CALL,66750,2555,,,,,,,,,,,,,
2026/08/20 16:53,2026-08-20T17:08:10+09:00,2026/08/21,2026/10/08,2026-10,PUT,66750,3340,,,,,,,,,,,,,
2026/08/20 16:53,2026-08-20T17:08:10+09:00,2026/08/21,2026/10/08,2026-10,CALL,66625,2615,,,,,,,,,,,,,
2026/08/20 16:53,2026-08-20T17:08:10+09:00,2026/08/21,2026/10/08,2026-10,PUT,66625,3275,,,,,,,,,,,,,
2026/08/20 16:53,2026-08-20T17:08:10+09:00,2026/08/21,2026/10/08,2026-10,CALL,66500,2675,,,,,,,,,,,,,
2026/08/20 16:53,2026-08-20T17:08:10+09:00,2026/08/21,2026/10/08,2026-10,PUT,66500,3205,,,,,,,,,,,,,
2026/08/20 16:53,2026-08-20T17:08:10+09:00,2026/08/21,2026/10/08,2026-10,CALL,66375,2735,,,,,,,,,,,,,
2026/08/20 16:53,2026-08-20T17:08:10+09:00,2026/08/21,2026/10/08,2026-10,PUT,66375,3150,,,,,,,,,,,,,
2026/08/20 16:53,2026-08-20T17:08:10+09:00,2026/08/21,2026/10/08,2026-10,CALL,66250,2800,,,,,,,,,,,,,
2026/08/20 16:53,2026-08-20T17:08:10+09:00,2026/08/21,2026/10/08,2026-10,PUT,66250,3080,,,,,,,,,,,,,
2026/08/20 16:53,2026-08-20T17:08:10+09:00,2026/08/21,2026/10/08,2026-10,CALL,66125,2855,,,,,,,,,,,,,
2026/08/20 16:53,2026-08-20T17:08:10+09:00,2026/08/21,2026/10/08,2026-10,PUT,66125,3020,,,,,,,,,,,,,
2026/08/20 16:53,2026-08-20T17:08:10+09:00,2026/08/21,2026/10/08,2026-10,CALL,66000,2925,,,,,,,,,,,,,
2026/08/20 16:53,2026-08-20T17:08:10+09:00,2026/08/21,2026/10/08,2026-10,PUT,66000,2960,,,,,,,,,,,,,
2026/08/20 16:53,2026-08-20T17:08:10+09:00,2026/08/21,2026/10/08,2026-10,CALL,65875,2990,,,,,,,,,,,,,
2026/08/20 16:53,2026-08-20T17:08:10+09:00,2026/08/21,2026/10/08,2026-10,PUT,65875,2890,,,,,,,,,,,,,
2026/08/20 16:53,2026-08-20T17:08:10+09:00,2026/08/21,2026/10/08,2026-10,CALL,65750,3055,,,,,,,,,,,,,
2026/08/20 16:53,2026-08-20T17:08:10+09:00,2026/08/21,2026/10/08,2026-10,PUT,65750,2830,,,,,,,,,,,,,
2026/08/20 16:53,2026-08-20T17:08:10+09:00,2026/08/21,2026/10/08,2026-10,CALL,65625,3110,,,,,,,,,,,,,
2026/08/20 16:53,2026-08-20T17:08:10+09:00,2026/08/21,2026/10/08,2026-10,PUT,65625,2775,,,,,,,,,,,,,
2026/08/20 16:53,2026-08-20T17:08:10+09:00,2026/08/21,2026/10/08,2026-10,CALL,65500,3185,,,,,,,,,,,,,
2026/08/20 16:53,2026-08-20T17:08:10+09:00,2026/08/21,2026/10/08,2026-10,PUT,65500,2715,,,,,,,,,,,,,
2026/08/20 16:53,2026-08-20T17:08:10+09:00,2026/08/21,2026/10/08,2026-10,CALL,65375,3245,,,,,,,,,,,,,
2026/08/20 16:53,2026-08-20T17:08:10+09:00,2026/08/21,2026/10/08,2026-10,PUT,65375,2660,,,,,,,,,,,,,
2026/08/20 16:53,2026-08-20T17:08:10+09:00,2026/08/21,2026/10/08,2026-10,CALL,65250,3315,,,,,,,,,,,,,
2026/08/20 16:53,2026-08-20T17:08:10+09:00,2026/08/21,2026/10/08,2026-10,PUT,65250,2605,,,,,,,,,,,,,
2026/08/20 16:53,2026-08-20T17:08:10+09:00,2026/08/21,2026/10/08,2026-10,CALL,65125,3385,,,,,,,,,,,,,
2026/08/20 16:53,2026-08-20T17:08:10+09:00,2026/08/21,2026/10/08,2026-10,PUT,65125,2550,,,,,,,,,,,,,
2026/08/20 16:53,2026-08-20T17:08:10+09:00,2026/08/21,2026/10/08,2026-10,CALL,65000,3470,,,,,,,,,,,,,
2026/08/20 16:53,2026-08-20T17:08:10+09:00,2026/08/21,2026/10/08,2026-10,PUT,65000,2495,,,,2.32,,,10,1,,,,,
2026/08/20 16:53,2026-08-20T17:08:10+09:00,2026/08/21,2026/10/08,2026-10,CALL,64875,3535,,,,,,,,,,,,,
2026/08/20 16:53,2026-08-20T17:08:10+09:00,2026/08/21,2026/10/08,2026-10,PUT,64875,2455,,,,,,,,,,,,,
2026/08/20 16:53,2026-08-20T17:08:10+09:00,2026/08/21,2026/10/08,2026-10,CALL,64750,3620,,,,,,,,,,,,,
2026/08/20 16:53,2026-08-20T17:08:10+09:00,2026/08/21,2026/10/08,2026-10,PUT,64750,2395,,,,,,,,,,,,,
2026/08/20 16:53,2026-08-20T17:08:10+09:00,2026/08/21,2026/12/10,2026-12,CALL,68750,3085,,,,,,,,,,,,,
2026/08/20 16:53,2026-08-20T17:08:10+09:00,2026/08/21,2026/12/10,2026-12,PUT,68750,5605,,,,,,,,,,,,,
2026/08/20 16:53,2026-08-20T17:08:10+09:00,2026/08/21,2026/12/10,2026-12,CALL,68500,3190,,,,,,,,,,,,,
2026/08/20 16:53,2026-08-20T17:08:10+09:00,2026/08/21,2026/12/10,2026-12,PUT,68500,5460,,,,,,,,,,,,,
2026/08/20 16:53,2026-08-20T17:08:10+09:00,2026/08/21,2026/12/10,2026-12,CALL,68250,3300,,,,,,,,,,,,,
2026/08/20 16:53,2026-08-20T17:08:10+09:00,2026/08/21,2026/12/10,2026-12,PUT,68250,5320,,,,,,,,,,,,,
2026/08/20 16:53,2026-08-20T17:08:10+09:00,2026/08/21,2026/12/10,2026-12,CALL,68000,3405,,,,,,,,,,,,,
2026/08/20 16:53,2026-08-20T17:08:10+09:00,2026/08/21,2026/12/10,2026-12,PUT,68000,5175,,,,,,,,,,,,,
2026/08/20 16:53,2026-08-20T17:08:10+09:00,2026/08/21,2026/12/10,2026-12,CALL,67750,3510,,,,,,,,,,,,,
2026/08/20 16:53,2026-08-20T17:08:10+09:00,2026/08/21,2026/12/10,2026-12,PUT,67750,5030,,,,,,,,,,,,,
2026/08/20 16:53,2026-08-20T17:08:10+09:00,2026/08/21,2026/12/10,2026-12,CALL,67500,3630,,,,,,,,,,,,,
2026/08/20 16:53,2026-08-20T17:08:10+09:00,2026/08/21,2026/12/10,2026-12,PUT,67500,4905,,,,,,,,,,,,,
2026/08/20 16:53,2026-08-20T17:08:10+09:00,2026/08/21,2026/12/10,2026-12,CALL,67250,3750,,,,,,,,,,,,,
2026/08/20 16:53,2026-08-20T17:08:10+09:00,2026/08/21,2026/12/10,2026-12,PUT,67250,4775,,,,,,,,,,,,,
2026/08/20 16:53,2026-08-20T17:08:10+09:00,2026/08/21,2026/12/10,2026-12,CALL,67000,3860,,,,,,,,,,,,,
2026/08/20 16:53,2026-08-20T17:08:10+09:00,2026/08/21,2026/12/10,2026-12,PUT,67000,4635,,,,,,,,,,,,,
2026/08/20 16:53,2026-08-20T17:08:10+09:00,2026/08/21,2026/12/10,2026-12,CALL,66750,3985,,,,,,,,,,,,,
2026/08/20 16:53,2026-08-20T17:08:10+09:00,2026/08/21,2026/12/10,2026-12,PUT,66750,4510,,,,,,,,,,,,,
2026/08/20 16:53,2026-08-20T17:08:10+09:00,2026/08/21,2026/12/10,2026-12,CALL,66500,4115,,,,,,,,,,,,,
2026/08/20 16:53,2026-08-20T17:08:10+09:00,2026/08/21,2026/12/10,2026-12,PUT,66500,4390,,,,,,,,,,,,,
2026/08/20 16:53,2026-08-20T17:08:10+09:00,2026/08/21,2026/12/10,2026-12,CALL,66250,4230,,,,,,,,,,,,,
2026/08/20 16:53,2026-08-20T17:08:10+09:00,2026/08/21,2026/12/10,2026-12,PUT,66250,4265,,,,,,,,,,,,,
2026/08/20 16:53,2026-08-20T17:08:10+09:00,2026/08/21,2026/12/10,2026-12,CALL,66000,4360,,,,,,,,,,,,,
2026/08/20 16:53,2026-08-20T17:08:10+09:00,2026/08/21,2026/12/10,2026-12,PUT,66000,4140,,,,,,,,,,,,,
2026/08/20 16:53,2026-08-20T17:08:10+09:00,2026/08/21,2026/12/10,2026-12,CALL,65750,4490,,,,,,,,,,,,,
2026/08/20 16:53,2026-08-20T17:08:10+09:00,2026/08/21,2026/12/10,2026-12,PUT,65750,4025,,,,,,,,,,,,,
2026/08/20 16:53,2026-08-20T17:08:10+09:00,2026/08/21,2026/12/10,2026-12,CALL,65500,4625,,,,,,,,,,,,,
2026/08/20 16:53,2026-08-20T17:08:10+09:00,2026/08/21,2026/12/10,2026-12,PUT,65500,3910,,,,,,,,,,,,,
2026/08/20 16:53,2026-08-20T17:08:10+09:00,2026/08/21,2026/12/10,2026-12,CALL,65250,4770,,,,,,,,,,,,,
2026/08/20 16:53,2026-08-20T17:08:10+09:00,2026/08/21,2026/12/10,2026-12,PUT,65250,3800,,,,,,,,,,,,,
2026/08/20 16:53,2026-08-20T17:08:10+09:00,2026/08/21,2026/12/10,2026-12,CALL,65000,4910,,,,,,,,,,,,,
2026/08/20 16:53,2026-08-20T17:08:10+09:00,2026/08/21,2026/12/10,2026-12,PUT,65000,3695,,,,,,,,,,,,,
2026/08/20 16:53,2026-08-20T17:08:10+09:00,2026/08/21,2026/12/10,2026-12,CALL,64750,5050,,,,,,,,,,,,,
2026/08/20 16:53,2026-08-20T17:08:10+09:00,2026/08/21,2026/12/10,2026-12,PUT,64750,3590,,,,,,,,,,,,,
2026/08/20 16:53,2026-08-20T17:08:10+09:00,2026/08/21,2026/12/10,2026-12,CALL,64500,5195,,,,,,,,,,,,,
2026/08/20 16:53,2026-08-20T17:08:10+09:00,2026/08/21,2026/12/10,2026-12,PUT,64500,3480,,,,,,,,,,,,,
2026/08/20 16:53,2026-08-20T17:08:10+09:00,2026/08/21,2026/12/10,2026-12,CALL,64250,5340,,,,,,,,,,,,,
2026/08/20 16:53,2026-08-20T17:08:10+09:00,2026/08/21,2026/12/10,2026-12,PUT,64250,3380,,,,,,,,,,,,,
2026/08/20 16:53,2026-08-20T17:08:10+09:00,2026/08/21,2026/12/10,2026-12,CALL,64000,5490,,,,,,,,,,,,,
2026/08/20 16:53,2026-08-20T17:08:10+09:00,2026/08/21,2026/12/10,2026-12,PUT,64000,3280,,,,,,,,,,,,,
2026/08/20 16:53,2026-08-20T17:08:10+09:00,2026/08/21,2026/12/10,2026-12,CALL,63750,5645,,,,,,,,,,,,,
2026/08/20 16:53,2026-08-20T17:08:10+09:00,2026/08/21,2026/12/10,2026-12,PUT,63750,3185,,,,,,,,,,,,,
2026/08/20 17:09,2026-08-20T17:24:27+09:00,2026/08/21,2026/09/10,2026-09,CALL,85000,2,,3,33.94,32.1,2,48,1,398,32.12,0,0,1,08/20 17:00
2026/08/20 17:09,2026-08-20T17:24:27+09:00,2026/08/21,2026/09/10,2026-09,PUT,85000,18630,,,,,,,,,,,,,
2026/08/20 17:09,2026-08-20T17:24:27+09:00,2026/08/21,2026/09/10,2026-09,CALL,84500,2,,,33.23,31.42,2,3,1,22,,,,,
2026/08/20 17:09,2026-08-20T17:24:27+09:00,2026/08/21,2026/09/10,2026-09,PUT,84500,18130,,,,,,,,,,,,,
2026/08/20 17:09,2026-08-20T17:24:27+09:00,2026/08/21,2026/09/10,2026-09,CALL,84000,2,,,32.51,30.73,2,17,1,139,,,,,
2026/08/20 17:09,2026-08-20T17:24:27+09:00,2026/08/21,2026/09/10,2026-09,PUT,84000,17630,,,,,,,,,,,,,
2026/08/20 17:09,2026-08-20T17:24:27+09:00,2026/08/21,2026/09/10,2026-09,CALL,83500,3,,,32.93,30.04,3,2,1,121,,,,,
2026/08/20 17:09,2026-08-20T17:24:27+09:00,2026/08/21,2026/09/10,2026-09,PUT,83500,17135,,,,,,,,,,,,,
2026/08/20 17:09,2026-08-20T17:24:27+09:00,2026/08/21,2026/09/10,2026-09,CALL,83000,3,,2,32.17,31.05,3,14,2,54,31.07,0,0,2,08/20 17:00
2026/08/20 17:09,2026-08-20T17:24:27+09:00,2026/08/21,2026/09/10,2026-09,PUT,83000,16635,,,,,,,,,,,,,
2026/08/20 17:09,2026-08-20T17:24:27+09:00,2026/08/21,2026/09/10,2026-09,CALL,82500,4,,,36.76,30.31,14,6,2,50,,,,,
2026/08/20 17:09,2026-08-20T17:24:27+09:00,2026/08/21,2026/09/10,2026-09,PUT,82500,16135,,,,,,,,,,,,,
2026/08/20 17:09,2026-08-20T17:24:27+09:00,2026/08/21,2026/09/10,2026-09,CALL,82000,4,,,31.47,30.64,4,30,3,23,,,,,
2026/08/20 17:09,2026-08-20T17:24:27+09:00,2026/08/21,2026/09/10,2026-09,PUT,82000,15635,,,,,,,,,,,,,
2026/08/20 17:09,2026-08-20T17:24:27+09:00,2026/08/21,2026/09/10,2026-09,CALL,81500,5,,,31.93,29.87,6,21,3,36,,,,,
2026/08/20 17:09,2026-08-20T17:24:27+09:00,2026/08/21,2026/09/10,2026-09,PUT,81500,15135,,,,,,,,,,,,,
2026/08/20 17:09,2026-08-20T17:24:27+09:00,2026/08/21,2026/09/10,2026-09,CALL,81000,6,,,31.61,30.54,7,16,5,1,,,,,
2026/08/20 17:09,2026-08-20T17:24:27+09:00,2026/08/21,2026/09/10,2026-09,PUT,81000,14640,,,,,,,,,,,,,
2026/08/20 17:09,2026-08-20T17:24:27+09:00,2026/08/21,2026/09/10,2026-09,CALL,80500,7,,,30.76,29.72,7,16,5,20,,,,,
2026/08/20 17:09,2026-08-20T17:24:27+09:00,2026/08/21,2026/09/10,2026-09,PUT,80500,14140,,,,,,,,,,,,,
2026/08/20 17:09,2026-08-20T17:24:27+09:00,2026/08/21,2026/09/10,2026-09,CALL,80000,9,,1,30.34,29.91,8,3,7,37,30.36,0,0,8,08/20 17:00
2026/08/20 17:09,2026-08-20T17:24:27+09:00,2026/08/21,2026/09/10,2026-09,PUT,80000,13640,,,,,,,,,,,,,
2026/08/20 17:09,2026-08-20T17:24:27+09:00,2026/08/21,2026/09/10,2026-09,CALL,79500,11,,,30.85,29.05,12,15,7,21,,,,,
2026/08/20 17:09,2026-08-20T17:24:27+09:00,2026/08/21,2026/09/10,2026-09,PUT,79500,13145,,,,,,,,,,,,,
2026/08/20 17:09,2026-08-20T17:24:27+09:00,2026/08/21,2026/09/10,2026-09,CALL,79000,15,,1,30.49,29.32,14,2,10,2,29.93,-1,-7.69,12,08/20 17:08
2026/08/20 17:09,2026-08-20T17:24:27+09:00,2026/08/21,2026/09/10,2026-09,PUT,79000,12650,,,,,,,,,,,,,
2026/08/20 17:09,2026-08-20T17:24:27+09:00,2026/08/21,2026/09/10,2026-09,CALL,78500,18,,,30.49,29.56,18,10,14,1,,,,,
2026/08/20 17:09,2026-08-20T17:24:27+09:00,2026/08/21,2026/09/10,2026-09,PUT,78500,12150,,,,,,,,,,,,,
2026/08/20 17:09,2026-08-20T17:24:27+09:00,2026/08/21,2026/09/10,2026-09,CALL,78000,20,,2,29.73,29.31,19,10,17,8,29.08,-3,-15,17,08/20 17:01
2026/08/20 17:09,2026-08-20T17:24:27+09:00,2026/08/21,2026/09/10,2026-09,PUT,78000,11655,,,,,,,,,,,,,
2026/08/20 17:09,2026-08-20T17:24:27+09:00,2026/08/21,2026/09/10,2026-09,CALL,77500,27,,,30.14,27.9,27,9,15,31,,,,,
2026/08/20 17:09,2026-08-20T17:24:27+09:00,2026/08/21,2026/09/10,2026-09,PUT,77500,11160,,,,,,,,,,,,,
2026/08/20 17:09,2026-08-20T17:24:27+09:00,2026/08/21,2026/09/10,2026-09,CALL,77000,35,,2,29.83,29.27,32,8,28,1,29.54,-2,-6.25,30,08/20 17:05
2026/08/20 17:09,2026-08-20T17:24:27+09:00,2026/08/21,2026/09/10,2026-09,PUT,77000,10670,,,,,,,,,,,,,
2026/08/20 17:09,2026-08-20T17:24:27+09:00,2026/08/21,2026/09/10,2026-09,CALL,76500,44,,,34.7,27.12,99,28,21,31,,,,,
2026/08/20 17:09,2026-08-20T17:24:27+09:00,2026/08/21,2026/09/10,2026-09,PUT,76500,10180,,,,,,,,,,,,,
2026/08/20 17:09,2026-08-20T17:24:27+09:00,2026/08/21,2026/09/10,2026-09,CALL,76000,53,,1,29.49,28.98,48,1,43,1,29.07,-9,-16.98,44,08/20 17:08
2026/08/20 17:09,2026-08-20T17:24:27+09:00,2026/08/21,2026/09/10,2026-09,PUT,76000,9690,,,,,,,,,,,,,
2026/08/20 17:09,2026-08-20T17:24:27+09:00,2026/08/21,2026/09/10,2026-09,CALL,75500,67,,,29.43,29,60,1,55,1,,,,,
2026/08/20 17:09,2026-08-20T17:24:27+09:00,2026/08/21,2026/09/10,2026-09,PUT,75500,9200,,,,,,,,,,,,,
2026/08/20 17:09,2026-08-20T17:24:27+09:00,2026/08/21,2026/09/10,2026-09,CALL,75375,74,,,34.34,17.89,142,12,1,16,,,,,
2026/08/20 17:09,2026-08-20T17:24:27+09:00,2026/08/21,2026/09/10,2026-09,PUT,75375,9085,,,,,,,,,,,,,
2026/08/20 17:09,2026-08-20T17:24:27+09:00,2026/08/21,2026/09/10,2026-09,CALL,75250,78,,,34.06,20.13,143,12,4,16,,,,,
2026/08/20 17:09,2026-08-20T17:24:27+09:00,2026/08/21,2026/09/10,2026-09,PUT,75250,8965,,,,,,,,,,,,,
2026/08/20 17:09,2026-08-20T17:24:27+09:00,2026/08/21,2026/09/10,2026-09,CALL,75125,84,,,33.78,19.33,144,11,3,11,,,,,
2026/08/20 17:09,2026-08-20T17:24:27+09:00,2026/08/21,2026/09/10,2026-09,PUT,75125,8845,,,,,,,,,,,,,
2026/08/20 17:09,2026-08-20T17:24:27+09:00,2026/08/21,2026/09/10,2026-09,CALL,75000,85,,5,29.39,29.1,75,1,71,1,29.09,-14,-16.47,71,08/20 17:08
2026/08/20 17:09,2026-08-20T17:24:27+09:00,2026/08/21,2026/09/10,2026-09,PUT,75000,8725,,,,,,,,,,,,,
2026/08/20 17:09,2026-08-20T17:24:27+09:00,2026/08/21,2026/09/10,2026-09,CALL,74875,97,,,33.64,19.91,155,11,5,11,,,,,
2026/08/20 17:09,2026-08-20T17:24:27+09:00,2026/08/21,2026/09/10,2026-09,PUT,74875,8610,,,,,,,,,,,,,
2026/08/20 17:09,2026-08-20T17:24:27+09:00,2026/08/21,2026/09/10,2026-09,CALL,74750,101,,,33.63,19.22,162,11,4,15,,,,,
2026/08/20 17:09,2026-08-20T17:24:27+09:00,2026/08/21,2026/09/10,2026-09,PUT,74750,8490,,,,,,,,,,,,,
2026/08/20 17:09,2026-08-20T17:24:27+09:00,2026/08/21,2026/09/10,2026-09,CALL,74625,107,,,33.51,21.54,167,11,12,10,,,,,
2026/08/20 17:09,2026-08-20T17:24:27+09:00,2026/08/21,2026/09/10,2026-09,PUT,74625,8370,,,,,,,,,,,,,
2026/08/20 17:09,2026-08-20T17:24:27+09:00,2026/08/21,2026/09/10,2026-09,CALL,74500,109,,1,29.39,29.08,94,1,89,1,29.3,-7,-7,93,08/20 17:07
2026/08/20 17:09,2026-08-20T17:24:27+09:00,2026/08/21,2026/09/10,2026-09,PUT,74500,8245,,,46.07,,9130,4,8315,3,,,,,
2026/08/20 17:09,2026-08-20T17:24:27+09:00,2026/08/21,2026/09/10,2026-09,CALL,74375,118,,,33.22,25.27,176,10,43,10,,,,,
2026/08/20 17:09,2026-08-20T17:24:27+09:00,2026/08/21,2026/09/10,2026-09,PUT,74375,8130,,,45.91,,9015,3,8195,2,,,,,
2026/08/20 17:09,2026-08-20T17:24:27+09:00,2026/08/21,2026/09/10,2026-09,CALL,74250,124,,,33.34,24.38,187,10,37,14,,,,,
2026/08/20 17:09,2026-08-20T17:24:27+09:00,2026/08/21,2026/09/10,2026-09,PUT,74250,8010,,,42.55,,8780,3,8110,3,,,,,
2026/08/20 17:09,2026-08-20T17:24:27+09:00,2026/08/21,2026/09/10,2026-09,CALL,74125,130,,,33.15,24.49,191,10,41,10,,,,,
2026/08/20 17:09,2026-08-20T17:24:27+09:00,2026/08/21,2026/09/10,2026-09,PUT,74125,7890,,,42.55,,8670,3,8025,2,,,,,
2026/08/20 17:09,2026-08-20T17:24:27+09:00,2026/08/21,2026/09/10,2026-09,CALL,74000,134,,,29.28,28.96,115,1,109,1,,,,,
2026/08/20 17:09,2026-08-20T17:24:27+09:00,2026/08/21,2026/09/10,2026-09,PUT,74000,7770,,,43.35,,8590,6,7875,6,,,,,
2026/08/20 17:09,2026-08-20T17:24:27+09:00,2026/08/21,2026/09/10,2026-09,CALL,73875,140,,,32.91,24.28,203,9,45,9,,,,,
2026/08/20 17:09,2026-08-20T17:24:27+09:00,2026/08/21,2026/09/10,2026-09,PUT,73875,7650,,,43.06,,8470,2,7755,3,,,,,
2026/08/20 17:09,2026-08-20T17:24:27+09:00,2026/08/21,2026/09/10,2026-09,CALL,73750,149,,,33.08,24.42,217,9,50,9,,,,,
2026/08/20 17:09,2026-08-20T17:24:27+09:00,2026/08/21,2026/09/10,2026-09,PUT,73750,7535,,,40.35,,8260,3,7585,3,,,,,
2026/08/20 17:09,2026-08-20T17:24:27+09:00,2026/08/21,2026/09/10,2026-09,CALL,73625,157,,,32.06,26.08,200,9,77,9,,,,,
2026/08/20 17:09,2026-08-20T17:24:27+09:00,2026/08/21,2026/09/10,2026-09,PUT,73625,7420,,,41.82,,8205,3,7540,3,,,,,
2026/08/20 17:09,2026-08-20T17:24:27+09:00,2026/08/21,2026/09/10,2026-09,CALL,73500,170,,3,29.38,29.06,145,1,138,1,29.14,-16,-10.26,140,08/20 17:08
2026/08/20 17:09,2026-08-20T17:24:27+09:00,2026/08/21,2026/09/10,2026-09,PUT,73500,7305,,,41.91,,8100,4,7420,4,,,,,
2026/08/20 17:09,2026-08-20T17:24:27+09:00,2026/08/21,2026/09/10,2026-09,CALL,73375,171,,,32.87,26.11,242,9,88,9,,,,,
2026/08/20 17:09,2026-08-20T17:24:27+09:00,2026/08/21,2026/09/10,2026-09,PUT,73375,7185,,,42.48,,8015,2,7265,3,,,,,
2026/08/20 17:09,2026-08-20T17:24:27+09:00,2026/08/21,2026/09/10,2026-09,CALL,73250,182,,,33.08,26.18,259,9,95,9,,,,,
2026/08/20 17:09,2026-08-20T17:24:27+09:00,2026/08/21,2026/09/10,2026-09,PUT,73250,7070,,,41.67,,7875,3,7055,3,,,,,
2026/08/20 17:09,2026-08-20T17:24:27+09:00,2026/08/21,2026/09/10,2026-09,CALL,73125,192,,,31.97,25.91,238,9,96,9,,,,,
2026/08/20 17:09,2026-08-20T17:24:27+09:00,2026/08/21,2026/09/10,2026-09,PUT,73125,6955,,,41.6,,7765,3,7065,2,,,,,
2026/08/20 17:09,2026-08-20T17:24:27+09:00,2026/08/21,2026/09/10,2026-09,CALL,73000,204,,5,29.39,29.07,179,1,171,1,29.34,-26,-12.75,178,08/20 17:08
2026/08/20 17:09,2026-08-20T17:24:27+09:00,2026/08/21,2026/09/10,2026-09,PUT,73000,6845,,,39.66,,7580,6,6855,6,,,,,
2026/08/20 17:09,2026-08-20T17:24:27+09:00,2026/08/21,2026/09/10,2026-09,CALL,72875,213,,,32.99,25.86,292,9,108,12,,,,,
2026/08/20 17:09,2026-08-20T17:24:27+09:00,2026/08/21,2026/09/10,2026-09,PUT,72875,6725,,,39.6,,7470,3,6740,3,,,,,
2026/08/20 17:09,2026-08-20T17:24:27+09:00,2026/08/21,2026/09/10,2026-09,CALL,72750,224,,,31.98,25.92,273,9,116,9,,,,,
2026/08/20 17:09,2026-08-20T17:24:27+09:00,2026/08/21,2026/09/10,2026-09,PUT,72750,6610,,,41.23,,7430,3,6725,2,,,,,
2026/08/20 17:09,2026-08-20T17:24:27+09:00,2026/08/21,2026/09/10,2026-09,CALL,72625,235,,,32.74,25.99,310,9,125,9,,,,,
2026/08/20 17:09,2026-08-20T17:24:27+09:00,2026/08/21,2026/09/10,2026-09,PUT,72625,6500,,,41.12,,7320,3,6555,3,,,,,
2026/08/20 17:09,2026-08-20T17:24:27+09:00,2026/08/21,2026/09/10,2026-09,CALL,72500,255,,,29.45,29.09,221,1,211,1,,,,,
2026/08/20 17:09,2026-08-20T17:24:27+09:00,2026/08/21,2026/09/10,2026-09,PUT,72500,6395,,,40.78,,7200,4,6480,4,,,,,
2026/08/20 17:09,2026-08-20T17:24:27+09:00,2026/08/21,2026/09/10,2026-09,CALL,72375,270,,,32.8,25.82,340,9,137,9,,,,,
2026/08/20 17:09,2026-08-20T17:24:27+09:00,2026/08/21,2026/09/10,2026-09,PUT,72375,6275,,,41.35,,7120,2,6330,3,,,,,
2026/08/20 17:09,2026-08-20T17:24:27+09:00,2026/08/21,2026/09/10,2026-09,CALL,72250,271,,2,31.8,29.18,320,9,236,3,29.4,-84,-25.45,246,08/20 17:06
2026/08/20 17:09,2026-08-20T17:24:27+09:00,2026/08/21,2026/09/10,2026-09,PUT,72250,6160,,,41.21,,7010,3,6245,3,,,,,
2026/08/20 17:09,2026-08-20T17:24:27+09:00,2026/08/21,2026/09/10,2026-09,CALL,72125,288,,,31.82,25.88,335,9,156,9,,,,,
2026/08/20 17:09,2026-08-20T17:24:27+09:00,2026/08/21,2026/09/10,2026-09,PUT,72125,6050,,,39.39,,6825,3,6055,3,,,,,
2026/08/20 17:09,2026-08-20T17:24:27+09:00,2026/08/21,2026/09/10,2026-09,CALL,72000,310,,,29.44,29.19,269,1,261,1,,,,,
2026/08/20 17:09,2026-08-20T17:24:27+09:00,2026/08/21,2026/09/10,2026-09,PUT,72000,5950,,,40.7,,6780,6,6025,6,,,,,
2026/08/20 17:09,2026-08-20T17:24:27+09:00,2026/08/21,2026/09/10,2026-09,CALL,71875,320,,,31.95,25.63,370,9,169,9,,,,,
2026/08/20 17:09,2026-08-20T17:24:27+09:00,2026/08/21,2026/09/10,2026-09,PUT,71875,5830,,,36.95,,6510,3,5910,3,,,,,
2026/08/20 17:09,2026-08-20T17:24:27+09:00,2026/08/21,2026/09/10,2026-09,CALL,71750,335,,,29.98,26.05,315,3,191,9,,,,,
2026/08/20 17:09,2026-08-20T17:24:27+09:00,2026/08/21,2026/09/10,2026-09,PUT,71750,5720,,,36.95,,6405,3,5775,3,,,,,
2026/08/20 17:09,2026-08-20T17:24:27+09:00,2026/08/21,2026/09/10,2026-09,CALL,71625,365,,,29.7,29.12,320,14,300,11,,,,,
2026/08/20 17:09,2026-08-20T17:24:27+09:00,2026/08/21,2026/09/10,2026-09,PUT,71625,5625,,,37.49,,6325,3,5665,3,,,,,
2026/08/20 17:09,2026-08-20T17:24:27+09:00,2026/08/21,2026/09/10,2026-09,CALL,71500,380,,,29.55,29.27,330,1,320,1,,,,,
2026/08/20 17:09,2026-08-20T17:24:27+09:00,2026/08/21,2026/09/10,2026-09,PUT,71500,5515,,,37.34,,6215,4,5555,4,,,,,
2026/08/20 17:09,2026-08-20T17:24:27+09:00,2026/08/21,2026/09/10,2026-09,CALL,71375,400,,,29.53,29.25,345,2,335,2,,,,,
2026/08/20 17:09,2026-08-20T17:24:27+09:00,2026/08/21,2026/09/10,2026-09,PUT,71375,5410,,,38.47,,6165,3,5400,3,,,,,
2026/08/20 17:09,2026-08-20T17:24:27+09:00,2026/08/21,2026/09/10,2026-09,CALL,71250,415,,,29.62,29.22,365,4,350,6,,,,,
2026/08/20 17:09,2026-08-20T17:24:27+09:00,2026/08/21,2026/09/10,2026-09,PUT,71250,5315,,,38.39,,6060,3,5295,3,,,,,
2026/08/20 17:09,2026-08-20T17:24:27+09:00,2026/08/21,2026/09/10,2026-09,CALL,71125,435,,,29.56,29.17,380,2,365,12,,,,,
2026/08/20 17:09,2026-08-20T17:24:27+09:00,2026/08/21,2026/09/10,2026-09,PUT,71125,5200,,,38.61,26.11,5970,3,5445,1,,,,,
2026/08/20 17:09,2026-08-20T17:24:27+09:00,2026/08/21,2026/09/10,2026-09,CALL,71000,460,,2,29.62,29.24,400,1,385,25,29.49,-60,-13.04,400,08/20 17:06
2026/08/20 17:09,2026-08-20T17:24:27+09:00,2026/08/21,2026/09/10,2026-09,PUT,71000,5105,,,30.36,27.53,5495,8,5385,12,,,,,
2026/08/20 17:09,2026-08-20T17:24:27+09:00,2026/08/21,2026/09/10,2026-09,CALL,70875,485,,,29.65,29.28,420,4,405,4,,,,,
2026/08/20 17:09,2026-08-20T17:24:27+09:00,2026/08/21,2026/09/10,2026-09,PUT,70875,4995,,,30.38,27.62,5390,1,5280,3,,,,,
2026/08/20 17:09,2026-08-20T17:24:27+09:00,2026/08/21,2026/09/10,2026-09,CALL,70750,500,,,29.91,29.19,450,14,420,14,,,,,
2026/08/20 17:09,2026-08-20T17:24:27+09:00,2026/08/21,2026/09/10,2026-09,PUT,70750,4900,,,30.26,28.32,5280,1,5200,1,,,,,
2026/08/20 17:09,2026-08-20T17:24:27+09:00,2026/08/21,2026/09/10,2026-09,CALL,70625,525,,,29.78,29.31,465,12,445,2,,,,,
2026/08/20 17:09,2026-08-20T17:24:27+09:00,2026/08/21,2026/09/10,2026-09,PUT,70625,4790,,,30.25,28.35,5175,1,5095,1,,,,,
2026/08/20 17:09,2026-08-20T17:24:27+09:00,2026/08/21,2026/09/10,2026-09,CALL,70500,550,,1,29.65,29.3,480,1,465,20,29.52,-40,-7.69,480,08/20 17:06
2026/08/20 17:09,2026-08-20T17:24:27+09:00,2026/08/21,2026/09/10,2026-09,PUT,70500,4700,,,30.33,28.36,5075,1,4990,1,,,,,
2026/08/20 17:09,2026-08-20T17:24:27+09:00,2026/08/21,2026/09/10,2026-09,CALL,70375,575,,,29.72,29.27,505,12,485,12,,,,,
2026/08/20 17:09,2026-08-20T17:24:27+09:00,2026/08/21,2026/09/10,2026-09,PUT,70375,4590,,,30.39,28.24,4975,1,4880,1,,,,,
2026/08/20 17:09,2026-08-20T17:24:27+09:00,2026/08/21,2026/09/10,2026-09,CALL,70250,600,,1,30,29.45,540,14,515,2,29.54,-45,-7.89,525,08/20 17:06
2026/08/20 17:09,2026-08-20T17:24:27+09:00,2026/08/21,2026/09/10,2026-09,PUT,70250,4500,,,30.32,28.33,4870,1,4780,1,,,,,
2026/08/20 17:09,2026-08-20T17:24:27+09:00,2026/08/21,2026/09/10,2026-09,CALL,70125,630,,,29.82,29.39,555,12,535,10,,,,,
2026/08/20 17:09,2026-08-20T17:24:27+09:00,2026/08/21,2026/09/10,2026-09,PUT,70125,4395,,,30.24,28.29,4765,1,4675,1,,,,,
2026/08/20 17:09,2026-08-20T17:24:27+09:00,2026/08/21,2026/09/10,2026-09,CALL,70000,655,,2,29.73,29.41,575,1,560,17,29.78,-65,-10.16,575,08/20 17:00
2026/08/20 17:09,2026-08-20T17:24:27+09:00,2026/08/21,2026/09/10,2026-09,PUT,70000,4300,,,30.36,28.45,4670,8,4580,8,,,,,
2026/08/20 17:09,2026-08-20T17:24:27+09:00,2026/08/21,2026/09/10,2026-09,CALL,69875,685,,,29.84,29.42,605,10,585,8,,,,,
2026/08/20 17:09,2026-08-20T17:24:27+09:00,2026/08/21,2026/09/10,2026-09,PUT,69875,4200,,,30.55,28.48,4580,1,4480,1,,,,,
2026/08/20 17:09,2026-08-20T17:24:27+09:00,2026/08/21,2026/09/10,2026-09,CALL,69750,715,,,30.02,29.21,640,12,600,12,,,,,
2026/08/20 17:09,2026-08-20T17:24:27+09:00,2026/08/21,2026/09/10,2026-09,PUT,69750,4110,,,30.72,28.48,4490,1,4380,1,,,,,
2026/08/20 17:09,2026-08-20T17:24:27+09:00,2026/08/21,2026/09/10,2026-09,CALL,69625,750,,,29.88,29.48,660,10,640,8,,,,,
2026/08/20 17:09,2026-08-20T17:24:27+09:00,2026/08/21,2026/09/10,2026-09,PUT,69625,4010,,,30.57,28.47,4385,1,4280,1,,,,,
2026/08/20 17:09,2026-08-20T17:24:27+09:00,2026/08/21,2026/09/10,2026-09,CALL,69500,775,,,29.83,29.63,685,1,675,1,,,,,
2026/08/20 17:09,2026-08-20T17:24:27+09:00,2026/08/21,2026/09/10,2026-09,PUT,69500,3925,,,30.7,28.64,4295,1,4190,1,,,,,
2026/08/20 17:09,2026-08-20T17:24:27+09:00,2026/08/21,2026/09/10,2026-09,CALL,69375,815,,,29.95,29.47,720,10,695,10,,,,,
2026/08/20 17:09,2026-08-20T17:24:27+09:00,2026/08/21,2026/09/10,2026-09,PUT,69375,3830,,,30.53,28.59,4190,1,4090,1,,,,,
2026/08/20 17:09,2026-08-20T17:24:27+09:00,2026/08/21,2026/09/10,2026-09,CALL,69250,850,,,30.05,29.58,755,12,730,8,,,,,
2026/08/20 17:09,2026-08-20T17:24:27+09:00,2026/08/21,2026/09/10,2026-09,PUT,69250,3740,,,30.71,28.62,4105,1,3995,1,,,,,
2026/08/20 17:09,2026-08-20T17:24:27+09:00,2026/08/21,2026/09/10,2026-09,CALL,69125,885,,,30.14,29.58,790,10,760,10,,,,,
2026/08/20 17:09,2026-08-20T17:24:27+09:00,2026/08/21,2026/09/10,2026-09,PUT,69125,3650,,,30.51,28.54,4000,1,3895,1,,,,,
2026/08/20 17:09,2026-08-20T17:24:27+09:00,2026/08/21,2026/09/10,2026-09,CALL,69000,915,,8,29.92,29.65,810,1,795,13,29.59,-110,-12.15,795,08/20 17:07
2026/08/20 17:09,2026-08-20T17:24:27+09:00,2026/08/21,2026/09/10,2026-09,PUT,69000,3565,,,30.56,28.63,3910,8,3805,8,,,,,
2026/08/20 17:09,2026-08-20T17:24:27+09:00,2026/08/21,2026/09/10,2026-09,CALL,68875,960,,,30.06,29.79,850,3,835,1,,,,,
2026/08/20 17:09,2026-08-20T17:24:27+09:00,2026/08/21,2026/09/10,2026-09,PUT,68875,3470,,,30.6,28.6,3820,1,3710,1,,,,,
2026/08/20 17:09,2026-08-20T17:24:27+09:00,2026/08/21,2026/09/10,2026-09,CALL,68750,995,,,30.53,29.72,910,11,865,7,,,,,
2026/08/20 17:09,2026-08-20T17:24:27+09:00,2026/08/21,2026/09/10,2026-09,PUT,68750,3390,,,30.79,28.74,3740,1,3625,1,,,,,
2026/08/20 17:09,2026-08-20T17:24:27+09:00,2026/08/21,2026/09/10,2026-09,CALL,68625,1045,,,30.26,29.82,930,9,905,7,,,,,
2026/08/20 17:09,2026-08-20T17:24:27+09:00,2026/08/21,2026/09/10,2026-09,PUT,68625,3310,,,30.79,28.85,3650,1,3540,1,,,,,
2026/08/20 17:09,2026-08-20T17:24:27+09:00,2026/08/21,2026/09/10,2026-09,CALL,68500,1075,,,30.08,29.9,955,1,945,1,,,,,
2026/08/20 17:09,2026-08-20T17:24:27+09:00,2026/08/21,2026/09/10,2026-09,PUT,68500,3220,,,30.77,28.94,3560,1,3455,1,,,,,
2026/08/20 17:09,2026-08-20T17:24:27+09:00,2026/08/21,2026/09/10,2026-09,CALL,68375,1130,,,30.39,29.96,1010,9,985,1,,,,,
2026/08/20 17:09,2026-08-20T17:24:27+09:00,2026/08/21,2026/09/10,2026-09,PUT,68375,3145,,,30.56,29.01,3460,1,3370,1,,,,,
2026/08/20 17:09,2026-08-20T17:24:27+09:00,2026/08/21,2026/09/10,2026-09,CALL,68250,1170,,,30.59,30,1060,11,1025,1,,,,,
2026/08/20 17:09,2026-08-20T17:24:27+09:00,2026/08/21,2026/09/10,2026-09,PUT,68250,3070,,,30.93,28.97,3395,1,3280,1,,,,,
2026/08/20 17:09,2026-08-20T17:24:27+09:00,2026/08/21,2026/09/10,2026-09,CALL,68125,1215,,,30.35,30.02,1085,9,1065,7,,,,,
2026/08/20 17:09,2026-08-20T17:24:27+09:00,2026/08/21,2026/09/10,2026-09,PUT,68125,2980,,,30.6,28.92,3290,1,3190,1,,,,,
2026/08/20 17:09,2026-08-20T17:24:27+09:00,2026/08/21,2026/09/10,2026-09,CALL,68000,1255,,,30.35,30.18,1125,5,1115,1,,,,,
2026/08/20 17:09,2026-08-20T17:24:27+09:00,2026/08/21,2026/09/10,2026-09,PUT,68000,2900,,,30.68,29.18,3210,8,3120,8,,,,,
2026/08/20 17:09,2026-08-20T17:24:27+09:00,2026/08/21,2026/09/10,2026-09,CALL,67875,1315,,,30.58,30,1180,8,1145,8,,,,,
2026/08/20 17:09,2026-08-20T17:24:27+09:00,2026/08/21,2026/09/10,2026-09,PUT,67875,2830,,,30.74,29.25,3130,1,3040,1,,,,,
2026/08/20 17:09,2026-08-20T17:24:27+09:00,2026/08/21,2026/09/10,2026-09,CALL,67750,1365,,,30.86,30.13,1240,10,1195,6,,,,,
2026/08/20 17:09,2026-08-20T17:24:27+09:00,2026/08/21,2026/09/10,2026-09,PUT,67750,2760,,,30.78,29.31,3050,1,2960,1,,,,,
2026/08/20 17:09,2026-08-20T17:24:27+09:00,2026/08/21,2026/09/10,2026-09,CALL,67625,1415,,,30.56,30.23,1265,2,1245,6,,,,,
2026/08/20 17:09,2026-08-20T17:24:27+09:00,2026/08/21,2026/09/10,2026-09,PUT,67625,2675,,,30.88,29.42,2975,1,2885,1,,,,,
2026/08/20 17:09,2026-08-20T17:24:27+09:00,2026/08/21,2026/09/10,2026-09,CALL,67500,1450,,,30.56,30.32,1310,1,1295,8,,,,,
2026/08/20 17:09,2026-08-20T17:24:27+09:00,2026/08/21,2026/09/10,2026-09,PUT,67500,2605,,,30.96,29.35,2900,9,2800,24,,,,,
2026/08/20 17:09,2026-08-20T17:24:27+09:00,2026/08/21,2026/09/10,2026-09,CALL,67375,1530,,,30.86,30.38,1375,8,1345,1,,,,,
2026/08/20 17:09,2026-08-20T17:24:27+09:00,2026/08/21,2026/09/10,2026-09,PUT,67375,2545,,,31.02,29.1,2825,23,2705,23,,,,,
2026/08/20 17:09,2026-08-20T17:24:27+09:00,2026/08/21,2026/09/10,2026-09,CALL,67250,1580,,,30.75,30.43,1415,2,1395,6,,,,,
2026/08/20 17:09,2026-08-20T17:24:27+09:00,2026/08/21,2026/09/10,2026-09,PUT,67250,2470,,3,31.3,29.63,2765,23,2660,8,31.13,405,17.2,2760,08/20 17:00
2026/08/20 17:09,2026-08-20T17:24:27+09:00,2026/08/21,2026/09/10,2026-09,CALL,67125,1635,,,30.77,30.38,1465,3,1440,7,,,,,
2026/08/20 17:09,2026-08-20T17:24:27+09:00,2026/08/21,2026/09/10,2026-09,PUT,67125,2400,,,31.48,29.75,2700,23,2590,8,,,,,
2026/08/20 17:09,2026-08-20T17:24:27+09:00,2026/08/21,2026/09/10,2026-09,CALL,67000,1680,,,30.78,30.54,1515,1,1500,10,,,,,
2026/08/20 17:09,2026-08-20T17:24:27+09:00,2026/08/21,2026/09/10,2026-09,PUT,67000,2330,,,31.49,29.52,2625,27,2500,27,,,,,
2026/08/20 17:09,2026-08-20T17:24:27+09:00,2026/08/21,2026/09/10,2026-09,CALL,66875,1760,,,31.16,30.38,1590,7,1540,7,,,,,
2026/08/20 17:09,2026-08-20T17:24:27+09:00,2026/08/21,2026/09/10,2026-09,PUT,66875,2275,,,31.32,29.91,2540,23,2450,8,,,,,
2026/08/20 17:09,2026-08-20T17:24:27+09:00,2026/08/21,2026/09/10,2026-09,CALL,66750,1800,,,31.13,30.66,1640,7,1610,5,,,,,
2026/08/20 17:09,2026-08-20T17:24:27+09:00,2026/08/21,2026/09/10,2026-09,PUT,66750,2205,,,31.36,29.96,2470,8,2380,8,,,,,
2026/08/20 17:09,2026-08-20T17:24:27+09:00,2026/08/21,2026/09/10,2026-09,CALL,66625,1880,,,31.54,30.77,1720,7,1670,5,,,,,
2026/08/20 17:09,2026-08-20T17:24:27+09:00,2026/08/21,2026/09/10,2026-09,PUT,66625,2145,,,31.47,30.3,2405,23,2330,8,,,,,
2026/08/20 17:09,2026-08-20T17:24:27+09:00,2026/08/21,2026/09/10,2026-09,CALL,66500,1885,,,31.09,30.78,1745,1,1725,1,,,,,
2026/08/20 17:09,2026-08-20T17:24:27+09:00,2026/08/21,2026/09/10,2026-09,PUT,66500,2080,,2,31.4,30.08,2330,11,2245,11,31.55,135,6.11,2345,08/20 17:00
2026/08/20 17:09,2026-08-20T17:24:27+09:00,2026/08/21,2026/09/10,2026-09,CALL,66375,2010,,,31.77,30.53,1845,7,1765,7,,,,,
2026/08/20 17:09,2026-08-20T17:24:27+09:00,2026/08/21,2026/09/10,2026-09,PUT,66375,2030,,,31.7,30.3,2280,9,2190,9,,,,,
2026/08/20 17:09,2026-08-20T17:24:27+09:00,2026/08/21,2026/09/10,2026-09,CALL,66250,2070,,,31.43,30.97,1880,7,1850,5,,,,,
2026/08/20 17:09,2026-08-20T17:24:27+09:00,2026/08/21,2026/09/10,2026-09,PUT,66250,1970,,,31.43,30.35,2195,9,2125,9,,,,,
2026/08/20 17:09,2026-08-20T17:24:27+09:00,2026/08/21,2026/09/10,2026-09,CALL,66125,2130,,,31.62,30.77,1950,7,1895,7,,,,,
2026/08/20 17:09,2026-08-20T17:24:27+09:00,2026/08/21,2026/09/10,2026-09,PUT,66125,1905,,,31.62,30.15,2140,9,2045,24,,,,,
2026/08/20 17:09,2026-08-20T17:24:27+09:00,2026/08/21,2026/09/10,2026-09,CALL,66000,2210,,,31.47,31.16,2000,11,1980,10,,,,,
2026/08/20 17:09,2026-08-20T17:24:27+09:00,2026/08/21,2026/09/10,2026-09,PUT,66000,1890,,,31.32,31.01,2055,1,2035,11,,,,,
2026/08/20 17:09,2026-08-20T17:24:27+09:00,2026/08/21,2026/09/10,2026-09,CALL,65875,2260,,,31.93,30.77,2090,7,2015,7,,,,,
2026/08/20 17:09,2026-08-20T17:24:27+09:00,2026/08/21,2026/09/10,2026-09,PUT,65875,1800,,,31.54,31.15,2005,9,1980,5,,,,,
2026/08/20 17:09,2026-08-20T17:24:27+09:00,2026/08/21,2026/09/10,2026-09,CALL,65750,2345,,,32.06,30.89,2160,9,2085,9,,,,,
2026/08/20 17:09,2026-08-20T17:24:27+09:00,2026/08/21,2026/09/10,2026-09,PUT,65750,1740,,,32.14,30.89,1980,7,1900,7,,,,,
2026/08/20 17:09,2026-08-20T17:24:27+09:00,2026/08/21,2026/09/10,2026-09,CALL,65625,2420,,,32.56,31,2255,9,2155,9,,,,,
2026/08/20 17:09,2026-08-20T17:24:27+09:00,2026/08/21,2026/09/10,2026-09,PUT,65625,1685,,,31.7,31.08,1890,7,1850,7,,,,,
2026/08/20 17:09,2026-08-20T17:24:27+09:00,2026/08/21,2026/09/10,2026-09,CALL,65500,2500,,,32.03,31.01,2285,11,2220,11,,,,,
2026/08/20 17:09,2026-08-20T17:24:27+09:00,2026/08/21,2026/09/10,2026-09,PUT,65500,1655,,,31.71,31.4,1830,1,1810,8,,,,,
2026/08/20 17:09,2026-08-20T17:24:27+09:00,2026/08/21,2026/09/10,2026-09,CALL,65375,2560,,,32.33,31.16,2370,8,2295,8,,,,,
2026/08/20 17:09,2026-08-20T17:24:27+09:00,2026/08/21,2026/09/10,2026-09,PUT,65375,1595,,,32.18,31.4,1800,7,1750,3,,,,,
2026/08/20 17:09,2026-08-20T17:24:27+09:00,2026/08/21,2026/09/10,2026-09,CALL,65250,2660,,,32.78,31.05,2465,23,2355,23,,,,,
2026/08/20 17:09,2026-08-20T17:24:27+09:00,2026/08/21,2026/09/10,2026-09,PUT,65250,1550,,,32.31,31.6,1750,7,1705,1,,,,,
2026/08/20 17:09,2026-08-20T17:24:27+09:00,2026/08/21,2026/09/10,2026-09,CALL,65125,2720,,,33.06,31.48,2550,23,2450,8,,,,,
2026/08/20 17:09,2026-08-20T17:24:27+09:00,2026/08/21,2026/09/10,2026-09,PUT,65125,1490,,,32.51,31.32,1705,7,1630,7,,,,,
2026/08/20 17:09,2026-08-20T17:24:27+09:00,2026/08/21,2026/09/10,2026-09,CALL,65000,2815,,,32.92,31.49,2610,12,2520,12,,,,,
2026/08/20 17:09,2026-08-20T17:24:27+09:00,2026/08/21,2026/09/10,2026-09,PUT,65000,1465,,9,32.05,31.81,1620,10,1605,1,31.93,100,6.67,1600,08/20 17:06
2026/08/20 17:09,2026-08-20T17:24:27+09:00,2026/08/21,2026/09/10,2026-09,CALL,64875,2885,,,33.24,31.65,2700,23,2600,8,,,,,
2026/08/20 17:09,2026-08-20T17:24:27+09:00,2026/08/21,2026/09/10,2026-09,PUT,64875,1400,,,32.29,31.65,1580,7,1540,7,,,,,
2026/08/20 17:09,2026-08-20T17:24:27+09:00,2026/08/21,2026/09/10,2026-09,CALL,64750,2975,,,33.31,31.38,2775,8,2655,23,,,,,
2026/08/20 17:09,2026-08-20T17:24:27+09:00,2026/08/21,2026/09/10,2026-09,PUT,64750,1365,,,32.34,31.78,1530,6,1495,3,,,,,
2026/08/20 17:09,2026-08-20T17:24:27+09:00,2026/08/21,2026/09/10,2026-09,CALL,64625,3060,,,33.44,31.9,2855,8,2760,8,,,,,
2026/08/20 17:09,2026-08-20T17:24:27+09:00,2026/08/21,2026/09/10,2026-09,PUT,64625,1330,,,32.79,31.74,1505,8,1440,8,,,,,
2026/08/20 17:09,2026-08-20T17:24:27+09:00,2026/08/21,2026/09/10,2026-09,CALL,64500,3145,,,33.63,31.84,2940,24,2830,9,,,,,
2026/08/20 17:09,2026-08-20T17:24:27+09:00,2026/08/21,2026/09/10,2026-09,PUT,64500,1295,,,32.57,32.25,1440,1,1420,1,,,,,
2026/08/20 17:09,2026-08-20T17:24:27+09:00,2026/08/21,2026/09/10,2026-09,CALL,64375,3225,,,33.72,31.75,3020,23,2900,8,,,,,
2026/08/20 17:09,2026-08-20T17:24:27+09:00,2026/08/21,2026/09/10,2026-09,PUT,64375,1240,,,32.66,32.08,1395,1,1360,8,,,,,
2026/08/20 17:09,2026-08-20T17:24:27+09:00,2026/08/21,2026/09/10,2026-09,CALL,64250,3320,,,33.72,32.15,3095,23,3000,8,,,,,
2026/08/20 17:09,2026-08-20T17:24:27+09:00,2026/08/21,2026/09/10,2026-09,PUT,64250,1215,,,33.14,32.23,1375,8,1320,3,,,,,
2026/08/20 17:09,2026-08-20T17:24:27+09:00,2026/08/21,2026/09/10,2026-09,CALL,64125,3405,,,33.94,32.03,3185,23,3070,8,,,,,
2026/08/20 17:09,2026-08-20T17:24:27+09:00,2026/08/21,2026/09/10,2026-09,PUT,64125,1170,,,33.11,32.36,1325,8,1280,3,,,,,
2026/08/20 17:09,2026-08-20T17:24:27+09:00,2026/08/21,2026/09/10,2026-09,CALL,64000,3495,,,33.99,32.13,3265,12,3155,27,,,,,
2026/08/20 17:09,2026-08-20T17:24:27+09:00,2026/08/21,2026/09/10,2026-09,PUT,64000,1145,,3,33.06,32.73,1275,15,1255,1,33.17,95,7.98,1285,08/20 17:00
2026/08/20 17:09,2026-08-20T17:24:27+09:00,2026/08/21,2026/09/10,2026-09,CALL,63875,3585,,,33.93,32.4,3340,4,3250,4,,,,,
2026/08/20 17:09,2026-08-20T17:24:27+09:00,2026/08/21,2026/09/10,2026-09,PUT,63875,1105,,,33.33,32.74,1245,9,1210,9,,,,,
2026/08/20 17:09,2026-08-20T17:24:27+09:00,2026/08/21,2026/09/10,2026-09,CALL,63750,3670,,,34.1,32.47,3430,1,3335,1,,,,,
2026/08/20 17:09,2026-08-20T17:24:27+09:00,2026/08/21,2026/09/10,2026-09,PUT,63750,1065,,,33.25,32.9,1195,1,1175,1,,,,,
2026/08/20 17:09,2026-08-20T17:24:27+09:00,2026/08/21,2026/09/10,2026-09,CALL,63625,3765,,,34.18,32.7,3515,1,3430,1,,,,,
2026/08/20 17:09,2026-08-20T17:24:27+09:00,2026/08/21,2026/09/10,2026-09,PUT,63625,1035,,,33.4,32.97,1160,7,1135,9,,,,,
2026/08/20 17:09,2026-08-20T17:24:27+09:00,2026/08/21,2026/09/10,2026-09,CALL,63500,3860,,,34.41,32.92,3610,1,3525,1,,,,,
2026/08/20 17:09,2026-08-20T17:24:27+09:00,2026/08/21,2026/09/10,2026-09,PUT,63500,1005,,,33.54,33.19,1125,1,1105,1,,,,,
2026/08/20 17:09,2026-08-20T17:24:27+09:00,2026/08/21,2026/09/10,2026-09,CALL,63375,3955,,,34.45,33.03,3695,1,3615,1,,,,,
2026/08/20 17:09,2026-08-20T17:24:27+09:00,2026/08/21,2026/09/10,2026-09,PUT,63375,970,,,33.75,33.21,1095,9,1065,9,,,,,
2026/08/20 17:09,2026-08-20T17:24:27+09:00,2026/08/21,2026/09/10,2026-09,CALL,63250,4040,,,34.83,33.13,3800,1,3705,1,,,,,
2026/08/20 17:09,2026-08-20T17:24:27+09:00,2026/08/21,2026/09/10,2026-09,PUT,63250,945,,,34.03,33.4,1070,11,1035,7,,,,,
2026/08/20 17:09,2026-08-20T17:24:27+09:00,2026/08/21,2026/09/10,2026-09,CALL,63125,4140,,,34.84,32.66,3885,1,3765,3,,,,,
2026/08/20 17:09,2026-08-20T17:24:27+09:00,2026/08/21,2026/09/10,2026-09,PUT,63125,910,,,34.12,33.48,1035,9,1000,9,,,,,
2026/08/20 17:09,2026-08-20T17:24:27+09:00,2026/08/21,2026/09/10,2026-09,CALL,63000,4235,,,35.02,32.71,3980,8,3855,12,,,,,
2026/08/20 17:09,2026-08-20T17:24:27+09:00,2026/08/21,2026/09/10,2026-09,PUT,63000,900,,2,34.01,33.73,990,1,975,1,33.8,65,7.22,965,08/20 17:02
2026/08/20 17:09,2026-08-20T17:24:27+09:00,2026/08/21,2026/09/10,2026-09,CALL,62875,4340,,,35.27,32.84,4080,1,3950,3,,,,,
2026/08/20 17:09,2026-08-20T17:24:27+09:00,2026/08/21,2026/09/10,2026-09,PUT,62875,855,,,34.25,33.78,965,9,940,7,,,,,
2026/08/20 17:09,2026-08-20T17:24:27+09:00,2026/08/21,2026/09/10,2026-09,CALL,62750,4430,,,35.14,33.24,4160,1,4060,1,,,,,
2026/08/20 17:09,2026-08-20T17:24:27+09:00,2026/08/21,2026/09/10,2026-09,PUT,62750,830,,,34.67,33.91,950,12,910,8,,,,,
2026/08/20 17:09,2026-08-20T17:24:27+09:00,2026/08/21,2026/09/10,2026-09,CALL,62625,4530,,,35.26,33.25,4255,1,4150,1,,,,,
2026/08/20 17:09,2026-08-20T17:24:27+09:00,2026/08/21,2026/09/10,2026-09,PUT,62625,805,,,34.5,33.92,905,10,875,10,,,,,
2026/08/20 17:09,2026-08-20T17:24:27+09:00,2026/08/21,2026/09/10,2026-09,CALL,62500,4625,,,35.47,33.43,4355,1,4250,1,,,,,
2026/08/20 17:09,2026-08-20T17:24:27+09:00,2026/08/21,2026/09/10,2026-09,PUT,62500,775,,,34.6,34.21,875,5,855,2,,,,,
2026/08/20 17:09,2026-08-20T17:24:27+09:00,2026/08/21,2026/09/10,2026-09,CALL,62375,4735,,,35.57,33.39,4450,1,4340,1,,,,,
2026/08/20 17:09,2026-08-20T17:24:27+09:00,2026/08/21,2026/09/10,2026-09,PUT,62375,755,,,34.88,34.19,855,10,820,10,,,,,
2026/08/20 17:09,2026-08-20T17:24:27+09:00,2026/08/21,2026/09/10,2026-09,CALL,62250,4830,,,35.75,33.54,4550,1,4440,1,,,,,
2026/08/20 17:09,2026-08-20T17:24:27+09:00,2026/08/21,2026/09/10,2026-09,PUT,62250,725,,,35.25,34.45,840,12,800,12,,,,,
2026/08/20 17:09,2026-08-20T17:24:27+09:00,2026/08/21,2026/09/10,2026-09,CALL,62125,4940,,,35.92,33.78,4650,1,4545,1,,,,,
2026/08/20 17:09,2026-08-20T17:24:27+09:00,2026/08/21,2026/09/10,2026-09,PUT,62125,705,,,35.01,34.5,795,2,770,3,,,,,
2026/08/20 17:09,2026-08-20T17:24:27+09:00,2026/08/21,2026/09/10,2026-09,CALL,62000,5035,,,36.07,34.01,4750,8,4650,8,,,,,
2026/08/20 17:09,2026-08-20T17:24:27+09:00,2026/08/21,2026/09/10,2026-09,PUT,62000,685,,,35.15,34.84,770,5,755,1,,,,,
2026/08/20 17:09,2026-08-20T17:24:27+09:00,2026/08/21,2026/09/10,2026-09,CALL,61875,5145,,,36.21,34.11,4850,1,4750,1,,,,,
2026/08/20 17:09,2026-08-20T17:24:27+09:00,2026/08/21,2026/09/10,2026-09,PUT,61875,665,,,35.27,34.75,745,2,720,10,,,,,
2026/08/20 17:09,2026-08-20T17:24:27+09:00,2026/08/21,2026/09/10,2026-09,CALL,61750,5245,,,36.44,34.09,4955,1,4845,1,,,,,
2026/08/20 17:09,2026-08-20T17:24:27+09:00,2026/08/21,2026/09/10,2026-09,PUT,61750,645,,,35.49,34.96,725,12,700,12,,,,,
2026/08/20 17:09,2026-08-20T17:24:27+09:00,2026/08/21,2026/09/10,2026-09,CALL,61625,5355,,,36.45,34.49,5050,1,4960,1,,,,,
2026/08/20 17:09,2026-08-20T17:24:27+09:00,2026/08/21,2026/09/10,2026-09,PUT,61625,625,,,35.48,35.15,695,2,680,2,,,,,
2026/08/20 17:09,2026-08-20T17:24:27+09:00,2026/08/21,2026/09/10,2026-09,CALL,61500,5450,,,36.65,34.44,5155,1,5055,1,,,,,
2026/08/20 17:09,2026-08-20T17:24:27+09:00,2026/08/21,2026/09/10,2026-09,PUT,61500,605,,,35.67,35.33,675,1,660,1,,,,,
2026/08/20 17:09,2026-08-20T17:24:27+09:00,2026/08/21,2026/09/10,2026-09,CALL,61375,5565,,,36.84,34.6,5260,1,5160,1,,,,,
2026/08/20 17:09,2026-08-20T17:24:27+09:00,2026/08/21,2026/09/10,2026-09,PUT,61375,585,,,35.95,35.51,660,12,640,2,,,,,
2026/08/20 17:09,2026-08-20T17:24:27+09:00,2026/08/21,2026/09/10,2026-09,CALL,61250,5670,,,36.91,34.85,5360,1,5270,1,,,,,
2026/08/20 17:09,2026-08-20T17:24:27+09:00,2026/08/21,2026/09/10,2026-09,PUT,61250,565,,,36.12,35.55,640,14,615,14,,,,,
2026/08/20 17:09,2026-08-20T17:24:27+09:00,2026/08/21,2026/09/10,2026-09,CALL,61125,5780,,,37.07,35.1,5465,1,5380,1,,,,,
2026/08/20 17:09,2026-08-20T17:24:27+09:00,2026/08/21,2026/09/10,2026-09,PUT,61125,550,,,36.27,35.69,620,12,595,12,,,,,
2026/08/20 17:09,2026-08-20T17:24:27+09:00,2026/08/21,2026/09/10,2026-09,CALL,61000,5890,,,43.07,25.37,5835,7,5135,7,,,,,
2026/08/20 17:09,2026-08-20T17:24:27+09:00,2026/08/21,2026/09/10,2026-09,PUT,61000,535,,,36.29,35.93,595,1,580,1,,,,,
2026/08/20 17:09,2026-08-20T17:24:27+09:00,2026/08/21,2026/09/10,2026-09,CALL,60875,5995,,,42.65,28.19,5910,3,5330,3,,,,,
2026/08/20 17:09,2026-08-20T17:24:27+09:00,2026/08/21,2026/09/10,2026-09,PUT,60875,515,,,36.53,36.05,580,12,560,12,,,,,
2026/08/20 17:09,2026-08-20T17:24:27+09:00,2026/08/21,2026/09/10,2026-09,CALL,60750,6105,,,44.37,24.64,6085,3,5340,3,,,,,
2026/08/20 17:09,2026-08-20T17:24:27+09:00,2026/08/21,2026/09/10,2026-09,PUT,60750,495,,,36.64,36.15,560,10,540,14,,,,,
2026/08/20 17:09,2026-08-20T17:24:27+09:00,2026/08/21,2026/09/10,2026-09,CALL,60625,6215,,,43.61,26.84,6145,3,5510,3,,,,,
2026/08/20 17:09,2026-08-20T17:24:27+09:00,2026/08/21,2026/09/10,2026-09,PUT,60625,485,,,36.86,36.36,545,12,525,2,,,,,
2026/08/20 17:09,2026-08-20T17:24:27+09:00,2026/08/21,2026/09/10,2026-09,CALL,60500,6325,,,43.8,26.77,6250,4,5620,4,,,,,
2026/08/20 17:09,2026-08-20T17:24:27+09:00,2026/08/21,2026/09/10,2026-09,PUT,60500,470,,2,36.94,36.69,525,1,515,1,36.77,35,7.22,520,08/20 17:00
2026/08/20 17:09,2026-08-20T17:24:27+09:00,2026/08/21,2026/09/10,2026-09,CALL,60375,6435,,,45.33,23.75,6415,3,5665,3,,,,,
2026/08/20 17:09,2026-08-20T17:24:27+09:00,2026/08/21,2026/09/10,2026-09,PUT,60375,455,,,37.13,36.61,510,2,490,12,,,,,
2026/08/20 17:09,2026-08-20T17:24:27+09:00,2026/08/21,2026/09/10,2026-09,CALL,60250,6545,,,45.29,26.29,6510,3,5835,3,,,,,
2026/08/20 17:09,2026-08-20T17:24:27+09:00,2026/08/21,2026/09/10,2026-09,PUT,60250,440,,,37.58,36.79,505,14,475,14,,,,,
2026/08/20 17:09,2026-08-20T17:24:27+09:00,2026/08/21,2026/09/10,2026-09,CALL,60125,6655,,,47.28,27.6,6695,3,5980,3,,,,,
2026/08/20 17:09,2026-08-20T17:24:27+09:00,2026/08/21,2026/09/10,2026-09,PUT,60125,425,,,37.49,36.95,480,12,460,12,,,,,
2026/08/20 17:09,2026-08-20T17:24:27+09:00,2026/08/21,2026/09/10,2026-09,CALL,60000,6770,,,47.47,27.65,6800,6,6095,6,,,,,
2026/08/20 17:09,2026-08-20T17:24:27+09:00,2026/08/21,2026/09/10,2026-09,PUT,60000,415,,1,37.65,37.24,465,5,450,5,37.53,45,10.84,460,08/20 17:05
2026/08/20 17:09,2026-08-20T17:24:27+09:00,2026/08/21,2026/09/10,2026-09,CALL,59875,6880,,,45.32,25.5,6805,3,6165,3,,,,,
2026/08/20 17:09,2026-08-20T17:24:27+09:00,2026/08/21,2026/09/10,2026-09,PUT,59875,400,,,37.94,37.38,455,12,435,12,,,,,
2026/08/20 17:09,2026-08-20T17:24:27+09:00,2026/08/21,2026/09/10,2026-09,CALL,59750,6995,,,46.65,22.38,6960,3,6235,3,,,,,
2026/08/20 17:09,2026-08-20T17:24:27+09:00,2026/08/21,2026/09/10,2026-09,PUT,59750,390,,,38.22,37.21,445,15,410,16,,,,,
2026/08/20 17:09,2026-08-20T17:24:27+09:00,2026/08/21,2026/09/10,2026-09,CALL,59625,7110,,,46.92,21.4,7070,3,6345,3,,,,,
2026/08/20 17:09,2026-08-20T17:24:27+09:00,2026/08/21,2026/09/10,2026-09,PUT,59625,380,,,38.2,37.76,425,14,410,2,,,,,
2026/08/20 17:09,2026-08-20T17:24:27+09:00,2026/08/21,2026/09/10,2026-09,CALL,59500,7220,,,46.32,25.33,7145,4,6515,4,,,,,
2026/08/20 17:09,2026-08-20T17:24:27+09:00,2026/08/21,2026/09/10,2026-09,PUT,59500,365,,,38.31,38.01,410,1,400,1,,,,,
2026/08/20 17:09,2026-08-20T17:24:27+09:00,2026/08/21,2026/09/10,2026-09,CALL,59375,7335,,,46.68,23.97,7260,3,6615,3,,,,,
2026/08/20 17:09,2026-08-20T17:24:27+09:00,2026/08/21,2026/09/10,2026-09,PUT,59375,355,,,38.56,38.1,400,14,385,5,,,,,
2026/08/20 17:09,2026-08-20T17:24:27+09:00,2026/08/21,2026/09/10,2026-09,CALL,59250,7450,,,47.66,23.51,7400,3,6730,3,,,,,
2026/08/20 17:09,2026-08-20T17:24:27+09:00,2026/08/21,2026/09/10,2026-09,PUT,59250,335,,,38.8,38.33,390,16,375,3,,,,,
2026/08/20 17:09,2026-08-20T17:24:27+09:00,2026/08/21,2026/09/10,2026-09,CALL,59125,7570,,,47.26,22.9,7485,3,6845,3,,,,,
2026/08/20 17:09,2026-08-20T17:24:27+09:00,2026/08/21,2026/09/10,2026-09,PUT,59125,340,,,38.87,38.39,375,5,360,14,,,,,
2026/08/20 17:09,2026-08-20T17:24:27+09:00,2026/08/21,2026/09/10,2026-09,CALL,59000,7685,,,48.37,,7630,6,6920,6,,,,,
2026/08/20 17:09,2026-08-20T17:24:27+09:00,2026/08/21,2026/09/10,2026-09,PUT,59000,330,,,39.09,38.76,365,5,355,1,,,,,
2026/08/20 17:09,2026-08-20T17:24:27+09:00,2026/08/21,2026/09/10,2026-09,CALL,58875,7795,,,48.59,,7740,3,7035,3,,,,,
2026/08/20 17:09,2026-08-20T17:24:27+09:00,2026/08/21,2026/09/10,2026-09,PUT,58875,315,,,39.3,38.8,355,14,340,14,,,,,
2026/08/20 17:09,2026-08-20T17:24:27+09:00,2026/08/21,2026/09/10,2026-09,CALL,58750,7915,,,48.28,21.19,7830,3,7200,3,,,,,
2026/08/20 17:09,2026-08-20T17:24:27+09:00,2026/08/21,2026/09/10,2026-09,PUT,58750,310,,,39.5,38.99,345,4,330,16,,,,,
2026/08/20 17:09,2026-08-20T17:24:27+09:00,2026/08/21,2026/09/10,2026-09,CALL,58625,8025,,,48.61,18.81,7945,3,7315,3,,,,,
2026/08/20 17:09,2026-08-20T17:24:27+09:00,2026/08/21,2026/09/10,2026-09,PUT,58625,293,,,41.66,35.82,395,9,230,9,,,,,
2026/08/20 17:09,2026-08-20T17:24:27+09:00,2026/08/21,2026/09/10,2026-09,CALL,58500,8145,,,49.6,,8085,3,7385,4,,,,,
2026/08/20 17:09,2026-08-20T17:24:27+09:00,2026/08/21,2026/09/10,2026-09,PUT,58500,289,,1,39.87,39.52,325,5,315,1,39.71,15,4.92,320,08/20 17:05
2026/08/20 17:09,2026-08-20T17:24:27+09:00,2026/08/21,2026/09/10,2026-09,CALL,58375,8270,,,49.25,,8175,3,7555,2,,,,,
2026/08/20 17:09,2026-08-20T17:24:27+09:00,2026/08/21,2026/09/10,2026-09,PUT,58375,287,,,42.09,36.19,375,9,215,9,,,,,
2026/08/20 17:09,2026-08-20T17:24:27+09:00,2026/08/21,2026/09/10,2026-09,CALL,58250,8380,,,51.86,22.55,8375,3,7700,2,,,,,
2026/08/20 17:09,2026-08-20T17:24:27+09:00,2026/08/21,2026/09/10,2026-09,PUT,58250,276,,,42.96,36.54,385,3,212,3,,,,,
2026/08/20 17:09,2026-08-20T17:24:27+09:00,2026/08/21,2026/09/10,2026-09,CALL,58000,8615,,,50.73,,8540,6,7860,6,,,,,
2026/08/20 17:09,2026-08-20T17:24:27+09:00,2026/08/21,2026/09/10,2026-09,PUT,58000,256,,,40.52,40.29,286,1,280,1,,,,,
2026/08/20 17:09,2026-08-20T17:24:27+09:00,2026/08/21,2026/09/10,2026-09,CALL,57750,8860,,,50.6,,8745,2,8140,3,,,,,
2026/08/20 17:09,2026-08-20T17:24:27+09:00,2026/08/21,2026/09/10,2026-09,PUT,57750,252,,,43.18,36.87,330,9,177,9,,,,,
2026/08/20 17:09,2026-08-20T17:24:27+09:00,2026/08/21,2026/09/10,2026-09,CALL,57500,9085,,,52.49,,9020,4,8345,4,,,,,
2026/08/20 17:09,2026-08-20T17:24:27+09:00,2026/08/21,2026/09/10,2026-09,PUT,57500,231,,,43.86,37.56,320,4,172,13,,,,,
2026/08/20 17:09,2026-08-20T17:24:27+09:00,2026/08/21,2026/09/10,2026-09,CALL,57250,9330,,,52.91,,9245,3,8570,3,,,,,
2026/08/20 17:09,2026-08-20T17:24:27+09:00,2026/08/21,2026/09/10,2026-09,PUT,57250,223,,,43.97,37.61,296,9,155,9,,,,,
2026/08/20 17:09,2026-08-20T17:24:27+09:00,2026/08/21,2026/09/10,2026-09,CALL,57000,9565,,,55.11,,9530,4,8895,4,,,,,
2026/08/20 17:09,2026-08-20T17:24:27+09:00,2026/08/21,2026/09/10,2026-09,PUT,57000,209,,,42.22,42,230,1,225,1,,,,,
2026/08/20 17:09,2026-08-20T17:24:27+09:00,2026/08/21,2026/09/10,2026-09,CALL,56750,9805,,,55.98,,9770,3,8990,3,,,,,
2026/08/20 17:09,2026-08-20T17:24:27+09:00,2026/08/21,2026/09/10,2026-09,PUT,56750,198,,,45,38.31,271,9,135,9,,,,,
2026/08/20 17:09,2026-08-20T17:24:27+09:00,2026/08/21,2026/09/10,2026-09,CALL,56500,10040,,,54.45,,9935,4,9310,4,,,,,
2026/08/20 17:09,2026-08-20T17:24:27+09:00,2026/08/21,2026/09/10,2026-09,PUT,56500,187,,,45.62,39.04,262,4,132,13,,,,,
2026/08/20 17:09,2026-08-20T17:24:27+09:00,2026/08/21,2026/09/10,2026-09,CALL,56250,10290,,,56.88,,10225,3,9475,3,,,,,
2026/08/20 17:09,2026-08-20T17:24:27+09:00,2026/08/21,2026/09/10,2026-09,PUT,56250,184,,,45.96,38.97,247,9,117,10,,,,,
2026/08/20 17:09,2026-08-20T17:24:27+09:00,2026/08/21,2026/09/10,2026-09,CALL,56000,10525,,,56.37,,10425,6,9795,6,,,,,
2026/08/20 17:09,2026-08-20T17:24:27+09:00,2026/08/21,2026/09/10,2026-09,PUT,56000,169,,1,44.01,43.8,187,1,183,1,44.13,11,6.18,189,08/20 17:05
2026/08/20 17:09,2026-08-20T17:24:27+09:00,2026/08/21,2026/09/10,2026-09,CALL,55750,10775,,,56.63,,10650,3,10040,3,,,,,
2026/08/20 17:09,2026-08-20T17:24:27+09:00,2026/08/21,2026/09/10,2026-09,PUT,55750,169,,,47.63,40.48,240,4,113,10,,,,,
2026/08/20 17:09,2026-08-20T17:24:27+09:00,2026/08/21,2026/09/10,2026-09,CALL,55500,11010,,,57.39,,10890,4,10285,4,,,,,
2026/08/20 17:09,2026-08-20T17:24:27+09:00,2026/08/21,2026/09/10,2026-09,PUT,55500,154,,,44.98,44.63,170,1,164,1,,,,,
2026/08/20 17:09,2026-08-20T17:24:27+09:00,2026/08/21,2026/09/10,2026-09,CALL,55250,11255,,,58.32,,11135,3,10525,3,,,,,
2026/08/20 17:09,2026-08-20T17:24:27+09:00,2026/08/21,2026/09/10,2026-09,PUT,55250,153,,,48.63,41.04,220,4,97,10,,,,,
2026/08/20 17:09,2026-08-20T17:24:27+09:00,2026/08/21,2026/09/10,2026-09,CALL,55000,11495,,,,,,,,,,,,,
2026/08/20 17:09,2026-08-20T17:24:27+09:00,2026/08/21,2026/09/10,2026-09,PUT,55000,141,,2,45.78,45.66,152,1,150,9,45.81,10,7.09,151,08/20 17:06
2026/08/20 17:09,2026-08-20T17:24:27+09:00,2026/08/21,2026/09/10,2026-09,CALL,54750,11745,,,,,,,,,,,,,
2026/08/20 17:09,2026-08-20T17:24:27+09:00,2026/08/21,2026/09/10,2026-09,PUT,54750,140,,,50.13,41.78,211,11,85,4,,,,,
2026/08/20 17:09,2026-08-20T17:24:27+09:00,2026/08/21,2026/09/10,2026-09,CALL,54500,11980,,,,,,,,,,,,,
2026/08/20 17:09,2026-08-20T17:24:27+09:00,2026/08/21,2026/09/10,2026-09,PUT,54500,128,,,50.23,42.27,195,6,81,16,,,,,
2026/08/20 17:09,2026-08-20T17:24:27+09:00,2026/08/21,2026/09/10,2026-09,CALL,54250,12230,,,,,,,,,,,,,
2026/08/20 17:09,2026-08-20T17:24:27+09:00,2026/08/21,2026/09/10,2026-09,PUT,54250,127,,,50.62,42.75,185,4,77,11,,,,,
2026/08/20 17:09,2026-08-20T17:24:27+09:00,2026/08/21,2026/09/10,2026-09,CALL,54000,12470,,,,,,,,,,,,,
2026/08/20 17:09,2026-08-20T17:24:27+09:00,2026/08/21,2026/09/10,2026-09,PUT,54000,120,,,47.86,47.64,128,1,125,9,,,,,
2026/08/20 17:09,2026-08-20T17:24:27+09:00,2026/08/21,2026/09/10,2026-09,CALL,53750,12720,,,,,,,,,,,,,
2026/08/20 17:09,2026-08-20T17:24:27+09:00,2026/08/21,2026/09/10,2026-09,PUT,53750,114,,,52.44,43.95,183,12,72,4,,,,,
2026/08/20 17:09,2026-08-20T17:24:27+09:00,2026/08/21,2026/09/10,2026-09,CALL,53500,12960,,,,,,,,,,,,,
2026/08/20 17:09,2026-08-20T17:24:27+09:00,2026/08/21,2026/09/10,2026-09,PUT,53500,107,,,52.27,46.75,165,6,92,6,,,,,
2026/08/20 17:09,2026-08-20T17:24:27+09:00,2026/08/21,2026/09/10,2026-09,CALL,53250,13210,,,,,,,,,,,,,
2026/08/20 17:09,2026-08-20T17:24:27+09:00,2026/08/21,2026/09/10,2026-09,PUT,53250,105,,,52.76,44.89,158,4,65,4,,,,,
2026/08/20 17:09,2026-08-20T17:24:27+09:00,2026/08/21,2026/09/10,2026-09,CALL,53000,13450,,,,,,,,,,,,,
2026/08/20 17:09,2026-08-20T17:24:27+09:00,2026/08/21,2026/09/10,2026-09,PUT,53000,101,,,49.84,49.67,107,1,105,9,,,,,
2026/08/20 17:09,2026-08-20T17:24:27+09:00,2026/08/21,2026/09/10,2026-09,CALL,52750,13700,,,,,,,,,,,,,
2026/08/20 17:09,2026-08-20T17:24:27+09:00,2026/08/21,2026/09/10,2026-09,PUT,52750,98,,,54.6,45.98,157,12,60,12,,,,,
2026/08/20 17:09,2026-08-20T17:24:27+09:00,2026/08/21,2026/09/10,2026-09,CALL,52500,13945,,,,,,,,,,,,,
2026/08/20 17:09,2026-08-20T17:24:27+09:00,2026/08/21,2026/09/10,2026-09,PUT,52500,91,,,51.12,45.64,101,1,51,24,,,,,
2026/08/20 17:09,2026-08-20T17:24:27+09:00,2026/08/21,2026/09/10,2026-09,CALL,52250,14195,,,,,,,,,,,,,
2026/08/20 17:09,2026-08-20T17:24:27+09:00,2026/08/21,2026/09/10,2026-09,PUT,52250,92,,,54.95,47.02,136,4,55,12,,,,,
2026/08/20 17:09,2026-08-20T17:24:27+09:00,2026/08/21,2026/09/10,2026-09,CALL,52000,14445,,,,,,,,,,,,,
2026/08/20 17:09,2026-08-20T17:24:27+09:00,2026/08/21,2026/09/10,2026-09,PUT,52000,86,,,52.06,51.87,92,1,90,1,,,,,
2026/08/20 17:09,2026-08-20T17:24:27+09:00,2026/08/21,2026/09/10,2026-09,CALL,51750,14690,,,,,,,,,,,,,
2026/08/20 17:09,2026-08-20T17:24:27+09:00,2026/08/21,2026/09/10,2026-09,PUT,51750,87,,,56.2,44.98,128,4,32,17,,,,,
2026/08/20 17:09,2026-08-20T17:24:27+09:00,2026/08/21,2026/09/10,2026-09,CALL,51500,14935,,,,,,,,,,,,,
2026/08/20 17:09,2026-08-20T17:24:27+09:00,2026/08/21,2026/09/10,2026-09,PUT,51500,80,,,56.71,47.57,123,6,42,6,,,,,
2026/08/20 17:09,2026-08-20T17:24:27+09:00,2026/08/21,2026/09/10,2026-09,CALL,51250,15180,,,,,,,,,,,,,
2026/08/20 17:09,2026-08-20T17:24:27+09:00,2026/08/21,2026/09/10,2026-09,PUT,51250,80,,,58.57,46.16,134,17,30,17,,,,,
2026/08/20 17:09,2026-08-20T17:24:27+09:00,2026/08/21,2026/09/10,2026-09,CALL,51000,15420,,,,,,,,,,,,,
2026/08/20 17:09,2026-08-20T17:24:27+09:00,2026/08/21,2026/09/10,2026-09,PUT,51000,68,,2,55.87,49.21,94,8,42,8,54.1,2,2.67,77,08/20 17:06
2026/08/20 17:09,2026-08-20T17:24:27+09:00,2026/08/21,2026/09/10,2026-09,CALL,50750,15670,,,,,,,,,,,,,
2026/08/20 17:09,2026-08-20T17:24:27+09:00,2026/08/21,2026/09/10,2026-09,PUT,50750,68,,,58.63,47.52,113,4,29,13,,,,,
2026/08/20 17:09,2026-08-20T17:24:27+09:00,2026/08/21,2026/09/10,2026-09,CALL,50500,15920,,,,,,,,,,,,,
2026/08/20 17:09,2026-08-20T17:24:27+09:00,2026/08/21,2026/09/10,2026-09,PUT,50500,67,,,59.28,48.31,110,6,29,6,,,,,
2026/08/20 17:09,2026-08-20T17:24:27+09:00,2026/08/21,2026/09/10,2026-09,CALL,50250,16165,,,,,,,,,,,,,
2026/08/20 17:09,2026-08-20T17:24:27+09:00,2026/08/21,2026/09/10,2026-09,PUT,50250,66,,,61.06,48.88,119,4,28,4,,,,,
2026/08/20 17:09,2026-08-20T17:24:27+09:00,2026/08/21,2026/09/10,2026-09,CALL,50000,16415,,,,,,,,,,,,,
2026/08/20 17:09,2026-08-20T17:24:27+09:00,2026/08/21,2026/09/10,2026-09,PUT,50000,63,,8,56.32,55.92,67,1,64,8,56.33,2,3.08,67,08/20 17:08
2026/08/20 17:09,2026-08-20T17:24:27+09:00,2026/08/21,2026/09/10,2026-09,CALL,49750,16665,,,,,,,,,,,,,
2026/08/20 17:09,2026-08-20T17:24:27+09:00,2026/08/21,2026/09/10,2026-09,PUT,49750,62,,,61.29,49.47,102,4,24,17,,,,,
2026/08/20 17:09,2026-08-20T17:24:27+09:00,2026/08/21,2026/09/10,2026-09,CALL,49500,16910,,,,,,,,,,,,,
2026/08/20 17:09,2026-08-20T17:24:27+09:00,2026/08/21,2026/09/10,2026-09,PUT,49500,59,,,61.9,50.53,99,6,25,6,,,,,
2026/08/20 17:09,2026-08-20T17:24:27+09:00,2026/08/21,2026/09/10,2026-09,CALL,49250,17160,,,,,,,,,,,,,
2026/08/20 17:09,2026-08-20T17:24:27+09:00,2026/08/21,2026/09/10,2026-09,PUT,49250,59,,,62.84,50.78,99,4,23,4,,,,,
2026/08/20 17:09,2026-08-20T17:24:27+09:00,2026/08/21,2026/09/10,2026-09,CALL,49000,17405,,,,,,,,,,,,,
2026/08/20 17:09,2026-08-20T17:24:27+09:00,2026/08/21,2026/09/10,2026-09,PUT,49000,54,,2,58.86,55.68,60,2,41,8,58.42,3,5.56,57,08/20 17:08
2026/08/20 17:09,2026-08-20T17:24:27+09:00,2026/08/21,2026/09/10,2026-09,CALL,48750,17655,,,,,,,,,,,,,
2026/08/20 17:09,2026-08-20T17:24:27+09:00,2026/08/21,2026/09/10,2026-09,PUT,48750,53,,,64.04,43.32,93,4,4,17,,,,,
2026/08/20 17:09,2026-08-20T17:24:27+09:00,2026/08/21,2026/09/10,2026-09,CALL,48500,17900,,,,,,,,,,,,,
2026/08/20 17:09,2026-08-20T17:24:27+09:00,2026/08/21,2026/09/10,2026-09,PUT,48500,51,,,64.75,44,91,6,4,25,,,,,
2026/08/20 17:09,2026-08-20T17:24:27+09:00,2026/08/21,2026/09/10,2026-09,CALL,48250,18150,,,,,,,,,,,,,
2026/08/20 17:09,2026-08-20T17:24:27+09:00,2026/08/21,2026/09/10,2026-09,PUT,48250,49,,,66.72,44.68,100,4,4,17,,,,,
2026/08/20 17:09,2026-08-20T17:24:27+09:00,2026/08/21,2026/09/10,2026-09,CALL,48000,18395,,,,,,,,,,,,,
2026/08/20 17:09,2026-08-20T17:24:27+09:00,2026/08/21,2026/09/10,2026-09,PUT,48000,46,,,63.76,55.34,69,8,25,8,,,,,
2026/08/20 17:09,2026-08-20T17:24:27+09:00,2026/08/21,2026/09/10,2026-09,CALL,47750,18645,,,,,,,,,,,,,
2026/08/20 17:09,2026-08-20T17:24:27+09:00,2026/08/21,2026/09/10,2026-09,PUT,47750,45,,,66.83,46.05,85,4,4,17,,,,,
2026/08/20 17:09,2026-08-20T17:24:27+09:00,2026/08/21,2026/09/10,2026-09,CALL,47500,18895,,,,,,,,,,,,,
2026/08/20 17:09,2026-08-20T17:24:27+09:00,2026/08/21,2026/09/10,2026-09,PUT,47500,45,,,67.51,51.22,83,6,10,6,,,,,
2026/08/20 17:09,2026-08-20T17:24:27+09:00,2026/08/21,2026/09/10,2026-09,CALL,47250,19140,,,,,,,,,,,,,
2026/08/20 17:09,2026-08-20T17:24:27+09:00,2026/08/21,2026/09/10,2026-09,PUT,47250,43,,,68.19,47.44,81,4,4,18,,,,,
2026/08/20 17:09,2026-08-20T17:24:27+09:00,2026/08/21,2026/09/10,2026-09,CALL,47000,19390,,,,,,,,,,,,,
2026/08/20 17:09,2026-08-20T17:24:27+09:00,2026/08/21,2026/09/10,2026-09,PUT,47000,41,,,68.58,53.27,77,8,11,8,,,,,
2026/08/20 17:09,2026-08-20T17:24:27+09:00,2026/08/21,2026/09/10,2026-09,CALL,46750,19640,,,,,,,,,,,,,
2026/08/20 17:09,2026-08-20T17:24:27+09:00,2026/08/21,2026/09/10,2026-09,PUT,46750,41,,,69.53,48.83,77,4,4,18,,,,,
2026/08/20 17:09,2026-08-20T17:24:27+09:00,2026/08/21,2026/09/10,2026-09,CALL,46500,19890,,,,,,,,,,,,,
2026/08/20 17:09,2026-08-20T17:24:27+09:00,2026/08/21,2026/09/10,2026-09,PUT,46500,41,,,70.61,51.48,78,30,6,30,,,,,
2026/08/20 17:09,2026-08-20T17:24:27+09:00,2026/08/21,2026/09/10,2026-09,CALL,46250,20135,,,,,,,,,,,,,
2026/08/20 17:09,2026-08-20T17:24:27+09:00,2026/08/21,2026/09/10,2026-09,PUT,46250,37,,,71.42,59.82,77,24,21,24,,,,,
2026/08/20 17:09,2026-08-20T17:24:27+09:00,2026/08/21,2026/09/10,2026-09,CALL,46000,20380,,,,,,,,,,,,,
2026/08/20 17:09,2026-08-20T17:24:27+09:00,2026/08/21,2026/09/10,2026-09,PUT,46000,34,,,65.61,64.67,39,8,35,8,,,,,
2026/08/20 17:09,2026-08-20T17:24:27+09:00,2026/08/21,2026/09/10,2026-09,CALL,45750,20630,,,,,,,,,,,,,
2026/08/20 17:09,2026-08-20T17:24:27+09:00,2026/08/21,2026/09/10,2026-09,PUT,45750,34,,,72.88,51.66,74,24,4,21,,,,,
2026/08/20 17:09,2026-08-20T17:24:27+09:00,2026/08/21,2026/09/10,2026-09,CALL,45500,20880,,,,,,,,,,,,,
2026/08/20 17:09,2026-08-20T17:24:27+09:00,2026/08/21,2026/09/10,2026-09,PUT,45500,33,,,73.38,54.43,71,33,6,33,,,,,
2026/08/20 17:09,2026-08-20T17:24:27+09:00,2026/08/21,2026/09/10,2026-09,CALL,45250,21130,,,,,,,,,,,,,
2026/08/20 17:09,2026-08-20T17:24:27+09:00,2026/08/21,2026/09/10,2026-09,PUT,45250,32,,,74.49,53.1,72,24,4,24,,,,,
2026/08/20 17:09,2026-08-20T17:24:27+09:00,2026/08/21,2026/09/10,2026-09,CALL,45000,21375,,,,,,,,,,,,,
2026/08/20 17:09,2026-08-20T17:24:27+09:00,2026/08/21,2026/09/10,2026-09,PUT,45000,30,,,68.19,66.84,35,8,30,1,,,,,
2026/08/20 17:09,2026-08-20T17:24:27+09:00,2026/08/21,2026/09/10,2026-09,CALL,44750,21625,,,,,,,,,,,,,
2026/08/20 17:09,2026-08-20T17:24:27+09:00,2026/08/21,2026/09/10,2026-09,PUT,44750,29,,,76.1,54.55,70,24,4,21,,,,,
2026/08/20 17:09,2026-08-20T17:24:27+09:00,2026/08/21,2026/09/10,2026-09,CALL,44500,21875,,,,,,,,,,,,,
2026/08/20 17:09,2026-08-20T17:24:27+09:00,2026/08/21,2026/09/10,2026-09,PUT,44500,28,,,76.73,57.43,68,33,6,33,,,,,
2026/08/20 17:09,2026-08-20T17:24:27+09:00,2026/08/21,2026/09/10,2026-09,CALL,44250,22125,,,,,,,,,,,,,
2026/08/20 17:09,2026-08-20T17:24:27+09:00,2026/08/21,2026/09/10,2026-09,PUT,44250,27,,,77.53,56.01,67,24,4,24,,,,,
2026/08/20 17:09,2026-08-20T17:24:27+09:00,2026/08/21,2026/09/10,2026-09,CALL,44000,22370,,,,,,,,,,,,,
2026/08/20 17:09,2026-08-20T17:24:27+09:00,2026/08/21,2026/09/10,2026-09,PUT,44000,26,,,70.95,69.13,32,11,26,8,,,,,
2026/08/20 17:09,2026-08-20T17:24:27+09:00,2026/08/21,2026/09/10,2026-09,CALL,43750,22620,,,,,,,,,,,,,
2026/08/20 17:09,2026-08-20T17:24:27+09:00,2026/08/21,2026/09/10,2026-09,PUT,43750,24,,,79.13,57.49,65,24,4,24,,,,,
2026/08/20 17:09,2026-08-20T17:24:27+09:00,2026/08/21,2026/09/10,2026-09,CALL,43500,22870,,,,,,,,,,,,,
2026/08/20 17:09,2026-08-20T17:24:27+09:00,2026/08/21,2026/09/10,2026-09,PUT,43500,24,,,79.56,60.48,62,33,6,33,,,,,
2026/08/20 17:09,2026-08-20T17:24:27+09:00,2026/08/21,2026/09/10,2026-09,CALL,43250,23120,,,,,,,,,,,,,
2026/08/20 17:09,2026-08-20T17:24:27+09:00,2026/08/21,2026/09/10,2026-09,PUT,43250,23,,,73.66,68.28,32,24,17,24,,,,,
2026/08/20 17:09,2026-08-20T17:24:27+09:00,2026/08/21,2026/09/10,2026-09,CALL,43000,23370,,,,,,,,,,,,,
2026/08/20 17:09,2026-08-20T17:24:27+09:00,2026/08/21,2026/09/10,2026-09,PUT,43000,23,,,73.01,70.44,27,11,20,11,,,,,
2026/08/20 17:09,2026-08-20T17:24:27+09:00,2026/08/21,2026/09/10,2026-09,CALL,42750,23615,,,,,,,,,,,,,
2026/08/20 17:09,2026-08-20T17:24:27+09:00,2026/08/21,2026/09/10,2026-09,PUT,42750,22,,,74.88,69.02,30,24,15,24,,,,,
2026/08/20 17:09,2026-08-20T17:24:27+09:00,2026/08/21,2026/09/10,2026-09,CALL,42500,23865,,,,,,,,,,,,,
2026/08/20 17:09,2026-08-20T17:24:27+09:00,2026/08/21,2026/09/10,2026-09,PUT,42500,21,,,75.79,69.88,30,33,15,33,,,,,
2026/08/20 17:09,2026-08-20T17:24:27+09:00,2026/08/21,2026/09/10,2026-09,CALL,42250,24115,,,,,,,,,,,,,
2026/08/20 17:09,2026-08-20T17:24:27+09:00,2026/08/21,2026/09/10,2026-09,PUT,42250,20,,,76.39,70.2,29,24,14,24,,,,,
2026/08/20 17:09,2026-08-20T17:24:27+09:00,2026/08/21,2026/09/10,2026-09,CALL,42000,24365,,,,,,,,,,,,,
2026/08/20 17:09,2026-08-20T17:24:27+09:00,2026/08/21,2026/09/10,2026-09,PUT,42000,19,,,75.56,73.07,24,11,18,8,,,,,
2026/08/20 17:09,2026-08-20T17:24:27+09:00,2026/08/21,2026/09/10,2026-09,CALL,41750,24615,,,,,,,,,,,,,
2026/08/20 17:09,2026-08-20T17:24:27+09:00,2026/08/21,2026/09/10,2026-09,PUT,41750,19,,,77.56,70.74,27,24,12,24,,,,,
2026/08/20 17:09,2026-08-20T17:24:27+09:00,2026/08/21,2026/09/10,2026-09,CALL,41500,24865,,,,,,,,,,,,,
2026/08/20 17:09,2026-08-20T17:24:27+09:00,2026/08/21,2026/09/10,2026-09,PUT,41500,18,,,78.12,71.6,26,33,12,33,,,,,
2026/08/20 17:09,2026-08-20T17:24:27+09:00,2026/08/21,2026/09/10,2026-09,CALL,41250,25110,,,,,,,,,,,,,
2026/08/20 17:09,2026-08-20T17:24:27+09:00,2026/08/21,2026/09/10,2026-09,PUT,41250,17,,,79.05,71.8,26,24,11,24,,,,,
2026/08/20 17:09,2026-08-20T17:24:27+09:00,2026/08/21,2026/09/10,2026-09,CALL,41000,25360,,,,,,,,,,,,,
2026/08/20 17:09,2026-08-20T17:24:27+09:00,2026/08/21,2026/09/10,2026-09,PUT,41000,17,,,77.99,74.54,21,11,14,42,,,,,
2026/08/20 17:09,2026-08-20T17:24:27+09:00,2026/08/21,2026/09/10,2026-09,CALL,40750,25610,,,,,,,,,,,,,
2026/08/20 17:09,2026-08-20T17:24:27+09:00,2026/08/21,2026/09/10,2026-09,PUT,40750,16,,,80.15,72.8,24,24,10,24,,,,,
2026/08/20 17:09,2026-08-20T17:24:27+09:00,2026/08/21,2026/09/10,2026-09,CALL,40500,25860,,,,,,,,,,,,,
2026/08/20 17:09,2026-08-20T17:24:27+09:00,2026/08/21,2026/09/10,2026-09,PUT,40500,15,,,81.08,70.06,24,33,6,33,,,,,
2026/08/20 17:09,2026-08-20T17:24:27+09:00,2026/08/21,2026/09/10,2026-09,CALL,40250,26110,,,,,,,,,,,,,
2026/08/20 17:09,2026-08-20T17:24:27+09:00,2026/08/21,2026/09/10,2026-09,PUT,40250,15,,,81.61,68.3,23,24,4,21,,,,,
2026/08/20 17:09,2026-08-20T17:24:27+09:00,2026/08/21,2026/09/10,2026-09,CALL,40000,26360,,,,,,,,,,,,,
2026/08/20 17:09,2026-08-20T17:24:27+09:00,2026/08/21,2026/09/10,2026-09,PUT,40000,14,,3,78.67,78.09,15,4,14,10,78.66,1,7.14,15,08/20 17:04
2026/08/20 17:09,2026-08-20T17:24:27+09:00,2026/08/21,2026/09/10,2026-09,CALL,39750,26605,,,,,,,,,,,,,
2026/08/20 17:09,2026-08-20T17:24:27+09:00,2026/08/21,2026/09/10,2026-09,PUT,39750,14,,,83.07,72.55,22,24,6,24,,,,,
2026/08/20 17:09,2026-08-20T17:24:27+09:00,2026/08/21,2026/09/10,2026-09,CALL,39500,26855,,,,,,,,,,,,,
2026/08/20 17:09,2026-08-20T17:24:27+09:00,2026/08/21,2026/09/10,2026-09,PUT,39500,13,,,83.57,70.73,21,33,4,33,,,,,
2026/08/20 17:09,2026-08-20T17:24:27+09:00,2026/08/21,2026/09/10,2026-09,CALL,39250,27105,,,,,,,,,,,,,
2026/08/20 17:09,2026-08-20T17:24:27+09:00,2026/08/21,2026/09/10,2026-09,PUT,39250,13,,,84.52,78.79,21,24,11,4,,,,,
2026/08/20 17:09,2026-08-20T17:24:27+09:00,2026/08/21,2026/09/10,2026-09,CALL,39000,27355,,,,,,,,,,,,,
2026/08/20 17:09,2026-08-20T17:24:27+09:00,2026/08/21,2026/09/10,2026-09,PUT,39000,12,,,82.91,78.92,16,11,10,42,,,,,
2026/08/20 17:09,2026-08-20T17:24:27+09:00,2026/08/21,2026/09/10,2026-09,CALL,38750,27605,,,,,,,,,,,,,
2026/08/20 17:09,2026-08-20T17:24:27+09:00,2026/08/21,2026/09/10,2026-09,PUT,38750,12,,,85.95,73.2,20,24,4,24,,,,,
2026/08/20 17:09,2026-08-20T17:24:27+09:00,2026/08/21,2026/09/10,2026-09,CALL,38500,27855,,,,,,,,,,,,,
2026/08/20 17:09,2026-08-20T17:24:27+09:00,2026/08/21,2026/09/10,2026-09,PUT,38500,12,,,86.41,81.5,19,33,11,6,,,,,
2026/08/20 17:09,2026-08-20T17:24:27+09:00,2026/08/21,2026/09/10,2026-09,CALL,38250,28105,,,,,,,,,,,,,
2026/08/20 17:09,2026-08-20T17:24:27+09:00,2026/08/21,2026/09/10,2026-09,PUT,38250,11,,,87.37,74.88,19,24,4,24,,,,,
2026/08/20 17:09,2026-08-20T17:24:27+09:00,2026/08/21,2026/09/10,2026-09,CALL,38000,28355,,,,,,,,,,,,,
2026/08/20 17:09,2026-08-20T17:24:27+09:00,2026/08/21,2026/09/10,2026-09,PUT,38000,11,,2,85.45,82.53,14,11,10,8,84.81,3,30,13,08/20 17:07
2026/08/20 17:09,2026-08-20T17:24:27+09:00,2026/08/21,2026/09/10,2026-09,CALL,37750,28600,,,,,,,,,,,,,
2026/08/20 17:09,2026-08-20T17:24:27+09:00,2026/08/21,2026/09/10,2026-09,PUT,37750,10,,,88.78,74.7,18,24,3,24,,,,,
2026/08/20 17:09,2026-08-20T17:24:27+09:00,2026/08/21,2026/09/10,2026-09,CALL,37500,28850,,,,,,,,,,,,,
2026/08/20 17:09,2026-08-20T17:24:27+09:00,2026/08/21,2026/09/10,2026-09,PUT,37500,10,,,85.95,83.49,12,21,9,21,,,,,
2026/08/20 17:09,2026-08-20T17:24:27+09:00,2026/08/21,2026/09/10,2026-09,CALL,37250,29100,,,,,,,,,,,,,
2026/08/20 17:09,2026-08-20T17:24:27+09:00,2026/08/21,2026/09/10,2026-09,PUT,37250,10,,,86.9,83.45,12,19,8,19,,,,,
2026/08/20 17:09,2026-08-20T17:24:27+09:00,2026/08/21,2026/09/10,2026-09,CALL,37000,29350,,,,,,,,,,,,,
2026/08/20 17:09,2026-08-20T17:24:27+09:00,2026/08/21,2026/09/10,2026-09,PUT,37000,9,,,87.85,84.36,12,23,8,23,,,,,
2026/08/20 17:09,2026-08-20T17:24:27+09:00,2026/08/21,2026/09/10,2026-09,CALL,36750,29600,,,,,,,,,,,,,
2026/08/20 17:09,2026-08-20T17:24:27+09:00,2026/08/21,2026/09/10,2026-09,PUT,36750,8,,,88.02,84.2,11,19,7,19,,,,,
2026/08/20 17:09,2026-08-20T17:24:27+09:00,2026/08/21,2026/09/10,2026-09,CALL,36500,29850,,,,,,,,,,,,,
2026/08/20 17:09,2026-08-20T17:24:27+09:00,2026/08/21,2026/09/10,2026-09,PUT,36500,7,,,88.97,85.12,11,21,7,21,,,,,
2026/08/20 17:09,2026-08-20T17:24:27+09:00,2026/08/21,2026/09/10,2026-09,CALL,36250,30095,,,,,,,,,,,,,
2026/08/20 17:09,2026-08-20T17:24:27+09:00,2026/08/21,2026/09/10,2026-09,PUT,36250,7,,,89.93,84.81,11,33,6,33,,,,,
2026/08/20 17:09,2026-08-20T17:24:27+09:00,2026/08/21,2026/09/10,2026-09,CALL,36000,30345,,,,,,,,,,,,,
2026/08/20 17:09,2026-08-20T17:24:27+09:00,2026/08/21,2026/09/10,2026-09,PUT,36000,8,,,89.1,86.98,9,23,7,23,,,,,
2026/08/20 17:09,2026-08-20T17:24:27+09:00,2026/08/21,2026/09/10,2026-09,CALL,35750,30595,,,,,,,,,,,,,
2026/08/20 17:09,2026-08-20T17:24:27+09:00,2026/08/21,2026/09/10,2026-09,PUT,35750,6,,,91,86.66,10,19,6,19,,,,,
2026/08/20 17:09,2026-08-20T17:24:27+09:00,2026/08/21,2026/09/10,2026-09,CALL,35500,30845,,,,,,,,,,,,,
2026/08/20 17:09,2026-08-20T17:24:27+09:00,2026/08/21,2026/09/10,2026-09,PUT,35500,6,,,91.97,87.59,10,42,6,21,,,,,
2026/08/20 17:09,2026-08-20T17:24:27+09:00,2026/08/21,2026/09/10,2026-09,CALL,35250,31095,,,,,,,,,,,,,
2026/08/20 17:09,2026-08-20T17:24:27+09:00,2026/08/21,2026/09/10,2026-09,PUT,35250,6,,,92.95,87.07,10,33,5,33,,,,,
2026/08/20 17:09,2026-08-20T17:24:27+09:00,2026/08/21,2026/09/10,2026-09,CALL,35000,31340,,,,,,,,,,,,,
2026/08/20 17:09,2026-08-20T17:24:27+09:00,2026/08/21,2026/09/10,2026-09,PUT,35000,6,,1,91.92,89.47,8,23,6,32,89.66,0,0,6,08/20 17:01
2026/08/20 17:09,2026-08-20T17:24:27+09:00,2026/08/21,2026/09/10,2026-09,CALL,34750,31590,,,,,,,,,,,,,
2026/08/20 17:09,2026-08-20T17:24:27+09:00,2026/08/21,2026/09/10,2026-09,PUT,34750,5,,,92.89,88.94,8,19,5,19,,,,,
2026/08/20 17:09,2026-08-20T17:24:27+09:00,2026/08/21,2026/09/10,2026-09,CALL,34500,31840,,,,,,,,,,,,,
2026/08/20 17:09,2026-08-20T17:24:27+09:00,2026/08/21,2026/09/10,2026-09,PUT,34500,5,,,94.94,89.88,9,42,5,26,,,,,
2026/08/20 17:09,2026-08-20T17:24:27+09:00,2026/08/21,2026/09/10,2026-09,CALL,34250,32090,,,,,,,,,,,,,
2026/08/20 17:09,2026-08-20T17:24:27+09:00,2026/08/21,2026/09/10,2026-09,PUT,34250,5,,,95.94,90.83,9,33,5,19,,,,,
2026/08/20 17:09,2026-08-20T17:24:27+09:00,2026/08/21,2026/09/10,2026-09,CALL,34000,32340,,,,,,,,,,,,,
2026/08/20 17:09,2026-08-20T17:24:27+09:00,2026/08/21,2026/09/10,2026-09,PUT,34000,5,,,94.65,91.79,7,16,5,26,,,,,
2026/08/20 17:09,2026-08-20T17:24:27+09:00,2026/08/21,2026/09/10,2026-09,CALL,33750,32590,,,,,,,,,,,,,
2026/08/20 17:09,2026-08-20T17:24:27+09:00,2026/08/21,2026/09/10,2026-09,PUT,33750,5,,,96.85,90.95,8,33,4,33,,,,,
2026/08/20 17:09,2026-08-20T17:24:27+09:00,2026/08/21,2026/09/10,2026-09,CALL,33500,32840,,,,,,,,,,,,,
2026/08/20 17:09,2026-08-20T17:24:27+09:00,2026/08/21,2026/09/10,2026-09,PUT,33500,4,,,96.64,91.9,7,21,4,21,,,,,
2026/08/20 17:09,2026-08-20T17:24:27+09:00,2026/08/21,2026/09/10,2026-09,CALL,33250,33090,,,,,,,,,,,,,
2026/08/20 17:09,2026-08-20T17:24:27+09:00,2026/08/21,2026/09/10,2026-09,PUT,33250,4,,,97.64,92.86,7,33,4,19,,,,,
2026/08/20 17:09,2026-08-20T17:24:27+09:00,2026/08/21,2026/09/10,2026-09,CALL,33000,33340,,,,,,,,,,,,,
2026/08/20 17:09,2026-08-20T17:24:27+09:00,2026/08/21,2026/09/10,2026-09,PUT,33000,4,,,97.26,93.83,6,16,4,26,,,,,
2026/08/20 17:09,2026-08-20T17:24:27+09:00,2026/08/21,2026/09/10,2026-09,CALL,32750,33590,,,,,,,,,,,,,
2026/08/20 17:09,2026-08-20T17:24:27+09:00,2026/08/21,2026/09/10,2026-09,PUT,32750,4,,,98.27,89.56,6,19,2,33,,,,,
2026/08/20 17:09,2026-08-20T17:24:27+09:00,2026/08/21,2026/09/10,2026-09,CALL,32500,33840,,,,,,,,,,,,,
2026/08/20 17:09,2026-08-20T17:24:27+09:00,2026/08/21,2026/09/10,2026-09,PUT,32500,4,,,99.28,95.79,6,42,4,21,,,,,
2026/08/20 17:09,2026-08-20T17:24:27+09:00,2026/08/21,2026/09/10,2026-09,CALL,32250,34090,,,,,,,,,,,,,
2026/08/20 17:09,2026-08-20T17:24:27+09:00,2026/08/21,2026/09/10,2026-09,PUT,32250,4,,,101.73,94.46,7,33,3,18,,,,,
2026/08/20 17:09,2026-08-20T17:24:27+09:00,2026/08/21,2026/09/10,2026-09,CALL,32000,34340,,,,,,,,,,,,,
2026/08/20 17:09,2026-08-20T17:24:27+09:00,2026/08/21,2026/09/10,2026-09,PUT,32000,4,,,99.69,95.43,5,23,3,15,,,,,
2026/08/20 17:09,2026-08-20T17:24:27+09:00,2026/08/21,2026/09/10,2026-09,CALL,31750,34590,,,,,,,,,,,,,
2026/08/20 17:09,2026-08-20T17:24:27+09:00,2026/08/21,2026/09/10,2026-09,PUT,31750,3,,,102.37,96.42,6,33,3,18,,,,,
2026/08/20 17:09,2026-08-20T17:24:27+09:00,2026/08/21,2026/09/10,2026-09,CALL,31500,34840,,,,,,,,,,,,,
2026/08/20 17:09,2026-08-20T17:24:27+09:00,2026/08/21,2026/09/10,2026-09,PUT,31500,3,,,101.74,97.41,5,21,3,21,,,,,
2026/08/20 17:09,2026-08-20T17:24:27+09:00,2026/08/21,2026/09/10,2026-09,CALL,31250,35090,,,,,,,,,,,,,
2026/08/20 17:09,2026-08-20T17:24:27+09:00,2026/08/21,2026/09/10,2026-09,PUT,31250,2,,,104.46,98.4,6,33,3,19,,,,,
2026/08/20 17:09,2026-08-20T17:24:27+09:00,2026/08/21,2026/09/10,2026-09,CALL,31000,35340,,,,,,,,,,,,,
2026/08/20 17:09,2026-08-20T17:24:27+09:00,2026/08/21,2026/09/10,2026-09,PUT,31000,3,,,103.82,99.41,5,65,3,15,,,,,
2026/08/20 17:09,2026-08-20T17:24:27+09:00,2026/08/21,2026/09/10,2026-09,CALL,30750,35590,,,,,,,,,,,,,
2026/08/20 17:09,2026-08-20T17:24:27+09:00,2026/08/21,2026/09/10,2026-09,PUT,30750,2,,,104.88,97.22,5,33,2,33,,,,,
2026/08/20 17:09,2026-08-20T17:24:27+09:00,2026/08/21,2026/09/10,2026-09,CALL,30500,35840,,,,,,,,,,,,,
2026/08/20 17:09,2026-08-20T17:24:27+09:00,2026/08/21,2026/09/10,2026-09,PUT,30500,2,,,107.67,98.21,6,42,2,15,,,,,
2026/08/20 17:09,2026-08-20T17:24:27+09:00,2026/08/21,2026/09/10,2026-09,CALL,30250,36090,,,,,,,,,,,,,
2026/08/20 17:09,2026-08-20T17:24:27+09:00,2026/08/21,2026/09/10,2026-09,PUT,30250,2,,,108.76,99.21,6,33,2,33,,,,,
2026/08/20 17:09,2026-08-20T17:24:27+09:00,2026/08/21,2026/09/10,2026-09,CALL,30000,36335,,,,,,,,,,,,,
2026/08/20 17:09,2026-08-20T17:24:27+09:00,2026/08/21,2026/09/10,2026-09,PUT,30000,3,,30,106.03,103.51,4,29,3,43,103.49,-1,-25,3,08/20 17:00
2026/08/20 17:09,2026-08-20T17:24:27+09:00,2026/08/21,2026/09/10,2026-09,CALL,29750,36585,,,,,,,,,,,,,
2026/08/20 17:09,2026-08-20T17:24:27+09:00,2026/08/21,2026/09/10,2026-09,PUT,29750,2,,,104.56,101.23,3,3,2,18,,,,,
2026/08/20 17:09,2026-08-20T17:24:27+09:00,2026/08/21,2026/09/10,2026-09,CALL,29500,36835,,,,,,,,,,,,,
2026/08/20 17:09,2026-08-20T17:24:27+09:00,2026/08/21,2026/09/10,2026-09,PUT,29500,2,,,108.17,102.26,4,27,2,6,,,,,
2026/08/20 17:09,2026-08-20T17:24:27+09:00,2026/08/21,2026/09/10,2026-09,CALL,29250,37085,,,,,,,,,,,,,
2026/08/20 17:09,2026-08-20T17:24:27+09:00,2026/08/21,2026/09/10,2026-09,PUT,29250,1,,,123.64,,15,14,,,,,,,
2026/08/20 17:09,2026-08-20T17:24:27+09:00,2026/08/21,2026/09/10,2026-09,CALL,29000,37335,,,,,,,,,,,,,
2026/08/20 17:09,2026-08-20T17:24:27+09:00,2026/08/21,2026/09/10,2026-09,PUT,29000,2,,,107.75,104.33,3,4,2,1,,,,,
2026/08/20 17:09,2026-08-20T17:24:27+09:00,2026/08/21,2026/09/10,2026-09,CALL,28750,37585,,,,,,,,,,,,,
2026/08/20 17:09,2026-08-20T17:24:27+09:00,2026/08/21,2026/09/10,2026-09,PUT,28750,2,,1,125.22,100.1,14,14,1,1,105.36,0,0,2,08/20 17:00
2026/08/20 17:09,2026-08-20T17:24:27+09:00,2026/08/21,2026/09/10,2026-09,CALL,28500,37835,,,,,,,,,,,,,
2026/08/20 17:09,2026-08-20T17:24:27+09:00,2026/08/21,2026/09/10,2026-09,PUT,28500,1,,,109.92,101.11,3,6,1,1,,,,,
2026/08/20 17:09,2026-08-20T17:24:27+09:00,2026/08/21,2026/09/10,2026-09,CALL,28250,38085,,,,,,,,,,,,,
2026/08/20 17:09,2026-08-20T17:24:27+09:00,2026/08/21,2026/09/10,2026-09,PUT,28250,1,,,126.76,102.13,13,14,1,1,,,,,
2026/08/20 17:09,2026-08-20T17:24:27+09:00,2026/08/21,2026/09/10,2026-09,CALL,28000,38335,,,,,,,,,,,,,
2026/08/20 17:09,2026-08-20T17:24:27+09:00,2026/08/21,2026/09/10,2026-09,PUT,28000,1,,,117.07,103.16,5,8,1,37,,,,,
2026/08/20 17:09,2026-08-20T17:24:27+09:00,2026/08/21,2026/09/10,2026-09,CALL,27750,38585,,,,,,,,,,,,,
2026/08/20 17:09,2026-08-20T17:24:27+09:00,2026/08/21,2026/09/10,2026-09,PUT,27750,1,,,115.99,,4,4,,,,,,,
2026/08/20 17:09,2026-08-20T17:24:27+09:00,2026/08/21,2026/09/10,2026-09,CALL,27500,38835,,,,,,,,,,,,,
2026/08/20 17:09,2026-08-20T17:24:27+09:00,2026/08/21,2026/09/10,2026-09,PUT,27500,1,,,117.15,,4,6,,,,,,,
2026/08/20 17:09,2026-08-20T17:24:27+09:00,2026/08/21,2026/09/10,2026-09,CALL,27250,39085,,,,,,,,,,,,,
2026/08/20 17:09,2026-08-20T17:24:27+09:00,2026/08/21,2026/09/10,2026-09,PUT,27250,1,,,118.31,106.3,4,4,1,1,,,,,
2026/08/20 17:09,2026-08-20T17:24:27+09:00,2026/08/21,2026/09/10,2026-09,CALL,27000,39335,,,,,,,,,,,,,
2026/08/20 17:09,2026-08-20T17:24:27+09:00,2026/08/21,2026/09/10,2026-09,PUT,27000,1,,,116.68,107.36,3,31,1,17,,,,,
2026/08/20 17:09,2026-08-20T17:24:27+09:00,2026/08/21,2026/09/10,2026-09,CALL,26000,40335,,,,,,,,,,,,,
2026/08/20 17:09,2026-08-20T17:24:27+09:00,2026/08/21,2026/09/10,2026-09,PUT,26000,1,,,117.58,111.73,2,1,1,34,,,,,
2026/08/20 17:09,2026-08-20T17:24:27+09:00,2026/08/21,2026/09/10,2026-09,CALL,25000,41335,,,,,,,,,,,,,
2026/08/20 17:09,2026-08-20T17:24:27+09:00,2026/08/21,2026/09/10,2026-09,PUT,25000,1,,2,122.34,116.27,2,2,1,29,122.32,,,2,08/20 17:00
2026/08/20 17:09,2026-08-20T17:24:27+09:00,2026/08/21,2026/10/08,2026-10,CALL,66875,2490,,,30.27,29.13,2380,5,2270,20,,,,,
2026/08/20 17:09,2026-08-20T17:24:27+09:00,2026/08/21,2026/10/08,2026-10,PUT,66875,3405,,,30.22,29.18,3615,4,3515,4,,,,,
2026/08/20 17:09,2026-08-20T17:24:27+09:00,2026/08/21,2026/10/08,2026-10,CALL,66750,2555,,,30.25,29.37,2430,2,2345,6,,,,,
2026/08/20 17:09,2026-08-20T17:24:27+09:00,2026/08/21,2026/10/08,2026-10,PUT,66750,3340,,,30.61,29.32,3580,21,3455,5,,,,,
2026/08/20 17:09,2026-08-20T17:24:27+09:00,2026/08/21,2026/10/08,2026-10,CALL,66625,2615,,,30.53,29.4,2510,20,2400,5,,,,,
2026/08/20 17:09,2026-08-20T17:24:27+09:00,2026/08/21,2026/10/08,2026-10,PUT,66625,3275,,,30.22,29.55,3470,5,3405,5,,,,,
2026/08/20 17:09,2026-08-20T17:24:27+09:00,2026/08/21,2026/10/08,2026-10,CALL,66500,2675,,,30.55,29.62,2565,43,2475,2,,,,,
2026/08/20 17:09,2026-08-20T17:24:27+09:00,2026/08/21,2026/10/08,2026-10,PUT,66500,3205,,,30.29,29.26,3405,2,3305,23,,,,,
2026/08/20 17:09,2026-08-20T17:24:27+09:00,2026/08/21,2026/10/08,2026-10,CALL,66375,2735,,,30.61,29.57,2625,5,2525,5,,,,,
2026/08/20 17:09,2026-08-20T17:24:27+09:00,2026/08/21,2026/10/08,2026-10,PUT,66375,3150,,,30.61,29.47,3365,5,3255,5,,,,,
2026/08/20 17:09,2026-08-20T17:24:27+09:00,2026/08/21,2026/10/08,2026-10,CALL,66250,2800,,,30.45,29.78,2665,2,2600,2,,,,,
2026/08/20 17:09,2026-08-20T17:24:27+09:00,2026/08/21,2026/10/08,2026-10,PUT,66250,3080,,,30.61,29.52,3295,21,3190,6,,,,,
2026/08/20 17:09,2026-08-20T17:24:27+09:00,2026/08/21,2026/10/08,2026-10,CALL,66125,2855,,,30.75,29.61,2750,20,2640,5,,,,,
2026/08/20 17:09,2026-08-20T17:24:27+09:00,2026/08/21,2026/10/08,2026-10,PUT,66125,3020,,,30.8,29.67,3245,5,3135,5,,,,,
2026/08/20 17:09,2026-08-20T17:24:27+09:00,2026/08/21,2026/10/08,2026-10,CALL,66000,2925,,,30.73,29.7,2805,21,2705,11,,,,,
2026/08/20 17:09,2026-08-20T17:24:27+09:00,2026/08/21,2026/10/08,2026-10,PUT,66000,2960,,,30.78,29.7,3175,11,3070,26,,,,,
2026/08/20 17:09,2026-08-20T17:24:27+09:00,2026/08/21,2026/10/08,2026-10,CALL,65875,2990,,,31.01,29.93,2890,20,2785,5,,,,,
2026/08/20 17:09,2026-08-20T17:24:27+09:00,2026/08/21,2026/10/08,2026-10,PUT,65875,2890,,,30.81,29.67,3110,5,3000,20,,,,,
2026/08/20 17:09,2026-08-20T17:24:27+09:00,2026/08/21,2026/10/08,2026-10,CALL,65750,3055,,,30.87,29.84,2935,34,2835,6,,,,,
2026/08/20 17:09,2026-08-20T17:24:27+09:00,2026/08/21,2026/10/08,2026-10,PUT,65750,2830,,,30.82,29.84,3045,6,2950,6,,,,,
2026/08/20 17:09,2026-08-20T17:24:27+09:00,2026/08/21,2026/10/08,2026-10,CALL,65625,3110,,,30.99,29.9,3005,20,2900,5,,,,,
2026/08/20 17:09,2026-08-20T17:24:27+09:00,2026/08/21,2026/10/08,2026-10,PUT,65625,2775,,,30.99,29.85,2995,5,2885,20,,,,,
2026/08/20 17:09,2026-08-20T17:24:27+09:00,2026/08/21,2026/10/08,2026-10,CALL,65500,3185,,,31.14,30.1,3080,23,2980,2,,,,,
2026/08/20 17:09,2026-08-20T17:24:27+09:00,2026/08/21,2026/10/08,2026-10,PUT,65500,2715,,,30.98,29.95,2930,23,2830,8,,,,,
2026/08/20 17:09,2026-08-20T17:24:27+09:00,2026/08/21,2026/10/08,2026-10,CALL,65375,3245,,,31.08,29.99,3135,5,3030,20,,,,,
2026/08/20 17:09,2026-08-20T17:24:27+09:00,2026/08/21,2026/10/08,2026-10,PUT,65375,2660,,,31.13,29.99,2880,5,2770,20,,,,,
2026/08/20 17:09,2026-08-20T17:24:27+09:00,2026/08/21,2026/10/08,2026-10,CALL,65250,3315,,,31.06,30.13,3195,6,3105,6,,,,,
2026/08/20 17:09,2026-08-20T17:24:27+09:00,2026/08/21,2026/10/08,2026-10,PUT,65250,2605,,,31.16,29.97,2820,6,2705,61,,,,,
2026/08/20 17:09,2026-08-20T17:24:27+09:00,2026/08/21,2026/10/08,2026-10,CALL,65125,3385,,,31.6,30.04,3310,20,3160,20,,,,,
2026/08/20 17:09,2026-08-20T17:24:27+09:00,2026/08/21,2026/10/08,2026-10,PUT,65125,2550,,,31.24,30.1,2765,5,2655,20,,,,,
2026/08/20 17:09,2026-08-20T17:24:27+09:00,2026/08/21,2026/10/08,2026-10,CALL,65000,3470,,,31.26,30.32,3340,24,3250,9,,,,,
2026/08/20 17:09,2026-08-20T17:24:27+09:00,2026/08/21,2026/10/08,2026-10,PUT,65000,2495,,,31.26,30.21,2705,26,2605,11,,,,,
2026/08/20 17:09,2026-08-20T17:24:27+09:00,2026/08/21,2026/10/08,2026-10,CALL,64875,3535,,,31.42,30.12,3420,19,3295,19,,,,,
2026/08/20 17:09,2026-08-20T17:24:27+09:00,2026/08/21,2026/10/08,2026-10,PUT,64875,2455,,,31.11,30.06,2630,5,2530,20,,,,,
2026/08/20 17:09,2026-08-20T17:24:27+09:00,2026/08/21,2026/10/08,2026-10,CALL,64750,3620,,,31.53,30.58,3495,20,3405,2,,,,,
2026/08/20 17:09,2026-08-20T17:24:27+09:00,2026/08/21,2026/10/08,2026-10,PUT,64750,2395,,,31.16,30.32,2575,2,2495,36,,,,,
2026/08/20 17:09,2026-08-20T17:24:27+09:00,2026/08/21,2026/10/08,2026-10,CALL,64625,3680,,,31.78,30.2,3585,19,3435,19,,,,,
2026/08/20 17:09,2026-08-20T17:24:27+09:00,2026/08/21,2026/10/08,2026-10,PUT,64625,2345,,,31.62,30.47,2560,20,2450,5,,,,,
2026/08/20 17:09,2026-08-20T17:24:27+09:00,2026/08/21,2026/10/08,2026-10,CALL,64500,3760,,,31.4,30.6,3615,2,3540,6,,,,,
2026/08/20 17:09,2026-08-20T17:24:27+09:00,2026/08/21,2026/10/08,2026-10,PUT,64500,2300,,,31.55,30.45,2495,8,2390,38,,,,,
2026/08/20 17:09,2026-08-20T17:24:27+09:00,2026/08/21,2026/10/08,2026-10,CALL,64375,3840,,,31.95,30.36,3735,19,3585,19,,,,,
2026/08/20 17:09,2026-08-20T17:24:27+09:00,2026/08/21,2026/10/08,2026-10,PUT,64375,2255,,,31.69,30.47,2450,20,2335,25,,,,,
2026/08/20 17:09,2026-08-20T17:24:27+09:00,2026/08/21,2026/12/10,2026-12,CALL,68250,3300,,,28.87,28.04,3175,20,3055,20,,,,,
2026/08/20 17:09,2026-08-20T17:24:27+09:00,2026/08/21,2026/12/10,2026-12,PUT,68250,5320,,,,,,,,,,,,,
2026/08/20 17:09,2026-08-20T17:24:27+09:00,2026/08/21,2026/12/10,2026-12,CALL,68000,3405,,,28.9,28.07,3275,20,3155,20,,,,,
2026/08/20 17:09,2026-08-20T17:24:27+09:00,2026/08/21,2026/12/10,2026-12,PUT,68000,5175,,,28.73,27.9,5450,20,5330,20,,,,,
2026/08/20 17:09,2026-08-20T17:24:27+09:00,2026/08/21,2026/12/10,2026-12,CALL,67750,3510,,,28.78,27.95,3355,20,3235,20,,,,,
2026/08/20 17:09,2026-08-20T17:24:27+09:00,2026/08/21,2026/12/10,2026-12,PUT,67750,5030,,,28.78,27.95,5305,20,5185,20,,,,,
2026/08/20 17:09,2026-08-20T17:24:27+09:00,2026/08/21,2026/12/10,2026-12,CALL,67500,3630,,,28.84,28.02,3465,20,3345,20,,,,,
2026/08/20 17:09,2026-08-20T17:24:27+09:00,2026/08/21,2026/12/10,2026-12,PUT,67500,4905,,,28.81,27.99,5160,20,5040,20,,,,,
2026/08/20 17:09,2026-08-20T17:24:27+09:00,2026/08/21,2026/12/10,2026-12,CALL,67250,3750,,,28.9,28.07,3575,20,3455,20,,,,,
2026/08/20 17:09,2026-08-20T17:24:27+09:00,2026/08/21,2026/12/10,2026-12,PUT,67250,4775,,,28.93,28.11,5030,20,4910,20,,,,,
2026/08/20 17:09,2026-08-20T17:24:27+09:00,2026/08/21,2026/12/10,2026-12,CALL,67000,3860,,,28.97,28.14,3690,20,3570,20,,,,,
2026/08/20 17:09,2026-08-20T17:24:27+09:00,2026/08/21,2026/12/10,2026-12,PUT,67000,4635,,,28.97,28.14,4890,20,4770,20,,,,,
2026/08/20 17:09,2026-08-20T17:24:27+09:00,2026/08/21,2026/12/10,2026-12,CALL,66750,3985,,,29.26,28.44,3840,20,3720,20,,,,,
2026/08/20 17:09,2026-08-20T17:24:27+09:00,2026/08/21,2026/12/10,2026-12,PUT,66750,4510,,,29.02,28.2,4755,20,4635,20,,,,,
2026/08/20 17:09,2026-08-20T17:24:27+09:00,2026/08/21,2026/12/10,2026-12,CALL,66500,4115,,,29.13,28.31,3930,20,3810,20,,,,,
2026/08/20 17:09,2026-08-20T17:24:27+09:00,2026/08/21,2026/12/10,2026-12,PUT,66500,4390,,,29.09,28.27,4625,20,4505,20,,,,,
2026/08/20 17:09,2026-08-20T17:24:27+09:00,2026/08/21,2026/12/10,2026-12,CALL,66250,4230,,,29.36,28.53,4075,20,3955,20,,,,,
2026/08/20 17:09,2026-08-20T17:24:27+09:00,2026/08/21,2026/12/10,2026-12,PUT,66250,4265,,,29.22,28.4,4505,20,4385,20,,,,,
2026/08/20 17:09,2026-08-20T17:24:27+09:00,2026/08/21,2026/12/10,2026-12,CALL,66000,4360,,,29.43,28.61,4200,20,4080,20,,,,,
2026/08/20 17:09,2026-08-20T17:24:27+09:00,2026/08/21,2026/12/10,2026-12,PUT,66000,4140,,,29.26,28.44,4375,20,4255,20,,,,,
2026/08/20 17:09,2026-08-20T17:24:27+09:00,2026/08/21,2026/12/10,2026-12,CALL,65750,4490,,,29.53,28.7,4330,20,4210,20,,,,,
2026/08/20 17:09,2026-08-20T17:24:27+09:00,2026/08/21,2026/12/10,2026-12,PUT,65750,4025,,,29.36,28.53,4255,20,4135,20,,,,,
2026/08/20 17:09,2026-08-20T17:24:27+09:00,2026/08/21,2026/12/10,2026-12,CALL,65500,4625,,,29.61,28.78,4460,20,4340,20,,,,,
2026/08/20 17:09,2026-08-20T17:24:27+09:00,2026/08/21,2026/12/10,2026-12,PUT,65500,3910,,,29.44,28.61,4135,20,4015,20,,,,,
2026/08/20 17:09,2026-08-20T17:24:27+09:00,2026/08/21,2026/12/10,2026-12,CALL,65250,4770,,,,,,,,,,,,,
2026/08/20 17:09,2026-08-20T17:24:27+09:00,2026/08/21,2026/12/10,2026-12,PUT,65250,3800,,,29.53,28.71,4020,20,3900,20,,,,,
2026/08/20 17:09,2026-08-20T17:24:27+09:00,2026/08/21,2026/12/10,2026-12,CALL,65000,4910,,,,,,,,,,,,,
2026/08/20 17:09,2026-08-20T17:24:27+09:00,2026/08/21,2026/12/10,2026-12,PUT,65000,3695,,,29.69,28.85,3915,20,3795,20,,,,,
2026/08/20 17:09,2026-08-20T17:24:27+09:00,2026/08/21,2026/12/10,2026-12,CALL,64750,5050,,,,,,,,,,,,,
2026/08/20 17:09,2026-08-20T17:24:27+09:00,2026/08/21,2026/12/10,2026-12,PUT,64750,3590,,,29.75,28.92,3800,20,3680,20,,,,,
2026/08/20 17:09,2026-08-20T17:24:27+09:00,2026/08/21,2026/12/10,2026-12,CALL,64500,5195,,,,,,,,,,,,,
2026/08/20 17:09,2026-08-20T17:24:27+09:00,2026/08/21,2026/12/10,2026-12,PUT,64500,3480,,,29.88,29.04,3695,20,3575,20,,,,,
2026/08/20 17:09,2026-08-20T17:24:27+09:00,2026/08/21,2026/12/10,2026-12,CALL,64250,5340,,,,,,,,,,,,,
2026/08/20 17:09,2026-08-20T17:24:27+09:00,2026/08/21,2026/12/10,2026-12,PUT,64250,3380,,,29.98,29.14,3590,20,3470,20,,,,,
2026/08/20 17:09,2026-08-20T17:24:27+09:00,2026/08/21,2026/12/10,2026-12,CALL,64000,5490,,,,,,,,,,,,,
2026/08/20 17:09,2026-08-20T17:24:27+09:00,2026/08/21,2026/12/10,2026-12,PUT,64000,3280,,,30.18,29.33,3500,20,3380,20,,,,,
2026/08/20 17:09,2026-08-20T17:24:27+09:00,2026/08/21,2026/12/10,2026-12,CALL,63750,5645,,,,,,,,,,,,,
2026/08/20 17:09,2026-08-20T17:24:27+09:00,2026/08/21,2026/12/10,2026-12,PUT,63750,3185,,,30.22,29.37,3390,20,3270,20,,,,,
2026/08/20 17:09,2026-08-20T17:24:27+09:00,2026/08/21,2026/12/10,2026-12,CALL,63500,5795,,,,,,,,,,,,,
2026/08/20 17:09,2026-08-20T17:24:27+09:00,2026/08/21,2026/12/10,2026-12,PUT,63500,3090,,,30.32,29.46,3290,20,3170,20,,,,,
2026/08/20 17:09,2026-08-20T17:24:27+09:00,2026/08/21,2026/12/10,2026-12,CALL,63250,5950,,,,,,,,,,,,,
2026/08/20 17:09,2026-08-20T17:24:27+09:00,2026/08/21,2026/12/10,2026-12,PUT,63250,2995,,,30.32,29.46,3180,20,3060,20,,,,,
2026/08/20 17:31,2026-08-20T17:46:10+09:00,2026/08/21,2026/09/10,2026-09,CALL,85000,2,,3,34.18,32.33,2,48,1,398,32.12,0,0,1,08/20 17:00
2026/08/20 17:31,2026-08-20T17:46:10+09:00,2026/08/21,2026/09/10,2026-09,PUT,85000,18630,,,,,,,,,,,,,
2026/08/20 17:31,2026-08-20T17:46:10+09:00,2026/08/21,2026/09/10,2026-09,CALL,84500,2,,,33.46,31.64,2,24,1,22,,,,,
2026/08/20 17:31,2026-08-20T17:46:10+09:00,2026/08/21,2026/09/10,2026-09,PUT,84500,18130,,,,,,,,,,,,,
2026/08/20 17:31,2026-08-20T17:46:10+09:00,2026/08/21,2026/09/10,2026-09,CALL,84000,2,,,32.74,30.96,2,19,1,138,,,,,
2026/08/20 17:31,2026-08-20T17:46:10+09:00,2026/08/21,2026/09/10,2026-09,PUT,84000,17630,,,,,,,,,,,,,
2026/08/20 17:31,2026-08-20T17:46:10+09:00,2026/08/21,2026/09/10,2026-09,CALL,83500,3,,,33.17,30.27,3,28,1,121,,,,,
2026/08/20 17:31,2026-08-20T17:46:10+09:00,2026/08/21,2026/09/10,2026-09,PUT,83500,17135,,,,,,,,,,,,,
2026/08/20 17:31,2026-08-20T17:46:10+09:00,2026/08/21,2026/09/10,2026-09,CALL,83000,3,,3,32.41,31.28,3,22,2,53,31.04,0,0,2,08/20 17:13
2026/08/20 17:31,2026-08-20T17:46:10+09:00,2026/08/21,2026/09/10,2026-09,PUT,83000,16635,,,,,,,,,,,,,
2026/08/20 17:31,2026-08-20T17:46:10+09:00,2026/08/21,2026/09/10,2026-09,CALL,82500,4,,,32.51,30.55,4,6,2,50,,,,,
2026/08/20 17:31,2026-08-20T17:46:10+09:00,2026/08/21,2026/09/10,2026-09,PUT,82500,16135,,,,,,,,,,,,,
2026/08/20 17:31,2026-08-20T17:46:10+09:00,2026/08/21,2026/09/10,2026-09,CALL,82000,4,,,31.72,30.89,4,30,3,23,,,,,
2026/08/20 17:31,2026-08-20T17:46:10+09:00,2026/08/21,2026/09/10,2026-09,PUT,82000,15635,,,,,,,,,,,,,
2026/08/20 17:31,2026-08-20T17:46:10+09:00,2026/08/21,2026/09/10,2026-09,CALL,81500,5,,,31.61,30.11,5,16,3,36,,,,,
2026/08/20 17:31,2026-08-20T17:46:10+09:00,2026/08/21,2026/09/10,2026-09,PUT,81500,15135,,,,,,,,,,,,,
2026/08/20 17:31,2026-08-20T17:46:10+09:00,2026/08/21,2026/09/10,2026-09,CALL,81000,6,,1,31.37,30.14,6,23,4,15,30.51,0,0,5,08/20 17:19
2026/08/20 17:31,2026-08-20T17:46:10+09:00,2026/08/21,2026/09/10,2026-09,PUT,81000,14640,,,,,,,,,,,,,
2026/08/20 17:31,2026-08-20T17:46:10+09:00,2026/08/21,2026/09/10,2026-09,CALL,80500,7,,,30.54,29.98,6,1,5,20,,,,,
2026/08/20 17:31,2026-08-20T17:46:10+09:00,2026/08/21,2026/09/10,2026-09,PUT,80500,14140,,,,,,,,,,,,,
2026/08/20 17:31,2026-08-20T17:46:10+09:00,2026/08/21,2026/09/10,2026-09,CALL,80000,9,,7,30.61,30.18,8,27,7,36,29.85,-1,-12.5,7,08/20 17:21
2026/08/20 17:31,2026-08-20T17:46:10+09:00,2026/08/21,2026/09/10,2026-09,PUT,80000,13640,,,,,,,,,,,,,
2026/08/20 17:31,2026-08-20T17:46:10+09:00,2026/08/21,2026/09/10,2026-09,CALL,79500,11,,,30.82,29.32,11,16,7,21,,,,,
2026/08/20 17:31,2026-08-20T17:46:10+09:00,2026/08/21,2026/09/10,2026-09,PUT,79500,13145,,,,,,,,,,,,,
2026/08/20 17:31,2026-08-20T17:46:10+09:00,2026/08/21,2026/09/10,2026-09,CALL,79000,15,,2,30.22,29.92,12,1,11,1,29.78,-1,-7.69,12,08/20 17:18
2026/08/20 17:31,2026-08-20T17:46:10+09:00,2026/08/21,2026/09/10,2026-09,PUT,79000,12650,,,,,,,,,,,,,
2026/08/20 17:31,2026-08-20T17:46:10+09:00,2026/08/21,2026/09/10,2026-09,CALL,78500,18,,,30.79,29.84,18,31,14,1,,,,,
2026/08/20 17:31,2026-08-20T17:46:10+09:00,2026/08/21,2026/09/10,2026-09,PUT,78500,12150,,,,,,,,,,,,,
2026/08/20 17:31,2026-08-20T17:46:10+09:00,2026/08/21,2026/09/10,2026-09,CALL,78000,20,,13,29.82,29.38,18,10,16,6,29.55,-3,-15,17,08/20 17:30
2026/08/20 17:31,2026-08-20T17:46:10+09:00,2026/08/21,2026/09/10,2026-09,PUT,78000,11655,,,,,,,,,,,,,
2026/08/20 17:31,2026-08-20T17:46:10+09:00,2026/08/21,2026/09/10,2026-09,CALL,77500,27,,,30.45,28.19,27,30,15,31,,,,,
2026/08/20 17:31,2026-08-20T17:46:10+09:00,2026/08/21,2026/09/10,2026-09,PUT,77500,11160,,,,,,,,,,,,,
2026/08/20 17:31,2026-08-20T17:46:10+09:00,2026/08/21,2026/09/10,2026-09,CALL,77000,35,,3,29.87,29.43,30,1,27,8,29.42,-4,-12.5,28,08/20 17:10
2026/08/20 17:31,2026-08-20T17:46:10+09:00,2026/08/21,2026/09/10,2026-09,PUT,77000,10670,,,,,,,,,,,,,
2026/08/20 17:31,2026-08-20T17:46:10+09:00,2026/08/21,2026/09/10,2026-09,CALL,76500,44,,,30.52,28.24,44,35,26,34,,,,,
2026/08/20 17:31,2026-08-20T17:46:10+09:00,2026/08/21,2026/09/10,2026-09,PUT,76500,10180,,,,,,,,,,,,,
2026/08/20 17:31,2026-08-20T17:46:10+09:00,2026/08/21,2026/09/10,2026-09,CALL,76000,53,,3,29.52,29.31,45,2,43,1,29,-9,-16.98,44,08/20 17:21
2026/08/20 17:31,2026-08-20T17:46:10+09:00,2026/08/21,2026/09/10,2026-09,PUT,76000,9690,,,,,,,,,,,,,
2026/08/20 17:31,2026-08-20T17:46:10+09:00,2026/08/21,2026/09/10,2026-09,CALL,75500,67,,,29.61,29.25,58,1,54,3,,,,,
2026/08/20 17:31,2026-08-20T17:46:10+09:00,2026/08/21,2026/09/10,2026-09,PUT,75500,9200,,,,,,,,,,,,,
2026/08/20 17:31,2026-08-20T17:46:10+09:00,2026/08/21,2026/09/10,2026-09,CALL,75375,74,,,30.36,28.31,71,5,47,4,,,,,
2026/08/20 17:31,2026-08-20T17:46:10+09:00,2026/08/21,2026/09/10,2026-09,PUT,75375,9085,,,,,,,,,,,,,
2026/08/20 17:31,2026-08-20T17:46:10+09:00,2026/08/21,2026/09/10,2026-09,CALL,75250,78,,,30.29,28.31,74,4,50,4,,,,,
2026/08/20 17:31,2026-08-20T17:46:10+09:00,2026/08/21,2026/09/10,2026-09,PUT,75250,8965,,,,,,,,,,,,,
2026/08/20 17:31,2026-08-20T17:46:10+09:00,2026/08/21,2026/09/10,2026-09,CALL,75125,84,,,30.27,28.38,78,5,54,4,,,,,
2026/08/20 17:31,2026-08-20T17:46:10+09:00,2026/08/21,2026/09/10,2026-09,PUT,75125,8845,,,,,,,,,,,,,
2026/08/20 17:31,2026-08-20T17:46:10+09:00,2026/08/21,2026/09/10,2026-09,CALL,75000,85,,21,29.6,29.23,73,1,68,1,29.17,-13,-15.29,72,08/20 17:22
2026/08/20 17:31,2026-08-20T17:46:10+09:00,2026/08/21,2026/09/10,2026-09,PUT,75000,8725,,,,,,,,,,,,,
2026/08/20 17:31,2026-08-20T17:46:10+09:00,2026/08/21,2026/09/10,2026-09,CALL,74875,97,,,30.66,27.7,93,4,53,4,,,,,
2026/08/20 17:31,2026-08-20T17:46:10+09:00,2026/08/21,2026/09/10,2026-09,PUT,74875,8610,,,,,,,,,,,,,
2026/08/20 17:31,2026-08-20T17:46:10+09:00,2026/08/21,2026/09/10,2026-09,CALL,74750,101,,,30.65,27.75,98,4,57,4,,,,,
2026/08/20 17:31,2026-08-20T17:46:10+09:00,2026/08/21,2026/09/10,2026-09,PUT,74750,8490,,,,,,,,,,,,,
2026/08/20 17:31,2026-08-20T17:46:10+09:00,2026/08/21,2026/09/10,2026-09,CALL,74625,107,,,30.57,27.86,102,4,62,4,,,,,
2026/08/20 17:31,2026-08-20T17:46:10+09:00,2026/08/21,2026/09/10,2026-09,PUT,74625,8370,,,,,,,,,,,,,
2026/08/20 17:31,2026-08-20T17:46:10+09:00,2026/08/21,2026/09/10,2026-09,CALL,74500,109,,1,29.64,29.32,92,1,87,1,29.3,-7,-7,93,08/20 17:07
2026/08/20 17:31,2026-08-20T17:46:10+09:00,2026/08/21,2026/09/10,2026-09,PUT,74500,8245,,,40.87,,9055,4,8505,4,,,,,
2026/08/20 17:31,2026-08-20T17:46:10+09:00,2026/08/21,2026/09/10,2026-09,CALL,74375,118,,,30.55,28.07,113,4,73,4,,,,,
2026/08/20 17:31,2026-08-20T17:46:10+09:00,2026/08/21,2026/09/10,2026-09,PUT,74375,8130,,,31.96,,8705,3,8320,3,,,,,
2026/08/20 17:31,2026-08-20T17:46:10+09:00,2026/08/21,2026/09/10,2026-09,CALL,74250,124,,,30.49,28.03,118,4,77,4,,,,,
2026/08/20 17:31,2026-08-20T17:46:10+09:00,2026/08/21,2026/09/10,2026-09,PUT,74250,8010,,,34.89,,8655,3,8235,2,,,,,
2026/08/20 17:31,2026-08-20T17:46:10+09:00,2026/08/21,2026/09/10,2026-09,CALL,74125,130,,,30.47,28.11,124,4,83,4,,,,,
2026/08/20 17:31,2026-08-20T17:46:10+09:00,2026/08/21,2026/09/10,2026-09,PUT,74125,7890,,,35.11,,8545,3,8150,3,,,,,
2026/08/20 17:31,2026-08-20T17:46:10+09:00,2026/08/21,2026/09/10,2026-09,CALL,74000,134,,25,29.56,29.5,113,1,112,6,29.48,-21,-15.67,113,08/20 17:30
2026/08/20 17:31,2026-08-20T17:46:10+09:00,2026/08/21,2026/09/10,2026-09,PUT,74000,7770,,,31.18,,8335,6,8000,6,,,,,
2026/08/20 17:31,2026-08-20T17:46:10+09:00,2026/08/21,2026/09/10,2026-09,CALL,73875,140,,,30.4,28.27,136,4,96,3,,,,,
2026/08/20 17:31,2026-08-20T17:46:10+09:00,2026/08/21,2026/09/10,2026-09,PUT,73875,7650,,,31.06,,8215,2,7885,3,,,,,
2026/08/20 17:31,2026-08-20T17:46:10+09:00,2026/08/21,2026/09/10,2026-09,CALL,73750,149,,,30.39,28.29,143,3,102,3,,,,,
2026/08/20 17:31,2026-08-20T17:46:10+09:00,2026/08/21,2026/09/10,2026-09,PUT,73750,7535,,,31.82,,8115,2,7725,3,,,,,
2026/08/20 17:31,2026-08-20T17:46:10+09:00,2026/08/21,2026/09/10,2026-09,CALL,73625,157,,,30.32,28.39,149,3,110,3,,,,,
2026/08/20 17:31,2026-08-20T17:46:10+09:00,2026/08/21,2026/09/10,2026-09,PUT,73625,7420,,,34.71,,8075,3,7675,3,,,,,
2026/08/20 17:31,2026-08-20T17:46:10+09:00,2026/08/21,2026/09/10,2026-09,CALL,73500,170,,3,29.65,29.41,142,1,137,1,29.14,-16,-10.26,140,08/20 17:08
2026/08/20 17:31,2026-08-20T17:46:10+09:00,2026/08/21,2026/09/10,2026-09,PUT,73500,7305,,,35.01,,7970,4,7550,4,,,,,
2026/08/20 17:31,2026-08-20T17:46:10+09:00,2026/08/21,2026/09/10,2026-09,CALL,73375,171,,,30.28,28.49,164,3,125,3,,,,,
2026/08/20 17:31,2026-08-20T17:46:10+09:00,2026/08/21,2026/09/10,2026-09,PUT,73375,7185,,,35.76,,7880,3,7390,2,,,,,
2026/08/20 17:31,2026-08-20T17:46:10+09:00,2026/08/21,2026/09/10,2026-09,CALL,73250,182,,,30.26,28.53,172,3,133,3,,,,,
2026/08/20 17:31,2026-08-20T17:46:10+09:00,2026/08/21,2026/09/10,2026-09,PUT,73250,7070,,,34.89,,7740,3,7315,2,,,,,
2026/08/20 17:31,2026-08-20T17:46:10+09:00,2026/08/21,2026/09/10,2026-09,CALL,73125,192,,,30.26,28.55,181,3,141,3,,,,,
2026/08/20 17:31,2026-08-20T17:46:10+09:00,2026/08/21,2026/09/10,2026-09,PUT,73125,6955,,,35.12,,7635,3,7195,3,,,,,
2026/08/20 17:31,2026-08-20T17:46:10+09:00,2026/08/21,2026/09/10,2026-09,CALL,73000,204,,22,29.65,29.45,175,1,170,1,29.22,-29,-14.22,175,08/20 17:13
2026/08/20 17:31,2026-08-20T17:46:10+09:00,2026/08/21,2026/09/10,2026-09,PUT,73000,6845,,,32.79,,7450,4,7120,6,,,,,
2026/08/20 17:31,2026-08-20T17:46:10+09:00,2026/08/21,2026/09/10,2026-09,CALL,72875,213,,,30.19,28.71,198,3,161,3,,,,,
2026/08/20 17:31,2026-08-20T17:46:10+09:00,2026/08/21,2026/09/10,2026-09,PUT,72875,6725,,,32.73,,7335,3,6870,2,,,,,
2026/08/20 17:31,2026-08-20T17:46:10+09:00,2026/08/21,2026/09/10,2026-09,CALL,72750,224,,,30.18,28.76,208,3,171,3,,,,,
2026/08/20 17:31,2026-08-20T17:46:10+09:00,2026/08/21,2026/09/10,2026-09,PUT,72750,6610,,,34.96,,7295,2,6860,2,,,,,
2026/08/20 17:31,2026-08-20T17:46:10+09:00,2026/08/21,2026/09/10,2026-09,CALL,72625,235,,,30.24,28.78,220,3,181,3,,,,,
2026/08/20 17:31,2026-08-20T17:46:10+09:00,2026/08/21,2026/09/10,2026-09,PUT,72625,6500,,,35.12,,7190,3,6685,3,,,,,
2026/08/20 17:31,2026-08-20T17:46:10+09:00,2026/08/21,2026/09/10,2026-09,CALL,72500,255,,,29.67,29.49,215,1,210,1,,,,,
2026/08/20 17:31,2026-08-20T17:46:10+09:00,2026/08/21,2026/09/10,2026-09,PUT,72500,6395,,,34.84,,7070,4,6615,4,,,,,
2026/08/20 17:31,2026-08-20T17:46:10+09:00,2026/08/21,2026/09/10,2026-09,CALL,72375,270,,,30.19,28.89,241,3,204,3,,,,,
2026/08/20 17:31,2026-08-20T17:46:10+09:00,2026/08/21,2026/09/10,2026-09,PUT,72375,6275,,,35.11,,6970,3,6470,3,,,,,
2026/08/20 17:31,2026-08-20T17:46:10+09:00,2026/08/21,2026/09/10,2026-09,CALL,72250,271,,2,30.19,28.94,253,3,216,3,29.4,-84,-25.45,246,08/20 17:06
2026/08/20 17:31,2026-08-20T17:46:10+09:00,2026/08/21,2026/09/10,2026-09,PUT,72250,6160,,,34.95,,6855,3,6375,3,,,,,
2026/08/20 17:31,2026-08-20T17:46:10+09:00,2026/08/21,2026/09/10,2026-09,CALL,72125,288,,,30.21,28.93,266,3,227,3,,,,,
2026/08/20 17:31,2026-08-20T17:46:10+09:00,2026/08/21,2026/09/10,2026-09,PUT,72125,6050,,,33.43,,6690,3,6185,3,,,,,
2026/08/20 17:31,2026-08-20T17:46:10+09:00,2026/08/21,2026/09/10,2026-09,CALL,72000,310,,,29.77,29.52,265,1,257,7,,,,,
2026/08/20 17:31,2026-08-20T17:46:10+09:00,2026/08/21,2026/09/10,2026-09,PUT,72000,5950,,,34.34,,6615,6,6155,6,,,,,
2026/08/20 17:31,2026-08-20T17:46:10+09:00,2026/08/21,2026/09/10,2026-09,CALL,71875,320,,,30.58,28.73,305,4,245,3,,,,,
2026/08/20 17:31,2026-08-20T17:46:10+09:00,2026/08/21,2026/09/10,2026-09,PUT,71875,5830,,,34.42,,6510,3,6040,3,,,,,
2026/08/20 17:31,2026-08-20T17:46:10+09:00,2026/08/21,2026/09/10,2026-09,CALL,71750,335,,,30.17,29.36,305,3,278,15,,,,,
2026/08/20 17:31,2026-08-20T17:46:10+09:00,2026/08/21,2026/09/10,2026-09,PUT,71750,5720,,,34.48,,6405,3,5905,3,,,,,
2026/08/20 17:31,2026-08-20T17:46:10+09:00,2026/08/21,2026/09/10,2026-09,CALL,71625,365,,,30.04,28.85,315,12,275,3,,,,,
2026/08/20 17:31,2026-08-20T17:46:10+09:00,2026/08/21,2026/09/10,2026-09,PUT,71625,5625,,,31.57,,6185,3,5795,3,,,,,
2026/08/20 17:31,2026-08-20T17:46:10+09:00,2026/08/21,2026/09/10,2026-09,CALL,71500,380,,,29.75,29.47,320,1,310,5,,,,,
2026/08/20 17:31,2026-08-20T17:46:10+09:00,2026/08/21,2026/09/10,2026-09,PUT,71500,5515,,,31.53,,6075,4,5685,4,,,,,
2026/08/20 17:31,2026-08-20T17:46:10+09:00,2026/08/21,2026/09/10,2026-09,CALL,71375,400,,,29.88,29.46,340,14,325,11,,,,,
2026/08/20 17:31,2026-08-20T17:46:10+09:00,2026/08/21,2026/09/10,2026-09,PUT,71375,5410,,,33.12,,6030,3,5550,3,,,,,
2026/08/20 17:31,2026-08-20T17:46:10+09:00,2026/08/21,2026/09/10,2026-09,CALL,71250,415,,,29.98,29.44,360,14,340,14,,,,,
2026/08/20 17:31,2026-08-20T17:46:10+09:00,2026/08/21,2026/09/10,2026-09,PUT,71250,5315,,,33.02,,5920,3,5425,3,,,,,
2026/08/20 17:31,2026-08-20T17:46:10+09:00,2026/08/21,2026/09/10,2026-09,CALL,71125,435,,,29.94,29.54,375,12,360,2,,,,,
2026/08/20 17:31,2026-08-20T17:46:10+09:00,2026/08/21,2026/09/10,2026-09,PUT,71125,5200,,,33.39,23.03,5830,3,5465,1,,,,,
2026/08/20 17:31,2026-08-20T17:46:10+09:00,2026/08/21,2026/09/10,2026-09,CALL,71000,460,,6,29.87,29.62,390,5,380,5,29.69,-70,-15.22,390,08/20 17:28
2026/08/20 17:31,2026-08-20T17:46:10+09:00,2026/08/21,2026/09/10,2026-09,PUT,71000,5105,,,35.72,26.75,5830,6,5465,8,,,,,
2026/08/20 17:31,2026-08-20T17:46:10+09:00,2026/08/21,2026/09/10,2026-09,CALL,70875,485,,,29.92,29.54,410,12,395,10,,,,,
2026/08/20 17:31,2026-08-20T17:46:10+09:00,2026/08/21,2026/09/10,2026-09,PUT,70875,4995,,,30.29,28.25,5490,1,5410,1,,,,,
2026/08/20 17:31,2026-08-20T17:46:10+09:00,2026/08/21,2026/09/10,2026-09,CALL,70750,500,,1,29.95,29.46,430,14,410,14,29.44,-170,-28.81,420,08/20 17:27
2026/08/20 17:31,2026-08-20T17:46:10+09:00,2026/08/21,2026/09/10,2026-09,PUT,70750,4900,,,30.31,28.2,5385,1,5300,1,,,,,
2026/08/20 17:31,2026-08-20T17:46:10+09:00,2026/08/21,2026/09/10,2026-09,CALL,70625,525,,,29.96,29.6,450,12,435,2,,,,,
2026/08/20 17:31,2026-08-20T17:46:10+09:00,2026/08/21,2026/09/10,2026-09,PUT,70625,4790,,,30.32,28.25,5280,1,5195,1,,,,,
2026/08/20 17:31,2026-08-20T17:46:10+09:00,2026/08/21,2026/09/10,2026-09,CALL,70500,550,,1,29.95,29.72,470,5,460,4,29.52,-40,-7.69,480,08/20 17:06
2026/08/20 17:31,2026-08-20T17:46:10+09:00,2026/08/21,2026/09/10,2026-09,PUT,70500,4700,,,30.3,28.41,5175,1,5095,1,,,,,
2026/08/20 17:31,2026-08-20T17:46:10+09:00,2026/08/21,2026/09/10,2026-09,CALL,70375,575,,,29.93,29.59,490,2,475,12,,,,,
2026/08/20 17:31,2026-08-20T17:46:10+09:00,2026/08/21,2026/09/10,2026-09,PUT,70375,4590,,,30.38,28.3,5075,1,4985,1,,,,,
2026/08/20 17:31,2026-08-20T17:46:10+09:00,2026/08/21,2026/09/10,2026-09,CALL,70250,600,,1,30,29.67,515,6,500,4,29.54,-45,-7.89,525,08/20 17:06
2026/08/20 17:31,2026-08-20T17:46:10+09:00,2026/08/21,2026/09/10,2026-09,PUT,70250,4500,,,30.33,26.98,4970,1,4825,1,,,,,
2026/08/20 17:31,2026-08-20T17:46:10+09:00,2026/08/21,2026/09/10,2026-09,CALL,70125,630,,,30.05,29.62,540,10,520,12,,,,,
2026/08/20 17:31,2026-08-20T17:46:10+09:00,2026/08/21,2026/09/10,2026-09,PUT,70125,4395,,,30.38,28.5,4870,1,4785,1,,,,,
2026/08/20 17:31,2026-08-20T17:46:10+09:00,2026/08/21,2026/09/10,2026-09,CALL,70000,655,,11,30.09,29.76,565,5,550,10,29.36,-75,-11.72,565,08/20 17:16
2026/08/20 17:31,2026-08-20T17:46:10+09:00,2026/08/21,2026/09/10,2026-09,PUT,70000,4300,,,30.41,26.03,4770,8,4575,4,,,,,
2026/08/20 17:31,2026-08-20T17:46:10+09:00,2026/08/21,2026/09/10,2026-09,CALL,69875,685,,,30.1,29.68,590,10,570,12,,,,,
2026/08/20 17:31,2026-08-20T17:46:10+09:00,2026/08/21,2026/09/10,2026-09,PUT,69875,4200,,,30.31,28.61,4665,1,4585,3,,,,,
2026/08/20 17:31,2026-08-20T17:46:10+09:00,2026/08/21,2026/09/10,2026-09,CALL,69750,715,,,30.1,29.68,615,5,595,12,,,,,
2026/08/20 17:31,2026-08-20T17:46:10+09:00,2026/08/21,2026/09/10,2026-09,PUT,69750,4110,,,30.4,28.74,4570,1,4490,1,,,,,
2026/08/20 17:31,2026-08-20T17:46:10+09:00,2026/08/21,2026/09/10,2026-09,CALL,69625,750,,,30.18,29.87,645,10,630,3,,,,,
2026/08/20 17:31,2026-08-20T17:46:10+09:00,2026/08/21,2026/09/10,2026-09,PUT,69625,4010,,,30.38,28.22,4470,1,4365,2,,,,,
2026/08/20 17:31,2026-08-20T17:46:10+09:00,2026/08/21,2026/09/10,2026-09,CALL,69500,775,,,30.14,29.84,670,5,655,16,,,,,
2026/08/20 17:31,2026-08-20T17:46:10+09:00,2026/08/21,2026/09/10,2026-09,PUT,69500,3925,,,30.53,28.73,4380,1,4290,2,,,,,
2026/08/20 17:31,2026-08-20T17:46:10+09:00,2026/08/21,2026/09/10,2026-09,CALL,69375,815,,,30.18,29.79,700,3,680,10,,,,,
2026/08/20 17:31,2026-08-20T17:46:10+09:00,2026/08/21,2026/09/10,2026-09,PUT,69375,3830,,,30.37,28.6,4275,1,4185,2,,,,,
2026/08/20 17:31,2026-08-20T17:46:10+09:00,2026/08/21,2026/09/10,2026-09,CALL,69250,850,,,30.3,29.91,735,12,715,5,,,,,
2026/08/20 17:31,2026-08-20T17:46:10+09:00,2026/08/21,2026/09/10,2026-09,PUT,69250,3740,,,30.58,25.6,4190,1,3940,1,,,,,
2026/08/20 17:31,2026-08-20T17:46:10+09:00,2026/08/21,2026/09/10,2026-09,CALL,69125,885,,,30.39,30.02,770,10,750,3,,,,,
2026/08/20 17:31,2026-08-20T17:46:10+09:00,2026/08/21,2026/09/10,2026-09,PUT,69125,3650,,,30.49,28.87,4090,1,4005,3,,,,,
2026/08/20 17:31,2026-08-20T17:46:10+09:00,2026/08/21,2026/09/10,2026-09,CALL,69000,915,,11,30.28,30.01,795,5,780,21,29.53,-105,-11.6,800,08/20 17:14
2026/08/20 17:31,2026-08-20T17:46:10+09:00,2026/08/21,2026/09/10,2026-09,PUT,69000,3565,,,30.47,27.34,3995,8,3830,4,,,,,
2026/08/20 17:31,2026-08-20T17:46:10+09:00,2026/08/21,2026/09/10,2026-09,CALL,68875,960,,,30.34,30.07,830,3,815,3,,,,,
2026/08/20 17:31,2026-08-20T17:46:10+09:00,2026/08/21,2026/09/10,2026-09,PUT,68875,3470,,,30.53,29.42,3905,1,3845,1,,,,,
2026/08/20 17:31,2026-08-20T17:46:10+09:00,2026/08/21,2026/09/10,2026-09,CALL,68750,995,,,30.65,29.66,880,11,825,12,,,,,
2026/08/20 17:31,2026-08-20T17:46:10+09:00,2026/08/21,2026/09/10,2026-09,PUT,68750,3390,,,30.56,29.48,3815,1,3755,1,,,,,
2026/08/20 17:31,2026-08-20T17:46:10+09:00,2026/08/21,2026/09/10,2026-09,CALL,68625,1045,,,30.49,29.96,905,9,875,9,,,,,
2026/08/20 17:31,2026-08-20T17:46:10+09:00,2026/08/21,2026/09/10,2026-09,PUT,68625,3310,,,30.67,29.51,3730,1,3665,1,,,,,
2026/08/20 17:31,2026-08-20T17:46:10+09:00,2026/08/21,2026/09/10,2026-09,CALL,68500,1075,,,30.41,30.14,935,5,920,15,,,,,
2026/08/20 17:31,2026-08-20T17:46:10+09:00,2026/08/21,2026/09/10,2026-09,PUT,68500,3220,,,30.67,29.61,3640,1,3580,1,,,,,
2026/08/20 17:31,2026-08-20T17:46:10+09:00,2026/08/21,2026/09/10,2026-09,CALL,68375,1130,,,30.57,30.22,980,9,960,9,,,,,
2026/08/20 17:31,2026-08-20T17:46:10+09:00,2026/08/21,2026/09/10,2026-09,PUT,68375,3145,,,30.74,29.26,3555,1,3470,1,,,,,
2026/08/20 17:31,2026-08-20T17:46:10+09:00,2026/08/21,2026/09/10,2026-09,CALL,68250,1170,,,30.87,30.19,1035,11,995,11,,,,,
2026/08/20 17:31,2026-08-20T17:46:10+09:00,2026/08/21,2026/09/10,2026-09,PUT,68250,3070,,,30.7,29.67,3465,1,3405,1,,,,,
2026/08/20 17:31,2026-08-20T17:46:10+09:00,2026/08/21,2026/09/10,2026-09,CALL,68125,1215,,,30.65,30.31,1060,9,1040,9,,,,,
2026/08/20 17:31,2026-08-20T17:46:10+09:00,2026/08/21,2026/09/10,2026-09,PUT,68125,2980,,,30.9,29.28,3390,1,3295,2,,,,,
2026/08/20 17:31,2026-08-20T17:46:10+09:00,2026/08/21,2026/09/10,2026-09,CALL,68000,1255,,3,30.58,30.33,1095,1,1080,19,30.03,-100,-8.2,1120,08/20 17:14
2026/08/20 17:31,2026-08-20T17:46:10+09:00,2026/08/21,2026/09/10,2026-09,PUT,68000,2900,,,31,29.82,3310,12,3240,8,,,,,
2026/08/20 17:31,2026-08-20T17:46:10+09:00,2026/08/21,2026/09/10,2026-09,CALL,67875,1315,,,30.74,30.41,1145,9,1125,9,,,,,
2026/08/20 17:31,2026-08-20T17:46:10+09:00,2026/08/21,2026/09/10,2026-09,PUT,67875,2830,,,31.07,29.49,3230,1,3135,1,,,,,
2026/08/20 17:31,2026-08-20T17:46:10+09:00,2026/08/21,2026/09/10,2026-09,CALL,67750,1365,,,31.13,30.22,1210,10,1155,10,,,,,
2026/08/20 17:31,2026-08-20T17:46:10+09:00,2026/08/21,2026/09/10,2026-09,PUT,67750,2760,,,31.04,28.56,3145,1,2995,1,,,,,
2026/08/20 17:31,2026-08-20T17:46:10+09:00,2026/08/21,2026/09/10,2026-09,CALL,67625,1415,,,30.92,30.35,1240,8,1205,8,,,,,
2026/08/20 17:31,2026-08-20T17:46:10+09:00,2026/08/21,2026/09/10,2026-09,PUT,67625,2675,,,31.16,29.61,3070,1,2975,3,,,,,
2026/08/20 17:31,2026-08-20T17:46:10+09:00,2026/08/21,2026/09/10,2026-09,CALL,67500,1450,,,30.86,30.53,1280,5,1260,13,,,,,
2026/08/20 17:31,2026-08-20T17:46:10+09:00,2026/08/21,2026/09/10,2026-09,PUT,67500,2605,,,31.26,30.04,2995,1,2920,1,,,,,
2026/08/20 17:31,2026-08-20T17:46:10+09:00,2026/08/21,2026/09/10,2026-09,CALL,67375,1530,,,31.1,30.45,1340,8,1300,8,,,,,
2026/08/20 17:31,2026-08-20T17:46:10+09:00,2026/08/21,2026/09/10,2026-09,PUT,67375,2545,,,31.26,30.13,2915,1,2845,1,,,,,
2026/08/20 17:31,2026-08-20T17:46:10+09:00,2026/08/21,2026/09/10,2026-09,CALL,67250,1580,,,31.08,30.52,1385,8,1350,8,,,,,
2026/08/20 17:31,2026-08-20T17:46:10+09:00,2026/08/21,2026/09/10,2026-09,PUT,67250,2470,,3,31.56,29.88,2855,23,2750,8,31.13,405,17.2,2760,08/20 17:00
2026/08/20 17:31,2026-08-20T17:46:10+09:00,2026/08/21,2026/09/10,2026-09,CALL,67125,1635,,,31.2,30.49,1440,8,1395,8,,,,,
2026/08/20 17:31,2026-08-20T17:46:10+09:00,2026/08/21,2026/09/10,2026-09,PUT,67125,2400,,,31.2,29.77,2755,8,2665,23,,,,,
2026/08/20 17:31,2026-08-20T17:46:10+09:00,2026/08/21,2026/09/10,2026-09,CALL,67000,1680,,,31.15,30.91,1485,13,1470,4,,,,,
2026/08/20 17:31,2026-08-20T17:46:10+09:00,2026/08/21,2026/09/10,2026-09,PUT,67000,2330,,,31.31,29.64,2685,12,2580,27,,,,,
2026/08/20 17:31,2026-08-20T17:46:10+09:00,2026/08/21,2026/09/10,2026-09,CALL,66875,1760,,,31.31,30.68,1545,7,1505,7,,,,,
2026/08/20 17:31,2026-08-20T17:46:10+09:00,2026/08/21,2026/09/10,2026-09,PUT,66875,2275,,,31.63,29.81,2630,23,2515,23,,,,,
2026/08/20 17:31,2026-08-20T17:46:10+09:00,2026/08/21,2026/09/10,2026-09,CALL,66750,1800,,,31.45,30.67,1605,7,1555,7,,,,,
2026/08/20 17:31,2026-08-20T17:46:10+09:00,2026/08/21,2026/09/10,2026-09,PUT,66750,2205,,,31.77,30.51,2565,23,2485,8,,,,,
2026/08/20 17:31,2026-08-20T17:46:10+09:00,2026/08/21,2026/09/10,2026-09,CALL,66625,1880,,,31.34,30.8,1650,2,1615,7,,,,,
2026/08/20 17:31,2026-08-20T17:46:10+09:00,2026/08/21,2026/09/10,2026-09,PUT,66625,2145,,,31.26,30.09,2460,8,2385,23,,,,,
2026/08/20 17:31,2026-08-20T17:46:10+09:00,2026/08/21,2026/09/10,2026-09,CALL,66500,1885,,,31.45,31.21,1710,4,1695,2,,,,,
2026/08/20 17:31,2026-08-20T17:46:10+09:00,2026/08/21,2026/09/10,2026-09,PUT,66500,2080,,2,31.53,30.2,2405,9,2320,26,31.55,135,6.11,2345,08/20 17:00
2026/08/20 17:31,2026-08-20T17:46:10+09:00,2026/08/21,2026/09/10,2026-09,CALL,66375,2010,,,31.61,30.83,1775,7,1725,7,,,,,
2026/08/20 17:31,2026-08-20T17:46:10+09:00,2026/08/21,2026/09/10,2026-09,PUT,66375,2030,,,32.08,30.37,2370,24,2260,24,,,,,
2026/08/20 17:31,2026-08-20T17:46:10+09:00,2026/08/21,2026/09/10,2026-09,CALL,66250,2070,,,31.76,31.06,1840,7,1795,7,,,,,
2026/08/20 17:31,2026-08-20T17:46:10+09:00,2026/08/21,2026/09/10,2026-09,PUT,66250,1970,,,31.83,30.75,2285,9,2215,9,,,,,
2026/08/20 17:31,2026-08-20T17:46:10+09:00,2026/08/21,2026/09/10,2026-09,CALL,66125,2130,,,31.88,31.18,1905,7,1860,7,,,,,
2026/08/20 17:31,2026-08-20T17:46:10+09:00,2026/08/21,2026/09/10,2026-09,PUT,66125,1905,,,31.88,30.48,2220,9,2130,24,,,,,
2026/08/20 17:31,2026-08-20T17:46:10+09:00,2026/08/21,2026/09/10,2026-09,CALL,66000,2210,,,31.83,31.52,1960,13,1940,2,,,,,
2026/08/20 17:31,2026-08-20T17:46:10+09:00,2026/08/21,2026/09/10,2026-09,PUT,66000,1890,,,31.99,30.9,2160,14,2090,14,,,,,
2026/08/20 17:31,2026-08-20T17:46:10+09:00,2026/08/21,2026/09/10,2026-09,CALL,65875,2260,,,31.92,31.38,2025,7,1990,7,,,,,
2026/08/20 17:31,2026-08-20T17:46:10+09:00,2026/08/21,2026/09/10,2026-09,PUT,65875,1800,,,32,30.99,2095,9,2030,9,,,,,
2026/08/20 17:31,2026-08-20T17:46:10+09:00,2026/08/21,2026/09/10,2026-09,CALL,65750,2345,,,32.22,31.14,2105,7,2035,7,,,,,
2026/08/20 17:31,2026-08-20T17:46:10+09:00,2026/08/21,2026/09/10,2026-09,PUT,65750,1740,,,31.91,30.83,2025,9,1955,24,,,,,
2026/08/20 17:31,2026-08-20T17:46:10+09:00,2026/08/21,2026/09/10,2026-09,CALL,65625,2420,,,32.51,31.65,2185,7,2130,7,,,,,
2026/08/20 17:31,2026-08-20T17:46:10+09:00,2026/08/21,2026/09/10,2026-09,PUT,65625,1685,,,32.35,31.03,1990,9,1905,9,,,,,
2026/08/20 17:31,2026-08-20T17:46:10+09:00,2026/08/21,2026/09/10,2026-09,CALL,65500,2500,,,32.78,31.76,2265,11,2200,11,,,,,
2026/08/20 17:31,2026-08-20T17:46:10+09:00,2026/08/21,2026/09/10,2026-09,PUT,65500,1655,,,31.92,31.53,1900,3,1875,10,,,,,
2026/08/20 17:31,2026-08-20T17:46:10+09:00,2026/08/21,2026/09/10,2026-09,CALL,65375,2560,,,32.71,31.85,2325,9,2270,9,,,,,
2026/08/20 17:31,2026-08-20T17:46:10+09:00,2026/08/21,2026/09/10,2026-09,PUT,65375,1595,,,32.17,31.38,1855,7,1805,7,,,,,
2026/08/20 17:31,2026-08-20T17:46:10+09:00,2026/08/21,2026/09/10,2026-09,CALL,65250,2660,,,33.02,31.69,2410,8,2325,8,,,,,
2026/08/20 17:31,2026-08-20T17:46:10+09:00,2026/08/21,2026/09/10,2026-09,PUT,65250,1550,,,32.71,31.53,1830,7,1755,7,,,,,
2026/08/20 17:31,2026-08-20T17:46:10+09:00,2026/08/21,2026/09/10,2026-09,CALL,65125,2720,,,32.69,31.74,2455,8,2395,8,,,,,
2026/08/20 17:31,2026-08-20T17:46:10+09:00,2026/08/21,2026/09/10,2026-09,PUT,65125,1490,,,32.29,31.82,1745,7,1715,7,,,,,
2026/08/20 17:31,2026-08-20T17:46:10+09:00,2026/08/21,2026/09/10,2026-09,CALL,65000,2815,,,32.88,32.17,2535,12,2490,14,,,,,
2026/08/20 17:31,2026-08-20T17:46:10+09:00,2026/08/21,2026/09/10,2026-09,PUT,65000,1465,,32,32.33,32.09,1690,13,1675,3,32.34,180,12,1680,08/20 17:30
2026/08/20 17:31,2026-08-20T17:46:10+09:00,2026/08/21,2026/09/10,2026-09,CALL,64875,2885,,,33.22,31.87,2625,8,2540,23,,,,,
2026/08/20 17:31,2026-08-20T17:46:10+09:00,2026/08/21,2026/09/10,2026-09,PUT,64875,1400,,,32.9,32.03,1670,7,1615,7,,,,,
2026/08/20 17:31,2026-08-20T17:46:10+09:00,2026/08/21,2026/09/10,2026-09,CALL,64750,2975,,,33.23,31.87,2695,8,2610,23,,,,,
2026/08/20 17:31,2026-08-20T17:46:10+09:00,2026/08/21,2026/09/10,2026-09,PUT,64750,1365,,,32.67,32.11,1600,7,1565,7,,,,,
2026/08/20 17:31,2026-08-20T17:46:10+09:00,2026/08/21,2026/09/10,2026-09,CALL,64625,3060,,,33.77,32.17,2800,23,2700,8,,,,,
2026/08/20 17:31,2026-08-20T17:46:10+09:00,2026/08/21,2026/09/10,2026-09,PUT,64625,1330,,,32.89,32.17,1560,8,1515,8,,,,,
2026/08/20 17:31,2026-08-20T17:46:10+09:00,2026/08/21,2026/09/10,2026-09,CALL,64500,3145,,,33.9,32.12,2880,24,2770,24,,,,,
2026/08/20 17:31,2026-08-20T17:46:10+09:00,2026/08/21,2026/09/10,2026-09,PUT,64500,1295,,3,32.77,32.45,1500,11,1480,10,32.61,140,10.57,1465,08/20 17:24
2026/08/20 17:31,2026-08-20T17:46:10+09:00,2026/08/21,2026/09/10,2026-09,CALL,64375,3225,,,34.02,32.31,2960,23,2855,8,,,,,
2026/08/20 17:31,2026-08-20T17:46:10+09:00,2026/08/21,2026/09/10,2026-09,PUT,64375,1240,,,33.37,32.47,1485,8,1430,8,,,,,
2026/08/20 17:31,2026-08-20T17:46:10+09:00,2026/08/21,2026/09/10,2026-09,CALL,64250,3320,,,34.36,32.56,3055,23,2945,8,,,,,
2026/08/20 17:31,2026-08-20T17:46:10+09:00,2026/08/21,2026/09/10,2026-09,PUT,64250,1215,,,33.21,32.47,1425,8,1380,8,,,,,
2026/08/20 17:31,2026-08-20T17:46:10+09:00,2026/08/21,2026/09/10,2026-09,CALL,64125,3405,,,34.2,32.79,3120,23,3035,8,,,,,
2026/08/20 17:31,2026-08-20T17:46:10+09:00,2026/08/21,2026/09/10,2026-09,PUT,64125,1170,,,33.12,32.71,1370,8,1345,8,,,,,
2026/08/20 17:31,2026-08-20T17:46:10+09:00,2026/08/21,2026/09/10,2026-09,CALL,64000,3495,,,34.67,32.76,3225,27,3110,12,,,,,
2026/08/20 17:31,2026-08-20T17:46:10+09:00,2026/08/21,2026/09/10,2026-09,PUT,64000,1145,,5,33.26,32.92,1330,15,1310,15,33.01,80,6.72,1270,08/20 17:13
2026/08/20 17:31,2026-08-20T17:46:10+09:00,2026/08/21,2026/09/10,2026-09,CALL,63875,3585,,,34.72,32.79,3305,23,3190,8,,,,,
2026/08/20 17:31,2026-08-20T17:46:10+09:00,2026/08/21,2026/09/10,2026-09,PUT,63875,1105,,,33.72,32.96,1310,8,1265,8,,,,,
2026/08/20 17:31,2026-08-20T17:46:10+09:00,2026/08/21,2026/09/10,2026-09,CALL,63750,3670,,,34.67,32.89,3380,23,3275,8,,,,,
2026/08/20 17:31,2026-08-20T17:46:10+09:00,2026/08/21,2026/09/10,2026-09,PUT,63750,1065,,,33.48,32.97,1250,3,1220,9,,,,,
2026/08/20 17:31,2026-08-20T17:46:10+09:00,2026/08/21,2026/09/10,2026-09,CALL,63625,3765,,,34.17,33.05,3430,1,3365,1,,,,,
2026/08/20 17:31,2026-08-20T17:46:10+09:00,2026/08/21,2026/09/10,2026-09,PUT,63625,1035,,,33.65,33.31,1215,9,1195,3,,,,,
2026/08/20 17:31,2026-08-20T17:46:10+09:00,2026/08/21,2026/09/10,2026-09,CALL,63500,3860,,,34.33,33.12,3520,1,3450,1,,,,,
2026/08/20 17:31,2026-08-20T17:46:10+09:00,2026/08/21,2026/09/10,2026-09,PUT,63500,1005,,,33.72,33.46,1175,5,1160,6,,,,,
2026/08/20 17:31,2026-08-20T17:46:10+09:00,2026/08/21,2026/09/10,2026-09,CALL,63375,3955,,,36.22,33.16,3710,2,3535,3,,,,,
2026/08/20 17:31,2026-08-20T17:46:10+09:00,2026/08/21,2026/09/10,2026-09,PUT,63375,970,,,34.13,33.51,1155,9,1120,8,,,,,
2026/08/20 17:31,2026-08-20T17:46:10+09:00,2026/08/21,2026/09/10,2026-09,CALL,63250,4040,,,36.19,33.37,3790,1,3630,1,,,,,
2026/08/20 17:31,2026-08-20T17:46:10+09:00,2026/08/21,2026/09/10,2026-09,PUT,63250,945,,,34.61,33.46,1140,11,1075,11,,,,,
2026/08/20 17:31,2026-08-20T17:46:10+09:00,2026/08/21,2026/09/10,2026-09,CALL,63125,4140,,,34.72,33.47,3790,1,3720,1,,,,,
2026/08/20 17:31,2026-08-20T17:46:10+09:00,2026/08/21,2026/09/10,2026-09,PUT,63125,910,,,34.28,33.83,1080,9,1055,3,,,,,
2026/08/20 17:31,2026-08-20T17:46:10+09:00,2026/08/21,2026/09/10,2026-09,CALL,63000,4235,,,34.91,33.64,3885,6,3815,8,,,,,
2026/08/20 17:31,2026-08-20T17:46:10+09:00,2026/08/21,2026/09/10,2026-09,PUT,63000,900,,30,34.28,33.91,1040,5,1020,5,34.32,135,15,1035,08/20 17:30
2026/08/20 17:31,2026-08-20T17:46:10+09:00,2026/08/21,2026/09/10,2026-09,CALL,62875,4340,,,35.18,33.8,3985,1,3910,1,,,,,
2026/08/20 17:31,2026-08-20T17:46:10+09:00,2026/08/21,2026/09/10,2026-09,PUT,62875,855,,,34.63,34.17,1020,9,995,2,,,,,
2026/08/20 17:31,2026-08-20T17:46:10+09:00,2026/08/21,2026/09/10,2026-09,CALL,62750,4430,,,35.52,33.85,4090,2,4000,1,,,,,
2026/08/20 17:31,2026-08-20T17:46:10+09:00,2026/08/21,2026/09/10,2026-09,PUT,62750,830,,,34.88,34.04,995,11,950,11,,,,,
2026/08/20 17:31,2026-08-20T17:46:10+09:00,2026/08/21,2026/09/10,2026-09,CALL,62625,4530,,,36.14,33.98,4210,2,4095,1,,,,,
2026/08/20 17:31,2026-08-20T17:46:10+09:00,2026/08/21,2026/09/10,2026-09,PUT,62625,805,,,34.83,34.36,955,10,930,3,,,,,
2026/08/20 17:31,2026-08-20T17:46:10+09:00,2026/08/21,2026/09/10,2026-09,CALL,62500,4625,,,35.81,34.28,4280,2,4200,1,,,,,
2026/08/20 17:31,2026-08-20T17:46:10+09:00,2026/08/21,2026/09/10,2026-09,PUT,62500,775,,,34.76,34.47,915,4,900,5,,,,,
2026/08/20 17:31,2026-08-20T17:46:10+09:00,2026/08/21,2026/09/10,2026-09,CALL,62375,4735,,,35.93,34.38,4375,1,4295,1,,,,,
2026/08/20 17:31,2026-08-20T17:46:10+09:00,2026/08/21,2026/09/10,2026-09,PUT,62375,755,,,35.06,34.57,895,10,870,10,,,,,
2026/08/20 17:31,2026-08-20T17:46:10+09:00,2026/08/21,2026/09/10,2026-09,CALL,62250,4830,,,35.93,34.46,4465,1,4390,1,,,,,
2026/08/20 17:31,2026-08-20T17:46:10+09:00,2026/08/21,2026/09/10,2026-09,PUT,62250,725,,,35.15,34.46,865,4,830,12,,,,,
2026/08/20 17:31,2026-08-20T17:46:10+09:00,2026/08/21,2026/09/10,2026-09,CALL,62125,4940,,,36.61,34.52,4590,2,4485,1,,,,,
2026/08/20 17:31,2026-08-20T17:46:10+09:00,2026/08/21,2026/09/10,2026-09,PUT,62125,705,,,35.22,34.82,835,3,815,10,,,,,
2026/08/20 17:31,2026-08-20T17:46:10+09:00,2026/08/21,2026/09/10,2026-09,CALL,62000,5035,,,41.55,34.77,4935,4,4590,8,,,,,
2026/08/20 17:31,2026-08-20T17:46:10+09:00,2026/08/21,2026/09/10,2026-09,PUT,62000,685,,8,35.38,35.18,810,5,800,1,35.3,95,13.48,800,08/20 17:30
2026/08/20 17:31,2026-08-20T17:46:10+09:00,2026/08/21,2026/09/10,2026-09,CALL,61875,5145,,,36.55,34.8,4770,3,4685,1,,,,,
2026/08/20 17:31,2026-08-20T17:46:10+09:00,2026/08/21,2026/09/10,2026-09,PUT,61875,665,,,35.73,35.11,795,10,765,10,,,,,
2026/08/20 17:31,2026-08-20T17:46:10+09:00,2026/08/21,2026/09/10,2026-09,CALL,61750,5245,,,36.8,35.03,4875,2,4790,1,,,,,
2026/08/20 17:31,2026-08-20T17:46:10+09:00,2026/08/21,2026/09/10,2026-09,PUT,61750,645,,,35.66,35.13,760,4,735,12,,,,,
2026/08/20 17:31,2026-08-20T17:46:10+09:00,2026/08/21,2026/09/10,2026-09,CALL,61625,5355,,,36.72,35.13,4965,1,4890,1,,,,,
2026/08/20 17:31,2026-08-20T17:46:10+09:00,2026/08/21,2026/09/10,2026-09,PUT,61625,625,,1,35.88,35.45,740,9,720,10,35.56,,,710,08/20 17:23
2026/08/20 17:31,2026-08-20T17:46:10+09:00,2026/08/21,2026/09/10,2026-09,CALL,61500,5450,,,37.47,35.11,5095,1,4985,1,,,,,
2026/08/20 17:31,2026-08-20T17:46:10+09:00,2026/08/21,2026/09/10,2026-09,PUT,61500,605,,,35.87,35.66,710,4,700,5,,,,,
2026/08/20 17:31,2026-08-20T17:46:10+09:00,2026/08/21,2026/09/10,2026-09,CALL,61375,5565,,,37.15,35.29,5175,1,5090,1,,,,,
2026/08/20 17:31,2026-08-20T17:46:10+09:00,2026/08/21,2026/09/10,2026-09,PUT,61375,585,,,36.18,35.74,695,2,675,10,,,,,
2026/08/20 17:31,2026-08-20T17:46:10+09:00,2026/08/21,2026/09/10,2026-09,CALL,61250,5670,,,37.35,35.57,5280,1,5200,1,,,,,
2026/08/20 17:31,2026-08-20T17:46:10+09:00,2026/08/21,2026/09/10,2026-09,PUT,61250,565,,,36.47,35.91,680,14,655,14,,,,,
2026/08/20 17:31,2026-08-20T17:46:10+09:00,2026/08/21,2026/09/10,2026-09,CALL,61125,5780,,,38.64,35.62,5435,2,5300,1,,,,,
2026/08/20 17:31,2026-08-20T17:46:10+09:00,2026/08/21,2026/09/10,2026-09,PUT,61125,550,,,36.42,36.08,650,2,635,2,,,,,
2026/08/20 17:31,2026-08-20T17:46:10+09:00,2026/08/21,2026/09/10,2026-09,CALL,61000,5890,,,38.72,35.88,5535,4,5410,8,,,,,
2026/08/20 17:31,2026-08-20T17:46:10+09:00,2026/08/21,2026/09/10,2026-09,PUT,61000,535,,1,36.57,36.34,630,5,620,1,36.17,60,11.11,600,08/20 17:23
2026/08/20 17:31,2026-08-20T17:46:10+09:00,2026/08/21,2026/09/10,2026-09,CALL,60875,5995,,,44.73,31.34,5910,3,5330,3,,,,,
2026/08/20 17:31,2026-08-20T17:46:10+09:00,2026/08/21,2026/09/10,2026-09,PUT,60875,515,,,36.71,36.36,610,2,595,10,,,,,
2026/08/20 17:31,2026-08-20T17:46:10+09:00,2026/08/21,2026/09/10,2026-09,CALL,60750,6105,,,43.7,32.57,5955,3,5480,3,,,,,
2026/08/20 17:31,2026-08-20T17:46:10+09:00,2026/08/21,2026/09/10,2026-09,PUT,60750,495,,,37.08,36.48,600,14,575,14,,,,,
2026/08/20 17:31,2026-08-20T17:46:10+09:00,2026/08/21,2026/09/10,2026-09,CALL,60625,6215,,,45.74,34.06,6145,3,5640,3,,,,,
2026/08/20 17:31,2026-08-20T17:46:10+09:00,2026/08/21,2026/09/10,2026-09,PUT,60625,485,,,37.08,36.71,575,4,560,4,,,,,
2026/08/20 17:31,2026-08-20T17:46:10+09:00,2026/08/21,2026/09/10,2026-09,CALL,60500,6325,,,45.97,34.22,6250,4,5750,4,,,,,
2026/08/20 17:31,2026-08-20T17:46:10+09:00,2026/08/21,2026/09/10,2026-09,PUT,60500,470,,2,37.18,36.93,555,5,545,1,36.77,35,7.22,520,08/20 17:00
2026/08/20 17:31,2026-08-20T17:46:10+09:00,2026/08/21,2026/09/10,2026-09,CALL,60375,6435,,,44.66,32.55,6285,3,5795,3,,,,,
2026/08/20 17:31,2026-08-20T17:46:10+09:00,2026/08/21,2026/09/10,2026-09,PUT,60375,455,,,37.39,37.01,540,2,525,12,,,,,
2026/08/20 17:31,2026-08-20T17:46:10+09:00,2026/08/21,2026/09/10,2026-09,CALL,60250,6545,,,44.63,34.52,6380,3,5970,3,,,,,
2026/08/20 17:31,2026-08-20T17:46:10+09:00,2026/08/21,2026/09/10,2026-09,PUT,60250,440,,,37.6,37.21,525,4,510,6,,,,,
2026/08/20 17:31,2026-08-20T17:46:10+09:00,2026/08/21,2026/09/10,2026-09,CALL,60125,6655,,,46.39,35.5,6555,3,6110,3,,,,,
2026/08/20 17:31,2026-08-20T17:46:10+09:00,2026/08/21,2026/09/10,2026-09,PUT,60125,425,,,37.79,37.39,510,12,495,4,,,,,
2026/08/20 17:31,2026-08-20T17:46:10+09:00,2026/08/21,2026/09/10,2026-09,CALL,60000,6770,,,46.58,35.77,6660,6,6225,6,,,,,
2026/08/20 17:31,2026-08-20T17:46:10+09:00,2026/08/21,2026/09/10,2026-09,PUT,60000,415,,15,37.7,37.56,485,40,480,6,37.53,45,10.84,460,08/20 17:20
2026/08/20 17:31,2026-08-20T17:46:10+09:00,2026/08/21,2026/09/10,2026-09,CALL,59875,6880,,,47.68,34.86,6805,3,6300,3,,,,,
2026/08/20 17:31,2026-08-20T17:46:10+09:00,2026/08/21,2026/09/10,2026-09,PUT,59875,400,,,38.13,37.72,480,10,465,4,,,,,
2026/08/20 17:31,2026-08-20T17:46:10+09:00,2026/08/21,2026/09/10,2026-09,CALL,59750,6995,,,46,33.69,6830,3,6370,3,,,,,
2026/08/20 17:31,2026-08-20T17:46:10+09:00,2026/08/21,2026/09/10,2026-09,PUT,59750,390,,,38.15,37.87,460,4,450,6,,,,,
2026/08/20 17:31,2026-08-20T17:46:10+09:00,2026/08/21,2026/09/10,2026-09,CALL,59625,7110,,,46.27,33.55,6940,3,6475,3,,,,,
2026/08/20 17:31,2026-08-20T17:46:10+09:00,2026/08/21,2026/09/10,2026-09,PUT,59625,380,,,38.43,38.01,450,4,435,2,,,,,
2026/08/20 17:31,2026-08-20T17:46:10+09:00,2026/08/21,2026/09/10,2026-09,CALL,59500,7220,,,48.78,35.54,7145,4,6645,4,,,,,
2026/08/20 17:31,2026-08-20T17:46:10+09:00,2026/08/21,2026/09/10,2026-09,PUT,59500,365,,,38.56,38.27,435,5,425,5,,,,,
2026/08/20 17:31,2026-08-20T17:46:10+09:00,2026/08/21,2026/09/10,2026-09,CALL,59375,7335,,,49.18,35.42,7260,3,6750,3,,,,,
2026/08/20 17:31,2026-08-20T17:46:10+09:00,2026/08/21,2026/09/10,2026-09,PUT,59375,355,,,38.83,38.39,425,2,410,11,,,,,
2026/08/20 17:31,2026-08-20T17:46:10+09:00,2026/08/21,2026/09/10,2026-09,CALL,59250,7450,,,47.02,35.61,7270,3,6865,3,,,,,
2026/08/20 17:31,2026-08-20T17:46:10+09:00,2026/08/21,2026/09/10,2026-09,PUT,59250,335,,,38.93,38.48,410,4,395,4,,,,,
2026/08/20 17:31,2026-08-20T17:46:10+09:00,2026/08/21,2026/09/10,2026-09,CALL,59125,7570,,,49.84,35.79,7485,3,6980,3,,,,,
2026/08/20 17:31,2026-08-20T17:46:10+09:00,2026/08/21,2026/09/10,2026-09,PUT,59125,340,,,39.18,38.72,400,5,385,2,,,,,
2026/08/20 17:31,2026-08-20T17:46:10+09:00,2026/08/21,2026/09/10,2026-09,CALL,59000,7685,,,47.74,34.49,7500,6,7055,6,,,,,
2026/08/20 17:31,2026-08-20T17:46:10+09:00,2026/08/21,2026/09/10,2026-09,PUT,59000,330,,1,39.26,38.95,385,5,375,5,39.38,35,10.14,380,08/20 17:26
2026/08/20 17:31,2026-08-20T17:46:10+09:00,2026/08/21,2026/09/10,2026-09,CALL,58875,7795,,,47.96,34.8,7610,3,7175,3,,,,,
2026/08/20 17:31,2026-08-20T17:46:10+09:00,2026/08/21,2026/09/10,2026-09,PUT,58875,315,,,39.49,39.17,375,2,365,5,,,,,
2026/08/20 17:31,2026-08-20T17:46:10+09:00,2026/08/21,2026/09/10,2026-09,CALL,58750,7915,,,50.97,36.62,7830,3,7335,3,,,,,
2026/08/20 17:31,2026-08-20T17:46:10+09:00,2026/08/21,2026/09/10,2026-09,PUT,58750,310,,,39.54,39.38,360,4,355,4,,,,,
2026/08/20 17:31,2026-08-20T17:46:10+09:00,2026/08/21,2026/09/10,2026-09,CALL,58625,8025,,,51.34,36.75,7945,3,7450,3,,,,,
2026/08/20 17:31,2026-08-20T17:46:10+09:00,2026/08/21,2026/09/10,2026-09,PUT,58625,293,,,39.74,39.41,350,2,340,2,,,,,
2026/08/20 17:31,2026-08-20T17:46:10+09:00,2026/08/21,2026/09/10,2026-09,CALL,58500,8145,,,48.97,34.86,7955,4,7515,4,,,,,
2026/08/20 17:31,2026-08-20T17:46:10+09:00,2026/08/21,2026/09/10,2026-09,PUT,58500,289,,1,39.94,39.77,340,4,335,1,39.71,15,4.92,320,08/20 17:05
2026/08/20 17:31,2026-08-20T17:46:10+09:00,2026/08/21,2026/09/10,2026-09,CALL,58375,8270,,,52.06,37.19,8175,3,7685,3,,,,,
2026/08/20 17:31,2026-08-20T17:46:10+09:00,2026/08/21,2026/09/10,2026-09,PUT,58375,287,,,40.29,38.92,335,3,296,3,,,,,
2026/08/20 17:31,2026-08-20T17:46:10+09:00,2026/08/21,2026/09/10,2026-09,CALL,58250,8380,,,51.23,32.76,8245,3,7700,2,,,,,
2026/08/20 17:31,2026-08-20T17:46:10+09:00,2026/08/21,2026/09/10,2026-09,PUT,58250,276,,,40.65,39.14,330,3,288,3,,,,,
2026/08/20 17:31,2026-08-20T17:46:10+09:00,2026/08/21,2026/09/10,2026-09,CALL,58000,8615,,,50.11,35.66,8410,6,7990,6,,,,,
2026/08/20 17:31,2026-08-20T17:46:10+09:00,2026/08/21,2026/09/10,2026-09,PUT,58000,256,,,40.79,40.57,305,1,299,1,,,,,
2026/08/20 17:31,2026-08-20T17:46:10+09:00,2026/08/21,2026/09/10,2026-09,CALL,57750,8860,,,53.64,38.21,8745,2,8275,3,,,,,
2026/08/20 17:31,2026-08-20T17:46:10+09:00,2026/08/21,2026/09/10,2026-09,PUT,57750,252,,,41.53,39.81,297,3,253,3,,,,,
2026/08/20 17:31,2026-08-20T17:46:10+09:00,2026/08/21,2026/09/10,2026-09,CALL,57500,9085,,,51.87,37.8,8890,4,8495,4,,,,,
2026/08/20 17:31,2026-08-20T17:46:10+09:00,2026/08/21,2026/09/10,2026-09,PUT,57500,231,,,41.58,41.34,272,1,266,1,,,,,
2026/08/20 17:31,2026-08-20T17:46:10+09:00,2026/08/21,2026/09/10,2026-09,CALL,57250,9330,,,52.14,36.4,9110,3,8700,3,,,,,
2026/08/20 17:31,2026-08-20T17:46:10+09:00,2026/08/21,2026/09/10,2026-09,PUT,57250,223,,,42.1,40.74,260,3,228,3,,,,,
2026/08/20 17:31,2026-08-20T17:46:10+09:00,2026/08/21,2026/09/10,2026-09,CALL,57000,9565,,,54.64,33.74,9405,4,8895,4,,,,,
2026/08/20 17:31,2026-08-20T17:46:10+09:00,2026/08/21,2026/09/10,2026-09,PUT,57000,209,,2,42.43,42.21,244,1,239,1,42.34,31,14.83,240,08/20 17:30
2026/08/20 17:31,2026-08-20T17:46:10+09:00,2026/08/21,2026/09/10,2026-09,CALL,56750,9805,,,55.51,33.8,9645,2,9135,3,,,,,
2026/08/20 17:31,2026-08-20T17:46:10+09:00,2026/08/21,2026/09/10,2026-09,PUT,56750,198,,,43.03,41.69,235,3,206,3,,,,,
2026/08/20 17:31,2026-08-20T17:46:10+09:00,2026/08/21,2026/09/10,2026-09,CALL,56500,10040,,,57.89,38.84,9935,4,9445,4,,,,,
2026/08/20 17:31,2026-08-20T17:46:10+09:00,2026/08/21,2026/09/10,2026-09,PUT,56500,187,,,43.28,43.04,219,1,214,1,,,,,
2026/08/20 17:31,2026-08-20T17:46:10+09:00,2026/08/21,2026/09/10,2026-09,CALL,56250,10290,,,55.94,34.11,10085,3,9620,2,,,,,
2026/08/20 17:31,2026-08-20T17:46:10+09:00,2026/08/21,2026/09/10,2026-09,PUT,56250,184,,,44.07,42.51,215,4,184,3,,,,,
2026/08/20 17:31,2026-08-20T17:46:10+09:00,2026/08/21,2026/09/10,2026-09,CALL,56000,10525,,,55.58,39.7,10290,6,9930,6,,,,,
2026/08/20 17:31,2026-08-20T17:46:10+09:00,2026/08/21,2026/09/10,2026-09,PUT,56000,169,,1,44.25,43.99,199,1,194,1,44.13,11,6.18,189,08/20 17:05
2026/08/20 17:31,2026-08-20T17:46:10+09:00,2026/08/21,2026/09/10,2026-09,CALL,55750,10775,,,55.49,40.25,10505,3,10175,3,,,,,
2026/08/20 17:31,2026-08-20T17:46:10+09:00,2026/08/21,2026/09/10,2026-09,PUT,55750,169,,,45.06,43.32,196,4,164,4,,,,,
2026/08/20 17:31,2026-08-20T17:46:10+09:00,2026/08/21,2026/09/10,2026-09,CALL,55500,11010,,,56.6,40.05,10755,4,10410,4,,,,,
2026/08/20 17:31,2026-08-20T17:46:10+09:00,2026/08/21,2026/09/10,2026-09,PUT,55500,154,,,45.11,44.83,179,1,174,1,,,,,
2026/08/20 17:31,2026-08-20T17:46:10+09:00,2026/08/21,2026/09/10,2026-09,CALL,55250,11255,,,56.79,32.69,10980,3,10585,3,,,,,
2026/08/20 17:31,2026-08-20T17:46:10+09:00,2026/08/21,2026/09/10,2026-09,PUT,55250,153,,,46.12,44.17,180,4,147,4,,,,,
2026/08/20 17:31,2026-08-20T17:46:10+09:00,2026/08/21,2026/09/10,2026-09,CALL,55000,11495,,,60.27,,11295,6,10775,6,,,,,
2026/08/20 17:31,2026-08-20T17:46:10+09:00,2026/08/21,2026/09/10,2026-09,PUT,55000,141,,5,46.02,45.84,162,1,159,2,45.8,14,9.93,155,08/20 17:23
2026/08/20 17:31,2026-08-20T17:46:10+09:00,2026/08/21,2026/09/10,2026-09,CALL,54750,11745,,,,,,,,,,,,,
2026/08/20 17:31,2026-08-20T17:46:10+09:00,2026/08/21,2026/09/10,2026-09,PUT,54750,140,,,47.15,45.03,165,4,132,4,,,,,
2026/08/20 17:31,2026-08-20T17:46:10+09:00,2026/08/21,2026/09/10,2026-09,CALL,54500,11980,,,,,,,,,,,,,
2026/08/20 17:31,2026-08-20T17:46:10+09:00,2026/08/21,2026/09/10,2026-09,PUT,54500,128,,,47.09,46.76,149,1,144,1,,,,,
2026/08/20 17:31,2026-08-20T17:46:10+09:00,2026/08/21,2026/09/10,2026-09,CALL,54250,12230,,,,,,,,,,,,,
2026/08/20 17:31,2026-08-20T17:46:10+09:00,2026/08/21,2026/09/10,2026-09,PUT,54250,127,,,48.28,45.78,153,4,117,5,,,,,
2026/08/20 17:31,2026-08-20T17:46:10+09:00,2026/08/21,2026/09/10,2026-09,CALL,54000,12470,,,,,,,,,,,,,
2026/08/20 17:31,2026-08-20T17:46:10+09:00,2026/08/21,2026/09/10,2026-09,PUT,54000,120,,,48,47.79,135,1,132,1,,,,,
2026/08/20 17:31,2026-08-20T17:46:10+09:00,2026/08/21,2026/09/10,2026-09,CALL,53750,12720,,,,,,,,,,,,,
2026/08/20 17:31,2026-08-20T17:46:10+09:00,2026/08/21,2026/09/10,2026-09,PUT,53750,114,,,49.42,46.8,142,4,107,4,,,,,
2026/08/20 17:31,2026-08-20T17:46:10+09:00,2026/08/21,2026/09/10,2026-09,CALL,53500,12960,,,,,,,,,,,,,
2026/08/20 17:31,2026-08-20T17:46:10+09:00,2026/08/21,2026/09/10,2026-09,PUT,53500,107,,,48.96,48.81,123,1,121,1,,,,,
2026/08/20 17:31,2026-08-20T17:46:10+09:00,2026/08/21,2026/09/10,2026-09,CALL,53250,13210,,,,,,,,,,,,,
2026/08/20 17:31,2026-08-20T17:46:10+09:00,2026/08/21,2026/09/10,2026-09,PUT,53250,105,,,50.56,47.56,132,4,95,5,,,,,
2026/08/20 17:31,2026-08-20T17:46:10+09:00,2026/08/21,2026/09/10,2026-09,CALL,53000,13450,,,,,,,,,,,,,
2026/08/20 17:31,2026-08-20T17:46:10+09:00,2026/08/21,2026/09/10,2026-09,PUT,53000,101,,4,50.08,49.75,114,1,110,1,49.93,9,8.91,110,08/20 17:24
2026/08/20 17:31,2026-08-20T17:46:10+09:00,2026/08/21,2026/09/10,2026-09,CALL,52750,13700,,,,,,,,,,,,,
2026/08/20 17:31,2026-08-20T17:46:10+09:00,2026/08/21,2026/09/10,2026-09,PUT,52750,98,,,51.72,48.48,123,4,86,4,,,,,
2026/08/20 17:31,2026-08-20T17:46:10+09:00,2026/08/21,2026/09/10,2026-09,CALL,52500,13945,,,,,,,,,,,,,
2026/08/20 17:31,2026-08-20T17:46:10+09:00,2026/08/21,2026/09/10,2026-09,PUT,52500,91,,,51.13,50.87,105,1,102,1,,,,,
2026/08/20 17:31,2026-08-20T17:46:10+09:00,2026/08/21,2026/09/10,2026-09,CALL,52250,14195,,,,,,,,,,,,,
2026/08/20 17:31,2026-08-20T17:46:10+09:00,2026/08/21,2026/09/10,2026-09,PUT,52250,92,,,52.91,49.31,115,4,77,5,,,,,
2026/08/20 17:31,2026-08-20T17:46:10+09:00,2026/08/21,2026/09/10,2026-09,CALL,52000,14445,,,,,,,,,,,,,
2026/08/20 17:31,2026-08-20T17:46:10+09:00,2026/08/21,2026/09/10,2026-09,PUT,52000,86,,4,52.21,51.92,97,1,94,1,52.12,6,6.82,94,08/20 17:26
2026/08/20 17:31,2026-08-20T17:46:10+09:00,2026/08/21,2026/09/10,2026-09,CALL,51750,14690,,,,,,,,,,,,,
2026/08/20 17:31,2026-08-20T17:46:10+09:00,2026/08/21,2026/09/10,2026-09,PUT,51750,87,,,54.04,50.26,107,4,70,4,,,,,
2026/08/20 17:31,2026-08-20T17:46:10+09:00,2026/08/21,2026/09/10,2026-09,CALL,51500,14935,,,,,,,,,,,,,
2026/08/20 17:31,2026-08-20T17:46:10+09:00,2026/08/21,2026/09/10,2026-09,PUT,51500,80,,,54.68,50.65,104,6,66,6,,,,,
2026/08/20 17:31,2026-08-20T17:46:10+09:00,2026/08/21,2026/09/10,2026-09,CALL,51250,15180,,,,,,,,,,,,,
2026/08/20 17:31,2026-08-20T17:46:10+09:00,2026/08/21,2026/09/10,2026-09,PUT,51250,80,,,55.31,51.13,101,4,63,4,,,,,
2026/08/20 17:31,2026-08-20T17:46:10+09:00,2026/08/21,2026/09/10,2026-09,CALL,51000,15420,,,,,,,,,,,,,
2026/08/20 17:31,2026-08-20T17:46:10+09:00,2026/08/21,2026/09/10,2026-09,PUT,51000,68,,2,55.53,51.6,94,8,60,8,54.1,2,2.67,77,08/20 17:06
2026/08/20 17:31,2026-08-20T17:46:10+09:00,2026/08/21,2026/09/10,2026-09,CALL,50750,15670,,,,,,,,,,,,,
2026/08/20 17:31,2026-08-20T17:46:10+09:00,2026/08/21,2026/09/10,2026-09,PUT,50750,68,,,56.54,52.04,95,4,57,4,,,,,
2026/08/20 17:31,2026-08-20T17:46:10+09:00,2026/08/21,2026/09/10,2026-09,CALL,50500,15920,,,,,,,,,,,,,
2026/08/20 17:31,2026-08-20T17:46:10+09:00,2026/08/21,2026/09/10,2026-09,PUT,50500,67,,,57.14,53.32,92,6,60,6,,,,,
2026/08/20 17:31,2026-08-20T17:46:10+09:00,2026/08/21,2026/09/10,2026-09,CALL,50250,16165,,,,,,,,,,,,,
2026/08/20 17:31,2026-08-20T17:46:10+09:00,2026/08/21,2026/09/10,2026-09,PUT,50250,66,,,56.72,53.76,80,4,57,4,,,,,
2026/08/20 17:31,2026-08-20T17:46:10+09:00,2026/08/21,2026/09/10,2026-09,CALL,50000,16415,,,,,,,,,,,,,
2026/08/20 17:31,2026-08-20T17:46:10+09:00,2026/08/21,2026/09/10,2026-09,PUT,50000,63,,10,57.5,55.87,79,34,66,36,56.31,3,4.62,68,08/20 17:23
2026/08/20 17:31,2026-08-20T17:46:10+09:00,2026/08/21,2026/09/10,2026-09,CALL,49750,16665,,,,,,,,,,,,,
2026/08/20 17:31,2026-08-20T17:46:10+09:00,2026/08/21,2026/09/10,2026-09,PUT,49750,62,,,57.91,55.03,75,4,54,5,,,,,
2026/08/20 17:31,2026-08-20T17:46:10+09:00,2026/08/21,2026/09/10,2026-09,CALL,49500,16910,,,,,,,,,,,,,
2026/08/20 17:31,2026-08-20T17:46:10+09:00,2026/08/21,2026/09/10,2026-09,PUT,49500,59,,,58.56,55.58,73,6,52,6,,,,,
2026/08/20 17:31,2026-08-20T17:46:10+09:00,2026/08/21,2026/09/10,2026-09,CALL,49250,17160,,,,,,,,,,,,,
2026/08/20 17:31,2026-08-20T17:46:10+09:00,2026/08/21,2026/09/10,2026-09,PUT,49250,59,,,59.2,56.12,71,4,50,4,,,,,
2026/08/20 17:31,2026-08-20T17:46:10+09:00,2026/08/21,2026/09/10,2026-09,CALL,49000,17405,,,,,,,,,,,,,
2026/08/20 17:31,2026-08-20T17:46:10+09:00,2026/08/21,2026/09/10,2026-09,PUT,49000,54,,3,59.83,56.65,69,8,48,8,58.94,5,9.26,59,08/20 17:17
2026/08/20 17:31,2026-08-20T17:46:10+09:00,2026/08/21,2026/09/10,2026-09,CALL,48750,17655,,,,,,,,,,,,,
2026/08/20 17:31,2026-08-20T17:46:10+09:00,2026/08/21,2026/09/10,2026-09,PUT,48750,53,,,60.31,56.98,66,4,45,4,,,,,
2026/08/20 17:31,2026-08-20T17:46:10+09:00,2026/08/21,2026/09/10,2026-09,CALL,48500,17900,,,,,,,,,,,,,
2026/08/20 17:31,2026-08-20T17:46:10+09:00,2026/08/21,2026/09/10,2026-09,PUT,48500,51,,,60.92,57.46,64,6,43,6,,,,,
2026/08/20 17:31,2026-08-20T17:46:10+09:00,2026/08/21,2026/09/10,2026-09,CALL,48250,18150,,,,,,,,,,,,,
2026/08/20 17:31,2026-08-20T17:46:10+09:00,2026/08/21,2026/09/10,2026-09,PUT,48250,49,,,61.52,57.93,62,4,41,4,,,,,
2026/08/20 17:31,2026-08-20T17:46:10+09:00,2026/08/21,2026/09/10,2026-09,CALL,48000,18395,,,,,,,,,,,,,
2026/08/20 17:31,2026-08-20T17:46:10+09:00,2026/08/21,2026/09/10,2026-09,PUT,48000,46,,,61.8,58.59,58,8,40,8,,,,,
2026/08/20 17:31,2026-08-20T17:46:10+09:00,2026/08/21,2026/09/10,2026-09,CALL,47750,18645,,,,,,,,,,,,,
2026/08/20 17:31,2026-08-20T17:46:10+09:00,2026/08/21,2026/09/10,2026-09,PUT,47750,45,,,62.36,59.65,56,4,41,4,,,,,
2026/08/20 17:31,2026-08-20T17:46:10+09:00,2026/08/21,2026/09/10,2026-09,CALL,47500,18895,,,,,,,,,,,,,
2026/08/20 17:31,2026-08-20T17:46:10+09:00,2026/08/21,2026/09/10,2026-09,PUT,47500,45,,,62.92,60.09,54,6,39,6,,,,,
2026/08/20 17:31,2026-08-20T17:46:10+09:00,2026/08/21,2026/09/10,2026-09,CALL,47250,19140,,,,,,,,,,,,,
2026/08/20 17:31,2026-08-20T17:46:10+09:00,2026/08/21,2026/09/10,2026-09,PUT,47250,43,,,63.47,60.52,52,4,37,4,,,,,
2026/08/20 17:31,2026-08-20T17:46:10+09:00,2026/08/21,2026/09/10,2026-09,CALL,47000,19390,,,,,,,,,,,,,
2026/08/20 17:31,2026-08-20T17:46:10+09:00,2026/08/21,2026/09/10,2026-09,PUT,47000,41,,,64.18,61.15,51,8,36,8,,,,,
2026/08/20 17:31,2026-08-20T17:46:10+09:00,2026/08/21,2026/09/10,2026-09,CALL,46750,19640,,,,,,,,,,,,,
2026/08/20 17:31,2026-08-20T17:46:10+09:00,2026/08/21,2026/09/10,2026-09,PUT,46750,41,,,64.71,61.55,49,4,34,4,,,,,
2026/08/20 17:31,2026-08-20T17:46:10+09:00,2026/08/21,2026/09/10,2026-09,CALL,46500,19890,,,,,,,,,,,,,
2026/08/20 17:31,2026-08-20T17:46:10+09:00,2026/08/21,2026/09/10,2026-09,PUT,46500,41,,,65.41,61.66,48,27,31,28,,,,,
2026/08/20 17:31,2026-08-20T17:46:10+09:00,2026/08/21,2026/09/10,2026-09,CALL,46250,20135,,,,,,,,,,,,,
2026/08/20 17:31,2026-08-20T17:46:10+09:00,2026/08/21,2026/09/10,2026-09,PUT,46250,37,,,65.91,62.51,46,24,31,24,,,,,
2026/08/20 17:31,2026-08-20T17:46:10+09:00,2026/08/21,2026/09/10,2026-09,CALL,46000,20380,,,,,,,,,,,,,
2026/08/20 17:31,2026-08-20T17:46:10+09:00,2026/08/21,2026/09/10,2026-09,PUT,46000,34,,,65.76,64.38,41,36,35,8,,,,,
2026/08/20 17:31,2026-08-20T17:46:10+09:00,2026/08/21,2026/09/10,2026-09,CALL,45750,20630,,,,,,,,,,,,,
2026/08/20 17:31,2026-08-20T17:46:10+09:00,2026/08/21,2026/09/10,2026-09,PUT,45750,34,,,67.3,63.4,44,24,28,24,,,,,
2026/08/20 17:31,2026-08-20T17:46:10+09:00,2026/08/21,2026/09/10,2026-09,CALL,45500,20880,,,,,,,,,,,,,
2026/08/20 17:31,2026-08-20T17:46:10+09:00,2026/08/21,2026/09/10,2026-09,PUT,45500,33,,,67.76,63.97,42,30,27,33,,,,,
2026/08/20 17:31,2026-08-20T17:46:10+09:00,2026/08/21,2026/09/10,2026-09,CALL,45250,21130,,,,,,,,,,,,,
2026/08/20 17:31,2026-08-20T17:46:10+09:00,2026/08/21,2026/09/10,2026-09,PUT,45250,32,,,68.44,64.52,41,24,26,24,,,,,
2026/08/20 17:31,2026-08-20T17:46:10+09:00,2026/08/21,2026/09/10,2026-09,CALL,45000,21375,,,,,,,,,,,,,
2026/08/20 17:31,2026-08-20T17:46:10+09:00,2026/08/21,2026/09/10,2026-09,PUT,45000,30,,,67.9,66.84,35,8,31,8,,,,,
2026/08/20 17:31,2026-08-20T17:46:10+09:00,2026/08/21,2026/09/10,2026-09,CALL,44750,21625,,,,,,,,,,,,,
2026/08/20 17:31,2026-08-20T17:46:10+09:00,2026/08/21,2026/09/10,2026-09,PUT,44750,29,,,69.78,64.91,39,24,22,25,,,,,
2026/08/20 17:31,2026-08-20T17:46:10+09:00,2026/08/21,2026/09/10,2026-09,CALL,44500,21875,,,,,,,,,,,,,
2026/08/20 17:31,2026-08-20T17:46:10+09:00,2026/08/21,2026/09/10,2026-09,PUT,44500,28,,,70.44,66.11,38,33,23,33,,,,,
2026/08/20 17:31,2026-08-20T17:46:10+09:00,2026/08/21,2026/09/10,2026-09,CALL,44250,22125,,,,,,,,,,,,,
2026/08/20 17:31,2026-08-20T17:46:10+09:00,2026/08/21,2026/09/10,2026-09,PUT,44250,27,,,71.1,65.87,37,21,20,25,,,,,
2026/08/20 17:31,2026-08-20T17:46:10+09:00,2026/08/21,2026/09/10,2026-09,CALL,44000,22370,,,,,,,,,,,,,
2026/08/20 17:31,2026-08-20T17:46:10+09:00,2026/08/21,2026/09/10,2026-09,PUT,44000,26,,,70.67,68.85,32,39,26,8,,,,,
2026/08/20 17:31,2026-08-20T17:46:10+09:00,2026/08/21,2026/09/10,2026-09,CALL,43750,22620,,,,,,,,,,,,,
2026/08/20 17:31,2026-08-20T17:46:10+09:00,2026/08/21,2026/09/10,2026-09,PUT,43750,24,,,72.39,66.75,35,21,18,25,,,,,
2026/08/20 17:31,2026-08-20T17:46:10+09:00,2026/08/21,2026/09/10,2026-09,CALL,43500,22870,,,,,,,,,,,,,
2026/08/20 17:31,2026-08-20T17:46:10+09:00,2026/08/21,2026/09/10,2026-09,PUT,43500,24,,,72.18,67.6,31,33,18,33,,,,,
2026/08/20 17:31,2026-08-20T17:46:10+09:00,2026/08/21,2026/09/10,2026-09,CALL,43250,23120,,,,,,,,,,,,,
2026/08/20 17:31,2026-08-20T17:46:10+09:00,2026/08/21,2026/09/10,2026-09,PUT,43250,23,,,73.37,68.02,32,24,17,24,,,,,
2026/08/20 17:31,2026-08-20T17:46:10+09:00,2026/08/21,2026/09/10,2026-09,CALL,43000,23370,,,,,,,,,,,,,
2026/08/20 17:31,2026-08-20T17:46:10+09:00,2026/08/21,2026/09/10,2026-09,PUT,43000,23,,,72.73,70.96,27,11,22,8,,,,,
2026/08/20 17:31,2026-08-20T17:46:10+09:00,2026/08/21,2026/09/10,2026-09,CALL,42750,23615,,,,,,,,,,,,,
2026/08/20 17:31,2026-08-20T17:46:10+09:00,2026/08/21,2026/09/10,2026-09,PUT,42750,22,,,74.6,68.76,30,24,15,24,,,,,
2026/08/20 17:31,2026-08-20T17:46:10+09:00,2026/08/21,2026/09/10,2026-09,CALL,42500,23865,,,,,,,,,,,,,
2026/08/20 17:31,2026-08-20T17:46:10+09:00,2026/08/21,2026/09/10,2026-09,PUT,42500,21,,,75.51,69.62,30,33,15,33,,,,,
2026/08/20 17:31,2026-08-20T17:46:10+09:00,2026/08/21,2026/09/10,2026-09,CALL,42250,24115,,,,,,,,,,,,,
2026/08/20 17:31,2026-08-20T17:46:10+09:00,2026/08/21,2026/09/10,2026-09,PUT,42250,20,,,76.11,69.94,29,24,14,24,,,,,
2026/08/20 17:31,2026-08-20T17:46:10+09:00,2026/08/21,2026/09/10,2026-09,CALL,42000,24365,,,,,,,,,,,,,
2026/08/20 17:31,2026-08-20T17:46:10+09:00,2026/08/21,2026/09/10,2026-09,PUT,42000,19,,1,74.9,72.81,23,3,18,8,73.74,0,0,20,08/20 17:30
2026/08/20 17:31,2026-08-20T17:46:10+09:00,2026/08/21,2026/09/10,2026-09,CALL,41750,24615,,,,,,,,,,,,,
2026/08/20 17:31,2026-08-20T17:46:10+09:00,2026/08/21,2026/09/10,2026-09,PUT,41750,19,,,77.28,70.49,27,24,12,24,,,,,
2026/08/20 17:31,2026-08-20T17:46:10+09:00,2026/08/21,2026/09/10,2026-09,CALL,41500,24865,,,,,,,,,,,,,
2026/08/20 17:31,2026-08-20T17:46:10+09:00,2026/08/21,2026/09/10,2026-09,PUT,41500,18,,,77.85,71.34,26,33,12,33,,,,,
2026/08/20 17:31,2026-08-20T17:46:10+09:00,2026/08/21,2026/09/10,2026-09,CALL,41250,25110,,,,,,,,,,,,,
2026/08/20 17:31,2026-08-20T17:46:10+09:00,2026/08/21,2026/09/10,2026-09,PUT,41250,17,,,78.78,71.55,26,24,11,24,,,,,
2026/08/20 17:31,2026-08-20T17:46:10+09:00,2026/08/21,2026/09/10,2026-09,CALL,41000,25360,,,,,,,,,,,,,
2026/08/20 17:31,2026-08-20T17:46:10+09:00,2026/08/21,2026/09/10,2026-09,PUT,41000,17,,,77.29,75.37,20,3,16,8,,,,,
2026/08/20 17:31,2026-08-20T17:46:10+09:00,2026/08/21,2026/09/10,2026-09,CALL,40750,25610,,,,,,,,,,,,,
2026/08/20 17:31,2026-08-20T17:46:10+09:00,2026/08/21,2026/09/10,2026-09,PUT,40750,16,,,79.88,72.55,24,24,10,24,,,,,
2026/08/20 17:31,2026-08-20T17:46:10+09:00,2026/08/21,2026/09/10,2026-09,CALL,40500,25860,,,,,,,,,,,,,
2026/08/20 17:31,2026-08-20T17:46:10+09:00,2026/08/21,2026/09/10,2026-09,PUT,40500,15,,,80.81,71.78,24,33,8,33,,,,,
2026/08/20 17:31,2026-08-20T17:46:10+09:00,2026/08/21,2026/09/10,2026-09,CALL,40250,26110,,,,,,,,,,,,,
2026/08/20 17:31,2026-08-20T17:46:10+09:00,2026/08/21,2026/09/10,2026-09,PUT,40250,15,,,81.34,71.69,23,24,7,27,,,,,
2026/08/20 17:31,2026-08-20T17:46:10+09:00,2026/08/21,2026/09/10,2026-09,CALL,40000,26360,,,,,,,,,,,,,
2026/08/20 17:31,2026-08-20T17:46:10+09:00,2026/08/21,2026/09/10,2026-09,PUT,40000,14,,3,78.42,77.83,15,17,14,11,78.66,1,7.14,15,08/20 17:04
2026/08/20 17:31,2026-08-20T17:46:10+09:00,2026/08/21,2026/09/10,2026-09,CALL,39750,26605,,,,,,,,,,,,,
2026/08/20 17:31,2026-08-20T17:46:10+09:00,2026/08/21,2026/09/10,2026-09,PUT,39750,14,,,82.8,72.31,22,24,6,24,,,,,
2026/08/20 17:31,2026-08-20T17:46:10+09:00,2026/08/21,2026/09/10,2026-09,CALL,39500,26855,,,,,,,,,,,,,
2026/08/20 17:31,2026-08-20T17:46:10+09:00,2026/08/21,2026/09/10,2026-09,PUT,39500,13,,,83.3,73.15,21,33,6,33,,,,,
2026/08/20 17:31,2026-08-20T17:46:10+09:00,2026/08/21,2026/09/10,2026-09,CALL,39250,27105,,,,,,,,,,,,,
2026/08/20 17:31,2026-08-20T17:46:10+09:00,2026/08/21,2026/09/10,2026-09,PUT,39250,13,,,84.25,78.54,21,24,11,21,,,,,
2026/08/20 17:31,2026-08-20T17:46:10+09:00,2026/08/21,2026/09/10,2026-09,CALL,39000,27355,,,,,,,,,,,,,
2026/08/20 17:31,2026-08-20T17:46:10+09:00,2026/08/21,2026/09/10,2026-09,PUT,39000,12,,,82.08,78.67,15,3,10,42,,,,,
2026/08/20 17:31,2026-08-20T17:46:10+09:00,2026/08/21,2026/09/10,2026-09,CALL,38750,27605,,,,,,,,,,,,,
2026/08/20 17:31,2026-08-20T17:46:10+09:00,2026/08/21,2026/09/10,2026-09,PUT,38750,12,,,85.69,72.97,20,24,4,24,,,,,
2026/08/20 17:31,2026-08-20T17:46:10+09:00,2026/08/21,2026/09/10,2026-09,CALL,38500,27855,,,,,,,,,,,,,
2026/08/20 17:31,2026-08-20T17:46:10+09:00,2026/08/21,2026/09/10,2026-09,PUT,38500,12,,,86.15,81.25,19,33,11,6,,,,,
2026/08/20 17:31,2026-08-20T17:46:10+09:00,2026/08/21,2026/09/10,2026-09,CALL,38250,28105,,,,,,,,,,,,,
2026/08/20 17:31,2026-08-20T17:46:10+09:00,2026/08/21,2026/09/10,2026-09,PUT,38250,11,,,87.11,74.65,19,24,4,24,,,,,
2026/08/20 17:31,2026-08-20T17:46:10+09:00,2026/08/21,2026/09/10,2026-09,CALL,38000,28355,,,,,,,,,,,,,
2026/08/20 17:31,2026-08-20T17:46:10+09:00,2026/08/21,2026/09/10,2026-09,PUT,38000,11,,2,85.2,83.83,14,39,12,1,84.81,3,30,13,08/20 17:07
2026/08/20 17:31,2026-08-20T17:46:10+09:00,2026/08/21,2026/09/10,2026-09,CALL,37750,28600,,,,,,,,,,,,,
2026/08/20 17:31,2026-08-20T17:46:10+09:00,2026/08/21,2026/09/10,2026-09,PUT,37750,10,,,84.76,82.33,12,4,9,4,,,,,
2026/08/20 17:31,2026-08-20T17:46:10+09:00,2026/08/21,2026/09/10,2026-09,CALL,37500,28850,,,,,,,,,,,,,
2026/08/20 17:31,2026-08-20T17:46:10+09:00,2026/08/21,2026/09/10,2026-09,PUT,37500,10,,,85.7,83.25,12,21,9,21,,,,,
2026/08/20 17:31,2026-08-20T17:46:10+09:00,2026/08/21,2026/09/10,2026-09,CALL,37250,29100,,,,,,,,,,,,,
2026/08/20 17:31,2026-08-20T17:46:10+09:00,2026/08/21,2026/09/10,2026-09,PUT,37250,10,,,86.65,83.2,12,19,8,33,,,,,
2026/08/20 17:31,2026-08-20T17:46:10+09:00,2026/08/21,2026/09/10,2026-09,CALL,37000,29350,,,,,,,,,,,,,
2026/08/20 17:31,2026-08-20T17:46:10+09:00,2026/08/21,2026/09/10,2026-09,PUT,37000,9,,,86.82,84.12,11,15,8,23,,,,,
2026/08/20 17:31,2026-08-20T17:46:10+09:00,2026/08/21,2026/09/10,2026-09,CALL,36750,29600,,,,,,,,,,,,,
2026/08/20 17:31,2026-08-20T17:46:10+09:00,2026/08/21,2026/09/10,2026-09,PUT,36750,8,,,87.77,83.96,11,19,7,33,,,,,
2026/08/20 17:31,2026-08-20T17:46:10+09:00,2026/08/21,2026/09/10,2026-09,CALL,36500,29850,,,,,,,,,,,,,
2026/08/20 17:31,2026-08-20T17:46:10+09:00,2026/08/21,2026/09/10,2026-09,PUT,36500,7,,,88.72,84.88,11,21,7,21,,,,,
2026/08/20 17:31,2026-08-20T17:46:10+09:00,2026/08/21,2026/09/10,2026-09,CALL,36250,30095,,,,,,,,,,,,,
2026/08/20 17:31,2026-08-20T17:46:10+09:00,2026/08/21,2026/09/10,2026-09,PUT,36250,7,,,88.83,86.91,10,15,8,4,,,,,
2026/08/20 17:31,2026-08-20T17:46:10+09:00,2026/08/21,2026/09/10,2026-09,CALL,36000,30345,,,,,,,,,,,,,
2026/08/20 17:31,2026-08-20T17:46:10+09:00,2026/08/21,2026/09/10,2026-09,PUT,36000,8,,,88.86,86.74,9,23,7,23,,,,,
2026/08/20 17:31,2026-08-20T17:46:10+09:00,2026/08/21,2026/09/10,2026-09,CALL,35750,30595,,,,,,,,,,,,,
2026/08/20 17:31,2026-08-20T17:46:10+09:00,2026/08/21,2026/09/10,2026-09,PUT,35750,6,,,90.76,86.42,10,33,6,33,,,,,
2026/08/20 17:31,2026-08-20T17:46:10+09:00,2026/08/21,2026/09/10,2026-09,CALL,35500,30845,,,,,,,,,,,,,
2026/08/20 17:31,2026-08-20T17:46:10+09:00,2026/08/21,2026/09/10,2026-09,PUT,35500,6,,,90.78,87.35,9,15,6,21,,,,,
2026/08/20 17:31,2026-08-20T17:46:10+09:00,2026/08/21,2026/09/10,2026-09,CALL,35250,31095,,,,,,,,,,,,,
2026/08/20 17:31,2026-08-20T17:46:10+09:00,2026/08/21,2026/09/10,2026-09,PUT,35250,6,,,90.71,86.84,8,19,5,33,,,,,
2026/08/20 17:31,2026-08-20T17:46:10+09:00,2026/08/21,2026/09/10,2026-09,CALL,35000,31340,,,,,,,,,,,,,
2026/08/20 17:31,2026-08-20T17:46:10+09:00,2026/08/21,2026/09/10,2026-09,PUT,35000,6,,1,91.68,89.23,8,23,6,42,89.66,0,0,6,08/20 17:01
2026/08/20 17:31,2026-08-20T17:46:10+09:00,2026/08/21,2026/09/10,2026-09,CALL,34750,31590,,,,,,,,,,,,,
2026/08/20 17:31,2026-08-20T17:46:10+09:00,2026/08/21,2026/09/10,2026-09,PUT,34750,5,,,92.65,88.71,8,19,5,33,,,,,
2026/08/20 17:31,2026-08-20T17:46:10+09:00,2026/08/21,2026/09/10,2026-09,CALL,34500,31840,,,,,,,,,,,,,
2026/08/20 17:31,2026-08-20T17:46:10+09:00,2026/08/21,2026/09/10,2026-09,PUT,34500,5,,,93.63,89.65,8,15,5,26,,,,,
2026/08/20 17:31,2026-08-20T17:46:10+09:00,2026/08/21,2026/09/10,2026-09,CALL,34250,32090,,,,,,,,,,,,,
2026/08/20 17:31,2026-08-20T17:46:10+09:00,2026/08/21,2026/09/10,2026-09,PUT,34250,5,,,93.43,90.6,7,19,5,19,,,,,
2026/08/20 17:31,2026-08-20T17:46:10+09:00,2026/08/21,2026/09/10,2026-09,CALL,34000,32340,,,,,,,,,,,,,
2026/08/20 17:31,2026-08-20T17:46:10+09:00,2026/08/21,2026/09/10,2026-09,PUT,34000,5,,,94.41,91.55,7,16,5,26,,,,,
2026/08/20 17:31,2026-08-20T17:46:10+09:00,2026/08/21,2026/09/10,2026-09,CALL,33750,32590,,,,,,,,,,,,,
2026/08/20 17:31,2026-08-20T17:46:10+09:00,2026/08/21,2026/09/10,2026-09,PUT,33750,5,,,96.61,90.72,8,33,4,33,,,,,
2026/08/20 17:31,2026-08-20T17:46:10+09:00,2026/08/21,2026/09/10,2026-09,CALL,33500,32840,,,,,,,,,,,,,
2026/08/20 17:31,2026-08-20T17:46:10+09:00,2026/08/21,2026/09/10,2026-09,PUT,33500,4,,,96.4,91.68,7,42,4,42,,,,,
2026/08/20 17:31,2026-08-20T17:46:10+09:00,2026/08/21,2026/09/10,2026-09,CALL,33250,33090,,,,,,,,,,,,,
2026/08/20 17:31,2026-08-20T17:46:10+09:00,2026/08/21,2026/09/10,2026-09,PUT,33250,4,,,97.4,92.64,7,33,4,33,,,,,
2026/08/20 17:31,2026-08-20T17:46:10+09:00,2026/08/21,2026/09/10,2026-09,CALL,33000,33340,,,,,,,,,,,,,
2026/08/20 17:31,2026-08-20T17:46:10+09:00,2026/08/21,2026/09/10,2026-09,PUT,33000,4,,,97.03,93.6,6,16,4,26,,,,,
2026/08/20 17:31,2026-08-20T17:46:10+09:00,2026/08/21,2026/09/10,2026-09,CALL,32750,33590,,,,,,,,,,,,,
2026/08/20 17:31,2026-08-20T17:46:10+09:00,2026/08/21,2026/09/10,2026-09,PUT,32750,4,,,98.03,94.58,6,33,4,19,,,,,
2026/08/20 17:31,2026-08-20T17:46:10+09:00,2026/08/21,2026/09/10,2026-09,CALL,32500,33840,,,,,,,,,,,,,
2026/08/20 17:31,2026-08-20T17:46:10+09:00,2026/08/21,2026/09/10,2026-09,PUT,32500,4,,,99.05,95.56,6,42,4,21,,,,,
2026/08/20 17:31,2026-08-20T17:46:10+09:00,2026/08/21,2026/09/10,2026-09,CALL,32250,34090,,,,,,,,,,,,,
2026/08/20 17:31,2026-08-20T17:46:10+09:00,2026/08/21,2026/09/10,2026-09,PUT,32250,4,,,98.44,94.24,5,4,3,18,,,,,
2026/08/20 17:31,2026-08-20T17:46:10+09:00,2026/08/21,2026/09/10,2026-09,CALL,32000,34340,,,,,,,,,,,,,
2026/08/20 17:31,2026-08-20T17:46:10+09:00,2026/08/21,2026/09/10,2026-09,PUT,32000,4,,,99.46,97.54,5,23,4,6,,,,,
2026/08/20 17:31,2026-08-20T17:46:10+09:00,2026/08/21,2026/09/10,2026-09,CALL,31750,34590,,,,,,,,,,,,,
2026/08/20 17:31,2026-08-20T17:46:10+09:00,2026/08/21,2026/09/10,2026-09,PUT,31750,3,,,102.13,96.19,6,33,3,18,,,,,
2026/08/20 17:31,2026-08-20T17:46:10+09:00,2026/08/21,2026/09/10,2026-09,CALL,31500,34840,,,,,,,,,,,,,
2026/08/20 17:31,2026-08-20T17:46:10+09:00,2026/08/21,2026/09/10,2026-09,PUT,31500,3,,,101.51,97.18,5,42,3,42,,,,,
2026/08/20 17:31,2026-08-20T17:46:10+09:00,2026/08/21,2026/09/10,2026-09,CALL,31250,35090,,,,,,,,,,,,,
2026/08/20 17:31,2026-08-20T17:46:10+09:00,2026/08/21,2026/09/10,2026-09,PUT,31250,2,,,104.23,98.18,6,33,3,19,,,,,
2026/08/20 17:31,2026-08-20T17:46:10+09:00,2026/08/21,2026/09/10,2026-09,CALL,31000,35340,,,,,,,,,,,,,
2026/08/20 17:31,2026-08-20T17:46:10+09:00,2026/08/21,2026/09/10,2026-09,PUT,31000,3,,,103.59,99.19,5,65,3,15,,,,,
2026/08/20 17:31,2026-08-20T17:46:10+09:00,2026/08/21,2026/09/10,2026-09,CALL,30750,35590,,,,,,,,,,,,,
2026/08/20 17:31,2026-08-20T17:46:10+09:00,2026/08/21,2026/09/10,2026-09,PUT,30750,2,,,104.65,97,5,33,2,33,,,,,
2026/08/20 17:31,2026-08-20T17:46:10+09:00,2026/08/21,2026/09/10,2026-09,CALL,30500,35840,,,,,,,,,,,,,
2026/08/20 17:31,2026-08-20T17:46:10+09:00,2026/08/21,2026/09/10,2026-09,PUT,30500,2,,,103.69,97.99,4,6,2,42,,,,,
2026/08/20 17:31,2026-08-20T17:46:10+09:00,2026/08/21,2026/09/10,2026-09,CALL,30250,36090,,,,,,,,,,,,,
2026/08/20 17:31,2026-08-20T17:46:10+09:00,2026/08/21,2026/09/10,2026-09,PUT,30250,2,,,104.74,98.99,4,33,2,33,,,,,
2026/08/20 17:31,2026-08-20T17:46:10+09:00,2026/08/21,2026/09/10,2026-09,CALL,30000,36335,,,,,,,,,,,,,
2026/08/20 17:31,2026-08-20T17:46:10+09:00,2026/08/21,2026/09/10,2026-09,PUT,30000,3,,33,105.8,103.29,4,29,3,40,103.4,-1,-25,3,08/20 17:10
2026/08/20 17:31,2026-08-20T17:46:10+09:00,2026/08/21,2026/09/10,2026-09,CALL,29750,36585,,,,,,,,,,,,,
2026/08/20 17:31,2026-08-20T17:46:10+09:00,2026/08/21,2026/09/10,2026-09,PUT,29750,2,,,106.87,101.02,4,16,2,18,,,,,
2026/08/20 17:31,2026-08-20T17:46:10+09:00,2026/08/21,2026/09/10,2026-09,CALL,29500,36835,,,,,,,,,,,,,
2026/08/20 17:31,2026-08-20T17:46:10+09:00,2026/08/21,2026/09/10,2026-09,PUT,29500,2,,,107.95,102.04,4,27,2,27,,,,,
2026/08/20 17:31,2026-08-20T17:46:10+09:00,2026/08/21,2026/09/10,2026-09,CALL,29250,37085,,,,,,,,,,,,,
2026/08/20 17:31,2026-08-20T17:46:10+09:00,2026/08/21,2026/09/10,2026-09,PUT,29250,1,,,115.99,,8,4,,,,,,,
2026/08/20 17:31,2026-08-20T17:46:10+09:00,2026/08/21,2026/09/10,2026-09,CALL,29000,37335,,,,,,,,,,,,,
2026/08/20 17:31,2026-08-20T17:46:10+09:00,2026/08/21,2026/09/10,2026-09,PUT,29000,2,,,107.53,104.11,3,4,2,1,,,,,
2026/08/20 17:31,2026-08-20T17:46:10+09:00,2026/08/21,2026/09/10,2026-09,CALL,28750,37585,,,,,,,,,,,,,
2026/08/20 17:31,2026-08-20T17:46:10+09:00,2026/08/21,2026/09/10,2026-09,PUT,28750,2,,1,118.33,105.17,8,4,2,4,105.36,0,0,2,08/20 17:00
2026/08/20 17:31,2026-08-20T17:46:10+09:00,2026/08/21,2026/09/10,2026-09,CALL,28500,37835,,,,,,,,,,,,,
2026/08/20 17:31,2026-08-20T17:46:10+09:00,2026/08/21,2026/09/10,2026-09,PUT,28500,1,,,109.7,106.23,3,6,2,6,,,,,
2026/08/20 17:31,2026-08-20T17:46:10+09:00,2026/08/21,2026/09/10,2026-09,CALL,28250,38085,,,,,,,,,,,,,
2026/08/20 17:31,2026-08-20T17:46:10+09:00,2026/08/21,2026/09/10,2026-09,PUT,28250,1,,,119.22,101.92,7,4,1,1,,,,,
2026/08/20 17:31,2026-08-20T17:46:10+09:00,2026/08/21,2026/09/10,2026-09,CALL,28000,38335,,,,,,,,,,,,,
2026/08/20 17:31,2026-08-20T17:46:10+09:00,2026/08/21,2026/09/10,2026-09,PUT,28000,1,,,116.84,102.95,5,8,1,37,,,,,
2026/08/20 17:31,2026-08-20T17:46:10+09:00,2026/08/21,2026/09/10,2026-09,CALL,27750,38585,,,,,,,,,,,,,
2026/08/20 17:31,2026-08-20T17:46:10+09:00,2026/08/21,2026/09/10,2026-09,PUT,27750,1,,,115.77,,4,4,,,,,,,
2026/08/20 17:31,2026-08-20T17:46:10+09:00,2026/08/21,2026/09/10,2026-09,CALL,27500,38835,,,,,,,,,,,,,
2026/08/20 17:31,2026-08-20T17:46:10+09:00,2026/08/21,2026/09/10,2026-09,PUT,27500,1,,,116.92,,4,6,,,,,,,
2026/08/20 17:31,2026-08-20T17:46:10+09:00,2026/08/21,2026/09/10,2026-09,CALL,27250,39085,,,,,,,,,,,,,
2026/08/20 17:31,2026-08-20T17:46:10+09:00,2026/08/21,2026/09/10,2026-09,PUT,27250,1,,,118.09,106.09,4,4,1,1,,,,,
2026/08/20 17:31,2026-08-20T17:46:10+09:00,2026/08/21,2026/09/10,2026-09,CALL,27000,39335,,,,,,,,,,,,,
2026/08/20 17:31,2026-08-20T17:46:10+09:00,2026/08/21,2026/09/10,2026-09,PUT,27000,1,,,116.46,107.16,3,31,1,17,,,,,
2026/08/20 17:31,2026-08-20T17:46:10+09:00,2026/08/21,2026/09/10,2026-09,CALL,26000,40335,,,,,,,,,,,,,
2026/08/20 17:31,2026-08-20T17:46:10+09:00,2026/08/21,2026/09/10,2026-09,PUT,26000,1,,,117.37,111.52,2,1,1,34,,,,,
2026/08/20 17:31,2026-08-20T17:46:10+09:00,2026/08/21,2026/09/10,2026-09,CALL,25000,41335,,,,,,,,,,,,,
2026/08/20 17:31,2026-08-20T17:46:10+09:00,2026/08/21,2026/09/10,2026-09,PUT,25000,1,,2,122.13,116.06,2,2,1,29,122.32,,,2,08/20 17:00
2026/08/20 17:31,2026-08-20T17:46:10+09:00,2026/08/21,2026/09/10,2026-09,CALL,24000,42335,,,,,,,,,,,,,
2026/08/20 17:31,2026-08-20T17:46:10+09:00,2026/08/21,2026/09/10,2026-09,PUT,24000,1,,,127.08,120.79,2,5,1,7,,,,,
2026/08/20 17:31,2026-08-20T17:46:10+09:00,2026/08/21,2026/09/10,2026-09,CALL,23000,43330,,,,,,,,,,,,,
2026/08/20 17:31,2026-08-20T17:46:10+09:00,2026/08/21,2026/09/10,2026-09,PUT,23000,1,,5,132.25,,2,10,,,125.91,0,0,1,08/20 17:22
2026/08/20 17:31,2026-08-20T17:46:10+09:00,2026/08/21,2026/10/08,2026-10,CALL,87500,12,,1,30.26,26.24,13,10,3,40,29.21,-2,-16.67,10,08/20 17:16
2026/08/20 17:31,2026-08-20T17:46:10+09:00,2026/08/21,2026/10/08,2026-10,PUT,87500,21520,,,,,,,,,,,,,
2026/08/20 17:31,2026-08-20T17:46:10+09:00,2026/08/21,2026/10/08,2026-10,CALL,85000,28,,,30.36,29.33,29,4,22,1,,,,,
2026/08/20 17:31,2026-08-20T17:46:10+09:00,2026/08/21,2026/10/08,2026-10,PUT,85000,19040,,,,,,,,,,,,,
2026/08/20 17:31,2026-08-20T17:46:10+09:00,2026/08/21,2026/10/08,2026-10,CALL,84500,34,,,31.37,26.81,43,7,12,7,,,,,
2026/08/20 17:31,2026-08-20T17:46:10+09:00,2026/08/21,2026/10/08,2026-10,PUT,84500,18545,,,,,,,,,,,,,
2026/08/20 17:31,2026-08-20T17:46:10+09:00,2026/08/21,2026/10/08,2026-10,CALL,84000,36,,,31.14,28.18,47,7,22,7,,,,,
2026/08/20 17:31,2026-08-20T17:46:10+09:00,2026/08/21,2026/10/08,2026-10,PUT,84000,18050,,,,,,,,,,,,,
2026/08/20 17:31,2026-08-20T17:46:10+09:00,2026/08/21,2026/10/08,2026-10,CALL,83500,41,,,30.87,27.59,51,38,22,37,,,,,
2026/08/20 17:31,2026-08-20T17:46:10+09:00,2026/08/21,2026/10/08,2026-10,PUT,83500,17555,,,,,,,,,,,,,
2026/08/20 17:31,2026-08-20T17:46:10+09:00,2026/08/21,2026/10/08,2026-10,CALL,83000,43,,,29.78,28.45,46,14,33,8,,,,,
2026/08/20 17:31,2026-08-20T17:46:10+09:00,2026/08/21,2026/10/08,2026-10,PUT,83000,17060,,,,,,,,,,,,,
2026/08/20 17:31,2026-08-20T17:46:10+09:00,2026/08/21,2026/10/08,2026-10,CALL,82500,47,,,30.23,27.71,59,6,32,6,,,,,
2026/08/20 17:31,2026-08-20T17:46:10+09:00,2026/08/21,2026/10/08,2026-10,PUT,82500,16565,,,,,,,,,,,,,
2026/08/20 17:31,2026-08-20T17:46:10+09:00,2026/08/21,2026/10/08,2026-10,CALL,82000,58,,,30.15,27.84,67,8,39,34,,,,,
2026/08/20 17:31,2026-08-20T17:46:10+09:00,2026/08/21,2026/10/08,2026-10,PUT,82000,16075,,,,,,,,,,,,,
2026/08/20 17:31,2026-08-20T17:46:10+09:00,2026/08/21,2026/10/08,2026-10,CALL,81500,66,,,29.33,27.84,65,6,46,6,,,,,
2026/08/20 17:31,2026-08-20T17:46:10+09:00,2026/08/21,2026/10/08,2026-10,PUT,81500,15585,,,,,,,,,,,,,
2026/08/20 17:31,2026-08-20T17:46:10+09:00,2026/08/21,2026/10/08,2026-10,CALL,81000,75,,,29.24,27.92,74,12,55,32,,,,,
2026/08/20 17:31,2026-08-20T17:46:10+09:00,2026/08/21,2026/10/08,2026-10,PUT,81000,15095,,,,,,,,,,,,,
2026/08/20 17:31,2026-08-20T17:46:10+09:00,2026/08/21,2026/10/08,2026-10,CALL,80500,84,,,29.81,28.02,96,6,66,6,,,,,
2026/08/20 17:31,2026-08-20T17:46:10+09:00,2026/08/21,2026/10/08,2026-10,PUT,80500,14605,,,,,,,,,,,,,
2026/08/20 17:31,2026-08-20T17:46:10+09:00,2026/08/21,2026/10/08,2026-10,CALL,80000,96,,,29.59,28.01,106,8,77,32,,,,,
2026/08/20 17:31,2026-08-20T17:46:10+09:00,2026/08/21,2026/10/08,2026-10,PUT,80000,14115,,,,,,,,,,,,,
2026/08/20 17:31,2026-08-20T17:46:10+09:00,2026/08/21,2026/10/08,2026-10,CALL,79500,112,,,29.68,28.07,124,6,91,6,,,,,
2026/08/20 17:31,2026-08-20T17:46:10+09:00,2026/08/21,2026/10/08,2026-10,PUT,79500,13635,,,,,,,,,,,,,
2026/08/20 17:31,2026-08-20T17:46:10+09:00,2026/08/21,2026/10/08,2026-10,CALL,79000,129,,,29.5,28.13,138,8,107,30,,,,,
2026/08/20 17:31,2026-08-20T17:46:10+09:00,2026/08/21,2026/10/08,2026-10,PUT,79000,13150,,,,,,,,,,,,,
2026/08/20 17:31,2026-08-20T17:46:10+09:00,2026/08/21,2026/10/08,2026-10,CALL,78500,161,,,28.94,28.21,144,12,126,27,,,,,
2026/08/20 17:31,2026-08-20T17:46:10+09:00,2026/08/21,2026/10/08,2026-10,PUT,78500,12675,,,,,,,,,,,,,
2026/08/20 17:31,2026-08-20T17:46:10+09:00,2026/08/21,2026/10/08,2026-10,CALL,78000,174,,,28.88,28.4,164,13,151,14,,,,,
2026/08/20 17:31,2026-08-20T17:46:10+09:00,2026/08/21,2026/10/08,2026-10,PUT,78000,12195,,,,,,,,,,,,,
2026/08/20 17:31,2026-08-20T17:46:10+09:00,2026/08/21,2026/10/08,2026-10,CALL,77500,197,,,28.87,28.33,188,8,172,23,,,,,
2026/08/20 17:31,2026-08-20T17:46:10+09:00,2026/08/21,2026/10/08,2026-10,PUT,77500,11720,,,,,,,,,,,,,
2026/08/20 17:31,2026-08-20T17:46:10+09:00,2026/08/21,2026/10/08,2026-10,CALL,77000,233,,,29.06,28.39,222,29,200,30,,,,,
2026/08/20 17:31,2026-08-20T17:46:10+09:00,2026/08/21,2026/10/08,2026-10,PUT,77000,11250,,,,,,,,,,,,,
2026/08/20 17:31,2026-08-20T17:46:10+09:00,2026/08/21,2026/10/08,2026-10,CALL,76500,264,,,28.88,28.48,247,6,233,6,,,,,
2026/08/20 17:31,2026-08-20T17:46:10+09:00,2026/08/21,2026/10/08,2026-10,PUT,76500,10790,,,,,,,,,,,,,
2026/08/20 17:31,2026-08-20T17:46:10+09:00,2026/08/21,2026/10/08,2026-10,CALL,76250,287,,,28.9,28.5,265,16,250,2,,,,,
2026/08/20 17:31,2026-08-20T17:46:10+09:00,2026/08/21,2026/10/08,2026-10,PUT,76250,10555,,,,,,,,,,,,,
2026/08/20 17:31,2026-08-20T17:46:10+09:00,2026/08/21,2026/10/08,2026-10,CALL,76000,315,,2,29,28.54,287,30,269,2,28.49,-37,-11.75,278,08/20 17:20
2026/08/20 17:31,2026-08-20T17:46:10+09:00,2026/08/21,2026/10/08,2026-10,PUT,76000,10330,,,,,,,,,,,,,
2026/08/20 17:31,2026-08-20T17:46:10+09:00,2026/08/21,2026/10/08,2026-10,CALL,75750,325,,,28.84,28.55,300,14,288,2,,,,,
2026/08/20 17:31,2026-08-20T17:46:10+09:00,2026/08/21,2026/10/08,2026-10,PUT,75750,10095,,,,,,,,,,,,,
2026/08/20 17:31,2026-08-20T17:46:10+09:00,2026/08/21,2026/10/08,2026-10,CALL,75500,355,,,28.96,28.6,325,39,310,2,,,,,
2026/08/20 17:31,2026-08-20T17:46:10+09:00,2026/08/21,2026/10/08,2026-10,PUT,75500,9870,,,,,,,,,,,,,
2026/08/20 17:31,2026-08-20T17:46:10+09:00,2026/08/21,2026/10/08,2026-10,CALL,75250,370,,,28.69,28.58,335,3,330,2,,,,,
2026/08/20 17:31,2026-08-20T17:46:10+09:00,2026/08/21,2026/10/08,2026-10,PUT,75250,9645,,,,,,,,,,,,,
2026/08/20 17:31,2026-08-20T17:46:10+09:00,2026/08/21,2026/10/08,2026-10,CALL,75000,400,,,28.75,28.53,360,2,350,2,,,,,
2026/08/20 17:31,2026-08-20T17:46:10+09:00,2026/08/21,2026/10/08,2026-10,PUT,75000,9420,,,,,,,,,,,,,
2026/08/20 17:31,2026-08-20T17:46:10+09:00,2026/08/21,2026/10/08,2026-10,CALL,74750,430,,,28.98,28.57,395,28,375,2,,,,,
2026/08/20 17:31,2026-08-20T17:46:10+09:00,2026/08/21,2026/10/08,2026-10,PUT,74750,9200,,,,,,,,,,,,,
2026/08/20 17:31,2026-08-20T17:46:10+09:00,2026/08/21,2026/10/08,2026-10,CALL,74500,450,,,28.97,28.47,420,39,395,2,,,,,
2026/08/20 17:31,2026-08-20T17:46:10+09:00,2026/08/21,2026/10/08,2026-10,PUT,74500,8975,,,,,,,,,,,,,
2026/08/20 17:31,2026-08-20T17:46:10+09:00,2026/08/21,2026/10/08,2026-10,CALL,74250,480,,,28.84,28.45,440,14,420,2,,,,,
2026/08/20 17:31,2026-08-20T17:46:10+09:00,2026/08/21,2026/10/08,2026-10,PUT,74250,8755,,,,,,,,,,,,,
2026/08/20 17:31,2026-08-20T17:46:10+09:00,2026/08/21,2026/10/08,2026-10,CALL,74000,515,,,28.78,28.49,465,2,450,2,,,,,
2026/08/20 17:31,2026-08-20T17:46:10+09:00,2026/08/21,2026/10/08,2026-10,PUT,74000,8540,,,,,,,,,,,,,
2026/08/20 17:31,2026-08-20T17:46:10+09:00,2026/08/21,2026/10/08,2026-10,CALL,73750,550,,,28.78,28.51,495,2,480,2,,,,,
2026/08/20 17:31,2026-08-20T17:46:10+09:00,2026/08/21,2026/10/08,2026-10,PUT,73750,8320,,,,,,,,,,,,,
2026/08/20 17:31,2026-08-20T17:46:10+09:00,2026/08/21,2026/10/08,2026-10,CALL,73500,580,,,28.76,28.58,525,5,515,2,,,,,
2026/08/20 17:31,2026-08-20T17:46:10+09:00,2026/08/21,2026/10/08,2026-10,PUT,73500,8105,,,,,,,,,,,,,
2026/08/20 17:31,2026-08-20T17:46:10+09:00,2026/08/21,2026/10/08,2026-10,CALL,73250,620,,,28.96,28.54,570,25,545,2,,,,,
2026/08/20 17:31,2026-08-20T17:46:10+09:00,2026/08/21,2026/10/08,2026-10,PUT,73250,7900,,,,,,,,,,,,,
2026/08/20 17:31,2026-08-20T17:46:10+09:00,2026/08/21,2026/10/08,2026-10,CALL,73000,660,,,28.96,28.55,605,42,580,2,,,,,
2026/08/20 17:31,2026-08-20T17:46:10+09:00,2026/08/21,2026/10/08,2026-10,PUT,73000,7680,,,,,,,,,,,,,
2026/08/20 17:31,2026-08-20T17:46:10+09:00,2026/08/21,2026/10/08,2026-10,CALL,72750,700,,,28.86,28.54,635,12,615,2,,,,,
2026/08/20 17:31,2026-08-20T17:46:10+09:00,2026/08/21,2026/10/08,2026-10,PUT,72750,7475,,,,,,,,,,,,,
2026/08/20 17:31,2026-08-20T17:46:10+09:00,2026/08/21,2026/10/08,2026-10,CALL,72500,740,,,28.8,28.57,670,5,655,2,,,,,
2026/08/20 17:31,2026-08-20T17:46:10+09:00,2026/08/21,2026/10/08,2026-10,PUT,72500,7270,,,,,,,,,,,,,
2026/08/20 17:31,2026-08-20T17:46:10+09:00,2026/08/21,2026/10/08,2026-10,CALL,72250,790,,,28.95,28.57,720,23,695,2,,,,,
2026/08/20 17:31,2026-08-20T17:46:10+09:00,2026/08/21,2026/10/08,2026-10,PUT,72250,7070,,,,,,,,,,,,,
2026/08/20 17:31,2026-08-20T17:46:10+09:00,2026/08/21,2026/10/08,2026-10,CALL,72125,805,,,29.15,28.48,755,2,710,2,,,,,
2026/08/20 17:31,2026-08-20T17:46:10+09:00,2026/08/21,2026/10/08,2026-10,PUT,72125,6960,,,,,,,,,,,,,
2026/08/20 17:31,2026-08-20T17:46:10+09:00,2026/08/21,2026/10/08,2026-10,CALL,72000,840,,,28.98,28.54,765,33,735,42,,,,,
2026/08/20 17:31,2026-08-20T17:46:10+09:00,2026/08/21,2026/10/08,2026-10,PUT,72000,6865,,,,,,,,,,,,,
2026/08/20 17:31,2026-08-20T17:46:10+09:00,2026/08/21,2026/10/08,2026-10,CALL,71875,855,,,29.16,28.22,800,2,735,11,,,,,
2026/08/20 17:31,2026-08-20T17:46:10+09:00,2026/08/21,2026/10/08,2026-10,PUT,71875,6760,,,,,,,,,,,,,
2026/08/20 17:31,2026-08-20T17:46:10+09:00,2026/08/21,2026/10/08,2026-10,CALL,71750,885,,,28.84,28.55,800,4,780,4,,,,,
2026/08/20 17:31,2026-08-20T17:46:10+09:00,2026/08/21,2026/10/08,2026-10,PUT,71750,6660,,,,,,,,,,,,,
2026/08/20 17:31,2026-08-20T17:46:10+09:00,2026/08/21,2026/10/08,2026-10,CALL,71625,905,,,29.15,28.3,845,2,785,2,,,,,
2026/08/20 17:31,2026-08-20T17:46:10+09:00,2026/08/21,2026/10/08,2026-10,PUT,71625,6560,,,,,,,,,,,,,
2026/08/20 17:31,2026-08-20T17:46:10+09:00,2026/08/21,2026/10/08,2026-10,CALL,71500,940,,,29.02,28.54,860,35,825,37,,,,,
2026/08/20 17:31,2026-08-20T17:46:10+09:00,2026/08/21,2026/10/08,2026-10,PUT,71500,6465,,,,,,,,,,,,,
2026/08/20 17:31,2026-08-20T17:46:10+09:00,2026/08/21,2026/10/08,2026-10,CALL,71375,955,,,29.17,28.35,895,2,835,2,,,,,
2026/08/20 17:31,2026-08-20T17:46:10+09:00,2026/08/21,2026/10/08,2026-10,PUT,71375,6365,,,,,,,,,,,,,
2026/08/20 17:31,2026-08-20T17:46:10+09:00,2026/08/21,2026/10/08,2026-10,CALL,71250,990,,,28.97,28.56,905,10,875,22,,,,,
2026/08/20 17:31,2026-08-20T17:46:10+09:00,2026/08/21,2026/10/08,2026-10,PUT,71250,6270,,,,,,,,,,,,,
2026/08/20 17:31,2026-08-20T17:46:10+09:00,2026/08/21,2026/10/08,2026-10,CALL,71125,1020,,,29.23,28.36,950,1,885,8,,,,,
2026/08/20 17:31,2026-08-20T17:46:10+09:00,2026/08/21,2026/10/08,2026-10,PUT,71125,6175,,,,,,,,,,,,,
2026/08/20 17:31,2026-08-20T17:46:10+09:00,2026/08/21,2026/10/08,2026-10,CALL,71000,1055,,,28.95,28.68,955,29,935,2,,,,,
2026/08/20 17:31,2026-08-20T17:46:10+09:00,2026/08/21,2026/10/08,2026-10,PUT,71000,6080,,,,,,,,,,,,,
2026/08/20 17:31,2026-08-20T17:46:10+09:00,2026/08/21,2026/10/08,2026-10,CALL,70875,1070,,,29.25,28.4,1005,1,940,1,,,,,
2026/08/20 17:31,2026-08-20T17:46:10+09:00,2026/08/21,2026/10/08,2026-10,PUT,70875,5975,,,,,,,,,,,,,
2026/08/20 17:31,2026-08-20T17:46:10+09:00,2026/08/21,2026/10/08,2026-10,CALL,70750,1115,,,29.09,28.57,1020,22,980,10,,,,,
2026/08/20 17:31,2026-08-20T17:46:10+09:00,2026/08/21,2026/10/08,2026-10,PUT,70750,5895,,,,,,,,,,,,,
2026/08/20 17:31,2026-08-20T17:46:10+09:00,2026/08/21,2026/10/08,2026-10,CALL,70625,1135,,,29.44,28.61,1075,1,1010,1,,,,,
2026/08/20 17:31,2026-08-20T17:46:10+09:00,2026/08/21,2026/10/08,2026-10,PUT,70625,5795,,,,,,,,,,,,,
2026/08/20 17:31,2026-08-20T17:46:10+09:00,2026/08/21,2026/10/08,2026-10,CALL,70500,1180,,,29.14,28.63,1080,25,1040,13,,,,,
2026/08/20 17:31,2026-08-20T17:46:10+09:00,2026/08/21,2026/10/08,2026-10,PUT,70500,5700,,,,,,,,,,,,,
2026/08/20 17:31,2026-08-20T17:46:10+09:00,2026/08/21,2026/10/08,2026-10,CALL,70375,1200,,,29.46,28.33,1135,23,1045,8,,,,,
2026/08/20 17:31,2026-08-20T17:46:10+09:00,2026/08/21,2026/10/08,2026-10,PUT,70375,5610,,,,,,,,,,,,,
2026/08/20 17:31,2026-08-20T17:46:10+09:00,2026/08/21,2026/10/08,2026-10,CALL,70250,1250,,,29.21,28.78,1145,10,1110,2,,,,,
2026/08/20 17:31,2026-08-20T17:46:10+09:00,2026/08/21,2026/10/08,2026-10,PUT,70250,5535,,,,,,,,,,,,,
2026/08/20 17:31,2026-08-20T17:46:10+09:00,2026/08/21,2026/10/08,2026-10,CALL,70125,1265,,,29.57,28.34,1205,23,1105,24,,,,,
2026/08/20 17:31,2026-08-20T17:46:10+09:00,2026/08/21,2026/10/08,2026-10,PUT,70125,5425,,,,,,,,,,,,,
2026/08/20 17:31,2026-08-20T17:46:10+09:00,2026/08/21,2026/10/08,2026-10,CALL,70000,1310,,,29.25,28.89,1210,27,1180,4,,,,,
2026/08/20 17:31,2026-08-20T17:46:10+09:00,2026/08/21,2026/10/08,2026-10,PUT,70000,5340,,,,,,,,,,,,,
2026/08/20 17:31,2026-08-20T17:46:10+09:00,2026/08/21,2026/10/08,2026-10,CALL,69875,1340,,,29.58,28.5,1270,23,1180,1,,,,,
2026/08/20 17:31,2026-08-20T17:46:10+09:00,2026/08/21,2026/10/08,2026-10,PUT,69875,5245,,,,,,,,,,,,,
2026/08/20 17:31,2026-08-20T17:46:10+09:00,2026/08/21,2026/10/08,2026-10,CALL,69750,1390,,,29.14,28.9,1265,9,1245,2,,,,,
2026/08/20 17:31,2026-08-20T17:46:10+09:00,2026/08/21,2026/10/08,2026-10,PUT,69750,5170,,,33.67,24.09,5895,1,5095,1,,,,,
2026/08/20 17:31,2026-08-20T17:46:10+09:00,2026/08/21,2026/10/08,2026-10,CALL,69625,1415,,,29.57,28.51,1335,22,1245,22,,,,,
2026/08/20 17:31,2026-08-20T17:46:10+09:00,2026/08/21,2026/10/08,2026-10,PUT,69625,5075,,,33.09,22.69,5755,2,4890,2,,,,,
2026/08/20 17:31,2026-08-20T17:46:10+09:00,2026/08/21,2026/10/08,2026-10,CALL,69500,1465,,,29.35,28.76,1350,23,1300,12,,,,,
2026/08/20 17:31,2026-08-20T17:46:10+09:00,2026/08/21,2026/10/08,2026-10,PUT,69500,5000,,,30.97,27.16,5480,1,5155,1,,,,,
2026/08/20 17:31,2026-08-20T17:46:10+09:00,2026/08/21,2026/10/08,2026-10,CALL,69375,1500,,,29.7,28.65,1415,22,1325,7,,,,,
2026/08/20 17:31,2026-08-20T17:46:10+09:00,2026/08/21,2026/10/08,2026-10,PUT,69375,4910,,,29.58,28.71,5270,3,5195,1,,,,,
2026/08/20 17:31,2026-08-20T17:46:10+09:00,2026/08/21,2026/10/08,2026-10,CALL,69250,1550,,,29.4,28.83,1425,9,1375,9,,,,,
2026/08/20 17:31,2026-08-20T17:46:10+09:00,2026/08/21,2026/10/08,2026-10,PUT,69250,4835,,,29.52,26.61,5175,1,4925,1,,,,,
2026/08/20 17:31,2026-08-20T17:46:10+09:00,2026/08/21,2026/10/08,2026-10,CALL,69125,1590,,,29.73,28.71,1490,22,1400,6,,,,,
2026/08/20 17:31,2026-08-20T17:46:10+09:00,2026/08/21,2026/10/08,2026-10,PUT,69125,4750,,,29.62,28.76,5095,1,5020,1,,,,,
2026/08/20 17:31,2026-08-20T17:46:10+09:00,2026/08/21,2026/10/08,2026-10,CALL,69000,1625,,,29.54,29.09,1510,26,1470,4,,,,,
2026/08/20 17:31,2026-08-20T17:46:10+09:00,2026/08/21,2026/10/08,2026-10,PUT,69000,4655,,,29.71,28.75,5015,12,4930,6,,,,,
2026/08/20 17:31,2026-08-20T17:46:10+09:00,2026/08/21,2026/10/08,2026-10,CALL,68875,1680,,,29.79,28.78,1570,22,1480,6,,,,,
2026/08/20 17:31,2026-08-20T17:46:10+09:00,2026/08/21,2026/10/08,2026-10,PUT,68875,4590,,,29.73,28.83,4930,3,4850,1,,,,,
2026/08/20 17:31,2026-08-20T17:46:10+09:00,2026/08/21,2026/10/08,2026-10,CALL,68750,1715,,,29.64,28.97,1595,8,1535,9,,,,,
2026/08/20 17:31,2026-08-20T17:46:10+09:00,2026/08/21,2026/10/08,2026-10,PUT,68750,4500,,,29.64,28.91,4835,2,4770,3,,,,,
2026/08/20 17:31,2026-08-20T17:46:10+09:00,2026/08/21,2026/10/08,2026-10,CALL,68625,1760,,,29.87,28.87,1655,22,1565,6,,,,,
2026/08/20 17:31,2026-08-20T17:46:10+09:00,2026/08/21,2026/10/08,2026-10,PUT,68625,4415,,,29.65,27.03,4750,1,4515,2,,,,,
2026/08/20 17:31,2026-08-20T17:46:10+09:00,2026/08/21,2026/10/08,2026-10,CALL,68500,1810,,,29.43,28.99,1655,8,1615,10,,,,,
2026/08/20 17:31,2026-08-20T17:46:10+09:00,2026/08/21,2026/10/08,2026-10,PUT,68500,4340,,,29.71,28.93,4670,2,4600,2,,,,,
2026/08/20 17:31,2026-08-20T17:46:10+09:00,2026/08/21,2026/10/08,2026-10,CALL,68375,1855,,,29.92,28.99,1740,6,1655,6,,,,,
2026/08/20 17:31,2026-08-20T17:46:10+09:00,2026/08/21,2026/10/08,2026-10,PUT,68375,4265,,,29.81,29.04,4595,1,4525,1,,,,,
2026/08/20 17:31,2026-08-20T17:46:10+09:00,2026/08/21,2026/10/08,2026-10,CALL,68250,1905,,,29.79,29.3,1770,8,1725,3,,,,,
2026/08/20 17:31,2026-08-20T17:46:10+09:00,2026/08/21,2026/10/08,2026-10,PUT,68250,4190,,,29.79,29.08,4510,2,4445,2,,,,,
2026/08/20 17:31,2026-08-20T17:46:10+09:00,2026/08/21,2026/10/08,2026-10,CALL,68125,1950,,,30.2,29.17,1850,21,1755,6,,,,,
2026/08/20 17:31,2026-08-20T17:46:10+09:00,2026/08/21,2026/10/08,2026-10,PUT,68125,4110,,,29.88,29.12,4435,1,4365,1,,,,,
2026/08/20 17:31,2026-08-20T17:46:10+09:00,2026/08/21,2026/10/08,2026-10,CALL,68000,2005,,,29.74,29.36,1850,31,1815,14,,,,,
2026/08/20 17:31,2026-08-20T17:46:10+09:00,2026/08/21,2026/10/08,2026-10,PUT,68000,4040,,,29.84,29.09,4350,9,4280,9,,,,,
2026/08/20 17:31,2026-08-20T17:46:10+09:00,2026/08/21,2026/10/08,2026-10,CALL,67875,2055,,,30.02,29.27,1920,21,1850,6,,,,,
2026/08/20 17:31,2026-08-20T17:46:10+09:00,2026/08/21,2026/10/08,2026-10,PUT,67875,3965,,,30.18,29.11,4300,19,4200,4,,,,,
2026/08/20 17:31,2026-08-20T17:46:10+09:00,2026/08/21,2026/10/08,2026-10,CALL,67750,2100,,,29.75,29.43,1940,2,1910,2,,,,,
2026/08/20 17:31,2026-08-20T17:46:10+09:00,2026/08/21,2026/10/08,2026-10,PUT,67750,3890,,,30.18,29.01,4220,20,4110,20,,,,,
2026/08/20 17:31,2026-08-20T17:46:10+09:00,2026/08/21,2026/10/08,2026-10,CALL,67625,2155,,,30.49,29.33,2055,21,1945,6,,,,,
2026/08/20 17:31,2026-08-20T17:46:10+09:00,2026/08/21,2026/10/08,2026-10,PUT,67625,3820,,,30.23,28.95,4145,19,4025,19,,,,,
2026/08/20 17:31,2026-08-20T17:46:10+09:00,2026/08/21,2026/10/08,2026-10,CALL,67500,2205,,,30.11,29.53,2065,9,2010,2,,,,,
2026/08/20 17:31,2026-08-20T17:46:10+09:00,2026/08/21,2026/10/08,2026-10,PUT,67500,3740,,,30.06,28.89,4050,2,3940,21,,,,,
2026/08/20 17:31,2026-08-20T17:46:10+09:00,2026/08/21,2026/10/08,2026-10,CALL,67375,2265,,,30.14,29.19,2115,5,2025,20,,,,,
2026/08/20 17:31,2026-08-20T17:46:10+09:00,2026/08/21,2026/10/08,2026-10,PUT,67375,3675,,,30.19,29.14,3985,19,3885,19,,,,,
2026/08/20 17:31,2026-08-20T17:46:10+09:00,2026/08/21,2026/10/08,2026-10,CALL,67250,2320,,,29.95,29.53,2145,2,2105,2,,,,,
2026/08/20 17:31,2026-08-20T17:46:10+09:00,2026/08/21,2026/10/08,2026-10,PUT,67250,3605,,,30.11,29.32,3900,2,3825,5,,,,,
2026/08/20 17:31,2026-08-20T17:46:10+09:00,2026/08/21,2026/10/08,2026-10,CALL,67125,2375,,,30.23,29.5,2220,5,2150,5,,,,,
2026/08/20 17:31,2026-08-20T17:46:10+09:00,2026/08/21,2026/10/08,2026-10,PUT,67125,3540,,,30.18,29.13,3830,4,3730,19,,,,,
2026/08/20 17:31,2026-08-20T17:46:10+09:00,2026/08/21,2026/10/08,2026-10,CALL,67000,2435,,,29.98,29.61,2245,2,2210,3,,,,,
2026/08/20 17:31,2026-08-20T17:46:10+09:00,2026/08/21,2026/10/08,2026-10,PUT,67000,3465,,,30.24,29.19,3760,9,3660,24,,,,,
2026/08/20 17:31,2026-08-20T17:46:10+09:00,2026/08/21,2026/10/08,2026-10,CALL,66875,2490,,,30.34,29.4,2330,5,2240,20,,,,,
2026/08/20 17:31,2026-08-20T17:46:10+09:00,2026/08/21,2026/10/08,2026-10,PUT,66875,3405,,,30.29,29.3,3690,4,3595,19,,,,,
2026/08/20 17:31,2026-08-20T17:46:10+09:00,2026/08/21,2026/10/08,2026-10,CALL,66750,2555,,,30.38,29.7,2385,6,2320,2,,,,,
2026/08/20 17:31,2026-08-20T17:46:10+09:00,2026/08/21,2026/10/08,2026-10,PUT,66750,3340,,,30.38,29.34,3625,20,3525,20,,,,,
2026/08/20 17:31,2026-08-20T17:46:10+09:00,2026/08/21,2026/10/08,2026-10,CALL,66625,2615,,,30.67,29.58,2465,20,2360,5,,,,,
2026/08/20 17:31,2026-08-20T17:46:10+09:00,2026/08/21,2026/10/08,2026-10,PUT,66625,3275,,,30.62,29.22,3575,19,3440,20,,,,,
2026/08/20 17:31,2026-08-20T17:46:10+09:00,2026/08/21,2026/10/08,2026-10,CALL,66500,2675,,,30.33,29.92,2485,2,2445,2,,,,,
2026/08/20 17:31,2026-08-20T17:46:10+09:00,2026/08/21,2026/10/08,2026-10,PUT,66500,3205,,,30.38,29.61,3480,2,3405,8,,,,,
2026/08/20 17:31,2026-08-20T17:46:10+09:00,2026/08/21,2026/10/08,2026-10,CALL,66375,2735,,,30.76,29.68,2580,20,2475,5,,,,,
2026/08/20 17:31,2026-08-20T17:46:10+09:00,2026/08/21,2026/10/08,2026-10,PUT,66375,3150,,,30.4,29.26,3410,5,3300,20,,,,,
2026/08/20 17:31,2026-08-20T17:46:10+09:00,2026/08/21,2026/10/08,2026-10,CALL,66250,2800,,,30.61,29.73,2620,6,2535,6,,,,,
2026/08/20 17:31,2026-08-20T17:46:10+09:00,2026/08/21,2026/10/08,2026-10,PUT,66250,3080,,,30.36,29.79,3335,2,3280,6,,,,,
2026/08/20 17:31,2026-08-20T17:46:10+09:00,2026/08/21,2026/10/08,2026-10,CALL,66125,2855,,,30.97,29.84,2710,20,2600,5,,,,,
2026/08/20 17:31,2026-08-20T17:46:10+09:00,2026/08/21,2026/10/08,2026-10,PUT,66125,3020,,,30.51,29.47,3280,5,3180,20,,,,,
2026/08/20 17:31,2026-08-20T17:46:10+09:00,2026/08/21,2026/10/08,2026-10,CALL,66000,2925,,,30.55,29.83,2725,3,2655,31,,,,,
2026/08/20 17:31,2026-08-20T17:46:10+09:00,2026/08/21,2026/10/08,2026-10,PUT,66000,2960,,,30.55,29.98,3215,3,3160,3,,,,,
2026/08/20 17:31,2026-08-20T17:46:10+09:00,2026/08/21,2026/10/08,2026-10,CALL,65875,2990,,,30.79,30.07,2805,5,2735,5,,,,,
2026/08/20 17:31,2026-08-20T17:46:10+09:00,2026/08/21,2026/10/08,2026-10,PUT,65875,2890,,,30.64,29.5,3155,5,3045,20,,,,,
2026/08/20 17:31,2026-08-20T17:46:10+09:00,2026/08/21,2026/10/08,2026-10,CALL,65750,3055,,,31.02,29.99,2885,41,2785,6,,,,,
2026/08/20 17:31,2026-08-20T17:46:10+09:00,2026/08/21,2026/10/08,2026-10,PUT,65750,2830,,,30.66,30.14,3090,6,3040,2,,,,,
2026/08/20 17:31,2026-08-20T17:46:10+09:00,2026/08/21,2026/10/08,2026-10,CALL,65625,3110,,,31.19,30.11,2960,20,2855,5,,,,,
2026/08/20 17:31,2026-08-20T17:46:10+09:00,2026/08/21,2026/10/08,2026-10,PUT,65625,2775,,,30.78,29.69,3035,5,2930,20,,,,,
2026/08/20 17:31,2026-08-20T17:46:10+09:00,2026/08/21,2026/10/08,2026-10,CALL,65500,3185,,,30.94,30.37,2995,2,2940,2,,,,,
2026/08/20 17:31,2026-08-20T17:46:10+09:00,2026/08/21,2026/10/08,2026-10,PUT,65500,2715,,,30.68,30.22,2960,2,2915,2,,,,,
2026/08/20 17:31,2026-08-20T17:46:10+09:00,2026/08/21,2026/10/08,2026-10,CALL,65375,3245,,,31.25,30.11,3085,20,2975,20,,,,,
2026/08/20 17:31,2026-08-20T17:46:10+09:00,2026/08/21,2026/10/08,2026-10,PUT,65375,2660,,,30.94,29.8,2920,5,2810,20,,,,,
2026/08/20 17:31,2026-08-20T17:46:10+09:00,2026/08/21,2026/10/08,2026-10,CALL,65250,3315,,,31.09,30.36,3130,2,3060,6,,,,,
2026/08/20 17:31,2026-08-20T17:46:10+09:00,2026/08/21,2026/10/08,2026-10,PUT,65250,2605,,,30.83,30.36,2845,2,2800,2,,,,,
2026/08/20 17:31,2026-08-20T17:46:10+09:00,2026/08/21,2026/10/08,2026-10,CALL,65125,3385,,,31.48,30.34,3230,20,3120,5,,,,,
2026/08/20 17:31,2026-08-20T17:46:10+09:00,2026/08/21,2026/10/08,2026-10,PUT,65125,2550,,,31.07,29.97,2805,5,2700,20,,,,,
2026/08/20 17:31,2026-08-20T17:46:10+09:00,2026/08/21,2026/10/08,2026-10,CALL,65000,3470,,,31.35,30.26,3280,26,3175,26,,,,,
2026/08/20 17:31,2026-08-20T17:46:10+09:00,2026/08/21,2026/10/08,2026-10,PUT,65000,2495,,,30.94,30.47,2730,3,2685,3,,,,,
2026/08/20 17:31,2026-08-20T17:46:10+09:00,2026/08/21,2026/10/08,2026-10,CALL,64875,3535,,,31.74,30.32,3380,19,3245,19,,,,,
2026/08/20 17:31,2026-08-20T17:46:10+09:00,2026/08/21,2026/10/08,2026-10,PUT,64875,2455,,,31.53,30.43,2725,20,2620,5,,,,,
2026/08/20 17:31,2026-08-20T17:46:10+09:00,2026/08/21,2026/10/08,2026-10,CALL,64750,3620,,,31.59,30.75,3430,20,3350,2,,,,,
2026/08/20 17:31,2026-08-20T17:46:10+09:00,2026/08/21,2026/10/08,2026-10,PUT,64750,2395,,,31.27,30.54,2640,2,2570,6,,,,,
2026/08/20 17:31,2026-08-20T17:46:10+09:00,2026/08/21,2026/10/08,2026-10,CALL,64625,3680,,,31.8,30.54,3515,19,3395,4,,,,,
2026/08/20 17:31,2026-08-20T17:46:10+09:00,2026/08/21,2026/10/08,2026-10,PUT,64625,2345,,,31.59,30.43,2610,20,2500,20,,,,,
2026/08/20 17:31,2026-08-20T17:46:10+09:00,2026/08/21,2026/10/08,2026-10,CALL,64500,3760,,,31.47,30.63,3550,2,3470,6,,,,,
2026/08/20 17:31,2026-08-20T17:46:10+09:00,2026/08/21,2026/10/08,2026-10,PUT,64500,2300,,,31.32,30.63,2525,2,2460,8,,,,,
2026/08/20 17:31,2026-08-20T17:46:10+09:00,2026/08/21,2026/10/08,2026-10,CALL,64375,3840,,,31.72,30.5,3640,19,3525,19,,,,,
2026/08/20 17:31,2026-08-20T17:46:10+09:00,2026/08/21,2026/10/08,2026-10,PUT,64375,2255,,,31.56,30.5,2490,5,2390,20,,,,,
2026/08/20 17:31,2026-08-20T17:46:10+09:00,2026/08/21,2026/10/08,2026-10,CALL,64250,3910,,,31.64,31.01,3700,2,3640,2,,,,,
2026/08/20 17:31,2026-08-20T17:46:10+09:00,2026/08/21,2026/10/08,2026-10,PUT,64250,2205,,,31.59,30.85,2435,2,2365,6,,,,,
2026/08/20 17:31,2026-08-20T17:46:10+09:00,2026/08/21,2026/10/08,2026-10,CALL,64125,3995,,,31.98,30.7,3800,19,3680,19,,,,,
2026/08/20 17:31,2026-08-20T17:46:10+09:00,2026/08/21,2026/10/08,2026-10,PUT,64125,2160,,,31.77,30.6,2395,5,2285,40,,,,,
2026/08/20 17:31,2026-08-20T17:46:10+09:00,2026/08/21,2026/10/08,2026-10,CALL,64000,4085,,,32.04,30.87,3875,24,3765,9,,,,,
2026/08/20 17:31,2026-08-20T17:46:10+09:00,2026/08/21,2026/10/08,2026-10,PUT,64000,2110,,,31.56,31.19,2320,3,2285,3,,,,,
2026/08/20 17:31,2026-08-20T17:46:10+09:00,2026/08/21,2026/10/08,2026-10,CALL,63875,4155,,,32.15,30.81,3955,19,3830,19,,,,,
2026/08/20 17:31,2026-08-20T17:46:10+09:00,2026/08/21,2026/10/08,2026-10,PUT,63875,2075,,,31.94,30.87,2300,6,2200,21,,,,,
2026/08/20 17:31,2026-08-20T17:46:10+09:00,2026/08/21,2026/10/08,2026-10,CALL,63750,4240,,,32.42,30.91,4050,20,3910,20,,,,,
2026/08/20 17:31,2026-08-20T17:46:10+09:00,2026/08/21,2026/10/08,2026-10,PUT,63750,2025,,,31.83,31.39,2235,2,2195,2,,,,,
2026/08/20 17:31,2026-08-20T17:46:10+09:00,2026/08/21,2026/10/08,2026-10,CALL,63625,4320,,,32.41,31.1,4120,19,4000,19,,,,,
2026/08/20 17:31,2026-08-20T17:46:10+09:00,2026/08/21,2026/10/08,2026-10,PUT,63625,1990,,,31.86,31,2185,6,2105,21,,,,,
2026/08/20 17:31,2026-08-20T17:46:10+09:00,2026/08/21,2026/10/08,2026-10,CALL,63500,4400,,,32.27,31.4,4180,21,4100,2,,,,,
2026/08/20 17:31,2026-08-20T17:46:10+09:00,2026/08/21,2026/10/08,2026-10,PUT,63500,1940,,,32,31.51,2145,2,2100,2,,,,,
2026/08/20 17:31,2026-08-20T17:46:10+09:00,2026/08/21,2026/10/08,2026-10,CALL,63375,4495,,,32.57,31.26,4280,19,4160,19,,,,,
2026/08/20 17:31,2026-08-20T17:46:10+09:00,2026/08/21,2026/10/08,2026-10,PUT,63375,1915,,,32.24,30.87,2115,6,1990,21,,,,,
2026/08/20 17:31,2026-08-20T17:46:10+09:00,2026/08/21,2026/10/08,2026-10,CALL,63250,4570,,,32.48,31.6,4345,20,4265,2,,,,,
2026/08/20 17:31,2026-08-20T17:46:10+09:00,2026/08/21,2026/10/08,2026-10,PUT,63250,1865,,,32.15,31.54,2055,2,2000,2,,,,,
2026/08/20 17:31,2026-08-20T17:46:10+09:00,2026/08/21,2026/10/08,2026-10,CALL,63125,4670,,,32.49,31.27,4420,4,4310,19,,,,,
2026/08/20 17:31,2026-08-20T17:46:10+09:00,2026/08/21,2026/10/08,2026-10,PUT,63125,1840,,,32.43,31.04,2030,6,1905,21,,,,,
2026/08/20 17:31,2026-08-20T17:46:10+09:00,2026/08/21,2026/10/08,2026-10,CALL,63000,4740,,,32.93,31.54,4535,25,4410,10,,,,,
2026/08/20 17:31,2026-08-20T17:46:10+09:00,2026/08/21,2026/10/08,2026-10,PUT,63000,1785,,,32.37,31.65,1975,3,1910,13,,,,,
2026/08/20 17:31,2026-08-20T17:46:10+09:00,2026/08/21,2026/10/08,2026-10,CALL,62875,4840,,,32.81,31.35,4600,19,4470,19,,,,,
2026/08/20 17:31,2026-08-20T17:46:10+09:00,2026/08/21,2026/10/08,2026-10,PUT,62875,1760,,,32.64,31.24,1950,21,1825,21,,,,,
2026/08/20 17:31,2026-08-20T17:46:10+09:00,2026/08/21,2026/10/08,2026-10,CALL,62750,4920,,,32.96,31.89,4690,21,4595,6,,,,,
2026/08/20 17:31,2026-08-20T17:46:10+09:00,2026/08/21,2026/10/08,2026-10,PUT,62750,1715,,,32.45,32,1885,2,1845,2,,,,,
2026/08/20 17:31,2026-08-20T17:46:10+09:00,2026/08/21,2026/10/08,2026-10,CALL,62625,5005,,,32.65,31.8,4740,1,4665,1,,,,,
2026/08/20 17:31,2026-08-20T17:46:10+09:00,2026/08/21,2026/10/08,2026-10,PUT,62625,1675,,,32.82,31.4,1870,7,1745,22,,,,,
2026/08/20 17:31,2026-08-20T17:46:10+09:00,2026/08/21,2026/10/08,2026-10,CALL,62500,5090,,,32.73,31.87,4825,7,4750,3,,,,,
2026/08/20 17:31,2026-08-20T17:46:10+09:00,2026/08/21,2026/10/08,2026-10,PUT,62500,1635,,1,32.61,32.21,1805,12,1770,12,32.64,65,3.8,1775,08/20 17:23
2026/08/20 17:31,2026-08-20T17:46:10+09:00,2026/08/21,2026/12/10,2026-12,CALL,68250,3300,,,28.75,27.91,3100,20,2980,20,,,,,
2026/08/20 17:31,2026-08-20T17:46:10+09:00,2026/08/21,2026/12/10,2026-12,PUT,68250,5320,,,,,,,,,,,,,
2026/08/20 17:31,2026-08-20T17:46:10+09:00,2026/08/21,2026/12/10,2026-12,CALL,68000,3405,,,28.82,27.99,3205,20,3085,20,,,,,
2026/08/20 17:31,2026-08-20T17:46:10+09:00,2026/08/21,2026/12/10,2026-12,PUT,68000,5175,,,,,,,,,,,,,
2026/08/20 17:31,2026-08-20T17:46:10+09:00,2026/08/21,2026/12/10,2026-12,CALL,67750,3510,,,28.88,28.05,3310,20,3190,20,,,,,
2026/08/20 17:31,2026-08-20T17:46:10+09:00,2026/08/21,2026/12/10,2026-12,PUT,67750,5030,,,28.77,27.94,5375,20,5255,20,,,,,
2026/08/20 17:31,2026-08-20T17:46:10+09:00,2026/08/21,2026/12/10,2026-12,CALL,67500,3630,,,29.02,28.19,3430,20,3310,20,,,,,
2026/08/20 17:31,2026-08-20T17:46:10+09:00,2026/08/21,2026/12/10,2026-12,PUT,67500,4905,,,28.81,27.99,5230,20,5110,20,,,,,
2026/08/20 17:31,2026-08-20T17:46:10+09:00,2026/08/21,2026/12/10,2026-12,CALL,67250,3750,,,29.08,28.25,3540,20,3420,20,,,,,
2026/08/20 17:31,2026-08-20T17:46:10+09:00,2026/08/21,2026/12/10,2026-12,PUT,67250,4775,,,28.94,28.12,5100,20,4980,20,,,,,
2026/08/20 17:31,2026-08-20T17:46:10+09:00,2026/08/21,2026/12/10,2026-12,CALL,67000,3860,,,29.16,28.33,3655,20,3535,20,,,,,
2026/08/20 17:31,2026-08-20T17:46:10+09:00,2026/08/21,2026/12/10,2026-12,PUT,67000,4635,,,29.16,28.33,4985,20,4865,20,,,,,
2026/08/20 17:31,2026-08-20T17:46:10+09:00,2026/08/21,2026/12/10,2026-12,CALL,66750,3985,,,29.15,28.33,3760,20,3640,20,,,,,
2026/08/20 17:31,2026-08-20T17:46:10+09:00,2026/08/21,2026/12/10,2026-12,PUT,66750,4510,,,29.08,28.26,4830,20,4710,20,,,,,
2026/08/20 17:31,2026-08-20T17:46:10+09:00,2026/08/21,2026/12/10,2026-12,CALL,66500,4115,,,29.3,28.48,3890,20,3770,20,,,,,
2026/08/20 17:31,2026-08-20T17:46:10+09:00,2026/08/21,2026/12/10,2026-12,PUT,66500,4390,,,29.1,28.27,4690,20,4570,20,,,,,
2026/08/20 17:31,2026-08-20T17:46:10+09:00,2026/08/21,2026/12/10,2026-12,CALL,66250,4230,,,29.37,28.55,4010,20,3890,20,,,,,
2026/08/20 17:31,2026-08-20T17:46:10+09:00,2026/08/21,2026/12/10,2026-12,PUT,66250,4265,,,29.3,28.48,4580,20,4460,20,,,,,
2026/08/20 17:31,2026-08-20T17:46:10+09:00,2026/08/21,2026/12/10,2026-12,CALL,66000,4360,,,29.42,28.59,4130,20,4010,20,,,,,
2026/08/20 17:31,2026-08-20T17:46:10+09:00,2026/08/21,2026/12/10,2026-12,PUT,66000,4140,,,29.32,28.49,4445,20,4325,20,,,,,
2026/08/20 17:31,2026-08-20T17:46:10+09:00,2026/08/21,2026/12/10,2026-12,CALL,65750,4490,,,29.52,28.7,4260,20,4140,20,,,,,
2026/08/20 17:31,2026-08-20T17:46:10+09:00,2026/08/21,2026/12/10,2026-12,PUT,65750,4025,,,29.42,28.59,4325,20,4205,20,,,,,
2026/08/20 17:31,2026-08-20T17:46:10+09:00,2026/08/21,2026/12/10,2026-12,CALL,65500,4625,,,29.61,28.78,4390,20,4270,20,,,,,
2026/08/20 17:31,2026-08-20T17:46:10+09:00,2026/08/21,2026/12/10,2026-12,PUT,65500,3910,,,29.54,28.71,4210,20,4090,20,,,,,
2026/08/20 17:31,2026-08-20T17:46:10+09:00,2026/08/21,2026/12/10,2026-12,CALL,65250,4770,,,,,,,,,,,,,
2026/08/20 17:31,2026-08-20T17:46:10+09:00,2026/08/21,2026/12/10,2026-12,PUT,65250,3800,,,29.61,28.78,4090,20,3970,20,,,,,
2026/08/20 17:31,2026-08-20T17:46:10+09:00,2026/08/21,2026/12/10,2026-12,CALL,65000,4910,,,,,,,,,,,,,
2026/08/20 17:31,2026-08-20T17:46:10+09:00,2026/08/21,2026/12/10,2026-12,PUT,65000,3695,,,29.84,29.01,3995,20,3875,20,,,,,
2026/08/20 17:31,2026-08-20T17:46:10+09:00,2026/08/21,2026/12/10,2026-12,CALL,64750,5050,,,,,,,,,,,,,
2026/08/20 17:31,2026-08-20T17:46:10+09:00,2026/08/21,2026/12/10,2026-12,PUT,64750,3590,,,29.92,29.09,3880,20,3760,20,,,,,
2026/08/20 17:31,2026-08-20T17:46:10+09:00,2026/08/21,2026/12/10,2026-12,CALL,64500,5195,,,,,,,,,,,,,
2026/08/20 17:31,2026-08-20T17:46:10+09:00,2026/08/21,2026/12/10,2026-12,PUT,64500,3480,,,29.77,28.93,3735,20,3615,20,,,,,
2026/08/20 17:31,2026-08-20T17:46:10+09:00,2026/08/21,2026/12/10,2026-12,CALL,64250,5340,,,,,,,,,,,,,
2026/08/20 17:31,2026-08-20T17:46:10+09:00,2026/08/21,2026/12/10,2026-12,PUT,64250,3380,,,29.89,29.04,3630,20,3510,20,,,,,
2026/08/20 17:31,2026-08-20T17:46:10+09:00,2026/08/21,2026/12/10,2026-12,CALL,64000,5490,,,,,,,,,,,,,
2026/08/20 17:31,2026-08-20T17:46:10+09:00,2026/08/21,2026/12/10,2026-12,PUT,64000,3280,,,30.09,29.24,3540,20,3420,20,,,,,
2026/08/20 17:31,2026-08-20T17:46:10+09:00,2026/08/21,2026/12/10,2026-12,CALL,63750,5645,,,,,,,,,,,,,
2026/08/20 17:31,2026-08-20T17:46:10+09:00,2026/08/21,2026/12/10,2026-12,PUT,63750,3185,,,30.14,29.29,3430,20,3310,20,,,,,
2026/08/20 17:31,2026-08-20T17:46:10+09:00,2026/08/21,2026/12/10,2026-12,CALL,63500,5795,,,,,,,,,,,,,
2026/08/20 17:31,2026-08-20T17:46:10+09:00,2026/08/21,2026/12/10,2026-12,PUT,63500,3090,,,30.24,29.39,3330,20,3210,20,,,,,
2026/08/20 17:31,2026-08-20T17:46:10+09:00,2026/08/21,2026/12/10,2026-12,CALL,63250,5950,,,,,,,,,,,,,
2026/08/20 17:31,2026-08-20T17:46:10+09:00,2026/08/21,2026/12/10,2026-12,PUT,63250,2995,,,30.55,29.68,3260,20,3140,20,,,,,
