qri_update_time,collected_at,trading_day,last_trading_day,contract,option_type,strike,settlement,open_interest,volume,ask_iv,bid_iv,ask_price,ask_quantity,bid_price,bid_quantity,iv,change,change_percent,last_price,trade_time
2026/09/03 16:38,2026-09-03T16:53:33+09:00,2026/09/04,2026/09/10,2026-09,CALL,65500,440,,,,6.07,,,3,20,,,,,
2026/09/03 16:38,2026-09-03T16:53:33+09:00,2026/09/04,2026/09/10,2026-09,PUT,65500,1740,,,,,,,3,20,,,,,
2026/09/03 16:38,2026-09-03T16:53:33+09:00,2026/09/04,2026/09/10,2026-09,CALL,65375,490,,,,,,,,,,,,,
2026/09/03 16:38,2026-09-03T16:53:33+09:00,2026/09/04,2026/09/10,2026-09,PUT,65375,1645,,,,,,,,,,,,,
2026/09/03 16:38,2026-09-03T16:53:33+09:00,2026/09/04,2026/09/10,2026-09,CALL,65250,535,,,,5.04,,,3,20,,,,,
2026/09/03 16:38,2026-09-03T16:53:33+09:00,2026/09/04,2026/09/10,2026-09,PUT,65250,1565,,,,,,,3,20,,,,,
2026/09/03 16:38,2026-09-03T16:53:33+09:00,2026/09/04,2026/09/10,2026-09,CALL,65125,580,,,,,,,,,,,,,
2026/09/03 16:38,2026-09-03T16:53:33+09:00,2026/09/04,2026/09/10,2026-09,PUT,65125,1495,,,,,,,,,,,,,
2026/09/03 16:38,2026-09-03T16:53:33+09:00,2026/09/04,2026/09/10,2026-09,CALL,65000,595,,,42.1,22.28,1250,1,520,1,,,,,
2026/09/03 16:38,2026-09-03T16:53:33+09:00,2026/09/04,2026/09/10,2026-09,PUT,65000,1425,,,,,,,3,20,,,,,
2026/09/03 16:38,2026-09-03T16:53:33+09:00,2026/09/04,2026/09/10,2026-09,CALL,64875,680,,,,,,,,,,,,,
2026/09/03 16:38,2026-09-03T16:53:33+09:00,2026/09/04,2026/09/10,2026-09,PUT,64875,1350,,,,,,,,,,,,,
2026/09/03 16:38,2026-09-03T16:53:33+09:00,2026/09/04,2026/09/10,2026-09,CALL,64750,735,,,,2.86,,,3,20,,,,,
2026/09/03 16:38,2026-09-03T16:53:33+09:00,2026/09/04,2026/09/10,2026-09,PUT,64750,1260,,,,,,,3,20,,,,,
2026/09/03 16:38,2026-09-03T16:53:33+09:00,2026/09/04,2026/09/10,2026-09,CALL,64625,795,,,,,,,,,,,,,
2026/09/03 16:38,2026-09-03T16:53:33+09:00,2026/09/04,2026/09/10,2026-09,PUT,64625,1200,,,,,,,,,,,,,
2026/09/03 16:38,2026-09-03T16:53:33+09:00,2026/09/04,2026/09/10,2026-09,CALL,64500,835,,,,1.68,,,3,20,,,,,
2026/09/03 16:38,2026-09-03T16:53:33+09:00,2026/09/04,2026/09/10,2026-09,PUT,64500,1140,,,,,,,3,20,,,,,
2026/09/03 16:38,2026-09-03T16:53:33+09:00,2026/09/04,2026/09/10,2026-09,CALL,64375,905,,,,,,,,,,,,,
2026/09/03 16:38,2026-09-03T16:53:33+09:00,2026/09/04,2026/09/10,2026-09,PUT,64375,1050,,,,,,,,,,,,,
2026/09/03 16:38,2026-09-03T16:53:33+09:00,2026/09/04,2026/09/10,2026-09,CALL,64250,980,,,,0.26,,,3,20,,,,,
2026/09/03 16:38,2026-09-03T16:53:33+09:00,2026/09/04,2026/09/10,2026-09,PUT,64250,1005,,,,,,,3,20,,,,,
2026/09/03 16:38,2026-09-03T16:53:33+09:00,2026/09/04,2026/09/10,2026-09,CALL,64125,1045,,,,,,,,,,,,,
2026/09/03 16:38,2026-09-03T16:53:33+09:00,2026/09/04,2026/09/10,2026-09,PUT,64125,940,,,,,,,,,,,,,
2026/09/03 16:38,2026-09-03T16:53:33+09:00,2026/09/04,2026/09/10,2026-09,CALL,64000,1115,,,,22.99,,,990,1,,,,,
2026/09/03 16:38,2026-09-03T16:53:33+09:00,2026/09/04,2026/09/10,2026-09,PUT,64000,870,,,,20.73,,,675,1,,,,,
2026/09/03 16:38,2026-09-03T16:53:33+09:00,2026/09/04,2026/09/10,2026-09,CALL,63875,1200,,,,,,,,,,,,,
2026/09/03 16:38,2026-09-03T16:53:33+09:00,2026/09/04,2026/09/10,2026-09,PUT,63875,840,,,,,,,,,,,,,
2026/09/03 16:38,2026-09-03T16:53:33+09:00,2026/09/04,2026/09/10,2026-09,CALL,63750,1295,,,,,,,3,20,,,,,
2026/09/03 16:38,2026-09-03T16:53:33+09:00,2026/09/04,2026/09/10,2026-09,PUT,63750,760,,,,2.7,,,3,20,,,,,
2026/09/03 16:38,2026-09-03T16:53:33+09:00,2026/09/04,2026/09/10,2026-09,CALL,63625,1370,,,,,,,1,10,,,,,
2026/09/03 16:38,2026-09-03T16:53:33+09:00,2026/09/04,2026/09/10,2026-09,PUT,63625,725,,,,,,,,,,,,,
2026/09/03 16:38,2026-09-03T16:53:33+09:00,2026/09/04,2026/09/10,2026-09,CALL,63500,1440,,,,,,,3,20,,,,,
2026/09/03 16:38,2026-09-03T16:53:33+09:00,2026/09/04,2026/09/10,2026-09,PUT,63500,665,,,,3.84,,,3,20,,,,,
2026/09/03 16:38,2026-09-03T16:53:33+09:00,2026/09/04,2026/09/10,2026-09,CALL,63375,1525,,,,,,,,,,,,,
2026/09/03 16:38,2026-09-03T16:53:33+09:00,2026/09/04,2026/09/10,2026-09,PUT,63375,645,,,,,,,,,,,,,
2026/09/03 16:38,2026-09-03T16:53:33+09:00,2026/09/04,2026/09/10,2026-09,CALL,63250,1610,,,,,,,3,20,,,,,
2026/09/03 16:38,2026-09-03T16:53:33+09:00,2026/09/04,2026/09/10,2026-09,PUT,63250,595,,,,4.94,,,3,20,,,,,
2026/09/03 16:38,2026-09-03T16:53:33+09:00,2026/09/04,2026/09/10,2026-09,CALL,63125,1705,,,,,,,,,,,,,
2026/09/03 16:38,2026-09-03T16:53:33+09:00,2026/09/04,2026/09/10,2026-09,PUT,63125,550,,,,,,,,,,,,,
2026/09/03 16:38,2026-09-03T16:53:33+09:00,2026/09/04,2026/09/10,2026-09,CALL,63000,1730,,,110.78,,4800,1,3,20,,,,,
2026/09/03 16:38,2026-09-03T16:53:33+09:00,2026/09/04,2026/09/10,2026-09,PUT,63000,515,,,34.86,16.15,785,1,180,1,,,,,
2026/09/03 16:38,2026-09-03T16:53:33+09:00,2026/09/04,2026/10/08,2026-10,CALL,65125,1375,,,,,,,,,,,,,
2026/09/03 16:38,2026-09-03T16:53:33+09:00,2026/09/04,2026/10/08,2026-10,PUT,65125,2580,,,,,,,,,,,,,
2026/09/03 16:38,2026-09-03T16:53:33+09:00,2026/09/04,2026/10/08,2026-10,CALL,65000,1430,,,,,,,,,,,,,
2026/09/03 16:38,2026-09-03T16:53:33+09:00,2026/09/04,2026/10/08,2026-10,PUT,65000,2510,,,,,,,10,1,,,,,
2026/09/03 16:38,2026-09-03T16:53:33+09:00,2026/09/04,2026/10/08,2026-10,CALL,64875,1475,,,,,,,,,,,,,
2026/09/03 16:38,2026-09-03T16:53:33+09:00,2026/09/04,2026/10/08,2026-10,PUT,64875,2430,,,,,,,,,,,,,
2026/09/03 16:38,2026-09-03T16:53:33+09:00,2026/09/04,2026/10/08,2026-10,CALL,64750,1545,,,,,,,,,,,,,
2026/09/03 16:38,2026-09-03T16:53:33+09:00,2026/09/04,2026/10/08,2026-10,PUT,64750,2375,,,,,,,1,10,,,,,
2026/09/03 16:38,2026-09-03T16:53:33+09:00,2026/09/04,2026/10/08,2026-10,CALL,64625,1585,,,,,,,,,,,,,
2026/09/03 16:38,2026-09-03T16:53:33+09:00,2026/09/04,2026/10/08,2026-10,PUT,64625,2290,,,,,,,,,,,,,
2026/09/03 16:38,2026-09-03T16:53:33+09:00,2026/09/04,2026/10/08,2026-10,CALL,64500,1645,,,,,,,,,,,,,
2026/09/03 16:38,2026-09-03T16:53:33+09:00,2026/09/04,2026/10/08,2026-10,PUT,64500,2225,,,,,,,1,10,,,,,
2026/09/03 16:38,2026-09-03T16:53:33+09:00,2026/09/04,2026/10/08,2026-10,CALL,64375,1720,,,,,,,,,,,,,
2026/09/03 16:38,2026-09-03T16:53:33+09:00,2026/09/04,2026/10/08,2026-10,PUT,64375,2175,,,,,,,,,,,,,
2026/09/03 16:38,2026-09-03T16:53:33+09:00,2026/09/04,2026/10/08,2026-10,CALL,64250,1775,,,,,,,,,,,,,
2026/09/03 16:38,2026-09-03T16:53:33+09:00,2026/09/04,2026/10/08,2026-10,PUT,64250,2100,,,,,,,1,10,,,,,
2026/09/03 16:38,2026-09-03T16:53:33+09:00,2026/09/04,2026/10/08,2026-10,CALL,64125,1840,,,,,,,,,,,,,
2026/09/03 16:38,2026-09-03T16:53:33+09:00,2026/09/04,2026/10/08,2026-10,PUT,64125,2045,,,,,,,,,,,,,
2026/09/03 16:38,2026-09-03T16:53:33+09:00,2026/09/04,2026/10/08,2026-10,CALL,64000,1900,,,,,,,,,,,,,
2026/09/03 16:38,2026-09-03T16:53:33+09:00,2026/09/04,2026/10/08,2026-10,PUT,64000,1980,,,,,,,1,10,,,,,
2026/09/03 16:38,2026-09-03T16:53:33+09:00,2026/09/04,2026/10/08,2026-10,CALL,63875,1960,,,,,,,,,,,,,
2026/09/03 16:38,2026-09-03T16:53:33+09:00,2026/09/04,2026/10/08,2026-10,PUT,63875,1915,,,,,,,,,,,,,
2026/09/03 16:38,2026-09-03T16:53:33+09:00,2026/09/04,2026/10/08,2026-10,CALL,63750,2040,,,,,,,,,,,,,
2026/09/03 16:38,2026-09-03T16:53:33+09:00,2026/09/04,2026/10/08,2026-10,PUT,63750,1870,,,,0.45,,,1,10,,,,,
2026/09/03 16:38,2026-09-03T16:53:33+09:00,2026/09/04,2026/10/08,2026-10,CALL,63625,2140,,,,,,,,,,,,,
2026/09/03 16:38,2026-09-03T16:53:33+09:00,2026/09/04,2026/10/08,2026-10,PUT,63625,1825,,,,,,,,,,,,,
2026/09/03 16:38,2026-09-03T16:53:33+09:00,2026/09/04,2026/10/08,2026-10,CALL,63500,2195,,,,,,,,,,,,,
2026/09/03 16:38,2026-09-03T16:53:33+09:00,2026/09/04,2026/10/08,2026-10,PUT,63500,1765,,,,0.96,,,1,10,,,,,
2026/09/03 16:38,2026-09-03T16:53:33+09:00,2026/09/04,2026/10/08,2026-10,CALL,63375,2265,,,,,,,,,,,,,
2026/09/03 16:38,2026-09-03T16:53:33+09:00,2026/09/04,2026/10/08,2026-10,PUT,63375,1720,,,,,,,,,,,,,
2026/09/03 16:38,2026-09-03T16:53:33+09:00,2026/09/04,2026/10/08,2026-10,CALL,63250,2340,,,,,,,,,,,,,
2026/09/03 16:38,2026-09-03T16:53:33+09:00,2026/09/04,2026/10/08,2026-10,PUT,63250,1660,,,,1.45,,,1,10,,,,,
2026/09/03 16:38,2026-09-03T16:53:33+09:00,2026/09/04,2026/10/08,2026-10,CALL,63125,2415,,,,,,,,,,,,,
2026/09/03 16:38,2026-09-03T16:53:33+09:00,2026/09/04,2026/10/08,2026-10,PUT,63125,1610,,,,,,,,,,,,,
2026/09/03 16:38,2026-09-03T16:53:33+09:00,2026/09/04,2026/10/08,2026-10,CALL,63000,2480,,,,,,,,,,,,,
2026/09/03 16:38,2026-09-03T16:53:33+09:00,2026/09/04,2026/10/08,2026-10,PUT,63000,1560,,,,19.72,,,1150,1,,,,,
2026/09/03 16:38,2026-09-03T16:53:33+09:00,2026/09/04,2026/10/08,2026-10,CALL,62875,2575,,,,,,,,,,,,,
2026/09/03 16:38,2026-09-03T16:53:33+09:00,2026/09/04,2026/10/08,2026-10,PUT,62875,1530,,,,,,,,,,,,,
2026/09/03 16:38,2026-09-03T16:53:33+09:00,2026/09/04,2026/10/08,2026-10,CALL,62750,2650,,,,,,,,,,,,,
2026/09/03 16:38,2026-09-03T16:53:33+09:00,2026/09/04,2026/10/08,2026-10,PUT,62750,1480,,,,2.37,,,1,11,,,,,
2026/09/03 16:38,2026-09-03T16:53:33+09:00,2026/09/04,2026/10/08,2026-10,CALL,62625,2720,,,,,,,,,,,,,
2026/09/03 16:38,2026-09-03T16:53:33+09:00,2026/09/04,2026/10/08,2026-10,PUT,62625,1430,,,,,,,,,,,,,
2026/09/03 16:38,2026-09-03T16:53:33+09:00,2026/09/04,2026/12/10,2026-12,CALL,66500,2060,,,,,,,,,,,,,
2026/09/03 16:38,2026-09-03T16:53:33+09:00,2026/09/04,2026/12/10,2026-12,PUT,66500,4460,,,,,,,,,,,,,
2026/09/03 16:38,2026-09-03T16:53:33+09:00,2026/09/04,2026/12/10,2026-12,CALL,66250,2175,,,,,,,,,,,,,
2026/09/03 16:38,2026-09-03T16:53:33+09:00,2026/09/04,2026/12/10,2026-12,PUT,66250,4325,,,,,,,,,,,,,
2026/09/03 16:38,2026-09-03T16:53:33+09:00,2026/09/04,2026/12/10,2026-12,CALL,66000,2265,,,,,,,,,,,,,
2026/09/03 16:38,2026-09-03T16:53:33+09:00,2026/09/04,2026/12/10,2026-12,PUT,66000,4170,,,,,,,,,,,,,
2026/09/03 16:38,2026-09-03T16:53:33+09:00,2026/09/04,2026/12/10,2026-12,CALL,65750,2380,,,,,,,,,,,,,
2026/09/03 16:38,2026-09-03T16:53:33+09:00,2026/09/04,2026/12/10,2026-12,PUT,65750,4035,,,,,,,,,,,,,
2026/09/03 16:38,2026-09-03T16:53:33+09:00,2026/09/04,2026/12/10,2026-12,CALL,65500,2485,,,,,,,,,,,,,
2026/09/03 16:38,2026-09-03T16:53:33+09:00,2026/09/04,2026/12/10,2026-12,PUT,65500,3890,,,,,,,,,,,,,
2026/09/03 16:38,2026-09-03T16:53:33+09:00,2026/09/04,2026/12/10,2026-12,CALL,65250,2600,,,,,,,,,,,,,
2026/09/03 16:38,2026-09-03T16:53:33+09:00,2026/09/04,2026/12/10,2026-12,PUT,65250,3755,,,,,,,,,,,,,
2026/09/03 16:38,2026-09-03T16:53:33+09:00,2026/09/04,2026/12/10,2026-12,CALL,65000,2705,,,,,,,,,,,,,
2026/09/03 16:38,2026-09-03T16:53:33+09:00,2026/09/04,2026/12/10,2026-12,PUT,65000,3615,,,,,,,,,,,,,
2026/09/03 16:38,2026-09-03T16:53:33+09:00,2026/09/04,2026/12/10,2026-12,CALL,64750,2835,,,,,,,,,,,,,
2026/09/03 16:38,2026-09-03T16:53:33+09:00,2026/09/04,2026/12/10,2026-12,PUT,64750,3495,,,,,,,,,,,,,
2026/09/03 16:38,2026-09-03T16:53:33+09:00,2026/09/04,2026/12/10,2026-12,CALL,64500,2960,,,,,,,,,,,,,
2026/09/03 16:38,2026-09-03T16:53:33+09:00,2026/09/04,2026/12/10,2026-12,PUT,64500,3365,,,,,,,,,,,,,
2026/09/03 16:38,2026-09-03T16:53:33+09:00,2026/09/04,2026/12/10,2026-12,CALL,64250,3080,,,,,,,,,,,,,
2026/09/03 16:38,2026-09-03T16:53:33+09:00,2026/09/04,2026/12/10,2026-12,PUT,64250,3240,,,,,,,,,,,,,
2026/09/03 16:38,2026-09-03T16:53:33+09:00,2026/09/04,2026/12/10,2026-12,CALL,64000,3210,,,,,,,,,,,,,
2026/09/03 16:38,2026-09-03T16:53:33+09:00,2026/09/04,2026/12/10,2026-12,PUT,64000,3120,,,,,,,,,,,,,
2026/09/03 16:38,2026-09-03T16:53:33+09:00,2026/09/04,2026/12/10,2026-12,CALL,63750,3350,,,,,,,,,,,,,
2026/09/03 16:38,2026-09-03T16:53:33+09:00,2026/09/04,2026/12/10,2026-12,PUT,63750,3005,,,,,,,,,,,,,
2026/09/03 16:38,2026-09-03T16:53:33+09:00,2026/09/04,2026/12/10,2026-12,CALL,63500,3485,,,,,,,,,,,,,
2026/09/03 16:38,2026-09-03T16:53:33+09:00,2026/09/04,2026/12/10,2026-12,PUT,63500,2900,,,,,,,,,,,,,
2026/09/03 16:38,2026-09-03T16:53:33+09:00,2026/09/04,2026/12/10,2026-12,CALL,63250,3635,,,,,,,,,,,,,
2026/09/03 16:38,2026-09-03T16:53:33+09:00,2026/09/04,2026/12/10,2026-12,PUT,63250,2785,,,,,,,,,,,,,
2026/09/03 16:38,2026-09-03T16:53:33+09:00,2026/09/04,2026/12/10,2026-12,CALL,63000,3775,,,,,,,,,,,,,
2026/09/03 16:38,2026-09-03T16:53:33+09:00,2026/09/04,2026/12/10,2026-12,PUT,63000,2680,,,,,,,,,,,,,
2026/09/03 16:38,2026-09-03T16:53:33+09:00,2026/09/04,2026/12/10,2026-12,CALL,62750,3920,,,,,,,,,,,,,
2026/09/03 16:38,2026-09-03T16:53:33+09:00,2026/09/04,2026/12/10,2026-12,PUT,62750,2575,,,,,,,,,,,,,
2026/09/03 16:38,2026-09-03T16:53:33+09:00,2026/09/04,2026/12/10,2026-12,CALL,62500,4070,,,,,,,,,,,,,
2026/09/03 16:38,2026-09-03T16:53:33+09:00,2026/09/04,2026/12/10,2026-12,PUT,62500,2480,,,,,,,,,,,,,
2026/09/03 16:38,2026-09-03T16:53:33+09:00,2026/09/04,2026/12/10,2026-12,CALL,62250,4225,,,,,,,,,,,,,
2026/09/03 16:38,2026-09-03T16:53:33+09:00,2026/09/04,2026/12/10,2026-12,PUT,62250,2395,,,,,,,,,,,,,
2026/09/03 16:38,2026-09-03T16:53:33+09:00,2026/09/04,2026/12/10,2026-12,CALL,62000,4385,,,,,,,,,,,,,
2026/09/03 16:38,2026-09-03T16:53:33+09:00,2026/09/04,2026/12/10,2026-12,PUT,62000,2300,,,,,,,,,,,,,
2026/09/03 16:38,2026-09-03T16:53:33+09:00,2026/09/04,2026/12/10,2026-12,CALL,61750,4545,,,,,,,,,,,,,
2026/09/03 16:38,2026-09-03T16:53:33+09:00,2026/09/04,2026/12/10,2026-12,PUT,61750,2210,,,,,,,,,,,,,
2026/09/03 16:38,2026-09-03T16:53:33+09:00,2026/09/04,2026/12/10,2026-12,CALL,61500,4705,,,,,,,,,,,,,
2026/09/03 16:38,2026-09-03T16:53:33+09:00,2026/09/04,2026/12/10,2026-12,PUT,61500,2125,,,,,,,,,,,,,
2026/09/03 16:57,2026-09-03T17:12:14+09:00,2026/09/04,2026/09/10,2026-09,CALL,65500,440,,,30.47,6.07,640,1,3,20,,,,,
2026/09/03 16:57,2026-09-03T17:12:14+09:00,2026/09/04,2026/09/10,2026-09,PUT,65500,1740,,,,,,,3,20,,,,,
2026/09/03 16:57,2026-09-03T17:12:14+09:00,2026/09/04,2026/09/10,2026-09,CALL,65375,490,,,,,,,,,,,,,
2026/09/03 16:57,2026-09-03T17:12:14+09:00,2026/09/04,2026/09/10,2026-09,PUT,65375,1645,,,,,,,,,,,,,
2026/09/03 16:57,2026-09-03T17:12:14+09:00,2026/09/04,2026/09/10,2026-09,CALL,65250,535,,,,5.04,,,3,20,,,,,
2026/09/03 16:57,2026-09-03T17:12:14+09:00,2026/09/04,2026/09/10,2026-09,PUT,65250,1565,,,,,,,3,20,,,,,
2026/09/03 16:57,2026-09-03T17:12:14+09:00,2026/09/04,2026/09/10,2026-09,CALL,65125,580,,,,,,,,,,,,,
2026/09/03 16:57,2026-09-03T17:12:14+09:00,2026/09/04,2026/09/10,2026-09,PUT,65125,1495,,,,,,,,,,,,,
2026/09/03 16:57,2026-09-03T17:12:14+09:00,2026/09/04,2026/09/10,2026-09,CALL,65000,595,,,29.99,22.28,800,1,520,1,,,,,
2026/09/03 16:57,2026-09-03T17:12:14+09:00,2026/09/04,2026/09/10,2026-09,PUT,65000,1425,,,,,,,3,20,,,,,
2026/09/03 16:57,2026-09-03T17:12:14+09:00,2026/09/04,2026/09/10,2026-09,CALL,64875,680,,,,,,,,,,,,,
2026/09/03 16:57,2026-09-03T17:12:14+09:00,2026/09/04,2026/09/10,2026-09,PUT,64875,1350,,,,,,,,,,,,,
2026/09/03 16:57,2026-09-03T17:12:14+09:00,2026/09/04,2026/09/10,2026-09,CALL,64750,735,,,,2.86,,,3,20,,,,,
2026/09/03 16:57,2026-09-03T17:12:14+09:00,2026/09/04,2026/09/10,2026-09,PUT,64750,1260,,,,,,,3,20,,,,,
2026/09/03 16:57,2026-09-03T17:12:14+09:00,2026/09/04,2026/09/10,2026-09,CALL,64625,795,,,,,,,,,,,,,
2026/09/03 16:57,2026-09-03T17:12:14+09:00,2026/09/04,2026/09/10,2026-09,PUT,64625,1200,,,,,,,,,,,,,
2026/09/03 16:57,2026-09-03T17:12:14+09:00,2026/09/04,2026/09/10,2026-09,CALL,64500,835,,,,1.68,,,3,20,,,,,
2026/09/03 16:57,2026-09-03T17:12:14+09:00,2026/09/04,2026/09/10,2026-09,PUT,64500,1140,,,,,,,3,20,,,,,
2026/09/03 16:57,2026-09-03T17:12:14+09:00,2026/09/04,2026/09/10,2026-09,CALL,64375,905,,,,,,,,,,,,,
2026/09/03 16:57,2026-09-03T17:12:14+09:00,2026/09/04,2026/09/10,2026-09,PUT,64375,1050,,,,,,,,,,,,,
2026/09/03 16:57,2026-09-03T17:12:14+09:00,2026/09/04,2026/09/10,2026-09,CALL,64250,980,,,,0.26,,,3,20,,,,,
2026/09/03 16:57,2026-09-03T17:12:14+09:00,2026/09/04,2026/09/10,2026-09,PUT,64250,1005,,,,,,,3,20,,,,,
2026/09/03 16:57,2026-09-03T17:12:14+09:00,2026/09/04,2026/09/10,2026-09,CALL,64125,1045,,,,,,,,,,,,,
2026/09/03 16:57,2026-09-03T17:12:14+09:00,2026/09/04,2026/09/10,2026-09,PUT,64125,940,,,,,,,,,,,,,
2026/09/03 16:57,2026-09-03T17:12:14+09:00,2026/09/04,2026/09/10,2026-09,CALL,64000,1115,,,,22.99,,,990,1,,,,,
2026/09/03 16:57,2026-09-03T17:12:14+09:00,2026/09/04,2026/09/10,2026-09,PUT,64000,870,,,,20.73,,,675,1,,,,,
2026/09/03 16:57,2026-09-03T17:12:14+09:00,2026/09/04,2026/09/10,2026-09,CALL,63875,1200,,,,,,,,,,,,,
2026/09/03 16:57,2026-09-03T17:12:14+09:00,2026/09/04,2026/09/10,2026-09,PUT,63875,840,,,,,,,,,,,,,
2026/09/03 16:57,2026-09-03T17:12:14+09:00,2026/09/04,2026/09/10,2026-09,CALL,63750,1295,,,,,,,3,20,,,,,
2026/09/03 16:57,2026-09-03T17:12:14+09:00,2026/09/04,2026/09/10,2026-09,PUT,63750,760,,,,2.7,,,3,20,,,,,
2026/09/03 16:57,2026-09-03T17:12:14+09:00,2026/09/04,2026/09/10,2026-09,CALL,63625,1370,,,,,,,1,10,,,,,
2026/09/03 16:57,2026-09-03T17:12:14+09:00,2026/09/04,2026/09/10,2026-09,PUT,63625,725,,,,,,,,,,,,,
2026/09/03 16:57,2026-09-03T17:12:14+09:00,2026/09/04,2026/09/10,2026-09,CALL,63500,1440,,,,,,,3,20,,,,,
2026/09/03 16:57,2026-09-03T17:12:14+09:00,2026/09/04,2026/09/10,2026-09,PUT,63500,665,,,,3.84,,,3,20,,,,,
2026/09/03 16:57,2026-09-03T17:12:14+09:00,2026/09/04,2026/09/10,2026-09,CALL,63375,1525,,,,,,,,,,,,,
2026/09/03 16:57,2026-09-03T17:12:14+09:00,2026/09/04,2026/09/10,2026-09,PUT,63375,645,,,,,,,,,,,,,
2026/09/03 16:57,2026-09-03T17:12:14+09:00,2026/09/04,2026/09/10,2026-09,CALL,63250,1610,,,,,,,3,20,,,,,
2026/09/03 16:57,2026-09-03T17:12:14+09:00,2026/09/04,2026/09/10,2026-09,PUT,63250,595,,,,4.94,,,3,20,,,,,
2026/09/03 16:57,2026-09-03T17:12:14+09:00,2026/09/04,2026/09/10,2026-09,CALL,63125,1705,,,,,,,,,,,,,
2026/09/03 16:57,2026-09-03T17:12:14+09:00,2026/09/04,2026/09/10,2026-09,PUT,63125,550,,,,,,,,,,,,,
2026/09/03 16:57,2026-09-03T17:12:14+09:00,2026/09/04,2026/09/10,2026-09,CALL,63000,1730,,,110.78,,4800,1,3,20,,,,,
2026/09/03 16:57,2026-09-03T17:12:14+09:00,2026/09/04,2026/09/10,2026-09,PUT,63000,515,,,34.86,16.15,785,1,180,1,,,,,
2026/09/03 16:57,2026-09-03T17:12:14+09:00,2026/09/04,2026/10/08,2026-10,CALL,65125,1375,,,,,,,,,,,,,
2026/09/03 16:57,2026-09-03T17:12:14+09:00,2026/09/04,2026/10/08,2026-10,PUT,65125,2580,,,,,,,,,,,,,
2026/09/03 16:57,2026-09-03T17:12:14+09:00,2026/09/04,2026/10/08,2026-10,CALL,65000,1430,,,,20.88,,,1200,1,,,,,
2026/09/03 16:57,2026-09-03T17:12:14+09:00,2026/09/04,2026/10/08,2026-10,PUT,65000,2510,,,,,,,10,1,,,,,
2026/09/03 16:57,2026-09-03T17:12:14+09:00,2026/09/04,2026/10/08,2026-10,CALL,64875,1475,,,,,,,,,,,,,
2026/09/03 16:57,2026-09-03T17:12:14+09:00,2026/09/04,2026/10/08,2026-10,PUT,64875,2430,,,,,,,,,,,,,
2026/09/03 16:57,2026-09-03T17:12:14+09:00,2026/09/04,2026/10/08,2026-10,CALL,64750,1545,,,,,,,,,,,,,
2026/09/03 16:57,2026-09-03T17:12:14+09:00,2026/09/04,2026/10/08,2026-10,PUT,64750,2375,,,,,,,1,10,,,,,
2026/09/03 16:57,2026-09-03T17:12:14+09:00,2026/09/04,2026/10/08,2026-10,CALL,64625,1585,,,,,,,,,,,,,
2026/09/03 16:57,2026-09-03T17:12:14+09:00,2026/09/04,2026/10/08,2026-10,PUT,64625,2290,,,,,,,,,,,,,
2026/09/03 16:57,2026-09-03T17:12:14+09:00,2026/09/04,2026/10/08,2026-10,CALL,64500,1645,,,,,,,,,,,,,
2026/09/03 16:57,2026-09-03T17:12:14+09:00,2026/09/04,2026/10/08,2026-10,PUT,64500,2225,,,,,,,1,10,,,,,
2026/09/03 16:57,2026-09-03T17:12:14+09:00,2026/09/04,2026/10/08,2026-10,CALL,64375,1720,,,,,,,,,,,,,
2026/09/03 16:57,2026-09-03T17:12:14+09:00,2026/09/04,2026/10/08,2026-10,PUT,64375,2175,,,,,,,,,,,,,
2026/09/03 16:57,2026-09-03T17:12:14+09:00,2026/09/04,2026/10/08,2026-10,CALL,64250,1775,,,,,,,,,,,,,
2026/09/03 16:57,2026-09-03T17:12:14+09:00,2026/09/04,2026/10/08,2026-10,PUT,64250,2100,,,,,,,1,10,,,,,
2026/09/03 16:57,2026-09-03T17:12:14+09:00,2026/09/04,2026/10/08,2026-10,CALL,64125,1840,,,,,,,,,,,,,
2026/09/03 16:57,2026-09-03T17:12:14+09:00,2026/09/04,2026/10/08,2026-10,PUT,64125,2045,,,,,,,,,,,,,
2026/09/03 16:57,2026-09-03T17:12:14+09:00,2026/09/04,2026/10/08,2026-10,CALL,64000,1900,,,,,,,,,,,,,
2026/09/03 16:57,2026-09-03T17:12:14+09:00,2026/09/04,2026/10/08,2026-10,PUT,64000,1980,,,,,,,1,10,,,,,
2026/09/03 16:57,2026-09-03T17:12:14+09:00,2026/09/04,2026/10/08,2026-10,CALL,63875,1960,,,,,,,,,,,,,
2026/09/03 16:57,2026-09-03T17:12:14+09:00,2026/09/04,2026/10/08,2026-10,PUT,63875,1915,,,,,,,,,,,,,
2026/09/03 16:57,2026-09-03T17:12:14+09:00,2026/09/04,2026/10/08,2026-10,CALL,63750,2040,,,,,,,,,,,,,
2026/09/03 16:57,2026-09-03T17:12:14+09:00,2026/09/04,2026/10/08,2026-10,PUT,63750,1870,,,,0.45,,,1,10,,,,,
2026/09/03 16:57,2026-09-03T17:12:14+09:00,2026/09/04,2026/10/08,2026-10,CALL,63625,2140,,,,,,,,,,,,,
2026/09/03 16:57,2026-09-03T17:12:14+09:00,2026/09/04,2026/10/08,2026-10,PUT,63625,1825,,,,,,,,,,,,,
2026/09/03 16:57,2026-09-03T17:12:14+09:00,2026/09/04,2026/10/08,2026-10,CALL,63500,2195,,,,,,,,,,,,,
2026/09/03 16:57,2026-09-03T17:12:14+09:00,2026/09/04,2026/10/08,2026-10,PUT,63500,1765,,,,0.96,,,1,10,,,,,
2026/09/03 16:57,2026-09-03T17:12:14+09:00,2026/09/04,2026/10/08,2026-10,CALL,63375,2265,,,,,,,,,,,,,
2026/09/03 16:57,2026-09-03T17:12:14+09:00,2026/09/04,2026/10/08,2026-10,PUT,63375,1720,,,,,,,,,,,,,
2026/09/03 16:57,2026-09-03T17:12:14+09:00,2026/09/04,2026/10/08,2026-10,CALL,63250,2340,,,,,,,,,,,,,
2026/09/03 16:57,2026-09-03T17:12:14+09:00,2026/09/04,2026/10/08,2026-10,PUT,63250,1660,,,,1.45,,,1,10,,,,,
2026/09/03 16:57,2026-09-03T17:12:14+09:00,2026/09/04,2026/10/08,2026-10,CALL,63125,2415,,,,,,,,,,,,,
2026/09/03 16:57,2026-09-03T17:12:14+09:00,2026/09/04,2026/10/08,2026-10,PUT,63125,1610,,,,,,,,,,,,,
2026/09/03 16:57,2026-09-03T17:12:14+09:00,2026/09/04,2026/10/08,2026-10,CALL,63000,2480,,,,,,,,,,,,,
2026/09/03 16:57,2026-09-03T17:12:14+09:00,2026/09/04,2026/10/08,2026-10,PUT,63000,1560,,,,19.72,,,1150,1,,,,,
2026/09/03 16:57,2026-09-03T17:12:14+09:00,2026/09/04,2026/10/08,2026-10,CALL,62875,2575,,,,,,,,,,,,,
2026/09/03 16:57,2026-09-03T17:12:14+09:00,2026/09/04,2026/10/08,2026-10,PUT,62875,1530,,,,,,,,,,,,,
2026/09/03 16:57,2026-09-03T17:12:14+09:00,2026/09/04,2026/10/08,2026-10,CALL,62750,2650,,,,,,,,,,,,,
2026/09/03 16:57,2026-09-03T17:12:14+09:00,2026/09/04,2026/10/08,2026-10,PUT,62750,1480,,,,2.37,,,1,11,,,,,
2026/09/03 16:57,2026-09-03T17:12:14+09:00,2026/09/04,2026/10/08,2026-10,CALL,62625,2720,,,,,,,,,,,,,
2026/09/03 16:57,2026-09-03T17:12:14+09:00,2026/09/04,2026/10/08,2026-10,PUT,62625,1430,,,,,,,,,,,,,
2026/09/03 16:57,2026-09-03T17:12:14+09:00,2026/09/04,2026/12/10,2026-12,CALL,66500,2060,,,,,,,,,,,,,
2026/09/03 16:57,2026-09-03T17:12:14+09:00,2026/09/04,2026/12/10,2026-12,PUT,66500,4460,,,,,,,,,,,,,
2026/09/03 16:57,2026-09-03T17:12:14+09:00,2026/09/04,2026/12/10,2026-12,CALL,66250,2175,,,,,,,,,,,,,
2026/09/03 16:57,2026-09-03T17:12:14+09:00,2026/09/04,2026/12/10,2026-12,PUT,66250,4325,,,,,,,,,,,,,
2026/09/03 16:57,2026-09-03T17:12:14+09:00,2026/09/04,2026/12/10,2026-12,CALL,66000,2265,,,,,,,,,,,,,
2026/09/03 16:57,2026-09-03T17:12:14+09:00,2026/09/04,2026/12/10,2026-12,PUT,66000,4170,,,,,,,,,,,,,
2026/09/03 16:57,2026-09-03T17:12:14+09:00,2026/09/04,2026/12/10,2026-12,CALL,65750,2380,,,,,,,,,,,,,
2026/09/03 16:57,2026-09-03T17:12:14+09:00,2026/09/04,2026/12/10,2026-12,PUT,65750,4035,,,,,,,,,,,,,
2026/09/03 16:57,2026-09-03T17:12:14+09:00,2026/09/04,2026/12/10,2026-12,CALL,65500,2485,,,,,,,,,,,,,
2026/09/03 16:57,2026-09-03T17:12:14+09:00,2026/09/04,2026/12/10,2026-12,PUT,65500,3890,,,,,,,,,,,,,
2026/09/03 16:57,2026-09-03T17:12:14+09:00,2026/09/04,2026/12/10,2026-12,CALL,65250,2600,,,,,,,,,,,,,
2026/09/03 16:57,2026-09-03T17:12:14+09:00,2026/09/04,2026/12/10,2026-12,PUT,65250,3755,,,,,,,,,,,,,
2026/09/03 16:57,2026-09-03T17:12:14+09:00,2026/09/04,2026/12/10,2026-12,CALL,65000,2705,,,,,,,,,,,,,
2026/09/03 16:57,2026-09-03T17:12:14+09:00,2026/09/04,2026/12/10,2026-12,PUT,65000,3615,,,,,,,,,,,,,
2026/09/03 16:57,2026-09-03T17:12:14+09:00,2026/09/04,2026/12/10,2026-12,CALL,64750,2835,,,,,,,,,,,,,
2026/09/03 16:57,2026-09-03T17:12:14+09:00,2026/09/04,2026/12/10,2026-12,PUT,64750,3495,,,,,,,,,,,,,
2026/09/03 16:57,2026-09-03T17:12:14+09:00,2026/09/04,2026/12/10,2026-12,CALL,64500,2960,,,,,,,,,,,,,
2026/09/03 16:57,2026-09-03T17:12:14+09:00,2026/09/04,2026/12/10,2026-12,PUT,64500,3365,,,,,,,,,,,,,
2026/09/03 16:57,2026-09-03T17:12:14+09:00,2026/09/04,2026/12/10,2026-12,CALL,64250,3080,,,,,,,,,,,,,
2026/09/03 16:57,2026-09-03T17:12:14+09:00,2026/09/04,2026/12/10,2026-12,PUT,64250,3240,,,,,,,,,,,,,
2026/09/03 16:57,2026-09-03T17:12:14+09:00,2026/09/04,2026/12/10,2026-12,CALL,64000,3210,,,,,,,,,,,,,
2026/09/03 16:57,2026-09-03T17:12:14+09:00,2026/09/04,2026/12/10,2026-12,PUT,64000,3120,,,,,,,,,,,,,
2026/09/03 16:57,2026-09-03T17:12:14+09:00,2026/09/04,2026/12/10,2026-12,CALL,63750,3350,,,,,,,,,,,,,
2026/09/03 16:57,2026-09-03T17:12:14+09:00,2026/09/04,2026/12/10,2026-12,PUT,63750,3005,,,,,,,,,,,,,
2026/09/03 16:57,2026-09-03T17:12:14+09:00,2026/09/04,2026/12/10,2026-12,CALL,63500,3485,,,,,,,,,,,,,
2026/09/03 16:57,2026-09-03T17:12:14+09:00,2026/09/04,2026/12/10,2026-12,PUT,63500,2900,,,,,,,,,,,,,
2026/09/03 16:57,2026-09-03T17:12:14+09:00,2026/09/04,2026/12/10,2026-12,CALL,63250,3635,,,,,,,,,,,,,
2026/09/03 16:57,2026-09-03T17:12:14+09:00,2026/09/04,2026/12/10,2026-12,PUT,63250,2785,,,,,,,,,,,,,
2026/09/03 16:57,2026-09-03T17:12:14+09:00,2026/09/04,2026/12/10,2026-12,CALL,63000,3775,,,,,,,,,,,,,
2026/09/03 16:57,2026-09-03T17:12:14+09:00,2026/09/04,2026/12/10,2026-12,PUT,63000,2680,,,,,,,,,,,,,
2026/09/03 16:57,2026-09-03T17:12:14+09:00,2026/09/04,2026/12/10,2026-12,CALL,62750,3920,,,,,,,,,,,,,
2026/09/03 16:57,2026-09-03T17:12:14+09:00,2026/09/04,2026/12/10,2026-12,PUT,62750,2575,,,,,,,,,,,,,
2026/09/03 16:57,2026-09-03T17:12:14+09:00,2026/09/04,2026/12/10,2026-12,CALL,62500,4070,,,,,,,,,,,,,
2026/09/03 16:57,2026-09-03T17:12:14+09:00,2026/09/04,2026/12/10,2026-12,PUT,62500,2480,,,,,,,,,,,,,
2026/09/03 16:57,2026-09-03T17:12:14+09:00,2026/09/04,2026/12/10,2026-12,CALL,62250,4225,,,,,,,,,,,,,
2026/09/03 16:57,2026-09-03T17:12:14+09:00,2026/09/04,2026/12/10,2026-12,PUT,62250,2395,,,,,,,,,,,,,
2026/09/03 16:57,2026-09-03T17:12:14+09:00,2026/09/04,2026/12/10,2026-12,CALL,62000,4385,,,,,,,,,,,,,
2026/09/03 16:57,2026-09-03T17:12:14+09:00,2026/09/04,2026/12/10,2026-12,PUT,62000,2300,,,,,,,,,,,,,
2026/09/03 16:57,2026-09-03T17:12:14+09:00,2026/09/04,2026/12/10,2026-12,CALL,61750,4545,,,,,,,,,,,,,
2026/09/03 16:57,2026-09-03T17:12:14+09:00,2026/09/04,2026/12/10,2026-12,PUT,61750,2210,,,,,,,,,,,,,
2026/09/03 16:57,2026-09-03T17:12:14+09:00,2026/09/04,2026/12/10,2026-12,CALL,61500,4705,,,,,,,,,,,,,
2026/09/03 16:57,2026-09-03T17:12:14+09:00,2026/09/04,2026/12/10,2026-12,PUT,61500,2125,,,,,,,,,,,,,
2026/09/03 17:16,2026-09-03T17:31:57+09:00,2026/09/04,2026/09/10,2026-09,CALL,77000,1,,2,38.63,,1,58,,,38.71,0,0,1,09/03 17:13
2026/09/03 17:16,2026-09-03T17:31:57+09:00,2026/09/04,2026/09/10,2026-09,PUT,77000,12770,,,,,,,,,,,,,
2026/09/03 17:16,2026-09-03T17:31:57+09:00,2026/09/04,2026/09/10,2026-09,CALL,76500,1,,,37.34,,1,50,,,,,,,
2026/09/03 17:16,2026-09-03T17:31:57+09:00,2026/09/04,2026/09/10,2026-09,PUT,76500,12270,,,,,,,,,,,,,
2026/09/03 17:16,2026-09-03T17:31:57+09:00,2026/09/04,2026/09/10,2026-09,CALL,76000,1,,,36.04,,1,53,,,,,,,
2026/09/03 17:16,2026-09-03T17:31:57+09:00,2026/09/04,2026/09/10,2026-09,PUT,76000,11770,,,,,,,,,,,,,
2026/09/03 17:16,2026-09-03T17:31:57+09:00,2026/09/04,2026/09/10,2026-09,CALL,75500,1,,1,34.73,,1,50,,,35.43,0,0,1,09/03 17:02
2026/09/03 17:16,2026-09-03T17:31:57+09:00,2026/09/04,2026/09/10,2026-09,PUT,75500,11270,,,,,,,,,,,,,
2026/09/03 17:16,2026-09-03T17:31:57+09:00,2026/09/04,2026/09/10,2026-09,CALL,75375,1,,,34.4,,1,1,,,,,,,
2026/09/03 17:16,2026-09-03T17:31:57+09:00,2026/09/04,2026/09/10,2026-09,PUT,75375,11145,,,,,,,,,,,,,
2026/09/03 17:16,2026-09-03T17:31:57+09:00,2026/09/04,2026/09/10,2026-09,CALL,75250,1,,,34.07,,1,1,,,,,,,
2026/09/03 17:16,2026-09-03T17:31:57+09:00,2026/09/04,2026/09/10,2026-09,PUT,75250,11020,,,,,,,,,,,,,
2026/09/03 17:16,2026-09-03T17:31:57+09:00,2026/09/04,2026/09/10,2026-09,CALL,75125,1,,,33.73,,1,1,,,,,,,
2026/09/03 17:16,2026-09-03T17:31:57+09:00,2026/09/04,2026/09/10,2026-09,PUT,75125,10895,,,,,,,,,,,,,
2026/09/03 17:16,2026-09-03T17:31:57+09:00,2026/09/04,2026/09/10,2026-09,CALL,75000,1,,3,33.4,,1,92,,,33.48,0,0,1,09/03 17:13
2026/09/03 17:16,2026-09-03T17:31:57+09:00,2026/09/04,2026/09/10,2026-09,PUT,75000,10770,,,,,,,,,,,,,
2026/09/03 17:16,2026-09-03T17:31:57+09:00,2026/09/04,2026/09/10,2026-09,CALL,74875,2,,,42.41,,12,14,,,,,,,
2026/09/03 17:16,2026-09-03T17:31:57+09:00,2026/09/04,2026/09/10,2026-09,PUT,74875,10645,,,,,,,,,,,,,
2026/09/03 17:16,2026-09-03T17:31:57+09:00,2026/09/04,2026/09/10,2026-09,CALL,74750,2,,,34.77,,2,51,,,,,,,
2026/09/03 17:16,2026-09-03T17:31:57+09:00,2026/09/04,2026/09/10,2026-09,PUT,74750,10520,,,,,,,,,,,,,
2026/09/03 17:16,2026-09-03T17:31:57+09:00,2026/09/04,2026/09/10,2026-09,CALL,74625,1,,,34.42,,2,6,,,,,,,
2026/09/03 17:16,2026-09-03T17:31:57+09:00,2026/09/04,2026/09/10,2026-09,PUT,74625,10395,,,,,,,,,,,,,
2026/09/03 17:16,2026-09-03T17:31:57+09:00,2026/09/04,2026/09/10,2026-09,CALL,74500,2,,,34.06,,2,59,,,,,,,
2026/09/03 17:16,2026-09-03T17:31:57+09:00,2026/09/04,2026/09/10,2026-09,PUT,74500,10270,,,,,,,,,,,,,
2026/09/03 17:16,2026-09-03T17:31:57+09:00,2026/09/04,2026/09/10,2026-09,CALL,74375,2,,,33.71,,2,5,,,,,,,
2026/09/03 17:16,2026-09-03T17:31:57+09:00,2026/09/04,2026/09/10,2026-09,PUT,74375,10145,,,,,,,,,,,,,
2026/09/03 17:16,2026-09-03T17:31:57+09:00,2026/09/04,2026/09/10,2026-09,CALL,74250,2,,,40.35,,12,17,,,,,,,
2026/09/03 17:16,2026-09-03T17:31:57+09:00,2026/09/04,2026/09/10,2026-09,PUT,74250,10020,,,,,,,,,,,,,
2026/09/03 17:16,2026-09-03T17:31:57+09:00,2026/09/04,2026/09/10,2026-09,CALL,74125,2,,,39.51,,11,14,,,,,,,
2026/09/03 17:16,2026-09-03T17:31:57+09:00,2026/09/04,2026/09/10,2026-09,PUT,74125,9900,,,,,,,,,,,,,
2026/09/03 17:16,2026-09-03T17:31:57+09:00,2026/09/04,2026/09/10,2026-09,CALL,74000,1,,1,30.7,,1,10,,,31.07,0,0,1,09/03 17:00
2026/09/03 17:16,2026-09-03T17:31:57+09:00,2026/09/04,2026/09/10,2026-09,PUT,74000,9775,,,,,,,,,,,,,
2026/09/03 17:16,2026-09-03T17:31:57+09:00,2026/09/04,2026/09/10,2026-09,CALL,73875,2,,,39.1,,12,14,,,,,,,
2026/09/03 17:16,2026-09-03T17:31:57+09:00,2026/09/04,2026/09/10,2026-09,PUT,73875,9650,,,,,,,,,,,,,
2026/09/03 17:16,2026-09-03T17:31:57+09:00,2026/09/04,2026/09/10,2026-09,CALL,73750,2,,,31.92,,2,57,,,,,,,
2026/09/03 17:16,2026-09-03T17:31:57+09:00,2026/09/04,2026/09/10,2026-09,PUT,73750,9525,,,,,,,,,,,,,
2026/09/03 17:16,2026-09-03T17:31:57+09:00,2026/09/04,2026/09/10,2026-09,CALL,73625,2,,,38.26,29.68,12,14,1,10,,,,,
2026/09/03 17:16,2026-09-03T17:31:57+09:00,2026/09/04,2026/09/10,2026-09,PUT,73625,9400,,,,,,,,,,,,,
2026/09/03 17:16,2026-09-03T17:31:57+09:00,2026/09/04,2026/09/10,2026-09,CALL,73500,2,,,31.2,29.33,2,71,1,6,,,,,
2026/09/03 17:16,2026-09-03T17:31:57+09:00,2026/09/04,2026/09/10,2026-09,PUT,73500,9275,,,,,,,,,,,,,
2026/09/03 17:16,2026-09-03T17:31:57+09:00,2026/09/04,2026/09/10,2026-09,CALL,73375,3,,,37.41,,12,14,,,,,,,
2026/09/03 17:16,2026-09-03T17:31:57+09:00,2026/09/04,2026/09/10,2026-09,PUT,73375,9150,,,,,,,,,,,,,
2026/09/03 17:16,2026-09-03T17:31:57+09:00,2026/09/04,2026/09/10,2026-09,CALL,73250,2,,,30.47,,2,50,,,,,,,
2026/09/03 17:16,2026-09-03T17:31:57+09:00,2026/09/04,2026/09/10,2026-09,PUT,73250,9025,,,,,,,,,,,,,
2026/09/03 17:16,2026-09-03T17:31:57+09:00,2026/09/04,2026/09/10,2026-09,CALL,73125,3,,,36.94,,13,14,,,,,,,
2026/09/03 17:16,2026-09-03T17:31:57+09:00,2026/09/04,2026/09/10,2026-09,PUT,73125,8900,,,,,,,,,,,,,
2026/09/03 17:16,2026-09-03T17:31:57+09:00,2026/09/04,2026/09/10,2026-09,CALL,73000,2,,,29.74,27.95,2,85,1,188,,,,,
2026/09/03 17:16,2026-09-03T17:31:57+09:00,2026/09/04,2026/09/10,2026-09,PUT,73000,8775,,,,,,,,,,,,,
2026/09/03 17:16,2026-09-03T17:31:57+09:00,2026/09/04,2026/09/10,2026-09,CALL,72875,3,,,36.07,,13,14,,,,,,,
2026/09/03 17:16,2026-09-03T17:31:57+09:00,2026/09/04,2026/09/10,2026-09,PUT,72875,8650,,,,,,,,,,,,,
2026/09/03 17:16,2026-09-03T17:31:57+09:00,2026/09/04,2026/09/10,2026-09,CALL,72750,3,,,29,27.25,2,54,1,105,,,,,
2026/09/03 17:16,2026-09-03T17:31:57+09:00,2026/09/04,2026/09/10,2026-09,PUT,72750,8525,,,,,,,,,,,,,
2026/09/03 17:16,2026-09-03T17:31:57+09:00,2026/09/04,2026/09/10,2026-09,CALL,72625,3,,,35.2,,13,14,,,,,,,
2026/09/03 17:16,2026-09-03T17:31:57+09:00,2026/09/04,2026/09/10,2026-09,PUT,72625,8400,,,,,,,,,,,,,
2026/09/03 17:16,2026-09-03T17:31:57+09:00,2026/09/04,2026/09/10,2026-09,CALL,72500,2,,,28.26,26.55,2,101,1,137,,,,,
2026/09/03 17:16,2026-09-03T17:31:57+09:00,2026/09/04,2026/09/10,2026-09,PUT,72500,8275,,,,,,,,,,,,,
2026/09/03 17:16,2026-09-03T17:31:57+09:00,2026/09/04,2026/09/10,2026-09,CALL,72375,3,,,34.33,,13,14,,,,,,,
2026/09/03 17:16,2026-09-03T17:31:57+09:00,2026/09/04,2026/09/10,2026-09,PUT,72375,8150,,,,,,,,,,,,,
2026/09/03 17:16,2026-09-03T17:31:57+09:00,2026/09/04,2026/09/10,2026-09,CALL,72250,2,,,27.52,25.84,2,100,1,140,,,,,
2026/09/03 17:16,2026-09-03T17:31:57+09:00,2026/09/04,2026/09/10,2026-09,PUT,72250,8025,,,,,,,,,,,,,
2026/09/03 17:16,2026-09-03T17:31:57+09:00,2026/09/04,2026/09/10,2026-09,CALL,72125,4,,,33.77,,14,14,,,,,,,
2026/09/03 17:16,2026-09-03T17:31:57+09:00,2026/09/04,2026/09/10,2026-09,PUT,72125,7900,,,,,,,,,,,,,
2026/09/03 17:16,2026-09-03T17:31:57+09:00,2026/09/04,2026/09/10,2026-09,CALL,72000,3,,,27.86,26.77,3,48,2,119,,,,,
2026/09/03 17:16,2026-09-03T17:31:57+09:00,2026/09/04,2026/09/10,2026-09,PUT,72000,7775,,,,,,,,,,,,,
2026/09/03 17:16,2026-09-03T17:31:57+09:00,2026/09/04,2026/09/10,2026-09,CALL,71875,5,,,32.88,,14,14,,,,,,,
2026/09/03 17:16,2026-09-03T17:31:57+09:00,2026/09/04,2026/09/10,2026-09,PUT,71875,7650,,,,,,,,,,,,,
2026/09/03 17:16,2026-09-03T17:31:57+09:00,2026/09/04,2026/09/10,2026-09,CALL,71750,5,,,34.07,26.02,20,22,2,55,,,,,
2026/09/03 17:16,2026-09-03T17:31:57+09:00,2026/09/04,2026/09/10,2026-09,PUT,71750,7525,,,,,,,,,,,,,
2026/09/03 17:16,2026-09-03T17:31:57+09:00,2026/09/04,2026/09/10,2026-09,CALL,71625,4,,,29.3,,7,18,,,,,,,
2026/09/03 17:16,2026-09-03T17:31:57+09:00,2026/09/04,2026/09/10,2026-09,PUT,71625,7400,,,,,,,,,,,,,
2026/09/03 17:16,2026-09-03T17:31:57+09:00,2026/09/04,2026/09/10,2026-09,CALL,71500,4,,1,27.11,26.3,4,15,3,11,27.07,1,33.33,4,09/03 17:06
2026/09/03 17:16,2026-09-03T17:31:57+09:00,2026/09/04,2026/09/10,2026-09,PUT,71500,7275,,,,,,,,,,,,,
2026/09/03 17:16,2026-09-03T17:31:57+09:00,2026/09/04,2026/09/10,2026-09,CALL,71375,5,,,27.37,25.91,5,15,3,19,,,,,
2026/09/03 17:16,2026-09-03T17:31:57+09:00,2026/09/04,2026/09/10,2026-09,PUT,71375,7150,,,,,,,,,,,,,
2026/09/03 17:16,2026-09-03T17:31:57+09:00,2026/09/04,2026/09/10,2026-09,CALL,71250,5,,,26.96,25.51,5,20,3,43,,,,,
2026/09/03 17:16,2026-09-03T17:31:57+09:00,2026/09/04,2026/09/10,2026-09,PUT,71250,7030,,,,,,,3,10,,,,,
2026/09/03 17:16,2026-09-03T17:31:57+09:00,2026/09/04,2026/09/10,2026-09,CALL,71125,6,,,27.11,25.9,6,19,4,1,,,,,
2026/09/03 17:16,2026-09-03T17:31:57+09:00,2026/09/04,2026/09/10,2026-09,PUT,71125,6905,,,,,,,,,,,,,
2026/09/03 17:16,2026-09-03T17:31:57+09:00,2026/09/04,2026/09/10,2026-09,CALL,71000,5,,,26.13,25.49,5,17,4,29,,,,,
2026/09/03 17:16,2026-09-03T17:31:57+09:00,2026/09/04,2026/09/10,2026-09,PUT,71000,6775,,,,,,,3,10,,,,,
2026/09/03 17:16,2026-09-03T17:31:57+09:00,2026/09/04,2026/09/10,2026-09,CALL,70875,6,,,26.26,25.08,6,19,4,33,,,,,
2026/09/03 17:16,2026-09-03T17:31:57+09:00,2026/09/04,2026/09/10,2026-09,PUT,70875,6655,,,,,,,,,,,,,
2026/09/03 17:16,2026-09-03T17:31:57+09:00,2026/09/04,2026/09/10,2026-09,CALL,70750,7,,,26.31,25.29,7,15,5,5,,,,,
2026/09/03 17:16,2026-09-03T17:31:57+09:00,2026/09/04,2026/09/10,2026-09,PUT,70750,6530,,,,,,,3,10,,,,,
2026/09/03 17:16,2026-09-03T17:31:57+09:00,2026/09/04,2026/09/10,2026-09,CALL,70625,7,,,25.88,24.87,7,19,5,19,,,,,
2026/09/03 17:16,2026-09-03T17:31:57+09:00,2026/09/04,2026/09/10,2026-09,PUT,70625,6405,,,,,,,,,,,,,
2026/09/03 17:16,2026-09-03T17:31:57+09:00,2026/09/04,2026/09/10,2026-09,CALL,70500,7,,,25.86,24.97,8,23,6,2,,,,,
2026/09/03 17:16,2026-09-03T17:31:57+09:00,2026/09/04,2026/09/10,2026-09,PUT,70500,6280,,,,,,,3,10,,,,,
2026/09/03 17:16,2026-09-03T17:31:57+09:00,2026/09/04,2026/09/10,2026-09,CALL,70375,8,,,25.8,25,9,33,7,1,,,,,
2026/09/03 17:16,2026-09-03T17:31:57+09:00,2026/09/04,2026/09/10,2026-09,PUT,70375,6155,,,,,,,,,,,,,
2026/09/03 17:16,2026-09-03T17:31:57+09:00,2026/09/04,2026/09/10,2026-09,CALL,70250,8,,,25.35,24.56,9,16,7,20,,,,,
2026/09/03 17:16,2026-09-03T17:31:57+09:00,2026/09/04,2026/09/10,2026-09,PUT,70250,6030,,,,,,,3,10,,,,,
2026/09/03 17:16,2026-09-03T17:31:57+09:00,2026/09/04,2026/09/10,2026-09,CALL,70125,10,,,25.57,24.12,11,33,7,33,,,,,
2026/09/03 17:16,2026-09-03T17:31:57+09:00,2026/09/04,2026/09/10,2026-09,PUT,70125,5910,,,,,,,,,,,,,
2026/09/03 17:16,2026-09-03T17:31:57+09:00,2026/09/04,2026/09/10,2026-09,CALL,70000,10,,8,25.1,24.45,11,29,9,16,25.11,0,0,10,09/03 17:09
2026/09/03 17:16,2026-09-03T17:31:57+09:00,2026/09/04,2026/09/10,2026-09,PUT,70000,5785,,,,,,,4,4,,,,,
2026/09/03 17:16,2026-09-03T17:31:57+09:00,2026/09/04,2026/09/10,2026-09,CALL,69875,12,,,26.42,21.75,18,24,4,24,,,,,
2026/09/03 17:16,2026-09-03T17:31:57+09:00,2026/09/04,2026/09/10,2026-09,PUT,69875,5660,,,53.91,,5885,2,5100,2,,,,,
2026/09/03 17:16,2026-09-03T17:31:57+09:00,2026/09/04,2026/09/10,2026-09,CALL,69750,14,,,24.74,21.88,13,1,5,28,,,,,
2026/09/03 17:16,2026-09-03T17:31:57+09:00,2026/09/04,2026/09/10,2026-09,PUT,69750,5535,,,57.59,,5870,1,5080,1,,,,,
2026/09/03 17:16,2026-09-03T17:31:57+09:00,2026/09/04,2026/09/10,2026-09,CALL,69625,14,,,26.04,21.92,21,24,6,24,,,,,
2026/09/03 17:16,2026-09-03T17:31:57+09:00,2026/09/04,2026/09/10,2026-09,PUT,69625,5415,,,59.64,,5820,2,5030,2,,,,,
2026/09/03 17:16,2026-09-03T17:31:57+09:00,2026/09/04,2026/09/10,2026-09,CALL,69500,15,,5,24.27,24.03,15,2,14,1,24.05,-1,-6.67,14,09/03 17:14
2026/09/03 17:16,2026-09-03T17:31:57+09:00,2026/09/04,2026/09/10,2026-09,PUT,69500,5290,,,58.81,,5695,1,4905,1,,,,,
2026/09/03 17:16,2026-09-03T17:31:57+09:00,2026/09/04,2026/09/10,2026-09,CALL,69375,18,,,25.57,22.76,24,24,11,24,,,,,
2026/09/03 17:16,2026-09-03T17:31:57+09:00,2026/09/04,2026/09/10,2026-09,PUT,69375,5170,,,58.15,,5575,2,4780,2,,,,,
2026/09/03 17:16,2026-09-03T17:31:57+09:00,2026/09/04,2026/09/10,2026-09,CALL,69250,20,,,24.33,21.68,20,1,9,28,,,,,
2026/09/03 17:16,2026-09-03T17:31:57+09:00,2026/09/04,2026/09/10,2026-09,PUT,69250,5045,,,57.31,,5450,1,4660,1,,,,,
2026/09/03 17:16,2026-09-03T17:31:57+09:00,2026/09/04,2026/09/10,2026-09,CALL,69125,22,,,25.17,22.07,28,24,12,24,,,,,
2026/09/03 17:16,2026-09-03T17:31:57+09:00,2026/09/04,2026/09/10,2026-09,PUT,69125,4920,,,56.64,,5330,2,4535,2,,,,,
2026/09/03 17:16,2026-09-03T17:31:57+09:00,2026/09/04,2026/09/10,2026-09,CALL,69000,22,,3,24.17,23.84,25,5,23,2,24.12,2,9.09,24,09/03 17:12
2026/09/03 17:16,2026-09-03T17:31:57+09:00,2026/09/04,2026/09/10,2026-09,PUT,69000,4800,,,42.16,,4865,4,4285,4,,,,,
2026/09/03 17:16,2026-09-03T17:31:57+09:00,2026/09/04,2026/09/10,2026-09,CALL,68875,27,,,24.8,22.02,33,20,16,23,,,,,
2026/09/03 17:16,2026-09-03T17:31:57+09:00,2026/09/04,2026/09/10,2026-09,PUT,68875,4675,,,40.48,,4720,3,4440,3,,,,,
2026/09/03 17:16,2026-09-03T17:31:57+09:00,2026/09/04,2026/09/10,2026-09,CALL,68750,28,,,23.84,18.36,30,1,5,27,,,,,
2026/09/03 17:16,2026-09-03T17:31:57+09:00,2026/09/04,2026/09/10,2026-09,PUT,68750,4555,,,40.88,,4620,2,4180,2,,,,,
2026/09/03 17:16,2026-09-03T17:31:57+09:00,2026/09/04,2026/09/10,2026-09,CALL,68625,35,,,26.7,20.36,61,23,13,23,,,,,
2026/09/03 17:16,2026-09-03T17:31:57+09:00,2026/09/04,2026/09/10,2026-09,PUT,68625,4435,,,40.78,,4510,3,4185,8,,,,,
2026/09/03 17:16,2026-09-03T17:31:57+09:00,2026/09/04,2026/09/10,2026-09,CALL,68500,34,,2,23.86,23.26,39,1,34,1,23.65,2,5.88,36,09/03 17:10
2026/09/03 17:16,2026-09-03T17:31:57+09:00,2026/09/04,2026/09/10,2026-09,PUT,68500,4315,,,40,,4385,3,4075,3,,,,,
2026/09/03 17:16,2026-09-03T17:31:57+09:00,2026/09/04,2026/09/10,2026-09,CALL,68375,44,,,23.95,23.06,45,17,37,4,,,,,
2026/09/03 17:16,2026-09-03T17:31:57+09:00,2026/09/04,2026/09/10,2026-09,PUT,68375,4195,,,39.44,,4265,3,3945,8,,,,,
2026/09/03 17:16,2026-09-03T17:31:57+09:00,2026/09/04,2026/09/10,2026-09,CALL,68250,47,,,23.66,23.25,48,1,44,1,,,,,
2026/09/03 17:16,2026-09-03T17:31:57+09:00,2026/09/04,2026/09/10,2026-09,PUT,68250,4075,,,39.07,,4150,2,3825,8,,,,,
2026/09/03 17:16,2026-09-03T17:31:57+09:00,2026/09/04,2026/09/10,2026-09,CALL,68125,54,,,23.72,22.97,55,4,47,4,,,,,
2026/09/03 17:16,2026-09-03T17:31:57+09:00,2026/09/04,2026/09/10,2026-09,PUT,68125,3960,,,38.47,16.09,4030,3,3710,8,,,,,
2026/09/03 17:16,2026-09-03T17:31:57+09:00,2026/09/04,2026/09/10,2026-09,CALL,68000,55,,21,23.55,23.29,60,1,57,2,23.51,3,5.45,58,09/03 17:13
2026/09/03 17:16,2026-09-03T17:31:57+09:00,2026/09/04,2026/09/10,2026-09,PUT,68000,3835,,,35.55,,3855,22,3470,22,,,,,
2026/09/03 17:16,2026-09-03T17:31:57+09:00,2026/09/04,2026/09/10,2026-09,CALL,67875,67,,,23.73,22.76,70,16,58,4,,,,,
2026/09/03 17:16,2026-09-03T17:31:57+09:00,2026/09/04,2026/09/10,2026-09,PUT,67875,3720,,,42.56,17.71,3930,8,3470,8,,,,,
2026/09/03 17:16,2026-09-03T17:31:57+09:00,2026/09/04,2026/09/10,2026-09,CALL,67750,73,,,23.46,23.16,75,1,71,1,,,,,
2026/09/03 17:16,2026-09-03T17:31:57+09:00,2026/09/04,2026/09/10,2026-09,PUT,67750,3610,,,42.21,19.37,3820,8,3360,8,,,,,
2026/09/03 17:16,2026-09-03T17:31:57+09:00,2026/09/04,2026/09/10,2026-09,CALL,67625,81,,,23.57,22.73,86,3,74,14,,,,,
2026/09/03 17:16,2026-09-03T17:31:57+09:00,2026/09/04,2026/09/10,2026-09,PUT,67625,3490,,,41.66,19.36,3705,8,3240,8,,,,,
2026/09/03 17:16,2026-09-03T17:31:57+09:00,2026/09/04,2026/09/10,2026-09,CALL,67500,85,,,23.48,23.16,95,1,90,1,,,,,
2026/09/03 17:16,2026-09-03T17:31:57+09:00,2026/09/04,2026/09/10,2026-09,PUT,67500,3380,,,41.1,21.03,3590,3,3140,2,,,,,
2026/09/03 17:16,2026-09-03T17:31:57+09:00,2026/09/04,2026/09/10,2026-09,CALL,67375,102,,,23.52,22.79,107,3,95,3,,,,,
2026/09/03 17:16,2026-09-03T17:31:57+09:00,2026/09/04,2026/09/10,2026-09,PUT,67375,3265,,,40.69,20.38,3480,8,3015,7,,,,,
2026/09/03 17:16,2026-09-03T17:31:57+09:00,2026/09/04,2026/09/10,2026-09,CALL,67250,105,,,23.38,23.1,117,1,112,1,,,,,
2026/09/03 17:16,2026-09-03T17:31:57+09:00,2026/09/04,2026/09/10,2026-09,PUT,67250,3145,,,40.26,20.11,3370,8,2895,8,,,,,
2026/09/03 17:16,2026-09-03T17:31:57+09:00,2026/09/04,2026/09/10,2026-09,CALL,67125,124,,,23.5,22.82,133,14,120,14,,,,,
2026/09/03 17:16,2026-09-03T17:31:57+09:00,2026/09/04,2026/09/10,2026-09,PUT,67125,3035,,,39.8,20.46,3260,8,2785,8,,,,,
2026/09/03 17:16,2026-09-03T17:31:57+09:00,2026/09/04,2026/09/10,2026-09,CALL,67000,135,,4,23.4,23.11,146,1,140,2,23.24,7,5.19,142,09/03 17:14
2026/09/03 17:16,2026-09-03T17:31:57+09:00,2026/09/04,2026/09/10,2026-09,PUT,67000,2935,,,30.7,,2900,4,2425,7,,,,,
2026/09/03 17:16,2026-09-03T17:31:57+09:00,2026/09/04,2026/09/10,2026-09,CALL,66875,156,,,23.48,22.83,164,14,150,3,,,,,
2026/09/03 17:16,2026-09-03T17:31:57+09:00,2026/09/04,2026/09/10,2026-09,PUT,66875,2815,,,38.83,20.81,3040,8,2565,8,,,,,
2026/09/03 17:16,2026-09-03T17:31:57+09:00,2026/09/04,2026/09/10,2026-09,CALL,66750,171,,,23.36,23.05,179,1,172,1,,,,,
2026/09/03 17:16,2026-09-03T17:31:57+09:00,2026/09/04,2026/09/10,2026-09,PUT,66750,2710,,,38.3,21.08,2930,8,2460,8,,,,,
2026/09/03 17:16,2026-09-03T17:31:57+09:00,2026/09/04,2026/09/10,2026-09,CALL,66625,189,,,23.47,22.67,201,12,182,12,,,,,
2026/09/03 17:16,2026-09-03T17:31:57+09:00,2026/09/04,2026/09/10,2026-09,PUT,66625,2610,,,37.76,21.48,2820,8,2360,8,,,,,
2026/09/03 17:16,2026-09-03T17:31:57+09:00,2026/09/04,2026/09/10,2026-09,CALL,66500,209,,2,23.39,23.07,220,1,212,1,23.21,4,1.93,211,09/03 17:13
2026/09/03 17:16,2026-09-03T17:31:57+09:00,2026/09/04,2026/09/10,2026-09,PUT,66500,2480,,,37.18,20.9,2710,3,2240,3,,,,,
2026/09/03 17:16,2026-09-03T17:31:57+09:00,2026/09/04,2026/09/10,2026-09,CALL,66375,218,,,23.43,22.86,244,2,229,2,,,,,
2026/09/03 17:16,2026-09-03T17:31:57+09:00,2026/09/04,2026/09/10,2026-09,PUT,66375,2400,,,36.74,21.53,2605,8,2150,8,,,,,
2026/09/03 17:16,2026-09-03T17:31:57+09:00,2026/09/04,2026/09/10,2026-09,CALL,66250,259,,,23.52,23.09,271,1,259,1,,,,,
2026/09/03 17:16,2026-09-03T17:31:57+09:00,2026/09/04,2026/09/10,2026-09,PUT,66250,2295,,,36.27,20.87,2500,8,2030,8,,,,,
2026/09/03 17:16,2026-09-03T17:31:57+09:00,2026/09/04,2026/09/10,2026-09,CALL,66125,282,,,23.56,22.87,299,12,279,1,,,,,
2026/09/03 17:16,2026-09-03T17:31:57+09:00,2026/09/04,2026/09/10,2026-09,PUT,66125,2195,,,35.76,21.48,2395,8,1945,8,,,,,
2026/09/03 17:16,2026-09-03T17:31:57+09:00,2026/09/04,2026/09/10,2026-09,CALL,66000,297,,,23.47,23.14,325,5,315,1,,,,,
2026/09/03 17:16,2026-09-03T17:31:57+09:00,2026/09/04,2026/09/10,2026-09,PUT,66000,2110,,,30.07,14.22,2115,22,1665,4,,,,,
2026/09/03 17:16,2026-09-03T17:31:57+09:00,2026/09/04,2026/09/10,2026-09,CALL,65875,345,,,23.61,23.13,360,2,345,3,,,,,
2026/09/03 17:16,2026-09-03T17:31:57+09:00,2026/09/04,2026/09/10,2026-09,PUT,65875,2000,,,31.78,21.49,2085,3,1750,8,,,,,
2026/09/03 17:16,2026-09-03T17:31:57+09:00,2026/09/04,2026/09/10,2026-09,CALL,65750,375,,,23.51,23.2,390,1,380,5,,,,,
2026/09/03 17:16,2026-09-03T17:31:57+09:00,2026/09/04,2026/09/10,2026-09,PUT,65750,1910,,,34.21,19.34,2085,8,1590,7,,,,,
2026/09/03 17:16,2026-09-03T17:31:57+09:00,2026/09/04,2026/09/10,2026-09,CALL,65625,410,,,23.81,23.21,435,2,415,2,,,,,
2026/09/03 17:16,2026-09-03T17:31:57+09:00,2026/09/04,2026/09/10,2026-09,PUT,65625,1820,,,33.72,23.21,1985,8,1620,6,,,,,
2026/09/03 17:16,2026-09-03T17:31:57+09:00,2026/09/04,2026/09/10,2026-09,CALL,65500,440,,6,23.72,23.43,470,5,460,1,23.77,25,5.68,465,09/03 17:15
2026/09/03 17:16,2026-09-03T17:31:57+09:00,2026/09/04,2026/09/10,2026-09,PUT,65500,1740,,,30.97,21.96,1805,3,1490,3,,,,,
2026/09/03 17:16,2026-09-03T17:31:57+09:00,2026/09/04,2026/09/10,2026-09,CALL,65375,490,,,24,23.29,520,11,495,2,,,,,
2026/09/03 17:16,2026-09-03T17:31:57+09:00,2026/09/04,2026/09/10,2026-09,PUT,65375,1645,,,27.66,16.31,1605,3,1215,3,,,,,
2026/09/03 17:16,2026-09-03T17:31:57+09:00,2026/09/04,2026/09/10,2026-09,CALL,65250,535,,,23.79,23.37,555,1,540,5,,,,,
2026/09/03 17:16,2026-09-03T17:31:57+09:00,2026/09/04,2026/09/10,2026-09,PUT,65250,1565,,,26.56,18.67,1485,8,1205,8,,,,,
2026/09/03 17:16,2026-09-03T17:31:57+09:00,2026/09/04,2026/09/10,2026-09,CALL,65125,580,,,24.05,23.37,610,9,585,10,,,,,
2026/09/03 17:16,2026-09-03T17:31:57+09:00,2026/09/04,2026/09/10,2026-09,PUT,65125,1495,,,26.92,19.06,1420,8,1135,8,,,,,
2026/09/03 17:16,2026-09-03T17:31:57+09:00,2026/09/04,2026/09/10,2026-09,CALL,65000,595,,6,23.97,23.57,655,1,640,5,24.03,60,10.08,655,09/03 17:14
2026/09/03 17:16,2026-09-03T17:31:57+09:00,2026/09/04,2026/09/10,2026-09,PUT,65000,1425,,,27.47,20.03,1365,26,1090,26,,,,,
2026/09/03 17:16,2026-09-03T17:31:57+09:00,2026/09/04,2026/09/10,2026-09,CALL,64875,680,,,24.36,23.69,720,9,695,2,,,,,
2026/09/03 17:16,2026-09-03T17:31:57+09:00,2026/09/04,2026/09/10,2026-09,PUT,64875,1350,,,30.75,23.69,1415,3,1150,6,,,,,
2026/09/03 17:16,2026-09-03T17:31:57+09:00,2026/09/04,2026/09/10,2026-09,CALL,64750,735,,,24.14,23.75,765,1,750,3,,,,,
2026/09/03 17:16,2026-09-03T17:31:57+09:00,2026/09/04,2026/09/10,2026-09,PUT,64750,1260,,,26,23.22,1165,11,1060,7,,,,,
2026/09/03 17:16,2026-09-03T17:31:57+09:00,2026/09/04,2026/09/10,2026-09,CALL,64625,795,,,24.78,23.86,845,9,810,2,,,,,
2026/09/03 17:16,2026-09-03T17:31:57+09:00,2026/09/04,2026/09/10,2026-09,PUT,64625,1200,,,30.05,23.46,1250,5,1000,7,,,,,
2026/09/03 17:16,2026-09-03T17:31:57+09:00,2026/09/04,2026/09/10,2026-09,CALL,64500,835,,,24.29,23.9,885,1,870,3,,,,,
2026/09/03 17:16,2026-09-03T17:31:57+09:00,2026/09/04,2026/09/10,2026-09,PUT,64500,1140,,,25.87,23.77,1025,18,945,3,,,,,
2026/09/03 17:16,2026-09-03T17:31:57+09:00,2026/09/04,2026/09/10,2026-09,CALL,64375,905,,,25.05,23.86,975,9,930,9,,,,,
2026/09/03 17:16,2026-09-03T17:31:57+09:00,2026/09/04,2026/09/10,2026-09,PUT,64375,1050,,,25.84,23.73,960,7,880,7,,,,,
2026/09/03 17:16,2026-09-03T17:31:57+09:00,2026/09/04,2026/09/10,2026-09,CALL,64250,980,,,24.95,23.89,1035,10,995,10,,,,,
2026/09/03 17:16,2026-09-03T17:31:57+09:00,2026/09/04,2026/09/10,2026-09,PUT,64250,1005,,1,25.08,24.55,870,2,850,1,24.28,-185,-18.14,835,09/03 17:08
2026/09/03 17:16,2026-09-03T17:31:57+09:00,2026/09/04,2026/09/10,2026-09,CALL,64125,1045,,,25.44,23.98,1120,9,1065,9,,,,,
2026/09/03 17:16,2026-09-03T17:31:57+09:00,2026/09/04,2026/09/10,2026-09,PUT,64125,940,,,25.31,24.64,820,11,795,4,,,,,
2026/09/03 17:16,2026-09-03T17:31:57+09:00,2026/09/04,2026/09/10,2026-09,CALL,64000,1115,,,25.34,23.86,1185,22,1130,22,,,,,
2026/09/03 17:16,2026-09-03T17:31:57+09:00,2026/09/04,2026/09/10,2026-09,PUT,64000,870,,5,25.34,24.8,765,1,745,24,25.47,-125,-14.37,745,09/03 17:07
2026/09/03 17:16,2026-09-03T17:31:57+09:00,2026/09/04,2026/09/10,2026-09,CALL,63875,1200,,,26.11,23.8,1285,10,1200,6,,,,,
2026/09/03 17:16,2026-09-03T17:31:57+09:00,2026/09/04,2026/09/10,2026-09,PUT,63875,840,,,25.57,24.48,720,2,680,9,,,,,
2026/09/03 17:16,2026-09-03T17:31:57+09:00,2026/09/04,2026/09/10,2026-09,CALL,63750,1295,,,26.28,23.94,1365,7,1280,7,,,,,
2026/09/03 17:16,2026-09-03T17:31:57+09:00,2026/09/04,2026/09/10,2026-09,PUT,63750,760,,,25.59,25.18,670,1,655,2,,,,,
2026/09/03 17:16,2026-09-03T17:31:57+09:00,2026/09/04,2026/09/10,2026-09,CALL,63625,1370,,,26.39,24.01,1445,10,1360,6,,,,,
2026/09/03 17:16,2026-09-03T17:31:57+09:00,2026/09/04,2026/09/10,2026-09,PUT,63625,725,,,25.83,25.14,630,2,605,10,,,,,
2026/09/03 17:16,2026-09-03T17:31:57+09:00,2026/09/04,2026/09/10,2026-09,CALL,63500,1440,,1,26.44,23.72,1525,12,1430,16,24.01,0,0,1450,09/03 17:03
2026/09/03 17:16,2026-09-03T17:31:57+09:00,2026/09/04,2026/09/10,2026-09,PUT,63500,665,,,25.87,25.44,585,1,570,3,,,,,
2026/09/03 17:16,2026-09-03T17:31:57+09:00,2026/09/04,2026/09/10,2026-09,CALL,63375,1525,,,29.86,17.98,1725,6,1325,6,,,,,
2026/09/03 17:16,2026-09-03T17:31:57+09:00,2026/09/04,2026/09/10,2026-09,PUT,63375,645,,,26.71,25.11,570,2,515,2,,,,,
2026/09/03 17:16,2026-09-03T17:31:57+09:00,2026/09/04,2026/09/10,2026-09,CALL,63250,1610,,,27.36,23.93,1720,11,1605,11,,,,,
2026/09/03 17:16,2026-09-03T17:31:57+09:00,2026/09/04,2026/09/10,2026-09,PUT,63250,595,,1,26.18,25.88,510,1,500,3,26.1,-425,-45.21,515,09/03 17:13
2026/09/03 17:16,2026-09-03T17:31:57+09:00,2026/09/04,2026/09/10,2026-09,CALL,63125,1705,,,30.2,17.71,1900,3,1505,8,,,,,
2026/09/03 17:16,2026-09-03T17:31:57+09:00,2026/09/04,2026/09/10,2026-09,PUT,63125,550,,,26.77,25.86,490,11,460,3,,,,,
2026/09/03 17:16,2026-09-03T17:31:57+09:00,2026/09/04,2026/09/10,2026-09,CALL,63000,1730,,,27.32,19.79,1890,18,1660,26,,,,,
2026/09/03 17:16,2026-09-03T17:31:57+09:00,2026/09/04,2026/09/10,2026-09,PUT,63000,515,,6,26.55,26.23,445,1,435,5,26.79,0,0,450,09/03 17:06
2026/09/03 17:16,2026-09-03T17:31:57+09:00,2026/09/04,2026/09/10,2026-09,CALL,62875,1890,,,30.64,17.31,2085,3,1695,3,,,,,
2026/09/03 17:16,2026-09-03T17:31:57+09:00,2026/09/04,2026/09/10,2026-09,PUT,62875,500,,,27.2,26.08,430,2,395,2,,,,,
2026/09/03 17:16,2026-09-03T17:31:57+09:00,2026/09/04,2026/09/10,2026-09,CALL,62750,1970,,,30.39,16.17,2165,8,1775,8,,,,,
2026/09/03 17:16,2026-09-03T17:31:57+09:00,2026/09/04,2026/09/10,2026-09,PUT,62750,465,,,27,26.5,390,5,375,5,,,,,
2026/09/03 17:16,2026-09-03T17:31:57+09:00,2026/09/04,2026/09/10,2026-09,CALL,62625,2060,,,32,11.31,2305,3,1815,3,,,,,
2026/09/03 17:16,2026-09-03T17:31:57+09:00,2026/09/04,2026/09/10,2026-09,PUT,62625,430,,,27.4,26.55,370,3,345,12,,,,,
2026/09/03 17:16,2026-09-03T17:31:57+09:00,2026/09/04,2026/09/10,2026-09,CALL,62500,2170,,,32.64,9.5,2415,3,1925,3,,,,,
2026/09/03 17:16,2026-09-03T17:31:57+09:00,2026/09/04,2026/09/10,2026-09,PUT,62500,395,,,27.41,27.06,340,1,330,5,,,,,
2026/09/03 17:16,2026-09-03T17:31:57+09:00,2026/09/04,2026/09/10,2026-09,CALL,62375,2275,,,33.08,,2520,3,2030,3,,,,,
2026/09/03 17:16,2026-09-03T17:31:57+09:00,2026/09/04,2026/09/10,2026-09,PUT,62375,375,,,27.9,27.16,325,12,305,12,,,,,
2026/09/03 17:16,2026-09-03T17:31:57+09:00,2026/09/04,2026/09/10,2026-09,CALL,62250,2365,,,32.98,,2610,2,2120,2,,,,,
2026/09/03 17:16,2026-09-03T17:31:57+09:00,2026/09/04,2026/09/10,2026-09,PUT,62250,355,,,27.9,27.4,298,1,285,1,,,,,
2026/09/03 17:16,2026-09-03T17:31:57+09:00,2026/09/04,2026/09/10,2026-09,CALL,62125,2470,,,33.34,,2715,3,2225,3,,,,,
2026/09/03 17:16,2026-09-03T17:31:57+09:00,2026/09/04,2026/09/10,2026-09,PUT,62125,330,,,28.22,27.39,281,2,260,2,,,,,
2026/09/03 17:16,2026-09-03T17:31:57+09:00,2026/09/04,2026/09/10,2026-09,CALL,62000,2565,,,33.31,,2810,22,2330,22,,,,,
2026/09/03 17:16,2026-09-03T17:31:57+09:00,2026/09/04,2026/09/10,2026-09,PUT,62000,310,,21,28.38,27.97,261,1,251,1,27.77,-50,-16.13,260,09/03 17:09
2026/09/03 17:16,2026-09-03T17:31:57+09:00,2026/09/04,2026/09/10,2026-09,CALL,61875,2680,,,33.96,,2925,3,2435,3,,,,,
2026/09/03 17:16,2026-09-03T17:31:57+09:00,2026/09/04,2026/09/10,2026-09,PUT,61875,288,,,28.66,27.98,245,2,229,2,,,,,
2026/09/03 17:16,2026-09-03T17:31:57+09:00,2026/09/04,2026/09/10,2026-09,CALL,61750,2785,,,34.21,,3030,2,2540,2,,,,,
2026/09/03 17:16,2026-09-03T17:31:57+09:00,2026/09/04,2026/09/10,2026-09,PUT,61750,272,,,28.76,28.36,226,1,217,1,,,,,
2026/09/03 17:16,2026-09-03T17:31:57+09:00,2026/09/04,2026/09/10,2026-09,CALL,61625,2885,,,34.23,,3130,3,2640,3,,,,,
2026/09/03 17:16,2026-09-03T17:31:57+09:00,2026/09/04,2026/09/10,2026-09,PUT,61625,253,,,29.13,28.43,214,2,199,12,,,,,
2026/09/03 17:16,2026-09-03T17:31:57+09:00,2026/09/04,2026/09/10,2026-09,CALL,61500,2995,,,34.19,,3230,3,2750,3,,,,,
2026/09/03 17:16,2026-09-03T17:31:57+09:00,2026/09/04,2026/09/10,2026-09,PUT,61500,244,,3,29.31,28.98,199,1,192,1,29.75,-44,-18.03,200,09/03 17:07
2026/09/03 17:16,2026-09-03T17:31:57+09:00,2026/09/04,2026/09/10,2026-09,CALL,61375,3105,,,34.93,,3350,3,2860,3,,,,,
2026/09/03 17:16,2026-09-03T17:31:57+09:00,2026/09/04,2026/09/10,2026-09,PUT,61375,224,,,29.65,29,188,3,175,3,,,,,
2026/09/03 17:16,2026-09-03T17:31:57+09:00,2026/09/04,2026/09/10,2026-09,CALL,61250,3205,,,34.8,,3450,2,2960,2,,,,,
2026/09/03 17:16,2026-09-03T17:31:57+09:00,2026/09/04,2026/09/10,2026-09,PUT,61250,214,,,29.8,29.48,174,1,168,1,,,,,
2026/09/03 17:16,2026-09-03T17:31:57+09:00,2026/09/04,2026/09/10,2026-09,CALL,61125,3325,,,35.5,,3570,3,3080,3,,,,,
2026/09/03 17:16,2026-09-03T17:31:57+09:00,2026/09/04,2026/09/10,2026-09,PUT,61125,198,,,30.16,29.56,165,3,154,11,,,,,
2026/09/03 17:16,2026-09-03T17:31:57+09:00,2026/09/04,2026/09/10,2026-09,CALL,61000,3440,,,35.74,,3680,22,3195,22,,,,,
2026/09/03 17:16,2026-09-03T17:31:57+09:00,2026/09/04,2026/09/10,2026-09,PUT,61000,178,,10,30.33,30.05,153,1,148,1,29.95,-29,-16.29,149,09/03 17:13
2026/09/03 17:16,2026-09-03T17:31:57+09:00,2026/09/04,2026/09/10,2026-09,CALL,60875,3550,,,36.17,,3795,3,3305,3,,,,,
2026/09/03 17:16,2026-09-03T17:31:57+09:00,2026/09/04,2026/09/10,2026-09,PUT,60875,175,,,30.75,30.09,146,14,135,11,,,,,
2026/09/03 17:16,2026-09-03T17:31:57+09:00,2026/09/04,2026/09/10,2026-09,CALL,60750,3655,,,36.09,,3900,2,3410,2,,,,,
2026/09/03 17:16,2026-09-03T17:31:57+09:00,2026/09/04,2026/09/10,2026-09,PUT,60750,163,,,30.96,30.58,136,1,130,1,,,,,
2026/09/03 17:16,2026-09-03T17:31:57+09:00,2026/09/04,2026/09/10,2026-09,CALL,60625,3780,,,36.96,,4025,3,3535,3,,,,,
2026/09/03 17:16,2026-09-03T17:31:57+09:00,2026/09/04,2026/09/10,2026-09,PUT,60625,154,,,31.38,30.73,130,14,120,3,,,,,
2026/09/03 17:16,2026-09-03T17:31:57+09:00,2026/09/04,2026/09/10,2026-09,CALL,60500,3885,,,36.54,,4125,3,3640,3,,,,,
2026/09/03 17:16,2026-09-03T17:31:57+09:00,2026/09/04,2026/09/10,2026-09,PUT,60500,140,,,31.58,31.17,121,1,115,1,,,,,
2026/09/03 17:16,2026-09-03T17:31:57+09:00,2026/09/04,2026/09/10,2026-09,CALL,60375,4005,,,37.39,,4250,3,3760,3,,,,,
2026/09/03 17:16,2026-09-03T17:31:57+09:00,2026/09/04,2026/09/10,2026-09,PUT,60375,137,,,31.87,31.31,114,3,106,3,,,,,
2026/09/03 17:16,2026-09-03T17:31:57+09:00,2026/09/04,2026/09/10,2026-09,CALL,60250,4130,,,38.24,,4375,2,3885,2,,,,,
2026/09/03 17:16,2026-09-03T17:31:57+09:00,2026/09/04,2026/09/10,2026-09,PUT,60250,129,,,32.14,31.7,107,1,101,1,,,,,
2026/09/03 17:16,2026-09-03T17:31:57+09:00,2026/09/04,2026/09/10,2026-09,CALL,60125,4240,,,38.53,,4490,8,3995,3,,,,,
2026/09/03 17:16,2026-09-03T17:31:57+09:00,2026/09/04,2026/09/10,2026-09,PUT,60125,123,,,32.6,31.83,103,14,93,14,,,,,
2026/09/03 17:16,2026-09-03T17:31:57+09:00,2026/09/04,2026/09/10,2026-09,CALL,60000,4360,,,37.28,,4580,22,4115,22,,,,,
2026/09/03 17:16,2026-09-03T17:31:57+09:00,2026/09/04,2026/09/10,2026-09,PUT,60000,127,,14,32.73,32.41,95,2,91,1,32.78,-32,-25.2,95,09/03 17:08
2026/09/03 17:16,2026-09-03T17:31:57+09:00,2026/09/04,2026/09/10,2026-09,CALL,59875,4475,,,39.32,,4725,8,4230,3,,,,,
2026/09/03 17:16,2026-09-03T17:31:57+09:00,2026/09/04,2026/09/10,2026-09,PUT,59875,110,,,33.15,32.47,91,3,83,14,,,,,
2026/09/03 17:16,2026-09-03T17:31:57+09:00,2026/09/04,2026/09/10,2026-09,CALL,59750,4600,,,40.14,,4850,8,4355,2,,,,,
2026/09/03 17:16,2026-09-03T17:31:57+09:00,2026/09/04,2026/09/10,2026-09,PUT,59750,103,,,33.37,33.1,85,1,82,1,,,,,
2026/09/03 17:16,2026-09-03T17:31:57+09:00,2026/09/04,2026/09/10,2026-09,CALL,59625,4710,,,40.02,,4960,8,4465,3,,,,,
2026/09/03 17:16,2026-09-03T17:31:57+09:00,2026/09/04,2026/09/10,2026-09,PUT,59625,100,,,34.01,,84,2,,,,,,,
2026/09/03 17:16,2026-09-03T17:31:57+09:00,2026/09/04,2026/09/10,2026-09,CALL,59500,4830,,,39.84,,5070,3,4585,3,,,,,
2026/09/03 17:16,2026-09-03T17:31:57+09:00,2026/09/04,2026/09/10,2026-09,PUT,59500,96,,6,34.09,33.7,77,1,73,1,33.67,-19,-19.79,77,09/03 17:09
2026/09/03 17:16,2026-09-03T17:31:57+09:00,2026/09/04,2026/09/10,2026-09,CALL,59375,4955,,,41.31,,5205,8,4710,3,,,,,
2026/09/03 17:16,2026-09-03T17:31:57+09:00,2026/09/04,2026/09/10,2026-09,PUT,59375,89,,,34.51,33.91,74,4,68,4,,,,,
2026/09/03 17:16,2026-09-03T17:31:57+09:00,2026/09/04,2026/09/10,2026-09,CALL,59250,5070,,,41.42,,5320,8,4825,2,,,,,
2026/09/03 17:16,2026-09-03T17:31:57+09:00,2026/09/04,2026/09/10,2026-09,PUT,59250,84,,,34.72,34.4,69,1,66,1,,,,,
2026/09/03 17:16,2026-09-03T17:31:57+09:00,2026/09/04,2026/09/10,2026-09,CALL,59125,5195,,,42.21,,5445,8,4950,3,,,,,
2026/09/03 17:16,2026-09-03T17:31:57+09:00,2026/09/04,2026/09/10,2026-09,PUT,59125,81,,,35.21,34.56,67,4,61,16,,,,,
2026/09/03 17:16,2026-09-03T17:31:57+09:00,2026/09/04,2026/09/10,2026-09,CALL,59000,5315,,,37.73,,5505,18,5220,22,,,,,
2026/09/03 17:16,2026-09-03T17:31:57+09:00,2026/09/04,2026/09/10,2026-09,PUT,59000,78,,19,35.47,35.02,63,1,59,1,35.3,-17,-21.79,61,09/03 17:08
2026/09/03 17:16,2026-09-03T17:31:57+09:00,2026/09/04,2026/09/10,2026-09,CALL,58875,5435,,,43.06,,5685,6,5190,5,,,,,
2026/09/03 17:16,2026-09-03T17:31:57+09:00,2026/09/04,2026/09/10,2026-09,PUT,58875,74,,,36.16,34.73,63,2,51,10,,,,,
2026/09/03 17:16,2026-09-03T17:31:57+09:00,2026/09/04,2026/09/10,2026-09,CALL,58750,5555,,,43.46,,5805,7,5310,6,,,,,
2026/09/03 17:16,2026-09-03T17:31:57+09:00,2026/09/04,2026/09/10,2026-09,PUT,58750,70,,,36.39,35.27,59,1,50,1,,,,,
2026/09/03 17:16,2026-09-03T17:31:57+09:00,2026/09/04,2026/09/10,2026-09,CALL,58625,5680,,,44.24,,5930,6,5435,5,,,,,
2026/09/03 17:16,2026-09-03T17:31:57+09:00,2026/09/04,2026/09/10,2026-09,PUT,58625,67,,,36.83,35.94,57,17,50,16,,,,,
2026/09/03 17:16,2026-09-03T17:31:57+09:00,2026/09/04,2026/09/10,2026-09,CALL,58500,5795,,,44.21,,6045,12,5550,10,,,,,
2026/09/03 17:16,2026-09-03T17:31:57+09:00,2026/09/04,2026/09/10,2026-09,PUT,58500,65,,,37,36.47,53,1,49,1,,,,,
2026/09/03 17:16,2026-09-03T17:31:57+09:00,2026/09/04,2026/09/10,2026-09,CALL,58375,5920,,,44.97,,6170,6,5675,5,,,,,
2026/09/03 17:16,2026-09-03T17:31:57+09:00,2026/09/04,2026/09/10,2026-09,PUT,58375,61,,,38.69,36.13,61,17,42,10,,,,,
2026/09/03 17:16,2026-09-03T17:31:57+09:00,2026/09/04,2026/09/10,2026-09,CALL,58250,6045,,,45.74,,6295,7,5800,6,,,,,
2026/09/03 17:16,2026-09-03T17:31:57+09:00,2026/09/04,2026/09/10,2026-09,PUT,58250,57,,,37.67,37.24,48,1,45,1,,,,,
2026/09/03 17:16,2026-09-03T17:31:57+09:00,2026/09/04,2026/09/10,2026-09,CALL,58000,6285,,,46.39,,6535,18,6040,15,,,,,
2026/09/03 17:16,2026-09-03T17:31:57+09:00,2026/09/04,2026/09/10,2026-09,PUT,58000,55,,,38.56,38.09,45,51,42,1,,,,,
2026/09/03 17:16,2026-09-03T17:31:57+09:00,2026/09/04,2026/09/10,2026-09,CALL,57750,6535,,,47.89,,6785,7,6300,6,,,,,
2026/09/03 17:16,2026-09-03T17:31:57+09:00,2026/09/04,2026/09/10,2026-09,PUT,57750,48,,,39.24,38.57,41,1,37,21,,,,,
2026/09/03 17:16,2026-09-03T17:31:57+09:00,2026/09/04,2026/09/10,2026-09,CALL,57500,6780,,,,,,,3,10,,,,,
2026/09/03 17:16,2026-09-03T17:31:57+09:00,2026/09/04,2026/09/10,2026-09,PUT,57500,45,,2,40.2,39.67,39,8,36,1,39.68,-3,-6.67,42,09/03 17:02
2026/09/03 17:16,2026-09-03T17:31:57+09:00,2026/09/04,2026/09/10,2026-09,CALL,57250,7025,,,,,,,10,5,,,,,
2026/09/03 17:16,2026-09-03T17:31:57+09:00,2026/09/04,2026/09/10,2026-09,PUT,57250,43,,,42.51,39.35,45,27,28,24,,,,,
2026/09/03 17:16,2026-09-03T17:31:57+09:00,2026/09/04,2026/09/10,2026-09,CALL,57000,7270,,,,,,,,,,,,,
2026/09/03 17:16,2026-09-03T17:31:57+09:00,2026/09/04,2026/09/10,2026-09,PUT,57000,38,,2,42.05,41.04,35,54,30,12,41.52,-4,-11.11,32,09/03 17:11
2026/09/03 17:16,2026-09-03T17:31:57+09:00,2026/09/04,2026/09/10,2026-09,CALL,56750,7515,,,,,,,,,,,,,
2026/09/03 17:16,2026-09-03T17:31:57+09:00,2026/09/04,2026/09/10,2026-09,PUT,56750,36,,,45.65,33.48,48,28,5,28,,,,,
2026/09/03 17:16,2026-09-03T17:31:57+09:00,2026/09/04,2026/09/10,2026-09,CALL,56500,7765,,,,,,,,,,,,,
2026/09/03 17:16,2026-09-03T17:31:57+09:00,2026/09/04,2026/09/10,2026-09,PUT,56500,33,,,43.99,42.37,32,11,25,8,,,,,
2026/09/03 17:16,2026-09-03T17:31:57+09:00,2026/09/04,2026/09/10,2026-09,CALL,56250,8015,,,,,,,,,,,,,
2026/09/03 17:16,2026-09-03T17:31:57+09:00,2026/09/04,2026/09/10,2026-09,PUT,56250,33,,,44.1,38.05,27,1,9,28,,,,,
2026/09/03 17:16,2026-09-03T17:31:57+09:00,2026/09/04,2026/09/10,2026-09,CALL,56000,8260,,,,,,,,,,,,,
2026/09/03 17:16,2026-09-03T17:31:57+09:00,2026/09/04,2026/09/10,2026-09,PUT,56000,30,,3,44.57,44.02,24,1,22,54,44.28,-4,-14.81,23,09/03 17:14
2026/09/03 17:16,2026-09-03T17:31:57+09:00,2026/09/04,2026/09/10,2026-09,CALL,55750,8510,,,,,,,,,,,,,
2026/09/03 17:16,2026-09-03T17:31:57+09:00,2026/09/04,2026/09/10,2026-09,PUT,55750,30,,,48.24,42.55,34,28,14,3,,,,,
2026/09/03 17:16,2026-09-03T17:31:57+09:00,2026/09/04,2026/09/10,2026-09,CALL,55500,8760,,,,,,,,,,,,,
2026/09/03 17:16,2026-09-03T17:31:57+09:00,2026/09/04,2026/09/10,2026-09,PUT,55500,26,,,46.46,45.84,22,8,20,8,,,,,
2026/09/03 17:16,2026-09-03T17:31:57+09:00,2026/09/04,2026/09/10,2026-09,CALL,55250,9005,,,,,,,,,,,,,
2026/09/03 17:16,2026-09-03T17:31:57+09:00,2026/09/04,2026/09/10,2026-09,PUT,55250,26,,,48.83,45.66,26,28,16,28,,,,,
2026/09/03 17:16,2026-09-03T17:31:57+09:00,2026/09/04,2026/09/10,2026-09,CALL,55000,9255,,,,,,,,,,,,,
2026/09/03 17:16,2026-09-03T17:31:57+09:00,2026/09/04,2026/09/10,2026-09,PUT,55000,22,,,48.27,47.22,20,12,17,54,,,,,
2026/09/03 17:16,2026-09-03T17:31:57+09:00,2026/09/04,2026/09/10,2026-09,CALL,54750,9505,,,,,,,,,,,,,
2026/09/03 17:16,2026-09-03T17:31:57+09:00,2026/09/04,2026/09/10,2026-09,PUT,54750,23,,,50.13,44.73,22,25,9,3,,,,,
2026/09/03 17:16,2026-09-03T17:31:57+09:00,2026/09/04,2026/09/10,2026-09,CALL,54500,9755,,,,,,,,,,,,,
2026/09/03 17:16,2026-09-03T17:31:57+09:00,2026/09/04,2026/09/10,2026-09,PUT,54500,21,,,49.99,48.81,18,8,15,8,,,,,
2026/09/03 17:16,2026-09-03T17:31:57+09:00,2026/09/04,2026/09/10,2026-09,CALL,54250,10000,,,,,,,,,,,,,
2026/09/03 17:16,2026-09-03T17:31:57+09:00,2026/09/04,2026/09/10,2026-09,PUT,54250,20,,,54.12,48.11,27,28,11,28,,,,,
2026/09/03 17:16,2026-09-03T17:31:57+09:00,2026/09/04,2026/09/10,2026-09,CALL,54000,10250,,,,,,,,,,,,,
2026/09/03 17:16,2026-09-03T17:31:57+09:00,2026/09/04,2026/09/10,2026-09,PUT,54000,19,,15,51.18,50.27,15,1,13,12,50.87,-5,-25,15,09/03 17:09
2026/09/03 17:16,2026-09-03T17:31:57+09:00,2026/09/04,2026/09/10,2026-09,CALL,53750,10500,,,,,,,,,,,,,
2026/09/03 17:16,2026-09-03T17:31:57+09:00,2026/09/04,2026/09/10,2026-09,PUT,53750,18,,,55.73,45.11,24,28,4,28,,,,,
2026/09/03 17:16,2026-09-03T17:31:57+09:00,2026/09/04,2026/09/10,2026-09,CALL,53500,10750,,,,,,,,,,,,,
2026/09/03 17:16,2026-09-03T17:31:57+09:00,2026/09/04,2026/09/10,2026-09,PUT,53500,17,,,53.56,52.11,15,36,12,8,,,,,
2026/09/03 17:16,2026-09-03T17:31:57+09:00,2026/09/04,2026/09/10,2026-09,CALL,53250,10995,,,,,,,,,,,,,
2026/09/03 17:16,2026-09-03T17:31:57+09:00,2026/09/04,2026/09/10,2026-09,PUT,53250,17,,,56.83,47.22,20,28,4,28,,,,,
2026/09/03 17:16,2026-09-03T17:31:57+09:00,2026/09/04,2026/09/10,2026-09,CALL,53000,11245,,,,,,,,,,,,,
2026/09/03 17:16,2026-09-03T17:31:57+09:00,2026/09/04,2026/09/10,2026-09,PUT,53000,15,,5,54.98,53.29,13,12,10,17,53.82,-3,-21.43,11,09/03 17:15
2026/09/03 17:16,2026-09-03T17:31:57+09:00,2026/09/04,2026/09/10,2026-09,CALL,52750,11495,,,,,,,,,,,,,
2026/09/03 17:16,2026-09-03T17:31:57+09:00,2026/09/04,2026/09/10,2026-09,PUT,52750,15,,,59.3,49.35,20,28,4,28,,,,,
2026/09/03 17:16,2026-09-03T17:31:57+09:00,2026/09/04,2026/09/10,2026-09,CALL,52500,11745,,,,,,,,,,,,,
2026/09/03 17:16,2026-09-03T17:31:57+09:00,2026/09/04,2026/09/10,2026-09,PUT,52500,14,,,55.61,54.94,10,2,9,23,,,,,
2026/09/03 17:16,2026-09-03T17:31:57+09:00,2026/09/04,2026/09/10,2026-09,CALL,52250,11995,,,,,,,,,,,,,
2026/09/03 17:16,2026-09-03T17:31:57+09:00,2026/09/04,2026/09/10,2026-09,PUT,52250,14,,,57.4,55.36,11,15,8,42,,,,,
2026/09/03 17:16,2026-09-03T17:31:57+09:00,2026/09/04,2026/09/10,2026-09,CALL,52000,12245,,,,,,,,,,,,,
2026/09/03 17:16,2026-09-03T17:31:57+09:00,2026/09/04,2026/09/10,2026-09,PUT,52000,12,,,57.93,56.5,10,12,8,120,,,,,
2026/09/03 17:16,2026-09-03T17:31:57+09:00,2026/09/04,2026/09/10,2026-09,CALL,51750,12490,,,,,,,,,,,,,
2026/09/03 17:16,2026-09-03T17:31:57+09:00,2026/09/04,2026/09/10,2026-09,PUT,51750,12,,,59.1,57.65,10,20,8,18,,,,,
2026/09/03 17:16,2026-09-03T17:31:57+09:00,2026/09/04,2026/09/10,2026-09,CALL,51500,12740,,,,,,,,,,,,,
2026/09/03 17:16,2026-09-03T17:31:57+09:00,2026/09/04,2026/09/10,2026-09,PUT,51500,12,,,59.57,57.95,9,23,7,23,,,,,
2026/09/03 17:16,2026-09-03T17:31:57+09:00,2026/09/04,2026/09/10,2026-09,CALL,51250,12990,,,,,,,,,,,,,
2026/09/03 17:16,2026-09-03T17:31:57+09:00,2026/09/04,2026/09/10,2026-09,PUT,51250,11,,,60.73,59.09,9,20,7,20,,,,,
2026/09/03 17:16,2026-09-03T17:31:57+09:00,2026/09/04,2026/09/10,2026-09,CALL,51000,13240,,,,,,,,,,,,,
2026/09/03 17:16,2026-09-03T17:31:57+09:00,2026/09/04,2026/09/10,2026-09,PUT,51000,10,,2,61.11,60.23,8,12,7,13,59.95,-1,-12.5,7,09/03 17:09
2026/09/03 17:16,2026-09-03T17:31:57+09:00,2026/09/04,2026/09/10,2026-09,CALL,50750,13490,,,,,,,,,,,,,
2026/09/03 17:16,2026-09-03T17:31:57+09:00,2026/09/04,2026/09/10,2026-09,PUT,50750,10,,,62.27,60.4,8,20,6,20,,,,,
2026/09/03 17:16,2026-09-03T17:31:57+09:00,2026/09/04,2026/09/10,2026-09,CALL,50500,13740,,,,,,,,,,,,,
2026/09/03 17:16,2026-09-03T17:31:57+09:00,2026/09/04,2026/09/10,2026-09,PUT,50500,10,,,63.43,61.53,8,15,6,23,,,,,
2026/09/03 17:16,2026-09-03T17:31:57+09:00,2026/09/04,2026/09/10,2026-09,CALL,50250,13990,,,,,,,,,,,,,
2026/09/03 17:16,2026-09-03T17:31:57+09:00,2026/09/04,2026/09/10,2026-09,PUT,50250,8,,,63.69,61.52,7,20,5,15,,,,,
2026/09/03 17:16,2026-09-03T17:31:57+09:00,2026/09/04,2026/09/10,2026-09,CALL,50000,14240,,,,,,,,,,,,,
2026/09/03 17:16,2026-09-03T17:31:57+09:00,2026/09/04,2026/09/10,2026-09,PUT,50000,8,,42,64.85,63.82,7,27,6,8,63.8,-2,-25,6,09/03 17:14
2026/09/03 17:16,2026-09-03T17:31:57+09:00,2026/09/04,2026/09/10,2026-09,CALL,49750,14490,,,,,,,,,,,,,
2026/09/03 17:16,2026-09-03T17:31:57+09:00,2026/09/04,2026/09/10,2026-09,PUT,49750,8,,,66.01,63.78,7,17,5,20,,,,,
2026/09/03 17:16,2026-09-03T17:31:57+09:00,2026/09/04,2026/09/10,2026-09,CALL,49500,14735,,,,,,,,,,,,,
2026/09/03 17:16,2026-09-03T17:31:57+09:00,2026/09/04,2026/09/10,2026-09,PUT,49500,8,,,66.12,63.52,6,8,4,15,,,,,
2026/09/03 17:16,2026-09-03T17:31:57+09:00,2026/09/04,2026/09/10,2026-09,CALL,49250,14985,,,,,,,,,,,,,
2026/09/03 17:16,2026-09-03T17:31:57+09:00,2026/09/04,2026/09/10,2026-09,PUT,49250,7,,,68.35,64.63,7,37,4,20,,,,,
2026/09/03 17:16,2026-09-03T17:31:57+09:00,2026/09/04,2026/09/10,2026-09,CALL,49000,15235,,,,,,,,,,,,,
2026/09/03 17:16,2026-09-03T17:31:57+09:00,2026/09/04,2026/09/10,2026-09,PUT,49000,6,,,68.44,65.76,6,15,4,27,,,,,
2026/09/03 17:16,2026-09-03T17:31:57+09:00,2026/09/04,2026/09/10,2026-09,CALL,48750,15485,,,,,,,,,,,,,
2026/09/03 17:16,2026-09-03T17:31:57+09:00,2026/09/04,2026/09/10,2026-09,PUT,48750,6,,,69.6,65.11,6,17,3,15,,,,,
2026/09/03 17:16,2026-09-03T17:31:57+09:00,2026/09/04,2026/09/10,2026-09,CALL,48500,15735,,,,,,,,,,,,,
2026/09/03 17:16,2026-09-03T17:31:57+09:00,2026/09/04,2026/09/10,2026-09,PUT,48500,5,,,69.5,66.22,5,23,3,15,,,,,
2026/09/03 17:16,2026-09-03T17:31:57+09:00,2026/09/04,2026/09/10,2026-09,CALL,48250,15980,,,,,,,,,,,,,
2026/09/03 17:16,2026-09-03T17:31:57+09:00,2026/09/04,2026/09/10,2026-09,PUT,48250,4,,,71.95,67.33,6,37,3,20,,,,,
2026/09/03 17:16,2026-09-03T17:31:57+09:00,2026/09/04,2026/09/10,2026-09,CALL,48000,16230,,,,,,,,,,,,,
2026/09/03 17:16,2026-09-03T17:31:57+09:00,2026/09/04,2026/09/10,2026-09,PUT,48000,5,,3,71.82,68.45,5,15,3,17,70.33,-1,-20,4,09/03 17:08
2026/09/03 17:16,2026-09-03T17:31:57+09:00,2026/09/04,2026/09/10,2026-09,CALL,47750,16480,,,,,,,,,,,,,
2026/09/03 17:16,2026-09-03T17:31:57+09:00,2026/09/04,2026/09/10,2026-09,PUT,47750,4,,,72.99,69.57,5,15,3,15,,,,,
2026/09/03 17:16,2026-09-03T17:31:57+09:00,2026/09/04,2026/09/10,2026-09,CALL,47500,16730,,,,,,,,,,,,,
2026/09/03 17:16,2026-09-03T17:31:57+09:00,2026/09/04,2026/09/10,2026-09,PUT,47500,4,,,72.59,70.69,4,15,3,15,,,,,
2026/09/03 17:16,2026-09-03T17:31:57+09:00,2026/09/04,2026/09/10,2026-09,CALL,47250,16980,,,,,,,,,,,,,
2026/09/03 17:16,2026-09-03T17:31:57+09:00,2026/09/04,2026/09/10,2026-09,PUT,47250,3,,,75.34,71.82,5,37,3,15,,,,,
2026/09/03 17:16,2026-09-03T17:31:57+09:00,2026/09/04,2026/09/10,2026-09,CALL,47000,17230,,,,,,,,,,,,,
2026/09/03 17:16,2026-09-03T17:31:57+09:00,2026/09/04,2026/09/10,2026-09,PUT,47000,4,,7,74.91,72.96,4,15,3,9,72.94,-1,-25,3,09/03 17:14
2026/09/03 17:16,2026-09-03T17:31:57+09:00,2026/09/04,2026/09/10,2026-09,CALL,46750,17480,,,,,,,,,,,,,
2026/09/03 17:16,2026-09-03T17:31:57+09:00,2026/09/04,2026/09/10,2026-09,PUT,46750,3,,,77.71,74.1,5,37,3,3,,,,,
2026/09/03 17:16,2026-09-03T17:31:57+09:00,2026/09/04,2026/09/10,2026-09,CALL,46500,17730,,,,,,,,,,,,,
2026/09/03 17:16,2026-09-03T17:31:57+09:00,2026/09/04,2026/09/10,2026-09,PUT,46500,3,,,77.25,72.63,4,36,2,8,,,,,
2026/09/03 17:16,2026-09-03T17:31:57+09:00,2026/09/04,2026/09/10,2026-09,CALL,46250,17980,,,,,,,,,,,,,
2026/09/03 17:16,2026-09-03T17:31:57+09:00,2026/09/04,2026/09/10,2026-09,PUT,46250,2,,,78.43,69.73,4,22,1,32,,,,,
2026/09/03 17:16,2026-09-03T17:31:57+09:00,2026/09/04,2026/09/10,2026-09,CALL,46000,18230,,,,,,,,,,,,,
2026/09/03 17:16,2026-09-03T17:31:57+09:00,2026/09/04,2026/09/10,2026-09,PUT,46000,3,,9,77.55,74.87,3,3,2,67,74.51,-1,-33.33,2,09/03 17:00
2026/09/03 17:16,2026-09-03T17:31:57+09:00,2026/09/04,2026/09/10,2026-09,CALL,45750,18480,,,,,,,,,,,,,
2026/09/03 17:16,2026-09-03T17:31:57+09:00,2026/09/04,2026/09/10,2026-09,PUT,45750,2,,,91.11,71.86,13,17,1,32,,,,,
2026/09/03 17:16,2026-09-03T17:31:57+09:00,2026/09/04,2026/09/10,2026-09,CALL,45500,18730,,,,,,,,,,,,,
2026/09/03 17:16,2026-09-03T17:31:57+09:00,2026/09/04,2026/09/10,2026-09,PUT,45500,2,,13,79.88,77.12,3,8,2,98,76.42,,,2,09/03 17:02
2026/09/03 17:16,2026-09-03T17:31:57+09:00,2026/09/04,2026/09/10,2026-09,CALL,45250,18980,,,,,,,,,,,,,
2026/09/03 17:16,2026-09-03T17:31:57+09:00,2026/09/04,2026/09/10,2026-09,PUT,45250,2,,,93.76,74.02,13,17,1,32,,,,,
2026/09/03 17:16,2026-09-03T17:31:57+09:00,2026/09/04,2026/09/10,2026-09,CALL,45000,19230,,,,,,,,,,,,,
2026/09/03 17:16,2026-09-03T17:31:57+09:00,2026/09/04,2026/09/10,2026-09,PUT,45000,2,,25,82.23,79.4,3,1,2,8,79.34,0,0,2,09/03 17:15
2026/09/03 17:16,2026-09-03T17:31:57+09:00,2026/09/04,2026/09/10,2026-09,CALL,44750,19480,,,,,,,,,,,,,
2026/09/03 17:16,2026-09-03T17:31:57+09:00,2026/09/04,2026/09/10,2026-09,PUT,44750,2,,,97.24,76.2,14,17,1,20,,,,,
2026/09/03 17:16,2026-09-03T17:31:57+09:00,2026/09/04,2026/09/10,2026-09,CALL,44500,19730,,,,,,,,,,,,,
2026/09/03 17:16,2026-09-03T17:31:57+09:00,2026/09/04,2026/09/10,2026-09,PUT,44500,2,,,90.23,77.3,6,8,1,21,,,,,
2026/09/03 17:16,2026-09-03T17:31:57+09:00,2026/09/04,2026/09/10,2026-09,CALL,44250,19980,,,,,,,,,,,,,
2026/09/03 17:16,2026-09-03T17:31:57+09:00,2026/09/04,2026/09/10,2026-09,PUT,44250,1,,,98.27,78.41,12,17,1,15,,,,,
2026/09/03 17:16,2026-09-03T17:31:57+09:00,2026/09/04,2026/09/10,2026-09,CALL,44000,20230,,,,,,,,,,,,,
2026/09/03 17:16,2026-09-03T17:31:57+09:00,2026/09/04,2026/09/10,2026-09,PUT,44000,1,,,87,79.52,3,1,1,55,,,,,
2026/09/03 17:16,2026-09-03T17:31:57+09:00,2026/09/04,2026/09/10,2026-09,CALL,43750,20480,,,,,,,,,,,,,
2026/09/03 17:16,2026-09-03T17:31:57+09:00,2026/09/04,2026/09/10,2026-09,PUT,43750,1,,,100.98,80.63,12,17,1,2,,,,,
2026/09/03 17:16,2026-09-03T17:31:57+09:00,2026/09/04,2026/09/10,2026-09,CALL,43500,20730,,,,,,,,,,,,,
2026/09/03 17:16,2026-09-03T17:31:57+09:00,2026/09/04,2026/09/10,2026-09,PUT,43500,1,,,102.35,,12,28,,,,,,,
2026/09/03 17:16,2026-09-03T17:31:57+09:00,2026/09/04,2026/09/10,2026-09,CALL,43250,20980,,,,,,,,,,,,,
2026/09/03 17:16,2026-09-03T17:31:57+09:00,2026/09/04,2026/09/10,2026-09,PUT,43250,1,,,103.72,,12,17,,,,,,,
2026/09/03 17:16,2026-09-03T17:31:57+09:00,2026/09/04,2026/09/10,2026-09,CALL,43000,21230,,,,,,,,,,,,,
2026/09/03 17:16,2026-09-03T17:31:57+09:00,2026/09/04,2026/09/10,2026-09,PUT,43000,1,,,94.26,84.01,4,12,1,37,,,,,
2026/09/03 17:16,2026-09-03T17:31:57+09:00,2026/09/04,2026/09/10,2026-09,CALL,42750,21480,,,,,,,,,,,,,
2026/09/03 17:16,2026-09-03T17:31:57+09:00,2026/09/04,2026/09/10,2026-09,PUT,42750,1,,,107.41,,13,17,,,,,,,
2026/09/03 17:16,2026-09-03T17:31:57+09:00,2026/09/04,2026/09/10,2026-09,CALL,42500,21730,,,,,,,,,,,,,
2026/09/03 17:16,2026-09-03T17:31:57+09:00,2026/09/04,2026/09/10,2026-09,PUT,42500,1,,,108.82,86.3,13,36,1,2,,,,,
2026/09/03 17:16,2026-09-03T17:31:57+09:00,2026/09/04,2026/09/10,2026-09,CALL,42250,21980,,,,,,,,,,,,,
2026/09/03 17:16,2026-09-03T17:31:57+09:00,2026/09/04,2026/09/10,2026-09,PUT,42250,1,,,110.23,87.45,13,17,1,4,,,,,
2026/09/03 17:16,2026-09-03T17:31:57+09:00,2026/09/04,2026/09/10,2026-09,CALL,42000,22230,,,,,,,,,,,,,
2026/09/03 17:16,2026-09-03T17:31:57+09:00,2026/09/04,2026/09/10,2026-09,PUT,42000,1,,5,93.57,88.6,2,14,1,28,93.22,0,0,2,09/03 17:00
2026/09/03 17:16,2026-09-03T17:31:57+09:00,2026/09/04,2026/09/10,2026-09,CALL,41750,22480,,,,,,,,,,,,,
2026/09/03 17:16,2026-09-03T17:31:57+09:00,2026/09/04,2026/09/10,2026-09,PUT,41750,1,,,112.1,,12,17,,,,,,,
2026/09/03 17:16,2026-09-03T17:31:57+09:00,2026/09/04,2026/09/10,2026-09,CALL,41500,22730,,,,,,,,,,,,,
2026/09/03 17:16,2026-09-03T17:31:57+09:00,2026/09/04,2026/09/10,2026-09,PUT,41500,1,,,112.48,,11,28,,,,,,,
2026/09/03 17:16,2026-09-03T17:31:57+09:00,2026/09/04,2026/09/10,2026-09,CALL,41250,22980,,,,,,,,,,,,,
2026/09/03 17:16,2026-09-03T17:31:57+09:00,2026/09/04,2026/09/10,2026-09,PUT,41250,1,,,114.96,,12,17,,,,,,,
2026/09/03 17:16,2026-09-03T17:31:57+09:00,2026/09/04,2026/09/10,2026-09,CALL,41000,23230,,,,,,,,,,,,,
2026/09/03 17:16,2026-09-03T17:31:57+09:00,2026/09/04,2026/09/10,2026-09,PUT,41000,1,,18,93.3,,1,3,,,93.24,-1,-50,1,09/03 17:15
2026/09/03 17:16,2026-09-03T17:31:57+09:00,2026/09/04,2026/09/10,2026-09,CALL,40750,23480,,,,,,,,,,,,,
2026/09/03 17:16,2026-09-03T17:31:57+09:00,2026/09/04,2026/09/10,2026-09,PUT,40750,1,,,99.75,,2,4,,,,,,,
2026/09/03 17:16,2026-09-03T17:31:57+09:00,2026/09/04,2026/09/10,2026-09,CALL,40500,23730,,,,,,,,,,,,,
2026/09/03 17:16,2026-09-03T17:31:57+09:00,2026/09/04,2026/09/10,2026-09,PUT,40500,1,,,101,,2,4,,,,,,,
2026/09/03 17:16,2026-09-03T17:31:57+09:00,2026/09/04,2026/09/10,2026-09,CALL,40250,23980,,,,,,,,,,,,,
2026/09/03 17:16,2026-09-03T17:31:57+09:00,2026/09/04,2026/09/10,2026-09,PUT,40250,1,,,102.27,,2,4,,,,,,,
2026/09/03 17:16,2026-09-03T17:31:57+09:00,2026/09/04,2026/09/10,2026-09,CALL,40000,24230,,,,,,,,,,,,,
2026/09/03 17:16,2026-09-03T17:31:57+09:00,2026/09/04,2026/09/10,2026-09,PUT,40000,1,,3,98.1,,1,10,,,98.14,0,0,1,09/03 17:11
2026/09/03 17:16,2026-09-03T17:31:57+09:00,2026/09/04,2026/10/08,2026-10,CALL,71000,156,,1,22.86,22.73,167,3,163,1,22.75,7,4.58,160,09/03 17:04
2026/09/03 17:16,2026-09-03T17:31:57+09:00,2026/09/04,2026/10/08,2026-10,PUT,71000,7230,,,32.44,18.71,7480,18,6980,18,,,,,
2026/09/03 17:16,2026-09-03T17:31:57+09:00,2026/09/04,2026/10/08,2026-10,CALL,70875,166,,,23.05,22,182,7,150,3,,,,,
2026/09/03 17:16,2026-09-03T17:31:57+09:00,2026/09/04,2026/10/08,2026-10,PUT,70875,7115,,,32.27,18.97,7365,6,6865,6,,,,,
2026/09/03 17:16,2026-09-03T17:31:57+09:00,2026/09/04,2026/10/08,2026-10,CALL,70750,174,,,22.96,22.59,189,5,177,3,,,,,
2026/09/03 17:16,2026-09-03T17:31:57+09:00,2026/09/04,2026/10/08,2026-10,PUT,70750,7000,,,32.1,19.18,7250,7,6750,7,,,,,
2026/09/03 17:16,2026-09-03T17:31:57+09:00,2026/09/04,2026/10/08,2026-10,CALL,70625,186,,,23.02,22.04,201,3,169,14,,,,,
2026/09/03 17:16,2026-09-03T17:31:57+09:00,2026/09/04,2026/10/08,2026-10,PUT,70625,6885,,,31.93,19.35,7135,6,6635,6,,,,,
2026/09/03 17:16,2026-09-03T17:31:57+09:00,2026/09/04,2026/10/08,2026-10,CALL,70500,193,,,22.91,22.53,208,2,195,8,,,,,
2026/09/03 17:16,2026-09-03T17:31:57+09:00,2026/09/04,2026/10/08,2026-10,PUT,70500,6765,,,31.66,19.28,7015,12,6515,12,,,,,
2026/09/03 17:16,2026-09-03T17:31:57+09:00,2026/09/04,2026/10/08,2026-10,CALL,70375,204,,,23.02,22.02,223,3,188,1,,,,,
2026/09/03 17:16,2026-09-03T17:31:57+09:00,2026/09/04,2026/10/08,2026-10,PUT,70375,6655,,,31.57,19.59,6905,6,6405,6,,,,,
2026/09/03 17:16,2026-09-03T17:31:57+09:00,2026/09/04,2026/10/08,2026-10,CALL,70250,213,,,22.98,22.57,233,5,218,3,,,,,
2026/09/03 17:16,2026-09-03T17:31:57+09:00,2026/09/04,2026/10/08,2026-10,PUT,70250,6535,,,31.29,19.49,6785,6,6285,7,,,,,
2026/09/03 17:16,2026-09-03T17:31:57+09:00,2026/09/04,2026/10/08,2026-10,CALL,70125,229,,,23.05,22,248,3,209,14,,,,,
2026/09/03 17:16,2026-09-03T17:31:57+09:00,2026/09/04,2026/10/08,2026-10,PUT,70125,6430,,,31.28,19.9,6680,6,6180,6,,,,,
2026/09/03 17:16,2026-09-03T17:31:57+09:00,2026/09/04,2026/10/08,2026-10,CALL,70000,231,,1,22.88,22.67,254,3,246,1,22.46,9,3.9,240,09/03 17:03
2026/09/03 17:16,2026-09-03T17:31:57+09:00,2026/09/04,2026/10/08,2026-10,PUT,70000,6315,,,31.08,19.93,6565,18,6065,18,,,,,
2026/09/03 17:16,2026-09-03T17:31:57+09:00,2026/09/04,2026/10/08,2026-10,CALL,69875,251,,,23,22.06,272,3,235,3,,,,,
2026/09/03 17:16,2026-09-03T17:31:57+09:00,2026/09/04,2026/10/08,2026-10,PUT,69875,6200,,,30.87,19.95,6450,6,5950,6,,,,,
2026/09/03 17:16,2026-09-03T17:31:57+09:00,2026/09/04,2026/10/08,2026-10,CALL,69750,254,,,22.93,22.44,283,5,263,18,,,,,
2026/09/03 17:16,2026-09-03T17:31:57+09:00,2026/09/04,2026/10/08,2026-10,PUT,69750,6080,,,30.57,19.79,6330,7,5830,7,,,,,
2026/09/03 17:16,2026-09-03T17:31:57+09:00,2026/09/04,2026/10/08,2026-10,CALL,69625,272,,,24.54,22.01,370,14,259,18,,,,,
2026/09/03 17:16,2026-09-03T17:31:57+09:00,2026/09/04,2026/10/08,2026-10,PUT,69625,5970,,,30.45,19.92,6220,6,5720,6,,,,,
2026/09/03 17:16,2026-09-03T17:31:57+09:00,2026/09/04,2026/10/08,2026-10,CALL,69500,289,,,22.87,22.6,310,2,298,6,,,,,
2026/09/03 17:16,2026-09-03T17:31:57+09:00,2026/09/04,2026/10/08,2026-10,PUT,69500,5865,,,30.4,20.16,6115,12,5615,12,,,,,
2026/09/03 17:16,2026-09-03T17:31:57+09:00,2026/09/04,2026/10/08,2026-10,CALL,69375,300,,,24.45,19.92,400,14,203,11,,,,,
2026/09/03 17:16,2026-09-03T17:31:57+09:00,2026/09/04,2026/10/08,2026-10,PUT,69375,5750,,,30.17,20.11,6000,6,5500,6,,,,,
2026/09/03 17:16,2026-09-03T17:31:57+09:00,2026/09/04,2026/10/08,2026-10,CALL,69250,320,,,22.94,22.62,345,2,330,3,,,,,
2026/09/03 17:16,2026-09-03T17:31:57+09:00,2026/09/04,2026/10/08,2026-10,PUT,69250,5645,,,30.11,20.29,5895,8,5395,7,,,,,
2026/09/03 17:16,2026-09-03T17:31:57+09:00,2026/09/04,2026/10/08,2026-10,CALL,69125,345,,,24.61,20.33,445,13,245,14,,,,,
2026/09/03 17:16,2026-09-03T17:31:57+09:00,2026/09/04,2026/10/08,2026-10,PUT,69125,5545,,,30.03,20.57,5790,3,5295,8,,,,,
2026/09/03 17:16,2026-09-03T17:31:57+09:00,2026/09/04,2026/10/08,2026-10,CALL,69000,355,,,22.95,22.64,380,9,365,7,,,,,
2026/09/03 17:16,2026-09-03T17:31:57+09:00,2026/09/04,2026/10/08,2026-10,PUT,69000,5430,,,29.62,21.48,5665,22,5225,18,,,,,
2026/09/03 17:16,2026-09-03T17:31:57+09:00,2026/09/04,2026/10/08,2026-10,CALL,68875,360,,,24.14,20.16,460,12,267,10,,,,,
2026/09/03 17:16,2026-09-03T17:31:57+09:00,2026/09/04,2026/10/08,2026-10,PUT,68875,5310,,,29.45,20.34,5555,3,5065,3,,,,,
2026/09/03 17:16,2026-09-03T17:31:57+09:00,2026/09/04,2026/10/08,2026-10,CALL,68750,390,,,23,22.61,420,4,400,2,,,,,
2026/09/03 17:16,2026-09-03T17:31:57+09:00,2026/09/04,2026/10/08,2026-10,PUT,68750,5210,,,29.44,20.55,5455,2,4965,2,,,,,
2026/09/03 17:16,2026-09-03T17:31:57+09:00,2026/09/04,2026/10/08,2026-10,CALL,68625,400,,,24.02,21.34,495,27,355,12,,,,,
2026/09/03 17:16,2026-09-03T17:31:57+09:00,2026/09/04,2026/10/08,2026-10,PUT,68625,5090,,,29.1,20.3,5335,3,4845,3,,,,,
2026/09/03 17:16,2026-09-03T17:31:57+09:00,2026/09/04,2026/10/08,2026-10,CALL,68500,425,,,22.99,22.62,460,6,440,4,,,,,
2026/09/03 17:16,2026-09-03T17:31:57+09:00,2026/09/04,2026/10/08,2026-10,PUT,68500,5000,,,29.06,20.66,5235,3,4755,3,,,,,
2026/09/03 17:16,2026-09-03T17:31:57+09:00,2026/09/04,2026/10/08,2026-10,CALL,68375,455,,,24.11,21.66,545,27,410,12,,,,,
2026/09/03 17:16,2026-09-03T17:31:57+09:00,2026/09/04,2026/10/08,2026-10,PUT,68375,4905,,,29.25,20.79,5150,3,4655,8,,,,,
2026/09/03 17:16,2026-09-03T17:31:57+09:00,2026/09/04,2026/10/08,2026-10,CALL,68250,470,,,23.01,22.65,505,4,485,2,,,,,
2026/09/03 17:16,2026-09-03T17:31:57+09:00,2026/09/04,2026/10/08,2026-10,PUT,68250,4795,,,29.04,20.8,5040,2,4550,2,,,,,
2026/09/03 17:16,2026-09-03T17:31:57+09:00,2026/09/04,2026/10/08,2026-10,CALL,68125,495,,,24.15,21.44,595,12,440,27,,,,,
2026/09/03 17:16,2026-09-03T17:31:57+09:00,2026/09/04,2026/10/08,2026-10,PUT,68125,4695,,,28.98,20.89,4940,3,4450,3,,,,,
2026/09/03 17:16,2026-09-03T17:31:57+09:00,2026/09/04,2026/10/08,2026-10,CALL,68000,515,,7,22.97,22.72,550,2,535,7,23.03,30,5.77,550,09/03 17:05
2026/09/03 17:16,2026-09-03T17:31:57+09:00,2026/09/04,2026/10/08,2026-10,PUT,68000,4590,,,28.68,21.94,4825,22,4405,3,,,,,
2026/09/03 17:16,2026-09-03T17:31:57+09:00,2026/09/04,2026/10/08,2026-10,CALL,67875,525,,,24.2,21.18,650,27,470,27,,,,,
2026/09/03 17:16,2026-09-03T17:31:57+09:00,2026/09/04,2026/10/08,2026-10,PUT,67875,4475,,,28.52,20.65,4720,3,4230,3,,,,,
2026/09/03 17:16,2026-09-03T17:31:57+09:00,2026/09/04,2026/10/08,2026-10,CALL,67750,560,,,23.04,22.72,605,4,585,2,,,,,
2026/09/03 17:16,2026-09-03T17:31:57+09:00,2026/09/04,2026/10/08,2026-10,PUT,67750,4385,,,28.58,20.86,4630,2,4140,2,,,,,
2026/09/03 17:16,2026-09-03T17:31:57+09:00,2026/09/04,2026/10/08,2026-10,CALL,67625,580,,,24.2,21.3,705,26,525,25,,,,,
2026/09/03 17:16,2026-09-03T17:31:57+09:00,2026/09/04,2026/10/08,2026-10,PUT,67625,4280,,,28.41,20.79,4525,3,4035,3,,,,,
2026/09/03 17:16,2026-09-03T17:31:57+09:00,2026/09/04,2026/10/08,2026-10,CALL,67500,620,,,23.05,22.74,660,4,640,2,,,,,
2026/09/03 17:16,2026-09-03T17:31:57+09:00,2026/09/04,2026/10/08,2026-10,PUT,67500,4195,,,28.51,21.04,4440,3,3950,3,,,,,
2026/09/03 17:16,2026-09-03T17:31:57+09:00,2026/09/04,2026/10/08,2026-10,CALL,67375,645,,,24.14,21.42,760,25,585,25,,,,,
2026/09/03 17:16,2026-09-03T17:31:57+09:00,2026/09/04,2026/10/08,2026-10,PUT,67375,4095,,,28.39,21.02,4340,3,3850,3,,,,,
2026/09/03 17:16,2026-09-03T17:31:57+09:00,2026/09/04,2026/10/08,2026-10,CALL,67250,675,,,23.15,22.62,725,3,690,14,,,,,
2026/09/03 17:16,2026-09-03T17:31:57+09:00,2026/09/04,2026/10/08,2026-10,PUT,67250,4000,,,28.32,21.06,4245,2,3755,2,,,,,
2026/09/03 17:16,2026-09-03T17:31:57+09:00,2026/09/04,2026/10/08,2026-10,CALL,67125,705,,,24.1,21.47,820,25,645,25,,,,,
2026/09/03 17:16,2026-09-03T17:31:57+09:00,2026/09/04,2026/10/08,2026-10,PUT,67125,3910,,,28.32,21.16,4155,3,3665,3,,,,,
2026/09/03 17:16,2026-09-03T17:31:57+09:00,2026/09/04,2026/10/08,2026-10,CALL,67000,740,,,23.11,22.89,785,5,770,1,,,,,
2026/09/03 17:16,2026-09-03T17:31:57+09:00,2026/09/04,2026/10/08,2026-10,PUT,67000,3820,,,28.3,22.08,4065,22,3630,18,,,,,
2026/09/03 17:16,2026-09-03T17:31:57+09:00,2026/09/04,2026/10/08,2026-10,CALL,66875,765,,,24.58,21.75,920,25,725,25,,,,,
2026/09/03 17:16,2026-09-03T17:31:57+09:00,2026/09/04,2026/10/08,2026-10,PUT,66875,3715,,,28.07,21.08,3960,3,3470,3,,,,,
2026/09/03 17:16,2026-09-03T17:31:57+09:00,2026/09/04,2026/10/08,2026-10,CALL,66750,800,,,23.31,22.88,865,13,835,1,,,,,
2026/09/03 17:16,2026-09-03T17:31:57+09:00,2026/09/04,2026/10/08,2026-10,PUT,66750,3630,,,28.1,21.21,3875,2,3385,2,,,,,
2026/09/03 17:16,2026-09-03T17:31:57+09:00,2026/09/04,2026/10/08,2026-10,CALL,66625,835,,,24.56,21.81,990,24,795,24,,,,,
2026/09/03 17:16,2026-09-03T17:31:57+09:00,2026/09/04,2026/10/08,2026-10,PUT,66625,3535,,,27.98,21.16,3780,3,3290,3,,,,,
2026/09/03 17:16,2026-09-03T17:31:57+09:00,2026/09/04,2026/10/08,2026-10,CALL,66500,875,,,23.22,22.94,930,2,910,2,,,,,
2026/09/03 17:16,2026-09-03T17:31:57+09:00,2026/09/04,2026/10/08,2026-10,PUT,66500,3450,,,27.85,21.25,3685,3,3205,3,,,,,
2026/09/03 17:16,2026-09-03T17:31:57+09:00,2026/09/04,2026/10/08,2026-10,CALL,66375,930,,,23.26,22.98,970,1,950,1,,,,,
2026/09/03 17:16,2026-09-03T17:31:57+09:00,2026/09/04,2026/10/08,2026-10,PUT,66375,3385,,,28.24,21.59,3630,3,3140,3,,,,,
2026/09/03 17:16,2026-09-03T17:31:57+09:00,2026/09/04,2026/10/08,2026-10,CALL,66250,955,,,23.28,23.01,1010,3,990,1,,,,,
2026/09/03 17:16,2026-09-03T17:31:57+09:00,2026/09/04,2026/10/08,2026-10,PUT,66250,3285,,,28.02,21.43,3530,2,3040,2,,,,,
2026/09/03 17:16,2026-09-03T17:31:57+09:00,2026/09/04,2026/10/08,2026-10,CALL,66125,995,,,24.16,22.68,1115,24,1005,9,,,,,
2026/09/03 17:16,2026-09-03T17:31:57+09:00,2026/09/04,2026/10/08,2026-10,PUT,66125,3195,,,27.92,21.39,3440,3,2950,3,,,,,
2026/09/03 17:16,2026-09-03T17:31:57+09:00,2026/09/04,2026/10/08,2026-10,CALL,66000,1040,,,23.41,23.08,1100,2,1075,3,,,,,
2026/09/03 17:16,2026-09-03T17:31:57+09:00,2026/09/04,2026/10/08,2026-10,PUT,66000,3115,,,26.64,20.38,3260,22,2790,22,,,,,
2026/09/03 17:16,2026-09-03T17:31:57+09:00,2026/09/04,2026/10/08,2026-10,CALL,65875,1075,,,23.84,22.39,1175,8,1065,8,,,,,
2026/09/03 17:16,2026-09-03T17:31:57+09:00,2026/09/04,2026/10/08,2026-10,PUT,65875,3020,,,27.76,21.32,3265,3,2775,3,,,,,
2026/09/03 17:16,2026-09-03T17:31:57+09:00,2026/09/04,2026/10/08,2026-10,CALL,65750,1115,,,23.67,22.95,1205,11,1150,11,,,,,
2026/09/03 17:16,2026-09-03T17:31:57+09:00,2026/09/04,2026/10/08,2026-10,PUT,65750,2940,,,27.75,21.37,3185,2,2695,8,,,,,
2026/09/03 17:16,2026-09-03T17:31:57+09:00,2026/09/04,2026/10/08,2026-10,CALL,65625,1165,,,23.87,22.51,1265,8,1160,8,,,,,
2026/09/03 17:16,2026-09-03T17:31:57+09:00,2026/09/04,2026/10/08,2026-10,PUT,65625,2870,,,27.86,21.53,3115,3,2625,3,,,,,
2026/09/03 17:16,2026-09-03T17:31:57+09:00,2026/09/04,2026/10/08,2026-10,CALL,65500,1220,,,23.73,23.22,1300,38,1260,2,,,,,
2026/09/03 17:16,2026-09-03T17:31:57+09:00,2026/09/04,2026/10/08,2026-10,PUT,65500,2795,,,23.92,22.83,2730,3,2645,3,,,,,
2026/09/03 17:16,2026-09-03T17:31:57+09:00,2026/09/04,2026/10/08,2026-10,CALL,65375,1245,,,23.96,22.68,1365,8,1265,8,,,,,
2026/09/03 17:16,2026-09-03T17:31:57+09:00,2026/09/04,2026/10/08,2026-10,PUT,65375,2700,,,27.65,21.4,2945,3,2455,3,,,,,
2026/09/03 17:16,2026-09-03T17:31:57+09:00,2026/09/04,2026/10/08,2026-10,CALL,65250,1310,,,23.79,23.09,1400,11,1345,11,,,,,
2026/09/03 17:16,2026-09-03T17:31:57+09:00,2026/09/04,2026/10/08,2026-10,PUT,65250,2640,,,23.99,22.84,2580,1,2490,1,,,,,
2026/09/03 17:16,2026-09-03T17:31:57+09:00,2026/09/04,2026/10/08,2026-10,CALL,65125,1375,,,24.06,22.72,1470,7,1365,7,,,,,
2026/09/03 17:16,2026-09-03T17:31:57+09:00,2026/09/04,2026/10/08,2026-10,PUT,65125,2580,,,27.52,21.77,2785,8,2330,8,,,,,
2026/09/03 17:16,2026-09-03T17:31:57+09:00,2026/09/04,2026/10/08,2026-10,CALL,65000,1430,,,23.79,23.42,1500,31,1470,3,,,,,
2026/09/03 17:16,2026-09-03T17:31:57+09:00,2026/09/04,2026/10/08,2026-10,PUT,65000,2510,,,24.42,22.78,2465,23,2335,19,,,,,
2026/09/03 17:16,2026-09-03T17:31:57+09:00,2026/09/04,2026/10/08,2026-10,CALL,64875,1475,,,24.15,22.76,1580,7,1470,22,,,,,
2026/09/03 17:16,2026-09-03T17:31:57+09:00,2026/09/04,2026/10/08,2026-10,PUT,64875,2430,,,27.34,21.76,2625,5,2180,6,,,,,
2026/09/03 17:16,2026-09-03T17:31:57+09:00,2026/09/04,2026/10/08,2026-10,CALL,64750,1545,,,24.04,23.42,1625,2,1575,2,,,,,
2026/09/03 17:16,2026-09-03T17:31:57+09:00,2026/09/04,2026/10/08,2026-10,PUT,64750,2375,,,24.17,23.23,2300,2,2225,2,,,,,
2026/09/03 17:16,2026-09-03T17:31:57+09:00,2026/09/04,2026/10/08,2026-10,CALL,64625,1585,,,24.24,22.93,1695,7,1590,7,,,,,
2026/09/03 17:16,2026-09-03T17:31:57+09:00,2026/09/04,2026/10/08,2026-10,PUT,64625,2290,,,24.42,23.05,2250,7,2140,7,,,,,
2026/09/03 17:16,2026-09-03T17:31:57+09:00,2026/09/04,2026/10/08,2026-10,CALL,64500,1645,,,24.29,23.6,1755,2,1700,2,,,,,
2026/09/03 17:16,2026-09-03T17:31:57+09:00,2026/09/04,2026/10/08,2026-10,PUT,64500,2225,,,24.42,23.6,2180,3,2115,2,,,,,
2026/09/03 17:16,2026-09-03T17:31:57+09:00,2026/09/04,2026/10/08,2026-10,CALL,64375,1720,,,24.45,23.52,1825,7,1750,7,,,,,
2026/09/03 17:16,2026-09-03T17:31:57+09:00,2026/09/04,2026/10/08,2026-10,PUT,64375,2175,,,24.51,23.46,2120,7,2035,1,,,,,
2026/09/03 17:16,2026-09-03T17:31:57+09:00,2026/09/04,2026/10/08,2026-10,CALL,64250,1775,,,24.35,23.41,1875,2,1800,2,,,,,
2026/09/03 17:16,2026-09-03T17:31:57+09:00,2026/09/04,2026/10/08,2026-10,PUT,64250,2100,,,24.6,23.48,2060,9,1970,2,,,,,
2026/09/03 17:16,2026-09-03T17:31:57+09:00,2026/09/04,2026/10/08,2026-10,CALL,64125,1840,,,24.54,23.67,1950,7,1880,7,,,,,
2026/09/03 17:16,2026-09-03T17:31:57+09:00,2026/09/04,2026/10/08,2026-10,PUT,64125,2045,,,24.6,23.54,1995,7,1910,1,,,,,
2026/09/03 17:16,2026-09-03T17:31:57+09:00,2026/09/04,2026/10/08,2026-10,CALL,64000,1900,,,24.41,23.97,2000,4,1965,3,,,,,
2026/09/03 17:16,2026-09-03T17:31:57+09:00,2026/09/04,2026/10/08,2026-10,PUT,64000,1980,,,24.28,23.85,1905,19,1870,2,,,,,
2026/09/03 17:16,2026-09-03T17:31:57+09:00,2026/09/04,2026/10/08,2026-10,CALL,63875,1960,,,24.69,23.76,2085,1,2010,7,,,,,
2026/09/03 17:16,2026-09-03T17:31:57+09:00,2026/09/04,2026/10/08,2026-10,PUT,63875,1915,,,24.76,23.69,1880,7,1795,1,,,,,
2026/09/03 17:16,2026-09-03T17:31:57+09:00,2026/09/04,2026/10/08,2026-10,CALL,63750,2040,,,24.78,23.9,2155,47,2085,2,,,,,
2026/09/03 17:16,2026-09-03T17:31:57+09:00,2026/09/04,2026/10/08,2026-10,PUT,63750,1870,,,24.78,23.84,1820,9,1745,2,,,,,
2026/09/03 17:16,2026-09-03T17:31:57+09:00,2026/09/04,2026/10/08,2026-10,CALL,63625,2140,,,24.78,23.97,2220,7,2155,1,,,,,
2026/09/03 17:16,2026-09-03T17:31:57+09:00,2026/09/04,2026/10/08,2026-10,PUT,63625,1825,,,24.91,23.84,1770,7,1685,1,,,,,
2026/09/03 17:16,2026-09-03T17:31:57+09:00,2026/09/04,2026/10/08,2026-10,CALL,63500,2195,,,25.02,23.95,2305,3,2220,13,,,,,
2026/09/03 17:16,2026-09-03T17:31:57+09:00,2026/09/04,2026/10/08,2026-10,PUT,63500,1765,,,24.96,24.2,1715,15,1655,2,,,,,
2026/09/03 17:16,2026-09-03T17:31:57+09:00,2026/09/04,2026/10/08,2026-10,CALL,63375,2265,,,25.13,23.73,2380,6,2270,6,,,,,
2026/09/03 17:16,2026-09-03T17:31:57+09:00,2026/09/04,2026/10/08,2026-10,PUT,63375,1720,,,25,23.99,1660,7,1580,6,,,,,
2026/09/03 17:16,2026-09-03T17:31:57+09:00,2026/09/04,2026/10/08,2026-10,CALL,63250,2340,,,25.15,24.07,2450,2,2365,2,,,,,
2026/09/03 17:16,2026-09-03T17:31:57+09:00,2026/09/04,2026/10/08,2026-10,PUT,63250,1660,,,25.09,24.07,1610,1,1530,1,,,,,
2026/09/03 17:16,2026-09-03T17:31:57+09:00,2026/09/04,2026/10/08,2026-10,CALL,63125,2415,,,25.73,23.36,2565,10,2380,10,,,,,
2026/09/03 17:16,2026-09-03T17:31:57+09:00,2026/09/04,2026/10/08,2026-10,PUT,63125,1610,,,25.22,24.26,1565,7,1490,1,,,,,
2026/09/03 17:16,2026-09-03T17:31:57+09:00,2026/09/04,2026/10/08,2026-10,CALL,63000,2480,,,25.21,24.18,2595,4,2515,4,,,,,
2026/09/03 17:16,2026-09-03T17:31:57+09:00,2026/09/04,2026/10/08,2026-10,PUT,63000,1560,,,24.83,24.5,1480,3,1455,22,,,,,
2026/09/03 17:16,2026-09-03T17:31:57+09:00,2026/09/04,2026/10/08,2026-10,CALL,62875,2575,,,25.97,23.89,2725,10,2565,6,,,,,
2026/09/03 17:16,2026-09-03T17:31:57+09:00,2026/09/04,2026/10/08,2026-10,PUT,62875,1530,,,25.38,24.48,1470,8,1400,1,,,,,
2026/09/03 17:16,2026-09-03T17:31:57+09:00,2026/09/04,2026/10/08,2026-10,CALL,62750,2650,,,25.67,24.17,2775,8,2660,8,,,,,
2026/09/03 17:16,2026-09-03T17:31:57+09:00,2026/09/04,2026/10/08,2026-10,PUT,62750,1480,,,25.21,24.56,1405,2,1355,2,,,,,
2026/09/03 17:16,2026-09-03T17:31:57+09:00,2026/09/04,2026/10/08,2026-10,CALL,62625,2720,,,26.01,23.64,2875,10,2695,10,,,,,
2026/09/03 17:16,2026-09-03T17:31:57+09:00,2026/09/04,2026/10/08,2026-10,PUT,62625,1430,,,26.08,24.63,1420,23,1310,8,,,,,
2026/09/03 17:16,2026-09-03T17:31:57+09:00,2026/09/04,2026/10/08,2026-10,CALL,62500,2805,,,25.75,24.42,2930,3,2830,3,,,,,
2026/09/03 17:16,2026-09-03T17:31:57+09:00,2026/09/04,2026/10/08,2026-10,PUT,62500,1385,,2,25.61,24.88,1335,55,1280,2,25.14,-80,-5.84,1290,09/03 17:14
2026/09/03 17:16,2026-09-03T17:31:57+09:00,2026/09/04,2026/10/08,2026-10,CALL,62375,2885,,,26.33,23.71,3050,10,2855,10,,,,,
2026/09/03 17:16,2026-09-03T17:31:57+09:00,2026/09/04,2026/10/08,2026-10,PUT,62375,1345,,,25.66,24.86,1290,8,1230,1,,,,,
2026/09/03 17:16,2026-09-03T17:31:57+09:00,2026/09/04,2026/10/08,2026-10,CALL,62250,2970,,,26.03,24.54,3105,9,2995,9,,,,,
2026/09/03 17:16,2026-09-03T17:31:57+09:00,2026/09/04,2026/10/08,2026-10,PUT,62250,1300,,,25.56,25.02,1235,2,1195,2,,,,,
2026/09/03 17:16,2026-09-03T17:31:57+09:00,2026/09/04,2026/10/08,2026-10,CALL,62125,3065,,,27.81,20.93,3315,6,2815,6,,,,,
2026/09/03 17:16,2026-09-03T17:31:57+09:00,2026/09/04,2026/10/08,2026-10,PUT,62125,1270,,,26.46,24.96,1255,23,1145,8,,,,,
2026/09/03 17:16,2026-09-03T17:31:57+09:00,2026/09/04,2026/10/08,2026-10,CALL,62000,3130,,,26.19,24.74,3275,20,3170,20,,,,,
2026/09/03 17:16,2026-09-03T17:31:57+09:00,2026/09/04,2026/10/08,2026-10,PUT,62000,1195,,,25.57,25.3,1145,4,1125,1,,,,,
2026/09/03 17:16,2026-09-03T17:31:57+09:00,2026/09/04,2026/10/08,2026-10,CALL,61875,3230,,,27.91,20.85,3480,6,2980,6,,,,,
2026/09/03 17:16,2026-09-03T17:31:57+09:00,2026/09/04,2026/10/08,2026-10,PUT,61875,1190,,,26.67,25.14,1180,24,1070,9,,,,,
2026/09/03 17:16,2026-09-03T17:31:57+09:00,2026/09/04,2026/10/08,2026-10,CALL,61750,3315,,,26.51,24.88,3460,9,3345,9,,,,,
2026/09/03 17:16,2026-09-03T17:31:57+09:00,2026/09/04,2026/10/08,2026-10,PUT,61750,1150,,,25.88,25.38,1080,2,1045,2,,,,,
2026/09/03 17:16,2026-09-03T17:31:57+09:00,2026/09/04,2026/10/08,2026-10,CALL,61625,3405,,,28.02,20.91,3650,3,3160,3,,,,,
2026/09/03 17:16,2026-09-03T17:31:57+09:00,2026/09/04,2026/10/08,2026-10,PUT,61625,1110,,,27.53,25.4,1155,24,1005,1,,,,,
2026/09/03 17:16,2026-09-03T17:31:57+09:00,2026/09/04,2026/10/08,2026-10,CALL,61500,3490,,,26.27,25.11,3610,14,3530,14,,,,,
2026/09/03 17:16,2026-09-03T17:31:57+09:00,2026/09/04,2026/10/08,2026-10,PUT,61500,1055,,5,25.98,25.62,1005,3,980,31,25.94,-55,-5.19,1005,09/03 17:13
2026/09/03 17:16,2026-09-03T17:31:57+09:00,2026/09/04,2026/10/08,2026-10,CALL,61375,3585,,,28.22,20.9,3830,3,3340,3,,,,,
2026/09/03 17:16,2026-09-03T17:31:57+09:00,2026/09/04,2026/10/08,2026-10,PUT,61375,1030,,,27.43,24.87,1065,24,890,24,,,,,
2026/09/03 17:16,2026-09-03T17:31:57+09:00,2026/09/04,2026/10/08,2026-10,CALL,61250,3665,,,26.7,25.28,3810,3,3715,9,,,,,
2026/09/03 17:16,2026-09-03T17:31:57+09:00,2026/09/04,2026/10/08,2026-10,PUT,61250,995,,,26.33,25.81,950,13,915,3,,,,,
2026/09/03 17:16,2026-09-03T17:31:57+09:00,2026/09/04,2026/10/08,2026-10,CALL,61125,3770,,,28.45,20.88,4015,3,3525,3,,,,,
2026/09/03 17:16,2026-09-03T17:31:57+09:00,2026/09/04,2026/10/08,2026-10,PUT,61125,965,,,27.71,24.85,1005,24,815,24,,,,,
2026/09/03 17:16,2026-09-03T17:31:57+09:00,2026/09/04,2026/10/08,2026-10,CALL,61000,3850,,,26.85,25.39,3995,18,3900,18,,,,,
2026/09/03 17:16,2026-09-03T17:31:57+09:00,2026/09/04,2026/10/08,2026-10,PUT,61000,925,,,26.39,26.09,880,6,860,4,,,,,
2026/09/03 17:16,2026-09-03T17:31:57+09:00,2026/09/04,2026/10/08,2026-10,CALL,60875,3975,,,28.92,21.12,4220,3,3730,3,,,,,
2026/09/03 17:16,2026-09-03T17:31:57+09:00,2026/09/04,2026/10/08,2026-10,PUT,60875,920,,,28.09,25.15,955,25,765,25,,,,,
2026/09/03 17:16,2026-09-03T17:31:57+09:00,2026/09/04,2026/10/08,2026-10,CALL,60750,4045,,,28.65,20.64,4290,2,3800,2,,,,,
2026/09/03 17:16,2026-09-03T17:31:57+09:00,2026/09/04,2026/10/08,2026-10,PUT,60750,875,,,26.79,26.32,835,3,805,1,,,,,
2026/09/03 17:16,2026-09-03T17:31:57+09:00,2026/09/04,2026/10/08,2026-10,CALL,60625,4115,,,28.43,20.1,4365,8,3870,3,,,,,
2026/09/03 17:16,2026-09-03T17:31:57+09:00,2026/09/04,2026/10/08,2026-10,PUT,60625,820,,,28.12,25.49,885,25,720,10,,,,,
2026/09/03 17:16,2026-09-03T17:31:57+09:00,2026/09/04,2026/10/08,2026-10,CALL,60500,4240,,,28.74,20.57,4475,3,3995,3,,,,,
2026/09/03 17:16,2026-09-03T17:31:57+09:00,2026/09/04,2026/10/08,2026-10,PUT,60500,815,,,26.83,26.5,770,2,750,20,,,,,
2026/09/03 17:16,2026-09-03T17:31:57+09:00,2026/09/04,2026/10/08,2026-10,CALL,60375,4290,,,28.33,19.54,4540,8,4045,3,,,,,
2026/09/03 17:16,2026-09-03T17:31:57+09:00,2026/09/04,2026/10/08,2026-10,PUT,60375,755,,,28.41,25.27,835,25,645,25,,,,,
2026/09/03 17:16,2026-09-03T17:31:57+09:00,2026/09/04,2026/10/08,2026-10,CALL,60250,4410,,,28.78,19.88,4660,8,4165,2,,,,,
2026/09/03 17:16,2026-09-03T17:31:57+09:00,2026/09/04,2026/10/08,2026-10,PUT,60250,750,,,27.13,26.71,725,3,700,3,,,,,
2026/09/03 17:16,2026-09-03T17:31:57+09:00,2026/09/04,2026/10/08,2026-10,CALL,60125,4540,,,29.31,20.43,4785,3,4295,3,,,,,
2026/09/03 17:16,2026-09-03T17:31:57+09:00,2026/09/04,2026/10/08,2026-10,PUT,60125,750,,,28.65,26.19,785,25,640,10,,,,,
2026/09/03 17:16,2026-09-03T17:31:57+09:00,2026/09/04,2026/10/08,2026-10,CALL,60000,4640,,,27.91,20.55,4795,3,4405,22,,,,,
2026/09/03 17:16,2026-09-03T17:31:57+09:00,2026/09/04,2026/10/08,2026-10,PUT,60000,715,,,27.39,27.04,680,7,660,5,,,,,
2026/09/03 17:16,2026-09-03T17:31:57+09:00,2026/09/04,2026/10/08,2026-10,CALL,59875,4760,,,29.86,20.65,5005,3,4515,3,,,,,
2026/09/03 17:16,2026-09-03T17:31:57+09:00,2026/09/04,2026/10/08,2026-10,PUT,59875,720,,,29.19,26.39,755,27,595,11,,,,,
2026/09/03 17:16,2026-09-03T17:31:57+09:00,2026/09/04,2026/10/08,2026-10,CALL,59750,4850,,,29.79,20.28,5095,2,4605,2,,,,,
2026/09/03 17:16,2026-09-03T17:31:57+09:00,2026/09/04,2026/10/08,2026-10,PUT,59750,665,,,27.6,27.24,635,4,615,16,,,,,
2026/09/03 17:16,2026-09-03T17:31:57+09:00,2026/09/04,2026/10/08,2026-10,CALL,59625,4965,,,30.13,20.46,5210,3,4720,3,,,,,
2026/09/03 17:16,2026-09-03T17:31:57+09:00,2026/09/04,2026/10/08,2026-10,PUT,59625,675,,,29.61,26.54,720,27,550,12,,,,,
2026/09/03 17:16,2026-09-03T17:31:57+09:00,2026/09/04,2026/10/08,2026-10,CALL,59500,5050,,,29.94,19.86,5295,3,4805,3,,,,,
2026/09/03 17:16,2026-09-03T17:31:57+09:00,2026/09/04,2026/10/08,2026-10,PUT,59500,635,,,27.86,27.49,595,6,575,6,,,,,
2026/09/03 17:16,2026-09-03T17:31:57+09:00,2026/09/04,2026/10/08,2026-10,CALL,59375,5170,,,30.36,20.13,5415,3,4925,3,,,,,
2026/09/03 17:16,2026-09-03T17:31:57+09:00,2026/09/04,2026/10/08,2026-10,PUT,59375,630,,,29.46,26.82,655,27,515,12,,,,,
2026/09/03 17:16,2026-09-03T17:31:57+09:00,2026/09/04,2026/10/08,2026-10,CALL,59250,5250,,,30.04,19.24,5495,2,5005,2,,,,,
2026/09/03 17:16,2026-09-03T17:31:57+09:00,2026/09/04,2026/10/08,2026-10,PUT,59250,585,,,28.17,27.78,560,4,540,16,,,,,
2026/09/03 17:16,2026-09-03T17:31:57+09:00,2026/09/04,2026/10/08,2026-10,CALL,59125,5380,,,30.72,19.78,5630,8,5135,3,,,,,
2026/09/03 17:16,2026-09-03T17:31:57+09:00,2026/09/04,2026/10/08,2026-10,PUT,59125,590,,,30.07,27.06,635,27,480,12,,,,,
2026/09/03 17:16,2026-09-03T17:31:57+09:00,2026/09/04,2026/10/08,2026-10,CALL,59000,5475,,,30.66,19.05,5725,18,5225,18,,,,,
2026/09/03 17:16,2026-09-03T17:31:57+09:00,2026/09/04,2026/10/08,2026-10,PUT,59000,555,,1,28.43,28.13,525,9,510,7,28.32,-60,-10.43,515,09/03 17:08
2026/09/03 17:16,2026-09-03T17:31:57+09:00,2026/09/04,2026/10/08,2026-10,CALL,58875,5575,,,30.67,18.52,5825,6,5325,6,,,,,
2026/09/03 17:16,2026-09-03T17:31:57+09:00,2026/09/04,2026/10/08,2026-10,PUT,58875,535,,,30.38,26.6,600,27,415,27,,,,,
2026/09/03 17:16,2026-09-03T17:31:57+09:00,2026/09/04,2026/10/08,2026-10,CALL,58750,5695,,,31.06,18.69,5945,7,5445,7,,,,,
2026/09/03 17:16,2026-09-03T17:31:57+09:00,2026/09/04,2026/10/08,2026-10,PUT,58750,525,,,28.76,28.34,495,4,475,16,,,,,
2026/09/03 17:16,2026-09-03T17:31:57+09:00,2026/09/04,2026/10/08,2026-10,CALL,58625,5815,,,31.45,18.84,6065,6,5565,6,,,,,
2026/09/03 17:16,2026-09-03T17:31:57+09:00,2026/09/04,2026/10/08,2026-10,PUT,58625,525,,,30.35,27.72,550,27,425,12,,,,,
2026/09/03 17:16,2026-09-03T17:31:57+09:00,2026/09/04,2026/10/08,2026-10,CALL,58500,5900,,,31.13,17.35,6150,12,5650,12,,,,,
2026/09/03 17:16,2026-09-03T17:31:57+09:00,2026/09/04,2026/10/08,2026-10,PUT,58500,485,,,29.05,28.61,465,6,445,6,,,,,
2026/09/03 17:16,2026-09-03T17:31:57+09:00,2026/09/04,2026/10/08,2026-10,CALL,58375,5995,,,30.99,15.79,6245,6,5745,6,,,,,
2026/09/03 17:16,2026-09-03T17:31:57+09:00,2026/09/04,2026/10/08,2026-10,PUT,58375,455,,,31.3,27.12,550,27,360,27,,,,,
2026/09/03 17:16,2026-09-03T17:31:57+09:00,2026/09/04,2026/10/08,2026-10,CALL,58250,6120,,,31.46,16.09,6370,7,5870,7,,,,,
2026/09/03 17:16,2026-09-03T17:31:57+09:00,2026/09/04,2026/10/08,2026-10,PUT,58250,460,,,29.3,28.96,435,2,420,3,,,,,
2026/09/03 17:16,2026-09-03T17:31:57+09:00,2026/09/04,2026/10/08,2026-10,CALL,58000,6350,,,31.96,14.66,6600,18,6100,18,,,,,
2026/09/03 17:16,2026-09-03T17:31:57+09:00,2026/09/04,2026/10/08,2026-10,PUT,58000,435,,,29.62,29.27,410,3,395,10,,,,,
2026/09/03 17:16,2026-09-03T17:31:57+09:00,2026/09/04,2026/10/08,2026-10,CALL,57750,6570,,,32.23,,6820,7,6320,7,,,,,
2026/09/03 17:16,2026-09-03T17:31:57+09:00,2026/09/04,2026/10/08,2026-10,PUT,57750,405,,,29.91,29.54,385,2,370,16,,,,,
2026/09/03 17:16,2026-09-03T17:31:57+09:00,2026/09/04,2026/10/08,2026-10,CALL,57500,6800,,,32.69,,7050,12,6550,12,,,,,
2026/09/03 17:16,2026-09-03T17:31:57+09:00,2026/09/04,2026/10/08,2026-10,PUT,57500,385,,,30.28,29.9,365,2,350,6,,,,,
2026/09/03 17:16,2026-09-03T17:31:57+09:00,2026/09/04,2026/10/08,2026-10,CALL,57250,7030,,,33.12,,7280,7,6780,7,,,,,
2026/09/03 17:16,2026-09-03T17:31:57+09:00,2026/09/04,2026/10/08,2026-10,PUT,57250,360,,,30.63,30.23,345,2,330,3,,,,,
2026/09/03 17:16,2026-09-03T17:31:57+09:00,2026/09/04,2026/10/08,2026-10,CALL,57000,7255,,,33.4,,7505,18,7005,18,,,,,
2026/09/03 17:16,2026-09-03T17:31:57+09:00,2026/09/04,2026/10/08,2026-10,PUT,57000,345,,,30.94,30.53,325,3,310,24,,,,,
2026/09/03 17:16,2026-09-03T17:31:57+09:00,2026/09/04,2026/10/08,2026-10,CALL,56750,7485,,,33.78,,7735,7,7235,7,,,,,
2026/09/03 17:16,2026-09-03T17:31:57+09:00,2026/09/04,2026/10/08,2026-10,PUT,56750,325,,,31.22,30.96,305,5,296,3,,,,,
2026/09/03 17:16,2026-09-03T17:31:57+09:00,2026/09/04,2026/10/08,2026-10,CALL,56500,7715,,,34.14,,7965,12,7465,12,,,,,
2026/09/03 17:16,2026-09-03T17:31:57+09:00,2026/09/04,2026/10/08,2026-10,PUT,56500,305,,,31.65,31.32,291,6,280,4,,,,,
2026/09/03 17:16,2026-09-03T17:31:57+09:00,2026/09/04,2026/10/08,2026-10,CALL,56250,7950,,,34.6,,8200,7,7700,7,,,,,
2026/09/03 17:16,2026-09-03T17:31:57+09:00,2026/09/04,2026/10/08,2026-10,PUT,56250,287,,,32.08,31.67,278,18,265,3,,,,,
2026/09/03 17:16,2026-09-03T17:31:57+09:00,2026/09/04,2026/10/08,2026-10,CALL,56000,8180,,,34.89,,8430,18,7930,18,,,,,
2026/09/03 17:16,2026-09-03T17:31:57+09:00,2026/09/04,2026/10/08,2026-10,PUT,56000,273,,,32.2,32.07,256,1,252,10,,,,,
2026/09/03 17:16,2026-09-03T17:31:57+09:00,2026/09/04,2026/10/08,2026-10,CALL,55750,8420,,,35.46,,8670,7,8170,7,,,,,
2026/09/03 17:16,2026-09-03T17:31:57+09:00,2026/09/04,2026/10/08,2026-10,PUT,55750,257,,,32.67,32.4,246,5,238,3,,,,,
2026/09/03 17:16,2026-09-03T17:31:57+09:00,2026/09/04,2026/10/08,2026-10,CALL,55500,8655,,,35.85,,8905,12,8405,12,,,,,
2026/09/03 17:16,2026-09-03T17:31:57+09:00,2026/09/04,2026/10/08,2026-10,PUT,55500,241,,,33.03,32.74,233,8,225,6,,,,,
2026/09/03 17:16,2026-09-03T17:31:57+09:00,2026/09/04,2026/10/08,2026-10,CALL,55250,8895,,,36.38,,9145,7,8645,7,,,,,
2026/09/03 17:16,2026-09-03T17:31:57+09:00,2026/09/04,2026/10/08,2026-10,PUT,55250,231,,,33.5,33.06,224,5,212,3,,,,,
2026/09/03 17:16,2026-09-03T17:31:57+09:00,2026/09/04,2026/10/08,2026-10,CALL,55000,9130,,,36.74,,9380,18,8880,18,,,,,
2026/09/03 17:16,2026-09-03T17:31:57+09:00,2026/09/04,2026/10/08,2026-10,PUT,55000,222,,1,33.73,33.54,209,1,204,1,33.9,-14,-6.31,208,09/03 17:07
2026/09/03 17:17,2026-09-03T17:31:57+09:00,2026/09/04,2026/12/10,2026-12,CALL,66750,1970,,,23.34,22.45,2090,20,1975,1,,,,,
2026/09/03 17:17,2026-09-03T17:31:57+09:00,2026/09/04,2026/12/10,2026-12,PUT,66750,4620,,,,,,,,,,,,,
2026/09/03 17:17,2026-09-03T17:31:57+09:00,2026/09/04,2026/12/10,2026-12,CALL,66500,2060,,,23.41,22.53,2190,20,2075,1,,,,,
2026/09/03 17:17,2026-09-03T17:31:57+09:00,2026/09/04,2026/12/10,2026-12,PUT,66500,4460,,,,,,,,,,,,,
2026/09/03 17:17,2026-09-03T17:31:57+09:00,2026/09/04,2026/12/10,2026-12,CALL,66250,2175,,,23.46,22.59,2290,20,2175,1,,,,,
2026/09/03 17:17,2026-09-03T17:31:57+09:00,2026/09/04,2026/12/10,2026-12,PUT,66250,4325,,,,,,,,,,,,,
2026/09/03 17:17,2026-09-03T17:31:57+09:00,2026/09/04,2026/12/10,2026-12,CALL,66000,2265,,,23.49,22.62,2390,20,2275,1,,,,,
2026/09/03 17:17,2026-09-03T17:31:57+09:00,2026/09/04,2026/12/10,2026-12,PUT,66000,4170,,,23.49,22.58,4110,20,3990,20,,,,,
2026/09/03 17:17,2026-09-03T17:31:57+09:00,2026/09/04,2026/12/10,2026-12,CALL,65750,2380,,,23.57,22.7,2500,20,2385,1,,,,,
2026/09/03 17:17,2026-09-03T17:31:57+09:00,2026/09/04,2026/12/10,2026-12,PUT,65750,4035,,,23.57,22.67,3970,20,3850,20,,,,,
2026/09/03 17:17,2026-09-03T17:31:57+09:00,2026/09/04,2026/12/10,2026-12,CALL,65500,2485,,,23.59,22.73,2605,20,2490,1,,,,,
2026/09/03 17:17,2026-09-03T17:31:57+09:00,2026/09/04,2026/12/10,2026-12,PUT,65500,3890,,,23.63,22.73,3830,20,3710,20,,,,,
2026/09/03 17:17,2026-09-03T17:31:57+09:00,2026/09/04,2026/12/10,2026-12,CALL,65250,2600,,,23.44,22.54,2690,20,2570,20,,,,,
2026/09/03 17:17,2026-09-03T17:31:57+09:00,2026/09/04,2026/12/10,2026-12,PUT,65250,3755,,,23.7,22.8,3695,20,3575,20,,,,,
2026/09/03 17:17,2026-09-03T17:31:57+09:00,2026/09/04,2026/12/10,2026-12,CALL,65000,2705,,,23.72,22.85,2835,20,2720,1,,,,,
2026/09/03 17:17,2026-09-03T17:31:57+09:00,2026/09/04,2026/12/10,2026-12,PUT,65000,3615,,,23.79,22.89,3565,20,3445,20,,,,,
2026/09/03 17:17,2026-09-03T17:31:57+09:00,2026/09/04,2026/12/10,2026-12,CALL,64750,2835,,,23.78,22.88,2955,20,2835,20,,,,,
2026/09/03 17:17,2026-09-03T17:31:57+09:00,2026/09/04,2026/12/10,2026-12,PUT,64750,3495,,,23.86,22.96,3435,20,3315,20,,,,,
2026/09/03 17:17,2026-09-03T17:31:57+09:00,2026/09/04,2026/12/10,2026-12,CALL,64500,2960,,,23.86,23,3080,20,2965,1,,,,,
2026/09/03 17:17,2026-09-03T17:31:57+09:00,2026/09/04,2026/12/10,2026-12,PUT,64500,3365,,,23.93,23.03,3310,20,3190,20,,,,,
2026/09/03 17:17,2026-09-03T17:31:57+09:00,2026/09/04,2026/12/10,2026-12,CALL,64250,3080,,,23.95,23.09,3210,20,3095,1,,,,,
2026/09/03 17:17,2026-09-03T17:31:57+09:00,2026/09/04,2026/12/10,2026-12,PUT,64250,3240,,,24.03,23.13,3190,20,3070,20,,,,,
2026/09/03 17:17,2026-09-03T17:31:57+09:00,2026/09/04,2026/12/10,2026-12,CALL,64000,3210,,,24.02,23.16,3340,20,3225,1,,,,,
2026/09/03 17:17,2026-09-03T17:31:57+09:00,2026/09/04,2026/12/10,2026-12,PUT,64000,3120,,,24.1,23.19,3070,20,2950,20,,,,,
2026/09/03 17:17,2026-09-03T17:31:57+09:00,2026/09/04,2026/12/10,2026-12,CALL,63750,3350,,,24.11,23.24,3475,20,3360,1,,,,,
2026/09/03 17:17,2026-09-03T17:31:57+09:00,2026/09/04,2026/12/10,2026-12,PUT,63750,3005,,,24.14,23.24,2950,20,2830,20,,,,,
2026/09/03 17:17,2026-09-03T17:31:57+09:00,2026/09/04,2026/12/10,2026-12,CALL,63500,3485,,,24.21,23.33,3615,20,3500,1,,,,,
2026/09/03 17:17,2026-09-03T17:31:57+09:00,2026/09/04,2026/12/10,2026-12,PUT,63500,2900,,,24.24,23.33,2840,20,2720,20,,,,,
2026/09/03 17:17,2026-09-03T17:31:57+09:00,2026/09/04,2026/12/10,2026-12,CALL,63250,3635,,,,,,,,,,,,,
2026/09/03 17:17,2026-09-03T17:31:57+09:00,2026/09/04,2026/12/10,2026-12,PUT,63250,2785,,,24.36,23.44,2735,20,2615,20,,,,,
2026/09/03 17:17,2026-09-03T17:31:57+09:00,2026/09/04,2026/12/10,2026-12,CALL,63000,3775,,,,,,,,,,,,,
2026/09/03 17:17,2026-09-03T17:31:57+09:00,2026/09/04,2026/12/10,2026-12,PUT,63000,2680,,,24.45,23.53,2630,20,2510,20,,,,,
2026/09/03 17:17,2026-09-03T17:31:57+09:00,2026/09/04,2026/12/10,2026-12,CALL,62750,3920,,,,,,,,,,,,,
2026/09/03 17:17,2026-09-03T17:31:57+09:00,2026/09/04,2026/12/10,2026-12,PUT,62750,2575,,,24.56,23.63,2530,20,2410,20,,,,,
2026/09/03 17:17,2026-09-03T17:31:57+09:00,2026/09/04,2026/12/10,2026-12,CALL,62500,4070,,,,,,,,,,,,,
2026/09/03 17:17,2026-09-03T17:31:57+09:00,2026/09/04,2026/12/10,2026-12,PUT,62500,2480,,,24.65,23.71,2430,20,2310,20,,,,,
2026/09/03 17:17,2026-09-03T17:31:57+09:00,2026/09/04,2026/12/10,2026-12,CALL,62250,4225,,,,,,,,,,,,,
2026/09/03 17:17,2026-09-03T17:31:57+09:00,2026/09/04,2026/12/10,2026-12,PUT,62250,2395,,,24.79,23.84,2340,20,2220,20,,,,,
2026/09/03 17:17,2026-09-03T17:31:57+09:00,2026/09/04,2026/12/10,2026-12,CALL,62000,4385,,,,,,,,,,,,,
2026/09/03 17:17,2026-09-03T17:31:57+09:00,2026/09/04,2026/12/10,2026-12,PUT,62000,2300,,,24.91,23.96,2250,20,2130,20,,,,,
2026/09/03 17:17,2026-09-03T17:31:57+09:00,2026/09/04,2026/12/10,2026-12,CALL,61750,4545,,,,,,,,,,,,,
2026/09/03 17:17,2026-09-03T17:31:57+09:00,2026/09/04,2026/12/10,2026-12,PUT,61750,2210,,,25.01,24.04,2160,20,2040,20,,,,,
2026/09/03 17:33,2026-09-03T17:48:44+09:00,2026/09/04,2026/09/10,2026-09,CALL,78000,1,,2,40.85,,1,52,,,41.11,0,0,1,09/03 17:23
2026/09/03 17:33,2026-09-03T17:48:44+09:00,2026/09/04,2026/09/10,2026-09,PUT,78000,13770,,,,,,,,,,,,,
2026/09/03 17:33,2026-09-03T17:48:44+09:00,2026/09/04,2026/09/10,2026-09,CALL,77500,1,,,39.58,,1,50,,,,,,,
2026/09/03 17:33,2026-09-03T17:48:44+09:00,2026/09/04,2026/09/10,2026-09,PUT,77500,13270,,,,,,,,,,,,,
2026/09/03 17:33,2026-09-03T17:48:44+09:00,2026/09/04,2026/09/10,2026-09,CALL,77000,1,,2,38.3,,1,58,,,38.71,0,0,1,09/03 17:13
2026/09/03 17:33,2026-09-03T17:48:44+09:00,2026/09/04,2026/09/10,2026-09,PUT,77000,12770,,,,,,,,,,,,,
2026/09/03 17:33,2026-09-03T17:48:44+09:00,2026/09/04,2026/09/10,2026-09,CALL,76500,1,,,37.01,,1,50,,,,,,,
2026/09/03 17:33,2026-09-03T17:48:44+09:00,2026/09/04,2026/09/10,2026-09,PUT,76500,12270,,,,,,,,,,,,,
2026/09/03 17:33,2026-09-03T17:48:44+09:00,2026/09/04,2026/09/10,2026-09,CALL,76000,1,,,35.71,,1,53,,,,,,,
2026/09/03 17:33,2026-09-03T17:48:44+09:00,2026/09/04,2026/09/10,2026-09,PUT,76000,11770,,,,,,,,,,,,,
2026/09/03 17:33,2026-09-03T17:48:44+09:00,2026/09/04,2026/09/10,2026-09,CALL,75500,1,,1,34.4,,1,50,,,35.43,0,0,1,09/03 17:02
2026/09/03 17:33,2026-09-03T17:48:44+09:00,2026/09/04,2026/09/10,2026-09,PUT,75500,11270,,,,,,,,,,,,,
2026/09/03 17:33,2026-09-03T17:48:44+09:00,2026/09/04,2026/09/10,2026-09,CALL,75375,1,,,34.07,,1,1,,,,,,,
2026/09/03 17:33,2026-09-03T17:48:44+09:00,2026/09/04,2026/09/10,2026-09,PUT,75375,11145,,,,,,,,,,,,,
2026/09/03 17:33,2026-09-03T17:48:44+09:00,2026/09/04,2026/09/10,2026-09,CALL,75250,1,,,33.74,,1,1,,,,,,,
2026/09/03 17:33,2026-09-03T17:48:44+09:00,2026/09/04,2026/09/10,2026-09,PUT,75250,11020,,,,,,,,,,,,,
2026/09/03 17:33,2026-09-03T17:48:44+09:00,2026/09/04,2026/09/10,2026-09,CALL,75125,1,,,33.4,,1,1,,,,,,,
2026/09/03 17:33,2026-09-03T17:48:44+09:00,2026/09/04,2026/09/10,2026-09,PUT,75125,10895,,,,,,,,,,,,,
2026/09/03 17:33,2026-09-03T17:48:44+09:00,2026/09/04,2026/09/10,2026-09,CALL,75000,1,,5,33.07,,1,60,,,33.34,0,0,1,09/03 17:23
2026/09/03 17:33,2026-09-03T17:48:44+09:00,2026/09/04,2026/09/10,2026-09,PUT,75000,10770,,,,,,,,,,,,,
2026/09/03 17:33,2026-09-03T17:48:44+09:00,2026/09/04,2026/09/10,2026-09,CALL,74875,2,,,42.01,,12,14,,,,,,,
2026/09/03 17:33,2026-09-03T17:48:44+09:00,2026/09/04,2026/09/10,2026-09,PUT,74875,10645,,,,,,,,,,,,,
2026/09/03 17:33,2026-09-03T17:48:44+09:00,2026/09/04,2026/09/10,2026-09,CALL,74750,2,,,34.42,,2,51,,,,,,,
2026/09/03 17:33,2026-09-03T17:48:44+09:00,2026/09/04,2026/09/10,2026-09,PUT,74750,10520,,,,,,,,,,,,,
2026/09/03 17:33,2026-09-03T17:48:44+09:00,2026/09/04,2026/09/10,2026-09,CALL,74625,1,,,34.07,,2,6,,,,,,,
2026/09/03 17:33,2026-09-03T17:48:44+09:00,2026/09/04,2026/09/10,2026-09,PUT,74625,10395,,,,,,,,,,,,,
2026/09/03 17:33,2026-09-03T17:48:44+09:00,2026/09/04,2026/09/10,2026-09,CALL,74500,2,,,33.71,,2,59,,,,,,,
2026/09/03 17:33,2026-09-03T17:48:44+09:00,2026/09/04,2026/09/10,2026-09,PUT,74500,10270,,,,,,,,,,,,,
2026/09/03 17:33,2026-09-03T17:48:44+09:00,2026/09/04,2026/09/10,2026-09,CALL,74375,2,,,33.36,,2,5,,,,,,,
2026/09/03 17:33,2026-09-03T17:48:44+09:00,2026/09/04,2026/09/10,2026-09,PUT,74375,10145,,,,,,,,,,,,,
2026/09/03 17:33,2026-09-03T17:48:44+09:00,2026/09/04,2026/09/10,2026-09,CALL,74250,2,,,39.94,,12,17,,,,,,,
2026/09/03 17:33,2026-09-03T17:48:44+09:00,2026/09/04,2026/09/10,2026-09,PUT,74250,10020,,,,,,,,,,,,,
2026/09/03 17:33,2026-09-03T17:48:44+09:00,2026/09/04,2026/09/10,2026-09,CALL,74125,2,,,39.11,,11,14,,,,,,,
2026/09/03 17:33,2026-09-03T17:48:44+09:00,2026/09/04,2026/09/10,2026-09,PUT,74125,9900,,,,,,,,,,,,,
2026/09/03 17:33,2026-09-03T17:48:44+09:00,2026/09/04,2026/09/10,2026-09,CALL,74000,1,,3,30.37,,1,8,,,30.37,0,0,1,09/03 17:28
2026/09/03 17:33,2026-09-03T17:48:44+09:00,2026/09/04,2026/09/10,2026-09,PUT,74000,9775,,,,,,,,,,,,,
2026/09/03 17:33,2026-09-03T17:48:44+09:00,2026/09/04,2026/09/10,2026-09,CALL,73875,2,,,38.69,,12,14,,,,,,,
2026/09/03 17:33,2026-09-03T17:48:44+09:00,2026/09/04,2026/09/10,2026-09,PUT,73875,9650,,,,,,,,,,,,,
2026/09/03 17:33,2026-09-03T17:48:44+09:00,2026/09/04,2026/09/10,2026-09,CALL,73750,2,,,31.57,,2,57,,,,,,,
2026/09/03 17:33,2026-09-03T17:48:44+09:00,2026/09/04,2026/09/10,2026-09,PUT,73750,9525,,,,,,,,,,,,,
2026/09/03 17:33,2026-09-03T17:48:44+09:00,2026/09/04,2026/09/10,2026-09,CALL,73625,2,,,37.85,29.35,12,14,1,10,,,,,
2026/09/03 17:33,2026-09-03T17:48:44+09:00,2026/09/04,2026/09/10,2026-09,PUT,73625,9400,,,,,,,,,,,,,
2026/09/03 17:33,2026-09-03T17:48:44+09:00,2026/09/04,2026/09/10,2026-09,CALL,73500,2,,1,30.84,29,2,71,1,5,29.16,-1,-50,1,09/03 17:19
2026/09/03 17:33,2026-09-03T17:48:44+09:00,2026/09/04,2026/09/10,2026-09,PUT,73500,9275,,,,,,,,,,,,,
2026/09/03 17:33,2026-09-03T17:48:44+09:00,2026/09/04,2026/09/10,2026-09,CALL,73375,3,,,37,,12,14,,,,,,,
2026/09/03 17:33,2026-09-03T17:48:44+09:00,2026/09/04,2026/09/10,2026-09,PUT,73375,9150,,,,,,,,,,,,,
2026/09/03 17:33,2026-09-03T17:48:44+09:00,2026/09/04,2026/09/10,2026-09,CALL,73250,2,,,30.12,,2,50,,,,,,,
2026/09/03 17:33,2026-09-03T17:48:44+09:00,2026/09/04,2026/09/10,2026-09,PUT,73250,9025,,,,,,,,,,,,,
2026/09/03 17:33,2026-09-03T17:48:44+09:00,2026/09/04,2026/09/10,2026-09,CALL,73125,3,,,36.52,,13,14,,,,,,,
2026/09/03 17:33,2026-09-03T17:48:44+09:00,2026/09/04,2026/09/10,2026-09,PUT,73125,8900,,,,,,,,,,,,,
2026/09/03 17:33,2026-09-03T17:48:44+09:00,2026/09/04,2026/09/10,2026-09,CALL,73000,2,,1,29.38,27.62,2,85,1,188,29.38,0,0,2,09/03 17:28
2026/09/03 17:33,2026-09-03T17:48:44+09:00,2026/09/04,2026/09/10,2026-09,PUT,73000,8775,,,,,,,,,,,,,
2026/09/03 17:33,2026-09-03T17:48:44+09:00,2026/09/04,2026/09/10,2026-09,CALL,72875,3,,,34.91,,11,4,,,,,,,
2026/09/03 17:33,2026-09-03T17:48:44+09:00,2026/09/04,2026/09/10,2026-09,PUT,72875,8650,,,,,,,,,,,,,
2026/09/03 17:33,2026-09-03T17:48:44+09:00,2026/09/04,2026/09/10,2026-09,CALL,72750,3,,,28.65,26.92,2,54,1,105,,,,,
2026/09/03 17:33,2026-09-03T17:48:44+09:00,2026/09/04,2026/09/10,2026-09,PUT,72750,8525,,,,,,,,,,,,,
2026/09/03 17:33,2026-09-03T17:48:44+09:00,2026/09/04,2026/09/10,2026-09,CALL,72625,3,,,34.05,,11,4,,,,,,,
2026/09/03 17:33,2026-09-03T17:48:44+09:00,2026/09/04,2026/09/10,2026-09,PUT,72625,8400,,,,,,,,,,,,,
2026/09/03 17:33,2026-09-03T17:48:44+09:00,2026/09/04,2026/09/10,2026-09,CALL,72500,2,,2,27.91,26.21,2,99,1,165,27.76,0,0,2,09/03 17:27
2026/09/03 17:33,2026-09-03T17:48:44+09:00,2026/09/04,2026/09/10,2026-09,PUT,72500,8275,,,,,,,,,,,,,
2026/09/03 17:33,2026-09-03T17:48:44+09:00,2026/09/04,2026/09/10,2026-09,CALL,72375,3,,,33.19,,11,4,,,,,,,
2026/09/03 17:33,2026-09-03T17:48:44+09:00,2026/09/04,2026/09/10,2026-09,PUT,72375,8150,,,,,,,,,,,,,
2026/09/03 17:33,2026-09-03T17:48:44+09:00,2026/09/04,2026/09/10,2026-09,CALL,72250,2,,,27.16,25.51,2,100,1,140,,,,,
2026/09/03 17:33,2026-09-03T17:48:44+09:00,2026/09/04,2026/09/10,2026-09,PUT,72250,8025,,,,,,,,,,,,,
2026/09/03 17:33,2026-09-03T17:48:44+09:00,2026/09/04,2026/09/10,2026-09,CALL,72125,4,,,32.32,,11,4,,,,,,,
2026/09/03 17:33,2026-09-03T17:48:44+09:00,2026/09/04,2026/09/10,2026-09,PUT,72125,7900,,,,,,,,,,,,,
2026/09/03 17:33,2026-09-03T17:48:44+09:00,2026/09/04,2026/09/10,2026-09,CALL,72000,3,,3,27.49,26.41,3,58,2,80,27.67,0,0,3,09/03 17:20
2026/09/03 17:33,2026-09-03T17:48:44+09:00,2026/09/04,2026/09/10,2026-09,PUT,72000,7775,,,,,,,,,,,,,
2026/09/03 17:33,2026-09-03T17:48:44+09:00,2026/09/04,2026/09/10,2026-09,CALL,71875,5,,,31.8,,12,4,,,,,,,
2026/09/03 17:33,2026-09-03T17:48:44+09:00,2026/09/04,2026/09/10,2026-09,PUT,71875,7650,,,,,,,,,,,,,
2026/09/03 17:33,2026-09-03T17:48:44+09:00,2026/09/04,2026/09/10,2026-09,CALL,71750,5,,,31.36,25.66,12,5,2,55,,,,,
2026/09/03 17:33,2026-09-03T17:48:44+09:00,2026/09/04,2026/09/10,2026-09,PUT,71750,7525,,,,,,,,,,,,,
2026/09/03 17:33,2026-09-03T17:48:44+09:00,2026/09/04,2026/09/10,2026-09,CALL,71625,4,,,28.9,25.28,7,18,2,18,,,,,
2026/09/03 17:33,2026-09-03T17:48:44+09:00,2026/09/04,2026/09/10,2026-09,PUT,71625,7400,,,,,,,,,,,,,
2026/09/03 17:33,2026-09-03T17:48:44+09:00,2026/09/04,2026/09/10,2026-09,CALL,71500,4,,1,26.73,25.93,4,15,3,11,27.07,1,33.33,4,09/03 17:06
2026/09/03 17:33,2026-09-03T17:48:44+09:00,2026/09/04,2026/09/10,2026-09,PUT,71500,7275,,,,,,,,,,,,,
2026/09/03 17:33,2026-09-03T17:48:44+09:00,2026/09/04,2026/09/10,2026-09,CALL,71375,5,,,26.98,25.54,5,15,3,19,,,,,
2026/09/03 17:33,2026-09-03T17:48:44+09:00,2026/09/04,2026/09/10,2026-09,PUT,71375,7150,,,,,,,,,,,,,
2026/09/03 17:33,2026-09-03T17:48:44+09:00,2026/09/04,2026/09/10,2026-09,CALL,71250,5,,,26.57,25.14,5,20,3,43,,,,,
2026/09/03 17:33,2026-09-03T17:48:44+09:00,2026/09/04,2026/09/10,2026-09,PUT,71250,7030,,,,,,,3,10,,,,,
2026/09/03 17:33,2026-09-03T17:48:44+09:00,2026/09/04,2026/09/10,2026-09,CALL,71125,6,,,26.71,25.51,6,19,4,4,,,,,
2026/09/03 17:33,2026-09-03T17:48:44+09:00,2026/09/04,2026/09/10,2026-09,PUT,71125,6905,,,,,,,,,,,,,
2026/09/03 17:33,2026-09-03T17:48:44+09:00,2026/09/04,2026/09/10,2026-09,CALL,71000,5,,,25.74,25.1,5,2,4,29,,,,,
2026/09/03 17:33,2026-09-03T17:48:44+09:00,2026/09/04,2026/09/10,2026-09,PUT,71000,6775,,,,,,,3,10,,,,,
2026/09/03 17:33,2026-09-03T17:48:44+09:00,2026/09/04,2026/09/10,2026-09,CALL,70875,6,,,25.86,24.69,6,15,4,33,,,,,
2026/09/03 17:33,2026-09-03T17:48:44+09:00,2026/09/04,2026/09/10,2026-09,PUT,70875,6655,,,,,,,,,,,,,
2026/09/03 17:33,2026-09-03T17:48:44+09:00,2026/09/04,2026/09/10,2026-09,CALL,70750,7,,,25.91,24.9,7,15,5,20,,,,,
2026/09/03 17:33,2026-09-03T17:48:44+09:00,2026/09/04,2026/09/10,2026-09,PUT,70750,6530,,,,,,,3,10,,,,,
2026/09/03 17:33,2026-09-03T17:48:44+09:00,2026/09/04,2026/09/10,2026-09,CALL,70625,7,,,25.47,24.48,7,15,5,19,,,,,
2026/09/03 17:33,2026-09-03T17:48:44+09:00,2026/09/04,2026/09/10,2026-09,PUT,70625,6405,,,,,,,,,,,,,
2026/09/03 17:33,2026-09-03T17:48:44+09:00,2026/09/04,2026/09/10,2026-09,CALL,70500,7,,,25.45,24.57,8,23,6,17,,,,,
2026/09/03 17:33,2026-09-03T17:48:44+09:00,2026/09/04,2026/09/10,2026-09,PUT,70500,6280,,,,,,,3,10,,,,,
2026/09/03 17:33,2026-09-03T17:48:44+09:00,2026/09/04,2026/09/10,2026-09,CALL,70375,8,,,25.39,24.6,9,33,7,1,,,,,
2026/09/03 17:33,2026-09-03T17:48:44+09:00,2026/09/04,2026/09/10,2026-09,PUT,70375,6155,,,,,,,,,,,,,
2026/09/03 17:33,2026-09-03T17:48:44+09:00,2026/09/04,2026/09/10,2026-09,CALL,70250,8,,,24.93,24.16,9,1,7,37,,,,,
2026/09/03 17:33,2026-09-03T17:48:44+09:00,2026/09/04,2026/09/10,2026-09,PUT,70250,6030,,,,,,,3,10,,,,,
2026/09/03 17:33,2026-09-03T17:48:44+09:00,2026/09/04,2026/09/10,2026-09,CALL,70125,10,,,25.14,23.72,11,33,7,33,,,,,
2026/09/03 17:33,2026-09-03T17:48:44+09:00,2026/09/04,2026/09/10,2026-09,PUT,70125,5910,,,,,,,,,,,,,
2026/09/03 17:33,2026-09-03T17:48:44+09:00,2026/09/04,2026/09/10,2026-09,CALL,70000,10,,13,24.67,24.03,11,3,9,30,24.38,0,0,10,09/03 17:31
2026/09/03 17:33,2026-09-03T17:48:44+09:00,2026/09/04,2026/09/10,2026-09,PUT,70000,5785,,,52.66,,5875,4,5085,4,,,,,
2026/09/03 17:33,2026-09-03T17:48:44+09:00,2026/09/04,2026/09/10,2026-09,CALL,69875,12,,,25.97,21.36,18,24,4,24,,,,,
2026/09/03 17:33,2026-09-03T17:48:44+09:00,2026/09/04,2026/09/10,2026-09,PUT,69875,5660,,,57.44,,5885,2,5100,2,,,,,
2026/09/03 17:33,2026-09-03T17:48:44+09:00,2026/09/04,2026/09/10,2026-09,CALL,69750,14,,,24.3,23.74,13,1,11,5,,,,,
2026/09/03 17:33,2026-09-03T17:48:44+09:00,2026/09/04,2026/09/10,2026-09,PUT,69750,5535,,,60.79,,5870,1,5080,1,,,,,
2026/09/03 17:33,2026-09-03T17:48:44+09:00,2026/09/04,2026/09/10,2026-09,CALL,69625,14,,,25.58,21.52,21,24,6,24,,,,,
2026/09/03 17:33,2026-09-03T17:48:44+09:00,2026/09/04,2026/09/10,2026-09,PUT,69625,5415,,,48.85,,5465,2,4685,2,,,,,
2026/09/03 17:33,2026-09-03T17:48:44+09:00,2026/09/04,2026/09/10,2026-09,CALL,69500,15,,9,24.27,23.82,17,11,15,2,24.04,0,0,15,09/03 17:19
2026/09/03 17:33,2026-09-03T17:48:44+09:00,2026/09/04,2026/09/10,2026-09,PUT,69500,5290,,,48.09,,5340,1,4560,1,,,,,
2026/09/03 17:33,2026-09-03T17:48:44+09:00,2026/09/04,2026/09/10,2026-09,CALL,69375,18,,,25.09,22.32,24,24,11,24,,,,,
2026/09/03 17:33,2026-09-03T17:48:44+09:00,2026/09/04,2026/09/10,2026-09,PUT,69375,5170,,,47.54,,5220,2,4440,2,,,,,
2026/09/03 17:33,2026-09-03T17:48:44+09:00,2026/09/04,2026/09/10,2026-09,CALL,69250,20,,,23.87,21.26,20,1,9,28,,,,,
2026/09/03 17:33,2026-09-03T17:48:44+09:00,2026/09/04,2026/09/10,2026-09,PUT,69250,5045,,,46.76,,5095,1,4315,1,,,,,
2026/09/03 17:33,2026-09-03T17:48:44+09:00,2026/09/04,2026/09/10,2026-09,CALL,69125,22,,,24.68,21.63,28,24,12,24,,,,,
2026/09/03 17:33,2026-09-03T17:48:44+09:00,2026/09/04,2026/09/10,2026-09,PUT,69125,4920,,,45.98,,4970,2,4195,2,,,,,
2026/09/03 17:33,2026-09-03T17:48:44+09:00,2026/09/04,2026/09/10,2026-09,CALL,69000,22,,5,23.69,23.36,25,5,23,15,23.32,2,9.09,24,09/03 17:27
2026/09/03 17:33,2026-09-03T17:48:44+09:00,2026/09/04,2026/09/10,2026-09,PUT,69000,4800,,,47.45,,4900,4,4215,4,,,,,
2026/09/03 17:33,2026-09-03T17:48:44+09:00,2026/09/04,2026/09/10,2026-09,CALL,68875,27,,,24.3,21.56,33,20,16,23,,,,,
2026/09/03 17:33,2026-09-03T17:48:44+09:00,2026/09/04,2026/09/10,2026-09,PUT,68875,4675,,,28.58,,4425,8,4090,7,,,,,
2026/09/03 17:33,2026-09-03T17:48:44+09:00,2026/09/04,2026/09/10,2026-09,CALL,68750,28,,,23.74,22.31,33,1,23,27,,,,,
2026/09/03 17:33,2026-09-03T17:48:44+09:00,2026/09/04,2026/09/10,2026-09,PUT,68750,4555,,,44.63,,4620,2,4180,2,,,,,
2026/09/03 17:33,2026-09-03T17:48:44+09:00,2026/09/04,2026/09/10,2026-09,CALL,68625,35,,,25.1,21.45,50,23,21,23,,,,,
2026/09/03 17:33,2026-09-03T17:48:44+09:00,2026/09/04,2026/09/10,2026-09,PUT,68625,4435,,,28.13,,4185,8,3960,3,,,,,
2026/09/03 17:33,2026-09-03T17:48:44+09:00,2026/09/04,2026/09/10,2026-09,CALL,68500,34,,6,23.57,23.23,41,1,38,1,23.5,4,11.76,38,09/03 17:25
2026/09/03 17:33,2026-09-03T17:48:44+09:00,2026/09/04,2026/09/10,2026-09,PUT,68500,4315,,,27.49,,4060,1,3900,3,,,,,
2026/09/03 17:33,2026-09-03T17:48:44+09:00,2026/09/04,2026/09/10,2026-09,CALL,68375,44,,,23.62,22.99,47,16,41,16,,,,,
2026/09/03 17:33,2026-09-03T17:48:44+09:00,2026/09/04,2026/09/10,2026-09,PUT,68375,4195,,,27.57,,3945,8,3680,7,,,,,
2026/09/03 17:33,2026-09-03T17:48:44+09:00,2026/09/04,2026/09/10,2026-09,CALL,68250,47,,,23.51,23.12,52,1,48,1,,,,,
2026/09/03 17:33,2026-09-03T17:48:44+09:00,2026/09/04,2026/09/10,2026-09,PUT,68250,4075,,,27.25,,3825,8,3555,7,,,,,
2026/09/03 17:33,2026-09-03T17:48:44+09:00,2026/09/04,2026/09/10,2026-09,CALL,68125,54,,,23.53,22.99,59,4,53,4,,,,,
2026/09/03 17:33,2026-09-03T17:48:44+09:00,2026/09/04,2026/09/10,2026-09,PUT,68125,3960,,,27.24,,3710,8,3460,3,,,,,
2026/09/03 17:33,2026-09-03T17:48:44+09:00,2026/09/04,2026/09/10,2026-09,CALL,68000,55,,27,23.32,23.16,64,1,62,2,23.18,8,14.55,63,09/03 17:29
2026/09/03 17:33,2026-09-03T17:48:44+09:00,2026/09/04,2026/09/10,2026-09,PUT,68000,3835,,,39.09,20.59,3855,22,3510,3,,,,,
2026/09/03 17:33,2026-09-03T17:48:44+09:00,2026/09/04,2026/09/10,2026-09,CALL,67875,67,,,23.45,23,74,3,68,3,,,,,
2026/09/03 17:33,2026-09-03T17:48:44+09:00,2026/09/04,2026/09/10,2026-09,PUT,67875,3720,,,26.47,,3470,8,3190,7,,,,,
2026/09/03 17:33,2026-09-03T17:48:44+09:00,2026/09/04,2026/09/10,2026-09,CALL,67750,73,,,23.37,23.02,82,1,77,1,,,,,
2026/09/03 17:33,2026-09-03T17:48:44+09:00,2026/09/04,2026/09/10,2026-09,PUT,67750,3610,,,26.61,,3360,8,3170,2,,,,,
2026/09/03 17:33,2026-09-03T17:48:44+09:00,2026/09/04,2026/09/10,2026-09,CALL,67625,81,,,23.62,22.91,96,3,85,3,,,,,
2026/09/03 17:33,2026-09-03T17:48:44+09:00,2026/09/04,2026/09/10,2026-09,PUT,67625,3490,,,26.16,,3240,8,2955,7,,,,,
2026/09/03 17:33,2026-09-03T17:48:44+09:00,2026/09/04,2026/09/10,2026-09,CALL,67500,85,,,23.42,22.99,104,1,97,1,,,,,
2026/09/03 17:33,2026-09-03T17:48:44+09:00,2026/09/04,2026/09/10,2026-09,PUT,67500,3380,,,26.2,,3130,12,2870,3,,,,,
2026/09/03 17:33,2026-09-03T17:48:44+09:00,2026/09/04,2026/09/10,2026-09,CALL,67375,102,,,23.57,23,119,3,109,3,,,,,
2026/09/03 17:33,2026-09-03T17:48:44+09:00,2026/09/04,2026/09/10,2026-09,PUT,67375,3265,,,25.94,,3015,8,2780,3,,,,,
2026/09/03 17:33,2026-09-03T17:48:44+09:00,2026/09/04,2026/09/10,2026-09,CALL,67250,105,,,23.43,23,130,1,122,1,,,,,
2026/09/03 17:33,2026-09-03T17:48:44+09:00,2026/09/04,2026/09/10,2026-09,PUT,67250,3145,,,25.41,0,2895,7,2725,7,,,,,
2026/09/03 17:33,2026-09-03T17:48:44+09:00,2026/09/04,2026/09/10,2026-09,CALL,67125,124,,,23.59,22.99,148,3,136,3,,,,,
2026/09/03 17:33,2026-09-03T17:48:44+09:00,2026/09/04,2026/09/10,2026-09,PUT,67125,3035,,,25.32,15.92,2785,6,2630,3,,,,,
2026/09/03 17:33,2026-09-03T17:48:44+09:00,2026/09/04,2026/09/10,2026-09,CALL,67000,135,,28,23.43,23.06,161,1,153,1,23.06,23,17.04,158,09/03 17:30
2026/09/03 17:33,2026-09-03T17:48:44+09:00,2026/09/04,2026/09/10,2026-09,PUT,67000,2935,,,33.65,,2900,4,2425,7,,,,,
2026/09/03 17:33,2026-09-03T17:48:44+09:00,2026/09/04,2026/09/10,2026-09,CALL,66875,156,,,23.58,22.96,182,2,168,14,,,,,
2026/09/03 17:33,2026-09-03T17:48:44+09:00,2026/09/04,2026/09/10,2026-09,PUT,66875,2815,,,24.98,16.04,2565,6,2395,3,,,,,
2026/09/03 17:33,2026-09-03T17:48:44+09:00,2026/09/04,2026/09/10,2026-09,CALL,66750,171,,,23.44,23.1,198,1,190,1,,,,,
2026/09/03 17:33,2026-09-03T17:48:44+09:00,2026/09/04,2026/09/10,2026-09,PUT,66750,2710,,,24.94,19.4,2460,7,2335,2,,,,,
2026/09/03 17:33,2026-09-03T17:48:44+09:00,2026/09/04,2026/09/10,2026-09,CALL,66625,189,,,23.53,23.09,221,2,210,2,,,,,
2026/09/03 17:33,2026-09-03T17:48:44+09:00,2026/09/04,2026/09/10,2026-09,PUT,66625,2610,,,25.02,15.46,2360,6,2155,7,,,,,
2026/09/03 17:33,2026-09-03T17:48:44+09:00,2026/09/04,2026/09/10,2026-09,CALL,66500,209,,2,23.54,23.08,244,1,232,1,23.21,4,1.93,211,09/03 17:13
2026/09/03 17:33,2026-09-03T17:48:44+09:00,2026/09/04,2026/09/10,2026-09,PUT,66500,2480,,,34.57,11.84,2550,3,1995,3,,,,,
2026/09/03 17:33,2026-09-03T17:48:44+09:00,2026/09/04,2026/09/10,2026-09,CALL,66375,218,,,23.77,23.16,275,12,258,2,,,,,
2026/09/03 17:33,2026-09-03T17:48:44+09:00,2026/09/04,2026/09/10,2026-09,PUT,66375,2400,,,24.65,17.11,2150,1,1960,3,,,,,
2026/09/03 17:33,2026-09-03T17:48:44+09:00,2026/09/04,2026/09/10,2026-09,CALL,66250,259,,1,23.57,23.16,296,1,284,1,23.09,90,45,290,09/03 17:30
2026/09/03 17:33,2026-09-03T17:48:44+09:00,2026/09/04,2026/09/10,2026-09,PUT,66250,2295,,,33.96,8.41,2350,8,1730,7,,,,,
2026/09/03 17:33,2026-09-03T17:48:44+09:00,2026/09/04,2026/09/10,2026-09,CALL,66125,282,,2,23.76,23.26,330,2,315,2,23.06,20,6.67,320,09/03 17:27
2026/09/03 17:33,2026-09-03T17:48:44+09:00,2026/09/04,2026/09/10,2026-09,PUT,66125,2195,,,33.46,17.66,2245,8,1760,3,,,,,
2026/09/03 17:33,2026-09-03T17:48:44+09:00,2026/09/04,2026/09/10,2026-09,CALL,66000,297,,5,23.73,23.25,360,6,345,5,23.33,53,17.85,350,09/03 17:29
2026/09/03 17:33,2026-09-03T17:48:44+09:00,2026/09/04,2026/09/10,2026-09,PUT,66000,2110,,,32.2,17.94,2115,22,1665,4,,,,,
2026/09/03 17:33,2026-09-03T17:48:44+09:00,2026/09/04,2026/09/10,2026-09,CALL,65875,345,,,23.95,23.33,400,12,380,2,,,,,
2026/09/03 17:33,2026-09-03T17:48:44+09:00,2026/09/04,2026/09/10,2026-09,PUT,65875,2000,,,32.64,17.03,2045,8,1540,3,,,,,
2026/09/03 17:33,2026-09-03T17:48:44+09:00,2026/09/04,2026/09/10,2026-09,CALL,65750,375,,,23.79,23.49,430,1,420,5,,,,,
2026/09/03 17:33,2026-09-03T17:48:44+09:00,2026/09/04,2026/09/10,2026-09,PUT,65750,1910,,,25.43,13.25,1710,8,1340,2,,,,,
2026/09/03 17:33,2026-09-03T17:48:44+09:00,2026/09/04,2026/09/10,2026-09,CALL,65625,410,,,24.01,23.43,475,11,455,2,,,,,
2026/09/03 17:33,2026-09-03T17:48:44+09:00,2026/09/04,2026/09/10,2026-09,PUT,65625,1820,,,25.32,20.75,1620,6,1465,3,,,,,
2026/09/03 17:33,2026-09-03T17:48:44+09:00,2026/09/04,2026/09/10,2026-09,CALL,65500,440,,9,23.87,23.58,510,1,500,5,23.68,35,7.95,475,09/03 17:23
2026/09/03 17:33,2026-09-03T17:48:44+09:00,2026/09/04,2026/09/10,2026-09,PUT,65500,1740,,2,28.78,22,1660,13,1420,3,23.91,-295,-16.62,1480,09/03 17:29
2026/09/03 17:33,2026-09-03T17:48:44+09:00,2026/09/04,2026/09/10,2026-09,CALL,65375,490,,,24.08,23.52,560,11,540,10,,,,,
2026/09/03 17:33,2026-09-03T17:48:44+09:00,2026/09/04,2026/09/10,2026-09,PUT,65375,1645,,,29.46,18.53,1605,3,1215,3,,,,,
2026/09/03 17:33,2026-09-03T17:48:44+09:00,2026/09/04,2026/09/10,2026-09,CALL,65250,535,,,24.08,23.67,605,1,590,5,,,,,
2026/09/03 17:33,2026-09-03T17:48:44+09:00,2026/09/04,2026/09/10,2026-09,PUT,65250,1565,,,28.3,20.63,1485,12,1205,12,,,,,
2026/09/03 17:33,2026-09-03T17:48:44+09:00,2026/09/04,2026/09/10,2026-09,CALL,65125,580,,,24.55,23.74,670,10,640,2,,,,,
2026/09/03 17:33,2026-09-03T17:48:44+09:00,2026/09/04,2026/09/10,2026-09,PUT,65125,1495,,,28.58,20.89,1420,8,1135,8,,,,,
2026/09/03 17:33,2026-09-03T17:48:44+09:00,2026/09/04,2026/09/10,2026-09,CALL,65000,595,,8,24.41,23.88,715,5,695,5,23.5,105,17.65,700,09/03 17:27
2026/09/03 17:33,2026-09-03T17:48:44+09:00,2026/09/04,2026/09/10,2026-09,PUT,65000,1425,,,25.21,23.07,1220,18,1140,18,,,,,
2026/09/03 17:33,2026-09-03T17:48:44+09:00,2026/09/04,2026/09/10,2026-09,CALL,64875,680,,,24.86,23.94,785,9,750,2,,,,,
2026/09/03 17:33,2026-09-03T17:48:44+09:00,2026/09/04,2026/09/10,2026-09,PUT,64875,1350,,,25.26,22.88,1150,6,1060,5,,,,,
2026/09/03 17:33,2026-09-03T17:48:44+09:00,2026/09/04,2026/09/10,2026-09,CALL,64750,735,,,24.59,24.06,830,3,810,3,,,,,
2026/09/03 17:33,2026-09-03T17:48:44+09:00,2026/09/04,2026/09/10,2026-09,PUT,64750,1260,,,25.77,22.35,1100,7,970,4,,,,,
2026/09/03 17:33,2026-09-03T17:48:44+09:00,2026/09/04,2026/09/10,2026-09,CALL,64625,795,,,25.03,24.11,905,9,870,2,,,,,
2026/09/03 17:33,2026-09-03T17:48:44+09:00,2026/09/04,2026/09/10,2026-09,PUT,64625,1200,,,24.9,23.06,1000,7,930,5,,,,,
2026/09/03 17:33,2026-09-03T17:48:44+09:00,2026/09/04,2026/09/10,2026-09,CALL,64500,835,,,24.88,24.35,960,3,940,3,,,,,
2026/09/03 17:33,2026-09-03T17:48:44+09:00,2026/09/04,2026/09/10,2026-09,PUT,64500,1140,,3,24.88,24.22,935,1,910,1,24.61,-5,-0.54,925,09/03 17:32
2026/09/03 17:33,2026-09-03T17:48:44+09:00,2026/09/04,2026/09/10,2026-09,CALL,64375,905,,,25.18,24.39,1035,9,1005,2,,,,,
2026/09/03 17:33,2026-09-03T17:48:44+09:00,2026/09/04,2026/09/10,2026-09,PUT,64375,1050,,,25.44,24.26,895,7,850,7,,,,,
2026/09/03 17:33,2026-09-03T17:48:44+09:00,2026/09/04,2026/09/10,2026-09,CALL,64250,980,,,25.82,24.23,1125,10,1065,10,,,,,
2026/09/03 17:33,2026-09-03T17:48:44+09:00,2026/09/04,2026/09/10,2026-09,PUT,64250,1005,,3,25.15,24.62,825,5,805,5,24.77,-225,-22.06,795,09/03 17:30
2026/09/03 17:33,2026-09-03T17:48:44+09:00,2026/09/04,2026/09/10,2026-09,CALL,64125,1045,,,25.73,24.26,1190,10,1135,10,,,,,
2026/09/03 17:33,2026-09-03T17:48:44+09:00,2026/09/04,2026/09/10,2026-09,PUT,64125,940,,,25.46,23.99,780,8,725,2,,,,,
2026/09/03 17:33,2026-09-03T17:48:44+09:00,2026/09/04,2026/09/10,2026-09,CALL,64000,1115,,2,26.38,23.54,1285,18,1180,22,25.43,185,18.23,1200,09/03 17:23
2026/09/03 17:33,2026-09-03T17:48:44+09:00,2026/09/04,2026/09/10,2026-09,PUT,64000,870,,6,25.43,25.03,725,3,710,3,25,-130,-14.94,740,09/03 17:18
2026/09/03 17:33,2026-09-03T17:48:44+09:00,2026/09/04,2026/09/10,2026-09,CALL,63875,1200,,,26.56,23.55,1365,1,1255,10,,,,,
2026/09/03 17:33,2026-09-03T17:48:44+09:00,2026/09/04,2026/09/10,2026-09,PUT,63875,840,,,25.74,24.37,685,9,635,10,,,,,
2026/09/03 17:33,2026-09-03T17:48:44+09:00,2026/09/04,2026/09/10,2026-09,CALL,63750,1295,,,27.1,24.19,1460,11,1355,7,,,,,
2026/09/03 17:33,2026-09-03T17:48:44+09:00,2026/09/04,2026/09/10,2026-09,PUT,63750,760,,,25.72,25.3,635,1,620,3,,,,,
2026/09/03 17:33,2026-09-03T17:48:44+09:00,2026/09/04,2026/09/10,2026-09,CALL,63625,1370,,,27.03,23.63,1535,6,1415,6,,,,,
2026/09/03 17:33,2026-09-03T17:48:44+09:00,2026/09/04,2026/09/10,2026-09,PUT,63625,725,,,25.91,24.77,595,2,555,2,,,,,
2026/09/03 17:33,2026-09-03T17:48:44+09:00,2026/09/04,2026/09/10,2026-09,CALL,63500,1440,,3,27.61,24.29,1635,16,1520,12,25.84,130,8.97,1580,09/03 17:29
2026/09/03 17:33,2026-09-03T17:48:44+09:00,2026/09/04,2026/09/10,2026-09,PUT,63500,665,,3,26.03,25.6,555,3,540,17,25.69,-200,-26.85,545,09/03 17:31
2026/09/03 17:33,2026-09-03T17:48:44+09:00,2026/09/04,2026/09/10,2026-09,CALL,63375,1525,,,27.85,19.51,1725,6,1450,5,,,,,
2026/09/03 17:33,2026-09-03T17:48:44+09:00,2026/09/04,2026/09/10,2026-09,PUT,63375,645,,,26.39,25.2,525,2,485,2,,,,,
2026/09/03 17:33,2026-09-03T17:48:44+09:00,2026/09/04,2026/09/10,2026-09,CALL,63250,1610,,,27.89,23.47,1810,8,1665,12,,,,,
2026/09/03 17:33,2026-09-03T17:48:44+09:00,2026/09/04,2026/09/10,2026-09,PUT,63250,595,,1,26.39,26.09,485,1,475,5,26.1,-425,-45.21,515,09/03 17:13
2026/09/03 17:33,2026-09-03T17:48:44+09:00,2026/09/04,2026/09/10,2026-09,CALL,63125,1705,,,28.02,14.3,1900,1,1505,8,,,,,
2026/09/03 17:33,2026-09-03T17:48:44+09:00,2026/09/04,2026/09/10,2026-09,PUT,63125,550,,,26.79,25.7,460,10,425,11,,,,,
2026/09/03 17:33,2026-09-03T17:48:44+09:00,2026/09/04,2026/09/10,2026-09,CALL,63000,1730,,,31.32,21.49,2095,8,1790,26,,,,,
2026/09/03 17:33,2026-09-03T17:48:44+09:00,2026/09/04,2026/09/10,2026-09,PUT,63000,515,,8,26.82,26.5,425,1,415,5,26.09,-25,-5.56,425,09/03 17:23
2026/09/03 17:33,2026-09-03T17:48:44+09:00,2026/09/04,2026/09/10,2026-09,CALL,62875,1890,,,28.41,12.63,2090,6,1695,3,,,,,
2026/09/03 17:33,2026-09-03T17:48:44+09:00,2026/09/04,2026/09/10,2026-09,PUT,62875,500,,,27.28,26.29,405,2,375,2,,,,,
2026/09/03 17:33,2026-09-03T17:48:44+09:00,2026/09/04,2026/09/10,2026-09,CALL,62750,1970,,,28.03,0,2170,7,1775,8,,,,,
2026/09/03 17:33,2026-09-03T17:48:44+09:00,2026/09/04,2026/09/10,2026-09,PUT,62750,465,,,27.19,26.85,370,1,360,5,,,,,
2026/09/03 17:33,2026-09-03T17:48:44+09:00,2026/09/04,2026/09/10,2026-09,CALL,62625,2060,,,29.43,14.44,2305,3,1950,8,,,,,
2026/09/03 17:33,2026-09-03T17:48:44+09:00,2026/09/04,2026/09/10,2026-09,PUT,62625,430,,,27.55,26.85,350,3,330,12,,,,,
2026/09/03 17:33,2026-09-03T17:48:44+09:00,2026/09/04,2026/09/10,2026-09,CALL,62500,2170,,,29.98,15.53,2415,3,2080,3,,,,,
2026/09/03 17:33,2026-09-03T17:48:44+09:00,2026/09/04,2026/09/10,2026-09,PUT,62500,395,,12,27.69,27.33,325,5,315,5,27.67,-80,-20.25,315,09/03 17:27
2026/09/03 17:33,2026-09-03T17:48:44+09:00,2026/09/04,2026/09/10,2026-09,CALL,62375,2275,,,30.32,13.1,2520,3,2170,8,,,,,
2026/09/03 17:33,2026-09-03T17:48:44+09:00,2026/09/04,2026/09/10,2026-09,PUT,62375,375,,,27.96,27.5,305,2,293,1,,,,,
2026/09/03 17:33,2026-09-03T17:48:44+09:00,2026/09/04,2026/09/10,2026-09,CALL,62250,2365,,,30.25,,2615,8,2265,8,,,,,
2026/09/03 17:33,2026-09-03T17:48:44+09:00,2026/09/04,2026/09/10,2026-09,PUT,62250,355,,,28.21,27.67,286,1,272,1,,,,,
2026/09/03 17:33,2026-09-03T17:48:44+09:00,2026/09/04,2026/09/10,2026-09,CALL,62125,2470,,,30.5,,2720,8,2370,8,,,,,
2026/09/03 17:33,2026-09-03T17:48:44+09:00,2026/09/04,2026/09/10,2026-09,PUT,62125,330,,,28.39,27.94,266,2,255,2,,,,,
2026/09/03 17:33,2026-09-03T17:48:44+09:00,2026/09/04,2026/09/10,2026-09,CALL,62000,2565,,,30.3,,2815,18,2495,22,,,,,
2026/09/03 17:33,2026-09-03T17:48:44+09:00,2026/09/04,2026/09/10,2026-09,PUT,62000,310,,25,28.71,28.3,251,1,241,1,28.04,-75,-24.19,235,09/03 17:28
2026/09/03 17:33,2026-09-03T17:48:44+09:00,2026/09/04,2026/09/10,2026-09,CALL,61875,2680,,,30.85,,2930,8,2580,8,,,,,
2026/09/03 17:33,2026-09-03T17:48:44+09:00,2026/09/04,2026/09/10,2026-09,PUT,61875,288,,1,28.92,28.39,234,2,222,4,28.16,-35,-13.41,226,09/03 17:22
2026/09/03 17:33,2026-09-03T17:48:44+09:00,2026/09/04,2026/09/10,2026-09,CALL,61750,2785,,,30.95,,3035,7,2690,7,,,,,
2026/09/03 17:33,2026-09-03T17:48:44+09:00,2026/09/04,2026/09/10,2026-09,PUT,61750,272,,,29.16,28.75,219,1,210,1,,,,,
2026/09/03 17:33,2026-09-03T17:48:44+09:00,2026/09/04,2026/09/10,2026-09,CALL,61625,2885,,,30.78,,3135,6,2795,8,,,,,
2026/09/03 17:33,2026-09-03T17:48:44+09:00,2026/09/04,2026/09/10,2026-09,PUT,61625,253,,,29.41,28.88,205,2,194,7,,,,,
2026/09/03 17:33,2026-09-03T17:48:44+09:00,2026/09/04,2026/09/10,2026-09,CALL,61500,2995,,,30.99,,3245,12,2900,11,,,,,
2026/09/03 17:33,2026-09-03T17:48:44+09:00,2026/09/04,2026/09/10,2026-09,PUT,61500,244,,4,29.61,29.26,191,1,184,1,29.01,-58,-23.77,186,09/03 17:25
2026/09/03 17:33,2026-09-03T17:48:44+09:00,2026/09/04,2026/09/10,2026-09,CALL,61375,3105,,,31.16,,3355,6,3010,8,,,,,
2026/09/03 17:33,2026-09-03T17:48:44+09:00,2026/09/04,2026/09/10,2026-09,PUT,61375,224,,,29.87,29.4,179,3,170,3,,,,,
2026/09/03 17:33,2026-09-03T17:48:44+09:00,2026/09/04,2026/09/10,2026-09,CALL,61250,3205,,,38.69,,3630,7,3105,8,,,,,
2026/09/03 17:33,2026-09-03T17:48:44+09:00,2026/09/04,2026/09/10,2026-09,PUT,61250,214,,,30.14,29.76,168,1,161,1,,,,,
2026/09/03 17:33,2026-09-03T17:48:44+09:00,2026/09/04,2026/09/10,2026-09,CALL,61125,3325,,,39.86,,3760,8,3225,8,,,,,
2026/09/03 17:33,2026-09-03T17:48:44+09:00,2026/09/04,2026/09/10,2026-09,PUT,61125,198,,,30.49,29.92,159,14,149,3,,,,,
2026/09/03 17:33,2026-09-03T17:48:44+09:00,2026/09/04,2026/09/10,2026-09,CALL,61000,3440,,,37.8,,3815,4,3360,22,,,,,
2026/09/03 17:33,2026-09-03T17:48:44+09:00,2026/09/04,2026/09/10,2026-09,PUT,61000,178,,15,30.68,30.27,148,1,141,1,30.42,-34,-19.1,144,09/03 17:31
2026/09/03 17:33,2026-09-03T17:48:44+09:00,2026/09/04,2026/09/10,2026-09,CALL,60875,3550,,,36.13,,3885,3,3450,8,,,,,
2026/09/03 17:33,2026-09-03T17:48:44+09:00,2026/09/04,2026/09/10,2026-09,PUT,60875,175,,,31.02,30.53,140,14,132,3,,,,,
2026/09/03 17:33,2026-09-03T17:48:44+09:00,2026/09/04,2026/09/10,2026-09,CALL,60750,3655,,,44.61,,4180,7,3560,7,,,,,
2026/09/03 17:33,2026-09-03T17:48:44+09:00,2026/09/04,2026/09/10,2026-09,PUT,60750,163,,,31.26,30.88,131,1,125,1,,,,,
2026/09/03 17:33,2026-09-03T17:48:44+09:00,2026/09/04,2026/09/10,2026-09,CALL,60625,3780,,,36.6,,4110,3,3680,8,,,,,
2026/09/03 17:33,2026-09-03T17:48:44+09:00,2026/09/04,2026/09/10,2026-09,PUT,60625,154,,,31.6,31.2,124,3,118,3,,,,,
2026/09/03 17:33,2026-09-03T17:48:44+09:00,2026/09/04,2026/09/10,2026-09,CALL,60500,3885,,,43.06,,4350,3,3800,3,,,,,
2026/09/03 17:33,2026-09-03T17:48:44+09:00,2026/09/04,2026/09/10,2026-09,PUT,60500,140,,,31.84,31.49,116,1,111,1,,,,,
2026/09/03 17:33,2026-09-03T17:48:44+09:00,2026/09/04,2026/09/10,2026-09,CALL,60375,4005,,,42.35,,4440,3,3905,8,,,,,
2026/09/03 17:33,2026-09-03T17:48:44+09:00,2026/09/04,2026/09/10,2026-09,PUT,60375,137,,,32.18,31.67,110,3,103,14,,,,,
2026/09/03 17:33,2026-09-03T17:48:44+09:00,2026/09/04,2026/09/10,2026-09,CALL,60250,4130,,,37.18,,4450,2,4030,8,,,,,
2026/09/03 17:33,2026-09-03T17:48:44+09:00,2026/09/04,2026/09/10,2026-09,PUT,60250,129,,3,32.43,32.04,103,1,98,1,32.39,-6,-5.66,100,09/03 17:30
2026/09/03 17:33,2026-09-03T17:48:44+09:00,2026/09/04,2026/09/10,2026-09,CALL,60125,4240,,,44.16,,4690,3,4150,8,,,,,
2026/09/03 17:33,2026-09-03T17:48:44+09:00,2026/09/04,2026/09/10,2026-09,PUT,60125,123,,,32.87,32.31,99,11,92,14,,,,,
2026/09/03 17:33,2026-09-03T17:48:44+09:00,2026/09/04,2026/09/10,2026-09,CALL,60000,4360,,,39.71,,4715,4,4280,22,,,,,
2026/09/03 17:33,2026-09-03T17:48:44+09:00,2026/09/04,2026/09/10,2026-09,PUT,60000,127,,19,33.14,32.89,93,1,90,1,33.24,-35,-27.56,92,09/03 17:30
2026/09/03 17:33,2026-09-03T17:48:44+09:00,2026/09/04,2026/09/10,2026-09,CALL,59875,4475,,,45.45,,4930,6,4385,8,,,,,
2026/09/03 17:33,2026-09-03T17:48:44+09:00,2026/09/04,2026/09/10,2026-09,PUT,59875,110,,,33.54,32.93,89,14,82,14,,,,,
2026/09/03 17:33,2026-09-03T17:48:44+09:00,2026/09/04,2026/09/10,2026-09,CALL,59750,4600,,,46.84,,5065,7,4510,8,,,,,
2026/09/03 17:33,2026-09-03T17:48:44+09:00,2026/09/04,2026/09/10,2026-09,PUT,59750,103,,,33.75,33.38,83,1,79,1,,,,,
2026/09/03 17:33,2026-09-03T17:48:44+09:00,2026/09/04,2026/09/10,2026-09,CALL,59625,4710,,,46.96,,5175,7,4620,8,,,,,
2026/09/03 17:33,2026-09-03T17:48:44+09:00,2026/09/04,2026/09/10,2026-09,PUT,59625,100,,,34.65,31.43,85,8,53,1,,,,,
2026/09/03 17:33,2026-09-03T17:48:44+09:00,2026/09/04,2026/09/10,2026-09,CALL,59500,4830,,,40.09,,5170,3,4745,11,,,,,
2026/09/03 17:33,2026-09-03T17:48:44+09:00,2026/09/04,2026/09/10,2026-09,PUT,59500,96,,6,34.34,34.05,74,1,71,1,33.67,-19,-19.79,77,09/03 17:09
2026/09/03 17:33,2026-09-03T17:48:44+09:00,2026/09/04,2026/09/10,2026-09,CALL,59375,4955,,,50.28,,5455,7,4865,8,,,,,
2026/09/03 17:33,2026-09-03T17:48:44+09:00,2026/09/04,2026/09/10,2026-09,PUT,59375,89,,,34.85,34.34,72,4,67,4,,,,,
2026/09/03 17:33,2026-09-03T17:48:44+09:00,2026/09/04,2026/09/10,2026-09,CALL,59250,5070,,,44.67,,5465,2,4985,8,,,,,
2026/09/03 17:33,2026-09-03T17:48:44+09:00,2026/09/04,2026/09/10,2026-09,PUT,59250,84,,,35.04,34.72,67,1,64,1,,,,,
2026/09/03 17:33,2026-09-03T17:48:44+09:00,2026/09/04,2026/09/10,2026-09,CALL,59125,5195,,,49.37,,5655,3,5105,8,,,,,
2026/09/03 17:33,2026-09-03T17:48:44+09:00,2026/09/04,2026/09/10,2026-09,PUT,59125,81,,,35.52,35.08,65,4,61,4,,,,,
2026/09/03 17:33,2026-09-03T17:48:44+09:00,2026/09/04,2026/09/10,2026-09,CALL,59000,5315,,,45.99,,5710,3,5220,18,,,,,
2026/09/03 17:33,2026-09-03T17:48:44+09:00,2026/09/04,2026/09/10,2026-09,PUT,59000,78,,22,35.76,35.53,61,1,59,1,35.65,-18,-23.08,60,09/03 17:32
2026/09/03 17:33,2026-09-03T17:48:44+09:00,2026/09/04,2026/09/10,2026-09,CALL,58875,5435,,,53.04,,5940,5,5350,5,,,,,
2026/09/03 17:33,2026-09-03T17:48:44+09:00,2026/09/04,2026/09/10,2026-09,PUT,58875,74,,,36.68,35.48,63,2,53,8,,,,,
2026/09/03 17:33,2026-09-03T17:48:44+09:00,2026/09/04,2026/09/10,2026-09,CALL,58750,5555,,,51.95,,6030,6,5470,6,,,,,
2026/09/03 17:33,2026-09-03T17:48:44+09:00,2026/09/04,2026/09/10,2026-09,PUT,58750,70,,,37.02,36.03,60,1,52,1,,,,,
2026/09/03 17:33,2026-09-03T17:48:44+09:00,2026/09/04,2026/09/10,2026-09,CALL,58625,5680,,,51.32,,6130,1,5595,5,,,,,
2026/09/03 17:33,2026-09-03T17:48:44+09:00,2026/09/04,2026/09/10,2026-09,PUT,58625,67,,,37.09,36.44,55,17,50,17,,,,,
2026/09/03 17:33,2026-09-03T17:48:44+09:00,2026/09/04,2026/09/10,2026-09,CALL,58500,5795,,,55.4,31.9,6310,10,6045,2,,,,,
2026/09/03 17:33,2026-09-03T17:48:44+09:00,2026/09/04,2026/09/10,2026-09,PUT,58500,65,,,37.24,36.83,51,1,48,9,,,,,
2026/09/03 17:33,2026-09-03T17:48:44+09:00,2026/09/04,2026/09/10,2026-09,CALL,58375,5920,,,54.23,27.12,6400,1,6155,1,,,,,
2026/09/03 17:33,2026-09-03T17:48:44+09:00,2026/09/04,2026/09/10,2026-09,PUT,58375,61,,,38.44,36.77,55,2,43,2,,,,,
2026/09/03 17:33,2026-09-03T17:48:44+09:00,2026/09/04,2026/09/10,2026-09,CALL,58250,6045,,,54.47,,6515,1,5960,5,,,,,
2026/09/03 17:33,2026-09-03T17:48:44+09:00,2026/09/04,2026/09/10,2026-09,PUT,58250,57,,,37.87,37.58,46,1,44,6,,,,,
2026/09/03 17:33,2026-09-03T17:48:44+09:00,2026/09/04,2026/09/10,2026-09,CALL,58000,6285,,,52.84,31.17,6715,15,6535,15,,,,,
2026/09/03 17:33,2026-09-03T17:48:44+09:00,2026/09/04,2026/09/10,2026-09,PUT,58000,55,,3,38.73,38.26,43,12,40,12,38.39,-14,-25.45,41,09/03 17:31
2026/09/03 17:33,2026-09-03T17:48:44+09:00,2026/09/04,2026/09/10,2026-09,CALL,57750,6535,,,64.34,,7125,6,6560,6,,,,,
2026/09/03 17:33,2026-09-03T17:48:44+09:00,2026/09/04,2026/09/10,2026-09,PUT,57750,48,,,39.38,38.86,39,1,36,5,,,,,
2026/09/03 17:33,2026-09-03T17:48:44+09:00,2026/09/04,2026/09/10,2026-09,CALL,57500,6780,,,,,,,3,10,,,,,
2026/09/03 17:33,2026-09-03T17:48:44+09:00,2026/09/04,2026/09/10,2026-09,PUT,57500,45,,2,40.32,39.77,37,8,34,1,39.68,-3,-6.67,42,09/03 17:02
2026/09/03 17:33,2026-09-03T17:48:44+09:00,2026/09/04,2026/09/10,2026-09,CALL,57250,7025,,,,,,,10,5,,,,,
2026/09/03 17:33,2026-09-03T17:48:44+09:00,2026/09/04,2026/09/10,2026-09,PUT,57250,43,,,42.99,39.81,45,27,28,24,,,,,
2026/09/03 17:33,2026-09-03T17:48:44+09:00,2026/09/04,2026/09/10,2026-09,CALL,57000,7270,,,,,,,,,,,,,
2026/09/03 17:33,2026-09-03T17:48:44+09:00,2026/09/04,2026/09/10,2026-09,PUT,57000,38,,7,41.91,41.05,32,12,28,12,41.12,-6,-16.67,30,09/03 17:23
2026/09/03 17:33,2026-09-03T17:48:44+09:00,2026/09/04,2026/09/10,2026-09,CALL,56750,7515,,,,,,,,,,,,,
2026/09/03 17:33,2026-09-03T17:48:44+09:00,2026/09/04,2026/09/10,2026-09,PUT,56750,36,,,45.63,38.34,45,31,14,28,,,,,
2026/09/03 17:33,2026-09-03T17:48:44+09:00,2026/09/04,2026/09/10,2026-09,CALL,56500,7765,,,,,,,,,,,,,
2026/09/03 17:33,2026-09-03T17:48:44+09:00,2026/09/04,2026/09/10,2026-09,PUT,56500,33,,,44.44,42.56,32,11,24,36,,,,,
2026/09/03 17:33,2026-09-03T17:48:44+09:00,2026/09/04,2026/09/10,2026-09,CALL,56250,8015,,,,,,,,,,,,,
2026/09/03 17:33,2026-09-03T17:48:44+09:00,2026/09/04,2026/09/10,2026-09,PUT,56250,33,,,44.04,41.71,25,1,17,28,,,,,
2026/09/03 17:33,2026-09-03T17:48:44+09:00,2026/09/04,2026/09/10,2026-09,CALL,56000,8260,,,,,,,,,,,,,
2026/09/03 17:33,2026-09-03T17:48:44+09:00,2026/09/04,2026/09/10,2026-09,PUT,56000,30,,10,45.54,44.45,26,57,22,12,44.88,-4,-14.81,23,09/03 17:30
2026/09/03 17:33,2026-09-03T17:48:44+09:00,2026/09/04,2026/09/10,2026-09,CALL,55750,8510,,,,,,,,,,,,,
2026/09/03 17:33,2026-09-03T17:48:44+09:00,2026/09/04,2026/09/10,2026-09,PUT,55750,30,,,47.54,42.96,29,3,14,3,,,,,
2026/09/03 17:33,2026-09-03T17:48:44+09:00,2026/09/04,2026/09/10,2026-09,CALL,55500,8760,,,,,,,,,,,,,
2026/09/03 17:33,2026-09-03T17:48:44+09:00,2026/09/04,2026/09/10,2026-09,PUT,55500,26,,,46.89,45.95,22,39,19,8,,,,,
2026/09/03 17:33,2026-09-03T17:48:44+09:00,2026/09/04,2026/09/10,2026-09,CALL,55250,9005,,,,,,,,,,,,,
2026/09/03 17:33,2026-09-03T17:48:44+09:00,2026/09/04,2026/09/10,2026-09,PUT,55250,26,,,49.26,46.08,26,28,16,25,,,,,
2026/09/03 17:33,2026-09-03T17:48:44+09:00,2026/09/04,2026/09/10,2026-09,CALL,55000,9255,,,,,,,,,,,,,
2026/09/03 17:33,2026-09-03T17:48:44+09:00,2026/09/04,2026/09/10,2026-09,PUT,55000,22,,1,48.35,47.64,19,10,17,1,47.74,-4,-18.18,18,09/03 17:24
2026/09/03 17:33,2026-09-03T17:48:44+09:00,2026/09/04,2026/09/10,2026-09,CALL,54750,9505,,,,,,,,,,,,,
2026/09/03 17:33,2026-09-03T17:48:44+09:00,2026/09/04,2026/09/10,2026-09,PUT,54750,23,,,50.56,45.13,22,25,9,3,,,,,
2026/09/03 17:33,2026-09-03T17:48:44+09:00,2026/09/04,2026/09/10,2026-09,CALL,54500,9755,,,,,,,,,,,,,
2026/09/03 17:33,2026-09-03T17:48:44+09:00,2026/09/04,2026/09/10,2026-09,PUT,54500,21,,,50.4,49.22,18,36,15,1,,,,,
2026/09/03 17:33,2026-09-03T17:48:44+09:00,2026/09/04,2026/09/10,2026-09,CALL,54250,10000,,,,,,,,,,,,,
2026/09/03 17:33,2026-09-03T17:48:44+09:00,2026/09/04,2026/09/10,2026-09,PUT,54250,20,,,52.68,48.51,21,28,11,28,,,,,
2026/09/03 17:33,2026-09-03T17:48:44+09:00,2026/09/04,2026/09/10,2026-09,CALL,54000,10250,,,,,,,,,,,,,
2026/09/03 17:33,2026-09-03T17:48:44+09:00,2026/09/04,2026/09/10,2026-09,PUT,54000,19,,17,52.42,51.14,17,62,14,4,51.12,-6,-30,14,09/03 17:31
2026/09/03 17:33,2026-09-03T17:48:44+09:00,2026/09/04,2026/09/10,2026-09,CALL,53750,10500,,,,,,,,,,,,,
2026/09/03 17:33,2026-09-03T17:48:44+09:00,2026/09/04,2026/09/10,2026-09,PUT,53750,18,,,56.15,45.47,24,28,4,28,,,,,
2026/09/03 17:33,2026-09-03T17:48:44+09:00,2026/09/04,2026/09/10,2026-09,CALL,53500,10750,,,,,,,,,,,,,
2026/09/03 17:33,2026-09-03T17:48:44+09:00,2026/09/04,2026/09/10,2026-09,PUT,53500,17,,,53.97,51.96,15,39,11,8,,,,,
2026/09/03 17:33,2026-09-03T17:48:44+09:00,2026/09/04,2026/09/10,2026-09,CALL,53250,10995,,,,,,,,,,,,,
2026/09/03 17:33,2026-09-03T17:48:44+09:00,2026/09/04,2026/09/10,2026-09,PUT,53250,17,,,57.24,47.58,20,28,4,28,,,,,
2026/09/03 17:33,2026-09-03T17:48:44+09:00,2026/09/04,2026/09/10,2026-09,CALL,53000,11245,,,,,,,,,,,,,
2026/09/03 17:33,2026-09-03T17:48:44+09:00,2026/09/04,2026/09/10,2026-09,PUT,53000,15,,7,54.28,53.68,11,5,10,15,54.49,-2,-14.29,12,09/03 17:17
2026/09/03 17:33,2026-09-03T17:48:44+09:00,2026/09/04,2026/09/10,2026-09,CALL,52750,11495,,,,,,,,,,,,,
2026/09/03 17:33,2026-09-03T17:48:44+09:00,2026/09/04,2026/09/10,2026-09,PUT,52750,15,,,56.02,54.18,12,22,9,5,,,,,
2026/09/03 17:33,2026-09-03T17:48:44+09:00,2026/09/04,2026/09/10,2026-09,CALL,52500,11745,,,,,,,,,,,,,
2026/09/03 17:33,2026-09-03T17:48:44+09:00,2026/09/04,2026/09/10,2026-09,PUT,52500,14,,,56.62,55.32,11,15,9,15,,,,,
2026/09/03 17:33,2026-09-03T17:48:44+09:00,2026/09/04,2026/09/10,2026-09,CALL,52250,11995,,,,,,,,,,,,,
2026/09/03 17:33,2026-09-03T17:48:44+09:00,2026/09/04,2026/09/10,2026-09,PUT,52250,14,,,57.15,55.74,10,20,8,25,,,,,
2026/09/03 17:33,2026-09-03T17:48:44+09:00,2026/09/04,2026/09/10,2026-09,CALL,52000,12245,,,,,,,,,,,,,
2026/09/03 17:33,2026-09-03T17:48:44+09:00,2026/09/04,2026/09/10,2026-09,PUT,52000,12,,2,58.32,56.88,10,27,8,56,58.32,-2,-16.67,10,09/03 17:32
2026/09/03 17:33,2026-09-03T17:48:44+09:00,2026/09/04,2026/09/10,2026-09,CALL,51750,12490,,,,,,,,,,,,,
2026/09/03 17:33,2026-09-03T17:48:44+09:00,2026/09/04,2026/09/10,2026-09,PUT,51750,12,,2,59.49,57.19,10,37,7,20,57.81,-1,-11.11,8,09/03 17:22
2026/09/03 17:33,2026-09-03T17:48:44+09:00,2026/09/04,2026/09/10,2026-09,CALL,51500,12740,,,,,,,,,,,,,
2026/09/03 17:33,2026-09-03T17:48:44+09:00,2026/09/04,2026/09/10,2026-09,PUT,51500,12,,6,59.17,58.32,8,1,7,17,58.32,-7,-50,7,09/03 17:32
2026/09/03 17:33,2026-09-03T17:48:44+09:00,2026/09/04,2026/09/10,2026-09,CALL,51250,12990,,,,,,,,,,,,,
2026/09/03 17:33,2026-09-03T17:48:44+09:00,2026/09/04,2026/09/10,2026-09,PUT,51250,11,,4,61.11,58.5,9,37,6,20,59.23,-3,-30,7,09/03 17:24
2026/09/03 17:33,2026-09-03T17:48:44+09:00,2026/09/04,2026/09/10,2026-09,CALL,51000,13240,,,,,,,,,,,,,
2026/09/03 17:33,2026-09-03T17:48:44+09:00,2026/09/04,2026/09/10,2026-09,PUT,51000,10,,7,60.6,59.63,7,1,6,27,60.23,-1,-12.5,7,09/03 17:16
2026/09/03 17:33,2026-09-03T17:48:44+09:00,2026/09/04,2026/09/10,2026-09,CALL,50750,13490,,,,,,,,,,,,,
2026/09/03 17:33,2026-09-03T17:48:44+09:00,2026/09/04,2026/09/10,2026-09,PUT,50750,10,,,62.64,60.76,8,37,6,15,,,,,
2026/09/03 17:33,2026-09-03T17:48:44+09:00,2026/09/04,2026/09/10,2026-09,CALL,50500,13740,,,,,,,,,,,,,
2026/09/03 17:33,2026-09-03T17:48:44+09:00,2026/09/04,2026/09/10,2026-09,PUT,50500,10,,,62.9,60.76,7,23,5,23,,,,,
2026/09/03 17:33,2026-09-03T17:48:44+09:00,2026/09/04,2026/09/10,2026-09,CALL,50250,13990,,,,,,,,,,,,,
2026/09/03 17:33,2026-09-03T17:48:44+09:00,2026/09/04,2026/09/10,2026-09,PUT,50250,8,,,64.06,61.88,7,20,5,15,,,,,
2026/09/03 17:33,2026-09-03T17:48:44+09:00,2026/09/04,2026/09/10,2026-09,CALL,50000,14240,,,,,,,,,,,,,
2026/09/03 17:33,2026-09-03T17:48:44+09:00,2026/09/04,2026/09/10,2026-09,PUT,50000,8,,58,64.18,63.01,6,1,5,15,63.95,-2,-25,6,09/03 17:24
2026/09/03 17:33,2026-09-03T17:48:44+09:00,2026/09/04,2026/09/10,2026-09,CALL,49750,14490,,,,,,,,,,,,,
2026/09/03 17:33,2026-09-03T17:48:44+09:00,2026/09/04,2026/09/10,2026-09,PUT,49750,8,,,65.33,62.75,6,20,4,20,,,,,
2026/09/03 17:33,2026-09-03T17:48:44+09:00,2026/09/04,2026/09/10,2026-09,CALL,49500,14735,,,,,,,,,,,,,
2026/09/03 17:33,2026-09-03T17:48:44+09:00,2026/09/04,2026/09/10,2026-09,PUT,49500,8,,,66.48,63.87,6,23,4,15,,,,,
2026/09/03 17:33,2026-09-03T17:48:44+09:00,2026/09/04,2026/09/10,2026-09,CALL,49250,14985,,,,,,,,,,,,,
2026/09/03 17:33,2026-09-03T17:48:44+09:00,2026/09/04,2026/09/10,2026-09,PUT,49250,7,,,67.64,64.98,6,15,4,20,,,,,
2026/09/03 17:33,2026-09-03T17:48:44+09:00,2026/09/04,2026/09/10,2026-09,CALL,49000,15235,,,,,,,,,,,,,
2026/09/03 17:33,2026-09-03T17:48:44+09:00,2026/09/04,2026/09/10,2026-09,PUT,49000,6,,3,67.55,66.11,5,27,4,15,65.86,-1,-20,4,09/03 17:18
2026/09/03 17:33,2026-09-03T17:48:44+09:00,2026/09/04,2026/09/10,2026-09,CALL,48750,15485,,,,,,,,,,,,,
2026/09/03 17:33,2026-09-03T17:48:44+09:00,2026/09/04,2026/09/10,2026-09,PUT,48750,6,,,68.7,65.45,5,20,3,15,,,,,
2026/09/03 17:33,2026-09-03T17:48:44+09:00,2026/09/04,2026/09/10,2026-09,CALL,48500,15735,,,,,,,,,,,,,
2026/09/03 17:33,2026-09-03T17:48:44+09:00,2026/09/04,2026/09/10,2026-09,PUT,48500,5,,,69.85,66.56,5,66,3,15,,,,,
2026/09/03 17:33,2026-09-03T17:48:44+09:00,2026/09/04,2026/09/10,2026-09,CALL,48250,15980,,,,,,,,,,,,,
2026/09/03 17:33,2026-09-03T17:48:44+09:00,2026/09/04,2026/09/10,2026-09,PUT,48250,4,,,71.01,67.67,5,15,3,20,,,,,
2026/09/03 17:33,2026-09-03T17:48:44+09:00,2026/09/04,2026/09/10,2026-09,CALL,48000,16230,,,,,,,,,,,,,
2026/09/03 17:33,2026-09-03T17:48:44+09:00,2026/09/04,2026/09/10,2026-09,PUT,48000,5,,3,70.64,68.78,4,12,3,17,70.33,-1,-20,4,09/03 17:08
2026/09/03 17:33,2026-09-03T17:48:44+09:00,2026/09/04,2026/09/10,2026-09,CALL,47750,16480,,,,,,,,,,,,,
2026/09/03 17:33,2026-09-03T17:48:44+09:00,2026/09/04,2026/09/10,2026-09,PUT,47750,4,,,71.79,69.9,4,20,3,15,,,,,
2026/09/03 17:33,2026-09-03T17:48:44+09:00,2026/09/04,2026/09/10,2026-09,CALL,47500,16730,,,,,,,,,,,,,
2026/09/03 17:33,2026-09-03T17:48:44+09:00,2026/09/04,2026/09/10,2026-09,PUT,47500,4,,,72.94,71.03,4,15,3,15,,,,,
2026/09/03 17:33,2026-09-03T17:48:44+09:00,2026/09/04,2026/09/10,2026-09,CALL,47250,16980,,,,,,,,,,,,,
2026/09/03 17:33,2026-09-03T17:48:44+09:00,2026/09/04,2026/09/10,2026-09,PUT,47250,3,,,75.69,69.64,5,37,2,111,,,,,
2026/09/03 17:33,2026-09-03T17:48:44+09:00,2026/09/04,2026/09/10,2026-09,CALL,47000,17230,,,,,,,,,,,,,
2026/09/03 17:33,2026-09-03T17:48:44+09:00,2026/09/04,2026/09/10,2026-09,PUT,47000,4,,10,73.29,70.74,3,2,2,92,73.18,-1,-25,3,09/03 17:26
2026/09/03 17:33,2026-09-03T17:48:44+09:00,2026/09/04,2026/09/10,2026-09,CALL,46750,17480,,,,,,,,,,,,,
2026/09/03 17:33,2026-09-03T17:48:44+09:00,2026/09/04,2026/09/10,2026-09,PUT,46750,3,,3,74.43,71.85,3,1,2,5,74.32,0,0,3,09/03 17:26
2026/09/03 17:33,2026-09-03T17:48:44+09:00,2026/09/04,2026/09/10,2026-09,CALL,46500,17730,,,,,,,,,,,,,
2026/09/03 17:33,2026-09-03T17:48:44+09:00,2026/09/04,2026/09/10,2026-09,PUT,46500,3,,,77.59,72.96,4,36,2,8,,,,,
2026/09/03 17:33,2026-09-03T17:48:44+09:00,2026/09/04,2026/09/10,2026-09,CALL,46250,17980,,,,,,,,,,,,,
2026/09/03 17:33,2026-09-03T17:48:44+09:00,2026/09/04,2026/09/10,2026-09,PUT,46250,2,,,78.77,74.07,4,22,2,1,,,,,
2026/09/03 17:33,2026-09-03T17:48:44+09:00,2026/09/04,2026/09/10,2026-09,CALL,46000,18230,,,,,,,,,,,,,
2026/09/03 17:33,2026-09-03T17:48:44+09:00,2026/09/04,2026/09/10,2026-09,PUT,46000,3,,9,77.89,75.19,3,3,2,76,74.51,-1,-33.33,2,09/03 17:00
2026/09/03 17:33,2026-09-03T17:48:44+09:00,2026/09/04,2026/09/10,2026-09,CALL,45750,18480,,,,,,,,,,,,,
2026/09/03 17:33,2026-09-03T17:48:44+09:00,2026/09/04,2026/09/10,2026-09,PUT,45750,2,,,91.48,72.18,13,23,1,32,,,,,
2026/09/03 17:33,2026-09-03T17:48:44+09:00,2026/09/04,2026/09/10,2026-09,CALL,45500,18730,,,,,,,,,,,,,
2026/09/03 17:33,2026-09-03T17:48:44+09:00,2026/09/04,2026/09/10,2026-09,PUT,45500,2,,24,80.21,77.45,3,8,2,87,77.34,,,2,09/03 17:26
2026/09/03 17:33,2026-09-03T17:48:44+09:00,2026/09/04,2026/09/10,2026-09,CALL,45250,18980,,,,,,,,,,,,,
2026/09/03 17:33,2026-09-03T17:48:44+09:00,2026/09/04,2026/09/10,2026-09,PUT,45250,2,,,92.43,74.33,11,5,1,32,,,,,
2026/09/03 17:33,2026-09-03T17:48:44+09:00,2026/09/04,2026/09/10,2026-09,CALL,45000,19230,,,,,,,,,,,,,
2026/09/03 17:33,2026-09-03T17:48:44+09:00,2026/09/04,2026/09/10,2026-09,PUT,45000,2,,33,82.56,75.42,3,1,1,146,79.57,0,0,2,09/03 17:19
2026/09/03 17:33,2026-09-03T17:48:44+09:00,2026/09/04,2026/09/10,2026-09,CALL,44750,19480,,,,,,,,,,,,,
2026/09/03 17:33,2026-09-03T17:48:44+09:00,2026/09/04,2026/09/10,2026-09,PUT,44750,2,,,95.06,76.51,11,5,1,20,,,,,
2026/09/03 17:33,2026-09-03T17:48:44+09:00,2026/09/04,2026/09/10,2026-09,CALL,44500,19730,,,,,,,,,,,,,
2026/09/03 17:33,2026-09-03T17:48:44+09:00,2026/09/04,2026/09/10,2026-09,PUT,44500,2,,,90.58,77.61,6,8,1,21,,,,,
2026/09/03 17:33,2026-09-03T17:48:44+09:00,2026/09/04,2026/09/10,2026-09,CALL,44250,19980,,,,,,,,,,,,,
2026/09/03 17:33,2026-09-03T17:48:44+09:00,2026/09/04,2026/09/10,2026-09,PUT,44250,1,,,98.65,78.72,12,23,1,5,,,,,
2026/09/03 17:33,2026-09-03T17:48:44+09:00,2026/09/04,2026/09/10,2026-09,CALL,44000,20230,,,,,,,,,,,,,
2026/09/03 17:33,2026-09-03T17:48:44+09:00,2026/09/04,2026/09/10,2026-09,PUT,44000,1,,,84.35,79.83,2,12,1,31,,,,,
2026/09/03 17:33,2026-09-03T17:48:44+09:00,2026/09/04,2026/09/10,2026-09,CALL,43750,20480,,,,,,,,,,,,,
2026/09/03 17:33,2026-09-03T17:48:44+09:00,2026/09/04,2026/09/10,2026-09,PUT,43750,1,,,101.35,80.94,12,23,1,2,,,,,
2026/09/03 17:33,2026-09-03T17:48:44+09:00,2026/09/04,2026/09/10,2026-09,CALL,43500,20730,,,,,,,,,,,,,
2026/09/03 17:33,2026-09-03T17:48:44+09:00,2026/09/04,2026/09/10,2026-09,PUT,43500,1,,2,102.72,,12,37,,,86.38,,,2,09/03 17:16
2026/09/03 17:33,2026-09-03T17:48:44+09:00,2026/09/04,2026/09/10,2026-09,CALL,43250,20980,,,,,,,,,,,,,
2026/09/03 17:33,2026-09-03T17:48:44+09:00,2026/09/04,2026/09/10,2026-09,PUT,43250,1,,,104.09,,12,23,,,,,,,
2026/09/03 17:33,2026-09-03T17:48:44+09:00,2026/09/04,2026/09/10,2026-09,CALL,43000,21230,,,,,,,,,,,,,
2026/09/03 17:33,2026-09-03T17:48:44+09:00,2026/09/04,2026/09/10,2026-09,PUT,43000,1,,37,92.2,84.32,3,42,1,1,84.22,-1,-50,1,09/03 17:26
2026/09/03 17:33,2026-09-03T17:48:44+09:00,2026/09/04,2026/09/10,2026-09,CALL,42750,21480,,,,,,,,,,,,,
2026/09/03 17:33,2026-09-03T17:48:44+09:00,2026/09/04,2026/09/10,2026-09,PUT,42750,1,,,105.86,,11,5,,,,,,,
2026/09/03 17:33,2026-09-03T17:48:44+09:00,2026/09/04,2026/09/10,2026-09,CALL,42500,21730,,,,,,,,,,,,,
2026/09/03 17:33,2026-09-03T17:48:44+09:00,2026/09/04,2026/09/10,2026-09,PUT,42500,1,,2,109.19,,13,36,,,86.46,-2,-66.67,1,09/03 17:20
2026/09/03 17:33,2026-09-03T17:48:44+09:00,2026/09/04,2026/09/10,2026-09,CALL,42250,21980,,,,,,,,,,,,,
2026/09/03 17:33,2026-09-03T17:48:44+09:00,2026/09/04,2026/09/10,2026-09,PUT,42250,1,,4,110.6,,13,17,,,87.61,-2,-66.67,1,09/03 17:19
2026/09/03 17:33,2026-09-03T17:48:44+09:00,2026/09/04,2026/09/10,2026-09,CALL,42000,22230,,,,,,,,,,,,,
2026/09/03 17:33,2026-09-03T17:48:44+09:00,2026/09/04,2026/09/10,2026-09,PUT,42000,1,,40,93.89,,2,14,,,88.91,-1,-50,1,09/03 17:32
2026/09/03 17:33,2026-09-03T17:48:44+09:00,2026/09/04,2026/09/10,2026-09,CALL,41750,22480,,,,,,,,,,,,,
2026/09/03 17:33,2026-09-03T17:48:44+09:00,2026/09/04,2026/09/10,2026-09,PUT,41750,1,,,112.47,,12,17,,,,,,,
2026/09/03 17:33,2026-09-03T17:48:44+09:00,2026/09/04,2026/09/10,2026-09,CALL,41500,22730,,,,,,,,,,,,,
2026/09/03 17:33,2026-09-03T17:48:44+09:00,2026/09/04,2026/09/10,2026-09,PUT,41500,1,,,112.85,,11,28,,,,,,,
2026/09/03 17:33,2026-09-03T17:48:44+09:00,2026/09/04,2026/09/10,2026-09,CALL,41250,22980,,,,,,,,,,,,,
2026/09/03 17:33,2026-09-03T17:48:44+09:00,2026/09/04,2026/09/10,2026-09,PUT,41250,1,,,115.32,,12,17,,,,,,,
2026/09/03 17:33,2026-09-03T17:48:44+09:00,2026/09/04,2026/09/10,2026-09,CALL,41000,23230,,,,,,,,,,,,,
2026/09/03 17:33,2026-09-03T17:48:44+09:00,2026/09/04,2026/09/10,2026-09,PUT,41000,1,,28,98.82,,2,10,,,93.41,-1,-50,1,09/03 17:24
2026/09/03 17:33,2026-09-03T17:48:44+09:00,2026/09/04,2026/09/10,2026-09,CALL,40750,23480,,,,,,,,,,,,,
2026/09/03 17:33,2026-09-03T17:48:44+09:00,2026/09/04,2026/09/10,2026-09,PUT,40750,1,,,100.07,,2,4,,,,,,,
2026/09/03 17:33,2026-09-03T17:48:44+09:00,2026/09/04,2026/09/10,2026-09,CALL,40500,23730,,,,,,,,,,,,,
2026/09/03 17:33,2026-09-03T17:48:44+09:00,2026/09/04,2026/09/10,2026-09,PUT,40500,1,,,101.32,,2,4,,,,,,,
2026/09/03 17:33,2026-09-03T17:48:44+09:00,2026/09/04,2026/09/10,2026-09,CALL,40250,23980,,,,,,,,,,,,,
2026/09/03 17:33,2026-09-03T17:48:44+09:00,2026/09/04,2026/09/10,2026-09,PUT,40250,1,,,102.59,,2,4,,,,,,,
2026/09/03 17:33,2026-09-03T17:48:44+09:00,2026/09/04,2026/09/10,2026-09,CALL,40000,24230,,,,,,,,,,,,,
2026/09/03 17:33,2026-09-03T17:48:44+09:00,2026/09/04,2026/09/10,2026-09,PUT,40000,1,,3,98.4,,1,21,,,98.14,0,0,1,09/03 17:11
2026/09/03 17:33,2026-09-03T17:48:44+09:00,2026/09/04,2026/10/08,2026-10,CALL,74000,45,,1,23.37,21.93,51,22,34,75,23.56,10,25,50,09/03 17:16
2026/09/03 17:33,2026-09-03T17:48:44+09:00,2026/09/04,2026/10/08,2026-10,PUT,74000,10115,,,,,,,,,,,,,
2026/09/03 17:33,2026-09-03T17:48:44+09:00,2026/09/04,2026/10/08,2026-10,CALL,73750,48,,,23.27,21.95,56,8,39,28,,,,,
2026/09/03 17:33,2026-09-03T17:48:44+09:00,2026/09/04,2026/10/08,2026-10,PUT,73750,9870,,,,,,,,,,,,,
2026/09/03 17:33,2026-09-03T17:48:44+09:00,2026/09/04,2026/10/08,2026-10,CALL,73500,55,,,23.21,21.99,62,14,45,4,,,,,
2026/09/03 17:33,2026-09-03T17:48:44+09:00,2026/09/04,2026/10/08,2026-10,PUT,73500,9625,,,,,,,,,,,,,
2026/09/03 17:33,2026-09-03T17:48:44+09:00,2026/09/04,2026/10/08,2026-10,CALL,73250,61,,,23.23,21.84,70,11,49,28,,,,,
2026/09/03 17:33,2026-09-03T17:48:44+09:00,2026/09/04,2026/10/08,2026-10,PUT,73250,9380,,,,,,,,,,,,,
2026/09/03 17:33,2026-09-03T17:48:44+09:00,2026/09/04,2026/10/08,2026-10,CALL,73000,67,,1,23.14,22.74,77,18,70,1,22.86,14,25,70,09/03 17:25
2026/09/03 17:33,2026-09-03T17:48:44+09:00,2026/09/04,2026/10/08,2026-10,PUT,73000,9140,,,,,,,,,,,,,
2026/09/03 17:33,2026-09-03T17:48:44+09:00,2026/09/04,2026/10/08,2026-10,CALL,72750,75,,,23.07,21.77,85,7,62,25,,,,,
2026/09/03 17:33,2026-09-03T17:48:44+09:00,2026/09/04,2026/10/08,2026-10,PUT,72750,8895,,,,,,,,,,,,,
2026/09/03 17:33,2026-09-03T17:48:44+09:00,2026/09/04,2026/10/08,2026-10,CALL,72500,84,,,23.1,21.81,96,14,71,12,,,,,
2026/09/03 17:33,2026-09-03T17:48:44+09:00,2026/09/04,2026/10/08,2026-10,PUT,72500,8660,,,,,,,,,,,,,
2026/09/03 17:33,2026-09-03T17:48:44+09:00,2026/09/04,2026/10/08,2026-10,CALL,72250,88,,,22.99,21.69,105,6,78,23,,,,,
2026/09/03 17:33,2026-09-03T17:48:44+09:00,2026/09/04,2026/10/08,2026-10,PUT,72250,8410,,,,,,,,,,,,,
2026/09/03 17:33,2026-09-03T17:48:44+09:00,2026/09/04,2026/10/08,2026-10,CALL,72125,92,,,23.03,21.69,112,4,83,18,,,,,
2026/09/03 17:33,2026-09-03T17:48:44+09:00,2026/09/04,2026/10/08,2026-10,PUT,72125,8290,,,,,,,,,,,,,
2026/09/03 17:33,2026-09-03T17:48:44+09:00,2026/09/04,2026/10/08,2026-10,CALL,72000,100,,,23.02,22.64,118,1,109,1,,,,,
2026/09/03 17:33,2026-09-03T17:48:44+09:00,2026/09/04,2026/10/08,2026-10,PUT,72000,8170,,,,,,,,,,,,,
2026/09/03 17:33,2026-09-03T17:48:44+09:00,2026/09/04,2026/10/08,2026-10,CALL,71875,103,,,22.95,21.75,123,4,95,1,,,,,
2026/09/03 17:33,2026-09-03T17:48:44+09:00,2026/09/04,2026/10/08,2026-10,PUT,71875,8050,,,,,,,,,,,,,
2026/09/03 17:33,2026-09-03T17:48:44+09:00,2026/09/04,2026/10/08,2026-10,CALL,71750,110,,,22.91,22.27,129,6,113,22,,,,,
2026/09/03 17:33,2026-09-03T17:48:44+09:00,2026/09/04,2026/10/08,2026-10,PUT,71750,7930,,,,,,,,,,,,,
2026/09/03 17:33,2026-09-03T17:48:44+09:00,2026/09/04,2026/10/08,2026-10,CALL,71625,119,,,22.9,21.66,136,3,105,16,,,,,
2026/09/03 17:33,2026-09-03T17:48:44+09:00,2026/09/04,2026/10/08,2026-10,PUT,71625,7815,,,35.37,,8065,6,7265,5,,,,,
2026/09/03 17:33,2026-09-03T17:48:44+09:00,2026/09/04,2026/10/08,2026-10,CALL,71500,124,,,22.8,22.28,141,2,127,30,,,,,
2026/09/03 17:33,2026-09-03T17:48:44+09:00,2026/09/04,2026/10/08,2026-10,PUT,71500,7695,,,35.11,17.48,7945,12,7330,10,,,,,
2026/09/03 17:33,2026-09-03T17:48:44+09:00,2026/09/04,2026/10/08,2026-10,CALL,71375,131,,,22.91,21.73,152,3,120,3,,,,,
2026/09/03 17:33,2026-09-03T17:48:44+09:00,2026/09/04,2026/10/08,2026-10,PUT,71375,7580,,,34.94,,7830,6,7085,5,,,,,
2026/09/03 17:33,2026-09-03T17:48:44+09:00,2026/09/04,2026/10/08,2026-10,CALL,71250,137,,,22.83,22.23,158,2,141,5,,,,,
2026/09/03 17:33,2026-09-03T17:48:44+09:00,2026/09/04,2026/10/08,2026-10,PUT,71250,7460,,,34.67,,7710,7,6975,1,,,,,
2026/09/03 17:33,2026-09-03T17:48:44+09:00,2026/09/04,2026/10/08,2026-10,CALL,71125,146,,,22.9,21.73,169,3,135,14,,,,,
2026/09/03 17:33,2026-09-03T17:48:44+09:00,2026/09/04,2026/10/08,2026-10,PUT,71125,7345,,,34.49,12.89,7595,6,6925,1,,,,,
2026/09/03 17:33,2026-09-03T17:48:44+09:00,2026/09/04,2026/10/08,2026-10,CALL,71000,156,,1,22.77,22.61,174,1,169,1,22.75,7,4.58,160,09/03 17:04
2026/09/03 17:33,2026-09-03T17:48:44+09:00,2026/09/04,2026/10/08,2026-10,PUT,71000,7230,,,34.3,,7480,18,6630,3,,,,,
2026/09/03 17:33,2026-09-03T17:48:44+09:00,2026/09/04,2026/10/08,2026-10,CALL,70875,166,,,22.87,21.68,187,3,150,14,,,,,
2026/09/03 17:33,2026-09-03T17:48:44+09:00,2026/09/04,2026/10/08,2026-10,PUT,70875,7115,,,34.11,,7365,6,6660,1,,,,,
2026/09/03 17:33,2026-09-03T17:48:44+09:00,2026/09/04,2026/10/08,2026-10,CALL,70750,174,,,22.81,22.33,195,2,179,18,,,,,
2026/09/03 17:33,2026-09-03T17:48:44+09:00,2026/09/04,2026/10/08,2026-10,PUT,70750,7000,,,33.92,18.42,7250,7,6620,6,,,,,
2026/09/03 17:33,2026-09-03T17:48:44+09:00,2026/09/04,2026/10/08,2026-10,CALL,70625,186,,,22.94,21.71,210,14,169,14,,,,,
2026/09/03 17:33,2026-09-03T17:48:44+09:00,2026/09/04,2026/10/08,2026-10,PUT,70625,6885,,,33.72,,7135,6,6350,5,,,,,
2026/09/03 17:33,2026-09-03T17:48:44+09:00,2026/09/04,2026/10/08,2026-10,CALL,70500,193,,,22.88,22.37,219,8,201,8,,,,,
2026/09/03 17:33,2026-09-03T17:48:44+09:00,2026/09/04,2026/10/08,2026-10,PUT,70500,6765,,,33.43,19.18,7015,12,6400,10,,,,,
2026/09/03 17:33,2026-09-03T17:48:44+09:00,2026/09/04,2026/10/08,2026-10,CALL,70375,204,,,22.89,21.74,231,3,190,14,,,,,
2026/09/03 17:33,2026-09-03T17:48:44+09:00,2026/09/04,2026/10/08,2026-10,PUT,70375,6655,,,33.31,,6905,6,6150,1,,,,,
2026/09/03 17:33,2026-09-03T17:48:44+09:00,2026/09/04,2026/10/08,2026-10,CALL,70250,213,,,22.92,22.39,244,5,224,5,,,,,
2026/09/03 17:33,2026-09-03T17:48:44+09:00,2026/09/04,2026/10/08,2026-10,PUT,70250,6535,,,33.01,16.05,6785,6,6095,1,,,,,
2026/09/03 17:33,2026-09-03T17:48:44+09:00,2026/09/04,2026/10/08,2026-10,CALL,70125,229,,,22.9,21.77,256,3,213,3,,,,,
2026/09/03 17:33,2026-09-03T17:48:44+09:00,2026/09/04,2026/10/08,2026-10,PUT,70125,6430,,,32.96,,6680,6,5890,5,,,,,
2026/09/03 17:33,2026-09-03T17:48:44+09:00,2026/09/04,2026/10/08,2026-10,CALL,70000,231,,1,22.8,22.7,265,3,261,1,22.46,9,3.9,240,09/03 17:03
2026/09/03 17:33,2026-09-03T17:48:44+09:00,2026/09/04,2026/10/08,2026-10,PUT,70000,6315,,,32.74,19.28,6565,18,5935,15,,,,,
2026/09/03 17:33,2026-09-03T17:48:44+09:00,2026/09/04,2026/10/08,2026-10,CALL,69875,251,,,22.95,21.71,285,14,235,18,,,,,
2026/09/03 17:33,2026-09-03T17:48:44+09:00,2026/09/04,2026/10/08,2026-10,PUT,69875,6200,,,32.51,17.76,6450,6,5775,1,,,,,
2026/09/03 17:33,2026-09-03T17:48:44+09:00,2026/09/04,2026/10/08,2026-10,CALL,69750,254,,,22.92,22.47,298,5,279,16,,,,,
2026/09/03 17:33,2026-09-03T17:48:44+09:00,2026/09/04,2026/10/08,2026-10,PUT,69750,6080,,,32.2,18.01,6330,7,5665,7,,,,,
2026/09/03 17:33,2026-09-03T17:48:44+09:00,2026/09/04,2026/10/08,2026-10,CALL,69625,272,,,24.16,21.75,370,14,263,14,,,,,
2026/09/03 17:33,2026-09-03T17:48:44+09:00,2026/09/04,2026/10/08,2026-10,PUT,69625,5970,,,32.04,18.85,6220,6,5575,1,,,,,
2026/09/03 17:33,2026-09-03T17:48:44+09:00,2026/09/04,2026/10/08,2026-10,CALL,69500,289,,,22.84,22.5,325,2,310,6,,,,,
2026/09/03 17:33,2026-09-03T17:48:44+09:00,2026/09/04,2026/10/08,2026-10,PUT,69500,5865,,,31.97,,6115,12,5285,2,,,,,
2026/09/03 17:33,2026-09-03T17:48:44+09:00,2026/09/04,2026/10/08,2026-10,CALL,69375,300,,,24.06,20.96,400,14,258,3,,,,,
2026/09/03 17:33,2026-09-03T17:48:44+09:00,2026/09/04,2026/10/08,2026-10,PUT,69375,5750,,,31.72,20.27,6000,6,5400,1,,,,,
2026/09/03 17:33,2026-09-03T17:48:44+09:00,2026/09/04,2026/10/08,2026-10,CALL,69250,320,,,22.88,22.45,360,2,340,14,,,,,
2026/09/03 17:33,2026-09-03T17:48:44+09:00,2026/09/04,2026/10/08,2026-10,PUT,69250,5645,,,31.62,12.35,5895,8,5070,2,,,,,
2026/09/03 17:33,2026-09-03T17:48:44+09:00,2026/09/04,2026/10/08,2026-10,CALL,69125,345,,,24.01,21.08,435,2,293,2,,,,,
2026/09/03 17:33,2026-09-03T17:48:44+09:00,2026/09/04,2026/10/08,2026-10,PUT,69125,5545,,,31.52,19.1,5790,3,5130,7,,,,,
2026/09/03 17:33,2026-09-03T17:48:44+09:00,2026/09/04,2026/10/08,2026-10,CALL,69000,355,,,22.86,22.66,395,2,385,1,,,,,
2026/09/03 17:33,2026-09-03T17:48:44+09:00,2026/09/04,2026/10/08,2026-10,PUT,69000,5430,,,31.1,17.98,5665,22,4975,7,,,,,
2026/09/03 17:33,2026-09-03T17:48:44+09:00,2026/09/04,2026/10/08,2026-10,CALL,68875,360,,,23.73,20.95,460,12,320,27,,,,,
2026/09/03 17:33,2026-09-03T17:48:44+09:00,2026/09/04,2026/10/08,2026-10,PUT,68875,5310,,,30.91,19.63,5555,3,4930,7,,,,,
2026/09/03 17:33,2026-09-03T17:48:44+09:00,2026/09/04,2026/10/08,2026-10,CALL,68750,390,,,22.88,22.5,435,2,415,14,,,,,
2026/09/03 17:33,2026-09-03T17:48:44+09:00,2026/09/04,2026/10/08,2026-10,PUT,68750,5210,,,30.86,9.89,5455,2,4555,1,,,,,
2026/09/03 17:33,2026-09-03T17:48:44+09:00,2026/09/04,2026/10/08,2026-10,CALL,68625,400,,,23.42,20.95,485,12,355,27,,,,,
2026/09/03 17:33,2026-09-03T17:48:44+09:00,2026/09/04,2026/10/08,2026-10,PUT,68625,5090,,,30.5,8.83,5335,3,4425,3,,,,,
2026/09/03 17:33,2026-09-03T17:48:44+09:00,2026/09/04,2026/10/08,2026-10,CALL,68500,425,,,22.94,22.57,480,2,460,4,,,,,
2026/09/03 17:33,2026-09-03T17:48:44+09:00,2026/09/04,2026/10/08,2026-10,PUT,68500,5000,,,30.44,18.58,5235,3,4555,3,,,,,
2026/09/03 17:33,2026-09-03T17:48:44+09:00,2026/09/04,2026/10/08,2026-10,CALL,68375,455,,,23.51,21.26,535,12,410,27,,,,,
2026/09/03 17:33,2026-09-03T17:48:44+09:00,2026/09/04,2026/10/08,2026-10,PUT,68375,4905,,,30.6,20.2,5150,3,4525,7,,,,,
2026/09/03 17:33,2026-09-03T17:48:44+09:00,2026/09/04,2026/10/08,2026-10,CALL,68250,470,,,22.93,22.67,525,3,510,2,,,,,
2026/09/03 17:33,2026-09-03T17:48:44+09:00,2026/09/04,2026/10/08,2026-10,PUT,68250,4795,,,30.37,20.11,5040,2,4415,7,,,,,
2026/09/03 17:33,2026-09-03T17:48:44+09:00,2026/09/04,2026/10/08,2026-10,CALL,68125,495,,,23.7,21.2,595,12,450,27,,,,,
2026/09/03 17:33,2026-09-03T17:48:44+09:00,2026/09/04,2026/10/08,2026-10,PUT,68125,4695,,,30.28,17.61,4940,3,4185,2,,,,,
2026/09/03 17:33,2026-09-03T17:48:44+09:00,2026/09/04,2026/10/08,2026-10,CALL,68000,515,,7,22.95,22.7,575,8,560,7,23.03,30,5.77,550,09/03 17:05
2026/09/03 17:33,2026-09-03T17:48:44+09:00,2026/09/04,2026/10/08,2026-10,PUT,68000,4590,,,29.96,13.85,4825,22,3920,4,,,,,
2026/09/03 17:33,2026-09-03T17:48:44+09:00,2026/09/04,2026/10/08,2026-10,CALL,67875,525,,,23.74,21.27,650,12,500,26,,,,,
2026/09/03 17:33,2026-09-03T17:48:44+09:00,2026/09/04,2026/10/08,2026-10,PUT,67875,4475,,,29.78,22.2,4720,3,4225,1,,,,,
2026/09/03 17:33,2026-09-03T17:48:44+09:00,2026/09/04,2026/10/08,2026-10,CALL,67750,560,,,22.99,22.75,630,3,615,1,,,,,
2026/09/03 17:33,2026-09-03T17:48:44+09:00,2026/09/04,2026/10/08,2026-10,PUT,67750,4385,,,29.81,20.68,4630,2,4035,2,,,,,
2026/09/03 17:33,2026-09-03T17:48:44+09:00,2026/09/04,2026/10/08,2026-10,CALL,67625,580,,,23.73,21.35,705,11,555,25,,,,,
2026/09/03 17:33,2026-09-03T17:48:44+09:00,2026/09/04,2026/10/08,2026-10,PUT,67625,4280,,,29.62,22.24,4525,3,4030,6,,,,,
2026/09/03 17:33,2026-09-03T17:48:44+09:00,2026/09/04,2026/10/08,2026-10,CALL,67500,620,,,23.05,22.74,690,4,670,2,,,,,
2026/09/03 17:33,2026-09-03T17:48:44+09:00,2026/09/04,2026/10/08,2026-10,PUT,67500,4195,,,29.69,20.43,4440,3,3820,3,,,,,
2026/09/03 17:33,2026-09-03T17:48:44+09:00,2026/09/04,2026/10/08,2026-10,CALL,67375,645,,,23.51,21.12,750,10,595,25,,,,,
2026/09/03 17:33,2026-09-03T17:48:44+09:00,2026/09/04,2026/10/08,2026-10,PUT,67375,4095,,,29.55,22.37,4340,3,3845,1,,,,,
2026/09/03 17:33,2026-09-03T17:48:44+09:00,2026/09/04,2026/10/08,2026-10,CALL,67250,675,,,23.12,22.82,755,3,735,1,,,,,
2026/09/03 17:33,2026-09-03T17:48:44+09:00,2026/09/04,2026/10/08,2026-10,PUT,67250,4000,,,29.47,22.37,4245,2,3750,7,,,,,
2026/09/03 17:33,2026-09-03T17:48:44+09:00,2026/09/04,2026/10/08,2026-10,CALL,67125,705,,,23.46,21.3,810,10,665,25,,,,,
2026/09/03 17:33,2026-09-03T17:48:44+09:00,2026/09/04,2026/10/08,2026-10,PUT,67125,3910,,,29.44,22.43,4155,3,3660,6,,,,,
2026/09/03 17:33,2026-09-03T17:48:44+09:00,2026/09/04,2026/10/08,2026-10,CALL,67000,740,,1,23.12,22.83,820,2,800,4,22.9,60,8,810,09/03 17:28
2026/09/03 17:33,2026-09-03T17:48:44+09:00,2026/09/04,2026/10/08,2026-10,PUT,67000,3820,,,29.4,22.47,4065,22,3570,3,,,,,
2026/09/03 17:33,2026-09-03T17:48:44+09:00,2026/09/04,2026/10/08,2026-10,CALL,66875,765,,,24.06,21.41,920,10,735,24,,,,,
2026/09/03 17:33,2026-09-03T17:48:44+09:00,2026/09/04,2026/10/08,2026-10,PUT,66875,3715,,,29.15,22.28,3960,3,3465,6,,,,,
2026/09/03 17:33,2026-09-03T17:48:44+09:00,2026/09/04,2026/10/08,2026-10,CALL,66750,800,,,23.28,22.79,900,3,865,11,,,,,
2026/09/03 17:33,2026-09-03T17:48:44+09:00,2026/09/04,2026/10/08,2026-10,PUT,66750,3630,,,29.16,22.36,3875,2,3380,7,,,,,
2026/09/03 17:33,2026-09-03T17:48:44+09:00,2026/09/04,2026/10/08,2026-10,CALL,66625,835,,,24.03,21.58,990,9,815,24,,,,,
2026/09/03 17:33,2026-09-03T17:48:44+09:00,2026/09/04,2026/10/08,2026-10,PUT,66625,3535,,,29.02,22.29,3780,3,3285,6,,,,,
2026/09/03 17:33,2026-09-03T17:48:44+09:00,2026/09/04,2026/10/08,2026-10,CALL,66500,875,,,23.3,22.96,975,4,950,2,,,,,
2026/09/03 17:33,2026-09-03T17:48:44+09:00,2026/09/04,2026/10/08,2026-10,PUT,66500,3450,,,28.87,22.34,3685,3,3200,12,,,,,
2026/09/03 17:33,2026-09-03T17:48:44+09:00,2026/09/04,2026/10/08,2026-10,CALL,66375,930,,,23.39,22.99,1020,29,990,9,,,,,
2026/09/03 17:33,2026-09-03T17:48:44+09:00,2026/09/04,2026/10/08,2026-10,PUT,66375,3385,,,27.07,22.64,3465,8,3135,6,,,,,
2026/09/03 17:33,2026-09-03T17:48:44+09:00,2026/09/04,2026/10/08,2026-10,CALL,66250,955,,,23.53,22.73,1070,25,1010,3,,,,,
2026/09/03 17:33,2026-09-03T17:48:44+09:00,2026/09/04,2026/10/08,2026-10,PUT,66250,3285,,,29,22.46,3530,2,3035,7,,,,,
2026/09/03 17:33,2026-09-03T17:48:44+09:00,2026/09/04,2026/10/08,2026-10,CALL,66125,995,,,23.59,22.12,1115,9,1005,24,,,,,
2026/09/03 17:33,2026-09-03T17:48:44+09:00,2026/09/04,2026/10/08,2026-10,PUT,66125,3195,,,28.89,22.39,3440,3,2945,6,,,,,
2026/09/03 17:33,2026-09-03T17:48:44+09:00,2026/09/04,2026/10/08,2026-10,CALL,66000,1040,,,23.43,23.03,1145,5,1115,44,,,,,
2026/09/03 17:33,2026-09-03T17:48:44+09:00,2026/09/04,2026/10/08,2026-10,PUT,66000,3115,,,27.6,21.97,3260,22,2830,18,,,,,
2026/09/03 17:33,2026-09-03T17:48:44+09:00,2026/09/04,2026/10/08,2026-10,CALL,65875,1075,,,23.78,22.41,1215,8,1110,8,,,,,
2026/09/03 17:33,2026-09-03T17:48:44+09:00,2026/09/04,2026/10/08,2026-10,PUT,65875,3020,,,26.76,22.34,3115,8,2775,1,,,,,
2026/09/03 17:33,2026-09-03T17:48:44+09:00,2026/09/04,2026/10/08,2026-10,CALL,65750,1115,,,23.59,22.88,1245,11,1190,11,,,,,
2026/09/03 17:33,2026-09-03T17:48:44+09:00,2026/09/04,2026/10/08,2026-10,PUT,65750,2940,,,24.3,22.62,2845,13,2715,2,,,,,
2026/09/03 17:33,2026-09-03T17:48:44+09:00,2026/09/04,2026/10/08,2026-10,CALL,65625,1165,,,23.84,22.42,1310,8,1200,8,,,,,
2026/09/03 17:33,2026-09-03T17:48:44+09:00,2026/09/04,2026/10/08,2026-10,PUT,65625,2870,,,26.91,22.49,2970,8,2625,1,,,,,
2026/09/03 17:33,2026-09-03T17:48:44+09:00,2026/09/04,2026/10/08,2026-10,CALL,65500,1220,,,23.69,23.3,1345,38,1315,2,,,,,
2026/09/03 17:33,2026-09-03T17:48:44+09:00,2026/09/04,2026/10/08,2026-10,PUT,65500,2795,,,23.62,22.41,2635,1,2540,3,,,,,
2026/09/03 17:33,2026-09-03T17:48:44+09:00,2026/09/04,2026/10/08,2026-10,CALL,65375,1245,,,23.97,22.57,1415,7,1305,8,,,,,
2026/09/03 17:33,2026-09-03T17:48:44+09:00,2026/09/04,2026/10/08,2026-10,PUT,65375,2700,,,26.88,22.31,2815,8,2455,1,,,,,
2026/09/03 17:33,2026-09-03T17:48:44+09:00,2026/09/04,2026/10/08,2026-10,CALL,65250,1310,,,23.78,23.28,1450,2,1410,1,,,,,
2026/09/03 17:33,2026-09-03T17:48:44+09:00,2026/09/04,2026/10/08,2026-10,PUT,65250,2640,,,24.04,22.39,2515,1,2385,1,,,,,
2026/09/03 17:33,2026-09-03T17:48:44+09:00,2026/09/04,2026/10/08,2026-10,CALL,65125,1375,,,23.96,23.21,1515,1,1455,7,,,,,
2026/09/03 17:33,2026-09-03T17:48:44+09:00,2026/09/04,2026/10/08,2026-10,PUT,65125,2580,,,26.79,22.64,2660,5,2330,6,,,,,
2026/09/03 17:33,2026-09-03T17:48:44+09:00,2026/09/04,2026/10/08,2026-10,CALL,65000,1430,,,23.88,23.5,1560,4,1530,3,,,,,
2026/09/03 17:33,2026-09-03T17:48:44+09:00,2026/09/04,2026/10/08,2026-10,PUT,65000,2510,,,24.07,23.31,2370,19,2310,3,,,,,
2026/09/03 17:33,2026-09-03T17:48:44+09:00,2026/09/04,2026/10/08,2026-10,CALL,64875,1475,,,24.15,23.21,1635,1,1560,7,,,,,
2026/09/03 17:33,2026-09-03T17:48:44+09:00,2026/09/04,2026/10/08,2026-10,PUT,64875,2430,,,24.21,22.84,2310,6,2200,6,,,,,
2026/09/03 17:33,2026-09-03T17:48:44+09:00,2026/09/04,2026/10/08,2026-10,CALL,64750,1545,,,24.22,23.28,1695,2,1620,2,,,,,
2026/09/03 17:33,2026-09-03T17:48:44+09:00,2026/09/04,2026/10/08,2026-10,PUT,64750,2375,,,24.41,23.28,2255,9,2165,2,,,,,
2026/09/03 17:33,2026-09-03T17:48:44+09:00,2026/09/04,2026/10/08,2026-10,CALL,64625,1585,,,24.27,23.34,1755,1,1680,7,,,,,
2026/09/03 17:33,2026-09-03T17:48:44+09:00,2026/09/04,2026/10/08,2026-10,PUT,64625,2290,,,24.09,23.28,2160,7,2095,1,,,,,
2026/09/03 17:33,2026-09-03T17:48:44+09:00,2026/09/04,2026/10/08,2026-10,CALL,64500,1645,,,24.37,23.32,1820,1,1735,21,,,,,
2026/09/03 17:33,2026-09-03T17:48:44+09:00,2026/09/04,2026/10/08,2026-10,PUT,64500,2225,,,24.12,23.63,2095,3,2055,2,,,,,
2026/09/03 17:33,2026-09-03T17:48:44+09:00,2026/09/04,2026/10/08,2026-10,CALL,64375,1720,,,24.71,23.34,1905,7,1795,7,,,,,
2026/09/03 17:33,2026-09-03T17:48:44+09:00,2026/09/04,2026/10/08,2026-10,PUT,64375,2175,,,24.71,23.4,2075,7,1970,1,,,,,
2026/09/03 17:33,2026-09-03T17:48:44+09:00,2026/09/04,2026/10/08,2026-10,CALL,64250,1775,,,24.4,23.47,1940,9,1865,9,,,,,
2026/09/03 17:33,2026-09-03T17:48:44+09:00,2026/09/04,2026/10/08,2026-10,PUT,64250,2100,,,24.65,23.47,2005,9,1910,2,,,,,
2026/09/03 17:33,2026-09-03T17:48:44+09:00,2026/09/04,2026/10/08,2026-10,CALL,64125,1840,,,24.83,23.46,2035,7,1925,7,,,,,
2026/09/03 17:33,2026-09-03T17:48:44+09:00,2026/09/04,2026/10/08,2026-10,PUT,64125,2045,,,24.77,23.58,1950,7,1855,7,,,,,
2026/09/03 17:33,2026-09-03T17:48:44+09:00,2026/09/04,2026/10/08,2026-10,CALL,64000,1900,,,24.55,23.49,2075,4,1990,22,,,,,
2026/09/03 17:33,2026-09-03T17:48:44+09:00,2026/09/04,2026/10/08,2026-10,PUT,64000,1980,,,24.37,23.8,1855,2,1810,1,,,,,
2026/09/03 17:33,2026-09-03T17:48:44+09:00,2026/09/04,2026/10/08,2026-10,CALL,63875,1960,,,24.82,23.51,2160,7,2055,7,,,,,
2026/09/03 17:33,2026-09-03T17:48:44+09:00,2026/09/04,2026/10/08,2026-10,PUT,63875,1915,,,24.89,23.76,1835,7,1745,1,,,,,
2026/09/03 17:33,2026-09-03T17:48:44+09:00,2026/09/04,2026/10/08,2026-10,CALL,63750,2040,,,24.96,23.58,2235,2,2125,29,,,,,
2026/09/03 17:33,2026-09-03T17:48:44+09:00,2026/09/04,2026/10/08,2026-10,PUT,63750,1870,,,24.83,23.7,1770,9,1680,2,,,,,
2026/09/03 17:33,2026-09-03T17:48:44+09:00,2026/09/04,2026/10/08,2026-10,CALL,63625,2140,,,25.07,23.69,2310,6,2200,6,,,,,
2026/09/03 17:33,2026-09-03T17:48:44+09:00,2026/09/04,2026/10/08,2026-10,PUT,63625,1825,,,24.95,23.88,1720,7,1635,1,,,,,
2026/09/03 17:33,2026-09-03T17:48:44+09:00,2026/09/04,2026/10/08,2026-10,CALL,63500,2195,,,24.92,24.23,2365,3,2310,2,,,,,
2026/09/03 17:33,2026-09-03T17:48:44+09:00,2026/09/04,2026/10/08,2026-10,PUT,63500,1765,,,24.8,24.23,1650,3,1605,2,,,,,
2026/09/03 17:33,2026-09-03T17:48:44+09:00,2026/09/04,2026/10/08,2026-10,CALL,63375,2265,,,25.71,23.29,2495,10,2305,10,,,,,
2026/09/03 17:33,2026-09-03T17:48:44+09:00,2026/09/04,2026/10/08,2026-10,PUT,63375,1720,,,25.07,23.99,1615,7,1530,6,,,,,
2026/09/03 17:33,2026-09-03T17:48:44+09:00,2026/09/04,2026/10/08,2026-10,CALL,63250,2340,,,25.21,24.19,2525,2,2445,2,,,,,
2026/09/03 17:33,2026-09-03T17:48:44+09:00,2026/09/04,2026/10/08,2026-10,PUT,63250,1660,,,24.95,23.74,1550,1,1455,1,,,,,
2026/09/03 17:33,2026-09-03T17:48:44+09:00,2026/09/04,2026/10/08,2026-10,CALL,63125,2415,,,25.59,23.47,2625,10,2460,10,,,,,
2026/09/03 17:33,2026-09-03T17:48:44+09:00,2026/09/04,2026/10/08,2026-10,PUT,63125,1610,,,25.2,23.85,1515,7,1410,7,,,,,
2026/09/03 17:33,2026-09-03T17:48:44+09:00,2026/09/04,2026/10/08,2026-10,CALL,63000,2480,,,25.5,24.4,2690,4,2605,3,,,,,
2026/09/03 17:33,2026-09-03T17:48:44+09:00,2026/09/04,2026/10/08,2026-10,PUT,63000,1560,,,24.98,24.53,1445,2,1410,3,,,,,
2026/09/03 17:33,2026-09-03T17:48:44+09:00,2026/09/04,2026/10/08,2026-10,CALL,62875,2575,,,25.85,23.44,2790,10,2605,10,,,,,
2026/09/03 17:33,2026-09-03T17:48:44+09:00,2026/09/04,2026/10/08,2026-10,PUT,62875,1530,,,25.4,24.42,1425,8,1350,8,,,,,
2026/09/03 17:33,2026-09-03T17:48:44+09:00,2026/09/04,2026/10/08,2026-10,CALL,62750,2650,,,25.61,24.36,2845,2,2750,2,,,,,
2026/09/03 17:33,2026-09-03T17:48:44+09:00,2026/09/04,2026/10/08,2026-10,PUT,62750,1480,,,25.15,24.62,1355,2,1315,1,,,,,
2026/09/03 17:33,2026-09-03T17:48:44+09:00,2026/09/04,2026/10/08,2026-10,CALL,62625,2720,,,25.94,23.88,2945,5,2790,10,,,,,
2026/09/03 17:33,2026-09-03T17:48:44+09:00,2026/09/04,2026/10/08,2026-10,PUT,62625,1430,,,26,24.55,1370,23,1260,8,,,,,
2026/09/03 17:33,2026-09-03T17:48:44+09:00,2026/09/04,2026/10/08,2026-10,CALL,62500,2805,,,25.85,24.85,3015,13,2940,2,,,,,
2026/09/03 17:33,2026-09-03T17:48:44+09:00,2026/09/04,2026/10/08,2026-10,PUT,62500,1385,,2,25.39,24.85,1275,3,1235,2,25.14,-80,-5.84,1290,09/03 17:14
2026/09/03 17:33,2026-09-03T17:48:44+09:00,2026/09/04,2026/10/08,2026-10,CALL,62375,2885,,,26.43,23.25,3135,6,2900,6,,,,,
2026/09/03 17:33,2026-09-03T17:48:44+09:00,2026/09/04,2026/10/08,2026-10,PUT,62375,1345,,,26.22,24.74,1290,23,1180,8,,,,,
2026/09/03 17:33,2026-09-03T17:48:44+09:00,2026/09/04,2026/10/08,2026-10,CALL,62250,2970,,,25.84,24.82,3170,9,3095,9,,,,,
2026/09/03 17:33,2026-09-03T17:48:44+09:00,2026/09/04,2026/10/08,2026-10,PUT,62250,1300,,,25.7,25.02,1205,2,1155,1,,,,,
2026/09/03 17:33,2026-09-03T17:48:44+09:00,2026/09/04,2026/10/08,2026-10,CALL,62125,3065,,,26.73,19.71,3315,6,2815,6,,,,,
2026/09/03 17:33,2026-09-03T17:48:44+09:00,2026/09/04,2026/10/08,2026-10,PUT,62125,1270,,,26.32,24.95,1205,24,1105,8,,,,,
2026/09/03 17:33,2026-09-03T17:48:44+09:00,2026/09/04,2026/10/08,2026-10,CALL,62000,3130,,,26.04,24.36,3345,20,3225,20,,,,,
2026/09/03 17:33,2026-09-03T17:48:44+09:00,2026/09/04,2026/10/08,2026-10,PUT,62000,1195,,,25.62,25.34,1110,1,1090,4,,,,,
2026/09/03 17:33,2026-09-03T17:48:44+09:00,2026/09/04,2026/10/08,2026-10,CALL,61875,3230,,,26.78,19.55,3480,8,2980,8,,,,,
2026/09/03 17:33,2026-09-03T17:48:44+09:00,2026/09/04,2026/10/08,2026-10,PUT,61875,1190,,,26.5,25.1,1130,24,1030,8,,,,,
2026/09/03 17:33,2026-09-03T17:48:44+09:00,2026/09/04,2026/10/08,2026-10,CALL,61750,3315,,,26.4,24.68,3535,9,3415,9,,,,,
2026/09/03 17:33,2026-09-03T17:48:44+09:00,2026/09/04,2026/10/08,2026-10,PUT,61750,1150,,,25.83,25.4,1040,2,1010,11,,,,,
2026/09/03 17:33,2026-09-03T17:48:44+09:00,2026/09/04,2026/10/08,2026-10,CALL,61625,3405,,,26.84,19.52,3650,3,3160,3,,,,,
2026/09/03 17:33,2026-09-03T17:48:44+09:00,2026/09/04,2026/10/08,2026-10,PUT,61625,1110,,,27.34,24.53,1105,24,910,24,,,,,
2026/09/03 17:33,2026-09-03T17:48:44+09:00,2026/09/04,2026/10/08,2026-10,CALL,61500,3490,,,26.85,24.87,3735,5,3600,14,,,,,
2026/09/03 17:33,2026-09-03T17:48:44+09:00,2026/09/04,2026/10/08,2026-10,PUT,61500,1055,,5,26.05,25.68,975,2,950,2,25.94,-55,-5.19,1005,09/03 17:13
2026/09/03 17:33,2026-09-03T17:48:44+09:00,2026/09/04,2026/10/08,2026-10,CALL,61375,3585,,,26.99,19.4,3830,3,3340,3,,,,,
2026/09/03 17:33,2026-09-03T17:48:44+09:00,2026/09/04,2026/10/08,2026-10,PUT,61375,1030,,,27.35,25.36,1025,24,890,9,,,,,
2026/09/03 17:33,2026-09-03T17:48:44+09:00,2026/09/04,2026/10/08,2026-10,CALL,61250,3665,,,26.59,25.69,3890,9,3830,2,,,,,
2026/09/03 17:33,2026-09-03T17:48:44+09:00,2026/09/04,2026/10/08,2026-10,PUT,61250,995,,,26.29,25.84,915,3,885,12,,,,,
2026/09/03 17:33,2026-09-03T17:48:44+09:00,2026/09/04,2026/10/08,2026-10,CALL,61125,3770,,,27.15,19.26,4015,3,3525,3,,,,,
2026/09/03 17:33,2026-09-03T17:48:44+09:00,2026/09/04,2026/10/08,2026-10,PUT,61125,965,,,27.45,25.48,955,25,825,10,,,,,
2026/09/03 17:33,2026-09-03T17:48:44+09:00,2026/09/04,2026/10/08,2026-10,CALL,61000,3850,,,26.95,25.24,4090,18,3980,18,,,,,
2026/09/03 17:33,2026-09-03T17:48:44+09:00,2026/09/04,2026/10/08,2026-10,PUT,61000,925,,,26.41,26.18,850,2,835,4,,,,,
2026/09/03 17:33,2026-09-03T17:48:44+09:00,2026/09/04,2026/10/08,2026-10,CALL,60875,3975,,,27.57,19.39,4220,3,3730,3,,,,,
2026/09/03 17:33,2026-09-03T17:48:44+09:00,2026/09/04,2026/10/08,2026-10,PUT,60875,920,,,27.96,25.61,915,25,765,10,,,,,
2026/09/03 17:33,2026-09-03T17:48:44+09:00,2026/09/04,2026/10/08,2026-10,CALL,60750,4045,,,27.34,18.79,4295,7,3800,2,,,,,
2026/09/03 17:33,2026-09-03T17:48:44+09:00,2026/09/04,2026/10/08,2026-10,PUT,60750,875,,,26.7,26.31,800,2,775,1,,,,,
2026/09/03 17:33,2026-09-03T17:48:44+09:00,2026/09/04,2026/10/08,2026-10,CALL,60625,4115,,,33.17,18.1,4765,7,3870,3,,,,,
2026/09/03 17:33,2026-09-03T17:48:44+09:00,2026/09/04,2026/10/08,2026-10,PUT,60625,820,,,27.95,25.94,845,25,720,10,,,,,
2026/09/03 17:33,2026-09-03T17:48:44+09:00,2026/09/04,2026/10/08,2026-10,CALL,60500,4240,,,27.52,18.54,4490,12,3995,3,,,,,
2026/09/03 17:33,2026-09-03T17:48:44+09:00,2026/09/04,2026/10/08,2026-10,PUT,60500,815,,,26.87,26.54,745,2,725,40,,,,,
2026/09/03 17:33,2026-09-03T17:48:44+09:00,2026/09/04,2026/10/08,2026-10,CALL,60375,4290,,,29.11,17.24,4680,7,4045,3,,,,,
2026/09/03 17:33,2026-09-03T17:48:44+09:00,2026/09/04,2026/10/08,2026-10,PUT,60375,755,,,28.21,25.7,795,25,645,10,,,,,
2026/09/03 17:33,2026-09-03T17:48:44+09:00,2026/09/04,2026/10/08,2026-10,CALL,60250,4410,,,28.99,17.52,4765,7,4165,2,,,,,
2026/09/03 17:33,2026-09-03T17:48:44+09:00,2026/09/04,2026/10/08,2026-10,PUT,60250,750,,,27.15,26.64,700,2,670,3,,,,,
2026/09/03 17:33,2026-09-03T17:48:44+09:00,2026/09/04,2026/10/08,2026-10,CALL,60125,4540,,,27.83,18.05,4790,6,4295,3,,,,,
2026/09/03 17:33,2026-09-03T17:48:44+09:00,2026/09/04,2026/10/08,2026-10,PUT,60125,750,,,28.76,26.62,765,27,640,10,,,,,
2026/09/03 17:33,2026-09-03T17:48:44+09:00,2026/09/04,2026/10/08,2026-10,CALL,60000,4640,,,27.91,18.07,4890,18,4405,22,,,,,
2026/09/03 17:33,2026-09-03T17:48:44+09:00,2026/09/04,2026/10/08,2026-10,PUT,60000,715,,,27.39,27.12,655,3,640,7,,,,,
2026/09/03 17:33,2026-09-03T17:48:44+09:00,2026/09/04,2026/10/08,2026-10,CALL,59875,4760,,,28.33,18.07,5010,8,4515,3,,,,,
2026/09/03 17:33,2026-09-03T17:48:44+09:00,2026/09/04,2026/10/08,2026-10,PUT,59875,720,,,29.11,26.81,725,27,595,11,,,,,
2026/09/03 17:33,2026-09-03T17:48:44+09:00,2026/09/04,2026/10/08,2026-10,CALL,59750,4850,,,28.21,17.44,5100,7,4605,2,,,,,
2026/09/03 17:33,2026-09-03T17:48:44+09:00,2026/09/04,2026/10/08,2026-10,PUT,59750,665,,,27.66,27.3,615,2,595,14,,,,,
2026/09/03 17:33,2026-09-03T17:48:44+09:00,2026/09/04,2026/10/08,2026-10,CALL,59625,4965,,,28.52,17.5,5215,6,4720,3,,,,,
2026/09/03 17:33,2026-09-03T17:48:44+09:00,2026/09/04,2026/10/08,2026-10,PUT,59625,675,,,29.33,26.94,680,27,550,12,,,,,
2026/09/03 17:33,2026-09-03T17:48:44+09:00,2026/09/04,2026/10/08,2026-10,CALL,59500,5050,,,36.44,16.48,5775,1,4805,3,,,,,
2026/09/03 17:33,2026-09-03T17:48:44+09:00,2026/09/04,2026/10/08,2026-10,PUT,59500,635,,,27.99,27.52,580,6,555,44,,,,,
2026/09/03 17:33,2026-09-03T17:48:44+09:00,2026/09/04,2026/10/08,2026-10,CALL,59375,5170,,,28.66,16.63,5420,6,4925,3,,,,,
2026/09/03 17:33,2026-09-03T17:48:44+09:00,2026/09/04,2026/10/08,2026-10,PUT,59375,630,,,29.69,27.22,645,27,515,12,,,,,
2026/09/03 17:33,2026-09-03T17:48:44+09:00,2026/09/04,2026/10/08,2026-10,CALL,59250,5250,,,32.36,14.87,5720,7,5005,2,,,,,
2026/09/03 17:33,2026-09-03T17:48:44+09:00,2026/09/04,2026/10/08,2026-10,PUT,59250,585,,,28.18,27.79,540,2,520,14,,,,,
2026/09/03 17:33,2026-09-03T17:48:44+09:00,2026/09/04,2026/10/08,2026-10,CALL,59125,5380,,,28.85,15.47,5630,1,5135,1,,,,,
2026/09/03 17:33,2026-09-03T17:48:44+09:00,2026/09/04,2026/10/08,2026-10,PUT,59125,590,,,30.11,27.45,615,27,480,12,,,,,
2026/09/03 17:33,2026-09-03T17:48:44+09:00,2026/09/04,2026/10/08,2026-10,CALL,59000,5475,,,38.2,13.26,6250,15,5225,18,,,,,
2026/09/03 17:33,2026-09-03T17:48:44+09:00,2026/09/04,2026/10/08,2026-10,PUT,59000,555,,1,28.53,28.12,510,3,490,57,28.32,-60,-10.43,515,09/03 17:08
2026/09/03 17:33,2026-09-03T17:48:44+09:00,2026/09/04,2026/10/08,2026-10,CALL,58875,5575,,,34.95,,6155,1,5325,6,,,,,
2026/09/03 17:33,2026-09-03T17:48:44+09:00,2026/09/04,2026/10/08,2026-10,PUT,58875,535,,,30.39,27.2,580,27,425,12,,,,,
2026/09/03 17:33,2026-09-03T17:48:44+09:00,2026/09/04,2026/10/08,2026-10,CALL,58750,5695,,,32.62,,6125,6,5445,7,,,,,
2026/09/03 17:33,2026-09-03T17:48:44+09:00,2026/09/04,2026/10/08,2026-10,PUT,58750,525,,,28.73,28.41,475,2,460,2,,,,,
2026/09/03 17:33,2026-09-03T17:48:44+09:00,2026/09/04,2026/10/08,2026-10,CALL,58625,5815,,,38.79,,6565,5,5565,6,,,,,
2026/09/03 17:33,2026-09-03T17:48:44+09:00,2026/09/04,2026/10/08,2026-10,PUT,58625,525,,,30.75,28.1,550,27,425,12,,,,,
2026/09/03 17:33,2026-09-03T17:48:44+09:00,2026/09/04,2026/10/08,2026-10,CALL,58500,5900,,,33.31,,6360,8,5650,12,,,,,
2026/09/03 17:33,2026-09-03T17:48:44+09:00,2026/09/04,2026/10/08,2026-10,PUT,58500,485,,,29.1,28.66,450,6,430,44,,,,,
2026/09/03 17:33,2026-09-03T17:48:44+09:00,2026/09/04,2026/10/08,2026-10,CALL,58375,5995,,,35.89,,6595,1,5745,6,,,,,
2026/09/03 17:33,2026-09-03T17:48:44+09:00,2026/09/04,2026/10/08,2026-10,PUT,58375,455,,,31.06,27.49,520,29,360,28,,,,,
2026/09/03 17:33,2026-09-03T17:48:44+09:00,2026/09/04,2026/10/08,2026-10,CALL,58250,6120,,,33.18,,6555,6,5870,7,,,,,
2026/09/03 17:33,2026-09-03T17:48:44+09:00,2026/09/04,2026/10/08,2026-10,PUT,58250,460,,,29.44,28.98,425,5,405,3,,,,,
2026/09/03 17:33,2026-09-03T17:48:44+09:00,2026/09/04,2026/10/08,2026-10,CALL,58000,6350,,,35.45,,6870,15,6100,18,,,,,
2026/09/03 17:33,2026-09-03T17:48:44+09:00,2026/09/04,2026/10/08,2026-10,PUT,58000,435,,2,29.63,29.27,395,3,380,63,29.54,-45,-10.34,390,09/03 17:31
2026/09/03 17:33,2026-09-03T17:48:44+09:00,2026/09/04,2026/10/08,2026-10,CALL,57750,6570,,,34.56,,7030,1,6320,7,,,,,
2026/09/03 17:33,2026-09-03T17:48:44+09:00,2026/09/04,2026/10/08,2026-10,PUT,57750,405,,,30.02,29.65,375,5,360,3,,,,,
2026/09/03 17:33,2026-09-03T17:48:44+09:00,2026/09/04,2026/10/08,2026-10,CALL,57500,6800,,,37.49,,7375,10,6550,12,,,,,
2026/09/03 17:33,2026-09-03T17:48:44+09:00,2026/09/04,2026/10/08,2026-10,PUT,57500,385,,,30.38,29.99,355,2,340,4,,,,,
2026/09/03 17:33,2026-09-03T17:48:44+09:00,2026/09/04,2026/10/08,2026-10,CALL,57250,7030,,,36.22,,7520,6,6780,7,,,,,
2026/09/03 17:33,2026-09-03T17:48:44+09:00,2026/09/04,2026/10/08,2026-10,PUT,57250,360,,,30.71,30.3,335,5,320,3,,,,,
2026/09/03 17:33,2026-09-03T17:48:44+09:00,2026/09/04,2026/10/08,2026-10,CALL,57000,7255,,,35.33,,7690,3,7005,18,,,,,
2026/09/03 17:33,2026-09-03T17:48:44+09:00,2026/09/04,2026/10/08,2026-10,PUT,57000,345,,,31.01,30.58,315,3,300,55,,,,,
2026/09/03 17:33,2026-09-03T17:48:44+09:00,2026/09/04,2026/10/08,2026-10,CALL,56750,7485,,,34.9,,7885,1,7235,7,,,,,
2026/09/03 17:33,2026-09-03T17:48:44+09:00,2026/09/04,2026/10/08,2026-10,PUT,56750,325,,,31.39,30.98,299,5,285,3,,,,,
2026/09/03 17:33,2026-09-03T17:48:44+09:00,2026/09/04,2026/10/08,2026-10,CALL,56500,7715,,,40.15,,8320,2,7465,12,,,,,
2026/09/03 17:33,2026-09-03T17:48:44+09:00,2026/09/04,2026/10/08,2026-10,PUT,56500,305,,,31.71,31.28,282,8,268,6,,,,,
2026/09/03 17:33,2026-09-03T17:48:44+09:00,2026/09/04,2026/10/08,2026-10,CALL,56250,7950,,,37.3,,8410,1,7700,7,,,,,
2026/09/03 17:33,2026-09-03T17:48:44+09:00,2026/09/04,2026/10/08,2026-10,PUT,56250,287,,,32.09,31.68,268,5,255,3,,,,,
2026/09/03 17:33,2026-09-03T17:48:44+09:00,2026/09/04,2026/10/08,2026-10,CALL,56000,8180,,,35.38,,8555,3,7930,18,,,,,
2026/09/03 17:33,2026-09-03T17:48:44+09:00,2026/09/04,2026/10/08,2026-10,PUT,56000,273,,,32.29,32.12,249,1,244,10,,,,,
2026/09/03 17:33,2026-09-03T17:48:44+09:00,2026/09/04,2026/10/08,2026-10,CALL,55750,8420,,,40.24,,8955,1,8170,7,,,,,
2026/09/03 17:33,2026-09-03T17:48:44+09:00,2026/09/04,2026/10/08,2026-10,PUT,55750,257,,,32.86,32.41,242,5,229,3,,,,,
2026/09/03 17:33,2026-09-03T17:48:44+09:00,2026/09/04,2026/10/08,2026-10,CALL,55500,8655,,,38.5,,9105,2,8405,12,,,,,
2026/09/03 17:33,2026-09-03T17:48:44+09:00,2026/09/04,2026/10/08,2026-10,PUT,55500,241,,,33.2,32.8,229,8,218,6,,,,,
2026/09/03 17:33,2026-09-03T17:48:44+09:00,2026/09/04,2026/10/08,2026-10,CALL,55250,8895,,,40.07,,9380,6,8645,7,,,,,
2026/09/03 17:33,2026-09-03T17:48:44+09:00,2026/09/04,2026/10/08,2026-10,PUT,55250,231,,,33.55,32.99,217,5,202,5,,,,,
2026/09/03 17:33,2026-09-03T17:48:44+09:00,2026/09/04,2026/10/08,2026-10,CALL,55000,9130,,,39.68,,9585,12,8880,18,,,,,
2026/09/03 17:33,2026-09-03T17:48:44+09:00,2026/09/04,2026/10/08,2026-10,PUT,55000,222,,2,33.8,33.69,203,1,200,6,33.59,-21,-9.46,201,09/03 17:22
2026/09/03 17:33,2026-09-03T17:48:44+09:00,2026/09/04,2026/12/10,2026-12,CALL,67000,1875,,,23.32,22.39,2040,20,1920,20,,,,,
2026/09/03 17:33,2026-09-03T17:48:44+09:00,2026/09/04,2026/12/10,2026-12,PUT,67000,4775,,,,,,,,,,,,,
2026/09/03 17:33,2026-09-03T17:48:44+09:00,2026/09/04,2026/12/10,2026-12,CALL,66750,1970,,,23.33,22.41,2130,20,2010,20,,,,,
2026/09/03 17:33,2026-09-03T17:48:44+09:00,2026/09/04,2026/12/10,2026-12,PUT,66750,4620,,,,,,,,,,,,,
2026/09/03 17:33,2026-09-03T17:48:44+09:00,2026/09/04,2026/12/10,2026-12,CALL,66500,2060,,,23.4,22.48,2230,20,2110,20,,,,,
2026/09/03 17:33,2026-09-03T17:48:44+09:00,2026/09/04,2026/12/10,2026-12,PUT,66500,4460,,,,,,,,,,,,,
2026/09/03 17:33,2026-09-03T17:48:44+09:00,2026/09/04,2026/12/10,2026-12,CALL,66250,2175,,,23.44,22.53,2330,20,2210,20,,,,,
2026/09/03 17:33,2026-09-03T17:48:44+09:00,2026/09/04,2026/12/10,2026-12,PUT,66250,4325,,,23.33,22.42,4185,20,4065,20,,,,,
2026/09/03 17:33,2026-09-03T17:48:44+09:00,2026/09/04,2026/12/10,2026-12,CALL,66000,2265,,,23.42,22.52,2425,20,2305,20,,,,,
2026/09/03 17:33,2026-09-03T17:48:44+09:00,2026/09/04,2026/12/10,2026-12,PUT,66000,4170,,,23.39,22.48,4040,20,3920,20,,,,,
2026/09/03 17:33,2026-09-03T17:48:44+09:00,2026/09/04,2026/12/10,2026-12,CALL,65750,2380,,,23.5,22.59,2535,20,2415,20,,,,,
2026/09/03 17:33,2026-09-03T17:48:44+09:00,2026/09/04,2026/12/10,2026-12,PUT,65750,4035,,,23.46,22.55,3900,20,3780,20,,,,,
2026/09/03 17:33,2026-09-03T17:48:44+09:00,2026/09/04,2026/12/10,2026-12,CALL,65500,2485,,,23.51,22.61,2640,20,2520,20,,,,,
2026/09/03 17:33,2026-09-03T17:48:44+09:00,2026/09/04,2026/12/10,2026-12,PUT,65500,3890,,,23.51,22.61,3760,20,3640,20,,,,,
2026/09/03 17:33,2026-09-03T17:48:44+09:00,2026/09/04,2026/12/10,2026-12,CALL,65250,2600,,,23.61,22.71,2760,20,2640,20,,,,,
2026/09/03 17:33,2026-09-03T17:48:44+09:00,2026/09/04,2026/12/10,2026-12,PUT,65250,3755,,,23.57,22.67,3625,20,3505,20,,,,,
2026/09/03 17:33,2026-09-03T17:48:44+09:00,2026/09/04,2026/12/10,2026-12,CALL,65000,2705,,,23.87,23.01,2905,20,2790,1,,,,,
2026/09/03 17:33,2026-09-03T17:48:44+09:00,2026/09/04,2026/12/10,2026-12,PUT,65000,3615,,,23.65,22.75,3495,20,3375,20,,,,,
2026/09/03 17:33,2026-09-03T17:48:44+09:00,2026/09/04,2026/12/10,2026-12,CALL,64750,2835,,,23.93,23.07,3025,20,2910,1,,,,,
2026/09/03 17:33,2026-09-03T17:48:44+09:00,2026/09/04,2026/12/10,2026-12,PUT,64750,3495,,,23.7,22.81,3365,20,3245,20,,,,,
2026/09/03 17:33,2026-09-03T17:48:44+09:00,2026/09/04,2026/12/10,2026-12,CALL,64500,2960,,,24,23.14,3150,20,3035,1,,,,,
2026/09/03 17:33,2026-09-03T17:48:44+09:00,2026/09/04,2026/12/10,2026-12,PUT,64500,3365,,,23.77,22.87,3240,20,3120,20,,,,,
2026/09/03 17:33,2026-09-03T17:48:44+09:00,2026/09/04,2026/12/10,2026-12,CALL,64250,3080,,,24.08,23.22,3280,20,3165,1,,,,,
2026/09/03 17:33,2026-09-03T17:48:44+09:00,2026/09/04,2026/12/10,2026-12,PUT,64250,3240,,,23.86,22.96,3120,20,3000,20,,,,,
2026/09/03 17:33,2026-09-03T17:48:44+09:00,2026/09/04,2026/12/10,2026-12,CALL,64000,3210,,,24.14,23.28,3410,20,3295,1,,,,,
2026/09/03 17:33,2026-09-03T17:48:44+09:00,2026/09/04,2026/12/10,2026-12,PUT,64000,3120,,,23.92,23.01,3000,20,2880,20,,,,,
2026/09/03 17:33,2026-09-03T17:48:44+09:00,2026/09/04,2026/12/10,2026-12,CALL,63750,3350,,,24.22,23.31,3545,20,3425,20,,,,,
2026/09/03 17:33,2026-09-03T17:48:44+09:00,2026/09/04,2026/12/10,2026-12,PUT,63750,3005,,,24.18,23.27,2910,20,2790,20,,,,,
2026/09/03 17:33,2026-09-03T17:48:44+09:00,2026/09/04,2026/12/10,2026-12,CALL,63500,3485,,,,,,,,,,,,,
2026/09/03 17:33,2026-09-03T17:48:44+09:00,2026/09/04,2026/12/10,2026-12,PUT,63500,2900,,,24.27,23.36,2800,20,2680,20,,,,,
2026/09/03 17:33,2026-09-03T17:48:44+09:00,2026/09/04,2026/12/10,2026-12,CALL,63250,3635,,,,,,,,,,,,,
2026/09/03 17:33,2026-09-03T17:48:44+09:00,2026/09/04,2026/12/10,2026-12,PUT,63250,2785,,,24.38,23.46,2695,20,2575,20,,,,,
2026/09/03 17:33,2026-09-03T17:48:44+09:00,2026/09/04,2026/12/10,2026-12,CALL,63000,3775,,,,,,,,,,,,,
2026/09/03 17:33,2026-09-03T17:48:44+09:00,2026/09/04,2026/12/10,2026-12,PUT,63000,2680,,,24.46,23.54,2590,20,2470,20,,,,,
2026/09/03 17:33,2026-09-03T17:48:44+09:00,2026/09/04,2026/12/10,2026-12,CALL,62750,3920,,,,,,,,,,,,,
2026/09/03 17:33,2026-09-03T17:48:44+09:00,2026/09/04,2026/12/10,2026-12,PUT,62750,2575,,,24.56,23.63,2490,20,2370,20,,,,,
2026/09/03 17:33,2026-09-03T17:48:44+09:00,2026/09/04,2026/12/10,2026-12,CALL,62500,4070,,,,,,,,,,,,,
2026/09/03 17:33,2026-09-03T17:48:44+09:00,2026/09/04,2026/12/10,2026-12,PUT,62500,2480,,,24.64,23.7,2390,20,2270,20,,,,,
2026/09/03 17:33,2026-09-03T17:48:44+09:00,2026/09/04,2026/12/10,2026-12,CALL,62250,4225,,,,,,,,,,,,,
2026/09/03 17:33,2026-09-03T17:48:44+09:00,2026/09/04,2026/12/10,2026-12,PUT,62250,2395,,,24.77,23.82,2300,20,2180,20,,,,,
2026/09/03 17:33,2026-09-03T17:48:44+09:00,2026/09/04,2026/12/10,2026-12,CALL,62000,4385,,,,,,,,,,,,,
2026/09/03 17:33,2026-09-03T17:48:44+09:00,2026/09/04,2026/12/10,2026-12,PUT,62000,2300,,,24.88,23.92,2210,20,2090,20,,,,,
2026/09/03 17:46,2026-09-03T18:00:59+09:00,2026/09/04,2026/09/10,2026-09,CALL,78000,1,,2,41.31,,1,3,,,41.11,0,0,1,09/03 17:23
2026/09/03 17:46,2026-09-03T18:00:59+09:00,2026/09/04,2026/09/10,2026-09,PUT,78000,13770,,,,,,,,,,,,,
2026/09/03 17:46,2026-09-03T18:00:59+09:00,2026/09/04,2026/09/10,2026-09,CALL,77500,1,,,40.05,,1,8,,,,,,,
2026/09/03 17:46,2026-09-03T18:00:59+09:00,2026/09/04,2026/09/10,2026-09,PUT,77500,13270,,,,,,,,,,,,,
2026/09/03 17:46,2026-09-03T18:00:59+09:00,2026/09/04,2026/09/10,2026-09,CALL,77000,1,,92,38.77,,1,13,,,38.38,0,0,1,09/03 17:37
2026/09/03 17:46,2026-09-03T18:00:59+09:00,2026/09/04,2026/09/10,2026-09,PUT,77000,12770,,,,,,,,,,,,,
2026/09/03 17:46,2026-09-03T18:00:59+09:00,2026/09/04,2026/09/10,2026-09,CALL,76500,1,,60,39.76,,2,36,,,37.09,0,0,1,09/03 17:37
2026/09/03 17:46,2026-09-03T18:00:59+09:00,2026/09/04,2026/09/10,2026-09,PUT,76500,12270,,,,,,,,,,,,,
2026/09/03 17:46,2026-09-03T18:00:59+09:00,2026/09/04,2026/09/10,2026-09,CALL,76000,1,,90,36.18,,1,24,,,35.79,0,0,1,09/03 17:37
2026/09/03 17:46,2026-09-03T18:00:59+09:00,2026/09/04,2026/09/10,2026-09,PUT,76000,11770,,,,,,,,,,,,,
2026/09/03 17:46,2026-09-03T18:00:59+09:00,2026/09/04,2026/09/10,2026-09,CALL,75500,1,,91,37.02,,2,52,,,34.59,0,0,1,09/03 17:38
2026/09/03 17:46,2026-09-03T18:00:59+09:00,2026/09/04,2026/09/10,2026-09,PUT,75500,11270,,,,,,,,,,,,,
2026/09/03 17:46,2026-09-03T18:00:59+09:00,2026/09/04,2026/09/10,2026-09,CALL,75375,1,,,34.54,,1,1,,,,,,,
2026/09/03 17:46,2026-09-03T18:00:59+09:00,2026/09/04,2026/09/10,2026-09,PUT,75375,11145,,,,,,,,,,,,,
2026/09/03 17:46,2026-09-03T18:00:59+09:00,2026/09/04,2026/09/10,2026-09,CALL,75250,1,,,34.21,,1,1,,,,,,,
2026/09/03 17:46,2026-09-03T18:00:59+09:00,2026/09/04,2026/09/10,2026-09,PUT,75250,11020,,,,,,,,,,,,,
2026/09/03 17:46,2026-09-03T18:00:59+09:00,2026/09/04,2026/09/10,2026-09,CALL,75125,1,,,33.87,,1,1,,,,,,,
2026/09/03 17:46,2026-09-03T18:00:59+09:00,2026/09/04,2026/09/10,2026-09,PUT,75125,10895,,,,,,,,,,,,,
2026/09/03 17:46,2026-09-03T18:00:59+09:00,2026/09/04,2026/09/10,2026-09,CALL,75000,1,,72,33.54,,1,4,,,33.34,0,0,1,09/03 17:40
2026/09/03 17:46,2026-09-03T18:00:59+09:00,2026/09/04,2026/09/10,2026-09,PUT,75000,10770,,,,,,,,,,,,,
2026/09/03 17:46,2026-09-03T18:00:59+09:00,2026/09/04,2026/09/10,2026-09,CALL,74875,2,,,42.59,,12,14,,,,,,,
2026/09/03 17:46,2026-09-03T18:00:59+09:00,2026/09/04,2026/09/10,2026-09,PUT,74875,10645,,,,,,,,,,,,,
2026/09/03 17:46,2026-09-03T18:00:59+09:00,2026/09/04,2026/09/10,2026-09,CALL,74750,2,,,34.92,,2,51,,,,,,,
2026/09/03 17:46,2026-09-03T18:00:59+09:00,2026/09/04,2026/09/10,2026-09,PUT,74750,10520,,,,,,,,,,,,,
2026/09/03 17:46,2026-09-03T18:00:59+09:00,2026/09/04,2026/09/10,2026-09,CALL,74625,1,,,34.57,,2,6,,,,,,,
2026/09/03 17:46,2026-09-03T18:00:59+09:00,2026/09/04,2026/09/10,2026-09,PUT,74625,10395,,,,,,,,,,,,,
2026/09/03 17:46,2026-09-03T18:00:59+09:00,2026/09/04,2026/09/10,2026-09,CALL,74500,2,,1,34.21,,2,59,,,32.15,0,0,1,09/03 17:42
2026/09/03 17:46,2026-09-03T18:00:59+09:00,2026/09/04,2026/09/10,2026-09,PUT,74500,10270,,,,,,,,,,,,,
2026/09/03 17:46,2026-09-03T18:00:59+09:00,2026/09/04,2026/09/10,2026-09,CALL,74375,2,,,33.86,,2,5,,,,,,,
2026/09/03 17:46,2026-09-03T18:00:59+09:00,2026/09/04,2026/09/10,2026-09,PUT,74375,10145,,,,,,,,,,,,,
2026/09/03 17:46,2026-09-03T18:00:59+09:00,2026/09/04,2026/09/10,2026-09,CALL,74250,2,,,40.53,31.53,12,17,1,2,,,,,
2026/09/03 17:46,2026-09-03T18:00:59+09:00,2026/09/04,2026/09/10,2026-09,PUT,74250,10020,,,,,,,,,,,,,
2026/09/03 17:46,2026-09-03T18:00:59+09:00,2026/09/04,2026/09/10,2026-09,CALL,74125,2,,,39.69,31.19,11,14,1,1,,,,,
2026/09/03 17:46,2026-09-03T18:00:59+09:00,2026/09/04,2026/09/10,2026-09,PUT,74125,9900,,,,,,,,,,,,,
2026/09/03 17:46,2026-09-03T18:00:59+09:00,2026/09/04,2026/09/10,2026-09,CALL,74000,1,,11,32.79,30.85,2,66,1,1,30.44,0,0,1,09/03 17:36
2026/09/03 17:46,2026-09-03T18:00:59+09:00,2026/09/04,2026/09/10,2026-09,PUT,74000,9775,,,,,,,,,,,,,
2026/09/03 17:46,2026-09-03T18:00:59+09:00,2026/09/04,2026/09/10,2026-09,CALL,73875,2,,,39.28,,12,14,,,,,,,
2026/09/03 17:46,2026-09-03T18:00:59+09:00,2026/09/04,2026/09/10,2026-09,PUT,73875,9650,,,,,,,,,,,,,
2026/09/03 17:46,2026-09-03T18:00:59+09:00,2026/09/04,2026/09/10,2026-09,CALL,73750,2,,,32.07,,2,57,,,,,,,
2026/09/03 17:46,2026-09-03T18:00:59+09:00,2026/09/04,2026/09/10,2026-09,PUT,73750,9525,,,,,,,,,,,,,
2026/09/03 17:46,2026-09-03T18:00:59+09:00,2026/09/04,2026/09/10,2026-09,CALL,73625,2,,,38.44,29.82,12,14,1,10,,,,,
2026/09/03 17:46,2026-09-03T18:00:59+09:00,2026/09/04,2026/09/10,2026-09,PUT,73625,9400,,,,,,,,,,,,,
2026/09/03 17:46,2026-09-03T18:00:59+09:00,2026/09/04,2026/09/10,2026-09,CALL,73500,2,,1,31.35,29.48,2,71,1,5,29.16,-1,-50,1,09/03 17:19
2026/09/03 17:46,2026-09-03T18:00:59+09:00,2026/09/04,2026/09/10,2026-09,PUT,73500,9275,,,,,,,,,,,,,
2026/09/03 17:46,2026-09-03T18:00:59+09:00,2026/09/04,2026/09/10,2026-09,CALL,73375,3,,,37.59,,12,14,,,,,,,
2026/09/03 17:46,2026-09-03T18:00:59+09:00,2026/09/04,2026/09/10,2026-09,PUT,73375,9150,,,,,,,,,,,,,
2026/09/03 17:46,2026-09-03T18:00:59+09:00,2026/09/04,2026/09/10,2026-09,CALL,73250,2,,,30.62,,2,50,,,,,,,
2026/09/03 17:46,2026-09-03T18:00:59+09:00,2026/09/04,2026/09/10,2026-09,PUT,73250,9025,,,,,,,,,,,,,
2026/09/03 17:46,2026-09-03T18:00:59+09:00,2026/09/04,2026/09/10,2026-09,CALL,73125,3,,,37.11,,13,14,,,,,,,
2026/09/03 17:46,2026-09-03T18:00:59+09:00,2026/09/04,2026/09/10,2026-09,PUT,73125,8900,,,,,,,,,,,,,
2026/09/03 17:46,2026-09-03T18:00:59+09:00,2026/09/04,2026/09/10,2026-09,CALL,73000,2,,1,29.89,28.09,2,85,1,188,29.38,0,0,2,09/03 17:28
2026/09/03 17:46,2026-09-03T18:00:59+09:00,2026/09/04,2026/09/10,2026-09,PUT,73000,8775,,,,,,,,,,,,,
2026/09/03 17:46,2026-09-03T18:00:59+09:00,2026/09/04,2026/09/10,2026-09,CALL,72875,3,,,35.49,,11,4,,,,,,,
2026/09/03 17:46,2026-09-03T18:00:59+09:00,2026/09/04,2026/09/10,2026-09,PUT,72875,8650,,,,,,,,,,,,,
2026/09/03 17:46,2026-09-03T18:00:59+09:00,2026/09/04,2026/09/10,2026-09,CALL,72750,3,,,29.15,27.4,2,54,1,105,,,,,
2026/09/03 17:46,2026-09-03T18:00:59+09:00,2026/09/04,2026/09/10,2026-09,PUT,72750,8525,,,,,,,,,,,,,
2026/09/03 17:46,2026-09-03T18:00:59+09:00,2026/09/04,2026/09/10,2026-09,CALL,72625,3,,,34.64,,11,4,,,,,,,
2026/09/03 17:46,2026-09-03T18:00:59+09:00,2026/09/04,2026/09/10,2026-09,PUT,72625,8400,,,,,,,,,,,,,
2026/09/03 17:46,2026-09-03T18:00:59+09:00,2026/09/04,2026/09/10,2026-09,CALL,72500,2,,202,28.42,26.69,2,34,1,215,28.28,0,0,2,09/03 17:39
2026/09/03 17:46,2026-09-03T18:00:59+09:00,2026/09/04,2026/09/10,2026-09,PUT,72500,8275,,,,,,,,,,,,,
2026/09/03 17:46,2026-09-03T18:00:59+09:00,2026/09/04,2026/09/10,2026-09,CALL,72375,3,,,33.78,,11,4,,,,,,,
2026/09/03 17:46,2026-09-03T18:00:59+09:00,2026/09/04,2026/09/10,2026-09,PUT,72375,8150,,,,,,,,,,,,,
2026/09/03 17:46,2026-09-03T18:00:59+09:00,2026/09/04,2026/09/10,2026-09,CALL,72250,2,,100,28.8,25.99,3,40,1,140,27.25,0,0,2,09/03 17:37
2026/09/03 17:46,2026-09-03T18:00:59+09:00,2026/09/04,2026/09/10,2026-09,PUT,72250,8025,,,,,,,,,,,,,
2026/09/03 17:46,2026-09-03T18:00:59+09:00,2026/09/04,2026/09/10,2026-09,CALL,72125,4,,,32.91,,11,4,,,,,,,
2026/09/03 17:46,2026-09-03T18:00:59+09:00,2026/09/04,2026/09/10,2026-09,PUT,72125,7900,,,,,,,,,,,,,
2026/09/03 17:46,2026-09-03T18:00:59+09:00,2026/09/04,2026/09/10,2026-09,CALL,72000,3,,303,28.02,26.92,3,53,2,90,27.79,0,0,3,09/03 17:40
2026/09/03 17:46,2026-09-03T18:00:59+09:00,2026/09/04,2026/09/10,2026-09,PUT,72000,7775,,,,,,,,,,,,,
2026/09/03 17:46,2026-09-03T18:00:59+09:00,2026/09/04,2026/09/10,2026-09,CALL,71875,5,,,29.18,26.55,5,33,2,33,,,,,
2026/09/03 17:46,2026-09-03T18:00:59+09:00,2026/09/04,2026/09/10,2026-09,PUT,71875,7650,,,,,,,,,,,,,
2026/09/03 17:46,2026-09-03T18:00:59+09:00,2026/09/04,2026/09/10,2026-09,CALL,71750,5,,,28.08,26.17,4,65,2,122,,,,,
2026/09/03 17:46,2026-09-03T18:00:59+09:00,2026/09/04,2026/09/10,2026-09,PUT,71750,7525,,,,,,,,,,,,,
2026/09/03 17:46,2026-09-03T18:00:59+09:00,2026/09/04,2026/09/10,2026-09,CALL,71625,4,,,28.36,25.79,5,33,2,33,,,,,
2026/09/03 17:46,2026-09-03T18:00:59+09:00,2026/09/04,2026/09/10,2026-09,PUT,71625,7400,,,,,,,,,,,,,
2026/09/03 17:46,2026-09-03T18:00:59+09:00,2026/09/04,2026/09/10,2026-09,CALL,71500,4,,3,27.27,26.46,4,12,3,24,26.41,0,0,3,09/03 17:42
2026/09/03 17:46,2026-09-03T18:00:59+09:00,2026/09/04,2026/09/10,2026-09,PUT,71500,7275,,,,,,,,,,,,,
2026/09/03 17:46,2026-09-03T18:00:59+09:00,2026/09/04,2026/09/10,2026-09,CALL,71375,5,,,27.54,26.07,5,15,3,19,,,,,
2026/09/03 17:46,2026-09-03T18:00:59+09:00,2026/09/04,2026/09/10,2026-09,PUT,71375,7150,,,,,,,,,,,,,
2026/09/03 17:46,2026-09-03T18:00:59+09:00,2026/09/04,2026/09/10,2026-09,CALL,71250,5,,,27.13,25.67,5,5,3,43,,,,,
2026/09/03 17:46,2026-09-03T18:00:59+09:00,2026/09/04,2026/09/10,2026-09,PUT,71250,7030,,,,,,,3,10,,,,,
2026/09/03 17:46,2026-09-03T18:00:59+09:00,2026/09/04,2026/09/10,2026-09,CALL,71125,6,,,27.28,26.06,6,19,4,20,,,,,
2026/09/03 17:46,2026-09-03T18:00:59+09:00,2026/09/04,2026/09/10,2026-09,PUT,71125,6905,,,,,,,,,,,,,
2026/09/03 17:46,2026-09-03T18:00:59+09:00,2026/09/04,2026/09/10,2026-09,CALL,71000,5,,,26.3,25.65,5,12,4,29,,,,,
2026/09/03 17:46,2026-09-03T18:00:59+09:00,2026/09/04,2026/09/10,2026-09,PUT,71000,6775,,,,,,,3,10,,,,,
2026/09/03 17:46,2026-09-03T18:00:59+09:00,2026/09/04,2026/09/10,2026-09,CALL,70875,6,,,26.92,25.24,7,19,4,33,,,,,
2026/09/03 17:46,2026-09-03T18:00:59+09:00,2026/09/04,2026/09/10,2026-09,PUT,70875,6655,,,,,,,,,,,,,
2026/09/03 17:46,2026-09-03T18:00:59+09:00,2026/09/04,2026/09/10,2026-09,CALL,70750,7,,,26.48,25.46,7,5,5,20,,,,,
2026/09/03 17:46,2026-09-03T18:00:59+09:00,2026/09/04,2026/09/10,2026-09,PUT,70750,6530,,,,,,,3,10,,,,,
2026/09/03 17:46,2026-09-03T18:00:59+09:00,2026/09/04,2026/09/10,2026-09,CALL,70625,7,,,26.48,25.04,8,19,5,19,,,,,
2026/09/03 17:46,2026-09-03T18:00:59+09:00,2026/09/04,2026/09/10,2026-09,PUT,70625,6405,,,,,,,,,,,,,
2026/09/03 17:46,2026-09-03T18:00:59+09:00,2026/09/04,2026/09/10,2026-09,CALL,70500,7,,,26.04,25.15,8,23,6,17,,,,,
2026/09/03 17:46,2026-09-03T18:00:59+09:00,2026/09/04,2026/09/10,2026-09,PUT,70500,6280,,,,,,,3,10,,,,,
2026/09/03 17:46,2026-09-03T18:00:59+09:00,2026/09/04,2026/09/10,2026-09,CALL,70375,8,,,25.98,25.18,9,33,7,16,,,,,
2026/09/03 17:46,2026-09-03T18:00:59+09:00,2026/09/04,2026/09/10,2026-09,PUT,70375,6155,,,,,,,,,,,,,
2026/09/03 17:46,2026-09-03T18:00:59+09:00,2026/09/04,2026/09/10,2026-09,CALL,70250,8,,1,25.88,24.74,10,37,7,20,24.66,0,0,8,09/03 17:37
2026/09/03 17:46,2026-09-03T18:00:59+09:00,2026/09/04,2026/09/10,2026-09,PUT,70250,6030,,,,,,,3,10,,,,,
2026/09/03 17:46,2026-09-03T18:00:59+09:00,2026/09/04,2026/09/10,2026-09,CALL,70125,10,,,25.75,24.3,11,33,7,33,,,,,
2026/09/03 17:46,2026-09-03T18:00:59+09:00,2026/09/04,2026/09/10,2026-09,PUT,70125,5910,,,,,,,,,,,,,
2026/09/03 17:46,2026-09-03T18:00:59+09:00,2026/09/04,2026/09/10,2026-09,CALL,70000,10,,14,25.29,24.97,11,3,10,1,24.71,0,0,10,09/03 17:40
2026/09/03 17:46,2026-09-03T18:00:59+09:00,2026/09/04,2026/09/10,2026-09,PUT,70000,5785,,,,,,,4,4,,,,,
2026/09/03 17:46,2026-09-03T18:00:59+09:00,2026/09/04,2026/09/10,2026-09,CALL,69875,12,,,25.66,24.51,14,21,10,4,,,,,
2026/09/03 17:46,2026-09-03T18:00:59+09:00,2026/09/04,2026/09/10,2026-09,PUT,69875,5660,,,,,,,,,,,,,
2026/09/03 17:46,2026-09-03T18:00:59+09:00,2026/09/04,2026/09/10,2026-09,CALL,69750,14,,,24.92,24.36,13,1,11,5,,,,,
2026/09/03 17:46,2026-09-03T18:00:59+09:00,2026/09/04,2026/09/10,2026-09,PUT,69750,5535,,,56.13,,5870,1,5080,1,,,,,
2026/09/03 17:46,2026-09-03T18:00:59+09:00,2026/09/04,2026/09/10,2026-09,CALL,69625,14,,,26.24,22.1,21,24,6,24,,,,,
2026/09/03 17:46,2026-09-03T18:00:59+09:00,2026/09/04,2026/09/10,2026-09,PUT,69625,5415,,,42.53,,5465,2,4685,2,,,,,
2026/09/03 17:46,2026-09-03T18:00:59+09:00,2026/09/04,2026/09/10,2026-09,CALL,69500,15,,9,24.7,24.47,16,8,15,1,24.04,0,0,15,09/03 17:19
2026/09/03 17:46,2026-09-03T18:00:59+09:00,2026/09/04,2026/09/10,2026-09,PUT,69500,5290,,,41.83,,5340,1,4560,1,,,,,
2026/09/03 17:46,2026-09-03T18:00:59+09:00,2026/09/04,2026/09/10,2026-09,CALL,69375,18,,,25.77,22.94,24,24,11,24,,,,,
2026/09/03 17:46,2026-09-03T18:00:59+09:00,2026/09/04,2026/09/10,2026-09,PUT,69375,5170,,,41.4,,5220,2,4440,2,,,,,
2026/09/03 17:46,2026-09-03T18:00:59+09:00,2026/09/04,2026/09/10,2026-09,CALL,69250,20,,,24.53,21.87,20,1,9,28,,,,,
2026/09/03 17:46,2026-09-03T18:00:59+09:00,2026/09/04,2026/09/10,2026-09,PUT,69250,5045,,,40.69,,5095,1,4315,1,,,,,
2026/09/03 17:46,2026-09-03T18:00:59+09:00,2026/09/04,2026/09/10,2026-09,CALL,69125,22,,,25.38,22.26,28,24,12,24,,,,,
2026/09/03 17:46,2026-09-03T18:00:59+09:00,2026/09/04,2026/09/10,2026-09,PUT,69125,4920,,,39.98,,4970,2,4195,2,,,,,
2026/09/03 17:46,2026-09-03T18:00:59+09:00,2026/09/04,2026/09/10,2026-09,CALL,69000,22,,7,24.21,24.04,24,1,23,2,23.97,1,4.55,23,09/03 17:42
2026/09/03 17:46,2026-09-03T18:00:59+09:00,2026/09/04,2026/09/10,2026-09,PUT,69000,4800,,,33.75,,4750,4,4190,4,,,,,
2026/09/03 17:46,2026-09-03T18:00:59+09:00,2026/09/04,2026/09/10,2026-09,CALL,68875,27,,,25.01,22.21,33,20,16,23,,,,,
2026/09/03 17:46,2026-09-03T18:00:59+09:00,2026/09/04,2026/09/10,2026-09,PUT,68875,4675,,,37.77,,4705,2,4435,2,,,,,
2026/09/03 17:46,2026-09-03T18:00:59+09:00,2026/09/04,2026/09/10,2026-09,CALL,68750,28,,,24.05,22.99,30,6,23,27,,,,,
2026/09/03 17:46,2026-09-03T18:00:59+09:00,2026/09/04,2026/09/10,2026-09,PUT,68750,4555,,,39.07,,4620,2,4180,2,,,,,
2026/09/03 17:46,2026-09-03T18:00:59+09:00,2026/09/04,2026/09/10,2026-09,CALL,68625,35,,,25.66,22.13,48,23,21,23,,,,,
2026/09/03 17:46,2026-09-03T18:00:59+09:00,2026/09/04,2026/09/10,2026-09,PUT,68625,4435,,,36.59,,4460,8,4185,8,,,,,
2026/09/03 17:46,2026-09-03T18:00:59+09:00,2026/09/04,2026/09/10,2026-09,CALL,68500,34,,7,23.85,23.6,37,1,35,1,23.35,4,11.76,38,09/03 17:37
2026/09/03 17:46,2026-09-03T18:00:59+09:00,2026/09/04,2026/09/10,2026-09,PUT,68500,4315,,,36.36,,4345,11,4075,3,,,,,
2026/09/03 17:46,2026-09-03T18:00:59+09:00,2026/09/04,2026/09/10,2026-09,CALL,68375,44,,,24.17,23.51,45,4,39,4,,,,,
2026/09/03 17:46,2026-09-03T18:00:59+09:00,2026/09/04,2026/09/10,2026-09,PUT,68375,4195,,,35.86,,4225,8,3945,8,,,,,
2026/09/03 17:46,2026-09-03T18:00:59+09:00,2026/09/04,2026/09/10,2026-09,CALL,68250,47,,1,23.89,23.48,48,1,44,1,23.4,5,11.36,49,09/03 17:34
2026/09/03 17:46,2026-09-03T18:00:59+09:00,2026/09/04,2026/09/10,2026-09,PUT,68250,4075,,,35.59,,4110,8,3825,7,,,,,
2026/09/03 17:46,2026-09-03T18:00:59+09:00,2026/09/04,2026/09/10,2026-09,CALL,68125,54,,,24.32,23.39,59,6,49,6,,,,,
2026/09/03 17:46,2026-09-03T18:00:59+09:00,2026/09/04,2026/09/10,2026-09,PUT,68125,3960,,,35.07,,3990,8,3710,8,,,,,
2026/09/03 17:46,2026-09-03T18:00:59+09:00,2026/09/04,2026/09/10,2026-09,CALL,68000,55,,34,23.7,23.62,59,1,58,2,23.62,4,7.27,59,09/03 17:42
2026/09/03 17:46,2026-09-03T18:00:59+09:00,2026/09/04,2026/09/10,2026-09,PUT,68000,3835,,,33.84,,3855,22,3430,22,,,,,
2026/09/03 17:46,2026-09-03T18:00:59+09:00,2026/09/04,2026/09/10,2026-09,CALL,67875,67,,,24.13,23.25,72,3,61,13,,,,,
2026/09/03 17:46,2026-09-03T18:00:59+09:00,2026/09/04,2026/09/10,2026-09,PUT,67875,3720,,,34.85,,3770,8,3470,8,,,,,
2026/09/03 17:46,2026-09-03T18:00:59+09:00,2026/09/04,2026/09/10,2026-09,CALL,67750,73,,,23.79,23.41,76,1,71,1,,,,,
2026/09/03 17:46,2026-09-03T18:00:59+09:00,2026/09/04,2026/09/10,2026-09,PUT,67750,3610,,,34.27,,3650,8,3360,8,,,,,
2026/09/03 17:46,2026-09-03T18:00:59+09:00,2026/09/04,2026/09/10,2026-09,CALL,67625,81,,,24.1,23.27,90,16,78,3,,,,,
2026/09/03 17:46,2026-09-03T18:00:59+09:00,2026/09/04,2026/09/10,2026-09,PUT,67625,3490,,,33.67,,3530,8,3240,8,,,,,
2026/09/03 17:46,2026-09-03T18:00:59+09:00,2026/09/04,2026/09/10,2026-09,CALL,67500,85,,,23.68,23.42,94,1,90,1,,,,,
2026/09/03 17:46,2026-09-03T18:00:59+09:00,2026/09/04,2026/09/10,2026-09,PUT,67500,3380,,,33.47,16.33,3420,3,3140,3,,,,,
2026/09/03 17:46,2026-09-03T18:00:59+09:00,2026/09/04,2026/09/10,2026-09,CALL,67375,102,,,24.03,23.25,111,3,98,14,,,,,
2026/09/03 17:46,2026-09-03T18:00:59+09:00,2026/09/04,2026/09/10,2026-09,PUT,67375,3265,,,34.02,15.8,3330,8,3015,8,,,,,
2026/09/03 17:46,2026-09-03T18:00:59+09:00,2026/09/04,2026/09/10,2026-09,CALL,67250,105,,,23.71,23.37,118,1,112,1,,,,,
2026/09/03 17:46,2026-09-03T18:00:59+09:00,2026/09/04,2026/09/10,2026-09,PUT,67250,3145,,,32.77,16.02,3195,8,2895,8,,,,,
2026/09/03 17:46,2026-09-03T18:00:59+09:00,2026/09/04,2026/09/10,2026-09,CALL,67125,124,,,24.05,23.31,138,3,124,2,,,,,
2026/09/03 17:46,2026-09-03T18:00:59+09:00,2026/09/04,2026/09/10,2026-09,PUT,67125,3035,,,34.32,17.19,3135,7,2785,8,,,,,
2026/09/03 17:46,2026-09-03T18:00:59+09:00,2026/09/04,2026/09/10,2026-09,CALL,67000,135,,31,23.74,23.45,147,1,141,1,23.53,13,9.63,148,09/03 17:39
2026/09/03 17:46,2026-09-03T18:00:59+09:00,2026/09/04,2026/09/10,2026-09,PUT,67000,2935,,,29.31,,2900,4,2425,7,,,,,
2026/09/03 17:46,2026-09-03T18:00:59+09:00,2026/09/04,2026/09/10,2026-09,CALL,66875,156,,,24.06,23.22,170,3,152,3,,,,,
2026/09/03 17:46,2026-09-03T18:00:59+09:00,2026/09/04,2026/09/10,2026-09,PUT,66875,2815,,,32.34,18.36,2880,8,2565,8,,,,,
2026/09/03 17:46,2026-09-03T18:00:59+09:00,2026/09/04,2026/09/10,2026-09,CALL,66750,171,,,23.71,23.44,180,1,174,1,,,,,
2026/09/03 17:46,2026-09-03T18:00:59+09:00,2026/09/04,2026/09/10,2026-09,PUT,66750,2710,,,32.29,18.94,2780,8,2460,8,,,,,
2026/09/03 17:46,2026-09-03T18:00:59+09:00,2026/09/04,2026/09/10,2026-09,CALL,66625,189,,,24.2,23.32,211,5,190,2,,,,,
2026/09/03 17:46,2026-09-03T18:00:59+09:00,2026/09/04,2026/09/10,2026-09,PUT,66625,2610,,,32.02,19.6,2675,8,2360,8,,,,,
2026/09/03 17:46,2026-09-03T18:00:59+09:00,2026/09/04,2026/09/10,2026-09,CALL,66500,209,,3,23.83,23.51,223,1,215,1,23.34,28,13.53,235,09/03 17:36
2026/09/03 17:46,2026-09-03T18:00:59+09:00,2026/09/04,2026/09/10,2026-09,PUT,66500,2480,,,31.06,19.09,2550,3,2240,3,,,,,
2026/09/03 17:46,2026-09-03T18:00:59+09:00,2026/09/04,2026/09/10,2026-09,CALL,66375,218,,,24.15,23.46,254,2,236,2,,,,,
2026/09/03 17:46,2026-09-03T18:00:59+09:00,2026/09/04,2026/09/10,2026-09,PUT,66375,2400,,,31.07,19.95,2455,8,2150,8,,,,,
2026/09/03 17:46,2026-09-03T18:00:59+09:00,2026/09/04,2026/09/10,2026-09,CALL,66250,259,,1,23.86,23.54,271,1,262,1,23.09,90,45,290,09/03 17:30
2026/09/03 17:46,2026-09-03T18:00:59+09:00,2026/09/04,2026/09/10,2026-09,PUT,66250,2295,,,30.7,19.35,2350,8,2030,8,,,,,
2026/09/03 17:46,2026-09-03T18:00:59+09:00,2026/09/04,2026/09/10,2026-09,CALL,66125,282,,2,24.47,23.43,315,10,285,9,23.06,20,6.67,320,09/03 17:27
2026/09/03 17:46,2026-09-03T18:00:59+09:00,2026/09/04,2026/09/10,2026-09,PUT,66125,2195,,,30.3,20.13,2245,8,1945,8,,,,,
2026/09/03 17:46,2026-09-03T18:00:59+09:00,2026/09/04,2026/09/10,2026-09,CALL,66000,297,,7,24.01,23.68,330,5,320,5,23.89,33,11.11,330,09/03 17:42
2026/09/03 17:46,2026-09-03T18:00:59+09:00,2026/09/04,2026/09/10,2026-09,PUT,66000,2110,,,29.1,11.85,2115,22,1665,4,,,,,
2026/09/03 17:46,2026-09-03T18:00:59+09:00,2026/09/04,2026/09/10,2026-09,CALL,65875,345,,,24.31,23.67,370,12,350,2,,,,,
2026/09/03 17:46,2026-09-03T18:00:59+09:00,2026/09/04,2026/09/10,2026-09,PUT,65875,2000,,,29.7,20.32,2045,8,1750,8,,,,,
2026/09/03 17:46,2026-09-03T18:00:59+09:00,2026/09/04,2026/09/10,2026-09,CALL,65750,375,,,24.06,23.75,395,1,385,5,,,,,
2026/09/03 17:46,2026-09-03T18:00:59+09:00,2026/09/04,2026/09/10,2026-09,PUT,65750,1910,,,29.77,22.17,1960,8,1710,8,,,,,
2026/09/03 17:46,2026-09-03T18:00:59+09:00,2026/09/04,2026/09/10,2026-09,CALL,65625,410,,,24.52,23.76,445,11,420,2,,,,,
2026/09/03 17:46,2026-09-03T18:00:59+09:00,2026/09/04,2026/09/10,2026-09,PUT,65625,1820,,,29.93,22.24,1880,8,1620,8,,,,,
2026/09/03 17:46,2026-09-03T18:00:59+09:00,2026/09/04,2026/09/10,2026-09,CALL,65500,440,,12,24.15,23.85,470,1,460,5,24.26,45,10.23,485,09/03 17:41
2026/09/03 17:46,2026-09-03T18:00:59+09:00,2026/09/04,2026/09/10,2026-09,PUT,65500,1740,,2,26.04,18.84,1660,13,1420,3,23.91,-295,-16.62,1480,09/03 17:29
2026/09/03 17:46,2026-09-03T18:00:59+09:00,2026/09/04,2026/09/10,2026-09,CALL,65375,490,,1,24.73,23.87,530,11,500,2,24.16,50,10.87,510,09/03 17:43
2026/09/03 17:46,2026-09-03T18:00:59+09:00,2026/09/04,2026/09/10,2026-09,PUT,65375,1645,,,26.86,15.24,1605,3,1215,3,,,,,
2026/09/03 17:46,2026-09-03T18:00:59+09:00,2026/09/04,2026/09/10,2026-09,CALL,65250,535,,,24.38,23.96,560,1,545,5,,,,,
2026/09/03 17:46,2026-09-03T18:00:59+09:00,2026/09/04,2026/09/10,2026-09,PUT,65250,1565,,,25.78,17.77,1485,7,1205,8,,,,,
2026/09/03 17:46,2026-09-03T18:00:59+09:00,2026/09/04,2026/09/10,2026-09,CALL,65125,580,,,25.08,24.12,630,10,595,2,,,,,
2026/09/03 17:46,2026-09-03T18:00:59+09:00,2026/09/04,2026/09/10,2026-09,PUT,65125,1495,,,26.18,18.23,1420,8,1135,8,,,,,
2026/09/03 17:46,2026-09-03T18:00:59+09:00,2026/09/04,2026/09/10,2026-09,CALL,65000,595,,10,24.6,24.2,660,5,645,5,24.47,60,10.08,655,09/03 17:43
2026/09/03 17:46,2026-09-03T18:00:59+09:00,2026/09/04,2026/09/10,2026-09,PUT,65000,1425,,1,24.87,23.38,1295,3,1240,22,24.39,110,9.4,1280,09/03 17:44
2026/09/03 17:46,2026-09-03T18:00:59+09:00,2026/09/04,2026/09/10,2026-09,CALL,64875,680,,,25.01,24.21,725,10,695,2,,,,,
2026/09/03 17:46,2026-09-03T18:00:59+09:00,2026/09/04,2026/09/10,2026-09,PUT,64875,1350,,,27.82,23,1330,8,1150,8,,,,,
2026/09/03 17:46,2026-09-03T18:00:59+09:00,2026/09/04,2026/09/10,2026-09,CALL,64750,735,,,24.68,24.41,765,1,755,2,,,,,
2026/09/03 17:46,2026-09-03T18:00:59+09:00,2026/09/04,2026/09/10,2026-09,PUT,64750,1260,,,25.21,22.55,1160,6,1060,11,,,,,
2026/09/03 17:46,2026-09-03T18:00:59+09:00,2026/09/04,2026/09/10,2026-09,CALL,64625,795,,,25.6,24.41,855,9,810,2,,,,,
2026/09/03 17:46,2026-09-03T18:00:59+09:00,2026/09/04,2026/09/10,2026-09,PUT,64625,1200,,,25.21,22.83,1090,5,1000,7,,,,,
2026/09/03 17:46,2026-09-03T18:00:59+09:00,2026/09/04,2026/09/10,2026-09,CALL,64500,835,,,25,24.61,890,3,875,2,,,,,
2026/09/03 17:46,2026-09-03T18:00:59+09:00,2026/09/04,2026/09/10,2026-09,PUT,64500,1140,,3,25.92,23.69,1050,14,965,14,24.61,-5,-0.54,925,09/03 17:32
2026/09/03 17:46,2026-09-03T18:00:59+09:00,2026/09/04,2026/09/10,2026-09,CALL,64375,905,,,25.79,24.6,980,9,935,2,,,,,
2026/09/03 17:46,2026-09-03T18:00:59+09:00,2026/09/04,2026/09/10,2026-09,PUT,64375,1050,,,25.26,23.15,960,6,880,11,,,,,
2026/09/03 17:46,2026-09-03T18:00:59+09:00,2026/09/04,2026/09/10,2026-09,CALL,64250,980,,,25.71,24.79,1040,10,1005,2,,,,,
2026/09/03 17:46,2026-09-03T18:00:59+09:00,2026/09/04,2026/09/10,2026-09,PUT,64250,1005,,3,25.45,24.79,905,1,880,1,24.77,-225,-22.06,795,09/03 17:30
2026/09/03 17:46,2026-09-03T18:00:59+09:00,2026/09/04,2026/09/10,2026-09,CALL,64125,1045,,,26.23,24.91,1125,9,1075,2,,,,,
2026/09/03 17:46,2026-09-03T18:00:59+09:00,2026/09/04,2026/09/10,2026-09,PUT,64125,940,,,25.57,23.85,850,7,785,11,,,,,
2026/09/03 17:46,2026-09-03T18:00:59+09:00,2026/09/04,2026/09/10,2026-09,CALL,64000,1115,,2,26.96,25.09,1220,26,1150,4,25.43,185,18.23,1200,09/03 17:23
2026/09/03 17:46,2026-09-03T18:00:59+09:00,2026/09/04,2026/09/10,2026-09,PUT,64000,870,,6,25.62,25.22,795,1,780,3,25,-130,-14.94,740,09/03 17:18
2026/09/03 17:46,2026-09-03T18:00:59+09:00,2026/09/04,2026/09/10,2026-09,CALL,63875,1200,,,27.36,24.94,1305,10,1215,5,,,,,
2026/09/03 17:46,2026-09-03T18:00:59+09:00,2026/09/04,2026/09/10,2026-09,PUT,63875,840,,,25.88,25.07,750,2,720,9,,,,,
2026/09/03 17:46,2026-09-03T18:00:59+09:00,2026/09/04,2026/09/10,2026-09,CALL,63750,1295,,,27.98,24.84,1400,11,1285,7,,,,,
2026/09/03 17:46,2026-09-03T18:00:59+09:00,2026/09/04,2026/09/10,2026-09,PUT,63750,760,,1,25.94,25.53,700,9,685,3,25.6,-110,-14.67,640,09/03 17:37
2026/09/03 17:46,2026-09-03T18:00:59+09:00,2026/09/04,2026/09/10,2026-09,CALL,63625,1370,,,28.14,24.96,1480,10,1365,6,,,,,
2026/09/03 17:46,2026-09-03T18:00:59+09:00,2026/09/04,2026/09/10,2026-09,PUT,63625,725,,,26.21,25.23,660,10,625,10,,,,,
2026/09/03 17:46,2026-09-03T18:00:59+09:00,2026/09/04,2026/09/10,2026-09,CALL,63500,1440,,3,27.68,25.42,1540,16,1460,10,25.84,130,8.97,1580,09/03 17:29
2026/09/03 17:46,2026-09-03T18:00:59+09:00,2026/09/04,2026/09/10,2026-09,PUT,63500,665,,3,26.27,25.85,615,3,600,3,25.69,-200,-26.85,545,09/03 17:31
2026/09/03 17:46,2026-09-03T18:00:59+09:00,2026/09/04,2026/09/10,2026-09,CALL,63375,1525,,,30.68,22.78,1725,6,1450,5,,,,,
2026/09/03 17:46,2026-09-03T18:00:59+09:00,2026/09/04,2026/09/10,2026-09,PUT,63375,645,,,26.56,25.7,580,2,550,2,,,,,
2026/09/03 17:46,2026-09-03T18:00:59+09:00,2026/09/04,2026/09/10,2026-09,CALL,63250,1610,,,28.25,25.17,1720,11,1615,7,,,,,
2026/09/03 17:46,2026-09-03T18:00:59+09:00,2026/09/04,2026/09/10,2026-09,PUT,63250,595,,1,26.65,26.2,540,1,525,3,26.1,-425,-45.21,515,09/03 17:13
2026/09/03 17:46,2026-09-03T18:00:59+09:00,2026/09/04,2026/09/10,2026-09,CALL,63125,1705,,,31.1,18.92,1900,1,1505,6,,,,,
2026/09/03 17:46,2026-09-03T18:00:59+09:00,2026/09/04,2026/09/10,2026-09,PUT,63125,550,,,26.82,25.91,505,1,475,11,,,,,
2026/09/03 17:46,2026-09-03T18:00:59+09:00,2026/09/04,2026/09/10,2026-09,CALL,63000,1730,,,28.3,25.22,1890,18,1790,22,,,,,
2026/09/03 17:46,2026-09-03T18:00:59+09:00,2026/09/04,2026/09/10,2026-09,PUT,63000,515,,10,26.93,26.62,470,1,460,5,26.65,-25,-5.56,425,09/03 17:35
2026/09/03 17:46,2026-09-03T18:00:59+09:00,2026/09/04,2026/09/10,2026-09,CALL,62875,1890,,,31.76,18.78,2090,8,1695,3,,,,,
2026/09/03 17:46,2026-09-03T18:00:59+09:00,2026/09/04,2026/09/10,2026-09,PUT,62875,500,,,27.29,26.34,445,11,415,2,,,,,
2026/09/03 17:46,2026-09-03T18:00:59+09:00,2026/09/04,2026/09/10,2026-09,CALL,62750,1970,,,31.56,17.91,2170,8,1775,8,,,,,
2026/09/03 17:46,2026-09-03T18:00:59+09:00,2026/09/04,2026/09/10,2026-09,PUT,62750,465,,,27.29,26.96,410,1,400,5,,,,,
2026/09/03 17:46,2026-09-03T18:00:59+09:00,2026/09/04,2026/09/10,2026-09,CALL,62625,2060,,,33.03,20.88,2305,3,1950,8,,,,,
2026/09/03 17:46,2026-09-03T18:00:59+09:00,2026/09/04,2026/09/10,2026-09,PUT,62625,430,,,27.71,27.04,390,12,370,11,,,,,
2026/09/03 17:46,2026-09-03T18:00:59+09:00,2026/09/04,2026/09/10,2026-09,CALL,62500,2170,,,33.7,22.02,2415,3,2080,3,,,,,
2026/09/03 17:46,2026-09-03T18:00:59+09:00,2026/09/04,2026/09/10,2026-09,PUT,62500,395,,13,27.75,27.41,360,1,350,5,27.06,-80,-20.25,315,09/03 17:34
2026/09/03 17:46,2026-09-03T18:00:59+09:00,2026/09/04,2026/09/10,2026-09,CALL,62375,2275,,,34.18,21.47,2520,3,2170,8,,,,,
2026/09/03 17:46,2026-09-03T18:00:59+09:00,2026/09/04,2026/09/10,2026-09,PUT,62375,375,,,28.09,27.55,340,12,325,2,,,,,
2026/09/03 17:46,2026-09-03T18:00:59+09:00,2026/09/04,2026/09/10,2026-09,CALL,62250,2365,,,34.3,20.98,2615,8,2265,8,,,,,
2026/09/03 17:46,2026-09-03T18:00:59+09:00,2026/09/04,2026/09/10,2026-09,PUT,62250,355,,,28.19,27.82,315,1,305,5,,,,,
2026/09/03 17:46,2026-09-03T18:00:59+09:00,2026/09/04,2026/09/10,2026-09,CALL,62125,2470,,,34.71,20.83,2720,8,2370,8,,,,,
2026/09/03 17:46,2026-09-03T18:00:59+09:00,2026/09/04,2026/09/10,2026-09,PUT,62125,330,,,28.62,28.01,300,2,284,2,,,,,
2026/09/03 17:46,2026-09-03T18:00:59+09:00,2026/09/04,2026/09/10,2026-09,CALL,62000,2565,,,30.18,21.65,2690,22,2495,22,,,,,
2026/09/03 17:46,2026-09-03T18:00:59+09:00,2026/09/04,2026/09/10,2026-09,PUT,62000,310,,46,28.7,28.38,277,1,269,1,28.43,-39,-12.58,271,09/03 17:44
2026/09/03 17:46,2026-09-03T18:00:59+09:00,2026/09/04,2026/09/10,2026-09,CALL,61875,2680,,,35.43,20.11,2930,8,2580,8,,,,,
2026/09/03 17:46,2026-09-03T18:00:59+09:00,2026/09/04,2026/09/10,2026-09,PUT,61875,288,,1,29.05,28.55,262,12,250,3,28.16,-35,-13.41,226,09/03 17:22
2026/09/03 17:46,2026-09-03T18:00:59+09:00,2026/09/04,2026/09/10,2026-09,CALL,61750,2785,,,35.74,19.82,3035,8,2690,7,,,,,
2026/09/03 17:46,2026-09-03T18:00:59+09:00,2026/09/04,2026/09/10,2026-09,PUT,61750,272,,,29.15,28.85,242,1,235,1,,,,,
2026/09/03 17:46,2026-09-03T18:00:59+09:00,2026/09/04,2026/09/10,2026-09,CALL,61625,2885,,,35.82,18.91,3135,8,2795,8,,,,,
2026/09/03 17:46,2026-09-03T18:00:59+09:00,2026/09/04,2026/09/10,2026-09,PUT,61625,253,,,29.45,28.96,228,12,217,2,,,,,
2026/09/03 17:46,2026-09-03T18:00:59+09:00,2026/09/04,2026/09/10,2026-09,CALL,61500,2995,,,35.86,17.44,3235,3,2900,11,,,,,
2026/09/03 17:46,2026-09-03T18:00:59+09:00,2026/09/04,2026/09/10,2026-09,PUT,61500,244,,4,29.67,29.35,213,1,206,3,29.01,-58,-23.77,186,09/03 17:25
2026/09/03 17:46,2026-09-03T18:00:59+09:00,2026/09/04,2026/09/10,2026-09,CALL,61375,3105,,,36.64,15.54,3355,8,3010,8,,,,,
2026/09/03 17:46,2026-09-03T18:00:59+09:00,2026/09/04,2026/09/10,2026-09,PUT,61375,224,,,29.94,28.66,200,1,174,3,,,,,
2026/09/03 17:46,2026-09-03T18:00:59+09:00,2026/09/04,2026/09/10,2026-09,CALL,61250,3205,,,36.6,,3455,8,3105,8,,,,,
2026/09/03 17:46,2026-09-03T18:00:59+09:00,2026/09/04,2026/09/10,2026-09,PUT,61250,214,,,30.12,29.87,186,1,181,1,,,,,
2026/09/03 17:46,2026-09-03T18:00:59+09:00,2026/09/04,2026/09/10,2026-09,CALL,61125,3325,,,37.35,,3575,8,3225,8,,,,,
2026/09/03 17:46,2026-09-03T18:00:59+09:00,2026/09/04,2026/09/10,2026-09,PUT,61125,198,,,30.62,29.23,179,14,153,3,,,,,
2026/09/03 17:46,2026-09-03T18:00:59+09:00,2026/09/04,2026/09/10,2026-09,CALL,61000,3440,,,32.81,,3580,22,3360,22,,,,,
2026/09/03 17:46,2026-09-03T18:00:59+09:00,2026/09/04,2026/09/10,2026-09,PUT,61000,178,,15,30.67,30.39,164,1,159,1,30.42,-34,-19.1,144,09/03 17:31
2026/09/03 17:46,2026-09-03T18:00:59+09:00,2026/09/04,2026/09/10,2026-09,CALL,60875,3550,,,38.15,,3800,8,3450,8,,,,,
2026/09/03 17:46,2026-09-03T18:00:59+09:00,2026/09/04,2026/09/10,2026-09,PUT,60875,175,,,31.11,30.48,157,14,146,3,,,,,
2026/09/03 17:46,2026-09-03T18:00:59+09:00,2026/09/04,2026/09/10,2026-09,CALL,60750,3655,,,38.17,,3905,8,3560,7,,,,,
2026/09/03 17:46,2026-09-03T18:00:59+09:00,2026/09/04,2026/09/10,2026-09,PUT,60750,163,,,31.23,30.99,145,1,141,1,,,,,
2026/09/03 17:46,2026-09-03T18:00:59+09:00,2026/09/04,2026/09/10,2026-09,CALL,60625,3780,,,39.08,,4030,8,3680,8,,,,,
2026/09/03 17:46,2026-09-03T18:00:59+09:00,2026/09/04,2026/09/10,2026-09,PUT,60625,154,,,31.68,31.18,139,3,131,6,,,,,
2026/09/03 17:46,2026-09-03T18:00:59+09:00,2026/09/04,2026/09/10,2026-09,CALL,60500,3885,,,38.55,,4125,3,3800,3,,,,,
2026/09/03 17:46,2026-09-03T18:00:59+09:00,2026/09/04,2026/09/10,2026-09,PUT,60500,140,,5,31.84,31.52,129,1,124,1,31.57,-25,-17.86,115,09/03 17:34
2026/09/03 17:46,2026-09-03T18:00:59+09:00,2026/09/04,2026/09/10,2026-09,CALL,60375,4005,,,39.68,,4255,8,3905,8,,,,,
2026/09/03 17:46,2026-09-03T18:00:59+09:00,2026/09/04,2026/09/10,2026-09,PUT,60375,137,,,32.17,31.76,122,3,116,2,,,,,
2026/09/03 17:46,2026-09-03T18:00:59+09:00,2026/09/04,2026/09/10,2026-09,CALL,60250,4130,,,40.57,,4380,8,4030,8,,,,,
2026/09/03 17:46,2026-09-03T18:00:59+09:00,2026/09/04,2026/09/10,2026-09,PUT,60250,129,,3,32.46,32.11,115,1,110,1,32.39,-6,-5.66,100,09/03 17:30
2026/09/03 17:46,2026-09-03T18:00:59+09:00,2026/09/04,2026/09/10,2026-09,CALL,60125,4240,,,40.68,,4490,8,4150,8,,,,,
2026/09/03 17:46,2026-09-03T18:00:59+09:00,2026/09/04,2026/09/10,2026-09,PUT,60125,123,,,32.87,32.43,110,3,104,3,,,,,
2026/09/03 17:46,2026-09-03T18:00:59+09:00,2026/09/04,2026/09/10,2026-09,CALL,60000,4360,,,35.73,,4515,22,4280,22,,,,,
2026/09/03 17:46,2026-09-03T18:00:59+09:00,2026/09/04,2026/09/10,2026-09,PUT,60000,127,,53,33.03,32.8,102,2,99,1,33.04,-26,-20.47,101,09/03 17:42
2026/09/03 17:46,2026-09-03T18:00:59+09:00,2026/09/04,2026/09/10,2026-09,CALL,59875,4475,,,41.62,,4725,8,4385,8,,,,,
2026/09/03 17:46,2026-09-03T18:00:59+09:00,2026/09/04,2026/09/10,2026-09,PUT,59875,110,,,33.55,32.99,99,3,92,7,,,,,
2026/09/03 17:46,2026-09-03T18:00:59+09:00,2026/09/04,2026/09/10,2026-09,CALL,59750,4600,,,42.48,,4850,8,4510,8,,,,,
2026/09/03 17:46,2026-09-03T18:00:59+09:00,2026/09/04,2026/09/10,2026-09,PUT,59750,103,,1,33.81,33.39,93,1,88,1,33.36,3,3.53,88,09/03 17:44
2026/09/03 17:46,2026-09-03T18:00:59+09:00,2026/09/04,2026/09/10,2026-09,CALL,59625,4710,,,42.48,,4960,8,4620,8,,,,,
2026/09/03 17:46,2026-09-03T18:00:59+09:00,2026/09/04,2026/09/10,2026-09,PUT,59625,100,,,35.61,33.68,106,1,83,2,,,,,
2026/09/03 17:46,2026-09-03T18:00:59+09:00,2026/09/04,2026/09/10,2026-09,CALL,59500,4830,,,42.44,,5070,3,4745,11,,,,,
2026/09/03 17:46,2026-09-03T18:00:59+09:00,2026/09/04,2026/09/10,2026-09,PUT,59500,96,,8,34.41,34.13,83,1,80,1,34.13,-21,-21.88,75,09/03 17:38
2026/09/03 17:46,2026-09-03T18:00:59+09:00,2026/09/04,2026/09/10,2026-09,CALL,59375,4955,,,43.87,,5205,8,4865,8,,,,,
2026/09/03 17:46,2026-09-03T18:00:59+09:00,2026/09/04,2026/09/10,2026-09,PUT,59375,89,,,34.76,34.38,79,4,75,6,,,,,
2026/09/03 17:46,2026-09-03T18:00:59+09:00,2026/09/04,2026/09/10,2026-09,CALL,59250,5070,,,44.1,,5320,8,4985,8,,,,,
2026/09/03 17:46,2026-09-03T18:00:59+09:00,2026/09/04,2026/09/10,2026-09,PUT,59250,84,,,35.09,34.79,75,1,72,1,,,,,
2026/09/03 17:46,2026-09-03T18:00:59+09:00,2026/09/04,2026/09/10,2026-09,CALL,59125,5195,,,44.93,,5445,8,5105,8,,,,,
2026/09/03 17:46,2026-09-03T18:00:59+09:00,2026/09/04,2026/09/10,2026-09,PUT,59125,81,,,35.5,34.98,72,12,67,11,,,,,
2026/09/03 17:46,2026-09-03T18:00:59+09:00,2026/09/04,2026/09/10,2026-09,CALL,59000,5315,,,38.41,,5470,18,5260,22,,,,,
2026/09/03 17:46,2026-09-03T18:00:59+09:00,2026/09/04,2026/09/10,2026-09,PUT,59000,78,,23,35.68,35.36,67,2,64,1,35.36,-19,-24.36,59,09/03 17:34
2026/09/03 17:46,2026-09-03T18:00:59+09:00,2026/09/04,2026/09/10,2026-09,CALL,58875,5435,,,45.94,,5685,6,5350,5,,,,,
2026/09/03 17:46,2026-09-03T18:00:59+09:00,2026/09/04,2026/09/10,2026-09,PUT,58875,74,,,36.81,35.71,71,2,61,2,,,,,
2026/09/03 17:46,2026-09-03T18:00:59+09:00,2026/09/04,2026/09/10,2026-09,CALL,58750,5555,,,46.42,,5805,7,5470,6,,,,,
2026/09/03 17:46,2026-09-03T18:00:59+09:00,2026/09/04,2026/09/10,2026-09,PUT,58750,70,,,36.97,36.05,66,1,58,1,,,,,
2026/09/03 17:46,2026-09-03T18:00:59+09:00,2026/09/04,2026/09/10,2026-09,CALL,58625,5680,,,47.23,,5930,6,5595,5,,,,,
2026/09/03 17:46,2026-09-03T18:00:59+09:00,2026/09/04,2026/09/10,2026-09,PUT,58625,67,,,36.97,36.49,60,4,56,4,,,,,
2026/09/03 17:46,2026-09-03T18:00:59+09:00,2026/09/04,2026/09/10,2026-09,CALL,58500,5795,,,47.35,,6045,12,5710,8,,,,,
2026/09/03 17:46,2026-09-03T18:00:59+09:00,2026/09/04,2026/09/10,2026-09,PUT,58500,65,,,37.29,36.79,57,1,53,1,,,,,
2026/09/03 17:46,2026-09-03T18:00:59+09:00,2026/09/04,2026/09/10,2026-09,CALL,58375,5920,,,48.16,,6170,6,5835,5,,,,,
2026/09/03 17:46,2026-09-03T18:00:59+09:00,2026/09/04,2026/09/10,2026-09,PUT,58375,61,,,38.1,37.06,58,2,50,2,,,,,
2026/09/03 17:46,2026-09-03T18:00:59+09:00,2026/09/04,2026/09/10,2026-09,CALL,58250,6045,,,48.96,,6295,7,5960,5,,,,,
2026/09/03 17:46,2026-09-03T18:00:59+09:00,2026/09/04,2026/09/10,2026-09,PUT,58250,57,,1,38.01,37.46,52,1,48,1,37.76,-12,-20,48,09/03 17:40
2026/09/03 17:46,2026-09-03T18:00:59+09:00,2026/09/04,2026/09/10,2026-09,CALL,58000,6285,,,49.82,32.29,6535,15,6390,3,,,,,
2026/09/03 17:46,2026-09-03T18:00:59+09:00,2026/09/04,2026/09/10,2026-09,PUT,58000,55,,4,38.64,38.2,47,1,44,4,38.42,-14,-25.45,41,09/03 17:33
2026/09/03 17:46,2026-09-03T18:00:59+09:00,2026/09/04,2026/09/10,2026-09,CALL,57750,6535,,,51.41,,6785,7,6560,6,,,,,
2026/09/03 17:46,2026-09-03T18:00:59+09:00,2026/09/04,2026/09/10,2026-09,PUT,57750,48,,,39.35,38.87,43,1,40,21,,,,,
2026/09/03 17:46,2026-09-03T18:00:59+09:00,2026/09/04,2026/09/10,2026-09,CALL,57500,6780,,,52.6,,7030,12,6680,10,,,,,
2026/09/03 17:46,2026-09-03T18:00:59+09:00,2026/09/04,2026/09/10,2026-09,PUT,57500,45,,2,40.17,39.65,40,8,37,9,39.68,-3,-6.67,42,09/03 17:02
2026/09/03 17:46,2026-09-03T18:00:59+09:00,2026/09/04,2026/09/10,2026-09,CALL,57250,7025,,,,,,,10,5,,,,,
2026/09/03 17:46,2026-09-03T18:00:59+09:00,2026/09/04,2026/09/10,2026-09,PUT,57250,43,,,42.31,39.16,45,27,28,24,,,,,
2026/09/03 17:46,2026-09-03T18:00:59+09:00,2026/09/04,2026/09/10,2026-09,CALL,57000,7270,,,,,,,,,,,,,
2026/09/03 17:46,2026-09-03T18:00:59+09:00,2026/09/04,2026/09/10,2026-09,PUT,57000,38,,9,42.04,40.41,36,12,28,15,41.62,-5,-13.89,31,09/03 17:36
2026/09/03 17:46,2026-09-03T18:00:59+09:00,2026/09/04,2026/09/10,2026-09,CALL,56750,7515,,,,,,,,,,,,,
2026/09/03 17:46,2026-09-03T18:00:59+09:00,2026/09/04,2026/09/10,2026-09,PUT,56750,36,,,44.95,38.42,45,31,16,32,,,,,
2026/09/03 17:46,2026-09-03T18:00:59+09:00,2026/09/04,2026/09/10,2026-09,CALL,56500,7765,,,,,,,,,,,,,
2026/09/03 17:46,2026-09-03T18:00:59+09:00,2026/09/04,2026/09/10,2026-09,PUT,56500,33,,2,43.36,41.93,30,8,24,36,42.98,-1,-3.7,26,09/03 17:36
2026/09/03 17:46,2026-09-03T18:00:59+09:00,2026/09/04,2026/09/10,2026-09,CALL,56250,8015,,,,,,,,,,,,,
2026/09/03 17:46,2026-09-03T18:00:59+09:00,2026/09/04,2026/09/10,2026-09,PUT,56250,33,,1,43.91,41.11,27,1,17,28,43.83,,,26,09/03 17:39
2026/09/03 17:46,2026-09-03T18:00:59+09:00,2026/09/04,2026/09/10,2026-09,CALL,56000,8260,,,,,,,,,,,,,
2026/09/03 17:46,2026-09-03T18:00:59+09:00,2026/09/04,2026/09/10,2026-09,PUT,56000,30,,11,44.9,43.83,26,12,22,54,44.82,-2,-7.41,25,09/03 17:39
2026/09/03 17:46,2026-09-03T18:00:59+09:00,2026/09/04,2026/09/10,2026-09,CALL,55750,8510,,,,,,,,,,,,,
2026/09/03 17:46,2026-09-03T18:00:59+09:00,2026/09/04,2026/09/10,2026-09,PUT,55750,30,,,46.9,42.76,29,3,15,3,,,,,
2026/09/03 17:46,2026-09-03T18:00:59+09:00,2026/09/04,2026/09/10,2026-09,CALL,55500,8760,,,,,,,,,,,,,
2026/09/03 17:46,2026-09-03T18:00:59+09:00,2026/09/04,2026/09/10,2026-09,PUT,55500,26,,,46.56,45.34,23,8,19,8,,,,,
2026/09/03 17:46,2026-09-03T18:00:59+09:00,2026/09/04,2026/09/10,2026-09,CALL,55250,9005,,,,,,,,,,,,,
2026/09/03 17:46,2026-09-03T18:00:59+09:00,2026/09/04,2026/09/10,2026-09,PUT,55250,26,,,48.64,45.48,26,28,16,25,,,,,
2026/09/03 17:46,2026-09-03T18:00:59+09:00,2026/09/04,2026/09/10,2026-09,CALL,55000,9255,,,,,,,,,,,,,
2026/09/03 17:46,2026-09-03T18:00:59+09:00,2026/09/04,2026/09/10,2026-09,PUT,55000,22,,4,48.08,46.67,20,12,16,57,46.93,-6,-27.27,16,09/03 17:40
2026/09/03 17:46,2026-09-03T18:00:59+09:00,2026/09/04,2026/09/10,2026-09,CALL,54750,9505,,,,,,,,,,,,,
2026/09/03 17:46,2026-09-03T18:00:59+09:00,2026/09/04,2026/09/10,2026-09,PUT,54750,23,,,49.95,45.13,22,25,10,3,,,,,
2026/09/03 17:46,2026-09-03T18:00:59+09:00,2026/09/04,2026/09/10,2026-09,CALL,54500,9755,,,,,,,,,,,,,
2026/09/03 17:46,2026-09-03T18:00:59+09:00,2026/09/04,2026/09/10,2026-09,PUT,54500,21,,,49.81,48.21,18,8,14,28,,,,,
2026/09/03 17:46,2026-09-03T18:00:59+09:00,2026/09/04,2026/09/10,2026-09,CALL,54250,10000,,,,,,,,,,,,,
2026/09/03 17:46,2026-09-03T18:00:59+09:00,2026/09/04,2026/09/10,2026-09,PUT,54250,20,,,52.08,47.94,21,28,11,28,,,,,
2026/09/03 17:46,2026-09-03T18:00:59+09:00,2026/09/04,2026/09/10,2026-09,CALL,54000,10250,,,,,,,,,,,,,
2026/09/03 17:46,2026-09-03T18:00:59+09:00,2026/09/04,2026/09/10,2026-09,PUT,54000,19,,21,51.01,50.1,15,2,13,12,50.72,-6,-30,14,09/03 17:39
2026/09/03 17:46,2026-09-03T18:00:59+09:00,2026/09/04,2026/09/10,2026-09,CALL,53750,10500,,,,,,,,,,,,,
2026/09/03 17:46,2026-09-03T18:00:59+09:00,2026/09/04,2026/09/10,2026-09,PUT,53750,18,,,55.54,44.96,24,28,4,28,,,,,
2026/09/03 17:46,2026-09-03T18:00:59+09:00,2026/09/04,2026/09/10,2026-09,CALL,53500,10750,,,,,,,,,,,,,
2026/09/03 17:46,2026-09-03T18:00:59+09:00,2026/09/04,2026/09/10,2026-09,PUT,53500,17,,,53.39,51.4,15,36,11,8,,,,,
2026/09/03 17:46,2026-09-03T18:00:59+09:00,2026/09/04,2026/09/10,2026-09,CALL,53250,10995,,,,,,,,,,,,,
2026/09/03 17:46,2026-09-03T18:00:59+09:00,2026/09/04,2026/09/10,2026-09,PUT,53250,17,,,56.65,47.07,20,28,4,28,,,,,
2026/09/03 17:46,2026-09-03T18:00:59+09:00,2026/09/04,2026/09/10,2026-09,CALL,53000,11245,,,,,,,,,,,,,
2026/09/03 17:46,2026-09-03T18:00:59+09:00,2026/09/04,2026/09/10,2026-09,PUT,53000,15,,12,54.81,53.13,13,12,10,13,53.85,-3,-21.43,11,09/03 17:41
2026/09/03 17:46,2026-09-03T18:00:59+09:00,2026/09/04,2026/09/10,2026-09,CALL,52750,11495,,,,,,,,,,,,,
2026/09/03 17:46,2026-09-03T18:00:59+09:00,2026/09/04,2026/09/10,2026-09,PUT,52750,15,,,55.46,53.63,12,5,9,5,,,,,
2026/09/03 17:46,2026-09-03T18:00:59+09:00,2026/09/04,2026/09/10,2026-09,CALL,52500,11745,,,,,,,,,,,,,
2026/09/03 17:46,2026-09-03T18:00:59+09:00,2026/09/04,2026/09/10,2026-09,PUT,52500,14,,3,56.06,54.78,11,15,9,15,55.42,-6,-37.5,10,09/03 17:44
2026/09/03 17:46,2026-09-03T18:00:59+09:00,2026/09/04,2026/09/10,2026-09,CALL,52250,11995,,,,,,,,,,,,,
2026/09/03 17:46,2026-09-03T18:00:59+09:00,2026/09/04,2026/09/10,2026-09,PUT,52250,14,,,57.23,55.2,11,20,8,42,,,,,
2026/09/03 17:46,2026-09-03T18:00:59+09:00,2026/09/04,2026/09/10,2026-09,CALL,52000,12245,,,,,,,,,,,,,
2026/09/03 17:46,2026-09-03T18:00:59+09:00,2026/09/04,2026/09/10,2026-09,PUT,52000,12,,2,57.77,56.34,10,25,8,56,58.32,-2,-16.67,10,09/03 17:32
2026/09/03 17:46,2026-09-03T18:00:59+09:00,2026/09/04,2026/09/10,2026-09,CALL,51750,12490,,,,,,,,,,,,,
2026/09/03 17:46,2026-09-03T18:00:59+09:00,2026/09/04,2026/09/10,2026-09,PUT,51750,12,,2,58.94,56.66,10,37,7,20,57.81,-1,-11.11,8,09/03 17:22
2026/09/03 17:46,2026-09-03T18:00:59+09:00,2026/09/04,2026/09/10,2026-09,CALL,51500,12740,,,,,,,,,,,,,
2026/09/03 17:46,2026-09-03T18:00:59+09:00,2026/09/04,2026/09/10,2026-09,PUT,51500,12,,8,58.63,57.79,8,1,7,15,57.79,-7,-50,7,09/03 17:43
2026/09/03 17:46,2026-09-03T18:00:59+09:00,2026/09/04,2026/09/10,2026-09,CALL,51250,12990,,,,,,,,,,,,,
2026/09/03 17:46,2026-09-03T18:00:59+09:00,2026/09/04,2026/09/10,2026-09,PUT,51250,11,,4,60.57,57.98,9,37,6,20,59.23,-3,-30,7,09/03 17:24
2026/09/03 17:46,2026-09-03T18:00:59+09:00,2026/09/04,2026/09/10,2026-09,CALL,51000,13240,,,,,,,,,,,,,
2026/09/03 17:46,2026-09-03T18:00:59+09:00,2026/09/04,2026/09/10,2026-09,PUT,51000,10,,8,60.94,60.07,8,12,7,4,60.07,-1,-12.5,7,09/03 17:43
2026/09/03 17:46,2026-09-03T18:00:59+09:00,2026/09/04,2026/09/10,2026-09,CALL,50750,13490,,,,,,,,,,,,,
2026/09/03 17:46,2026-09-03T18:00:59+09:00,2026/09/04,2026/09/10,2026-09,PUT,50750,10,,,62.11,60.24,8,37,6,15,,,,,
2026/09/03 17:46,2026-09-03T18:00:59+09:00,2026/09/04,2026/09/10,2026-09,CALL,50500,13740,,,,,,,,,,,,,
2026/09/03 17:46,2026-09-03T18:00:59+09:00,2026/09/04,2026/09/10,2026-09,PUT,50500,10,,,63.27,60.25,8,23,5,23,,,,,
2026/09/03 17:46,2026-09-03T18:00:59+09:00,2026/09/04,2026/09/10,2026-09,CALL,50250,13990,,,,,,,,,,,,,
2026/09/03 17:46,2026-09-03T18:00:59+09:00,2026/09/04,2026/09/10,2026-09,PUT,50250,8,,,63.53,61.37,7,20,5,15,,,,,
2026/09/03 17:46,2026-09-03T18:00:59+09:00,2026/09/04,2026/09/10,2026-09,CALL,50000,14240,,,,,,,,,,,,,
2026/09/03 17:46,2026-09-03T18:00:59+09:00,2026/09/04,2026/09/10,2026-09,PUT,50000,8,,60,63.66,62.5,6,29,5,15,63.64,-2,-25,6,09/03 17:44
2026/09/03 17:46,2026-09-03T18:00:59+09:00,2026/09/04,2026/09/10,2026-09,CALL,49750,14490,,,,,,,,,,,,,
2026/09/03 17:46,2026-09-03T18:00:59+09:00,2026/09/04,2026/09/10,2026-09,PUT,49750,8,,,64.81,62.25,6,20,4,20,,,,,
2026/09/03 17:46,2026-09-03T18:00:59+09:00,2026/09/04,2026/09/10,2026-09,CALL,49500,14735,,,,,,,,,,,,,
2026/09/03 17:46,2026-09-03T18:00:59+09:00,2026/09/04,2026/09/10,2026-09,PUT,49500,8,,,65.96,63.36,6,23,4,23,,,,,
2026/09/03 17:46,2026-09-03T18:00:59+09:00,2026/09/04,2026/09/10,2026-09,CALL,49250,14985,,,,,,,,,,,,,
2026/09/03 17:46,2026-09-03T18:00:59+09:00,2026/09/04,2026/09/10,2026-09,PUT,49250,7,,,67.12,64.48,6,15,4,20,,,,,
2026/09/03 17:46,2026-09-03T18:00:59+09:00,2026/09/04,2026/09/10,2026-09,CALL,49000,15235,,,,,,,,,,,,,
2026/09/03 17:46,2026-09-03T18:00:59+09:00,2026/09/04,2026/09/10,2026-09,PUT,49000,6,,4,67.05,65.61,5,11,4,15,67.16,0,0,5,09/03 17:41
2026/09/03 17:46,2026-09-03T18:00:59+09:00,2026/09/04,2026/09/10,2026-09,CALL,48750,15485,,,,,,,,,,,,,
2026/09/03 17:46,2026-09-03T18:00:59+09:00,2026/09/04,2026/09/10,2026-09,PUT,48750,6,,,68.19,64.97,5,20,3,37,,,,,
2026/09/03 17:46,2026-09-03T18:00:59+09:00,2026/09/04,2026/09/10,2026-09,CALL,48500,15735,,,,,,,,,,,,,
2026/09/03 17:46,2026-09-03T18:00:59+09:00,2026/09/04,2026/09/10,2026-09,PUT,48500,5,,,69.35,66.07,5,66,3,23,,,,,
2026/09/03 17:46,2026-09-03T18:00:59+09:00,2026/09/04,2026/09/10,2026-09,CALL,48250,15980,,,,,,,,,,,,,
2026/09/03 17:46,2026-09-03T18:00:59+09:00,2026/09/04,2026/09/10,2026-09,PUT,48250,4,,,70.51,67.18,5,15,3,20,,,,,
2026/09/03 17:46,2026-09-03T18:00:59+09:00,2026/09/04,2026/09/10,2026-09,CALL,48000,16230,,,,,,,,,,,,,
2026/09/03 17:46,2026-09-03T18:00:59+09:00,2026/09/04,2026/09/10,2026-09,PUT,48000,5,,3,70.15,68.3,4,12,3,17,70.33,-1,-20,4,09/03 17:08
2026/09/03 17:46,2026-09-03T18:00:59+09:00,2026/09/04,2026/09/10,2026-09,CALL,47750,16480,,,,,,,,,,,,,
2026/09/03 17:46,2026-09-03T18:00:59+09:00,2026/09/04,2026/09/10,2026-09,PUT,47750,4,,,71.29,69.42,4,20,3,15,,,,,
2026/09/03 17:46,2026-09-03T18:00:59+09:00,2026/09/04,2026/09/10,2026-09,CALL,47500,16730,,,,,,,,,,,,,
2026/09/03 17:46,2026-09-03T18:00:59+09:00,2026/09/04,2026/09/10,2026-09,PUT,47500,4,,,72.44,70.55,4,15,3,15,,,,,
2026/09/03 17:46,2026-09-03T18:00:59+09:00,2026/09/04,2026/09/10,2026-09,CALL,47250,16980,,,,,,,,,,,,,
2026/09/03 17:46,2026-09-03T18:00:59+09:00,2026/09/04,2026/09/10,2026-09,PUT,47250,3,,,75.19,71.68,5,37,3,10,,,,,
2026/09/03 17:46,2026-09-03T18:00:59+09:00,2026/09/04,2026/09/10,2026-09,CALL,47000,17230,,,,,,,,,,,,,
2026/09/03 17:46,2026-09-03T18:00:59+09:00,2026/09/04,2026/09/10,2026-09,PUT,47000,4,,12,74.76,70.27,4,15,2,117,72.8,-1,-25,3,09/03 17:44
2026/09/03 17:46,2026-09-03T18:00:59+09:00,2026/09/04,2026/09/10,2026-09,CALL,46750,17480,,,,,,,,,,,,,
2026/09/03 17:46,2026-09-03T18:00:59+09:00,2026/09/04,2026/09/10,2026-09,PUT,46750,3,,3,73.95,71.38,3,1,2,5,74.32,0,0,3,09/03 17:26
2026/09/03 17:46,2026-09-03T18:00:59+09:00,2026/09/04,2026/09/10,2026-09,CALL,46500,17730,,,,,,,,,,,,,
2026/09/03 17:46,2026-09-03T18:00:59+09:00,2026/09/04,2026/09/10,2026-09,PUT,46500,3,,,77.1,72.49,4,36,2,8,,,,,
2026/09/03 17:46,2026-09-03T18:00:59+09:00,2026/09/04,2026/09/10,2026-09,CALL,46250,17980,,,,,,,,,,,,,
2026/09/03 17:46,2026-09-03T18:00:59+09:00,2026/09/04,2026/09/10,2026-09,PUT,46250,2,,,78.28,73.6,4,22,2,1,,,,,
2026/09/03 17:46,2026-09-03T18:00:59+09:00,2026/09/04,2026/09/10,2026-09,CALL,46000,18230,,,,,,,,,,,,,
2026/09/03 17:46,2026-09-03T18:00:59+09:00,2026/09/04,2026/09/10,2026-09,PUT,46000,3,,9,77.41,74.73,3,3,2,76,74.51,-1,-33.33,2,09/03 17:00
2026/09/03 17:46,2026-09-03T18:00:59+09:00,2026/09/04,2026/09/10,2026-09,CALL,45750,18480,,,,,,,,,,,,,
2026/09/03 17:46,2026-09-03T18:00:59+09:00,2026/09/04,2026/09/10,2026-09,PUT,45750,2,,,90.94,71.73,13,23,1,32,,,,,
2026/09/03 17:46,2026-09-03T18:00:59+09:00,2026/09/04,2026/09/10,2026-09,CALL,45500,18730,,,,,,,,,,,,,
2026/09/03 17:46,2026-09-03T18:00:59+09:00,2026/09/04,2026/09/10,2026-09,PUT,45500,2,,24,79.73,76.98,3,8,2,87,77.34,,,2,09/03 17:26
2026/09/03 17:46,2026-09-03T18:00:59+09:00,2026/09/04,2026/09/10,2026-09,CALL,45250,18980,,,,,,,,,,,,,
2026/09/03 17:46,2026-09-03T18:00:59+09:00,2026/09/04,2026/09/10,2026-09,PUT,45250,2,,,91.9,73.89,11,5,1,35,,,,,
2026/09/03 17:46,2026-09-03T18:00:59+09:00,2026/09/04,2026/09/10,2026-09,CALL,45000,19230,,,,,,,,,,,,,
2026/09/03 17:46,2026-09-03T18:00:59+09:00,2026/09/04,2026/09/10,2026-09,PUT,45000,2,,33,82.08,74.98,3,1,1,156,79.57,0,0,2,09/03 17:19
2026/09/03 17:46,2026-09-03T18:00:59+09:00,2026/09/04,2026/09/10,2026-09,CALL,44750,19480,,,,,,,,,,,,,
2026/09/03 17:46,2026-09-03T18:00:59+09:00,2026/09/04,2026/09/10,2026-09,PUT,44750,2,,,94.53,76.07,11,5,1,20,,,,,
2026/09/03 17:46,2026-09-03T18:00:59+09:00,2026/09/04,2026/09/10,2026-09,CALL,44500,19730,,,,,,,,,,,,,
2026/09/03 17:46,2026-09-03T18:00:59+09:00,2026/09/04,2026/09/10,2026-09,PUT,44500,2,,,90.08,77.17,6,8,1,21,,,,,
2026/09/03 17:46,2026-09-03T18:00:59+09:00,2026/09/04,2026/09/10,2026-09,CALL,44250,19980,,,,,,,,,,,,,
2026/09/03 17:46,2026-09-03T18:00:59+09:00,2026/09/04,2026/09/10,2026-09,PUT,44250,1,,,98.12,78.27,12,23,1,5,,,,,
2026/09/03 17:46,2026-09-03T18:00:59+09:00,2026/09/04,2026/09/10,2026-09,CALL,44000,20230,,,,,,,,,,,,,
2026/09/03 17:46,2026-09-03T18:00:59+09:00,2026/09/04,2026/09/10,2026-09,PUT,44000,1,,,83.89,79.38,2,17,1,31,,,,,
2026/09/03 17:46,2026-09-03T18:00:59+09:00,2026/09/04,2026/09/10,2026-09,CALL,43750,20480,,,,,,,,,,,,,
2026/09/03 17:46,2026-09-03T18:00:59+09:00,2026/09/04,2026/09/10,2026-09,PUT,43750,1,,,100.83,80.5,12,23,1,2,,,,,
2026/09/03 17:46,2026-09-03T18:00:59+09:00,2026/09/04,2026/09/10,2026-09,CALL,43500,20730,,,,,,,,,,,,,
2026/09/03 17:46,2026-09-03T18:00:59+09:00,2026/09/04,2026/09/10,2026-09,PUT,43500,1,,2,86.24,81.62,2,11,1,100,86.38,,,2,09/03 17:16
2026/09/03 17:46,2026-09-03T18:00:59+09:00,2026/09/04,2026/09/10,2026-09,CALL,43250,20980,,,,,,,,,,,,,
2026/09/03 17:46,2026-09-03T18:00:59+09:00,2026/09/04,2026/09/10,2026-09,PUT,43250,1,,,103.56,,12,23,,,,,,,
2026/09/03 17:46,2026-09-03T18:00:59+09:00,2026/09/04,2026/09/10,2026-09,CALL,43000,21230,,,,,,,,,,,,,
2026/09/03 17:46,2026-09-03T18:00:59+09:00,2026/09/04,2026/09/10,2026-09,PUT,43000,1,,47,88.61,83.88,2,4,1,1,84.26,-1,-50,1,09/03 17:36
2026/09/03 17:46,2026-09-03T18:00:59+09:00,2026/09/04,2026/09/10,2026-09,CALL,42750,21480,,,,,,,,,,,,,
2026/09/03 17:46,2026-09-03T18:00:59+09:00,2026/09/04,2026/09/10,2026-09,PUT,42750,1,,,105.34,85.02,11,5,1,10,,,,,
2026/09/03 17:46,2026-09-03T18:00:59+09:00,2026/09/04,2026/09/10,2026-09,CALL,42500,21730,,,,,,,,,,,,,
2026/09/03 17:46,2026-09-03T18:00:59+09:00,2026/09/04,2026/09/10,2026-09,PUT,42500,1,,2,106.72,86.16,11,8,1,16,86.46,-2,-66.67,1,09/03 17:20
2026/09/03 17:46,2026-09-03T18:00:59+09:00,2026/09/04,2026/09/10,2026-09,CALL,42250,21980,,,,,,,,,,,,,
2026/09/03 17:46,2026-09-03T18:00:59+09:00,2026/09/04,2026/09/10,2026-09,PUT,42250,1,,4,92.22,,2,22,,,87.61,-2,-66.67,1,09/03 17:19
2026/09/03 17:46,2026-09-03T18:00:59+09:00,2026/09/04,2026/09/10,2026-09,CALL,42000,22230,,,,,,,,,,,,,
2026/09/03 17:46,2026-09-03T18:00:59+09:00,2026/09/04,2026/09/10,2026-09,PUT,42000,1,,40,93.43,,2,14,,,88.91,-1,-50,1,09/03 17:32
2026/09/03 17:46,2026-09-03T18:00:59+09:00,2026/09/04,2026/09/10,2026-09,CALL,41750,22480,,,,,,,,,,,,,
2026/09/03 17:46,2026-09-03T18:00:59+09:00,2026/09/04,2026/09/10,2026-09,PUT,41750,1,,,111.94,,12,17,,,,,,,
2026/09/03 17:46,2026-09-03T18:00:59+09:00,2026/09/04,2026/09/10,2026-09,CALL,41500,22730,,,,,,,,,,,,,
2026/09/03 17:46,2026-09-03T18:00:59+09:00,2026/09/04,2026/09/10,2026-09,PUT,41500,1,,,112.33,,11,28,,,,,,,
2026/09/03 17:46,2026-09-03T18:00:59+09:00,2026/09/04,2026/09/10,2026-09,CALL,41250,22980,,,,,,,,,,,,,
2026/09/03 17:46,2026-09-03T18:00:59+09:00,2026/09/04,2026/09/10,2026-09,PUT,41250,1,,,114.8,,12,17,,,,,,,
2026/09/03 17:46,2026-09-03T18:00:59+09:00,2026/09/04,2026/09/10,2026-09,CALL,41000,23230,,,,,,,,,,,,,
2026/09/03 17:46,2026-09-03T18:00:59+09:00,2026/09/04,2026/09/10,2026-09,PUT,41000,1,,28,98.36,,2,10,,,93.41,-1,-50,1,09/03 17:24
2026/09/03 17:46,2026-09-03T18:00:59+09:00,2026/09/04,2026/09/10,2026-09,CALL,40750,23480,,,,,,,,,,,,,
2026/09/03 17:46,2026-09-03T18:00:59+09:00,2026/09/04,2026/09/10,2026-09,PUT,40750,1,,,99.61,,2,4,,,,,,,
2026/09/03 17:46,2026-09-03T18:00:59+09:00,2026/09/04,2026/09/10,2026-09,CALL,40500,23730,,,,,,,,,,,,,
2026/09/03 17:46,2026-09-03T18:00:59+09:00,2026/09/04,2026/09/10,2026-09,PUT,40500,1,,,100.87,,2,4,,,,,,,
2026/09/03 17:46,2026-09-03T18:00:59+09:00,2026/09/04,2026/09/10,2026-09,CALL,40250,23980,,,,,,,,,,,,,
2026/09/03 17:46,2026-09-03T18:00:59+09:00,2026/09/04,2026/09/10,2026-09,PUT,40250,1,,,102.13,,2,4,,,,,,,
2026/09/03 17:46,2026-09-03T18:00:59+09:00,2026/09/04,2026/09/10,2026-09,CALL,40000,24230,,,,,,,,,,,,,
2026/09/03 17:46,2026-09-03T18:00:59+09:00,2026/09/04,2026/09/10,2026-09,PUT,40000,1,,3,97.97,,1,31,,,98.14,0,0,1,09/03 17:11
2026/09/03 17:46,2026-09-03T18:00:59+09:00,2026/09/04,2026/10/08,2026-10,CALL,74000,45,,1,23.72,22.73,51,25,39,21,23.56,10,25,50,09/03 17:16
2026/09/03 17:46,2026-09-03T18:00:59+09:00,2026/09/04,2026/10/08,2026-10,PUT,74000,10115,,,,,,,,,,,,,
2026/09/03 17:46,2026-09-03T18:00:59+09:00,2026/09/04,2026/10/08,2026-10,CALL,73750,48,,,23.63,22.63,56,8,43,28,,,,,
2026/09/03 17:46,2026-09-03T18:00:59+09:00,2026/09/04,2026/10/08,2026-10,PUT,73750,9870,,,,,,,,,,,,,
2026/09/03 17:46,2026-09-03T18:00:59+09:00,2026/09/04,2026/10/08,2026-10,CALL,73500,55,,,23.57,22.65,62,18,49,14,,,,,
2026/09/03 17:46,2026-09-03T18:00:59+09:00,2026/09/04,2026/10/08,2026-10,PUT,73500,9625,,,,,,,,,,,,,
2026/09/03 17:46,2026-09-03T18:00:59+09:00,2026/09/04,2026/10/08,2026-10,CALL,73250,61,,,23.47,22.62,68,8,55,7,,,,,
2026/09/03 17:46,2026-09-03T18:00:59+09:00,2026/09/04,2026/10/08,2026-10,PUT,73250,9380,,,,,,,,,,,,,
2026/09/03 17:46,2026-09-03T18:00:59+09:00,2026/09/04,2026/10/08,2026-10,CALL,73000,67,,2,23.4,22.86,75,18,66,18,22.91,17,30.36,73,09/03 17:33
2026/09/03 17:46,2026-09-03T18:00:59+09:00,2026/09/04,2026/10/08,2026-10,PUT,73000,9140,,,,,,,,,,,,,
2026/09/03 17:46,2026-09-03T18:00:59+09:00,2026/09/04,2026/10/08,2026-10,CALL,72750,75,,,23.34,22.61,83,7,70,6,,,,,
2026/09/03 17:46,2026-09-03T18:00:59+09:00,2026/09/04,2026/10/08,2026-10,PUT,72750,8895,,,,,,,,,,,,,
2026/09/03 17:46,2026-09-03T18:00:59+09:00,2026/09/04,2026/10/08,2026-10,CALL,72500,84,,,23.29,22.51,92,12,77,38,,,,,
2026/09/03 17:46,2026-09-03T18:00:59+09:00,2026/09/04,2026/10/08,2026-10,PUT,72500,8660,,,,,,,,,,,,,
2026/09/03 17:46,2026-09-03T18:00:59+09:00,2026/09/04,2026/10/08,2026-10,CALL,72250,88,,,23.29,22.48,103,6,86,22,,,,,
2026/09/03 17:46,2026-09-03T18:00:59+09:00,2026/09/04,2026/10/08,2026-10,PUT,72250,8410,,,,,,,,,,,,,
2026/09/03 17:46,2026-09-03T18:00:59+09:00,2026/09/04,2026/10/08,2026-10,CALL,72125,92,,,23.25,22.56,108,5,93,5,,,,,
2026/09/03 17:46,2026-09-03T18:00:59+09:00,2026/09/04,2026/10/08,2026-10,PUT,72125,8290,,,,,,,,,,,,,
2026/09/03 17:46,2026-09-03T18:00:59+09:00,2026/09/04,2026/10/08,2026-10,CALL,72000,100,,,23.08,22.81,110,1,104,12,,,,,
2026/09/03 17:46,2026-09-03T18:00:59+09:00,2026/09/04,2026/10/08,2026-10,PUT,72000,8170,,,,,,,,,,,,,
2026/09/03 17:46,2026-09-03T18:00:59+09:00,2026/09/04,2026/10/08,2026-10,CALL,71875,103,,,23.27,22.5,121,4,103,16,,,,,
2026/09/03 17:46,2026-09-03T18:00:59+09:00,2026/09/04,2026/10/08,2026-10,PUT,71875,8050,,,,,,,,,,,,,
2026/09/03 17:46,2026-09-03T18:00:59+09:00,2026/09/04,2026/10/08,2026-10,CALL,71750,110,,,23.32,22.67,129,23,113,20,,,,,
2026/09/03 17:46,2026-09-03T18:00:59+09:00,2026/09/04,2026/10/08,2026-10,PUT,71750,7930,,,,,,,,,,,,,
2026/09/03 17:46,2026-09-03T18:00:59+09:00,2026/09/04,2026/10/08,2026-10,CALL,71625,119,,,23.23,22.56,134,20,117,3,,,,,
2026/09/03 17:46,2026-09-03T18:00:59+09:00,2026/09/04,2026/10/08,2026-10,PUT,71625,7815,,,,,,,,,,,,,
2026/09/03 17:46,2026-09-03T18:00:59+09:00,2026/09/04,2026/10/08,2026-10,CALL,71500,124,,,23.22,22.76,141,8,129,6,,,,,
2026/09/03 17:46,2026-09-03T18:00:59+09:00,2026/09/04,2026/10/08,2026-10,PUT,71500,7695,,,32.43,,7945,12,7445,12,,,,,
2026/09/03 17:46,2026-09-03T18:00:59+09:00,2026/09/04,2026/10/08,2026-10,CALL,71375,131,,,23.26,22.52,150,18,130,14,,,,,
2026/09/03 17:46,2026-09-03T18:00:59+09:00,2026/09/04,2026/10/08,2026-10,PUT,71375,7580,,,32.3,0,7830,6,7330,6,,,,,
2026/09/03 17:46,2026-09-03T18:00:59+09:00,2026/09/04,2026/10/08,2026-10,CALL,71250,137,,,23.22,22.72,157,18,143,5,,,,,
2026/09/03 17:46,2026-09-03T18:00:59+09:00,2026/09/04,2026/10/08,2026-10,PUT,71250,7460,,,32.06,13.36,7710,7,7210,7,,,,,
2026/09/03 17:46,2026-09-03T18:00:59+09:00,2026/09/04,2026/10/08,2026-10,CALL,71125,146,,,23.2,22.55,165,3,146,14,,,,,
2026/09/03 17:46,2026-09-03T18:00:59+09:00,2026/09/04,2026/10/08,2026-10,PUT,71125,7345,,,31.92,15.08,7595,6,7095,6,,,,,
2026/09/03 17:46,2026-09-03T18:00:59+09:00,2026/09/04,2026/10/08,2026-10,CALL,71000,156,,1,22.94,22.74,166,1,160,3,22.75,7,4.58,160,09/03 17:04
2026/09/03 17:46,2026-09-03T18:00:59+09:00,2026/09/04,2026/10/08,2026-10,PUT,71000,7230,,,31.77,16,7480,18,6980,18,,,,,
2026/09/03 17:46,2026-09-03T18:00:59+09:00,2026/09/04,2026/10/08,2026-10,CALL,70875,166,,,23.19,22.58,183,3,164,14,,,,,
2026/09/03 17:46,2026-09-03T18:00:59+09:00,2026/09/04,2026/10/08,2026-10,PUT,70875,7115,,,31.62,16.64,7365,6,6865,6,,,,,
2026/09/03 17:46,2026-09-03T18:00:59+09:00,2026/09/04,2026/10/08,2026-10,CALL,70750,174,,,23.07,22.73,189,5,178,5,,,,,
2026/09/03 17:46,2026-09-03T18:00:59+09:00,2026/09/04,2026/10/08,2026-10,PUT,70750,7000,,,31.46,17.11,7250,7,6750,7,,,,,
2026/09/03 17:46,2026-09-03T18:00:59+09:00,2026/09/04,2026/10/08,2026-10,CALL,70625,186,,,23.19,22.62,203,3,184,14,,,,,
2026/09/03 17:46,2026-09-03T18:00:59+09:00,2026/09/04,2026/10/08,2026-10,PUT,70625,6885,,,31.3,17.47,7135,6,6635,6,,,,,
2026/09/03 17:46,2026-09-03T18:00:59+09:00,2026/09/04,2026/10/08,2026-10,CALL,70500,193,,,23.08,22.7,210,8,197,8,,,,,
2026/09/03 17:46,2026-09-03T18:00:59+09:00,2026/09/04,2026/10/08,2026-10,PUT,70500,6765,,,31.03,17.5,7015,12,6515,12,,,,,
2026/09/03 17:46,2026-09-03T18:00:59+09:00,2026/09/04,2026/10/08,2026-10,CALL,70375,204,,,23.19,22.63,225,3,205,3,,,,,
2026/09/03 17:46,2026-09-03T18:00:59+09:00,2026/09/04,2026/10/08,2026-10,PUT,70375,6655,,,30.95,18,6905,6,6405,6,,,,,
2026/09/03 17:46,2026-09-03T18:00:59+09:00,2026/09/04,2026/10/08,2026-10,CALL,70250,213,,,23.12,22.74,234,18,220,3,,,,,
2026/09/03 17:46,2026-09-03T18:00:59+09:00,2026/09/04,2026/10/08,2026-10,PUT,70250,6535,,,30.68,17.96,6785,6,6285,7,,,,,
2026/09/03 17:46,2026-09-03T18:00:59+09:00,2026/09/04,2026/10/08,2026-10,CALL,70125,229,,,23.17,22.64,248,18,228,14,,,,,
2026/09/03 17:46,2026-09-03T18:00:59+09:00,2026/09/04,2026/10/08,2026-10,PUT,70125,6430,,,30.68,18.54,6680,6,6180,6,,,,,
2026/09/03 17:46,2026-09-03T18:00:59+09:00,2026/09/04,2026/10/08,2026-10,CALL,70000,231,,2,22.94,22.76,252,1,245,1,22.79,30,12.99,261,09/03 17:34
2026/09/03 17:46,2026-09-03T18:00:59+09:00,2026/09/04,2026/10/08,2026-10,PUT,70000,6315,,,30.49,18.65,6565,18,6065,15,,,,,
2026/09/03 17:46,2026-09-03T18:00:59+09:00,2026/09/04,2026/10/08,2026-10,CALL,69875,251,,,23.19,22.64,275,3,253,14,,,,,
2026/09/03 17:46,2026-09-03T18:00:59+09:00,2026/09/04,2026/10/08,2026-10,PUT,69875,6200,,,30.29,18.72,6450,6,5950,5,,,,,
2026/09/03 17:46,2026-09-03T18:00:59+09:00,2026/09/04,2026/10/08,2026-10,CALL,69750,254,,,23.05,22.76,283,5,271,3,,,,,
2026/09/03 17:46,2026-09-03T18:00:59+09:00,2026/09/04,2026/10/08,2026-10,PUT,69750,6080,,,30,18.61,6330,7,5830,6,,,,,
2026/09/03 17:46,2026-09-03T18:00:59+09:00,2026/09/04,2026/10/08,2026-10,CALL,69625,272,,,24.67,22.55,370,15,276,3,,,,,
2026/09/03 17:46,2026-09-03T18:00:59+09:00,2026/09/04,2026/10/08,2026-10,PUT,69625,5970,,,29.89,18.81,6220,6,5720,6,,,,,
2026/09/03 17:46,2026-09-03T18:00:59+09:00,2026/09/04,2026/10/08,2026-10,CALL,69500,289,,,23,22.77,310,8,300,2,,,,,
2026/09/03 17:46,2026-09-03T18:00:59+09:00,2026/09/04,2026/10/08,2026-10,PUT,69500,5865,,,29.85,19.13,6115,12,5615,12,,,,,
2026/09/03 17:46,2026-09-03T18:00:59+09:00,2026/09/04,2026/10/08,2026-10,CALL,69375,300,,,24.58,21.44,400,15,258,3,,,,,
2026/09/03 17:46,2026-09-03T18:00:59+09:00,2026/09/04,2026/10/08,2026-10,PUT,69375,5750,,,29.63,19.12,6000,6,5500,6,,,,,
2026/09/03 17:46,2026-09-03T18:00:59+09:00,2026/09/04,2026/10/08,2026-10,CALL,69250,320,,,23.07,22.75,345,2,330,5,,,,,
2026/09/03 17:46,2026-09-03T18:00:59+09:00,2026/09/04,2026/10/08,2026-10,PUT,69250,5645,,,29.58,19.36,5895,7,5395,7,,,,,
2026/09/03 17:46,2026-09-03T18:00:59+09:00,2026/09/04,2026/10/08,2026-10,CALL,69125,345,,,24.35,21.57,425,2,293,2,,,,,
2026/09/03 17:46,2026-09-03T18:00:59+09:00,2026/09/04,2026/10/08,2026-10,PUT,69125,5545,,,29.51,19.7,5790,3,5295,8,,,,,
2026/09/03 17:46,2026-09-03T18:00:59+09:00,2026/09/04,2026/10/08,2026-10,CALL,69000,355,,1,22.98,22.77,375,1,365,7,22.88,15,4.23,370,09/03 17:44
2026/09/03 17:46,2026-09-03T18:00:59+09:00,2026/09/04,2026/10/08,2026-10,PUT,69000,5430,,,29.11,21.49,5665,22,5260,18,,,,,
2026/09/03 17:46,2026-09-03T18:00:59+09:00,2026/09/04,2026/10/08,2026-10,CALL,68875,360,,,24.28,21.46,460,12,320,12,,,,,
2026/09/03 17:46,2026-09-03T18:00:59+09:00,2026/09/04,2026/10/08,2026-10,PUT,68875,5310,,,28.95,19.41,5555,3,5060,8,,,,,
2026/09/03 17:46,2026-09-03T18:00:59+09:00,2026/09/04,2026/10/08,2026-10,CALL,68750,390,,,23.04,22.74,415,4,400,4,,,,,
2026/09/03 17:46,2026-09-03T18:00:59+09:00,2026/09/04,2026/10/08,2026-10,PUT,68750,5210,,,28.94,19.66,5455,2,4960,8,,,,,
2026/09/03 17:46,2026-09-03T18:00:59+09:00,2026/09/04,2026/10/08,2026-10,CALL,68625,400,,,23.98,21.47,485,12,355,27,,,,,
2026/09/03 17:46,2026-09-03T18:00:59+09:00,2026/09/04,2026/10/08,2026-10,PUT,68625,5090,,,28.61,19.43,5335,3,4840,8,,,,,
2026/09/03 17:46,2026-09-03T18:00:59+09:00,2026/09/04,2026/10/08,2026-10,CALL,68500,425,,,23.03,22.75,455,4,440,6,,,,,
2026/09/03 17:46,2026-09-03T18:00:59+09:00,2026/09/04,2026/10/08,2026-10,PUT,68500,5000,,,28.58,20.06,5235,3,4760,3,,,,,
2026/09/03 17:46,2026-09-03T18:00:59+09:00,2026/09/04,2026/10/08,2026-10,CALL,68375,455,,,24.08,21.99,535,12,420,12,,,,,
2026/09/03 17:46,2026-09-03T18:00:59+09:00,2026/09/04,2026/10/08,2026-10,PUT,68375,4905,,,28.79,20.12,5150,3,4655,8,,,,,
2026/09/03 17:46,2026-09-03T18:00:59+09:00,2026/09/04,2026/10/08,2026-10,CALL,68250,470,,,23.06,22.79,500,4,485,4,,,,,
2026/09/03 17:46,2026-09-03T18:00:59+09:00,2026/09/04,2026/10/08,2026-10,PUT,68250,4795,,,28.59,20.05,5040,2,4545,8,,,,,
2026/09/03 17:46,2026-09-03T18:00:59+09:00,2026/09/04,2026/10/08,2026-10,CALL,68125,495,,,24.29,21.77,595,12,450,27,,,,,
2026/09/03 17:46,2026-09-03T18:00:59+09:00,2026/09/04,2026/10/08,2026-10,PUT,68125,4695,,,28.53,20.17,4940,3,4445,8,,,,,
2026/09/03 17:46,2026-09-03T18:00:59+09:00,2026/09/04,2026/10/08,2026-10,CALL,68000,515,,8,23.12,22.86,550,3,535,7,22.86,30,5.77,550,09/03 17:40
2026/09/03 17:46,2026-09-03T18:00:59+09:00,2026/09/04,2026/10/08,2026-10,PUT,68000,4590,,,28.24,21.64,4825,22,4420,22,,,,,
2026/09/03 17:46,2026-09-03T18:00:59+09:00,2026/09/04,2026/10/08,2026-10,CALL,67875,525,,,24.35,21.85,650,27,500,26,,,,,
2026/09/03 17:46,2026-09-03T18:00:59+09:00,2026/09/04,2026/10/08,2026-10,PUT,67875,4475,,,28.09,19.96,4720,3,4225,8,,,,,
2026/09/03 17:46,2026-09-03T18:00:59+09:00,2026/09/04,2026/10/08,2026-10,CALL,67750,560,,,23.28,22.87,610,16,585,4,,,,,
2026/09/03 17:46,2026-09-03T18:00:59+09:00,2026/09/04,2026/10/08,2026-10,PUT,67750,4385,,,28.16,20.21,4630,2,4135,8,,,,,
2026/09/03 17:46,2026-09-03T18:00:59+09:00,2026/09/04,2026/10/08,2026-10,CALL,67625,580,,,24.36,21.94,705,26,555,10,,,,,
2026/09/03 17:46,2026-09-03T18:00:59+09:00,2026/09/04,2026/10/08,2026-10,PUT,67625,4280,,,27.99,20.16,4525,3,4030,8,,,,,
2026/09/03 17:46,2026-09-03T18:00:59+09:00,2026/09/04,2026/10/08,2026-10,CALL,67500,620,,,23.21,22.89,660,4,640,4,,,,,
2026/09/03 17:46,2026-09-03T18:00:59+09:00,2026/09/04,2026/10/08,2026-10,PUT,67500,4195,,,28.1,20.6,4440,3,3955,3,,,,,
2026/09/03 17:46,2026-09-03T18:00:59+09:00,2026/09/04,2026/10/08,2026-10,CALL,67375,645,,,24.15,21.73,750,25,595,25,,,,,
2026/09/03 17:46,2026-09-03T18:00:59+09:00,2026/09/04,2026/10/08,2026-10,PUT,67375,4095,,,27.99,20.43,4340,3,3845,8,,,,,
2026/09/03 17:46,2026-09-03T18:00:59+09:00,2026/09/04,2026/10/08,2026-10,CALL,67250,675,,,23.39,22.93,730,14,700,3,,,,,
2026/09/03 17:46,2026-09-03T18:00:59+09:00,2026/09/04,2026/10/08,2026-10,PUT,67250,4000,,,27.93,20.49,4245,2,3750,8,,,,,
2026/09/03 17:46,2026-09-03T18:00:59+09:00,2026/09/04,2026/10/08,2026-10,CALL,67125,705,,,24.12,21.94,810,10,665,25,,,,,
2026/09/03 17:46,2026-09-03T18:00:59+09:00,2026/09/04,2026/10/08,2026-10,PUT,67125,3910,,,27.93,20.61,4155,3,3660,8,,,,,
2026/09/03 17:46,2026-09-03T18:00:59+09:00,2026/09/04,2026/10/08,2026-10,CALL,67000,740,,1,23.21,22.98,780,3,765,6,22.9,60,8,810,09/03 17:28
2026/09/03 17:46,2026-09-03T18:00:59+09:00,2026/09/04,2026/10/08,2026-10,PUT,67000,3820,,,27.93,21.94,4065,22,3650,22,,,,,
2026/09/03 17:46,2026-09-03T18:00:59+09:00,2026/09/04,2026/10/08,2026-10,CALL,66875,765,,,24.75,22.07,920,25,735,24,,,,,
2026/09/03 17:46,2026-09-03T18:00:59+09:00,2026/09/04,2026/10/08,2026-10,PUT,66875,3715,,,27.7,20.56,3960,3,3465,8,,,,,
2026/09/03 17:46,2026-09-03T18:00:59+09:00,2026/09/04,2026/10/08,2026-10,CALL,66750,800,,,23.55,22.98,870,13,830,3,,,,,
2026/09/03 17:46,2026-09-03T18:00:59+09:00,2026/09/04,2026/10/08,2026-10,PUT,66750,3630,,,27.74,20.7,3875,2,3380,8,,,,,
2026/09/03 17:46,2026-09-03T18:00:59+09:00,2026/09/04,2026/10/08,2026-10,CALL,66625,835,,,24.74,22.41,990,24,825,9,,,,,
2026/09/03 17:46,2026-09-03T18:00:59+09:00,2026/09/04,2026/10/08,2026-10,PUT,66625,3535,,,27.62,20.67,3780,3,3285,8,,,,,
2026/09/03 17:46,2026-09-03T18:00:59+09:00,2026/09/04,2026/10/08,2026-10,CALL,66500,875,,,23.33,23.05,925,2,905,4,,,,,
2026/09/03 17:46,2026-09-03T18:00:59+09:00,2026/09/04,2026/10/08,2026-10,PUT,66500,3450,,,27.5,20.92,3685,3,3210,3,,,,,
2026/09/03 17:46,2026-09-03T18:00:59+09:00,2026/09/04,2026/10/08,2026-10,CALL,66375,930,,,23.58,23.09,980,9,945,1,,,,,
2026/09/03 17:46,2026-09-03T18:00:59+09:00,2026/09/04,2026/10/08,2026-10,PUT,66375,3385,,,25.69,21.13,3465,8,3135,8,,,,,
2026/09/03 17:46,2026-09-03T18:00:59+09:00,2026/09/04,2026/10/08,2026-10,CALL,66250,955,,,23.53,23.12,1015,13,985,2,,,,,
2026/09/03 17:46,2026-09-03T18:00:59+09:00,2026/09/04,2026/10/08,2026-10,PUT,66250,3285,,,27.69,20.98,3530,2,3035,8,,,,,
2026/09/03 17:46,2026-09-03T18:00:59+09:00,2026/09/04,2026/10/08,2026-10,CALL,66125,995,,,24.35,23,1115,24,1015,9,,,,,
2026/09/03 17:46,2026-09-03T18:00:59+09:00,2026/09/04,2026/10/08,2026-10,PUT,66125,3195,,,27.6,20.95,3440,3,2945,8,,,,,
2026/09/03 17:46,2026-09-03T18:00:59+09:00,2026/09/04,2026/10/08,2026-10,CALL,66000,1040,,,23.47,23.2,1090,3,1070,2,,,,,
2026/09/03 17:46,2026-09-03T18:00:59+09:00,2026/09/04,2026/10/08,2026-10,PUT,66000,3115,,,26.31,22.33,3260,22,2960,18,,,,,
2026/09/03 17:46,2026-09-03T18:00:59+09:00,2026/09/04,2026/10/08,2026-10,CALL,65875,1075,,,24.57,23.18,1215,23,1110,8,,,,,
2026/09/03 17:46,2026-09-03T18:00:59+09:00,2026/09/04,2026/10/08,2026-10,PUT,65875,3020,,,25.48,20.98,3115,8,2775,3,,,,,
2026/09/03 17:46,2026-09-03T18:00:59+09:00,2026/09/04,2026/10/08,2026-10,CALL,65750,1115,,,23.87,23.28,1205,11,1160,11,,,,,
2026/09/03 17:46,2026-09-03T18:00:59+09:00,2026/09/04,2026/10/08,2026-10,PUT,65750,2940,,,23.61,21.3,2890,1,2715,8,,,,,
2026/09/03 17:46,2026-09-03T18:00:59+09:00,2026/09/04,2026/10/08,2026-10,CALL,65625,1165,,,24.66,23.23,1310,23,1200,8,,,,,
2026/09/03 17:46,2026-09-03T18:00:59+09:00,2026/09/04,2026/10/08,2026-10,PUT,65625,2870,,,25.69,21.2,2970,8,2625,3,,,,,
2026/09/03 17:46,2026-09-03T18:00:59+09:00,2026/09/04,2026/10/08,2026-10,CALL,65500,1220,,,23.94,23.36,1300,38,1255,38,,,,,
2026/09/03 17:46,2026-09-03T18:00:59+09:00,2026/09/04,2026/10/08,2026-10,PUT,65500,2795,,,23.68,22.45,2735,3,2640,4,,,,,
2026/09/03 17:46,2026-09-03T18:00:59+09:00,2026/09/04,2026/10/08,2026-10,CALL,65375,1245,,,24.68,23.4,1405,23,1305,8,,,,,
2026/09/03 17:46,2026-09-03T18:00:59+09:00,2026/09/04,2026/10/08,2026-10,PUT,65375,2700,,,25.71,21.08,2815,8,2455,3,,,,,
2026/09/03 17:46,2026-09-03T18:00:59+09:00,2026/09/04,2026/10/08,2026-10,CALL,65250,1310,,,24.01,23.43,1400,11,1355,11,,,,,
2026/09/03 17:46,2026-09-03T18:00:59+09:00,2026/09/04,2026/10/08,2026-10,PUT,65250,2640,,,23.75,22.35,2585,1,2475,6,,,,,
2026/09/03 17:46,2026-09-03T18:00:59+09:00,2026/09/04,2026/10/08,2026-10,CALL,65125,1375,,,24.84,23.51,1515,22,1410,7,,,,,
2026/09/03 17:46,2026-09-03T18:00:59+09:00,2026/09/04,2026/10/08,2026-10,PUT,65125,2580,,,25.66,21.48,2660,8,2330,8,,,,,
2026/09/03 17:46,2026-09-03T18:00:59+09:00,2026/09/04,2026/10/08,2026-10,CALL,65000,1430,,,23.89,23.57,1490,4,1465,42,,,,,
2026/09/03 17:46,2026-09-03T18:00:59+09:00,2026/09/04,2026/10/08,2026-10,PUT,65000,2510,,,23.83,22.88,2440,4,2365,4,,,,,
2026/09/03 17:46,2026-09-03T18:00:59+09:00,2026/09/04,2026/10/08,2026-10,CALL,64875,1475,,,24.94,23.62,1625,22,1520,1,,,,,
2026/09/03 17:46,2026-09-03T18:00:59+09:00,2026/09/04,2026/10/08,2026-10,PUT,64875,2430,,,23.93,22.3,2375,1,2245,6,,,,,
2026/09/03 17:46,2026-09-03T18:00:59+09:00,2026/09/04,2026/10/08,2026-10,CALL,64750,1545,,,24.27,23.65,1625,2,1575,2,,,,,
2026/09/03 17:46,2026-09-03T18:00:59+09:00,2026/09/04,2026/10/08,2026-10,PUT,64750,2375,,,23.96,22.64,2305,2,2200,12,,,,,
2026/09/03 17:46,2026-09-03T18:00:59+09:00,2026/09/04,2026/10/08,2026-10,CALL,64625,1585,,,25.1,23.78,1745,22,1640,1,,,,,
2026/09/03 17:46,2026-09-03T18:00:59+09:00,2026/09/04,2026/10/08,2026-10,PUT,64625,2290,,,24.03,22.78,2240,1,2140,7,,,,,
2026/09/03 17:46,2026-09-03T18:00:59+09:00,2026/09/04,2026/10/08,2026-10,CALL,64500,1645,,,24.72,23.84,1770,1,1700,2,,,,,
2026/09/03 17:46,2026-09-03T18:00:59+09:00,2026/09/04,2026/10/08,2026-10,PUT,64500,2225,,,24.03,23.34,2170,3,2115,3,,,,,
2026/09/03 17:46,2026-09-03T18:00:59+09:00,2026/09/04,2026/10/08,2026-10,CALL,64375,1720,,,25.13,23.76,1860,22,1750,7,,,,,
2026/09/03 17:46,2026-09-03T18:00:59+09:00,2026/09/04,2026/10/08,2026-10,PUT,64375,2175,,,24.2,22.89,2115,6,2010,11,,,,,
2026/09/03 17:46,2026-09-03T18:00:59+09:00,2026/09/04,2026/10/08,2026-10,CALL,64250,1775,,,24.85,23.91,1895,2,1820,9,,,,,
2026/09/03 17:46,2026-09-03T18:00:59+09:00,2026/09/04,2026/10/08,2026-10,PUT,64250,2100,,,24.16,23.04,2045,2,1955,2,,,,,
2026/09/03 17:46,2026-09-03T18:00:59+09:00,2026/09/04,2026/10/08,2026-10,CALL,64125,1840,,,25.29,23.92,1990,22,1880,7,,,,,
2026/09/03 17:46,2026-09-03T18:00:59+09:00,2026/09/04,2026/10/08,2026-10,PUT,64125,2045,,,24.3,22.99,1990,1,1885,11,,,,,
2026/09/03 17:46,2026-09-03T18:00:59+09:00,2026/09/04,2026/10/08,2026-10,CALL,64000,1900,,,24.48,24.1,1985,4,1955,3,,,,,
2026/09/03 17:46,2026-09-03T18:00:59+09:00,2026/09/04,2026/10/08,2026-10,PUT,64000,1980,,,24.29,23.98,1925,3,1900,4,,,,,
2026/09/03 17:46,2026-09-03T18:00:59+09:00,2026/09/04,2026/10/08,2026-10,CALL,63875,1960,,,25.46,24.08,2125,22,2015,7,,,,,
2026/09/03 17:46,2026-09-03T18:00:59+09:00,2026/09/04,2026/10/08,2026-10,PUT,63875,1915,,,24.52,23.15,1880,7,1770,11,,,,,
2026/09/03 17:46,2026-09-03T18:00:59+09:00,2026/09/04,2026/10/08,2026-10,CALL,63750,2040,,,24.86,24.17,2140,2,2085,9,,,,,
2026/09/03 17:46,2026-09-03T18:00:59+09:00,2026/09/04,2026/10/08,2026-10,PUT,63750,1870,,,24.42,23.8,1810,1,1760,2,,,,,
2026/09/03 17:46,2026-09-03T18:00:59+09:00,2026/09/04,2026/10/08,2026-10,CALL,63625,2140,,,25.62,24.24,2265,22,2155,7,,,,,
2026/09/03 17:46,2026-09-03T18:00:59+09:00,2026/09/04,2026/10/08,2026-10,PUT,63625,1825,,,24.56,23.24,1760,7,1655,11,,,,,
2026/09/03 17:46,2026-09-03T18:00:59+09:00,2026/09/04,2026/10/08,2026-10,CALL,63500,2195,,,25.18,24.36,2295,3,2230,3,,,,,
2026/09/03 17:46,2026-09-03T18:00:59+09:00,2026/09/04,2026/10/08,2026-10,PUT,63500,1765,,,24.61,24.05,1705,2,1660,3,,,,,
2026/09/03 17:46,2026-09-03T18:00:59+09:00,2026/09/04,2026/10/08,2026-10,CALL,63375,2265,,,25.48,24.34,2385,10,2295,1,,,,,
2026/09/03 17:46,2026-09-03T18:00:59+09:00,2026/09/04,2026/10/08,2026-10,PUT,63375,1720,,,24.72,23.39,1655,6,1550,22,,,,,
2026/09/03 17:46,2026-09-03T18:00:59+09:00,2026/09/04,2026/10/08,2026-10,CALL,63250,2340,,,25.38,24.36,2445,2,2365,2,,,,,
2026/09/03 17:46,2026-09-03T18:00:59+09:00,2026/09/04,2026/10/08,2026-10,PUT,63250,1660,,,24.87,24.05,1610,1,1545,1,,,,,
2026/09/03 17:46,2026-09-03T18:00:59+09:00,2026/09/04,2026/10/08,2026-10,CALL,63125,2415,,,26.16,23.92,2575,10,2400,6,,,,,
2026/09/03 17:46,2026-09-03T18:00:59+09:00,2026/09/04,2026/10/08,2026-10,PUT,63125,1610,,,24.95,23.67,1560,7,1460,7,,,,,
2026/09/03 17:46,2026-09-03T18:00:59+09:00,2026/09/04,2026/10/08,2026-10,CALL,63000,2480,,,25.59,24.49,2600,4,2515,4,,,,,
2026/09/03 17:46,2026-09-03T18:00:59+09:00,2026/09/04,2026/10/08,2026-10,PUT,63000,1560,,,24.88,24.56,1500,3,1475,4,,,,,
2026/09/03 17:46,2026-09-03T18:00:59+09:00,2026/09/04,2026/10/08,2026-10,CALL,62875,2575,,,26.47,24.53,2740,10,2590,6,,,,,
2026/09/03 17:46,2026-09-03T18:00:59+09:00,2026/09/04,2026/10/08,2026-10,PUT,62875,1530,,,25.25,23.82,1475,8,1365,8,,,,,
2026/09/03 17:46,2026-09-03T18:00:59+09:00,2026/09/04,2026/10/08,2026-10,CALL,62750,2650,,,25.73,24.69,2755,2,2675,2,,,,,
2026/09/03 17:46,2026-09-03T18:00:59+09:00,2026/09/04,2026/10/08,2026-10,PUT,62750,1480,,,25.15,24.17,1415,10,1340,2,,,,,
2026/09/03 17:46,2026-09-03T18:00:59+09:00,2026/09/04,2026/10/08,2026-10,CALL,62625,2720,,,26.8,24.83,2910,10,2760,5,,,,,
2026/09/03 17:46,2026-09-03T18:00:59+09:00,2026/09/04,2026/10/08,2026-10,PUT,62625,1430,,,25.22,23.78,1370,8,1260,23,,,,,
2026/09/03 17:46,2026-09-03T18:00:59+09:00,2026/09/04,2026/10/08,2026-10,CALL,62500,2805,,,25.88,24.89,2915,3,2840,1,,,,,
2026/09/03 17:46,2026-09-03T18:00:59+09:00,2026/09/04,2026/10/08,2026-10,PUT,62500,1385,,2,25.22,24.56,1320,2,1270,3,25.14,-80,-5.84,1290,09/03 17:14
2026/09/03 17:46,2026-09-03T18:00:59+09:00,2026/09/04,2026/10/08,2026-10,CALL,62375,2885,,,26.54,24.67,3040,10,2900,6,,,,,
2026/09/03 17:46,2026-09-03T18:00:59+09:00,2026/09/04,2026/10/08,2026-10,PUT,62375,1345,,,25.47,24,1290,8,1180,23,,,,,
2026/09/03 17:46,2026-09-03T18:00:59+09:00,2026/09/04,2026/10/08,2026-10,CALL,62250,2970,,,26.58,25.03,3120,13,3005,3,,,,,
2026/09/03 17:46,2026-09-03T18:00:59+09:00,2026/09/04,2026/10/08,2026-10,PUT,62250,1300,,,25.44,24.7,1240,1,1185,2,,,,,
2026/09/03 17:46,2026-09-03T18:00:59+09:00,2026/09/04,2026/10/08,2026-10,CALL,62125,3065,,,28.16,21.32,3315,6,2815,6,,,,,
2026/09/03 17:46,2026-09-03T18:00:59+09:00,2026/09/04,2026/10/08,2026-10,PUT,62125,1270,,,25.59,24.23,1205,9,1105,24,,,,,
2026/09/03 17:46,2026-09-03T18:00:59+09:00,2026/09/04,2026/10/08,2026-10,CALL,62000,3130,,,26.76,25.26,3290,24,3180,2,,,,,
2026/09/03 17:46,2026-09-03T18:00:59+09:00,2026/09/04,2026/10/08,2026-10,PUT,62000,1195,,,25.6,25.32,1160,3,1140,1,,,,,
2026/09/03 17:46,2026-09-03T18:00:59+09:00,2026/09/04,2026/10/08,2026-10,CALL,61875,3230,,,28.28,21.26,3480,6,2980,6,,,,,
2026/09/03 17:46,2026-09-03T18:00:59+09:00,2026/09/04,2026/10/08,2026-10,PUT,61875,1190,,,25.8,24.4,1130,9,1030,29,,,,,
2026/09/03 17:46,2026-09-03T18:00:59+09:00,2026/09/04,2026/10/08,2026-10,CALL,61750,3315,,,27.1,25.28,3475,13,3345,3,,,,,
2026/09/03 17:46,2026-09-03T18:00:59+09:00,2026/09/04,2026/10/08,2026-10,PUT,61750,1150,,,25.84,25,1090,1,1030,12,,,,,
2026/09/03 17:46,2026-09-03T18:00:59+09:00,2026/09/04,2026/10/08,2026-10,CALL,61625,3405,,,28.41,21.35,3650,3,3160,3,,,,,
2026/09/03 17:46,2026-09-03T18:00:59+09:00,2026/09/04,2026/10/08,2026-10,PUT,61625,1110,,,26.65,23.86,1105,24,910,24,,,,,
2026/09/03 17:46,2026-09-03T18:00:59+09:00,2026/09/04,2026/10/08,2026-10,CALL,61500,3490,,,26.75,25.67,3615,15,3540,2,,,,,
2026/09/03 17:46,2026-09-03T18:00:59+09:00,2026/09/04,2026/10/08,2026-10,PUT,61500,1055,,5,26.03,25.67,1020,2,995,4,25.94,-55,-5.19,1005,09/03 17:13
2026/09/03 17:46,2026-09-03T18:00:59+09:00,2026/09/04,2026/10/08,2026-10,CALL,61375,3585,,,28.62,21.37,3830,3,3340,3,,,,,
2026/09/03 17:46,2026-09-03T18:00:59+09:00,2026/09/04,2026/10/08,2026-10,PUT,61375,1030,,,26.68,24.71,1025,9,890,24,,,,,
2026/09/03 17:46,2026-09-03T18:00:59+09:00,2026/09/04,2026/10/08,2026-10,CALL,61250,3665,,,27.26,25.79,3820,10,3720,2,,,,,
2026/09/03 17:46,2026-09-03T18:00:59+09:00,2026/09/04,2026/10/08,2026-10,PUT,61250,995,,,26.23,25.79,955,3,925,13,,,,,
2026/09/03 17:46,2026-09-03T18:00:59+09:00,2026/09/04,2026/10/08,2026-10,CALL,61125,3770,,,28.87,21.38,4015,3,3525,3,,,,,
2026/09/03 17:46,2026-09-03T18:00:59+09:00,2026/09/04,2026/10/08,2026-10,PUT,61125,965,,,26.65,24.84,945,10,825,25,,,,,
2026/09/03 17:46,2026-09-03T18:00:59+09:00,2026/09/04,2026/10/08,2026-10,CALL,61000,3850,,,27.07,25.24,3980,20,3860,24,,,,,
2026/09/03 17:46,2026-09-03T18:00:59+09:00,2026/09/04,2026/10/08,2026-10,PUT,61000,925,,,26.39,26.16,890,2,875,3,,,,,
2026/09/03 17:46,2026-09-03T18:00:59+09:00,2026/09/04,2026/10/08,2026-10,CALL,60875,3975,,,29.36,21.66,4220,3,3730,3,,,,,
2026/09/03 17:46,2026-09-03T18:00:59+09:00,2026/09/04,2026/10/08,2026-10,PUT,60875,920,,,27.32,25,915,25,765,25,,,,,
2026/09/03 17:46,2026-09-03T18:00:59+09:00,2026/09/04,2026/10/08,2026-10,CALL,60750,4045,,,29.17,21.21,4295,8,3800,2,,,,,
2026/09/03 17:46,2026-09-03T18:00:59+09:00,2026/09/04,2026/10/08,2026-10,PUT,60750,875,,,26.64,26.16,835,2,805,14,,,,,
2026/09/03 17:46,2026-09-03T18:00:59+09:00,2026/09/04,2026/10/08,2026-10,CALL,60625,4115,,,28.89,20.71,4365,8,3870,3,,,,,
2026/09/03 17:46,2026-09-03T18:00:59+09:00,2026/09/04,2026/10/08,2026-10,PUT,60625,820,,,27.33,25.34,845,10,720,25,,,,,
2026/09/03 17:46,2026-09-03T18:00:59+09:00,2026/09/04,2026/10/08,2026-10,CALL,60500,4240,,,29.29,21.18,4480,3,3995,3,,,,,
2026/09/03 17:46,2026-09-03T18:00:59+09:00,2026/09/04,2026/10/08,2026-10,PUT,60500,815,,2,26.92,26.59,785,4,765,2,26.81,-70,-8.59,745,09/03 17:35
2026/09/03 17:46,2026-09-03T18:00:59+09:00,2026/09/04,2026/10/08,2026-10,CALL,60375,4290,,,28.81,20.21,4540,8,4045,3,,,,,
2026/09/03 17:46,2026-09-03T18:00:59+09:00,2026/09/04,2026/10/08,2026-10,PUT,60375,755,,,27.61,25.12,795,10,645,25,,,,,
2026/09/03 17:46,2026-09-03T18:00:59+09:00,2026/09/04,2026/10/08,2026-10,CALL,60250,4410,,,29.27,20.57,4660,8,4165,2,,,,,
2026/09/03 17:46,2026-09-03T18:00:59+09:00,2026/09/04,2026/10/08,2026-10,PUT,60250,750,,,27.15,26.9,735,3,720,1,,,,,
2026/09/03 17:46,2026-09-03T18:00:59+09:00,2026/09/04,2026/10/08,2026-10,CALL,60125,4540,,,29.89,21.12,4790,8,4295,3,,,,,
2026/09/03 17:46,2026-09-03T18:00:59+09:00,2026/09/04,2026/10/08,2026-10,PUT,60125,750,,,28.17,26.05,765,27,640,10,,,,,
2026/09/03 17:46,2026-09-03T18:00:59+09:00,2026/09/04,2026/10/08,2026-10,CALL,60000,4640,,,28.19,21.27,4780,18,4405,22,,,,,
2026/09/03 17:46,2026-09-03T18:00:59+09:00,2026/09/04,2026/10/08,2026-10,PUT,60000,715,,,27.33,27.07,685,2,670,4,,,,,
2026/09/03 17:46,2026-09-03T18:00:59+09:00,2026/09/04,2026/10/08,2026-10,CALL,59875,4760,,,30.46,21.4,5010,8,4515,3,,,,,
2026/09/03 17:46,2026-09-03T18:00:59+09:00,2026/09/04,2026/10/08,2026-10,PUT,59875,720,,,28.53,26.25,725,27,595,11,,,,,
2026/09/03 17:46,2026-09-03T18:00:59+09:00,2026/09/04,2026/10/08,2026-10,CALL,59750,4850,,,30.41,21.07,5100,8,4605,2,,,,,
2026/09/03 17:46,2026-09-03T18:00:59+09:00,2026/09/04,2026/10/08,2026-10,PUT,59750,665,,,27.64,27.1,645,4,615,16,,,,,
2026/09/03 17:46,2026-09-03T18:00:59+09:00,2026/09/04,2026/10/08,2026-10,CALL,59625,4965,,,30.76,21.28,5215,8,4720,3,,,,,
2026/09/03 17:46,2026-09-03T18:00:59+09:00,2026/09/04,2026/10/08,2026-10,PUT,59625,675,,,28.76,26.4,680,27,550,12,,,,,
2026/09/03 17:46,2026-09-03T18:00:59+09:00,2026/09/04,2026/10/08,2026-10,CALL,59500,5050,,,30.41,20.75,5290,3,4805,3,,,,,
2026/09/03 17:46,2026-09-03T18:00:59+09:00,2026/09/04,2026/10/08,2026-10,PUT,59500,635,,,27.81,27.35,600,2,575,46,,,,,
2026/09/03 17:46,2026-09-03T18:00:59+09:00,2026/09/04,2026/10/08,2026-10,CALL,59375,5170,,,31.01,21.04,5420,8,4925,3,,,,,
2026/09/03 17:46,2026-09-03T18:00:59+09:00,2026/09/04,2026/10/08,2026-10,PUT,59375,630,,,29.13,26.68,645,27,515,12,,,,,
2026/09/03 17:46,2026-09-03T18:00:59+09:00,2026/09/04,2026/10/08,2026-10,CALL,59250,5250,,,30.72,20.28,5500,8,5005,2,,,,,
2026/09/03 17:46,2026-09-03T18:00:59+09:00,2026/09/04,2026/10/08,2026-10,PUT,59250,585,,,28.13,27.65,565,2,540,16,,,,,
2026/09/03 17:46,2026-09-03T18:00:59+09:00,2026/09/04,2026/10/08,2026-10,CALL,59125,5380,,,31.31,20.81,5630,8,5135,3,,,,,
2026/09/03 17:46,2026-09-03T18:00:59+09:00,2026/09/04,2026/10/08,2026-10,PUT,59125,590,,,29.56,26.93,615,27,480,12,,,,,
2026/09/03 17:46,2026-09-03T18:00:59+09:00,2026/09/04,2026/10/08,2026-10,CALL,59000,5475,,,31.26,20.21,5725,18,5225,18,,,,,
2026/09/03 17:46,2026-09-03T18:00:59+09:00,2026/09/04,2026/10/08,2026-10,PUT,59000,555,,1,28.4,28.2,530,5,520,6,28.32,-60,-10.43,515,09/03 17:08
2026/09/03 17:46,2026-09-03T18:00:59+09:00,2026/09/04,2026/10/08,2026-10,CALL,58875,5575,,,31.29,19.81,5825,6,5325,6,,,,,
2026/09/03 17:46,2026-09-03T18:00:59+09:00,2026/09/04,2026/10/08,2026-10,PUT,58875,535,,,29.86,26.69,580,27,425,27,,,,,
2026/09/03 17:46,2026-09-03T18:00:59+09:00,2026/09/04,2026/10/08,2026-10,CALL,58750,5695,,,31.69,20.02,5945,7,5445,7,,,,,
2026/09/03 17:46,2026-09-03T18:00:59+09:00,2026/09/04,2026/10/08,2026-10,PUT,58750,525,,,28.73,28.32,500,4,480,16,,,,,
2026/09/03 17:46,2026-09-03T18:00:59+09:00,2026/09/04,2026/10/08,2026-10,CALL,58625,5815,,,32.09,20.23,6065,6,5565,6,,,,,
2026/09/03 17:46,2026-09-03T18:00:59+09:00,2026/09/04,2026/10/08,2026-10,PUT,58625,525,,,30.22,27.6,550,27,425,12,,,,,
2026/09/03 17:46,2026-09-03T18:00:59+09:00,2026/09/04,2026/10/08,2026-10,CALL,58500,5900,,,31.79,19.1,6150,12,5650,12,,,,,
2026/09/03 17:46,2026-09-03T18:00:59+09:00,2026/09/04,2026/10/08,2026-10,PUT,58500,485,,,28.92,28.6,465,2,450,6,,,,,
2026/09/03 17:46,2026-09-03T18:00:59+09:00,2026/09/04,2026/10/08,2026-10,CALL,58375,5995,,,31.67,18.1,6245,6,5745,6,,,,,
2026/09/03 17:46,2026-09-03T18:00:59+09:00,2026/09/04,2026/10/08,2026-10,PUT,58375,455,,,30.55,27,520,29,360,28,,,,,
2026/09/03 17:46,2026-09-03T18:00:59+09:00,2026/09/04,2026/10/08,2026-10,CALL,58250,6120,,,32.15,18.44,6370,6,5870,7,,,,,
2026/09/03 17:46,2026-09-03T18:00:59+09:00,2026/09/04,2026/10/08,2026-10,PUT,58250,460,,,29.28,28.95,440,4,425,4,,,,,
2026/09/03 17:46,2026-09-03T18:00:59+09:00,2026/09/04,2026/10/08,2026-10,CALL,58000,6350,,,32.68,18,6600,18,6100,18,,,,,
2026/09/03 17:46,2026-09-03T18:00:59+09:00,2026/09/04,2026/10/08,2026-10,PUT,58000,435,,2,29.61,29.26,415,23,400,24,29.54,-45,-10.34,390,09/03 17:31
2026/09/03 17:46,2026-09-03T18:00:59+09:00,2026/09/04,2026/10/08,2026-10,CALL,57750,6570,,,32.98,16.31,6820,7,6320,7,,,,,
2026/09/03 17:46,2026-09-03T18:00:59+09:00,2026/09/04,2026/10/08,2026-10,PUT,57750,405,,,29.91,29.42,390,5,370,18,,,,,
2026/09/03 17:46,2026-09-03T18:00:59+09:00,2026/09/04,2026/10/08,2026-10,CALL,57500,6800,,,33.47,13.66,7050,12,6550,12,,,,,
2026/09/03 17:46,2026-09-03T18:00:59+09:00,2026/09/04,2026/10/08,2026-10,PUT,57500,385,,,30.16,29.91,365,2,355,8,,,,,
2026/09/03 17:46,2026-09-03T18:00:59+09:00,2026/09/04,2026/10/08,2026-10,CALL,57250,7030,,,33.93,,7280,7,6780,7,,,,,
2026/09/03 17:46,2026-09-03T18:00:59+09:00,2026/09/04,2026/10/08,2026-10,PUT,57250,360,,,30.51,30.11,345,2,330,18,,,,,
2026/09/03 17:46,2026-09-03T18:00:59+09:00,2026/09/04,2026/10/08,2026-10,CALL,57000,7255,,,34.25,,7505,18,7005,18,,,,,
2026/09/03 17:46,2026-09-03T18:00:59+09:00,2026/09/04,2026/10/08,2026-10,PUT,57000,345,,,30.83,30.55,325,3,315,3,,,,,
2026/09/03 17:46,2026-09-03T18:00:59+09:00,2026/09/04,2026/10/08,2026-10,CALL,56750,7485,,,34.67,,7735,7,7235,7,,,,,
2026/09/03 17:46,2026-09-03T18:00:59+09:00,2026/09/04,2026/10/08,2026-10,PUT,56750,325,,,31.25,30.7,310,5,291,18,,,,,
2026/09/03 17:46,2026-09-03T18:00:59+09:00,2026/09/04,2026/10/08,2026-10,CALL,56500,7715,,,35.06,,7965,10,7465,12,,,,,
2026/09/03 17:46,2026-09-03T18:00:59+09:00,2026/09/04,2026/10/08,2026-10,PUT,56500,305,,,31.5,31.2,290,2,280,8,,,,,
2026/09/03 17:46,2026-09-03T18:00:59+09:00,2026/09/04,2026/10/08,2026-10,CALL,56250,7950,,,35.55,,8200,7,7700,7,,,,,
2026/09/03 17:46,2026-09-03T18:00:59+09:00,2026/09/04,2026/10/08,2026-10,PUT,56250,287,,,31.94,31.44,277,5,261,18,,,,,
2026/09/03 17:46,2026-09-03T18:00:59+09:00,2026/09/04,2026/10/08,2026-10,CALL,56000,8180,,,35.89,,8430,18,7930,18,,,,,
2026/09/03 17:46,2026-09-03T18:00:59+09:00,2026/09/04,2026/10/08,2026-10,PUT,56000,273,,,32.18,32.02,259,1,254,9,,,,,
2026/09/03 17:46,2026-09-03T18:00:59+09:00,2026/09/04,2026/10/08,2026-10,CALL,55750,8420,,,36.48,,8670,7,8170,7,,,,,
2026/09/03 17:46,2026-09-03T18:00:59+09:00,2026/09/04,2026/10/08,2026-10,PUT,55750,257,,,32.73,32.12,251,5,233,18,,,,,
2026/09/03 17:46,2026-09-03T18:00:59+09:00,2026/09/04,2026/10/08,2026-10,CALL,55500,8655,,,36.92,,8905,10,8405,12,,,,,
2026/09/03 17:46,2026-09-03T18:00:59+09:00,2026/09/04,2026/10/08,2026-10,PUT,55500,241,,,33.03,32.53,236,2,222,30,,,,,
2026/09/03 17:46,2026-09-03T18:00:59+09:00,2026/09/04,2026/10/08,2026-10,CALL,55250,8895,,,37.49,,9145,6,8645,7,,,,,
2026/09/03 17:46,2026-09-03T18:00:59+09:00,2026/09/04,2026/10/08,2026-10,PUT,55250,231,,,33.47,32.77,226,5,207,18,,,,,
2026/09/03 17:46,2026-09-03T18:00:59+09:00,2026/09/04,2026/10/08,2026-10,CALL,55000,9130,,,37.89,,9380,18,8880,18,,,,,
2026/09/03 17:46,2026-09-03T18:00:59+09:00,2026/09/04,2026/10/08,2026-10,PUT,55000,222,,2,33.66,33.47,210,1,205,10,33.59,-21,-9.46,201,09/03 17:22
2026/09/03 17:46,2026-09-03T18:00:59+09:00,2026/09/04,2026/12/10,2026-12,CALL,66750,1970,,,23.46,22.57,2090,20,1975,1,,,,,
2026/09/03 17:46,2026-09-03T18:00:59+09:00,2026/09/04,2026/12/10,2026-12,PUT,66750,4620,,,,,,,,,,,,,
2026/09/03 17:46,2026-09-03T18:00:59+09:00,2026/09/04,2026/12/10,2026-12,CALL,66500,2060,,,23.54,22.62,2190,20,2070,20,,,,,
2026/09/03 17:46,2026-09-03T18:00:59+09:00,2026/09/04,2026/12/10,2026-12,PUT,66500,4460,,,,,,,,,,,,,
2026/09/03 17:46,2026-09-03T18:00:59+09:00,2026/09/04,2026/12/10,2026-12,CALL,66250,2175,,,23.59,22.68,2290,20,2170,20,,,,,
2026/09/03 17:46,2026-09-03T18:00:59+09:00,2026/09/04,2026/12/10,2026-12,PUT,66250,4325,,,,,,,,,,,,,
2026/09/03 17:46,2026-09-03T18:00:59+09:00,2026/09/04,2026/12/10,2026-12,CALL,66000,2265,,,23.62,22.71,2390,20,2270,20,,,,,
2026/09/03 17:46,2026-09-03T18:00:59+09:00,2026/09/04,2026/12/10,2026-12,PUT,66000,4170,,,23.32,22.41,4110,20,3990,20,,,,,
2026/09/03 17:46,2026-09-03T18:00:59+09:00,2026/09/04,2026/12/10,2026-12,CALL,65750,2380,,,23.71,22.8,2500,20,2380,20,,,,,
2026/09/03 17:46,2026-09-03T18:00:59+09:00,2026/09/04,2026/12/10,2026-12,PUT,65750,4035,,,23.41,22.5,3970,20,3850,20,,,,,
2026/09/03 17:46,2026-09-03T18:00:59+09:00,2026/09/04,2026/12/10,2026-12,CALL,65500,2485,,,23.73,22.87,2605,20,2490,1,,,,,
2026/09/03 17:46,2026-09-03T18:00:59+09:00,2026/09/04,2026/12/10,2026-12,PUT,65500,3890,,,23.47,22.57,3830,20,3710,20,,,,,
2026/09/03 17:46,2026-09-03T18:00:59+09:00,2026/09/04,2026/12/10,2026-12,CALL,65250,2600,,,23.58,22.68,2690,20,2570,20,,,,,
2026/09/03 17:46,2026-09-03T18:00:59+09:00,2026/09/04,2026/12/10,2026-12,PUT,65250,3755,,,23.55,22.65,3695,20,3575,20,,,,,
2026/09/03 17:46,2026-09-03T18:00:59+09:00,2026/09/04,2026/12/10,2026-12,CALL,65000,2705,,,23.83,22.96,2830,20,2715,1,,,,,
2026/09/03 17:46,2026-09-03T18:00:59+09:00,2026/09/04,2026/12/10,2026-12,PUT,65000,3615,,,23.64,22.74,3565,20,3445,20,,,,,
2026/09/03 17:46,2026-09-03T18:00:59+09:00,2026/09/04,2026/12/10,2026-12,CALL,64750,2835,,,23.93,23.07,2955,20,2840,1,,,,,
2026/09/03 17:46,2026-09-03T18:00:59+09:00,2026/09/04,2026/12/10,2026-12,PUT,64750,3495,,,23.71,22.81,3435,20,3315,20,,,,,
2026/09/03 17:46,2026-09-03T18:00:59+09:00,2026/09/04,2026/12/10,2026-12,CALL,64500,2960,,,23.98,23.11,3075,20,2960,1,,,,,
2026/09/03 17:46,2026-09-03T18:00:59+09:00,2026/09/04,2026/12/10,2026-12,PUT,64500,3365,,,23.83,22.93,3315,20,3195,20,,,,,
2026/09/03 17:46,2026-09-03T18:00:59+09:00,2026/09/04,2026/12/10,2026-12,CALL,64250,3080,,,24.11,23.25,3210,20,3095,1,,,,,
2026/09/03 17:46,2026-09-03T18:00:59+09:00,2026/09/04,2026/12/10,2026-12,PUT,64250,3240,,,23.92,23.02,3195,20,3075,20,,,,,
2026/09/03 17:46,2026-09-03T18:00:59+09:00,2026/09/04,2026/12/10,2026-12,CALL,64000,3210,,,24.18,23.32,3340,20,3225,1,,,,,
2026/09/03 17:46,2026-09-03T18:00:59+09:00,2026/09/04,2026/12/10,2026-12,PUT,64000,3120,,,24.03,23.13,3080,20,2960,20,,,,,
2026/09/03 17:46,2026-09-03T18:00:59+09:00,2026/09/04,2026/12/10,2026-12,CALL,63750,3350,,,24.27,23.4,3475,20,3360,1,,,,,
2026/09/03 17:46,2026-09-03T18:00:59+09:00,2026/09/04,2026/12/10,2026-12,PUT,63750,3005,,,24.01,23.1,2950,20,2830,20,,,,,
2026/09/03 17:46,2026-09-03T18:00:59+09:00,2026/09/04,2026/12/10,2026-12,CALL,63500,3485,,,24.22,23.35,3595,20,3480,1,,,,,
2026/09/03 17:46,2026-09-03T18:00:59+09:00,2026/09/04,2026/12/10,2026-12,PUT,63500,2900,,,24.11,23.2,2840,20,2720,20,,,,,
2026/09/03 17:46,2026-09-03T18:00:59+09:00,2026/09/04,2026/12/10,2026-12,CALL,63250,3635,,,,,,,,,,,,,
2026/09/03 17:46,2026-09-03T18:00:59+09:00,2026/09/04,2026/12/10,2026-12,PUT,63250,2785,,,24.23,23.31,2735,20,2615,20,,,,,
2026/09/03 17:46,2026-09-03T18:00:59+09:00,2026/09/04,2026/12/10,2026-12,CALL,63000,3775,,,,,,,,,,,,,
2026/09/03 17:46,2026-09-03T18:00:59+09:00,2026/09/04,2026/12/10,2026-12,PUT,63000,2680,,,24.32,23.4,2630,20,2510,20,,,,,
2026/09/03 17:46,2026-09-03T18:00:59+09:00,2026/09/04,2026/12/10,2026-12,CALL,62750,3920,,,,,,,,,,,,,
2026/09/03 17:46,2026-09-03T18:00:59+09:00,2026/09/04,2026/12/10,2026-12,PUT,62750,2575,,,24.44,23.51,2530,20,2410,20,,,,,
2026/09/03 17:46,2026-09-03T18:00:59+09:00,2026/09/04,2026/12/10,2026-12,CALL,62500,4070,,,,,,,,,,,,,
2026/09/03 17:46,2026-09-03T18:00:59+09:00,2026/09/04,2026/12/10,2026-12,PUT,62500,2480,,,24.53,23.59,2430,20,2310,20,,,,,
2026/09/03 17:46,2026-09-03T18:00:59+09:00,2026/09/04,2026/12/10,2026-12,CALL,62250,4225,,,,,,,,,,,,,
2026/09/03 17:46,2026-09-03T18:00:59+09:00,2026/09/04,2026/12/10,2026-12,PUT,62250,2395,,,24.67,23.73,2340,20,2220,20,,,,,
2026/09/03 17:46,2026-09-03T18:00:59+09:00,2026/09/04,2026/12/10,2026-12,CALL,62000,4385,,,,,,,,,,,,,
2026/09/03 17:46,2026-09-03T18:00:59+09:00,2026/09/04,2026/12/10,2026-12,PUT,62000,2300,,,24.79,23.84,2250,20,2130,20,,,,,
2026/09/03 17:46,2026-09-03T18:00:59+09:00,2026/09/04,2026/12/10,2026-12,CALL,61750,4545,,,,,,,,,,,,,
2026/09/03 17:46,2026-09-03T18:00:59+09:00,2026/09/04,2026/12/10,2026-12,PUT,61750,2210,,,24.9,23.93,2160,20,2040,20,,,,,
