qri_update_time,collected_at,trading_day,last_trading_day,contract,option_type,strike,settlement,open_interest,volume,ask_iv,bid_iv,ask_price,ask_quantity,bid_price,bid_quantity,iv,change,change_percent,last_price,trade_time
2026/10/02 22:52,2026-10-02T23:07:11+09:00,2026/10/05,2026/10/08,2026-10,CALL,79000,1,170,6,29.7,,1,12,,,30.97,0,0,1,10/02 21:07
2026/10/02 22:52,2026-10-02T23:07:11+09:00,2026/10/05,2026/10/08,2026-10,PUT,79000,10515,1,,,,,,,,,,,,
2026/10/02 22:52,2026-10-02T23:07:11+09:00,2026/10/05,2026/10/08,2026-10,CALL,78500,1,453,13,30.13,28.32,2,9,1,6,29.11,0,0,1,10/02 20:32
2026/10/02 22:52,2026-10-02T23:07:11+09:00,2026/10/05,2026/10/08,2026-10,PUT,78500,10015,,,,,,,,,,,,,
2026/10/02 22:52,2026-10-02T23:07:11+09:00,2026/10/05,2026/10/08,2026-10,CALL,78000,1,793,38,28.66,,2,65,,,28.62,0,0,1,10/02 19:03
2026/10/02 22:52,2026-10-02T23:07:11+09:00,2026/10/05,2026/10/08,2026-10,PUT,78000,9515,,,,,,,,,,,,,
2026/10/02 22:52,2026-10-02T23:07:11+09:00,2026/10/05,2026/10/08,2026-10,CALL,77500,1,152,2,27.18,25.53,2,6,1,4,27.02,0,0,1,10/02 18:55
2026/10/02 22:52,2026-10-02T23:07:11+09:00,2026/10/05,2026/10/08,2026-10,PUT,77500,9015,,,,,,,,,,,,,
2026/10/02 22:52,2026-10-02T23:07:11+09:00,2026/10/05,2026/10/08,2026-10,CALL,77000,1,1270,76,25.68,24.1,2,31,1,32,25.8,1,100,2,10/02 22:43
2026/10/02 22:52,2026-10-02T23:07:11+09:00,2026/10/05,2026/10/08,2026-10,PUT,77000,8515,,,,,,,,,,,,,
2026/10/02 22:52,2026-10-02T23:07:11+09:00,2026/10/05,2026/10/08,2026-10,CALL,76500,2,89,1,25.95,24.17,4,2,2,23,25.82,2,200,3,10/02 22:31
2026/10/02 22:52,2026-10-02T23:07:11+09:00,2026/10/05,2026/10/08,2026-10,PUT,76500,8020,,,,,,,,,,,,,
2026/10/02 22:52,2026-10-02T23:07:11+09:00,2026/10/05,2026/10/08,2026-10,CALL,76250,2,254,2,25.77,24.38,5,1,3,20,25.52,2,100,4,10/02 22:16
2026/10/02 22:52,2026-10-02T23:07:11+09:00,2026/10/05,2026/10/08,2026-10,PUT,76250,7770,,,,,,,,,,,,,
2026/10/02 22:52,2026-10-02T23:07:11+09:00,2026/10/05,2026/10/08,2026-10,CALL,76000,2,1083,82,25.94,24.94,7,15,5,4,25.71,3,150,5,10/02 22:32
2026/10/02 22:52,2026-10-02T23:07:11+09:00,2026/10/05,2026/10/08,2026-10,PUT,76000,7520,,,,,,,,,,,,,
2026/10/02 22:52,2026-10-02T23:07:11+09:00,2026/10/05,2026/10/08,2026-10,CALL,75750,3,132,2,25.88,24.1,9,15,5,20,25.04,,,7,10/02 22:44
2026/10/02 22:52,2026-10-02T23:07:11+09:00,2026/10/05,2026/10/08,2026-10,PUT,75750,7270,,,,,,,,,,,,,
2026/10/02 22:52,2026-10-02T23:07:11+09:00,2026/10/05,2026/10/08,2026-10,CALL,75500,3,203,14,25.33,24.61,10,16,8,18,25.37,5,166.67,8,10/02 21:40
2026/10/02 22:52,2026-10-02T23:07:11+09:00,2026/10/05,2026/10/08,2026-10,PUT,75500,7020,,,,,,,3,10,,,,,
2026/10/02 22:52,2026-10-02T23:07:11+09:00,2026/10/05,2026/10/08,2026-10,CALL,75250,3,178,7,25.82,22.89,15,8,6,8,25.13,9,300,12,10/02 22:37
2026/10/02 22:52,2026-10-02T23:07:11+09:00,2026/10/05,2026/10/08,2026-10,PUT,75250,6770,,,74.05,,6520,4,5330,1,,,,,
2026/10/02 22:52,2026-10-02T23:07:11+09:00,2026/10/05,2026/10/08,2026-10,CALL,75000,4,2719,158,25.09,24.36,16,12,13,1,24.8,11,275,15,10/02 22:51
2026/10/02 22:52,2026-10-02T23:07:11+09:00,2026/10/05,2026/10/08,2026-10,PUT,75000,6520,,,58.52,,5875,8,4875,8,,,,,
2026/10/02 22:52,2026-10-02T23:07:11+09:00,2026/10/05,2026/10/08,2026-10,CALL,74750,6,134,3,25.85,22.57,25,8,10,8,25.06,8,160,13,10/02 21:19
2026/10/02 22:52,2026-10-02T23:07:11+09:00,2026/10/05,2026/10/08,2026-10,PUT,74750,6275,,,55.95,,5600,4,4750,5,,,,,
2026/10/02 22:52,2026-10-02T23:07:11+09:00,2026/10/05,2026/10/08,2026-10,CALL,74500,15,605,56,25.44,24.3,29,11,22,8,25.22,10,66.67,25,10/02 22:41
2026/10/02 22:52,2026-10-02T23:07:11+09:00,2026/10/05,2026/10/08,2026-10,PUT,74500,6025,,,56.5,,5410,4,4660,5,,,,,
2026/10/02 22:52,2026-10-02T23:07:11+09:00,2026/10/05,2026/10/08,2026-10,CALL,74250,9,242,6,25.93,22.14,41,21,16,8,24.03,10,76.92,23,10/02 21:39
2026/10/02 22:52,2026-10-02T23:07:11+09:00,2026/10/05,2026/10/08,2026-10,PUT,74250,5775,,,54.98,,5165,4,4280,5,,,,,
2026/10/02 22:52,2026-10-02T23:07:11+09:00,2026/10/05,2026/10/08,2026-10,CALL,74000,10,1295,262,25.25,24.58,45,16,39,1,24.47,30,300,40,10/02 22:50
2026/10/02 22:52,2026-10-02T23:07:11+09:00,2026/10/05,2026/10/08,2026-10,PUT,74000,5530,,,53.43,,4920,8,4075,8,,,,,
2026/10/02 22:52,2026-10-02T23:07:11+09:00,2026/10/05,2026/10/08,2026-10,CALL,73750,14,236,4,25.28,23.67,57,3,41,3,24.76,45,450,55,10/02 22:47
2026/10/02 22:52,2026-10-02T23:07:11+09:00,2026/10/05,2026/10/08,2026-10,PUT,73750,5280,,,51.67,,4670,4,3800,5,,,,,
2026/10/02 22:52,2026-10-02T23:07:11+09:00,2026/10/05,2026/10/08,2026-10,CALL,73500,10,307,71,25.26,23.99,71,7,56,6,24.36,53,530,63,10/02 22:50
2026/10/02 22:52,2026-10-02T23:07:11+09:00,2026/10/05,2026/10/08,2026-10,PUT,73500,5035,,,49.89,,4420,4,3455,5,,,,,
2026/10/02 22:52,2026-10-02T23:07:11+09:00,2026/10/05,2026/10/08,2026-10,CALL,73250,21,105,14,25.44,24.15,91,4,73,3,24.42,61,321.05,80,10/02 22:50
2026/10/02 22:52,2026-10-02T23:07:11+09:00,2026/10/05,2026/10/08,2026-10,PUT,73250,4790,,,48.25,,4175,4,3270,5,,,,,
2026/10/02 22:52,2026-10-02T23:07:11+09:00,2026/10/05,2026/10/08,2026-10,CALL,73000,27,2706,414,25.55,24.7,114,12,100,8,24.92,78,288.89,105,10/02 22:51
2026/10/02 22:52,2026-10-02T23:07:11+09:00,2026/10/05,2026/10/08,2026-10,PUT,73000,4545,,,46.57,,3930,8,3080,9,,,,,
2026/10/02 22:52,2026-10-02T23:07:11+09:00,2026/10/05,2026/10/08,2026-10,CALL,72750,32,46,12,25.53,24.1,139,5,113,3,25.01,88,275,120,10/02 22:24
2026/10/02 22:52,2026-10-02T23:07:11+09:00,2026/10/05,2026/10/08,2026-10,PUT,72750,4305,,,45.01,,3690,4,2815,5,,,,,
2026/10/02 22:52,2026-10-02T23:07:11+09:00,2026/10/05,2026/10/08,2026-10,CALL,72500,42,452,88,25.44,24.12,167,14,140,4,24.23,113,322.86,148,10/02 22:46
2026/10/02 22:52,2026-10-02T23:07:11+09:00,2026/10/05,2026/10/08,2026-10,PUT,72500,4060,1,,43.24,,3445,4,2590,6,,,,,
2026/10/02 22:52,2026-10-02T23:07:11+09:00,2026/10/05,2026/10/08,2026-10,CALL,72250,50,112,13,25.53,24.13,204,2,172,2,24.87,149,298,199,10/02 22:47
2026/10/02 22:52,2026-10-02T23:07:11+09:00,2026/10/05,2026/10/08,2026-10,PUT,72250,3825,,,41.89,18.36,3215,4,2605,5,,,,,
2026/10/02 22:52,2026-10-02T23:07:11+09:00,2026/10/05,2026/10/08,2026-10,CALL,72125,64,4,3,25.38,24.17,220,2,191,7,24.92,142,267.92,195,10/02 22:17
2026/10/02 22:52,2026-10-02T23:07:11+09:00,2026/10/05,2026/10/08,2026-10,PUT,72125,3705,,,41.04,,3095,2,2165,3,,,,,
2026/10/02 22:52,2026-10-02T23:07:11+09:00,2026/10/05,2026/10/08,2026-10,CALL,72000,70,3612,308,25.3,24.35,239,6,215,1,24.43,155,221.43,225,10/02 22:50
2026/10/02 22:52,2026-10-02T23:07:11+09:00,2026/10/05,2026/10/08,2026-10,PUT,72000,3585,1,,40.17,12.54,2975,8,2305,9,,,,,
2026/10/02 22:52,2026-10-02T23:07:11+09:00,2026/10/05,2026/10/08,2026-10,CALL,71875,81,4,,25.47,23.79,266,1,222,1,,,,,
2026/10/02 22:52,2026-10-02T23:07:11+09:00,2026/10/05,2026/10/08,2026-10,PUT,71875,3475,,,39.59,20.32,2865,2,2305,3,,,,,
2026/10/02 22:52,2026-10-02T23:07:11+09:00,2026/10/05,2026/10/08,2026-10,CALL,71750,83,37,14,25.28,23.81,285,8,245,3,24.66,180,240,255,10/02 22:25
2026/10/02 22:52,2026-10-02T23:07:11+09:00,2026/10/05,2026/10/08,2026-10,PUT,71750,3355,,,38.54,19.3,2740,4,2175,5,,,,,
2026/10/02 22:52,2026-10-02T23:07:11+09:00,2026/10/05,2026/10/08,2026-10,CALL,71625,100,7,2,27.45,23.77,375,6,268,4,23.78,64,77.11,147,10/02 17:09
2026/10/02 22:52,2026-10-02T23:07:11+09:00,2026/10/05,2026/10/08,2026-10,PUT,71625,3240,,,37.92,,2630,2,1870,3,,,,,
2026/10/02 22:52,2026-10-02T23:07:11+09:00,2026/10/05,2026/10/08,2026-10,CALL,71500,101,821,54,24.82,24.15,325,4,305,4,24.82,224,221.78,325,10/02 22:48
2026/10/02 22:52,2026-10-02T23:07:11+09:00,2026/10/05,2026/10/08,2026-10,PUT,71500,3130,,,37.12,16.33,2515,4,1895,5,,,,,
2026/10/02 22:52,2026-10-02T23:07:11+09:00,2026/10/05,2026/10/08,2026-10,CALL,71375,123,,,25.18,23.87,365,2,325,2,,,,,
2026/10/02 22:52,2026-10-02T23:07:11+09:00,2026/10/05,2026/10/08,2026-10,PUT,71375,3015,,,36.31,,2400,2,1625,3,,,,,
2026/10/02 22:52,2026-10-02T23:07:11+09:00,2026/10/05,2026/10/08,2026-10,CALL,71250,127,145,5,24.97,24.03,390,12,360,12,24.36,247,228.7,355,10/02 22:42
2026/10/02 22:52,2026-10-02T23:07:11+09:00,2026/10/05,2026/10/08,2026-10,PUT,71250,2905,,,45.6,9.64,2650,4,1560,4,,,,,
2026/10/02 22:52,2026-10-02T23:07:11+09:00,2026/10/05,2026/10/08,2026-10,CALL,71125,153,3,1,25.18,23.95,430,2,390,2,23.66,47,34.31,184,10/02 17:05
2026/10/02 22:52,2026-10-02T23:07:11+09:00,2026/10/05,2026/10/08,2026-10,PUT,71125,2795,,,44.8,17.51,2540,2,1610,3,,,,,
2026/10/02 22:52,2026-10-02T23:07:11+09:00,2026/10/05,2026/10/08,2026-10,CALL,71000,162,1824,326,25.01,24.27,460,22,435,7,24.58,288,177.78,450,10/02 22:51
2026/10/02 22:52,2026-10-02T23:07:11+09:00,2026/10/05,2026/10/08,2026-10,PUT,71000,2685,,,28.79,21.68,1880,15,1640,16,,,,,
2026/10/02 22:52,2026-10-02T23:07:11+09:00,2026/10/05,2026/10/08,2026-10,CALL,70875,185,2,6,25.23,23.77,505,2,455,2,24.69,159,105.3,310,10/02 18:15
2026/10/02 22:52,2026-10-02T23:07:11+09:00,2026/10/05,2026/10/08,2026-10,PUT,70875,2575,,,43.25,17.5,2325,6,1415,2,,,,,
2026/10/02 22:52,2026-10-02T23:07:11+09:00,2026/10/05,2026/10/08,2026-10,CALL,70750,190,288,7,25.08,24.09,540,3,505,2,24.32,322,191.67,490,10/02 21:57
2026/10/02 22:52,2026-10-02T23:07:11+09:00,2026/10/05,2026/10/08,2026-10,PUT,70750,2475,,,42.63,16.18,2225,8,1280,4,,,,,
2026/10/02 22:52,2026-10-02T23:07:11+09:00,2026/10/05,2026/10/08,2026-10,CALL,70625,222,24,1,25.3,23.91,590,3,540,3,24.46,240,84.21,525,10/02 22:22
2026/10/02 22:52,2026-10-02T23:07:11+09:00,2026/10/05,2026/10/08,2026-10,PUT,70625,2370,,,41.72,20.38,2115,2,1330,2,,,,,
2026/10/02 22:52,2026-10-02T23:07:11+09:00,2026/10/05,2026/10/08,2026-10,CALL,70500,230,391,57,25.31,23.81,635,4,580,4,24.02,375,163.04,605,10/02 22:46
2026/10/02 22:52,2026-10-02T23:07:11+09:00,2026/10/05,2026/10/08,2026-10,PUT,70500,2265,,2,25.58,22.71,1435,15,1330,8,24.43,,,1440,10/02 22:11
2026/10/02 22:52,2026-10-02T23:07:11+09:00,2026/10/05,2026/10/08,2026-10,CALL,70375,267,127,,25.52,23.5,690,2,615,2,,,,,
2026/10/02 22:52,2026-10-02T23:07:11+09:00,2026/10/05,2026/10/08,2026-10,PUT,70375,2165,,,25.92,22.28,1370,9,1235,9,,,,,
2026/10/02 22:52,2026-10-02T23:07:11+09:00,2026/10/05,2026/10/08,2026-10,CALL,70250,278,46,2,25.26,23.94,730,3,680,3,24.33,430,162.26,695,10/02 22:48
2026/10/02 22:52,2026-10-02T23:07:11+09:00,2026/10/05,2026/10/08,2026-10,PUT,70250,2065,,,25.79,22.34,1290,11,1160,11,,,,,
2026/10/02 22:52,2026-10-02T23:07:11+09:00,2026/10/05,2026/10/08,2026-10,CALL,70125,315,5,3,25.87,23.76,805,2,725,3,24.6,250,64.94,635,10/02 21:27
2026/10/02 22:52,2026-10-02T23:07:11+09:00,2026/10/05,2026/10/08,2026-10,PUT,70125,1970,,,25.87,22.45,1220,9,1090,9,,,,,
2026/10/02 22:52,2026-10-02T23:07:11+09:00,2026/10/05,2026/10/08,2026-10,CALL,70000,330,2600,326,25.23,24.05,835,19,790,7,24.83,490,148.48,820,10/02 22:48
2026/10/02 22:52,2026-10-02T23:07:11+09:00,2026/10/05,2026/10/08,2026-10,PUT,70000,1875,112,20,24.83,23.4,1110,5,1055,5,24.42,,,1070,10/02 22:46
2026/10/02 22:52,2026-10-02T23:07:11+09:00,2026/10/05,2026/10/08,2026-10,CALL,69875,380,117,,25.95,23.09,920,7,810,7,,,,,
2026/10/02 22:52,2026-10-02T23:07:11+09:00,2026/10/05,2026/10/08,2026-10,PUT,69875,1785,,,25.3,23.22,1060,2,980,2,,,,,
2026/10/02 22:52,2026-10-02T23:07:11+09:00,2026/10/05,2026/10/08,2026-10,CALL,69750,415,128,9,25.71,23.24,970,6,875,13,24.33,415,100,830,10/02 21:30
2026/10/02 22:52,2026-10-02T23:07:11+09:00,2026/10/05,2026/10/08,2026-10,PUT,69750,1695,,3,24.54,23.76,965,3,935,3,24.15,,,950,10/02 22:48
2026/10/02 22:52,2026-10-02T23:07:11+09:00,2026/10/05,2026/10/08,2026-10,CALL,69625,380,99,1,26.56,23.57,1065,9,950,1,24.41,435,114.47,815,10/02 20:40
2026/10/02 22:52,2026-10-02T23:07:11+09:00,2026/10/05,2026/10/08,2026-10,PUT,69625,1605,,,25.26,23.05,930,2,845,3,,,,,
2026/10/02 22:52,2026-10-02T23:07:11+09:00,2026/10/05,2026/10/08,2026-10,CALL,69500,465,467,32,26.58,23.44,1130,11,1010,1,24.24,365,78.49,830,10/02 21:14
2026/10/02 22:52,2026-10-02T23:07:11+09:00,2026/10/05,2026/10/08,2026-10,PUT,69500,1520,1,5,24.88,23.83,855,4,815,4,24.37,,,815,10/02 22:46
2026/10/02 22:52,2026-10-02T23:07:11+09:00,2026/10/05,2026/10/08,2026-10,CALL,69375,535,3,4,26.39,21.53,1190,3,1005,3,25.03,340,51.52,1000,10/02 21:29
2026/10/02 22:52,2026-10-02T23:07:11+09:00,2026/10/05,2026/10/08,2026-10,PUT,69375,1440,,,25.21,23.24,810,2,735,2,,,,,
2026/10/02 22:52,2026-10-02T23:07:11+09:00,2026/10/05,2026/10/08,2026-10,CALL,69250,550,29,8,29.19,19.89,1365,5,1015,4,24.86,310,56.36,860,10/02 19:11
2026/10/02 22:52,2026-10-02T23:07:11+09:00,2026/10/05,2026/10/08,2026-10,PUT,69250,1365,1,2,24.95,24.02,745,4,710,4,25.16,,,945,10/02 21:05
2026/10/02 22:52,2026-10-02T23:07:11+09:00,2026/10/05,2026/10/08,2026-10,CALL,69125,630,7,,29.84,10.32,1460,2,755,6,,,,,
2026/10/02 22:52,2026-10-02T23:07:11+09:00,2026/10/05,2026/10/08,2026-10,PUT,69125,1280,,,25.29,23.95,705,2,655,2,,,,,
2026/10/02 22:52,2026-10-02T23:07:11+09:00,2026/10/05,2026/10/08,2026-10,CALL,69000,670,2570,40,27.33,19.36,1440,28,1150,27,24.49,650,97.01,1320,10/02 22:39
2026/10/02 22:52,2026-10-02T23:07:11+09:00,2026/10/05,2026/10/08,2026-10,PUT,69000,1215,243,32,24.75,24.2,635,4,615,5,25,-655,-51.37,620,10/02 22:47
2026/10/02 22:52,2026-10-02T23:07:11+09:00,2026/10/05,2026/10/08,2026-10,CALL,68875,745,159,7,27.44,16.36,1520,3,1130,6,25.31,640,92.75,1330,10/02 21:30
2026/10/02 22:52,2026-10-02T23:07:11+09:00,2026/10/05,2026/10/08,2026-10,PUT,68875,1140,,,25.37,23.7,610,2,550,2,,,,,
2026/10/02 22:52,2026-10-02T23:07:11+09:00,2026/10/05,2026/10/08,2026-10,CALL,68750,690,367,,31.51,,1745,5,815,8,,,,,
2026/10/02 22:52,2026-10-02T23:07:11+09:00,2026/10/05,2026/10/08,2026-10,PUT,68750,1075,5,1,25.1,24.1,555,4,520,4,24.78,-265,-25.24,785,10/02 18:16
2026/10/02 22:52,2026-10-02T23:07:11+09:00,2026/10/05,2026/10/08,2026-10,CALL,68625,830,1,,32.54,,1860,2,980,6,,,,,
2026/10/02 22:52,2026-10-02T23:07:11+09:00,2026/10/05,2026/10/08,2026-10,PUT,68625,1010,62,,25.47,24.3,525,2,485,2,,,,,
2026/10/02 22:52,2026-10-02T23:07:11+09:00,2026/10/05,2026/10/08,2026-10,CALL,68500,870,1430,4,28.41,17.5,1795,5,1440,12,24.49,370,42.53,1240,10/02 19:11
2026/10/02 22:52,2026-10-02T23:07:11+09:00,2026/10/05,2026/10/08,2026-10,PUT,68500,955,144,17,25.19,24.59,475,6,455,6,24.95,-465,-48.69,490,10/02 22:36
2026/10/02 22:52,2026-10-02T23:07:11+09:00,2026/10/05,2026/10/08,2026-10,CALL,68375,1000,14,,30.35,,1945,3,1260,6,,,,,
2026/10/02 22:52,2026-10-02T23:07:11+09:00,2026/10/05,2026/10/08,2026-10,PUT,68375,900,61,,25.44,24.21,445,2,405,2,,,,,
2026/10/02 22:52,2026-10-02T23:07:11+09:00,2026/10/05,2026/10/08,2026-10,CALL,68250,1060,107,1,34.18,19.31,2160,5,1685,8,24.99,575,63.19,1485,10/02 19:02
2026/10/02 22:52,2026-10-02T23:07:11+09:00,2026/10/05,2026/10/08,2026-10,PUT,68250,835,200,1,25.31,24.52,405,11,380,4,24.66,-655,-55.51,525,10/02 19:50
2026/10/02 22:52,2026-10-02T23:07:11+09:00,2026/10/05,2026/10/08,2026-10,CALL,68125,1135,68,,32.12,,2175,2,1415,2,,,,,
2026/10/02 22:52,2026-10-02T23:07:11+09:00,2026/10/05,2026/10/08,2026-10,PUT,68125,785,1,,25.6,24.62,380,2,350,2,,,,,
2026/10/02 22:52,2026-10-02T23:07:11+09:00,2026/10/05,2026/10/08,2026-10,CALL,68000,1190,2234,12,30.04,17.83,2195,20,1850,20,26.99,910,76.47,2100,10/02 22:49
2026/10/02 22:52,2026-10-02T23:07:11+09:00,2026/10/05,2026/10/08,2026-10,PUT,68000,750,712,124,25.49,24.99,345,7,330,4,25.51,-415,-55.33,335,10/02 22:50
2026/10/02 22:52,2026-10-02T23:07:11+09:00,2026/10/05,2026/10/08,2026-10,CALL,67875,1295,21,,29.85,,2280,3,1755,2,,,,,
2026/10/02 22:52,2026-10-02T23:07:11+09:00,2026/10/05,2026/10/08,2026-10,PUT,67875,685,,,25.84,24.74,325,2,294,2,,,,,
2026/10/02 22:52,2026-10-02T23:07:11+09:00,2026/10/05,2026/10/08,2026-10,CALL,67750,1375,1046,,38.03,,2630,4,1505,4,,,,,
2026/10/02 22:52,2026-10-02T23:07:11+09:00,2026/10/05,2026/10/08,2026-10,PUT,67750,710,118,18,25.81,24.82,296,10,269,2,25.2,-400,-56.34,310,10/02 22:30
2026/10/02 22:52,2026-10-02T23:07:11+09:00,2026/10/05,2026/10/08,2026-10,CALL,67625,1455,94,,38.87,,2745,2,1660,2,,,,,
2026/10/02 22:52,2026-10-02T23:07:11+09:00,2026/10/05,2026/10/08,2026-10,PUT,67625,595,6,,26.31,24.86,283,5,245,5,,,,,
2026/10/02 22:52,2026-10-02T23:07:11+09:00,2026/10/05,2026/10/08,2026-10,CALL,67500,1540,850,,39.54,,2855,5,1990,4,,,,,
2026/10/02 22:52,2026-10-02T23:07:11+09:00,2026/10/05,2026/10/08,2026-10,PUT,67500,615,271,21,26.34,25.11,259,4,228,4,25.99,-373,-60.65,242,10/02 22:50
2026/10/02 22:52,2026-10-02T23:07:11+09:00,2026/10/05,2026/10/08,2026-10,CALL,67375,1635,82,,31.1,,2695,3,2100,2,,,,,
2026/10/02 22:52,2026-10-02T23:07:11+09:00,2026/10/05,2026/10/08,2026-10,PUT,67375,525,,,26.48,25.11,239,1,206,1,,,,,
2026/10/02 22:52,2026-10-02T23:07:11+09:00,2026/10/05,2026/10/08,2026-10,CALL,67250,1715,52,,41.45,,3095,4,2140,4,,,,,
2026/10/02 22:52,2026-10-02T23:07:11+09:00,2026/10/05,2026/10/08,2026-10,PUT,67250,480,6,1,26.6,25.34,220,10,191,6,26.23,-470,-68.12,220,10/02 22:28
2026/10/02 22:52,2026-10-02T23:07:11+09:00,2026/10/05,2026/10/08,2026-10,CALL,67125,1805,54,,42.23,,3210,2,2360,2,,,,,
2026/10/02 22:52,2026-10-02T23:07:11+09:00,2026/10/05,2026/10/08,2026-10,PUT,67125,445,,,26.75,25.42,203,1,174,1,,,,,
2026/10/02 22:52,2026-10-02T23:07:11+09:00,2026/10/05,2026/10/08,2026-10,CALL,67000,1865,1497,,33.1,,3045,9,2310,8,,,,,
2026/10/02 22:52,2026-10-02T23:07:11+09:00,2026/10/05,2026/10/08,2026-10,PUT,67000,420,1402,68,26.94,25.65,188,30,161,33,26.18,-240,-57.14,180,10/02 22:27
2026/10/02 22:52,2026-10-02T23:07:11+09:00,2026/10/05,2026/10/08,2026-10,CALL,66875,1995,35,,43.74,,3440,2,2560,2,,,,,
2026/10/02 22:52,2026-10-02T23:07:11+09:00,2026/10/05,2026/10/08,2026-10,PUT,66875,385,5,,32.06,25.71,285,10,146,5,,,,,
2026/10/02 22:52,2026-10-02T23:07:11+09:00,2026/10/05,2026/10/08,2026-10,CALL,66750,2095,148,,43.27,,3520,5,2575,4,,,,,
2026/10/02 22:52,2026-10-02T23:07:11+09:00,2026/10/05,2026/10/08,2026-10,PUT,66750,360,23,,27.37,25.88,162,1,134,1,,,,,
2026/10/02 22:52,2026-10-02T23:07:11+09:00,2026/10/05,2026/10/08,2026-10,CALL,66625,2195,66,,43.44,,3620,3,2815,2,,,,,
2026/10/02 22:52,2026-10-02T23:07:11+09:00,2026/10/05,2026/10/08,2026-10,PUT,66625,335,,2,27.45,26.05,148,3,123,1,26.45,,,180,10/02 21:18
2026/10/02 22:52,2026-10-02T23:07:11+09:00,2026/10/05,2026/10/08,2026-10,CALL,66500,2295,282,5,30.7,,3405,6,2915,12,27.18,,,3165,10/02 21:40
2026/10/02 22:52,2026-10-02T23:07:11+09:00,2026/10/05,2026/10/08,2026-10,PUT,66500,300,514,31,27.71,26.35,138,20,115,7,26.8,-169,-56.33,131,10/02 22:29
2026/10/02 22:52,2026-10-02T23:07:11+09:00,2026/10/05,2026/10/08,2026-10,CALL,66375,2400,95,,46.22,,3890,2,3010,2,,,,,
2026/10/02 22:52,2026-10-02T23:07:11+09:00,2026/10/05,2026/10/08,2026-10,PUT,66375,286,2,,27.92,26.49,128,5,105,1,,,,,
2026/10/02 22:52,2026-10-02T23:07:11+09:00,2026/10/05,2026/10/08,2026-10,CALL,66250,2505,85,,46.89,,4005,4,3120,4,,,,,
2026/10/02 22:52,2026-10-02T23:07:11+09:00,2026/10/05,2026/10/08,2026-10,PUT,66250,291,156,4,27.96,26.71,116,8,97,16,27.53,-176,-60.48,115,10/02 22:25
2026/10/02 22:52,2026-10-02T23:07:11+09:00,2026/10/05,2026/10/08,2026-10,CALL,66125,2615,35,,34.5,,3805,3,3230,2,,,,,
2026/10/02 22:52,2026-10-02T23:07:11+09:00,2026/10/05,2026/10/08,2026-10,PUT,66125,253,86,,28.34,26.89,110,5,89,5,,,,,
2026/10/02 22:52,2026-10-02T23:07:11+09:00,2026/10/05,2026/10/08,2026-10,CALL,66000,2740,2961,8,43.54,,4115,8,3350,20,25.18,860,31.39,3600,10/02 21:30
2026/10/02 22:52,2026-10-02T23:07:11+09:00,2026/10/05,2026/10/08,2026-10,PUT,66000,250,1616,94,28.28,27.25,98,9,84,9,27.37,-169,-67.6,81,10/02 22:47
2026/10/02 22:52,2026-10-02T23:07:11+09:00,2026/10/05,2026/10/08,2026-10,CALL,65875,2825,84,,46.89,,4300,3,3440,2,,,,,
2026/10/02 22:52,2026-10-02T23:07:11+09:00,2026/10/05,2026/10/08,2026-10,PUT,65875,213,19,,30.07,26.75,113,11,69,7,,,,,
2026/10/02 22:52,2026-10-02T23:07:11+09:00,2026/10/05,2026/10/08,2026-10,CALL,65750,2935,134,,49.62,,4470,4,3545,4,,,,,
2026/10/02 22:52,2026-10-02T23:07:11+09:00,2026/10/05,2026/10/08,2026-10,PUT,65750,198,158,8,28.7,27.63,84,10,71,5,27.97,,,75,10/02 22:48
2026/10/02 22:52,2026-10-02T23:07:11+09:00,2026/10/05,2026/10/08,2026-10,CALL,65625,3045,31,,42.04,,4390,3,3655,2,,,,,
2026/10/02 22:52,2026-10-02T23:07:11+09:00,2026/10/05,2026/10/08,2026-10,PUT,65625,185,5,,29.18,27.61,81,5,63,1,,,,,
2026/10/02 22:52,2026-10-02T23:07:11+09:00,2026/10/05,2026/10/08,2026-10,CALL,65500,3155,241,,51.41,,4715,4,3730,4,,,,,
2026/10/02 22:52,2026-10-02T23:07:11+09:00,2026/10/05,2026/10/08,2026-10,PUT,65500,171,561,130,29.3,28.11,74,16,61,8,28.73,-130,-65.99,67,10/02 22:44
2026/10/02 22:52,2026-10-02T23:07:11+09:00,2026/10/05,2026/10/08,2026-10,CALL,65375,3270,7,,51.79,,4825,2,3885,2,,,,,
2026/10/02 22:52,2026-10-02T23:07:11+09:00,2026/10/05,2026/10/08,2026-10,PUT,65375,160,247,1,29.65,28.29,70,12,56,1,28.05,-101,-53.16,89,10/02 18:33
2026/10/02 22:52,2026-10-02T23:07:11+09:00,2026/10/05,2026/10/08,2026-10,CALL,65250,3385,45,,41.75,,4705,5,3995,4,,,,,
2026/10/02 22:52,2026-10-02T23:07:11+09:00,2026/10/05,2026/10/08,2026-10,PUT,65250,147,135,,30.06,28.32,67,5,50,5,,,,,
2026/10/02 22:52,2026-10-02T23:07:11+09:00,2026/10/05,2026/10/08,2026-10,CALL,65125,3500,4,,43.38,,4845,3,4115,2,,,,,
2026/10/02 22:52,2026-10-02T23:07:11+09:00,2026/10/05,2026/10/08,2026-10,PUT,65125,134,650,,30.26,28.52,62,5,46,5,,,,,
2026/10/02 22:52,2026-10-02T23:07:11+09:00,2026/10/05,2026/10/08,2026-10,CALL,65000,3615,1341,,41.55,,4920,9,4230,8,,,,,
2026/10/02 22:52,2026-10-02T23:07:11+09:00,2026/10/05,2026/10/08,2026-10,PUT,65000,120,2507,210,30.32,29.42,56,12,48,1,29.84,-69,-57.5,51,10/02 22:51
2026/10/02 22:52,2026-10-02T23:07:11+09:00,2026/10/05,2026/10/08,2026-10,CALL,64875,3730,7,,52.47,,5250,3,4345,2,,,,,
2026/10/02 22:52,2026-10-02T23:07:11+09:00,2026/10/05,2026/10/08,2026-10,PUT,64875,118,12,4,30.66,29.33,53,4,42,4,29.32,-73,-57.48,54,10/02 21:27
2026/10/02 22:52,2026-10-02T23:07:11+09:00,2026/10/05,2026/10/08,2026-10,CALL,64750,3845,755,,51.6,,5335,5,4455,4,,,,,
2026/10/02 22:52,2026-10-02T23:07:11+09:00,2026/10/05,2026/10/08,2026-10,PUT,64750,105,31,7,30.86,29.58,49,5,39,5,29.63,-62,-59.05,43,10/02 22:22
2026/10/02 22:52,2026-10-02T23:07:11+09:00,2026/10/05,2026/10/08,2026-10,CALL,64625,3965,687,,55.89,,5535,2,4575,2,,,,,
2026/10/02 22:52,2026-10-02T23:07:11+09:00,2026/10/05,2026/10/08,2026-10,PUT,64625,102,4,,31.99,29.49,53,16,34,4,,,,,
2026/10/02 22:52,2026-10-02T23:07:11+09:00,2026/10/05,2026/10/08,2026-10,CALL,64500,4080,211,,44.85,,5420,6,4690,4,,,,,
2026/10/02 22:52,2026-10-02T23:07:11+09:00,2026/10/05,2026/10/08,2026-10,PUT,64500,89,1076,23,31.53,30.27,44,32,35,8,30.92,-51,-57.3,38,10/02 22:50
2026/10/02 22:52,2026-10-02T23:07:11+09:00,2026/10/05,2026/10/08,2026-10,CALL,64375,4200,61,,54.57,,5715,3,4810,2,,,,,
2026/10/02 22:52,2026-10-02T23:07:11+09:00,2026/10/05,2026/10/08,2026-10,PUT,64375,88,4,4,33.08,27.28,51,7,16,16,30.08,-59,-59,41,10/02 21:00
2026/10/02 22:52,2026-10-02T23:07:11+09:00,2026/10/05,2026/10/08,2026-10,CALL,64250,4320,6,,55.01,,5830,1,4570,4,,,,,
2026/10/02 22:52,2026-10-02T23:07:11+09:00,2026/10/05,2026/10/08,2026-10,PUT,64250,82,275,5,32.27,27.59,40,19,15,22,30.69,-56,-58.33,40,10/02 20:22
2026/10/02 22:52,2026-10-02T23:07:11+09:00,2026/10/05,2026/10/08,2026-10,CALL,64125,4440,1,,54.68,,5930,1,4690,4,,,,,
2026/10/02 22:52,2026-10-02T23:07:11+09:00,2026/10/05,2026/10/08,2026-10,PUT,64125,77,1053,,35.82,29.6,63,16,21,12,,,,,
2026/10/02 22:52,2026-10-02T23:07:11+09:00,2026/10/05,2026/10/08,2026-10,CALL,64000,4495,726,2,44.49,,5865,3,5390,12,30.61,1325,30.71,5640,10/02 22:18
2026/10/02 22:52,2026-10-02T23:07:11+09:00,2026/10/05,2026/10/08,2026-10,PUT,64000,67,2087,176,32.46,31.21,33,12,26,13,31.65,-39,-58.21,28,10/02 22:51
2026/10/02 22:52,2026-10-02T23:07:11+09:00,2026/10/05,2026/10/08,2026-10,CALL,63875,4675,50,,,,,,,,,,,,
2026/10/02 22:52,2026-10-02T23:07:11+09:00,2026/10/05,2026/10/08,2026-10,PUT,63875,66,485,,35.45,31.42,49,16,24,1,,,,,
2026/10/02 22:52,2026-10-02T23:07:11+09:00,2026/10/05,2026/10/08,2026-10,CALL,63750,4800,4,,,,,,3,10,,,,,
2026/10/02 22:52,2026-10-02T23:07:11+09:00,2026/10/05,2026/10/08,2026-10,PUT,63750,60,131,14,33.35,30.4,31,8,17,8,30.85,-26,-43.33,34,10/02 19:23
2026/10/02 22:52,2026-10-02T23:07:11+09:00,2026/10/05,2026/10/08,2026-10,CALL,63625,4920,1,,,,,,,,,,,,
2026/10/02 22:52,2026-10-02T23:07:11+09:00,2026/10/05,2026/10/08,2026-10,PUT,63625,58,6,1,34.66,30.71,35,19,16,3,34.69,-43,-46.24,50,10/02 18:42
2026/10/02 22:52,2026-10-02T23:07:11+09:00,2026/10/05,2026/10/08,2026-10,CALL,63500,5040,11,2,62.89,,6630,6,5990,8,30.24,,,5740,10/02 19:01
2026/10/02 22:52,2026-10-02T23:07:11+09:00,2026/10/05,2026/10/08,2026-10,PUT,63500,55,652,30,33.21,32.77,24,1,22,2,32.61,-39,-62.9,23,10/02 22:34
2026/10/02 22:52,2026-10-02T23:07:11+09:00,2026/10/05,2026/10/08,2026-10,CALL,63375,5165,,,,,,,,,,,,,
2026/10/02 22:52,2026-10-02T23:07:11+09:00,2026/10/05,2026/10/08,2026-10,PUT,63375,52,303,,35.2,31.26,31,3,14,3,,,,,
2026/10/02 22:52,2026-10-02T23:07:11+09:00,2026/10/05,2026/10/08,2026-10,CALL,63250,5285,6,,,,,,3,10,,,,,
2026/10/02 22:52,2026-10-02T23:07:11+09:00,2026/10/05,2026/10/08,2026-10,PUT,63250,49,251,17,34.19,31.51,23,8,13,8,33.34,-33,-61.11,21,10/02 22:34
2026/10/02 22:52,2026-10-02T23:07:11+09:00,2026/10/05,2026/10/08,2026-10,CALL,63125,5405,,,,,,,,,,,,,
2026/10/02 22:52,2026-10-02T23:07:11+09:00,2026/10/05,2026/10/08,2026-10,PUT,63125,45,3,,35.85,30.98,28,3,10,12,,,,,
2026/10/02 22:52,2026-10-02T23:07:11+09:00,2026/10/05,2026/10/08,2026-10,CALL,63000,5465,157,,,,,,3,10,,,,,
2026/10/02 22:52,2026-10-02T23:07:11+09:00,2026/10/05,2026/10/08,2026-10,PUT,63000,37,1958,143,34.13,33.85,18,3,17,2,34.11,-20,-54.05,17,10/02 22:47
2026/10/02 22:52,2026-10-02T23:07:11+09:00,2026/10/05,2026/10/08,2026-10,CALL,62875,5650,,,,,,,,,,,,,
2026/10/02 22:52,2026-10-02T23:07:11+09:00,2026/10/05,2026/10/08,2026-10,PUT,62875,40,88,,36.2,32.83,24,19,12,4,,,,,
2026/10/02 22:52,2026-10-02T23:07:11+09:00,2026/10/05,2026/10/08,2026-10,CALL,62750,5775,,,,,,,3,10,,,,,
2026/10/02 22:52,2026-10-02T23:07:11+09:00,2026/10/05,2026/10/08,2026-10,PUT,62750,38,365,13,36.56,33.74,23,8,13,19,35.27,-15,-37.5,25,10/02 21:10
2026/10/02 22:52,2026-10-02T23:07:11+09:00,2026/10/05,2026/10/08,2026-10,CALL,62625,5895,,,,,,,,,,,,,
2026/10/02 22:52,2026-10-02T23:07:11+09:00,2026/10/05,2026/10/08,2026-10,PUT,62625,35,693,,36.91,33.15,22,7,10,19,,,,,
2026/10/02 22:52,2026-10-02T23:07:11+09:00,2026/10/05,2026/10/08,2026-10,CALL,62500,6020,,,,,,,3,10,,,,,
2026/10/02 22:52,2026-10-02T23:07:11+09:00,2026/10/05,2026/10/08,2026-10,PUT,62500,33,1740,25,35.2,34.1,14,1,11,11,34.6,-20,-60.61,13,10/02 22:19
2026/10/02 22:52,2026-10-02T23:07:11+09:00,2026/10/05,2026/10/08,2026-10,CALL,62375,6140,,,,,,,,,,,,,
2026/10/02 22:52,2026-10-02T23:07:11+09:00,2026/10/05,2026/10/08,2026-10,PUT,62375,32,11,5,37.84,32.78,21,7,7,7,34.6,-32,-64,18,10/02 19:17
2026/10/02 22:52,2026-10-02T23:07:11+09:00,2026/10/05,2026/10/08,2026-10,CALL,62250,6265,,,,,,,3,10,,,,,
2026/10/02 22:52,2026-10-02T23:07:11+09:00,2026/10/05,2026/10/08,2026-10,PUT,62250,30,117,8,38.16,31.28,20,8,4,22,35.51,-12,-36.36,21,10/02 17:23
2026/10/02 22:52,2026-10-02T23:07:11+09:00,2026/10/05,2026/10/08,2026-10,CALL,62125,6390,,,,,,,,,,,,,
2026/10/02 22:52,2026-10-02T23:07:11+09:00,2026/10/05,2026/10/08,2026-10,PUT,62125,28,10,1,38.75,29.63,20,7,2,19,35.58,-18,-52.94,16,10/02 18:45
2026/10/02 22:52,2026-10-02T23:07:11+09:00,2026/10/05,2026/10/08,2026-10,CALL,62000,6510,49,,,,,,3,10,,,,,
2026/10/02 22:52,2026-10-02T23:07:11+09:00,2026/10/05,2026/10/08,2026-10,PUT,62000,25,2136,108,36.3,35.41,11,1,9,12,35.98,-15,-60,10,10/02 22:45
2026/10/02 22:52,2026-10-02T23:07:11+09:00,2026/10/05,2026/10/08,2026-10,CALL,61875,6635,,,,,,,,,,,,,
2026/10/02 22:52,2026-10-02T23:07:11+09:00,2026/10/05,2026/10/08,2026-10,PUT,61875,25,88,,37.65,35.44,13,28,8,28,,,,,
2026/10/02 22:52,2026-10-02T23:07:11+09:00,2026/10/05,2026/10/08,2026-10,CALL,61750,6760,,,,,,,3,10,,,,,
2026/10/02 22:52,2026-10-02T23:07:11+09:00,2026/10/05,2026/10/08,2026-10,PUT,61750,25,309,1,37.4,35.97,11,20,8,20,36.86,-8,-30.77,18,10/02 17:16
2026/10/02 22:52,2026-10-02T23:07:11+09:00,2026/10/05,2026/10/08,2026-10,CALL,61625,6885,,,,,,,,,,,,,
2026/10/02 22:52,2026-10-02T23:07:11+09:00,2026/10/05,2026/10/08,2026-10,PUT,61625,25,108,,38.37,36.51,12,28,8,19,,,,,
2026/10/02 22:52,2026-10-02T23:07:11+09:00,2026/10/05,2026/10/08,2026-10,CALL,61500,7010,,,,,,,3,10,,,,,
2026/10/02 22:52,2026-10-02T23:07:11+09:00,2026/10/05,2026/10/08,2026-10,PUT,61500,20,428,15,37.57,36.47,9,1,7,16,36.95,-12,-60,8,10/02 22:05
2026/10/02 22:52,2026-10-02T23:07:11+09:00,2026/10/05,2026/10/08,2026-10,CALL,61375,7130,,,,,,,,,,,,,
2026/10/02 22:52,2026-10-02T23:07:11+09:00,2026/10/05,2026/10/08,2026-10,PUT,61375,20,141,2,39.06,36.35,11,28,6,28,37.08,,,10,10/02 21:19
2026/10/02 22:52,2026-10-02T23:07:11+09:00,2026/10/05,2026/10/08,2026-10,CALL,61250,7255,,,,,,,,,,,,,
2026/10/02 22:52,2026-10-02T23:07:11+09:00,2026/10/05,2026/10/08,2026-10,PUT,61250,19,122,,38.65,36.87,9,20,6,20,,,,,
2026/10/02 22:52,2026-10-02T23:07:11+09:00,2026/10/05,2026/10/08,2026-10,CALL,61125,7380,,,,,,,,,,,,,
2026/10/02 22:52,2026-10-02T23:07:11+09:00,2026/10/05,2026/10/08,2026-10,PUT,61125,18,1230,,39.69,37.39,10,28,6,19,,,,,
2026/10/02 22:52,2026-10-02T23:07:11+09:00,2026/10/05,2026/10/08,2026-10,CALL,61000,7505,201,,,,,,,,,,,,
2026/10/02 22:52,2026-10-02T23:07:11+09:00,2026/10/05,2026/10/08,2026-10,PUT,61000,18,1866,64,38.58,37.91,7,4,6,30,38.98,-10,-55.56,8,10/02 22:28
2026/10/02 22:52,2026-10-02T23:07:11+09:00,2026/10/05,2026/10/08,2026-10,CALL,60875,7625,,,,,,,,,,,,,
2026/10/02 22:52,2026-10-02T23:07:11+09:00,2026/10/05,2026/10/08,2026-10,PUT,60875,16,500,,39.11,36.8,7,1,4,28,,,,,
2026/10/02 22:52,2026-10-02T23:07:11+09:00,2026/10/05,2026/10/08,2026-10,CALL,60750,7750,,,,,,,,,,,,,
2026/10/02 22:52,2026-10-02T23:07:11+09:00,2026/10/05,2026/10/08,2026-10,PUT,60750,16,453,2,39.64,38.19,7,16,5,20,39.24,-10,-58.82,7,10/02 21:52
2026/10/02 22:52,2026-10-02T23:07:11+09:00,2026/10/05,2026/10/08,2026-10,CALL,60625,7875,,,,,,,,,,,,,
2026/10/02 22:52,2026-10-02T23:07:11+09:00,2026/10/05,2026/10/08,2026-10,PUT,60625,15,159,,40.17,37.8,7,16,4,28,,,,,
2026/10/02 22:52,2026-10-02T23:07:11+09:00,2026/10/05,2026/10/08,2026-10,CALL,60500,8000,100,,,,,,,,,,,,
2026/10/02 22:52,2026-10-02T23:07:11+09:00,2026/10/05,2026/10/08,2026-10,PUT,60500,15,558,6,40.7,38.31,7,23,4,23,38.99,-11,-61.11,7,10/02 18:58
2026/10/02 22:52,2026-10-02T23:07:11+09:00,2026/10/05,2026/10/08,2026-10,CALL,60375,8125,,,,,,,,,,,,,
2026/10/02 22:52,2026-10-02T23:07:11+09:00,2026/10/05,2026/10/08,2026-10,PUT,60375,14,664,,41.23,37.7,7,15,3,28,,,,,
2026/10/02 22:52,2026-10-02T23:07:11+09:00,2026/10/05,2026/10/08,2026-10,CALL,60250,8250,,,,,,,,,,,,,
2026/10/02 22:52,2026-10-02T23:07:11+09:00,2026/10/05,2026/10/08,2026-10,PUT,60250,14,180,1,42.4,39.32,8,31,4,20,40.49,-6,-46.15,7,10/02 21:23
2026/10/02 22:52,2026-10-02T23:07:11+09:00,2026/10/05,2026/10/08,2026-10,CALL,60125,8375,,,,,,,,,,,,,
2026/10/02 22:52,2026-10-02T23:07:11+09:00,2026/10/05,2026/10/08,2026-10,PUT,60125,13,50,25,41.58,39.83,6,19,4,19,40.87,,,9,10/02 17:18
2026/10/02 22:52,2026-10-02T23:07:11+09:00,2026/10/05,2026/10/08,2026-10,CALL,60000,8495,9,,,,,,,,,,,,
2026/10/02 22:52,2026-10-02T23:07:11+09:00,2026/10/05,2026/10/08,2026-10,PUT,60000,13,11070,280,42.1,41.28,6,27,5,3,41.32,-8,-61.54,5,10/02 22:44
2026/10/02 22:52,2026-10-02T23:07:11+09:00,2026/10/05,2026/10/08,2026-10,CALL,59875,8620,,,,,,,,,,,,,
2026/10/02 22:52,2026-10-02T23:07:11+09:00,2026/10/05,2026/10/08,2026-10,PUT,59875,12,162,8,42.63,38.18,6,15,2,28,40.3,,,6,10/02 19:13
2026/10/02 22:52,2026-10-02T23:07:11+09:00,2026/10/05,2026/10/08,2026-10,CALL,59750,8745,,,,,,,,,,,,,
2026/10/02 22:52,2026-10-02T23:07:11+09:00,2026/10/05,2026/10/08,2026-10,PUT,59750,11,112,7,43.16,40.18,6,20,3,20,42.92,-7,-53.85,6,10/02 22:19
2026/10/02 22:52,2026-10-02T23:07:11+09:00,2026/10/05,2026/10/08,2026-10,CALL,59625,8870,,,,,,,,,,,,,
2026/10/02 22:52,2026-10-02T23:07:11+09:00,2026/10/05,2026/10/08,2026-10,PUT,59625,11,140,1,43.68,39.14,6,15,2,28,41.4,,,6,10/02 17:53
2026/10/02 22:52,2026-10-02T23:07:11+09:00,2026/10/05,2026/10/08,2026-10,CALL,59500,8995,14,,,,,,,,,,,,
2026/10/02 22:52,2026-10-02T23:07:11+09:00,2026/10/05,2026/10/08,2026-10,PUT,59500,11,848,21,42.37,41.17,4,1,3,15,41.97,-7,-58.33,5,10/02 20:51
2026/10/02 22:52,2026-10-02T23:07:11+09:00,2026/10/05,2026/10/08,2026-10,CALL,59375,9120,,,,,,,,,,,,,
2026/10/02 22:52,2026-10-02T23:07:11+09:00,2026/10/05,2026/10/08,2026-10,PUT,59375,10,2,,44.74,40.11,6,28,2,28,,,,,
2026/10/02 22:52,2026-10-02T23:07:11+09:00,2026/10/05,2026/10/08,2026-10,CALL,59250,9245,,,,,,,,,,,,,
2026/10/02 22:52,2026-10-02T23:07:11+09:00,2026/10/05,2026/10/08,2026-10,PUT,59250,10,199,2,44.4,42.17,5,20,3,15,43.48,-3,-30,7,10/02 17:20
2026/10/02 22:52,2026-10-02T23:07:11+09:00,2026/10/05,2026/10/08,2026-10,CALL,59125,9370,,,,,,,,,,,,,
2026/10/02 22:52,2026-10-02T23:07:11+09:00,2026/10/05,2026/10/08,2026-10,PUT,59125,10,115,,44.92,41.07,5,19,2,19,,,,,
2026/10/02 22:52,2026-10-02T23:07:11+09:00,2026/10/05,2026/10/08,2026-10,CALL,59000,9495,,,,,,,,,,,,,
2026/10/02 22:52,2026-10-02T23:07:11+09:00,2026/10/05,2026/10/08,2026-10,PUT,59000,9,1611,51,44.41,43.16,4,3,3,15,44.14,-5,-55.56,4,10/02 22:21
2026/10/02 22:52,2026-10-02T23:07:11+09:00,2026/10/05,2026/10/08,2026-10,CALL,58875,9620,,,,,,,,,,,,,
2026/10/02 22:52,2026-10-02T23:07:11+09:00,2026/10/05,2026/10/08,2026-10,PUT,58875,9,20,,46.86,42.04,6,28,2,19,,,,,
2026/10/02 22:52,2026-10-02T23:07:11+09:00,2026/10/05,2026/10/08,2026-10,CALL,58750,9745,,,,,,,,,,,,,
2026/10/02 22:52,2026-10-02T23:07:11+09:00,2026/10/05,2026/10/08,2026-10,PUT,58750,9,60,,47.39,42.52,6,31,2,111,,,,,
2026/10/02 22:52,2026-10-02T23:07:11+09:00,2026/10/05,2026/10/08,2026-10,CALL,58625,9870,,,,,,,,,,,,,
2026/10/02 22:52,2026-10-02T23:07:11+09:00,2026/10/05,2026/10/08,2026-10,PUT,58625,8,59,,45.95,40.51,4,19,1,28,,,,,
2026/10/02 22:52,2026-10-02T23:07:11+09:00,2026/10/05,2026/10/08,2026-10,CALL,58500,9995,,,,,,,,,,,,,
2026/10/02 22:52,2026-10-02T23:07:11+09:00,2026/10/05,2026/10/08,2026-10,PUT,58500,8,827,11,46.46,43.49,4,26,2,111,44.89,-5,-62.5,3,10/02 22:17
2026/10/02 22:52,2026-10-02T23:07:11+09:00,2026/10/05,2026/10/08,2026-10,CALL,58375,10120,,,,,,,,,,,,,
2026/10/02 22:52,2026-10-02T23:07:11+09:00,2026/10/05,2026/10/08,2026-10,PUT,58375,8,486,,48.06,41.43,5,28,1,28,,,,,
2026/10/02 22:52,2026-10-02T23:07:11+09:00,2026/10/05,2026/10/08,2026-10,CALL,58250,10240,,,,,,,,,,,,,
2026/10/02 22:52,2026-10-02T23:07:11+09:00,2026/10/05,2026/10/08,2026-10,PUT,58250,7,146,3,49.52,44.47,6,16,2,51,44.99,-3,-42.86,4,10/02 18:05
2026/10/02 22:52,2026-10-02T23:07:11+09:00,2026/10/05,2026/10/08,2026-10,CALL,58000,10490,,,,,,,,,,,,,
2026/10/02 22:52,2026-10-02T23:07:11+09:00,2026/10/05,2026/10/08,2026-10,PUT,58000,6,2404,31,47.18,45.45,3,7,2,61,47.33,-3,-50,3,10/02 22:50
2026/10/02 22:52,2026-10-02T23:07:11+09:00,2026/10/05,2026/10/08,2026-10,CALL,57750,10740,,,,,,,,,,,,,
2026/10/02 22:52,2026-10-02T23:07:11+09:00,2026/10/05,2026/10/08,2026-10,PUT,57750,6,84,2,48.19,43.76,3,5,1,15,45.99,-3,-50,3,10/02 18:29
2026/10/02 22:52,2026-10-02T23:07:11+09:00,2026/10/05,2026/10/08,2026-10,CALL,57500,10990,,,,,,,,,,,,,
2026/10/02 22:52,2026-10-02T23:07:11+09:00,2026/10/05,2026/10/08,2026-10,PUT,57500,6,489,6,49.21,47.41,3,8,2,5,48.96,-3,-50,3,10/02 22:11
2026/10/02 22:52,2026-10-02T23:07:11+09:00,2026/10/05,2026/10/08,2026-10,CALL,57250,11240,,,,,,,,,,,,,
2026/10/02 22:52,2026-10-02T23:07:11+09:00,2026/10/05,2026/10/08,2026-10,PUT,57250,5,164,,50.23,45.63,3,6,1,16,,,,,
2026/10/02 22:52,2026-10-02T23:07:11+09:00,2026/10/05,2026/10/08,2026-10,CALL,57000,11490,1,,,,,,,,,,,,
2026/10/02 22:52,2026-10-02T23:07:11+09:00,2026/10/05,2026/10/08,2026-10,PUT,57000,4,1684,40,51.25,49.38,3,23,2,70,51,-2,-40,3,10/02 22:11
2026/10/02 22:52,2026-10-02T23:07:11+09:00,2026/10/05,2026/10/08,2026-10,CALL,56750,11740,,,,,,,,,,,,,
2026/10/02 22:52,2026-10-02T23:07:11+09:00,2026/10/05,2026/10/08,2026-10,PUT,56750,4,145,,63.5,47.51,18,11,1,17,,,,,
2026/10/02 22:52,2026-10-02T23:07:11+09:00,2026/10/05,2026/10/08,2026-10,CALL,56500,11985,,,,,,,,,,,,,
2026/10/02 22:52,2026-10-02T23:07:11+09:00,2026/10/05,2026/10/08,2026-10,PUT,56500,4,672,5,53.3,48.45,3,8,1,14,51.16,-2,-50,2,10/02 21:50
2026/10/02 22:52,2026-10-02T23:07:11+09:00,2026/10/05,2026/10/08,2026-10,CALL,56250,12235,,,,,,,,,,,,,
2026/10/02 22:52,2026-10-02T23:07:11+09:00,2026/10/05,2026/10/08,2026-10,PUT,56250,3,85,,65.92,49.4,18,11,1,10,,,,,
2026/10/02 22:52,2026-10-02T23:07:11+09:00,2026/10/05,2026/10/08,2026-10,CALL,56000,12485,,,,,,,,,,,,,
2026/10/02 22:52,2026-10-02T23:07:11+09:00,2026/10/05,2026/10/08,2026-10,PUT,56000,3,1904,83,53.37,50.35,2,16,1,129,53.02,-2,-50,2,10/02 21:36
2026/10/02 22:52,2026-10-02T23:07:11+09:00,2026/10/05,2026/10/08,2026-10,CALL,55750,12735,,,,,,,,,,,,,
2026/10/02 22:52,2026-10-02T23:07:11+09:00,2026/10/05,2026/10/08,2026-10,PUT,55750,3,81,,54.37,51.31,2,1,1,5,,,,,
2026/10/02 22:52,2026-10-02T23:07:11+09:00,2026/10/05,2026/10/08,2026-10,CALL,55500,12985,,,,,,,,,,,,,
2026/10/02 22:52,2026-10-02T23:07:11+09:00,2026/10/05,2026/10/08,2026-10,PUT,55500,3,345,9,55.38,52.27,2,2,1,15,51.08,-2,-66.67,1,10/02 20:49
2026/10/02 22:52,2026-10-02T23:07:11+09:00,2026/10/05,2026/10/08,2026-10,CALL,55250,13235,,,,,,,,,,,,,
2026/10/02 22:52,2026-10-02T23:07:11+09:00,2026/10/05,2026/10/08,2026-10,PUT,55250,2,168,,56.39,53.23,2,1,1,6,,,,,
2026/10/02 22:52,2026-10-02T23:07:11+09:00,2026/10/05,2026/10/08,2026-10,CALL,55000,13485,4,,,,,,,,,,,,
2026/10/02 22:52,2026-10-02T23:07:11+09:00,2026/10/05,2026/10/08,2026-10,PUT,55000,2,3419,55,57.41,54.19,2,34,1,34,57.17,-1,-33.33,2,10/02 22:11
2026/10/02 22:52,2026-10-02T23:07:11+09:00,2026/10/05,2026/10/08,2026-10,CALL,54750,13735,,,,,,,,,,,,,
2026/10/02 22:52,2026-10-02T23:07:11+09:00,2026/10/05,2026/10/08,2026-10,PUT,54750,2,78,1,72.76,55.16,17,11,1,4,56.17,-1,-33.33,2,10/02 17:18
2026/10/02 22:52,2026-10-02T23:07:11+09:00,2026/10/05,2026/10/08,2026-10,CALL,54500,13985,,,,,,,,,,,,,
2026/10/02 22:52,2026-10-02T23:07:11+09:00,2026/10/05,2026/10/08,2026-10,PUT,54500,2,510,1,59.45,56.13,2,9,1,1,57.18,-2,-50,2,10/02 17:14
2026/10/02 22:52,2026-10-02T23:07:11+09:00,2026/10/05,2026/10/08,2026-10,CALL,54250,14235,,,,,,,,,,,,,
2026/10/02 22:52,2026-10-02T23:07:11+09:00,2026/10/05,2026/10/08,2026-10,PUT,54250,1,217,,75.22,,17,11,,,,,,,
2026/10/02 22:52,2026-10-02T23:07:11+09:00,2026/10/05,2026/10/08,2026-10,CALL,54000,14485,,,,,,,,,,,,,
2026/10/02 22:52,2026-10-02T23:07:11+09:00,2026/10/05,2026/10/08,2026-10,PUT,54000,2,1379,123,61.5,58.09,2,41,1,30,56.89,-1,-50,1,10/02 20:55
2026/10/02 22:52,2026-10-02T23:07:11+09:00,2026/10/05,2026/10/08,2026-10,CALL,53750,14735,,,,,,,,,,,,,
2026/10/02 22:52,2026-10-02T23:07:11+09:00,2026/10/05,2026/10/08,2026-10,PUT,53750,1,162,14,62.53,,2,6,,,57.88,-1,-50,1,10/02 20:46
2026/10/02 22:52,2026-10-02T23:07:11+09:00,2026/10/05,2026/10/08,2026-10,CALL,53500,14985,,,,,,,,,,,,,
2026/10/02 22:52,2026-10-02T23:07:11+09:00,2026/10/05,2026/10/08,2026-10,PUT,53500,1,1430,18,60.06,,1,5,,,58.88,-1,-50,1,10/02 20:43
2026/10/02 22:52,2026-10-02T23:07:11+09:00,2026/10/05,2026/10/08,2026-10,CALL,53250,15235,,,,,,,,,,,,,
2026/10/02 22:52,2026-10-02T23:07:11+09:00,2026/10/05,2026/10/08,2026-10,PUT,53250,1,128,8,64.61,,2,5,,,59.87,-1,-50,1,10/02 20:42
2026/10/02 22:52,2026-10-02T23:07:11+09:00,2026/10/05,2026/10/08,2026-10,CALL,53000,15485,34,,,,,,,,,,,,
2026/10/02 22:52,2026-10-02T23:07:11+09:00,2026/10/05,2026/10/08,2026-10,PUT,53000,1,1463,45,62.04,,1,15,,,61.66,-1,-50,1,10/02 21:43
2026/10/02 22:52,2026-10-02T23:07:11+09:00,2026/10/05,2026/10/08,2026-10,CALL,52750,15735,,,,,,,,,,,,,
2026/10/02 22:52,2026-10-02T23:07:11+09:00,2026/10/05,2026/10/08,2026-10,PUT,52750,1,118,6,82.72,,17,11,,,61.47,-2,-66.67,1,10/02 19:02
2026/10/02 22:52,2026-10-02T23:07:11+09:00,2026/10/05,2026/10/08,2026-10,CALL,52500,15985,,,,,,,,,,,,,
2026/10/02 22:52,2026-10-02T23:07:11+09:00,2026/10/05,2026/10/08,2026-10,PUT,52500,1,616,100,64.04,,1,30,,,63.85,-1,-50,1,10/02 22:19
2026/10/02 22:52,2026-10-02T23:07:11+09:00,2026/10/05,2026/10/08,2026-10,CALL,52250,16235,,,,,,,,,,,,,
2026/10/02 22:52,2026-10-02T23:07:11+09:00,2026/10/05,2026/10/08,2026-10,PUT,52250,1,63,,85.26,,17,11,,,,,,,
2026/10/02 22:52,2026-10-02T23:07:11+09:00,2026/10/05,2026/10/08,2026-10,CALL,52000,16485,,,,,,,,,,,,,
2026/10/02 22:52,2026-10-02T23:07:11+09:00,2026/10/05,2026/10/08,2026-10,PUT,52000,1,1427,72,66.06,,1,110,,,65.14,0,0,1,10/02 20:37
2026/10/02 22:52,2026-10-02T23:07:11+09:00,2026/10/05,2026/10/08,2026-10,CALL,51750,16735,,,,,,,,,,,,,
2026/10/02 22:52,2026-10-02T23:07:11+09:00,2026/10/05,2026/10/08,2026-10,PUT,51750,1,150,2,70.94,,2,7,,,66.69,-1,-50,1,10/02 21:47
2026/10/02 22:52,2026-10-02T23:07:11+09:00,2026/10/05,2026/10/08,2026-10,CALL,51500,16985,,,,,,,,,,,,,
2026/10/02 22:52,2026-10-02T23:07:11+09:00,2026/10/05,2026/10/08,2026-10,PUT,51500,1,518,7,68.09,,1,52,,,66.52,0,0,1,10/02 19:02
2026/10/02 22:52,2026-10-02T23:07:11+09:00,2026/10/05,2026/10/08,2026-10,CALL,51250,17235,,,,,,,,,,,,,
2026/10/02 22:52,2026-10-02T23:07:11+09:00,2026/10/05,2026/10/08,2026-10,PUT,51250,1,296,8,69.11,,1,2,,,70.98,,,2,10/02 18:24
2026/10/02 22:52,2026-10-02T23:07:11+09:00,2026/10/05,2026/10/08,2026-10,CALL,51000,17485,,,,,,,,,,,,,
2026/10/02 22:52,2026-10-02T23:07:11+09:00,2026/10/05,2026/10/08,2026-10,PUT,51000,1,1169,46,70.14,,1,149,,,69.18,0,0,1,10/02 21:26
2026/10/02 22:52,2026-10-02T23:07:11+09:00,2026/10/05,2026/10/08,2026-10,CALL,50750,17735,,,,,,,,,,,,,
2026/10/02 22:52,2026-10-02T23:07:11+09:00,2026/10/05,2026/10/08,2026-10,PUT,50750,1,165,3,71.17,,1,2,,,69.19,,,1,10/02 18:22
2026/10/02 22:52,2026-10-02T23:07:11+09:00,2026/10/05,2026/10/08,2026-10,CALL,50500,17985,,,,,,,,,,,,,
2026/10/02 22:52,2026-10-02T23:07:11+09:00,2026/10/05,2026/10/08,2026-10,PUT,50500,1,305,11,72.21,,1,50,,,69.45,,,1,10/02 17:00
2026/10/02 22:52,2026-10-02T23:07:11+09:00,2026/10/05,2026/10/08,2026-10,CALL,50250,18235,,,,,,,,,,,,,
2026/10/02 22:52,2026-10-02T23:07:11+09:00,2026/10/05,2026/10/08,2026-10,PUT,50250,1,79,5,73.25,,1,4,,,71.45,,,1,10/02 17:30
2026/10/02 22:52,2026-10-02T23:07:11+09:00,2026/10/05,2026/10/08,2026-10,CALL,50000,18485,1,,,,,,,,,,,,
2026/10/02 22:52,2026-10-02T23:07:11+09:00,2026/10/05,2026/10/08,2026-10,PUT,50000,1,2779,6,74.29,,1,600,,,74.09,0,0,1,10/02 21:58
2026/10/02 22:52,2026-10-02T23:07:11+09:00,2026/10/05,2026/10/08,2026-10,CALL,49750,18735,,,,,,,,,,,,,
2026/10/02 22:52,2026-10-02T23:07:11+09:00,2026/10/05,2026/10/08,2026-10,PUT,49750,1,67,3,75.34,,1,17,,,74.23,0,0,1,10/02 20:00
2026/10/02 22:52,2026-10-02T23:07:11+09:00,2026/10/05,2026/10/08,2026-10,CALL,49500,18985,,,,,,,,,,,,,
2026/10/02 22:52,2026-10-02T23:07:11+09:00,2026/10/05,2026/10/08,2026-10,PUT,49500,1,318,11,76.39,,1,69,,,75.25,0,0,1,10/02 19:59
2026/10/02 22:52,2026-10-02T23:07:11+09:00,2026/10/05,2026/10/08,2026-10,CALL,49250,19235,,,,,,,,,,,,,
2026/10/02 22:52,2026-10-02T23:07:11+09:00,2026/10/05,2026/10/08,2026-10,PUT,49250,1,84,2,77.45,,1,20,,,76.31,0,0,1,10/02 19:59
2026/10/02 22:52,2026-10-02T23:07:11+09:00,2026/10/05,2026/10/08,2026-10,CALL,49000,19485,,,,,,,,,,,,,
2026/10/02 22:52,2026-10-02T23:07:11+09:00,2026/10/05,2026/10/08,2026-10,PUT,49000,1,406,26,78.51,,1,191,,,78.19,0,0,1,10/02 21:53
2026/10/02 22:52,2026-10-02T23:07:11+09:00,2026/10/05,2026/10/08,2026-10,CALL,48750,19735,,,,,,,,,,,,,
2026/10/02 22:52,2026-10-02T23:07:11+09:00,2026/10/05,2026/10/08,2026-10,PUT,48750,1,276,,79.58,,1,4,,,,,,,
2026/10/02 22:52,2026-10-02T23:07:11+09:00,2026/10/05,2026/10/08,2026-10,CALL,48500,19985,,,,,,,,,,,,,
2026/10/02 22:52,2026-10-02T23:07:11+09:00,2026/10/05,2026/10/08,2026-10,PUT,48500,1,212,,80.65,,1,5,,,,,,,
2026/10/02 22:52,2026-10-02T23:07:11+09:00,2026/10/05,2026/10/08,2026-10,CALL,48250,20235,,,,,,,,,,,,,
2026/10/02 22:52,2026-10-02T23:07:11+09:00,2026/10/05,2026/10/08,2026-10,PUT,48250,1,53,,81.73,,1,5,,,,,,,
2026/10/02 22:52,2026-10-02T23:07:11+09:00,2026/10/05,2026/10/08,2026-10,CALL,48000,20485,,,,,,,,,,,,,
2026/10/02 22:52,2026-10-02T23:07:11+09:00,2026/10/05,2026/10/08,2026-10,PUT,48000,1,877,18,82.81,,1,65,,,82.61,0,0,1,10/02 21:58
2026/10/02 22:52,2026-10-02T23:07:11+09:00,2026/10/05,2026/10/08,2026-10,CALL,47750,20735,,,,,,,,,,,,,
2026/10/02 22:52,2026-10-02T23:07:11+09:00,2026/10/05,2026/10/08,2026-10,PUT,47750,1,47,,83.9,,1,5,,,,,,,
2026/10/02 22:52,2026-10-02T23:07:11+09:00,2026/10/05,2026/10/08,2026-10,CALL,47500,20985,34,,,,,,,,,,,,
2026/10/02 22:52,2026-10-02T23:07:11+09:00,2026/10/05,2026/10/08,2026-10,PUT,47500,1,56,,84.99,,1,10,,,,,,,
2026/10/02 22:52,2026-10-02T23:07:11+09:00,2026/10/05,2026/10/08,2026-10,CALL,47250,21235,,,,,,,,,,,,,
2026/10/02 22:52,2026-10-02T23:07:11+09:00,2026/10/05,2026/10/08,2026-10,PUT,47250,1,142,,86.09,,1,8,,,,,,,
2026/10/02 22:52,2026-10-02T23:07:11+09:00,2026/10/05,2026/10/08,2026-10,CALL,47000,21485,,,,,,,,,,,,,
2026/10/02 22:52,2026-10-02T23:07:11+09:00,2026/10/05,2026/10/08,2026-10,PUT,47000,1,466,4,87.2,,1,127,,,86.99,0,0,1,10/02 21:58
2026/10/02 22:52,2026-10-02T23:07:11+09:00,2026/10/05,2026/10/08,2026-10,CALL,46750,21735,,,,,,,,,,,,,
2026/10/02 22:52,2026-10-02T23:07:11+09:00,2026/10/05,2026/10/08,2026-10,PUT,46750,1,135,,88.3,,1,5,,,,,,,
2026/10/02 22:52,2026-10-02T23:07:11+09:00,2026/10/05,2026/10/08,2026-10,CALL,46500,21985,,,,,,,,,,,,,
2026/10/02 22:52,2026-10-02T23:07:11+09:00,2026/10/05,2026/10/08,2026-10,PUT,46500,1,318,,89.42,,1,18,,,,,,,
2026/10/02 22:52,2026-10-02T23:07:11+09:00,2026/10/05,2026/10/08,2026-10,CALL,46250,22235,,,,,,,,,,,,,
2026/10/02 22:52,2026-10-02T23:07:11+09:00,2026/10/05,2026/10/08,2026-10,PUT,46250,1,10,,90.54,,1,5,,,,,,,
2026/10/02 22:52,2026-10-02T23:07:11+09:00,2026/10/05,2026/10/08,2026-10,CALL,46000,22485,,,,,,,,,,,,,
2026/10/02 22:52,2026-10-02T23:07:11+09:00,2026/10/05,2026/10/08,2026-10,PUT,46000,1,446,,91.66,,1,105,,,,,,,
2026/10/02 22:52,2026-10-02T23:07:11+09:00,2026/10/05,2026/10/08,2026-10,CALL,45750,22735,,,,,,,,,,,,,
2026/10/02 22:52,2026-10-02T23:07:11+09:00,2026/10/05,2026/10/08,2026-10,PUT,45750,1,135,,92.79,,1,2,,,,,,,
2026/10/02 22:52,2026-10-02T23:07:11+09:00,2026/10/05,2026/10/08,2026-10,CALL,45500,22985,,,,,,,,,,,,,
2026/10/02 22:52,2026-10-02T23:07:11+09:00,2026/10/05,2026/10/08,2026-10,PUT,45500,1,819,,93.93,,1,58,,,,,,,
2026/10/02 22:52,2026-10-02T23:07:11+09:00,2026/10/05,2026/10/08,2026-10,CALL,45250,23235,,,,,,,,,,,,,
2026/10/02 22:52,2026-10-02T23:07:11+09:00,2026/10/05,2026/10/08,2026-10,PUT,45250,1,29,,95.07,,1,5,,,,,,,
2026/10/02 22:52,2026-10-02T23:07:11+09:00,2026/10/05,2026/10/08,2026-10,CALL,45000,23485,2,,,,,,,,,,,,
2026/10/02 22:52,2026-10-02T23:07:11+09:00,2026/10/05,2026/10/08,2026-10,PUT,45000,1,2340,1,96.22,,1,133,,,94.78,0,0,1,10/02 18:43
2026/10/02 22:52,2026-10-02T23:07:11+09:00,2026/10/05,2026/10/08,2026-10,CALL,44750,23735,,,,,,,,,,,,,
2026/10/02 22:52,2026-10-02T23:07:11+09:00,2026/10/05,2026/10/08,2026-10,PUT,44750,1,41,,97.37,,1,5,,,,,,,
2026/10/02 22:52,2026-10-02T23:07:11+09:00,2026/10/05,2026/10/08,2026-10,CALL,44500,23985,,,,,,,,,,,,,
2026/10/02 22:52,2026-10-02T23:07:11+09:00,2026/10/05,2026/10/08,2026-10,PUT,44500,1,58,,98.53,,1,11,,,,,,,
2026/10/02 22:52,2026-10-02T23:07:11+09:00,2026/10/05,2026/10/08,2026-10,CALL,44250,24230,,,,,,,,,,,,,
2026/10/02 22:52,2026-10-02T23:07:11+09:00,2026/10/05,2026/10/08,2026-10,PUT,44250,1,37,,99.7,,1,5,,,,,,,
2026/10/02 22:52,2026-10-02T23:07:11+09:00,2026/10/05,2026/10/08,2026-10,CALL,44000,24480,,,,,,,,,,,,,
2026/10/02 22:52,2026-10-02T23:07:11+09:00,2026/10/05,2026/10/08,2026-10,PUT,44000,1,312,,100.87,,1,76,,,,,,,
2026/10/02 22:52,2026-10-02T23:07:11+09:00,2026/10/05,2026/10/08,2026-10,CALL,43750,24730,,,,,,,,,,,,,
2026/10/02 22:52,2026-10-02T23:07:11+09:00,2026/10/05,2026/10/08,2026-10,PUT,43750,1,25,,102.05,,1,4,,,,,,,
2026/10/02 22:52,2026-10-02T23:07:11+09:00,2026/10/05,2026/10/08,2026-10,CALL,43500,24980,,,,,,,,,,,,,
2026/10/02 22:52,2026-10-02T23:07:11+09:00,2026/10/05,2026/10/08,2026-10,PUT,43500,1,36,,103.23,,1,8,,,,,,,
2026/10/02 22:52,2026-10-02T23:07:11+09:00,2026/10/05,2026/10/08,2026-10,CALL,43250,25230,,,,,,,,,,,,,
2026/10/02 22:52,2026-10-02T23:07:11+09:00,2026/10/05,2026/10/08,2026-10,PUT,43250,1,16,,104.42,,1,15,,,,,,,
2026/10/02 22:52,2026-10-02T23:07:11+09:00,2026/10/05,2026/10/08,2026-10,CALL,43000,25480,,,,,,,,,,,,,
2026/10/02 22:52,2026-10-02T23:07:11+09:00,2026/10/05,2026/10/08,2026-10,PUT,43000,1,507,,105.62,,1,68,,,,,,,
2026/10/02 22:52,2026-10-02T23:07:11+09:00,2026/10/05,2026/10/08,2026-10,CALL,42750,25730,3,,,,,,,,,,,,
2026/10/02 22:52,2026-10-02T23:07:11+09:00,2026/10/05,2026/10/08,2026-10,PUT,42750,1,33,,106.82,,1,4,,,,,,,
2026/10/02 22:52,2026-10-02T23:07:11+09:00,2026/10/05,2026/10/08,2026-10,CALL,42000,26480,,,,,,,,,,,,,
2026/10/02 22:52,2026-10-02T23:07:11+09:00,2026/10/05,2026/10/08,2026-10,PUT,42000,1,401,,110.47,,1,80,,,,,,,
2026/10/02 22:52,2026-10-02T23:07:11+09:00,2026/10/05,2026/10/08,2026-10,CALL,41000,27480,,,,,,,,,,,,,
2026/10/02 22:52,2026-10-02T23:07:11+09:00,2026/10/05,2026/10/08,2026-10,PUT,41000,1,280,,115.44,,1,22,,,,,,,
2026/10/02 22:52,2026-10-02T23:07:11+09:00,2026/10/05,2026/10/08,2026-10,CALL,40000,28480,,,,,,,,,,,,,
2026/10/02 22:52,2026-10-02T23:07:11+09:00,2026/10/05,2026/10/08,2026-10,PUT,40000,1,4647,2,120.52,,1,115,,,120.29,0,0,1,10/02 22:21
2026/10/02 22:52,2026-10-02T23:07:11+09:00,2026/10/05,2026/10/08,2026-10,CALL,39000,29480,,,,,,,,,,,,,
2026/10/02 22:52,2026-10-02T23:07:11+09:00,2026/10/05,2026/10/08,2026-10,PUT,39000,1,191,5,125.72,,1,24,,,125.41,0,0,1,10/02 21:37
2026/10/02 22:52,2026-10-02T23:07:11+09:00,2026/10/05,2026/10/08,2026-10,CALL,38000,30480,,,,,,,,,,,,,
2026/10/02 22:52,2026-10-02T23:07:11+09:00,2026/10/05,2026/10/08,2026-10,PUT,38000,1,420,,131.06,,1,27,,,,,,,
2026/10/02 22:52,2026-10-02T23:07:11+09:00,2026/10/05,2026/10/08,2026-10,CALL,37000,31480,,,,,,,,,,,,,
2026/10/02 22:52,2026-10-02T23:07:11+09:00,2026/10/05,2026/10/08,2026-10,PUT,37000,1,460,,136.53,,1,45,,,,,,,
2026/10/02 22:52,2026-10-02T23:07:11+09:00,2026/10/05,2026/10/08,2026-10,CALL,36000,32480,,,,,,,,,,,,,
2026/10/02 22:52,2026-10-02T23:07:11+09:00,2026/10/05,2026/10/08,2026-10,PUT,36000,1,98,,142.14,,1,23,,,,,,,
2026/10/02 22:52,2026-10-02T23:07:11+09:00,2026/10/05,2026/10/08,2026-10,CALL,35000,33480,24,,,,,,,,,,,,
2026/10/02 22:52,2026-10-02T23:07:11+09:00,2026/10/05,2026/10/08,2026-10,PUT,35000,1,2205,2,147.91,,1,35,,,147.61,0,0,1,10/02 21:36
2026/10/02 22:52,2026-10-02T23:07:11+09:00,2026/10/05,2026/11/12,2026-11,CALL,95000,1,34,2,29.12,27.6,2,12,1,8,27.61,0,0,1,10/02 22:05
2026/10/02 22:52,2026-10-02T23:07:11+09:00,2026/10/05,2026/11/12,2026-11,PUT,95000,26440,,,,,,,,,,,,,
2026/10/02 22:52,2026-10-02T23:07:11+09:00,2026/10/05,2026/11/12,2026-11,CALL,92500,2,14,11,26.82,25.4,2,2,1,9,25.87,0,0,1,10/02 21:26
2026/10/02 22:52,2026-10-02T23:07:11+09:00,2026/10/05,2026/11/12,2026-11,PUT,92500,23945,,,,,,,,,,,,,
2026/10/02 22:52,2026-10-02T23:07:11+09:00,2026/10/05,2026/11/12,2026-11,CALL,90000,2,281,41,25.97,24.45,4,7,2,8,26.06,,,4,10/02 21:56
2026/10/02 22:52,2026-10-02T23:07:11+09:00,2026/10/05,2026/11/12,2026-11,PUT,90000,21450,,,,,,,,,,,,,
2026/10/02 22:52,2026-10-02T23:07:11+09:00,2026/10/05,2026/11/12,2026-11,CALL,87500,4,195,20,25.03,24.69,8,4,7,3,25.16,4,100,8,10/02 21:35
2026/10/02 22:52,2026-10-02T23:07:11+09:00,2026/10/05,2026/11/12,2026-11,PUT,87500,18955,,,,,,,,,,,,,
2026/10/02 22:52,2026-10-02T23:07:11+09:00,2026/10/05,2026/11/12,2026-11,CALL,85000,10,164,42,25.08,24.15,23,24,17,1,24.84,10,100,20,10/02 22:20
2026/10/02 22:52,2026-10-02T23:07:11+09:00,2026/10/05,2026/11/12,2026-11,PUT,85000,16470,,,,,,,,,,,,,
2026/10/02 22:52,2026-10-02T23:07:11+09:00,2026/10/05,2026/11/12,2026-11,CALL,82500,27,200,57,24.78,23.62,56,12,41,12,24.28,24,88.89,51,10/02 22:48
2026/10/02 22:52,2026-10-02T23:07:11+09:00,2026/10/05,2026/11/12,2026-11,PUT,82500,13990,,,,,,,,,,,,,
2026/10/02 22:52,2026-10-02T23:07:11+09:00,2026/10/05,2026/11/12,2026-11,CALL,80000,73,372,48,24.67,23.77,136,11,113,11,24.4,62,95.38,127,10/02 22:39
2026/10/02 22:52,2026-10-02T23:07:11+09:00,2026/10/05,2026/11/12,2026-11,PUT,80000,11535,,,,,,,,,,,,,
2026/10/02 22:52,2026-10-02T23:07:11+09:00,2026/10/05,2026/11/12,2026-11,CALL,79500,88,18,4,24.65,24,161,8,142,8,24.58,58,76.32,134,10/02 20:00
2026/10/02 22:52,2026-10-02T23:07:11+09:00,2026/10/05,2026/11/12,2026-11,PUT,79500,11050,2,,,,,,,,,,,,
2026/10/02 22:52,2026-10-02T23:07:11+09:00,2026/10/05,2026/11/12,2026-11,CALL,79000,105,120,22,24.83,24.08,197,11,172,11,24.48,85,89.47,180,10/02 22:44
2026/10/02 22:52,2026-10-02T23:07:11+09:00,2026/10/05,2026/11/12,2026-11,PUT,79000,10575,,,,,,,,,,,,,
2026/10/02 22:52,2026-10-02T23:07:11+09:00,2026/10/05,2026/11/12,2026-11,CALL,78500,128,7,,24.67,23.92,226,2,199,2,,,,,
2026/10/02 22:52,2026-10-02T23:07:11+09:00,2026/10/05,2026/11/12,2026-11,PUT,78500,10095,,,,,,,,,,,,,
2026/10/02 22:52,2026-10-02T23:07:11+09:00,2026/10/05,2026/11/12,2026-11,CALL,78000,150,300,17,24.79,24.17,271,11,246,11,24.45,95,63.33,245,10/02 22:22
2026/10/02 22:52,2026-10-02T23:07:11+09:00,2026/10/05,2026/11/12,2026-11,PUT,78000,9620,,,,,,,,,,,,,
2026/10/02 22:52,2026-10-02T23:07:11+09:00,2026/10/05,2026/11/12,2026-11,CALL,77500,183,7,7,24.62,24.22,310,8,292,2,24.17,121,70.76,292,10/02 22:45
2026/10/02 22:52,2026-10-02T23:07:11+09:00,2026/10/05,2026/11/12,2026-11,PUT,77500,9150,,,,,,,,,,,,,
2026/10/02 22:52,2026-10-02T23:07:11+09:00,2026/10/05,2026/11/12,2026-11,CALL,77000,214,246,25,24.57,24.37,360,2,350,1,24.65,148,71.5,355,10/02 22:44
2026/10/02 22:52,2026-10-02T23:07:11+09:00,2026/10/05,2026/11/12,2026-11,PUT,77000,8685,,,,,,,,,,,,,
2026/10/02 22:52,2026-10-02T23:07:11+09:00,2026/10/05,2026/11/12,2026-11,CALL,76500,255,292,,24.67,24.11,425,2,395,2,,,,,
2026/10/02 22:52,2026-10-02T23:07:11+09:00,2026/10/05,2026/11/12,2026-11,PUT,76500,8225,,,,,,,,,,,,,
2026/10/02 22:52,2026-10-02T23:07:11+09:00,2026/10/05,2026/11/12,2026-11,CALL,76250,279,2,,24.61,24.08,455,2,425,2,,,,,
2026/10/02 22:52,2026-10-02T23:07:11+09:00,2026/10/05,2026/11/12,2026-11,PUT,76250,8000,,,,,,,,,,,,,
2026/10/02 22:52,2026-10-02T23:07:11+09:00,2026/10/05,2026/11/12,2026-11,CALL,76000,299,181,22,24.53,24.18,485,2,465,8,24.64,194,70.29,470,10/02 22:37
2026/10/02 22:52,2026-10-02T23:07:11+09:00,2026/10/05,2026/11/12,2026-11,PUT,76000,7775,,,,,,,,,,,,,
2026/10/02 22:52,2026-10-02T23:07:11+09:00,2026/10/05,2026/11/12,2026-11,CALL,75750,325,2,,24.66,24.08,530,2,495,2,,,,,
2026/10/02 22:52,2026-10-02T23:07:11+09:00,2026/10/05,2026/11/12,2026-11,PUT,75750,7550,,,,,,,,,,,,,
2026/10/02 22:52,2026-10-02T23:07:11+09:00,2026/10/05,2026/11/12,2026-11,CALL,75500,355,93,2,24.66,24.02,570,6,530,6,24.43,190,56.72,525,10/02 21:30
2026/10/02 22:52,2026-10-02T23:07:11+09:00,2026/10/05,2026/11/12,2026-11,PUT,75500,7325,,,,,,,,,,,,,
2026/10/02 22:52,2026-10-02T23:07:11+09:00,2026/10/05,2026/11/12,2026-11,CALL,75250,380,2,,24.62,24.09,610,2,575,2,,,,,
2026/10/02 22:52,2026-10-02T23:07:11+09:00,2026/10/05,2026/11/12,2026-11,PUT,75250,7105,,,,,,,,,,,,,
2026/10/02 22:52,2026-10-02T23:07:11+09:00,2026/10/05,2026/11/12,2026-11,CALL,75000,415,520,10,24.63,24.03,655,5,615,5,24.68,255,68.92,625,10/02 22:30
2026/10/02 22:52,2026-10-02T23:07:11+09:00,2026/10/05,2026/11/12,2026-11,PUT,75000,6890,,,,,,,,,,,,,
2026/10/02 22:52,2026-10-02T23:07:11+09:00,2026/10/05,2026/11/12,2026-11,CALL,74750,450,3,,24.59,23.94,700,2,655,2,,,,,
2026/10/02 22:52,2026-10-02T23:07:11+09:00,2026/10/05,2026/11/12,2026-11,PUT,74750,6670,,,,,,,,,,,,,
2026/10/02 22:52,2026-10-02T23:07:11+09:00,2026/10/05,2026/11/12,2026-11,CALL,74500,485,121,1,24.73,24.03,760,2,710,4,24.35,140,30.43,600,10/02 18:00
2026/10/02 22:52,2026-10-02T23:07:11+09:00,2026/10/05,2026/11/12,2026-11,PUT,74500,6460,,,29.92,18.2,5840,4,5020,6,,,,,
2026/10/02 22:52,2026-10-02T23:07:11+09:00,2026/10/05,2026/11/12,2026-11,CALL,74250,525,1,,24.69,23.94,810,2,755,2,,,,,
2026/10/02 22:52,2026-10-02T23:07:11+09:00,2026/10/05,2026/11/12,2026-11,PUT,74250,6250,,,29.71,20.26,5635,4,4935,5,,,,,
2026/10/02 22:52,2026-10-02T23:07:11+09:00,2026/10/05,2026/11/12,2026-11,CALL,74000,530,227,20,24.54,23.95,855,5,810,5,24.66,325,61.32,855,10/02 22:04
2026/10/02 22:52,2026-10-02T23:07:11+09:00,2026/10/05,2026/11/12,2026-11,PUT,74000,6040,,,33.7,17.36,5785,8,4545,8,,,,,
2026/10/02 22:52,2026-10-02T23:07:11+09:00,2026/10/05,2026/11/12,2026-11,CALL,73750,605,20,,24.88,24.11,940,2,880,2,,,,,
2026/10/02 22:52,2026-10-02T23:07:11+09:00,2026/10/05,2026/11/12,2026-11,PUT,73750,5835,,,33.38,17.83,5580,4,4365,4,,,,,
2026/10/02 22:52,2026-10-02T23:07:11+09:00,2026/10/05,2026/11/12,2026-11,CALL,73500,650,14,2,24.59,24.03,980,4,935,4,24.48,365,63.48,940,10/02 22:08
2026/10/02 22:52,2026-10-02T23:07:11+09:00,2026/10/05,2026/11/12,2026-11,PUT,73500,5630,,,33.04,21.65,5375,4,4435,6,,,,,
2026/10/02 22:52,2026-10-02T23:07:11+09:00,2026/10/05,2026/11/12,2026-11,CALL,73250,705,9,,24.77,24.1,1060,2,1005,2,,,,,
2026/10/02 22:52,2026-10-02T23:07:11+09:00,2026/10/05,2026/11/12,2026-11,PUT,73250,5425,,,25.62,23.04,4565,6,4355,6,,,,,
2026/10/02 22:52,2026-10-02T23:07:11+09:00,2026/10/05,2026/11/12,2026-11,CALL,73000,745,262,4,24.84,23.88,1135,5,1055,40,24.75,345,46.31,1090,10/02 21:51
2026/10/02 22:52,2026-10-02T23:07:11+09:00,2026/10/05,2026/11/12,2026-11,PUT,73000,5230,,,24.9,23.64,4325,2,4220,2,,,,,
2026/10/02 22:52,2026-10-02T23:07:11+09:00,2026/10/05,2026/11/12,2026-11,CALL,72750,750,2,,24.93,23.99,1215,2,1135,2,,,,,
2026/10/02 22:52,2026-10-02T23:07:11+09:00,2026/10/05,2026/11/12,2026-11,PUT,72750,5040,,,25.28,23.63,4180,2,4040,2,,,,,
2026/10/02 22:52,2026-10-02T23:07:11+09:00,2026/10/05,2026/11/12,2026-11,CALL,72500,850,576,2,24.91,23.99,1290,3,1210,13,24.63,390,45.88,1240,10/02 21:54
2026/10/02 22:52,2026-10-02T23:07:11+09:00,2026/10/05,2026/11/12,2026-11,PUT,72500,4850,330,,25.08,23.7,3990,2,3870,2,,,,,
2026/10/02 22:52,2026-10-02T23:07:11+09:00,2026/10/05,2026/11/12,2026-11,CALL,72250,920,8,1,24.91,24.18,1370,2,1305,2,24.72,445,50.28,1330,10/02 21:57
2026/10/02 22:52,2026-10-02T23:07:11+09:00,2026/10/05,2026/11/12,2026-11,PUT,72250,4660,,,25.08,23.89,3820,1,3715,1,,,,,
2026/10/02 22:52,2026-10-02T23:07:11+09:00,2026/10/05,2026/11/12,2026-11,CALL,72125,995,93,,25.29,23.94,1445,20,1325,20,,,,,
2026/10/02 22:52,2026-10-02T23:07:11+09:00,2026/10/05,2026/11/12,2026-11,PUT,72125,4595,,,31.81,22.29,4345,6,3490,3,,,,,
2026/10/02 22:52,2026-10-02T23:07:11+09:00,2026/10/05,2026/11/12,2026-11,CALL,72000,925,1640,5,25.04,24.31,1465,4,1400,28,24.75,470,50.81,1395,10/02 21:53
2026/10/02 22:52,2026-10-02T23:07:11+09:00,2026/10/05,2026/11/12,2026-11,PUT,72000,4475,,,25.09,23.87,3655,1,3545,1,,,,,
2026/10/02 22:52,2026-10-02T23:07:11+09:00,2026/10/05,2026/11/12,2026-11,CALL,71875,1075,,,25.28,23.95,1530,20,1410,20,,,,,
2026/10/02 22:52,2026-10-02T23:07:11+09:00,2026/10/05,2026/11/12,2026-11,PUT,71875,4425,,,25.67,23.39,3625,9,3420,9,,,,,
2026/10/02 22:52,2026-10-02T23:07:11+09:00,2026/10/05,2026/11/12,2026-11,CALL,71750,1055,,,25.23,24.02,1570,1,1460,1,,,,,
2026/10/02 22:52,2026-10-02T23:07:11+09:00,2026/10/05,2026/11/12,2026-11,PUT,71750,4295,,,25.45,24.02,3525,1,3395,1,,,,,
2026/10/02 22:52,2026-10-02T23:07:11+09:00,2026/10/05,2026/11/12,2026-11,CALL,71625,1140,8,,25.28,23.97,1620,20,1500,20,,,,,
2026/10/02 22:52,2026-10-02T23:07:11+09:00,2026/10/05,2026/11/12,2026-11,PUT,71625,4240,,,25.72,23.47,3470,9,3265,9,,,,,
2026/10/02 22:52,2026-10-02T23:07:11+09:00,2026/10/05,2026/11/12,2026-11,CALL,71500,1130,359,,25.27,24.07,1665,1,1555,1,,,,,
2026/10/02 22:52,2026-10-02T23:07:11+09:00,2026/10/05,2026/11/12,2026-11,PUT,71500,4120,,,25.05,23.96,3330,1,3230,1,,,,,
2026/10/02 22:52,2026-10-02T23:07:11+09:00,2026/10/05,2026/11/12,2026-11,CALL,71375,1200,,,25.3,24,1715,20,1595,20,,,,,
2026/10/02 22:52,2026-10-02T23:07:11+09:00,2026/10/05,2026/11/12,2026-11,PUT,71375,4050,,,25.73,23.51,3315,9,3110,9,,,,,
2026/10/02 22:52,2026-10-02T23:07:11+09:00,2026/10/05,2026/11/12,2026-11,CALL,71250,1215,6,,25.32,24.13,1765,1,1655,1,,,,,
2026/10/02 22:52,2026-10-02T23:07:11+09:00,2026/10/05,2026/11/12,2026-11,PUT,71250,3945,,,25.26,24.08,3195,1,3085,1,,,,,
2026/10/02 22:52,2026-10-02T23:07:11+09:00,2026/10/05,2026/11/12,2026-11,CALL,71125,1295,2,,25.27,23.98,1810,20,1690,20,,,,,
2026/10/02 22:52,2026-10-02T23:07:11+09:00,2026/10/05,2026/11/12,2026-11,PUT,71125,3895,,,25.22,23.93,3115,20,2995,20,,,,,
2026/10/02 22:52,2026-10-02T23:07:11+09:00,2026/10/05,2026/11/12,2026-11,CALL,71000,1285,1336,,25.27,24.09,1860,1,1750,1,,,,,
2026/10/02 22:52,2026-10-02T23:07:11+09:00,2026/10/05,2026/11/12,2026-11,PUT,71000,3780,,1,25.27,24.41,3045,4,2965,4,24.82,,,3040,10/02 21:57
2026/10/02 22:52,2026-10-02T23:07:11+09:00,2026/10/05,2026/11/12,2026-11,CALL,70875,1335,,,25.74,24.51,1955,15,1840,20,,,,,
2026/10/02 22:52,2026-10-02T23:07:11+09:00,2026/10/05,2026/11/12,2026-11,PUT,70875,3685,,,25.26,23.98,2970,20,2850,20,,,,,
2026/10/02 22:52,2026-10-02T23:07:11+09:00,2026/10/05,2026/11/12,2026-11,CALL,70750,1390,4,1,25.29,24.28,1965,7,1870,2,24.88,,,1765,10/02 20:09
2026/10/02 22:52,2026-10-02T23:07:11+09:00,2026/10/05,2026/11/12,2026-11,PUT,70750,3615,160,,25.23,24.49,2895,1,2825,2,,,,,
2026/10/02 22:52,2026-10-02T23:07:11+09:00,2026/10/05,2026/11/12,2026-11,CALL,70625,1435,,,25.63,24.56,2050,2,1950,20,,,,,
2026/10/02 22:52,2026-10-02T23:07:11+09:00,2026/10/05,2026/11/12,2026-11,PUT,70625,3540,,,25.25,24.03,2825,20,2710,15,,,,,
2026/10/02 22:52,2026-10-02T23:07:11+09:00,2026/10/05,2026/11/12,2026-11,CALL,70500,1490,30,2,25.47,24.68,2090,3,2015,2,25,615,43.93,2015,10/02 21:57
2026/10/02 22:52,2026-10-02T23:07:11+09:00,2026/10/05,2026/11/12,2026-11,PUT,70500,3465,,,25.42,24.47,2770,1,2680,2,,,,,
2026/10/02 22:52,2026-10-02T23:07:11+09:00,2026/10/05,2026/11/12,2026-11,CALL,70375,1515,102,,25.47,24.2,2145,20,2025,20,,,,,
2026/10/02 22:52,2026-10-02T23:07:11+09:00,2026/10/05,2026/11/12,2026-11,PUT,70375,3370,,,25.74,24.47,2730,20,2610,20,,,,,
2026/10/02 22:52,2026-10-02T23:07:11+09:00,2026/10/05,2026/11/12,2026-11,CALL,70250,1570,119,,25.72,24.66,2225,1,2125,1,,,,,
2026/10/02 22:52,2026-10-02T23:07:11+09:00,2026/10/05,2026/11/12,2026-11,PUT,70250,3300,,,25.3,24.4,2620,1,2535,1,,,,,
2026/10/02 22:52,2026-10-02T23:07:11+09:00,2026/10/05,2026/11/12,2026-11,CALL,70125,1610,,,25.81,24.64,2290,9,2180,20,,,,,
2026/10/02 22:52,2026-10-02T23:07:11+09:00,2026/10/05,2026/11/12,2026-11,PUT,70125,3215,,,25.81,24.53,2600,20,2480,20,,,,,
2026/10/02 22:52,2026-10-02T23:07:11+09:00,2026/10/05,2026/11/12,2026-11,CALL,70000,1565,1334,28,25.66,24.82,2335,4,2255,4,25.4,685,43.77,2250,10/02 21:51
2026/10/02 22:52,2026-10-02T23:07:11+09:00,2026/10/05,2026/11/12,2026-11,PUT,70000,3145,571,12,25.66,24.71,2520,4,2430,4,25.13,-660,-21.15,2460,10/02 22:45
2026/10/02 22:52,2026-10-02T23:07:11+09:00,2026/10/05,2026/11/12,2026-11,CALL,69875,1725,16,,25.67,24.4,2395,20,2275,20,,,,,
2026/10/02 22:52,2026-10-02T23:07:11+09:00,2026/10/05,2026/11/12,2026-11,PUT,69875,3075,,,25.72,24.45,2460,20,2340,20,,,,,
2026/10/02 22:52,2026-10-02T23:07:11+09:00,2026/10/05,2026/11/12,2026-11,CALL,69750,1780,1,,25.88,24.61,2475,5,2355,1,,,,,
2026/10/02 22:52,2026-10-02T23:07:11+09:00,2026/10/05,2026/11/12,2026-11,PUT,69750,3010,,,25.77,24.55,2400,41,2285,1,,,,,
2026/10/02 22:52,2026-10-02T23:07:11+09:00,2026/10/05,2026/11/12,2026-11,CALL,69625,1825,,,26.34,24.11,2580,9,2370,9,,,,,
2026/10/02 22:52,2026-10-02T23:07:11+09:00,2026/10/05,2026/11/12,2026-11,PUT,69625,2925,,,25.92,24.64,2350,20,2230,20,,,,,
2026/10/02 22:52,2026-10-02T23:07:11+09:00,2026/10/05,2026/11/12,2026-11,CALL,69500,1885,16,,25.89,24.83,2600,1,2500,1,,,,,
2026/10/02 22:52,2026-10-02T23:07:11+09:00,2026/10/05,2026/11/12,2026-11,PUT,69500,2865,1,,25.79,24.67,2275,1,2170,1,,,,,
2026/10/02 22:52,2026-10-02T23:07:11+09:00,2026/10/05,2026/11/12,2026-11,CALL,69375,1940,118,,28.15,20.37,2875,2,2145,2,,,,,
2026/10/02 22:52,2026-10-02T23:07:11+09:00,2026/10/05,2026/11/12,2026-11,PUT,69375,2795,,,25.96,24.68,2230,20,2110,20,,,,,
2026/10/02 22:52,2026-10-02T23:07:11+09:00,2026/10/05,2026/11/12,2026-11,CALL,69250,1995,,,26.08,24.85,2745,5,2630,1,,,,,
2026/10/02 22:52,2026-10-02T23:07:11+09:00,2026/10/05,2026/11/12,2026-11,PUT,69250,2730,,,25.76,24.85,2150,1,2065,1,,,,,
2026/10/02 22:52,2026-10-02T23:07:11+09:00,2026/10/05,2026/11/12,2026-11,CALL,69125,2040,,,28.59,20.54,3045,2,2295,2,,,,,
2026/10/02 22:52,2026-10-02T23:07:11+09:00,2026/10/05,2026/11/12,2026-11,PUT,69125,2640,,,25.91,24.63,2105,20,1985,20,,,,,
2026/10/02 22:52,2026-10-02T23:07:11+09:00,2026/10/05,2026/11/12,2026-11,CALL,69000,2100,3862,6,26.17,25.09,2885,9,2785,4,25.52,550,27.09,2580,10/02 19:54
2026/10/02 22:52,2026-10-02T23:07:11+09:00,2026/10/05,2026/11/12,2026-11,PUT,69000,2590,473,3,25.79,25.09,2035,4,1970,4,25.59,,,2200,10/02 20:56
2026/10/02 22:52,2026-10-02T23:07:11+09:00,2026/10/05,2026/11/12,2026-11,CALL,68875,2155,25,,28.94,20.24,3210,2,2405,6,,,,,
2026/10/02 22:52,2026-10-02T23:07:11+09:00,2026/10/05,2026/11/12,2026-11,PUT,68875,2510,,,26.09,24.79,2005,20,1885,20,,,,,
2026/10/02 22:52,2026-10-02T23:07:11+09:00,2026/10/05,2026/11/12,2026-11,CALL,68750,2225,10,,26.37,25.02,3040,1,2915,1,,,,,
2026/10/02 22:52,2026-10-02T23:07:11+09:00,2026/10/05,2026/11/12,2026-11,PUT,68750,2455,,,25.99,25.02,1940,2,1850,2,,,,,
2026/10/02 22:52,2026-10-02T23:07:11+09:00,2026/10/05,2026/11/12,2026-11,CALL,68625,2275,1,,29.42,19.04,3390,2,2440,6,,,,,
2026/10/02 22:52,2026-10-02T23:07:11+09:00,2026/10/05,2026/11/12,2026-11,PUT,68625,2380,,,26.16,24.86,1900,20,1780,20,,,,,
2026/10/02 22:52,2026-10-02T23:07:11+09:00,2026/10/05,2026/11/12,2026-11,CALL,68500,2230,15,,26.54,24.79,3195,12,3035,12,,,,,
2026/10/02 22:52,2026-10-02T23:07:11+09:00,2026/10/05,2026/11/12,2026-11,PUT,68500,2335,157,,26.1,25.23,1840,2,1760,2,,,,,
2026/10/02 22:52,2026-10-02T23:07:11+09:00,2026/10/05,2026/11/12,2026-11,CALL,68375,2425,16,,29.76,19.98,3560,6,2675,6,,,,,
2026/10/02 22:52,2026-10-02T23:07:11+09:00,2026/10/05,2026/11/12,2026-11,PUT,68375,2280,16,,26.25,24.93,1800,20,1680,35,,,,,
2026/10/02 22:52,2026-10-02T23:07:11+09:00,2026/10/05,2026/11/12,2026-11,CALL,68250,2505,,,26.83,24.95,3365,5,3195,1,,,,,
2026/10/02 22:52,2026-10-02T23:07:11+09:00,2026/10/05,2026/11/12,2026-11,PUT,68250,2235,,,26.23,25.39,1745,2,1670,2,,,,,
2026/10/02 22:52,2026-10-02T23:07:11+09:00,2026/10/05,2026/11/12,2026-11,CALL,68125,2560,,,29.35,19.76,3665,3,2810,6,,,,,
2026/10/02 22:52,2026-10-02T23:07:11+09:00,2026/10/05,2026/11/12,2026-11,PUT,68125,2165,,,27.08,25.13,1770,15,1595,1,,,,,
2026/10/02 22:52,2026-10-02T23:07:11+09:00,2026/10/05,2026/11/12,2026-11,CALL,68000,2575,626,,27.03,19.07,3530,9,2830,8,,,,,
2026/10/02 22:52,2026-10-02T23:07:11+09:00,2026/10/05,2026/11/12,2026-11,PUT,68000,2155,208,,26.42,25.52,1660,2,1580,2,,,,,
2026/10/02 22:52,2026-10-02T23:07:11+09:00,2026/10/05,2026/11/12,2026-11,CALL,67875,2695,1,,30.68,19.46,3930,2,2945,6,,,,,
2026/10/02 22:52,2026-10-02T23:07:11+09:00,2026/10/05,2026/11/12,2026-11,PUT,67875,2050,,,27.2,25,1680,15,1485,16,,,,,
2026/10/02 22:52,2026-10-02T23:07:11+09:00,2026/10/05,2026/11/12,2026-11,CALL,67750,2765,35,,30.58,19.38,3995,4,3020,4,,,,,
2026/10/02 22:52,2026-10-02T23:07:11+09:00,2026/10/05,2026/11/12,2026-11,PUT,67750,1995,1,,26.63,25.77,1580,2,1505,2,,,,,
2026/10/02 22:52,2026-10-02T23:07:11+09:00,2026/10/05,2026/11/12,2026-11,CALL,67625,2840,,,31.04,19.21,4110,3,3090,6,,,,,
2026/10/02 22:52,2026-10-02T23:07:11+09:00,2026/10/05,2026/11/12,2026-11,PUT,67625,1945,,,27.35,25.68,1595,15,1450,1,,,,,
2026/10/02 22:52,2026-10-02T23:07:11+09:00,2026/10/05,2026/11/12,2026-11,CALL,67500,2920,929,,31.37,19.15,4215,4,3170,12,,,,,
2026/10/02 22:52,2026-10-02T23:07:11+09:00,2026/10/05,2026/11/12,2026-11,PUT,67500,1900,4,,26.57,25.81,1480,2,1415,2,,,,,
2026/10/02 22:52,2026-10-02T23:07:11+09:00,2026/10/05,2026/11/12,2026-11,CALL,67375,3000,,,31.42,19.07,4295,2,3250,6,,,,,
2026/10/02 22:52,2026-10-02T23:07:11+09:00,2026/10/05,2026/11/12,2026-11,PUT,67375,1855,,,27.51,25.58,1515,15,1350,1,,,,,
2026/10/02 22:52,2026-10-02T23:07:11+09:00,2026/10/05,2026/11/12,2026-11,CALL,67250,3065,,,27.93,18.77,4070,5,3315,8,,,,,
2026/10/02 22:52,2026-10-02T23:07:11+09:00,2026/10/05,2026/11/12,2026-11,PUT,67250,1795,,,26.81,26.05,1410,2,1345,2,,,,,
2026/10/02 22:52,2026-10-02T23:07:11+09:00,2026/10/05,2026/11/12,2026-11,CALL,67125,3160,,,31.83,18.84,4485,2,3410,6,,,,,
2026/10/02 22:52,2026-10-02T23:07:11+09:00,2026/10/05,2026/11/12,2026-11,PUT,67125,1765,,,27.69,25.13,1440,15,1225,21,,,,,
2026/10/02 22:52,2026-10-02T23:07:11+09:00,2026/10/05,2026/11/12,2026-11,CALL,67000,3220,1440,,32.03,16.86,4580,8,3355,8,,,,,
2026/10/02 22:52,2026-10-02T23:07:11+09:00,2026/10/05,2026/11/12,2026-11,PUT,67000,1705,936,,26.78,26.06,1320,2,1260,2,,,,,
2026/10/02 22:52,2026-10-02T23:07:11+09:00,2026/10/05,2026/11/12,2026-11,CALL,66875,3290,,,29.09,18.13,4410,3,3540,6,,,,,
2026/10/02 22:52,2026-10-02T23:07:11+09:00,2026/10/05,2026/11/12,2026-11,PUT,66875,1650,,2,27.89,26.44,1370,22,1250,1,26.58,,,1450,10/02 19:11
2026/10/02 22:52,2026-10-02T23:07:11+09:00,2026/10/05,2026/11/12,2026-11,CALL,66750,3385,6,,32.52,18.14,4780,4,3635,8,,,,,
2026/10/02 22:52,2026-10-02T23:07:11+09:00,2026/10/05,2026/11/12,2026-11,PUT,66750,1620,,,26.95,26.27,1250,2,1195,2,,,,,
2026/10/02 22:52,2026-10-02T23:07:11+09:00,2026/10/05,2026/11/12,2026-11,CALL,66625,3455,,,30.97,17.77,4730,3,3705,6,,,,,
2026/10/02 22:52,2026-10-02T23:07:11+09:00,2026/10/05,2026/11/12,2026-11,PUT,66625,1565,,,28,25.52,1295,15,1095,21,,,,,
2026/10/02 22:52,2026-10-02T23:07:11+09:00,2026/10/05,2026/11/12,2026-11,CALL,66500,3540,1,,33.05,17.59,4985,4,3790,12,,,,,
2026/10/02 22:52,2026-10-02T23:07:11+09:00,2026/10/05,2026/11/12,2026-11,PUT,66500,1525,441,1,27.2,26.64,1190,4,1145,4,26.81,-230,-14.6,1345,10/02 17:58
2026/10/02 22:52,2026-10-02T23:07:11+09:00,2026/10/05,2026/11/12,2026-11,CALL,66375,3620,,,30.6,17.3,4865,3,3870,6,,,,,
2026/10/02 22:52,2026-10-02T23:07:11+09:00,2026/10/05,2026/11/12,2026-11,PUT,66375,1475,,,28.19,25.59,1230,15,1025,21,,,,,
2026/10/02 22:52,2026-10-02T23:07:11+09:00,2026/10/05,2026/11/12,2026-11,CALL,66250,3710,1,,31.05,17.13,4985,5,3960,8,,,,,
2026/10/02 22:52,2026-10-02T23:07:11+09:00,2026/10/05,2026/11/12,2026-11,PUT,66250,1445,,,27.35,26.65,1125,2,1070,3,,,,,
2026/10/02 22:52,2026-10-02T23:07:11+09:00,2026/10/05,2026/11/12,2026-11,CALL,66125,3770,4,,31.86,16.5,5135,3,4025,2,,,,,
2026/10/02 22:52,2026-10-02T23:07:11+09:00,2026/10/05,2026/11/12,2026-11,PUT,66125,1380,,,28.54,26.08,1180,22,990,16,,,,,
2026/10/02 22:52,2026-10-02T23:07:11+09:00,2026/10/05,2026/11/12,2026-11,CALL,66000,3890,669,,32.61,16.7,5280,11,4140,20,,,,,
2026/10/02 22:52,2026-10-02T23:07:11+09:00,2026/10/05,2026/11/12,2026-11,PUT,66000,1375,1820,,27.47,26.74,1060,2,1005,2,,,,,
2026/10/02 22:52,2026-10-02T23:07:11+09:00,2026/10/05,2026/11/12,2026-11,CALL,65875,3935,50,,34.17,15.66,5490,2,4190,2,,,,,
2026/10/02 22:52,2026-10-02T23:07:11+09:00,2026/10/05,2026/11/12,2026-11,PUT,65875,1295,,,28.4,25.93,1095,23,910,21,,,,,
2026/10/02 22:52,2026-10-02T23:07:11+09:00,2026/10/05,2026/11/12,2026-11,CALL,65750,4055,1,,34.37,15.91,5590,4,4310,4,,,,,
2026/10/02 22:52,2026-10-02T23:07:11+09:00,2026/10/05,2026/11/12,2026-11,PUT,65750,1290,,,27.61,27,1000,2,955,2,,,,,
2026/10/02 22:52,2026-10-02T23:07:11+09:00,2026/10/05,2026/11/12,2026-11,CALL,65625,4125,,,34.62,15.08,5695,2,4380,2,,,,,
2026/10/02 22:52,2026-10-02T23:07:11+09:00,2026/10/05,2026/11/12,2026-11,PUT,65625,1235,,,28.54,26.22,1035,23,865,17,,,,,
2026/10/02 22:52,2026-10-02T23:07:11+09:00,2026/10/05,2026/11/12,2026-11,CALL,65500,4240,209,,34.94,15.18,5805,4,4495,4,,,,,
2026/10/02 22:52,2026-10-02T23:07:11+09:00,2026/10/05,2026/11/12,2026-11,PUT,65500,1225,135,,27.71,27.09,940,2,895,2,,,,,
2026/10/02 22:52,2026-10-02T23:07:11+09:00,2026/10/05,2026/11/12,2026-11,CALL,65375,4290,11,,32.01,20.95,5665,3,4900,2,,,,,
2026/10/02 22:52,2026-10-02T23:07:11+09:00,2026/10/05,2026/11/12,2026-11,PUT,65375,1150,30,,28.3,26.11,950,9,795,22,,,,,
2026/10/02 22:52,2026-10-02T23:07:11+09:00,2026/10/05,2026/11/12,2026-11,CALL,65250,4415,,,30.27,13.81,5625,5,4670,4,,,,,
2026/10/02 22:52,2026-10-02T23:07:11+09:00,2026/10/05,2026/11/12,2026-11,PUT,65250,1150,,,27.91,27.27,890,2,845,2,,,,,
2026/10/02 22:52,2026-10-02T23:07:11+09:00,2026/10/05,2026/11/12,2026-11,CALL,65125,4485,1,,35.59,11.8,6115,3,4735,4,,,,,
2026/10/02 22:52,2026-10-02T23:07:11+09:00,2026/10/05,2026/11/12,2026-11,PUT,65125,1100,,,28.5,26.98,900,9,795,2,,,,,
2026/10/02 22:52,2026-10-02T23:07:11+09:00,2026/10/05,2026/11/12,2026-11,CALL,65000,4610,428,,34.1,,6090,3,4675,12,,,,,
2026/10/02 22:52,2026-10-02T23:07:11+09:00,2026/10/05,2026/11/12,2026-11,PUT,65000,1075,1119,2,28.01,27.57,835,8,805,8,27.89,-245,-22.79,830,10/02 22:05
2026/10/02 22:52,2026-10-02T23:07:11+09:00,2026/10/05,2026/11/12,2026-11,CALL,64875,4660,,,35.71,,6300,3,4910,4,,,,,
2026/10/02 22:52,2026-10-02T23:07:11+09:00,2026/10/05,2026/11/12,2026-11,PUT,64875,1020,,,29.17,26.34,885,24,695,15,,,,,
2026/10/02 22:52,2026-10-02T23:07:11+09:00,2026/10/05,2026/11/12,2026-11,CALL,64750,4785,,,33.22,,6205,1,5035,4,,,,,
2026/10/02 22:52,2026-10-02T23:07:11+09:00,2026/10/05,2026/11/12,2026-11,PUT,64750,1025,4,1,28.21,27.83,790,4,765,2,27.69,-100,-9.85,915,10/02 17:20
2026/10/02 22:52,2026-10-02T23:07:11+09:00,2026/10/05,2026/11/12,2026-11,CALL,64625,4845,1,,36.21,,6515,3,5095,4,,,,,
2026/10/02 22:52,2026-10-02T23:07:11+09:00,2026/10/05,2026/11/12,2026-11,PUT,64625,955,494,,28.87,26.71,805,9,665,22,,,,,
2026/10/02 22:52,2026-10-02T23:07:11+09:00,2026/10/05,2026/11/12,2026-11,CALL,64500,4965,201,,36.48,,6625,6,5215,8,,,,,
2026/10/02 22:52,2026-10-02T23:07:11+09:00,2026/10/05,2026/11/12,2026-11,PUT,64500,955,300,,28.46,27.91,750,2,715,2,,,,,
2026/10/02 22:52,2026-10-02T23:07:11+09:00,2026/10/05,2026/11/12,2026-11,CALL,64375,5085,2,,36.62,,6725,3,5335,4,,,,,
2026/10/02 22:52,2026-10-02T23:07:11+09:00,2026/10/05,2026/11/12,2026-11,PUT,64375,945,82,,29.57,26.89,795,24,625,22,,,,,
2026/10/02 22:52,2026-10-02T23:07:11+09:00,2026/10/05,2026/11/12,2026-11,CALL,64250,5190,,,36.89,,6835,3,5440,4,,,,,
2026/10/02 22:52,2026-10-02T23:07:11+09:00,2026/10/05,2026/11/12,2026-11,PUT,64250,925,,,28.51,28.03,700,2,670,2,,,,,
2026/10/02 22:52,2026-10-02T23:07:11+09:00,2026/10/05,2026/11/12,2026-11,CALL,64125,5310,,,37.08,,6940,3,5560,4,,,,,
2026/10/02 22:52,2026-10-02T23:07:11+09:00,2026/10/05,2026/11/12,2026-11,PUT,64125,925,,,29.49,27.03,735,9,585,22,,,,,
2026/10/02 22:52,2026-10-02T23:07:11+09:00,2026/10/05,2026/11/12,2026-11,CALL,64000,5385,131,,37.34,,7050,9,5635,12,,,,,
2026/10/02 22:52,2026-10-02T23:07:11+09:00,2026/10/05,2026/11/12,2026-11,PUT,64000,875,584,,28.86,28.19,670,2,630,2,,,,,
2026/10/02 22:52,2026-10-02T23:07:11+09:00,2026/10/05,2026/11/12,2026-11,CALL,63875,5485,,,31.68,,6760,1,5735,4,,,,,
2026/10/02 22:52,2026-10-02T23:07:11+09:00,2026/10/05,2026/11/12,2026-11,PUT,63875,850,,,29.76,27.48,700,25,565,3,,,,,
2026/10/02 22:52,2026-10-02T23:07:11+09:00,2026/10/05,2026/11/12,2026-11,CALL,63750,5585,,,37.7,,7260,3,5835,4,,,,,
2026/10/02 22:52,2026-10-02T23:07:11+09:00,2026/10/05,2026/11/12,2026-11,PUT,63750,825,10,,28.92,28.4,625,2,595,2,,,,,
2026/10/02 22:52,2026-10-02T23:07:11+09:00,2026/10/05,2026/11/12,2026-11,CALL,63625,5695,,,37.95,,7370,3,5945,4,,,,,
2026/10/02 22:52,2026-10-02T23:07:11+09:00,2026/10/05,2026/11/12,2026-11,PUT,63625,810,,,29.92,27.38,660,10,515,7,,,,,
2026/10/02 22:52,2026-10-02T23:07:11+09:00,2026/10/05,2026/11/12,2026-11,CALL,63500,5790,17,,38.26,,7485,6,6040,8,,,,,
2026/10/02 22:52,2026-10-02T23:07:11+09:00,2026/10/05,2026/11/12,2026-11,PUT,63500,775,15,,29.12,28.58,590,2,560,2,,,,,
2026/10/02 22:52,2026-10-02T23:07:11+09:00,2026/10/05,2026/11/12,2026-11,CALL,63375,5895,,,38.36,,7585,3,6145,4,,,,,
2026/10/02 22:52,2026-10-02T23:07:11+09:00,2026/10/05,2026/11/12,2026-11,PUT,63375,760,,,30.3,28.25,635,10,520,3,,,,,
2026/10/02 22:52,2026-10-02T23:07:11+09:00,2026/10/05,2026/11/12,2026-11,CALL,63250,5995,15,,37.62,,7630,1,6245,4,,,,,
2026/10/02 22:52,2026-10-02T23:07:11+09:00,2026/10/05,2026/11/12,2026-11,PUT,63250,735,15,,29.37,28.82,560,2,530,2,,,,,
2026/10/02 22:52,2026-10-02T23:07:11+09:00,2026/10/05,2026/11/12,2026-11,CALL,63125,6110,,,32.83,,7425,1,6360,4,,,,,
2026/10/02 22:52,2026-10-02T23:07:11+09:00,2026/10/05,2026/11/12,2026-11,PUT,63125,725,,,30.49,28.45,600,10,490,3,,,,,
2026/10/02 22:52,2026-10-02T23:07:11+09:00,2026/10/05,2026/11/12,2026-11,CALL,63000,6205,,,39.12,,7920,9,6455,12,,,,,
2026/10/02 22:52,2026-10-02T23:07:11+09:00,2026/10/05,2026/11/12,2026-11,PUT,63000,695,1399,18,29.51,29.13,525,2,505,11,29.13,-160,-23.36,525,10/02 22:29
2026/10/02 22:52,2026-10-02T23:07:11+09:00,2026/10/05,2026/11/12,2026-11,CALL,62875,6280,,,32.27,,7595,1,6530,4,,,,,
2026/10/02 22:52,2026-10-02T23:07:11+09:00,2026/10/05,2026/11/12,2026-11,PUT,62875,640,1,,32.45,29.02,665,7,480,7,,,,,
2026/10/02 22:52,2026-10-02T23:07:11+09:00,2026/10/05,2026/11/12,2026-11,CALL,62750,6400,,,36.49,,7945,1,6650,4,,,,,
2026/10/02 22:52,2026-10-02T23:07:11+09:00,2026/10/05,2026/11/12,2026-11,PUT,62750,645,33,1,29.8,29.21,500,5,470,5,29.25,-65,-10.32,565,10/02 17:33
2026/10/02 22:52,2026-10-02T23:07:11+09:00,2026/10/05,2026/11/12,2026-11,CALL,62625,6485,,,39.7,,8245,3,6735,4,,,,,
2026/10/02 22:52,2026-10-02T23:07:11+09:00,2026/10/05,2026/11/12,2026-11,PUT,62625,600,109,,32.72,25.99,635,7,305,7,,,,,
2026/10/02 22:52,2026-10-02T23:07:11+09:00,2026/10/05,2026/11/12,2026-11,CALL,62500,6605,,,40.07,,8365,6,6855,8,,,,,
2026/10/02 22:52,2026-10-02T23:07:11+09:00,2026/10/05,2026/11/12,2026-11,PUT,62500,605,485,,30.07,29.45,475,2,445,2,,,,,
2026/10/02 22:52,2026-10-02T23:07:11+09:00,2026/10/05,2026/11/12,2026-11,CALL,62375,6715,,,40.12,,8465,3,6965,4,,,,,
2026/10/02 22:52,2026-10-02T23:07:11+09:00,2026/10/05,2026/11/12,2026-11,PUT,62375,580,,,32.88,28.43,600,7,380,7,,,,,
2026/10/02 22:52,2026-10-02T23:07:11+09:00,2026/10/05,2026/11/12,2026-11,CALL,62250,6840,,,37.87,,8425,1,7090,4,,,,,
2026/10/02 22:52,2026-10-02T23:07:11+09:00,2026/10/05,2026/11/12,2026-11,PUT,62250,580,102,,30.2,29.67,445,5,420,2,,,,,
2026/10/02 22:52,2026-10-02T23:07:11+09:00,2026/10/05,2026/11/12,2026-11,CALL,62125,6915,,,36.32,,8435,1,7165,4,,,,,
2026/10/02 22:52,2026-10-02T23:07:11+09:00,2026/10/05,2026/11/12,2026-11,PUT,62125,560,1,,33.1,28.35,570,7,345,7,,,,,
2026/10/02 22:52,2026-10-02T23:07:11+09:00,2026/10/05,2026/11/12,2026-11,CALL,62000,7035,,,40.88,,8805,9,7285,12,,,,,
2026/10/02 22:52,2026-10-02T23:07:11+09:00,2026/10/05,2026/11/12,2026-11,PUT,62000,545,1704,6,30.52,30.19,425,52,410,1,30.17,-145,-25.44,425,10/02 22:29
2026/10/02 22:52,2026-10-02T23:07:11+09:00,2026/10/05,2026/11/12,2026-11,CALL,61875,7140,,,40.99,,8910,3,7390,4,,,,,
2026/10/02 22:52,2026-10-02T23:07:11+09:00,2026/10/05,2026/11/12,2026-11,PUT,61875,530,1,,33.39,28.95,545,7,340,7,,,,,
2026/10/02 22:52,2026-10-02T23:07:11+09:00,2026/10/05,2026/11/12,2026-11,CALL,61750,7260,,,33.58,,8600,1,7510,4,,,,,
2026/10/02 22:52,2026-10-02T23:07:11+09:00,2026/10/05,2026/11/12,2026-11,PUT,61750,515,,,30.82,30.13,405,2,375,2,,,,,
2026/10/02 22:52,2026-10-02T23:07:11+09:00,2026/10/05,2026/11/12,2026-11,CALL,61625,7370,,,34.27,,8740,1,7620,3,,,,,
2026/10/02 22:52,2026-10-02T23:07:11+09:00,2026/10/05,2026/11/12,2026-11,PUT,61625,485,6,,33.55,29.41,515,7,330,7,,,,,
2026/10/02 22:52,2026-10-02T23:07:11+09:00,2026/10/05,2026/11/12,2026-11,CALL,61500,7490,,,41.79,,9255,6,7740,8,,,,,
2026/10/02 22:52,2026-10-02T23:07:11+09:00,2026/10/05,2026/11/12,2026-11,PUT,61500,485,542,,31.09,30.38,385,2,355,2,,,,,
2026/10/02 22:52,2026-10-02T23:07:11+09:00,2026/10/05,2026/11/12,2026-11,CALL,61375,7580,,,41.88,,9360,3,7830,4,,,,,
2026/10/02 22:52,2026-10-02T23:07:11+09:00,2026/10/05,2026/11/12,2026-11,PUT,61375,475,113,,33.8,30.5,490,7,345,3,,,,,
2026/10/02 22:52,2026-10-02T23:07:11+09:00,2026/10/05,2026/11/12,2026-11,CALL,61250,7700,,,42.05,,9470,3,7950,3,,,,,
2026/10/02 22:52,2026-10-02T23:07:11+09:00,2026/10/05,2026/11/12,2026-11,PUT,61250,460,28,,31.34,30.6,365,2,335,2,,,,,
2026/10/02 22:52,2026-10-02T23:07:11+09:00,2026/10/05,2026/11/12,2026-11,CALL,61125,7805,,,42.31,,9585,3,8055,4,,,,,
2026/10/02 22:52,2026-10-02T23:07:11+09:00,2026/10/05,2026/11/12,2026-11,PUT,61125,420,5,,34.01,30.58,465,7,320,10,,,,,
2026/10/02 22:52,2026-10-02T23:07:11+09:00,2026/10/05,2026/11/12,2026-11,CALL,61000,7925,200,,36.31,,9370,3,8175,12,,,,,
2026/10/02 22:52,2026-10-02T23:07:11+09:00,2026/10/05,2026/11/12,2026-11,PUT,61000,435,850,12,31.44,31.06,340,11,325,2,31.21,-75,-17.24,360,10/02 20:24
2026/10/02 22:52,2026-10-02T23:07:11+09:00,2026/10/05,2026/11/12,2026-11,CALL,60875,8035,,,42.72,,9810,3,8285,4,,,,,
2026/10/02 22:52,2026-10-02T23:07:11+09:00,2026/10/05,2026/11/12,2026-11,PUT,60875,400,1,1,34.31,29.49,445,7,255,10,31.23,-95,-21.11,355,10/02 20:55
2026/10/02 22:52,2026-10-02T23:07:11+09:00,2026/10/05,2026/11/12,2026-11,CALL,60750,8155,,,42.97,,9925,3,8405,4,,,,,
2026/10/02 22:52,2026-10-02T23:07:11+09:00,2026/10/05,2026/11/12,2026-11,PUT,60750,410,35,,31.89,31.1,330,5,300,2,,,,,
2026/10/02 22:52,2026-10-02T23:07:11+09:00,2026/10/05,2026/11/12,2026-11,CALL,60625,8255,,,38.52,,9795,1,8505,3,,,,,
2026/10/02 22:52,2026-10-02T23:07:11+09:00,2026/10/05,2026/11/12,2026-11,PUT,60625,400,18,,34.6,31.45,425,7,300,3,,,,,
2026/10/02 22:52,2026-10-02T23:07:11+09:00,2026/10/05,2026/11/12,2026-11,CALL,60500,8380,100,,43.54,,10160,6,8630,8,,,,,
2026/10/02 22:52,2026-10-02T23:07:11+09:00,2026/10/05,2026/11/12,2026-11,PUT,60500,395,111,10,32.07,31.79,310,8,300,1,31.74,-85,-21.52,310,10/02 22:23
2026/10/02 22:52,2026-10-02T23:07:11+09:00,2026/10/05,2026/11/12,2026-11,CALL,60250,8620,,,35.95,,10000,1,8870,4,,,,,
2026/10/02 22:52,2026-10-02T23:07:11+09:00,2026/10/05,2026/11/12,2026-11,PUT,60250,370,22,,32.43,31.81,298,5,276,2,,,,,
2026/10/02 22:52,2026-10-02T23:07:11+09:00,2026/10/05,2026/11/12,2026-11,CALL,60000,8865,100,,38.43,,10325,3,9115,12,,,,,
2026/10/02 22:52,2026-10-02T23:07:11+09:00,2026/10/05,2026/11/12,2026-11,PUT,60000,355,6391,37,32.7,31.9,283,14,256,14,32.34,-105,-28.38,265,10/02 22:47
2026/10/02 22:52,2026-10-02T23:07:11+09:00,2026/10/05,2026/11/12,2026-11,CALL,59750,9090,,,,,,,,,,,,,
2026/10/02 22:52,2026-10-02T23:07:11+09:00,2026/10/05,2026/11/12,2026-11,PUT,59750,335,16,1,33.18,32.07,276,15,240,7,32.04,-40,-11.94,295,10/02 17:10
2026/10/02 22:52,2026-10-02T23:07:11+09:00,2026/10/05,2026/11/12,2026-11,CALL,59500,9325,,,,,,,,,,,,,
2026/10/02 22:52,2026-10-02T23:07:11+09:00,2026/10/05,2026/11/12,2026-11,PUT,59500,320,2011,,33.41,32.52,261,28,233,8,,,,,
2026/10/02 22:52,2026-10-02T23:07:11+09:00,2026/10/05,2026/11/12,2026-11,CALL,59250,9555,,,,,,,,,,,,,
2026/10/02 22:52,2026-10-02T23:07:11+09:00,2026/10/05,2026/11/12,2026-11,PUT,59250,298,87,,33.71,32.68,249,11,218,6,,,,,
2026/10/02 22:52,2026-10-02T23:07:11+09:00,2026/10/05,2026/11/12,2026-11,CALL,59000,9795,,,,,,,,,,,,,
2026/10/02 22:52,2026-10-02T23:07:11+09:00,2026/10/05,2026/11/12,2026-11,PUT,59000,286,1859,8,34.03,32.88,238,15,205,17,33.4,-71,-24.83,215,10/02 22:48
2026/10/02 22:52,2026-10-02T23:07:11+09:00,2026/10/05,2026/11/12,2026-11,CALL,58750,10030,,,,,,,,,,,,,
2026/10/02 22:52,2026-10-02T23:07:11+09:00,2026/10/05,2026/11/12,2026-11,PUT,58750,272,62,,34.36,33.17,228,6,195,8,,,,,
2026/10/02 22:52,2026-10-02T23:07:11+09:00,2026/10/05,2026/11/12,2026-11,CALL,58500,10265,,,,,,,,,,,,,
2026/10/02 22:52,2026-10-02T23:07:11+09:00,2026/10/05,2026/11/12,2026-11,PUT,58500,257,537,11,34.64,33.44,217,12,185,14,34.22,-55,-20.37,215,10/02 21:45
2026/10/02 22:52,2026-10-02T23:07:11+09:00,2026/10/05,2026/11/12,2026-11,CALL,58250,10500,,,,,,,,,,,,,
2026/10/02 22:52,2026-10-02T23:07:11+09:00,2026/10/05,2026/11/12,2026-11,PUT,58250,243,115,,34.9,33.73,206,7,176,9,,,,,
2026/10/02 22:52,2026-10-02T23:07:11+09:00,2026/10/05,2026/11/12,2026-11,CALL,58000,10740,,,,,,,,,,,,,
2026/10/02 22:52,2026-10-02T23:07:11+09:00,2026/10/05,2026/11/12,2026-11,PUT,58000,242,1599,42,35.29,34.37,199,50,176,18,34.51,-62,-25.62,180,10/02 22:51
2026/10/02 22:52,2026-10-02T23:07:11+09:00,2026/10/05,2026/11/12,2026-11,CALL,57750,10975,,,,,,,,,,,,,
2026/10/02 22:52,2026-10-02T23:07:11+09:00,2026/10/05,2026/11/12,2026-11,PUT,57750,219,147,,35.59,34.42,190,7,162,7,,,,,
2026/10/02 22:52,2026-10-02T23:07:11+09:00,2026/10/05,2026/11/12,2026-11,CALL,57500,11215,100,,,,,,,,,,,,
2026/10/02 22:52,2026-10-02T23:07:11+09:00,2026/10/05,2026/11/12,2026-11,PUT,57500,210,771,,35.88,34.66,181,12,153,16,,,,,
2026/10/02 22:52,2026-10-02T23:07:11+09:00,2026/10/05,2026/11/12,2026-11,CALL,57250,11455,,,,,,,,,,,,,
2026/10/02 22:52,2026-10-02T23:07:11+09:00,2026/10/05,2026/11/12,2026-11,PUT,57250,284,112,1,36.14,34.97,172,8,146,10,35.21,-102,-35.92,182,10/02 17:24
2026/10/02 22:52,2026-10-02T23:07:11+09:00,2026/10/05,2026/11/12,2026-11,CALL,57000,11695,,,,,,,,,,,,,
2026/10/02 22:52,2026-10-02T23:07:11+09:00,2026/10/05,2026/11/12,2026-11,PUT,57000,191,769,2,36.53,35.36,166,21,141,21,35.51,-35,-17.77,162,10/02 20:15
2026/10/02 22:52,2026-10-02T23:07:11+09:00,2026/10/05,2026/11/12,2026-11,CALL,56750,11935,,,,,,,,,,,,,
2026/10/02 22:52,2026-10-02T23:07:11+09:00,2026/10/05,2026/11/12,2026-11,PUT,56750,180,95,,36.76,35.68,157,8,135,8,,,,,
2026/10/02 22:52,2026-10-02T23:07:11+09:00,2026/10/05,2026/11/12,2026-11,CALL,56500,12175,,,,,,,,,,,,,
2026/10/02 22:52,2026-10-02T23:07:11+09:00,2026/10/05,2026/11/12,2026-11,PUT,56500,172,414,,37.21,35.89,153,36,127,36,,,,,
2026/10/02 22:52,2026-10-02T23:07:11+09:00,2026/10/05,2026/11/12,2026-11,CALL,56250,12415,,,,,,,,,,,,,
2026/10/02 22:52,2026-10-02T23:07:11+09:00,2026/10/05,2026/11/12,2026-11,PUT,56250,163,118,,37.41,36.24,144,8,122,10,,,,,
2026/10/02 22:52,2026-10-02T23:07:11+09:00,2026/10/05,2026/11/12,2026-11,CALL,56000,12660,34,,,,,,,,,,,,
2026/10/02 22:52,2026-10-02T23:07:11+09:00,2026/10/05,2026/11/12,2026-11,PUT,56000,162,1188,5,37.89,36.7,141,23,119,24,37.09,-30,-18.52,132,10/02 21:31
2026/10/02 22:52,2026-10-02T23:07:11+09:00,2026/10/05,2026/11/12,2026-11,CALL,55750,12900,,,,,,,,,,,,,
2026/10/02 22:52,2026-10-02T23:07:11+09:00,2026/10/05,2026/11/12,2026-11,PUT,55750,150,80,,38.1,36.97,133,8,113,8,,,,,
2026/10/02 22:52,2026-10-02T23:07:11+09:00,2026/10/05,2026/11/12,2026-11,CALL,55500,13145,,,,,,,,,,,,,
2026/10/02 22:52,2026-10-02T23:07:11+09:00,2026/10/05,2026/11/12,2026-11,PUT,55500,142,182,1,38.46,37.59,128,16,113,1,37.22,-7,-5,133,10/02 18:07
2026/10/02 22:52,2026-10-02T23:07:11+09:00,2026/10/05,2026/11/12,2026-11,CALL,55250,13385,,,,,,,,,,,,,
2026/10/02 22:52,2026-10-02T23:07:11+09:00,2026/10/05,2026/11/12,2026-11,PUT,55250,137,39,,38.8,37.52,123,10,102,12,,,,,
2026/10/02 22:52,2026-10-02T23:07:11+09:00,2026/10/05,2026/11/12,2026-11,CALL,55000,13630,,,,,,,,,,,,,
2026/10/02 22:52,2026-10-02T23:07:11+09:00,2026/10/05,2026/11/12,2026-11,PUT,55000,132,3418,7,38.89,38.07,114,24,101,24,38.46,-25,-18.25,112,10/02 22:31
2026/10/02 22:52,2026-10-02T23:07:11+09:00,2026/10/05,2026/11/12,2026-11,CALL,54750,13870,,,,,,,,,,,,,
2026/10/02 22:52,2026-10-02T23:07:11+09:00,2026/10/05,2026/11/12,2026-11,PUT,54750,127,16,10,39.46,38.27,113,10,95,10,38.76,-13,-10.24,114,10/02 18:58
2026/10/02 22:52,2026-10-02T23:07:11+09:00,2026/10/05,2026/11/12,2026-11,CALL,54500,14115,,,,,,,,,,,,,
2026/10/02 22:52,2026-10-02T23:07:11+09:00,2026/10/05,2026/11/12,2026-11,PUT,54500,121,817,1,39.95,38.53,111,18,90,18,39.31,-18,-14.88,103,10/02 21:56
2026/10/02 22:52,2026-10-02T23:07:11+09:00,2026/10/05,2026/11/12,2026-11,CALL,54250,14360,,,,,,,,,,,,,
2026/10/02 22:52,2026-10-02T23:07:11+09:00,2026/10/05,2026/11/12,2026-11,PUT,54250,115,7,,40.12,38.84,104,10,86,12,,,,,
2026/10/02 22:52,2026-10-02T23:07:11+09:00,2026/10/05,2026/11/12,2026-11,CALL,54000,14610,,,,,,,,,,,,,
2026/10/02 22:52,2026-10-02T23:07:11+09:00,2026/10/05,2026/11/12,2026-11,PUT,54000,110,1092,15,40.47,39.14,100,24,82,26,39.94,-17,-15.45,93,10/02 22:49
2026/10/02 22:52,2026-10-02T23:07:11+09:00,2026/10/05,2026/11/12,2026-11,CALL,53750,14850,,,,,,,,,,,,,
2026/10/02 22:52,2026-10-02T23:07:11+09:00,2026/10/05,2026/11/12,2026-11,PUT,53750,104,63,,40.88,39.5,97,10,79,12,,,,,
2026/10/02 22:52,2026-10-02T23:07:11+09:00,2026/10/05,2026/11/12,2026-11,CALL,53500,15100,,,,,,,,,,,,,
2026/10/02 22:52,2026-10-02T23:07:11+09:00,2026/10/05,2026/11/12,2026-11,PUT,53500,101,701,,41.35,39.86,95,16,76,18,,,,,
2026/10/02 22:52,2026-10-02T23:07:11+09:00,2026/10/05,2026/11/12,2026-11,CALL,53250,15345,,,,,,,,,,,,,
2026/10/02 22:52,2026-10-02T23:07:11+09:00,2026/10/05,2026/11/12,2026-11,PUT,53250,97,175,,41.75,40.29,92,12,74,10,,,,,
2026/10/02 22:52,2026-10-02T23:07:11+09:00,2026/10/05,2026/11/12,2026-11,CALL,53000,15590,,,,,,,,,,,,,
2026/10/02 22:52,2026-10-02T23:07:11+09:00,2026/10/05,2026/11/12,2026-11,PUT,53000,93,559,8,42.06,40.81,88,24,73,24,41.38,-19,-19.19,80,10/02 22:49
2026/10/02 22:52,2026-10-02T23:07:11+09:00,2026/10/05,2026/11/12,2026-11,CALL,52750,15835,,,,,,,,,,,,,
2026/10/02 22:52,2026-10-02T23:07:11+09:00,2026/10/05,2026/11/12,2026-11,PUT,52750,87,53,,42.6,40.38,87,1,62,2,,,,,
2026/10/02 22:52,2026-10-02T23:07:11+09:00,2026/10/05,2026/11/12,2026-11,CALL,52500,16080,,,,,,,,,,,,,
2026/10/02 22:52,2026-10-02T23:07:11+09:00,2026/10/05,2026/11/12,2026-11,PUT,52500,83,764,,42.97,40.56,84,2,58,1,,,,,
2026/10/02 22:52,2026-10-02T23:07:11+09:00,2026/10/05,2026/11/12,2026-11,CALL,52250,16325,,,,,,,,,,,,,
2026/10/02 22:52,2026-10-02T23:07:11+09:00,2026/10/05,2026/11/12,2026-11,PUT,52250,81,17,,43.34,40.94,81,1,56,2,,,,,
2026/10/02 22:52,2026-10-02T23:07:11+09:00,2026/10/05,2026/11/12,2026-11,CALL,52000,16575,,,,,,,,,,,,,
2026/10/02 22:52,2026-10-02T23:07:11+09:00,2026/10/05,2026/11/12,2026-11,PUT,52000,83,3063,10,43.6,42.37,77,29,64,1,42.23,-18,-21.69,65,10/02 22:25
2026/10/02 22:52,2026-10-02T23:07:11+09:00,2026/10/05,2026/11/12,2026-11,CALL,51750,16820,,,,,,,,,,,,,
2026/10/02 22:52,2026-10-02T23:07:11+09:00,2026/10/05,2026/11/12,2026-11,PUT,51750,76,70,,44.04,41.67,75,1,52,1,,,,,
2026/10/02 22:52,2026-10-02T23:07:11+09:00,2026/10/05,2026/11/12,2026-11,CALL,51500,17065,,,,,,,,,,,,,
2026/10/02 22:52,2026-10-02T23:07:11+09:00,2026/10/05,2026/11/12,2026-11,PUT,51500,73,681,,44.56,42.14,74,2,51,1,,,,,
2026/10/02 22:52,2026-10-02T23:07:11+09:00,2026/10/05,2026/11/12,2026-11,CALL,51250,17310,,,,,,,,,,,,,
2026/10/02 22:52,2026-10-02T23:07:11+09:00,2026/10/05,2026/11/12,2026-11,PUT,51250,70,45,,44.99,42.49,72,1,49,1,,,,,
2026/10/02 22:52,2026-10-02T23:07:11+09:00,2026/10/05,2026/11/12,2026-11,CALL,51000,17560,,,,,,,,,,,,,
2026/10/02 22:52,2026-10-02T23:07:11+09:00,2026/10/05,2026/11/12,2026-11,PUT,51000,68,1568,8,44.69,43.92,63,27,56,6,43.7,-6,-8.45,65,10/02 18:30
2026/10/02 22:52,2026-10-02T23:07:11+09:00,2026/10/05,2026/11/12,2026-11,CALL,50750,17805,,,,,,,,,,,,,
2026/10/02 22:52,2026-10-02T23:07:11+09:00,2026/10/05,2026/11/12,2026-11,PUT,50750,63,195,,45.72,43.02,67,1,44,1,,,,,
2026/10/02 22:52,2026-10-02T23:07:11+09:00,2026/10/05,2026/11/12,2026-11,CALL,50500,18055,,,,,,,,,,,,,
2026/10/02 22:52,2026-10-02T23:07:11+09:00,2026/10/05,2026/11/12,2026-11,PUT,50500,60,428,,46.13,43.18,65,1,41,1,,,,,
2026/10/02 22:52,2026-10-02T23:07:11+09:00,2026/10/05,2026/11/12,2026-11,CALL,50250,18305,35,,,,,,,,,,,,
2026/10/02 22:52,2026-10-02T23:07:11+09:00,2026/10/05,2026/11/12,2026-11,PUT,50250,60,77,,46.42,43.47,62,2,39,2,,,,,
2026/10/02 22:52,2026-10-02T23:07:11+09:00,2026/10/05,2026/11/12,2026-11,CALL,50000,18550,,,,,,,,,,,,,
2026/10/02 22:52,2026-10-02T23:07:11+09:00,2026/10/05,2026/11/12,2026-11,PUT,50000,60,2257,6,45.72,45.06,51,1,46,27,45.57,-10,-16.67,50,10/02 22:50
2026/10/02 22:52,2026-10-02T23:07:11+09:00,2026/10/05,2026/11/12,2026-11,CALL,49750,18795,,,,,,,,,,,,,
2026/10/02 22:52,2026-10-02T23:07:11+09:00,2026/10/05,2026/11/12,2026-11,PUT,49750,55,66,,47.31,44.33,59,1,37,1,,,,,
2026/10/02 22:52,2026-10-02T23:07:11+09:00,2026/10/05,2026/11/12,2026-11,CALL,49500,19045,,,,,,,,,,,,,
2026/10/02 22:52,2026-10-02T23:07:11+09:00,2026/10/05,2026/11/12,2026-11,PUT,49500,54,417,,47.81,44.42,58,1,34,2,,,,,
2026/10/02 22:52,2026-10-02T23:07:11+09:00,2026/10/05,2026/11/12,2026-11,CALL,49250,19295,,,,,,,,,,,,,
2026/10/02 22:52,2026-10-02T23:07:11+09:00,2026/10/05,2026/11/12,2026-11,PUT,49250,52,159,,48.06,44.83,55,1,33,1,,,,,
2026/10/02 22:52,2026-10-02T23:07:11+09:00,2026/10/05,2026/11/12,2026-11,CALL,49000,19540,,,,,,,,,,,,,
2026/10/02 22:52,2026-10-02T23:07:11+09:00,2026/10/05,2026/11/12,2026-11,PUT,49000,50,393,,48.68,45.93,55,1,36,3,,,,,
2026/10/02 22:52,2026-10-02T23:07:11+09:00,2026/10/05,2026/11/12,2026-11,CALL,48750,19790,,,,,,,,,,,,,
2026/10/02 22:52,2026-10-02T23:07:11+09:00,2026/10/05,2026/11/12,2026-11,PUT,48750,50,110,,49.04,45.44,53,1,30,1,,,,,
2026/10/02 22:52,2026-10-02T23:07:11+09:00,2026/10/05,2026/11/12,2026-11,CALL,48500,20040,,,,,,,,,,,,,
2026/10/02 22:52,2026-10-02T23:07:11+09:00,2026/10/05,2026/11/12,2026-11,PUT,48500,48,226,,49.39,47.62,51,1,39,2,,,,,
2026/10/02 22:52,2026-10-02T23:07:11+09:00,2026/10/05,2026/11/12,2026-11,CALL,48250,20285,,,,,,,,,,,,,
2026/10/02 22:52,2026-10-02T23:07:11+09:00,2026/10/05,2026/11/12,2026-11,PUT,48250,46,33,,58.08,36.62,134,6,3,26,,,,,
2026/10/02 22:52,2026-10-02T23:07:11+09:00,2026/10/05,2026/11/12,2026-11,CALL,48000,20530,,,,,,,,,,,,,
2026/10/02 22:52,2026-10-02T23:07:11+09:00,2026/10/05,2026/11/12,2026-11,PUT,48000,45,248,,49.62,48.66,44,1,38,1,,,,,
2026/10/02 22:52,2026-10-02T23:07:11+09:00,2026/10/05,2026/11/12,2026-11,CALL,47750,20780,,,,,,,,,,,,,
2026/10/02 22:52,2026-10-02T23:07:11+09:00,2026/10/05,2026/11/12,2026-11,PUT,47750,43,98,,59.41,37.58,133,6,3,26,,,,,
2026/10/02 22:52,2026-10-02T23:07:11+09:00,2026/10/05,2026/11/12,2026-11,CALL,47500,21030,,,,,,,,,,,,,
2026/10/02 22:52,2026-10-02T23:07:11+09:00,2026/10/05,2026/11/12,2026-11,PUT,47500,40,232,,60.04,38.06,132,6,3,26,,,,,
2026/10/02 22:52,2026-10-02T23:07:11+09:00,2026/10/05,2026/11/12,2026-11,CALL,47250,21275,,,,,,,,,,,,,
2026/10/02 22:52,2026-10-02T23:07:11+09:00,2026/10/05,2026/11/12,2026-11,PUT,47250,40,34,,60.6,38.55,130,6,3,26,,,,,
2026/10/02 22:52,2026-10-02T23:07:11+09:00,2026/10/05,2026/11/12,2026-11,CALL,47000,21525,,,,,,,,,,,,,
2026/10/02 22:52,2026-10-02T23:07:11+09:00,2026/10/05,2026/11/12,2026-11,PUT,47000,39,817,,61.31,39.03,130,6,3,26,,,,,
2026/10/02 22:52,2026-10-02T23:07:11+09:00,2026/10/05,2026/11/12,2026-11,CALL,46750,21770,,,,,,,,,,,,,
2026/10/02 22:52,2026-10-02T23:07:11+09:00,2026/10/05,2026/11/12,2026-11,PUT,46750,33,105,,61.87,39.52,128,6,3,26,,,,,
2026/10/02 22:52,2026-10-02T23:07:11+09:00,2026/10/05,2026/11/12,2026-11,CALL,46500,22015,,,,,,,,,,,,,
2026/10/02 22:52,2026-10-02T23:07:11+09:00,2026/10/05,2026/11/12,2026-11,PUT,46500,29,103,,62.5,40.01,127,6,3,26,,,,,
2026/10/02 22:52,2026-10-02T23:07:11+09:00,2026/10/05,2026/11/12,2026-11,CALL,46250,22260,,,,,,,,,,,,,
2026/10/02 22:52,2026-10-02T23:07:11+09:00,2026/10/05,2026/11/12,2026-11,PUT,46250,25,5,,63.14,40.51,126,6,3,26,,,,,
2026/10/02 22:52,2026-10-02T23:07:11+09:00,2026/10/05,2026/11/12,2026-11,CALL,46000,22505,,,,,,,,,,,,,
2026/10/02 22:52,2026-10-02T23:07:11+09:00,2026/10/05,2026/11/12,2026-11,PUT,46000,30,769,,64.28,41,131,6,3,26,,,,,
2026/10/02 22:52,2026-10-02T23:07:11+09:00,2026/10/05,2026/11/12,2026-11,CALL,45750,22755,,,,,,,,,,,,,
2026/10/02 22:52,2026-10-02T23:07:11+09:00,2026/10/05,2026/11/12,2026-11,PUT,45750,20,15,,64.33,41.5,123,6,3,26,,,,,
2026/10/02 22:52,2026-10-02T23:07:11+09:00,2026/10/05,2026/11/12,2026-11,CALL,45500,23005,,,,,,,,,,,,,
2026/10/02 22:52,2026-10-02T23:07:11+09:00,2026/10/05,2026/11/12,2026-11,PUT,45500,30,106,1,54.27,51.28,35,48,22,18,52.79,,,29,10/02 21:39
2026/10/02 22:52,2026-10-02T23:07:11+09:00,2026/10/05,2026/11/12,2026-11,CALL,45250,23255,,,,,,,,,,,,,
2026/10/02 22:52,2026-10-02T23:07:11+09:00,2026/10/05,2026/11/12,2026-11,PUT,45250,29,105,,65.7,42.51,122,6,3,26,,,,,
2026/10/02 22:52,2026-10-02T23:07:11+09:00,2026/10/05,2026/11/12,2026-11,CALL,45000,23500,,,,,,,,,,,,,
2026/10/02 22:52,2026-10-02T23:07:11+09:00,2026/10/05,2026/11/12,2026-11,PUT,45000,30,1352,29,54.01,53.28,28,2,25,4,53.16,-3,-10,27,10/02 20:42
2026/10/02 22:52,2026-10-02T23:07:11+09:00,2026/10/05,2026/11/12,2026-11,CALL,44750,23750,,,,,,,,,,,,,
2026/10/02 22:52,2026-10-02T23:07:11+09:00,2026/10/05,2026/11/12,2026-11,PUT,44750,17,7,,66.99,43.53,120,6,3,26,,,,,
2026/10/02 22:52,2026-10-02T23:07:11+09:00,2026/10/05,2026/11/12,2026-11,CALL,44500,24000,2,,,,,,,,,,,,
2026/10/02 22:52,2026-10-02T23:07:11+09:00,2026/10/05,2026/11/12,2026-11,PUT,44500,16,127,,67.64,44.04,119,6,3,26,,,,,
2026/10/02 22:52,2026-10-02T23:07:11+09:00,2026/10/05,2026/11/12,2026-11,CALL,44000,24495,,,,,,,,,,,,,
2026/10/02 22:52,2026-10-02T23:07:11+09:00,2026/10/05,2026/11/12,2026-11,PUT,44000,24,1114,,56.01,52.61,26,1,15,12,,,,,
2026/10/02 22:52,2026-10-02T23:07:11+09:00,2026/10/05,2026/11/12,2026-11,CALL,43000,25490,,,,,,,,,,,,,
2026/10/02 22:52,2026-10-02T23:07:11+09:00,2026/10/05,2026/11/12,2026-11,PUT,43000,22,379,,71.65,47.17,114,6,3,26,,,,,
2026/10/02 22:52,2026-10-02T23:07:11+09:00,2026/10/05,2026/11/12,2026-11,CALL,42000,26485,,,,,,,,,,,,,
2026/10/02 22:52,2026-10-02T23:07:11+09:00,2026/10/05,2026/11/12,2026-11,PUT,42000,6,382,,72.99,49.31,98,7,3,26,,,,,
2026/10/02 22:52,2026-10-02T23:07:11+09:00,2026/10/05,2026/11/12,2026-11,CALL,41000,27480,,,,,,,,,,,,,
2026/10/02 22:52,2026-10-02T23:07:11+09:00,2026/10/05,2026/11/12,2026-11,PUT,41000,16,236,1,60.79,57.51,17,3,10,27,60.28,-3,-15,17,10/02 20:06
2026/10/02 22:52,2026-10-02T23:07:11+09:00,2026/10/05,2026/11/12,2026-11,CALL,40000,28480,,,,,,,,,,,,,
2026/10/02 22:52,2026-10-02T23:07:11+09:00,2026/10/05,2026/11/12,2026-11,PUT,40000,15,1652,13,61.6,60.56,13,1,11,30,61.31,-3,-18.75,13,10/02 21:42
2026/10/02 22:52,2026-10-02T23:07:11+09:00,2026/10/05,2026/11/12,2026-11,CALL,39000,29475,,,,,,,,,,,,,
2026/10/02 22:52,2026-10-02T23:07:11+09:00,2026/10/05,2026/11/12,2026-11,PUT,39000,3,104,,70.97,57.42,32,7,4,12,,,,,
2026/10/02 22:52,2026-10-02T23:07:11+09:00,2026/10/05,2026/11/12,2026-11,CALL,38000,30475,,,,,,,,,,,,,
2026/10/02 22:52,2026-10-02T23:07:11+09:00,2026/10/05,2026/11/12,2026-11,PUT,38000,9,15,,69.99,58.39,20,36,3,36,,,,,
2026/10/02 22:52,2026-10-02T23:07:11+09:00,2026/10/05,2026/11/12,2026-11,CALL,37000,31475,,,,,,,,,,,,,
2026/10/02 22:52,2026-10-02T23:07:11+09:00,2026/10/05,2026/11/12,2026-11,PUT,37000,9,17,,68.41,66.32,11,20,8,1,,,,,
2026/10/02 22:52,2026-10-02T23:07:11+09:00,2026/10/05,2026/11/12,2026-11,CALL,36000,32470,,,,,,,,,,,,,
2026/10/02 22:52,2026-10-02T23:07:11+09:00,2026/10/05,2026/11/12,2026-11,PUT,36000,8,7,,74.87,66.1,18,15,5,6,,,,,
2026/10/02 22:52,2026-10-02T23:07:11+09:00,2026/10/05,2026/11/12,2026-11,CALL,35000,33470,,,,,,,,,,,,,
2026/10/02 22:52,2026-10-02T23:07:11+09:00,2026/10/05,2026/11/12,2026-11,PUT,35000,7,3770,12,72.56,67.42,9,15,4,109,71.59,1,14.29,8,10/02 22:20
2026/10/02 22:52,2026-10-02T23:07:11+09:00,2026/10/05,2026/11/12,2026-11,CALL,34000,34470,,,,,,,,,,,,,
2026/10/02 22:52,2026-10-02T23:07:11+09:00,2026/10/05,2026/11/12,2026-11,PUT,34000,6,13,,71.46,70.1,5,1,4,1,,,,,
2026/10/02 22:52,2026-10-02T23:07:11+09:00,2026/10/05,2026/11/12,2026-11,CALL,33000,35465,,,,,,,,,,,,,
2026/10/02 22:52,2026-10-02T23:07:11+09:00,2026/10/05,2026/11/12,2026-11,PUT,33000,5,1,1,74.26,68.87,5,3,2,43,73.44,-1,-16.67,5,10/02 18:16
2026/10/02 22:52,2026-10-02T23:07:11+09:00,2026/10/05,2026/11/12,2026-11,CALL,32000,36465,,,,,,,,,,,,,
2026/10/02 22:52,2026-10-02T23:07:11+09:00,2026/10/05,2026/11/12,2026-11,PUT,32000,1,,,86.16,67.99,16,15,1,36,,,,,
2026/10/02 22:52,2026-10-02T23:07:11+09:00,2026/10/05,2026/11/12,2026-11,CALL,31000,37465,,,,,,,,,,,,,
2026/10/02 22:52,2026-10-02T23:07:11+09:00,2026/10/05,2026/11/12,2026-11,PUT,31000,1,,,78.61,70.64,4,2,1,25,,,,,
2026/10/02 22:52,2026-10-02T23:07:11+09:00,2026/10/05,2026/11/12,2026-11,CALL,30000,38460,,,,,,,,,,,,,
2026/10/02 22:52,2026-10-02T23:07:11+09:00,2026/10/05,2026/11/12,2026-11,PUT,30000,3,3409,7,81.63,79.72,4,1,3,22,81.48,0,0,4,10/02 22:20
2026/10/02 22:52,2026-10-02T23:07:11+09:00,2026/10/05,2026/11/12,2026-11,CALL,29000,39460,,,,,,,,,,,,,
2026/10/02 22:52,2026-10-02T23:07:11+09:00,2026/10/05,2026/11/12,2026-11,PUT,29000,2,308,,104.99,76.2,35,1,1,11,,,,,
2026/10/02 22:52,2026-10-02T23:07:11+09:00,2026/10/05,2026/11/12,2026-11,CALL,28000,40460,,,,,,,,,,,,,
2026/10/02 22:52,2026-10-02T23:07:11+09:00,2026/10/05,2026/11/12,2026-11,PUT,28000,2,44,,116.34,79.13,60,2,1,20,,,,,
2026/10/02 22:52,2026-10-02T23:07:11+09:00,2026/10/05,2026/11/12,2026-11,CALL,27000,41455,,,,,,,,,,,,,
2026/10/02 22:52,2026-10-02T23:07:11+09:00,2026/10/05,2026/11/12,2026-11,PUT,27000,1,20,,93.07,82.16,5,1,1,25,,,,,
2026/10/02 22:52,2026-10-02T23:07:11+09:00,2026/10/05,2026/11/12,2026-11,CALL,26000,42455,,,,,,,,,,,,,
2026/10/02 22:52,2026-10-02T23:07:11+09:00,2026/10/05,2026/11/12,2026-11,PUT,26000,1,2,,92.61,85.31,3,1,1,20,,,,,
2026/10/02 22:52,2026-10-02T23:07:11+09:00,2026/10/05,2026/11/12,2026-11,CALL,25000,43455,,,,,,,,,,,,,
2026/10/02 22:52,2026-10-02T23:07:11+09:00,2026/10/05,2026/11/12,2026-11,PUT,25000,1,210,1,96.15,88.58,3,2,1,201,93.09,0,0,2,10/02 22:02
2026/10/02 22:52,2026-10-02T23:07:11+09:00,2026/10/05,2026/11/12,2026-11,CALL,22500,45950,,,,,,,,,,,,,
2026/10/02 22:52,2026-10-02T23:07:11+09:00,2026/10/05,2026/11/12,2026-11,PUT,22500,1,55,,102.39,97.38,2,5,1,50,,,,,
2026/10/02 22:52,2026-10-02T23:07:11+09:00,2026/10/05,2026/11/12,2026-11,CALL,20000,48445,,,,,,,,,,,,,
2026/10/02 22:52,2026-10-02T23:07:11+09:00,2026/10/05,2026/11/12,2026-11,PUT,20000,1,456,10,107.23,,1,1,,,106.51,-1,-50,1,10/02 18:13
2026/10/02 22:52,2026-10-02T23:07:11+09:00,2026/10/05,2026/12/10,2026-12,CALL,100000,3,522,2,27.38,26.72,4,7,3,3,27.5,2,100,4,10/02 22:07
2026/10/02 22:52,2026-10-02T23:07:11+09:00,2026/10/05,2026/12/10,2026-12,PUT,100000,31270,,,,,,,,,,,,,
2026/10/02 22:52,2026-10-02T23:07:11+09:00,2026/10/05,2026/12/10,2026-12,CALL,95000,7,1080,,26.73,23.24,13,1,3,1,,,,,
2026/10/02 22:52,2026-10-02T23:07:11+09:00,2026/10/05,2026/12/10,2026-12,PUT,95000,26290,,,,,,,,,,,,,
2026/10/02 22:52,2026-10-02T23:07:11+09:00,2026/10/05,2026/12/10,2026-12,CALL,90000,17,1807,1,25.11,21.42,32,1,8,12,22.04,-7,-41.18,10,10/02 21:36
2026/10/02 22:52,2026-10-02T23:07:11+09:00,2026/10/05,2026/12/10,2026-12,PUT,90000,21310,3,,,,,,,,,,,,
2026/10/02 22:52,2026-10-02T23:07:11+09:00,2026/10/05,2026/12/10,2026-12,CALL,87500,36,2457,,24.87,23.48,61,8,41,8,,,,,
2026/10/02 22:52,2026-10-02T23:07:11+09:00,2026/10/05,2026/12/10,2026-12,PUT,87500,18840,,,,,,,,,,,,,
2026/10/02 22:52,2026-10-02T23:07:11+09:00,2026/10/05,2026/12/10,2026-12,CALL,85000,71,1011,3,25.45,21.51,137,12,50,36,24.48,35,53.85,100,10/02 20:30
2026/10/02 22:52,2026-10-02T23:07:11+09:00,2026/10/05,2026/12/10,2026-12,PUT,85000,16380,12,,,,,,,,,,,,
2026/10/02 22:52,2026-10-02T23:07:11+09:00,2026/10/05,2026/12/10,2026-12,CALL,84000,80,523,,25.35,22.7,173,12,96,12,,,,,
2026/10/02 22:52,2026-10-02T23:07:11+09:00,2026/10/05,2026/12/10,2026-12,PUT,84000,15390,,,,,,,,,,,,,
2026/10/02 22:52,2026-10-02T23:07:11+09:00,2026/10/05,2026/12/10,2026-12,CALL,83000,119,123,,25.13,22,213,9,109,9,,,,,
2026/10/02 22:52,2026-10-02T23:07:11+09:00,2026/10/05,2026/12/10,2026-12,PUT,83000,14435,,,,,,,,,,,,,
2026/10/02 22:52,2026-10-02T23:07:11+09:00,2026/10/05,2026/12/10,2026-12,CALL,82500,139,1129,,25.08,21.63,239,6,116,6,,,,,
2026/10/02 22:52,2026-10-02T23:07:11+09:00,2026/10/05,2026/12/10,2026-12,PUT,82500,13955,,,,,,,,,,,,,
2026/10/02 22:52,2026-10-02T23:07:11+09:00,2026/10/05,2026/12/10,2026-12,CALL,82000,195,4,,24.52,22.1,245,30,151,9,,,,,
2026/10/02 22:52,2026-10-02T23:07:11+09:00,2026/10/05,2026/12/10,2026-12,PUT,82000,13470,,,,,,,,,,,,,
2026/10/02 22:52,2026-10-02T23:07:11+09:00,2026/10/05,2026/12/10,2026-12,CALL,81000,195,5,,25.11,23.09,345,9,245,9,,,,,
2026/10/02 22:52,2026-10-02T23:07:11+09:00,2026/10/05,2026/12/10,2026-12,PUT,81000,12520,,,,,,,,,,,,,
2026/10/02 22:52,2026-10-02T23:07:11+09:00,2026/10/05,2026/12/10,2026-12,CALL,80000,250,7350,,24.7,23.75,410,9,355,1,,,,,
2026/10/02 22:52,2026-10-02T23:07:11+09:00,2026/10/05,2026/12/10,2026-12,PUT,80000,11570,3700,,,,,,,,,,,,
2026/10/02 22:52,2026-10-02T23:07:11+09:00,2026/10/05,2026/12/10,2026-12,CALL,79000,340,1053,1,24.52,22.49,505,27,375,6,24.35,,,405,10/02 18:24
2026/10/02 22:52,2026-10-02T23:07:11+09:00,2026/10/05,2026/12/10,2026-12,PUT,79000,10660,,,,,,,,,,,,,
2026/10/02 22:52,2026-10-02T23:07:11+09:00,2026/10/05,2026/12/10,2026-12,CALL,78000,435,308,,24.8,23.2,655,6,535,27,,,,,
2026/10/02 22:52,2026-10-02T23:07:11+09:00,2026/10/05,2026/12/10,2026-12,PUT,78000,9760,,,,,,,,,,,,,
2026/10/02 22:52,2026-10-02T23:07:11+09:00,2026/10/05,2026/12/10,2026-12,CALL,77500,490,1057,,25.04,22.83,750,4,575,18,,,,,
2026/10/02 22:52,2026-10-02T23:07:11+09:00,2026/10/05,2026/12/10,2026-12,PUT,77500,9315,,,,,,,,,,,,,
2026/10/02 22:52,2026-10-02T23:07:11+09:00,2026/10/05,2026/12/10,2026-12,CALL,77000,550,404,,24.77,23.16,810,6,675,27,,,,,
2026/10/02 22:52,2026-10-02T23:07:11+09:00,2026/10/05,2026/12/10,2026-12,PUT,77000,8875,,,,,,,,,,,,,
2026/10/02 22:52,2026-10-02T23:07:11+09:00,2026/10/05,2026/12/10,2026-12,CALL,76250,650,12,,24.63,22.85,935,1,775,8,,,,,
2026/10/02 22:52,2026-10-02T23:07:11+09:00,2026/10/05,2026/12/10,2026-12,PUT,76250,8230,,,,,,,,,,,,,
2026/10/02 22:52,2026-10-02T23:07:11+09:00,2026/10/05,2026/12/10,2026-12,CALL,76000,680,561,,24.74,22.67,995,3,805,21,,,,,
2026/10/02 22:52,2026-10-02T23:07:11+09:00,2026/10/05,2026/12/10,2026-12,PUT,76000,8010,300,,,,,,,,,,,,
2026/10/02 22:52,2026-10-02T23:07:11+09:00,2026/10/05,2026/12/10,2026-12,CALL,75750,735,,,24.61,22.75,1035,1,860,8,,,,,
2026/10/02 22:52,2026-10-02T23:07:11+09:00,2026/10/05,2026/12/10,2026-12,PUT,75750,7815,,,31.28,19.71,7565,4,6445,1,,,,,
2026/10/02 22:52,2026-10-02T23:07:11+09:00,2026/10/05,2026/12/10,2026-12,CALL,75500,775,1,,24.47,22.64,1075,2,900,14,,,,,
2026/10/02 22:52,2026-10-02T23:07:11+09:00,2026/10/05,2026/12/10,2026-12,PUT,75500,7605,,,31.05,21.67,7355,8,6410,2,,,,,
2026/10/02 22:52,2026-10-02T23:07:11+09:00,2026/10/05,2026/12/10,2026-12,CALL,75250,820,,,24.51,22.83,1135,1,970,8,,,,,
2026/10/02 22:52,2026-10-02T23:07:11+09:00,2026/10/05,2026/12/10,2026-12,PUT,75250,7400,,,30.85,20.64,7150,4,6115,1,,,,,
2026/10/02 22:52,2026-10-02T23:07:11+09:00,2026/10/05,2026/12/10,2026-12,CALL,75000,875,3532,,24.48,22.83,1190,3,1025,21,,,,,
2026/10/02 22:52,2026-10-02T23:07:11+09:00,2026/10/05,2026/12/10,2026-12,PUT,75000,7205,,,30.73,20.15,6955,12,5870,3,,,,,
2026/10/02 22:52,2026-10-02T23:07:11+09:00,2026/10/05,2026/12/10,2026-12,CALL,74750,920,1,,24.71,22.95,1275,1,1095,8,,,,,
2026/10/02 22:52,2026-10-02T23:07:11+09:00,2026/10/05,2026/12/10,2026-12,PUT,74750,7005,,,30.55,20.51,6755,4,5705,1,,,,,
2026/10/02 22:52,2026-10-02T23:07:11+09:00,2026/10/05,2026/12/10,2026-12,CALL,74500,965,10,,24.86,22.56,1355,2,1115,14,,,,,
2026/10/02 22:52,2026-10-02T23:07:11+09:00,2026/10/05,2026/12/10,2026-12,PUT,74500,6800,,,30.3,20.56,6550,8,5515,2,,,,,
2026/10/02 22:52,2026-10-02T23:07:11+09:00,2026/10/05,2026/12/10,2026-12,CALL,74250,1020,,,25.03,22.97,1440,1,1220,8,,,,,
2026/10/02 22:52,2026-10-02T23:07:11+09:00,2026/10/05,2026/12/10,2026-12,PUT,74250,6605,,,30.14,21.13,6355,4,5380,1,,,,,
2026/10/02 22:52,2026-10-02T23:07:11+09:00,2026/10/05,2026/12/10,2026-12,CALL,74000,1080,2301,,24.81,22.91,1485,3,1280,18,,,,,
2026/10/02 22:52,2026-10-02T23:07:11+09:00,2026/10/05,2026/12/10,2026-12,PUT,74000,6415,101,,29.99,22.72,6165,12,5360,3,,,,,
2026/10/02 22:52,2026-10-02T23:07:11+09:00,2026/10/05,2026/12/10,2026-12,CALL,73750,1130,1,,24.57,23.52,1530,1,1415,20,,,,,
2026/10/02 22:52,2026-10-02T23:07:11+09:00,2026/10/05,2026/12/10,2026-12,PUT,73750,6220,,,29.79,21.77,5970,4,5075,1,,,,,
2026/10/02 22:52,2026-10-02T23:07:11+09:00,2026/10/05,2026/12/10,2026-12,CALL,73500,1195,400,,24.67,23.59,1615,20,1495,20,,,,,
2026/10/02 22:52,2026-10-02T23:07:11+09:00,2026/10/05,2026/12/10,2026-12,PUT,73500,6035,,,29.66,21.64,5785,8,4880,2,,,,,
2026/10/02 22:52,2026-10-02T23:07:11+09:00,2026/10/05,2026/12/10,2026-12,CALL,73250,1265,,,24.65,23.59,1690,20,1570,20,,,,,
2026/10/02 22:52,2026-10-02T23:07:11+09:00,2026/10/05,2026/12/10,2026-12,PUT,73250,5850,,,29.51,21.35,5600,4,4670,1,,,,,
2026/10/02 22:52,2026-10-02T23:07:11+09:00,2026/10/05,2026/12/10,2026-12,CALL,73000,1335,807,3,24.65,23.69,1770,18,1660,18,24.1,395,29.7,1725,10/02 22:47
2026/10/02 22:52,2026-10-02T23:07:11+09:00,2026/10/05,2026/12/10,2026-12,PUT,73000,5675,4,,29.42,22.02,5425,12,4570,3,,,,,
2026/10/02 22:52,2026-10-02T23:07:11+09:00,2026/10/05,2026/12/10,2026-12,CALL,72750,1405,,,24.72,23.68,1860,20,1740,20,,,,,
2026/10/02 22:52,2026-10-02T23:07:11+09:00,2026/10/05,2026/12/10,2026-12,PUT,72750,5495,,,29.28,22.81,5245,4,4490,1,,,,,
2026/10/02 22:52,2026-10-02T23:07:11+09:00,2026/10/05,2026/12/10,2026-12,CALL,72500,1480,2413,,24.72,23.69,1945,20,1825,20,,,,,
2026/10/02 22:52,2026-10-02T23:07:11+09:00,2026/10/05,2026/12/10,2026-12,PUT,72500,5320,420,,29.15,22.27,5070,8,4260,2,,,,,
2026/10/02 22:52,2026-10-02T23:07:11+09:00,2026/10/05,2026/12/10,2026-12,CALL,72250,1560,2,,25.02,24.09,2070,1,1960,20,,,,,
2026/10/02 22:52,2026-10-02T23:07:11+09:00,2026/10/05,2026/12/10,2026-12,PUT,72250,5155,,,29.1,23.33,4905,4,4220,1,,,,,
2026/10/02 22:52,2026-10-02T23:07:11+09:00,2026/10/05,2026/12/10,2026-12,CALL,72000,1625,3894,,24.8,24.13,2135,3,2055,20,,,,,
2026/10/02 22:52,2026-10-02T23:07:11+09:00,2026/10/05,2026/12/10,2026-12,PUT,72000,4965,120,,28.81,23.5,4715,12,4080,3,,,,,
2026/10/02 22:52,2026-10-02T23:07:11+09:00,2026/10/05,2026/12/10,2026-12,CALL,71875,1665,,,24.91,24.12,2195,1,2100,20,,,,,
2026/10/02 22:52,2026-10-02T23:07:11+09:00,2026/10/05,2026/12/10,2026-12,PUT,71875,4880,,,28.74,23.32,4630,4,3980,1,,,,,
2026/10/02 22:52,2026-10-02T23:07:11+09:00,2026/10/05,2026/12/10,2026-12,CALL,71750,1710,24,,25.14,24.14,2270,20,2150,20,,,,,
2026/10/02 22:52,2026-10-02T23:07:11+09:00,2026/10/05,2026/12/10,2026-12,PUT,71750,4800,,,28.71,23.51,4550,4,3925,1,,,,,
2026/10/02 22:52,2026-10-02T23:07:11+09:00,2026/10/05,2026/12/10,2026-12,CALL,71625,1750,,,25.15,24.15,2320,20,2200,20,,,,,
2026/10/02 22:52,2026-10-02T23:07:11+09:00,2026/10/05,2026/12/10,2026-12,PUT,71625,4715,,,28.63,23.45,4465,4,3840,1,,,,,
2026/10/02 22:52,2026-10-02T23:07:11+09:00,2026/10/05,2026/12/10,2026-12,CALL,71500,1800,451,,24.99,24.16,2350,2,2250,20,,,,,
2026/10/02 22:52,2026-10-02T23:07:11+09:00,2026/10/05,2026/12/10,2026-12,PUT,71500,4640,,,28.63,23.91,4390,8,3820,2,,,,,
2026/10/02 22:52,2026-10-02T23:07:11+09:00,2026/10/05,2026/12/10,2026-12,CALL,71375,1845,,,25.2,24.21,2425,20,2305,20,,,,,
2026/10/02 22:52,2026-10-02T23:07:11+09:00,2026/10/05,2026/12/10,2026-12,PUT,71375,4565,,,28.62,23.92,4315,5,3745,1,,,,,
2026/10/02 22:52,2026-10-02T23:07:11+09:00,2026/10/05,2026/12/10,2026-12,CALL,71250,1880,,,25.19,24.2,2475,20,2355,20,,,,,
2026/10/02 22:52,2026-10-02T23:07:11+09:00,2026/10/05,2026/12/10,2026-12,PUT,71250,4475,,,25.03,24.04,3805,20,3685,20,,,,,
2026/10/02 22:52,2026-10-02T23:07:11+09:00,2026/10/05,2026/12/10,2026-12,CALL,71125,1925,,,25.01,24.27,2505,1,2415,20,,,,,
2026/10/02 22:52,2026-10-02T23:07:11+09:00,2026/10/05,2026/12/10,2026-12,PUT,71125,4395,,,24.89,23.9,3715,20,3595,21,,,,,
2026/10/02 22:52,2026-10-02T23:07:11+09:00,2026/10/05,2026/12/10,2026-12,CALL,71000,1960,2063,,25.2,24.21,2580,20,2460,20,,,,,
2026/10/02 22:52,2026-10-02T23:07:11+09:00,2026/10/05,2026/12/10,2026-12,PUT,71000,4305,31,,25.16,24.17,3675,20,3555,20,,,,,
2026/10/02 22:52,2026-10-02T23:07:11+09:00,2026/10/05,2026/12/10,2026-12,CALL,70875,2000,,,25.09,24.11,2620,20,2500,20,,,,,
2026/10/02 22:52,2026-10-02T23:07:11+09:00,2026/10/05,2026/12/10,2026-12,PUT,70875,4215,,,24.93,23.94,3575,20,3455,20,,,,,
2026/10/02 22:52,2026-10-02T23:07:11+09:00,2026/10/05,2026/12/10,2026-12,CALL,70750,2050,,,25.22,24.24,2690,20,2570,20,,,,,
2026/10/02 22:52,2026-10-02T23:07:11+09:00,2026/10/05,2026/12/10,2026-12,PUT,70750,4145,,,25.18,24.2,3535,20,3415,20,,,,,
2026/10/02 22:52,2026-10-02T23:07:11+09:00,2026/10/05,2026/12/10,2026-12,CALL,70625,2110,,,25.19,24.2,2740,20,2620,20,,,,,
2026/10/02 22:52,2026-10-02T23:07:11+09:00,2026/10/05,2026/12/10,2026-12,PUT,70625,4080,,,25.27,24.28,3475,20,3355,20,,,,,
2026/10/02 22:52,2026-10-02T23:07:11+09:00,2026/10/05,2026/12/10,2026-12,CALL,70500,2155,1,1,25.14,24.28,2790,2,2685,20,24.36,,,2350,10/02 17:20
2026/10/02 22:52,2026-10-02T23:07:11+09:00,2026/10/05,2026/12/10,2026-12,PUT,70500,4000,,,25.22,24.24,3400,20,3280,20,,,,,
2026/10/02 22:52,2026-10-02T23:07:11+09:00,2026/10/05,2026/12/10,2026-12,CALL,70375,2210,,,25.25,24.27,2860,20,2740,20,,,,,
2026/10/02 22:52,2026-10-02T23:07:11+09:00,2026/10/05,2026/12/10,2026-12,PUT,70375,3930,,,25.25,24.27,3335,20,3215,20,,,,,
2026/10/02 22:52,2026-10-02T23:07:11+09:00,2026/10/05,2026/12/10,2026-12,CALL,70250,2250,,,25.19,24.21,2910,20,2790,20,,,,,
2026/10/02 22:52,2026-10-02T23:07:11+09:00,2026/10/05,2026/12/10,2026-12,PUT,70250,3845,,,25.28,24.29,3270,20,3150,20,,,,,
2026/10/02 22:52,2026-10-02T23:07:11+09:00,2026/10/05,2026/12/10,2026-12,CALL,70125,2295,,,25.33,24.35,2985,20,2865,20,,,,,
2026/10/02 22:52,2026-10-02T23:07:11+09:00,2026/10/05,2026/12/10,2026-12,PUT,70125,3770,,,25.33,24.35,3210,20,3090,20,,,,,
2026/10/02 22:52,2026-10-02T23:07:11+09:00,2026/10/05,2026/12/10,2026-12,CALL,70000,2350,5333,,25.18,24.2,3025,20,2905,20,,,,,
2026/10/02 22:52,2026-10-02T23:07:11+09:00,2026/10/05,2026/12/10,2026-12,PUT,70000,3695,1653,,25.3,24.32,3140,20,3020,20,,,,,
2026/10/02 22:52,2026-10-02T23:07:11+09:00,2026/10/05,2026/12/10,2026-12,CALL,69875,2405,,,25.96,21.66,3180,1,2655,5,,,,,
2026/10/02 22:52,2026-10-02T23:07:11+09:00,2026/10/05,2026/12/10,2026-12,PUT,69875,3625,,,25.35,24.36,3080,20,2960,20,,,,,
2026/10/02 22:52,2026-10-02T23:07:11+09:00,2026/10/05,2026/12/10,2026-12,CALL,69750,2465,,,26.09,21.65,3255,1,2715,6,,,,,
2026/10/02 22:52,2026-10-02T23:07:11+09:00,2026/10/05,2026/12/10,2026-12,PUT,69750,3560,,,25.35,24.36,3015,20,2895,20,,,,,
2026/10/02 22:52,2026-10-02T23:07:11+09:00,2026/10/05,2026/12/10,2026-12,CALL,69625,2520,,,25.71,21.6,3270,1,2770,5,,,,,
2026/10/02 22:52,2026-10-02T23:07:11+09:00,2026/10/05,2026/12/10,2026-12,PUT,69625,3490,,,25.42,24.47,2960,20,2845,1,,,,,
2026/10/02 22:52,2026-10-02T23:07:11+09:00,2026/10/05,2026/12/10,2026-12,CALL,69500,2580,,1,26.27,21.74,3400,2,2850,2,24.88,,,2910,10/02 17:55
2026/10/02 22:52,2026-10-02T23:07:11+09:00,2026/10/05,2026/12/10,2026-12,PUT,69500,3430,,,25.45,24.46,2900,20,2780,28,,,,,
2026/10/02 22:52,2026-10-02T23:07:11+09:00,2026/10/05,2026/12/10,2026-12,CALL,69375,2635,,,25.96,21.5,3425,1,2885,4,,,,,
2026/10/02 22:52,2026-10-02T23:07:11+09:00,2026/10/05,2026/12/10,2026-12,PUT,69375,3360,,,25.46,24.6,2840,20,2735,1,,,,,
2026/10/02 22:52,2026-10-02T23:07:11+09:00,2026/10/05,2026/12/10,2026-12,CALL,69250,2700,50,,26.18,21.51,3515,1,2950,4,,,,,
2026/10/02 22:52,2026-10-02T23:07:11+09:00,2026/10/05,2026/12/10,2026-12,PUT,69250,3300,,,25.52,24.53,2785,20,2665,20,,,,,
2026/10/02 22:52,2026-10-02T23:07:11+09:00,2026/10/05,2026/12/10,2026-12,CALL,69125,2755,,,25.81,21.42,3535,1,3005,4,,,,,
2026/10/02 22:52,2026-10-02T23:07:11+09:00,2026/10/05,2026/12/10,2026-12,PUT,69125,3230,,,25.52,24.65,2725,20,2620,4,,,,,
2026/10/02 22:52,2026-10-02T23:07:11+09:00,2026/10/05,2026/12/10,2026-12,CALL,69000,2820,1721,,26.02,20.28,3625,12,2935,12,,,,,
2026/10/02 22:52,2026-10-02T23:07:11+09:00,2026/10/05,2026/12/10,2026-12,PUT,69000,3170,1645,,25.57,24.78,2670,20,2575,3,,,,,
2026/10/02 22:52,2026-10-02T23:07:11+09:00,2026/10/05,2026/12/10,2026-12,CALL,68875,2885,,,26.14,21.38,3705,1,3135,4,,,,,
2026/10/02 22:52,2026-10-02T23:07:11+09:00,2026/10/05,2026/12/10,2026-12,PUT,68875,3105,,,25.6,24.6,2615,20,2495,21,,,,,
2026/10/02 22:52,2026-10-02T23:07:11+09:00,2026/10/05,2026/12/10,2026-12,CALL,68750,2950,,,26.25,21.35,3785,1,3200,4,,,,,
2026/10/02 22:52,2026-10-02T23:07:11+09:00,2026/10/05,2026/12/10,2026-12,PUT,68750,3050,100,,25.63,24.62,2560,20,2440,20,,,,,
2026/10/02 22:52,2026-10-02T23:07:11+09:00,2026/10/05,2026/12/10,2026-12,CALL,68625,3010,,,26.53,21.27,3885,1,3260,4,,,,,
2026/10/02 22:52,2026-10-02T23:07:11+09:00,2026/10/05,2026/12/10,2026-12,PUT,68625,2985,,,25.69,24.68,2510,20,2390,20,,,,,
2026/10/02 22:52,2026-10-02T23:07:11+09:00,2026/10/05,2026/12/10,2026-12,CALL,68500,3075,437,,26.13,21.23,3905,2,3325,8,,,,,
2026/10/02 22:52,2026-10-02T23:07:11+09:00,2026/10/05,2026/12/10,2026-12,PUT,68500,2925,206,,25.71,24.86,2455,20,2355,2,,,,,
2026/10/02 22:52,2026-10-02T23:07:11+09:00,2026/10/05,2026/12/10,2026-12,CALL,68375,3150,,,27.4,21.26,4125,4,3400,4,,,,,
2026/10/02 22:52,2026-10-02T23:07:11+09:00,2026/10/05,2026/12/10,2026-12,PUT,68375,2875,,,25.84,24.82,2415,20,2295,20,,,,,
2026/10/02 22:52,2026-10-02T23:07:11+09:00,2026/10/05,2026/12/10,2026-12,CALL,68250,3210,,,27.33,21.15,4185,1,3460,4,,,,,
2026/10/02 22:52,2026-10-02T23:07:11+09:00,2026/10/05,2026/12/10,2026-12,PUT,68250,2810,,,27.54,24.86,2560,7,2245,1,,,,,
2026/10/02 22:52,2026-10-02T23:07:11+09:00,2026/10/05,2026/12/10,2026-12,CALL,68125,3285,,,27.67,21.16,4295,1,3535,4,,,,,
2026/10/02 22:52,2026-10-02T23:07:11+09:00,2026/10/05,2026/12/10,2026-12,PUT,68125,2760,,,27.58,25.03,2510,6,2210,1,,,,,
2026/10/02 22:52,2026-10-02T23:07:11+09:00,2026/10/05,2026/12/10,2026-12,CALL,68000,3360,4314,,26.85,21.17,4270,3,3610,12,,,,,
2026/10/02 22:52,2026-10-02T23:07:11+09:00,2026/10/05,2026/12/10,2026-12,PUT,68000,2710,1900,,27.62,25.05,2460,18,2160,3,,,,,
2026/10/02 22:52,2026-10-02T23:07:11+09:00,2026/10/05,2026/12/10,2026-12,CALL,67875,3425,,,26.62,21.08,4315,1,3675,4,,,,,
2026/10/02 22:52,2026-10-02T23:07:11+09:00,2026/10/05,2026/12/10,2026-12,PUT,67875,2650,,,27.57,25.2,2400,6,2125,1,,,,,
2026/10/02 22:52,2026-10-02T23:07:11+09:00,2026/10/05,2026/12/10,2026-12,CALL,67750,3500,,,26.99,21.07,4430,1,3750,4,,,,,
2026/10/02 22:52,2026-10-02T23:07:11+09:00,2026/10/05,2026/12/10,2026-12,PUT,67750,2605,,,27.64,25.26,2355,7,2080,1,,,,,
2026/10/02 22:52,2026-10-02T23:07:11+09:00,2026/10/05,2026/12/10,2026-12,CALL,67625,3555,,,28.05,20.87,4625,1,3805,4,,,,,
2026/10/02 22:52,2026-10-02T23:07:11+09:00,2026/10/05,2026/12/10,2026-12,PUT,67625,2535,,,27.48,25.27,2285,6,2030,1,,,,,
2026/10/02 22:52,2026-10-02T23:07:11+09:00,2026/10/05,2026/12/10,2026-12,CALL,67500,3620,25,,27.28,20.75,4610,2,3870,8,,,,,
2026/10/02 22:52,2026-10-02T23:07:11+09:00,2026/10/05,2026/12/10,2026-12,PUT,67500,2475,25,,27.41,25.36,2225,12,1990,2,,,,,
2026/10/02 22:52,2026-10-02T23:07:11+09:00,2026/10/05,2026/12/10,2026-12,CALL,67375,3700,,,27.29,20.75,4685,1,3950,4,,,,,
2026/10/02 22:52,2026-10-02T23:07:11+09:00,2026/10/05,2026/12/10,2026-12,PUT,67375,2430,,,27.46,25.39,2180,6,1945,1,,,,,
2026/10/02 22:52,2026-10-02T23:07:11+09:00,2026/10/05,2026/12/10,2026-12,CALL,67250,3765,25,,28.52,20.61,4900,1,4015,4,,,,,
2026/10/02 22:52,2026-10-02T23:07:11+09:00,2026/10/05,2026/12/10,2026-12,PUT,67250,2370,25,,27.37,25.29,2120,7,1885,1,,,,,
2026/10/02 22:52,2026-10-02T23:07:11+09:00,2026/10/05,2026/12/10,2026-12,CALL,67125,3845,,,28.74,20.59,5000,1,4095,4,,,,,
2026/10/02 22:52,2026-10-02T23:07:11+09:00,2026/10/05,2026/12/10,2026-12,PUT,67125,2325,,,27.41,25.54,2075,6,1865,1,,,,,
2026/10/02 22:52,2026-10-02T23:07:11+09:00,2026/10/05,2026/12/10,2026-12,CALL,67000,3920,2237,,28.11,20.52,5005,3,4170,12,,,,,
2026/10/02 22:52,2026-10-02T23:07:11+09:00,2026/10/05,2026/12/10,2026-12,PUT,67000,2275,1607,,28.37,25.51,2135,18,1815,15,,,,,
2026/10/02 22:52,2026-10-02T23:07:11+09:00,2026/10/05,2026/12/10,2026-12,CALL,66875,3990,,,28.41,20.39,5115,1,4240,4,,,,,
2026/10/02 22:52,2026-10-02T23:07:11+09:00,2026/10/05,2026/12/10,2026-12,PUT,66875,2220,,,27.33,24.89,1970,6,1700,1,,,,,
2026/10/02 22:52,2026-10-02T23:07:11+09:00,2026/10/05,2026/12/10,2026-12,CALL,66750,4075,,,28.56,20.39,5210,1,4325,4,,,,,
2026/10/02 22:52,2026-10-02T23:07:11+09:00,2026/10/05,2026/12/10,2026-12,PUT,66750,2180,,,27.39,25.53,1930,8,1725,1,,,,,
2026/10/02 22:52,2026-10-02T23:07:11+09:00,2026/10/05,2026/12/10,2026-12,CALL,66625,4150,,,27.68,20.29,5190,1,4400,4,,,,,
2026/10/02 22:52,2026-10-02T23:07:11+09:00,2026/10/05,2026/12/10,2026-12,PUT,66625,2130,,,27.36,25.57,1880,7,1685,1,,,,,
2026/10/02 22:52,2026-10-02T23:07:11+09:00,2026/10/05,2026/12/10,2026-12,CALL,66500,4245,2984,,29.32,20.37,5450,2,4495,8,,,,,
2026/10/02 22:52,2026-10-02T23:07:11+09:00,2026/10/05,2026/12/10,2026-12,PUT,66500,2100,1100,,27.5,25.1,1850,14,1590,2,,,,,
2026/10/02 22:52,2026-10-02T23:07:11+09:00,2026/10/05,2026/12/10,2026-12,CALL,66375,4290,,,27.78,19.95,5360,1,4540,4,,,,,
2026/10/02 22:52,2026-10-02T23:07:11+09:00,2026/10/05,2026/12/10,2026-12,PUT,66375,2020,,,27.18,25.64,1770,7,1605,1,,,,,
2026/10/02 22:52,2026-10-02T23:07:11+09:00,2026/10/05,2026/12/10,2026-12,CALL,66250,4375,18,,27.91,19.91,5455,1,4625,4,,,,,
2026/10/02 22:52,2026-10-02T23:07:11+09:00,2026/10/05,2026/12/10,2026-12,PUT,66250,1980,,,27.68,25.62,1780,8,1560,1,,,,,
2026/10/02 22:52,2026-10-02T23:07:11+09:00,2026/10/05,2026/12/10,2026-12,CALL,66125,4460,,,29.8,19.86,5740,1,4710,4,,,,,
2026/10/02 22:52,2026-10-02T23:07:11+09:00,2026/10/05,2026/12/10,2026-12,PUT,66125,1940,,,27.71,25.63,1740,7,1520,1,,,,,
2026/10/02 22:52,2026-10-02T23:07:11+09:00,2026/10/05,2026/12/10,2026-12,CALL,66000,4545,1092,,29.8,19.79,5820,3,4795,12,,,,,
2026/10/02 22:52,2026-10-02T23:07:11+09:00,2026/10/05,2026/12/10,2026-12,PUT,66000,1905,1136,,27.78,25.93,1705,21,1510,3,,,,,
2026/10/02 22:52,2026-10-02T23:07:11+09:00,2026/10/05,2026/12/10,2026-12,CALL,65875,4625,,,29.27,19.66,5845,1,4875,4,,,,,
2026/10/02 22:52,2026-10-02T23:07:11+09:00,2026/10/05,2026/12/10,2026-12,PUT,65875,1860,,,27.76,25.54,1660,7,1430,6,,,,,
2026/10/02 22:52,2026-10-02T23:07:11+09:00,2026/10/05,2026/12/10,2026-12,CALL,65750,4710,15,,30.2,19.58,6025,1,4960,4,,,,,
2026/10/02 22:52,2026-10-02T23:07:11+09:00,2026/10/05,2026/12/10,2026-12,PUT,65750,1820,15,,27.77,26.17,1620,8,1455,1,,,,,
2026/10/02 22:52,2026-10-02T23:07:11+09:00,2026/10/05,2026/12/10,2026-12,CALL,65625,4795,,,29.89,19.48,6075,1,5045,4,,,,,
2026/10/02 22:52,2026-10-02T23:07:11+09:00,2026/10/05,2026/12/10,2026-12,PUT,65625,1780,,,27.78,26.12,1580,7,1410,1,,,,,
2026/10/02 22:52,2026-10-02T23:07:11+09:00,2026/10/05,2026/12/10,2026-12,CALL,65500,4875,734,,30.05,19.3,6175,2,5125,8,,,,,
2026/10/02 22:52,2026-10-02T23:07:11+09:00,2026/10/05,2026/12/10,2026-12,PUT,65500,1730,605,,28.61,26.3,1625,14,1390,2,,,,,
2026/10/02 22:52,2026-10-02T23:07:11+09:00,2026/10/05,2026/12/10,2026-12,CALL,65375,4965,,,29.83,19.23,6235,1,5215,4,,,,,
2026/10/02 22:52,2026-10-02T23:07:11+09:00,2026/10/05,2026/12/10,2026-12,PUT,65375,1700,,,27.77,26.18,1500,7,1340,1,,,,,
2026/10/02 22:52,2026-10-02T23:07:11+09:00,2026/10/05,2026/12/10,2026-12,CALL,65250,5050,,,28.7,19.09,6205,1,5300,4,,,,,
2026/10/02 22:52,2026-10-02T23:07:11+09:00,2026/10/05,2026/12/10,2026-12,PUT,65250,1660,,,27.76,26.1,1460,8,1295,1,,,,,
2026/10/02 22:52,2026-10-02T23:07:11+09:00,2026/10/05,2026/12/10,2026-12,CALL,65125,5145,,,29.88,19.05,6410,1,5395,4,,,,,
2026/10/02 22:52,2026-10-02T23:07:11+09:00,2026/10/05,2026/12/10,2026-12,PUT,65125,1630,,,27.84,26.16,1430,7,1265,1,,,,,
2026/10/02 22:52,2026-10-02T23:07:11+09:00,2026/10/05,2026/12/10,2026-12,CALL,65000,5235,3594,,29.67,18.93,6475,3,5485,12,,,,,
2026/10/02 22:52,2026-10-02T23:07:11+09:00,2026/10/05,2026/12/10,2026-12,PUT,65000,1595,4729,,28.42,26.01,1450,21,1215,3,,,,,
2026/10/02 22:52,2026-10-02T23:07:11+09:00,2026/10/05,2026/12/10,2026-12,CALL,64875,5320,,,29.56,18.74,6550,1,5570,4,,,,,
2026/10/02 22:52,2026-10-02T23:07:11+09:00,2026/10/05,2026/12/10,2026-12,PUT,64875,1555,12,,28.09,26.32,1380,7,1210,1,,,,,
2026/10/02 22:52,2026-10-02T23:07:11+09:00,2026/10/05,2026/12/10,2026-12,CALL,64750,5415,,,29.69,18.66,6650,1,5665,4,,,,,
2026/10/02 22:52,2026-10-02T23:07:11+09:00,2026/10/05,2026/12/10,2026-12,PUT,64750,1525,,,27.89,26.32,1325,8,1175,8,,,,,
2026/10/02 22:52,2026-10-02T23:07:11+09:00,2026/10/05,2026/12/10,2026-12,CALL,64625,5505,,,31.03,18.49,6870,1,5755,4,,,,,
2026/10/02 22:52,2026-10-02T23:07:11+09:00,2026/10/05,2026/12/10,2026-12,PUT,64625,1490,25,,27.9,26.63,1290,1,1170,1,,,,,
2026/10/02 22:52,2026-10-02T23:07:11+09:00,2026/10/05,2026/12/10,2026-12,CALL,64500,5595,296,,30.55,18.3,6910,2,5845,8,,,,,
2026/10/02 22:52,2026-10-02T23:07:11+09:00,2026/10/05,2026/12/10,2026-12,PUT,64500,1455,263,,27.89,26.61,1255,4,1135,2,,,,,
2026/10/02 22:52,2026-10-02T23:07:11+09:00,2026/10/05,2026/12/10,2026-12,CALL,64375,5685,,,29.68,18.09,6915,1,5935,4,,,,,
2026/10/02 22:52,2026-10-02T23:07:11+09:00,2026/10/05,2026/12/10,2026-12,PUT,64375,1425,,,27.94,26.69,1225,2,1110,2,,,,,
2026/10/02 22:52,2026-10-02T23:07:11+09:00,2026/10/05,2026/12/10,2026-12,CALL,64250,5775,,,31.26,17.86,7155,1,6025,4,,,,,
2026/10/02 22:52,2026-10-02T23:07:11+09:00,2026/10/05,2026/12/10,2026-12,PUT,64250,1390,,,29.32,26.6,1320,2,1070,2,,,,,
2026/10/02 22:52,2026-10-02T23:07:11+09:00,2026/10/05,2026/12/10,2026-12,CALL,64125,5875,,,31.74,17.75,7290,1,6125,4,,,,,
2026/10/02 22:52,2026-10-02T23:07:11+09:00,2026/10/05,2026/12/10,2026-12,PUT,64125,1375,5,,28.12,26.62,1175,2,1040,2,,,,,
2026/10/02 22:52,2026-10-02T23:07:11+09:00,2026/10/05,2026/12/10,2026-12,CALL,64000,5965,2242,,29.94,17.46,7210,3,6215,12,,,,,
2026/10/02 22:52,2026-10-02T23:07:11+09:00,2026/10/05,2026/12/10,2026-12,PUT,64000,1330,2230,1,28.14,27.19,1145,6,1060,6,27.48,,,1115,10/02 21:48
2026/10/02 22:52,2026-10-02T23:07:11+09:00,2026/10/05,2026/12/10,2026-12,CALL,63875,6065,,,31.17,17.31,7415,1,6315,4,,,,,
2026/10/02 22:52,2026-10-02T23:07:11+09:00,2026/10/05,2026/12/10,2026-12,PUT,63875,1300,,,29.49,26.91,1235,2,1005,2,,,,,
2026/10/02 22:52,2026-10-02T23:07:11+09:00,2026/10/05,2026/12/10,2026-12,CALL,63750,6170,32,,30.78,17.22,7470,1,6420,4,,,,,
2026/10/02 22:52,2026-10-02T23:07:11+09:00,2026/10/05,2026/12/10,2026-12,PUT,63750,1285,59,,29.63,26.85,1215,2,970,8,,,,,
2026/10/02 22:52,2026-10-02T23:07:11+09:00,2026/10/05,2026/12/10,2026-12,CALL,63625,6255,,,30.1,16.73,7500,1,6505,4,,,,,
2026/10/02 22:52,2026-10-02T23:07:11+09:00,2026/10/05,2026/12/10,2026-12,PUT,63625,1245,,,29.65,27.25,1185,2,975,2,,,,,
2026/10/02 22:52,2026-10-02T23:07:11+09:00,2026/10/05,2026/12/10,2026-12,CALL,63500,6350,300,,31.62,16.38,7730,2,6600,8,,,,,
2026/10/02 22:52,2026-10-02T23:07:11+09:00,2026/10/05,2026/12/10,2026-12,PUT,63500,1215,600,,29.62,27.42,1150,4,960,4,,,,,
2026/10/02 22:52,2026-10-02T23:07:11+09:00,2026/10/05,2026/12/10,2026-12,CALL,63375,6450,,,31.65,16.09,7825,1,6700,4,,,,,
2026/10/02 22:52,2026-10-02T23:07:11+09:00,2026/10/05,2026/12/10,2026-12,PUT,63375,1185,,,29.8,26.97,1135,2,895,2,,,,,
2026/10/02 22:52,2026-10-02T23:07:11+09:00,2026/10/05,2026/12/10,2026-12,CALL,63250,6565,,,31.62,16.1,7915,1,6815,4,,,,,
2026/10/02 22:52,2026-10-02T23:07:11+09:00,2026/10/05,2026/12/10,2026-12,PUT,63250,1180,23,,29.92,27.18,1115,2,885,2,,,,,
2026/10/02 22:52,2026-10-02T23:07:11+09:00,2026/10/05,2026/12/10,2026-12,CALL,63125,6645,,,32.88,15.19,8120,1,6895,4,,,,,
2026/10/02 22:52,2026-10-02T23:07:11+09:00,2026/10/05,2026/12/10,2026-12,PUT,63125,1135,,,29.98,26.96,1090,2,840,2,,,,,
2026/10/02 22:52,2026-10-02T23:07:11+09:00,2026/10/05,2026/12/10,2026-12,CALL,63000,6755,1417,,31.2,14.99,8065,3,7005,12,,,,,
2026/10/02 22:52,2026-10-02T23:07:11+09:00,2026/10/05,2026/12/10,2026-12,PUT,63000,1120,3041,,29.68,27.73,1035,6,875,6,,,,,
2026/10/02 22:52,2026-10-02T23:07:11+09:00,2026/10/05,2026/12/10,2026-12,CALL,62875,6850,,,31.09,14.21,8150,1,7100,4,,,,,
2026/10/02 22:52,2026-10-02T23:07:11+09:00,2026/10/05,2026/12/10,2026-12,PUT,62875,1090,,,30.08,27.17,1040,2,805,7,,,,,
2026/10/02 22:52,2026-10-02T23:07:11+09:00,2026/10/05,2026/12/10,2026-12,CALL,62750,6945,,,33.06,13.15,8415,1,7195,4,,,,,
2026/10/02 22:52,2026-10-02T23:07:11+09:00,2026/10/05,2026/12/10,2026-12,PUT,62750,1060,,,30.18,27.04,1020,2,770,2,,,,,
2026/10/02 22:52,2026-10-02T23:07:11+09:00,2026/10/05,2026/12/10,2026-12,CALL,62625,7045,,,32.2,11.76,8435,1,7295,4,,,,,
2026/10/02 22:52,2026-10-02T23:07:11+09:00,2026/10/05,2026/12/10,2026-12,PUT,62625,1040,,,30.28,27.43,1000,2,775,2,,,,,
2026/10/02 22:52,2026-10-02T23:07:11+09:00,2026/10/05,2026/12/10,2026-12,CALL,62500,7145,812,,35.21,,8790,2,7395,8,,,,,
2026/10/02 22:52,2026-10-02T23:07:11+09:00,2026/10/05,2026/12/10,2026-12,PUT,62500,1010,1087,,30.25,28.21,970,4,810,4,,,,,
2026/10/02 22:52,2026-10-02T23:07:11+09:00,2026/10/05,2026/12/10,2026-12,CALL,62375,7245,,,32.96,,8690,1,7495,4,,,,,
2026/10/02 22:52,2026-10-02T23:07:11+09:00,2026/10/05,2026/12/10,2026-12,PUT,62375,985,4,,30.46,27.67,960,2,745,2,,,,,
2026/10/02 22:52,2026-10-02T23:07:11+09:00,2026/10/05,2026/12/10,2026-12,CALL,62250,7350,,,32.22,,8725,1,7600,4,,,,,
2026/10/02 22:52,2026-10-02T23:07:11+09:00,2026/10/05,2026/12/10,2026-12,PUT,62250,965,250,,30.55,27.92,940,2,740,2,,,,,
2026/10/02 22:52,2026-10-02T23:07:11+09:00,2026/10/05,2026/12/10,2026-12,CALL,62125,7465,,,33.36,,8915,1,7715,4,,,,,
2026/10/02 22:52,2026-10-02T23:07:11+09:00,2026/10/05,2026/12/10,2026-12,PUT,62125,960,,,30.63,28.04,920,2,725,2,,,,,
2026/10/02 22:52,2026-10-02T23:07:11+09:00,2026/10/05,2026/12/10,2026-12,CALL,62000,7565,1850,,31.85,,8890,3,7815,12,,,,,
2026/10/02 22:52,2026-10-02T23:07:11+09:00,2026/10/05,2026/12/10,2026-12,PUT,62000,930,3610,,30.38,28.22,875,6,715,6,,,,,
2026/10/02 22:52,2026-10-02T23:07:11+09:00,2026/10/05,2026/12/10,2026-12,CALL,61875,7675,,,33.81,,9145,1,7925,4,,,,,
2026/10/02 22:52,2026-10-02T23:07:11+09:00,2026/10/05,2026/12/10,2026-12,PUT,61875,915,,,30.9,27.97,890,3,675,3,,,,,
2026/10/02 22:52,2026-10-02T23:07:11+09:00,2026/10/05,2026/12/10,2026-12,CALL,61750,7780,,,32.59,,9145,1,8030,4,,,,,
2026/10/02 22:52,2026-10-02T23:07:11+09:00,2026/10/05,2026/12/10,2026-12,PUT,61750,895,250,,30.97,28.13,870,3,665,3,,,,,
2026/10/02 22:52,2026-10-02T23:07:11+09:00,2026/10/05,2026/12/10,2026-12,CALL,61625,7870,,,31.76,,9180,1,8120,4,,,,,
2026/10/02 22:52,2026-10-02T23:07:11+09:00,2026/10/05,2026/12/10,2026-12,PUT,61625,865,,,31.03,28.15,850,3,645,3,,,,,
2026/10/02 22:52,2026-10-02T23:07:11+09:00,2026/10/05,2026/12/10,2026-12,CALL,61500,7960,1,,32.1,,9305,2,8210,8,,,,,
2026/10/02 22:52,2026-10-02T23:07:11+09:00,2026/10/05,2026/12/10,2026-12,PUT,61500,830,254,,31.09,28.39,830,6,640,6,,,,,
2026/10/02 22:52,2026-10-02T23:07:11+09:00,2026/10/05,2026/12/10,2026-12,CALL,61375,8080,,,34.63,,9600,1,8330,4,,,,,
2026/10/02 22:52,2026-10-02T23:07:11+09:00,2026/10/05,2026/12/10,2026-12,PUT,61375,825,,,31.21,27.86,815,3,585,3,,,,,
2026/10/02 22:52,2026-10-02T23:07:11+09:00,2026/10/05,2026/12/10,2026-12,CALL,61250,8190,,,32.69,,9550,1,8440,4,,,,,
2026/10/02 22:52,2026-10-02T23:07:11+09:00,2026/10/05,2026/12/10,2026-12,PUT,61250,810,10,,31.32,28.7,800,3,620,3,,,,,
2026/10/02 22:52,2026-10-02T23:07:11+09:00,2026/10/05,2026/12/10,2026-12,CALL,61125,8295,,,33.82,,9735,1,8545,4,,,,,
2026/10/02 22:52,2026-10-02T23:07:11+09:00,2026/10/05,2026/12/10,2026-12,PUT,61125,790,,,31.44,29.09,785,3,625,3,,,,,
2026/10/02 22:52,2026-10-02T23:07:11+09:00,2026/10/05,2026/12/10,2026-12,CALL,61000,8390,813,,34.09,,9855,3,8640,12,,,,,
2026/10/02 22:52,2026-10-02T23:07:11+09:00,2026/10/05,2026/12/10,2026-12,PUT,61000,760,1451,3,30.08,28.46,670,9,565,9,29.1,,,620,10/02 22:07
2026/10/02 22:52,2026-10-02T23:07:11+09:00,2026/10/05,2026/12/10,2026-12,CALL,60875,8510,,,,,,,,,,,,,
2026/10/02 22:52,2026-10-02T23:07:11+09:00,2026/10/05,2026/12/10,2026-12,PUT,60875,740,5,,31.65,28.44,755,3,545,3,,,,,
2026/10/02 22:52,2026-10-02T23:07:11+09:00,2026/10/05,2026/12/10,2026-12,CALL,60750,8615,,,,,,,,,,,,,
2026/10/02 22:52,2026-10-02T23:07:11+09:00,2026/10/05,2026/12/10,2026-12,PUT,60750,740,6,,31.75,29.14,740,3,570,3,,,,,
2026/10/02 22:52,2026-10-02T23:07:11+09:00,2026/10/05,2026/12/10,2026-12,CALL,60625,8720,,,,,,,,,,,,,
2026/10/02 22:52,2026-10-02T23:07:11+09:00,2026/10/05,2026/12/10,2026-12,PUT,60625,715,,,31.84,28.37,725,3,505,10,,,,,
2026/10/02 22:52,2026-10-02T23:07:11+09:00,2026/10/05,2026/12/10,2026-12,CALL,60500,8825,102,,,,,,,,,,,,
2026/10/02 22:52,2026-10-02T23:07:11+09:00,2026/10/05,2026/12/10,2026-12,PUT,60500,710,201,,31.86,28.83,705,6,515,6,,,,,
2026/10/02 22:52,2026-10-02T23:07:11+09:00,2026/10/05,2026/12/10,2026-12,CALL,60250,9050,,,,,,,,,,,,,
2026/10/02 22:52,2026-10-02T23:07:11+09:00,2026/10/05,2026/12/10,2026-12,PUT,60250,675,48,,32.11,29.34,680,3,510,3,,,,,
2026/10/02 22:52,2026-10-02T23:07:11+09:00,2026/10/05,2026/12/10,2026-12,CALL,60000,9270,7478,,,,,,,,,,,,
2026/10/02 22:52,2026-10-02T23:07:11+09:00,2026/10/05,2026/12/10,2026-12,PUT,60000,650,10185,1,31.04,29.22,575,9,470,9,30.33,-85,-13.08,565,10/02 21:29
2026/10/02 22:52,2026-10-02T23:07:11+09:00,2026/10/05,2026/12/10,2026-12,CALL,59750,9495,,,,,,,,,,,,,
2026/10/02 22:52,2026-10-02T23:07:11+09:00,2026/10/05,2026/12/10,2026-12,PUT,59750,620,,,32.48,30.26,625,3,495,11,,,,,
2026/10/02 22:52,2026-10-02T23:07:11+09:00,2026/10/05,2026/12/10,2026-12,CALL,59500,9715,100,,,,,,,,,,,,
2026/10/02 22:52,2026-10-02T23:07:11+09:00,2026/10/05,2026/12/10,2026-12,PUT,59500,595,1250,,32.68,30.39,600,6,470,20,,,,,
2026/10/02 22:52,2026-10-02T23:07:11+09:00,2026/10/05,2026/12/10,2026-12,CALL,59250,9935,,,,,,,,,,,,,
2026/10/02 22:52,2026-10-02T23:07:11+09:00,2026/10/05,2026/12/10,2026-12,PUT,59250,580,81,1,32.95,29.52,580,3,395,3,31.04,-80,-13.79,500,10/02 20:32
2026/10/02 22:52,2026-10-02T23:07:11+09:00,2026/10/05,2026/12/10,2026-12,CALL,59000,10165,1900,,,,,,,,,,,,
2026/10/02 22:52,2026-10-02T23:07:11+09:00,2026/10/05,2026/12/10,2026-12,PUT,59000,550,2541,,32.85,30.69,540,9,425,30,,,,,
2026/10/02 22:52,2026-10-02T23:07:11+09:00,2026/10/05,2026/12/10,2026-12,CALL,58750,10390,,,,,,,,,,,,,
2026/10/02 22:52,2026-10-02T23:07:11+09:00,2026/10/05,2026/12/10,2026-12,PUT,58750,525,2,,33.36,30.75,535,3,400,11,,,,,
2026/10/02 22:52,2026-10-02T23:07:11+09:00,2026/10/05,2026/12/10,2026-12,CALL,58500,10610,350,,,,,,,,,,,,
2026/10/02 22:52,2026-10-02T23:07:11+09:00,2026/10/05,2026/12/10,2026-12,PUT,58500,500,864,,33.59,30.8,515,6,375,20,,,,,
2026/10/02 22:52,2026-10-02T23:07:11+09:00,2026/10/05,2026/12/10,2026-12,CALL,58250,10850,,,,,,,,,,,,,
2026/10/02 22:52,2026-10-02T23:07:11+09:00,2026/10/05,2026/12/10,2026-12,PUT,58250,480,147,,33.8,31.47,495,3,380,11,,,,,
2026/10/02 22:52,2026-10-02T23:07:11+09:00,2026/10/05,2026/12/10,2026-12,CALL,58000,11080,2603,,,,,,,,,,,,
2026/10/02 22:52,2026-10-02T23:07:11+09:00,2026/10/05,2026/12/10,2026-12,PUT,58000,455,2427,,33.81,31.14,465,9,340,30,,,,,
2026/10/02 22:52,2026-10-02T23:07:11+09:00,2026/10/05,2026/12/10,2026-12,CALL,57750,11310,,,,,,,,,,,,,
2026/10/02 22:52,2026-10-02T23:07:11+09:00,2026/10/05,2026/12/10,2026-12,PUT,57750,440,3,,34.29,31.69,460,3,340,11,,,,,
2026/10/02 22:52,2026-10-02T23:07:11+09:00,2026/10/05,2026/12/10,2026-12,CALL,57500,11540,80,,,,,,,,,,,,
2026/10/02 22:52,2026-10-02T23:07:11+09:00,2026/10/05,2026/12/10,2026-12,PUT,57500,420,1137,,34.57,31.77,445,6,320,20,,,,,
2026/10/02 22:52,2026-10-02T23:07:11+09:00,2026/10/05,2026/12/10,2026-12,CALL,57250,11775,113,,,,,,,,,,,,
2026/10/02 22:52,2026-10-02T23:07:11+09:00,2026/10/05,2026/12/10,2026-12,PUT,57250,415,29,,35.05,32.2,440,5,315,15,,,,,
2026/10/02 22:52,2026-10-02T23:07:11+09:00,2026/10/05,2026/12/10,2026-12,CALL,57000,12005,500,,,,,,,,,,,,
2026/10/02 22:52,2026-10-02T23:07:11+09:00,2026/10/05,2026/12/10,2026-12,PUT,57000,390,2585,,34.98,32.12,410,12,290,36,,,,,
2026/10/02 22:52,2026-10-02T23:07:11+09:00,2026/10/05,2026/12/10,2026-12,CALL,56750,12240,,,,,,,,,,,,,
2026/10/02 22:52,2026-10-02T23:07:11+09:00,2026/10/05,2026/12/10,2026-12,PUT,56750,370,13,,35.56,32.12,410,5,270,15,,,,,
2026/10/02 22:52,2026-10-02T23:07:11+09:00,2026/10/05,2026/12/10,2026-12,CALL,56500,12475,283,,,,,,,,,,,,
2026/10/02 22:52,2026-10-02T23:07:11+09:00,2026/10/05,2026/12/10,2026-12,PUT,56500,355,221,,35.68,32.24,390,8,255,24,,,,,
2026/10/02 22:52,2026-10-02T23:07:11+09:00,2026/10/05,2026/12/10,2026-12,CALL,56250,12710,,,,,,,,,,,,,
2026/10/02 22:52,2026-10-02T23:07:11+09:00,2026/10/05,2026/12/10,2026-12,PUT,56250,345,47,,36.02,32.49,380,5,245,15,,,,,
2026/10/02 22:52,2026-10-02T23:07:11+09:00,2026/10/05,2026/12/10,2026-12,CALL,56000,12940,791,,,,,,,,,,,,
2026/10/02 22:52,2026-10-02T23:07:11+09:00,2026/10/05,2026/12/10,2026-12,PUT,56000,330,2645,1,35.99,32.51,355,12,228,12,33.74,-35,-10.45,300,10/02 19:34
2026/10/02 22:52,2026-10-02T23:07:11+09:00,2026/10/05,2026/12/10,2026-12,CALL,55750,13185,,,,,,,,,,,,,
2026/10/02 22:52,2026-10-02T23:07:11+09:00,2026/10/05,2026/12/10,2026-12,PUT,55750,320,24,,36.56,32.79,355,5,220,15,,,,,
2026/10/02 22:52,2026-10-02T23:07:11+09:00,2026/10/05,2026/12/10,2026-12,CALL,55500,13420,300,,,,,,,,,,,,
2026/10/02 22:52,2026-10-02T23:07:11+09:00,2026/10/05,2026/12/10,2026-12,PUT,55500,305,153,,36.88,32.82,345,8,205,24,,,,,
2026/10/02 22:52,2026-10-02T23:07:11+09:00,2026/10/05,2026/12/10,2026-12,CALL,55250,13670,,,,,,,,,,,,,
2026/10/02 22:52,2026-10-02T23:07:11+09:00,2026/10/05,2026/12/10,2026-12,PUT,55250,305,2,,37.18,33.35,335,5,205,15,,,,,
2026/10/02 22:52,2026-10-02T23:07:11+09:00,2026/10/05,2026/12/10,2026-12,CALL,55000,13890,1829,,,,,,,,,,,,
2026/10/02 22:52,2026-10-02T23:07:11+09:00,2026/10/05,2026/12/10,2026-12,PUT,55000,272,5012,,37.08,33.45,310,12,193,12,,,,,
2026/10/02 22:52,2026-10-02T23:07:11+09:00,2026/10/05,2026/12/10,2026-12,CALL,54750,14135,,,,,,,,,,,,,
2026/10/02 22:52,2026-10-02T23:07:11+09:00,2026/10/05,2026/12/10,2026-12,PUT,54750,281,43,,37.78,33.54,315,5,181,15,,,,,
2026/10/02 22:52,2026-10-02T23:07:11+09:00,2026/10/05,2026/12/10,2026-12,CALL,54500,14385,540,,,,,,,,,,,,
2026/10/02 22:52,2026-10-02T23:07:11+09:00,2026/10/05,2026/12/10,2026-12,PUT,54500,272,884,,37.86,33.72,298,8,172,24,,,,,
2026/10/02 22:52,2026-10-02T23:07:11+09:00,2026/10/05,2026/12/10,2026-12,CALL,54250,14615,,,,,,,,,,,,,
2026/10/02 22:52,2026-10-02T23:07:11+09:00,2026/10/05,2026/12/10,2026-12,PUT,54250,305,35,,38.22,35.46,291,5,205,5,,,,,
2026/10/02 22:52,2026-10-02T23:07:11+09:00,2026/10/05,2026/12/10,2026-12,CALL,54000,14855,1941,,,,,,,,,,,,
2026/10/02 22:52,2026-10-02T23:07:11+09:00,2026/10/05,2026/12/10,2026-12,PUT,54000,241,3787,,38.11,34.43,269,12,164,12,,,,,
2026/10/02 22:52,2026-10-02T23:07:11+09:00,2026/10/05,2026/12/10,2026-12,CALL,53750,15095,,,,,,,,,,,,,
2026/10/02 22:52,2026-10-02T23:07:11+09:00,2026/10/05,2026/12/10,2026-12,PUT,53750,233,45,,38.79,34.14,273,5,145,5,,,,,
2026/10/02 22:52,2026-10-02T23:07:11+09:00,2026/10/05,2026/12/10,2026-12,CALL,53500,15330,106,,,,,,,,,,,,
2026/10/02 22:52,2026-10-02T23:07:11+09:00,2026/10/05,2026/12/10,2026-12,PUT,53500,220,317,,39,34.51,262,8,142,8,,,,,
2026/10/02 22:52,2026-10-02T23:07:11+09:00,2026/10/05,2026/12/10,2026-12,CALL,53250,15575,,,,,,,,,,,,,
2026/10/02 22:52,2026-10-02T23:07:11+09:00,2026/10/05,2026/12/10,2026-12,PUT,53250,217,214,,39.36,34.6,256,5,133,5,,,,,
2026/10/02 22:52,2026-10-02T23:07:11+09:00,2026/10/05,2026/12/10,2026-12,CALL,53000,15825,1135,,,,,,,,,,,,
2026/10/02 22:52,2026-10-02T23:07:11+09:00,2026/10/05,2026/12/10,2026-12,PUT,53000,216,2017,,39.27,35.39,237,12,139,12,,,,,
2026/10/02 22:52,2026-10-02T23:07:11+09:00,2026/10/05,2026/12/10,2026-12,CALL,52750,16070,,,,,,,,,,,,,
2026/10/02 22:52,2026-10-02T23:07:11+09:00,2026/10/05,2026/12/10,2026-12,PUT,52750,208,506,,39.96,35.07,241,5,122,5,,,,,
2026/10/02 22:52,2026-10-02T23:07:11+09:00,2026/10/05,2026/12/10,2026-12,CALL,52500,16315,50,,,,,,,,,,,,
2026/10/02 22:52,2026-10-02T23:07:11+09:00,2026/10/05,2026/12/10,2026-12,PUT,52500,205,1444,,40.16,35.47,231,8,120,8,,,,,
2026/10/02 22:52,2026-10-02T23:07:11+09:00,2026/10/05,2026/12/10,2026-12,CALL,52250,16560,250,,,,,,,,,,,,
2026/10/02 22:52,2026-10-02T23:07:11+09:00,2026/10/05,2026/12/10,2026-12,PUT,52250,200,525,,40.57,35.6,227,5,113,5,,,,,
2026/10/02 22:52,2026-10-02T23:07:11+09:00,2026/10/05,2026/12/10,2026-12,CALL,52000,16790,802,,,,,,,,,,,,
2026/10/02 22:52,2026-10-02T23:07:11+09:00,2026/10/05,2026/12/10,2026-12,PUT,52000,183,3334,,39.24,36.58,179,12,122,39,,,,,
2026/10/02 22:52,2026-10-02T23:07:11+09:00,2026/10/05,2026/12/10,2026-12,CALL,51750,17030,,,,,,,,,,,,,
2026/10/02 22:52,2026-10-02T23:07:11+09:00,2026/10/05,2026/12/10,2026-12,PUT,51750,173,13,,41.19,37.14,214,5,123,16,,,,,
2026/10/02 22:52,2026-10-02T23:07:11+09:00,2026/10/05,2026/12/10,2026-12,CALL,51500,17270,,,,,,,,,,,,,
2026/10/02 22:52,2026-10-02T23:07:11+09:00,2026/10/05,2026/12/10,2026-12,PUT,51500,166,271,,41.43,37.27,206,8,116,26,,,,,
2026/10/02 22:52,2026-10-02T23:07:11+09:00,2026/10/05,2026/12/10,2026-12,CALL,51250,17515,,,,,,,,,,,,,
2026/10/02 22:52,2026-10-02T23:07:11+09:00,2026/10/05,2026/12/10,2026-12,PUT,51250,160,51,,41.81,37.44,202,5,110,16,,,,,
2026/10/02 22:52,2026-10-02T23:07:11+09:00,2026/10/05,2026/12/10,2026-12,CALL,51000,17755,731,,,,,,,,,,,,
2026/10/02 22:52,2026-10-02T23:07:11+09:00,2026/10/05,2026/12/10,2026-12,PUT,51000,151,1886,,41.7,37.41,186,12,101,39,,,,,
2026/10/02 22:52,2026-10-02T23:07:11+09:00,2026/10/05,2026/12/10,2026-12,CALL,50750,18005,45,,,,,,,,,,,,
2026/10/02 22:52,2026-10-02T23:07:11+09:00,2026/10/05,2026/12/10,2026-12,PUT,50750,151,55,,42.46,37.91,191,5,101,16,,,,,
2026/10/02 22:52,2026-10-02T23:07:11+09:00,2026/10/05,2026/12/10,2026-12,CALL,50500,18250,600,,,,,,,,,,,,
2026/10/02 22:52,2026-10-02T23:07:11+09:00,2026/10/05,2026/12/10,2026-12,PUT,50500,152,1796,,42.7,38.48,184,8,102,26,,,,,
2026/10/02 22:52,2026-10-02T23:07:11+09:00,2026/10/05,2026/12/10,2026-12,CALL,50250,18495,58,,,,,,,,,,,,
2026/10/02 22:52,2026-10-02T23:07:11+09:00,2026/10/05,2026/12/10,2026-12,PUT,50250,142,18,,43.12,38.33,181,5,92,16,,,,,
2026/10/02 22:52,2026-10-02T23:07:11+09:00,2026/10/05,2026/12/10,2026-12,CALL,50000,18735,5692,,,,,,,,,,,,
2026/10/02 22:52,2026-10-02T23:07:11+09:00,2026/10/05,2026/12/10,2026-12,PUT,50000,146,9179,1,42.14,39.62,149,12,104,12,40.72,-15,-10.27,131,10/02 20:20
2026/10/02 22:52,2026-10-02T23:07:11+09:00,2026/10/05,2026/12/10,2026-12,CALL,49750,18980,,,,,,,,,,,,,
2026/10/02 22:52,2026-10-02T23:07:11+09:00,2026/10/05,2026/12/10,2026-12,PUT,49750,138,78,,43.8,39.06,172,5,88,16,,,,,
2026/10/02 22:52,2026-10-02T23:07:11+09:00,2026/10/05,2026/12/10,2026-12,CALL,49500,19220,260,,,,,,,,,,,,
2026/10/02 22:52,2026-10-02T23:07:11+09:00,2026/10/05,2026/12/10,2026-12,PUT,49500,120,2326,,44.02,38.27,165,8,71,8,,,,,
2026/10/02 22:52,2026-10-02T23:07:11+09:00,2026/10/05,2026/12/10,2026-12,CALL,49250,19470,,,,,,,,,,,,,
2026/10/02 22:52,2026-10-02T23:07:11+09:00,2026/10/05,2026/12/10,2026-12,PUT,49250,120,210,,44.47,38.68,163,5,70,16,,,,,
2026/10/02 22:52,2026-10-02T23:07:11+09:00,2026/10/05,2026/12/10,2026-12,CALL,49000,19715,1000,,,,,,,,,,,,
2026/10/02 22:52,2026-10-02T23:07:11+09:00,2026/10/05,2026/12/10,2026-12,PUT,49000,114,3739,,42.56,39.34,118,12,72,12,,,,,
2026/10/02 22:52,2026-10-02T23:07:11+09:00,2026/10/05,2026/12/10,2026-12,CALL,48750,19960,,,,,,,,,,,,,
2026/10/02 22:52,2026-10-02T23:07:11+09:00,2026/10/05,2026/12/10,2026-12,PUT,48750,111,4,,43.33,39.84,122,16,72,16,,,,,
2026/10/02 22:52,2026-10-02T23:07:11+09:00,2026/10/05,2026/12/10,2026-12,CALL,48500,20205,,,,,,,,,,,,,
2026/10/02 22:52,2026-10-02T23:07:11+09:00,2026/10/05,2026/12/10,2026-12,PUT,48500,105,309,,45.45,39.07,150,8,58,8,,,,,
2026/10/02 22:52,2026-10-02T23:07:11+09:00,2026/10/05,2026/12/10,2026-12,CALL,48250,20450,,,,,,,,,,,,,
2026/10/02 22:52,2026-10-02T23:07:11+09:00,2026/10/05,2026/12/10,2026-12,PUT,48250,104,10,,,,,,,,,,,,
2026/10/02 22:52,2026-10-02T23:07:11+09:00,2026/10/05,2026/12/10,2026-12,CALL,48000,20700,750,,,,,,,,,,,,
2026/10/02 22:52,2026-10-02T23:07:11+09:00,2026/10/05,2026/12/10,2026-12,PUT,48000,101,4326,1,45.77,40.25,136,12,60,12,43.31,,,104,10/02 20:34
2026/10/02 22:52,2026-10-02T23:07:11+09:00,2026/10/05,2026/12/10,2026-12,CALL,47750,20940,,,,,,,,,,,,,
2026/10/02 22:52,2026-10-02T23:07:11+09:00,2026/10/05,2026/12/10,2026-12,PUT,47750,92,5,,,,,,,,,,,,
2026/10/02 22:52,2026-10-02T23:07:11+09:00,2026/10/05,2026/12/10,2026-12,CALL,47500,21185,200,,,,,,,,,,,,
2026/10/02 22:52,2026-10-02T23:07:11+09:00,2026/10/05,2026/12/10,2026-12,PUT,47500,90,1122,,,,,,,,,,,,
2026/10/02 22:52,2026-10-02T23:07:11+09:00,2026/10/05,2026/12/10,2026-12,CALL,47250,21435,,,,,,,,,,,,,
2026/10/02 22:52,2026-10-02T23:07:11+09:00,2026/10/05,2026/12/10,2026-12,PUT,47250,88,,,,,,,,,,,,,
2026/10/02 22:52,2026-10-02T23:07:11+09:00,2026/10/05,2026/12/10,2026-12,CALL,47000,21680,350,,,,,,,,,,,,
2026/10/02 22:52,2026-10-02T23:07:11+09:00,2026/10/05,2026/12/10,2026-12,PUT,47000,85,2828,,,27.75,,,1,21,,,,,
2026/10/02 22:52,2026-10-02T23:07:11+09:00,2026/10/05,2026/12/10,2026-12,CALL,46750,21930,,,,,,,,,,,,,
2026/10/02 22:52,2026-10-02T23:07:11+09:00,2026/10/05,2026/12/10,2026-12,PUT,46750,84,24,,,,,,,,,,,,
2026/10/02 22:52,2026-10-02T23:07:11+09:00,2026/10/05,2026/12/10,2026-12,CALL,46500,22175,,,,,,,,,,,,,
2026/10/02 22:52,2026-10-02T23:07:11+09:00,2026/10/05,2026/12/10,2026-12,PUT,46500,84,119,,,,,,,,,,,,
2026/10/02 22:52,2026-10-02T23:07:11+09:00,2026/10/05,2026/12/10,2026-12,CALL,46250,22425,315,,,,,,,,,,,,
2026/10/02 22:52,2026-10-02T23:07:11+09:00,2026/10/05,2026/12/10,2026-12,PUT,46250,82,71,,,,,,,,,,,,
2026/10/02 22:52,2026-10-02T23:07:11+09:00,2026/10/05,2026/12/10,2026-12,CALL,46000,22670,2300,,,,,,,,,,,,
2026/10/02 22:52,2026-10-02T23:07:11+09:00,2026/10/05,2026/12/10,2026-12,PUT,46000,79,3457,,,29.16,,,1,21,,,,,
2026/10/02 22:52,2026-10-02T23:07:11+09:00,2026/10/05,2026/12/10,2026-12,CALL,45750,22920,,,,,,,,,,,,,
2026/10/02 22:52,2026-10-02T23:07:11+09:00,2026/10/05,2026/12/10,2026-12,PUT,45750,77,,,,,,,,,,,,,
2026/10/02 22:52,2026-10-02T23:07:11+09:00,2026/10/05,2026/12/10,2026-12,CALL,45500,23165,200,,,,,,,,,,,,
2026/10/02 22:52,2026-10-02T23:07:11+09:00,2026/10/05,2026/12/10,2026-12,PUT,45500,76,350,,,,,,,,,,,,
2026/10/02 22:52,2026-10-02T23:07:11+09:00,2026/10/05,2026/12/10,2026-12,CALL,45250,23415,413,,,,,,,,,,,,
2026/10/02 22:52,2026-10-02T23:07:11+09:00,2026/10/05,2026/12/10,2026-12,PUT,45250,75,53,,,,,,,,,,,,
2026/10/02 22:52,2026-10-02T23:07:11+09:00,2026/10/05,2026/12/10,2026-12,CALL,45000,23635,1842,,60.69,,25200,2,,,,,,,
2026/10/02 22:52,2026-10-02T23:07:11+09:00,2026/10/05,2026/12/10,2026-12,PUT,45000,48,2846,,,33.4,,,3,1,,,,,
2026/10/02 22:52,2026-10-02T23:07:11+09:00,2026/10/05,2026/12/10,2026-12,CALL,44750,23885,,,,,,,,,,,,,
2026/10/02 22:52,2026-10-02T23:07:11+09:00,2026/10/05,2026/12/10,2026-12,PUT,44750,46,1,,,,,,,,,,,,
2026/10/02 22:52,2026-10-02T23:07:11+09:00,2026/10/05,2026/12/10,2026-12,CALL,44500,24130,,,,,,,,,,,,,
2026/10/02 22:52,2026-10-02T23:07:11+09:00,2026/10/05,2026/12/10,2026-12,PUT,44500,44,102,,,,,,,,,,,,
2026/10/02 22:52,2026-10-02T23:07:11+09:00,2026/10/05,2026/12/10,2026-12,CALL,44250,24380,,,,,,,,,,,,,
2026/10/02 22:52,2026-10-02T23:07:11+09:00,2026/10/05,2026/12/10,2026-12,PUT,44250,42,,,,,,,,,,,,,
2026/10/02 22:52,2026-10-02T23:07:11+09:00,2026/10/05,2026/12/10,2026-12,CALL,44000,24625,600,,,,,,,,,,,,
2026/10/02 22:52,2026-10-02T23:07:11+09:00,2026/10/05,2026/12/10,2026-12,PUT,44000,55,2803,,,33.83,,,2,1,,,,,
2026/10/02 22:52,2026-10-02T23:07:11+09:00,2026/10/05,2026/12/10,2026-12,CALL,43750,24875,131,,,,,,,,,,,,
2026/10/02 22:52,2026-10-02T23:07:11+09:00,2026/10/05,2026/12/10,2026-12,PUT,43750,38,9,,,,,,,,,,,,
2026/10/02 22:52,2026-10-02T23:07:11+09:00,2026/10/05,2026/12/10,2026-12,CALL,43500,25120,,,,,,,,,,,,,
2026/10/02 22:52,2026-10-02T23:07:11+09:00,2026/10/05,2026/12/10,2026-12,PUT,43500,37,102,,,,,,,,,,,,
2026/10/02 22:52,2026-10-02T23:07:11+09:00,2026/10/05,2026/12/10,2026-12,CALL,43250,25370,4,,,,,,,,,,,,
2026/10/02 22:52,2026-10-02T23:07:11+09:00,2026/10/05,2026/12/10,2026-12,PUT,43250,35,,,,33.19,,,1,1,,,,,
2026/10/02 22:52,2026-10-02T23:07:11+09:00,2026/10/05,2026/12/10,2026-12,CALL,43000,25615,1400,,,,,,,,,,,,
2026/10/02 22:52,2026-10-02T23:07:11+09:00,2026/10/05,2026/12/10,2026-12,PUT,43000,34,2175,,,33.57,,,1,20,,,,,
2026/10/02 22:52,2026-10-02T23:07:11+09:00,2026/10/05,2026/12/10,2026-12,CALL,42750,25865,,,,,,,,,,,,,
2026/10/02 22:52,2026-10-02T23:07:11+09:00,2026/10/05,2026/12/10,2026-12,PUT,42750,32,,,,,,,,,,,,,
2026/10/02 22:52,2026-10-02T23:07:11+09:00,2026/10/05,2026/12/10,2026-12,CALL,42500,26115,260,,,,,,,,,,,,
2026/10/02 22:52,2026-10-02T23:07:11+09:00,2026/10/05,2026/12/10,2026-12,PUT,42500,48,301,,,50.14,,,48,1,,,,,
2026/10/02 22:52,2026-10-02T23:07:11+09:00,2026/10/05,2026/12/10,2026-12,CALL,42250,26360,,,,,,,,,,,,,
2026/10/02 22:52,2026-10-02T23:07:11+09:00,2026/10/05,2026/12/10,2026-12,PUT,42250,29,2,,,,,,,,,,,,
2026/10/02 22:52,2026-10-02T23:07:11+09:00,2026/10/05,2026/12/10,2026-12,CALL,42000,26610,1071,,,,,,,,,,,,
2026/10/02 22:52,2026-10-02T23:07:11+09:00,2026/10/05,2026/12/10,2026-12,PUT,42000,28,3702,,,35.11,,,1,20,,,,,
2026/10/02 22:52,2026-10-02T23:07:11+09:00,2026/10/05,2026/12/10,2026-12,CALL,41750,26855,,,,,,,,,,,,,
2026/10/02 22:52,2026-10-02T23:07:11+09:00,2026/10/05,2026/12/10,2026-12,PUT,41750,27,,,,,,,,,,,,,
2026/10/02 22:52,2026-10-02T23:07:11+09:00,2026/10/05,2026/12/10,2026-12,CALL,41500,27105,100,,,,,,,,,,,,
2026/10/02 22:52,2026-10-02T23:07:11+09:00,2026/10/05,2026/12/10,2026-12,PUT,41500,26,101,,,,,,,,,,,,
2026/10/02 22:52,2026-10-02T23:07:11+09:00,2026/10/05,2026/12/10,2026-12,CALL,41250,27355,,,,,,,,,,,,,
2026/10/02 22:52,2026-10-02T23:07:11+09:00,2026/10/05,2026/12/10,2026-12,PUT,41250,24,3,,,,,,,,,,,,
2026/10/02 22:52,2026-10-02T23:07:11+09:00,2026/10/05,2026/12/10,2026-12,CALL,41000,27600,1300,,,,,,,,,,,,
2026/10/02 22:52,2026-10-02T23:07:11+09:00,2026/10/05,2026/12/10,2026-12,PUT,41000,23,1929,,,36.67,,,1,20,,,,,
2026/10/02 22:52,2026-10-02T23:07:11+09:00,2026/10/05,2026/12/10,2026-12,CALL,40750,27850,,,,,,,,,,,,,
2026/10/02 22:52,2026-10-02T23:07:11+09:00,2026/10/05,2026/12/10,2026-12,PUT,40750,22,1,,,,,,,,,,,,
2026/10/02 22:52,2026-10-02T23:07:11+09:00,2026/10/05,2026/12/10,2026-12,CALL,40500,28100,400,,,,,,,,,,,,
2026/10/02 22:52,2026-10-02T23:07:11+09:00,2026/10/05,2026/12/10,2026-12,PUT,40500,21,1399,,,,,,,,,,,,
2026/10/02 22:52,2026-10-02T23:07:11+09:00,2026/10/05,2026/12/10,2026-12,CALL,40250,28345,,,,,,,,,,,,,
2026/10/02 22:52,2026-10-02T23:07:11+09:00,2026/10/05,2026/12/10,2026-12,PUT,40250,20,5,,,,,,,,,,,,
2026/10/02 22:52,2026-10-02T23:07:11+09:00,2026/10/05,2026/12/10,2026-12,CALL,40000,28595,1200,,,,,,,,,,,,
2026/10/02 22:52,2026-10-02T23:07:11+09:00,2026/10/05,2026/12/10,2026-12,PUT,40000,19,6768,1,56.64,50.87,55,39,23,12,51.88,,,30,10/02 19:42
2026/10/02 22:52,2026-10-02T23:07:11+09:00,2026/10/05,2026/12/10,2026-12,CALL,39750,28845,,,,,,,,,,,,,
2026/10/02 22:52,2026-10-02T23:07:11+09:00,2026/10/05,2026/12/10,2026-12,PUT,39750,18,,,,,,,,,,,,,
2026/10/02 22:52,2026-10-02T23:07:11+09:00,2026/10/05,2026/12/10,2026-12,CALL,39500,29090,500,,,,,,,,,,,,
2026/10/02 22:52,2026-10-02T23:07:11+09:00,2026/10/05,2026/12/10,2026-12,PUT,39500,18,1008,,,39.1,,,1,10,,,,,
2026/10/02 22:52,2026-10-02T23:07:11+09:00,2026/10/05,2026/12/10,2026-12,CALL,39250,29340,,,,,,,,,,,,,
2026/10/02 22:52,2026-10-02T23:07:11+09:00,2026/10/05,2026/12/10,2026-12,PUT,39250,17,650,,,,,,,,,,,,
2026/10/02 22:52,2026-10-02T23:07:11+09:00,2026/10/05,2026/12/10,2026-12,CALL,39000,29590,750,,,,,,,,,,,,
2026/10/02 22:52,2026-10-02T23:07:11+09:00,2026/10/05,2026/12/10,2026-12,PUT,39000,16,2301,,56.59,39.93,40,1,1,20,,,,,
2026/10/02 22:52,2026-10-02T23:07:11+09:00,2026/10/05,2026/12/10,2026-12,CALL,38750,29835,50,,,,,,,,,,,,
2026/10/02 22:52,2026-10-02T23:07:11+09:00,2026/10/05,2026/12/10,2026-12,PUT,38750,15,50,,,40.34,,,1,1,,,,,
2026/10/02 22:52,2026-10-02T23:07:11+09:00,2026/10/05,2026/12/10,2026-12,CALL,38500,30085,700,,,,,,,,,,,,
2026/10/02 22:52,2026-10-02T23:07:11+09:00,2026/10/05,2026/12/10,2026-12,PUT,38500,15,1150,,,,,,,,,,,,
2026/10/02 22:52,2026-10-02T23:07:11+09:00,2026/10/05,2026/12/10,2026-12,CALL,38250,30335,,,,,,,,,,,,,
2026/10/02 22:52,2026-10-02T23:07:11+09:00,2026/10/05,2026/12/10,2026-12,PUT,38250,14,,,,,,,,,,,,,
2026/10/02 22:52,2026-10-02T23:07:11+09:00,2026/10/05,2026/12/10,2026-12,CALL,38000,30585,1225,,,,,,,,,,,,
2026/10/02 22:52,2026-10-02T23:07:11+09:00,2026/10/05,2026/12/10,2026-12,PUT,38000,19,2587,10,56.87,52.65,30,1,15,12,55.13,-10,-28.57,25,10/02 18:39
2026/10/02 22:52,2026-10-02T23:07:11+09:00,2026/10/05,2026/12/10,2026-12,CALL,37750,30830,100,,,,,,,,,,,,
2026/10/02 22:52,2026-10-02T23:07:11+09:00,2026/10/05,2026/12/10,2026-12,PUT,37750,13,100,,,,,,,,,,,,
2026/10/02 22:52,2026-10-02T23:07:11+09:00,2026/10/05,2026/12/10,2026-12,CALL,37500,31080,88,,,,,,,,,,,,
2026/10/02 22:52,2026-10-02T23:07:11+09:00,2026/10/05,2026/12/10,2026-12,PUT,37500,12,188,,,,,,,,,,,,
2026/10/02 22:52,2026-10-02T23:07:11+09:00,2026/10/05,2026/12/10,2026-12,CALL,37250,31330,,,,,,,,,,,,,
2026/10/02 22:52,2026-10-02T23:07:11+09:00,2026/10/05,2026/12/10,2026-12,PUT,37250,11,,,,,,,,,,,,,
2026/10/02 22:52,2026-10-02T23:07:11+09:00,2026/10/05,2026/12/10,2026-12,CALL,37000,31580,450,,,,,,,,,,,,
2026/10/02 22:52,2026-10-02T23:07:11+09:00,2026/10/05,2026/12/10,2026-12,PUT,37000,11,2619,,,43.34,,,1,20,,,,,
2026/10/02 22:52,2026-10-02T23:07:11+09:00,2026/10/05,2026/12/10,2026-12,CALL,36750,31825,,,,,,,,,,,,,
2026/10/02 22:52,2026-10-02T23:07:11+09:00,2026/10/05,2026/12/10,2026-12,PUT,36750,10,400,,,,,,,,,,,,
2026/10/02 22:52,2026-10-02T23:07:11+09:00,2026/10/05,2026/12/10,2026-12,CALL,36500,32075,252,,,,,,,,,,,,
2026/10/02 22:52,2026-10-02T23:07:11+09:00,2026/10/05,2026/12/10,2026-12,PUT,36500,10,225,,,,,,,,,,,,
2026/10/02 22:52,2026-10-02T23:07:11+09:00,2026/10/05,2026/12/10,2026-12,CALL,36250,32325,,,,,,,,,,,,,
2026/10/02 22:52,2026-10-02T23:07:11+09:00,2026/10/05,2026/12/10,2026-12,PUT,36250,9,,,,,,,,,,,,,
2026/10/02 22:52,2026-10-02T23:07:11+09:00,2026/10/05,2026/12/10,2026-12,CALL,36000,32575,975,,,,,,,,,,,,
2026/10/02 22:52,2026-10-02T23:07:11+09:00,2026/10/05,2026/12/10,2026-12,PUT,36000,9,2906,,,45.12,,,1,20,,,,,
2026/10/02 22:52,2026-10-02T23:07:11+09:00,2026/10/05,2026/12/10,2026-12,CALL,35750,32820,,,,,,,,,,,,,
2026/10/02 22:52,2026-10-02T23:07:11+09:00,2026/10/05,2026/12/10,2026-12,PUT,35750,8,,,,,,,,,,,,,
2026/10/02 22:52,2026-10-02T23:07:11+09:00,2026/10/05,2026/12/10,2026-12,CALL,35500,33070,,,,,,,,,,,,,
2026/10/02 22:52,2026-10-02T23:07:11+09:00,2026/10/05,2026/12/10,2026-12,PUT,35500,8,,,,,,,,,,,,,
2026/10/02 22:52,2026-10-02T23:07:11+09:00,2026/10/05,2026/12/10,2026-12,CALL,35250,33320,,,,,,,,,,,,,
2026/10/02 22:52,2026-10-02T23:07:11+09:00,2026/10/05,2026/12/10,2026-12,PUT,35250,7,,,,,,,,,,,,,
2026/10/02 22:52,2026-10-02T23:07:11+09:00,2026/10/05,2026/12/10,2026-12,CALL,35000,33570,435,,,,,,,,,,,,
2026/10/02 22:52,2026-10-02T23:07:11+09:00,2026/10/05,2026/12/10,2026-12,PUT,35000,21,5277,2,62.01,59.23,23,1,15,12,60.91,,,20,10/02 21:39
2026/10/02 22:52,2026-10-02T23:07:11+09:00,2026/10/05,2026/12/10,2026-12,CALL,34750,33820,,,,,,,,,,,,,
2026/10/02 22:52,2026-10-02T23:07:11+09:00,2026/10/05,2026/12/10,2026-12,PUT,34750,7,1,,,,,,,,,,,,
2026/10/02 22:52,2026-10-02T23:07:11+09:00,2026/10/05,2026/12/10,2026-12,CALL,34500,34065,400,,,,,,,,,,,,
2026/10/02 22:52,2026-10-02T23:07:11+09:00,2026/10/05,2026/12/10,2026-12,PUT,34500,6,560,,,56.05,,,7,10,,,,,
2026/10/02 22:52,2026-10-02T23:07:11+09:00,2026/10/05,2026/12/10,2026-12,CALL,34250,34315,,,,,,,,,,,,,
2026/10/02 22:52,2026-10-02T23:07:11+09:00,2026/10/05,2026/12/10,2026-12,PUT,34250,6,2,,,,,,,,,,,,
2026/10/02 22:52,2026-10-02T23:07:11+09:00,2026/10/05,2026/12/10,2026-12,CALL,34000,34565,280,,,,,,,,,,,,
2026/10/02 22:52,2026-10-02T23:07:11+09:00,2026/10/05,2026/12/10,2026-12,PUT,34000,6,2820,,,48.82,,,1,20,,,,,
2026/10/02 22:52,2026-10-02T23:07:11+09:00,2026/10/05,2026/12/10,2026-12,CALL,33750,34815,,,,,,,,,,,,,
2026/10/02 22:52,2026-10-02T23:07:11+09:00,2026/10/05,2026/12/10,2026-12,PUT,33750,5,,,,,,,,,,,,,
2026/10/02 22:52,2026-10-02T23:07:11+09:00,2026/10/05,2026/12/10,2026-12,CALL,33500,35065,,,,,,,,,,,,,
2026/10/02 22:52,2026-10-02T23:07:11+09:00,2026/10/05,2026/12/10,2026-12,PUT,33500,5,72,,,,,,,,,,,,
2026/10/02 22:52,2026-10-02T23:07:11+09:00,2026/10/05,2026/12/10,2026-12,CALL,33250,35310,,,,,,,,,,,,,
2026/10/02 22:52,2026-10-02T23:07:11+09:00,2026/10/05,2026/12/10,2026-12,PUT,33250,5,37,,,,,,,,,,,,
2026/10/02 22:52,2026-10-02T23:07:11+09:00,2026/10/05,2026/12/10,2026-12,CALL,33000,35560,1950,,,,,,,,,,,,
2026/10/02 22:52,2026-10-02T23:07:11+09:00,2026/10/05,2026/12/10,2026-12,PUT,33000,15,3362,,,63.93,,,15,1,,,,,
2026/10/02 22:52,2026-10-02T23:07:11+09:00,2026/10/05,2026/12/10,2026-12,CALL,32750,35810,,,,,,,,,,,,,
2026/10/02 22:52,2026-10-02T23:07:11+09:00,2026/10/05,2026/12/10,2026-12,PUT,32750,4,,,,,,,,,,,,,
2026/10/02 22:52,2026-10-02T23:07:11+09:00,2026/10/05,2026/12/10,2026-12,CALL,32500,36060,250,,,,,,,,,,,,
2026/10/02 22:52,2026-10-02T23:07:11+09:00,2026/10/05,2026/12/10,2026-12,PUT,32500,4,900,,,,,,,,,,,,
2026/10/02 22:52,2026-10-02T23:07:11+09:00,2026/10/05,2026/12/10,2026-12,CALL,32250,36310,,,,,,,,,,,,,
2026/10/02 22:52,2026-10-02T23:07:11+09:00,2026/10/05,2026/12/10,2026-12,PUT,32250,4,600,,,,,,,,,,,,
2026/10/02 22:52,2026-10-02T23:07:11+09:00,2026/10/05,2026/12/10,2026-12,CALL,32000,36560,700,,,,,,,,,,,,
2026/10/02 22:52,2026-10-02T23:07:11+09:00,2026/10/05,2026/12/10,2026-12,PUT,32000,4,4655,,,52.74,,,1,50,,,,,
2026/10/02 22:52,2026-10-02T23:07:11+09:00,2026/10/05,2026/12/10,2026-12,CALL,31750,36805,,,,,,,,,,,,,
2026/10/02 22:52,2026-10-02T23:07:11+09:00,2026/10/05,2026/12/10,2026-12,PUT,31750,3,,,,,,,,,,,,,
2026/10/02 22:52,2026-10-02T23:07:11+09:00,2026/10/05,2026/12/10,2026-12,CALL,31500,37055,50,,,,,,,,,,,,
2026/10/02 22:52,2026-10-02T23:07:11+09:00,2026/10/05,2026/12/10,2026-12,PUT,31500,3,350,,,,,,,,,,,,
2026/10/02 22:52,2026-10-02T23:07:11+09:00,2026/10/05,2026/12/10,2026-12,CALL,31250,37305,,,,,,,,,,,,,
2026/10/02 22:52,2026-10-02T23:07:11+09:00,2026/10/05,2026/12/10,2026-12,PUT,31250,3,,,,,,,,,,,,,
2026/10/02 22:52,2026-10-02T23:07:11+09:00,2026/10/05,2026/12/10,2026-12,CALL,31000,37555,241,,,,,,,,,,,,
2026/10/02 22:52,2026-10-02T23:07:11+09:00,2026/10/05,2026/12/10,2026-12,PUT,31000,3,2037,,,54.79,,,1,20,,,,,
2026/10/02 22:52,2026-10-02T23:07:11+09:00,2026/10/05,2026/12/10,2026-12,CALL,30750,37805,,,,,,,,,,,,,
2026/10/02 22:52,2026-10-02T23:07:11+09:00,2026/10/05,2026/12/10,2026-12,PUT,30750,3,,,,,,,,,,,,,
2026/10/02 22:52,2026-10-02T23:07:11+09:00,2026/10/05,2026/12/10,2026-12,CALL,30500,38055,50,,,,,,,,,,,,
2026/10/02 22:52,2026-10-02T23:07:11+09:00,2026/10/05,2026/12/10,2026-12,PUT,30500,3,51,,99.81,,220,1,,,,,,,
2026/10/02 22:52,2026-10-02T23:07:11+09:00,2026/10/05,2026/12/10,2026-12,CALL,30250,38300,,,,,,,,,,,,,
2026/10/02 22:52,2026-10-02T23:07:11+09:00,2026/10/05,2026/12/10,2026-12,PUT,30250,2,,,,,,,,,,,,,
2026/10/02 22:52,2026-10-02T23:07:11+09:00,2026/10/05,2026/12/10,2026-12,CALL,30000,38550,2553,,,,,,,,,,,,
2026/10/02 22:52,2026-10-02T23:07:11+09:00,2026/10/05,2026/12/10,2026-12,PUT,30000,11,10137,12,72.46,68.73,17,12,10,8,69.14,,,11,10/02 21:31
2026/10/02 22:52,2026-10-02T23:07:11+09:00,2026/10/05,2026/12/10,2026-12,CALL,29750,38800,,,,,,,,,,,,,
2026/10/02 22:52,2026-10-02T23:07:11+09:00,2026/10/05,2026/12/10,2026-12,PUT,29750,2,,,,,,,,,,,,,
2026/10/02 22:52,2026-10-02T23:07:11+09:00,2026/10/05,2026/12/10,2026-12,CALL,29500,39050,,,,,,,,,,,,,
2026/10/02 22:52,2026-10-02T23:07:11+09:00,2026/10/05,2026/12/10,2026-12,PUT,29500,2,,,,,,,,,,,,,
2026/10/02 22:52,2026-10-02T23:07:11+09:00,2026/10/05,2026/12/10,2026-12,CALL,29250,39300,,,,,,,,,,,,,
2026/10/02 22:52,2026-10-02T23:07:11+09:00,2026/10/05,2026/12/10,2026-12,PUT,29250,2,,,,,,,,,,,,,
2026/10/02 22:52,2026-10-02T23:07:11+09:00,2026/10/05,2026/12/10,2026-12,CALL,29000,39550,150,,,,,,,,,,,,
2026/10/02 22:52,2026-10-02T23:07:11+09:00,2026/10/05,2026/12/10,2026-12,PUT,29000,5,1450,,,66.99,,,5,2,,,,,
2026/10/02 22:52,2026-10-02T23:07:11+09:00,2026/10/05,2026/12/10,2026-12,CALL,28750,39795,,,,,,,,,,,,,
2026/10/02 22:52,2026-10-02T23:07:11+09:00,2026/10/05,2026/12/10,2026-12,PUT,28750,2,,,,,,,,,,,,,
2026/10/02 22:52,2026-10-02T23:07:11+09:00,2026/10/05,2026/12/10,2026-12,CALL,28500,40045,125,,,,,,,,,,,,
2026/10/02 22:52,2026-10-02T23:07:11+09:00,2026/10/05,2026/12/10,2026-12,PUT,28500,2,400,,,,,,,,,,,,
2026/10/02 22:52,2026-10-02T23:07:11+09:00,2026/10/05,2026/12/10,2026-12,CALL,28250,40295,,,,,,,,,,,,,
2026/10/02 22:52,2026-10-02T23:07:11+09:00,2026/10/05,2026/12/10,2026-12,PUT,28250,2,,,,,,,,,,,,,
2026/10/02 22:52,2026-10-02T23:07:11+09:00,2026/10/05,2026/12/10,2026-12,CALL,28000,40545,75,,,,,,,,,,,,
2026/10/02 22:52,2026-10-02T23:07:11+09:00,2026/10/05,2026/12/10,2026-12,PUT,28000,5,1334,,,69.54,,,5,4,,,,,
2026/10/02 22:52,2026-10-02T23:07:11+09:00,2026/10/05,2026/12/10,2026-12,CALL,27750,40795,,,,,,,,,,,,,
2026/10/02 22:52,2026-10-02T23:07:11+09:00,2026/10/05,2026/12/10,2026-12,PUT,27750,1,72,,,,,,,,,,,,
2026/10/02 22:52,2026-10-02T23:07:11+09:00,2026/10/05,2026/12/10,2026-12,CALL,27500,41045,,,,,,,,,,,,,
2026/10/02 22:52,2026-10-02T23:07:11+09:00,2026/10/05,2026/12/10,2026-12,PUT,27500,1,25,,,,,,,,,,,,
2026/10/02 22:52,2026-10-02T23:07:11+09:00,2026/10/05,2026/12/10,2026-12,CALL,27250,41295,,,,,,,,,,,,,
2026/10/02 22:52,2026-10-02T23:07:11+09:00,2026/10/05,2026/12/10,2026-12,PUT,27250,1,,,,,,,,,,,,,
2026/10/02 22:52,2026-10-02T23:07:11+09:00,2026/10/05,2026/12/10,2026-12,CALL,27000,41540,250,,,,,,,,,,,,
2026/10/02 22:52,2026-10-02T23:07:11+09:00,2026/10/05,2026/12/10,2026-12,PUT,27000,5,2631,,,72.18,,,5,5,,,,,
2026/10/02 22:52,2026-10-02T23:07:11+09:00,2026/10/05,2026/12/10,2026-12,CALL,26750,41790,,,,,,,,,,,,,
2026/10/02 22:52,2026-10-02T23:07:11+09:00,2026/10/05,2026/12/10,2026-12,PUT,26750,1,,,,,,,,,,,,,
2026/10/02 22:52,2026-10-02T23:07:11+09:00,2026/10/05,2026/12/10,2026-12,CALL,26500,42040,,,,,,,,,,,,,
2026/10/02 22:52,2026-10-02T23:07:11+09:00,2026/10/05,2026/12/10,2026-12,PUT,26500,1,3,,,,,,,,,,,,
2026/10/02 22:52,2026-10-02T23:07:11+09:00,2026/10/05,2026/12/10,2026-12,CALL,26250,42290,,,,,,,,,,,,,
2026/10/02 22:52,2026-10-02T23:07:11+09:00,2026/10/05,2026/12/10,2026-12,PUT,26250,1,,,,,,,,,,,,,
2026/10/02 22:52,2026-10-02T23:07:11+09:00,2026/10/05,2026/12/10,2026-12,CALL,26000,42540,350,,,,,,,,,,,,
2026/10/02 22:52,2026-10-02T23:07:11+09:00,2026/10/05,2026/12/10,2026-12,PUT,26000,1,1425,,94.85,66.15,50,1,1,20,,,,,
2026/10/02 22:52,2026-10-02T23:07:11+09:00,2026/10/05,2026/12/10,2026-12,CALL,25750,42790,,,,,,,,,,,,,
2026/10/02 22:52,2026-10-02T23:07:11+09:00,2026/10/05,2026/12/10,2026-12,PUT,25750,1,,,,,,,,,,,,,
2026/10/02 22:52,2026-10-02T23:07:11+09:00,2026/10/05,2026/12/10,2026-12,CALL,25500,43040,,,,,,,,,,,,,
2026/10/02 22:52,2026-10-02T23:07:11+09:00,2026/10/05,2026/12/10,2026-12,PUT,25500,1,2,,,,,,,,,,,,
2026/10/02 22:52,2026-10-02T23:07:11+09:00,2026/10/05,2026/12/10,2026-12,CALL,25250,43285,,,,,,,,,,,,,
2026/10/02 22:52,2026-10-02T23:07:11+09:00,2026/10/05,2026/12/10,2026-12,PUT,25250,1,1,,,,,,,,,,,,
2026/10/02 22:52,2026-10-02T23:07:11+09:00,2026/10/05,2026/12/10,2026-12,CALL,25000,43535,300,,,,,,,,,,,,
2026/10/02 22:52,2026-10-02T23:07:11+09:00,2026/10/05,2026/12/10,2026-12,PUT,25000,5,2019,,85.5,77.76,14,1,5,1,,,,,
2026/10/02 22:52,2026-10-02T23:07:11+09:00,2026/10/05,2026/12/10,2026-12,CALL,24750,43785,,,,,,,,,,,,,
2026/10/02 22:52,2026-10-02T23:07:11+09:00,2026/10/05,2026/12/10,2026-12,PUT,24750,1,1,,,,,,,,,,,,
2026/10/02 22:52,2026-10-02T23:07:11+09:00,2026/10/05,2026/12/10,2026-12,CALL,24500,44035,,,,,,,,,,,,,
2026/10/02 22:52,2026-10-02T23:07:11+09:00,2026/10/05,2026/12/10,2026-12,PUT,24500,1,250,,,,,,,,,,,,
2026/10/02 22:52,2026-10-02T23:07:11+09:00,2026/10/05,2026/12/10,2026-12,CALL,24250,44285,,,,,,,,,,,,,
2026/10/02 22:52,2026-10-02T23:07:11+09:00,2026/10/05,2026/12/10,2026-12,PUT,24250,1,,,,,,,,,,,,,
2026/10/02 22:52,2026-10-02T23:07:11+09:00,2026/10/05,2026/12/10,2026-12,CALL,24000,44535,,,,,,,,,,,,,
2026/10/02 22:52,2026-10-02T23:07:11+09:00,2026/10/05,2026/12/10,2026-12,PUT,24000,1,405,,99.39,71.33,40,1,1,30,,,,,
2026/10/02 22:52,2026-10-02T23:07:11+09:00,2026/10/05,2026/12/10,2026-12,CALL,23750,44785,,,,,,,,,,,,,
2026/10/02 22:52,2026-10-02T23:07:11+09:00,2026/10/05,2026/12/10,2026-12,PUT,23750,1,,,,,,,,,,,,,
2026/10/02 22:52,2026-10-02T23:07:11+09:00,2026/10/05,2026/12/10,2026-12,CALL,23500,45030,,,,,,,,,,,,,
2026/10/02 22:52,2026-10-02T23:07:11+09:00,2026/10/05,2026/12/10,2026-12,PUT,23500,1,127,,,,,,,,,,,,
2026/10/02 22:52,2026-10-02T23:07:11+09:00,2026/10/05,2026/12/10,2026-12,CALL,23250,45280,,,,,,,,,,,,,
2026/10/02 22:52,2026-10-02T23:07:11+09:00,2026/10/05,2026/12/10,2026-12,PUT,23250,1,1,,,,,,,,,,,,
2026/10/02 22:52,2026-10-02T23:07:11+09:00,2026/10/05,2026/12/10,2026-12,CALL,23000,45530,,,,,,,,,,,,,
2026/10/02 22:52,2026-10-02T23:07:11+09:00,2026/10/05,2026/12/10,2026-12,PUT,23000,2,2106,,,77.89,,,2,1,,,,,
2026/10/02 22:52,2026-10-02T23:07:11+09:00,2026/10/05,2026/12/10,2026-12,CALL,22750,45780,,,,,,,,,,,,,
2026/10/02 22:52,2026-10-02T23:07:11+09:00,2026/10/05,2026/12/10,2026-12,PUT,22750,1,,,,,,,,,,,,,
2026/10/02 22:52,2026-10-02T23:07:11+09:00,2026/10/05,2026/12/10,2026-12,CALL,22500,46030,,,,,,,,,,,,,
2026/10/02 22:52,2026-10-02T23:07:11+09:00,2026/10/05,2026/12/10,2026-12,PUT,22500,1,150,,,,,,,,,,,,
2026/10/02 22:52,2026-10-02T23:07:11+09:00,2026/10/05,2026/12/10,2026-12,CALL,22250,46280,,,,,,,,,,,,,
2026/10/02 22:52,2026-10-02T23:07:11+09:00,2026/10/05,2026/12/10,2026-12,PUT,22250,1,,,,,,,,,,,,,
2026/10/02 22:52,2026-10-02T23:07:11+09:00,2026/10/05,2026/12/10,2026-12,CALL,22000,46530,100,,,,,,,,,,,,
2026/10/02 22:52,2026-10-02T23:07:11+09:00,2026/10/05,2026/12/10,2026-12,PUT,22000,3,1716,,92.62,83.49,10,5,3,1,,,,,
2026/10/02 22:52,2026-10-02T23:07:11+09:00,2026/10/05,2026/12/10,2026-12,CALL,21750,46775,,,,,,,,,,,,,
2026/10/02 22:52,2026-10-02T23:07:11+09:00,2026/10/05,2026/12/10,2026-12,PUT,21750,1,,,,,,,,,,,,,
2026/10/02 22:52,2026-10-02T23:07:11+09:00,2026/10/05,2026/12/10,2026-12,CALL,21500,47025,,,,,,,,,,,,,
2026/10/02 22:52,2026-10-02T23:07:11+09:00,2026/10/05,2026/12/10,2026-12,PUT,21500,1,500,,,,,,,,,,,,
2026/10/02 22:52,2026-10-02T23:07:11+09:00,2026/10/05,2026/12/10,2026-12,CALL,21250,47275,,,,,,,,,,,,,
2026/10/02 22:52,2026-10-02T23:07:11+09:00,2026/10/05,2026/12/10,2026-12,PUT,21250,1,,,,,,,,,,,,,
2026/10/02 22:52,2026-10-02T23:07:11+09:00,2026/10/05,2026/12/10,2026-12,CALL,21000,47525,,,,,,,,,,,,,
2026/10/02 22:52,2026-10-02T23:07:11+09:00,2026/10/05,2026/12/10,2026-12,PUT,21000,1,350,,,,,,,,,,,,
2026/10/02 22:52,2026-10-02T23:07:11+09:00,2026/10/05,2026/12/10,2026-12,CALL,20750,47775,,,,,,,,,,,,,
2026/10/02 22:52,2026-10-02T23:07:11+09:00,2026/10/05,2026/12/10,2026-12,PUT,20750,1,,,,,,,,,,,,,
2026/10/02 22:52,2026-10-02T23:07:11+09:00,2026/10/05,2026/12/10,2026-12,CALL,20500,48025,,,,,,,,,,,,,
2026/10/02 22:52,2026-10-02T23:07:11+09:00,2026/10/05,2026/12/10,2026-12,PUT,20500,1,,,,,,,,,,,,,
2026/10/02 22:52,2026-10-02T23:07:11+09:00,2026/10/05,2026/12/10,2026-12,CALL,20250,48275,,,,,,,,,,,,,
2026/10/02 22:52,2026-10-02T23:07:11+09:00,2026/10/05,2026/12/10,2026-12,PUT,20250,1,3,,,,,,,,,,,,
2026/10/02 22:52,2026-10-02T23:07:11+09:00,2026/10/05,2026/12/10,2026-12,CALL,20000,48520,150,,,,,,,,,,,,
2026/10/02 22:52,2026-10-02T23:07:11+09:00,2026/10/05,2026/12/10,2026-12,PUT,20000,3,2683,44,92.28,87.39,4,25,2,28,89.87,-1,-25,3,10/02 20:25
2026/10/02 22:52,2026-10-02T23:07:11+09:00,2026/10/05,2026/12/10,2026-12,CALL,19750,48770,,,,,,,,,,,,,
2026/10/02 22:52,2026-10-02T23:07:11+09:00,2026/10/05,2026/12/10,2026-12,PUT,19750,1,,,,,,,,,,,,,
2026/10/02 22:52,2026-10-02T23:07:11+09:00,2026/10/05,2026/12/10,2026-12,CALL,19500,49020,,,,,,,,,,,,,
2026/10/02 22:52,2026-10-02T23:07:11+09:00,2026/10/05,2026/12/10,2026-12,PUT,19500,1,,,,,,,,,,,,,
2026/10/02 22:52,2026-10-02T23:07:11+09:00,2026/10/05,2026/12/10,2026-12,CALL,19250,49270,,,,,,,,,,,,,
2026/10/02 22:52,2026-10-02T23:07:11+09:00,2026/10/05,2026/12/10,2026-12,PUT,19250,1,,,,,,,,,,,,,
2026/10/02 22:52,2026-10-02T23:07:11+09:00,2026/10/05,2026/12/10,2026-12,CALL,19000,49520,,,,,,,,,,,,,
2026/10/02 22:52,2026-10-02T23:07:11+09:00,2026/10/05,2026/12/10,2026-12,PUT,19000,1,670,,,86.46,,,1,1,,,,,
2026/10/02 22:52,2026-10-02T23:07:11+09:00,2026/10/05,2026/12/10,2026-12,CALL,18750,49770,,,,,,,,,,,,,
2026/10/02 22:52,2026-10-02T23:07:11+09:00,2026/10/05,2026/12/10,2026-12,PUT,18750,1,,,,,,,,,,,,,
2026/10/02 22:52,2026-10-02T23:07:11+09:00,2026/10/05,2026/12/10,2026-12,CALL,18500,50020,,,,,,,,,,,,,
2026/10/02 22:52,2026-10-02T23:07:11+09:00,2026/10/05,2026/12/10,2026-12,PUT,18500,1,,,,,,,,,,,,,
2026/10/02 22:52,2026-10-02T23:07:11+09:00,2026/10/05,2026/12/10,2026-12,CALL,18250,50270,,,,,,,,,,,,,
2026/10/02 22:52,2026-10-02T23:07:11+09:00,2026/10/05,2026/12/10,2026-12,PUT,18250,1,,,,,,,,,,,,,
2026/10/02 22:52,2026-10-02T23:07:11+09:00,2026/10/05,2026/12/10,2026-12,CALL,18000,50515,,,,,,,,,,,,,
2026/10/02 22:52,2026-10-02T23:07:11+09:00,2026/10/05,2026/12/10,2026-12,PUT,18000,1,154,,164.5,,280,1,,,,,,,
2026/10/02 22:52,2026-10-02T23:07:11+09:00,2026/10/05,2026/12/10,2026-12,CALL,17750,50765,,,,,,,,,,,,,
2026/10/02 22:52,2026-10-02T23:07:11+09:00,2026/10/05,2026/12/10,2026-12,PUT,17750,1,,,,,,,,,,,,,
2026/10/02 22:52,2026-10-02T23:07:11+09:00,2026/10/05,2026/12/10,2026-12,CALL,17500,51015,,,,,,,,,,,,,
2026/10/02 22:52,2026-10-02T23:07:11+09:00,2026/10/05,2026/12/10,2026-12,PUT,17500,1,,,,,,,,,,,,,
2026/10/02 22:52,2026-10-02T23:07:11+09:00,2026/10/05,2026/12/10,2026-12,CALL,17250,51265,,,,,,,,,,,,,
2026/10/02 22:52,2026-10-02T23:07:11+09:00,2026/10/05,2026/12/10,2026-12,PUT,17250,1,,,,,,,,,,,,,
2026/10/02 22:52,2026-10-02T23:07:11+09:00,2026/10/05,2026/12/10,2026-12,CALL,17000,51515,,,,,,,,,,,,,
2026/10/02 22:52,2026-10-02T23:07:11+09:00,2026/10/05,2026/12/10,2026-12,PUT,17000,1,3,,,,,,,,,,,,
2026/10/02 22:52,2026-10-02T23:07:11+09:00,2026/10/05,2026/12/10,2026-12,CALL,16750,51765,,,,,,,,,,,,,
2026/10/02 22:52,2026-10-02T23:07:11+09:00,2026/10/05,2026/12/10,2026-12,PUT,16750,1,,,,,,,,,,,,,
2026/10/02 22:52,2026-10-02T23:07:11+09:00,2026/10/05,2026/12/10,2026-12,CALL,16500,52015,,,,,,,,,,,,,
2026/10/02 22:52,2026-10-02T23:07:11+09:00,2026/10/05,2026/12/10,2026-12,PUT,16500,1,,,,,,,,,,,,,
2026/10/02 22:52,2026-10-02T23:07:11+09:00,2026/10/05,2026/12/10,2026-12,CALL,16250,52260,,,,,,,,,,,,,
2026/10/02 22:52,2026-10-02T23:07:11+09:00,2026/10/05,2026/12/10,2026-12,PUT,16250,1,,,,,,,,,,,,,
2026/10/02 22:52,2026-10-02T23:07:11+09:00,2026/10/05,2026/12/10,2026-12,CALL,16000,52510,,,,,,,,,,,,,
2026/10/02 22:52,2026-10-02T23:07:11+09:00,2026/10/05,2026/12/10,2026-12,PUT,16000,1,3,,,97.64,,,1,1,,,,,
2026/10/02 22:52,2026-10-02T23:07:11+09:00,2026/10/05,2026/12/10,2026-12,CALL,15750,52760,,,,,,,,,,,,,
2026/10/02 22:52,2026-10-02T23:07:11+09:00,2026/10/05,2026/12/10,2026-12,PUT,15750,1,,,,,,,,,,,,,
2026/10/02 22:52,2026-10-02T23:07:11+09:00,2026/10/05,2026/12/10,2026-12,CALL,15500,53010,,,,,,,,,,,,,
2026/10/02 22:52,2026-10-02T23:07:11+09:00,2026/10/05,2026/12/10,2026-12,PUT,15500,1,,,,,,,,,,,,,
2026/10/02 22:52,2026-10-02T23:07:11+09:00,2026/10/05,2026/12/10,2026-12,CALL,15250,53260,,,,,,,,,,,,,
2026/10/02 22:52,2026-10-02T23:07:11+09:00,2026/10/05,2026/12/10,2026-12,PUT,15250,1,,,,,,,,,,,,,
2026/10/02 22:52,2026-10-02T23:07:11+09:00,2026/10/05,2026/12/10,2026-12,CALL,15000,53510,,,,,,,,,,,,,
2026/10/02 22:52,2026-10-02T23:07:11+09:00,2026/10/05,2026/12/10,2026-12,PUT,15000,1,6,,,101.85,,,1,32,,,,,
2026/10/02 22:52,2026-10-02T23:07:11+09:00,2026/10/05,2026/12/10,2026-12,CALL,14750,53760,,,,,,,,,,,,,
2026/10/02 22:52,2026-10-02T23:07:11+09:00,2026/10/05,2026/12/10,2026-12,PUT,14750,1,1,,,,,,,,,,,,
2026/10/02 22:52,2026-10-02T23:07:11+09:00,2026/10/05,2026/12/10,2026-12,CALL,14500,54010,,,,,,,,,,,,,
2026/10/02 22:52,2026-10-02T23:07:11+09:00,2026/10/05,2026/12/10,2026-12,PUT,14500,1,1,,,,,,,,,,,,
2026/10/02 22:52,2026-10-02T23:07:11+09:00,2026/10/05,2026/12/10,2026-12,CALL,14250,54255,,,,,,,,,,,,,
2026/10/02 22:52,2026-10-02T23:07:11+09:00,2026/10/05,2026/12/10,2026-12,PUT,14250,1,,,,,,,,,,,,,
2026/10/02 22:52,2026-10-02T23:07:11+09:00,2026/10/05,2026/12/10,2026-12,CALL,14000,54505,,,,,,,,,,,,,
2026/10/02 22:52,2026-10-02T23:07:11+09:00,2026/10/05,2026/12/10,2026-12,PUT,14000,1,12,,120.19,,5,1,,,,,,,
2026/10/02 22:52,2026-10-02T23:07:11+09:00,2026/10/05,2026/12/10,2026-12,CALL,13750,54755,,,,,,,,,,,,,
2026/10/02 22:52,2026-10-02T23:07:11+09:00,2026/10/05,2026/12/10,2026-12,PUT,13750,1,,,,,,,,,,,,,
2026/10/02 22:52,2026-10-02T23:07:11+09:00,2026/10/05,2026/12/10,2026-12,CALL,13500,55005,,,,,,,,,,,,,
2026/10/02 22:52,2026-10-02T23:07:11+09:00,2026/10/05,2026/12/10,2026-12,PUT,13500,1,101,,117.88,,3,1,,,,,,,
2026/10/02 22:52,2026-10-02T23:07:11+09:00,2026/10/05,2026/12/10,2026-12,CALL,13250,55255,,,,,,,,,,,,,
2026/10/02 22:52,2026-10-02T23:07:11+09:00,2026/10/05,2026/12/10,2026-12,PUT,13250,1,,,119.21,109.97,3,1,1,5,,,,,
2026/10/02 22:52,2026-10-02T23:07:11+09:00,2026/10/05,2026/12/10,2026-12,CALL,13000,55505,,,,,,,,,,,,,
2026/10/02 22:52,2026-10-02T23:07:11+09:00,2026/10/05,2026/12/10,2026-12,PUT,13000,1,33,,120.57,111.22,3,1,1,35,,,,,
2026/10/02 22:52,2026-10-02T23:07:11+09:00,2026/10/05,2026/12/10,2026-12,CALL,12750,55755,,,,,,,,,,,,,
2026/10/02 22:52,2026-10-02T23:07:11+09:00,2026/10/05,2026/12/10,2026-12,PUT,12750,1,2,,118.22,,2,1,,,,,,,
2026/10/02 22:52,2026-10-02T23:07:11+09:00,2026/10/05,2026/12/10,2026-12,CALL,12500,56000,84,,,,,,,,,,,,
2026/10/02 22:52,2026-10-02T23:07:11+09:00,2026/10/05,2026/12/10,2026-12,PUT,12500,1,2063,7,119.59,,2,329,,,113.67,0,0,1,10/02 21:39
2026/10/03 04:02,2026-10-03T04:17:12+09:00,2026/10/05,2026/10/08,2026-10,CALL,81000,1,635,1,35.4,,1,11,,,34.41,,,1,10/02 23:07
2026/10/03 04:02,2026-10-03T04:17:12+09:00,2026/10/05,2026/10/08,2026-10,PUT,81000,12515,,,,,,,,,,,,,
2026/10/03 04:02,2026-10-03T04:17:12+09:00,2026/10/05,2026/10/08,2026-10,CALL,80500,1,49,,34.08,,1,1,,,,,,,
2026/10/03 04:02,2026-10-03T04:17:12+09:00,2026/10/05,2026/10/08,2026-10,PUT,80500,12015,,,,,,,,,,,,,
2026/10/03 04:02,2026-10-03T04:17:12+09:00,2026/10/05,2026/10/08,2026-10,CALL,80000,1,1876,2,32.75,,1,115,,,31.75,0,0,1,10/02 23:07
2026/10/03 04:02,2026-10-03T04:17:12+09:00,2026/10/05,2026/10/08,2026-10,PUT,80000,11515,,,,,,,,,,,,,
2026/10/03 04:02,2026-10-03T04:17:12+09:00,2026/10/05,2026/10/08,2026-10,CALL,79500,1,48,,39.48,,10,10,,,,,,,
2026/10/03 04:02,2026-10-03T04:17:12+09:00,2026/10/05,2026/10/08,2026-10,PUT,79500,11015,,,,,,,,,,,,,
2026/10/03 04:02,2026-10-03T04:17:12+09:00,2026/10/05,2026/10/08,2026-10,CALL,79000,1,170,9,31.94,,2,9,,,28.93,0,0,1,10/02 23:40
2026/10/03 04:02,2026-10-03T04:17:12+09:00,2026/10/05,2026/10/08,2026-10,PUT,79000,10515,1,,,,,,,,,,,,
2026/10/03 04:02,2026-10-03T04:17:12+09:00,2026/10/05,2026/10/08,2026-10,CALL,78500,1,453,19,30.49,,2,3,,,27.49,0,0,1,10/02 23:28
2026/10/03 04:02,2026-10-03T04:17:12+09:00,2026/10/05,2026/10/08,2026-10,PUT,78500,10015,,,,,,,,,,,,,
2026/10/03 04:02,2026-10-03T04:17:12+09:00,2026/10/05,2026/10/08,2026-10,CALL,78000,1,793,42,27.28,,1,3,,,27.44,0,0,1,10/03 00:11
2026/10/03 04:02,2026-10-03T04:17:12+09:00,2026/10/05,2026/10/08,2026-10,PUT,78000,9515,,,,,,,,,,,,,
2026/10/03 04:02,2026-10-03T04:17:12+09:00,2026/10/05,2026/10/08,2026-10,CALL,77500,1,152,9,27.55,,2,6,,,25.22,0,0,1,10/03 00:01
2026/10/03 04:02,2026-10-03T04:17:12+09:00,2026/10/05,2026/10/08,2026-10,PUT,77500,9015,,,,,,,,,,,,,
2026/10/03 04:02,2026-10-03T04:17:12+09:00,2026/10/05,2026/10/08,2026-10,CALL,77000,1,1270,106,26.05,24.45,2,8,1,10,24.49,0,0,1,10/03 03:21
2026/10/03 04:02,2026-10-03T04:17:12+09:00,2026/10/05,2026/10/08,2026-10,PUT,77000,8515,,,,,,,,,,,,,
2026/10/03 04:02,2026-10-03T04:17:12+09:00,2026/10/05,2026/10/08,2026-10,CALL,76500,2,89,4,26.35,23.02,4,2,1,26,24.33,2,200,3,10/02 23:04
2026/10/03 04:02,2026-10-03T04:17:12+09:00,2026/10/05,2026/10/08,2026-10,PUT,76500,8020,,,,,,,,,,,,,
2026/10/03 04:02,2026-10-03T04:17:12+09:00,2026/10/05,2026/10/08,2026-10,CALL,76250,2,254,3,26.18,22.29,5,1,1,24,23.08,0,0,2,10/03 00:01
2026/10/03 04:02,2026-10-03T04:17:12+09:00,2026/10/05,2026/10/08,2026-10,PUT,76250,7770,,,,,,,,,,,,,
2026/10/03 04:02,2026-10-03T04:17:12+09:00,2026/10/05,2026/10/08,2026-10,CALL,76000,2,1083,115,23.97,23,3,20,2,2,23.35,0,0,2,10/03 00:38
2026/10/03 04:02,2026-10-03T04:17:12+09:00,2026/10/05,2026/10/08,2026-10,PUT,76000,7520,,,,,,,,,,,,,
2026/10/03 04:02,2026-10-03T04:17:12+09:00,2026/10/05,2026/10/08,2026-10,CALL,75750,3,132,2,23.9,22.23,4,2,2,20,25.04,,,7,10/02 22:44
2026/10/03 04:02,2026-10-03T04:17:12+09:00,2026/10/05,2026/10/08,2026-10,PUT,75750,7270,,,,,,,,,,,,,
2026/10/03 04:02,2026-10-03T04:17:12+09:00,2026/10/05,2026/10/08,2026-10,CALL,75500,3,203,63,24.63,22.36,7,1,3,3,23.05,1,33.33,4,10/03 04:00
2026/10/03 04:02,2026-10-03T04:17:12+09:00,2026/10/05,2026/10/08,2026-10,PUT,75500,7020,,,,,,,3,10,,,,,
2026/10/03 04:02,2026-10-03T04:17:12+09:00,2026/10/05,2026/10/08,2026-10,CALL,75250,3,178,29,22.81,20.67,5,20,2,20,21.53,0,0,3,10/03 00:08
2026/10/03 04:02,2026-10-03T04:17:12+09:00,2026/10/05,2026/10/08,2026-10,PUT,75250,6770,,,,,,,3,10,,,,,
2026/10/03 04:02,2026-10-03T04:17:12+09:00,2026/10/05,2026/10/08,2026-10,CALL,75000,4,2719,777,22.44,21.4,6,20,4,5,21.94,1,25,5,10/03 04:00
2026/10/03 04:02,2026-10-03T04:17:12+09:00,2026/10/05,2026/10/08,2026-10,PUT,75000,6520,,,55.22,,5880,8,5095,8,,,,,
2026/10/03 04:02,2026-10-03T04:17:12+09:00,2026/10/05,2026/10/08,2026-10,CALL,74750,6,134,3,24.36,19.91,15,15,3,36,25.06,8,160,13,10/02 21:19
2026/10/03 04:02,2026-10-03T04:17:12+09:00,2026/10/05,2026/10/08,2026-10,PUT,74750,6275,,,48.85,,5515,4,4740,4,,,,,
2026/10/03 04:02,2026-10-03T04:17:12+09:00,2026/10/05,2026/10/08,2026-10,CALL,74500,15,605,65,23.38,21.07,15,1,7,2,22,-5,-33.33,10,10/03 03:43
2026/10/03 04:02,2026-10-03T04:17:12+09:00,2026/10/05,2026/10/08,2026-10,PUT,74500,6025,,,53.41,,5415,4,4430,4,,,,,
2026/10/03 04:02,2026-10-03T04:17:12+09:00,2026/10/05,2026/10/08,2026-10,CALL,74250,9,242,6,23.22,19.34,19,3,5,12,24.03,10,76.92,23,10/02 21:39
2026/10/03 04:02,2026-10-03T04:17:12+09:00,2026/10/05,2026/10/08,2026-10,PUT,74250,5775,,,51.77,,5165,4,4185,4,,,,,
2026/10/03 04:02,2026-10-03T04:17:12+09:00,2026/10/05,2026/10/08,2026-10,CALL,74000,10,1295,344,22.89,20.72,23,1,12,21,22.4,10,100,20,10/03 03:57
2026/10/03 04:02,2026-10-03T04:17:12+09:00,2026/10/05,2026/10/08,2026-10,PUT,74000,5530,,,50.11,,4915,8,3955,8,,,,,
2026/10/03 04:02,2026-10-03T04:17:12+09:00,2026/10/05,2026/10/08,2026-10,CALL,73750,14,236,13,23.25,20.8,33,1,17,13,22.63,19,190,29,10/03 03:43
2026/10/03 04:02,2026-10-03T04:17:12+09:00,2026/10/05,2026/10/08,2026-10,PUT,73750,5280,,,48.61,,4670,4,3835,4,,,,,
2026/10/03 04:02,2026-10-03T04:17:12+09:00,2026/10/05,2026/10/08,2026-10,CALL,73500,10,307,114,23.59,20.3,46,3,20,4,23.32,30,300,40,10/03 03:27
2026/10/03 04:02,2026-10-03T04:17:12+09:00,2026/10/05,2026/10/08,2026-10,PUT,73500,5035,,,47.08,,4425,4,3720,4,,,,,
2026/10/03 04:02,2026-10-03T04:17:12+09:00,2026/10/05,2026/10/08,2026-10,CALL,73250,21,105,17,24.43,21.9,69,4,41,5,23.68,51,268.42,70,10/02 23:54
2026/10/03 04:02,2026-10-03T04:17:12+09:00,2026/10/05,2026/10/08,2026-10,PUT,73250,4790,,,45.69,,4185,4,3435,4,,,,,
2026/10/03 04:02,2026-10-03T04:17:12+09:00,2026/10/05,2026/10/08,2026-10,CALL,73000,27,2706,547,23.98,22.29,80,4,58,4,23.14,42,155.56,69,10/03 04:00
2026/10/03 04:02,2026-10-03T04:17:12+09:00,2026/10/05,2026/10/08,2026-10,PUT,73000,4545,,,43.74,,3930,8,3190,8,,,,,
2026/10/03 04:02,2026-10-03T04:17:12+09:00,2026/10/05,2026/10/08,2026-10,CALL,72750,32,46,12,23.97,22.25,100,1,74,1,25.01,88,275,120,10/02 22:24
2026/10/03 04:02,2026-10-03T04:17:12+09:00,2026/10/05,2026/10/08,2026-10,PUT,72750,4305,,,42.44,,3695,4,2855,4,,,,,
2026/10/03 04:02,2026-10-03T04:17:12+09:00,2026/10/05,2026/10/08,2026-10,CALL,72500,42,452,125,24.33,22.71,131,4,102,4,25.47,122,348.57,157,10/03 01:01
2026/10/03 04:02,2026-10-03T04:17:12+09:00,2026/10/05,2026/10/08,2026-10,PUT,72500,4060,1,,40.59,,3445,4,2775,4,,,,,
2026/10/03 04:02,2026-10-03T04:17:12+09:00,2026/10/05,2026/10/08,2026-10,CALL,72250,50,112,24,24.15,22.71,157,4,128,4,23.35,92,184,142,10/03 03:37
2026/10/03 04:02,2026-10-03T04:17:12+09:00,2026/10/05,2026/10/08,2026-10,PUT,72250,3825,,,39.35,,3215,4,2535,4,,,,,
2026/10/03 04:02,2026-10-03T04:17:12+09:00,2026/10/05,2026/10/08,2026-10,CALL,72125,64,4,3,24.16,22.81,174,2,145,2,24.92,142,267.92,195,10/02 22:17
2026/10/03 04:02,2026-10-03T04:17:12+09:00,2026/10/05,2026/10/08,2026-10,PUT,72125,3705,,,38.54,,3095,2,2335,2,,,,,
2026/10/03 04:02,2026-10-03T04:17:12+09:00,2026/10/05,2026/10/08,2026-10,CALL,72000,70,3612,417,23.85,22.83,185,5,162,4,23,98,140,168,10/03 03:49
2026/10/03 04:02,2026-10-03T04:17:12+09:00,2026/10/05,2026/10/08,2026-10,PUT,72000,3585,1,,37.72,,2975,8,2180,8,,,,,
2026/10/03 04:02,2026-10-03T04:17:12+09:00,2026/10/05,2026/10/08,2026-10,CALL,71875,81,4,1,24.25,22.87,214,2,181,2,23.62,177,213.25,260,10/02 23:14
2026/10/03 04:02,2026-10-03T04:17:12+09:00,2026/10/05,2026/10/08,2026-10,PUT,71875,3475,,,37.04,,2860,2,2140,2,,,,,
2026/10/03 04:02,2026-10-03T04:17:12+09:00,2026/10/05,2026/10/08,2026-10,CALL,71750,83,37,17,23.64,22.96,220,1,203,4,23.45,140,186.67,215,10/03 00:59
2026/10/03 04:02,2026-10-03T04:17:12+09:00,2026/10/05,2026/10/08,2026-10,PUT,71750,3355,,,36.34,,2745,4,2050,4,,,,,
2026/10/03 04:02,2026-10-03T04:17:12+09:00,2026/10/05,2026/10/08,2026-10,CALL,71625,100,7,3,24.3,23.02,260,2,226,2,23.82,237,285.54,320,10/02 23:13
2026/10/03 04:02,2026-10-03T04:17:12+09:00,2026/10/05,2026/10/08,2026-10,PUT,71625,3240,,,35.62,17.02,2630,2,2115,2,,,,,
2026/10/03 04:02,2026-10-03T04:17:12+09:00,2026/10/05,2026/10/08,2026-10,CALL,71500,101,821,71,24.79,23.04,299,4,250,4,23.41,154,152.48,255,10/03 03:41
2026/10/03 04:02,2026-10-03T04:17:12+09:00,2026/10/05,2026/10/08,2026-10,PUT,71500,3130,,,35.03,15.17,2520,4,1970,4,,,,,
2026/10/03 04:02,2026-10-03T04:17:12+09:00,2026/10/05,2026/10/08,2026-10,CALL,71375,123,,,24.92,23.1,330,2,277,2,,,,,
2026/10/03 04:02,2026-10-03T04:17:12+09:00,2026/10/05,2026/10/08,2026-10,PUT,71375,3015,,,44.44,,2760,2,1690,2,,,,,
2026/10/03 04:02,2026-10-03T04:17:12+09:00,2026/10/05,2026/10/08,2026-10,CALL,71250,127,145,5,24.45,23.12,345,4,305,4,24.36,247,228.7,355,10/02 22:42
2026/10/03 04:02,2026-10-03T04:17:12+09:00,2026/10/05,2026/10/08,2026-10,PUT,71250,2905,,,43.69,11.5,2650,4,1685,4,,,,,
2026/10/03 04:02,2026-10-03T04:17:12+09:00,2026/10/05,2026/10/08,2026-10,CALL,71125,153,3,1,24.42,22.98,375,2,330,2,23.66,47,34.31,184,10/02 17:05
2026/10/03 04:02,2026-10-03T04:17:12+09:00,2026/10/05,2026/10/08,2026-10,PUT,71125,2795,,,42.92,13.24,2540,2,1600,2,,,,,
2026/10/03 04:02,2026-10-03T04:17:12+09:00,2026/10/05,2026/10/08,2026-10,CALL,71000,162,1824,388,23.87,23.25,390,2,370,4,23.78,228,140.74,390,10/03 03:55
2026/10/03 04:02,2026-10-03T04:17:12+09:00,2026/10/05,2026/10/08,2026-10,PUT,71000,2685,,,29.39,17.79,1975,15,1605,15,,,,,
2026/10/03 04:02,2026-10-03T04:17:12+09:00,2026/10/05,2026/10/08,2026-10,CALL,70875,185,2,6,24.77,23.13,455,2,400,2,24.69,159,105.3,310,10/02 18:15
2026/10/03 04:02,2026-10-03T04:17:12+09:00,2026/10/05,2026/10/08,2026-10,PUT,70875,2575,,,41.32,17.55,2320,2,1500,2,,,,,
2026/10/03 04:02,2026-10-03T04:17:12+09:00,2026/10/05,2026/10/08,2026-10,CALL,70750,190,288,38,24.84,23.24,495,4,440,4,23.63,392,233.33,560,10/02 23:16
2026/10/03 04:02,2026-10-03T04:17:12+09:00,2026/10/05,2026/10/08,2026-10,PUT,70750,2475,,1,40.74,12.22,2220,4,1255,4,24.88,,,1660,10/03 03:29
2026/10/03 04:02,2026-10-03T04:17:12+09:00,2026/10/05,2026/10/08,2026-10,CALL,70625,222,24,3,24.84,23.13,535,2,475,2,24.16,340,119.3,625,10/02 23:16
2026/10/03 04:02,2026-10-03T04:17:12+09:00,2026/10/05,2026/10/08,2026-10,PUT,70625,2370,,,40,18.27,2115,2,1335,2,,,,,
2026/10/03 04:02,2026-10-03T04:17:12+09:00,2026/10/05,2026/10/08,2026-10,CALL,70500,230,391,79,24.92,23.39,580,3,525,2,23.99,315,136.96,545,10/03 03:38
2026/10/03 04:02,2026-10-03T04:17:12+09:00,2026/10/05,2026/10/08,2026-10,PUT,70500,2265,,3,26.3,21.7,1530,11,1365,11,23.75,,,1225,10/02 23:41
2026/10/03 04:02,2026-10-03T04:17:12+09:00,2026/10/05,2026/10/08,2026-10,CALL,70375,267,127,,25.2,23.28,635,2,565,2,,,,,
2026/10/03 04:02,2026-10-03T04:17:12+09:00,2026/10/05,2026/10/08,2026-10,PUT,70375,2165,,,26.28,22.04,1450,9,1295,9,,,,,
2026/10/03 04:02,2026-10-03T04:17:12+09:00,2026/10/05,2026/10/08,2026-10,CALL,70250,278,46,8,25,23.25,675,2,610,2,23.64,490,184.91,755,10/02 23:44
2026/10/03 04:02,2026-10-03T04:17:12+09:00,2026/10/05,2026/10/08,2026-10,PUT,70250,2065,,,26.34,22.03,1375,11,1215,11,,,,,
2026/10/03 04:02,2026-10-03T04:17:12+09:00,2026/10/05,2026/10/08,2026-10,CALL,70125,315,5,4,25.27,23.15,735,2,655,2,23.61,235,61.04,620,10/03 00:41
2026/10/03 04:02,2026-10-03T04:17:12+09:00,2026/10/05,2026/10/08,2026-10,PUT,70125,1970,,,26.33,22.08,1300,7,1140,9,,,,,
2026/10/03 04:02,2026-10-03T04:17:12+09:00,2026/10/05,2026/10/08,2026-10,CALL,70000,330,2600,400,24.69,23.5,765,1,720,2,24.65,440,133.33,770,10/03 03:34
2026/10/03 04:02,2026-10-03T04:17:12+09:00,2026/10/05,2026/10/08,2026-10,PUT,70000,1875,112,36,26.4,22.45,1230,7,1080,15,24.02,,,1120,10/03 01:21
2026/10/03 04:02,2026-10-03T04:17:12+09:00,2026/10/05,2026/10/08,2026-10,CALL,69875,380,117,,26.13,22.61,875,17,740,17,,,,,
2026/10/03 04:02,2026-10-03T04:17:12+09:00,2026/10/05,2026/10/08,2026-10,PUT,69875,1785,,,25.87,22.47,1140,7,1010,7,,,,,
2026/10/03 04:02,2026-10-03T04:17:12+09:00,2026/10/05,2026/10/08,2026-10,CALL,69750,415,128,10,26.33,22.43,940,7,790,11,23.32,535,128.92,950,10/02 23:51
2026/10/03 04:02,2026-10-03T04:17:12+09:00,2026/10/05,2026/10/08,2026-10,PUT,69750,1695,,4,25.42,23.6,1055,2,985,2,23.81,,,970,10/02 22:54
2026/10/03 04:02,2026-10-03T04:17:12+09:00,2026/10/05,2026/10/08,2026-10,CALL,69625,380,99,1,26.47,22.43,1005,7,850,9,24.41,435,114.47,815,10/02 20:40
2026/10/03 04:02,2026-10-03T04:17:12+09:00,2026/10/05,2026/10/08,2026-10,PUT,69625,1605,,,26.08,23.47,1015,17,915,2,,,,,
2026/10/03 04:02,2026-10-03T04:17:12+09:00,2026/10/05,2026/10/08,2026-10,CALL,69500,465,467,57,26.41,22.24,1065,7,905,11,24.96,555,119.35,1020,10/03 01:22
2026/10/03 04:02,2026-10-03T04:17:12+09:00,2026/10/05,2026/10/08,2026-10,PUT,69500,1520,1,14,25.36,23.54,925,2,855,2,23.12,,,890,10/03 00:36
2026/10/03 04:02,2026-10-03T04:17:12+09:00,2026/10/05,2026/10/08,2026-10,CALL,69375,535,3,15,26.54,23.01,1135,7,1000,9,23.91,305,46.21,965,10/03 00:41
2026/10/03 04:02,2026-10-03T04:17:12+09:00,2026/10/05,2026/10/08,2026-10,PUT,69375,1440,,,25.63,23.66,875,2,800,2,,,,,
2026/10/03 04:02,2026-10-03T04:17:12+09:00,2026/10/05,2026/10/08,2026-10,CALL,69250,550,29,8,35.55,22.66,1545,4,1055,4,24.86,310,56.36,860,10/02 19:11
2026/10/03 04:02,2026-10-03T04:17:12+09:00,2026/10/05,2026/10/08,2026-10,PUT,69250,1365,1,6,25.3,23.72,805,2,745,2,22.03,,,835,10/03 00:24
2026/10/03 04:02,2026-10-03T04:17:12+09:00,2026/10/05,2026/10/08,2026-10,CALL,69125,630,7,,33.24,19.81,1525,2,1020,2,,,,,
2026/10/03 04:02,2026-10-03T04:17:12+09:00,2026/10/05,2026/10/08,2026-10,PUT,69125,1280,,,25.56,23.3,760,2,675,2,,,,,
2026/10/03 04:02,2026-10-03T04:17:12+09:00,2026/10/05,2026/10/08,2026-10,CALL,69000,670,2570,47,26.57,22.66,1345,7,1200,15,23.44,440,65.67,1110,10/03 00:27
2026/10/03 04:02,2026-10-03T04:17:12+09:00,2026/10/05,2026/10/08,2026-10,PUT,69000,1215,243,48,25.09,23.61,690,2,635,2,24.39,-615,-48.24,660,10/03 03:35
2026/10/03 04:02,2026-10-03T04:17:12+09:00,2026/10/05,2026/10/08,2026-10,CALL,68875,745,159,7,30.11,7.76,1550,3,790,2,25.31,640,92.75,1330,10/02 21:30
2026/10/03 04:02,2026-10-03T04:17:12+09:00,2026/10/05,2026/10/08,2026-10,PUT,68875,1140,,,25.22,23.71,645,2,590,2,,,,,
2026/10/03 04:02,2026-10-03T04:17:12+09:00,2026/10/05,2026/10/08,2026-10,CALL,68750,690,367,,27.92,,1545,4,800,5,,,,,
2026/10/03 04:02,2026-10-03T04:17:12+09:00,2026/10/05,2026/10/08,2026-10,PUT,68750,1075,5,5,25.15,23.89,595,4,550,4,24.01,-535,-50.95,515,10/03 00:03
2026/10/03 04:02,2026-10-03T04:17:12+09:00,2026/10/05,2026/10/08,2026-10,CALL,68625,830,1,,37.06,5.94,1955,2,985,2,,,,,
2026/10/03 04:02,2026-10-03T04:17:12+09:00,2026/10/05,2026/10/08,2026-10,PUT,68625,1010,62,,25.29,23.72,555,2,500,2,,,,,
2026/10/03 04:02,2026-10-03T04:17:12+09:00,2026/10/05,2026/10/08,2026-10,CALL,68500,870,1430,9,28.24,9.78,1715,4,1155,4,24.33,645,74.14,1515,10/03 00:43
2026/10/03 04:02,2026-10-03T04:17:12+09:00,2026/10/05,2026/10/08,2026-10,PUT,68500,955,144,32,25.22,23.9,510,4,465,4,24.04,-455,-47.64,500,10/03 00:43
2026/10/03 04:02,2026-10-03T04:17:12+09:00,2026/10/05,2026/10/08,2026-10,CALL,68375,1000,14,,29.33,9.36,1835,2,1260,2,,,,,
2026/10/03 04:02,2026-10-03T04:17:12+09:00,2026/10/05,2026/10/08,2026-10,PUT,68375,900,61,,25.37,24.02,475,2,430,2,,,,,
2026/10/03 04:02,2026-10-03T04:17:12+09:00,2026/10/05,2026/10/08,2026-10,CALL,68250,1060,107,3,37.42,,2200,4,1200,5,25.33,890,97.8,1800,10/03 02:06
2026/10/03 04:02,2026-10-03T04:17:12+09:00,2026/10/05,2026/10/08,2026-10,PUT,68250,835,200,1,25,24.07,425,4,395,4,24.66,-655,-55.51,525,10/02 19:50
2026/10/03 04:02,2026-10-03T04:17:12+09:00,2026/10/05,2026/10/08,2026-10,CALL,68125,1135,68,,38.12,,2305,2,1410,2,,,,,
2026/10/03 04:02,2026-10-03T04:17:12+09:00,2026/10/05,2026/10/08,2026-10,PUT,68125,785,1,,25.33,24.05,400,2,360,2,,,,,
2026/10/03 04:02,2026-10-03T04:17:12+09:00,2026/10/05,2026/10/08,2026-10,CALL,68000,1190,2234,16,37.78,,2375,8,1490,8,23.83,770,64.71,1960,10/03 02:00
2026/10/03 04:02,2026-10-03T04:17:12+09:00,2026/10/05,2026/10/08,2026-10,PUT,68000,750,712,185,25.28,24.12,365,4,330,4,24.87,-390,-52,360,10/03 03:19
2026/10/03 04:02,2026-10-03T04:17:12+09:00,2026/10/05,2026/10/08,2026-10,CALL,67875,1295,21,,36.49,,2415,2,1395,2,,,,,
2026/10/03 04:02,2026-10-03T04:17:12+09:00,2026/10/05,2026/10/08,2026-10,PUT,67875,685,,,25.15,24.11,330,2,300,2,,,,,
2026/10/03 04:02,2026-10-03T04:17:12+09:00,2026/10/05,2026/10/08,2026-10,CALL,67750,1375,1046,,34.93,,2450,4,1505,4,,,,,
2026/10/03 04:02,2026-10-03T04:17:12+09:00,2026/10/05,2026/10/08,2026-10,PUT,67750,710,118,29,25.82,24.25,320,4,276,4,25.22,-405,-57.04,305,10/03 01:53
2026/10/03 04:02,2026-10-03T04:17:12+09:00,2026/10/05,2026/10/08,2026-10,CALL,67625,1455,94,,32.41,,2460,2,1660,2,,,,,
2026/10/03 04:02,2026-10-03T04:17:12+09:00,2026/10/05,2026/10/08,2026-10,PUT,67625,595,6,,26.29,24.33,305,2,252,2,,,,,
2026/10/03 04:02,2026-10-03T04:17:12+09:00,2026/10/05,2026/10/08,2026-10,CALL,67500,1540,850,5,39.84,,2785,4,1645,4,25.47,935,65.38,2365,10/03 04:01
2026/10/03 04:02,2026-10-03T04:17:12+09:00,2026/10/05,2026/10/08,2026-10,PUT,67500,615,271,40,26.05,24.38,272,5,229,4,24.38,-335,-54.47,280,10/03 00:20
2026/10/03 04:02,2026-10-03T04:17:12+09:00,2026/10/05,2026/10/08,2026-10,CALL,67375,1635,82,,38.79,,2840,2,1745,2,,,,,
2026/10/03 04:02,2026-10-03T04:17:12+09:00,2026/10/05,2026/10/08,2026-10,PUT,67375,525,,,26.34,24.52,255,2,210,2,,,,,
2026/10/03 04:02,2026-10-03T04:17:12+09:00,2026/10/05,2026/10/08,2026-10,CALL,67250,1715,52,,35.96,,2845,4,1980,4,,,,,
2026/10/03 04:02,2026-10-03T04:17:12+09:00,2026/10/05,2026/10/08,2026-10,PUT,67250,480,6,3,26.51,24.65,236,4,192,4,25.89,-518,-75.07,172,10/02 23:42
2026/10/03 04:02,2026-10-03T04:17:12+09:00,2026/10/05,2026/10/08,2026-10,CALL,67125,1805,54,,33.17,,2860,2,2010,2,,,,,
2026/10/03 04:02,2026-10-03T04:17:12+09:00,2026/10/05,2026/10/08,2026-10,PUT,67125,445,,,26.96,24.57,225,1,171,5,,,,,
2026/10/03 04:02,2026-10-03T04:17:12+09:00,2026/10/05,2026/10/08,2026-10,CALL,67000,1865,1497,5,42.1,,3215,8,2260,8,24.96,1020,58.29,2770,10/03 04:01
2026/10/03 04:02,2026-10-03T04:17:12+09:00,2026/10/05,2026/10/08,2026-10,PUT,67000,420,1402,113,26.77,24.75,200,1,157,5,24.83,-264,-62.86,156,10/03 02:06
2026/10/03 04:02,2026-10-03T04:17:12+09:00,2026/10/05,2026/10/08,2026-10,CALL,66875,1995,35,,35.9,,3130,2,2200,2,,,,,
2026/10/03 04:02,2026-10-03T04:17:12+09:00,2026/10/05,2026/10/08,2026-10,PUT,66875,385,5,,27.23,10.61,191,5,1,10,,,,,
2026/10/03 04:02,2026-10-03T04:17:12+09:00,2026/10/05,2026/10/08,2026-10,CALL,66750,2095,148,,32.63,,3145,4,2575,4,,,,,
2026/10/03 04:02,2026-10-03T04:17:12+09:00,2026/10/05,2026/10/08,2026-10,PUT,66750,360,23,,27.32,12.47,175,4,3,20,,,,,
2026/10/03 04:02,2026-10-03T04:17:12+09:00,2026/10/05,2026/10/08,2026-10,CALL,66625,2195,66,,38.08,,3385,2,2450,2,,,,,
2026/10/03 04:02,2026-10-03T04:17:12+09:00,2026/10/05,2026/10/08,2026-10,PUT,66625,335,,3,27.51,25.34,162,5,122,4,26.41,,,140,10/02 22:55
2026/10/03 04:02,2026-10-03T04:17:12+09:00,2026/10/05,2026/10/08,2026-10,CALL,66500,2295,282,5,35.11,,3410,4,2915,4,27.18,,,3165,10/02 21:40
2026/10/03 04:02,2026-10-03T04:17:12+09:00,2026/10/05,2026/10/08,2026-10,PUT,66500,300,514,48,27.7,25.53,150,5,112,4,24.59,-189,-63,111,10/03 02:27
2026/10/03 04:02,2026-10-03T04:17:12+09:00,2026/10/05,2026/10/08,2026-10,CALL,66375,2400,95,,36.04,,3535,2,2655,2,,,,,
2026/10/03 04:02,2026-10-03T04:17:12+09:00,2026/10/05,2026/10/08,2026-10,PUT,66375,286,2,,27.91,12.4,139,5,1,10,,,,,
2026/10/03 04:02,2026-10-03T04:17:12+09:00,2026/10/05,2026/10/08,2026-10,CALL,66250,2505,85,,42.94,,3810,4,3120,4,,,,,
2026/10/03 04:02,2026-10-03T04:17:12+09:00,2026/10/05,2026/10/08,2026-10,PUT,66250,291,156,5,28.18,25.89,130,1,94,5,26.02,-171,-58.76,120,10/03 00:20
2026/10/03 04:02,2026-10-03T04:17:12+09:00,2026/10/05,2026/10/08,2026-10,CALL,66125,2615,35,,41.8,,3880,2,3225,2,,,,,
2026/10/03 04:02,2026-10-03T04:17:12+09:00,2026/10/05,2026/10/08,2026-10,PUT,66125,253,86,,28.42,26.07,121,4,86,5,,,,,
2026/10/03 04:02,2026-10-03T04:17:12+09:00,2026/10/05,2026/10/08,2026-10,CALL,66000,2740,2961,9,46.44,,4100,9,3160,8,26.01,945,34.49,3685,10/03 03:54
2026/10/03 04:02,2026-10-03T04:17:12+09:00,2026/10/05,2026/10/08,2026-10,PUT,66000,250,1616,130,27.81,26.27,100,2,79,5,27.11,-162,-64.8,88,10/03 01:01
2026/10/03 04:02,2026-10-03T04:17:12+09:00,2026/10/05,2026/10/08,2026-10,CALL,65875,2825,84,,46.1,,4190,2,3440,2,,,,,
2026/10/03 04:02,2026-10-03T04:17:12+09:00,2026/10/05,2026/10/08,2026-10,PUT,65875,213,19,,28.83,26.43,104,5,72,1,,,,,
2026/10/03 04:02,2026-10-03T04:17:12+09:00,2026/10/05,2026/10/08,2026-10,CALL,65750,2935,134,,41.95,,4190,4,3545,4,,,,,
2026/10/03 04:02,2026-10-03T04:17:12+09:00,2026/10/05,2026/10/08,2026-10,PUT,65750,198,158,10,52.18,26.62,600,3,66,1,27.73,,,66,10/02 23:52
2026/10/03 04:02,2026-10-03T04:17:12+09:00,2026/10/05,2026/10/08,2026-10,CALL,65625,3045,31,,41.76,,4290,2,3660,2,,,,,
2026/10/03 04:02,2026-10-03T04:17:12+09:00,2026/10/05,2026/10/08,2026-10,PUT,65625,185,5,,29.3,15.06,90,1,1,10,,,,,
2026/10/03 04:02,2026-10-03T04:17:12+09:00,2026/10/05,2026/10/08,2026-10,CALL,65500,3155,241,,50.23,,4595,4,3620,4,,,,,
2026/10/03 04:02,2026-10-03T04:17:12+09:00,2026/10/05,2026/10/08,2026-10,PUT,65500,171,561,198,29.8,26.01,87,1,46,3,27.62,-135,-68.53,62,10/03 03:38
2026/10/03 04:02,2026-10-03T04:17:12+09:00,2026/10/05,2026/10/08,2026-10,CALL,65375,3270,7,,46.68,,4610,2,3880,2,,,,,
2026/10/03 04:02,2026-10-03T04:17:12+09:00,2026/10/05,2026/10/08,2026-10,PUT,65375,160,247,1,29.78,27.33,78,5,52,5,28.05,-101,-53.16,89,10/02 18:33
2026/10/03 04:02,2026-10-03T04:17:12+09:00,2026/10/05,2026/10/08,2026-10,CALL,65250,3385,45,,46.52,,4710,4,4000,4,,,,,
2026/10/03 04:02,2026-10-03T04:17:12+09:00,2026/10/05,2026/10/08,2026-10,PUT,65250,147,135,,29.96,25.83,72,5,34,10,,,,,
2026/10/03 04:02,2026-10-03T04:17:12+09:00,2026/10/05,2026/10/08,2026-10,CALL,65125,3500,4,,40.05,,4685,2,4110,2,,,,,
2026/10/03 04:02,2026-10-03T04:17:12+09:00,2026/10/05,2026/10/08,2026-10,PUT,65125,134,650,,30.2,27.76,67,5,44,5,,,,,
2026/10/03 04:02,2026-10-03T04:17:12+09:00,2026/10/05,2026/10/08,2026-10,CALL,65000,3615,1341,,50.14,,5000,8,4225,8,,,,,
2026/10/03 04:02,2026-10-03T04:17:12+09:00,2026/10/05,2026/10/08,2026-10,PUT,65000,120,2507,273,29.34,28.41,52,2,44,1,29.02,-68,-56.67,52,10/03 03:24
2026/10/03 04:02,2026-10-03T04:17:12+09:00,2026/10/05,2026/10/08,2026-10,CALL,64875,3730,7,,54.5,,5205,2,4340,2,,,,,
2026/10/03 04:02,2026-10-03T04:17:12+09:00,2026/10/05,2026/10/08,2026-10,PUT,64875,118,12,5,30.77,28.29,59,1,38,5,28.73,-82,-64.57,45,10/03 00:43
2026/10/03 04:02,2026-10-03T04:17:12+09:00,2026/10/05,2026/10/08,2026-10,CALL,64750,3845,755,,42.54,,5060,4,4450,4,,,,,
2026/10/03 04:02,2026-10-03T04:17:12+09:00,2026/10/05,2026/10/08,2026-10,PUT,64750,105,31,7,34.13,20.27,87,3,3,23,29.63,-62,-59.05,43,10/02 22:22
2026/10/03 04:02,2026-10-03T04:17:12+09:00,2026/10/05,2026/10/08,2026-10,CALL,64625,3965,687,,50.63,,5325,2,4575,2,,,,,
2026/10/03 04:02,2026-10-03T04:17:12+09:00,2026/10/05,2026/10/08,2026-10,PUT,64625,102,4,,31.46,18.6,53,3,1,13,,,,,
2026/10/03 04:02,2026-10-03T04:17:12+09:00,2026/10/05,2026/10/08,2026-10,CALL,64500,4080,211,,53.17,,5485,4,4695,4,,,,,
2026/10/03 04:02,2026-10-03T04:17:12+09:00,2026/10/05,2026/10/08,2026-10,PUT,64500,89,1076,41,30.75,29.15,42,4,31,1,29.39,-56,-62.92,33,10/03 03:53
2026/10/03 04:02,2026-10-03T04:17:12+09:00,2026/10/05,2026/10/08,2026-10,CALL,64375,4200,61,,45.02,,5435,2,4810,2,,,,,
2026/10/03 04:02,2026-10-03T04:17:12+09:00,2026/10/05,2026/10/08,2026-10,PUT,64375,88,4,4,31.92,27.95,46,3,21,3,30.08,-59,-59,41,10/02 21:00
2026/10/03 04:02,2026-10-03T04:17:12+09:00,2026/10/05,2026/10/08,2026-10,CALL,64250,4320,6,,50.31,,5640,4,4925,4,,,,,
2026/10/03 04:02,2026-10-03T04:17:12+09:00,2026/10/05,2026/10/08,2026-10,PUT,64250,82,275,5,32.04,28.33,42,3,20,3,30.69,-56,-58.33,40,10/02 20:22
2026/10/03 04:02,2026-10-03T04:17:12+09:00,2026/10/05,2026/10/08,2026-10,CALL,64125,4440,1,,,,,,,,,,,,
2026/10/03 04:02,2026-10-03T04:17:12+09:00,2026/10/05,2026/10/08,2026-10,PUT,64125,77,1053,,31.81,27.97,36,3,16,3,,,,,
2026/10/03 04:02,2026-10-03T04:17:12+09:00,2026/10/05,2026/10/08,2026-10,CALL,64000,4495,726,2,,,,,3,10,30.61,1325,30.71,5640,10/02 22:18
2026/10/03 04:02,2026-10-03T04:17:12+09:00,2026/10/05,2026/10/08,2026-10,PUT,64000,67,2087,208,30.73,30.14,26,1,23,2,30.54,-42,-62.69,25,10/03 02:51
2026/10/03 04:02,2026-10-03T04:17:12+09:00,2026/10/05,2026/10/08,2026-10,CALL,63875,4675,50,,,,,,,,,,,,
2026/10/03 04:02,2026-10-03T04:17:12+09:00,2026/10/05,2026/10/08,2026-10,PUT,63875,66,485,,33.23,28.84,37,3,15,3,,,,,
2026/10/03 04:02,2026-10-03T04:17:12+09:00,2026/10/05,2026/10/08,2026-10,CALL,63750,4800,4,,,,,,3,10,,,,,
2026/10/03 04:02,2026-10-03T04:17:12+09:00,2026/10/05,2026/10/08,2026-10,PUT,63750,60,131,15,32.69,29.13,30,3,14,3,32.06,-40,-66.67,20,10/02 23:42
2026/10/03 04:02,2026-10-03T04:17:12+09:00,2026/10/05,2026/10/08,2026-10,CALL,63625,4920,1,,,,,,,,,,,,
2026/10/03 04:02,2026-10-03T04:17:12+09:00,2026/10/05,2026/10/08,2026-10,PUT,63625,58,6,1,32.74,29.69,27,3,14,9,34.69,-43,-46.24,50,10/02 18:42
2026/10/03 04:02,2026-10-03T04:17:12+09:00,2026/10/05,2026/10/08,2026-10,CALL,63500,5040,11,2,,,,,3,10,30.24,,,5740,10/02 19:01
2026/10/03 04:02,2026-10-03T04:17:12+09:00,2026/10/05,2026/10/08,2026-10,PUT,63500,55,652,42,31.85,29.28,20,3,11,3,31.48,-43,-69.35,19,10/03 03:19
2026/10/03 04:02,2026-10-03T04:17:12+09:00,2026/10/05,2026/10/08,2026-10,CALL,63375,5165,,,,,,,,,,,,,
2026/10/03 04:02,2026-10-03T04:17:12+09:00,2026/10/05,2026/10/08,2026-10,PUT,63375,52,303,,34.15,29.83,28,3,11,3,,,,,
2026/10/03 04:02,2026-10-03T04:17:12+09:00,2026/10/05,2026/10/08,2026-10,CALL,63250,5285,6,,,,,,3,10,,,,,
2026/10/03 04:02,2026-10-03T04:17:12+09:00,2026/10/05,2026/10/08,2026-10,PUT,63250,49,251,17,33.94,29.61,24,3,9,3,33.34,-33,-61.11,21,10/02 22:34
2026/10/03 04:02,2026-10-03T04:17:12+09:00,2026/10/05,2026/10/08,2026-10,CALL,63125,5405,,,,,,,,,,,,,
2026/10/03 04:02,2026-10-03T04:17:12+09:00,2026/10/05,2026/10/08,2026-10,PUT,63125,45,3,,34.08,29.7,22,3,8,3,,,,,
2026/10/03 04:02,2026-10-03T04:17:12+09:00,2026/10/05,2026/10/08,2026-10,CALL,63000,5465,157,1,,,,,3,10,32.86,1350,25.59,6625,10/03 04:01
2026/10/03 04:02,2026-10-03T04:17:12+09:00,2026/10/05,2026/10/08,2026-10,PUT,63000,37,1958,186,33.11,31.84,16,1,12,23,32.68,-22,-59.46,15,10/03 02:50
2026/10/03 04:02,2026-10-03T04:17:12+09:00,2026/10/05,2026/10/08,2026-10,CALL,62875,5650,,,,,,,,,,,,,
2026/10/03 04:02,2026-10-03T04:17:12+09:00,2026/10/05,2026/10/08,2026-10,PUT,62875,40,88,,35.27,29.73,22,3,6,3,,,,,
2026/10/03 04:02,2026-10-03T04:17:12+09:00,2026/10/05,2026/10/08,2026-10,CALL,62750,5775,,,,,,,3,10,,,,,
2026/10/03 04:02,2026-10-03T04:17:12+09:00,2026/10/05,2026/10/08,2026-10,PUT,62750,38,365,13,35.36,31.3,20,3,8,3,35.27,-15,-37.5,25,10/02 21:10
2026/10/03 04:02,2026-10-03T04:17:12+09:00,2026/10/05,2026/10/08,2026-10,CALL,62625,5895,,,,,,,,,,,,,
2026/10/03 04:02,2026-10-03T04:17:12+09:00,2026/10/05,2026/10/08,2026-10,PUT,62625,35,693,,35.68,31.32,19,3,7,12,,,,,
2026/10/03 04:02,2026-10-03T04:17:12+09:00,2026/10/05,2026/10/08,2026-10,CALL,62500,6020,,,,,,,3,10,,,,,
2026/10/03 04:02,2026-10-03T04:17:12+09:00,2026/10/05,2026/10/08,2026-10,PUT,62500,33,1740,47,35.4,29.01,16,12,3,28,34.02,-21,-63.64,12,10/03 02:08
2026/10/03 04:02,2026-10-03T04:17:12+09:00,2026/10/05,2026/10/08,2026-10,CALL,62375,6140,,,,,,,,,,,,,
2026/10/03 04:02,2026-10-03T04:17:12+09:00,2026/10/05,2026/10/08,2026-10,PUT,62375,32,11,5,36.85,26.58,19,3,1,13,34.6,-32,-64,18,10/02 19:17
2026/10/03 04:02,2026-10-03T04:17:12+09:00,2026/10/05,2026/10/08,2026-10,CALL,62250,6265,,,,,,,3,10,,,,,
2026/10/03 04:02,2026-10-03T04:17:12+09:00,2026/10/05,2026/10/08,2026-10,PUT,62250,30,117,8,36.23,30.9,15,16,4,15,35.51,-12,-36.36,21,10/02 17:23
2026/10/03 04:02,2026-10-03T04:17:12+09:00,2026/10/05,2026/10/08,2026-10,CALL,62125,6390,,,,,,,,,,,,,
2026/10/03 04:02,2026-10-03T04:17:12+09:00,2026/10/05,2026/10/08,2026-10,PUT,62125,28,10,1,36.8,31.4,15,15,4,15,35.58,-18,-52.94,16,10/02 18:45
2026/10/03 04:02,2026-10-03T04:17:12+09:00,2026/10/05,2026/10/08,2026-10,CALL,62000,6510,49,,,,,,3,10,,,,,
2026/10/03 04:02,2026-10-03T04:17:12+09:00,2026/10/05,2026/10/08,2026-10,PUT,62000,25,2136,136,35.45,33.95,10,8,7,4,34.95,-16,-64,9,10/03 02:56
2026/10/03 04:02,2026-10-03T04:17:12+09:00,2026/10/05,2026/10/08,2026-10,CALL,61875,6635,,,,,,,,,,,,,
2026/10/03 04:02,2026-10-03T04:17:12+09:00,2026/10/05,2026/10/08,2026-10,PUT,61875,25,88,,37.59,28.37,14,15,1,10,,,,,
2026/10/03 04:02,2026-10-03T04:17:12+09:00,2026/10/05,2026/10/08,2026-10,CALL,61750,6760,,,,,,,3,10,,,,,
2026/10/03 04:02,2026-10-03T04:17:12+09:00,2026/10/05,2026/10/08,2026-10,PUT,61750,25,309,2,38.5,32.9,15,15,4,16,33.58,-21,-80.77,5,10/03 00:57
2026/10/03 04:02,2026-10-03T04:17:12+09:00,2026/10/05,2026/10/08,2026-10,CALL,61625,6885,,,,,,,,,,,,,
2026/10/03 04:02,2026-10-03T04:17:12+09:00,2026/10/05,2026/10/08,2026-10,PUT,61625,25,108,,40.93,32.42,21,15,3,15,,,,,
2026/10/03 04:02,2026-10-03T04:17:12+09:00,2026/10/05,2026/10/08,2026-10,CALL,61500,7010,,,,,,,3,10,,,,,
2026/10/03 04:02,2026-10-03T04:17:12+09:00,2026/10/05,2026/10/08,2026-10,PUT,61500,20,428,22,43.3,33.9,28,15,4,16,36.14,-13,-65,7,10/03 01:15
2026/10/03 04:02,2026-10-03T04:17:12+09:00,2026/10/05,2026/10/08,2026-10,CALL,61375,7130,,,,,,,,,,,,,
2026/10/03 04:02,2026-10-03T04:17:12+09:00,2026/10/05,2026/10/08,2026-10,PUT,61375,20,141,2,38.18,32.1,10,1,2,15,37.08,,,10,10/02 21:19
2026/10/03 04:02,2026-10-03T04:17:12+09:00,2026/10/05,2026/10/08,2026-10,CALL,61250,7255,,,,,,,,,,,,,
2026/10/03 04:02,2026-10-03T04:17:12+09:00,2026/10/05,2026/10/08,2026-10,PUT,61250,19,122,1,39.62,36.48,12,18,6,3,36.28,-15,-68.18,7,10/03 00:21
2026/10/03 04:02,2026-10-03T04:17:12+09:00,2026/10/05,2026/10/08,2026-10,CALL,61125,7380,,,,,,,,,,,,,
2026/10/03 04:02,2026-10-03T04:17:12+09:00,2026/10/05,2026/10/08,2026-10,PUT,61125,18,1230,1,40.98,31.06,14,15,1,25,36.81,,,7,10/03 00:21
2026/10/03 04:02,2026-10-03T04:17:12+09:00,2026/10/05,2026/10/08,2026-10,CALL,61000,7505,201,,,,,,,,,,,,
2026/10/03 04:02,2026-10-03T04:17:12+09:00,2026/10/05,2026/10/08,2026-10,PUT,61000,18,1866,90,39.82,37.52,10,1,6,2,36.72,-13,-72.22,5,10/03 01:27
2026/10/03 04:02,2026-10-03T04:17:12+09:00,2026/10/05,2026/10/08,2026-10,CALL,60875,7625,,,,,,,,,,,,,
2026/10/03 04:02,2026-10-03T04:17:12+09:00,2026/10/05,2026/10/08,2026-10,PUT,60875,16,500,,41.29,,12,15,,,,,,,
2026/10/03 04:02,2026-10-03T04:17:12+09:00,2026/10/05,2026/10/08,2026-10,CALL,60750,7750,,,,,,,,,,,,,
2026/10/03 04:02,2026-10-03T04:17:12+09:00,2026/10/05,2026/10/08,2026-10,PUT,60750,16,453,4,41.4,35.85,11,15,3,20,38.44,-10,-58.82,7,10/03 00:22
2026/10/03 04:02,2026-10-03T04:17:12+09:00,2026/10/05,2026/10/08,2026-10,CALL,60625,7875,,,,,,,,,,,,,
2026/10/03 04:02,2026-10-03T04:17:12+09:00,2026/10/05,2026/10/08,2026-10,PUT,60625,15,159,,45.66,,21,15,,,,,,,
2026/10/03 04:02,2026-10-03T04:17:12+09:00,2026/10/05,2026/10/08,2026-10,CALL,60500,8000,100,,,,,,,,,,,,
2026/10/03 04:02,2026-10-03T04:17:12+09:00,2026/10/05,2026/10/08,2026-10,PUT,60500,15,558,7,41.49,36.84,9,1,3,20,39.5,-11,-61.11,7,10/03 00:23
2026/10/03 04:02,2026-10-03T04:17:12+09:00,2026/10/05,2026/10/08,2026-10,CALL,60375,8125,,,,,,,,,,,,,
2026/10/03 04:02,2026-10-03T04:17:12+09:00,2026/10/05,2026/10/08,2026-10,PUT,60375,14,664,,43.07,,11,15,,,,,,,
2026/10/03 04:02,2026-10-03T04:17:12+09:00,2026/10/05,2026/10/08,2026-10,CALL,60250,8250,,,,,,,,,,,,,
2026/10/03 04:02,2026-10-03T04:17:12+09:00,2026/10/05,2026/10/08,2026-10,PUT,60250,14,180,1,41.37,37.83,7,1,3,20,40.49,-6,-46.15,7,10/02 21:23
2026/10/03 04:02,2026-10-03T04:17:12+09:00,2026/10/05,2026/10/08,2026-10,CALL,60125,8375,,,,,,,,,,,,,
2026/10/03 04:02,2026-10-03T04:17:12+09:00,2026/10/05,2026/10/08,2026-10,PUT,60125,13,50,25,43.13,36.87,9,16,2,25,40.87,,,9,10/02 17:18
2026/10/03 04:02,2026-10-03T04:17:12+09:00,2026/10/05,2026/10/08,2026-10,CALL,60000,8495,9,,,,,,,,,,,,
2026/10/03 04:02,2026-10-03T04:17:12+09:00,2026/10/05,2026/10/08,2026-10,PUT,60000,13,11070,346,41.71,39.95,6,22,4,5,39.77,-9,-69.23,4,10/03 01:31
2026/10/03 04:02,2026-10-03T04:17:12+09:00,2026/10/05,2026/10/08,2026-10,CALL,59875,8620,,,,,,,,,,,,,
2026/10/03 04:02,2026-10-03T04:17:12+09:00,2026/10/05,2026/10/08,2026-10,PUT,59875,12,162,8,44.78,,10,15,,,40.3,,,6,10/02 19:13
2026/10/03 04:02,2026-10-03T04:17:12+09:00,2026/10/05,2026/10/08,2026-10,CALL,59750,8745,,,,,,,,,,,,,
2026/10/03 04:02,2026-10-03T04:17:12+09:00,2026/10/05,2026/10/08,2026-10,PUT,59750,11,112,7,43.5,38.31,7,1,2,50,42.92,-7,-53.85,6,10/02 22:19
2026/10/03 04:02,2026-10-03T04:17:12+09:00,2026/10/05,2026/10/08,2026-10,CALL,59625,8870,,,,,,,,,,,,,
2026/10/03 04:02,2026-10-03T04:17:12+09:00,2026/10/05,2026/10/08,2026-10,PUT,59625,11,140,1,45.32,,9,15,,,41.4,,,6,10/02 17:53
2026/10/03 04:02,2026-10-03T04:17:12+09:00,2026/10/05,2026/10/08,2026-10,CALL,59500,8995,14,,,,,,,,,,,,
2026/10/03 04:02,2026-10-03T04:17:12+09:00,2026/10/05,2026/10/08,2026-10,PUT,59500,11,848,21,45.25,39.27,8,16,2,51,41.97,-7,-58.33,5,10/02 20:51
2026/10/03 04:02,2026-10-03T04:17:12+09:00,2026/10/05,2026/10/08,2026-10,CALL,59375,9120,,,,,,,,,,,,,
2026/10/03 04:02,2026-10-03T04:17:12+09:00,2026/10/05,2026/10/08,2026-10,PUT,59375,10,2,,45.11,,7,2,,,,,,,
2026/10/03 04:02,2026-10-03T04:17:12+09:00,2026/10/05,2026/10/08,2026-10,CALL,59250,9245,,,,,,,,,,,,,
2026/10/03 04:02,2026-10-03T04:17:12+09:00,2026/10/05,2026/10/08,2026-10,PUT,59250,10,199,5,45.64,40.23,7,1,2,50,42.63,-6,-60,4,10/03 02:25
2026/10/03 04:02,2026-10-03T04:17:12+09:00,2026/10/05,2026/10/08,2026-10,CALL,59125,9370,,,,,,,,,,,,,
2026/10/03 04:02,2026-10-03T04:17:12+09:00,2026/10/05,2026/10/08,2026-10,PUT,59125,10,115,,53.8,,24,15,,,,,,,
2026/10/03 04:02,2026-10-03T04:17:12+09:00,2026/10/05,2026/10/08,2026-10,CALL,59000,9495,,,,,,,,,,,,,
2026/10/03 04:02,2026-10-03T04:17:12+09:00,2026/10/05,2026/10/08,2026-10,PUT,59000,9,1611,55,44.03,41.2,4,2,2,57,42.51,-6,-66.67,3,10/03 01:49
2026/10/03 04:02,2026-10-03T04:17:12+09:00,2026/10/05,2026/10/08,2026-10,CALL,58875,9620,,,,,,,,,,,,,
2026/10/03 04:02,2026-10-03T04:17:12+09:00,2026/10/05,2026/10/08,2026-10,PUT,58875,9,20,,55.02,,24,15,,,,,,,
2026/10/03 04:02,2026-10-03T04:17:12+09:00,2026/10/05,2026/10/08,2026-10,CALL,58750,9745,,,,,,,,,,,,,
2026/10/03 04:02,2026-10-03T04:17:12+09:00,2026/10/05,2026/10/08,2026-10,PUT,58750,9,60,1,55.63,39.71,24,15,1,10,43.57,-6,-66.67,3,10/03 02:23
2026/10/03 04:02,2026-10-03T04:17:12+09:00,2026/10/05,2026/10/08,2026-10,CALL,58625,9870,,,,,,,,,,,,,
2026/10/03 04:02,2026-10-03T04:17:12+09:00,2026/10/05,2026/10/08,2026-10,PUT,58625,8,59,1,55.91,,23,15,,,43.8,,,3,10/03 02:27
2026/10/03 04:02,2026-10-03T04:17:12+09:00,2026/10/05,2026/10/08,2026-10,CALL,58500,9995,,,,,,,,,,,,,
2026/10/03 04:02,2026-10-03T04:17:12+09:00,2026/10/05,2026/10/08,2026-10,PUT,58500,8,827,25,46.09,44.8,4,3,3,7,44.54,-5,-62.5,3,10/03 02:35
2026/10/03 04:02,2026-10-03T04:17:12+09:00,2026/10/05,2026/10/08,2026-10,CALL,58375,10120,,,,,,,,,,,,,
2026/10/03 04:02,2026-10-03T04:17:12+09:00,2026/10/05,2026/10/08,2026-10,PUT,58375,8,486,,46.6,,4,2,,,,,,,
2026/10/03 04:02,2026-10-03T04:17:12+09:00,2026/10/05,2026/10/08,2026-10,CALL,58250,10240,,,,,,,,,,,,,
2026/10/03 04:02,2026-10-03T04:17:12+09:00,2026/10/05,2026/10/08,2026-10,PUT,58250,7,146,3,,44.12,,,2,1,44.99,-3,-42.86,4,10/02 18:05
2026/10/03 04:02,2026-10-03T04:17:12+09:00,2026/10/05,2026/10/08,2026-10,CALL,58000,10490,,,,,,,,,,,,,
2026/10/03 04:02,2026-10-03T04:17:12+09:00,2026/10/05,2026/10/08,2026-10,PUT,58000,6,2404,34,46.82,45.09,3,4,2,7,46.34,-3,-50,3,10/03 00:31
2026/10/03 04:02,2026-10-03T04:17:12+09:00,2026/10/05,2026/10/08,2026-10,CALL,57750,10740,,,,,,,,,,,,,
2026/10/03 04:02,2026-10-03T04:17:12+09:00,2026/10/05,2026/10/08,2026-10,PUT,57750,6,84,2,47.83,43.42,3,5,1,10,45.99,-3,-50,3,10/02 18:29
2026/10/03 04:02,2026-10-03T04:17:12+09:00,2026/10/05,2026/10/08,2026-10,CALL,57500,10990,,,,,,,,,,,,,
2026/10/03 04:02,2026-10-03T04:17:12+09:00,2026/10/05,2026/10/08,2026-10,PUT,57500,6,489,6,48.85,47.06,3,8,2,5,48.96,-3,-50,3,10/02 22:11
2026/10/03 04:02,2026-10-03T04:17:12+09:00,2026/10/05,2026/10/08,2026-10,CALL,57250,11240,,,,,,,,,,,,,
2026/10/03 04:02,2026-10-03T04:17:12+09:00,2026/10/05,2026/10/08,2026-10,PUT,57250,5,164,,49.87,45.29,3,1,1,12,,,,,
2026/10/03 04:02,2026-10-03T04:17:12+09:00,2026/10/05,2026/10/08,2026-10,CALL,57000,11490,1,,,,,,,,,,,,
2026/10/03 04:02,2026-10-03T04:17:12+09:00,2026/10/05,2026/10/08,2026-10,PUT,57000,4,1684,42,50.89,49.03,3,10,2,11,50.54,-2,-40,3,10/03 00:40
2026/10/03 04:02,2026-10-03T04:17:12+09:00,2026/10/05,2026/10/08,2026-10,CALL,56750,11740,,,,,,,,,,,,,
2026/10/03 04:02,2026-10-03T04:17:12+09:00,2026/10/05,2026/10/08,2026-10,PUT,56750,4,145,,,47.17,,,1,17,,,,,
2026/10/03 04:02,2026-10-03T04:17:12+09:00,2026/10/05,2026/10/08,2026-10,CALL,56500,11985,,,,,,,,,,,,,
2026/10/03 04:02,2026-10-03T04:17:12+09:00,2026/10/05,2026/10/08,2026-10,PUT,56500,4,672,9,51.02,48.12,2,1,1,14,50.54,-2,-50,2,10/03 02:28
2026/10/03 04:02,2026-10-03T04:17:12+09:00,2026/10/05,2026/10/08,2026-10,CALL,56250,12235,,,,,,,,,,,,,
2026/10/03 04:02,2026-10-03T04:17:12+09:00,2026/10/05,2026/10/08,2026-10,PUT,56250,3,85,,52.02,49.07,2,1,1,10,,,,,
2026/10/03 04:02,2026-10-03T04:17:12+09:00,2026/10/05,2026/10/08,2026-10,CALL,56000,12485,,,,,,,,,,,,,
2026/10/03 04:02,2026-10-03T04:17:12+09:00,2026/10/05,2026/10/08,2026-10,PUT,56000,3,1904,97,53.02,50.02,2,24,1,141,53,-2,-50,2,10/03 03:38
2026/10/03 04:02,2026-10-03T04:17:12+09:00,2026/10/05,2026/10/08,2026-10,CALL,55750,12735,,,,,,,,,,,,,
2026/10/03 04:02,2026-10-03T04:17:12+09:00,2026/10/05,2026/10/08,2026-10,PUT,55750,3,81,,54.03,50.98,2,1,1,5,,,,,
2026/10/03 04:02,2026-10-03T04:17:12+09:00,2026/10/05,2026/10/08,2026-10,CALL,55500,12985,,,,,,,,,,,,,
2026/10/03 04:02,2026-10-03T04:17:12+09:00,2026/10/05,2026/10/08,2026-10,PUT,55500,3,345,9,55.03,51.94,2,2,1,31,51.08,-2,-66.67,1,10/02 20:49
2026/10/03 04:02,2026-10-03T04:17:12+09:00,2026/10/05,2026/10/08,2026-10,CALL,55250,13235,,,,,,,,,,,,,
2026/10/03 04:02,2026-10-03T04:17:12+09:00,2026/10/05,2026/10/08,2026-10,PUT,55250,2,168,,56.05,52.9,2,1,1,6,,,,,
2026/10/03 04:02,2026-10-03T04:17:12+09:00,2026/10/05,2026/10/08,2026-10,CALL,55000,13485,4,,,,,,,,,,,,
2026/10/03 04:02,2026-10-03T04:17:12+09:00,2026/10/05,2026/10/08,2026-10,PUT,55000,2,3419,57,57.06,53.86,2,31,1,37,53.86,-2,-66.67,1,10/03 02:52
2026/10/03 04:02,2026-10-03T04:17:12+09:00,2026/10/05,2026/10/08,2026-10,CALL,54750,13735,,,,,,,,,,,,,
2026/10/03 04:02,2026-10-03T04:17:12+09:00,2026/10/05,2026/10/08,2026-10,PUT,54750,2,78,1,,54.83,,,1,4,56.17,-1,-33.33,2,10/02 17:18
2026/10/03 04:02,2026-10-03T04:17:12+09:00,2026/10/05,2026/10/08,2026-10,CALL,54500,13985,,,,,,,,,,,,,
2026/10/03 04:02,2026-10-03T04:17:12+09:00,2026/10/05,2026/10/08,2026-10,PUT,54500,2,510,1,59.1,55.81,2,1,1,1,57.18,-2,-50,2,10/02 17:14
2026/10/03 04:02,2026-10-03T04:17:12+09:00,2026/10/05,2026/10/08,2026-10,CALL,54250,14235,,,,,,,,,,,,,
2026/10/03 04:02,2026-10-03T04:17:12+09:00,2026/10/05,2026/10/08,2026-10,PUT,54250,1,217,,,,,,,,,,,,
2026/10/03 04:02,2026-10-03T04:17:12+09:00,2026/10/05,2026/10/08,2026-10,CALL,54000,14485,,,,,,,,,,,,,
2026/10/03 04:02,2026-10-03T04:17:12+09:00,2026/10/05,2026/10/08,2026-10,PUT,54000,2,1379,162,61.16,,2,29,,,57.45,-1,-50,1,10/03 01:34
2026/10/03 04:02,2026-10-03T04:17:12+09:00,2026/10/05,2026/10/08,2026-10,CALL,53750,14735,,,,,,,,,,,,,
2026/10/03 04:02,2026-10-03T04:17:12+09:00,2026/10/05,2026/10/08,2026-10,PUT,53750,1,162,14,58.74,,1,2,,,57.88,-1,-50,1,10/02 20:46
2026/10/03 04:02,2026-10-03T04:17:12+09:00,2026/10/05,2026/10/08,2026-10,CALL,53500,14985,,,,,,,,,,,,,
2026/10/03 04:02,2026-10-03T04:17:12+09:00,2026/10/05,2026/10/08,2026-10,PUT,53500,1,1430,26,59.73,,1,2,,,60.4,-1,-50,1,10/02 23:50
2026/10/03 04:02,2026-10-03T04:17:12+09:00,2026/10/05,2026/10/08,2026-10,CALL,53250,15235,,,,,,,,,,,,,
2026/10/03 04:02,2026-10-03T04:17:12+09:00,2026/10/05,2026/10/08,2026-10,PUT,53250,1,128,8,60.72,,1,2,,,59.87,-1,-50,1,10/02 20:42
2026/10/03 04:02,2026-10-03T04:17:12+09:00,2026/10/05,2026/10/08,2026-10,CALL,53000,15485,34,,,,,,,,,,,,
2026/10/03 04:02,2026-10-03T04:17:12+09:00,2026/10/05,2026/10/08,2026-10,PUT,53000,1,1463,52,61.72,,1,38,,,61.06,-1,-50,1,10/03 00:22
2026/10/03 04:02,2026-10-03T04:17:12+09:00,2026/10/05,2026/10/08,2026-10,CALL,52750,15735,,,,,,,,,,,,,
2026/10/03 04:02,2026-10-03T04:17:12+09:00,2026/10/05,2026/10/08,2026-10,PUT,52750,1,118,6,62.71,,1,2,,,61.47,-2,-66.67,1,10/02 19:02
2026/10/03 04:02,2026-10-03T04:17:12+09:00,2026/10/05,2026/10/08,2026-10,CALL,52500,15985,,,,,,,,,,,,,
2026/10/03 04:02,2026-10-03T04:17:12+09:00,2026/10/05,2026/10/08,2026-10,PUT,52500,1,616,100,63.72,,1,30,,,63.85,-1,-50,1,10/02 22:19
2026/10/03 04:02,2026-10-03T04:17:12+09:00,2026/10/05,2026/10/08,2026-10,CALL,52250,16235,,,,,,,,,,,,,
2026/10/03 04:02,2026-10-03T04:17:12+09:00,2026/10/05,2026/10/08,2026-10,PUT,52250,1,63,,64.72,,1,2,,,,,,,
2026/10/03 04:02,2026-10-03T04:17:12+09:00,2026/10/05,2026/10/08,2026-10,CALL,52000,16485,,,,,,,,,,,,,
2026/10/03 04:02,2026-10-03T04:17:12+09:00,2026/10/05,2026/10/08,2026-10,PUT,52000,1,1427,73,65.73,,1,109,,,66.69,0,0,1,10/02 23:21
2026/10/03 04:02,2026-10-03T04:17:12+09:00,2026/10/05,2026/10/08,2026-10,CALL,51750,16735,,,,,,,,,,,,,
2026/10/03 04:02,2026-10-03T04:17:12+09:00,2026/10/05,2026/10/08,2026-10,PUT,51750,1,150,2,66.75,,1,2,,,66.69,-1,-50,1,10/02 21:47
2026/10/03 04:02,2026-10-03T04:17:12+09:00,2026/10/05,2026/10/08,2026-10,CALL,51500,16985,,,,,,,,,,,,,
2026/10/03 04:02,2026-10-03T04:17:12+09:00,2026/10/05,2026/10/08,2026-10,PUT,51500,1,518,7,67.77,,1,52,,,66.52,0,0,1,10/02 19:02
2026/10/03 04:02,2026-10-03T04:17:12+09:00,2026/10/05,2026/10/08,2026-10,CALL,51250,17235,,,,,,,,,,,,,
2026/10/03 04:02,2026-10-03T04:17:12+09:00,2026/10/05,2026/10/08,2026-10,PUT,51250,1,296,8,68.79,,1,2,,,70.98,,,2,10/02 18:24
2026/10/03 04:02,2026-10-03T04:17:12+09:00,2026/10/05,2026/10/08,2026-10,CALL,51000,17485,,,,,,,,,,,,,
2026/10/03 04:02,2026-10-03T04:17:12+09:00,2026/10/05,2026/10/08,2026-10,PUT,51000,1,1169,48,69.82,,1,147,,,70.11,0,0,1,10/03 00:04
2026/10/03 04:02,2026-10-03T04:17:12+09:00,2026/10/05,2026/10/08,2026-10,CALL,50750,17735,,,,,,,,,,,,,
2026/10/03 04:02,2026-10-03T04:17:12+09:00,2026/10/05,2026/10/08,2026-10,PUT,50750,1,165,3,70.85,,1,2,,,69.19,,,1,10/02 18:22
2026/10/03 04:02,2026-10-03T04:17:12+09:00,2026/10/05,2026/10/08,2026-10,CALL,50500,17985,,,,,,,,,,,,,
2026/10/03 04:02,2026-10-03T04:17:12+09:00,2026/10/05,2026/10/08,2026-10,PUT,50500,1,305,11,71.88,,1,50,,,69.45,,,1,10/02 17:00
2026/10/03 04:02,2026-10-03T04:17:12+09:00,2026/10/05,2026/10/08,2026-10,CALL,50250,18235,,,,,,,,,,,,,
2026/10/03 04:02,2026-10-03T04:17:12+09:00,2026/10/05,2026/10/08,2026-10,PUT,50250,1,79,5,72.92,,1,4,,,71.45,,,1,10/02 17:30
2026/10/03 04:02,2026-10-03T04:17:12+09:00,2026/10/05,2026/10/08,2026-10,CALL,50000,18485,1,,,,,,,,,,,,
2026/10/03 04:02,2026-10-03T04:17:12+09:00,2026/10/05,2026/10/08,2026-10,PUT,50000,1,2779,8,73.97,,1,598,,,73.68,0,0,1,10/03 00:35
2026/10/03 04:02,2026-10-03T04:17:12+09:00,2026/10/05,2026/10/08,2026-10,CALL,49750,18735,,,,,,,,,,,,,
2026/10/03 04:02,2026-10-03T04:17:12+09:00,2026/10/05,2026/10/08,2026-10,PUT,49750,1,67,3,75.02,,1,17,,,74.23,0,0,1,10/02 20:00
2026/10/03 04:02,2026-10-03T04:17:12+09:00,2026/10/05,2026/10/08,2026-10,CALL,49500,18985,,,,,,,,,,,,,
2026/10/03 04:02,2026-10-03T04:17:12+09:00,2026/10/05,2026/10/08,2026-10,PUT,49500,1,318,11,76.07,,1,69,,,75.25,0,0,1,10/02 19:59
2026/10/03 04:02,2026-10-03T04:17:12+09:00,2026/10/05,2026/10/08,2026-10,CALL,49250,19235,,,,,,,,,,,,,
2026/10/03 04:02,2026-10-03T04:17:12+09:00,2026/10/05,2026/10/08,2026-10,PUT,49250,1,84,2,77.13,,1,20,,,76.31,0,0,1,10/02 19:59
2026/10/03 04:02,2026-10-03T04:17:12+09:00,2026/10/05,2026/10/08,2026-10,CALL,49000,19485,,,,,,,,,,,,,
2026/10/03 04:02,2026-10-03T04:17:12+09:00,2026/10/05,2026/10/08,2026-10,PUT,49000,1,406,26,78.19,,1,191,,,78.19,0,0,1,10/02 21:53
2026/10/03 04:02,2026-10-03T04:17:12+09:00,2026/10/05,2026/10/08,2026-10,CALL,48750,19735,,,,,,,,,,,,,
2026/10/03 04:02,2026-10-03T04:17:12+09:00,2026/10/05,2026/10/08,2026-10,PUT,48750,1,276,,79.26,,1,4,,,,,,,
2026/10/03 04:02,2026-10-03T04:17:12+09:00,2026/10/05,2026/10/08,2026-10,CALL,48500,19985,,,,,,,,,,,,,
2026/10/03 04:02,2026-10-03T04:17:12+09:00,2026/10/05,2026/10/08,2026-10,PUT,48500,1,212,,80.33,,1,5,,,,,,,
2026/10/03 04:02,2026-10-03T04:17:12+09:00,2026/10/05,2026/10/08,2026-10,CALL,48250,20235,,,,,,,,,,,,,
2026/10/03 04:02,2026-10-03T04:17:12+09:00,2026/10/05,2026/10/08,2026-10,PUT,48250,1,53,,81.41,,1,5,,,,,,,
2026/10/03 04:02,2026-10-03T04:17:12+09:00,2026/10/05,2026/10/08,2026-10,CALL,48000,20485,,,,,,,,,,,,,
2026/10/03 04:02,2026-10-03T04:17:12+09:00,2026/10/05,2026/10/08,2026-10,PUT,48000,1,877,19,82.5,,1,54,,,82.22,0,0,1,10/03 00:34
2026/10/03 04:02,2026-10-03T04:17:12+09:00,2026/10/05,2026/10/08,2026-10,CALL,47750,20735,,,,,,,,,,,,,
2026/10/03 04:02,2026-10-03T04:17:12+09:00,2026/10/05,2026/10/08,2026-10,PUT,47750,1,47,,83.58,,1,5,,,,,,,
2026/10/03 04:02,2026-10-03T04:17:12+09:00,2026/10/05,2026/10/08,2026-10,CALL,47500,20985,34,,,,,,,,,,,,
2026/10/03 04:02,2026-10-03T04:17:12+09:00,2026/10/05,2026/10/08,2026-10,PUT,47500,1,56,,84.68,,1,10,,,,,,,
2026/10/03 04:02,2026-10-03T04:17:12+09:00,2026/10/05,2026/10/08,2026-10,CALL,47250,21235,,,,,,,,,,,,,
2026/10/03 04:02,2026-10-03T04:17:12+09:00,2026/10/05,2026/10/08,2026-10,PUT,47250,1,142,,85.77,,1,8,,,,,,,
2026/10/03 04:02,2026-10-03T04:17:12+09:00,2026/10/05,2026/10/08,2026-10,CALL,47000,21485,,,,,,,,,,,,,
2026/10/03 04:02,2026-10-03T04:17:12+09:00,2026/10/05,2026/10/08,2026-10,PUT,47000,1,466,4,86.88,,1,105,,,86.99,0,0,1,10/02 21:58
2026/10/03 04:02,2026-10-03T04:17:12+09:00,2026/10/05,2026/10/08,2026-10,CALL,46750,21735,,,,,,,,,,,,,
2026/10/03 04:02,2026-10-03T04:17:12+09:00,2026/10/05,2026/10/08,2026-10,PUT,46750,1,135,,87.99,,1,5,,,,,,,
2026/10/03 04:02,2026-10-03T04:17:12+09:00,2026/10/05,2026/10/08,2026-10,CALL,46500,21985,,,,,,,,,,,,,
2026/10/03 04:02,2026-10-03T04:17:12+09:00,2026/10/05,2026/10/08,2026-10,PUT,46500,1,318,,89.1,,1,18,,,,,,,
2026/10/03 04:02,2026-10-03T04:17:12+09:00,2026/10/05,2026/10/08,2026-10,CALL,46250,22235,,,,,,,,,,,,,
2026/10/03 04:02,2026-10-03T04:17:12+09:00,2026/10/05,2026/10/08,2026-10,PUT,46250,1,10,,90.22,,1,5,,,,,,,
2026/10/03 04:02,2026-10-03T04:17:12+09:00,2026/10/05,2026/10/08,2026-10,CALL,46000,22485,,,,,,,,,,,,,
2026/10/03 04:02,2026-10-03T04:17:12+09:00,2026/10/05,2026/10/08,2026-10,PUT,46000,1,446,,91.35,,1,83,,,,,,,
2026/10/03 04:02,2026-10-03T04:17:12+09:00,2026/10/05,2026/10/08,2026-10,CALL,45750,22735,,,,,,,,,,,,,
2026/10/03 04:02,2026-10-03T04:17:12+09:00,2026/10/05,2026/10/08,2026-10,PUT,45750,1,135,,92.48,,1,2,,,,,,,
2026/10/03 04:02,2026-10-03T04:17:12+09:00,2026/10/05,2026/10/08,2026-10,CALL,45500,22985,,,,,,,,,,,,,
2026/10/03 04:02,2026-10-03T04:17:12+09:00,2026/10/05,2026/10/08,2026-10,PUT,45500,1,819,,93.61,,1,58,,,,,,,
2026/10/03 04:02,2026-10-03T04:17:12+09:00,2026/10/05,2026/10/08,2026-10,CALL,45250,23235,,,,,,,,,,,,,
2026/10/03 04:02,2026-10-03T04:17:12+09:00,2026/10/05,2026/10/08,2026-10,PUT,45250,1,29,,94.76,,1,5,,,,,,,
2026/10/03 04:02,2026-10-03T04:17:12+09:00,2026/10/05,2026/10/08,2026-10,CALL,45000,23485,2,,,,,,,,,,,,
2026/10/03 04:02,2026-10-03T04:17:12+09:00,2026/10/05,2026/10/08,2026-10,PUT,45000,1,2340,1,95.9,,1,121,,,94.78,0,0,1,10/02 18:43
2026/10/03 04:02,2026-10-03T04:17:12+09:00,2026/10/05,2026/10/08,2026-10,CALL,44750,23735,,,,,,,,,,,,,
2026/10/03 04:02,2026-10-03T04:17:12+09:00,2026/10/05,2026/10/08,2026-10,PUT,44750,1,41,,97.06,,1,5,,,,,,,
2026/10/03 04:02,2026-10-03T04:17:12+09:00,2026/10/05,2026/10/08,2026-10,CALL,44500,23985,,,,,,,,,,,,,
2026/10/03 04:02,2026-10-03T04:17:12+09:00,2026/10/05,2026/10/08,2026-10,PUT,44500,1,58,10,98.22,,1,11,,,99.3,0,0,1,10/02 23:32
2026/10/03 04:02,2026-10-03T04:17:12+09:00,2026/10/05,2026/10/08,2026-10,CALL,44250,24230,,,,,,,,,,,,,
2026/10/03 04:02,2026-10-03T04:17:12+09:00,2026/10/05,2026/10/08,2026-10,PUT,44250,1,37,,99.38,,1,5,,,,,,,
2026/10/03 04:02,2026-10-03T04:17:12+09:00,2026/10/05,2026/10/08,2026-10,CALL,44000,24480,,,,,,,,,,,,,
2026/10/03 04:02,2026-10-03T04:17:12+09:00,2026/10/05,2026/10/08,2026-10,PUT,44000,1,312,,100.55,,1,64,,,,,,,
2026/10/03 04:02,2026-10-03T04:17:12+09:00,2026/10/05,2026/10/08,2026-10,CALL,43750,24730,,,,,,,,,,,,,
2026/10/03 04:02,2026-10-03T04:17:12+09:00,2026/10/05,2026/10/08,2026-10,PUT,43750,1,25,,101.73,,1,4,,,,,,,
2026/10/03 04:02,2026-10-03T04:17:12+09:00,2026/10/05,2026/10/08,2026-10,CALL,43500,24980,,,,,,,,,,,,,
2026/10/03 04:02,2026-10-03T04:17:12+09:00,2026/10/05,2026/10/08,2026-10,PUT,43500,1,36,,102.92,,1,18,,,,,,,
2026/10/03 04:02,2026-10-03T04:17:12+09:00,2026/10/05,2026/10/08,2026-10,CALL,43250,25230,,,,,,,,,,,,,
2026/10/03 04:02,2026-10-03T04:17:12+09:00,2026/10/05,2026/10/08,2026-10,PUT,43250,1,16,,104.11,,1,15,,,,,,,
2026/10/03 04:02,2026-10-03T04:17:12+09:00,2026/10/05,2026/10/08,2026-10,CALL,43000,25480,,,,,,,,,,,,,
2026/10/03 04:02,2026-10-03T04:17:12+09:00,2026/10/05,2026/10/08,2026-10,PUT,43000,1,507,,105.31,,1,56,,,,,,,
2026/10/03 04:02,2026-10-03T04:17:12+09:00,2026/10/05,2026/10/08,2026-10,CALL,42750,25730,3,,,,,,,,,,,,
2026/10/03 04:02,2026-10-03T04:17:12+09:00,2026/10/05,2026/10/08,2026-10,PUT,42750,1,33,,106.51,,1,4,,,,,,,
2026/10/03 04:02,2026-10-03T04:17:12+09:00,2026/10/05,2026/10/08,2026-10,CALL,42000,26480,,,,,,,,,,,,,
2026/10/03 04:02,2026-10-03T04:17:12+09:00,2026/10/05,2026/10/08,2026-10,PUT,42000,1,401,,110.16,,1,73,,,,,,,
2026/10/03 04:02,2026-10-03T04:17:12+09:00,2026/10/05,2026/10/08,2026-10,CALL,41000,27480,,,,,,,,,,,,,
2026/10/03 04:02,2026-10-03T04:17:12+09:00,2026/10/05,2026/10/08,2026-10,PUT,41000,1,280,,115.13,,1,10,,,,,,,
2026/10/03 04:02,2026-10-03T04:17:12+09:00,2026/10/05,2026/10/08,2026-10,CALL,40000,28480,,,,,,,,,,,,,
2026/10/03 04:02,2026-10-03T04:17:12+09:00,2026/10/05,2026/10/08,2026-10,PUT,40000,1,4647,2,120.21,,1,103,,,120.29,0,0,1,10/02 22:21
2026/10/03 04:02,2026-10-03T04:17:12+09:00,2026/10/05,2026/10/08,2026-10,CALL,39000,29480,,,,,,,,,,,,,
2026/10/03 04:02,2026-10-03T04:17:12+09:00,2026/10/05,2026/10/08,2026-10,PUT,39000,1,191,5,125.41,,1,12,,,125.41,0,0,1,10/02 21:37
2026/10/03 04:02,2026-10-03T04:17:12+09:00,2026/10/05,2026/10/08,2026-10,CALL,38000,30480,,,,,,,,,,,,,
2026/10/03 04:02,2026-10-03T04:17:12+09:00,2026/10/05,2026/10/08,2026-10,PUT,38000,1,420,,130.75,,1,15,,,,,,,
2026/10/03 04:02,2026-10-03T04:17:12+09:00,2026/10/05,2026/10/08,2026-10,CALL,37000,31480,,,,,,,,,,,,,
2026/10/03 04:02,2026-10-03T04:17:12+09:00,2026/10/05,2026/10/08,2026-10,PUT,37000,1,460,,136.22,,1,33,,,,,,,
2026/10/03 04:02,2026-10-03T04:17:12+09:00,2026/10/05,2026/10/08,2026-10,CALL,36000,32480,,,,,,,,,,,,,
2026/10/03 04:02,2026-10-03T04:17:12+09:00,2026/10/05,2026/10/08,2026-10,PUT,36000,1,98,,141.84,,1,11,,,,,,,
2026/10/03 04:02,2026-10-03T04:17:12+09:00,2026/10/05,2026/10/08,2026-10,CALL,35000,33480,24,,,,,,,,,,,,
2026/10/03 04:02,2026-10-03T04:17:12+09:00,2026/10/05,2026/10/08,2026-10,PUT,35000,1,2205,2,147.61,,1,23,,,147.61,0,0,1,10/02 21:36
2026/10/03 04:02,2026-10-03T04:17:12+09:00,2026/10/05,2026/11/12,2026-11,CALL,100000,1,93,6,31.93,,1,24,,,31.88,,,1,10/02 22:55
2026/10/03 04:02,2026-10-03T04:17:12+09:00,2026/10/05,2026/11/12,2026-11,PUT,100000,31430,,,,,,,,,,,,,
2026/10/03 04:02,2026-10-03T04:17:12+09:00,2026/10/05,2026/11/12,2026-11,CALL,97500,1,,,31.5,,2,1,,,,,,,
2026/10/03 04:02,2026-10-03T04:17:12+09:00,2026/10/05,2026/11/12,2026-11,PUT,97500,28935,,,,,,,,,,,,,
2026/10/03 04:02,2026-10-03T04:17:12+09:00,2026/10/05,2026/11/12,2026-11,CALL,95000,1,34,2,29.28,27.75,2,12,1,8,27.61,0,0,1,10/02 22:05
2026/10/03 04:02,2026-10-03T04:17:12+09:00,2026/10/05,2026/11/12,2026-11,PUT,95000,26440,,,,,,,,,,,,,
2026/10/03 04:02,2026-10-03T04:17:12+09:00,2026/10/05,2026/11/12,2026-11,CALL,92500,2,14,11,26.99,25.56,2,2,1,9,25.87,0,0,1,10/02 21:26
2026/10/03 04:02,2026-10-03T04:17:12+09:00,2026/10/05,2026/11/12,2026-11,PUT,92500,23945,,,,,,,,,,,,,
2026/10/03 04:02,2026-10-03T04:17:12+09:00,2026/10/05,2026/11/12,2026-11,CALL,90000,2,281,42,26.15,25.48,4,7,3,10,26.15,,,4,10/03 03:36
2026/10/03 04:02,2026-10-03T04:17:12+09:00,2026/10/05,2026/11/12,2026-11,PUT,90000,21450,,,,,,,,,,,,,
2026/10/03 04:02,2026-10-03T04:17:12+09:00,2026/10/05,2026/11/12,2026-11,CALL,87500,4,195,32,25.53,24.06,9,1,5,1,25.53,5,125,9,10/03 03:40
2026/10/03 04:02,2026-10-03T04:17:12+09:00,2026/10/05,2026/11/12,2026-11,PUT,87500,18955,,,,,,,,,,,,,
2026/10/03 04:02,2026-10-03T04:17:12+09:00,2026/10/05,2026/11/12,2026-11,CALL,85000,10,164,52,24.85,23.8,20,1,14,1,23.99,5,50,15,10/03 03:21
2026/10/03 04:02,2026-10-03T04:17:12+09:00,2026/10/05,2026/11/12,2026-11,PUT,85000,16470,,,,,,,,,,,,,
2026/10/03 04:02,2026-10-03T04:17:12+09:00,2026/10/05,2026/11/12,2026-11,CALL,82500,27,200,64,24.57,23.3,50,6,35,1,23.55,11,40.74,38,10/03 02:16
2026/10/03 04:02,2026-10-03T04:17:12+09:00,2026/10/05,2026/11/12,2026-11,PUT,82500,13990,,,,,,,,,,,,,
2026/10/03 04:02,2026-10-03T04:17:12+09:00,2026/10/05,2026/11/12,2026-11,CALL,80000,73,372,60,23.83,23.07,108,2,91,1,23.74,41,63.08,106,10/03 03:57
2026/10/03 04:02,2026-10-03T04:17:12+09:00,2026/10/05,2026/11/12,2026-11,PUT,80000,11535,,,,,,,,,,,,,
2026/10/03 04:02,2026-10-03T04:17:12+09:00,2026/10/05,2026/11/12,2026-11,CALL,79500,88,18,8,23.98,23.29,134,2,116,3,23.81,39,51.32,115,10/03 00:24
2026/10/03 04:02,2026-10-03T04:17:12+09:00,2026/10/05,2026/11/12,2026-11,PUT,79500,11050,2,,,,,,,,,,,,
2026/10/03 04:02,2026-10-03T04:17:12+09:00,2026/10/05,2026/11/12,2026-11,CALL,79000,105,120,40,23.64,23.47,150,5,145,3,23.47,50,52.63,145,10/03 03:27
2026/10/03 04:02,2026-10-03T04:17:12+09:00,2026/10/05,2026/11/12,2026-11,PUT,79000,10575,,,,,,,,,,,,,
2026/10/03 04:02,2026-10-03T04:17:12+09:00,2026/10/05,2026/11/12,2026-11,CALL,78500,128,7,,23.9,23.29,188,2,168,2,,,,,
2026/10/03 04:02,2026-10-03T04:17:12+09:00,2026/10/05,2026/11/12,2026-11,PUT,78500,10095,,,,,,,,,,,,,
2026/10/03 04:02,2026-10-03T04:17:12+09:00,2026/10/05,2026/11/12,2026-11,CALL,78000,150,300,19,24.12,23.35,232,2,203,2,24.15,115,76.67,265,10/02 23:43
2026/10/03 04:02,2026-10-03T04:17:12+09:00,2026/10/05,2026/11/12,2026-11,PUT,78000,9620,,,,,,,,,,,,,
2026/10/03 04:02,2026-10-03T04:17:12+09:00,2026/10/05,2026/11/12,2026-11,CALL,77500,183,7,8,24.03,23.43,270,2,245,2,23.88,69,40.35,240,10/03 00:21
2026/10/03 04:02,2026-10-03T04:17:12+09:00,2026/10/05,2026/11/12,2026-11,PUT,77500,9150,,,,,,,,,,,,,
2026/10/03 04:02,2026-10-03T04:17:12+09:00,2026/10/05,2026/11/12,2026-11,CALL,77000,214,246,32,24.18,23.42,325,2,290,2,23.97,108,52.17,315,10/03 03:16
2026/10/03 04:02,2026-10-03T04:17:12+09:00,2026/10/05,2026/11/12,2026-11,PUT,77000,8685,,,,,,,,,,,,,
2026/10/03 04:02,2026-10-03T04:17:12+09:00,2026/10/05,2026/11/12,2026-11,CALL,76500,255,292,2,24.26,23.48,385,2,345,2,24.18,208,95.85,425,10/02 23:44
2026/10/03 04:02,2026-10-03T04:17:12+09:00,2026/10/05,2026/11/12,2026-11,PUT,76500,8225,,,,,,,,,,,,,
2026/10/03 04:02,2026-10-03T04:17:12+09:00,2026/10/05,2026/11/12,2026-11,CALL,76250,279,2,,24.15,23.49,410,2,375,2,,,,,
2026/10/03 04:02,2026-10-03T04:17:12+09:00,2026/10/05,2026/11/12,2026-11,PUT,76250,8000,,,,,,,,,,,,,
2026/10/03 04:02,2026-10-03T04:17:12+09:00,2026/10/05,2026/11/12,2026-11,CALL,76000,299,181,27,24.19,23.56,445,2,410,2,23.95,204,73.91,480,10/02 23:50
2026/10/03 04:02,2026-10-03T04:17:12+09:00,2026/10/05,2026/11/12,2026-11,PUT,76000,7775,,,,,,,,,,,,,
2026/10/03 04:02,2026-10-03T04:17:12+09:00,2026/10/05,2026/11/12,2026-11,CALL,75750,325,2,,24.19,23.49,480,2,440,2,,,,,
2026/10/03 04:02,2026-10-03T04:17:12+09:00,2026/10/05,2026/11/12,2026-11,PUT,75750,7550,,,,,,,,,,,,,
2026/10/03 04:02,2026-10-03T04:17:12+09:00,2026/10/05,2026/11/12,2026-11,CALL,75500,355,93,4,24.23,23.57,520,2,480,2,24.36,200,59.7,535,10/02 22:58
2026/10/03 04:02,2026-10-03T04:17:12+09:00,2026/10/05,2026/11/12,2026-11,PUT,75500,7325,,,,,,,,,,,,,
2026/10/03 04:02,2026-10-03T04:17:12+09:00,2026/10/05,2026/11/12,2026-11,CALL,75250,380,2,,24.47,23.51,575,2,515,2,,,,,
2026/10/03 04:02,2026-10-03T04:17:12+09:00,2026/10/05,2026/11/12,2026-11,PUT,75250,7105,,,,,,,,,,,,,
2026/10/03 04:02,2026-10-03T04:17:12+09:00,2026/10/05,2026/11/12,2026-11,CALL,75000,415,520,32,24.35,23.66,610,2,565,2,24.33,225,60.81,595,10/03 02:01
2026/10/03 04:02,2026-10-03T04:17:12+09:00,2026/10/05,2026/11/12,2026-11,PUT,75000,6890,,,,,,,,,,,,,
2026/10/03 04:02,2026-10-03T04:17:12+09:00,2026/10/05,2026/11/12,2026-11,CALL,74750,450,3,,24.49,23.6,665,2,605,2,,,,,
2026/10/03 04:02,2026-10-03T04:17:12+09:00,2026/10/05,2026/11/12,2026-11,PUT,74750,6670,,,,,,,,,,,,,
2026/10/03 04:02,2026-10-03T04:17:12+09:00,2026/10/05,2026/11/12,2026-11,CALL,74500,485,121,2,24.52,23.73,715,2,660,2,24.25,245,53.26,705,10/02 22:56
2026/10/03 04:02,2026-10-03T04:17:12+09:00,2026/10/05,2026/11/12,2026-11,PUT,74500,6460,,,29.74,17.14,5920,4,5075,4,,,,,
2026/10/03 04:02,2026-10-03T04:17:12+09:00,2026/10/05,2026/11/12,2026-11,CALL,74250,525,1,,24.5,23.59,765,2,700,2,,,,,
2026/10/03 04:02,2026-10-03T04:17:12+09:00,2026/10/05,2026/11/12,2026-11,PUT,74250,6250,,,32.99,20.88,5995,4,5080,4,,,,,
2026/10/03 04:02,2026-10-03T04:17:12+09:00,2026/10/05,2026/11/12,2026-11,CALL,74000,530,227,22,24.51,23.63,820,2,755,2,24.24,360,67.92,890,10/02 23:05
2026/10/03 04:02,2026-10-03T04:17:12+09:00,2026/10/05,2026/11/12,2026-11,PUT,74000,6040,,,32.66,19.51,5785,8,4785,8,,,,,
2026/10/03 04:02,2026-10-03T04:17:12+09:00,2026/10/05,2026/11/12,2026-11,CALL,73750,605,20,,24.61,23.7,885,2,815,2,,,,,
2026/10/03 04:02,2026-10-03T04:17:12+09:00,2026/10/05,2026/11/12,2026-11,PUT,73750,5835,,,32.36,20.17,5580,4,4625,4,,,,,
2026/10/03 04:02,2026-10-03T04:17:12+09:00,2026/10/05,2026/11/12,2026-11,CALL,73500,650,14,3,24.74,23.72,955,2,875,2,24.3,420,73.04,995,10/02 23:03
2026/10/03 04:02,2026-10-03T04:17:12+09:00,2026/10/05,2026/11/12,2026-11,PUT,73500,5630,,,32.05,21.68,5375,4,4535,4,,,,,
2026/10/03 04:02,2026-10-03T04:17:12+09:00,2026/10/05,2026/11/12,2026-11,CALL,73250,705,9,,24.63,23.75,1010,2,940,2,,,,,
2026/10/03 04:02,2026-10-03T04:17:12+09:00,2026/10/05,2026/11/12,2026-11,PUT,73250,5425,,,31.7,18.53,5170,4,4110,4,,,,,
2026/10/03 04:02,2026-10-03T04:17:12+09:00,2026/10/05,2026/11/12,2026-11,CALL,73000,745,262,5,24.66,23.99,1080,2,1025,2,24.29,405,54.36,1150,10/02 23:24
2026/10/03 04:02,2026-10-03T04:17:12+09:00,2026/10/05,2026/11/12,2026-11,PUT,73000,5230,,,24.96,23.44,4420,2,4295,2,,,,,
2026/10/03 04:02,2026-10-03T04:17:12+09:00,2026/10/05,2026/11/12,2026-11,CALL,72750,750,2,,24.72,23.82,1155,2,1080,2,,,,,
2026/10/03 04:02,2026-10-03T04:17:12+09:00,2026/10/05,2026/11/12,2026-11,PUT,72750,5040,,,25.54,23.76,4290,6,4140,2,,,,,
2026/10/03 04:02,2026-10-03T04:17:12+09:00,2026/10/05,2026/11/12,2026-11,CALL,72500,850,576,2,24.78,24.08,1235,2,1175,2,24.63,390,45.88,1240,10/02 21:54
2026/10/03 04:02,2026-10-03T04:17:12+09:00,2026/10/05,2026/11/12,2026-11,PUT,72500,4850,330,,25.54,23.79,4115,13,3965,2,,,,,
2026/10/03 04:02,2026-10-03T04:17:12+09:00,2026/10/05,2026/11/12,2026-11,CALL,72250,920,8,1,24.87,23.89,1320,1,1235,1,24.72,445,50.28,1330,10/02 21:57
2026/10/03 04:02,2026-10-03T04:17:12+09:00,2026/10/05,2026/11/12,2026-11,PUT,72250,4660,,,25.21,23.78,3915,1,3790,1,,,,,
2026/10/03 04:02,2026-10-03T04:17:12+09:00,2026/10/05,2026/11/12,2026-11,CALL,72125,995,93,,25.71,23.32,1435,15,1225,15,,,,,
2026/10/03 04:02,2026-10-03T04:17:12+09:00,2026/10/05,2026/11/12,2026-11,PUT,72125,4595,,,30.89,20.77,4340,2,3445,2,,,,,
2026/10/03 04:02,2026-10-03T04:17:12+09:00,2026/10/05,2026/11/12,2026-11,CALL,72000,925,1640,7,25.19,23.95,1430,1,1320,1,24.29,330,35.68,1255,10/03 00:24
2026/10/03 04:02,2026-10-03T04:17:12+09:00,2026/10/05,2026/11/12,2026-11,PUT,72000,4475,,3,25.19,24,3745,1,3640,1,23.94,,,3430,10/02 23:32
2026/10/03 04:02,2026-10-03T04:17:12+09:00,2026/10/05,2026/11/12,2026-11,CALL,71875,1075,,,25.72,23.36,1520,15,1310,15,,,,,
2026/10/03 04:02,2026-10-03T04:17:12+09:00,2026/10/05,2026/11/12,2026-11,PUT,71875,4425,,,30.79,20.98,4170,2,3290,2,,,,,
2026/10/03 04:02,2026-10-03T04:17:12+09:00,2026/10/05,2026/11/12,2026-11,CALL,71750,1055,,,25.01,24.18,1500,1,1425,1,,,,,
2026/10/03 04:02,2026-10-03T04:17:12+09:00,2026/10/05,2026/11/12,2026-11,PUT,71750,4295,,,25.46,23.56,3605,5,3435,1,,,,,
2026/10/03 04:02,2026-10-03T04:17:12+09:00,2026/10/05,2026/11/12,2026-11,CALL,71625,1140,8,,25.74,23.36,1610,15,1395,15,,,,,
2026/10/03 04:02,2026-10-03T04:17:12+09:00,2026/10/05,2026/11/12,2026-11,PUT,71625,4240,,,25.96,23.42,3570,9,3340,9,,,,,
2026/10/03 04:02,2026-10-03T04:17:12+09:00,2026/10/05,2026/11/12,2026-11,CALL,71500,1130,359,,25.24,24.14,1610,1,1510,1,,,,,
2026/10/03 04:02,2026-10-03T04:17:12+09:00,2026/10/05,2026/11/12,2026-11,PUT,71500,4120,,,25.35,24.03,3435,12,3315,1,,,,,
2026/10/03 04:02,2026-10-03T04:17:12+09:00,2026/10/05,2026/11/12,2026-11,CALL,71375,1200,,,25.77,23.48,1705,15,1495,15,,,,,
2026/10/03 04:02,2026-10-03T04:17:12+09:00,2026/10/05,2026/11/12,2026-11,PUT,71375,4050,,,25.99,23.48,3415,9,3185,9,,,,,
2026/10/03 04:02,2026-10-03T04:17:12+09:00,2026/10/05,2026/11/12,2026-11,CALL,71250,1215,6,,25.42,24.33,1720,1,1620,1,,,,,
2026/10/03 04:02,2026-10-03T04:17:12+09:00,2026/10/05,2026/11/12,2026-11,PUT,71250,3945,,,25.37,24.12,3280,1,3165,1,,,,,
2026/10/03 04:02,2026-10-03T04:17:12+09:00,2026/10/05,2026/11/12,2026-11,CALL,71125,1295,2,,25.76,23.44,1800,15,1585,15,,,,,
2026/10/03 04:02,2026-10-03T04:17:12+09:00,2026/10/05,2026/11/12,2026-11,PUT,71125,3895,,,26.09,23.6,3270,9,3040,9,,,,,
2026/10/03 04:02,2026-10-03T04:17:12+09:00,2026/10/05,2026/11/12,2026-11,CALL,71000,1285,1336,,25.23,24.15,1800,1,1700,1,,,,,
2026/10/03 04:02,2026-10-03T04:17:12+09:00,2026/10/05,2026/11/12,2026-11,PUT,71000,3780,,1,25.5,24.32,3140,8,3030,1,24.82,,,3040,10/02 21:57
2026/10/03 04:02,2026-10-03T04:17:12+09:00,2026/10/05,2026/11/12,2026-11,CALL,70875,1335,,,25.82,23.51,1905,15,1690,15,,,,,
2026/10/03 04:02,2026-10-03T04:17:12+09:00,2026/10/05,2026/11/12,2026-11,PUT,70875,3685,,,26.09,23.62,3120,9,2890,9,,,,,
2026/10/03 04:02,2026-10-03T04:17:12+09:00,2026/10/05,2026/11/12,2026-11,CALL,70750,1390,4,1,25.33,24.15,1910,1,1800,1,24.88,,,1765,10/02 20:09
2026/10/03 04:02,2026-10-03T04:17:12+09:00,2026/10/05,2026/11/12,2026-11,PUT,70750,3615,160,,25.54,24.2,2995,1,2870,1,,,,,
2026/10/03 04:02,2026-10-03T04:17:12+09:00,2026/10/05,2026/11/12,2026-11,CALL,70625,1435,,,25.89,23.59,2015,15,1800,15,,,,,
2026/10/03 04:02,2026-10-03T04:17:12+09:00,2026/10/05,2026/11/12,2026-11,PUT,70625,3540,,,25.84,23.65,2950,9,2745,9,,,,,
2026/10/03 04:02,2026-10-03T04:17:12+09:00,2026/10/05,2026/11/12,2026-11,CALL,70500,1490,30,2,25.48,24.26,2030,1,1915,1,25,615,43.93,2015,10/02 21:57
2026/10/03 04:02,2026-10-03T04:17:12+09:00,2026/10/05,2026/11/12,2026-11,PUT,70500,3465,,,25.64,24.42,2860,5,2745,1,,,,,
2026/10/03 04:02,2026-10-03T04:17:12+09:00,2026/10/05,2026/11/12,2026-11,CALL,70375,1515,102,,26.13,23.58,2145,15,1905,15,,,,,
2026/10/03 04:02,2026-10-03T04:17:12+09:00,2026/10/05,2026/11/12,2026-11,PUT,70375,3370,,,26.02,23.9,2825,7,2625,7,,,,,
2026/10/03 04:02,2026-10-03T04:17:12+09:00,2026/10/05,2026/11/12,2026-11,CALL,70250,1570,119,1,25.49,24.16,2140,1,2015,12,24.69,360,22.36,1970,10/03 00:19
2026/10/03 04:02,2026-10-03T04:17:12+09:00,2026/10/05,2026/11/12,2026-11,PUT,70250,3300,,,25.65,24.48,2720,1,2610,1,,,,,
2026/10/03 04:02,2026-10-03T04:17:12+09:00,2026/10/05,2026/11/12,2026-11,CALL,70125,1610,,,26.17,23.73,2260,9,2030,9,,,,,
2026/10/03 04:02,2026-10-03T04:17:12+09:00,2026/10/05,2026/11/12,2026-11,PUT,70125,3215,,,26.06,23.83,2690,15,2480,15,,,,,
2026/10/03 04:02,2026-10-03T04:17:12+09:00,2026/10/05,2026/11/12,2026-11,CALL,70000,1565,1334,29,25.61,24.39,2265,1,2150,9,24.78,505,32.27,2070,10/03 00:23
2026/10/03 04:02,2026-10-03T04:17:12+09:00,2026/10/05,2026/11/12,2026-11,PUT,70000,3145,571,17,25.82,24.6,2600,16,2485,1,24.92,-775,-24.84,2345,10/02 23:40
2026/10/03 04:02,2026-10-03T04:17:12+09:00,2026/10/05,2026/11/12,2026-11,CALL,69875,1725,16,,26.27,23.83,2385,9,2155,9,,,,,
2026/10/03 04:02,2026-10-03T04:17:12+09:00,2026/10/05,2026/11/12,2026-11,PUT,69875,3075,,,26.43,23.88,2590,15,2350,15,,,,,
2026/10/03 04:02,2026-10-03T04:17:12+09:00,2026/10/05,2026/11/12,2026-11,CALL,69750,1780,1,,25.74,24.52,2395,1,2280,1,,,,,
2026/10/03 04:02,2026-10-03T04:17:12+09:00,2026/10/05,2026/11/12,2026-11,PUT,69750,3010,,,25.74,24.79,2460,1,2370,1,,,,,
2026/10/03 04:02,2026-10-03T04:17:12+09:00,2026/10/05,2026/11/12,2026-11,CALL,69625,1825,,,26.49,24.04,2525,9,2295,9,,,,,
2026/10/03 04:02,2026-10-03T04:17:12+09:00,2026/10/05,2026/11/12,2026-11,PUT,69625,2925,,,26.49,24.2,2465,15,2250,15,,,,,
2026/10/03 04:02,2026-10-03T04:17:12+09:00,2026/10/05,2026/11/12,2026-11,CALL,69500,1885,16,,25.73,24.66,2515,1,2415,1,,,,,
2026/10/03 04:02,2026-10-03T04:17:12+09:00,2026/10/05,2026/11/12,2026-11,PUT,69500,2865,1,,25.89,24.77,2345,1,2240,1,,,,,
2026/10/03 04:02,2026-10-03T04:17:12+09:00,2026/10/05,2026/11/12,2026-11,CALL,69375,1940,118,,26.61,24.16,2660,9,2430,9,,,,,
2026/10/03 04:02,2026-10-03T04:17:12+09:00,2026/10/05,2026/11/12,2026-11,PUT,69375,2795,,,26.55,24.26,2345,15,2130,15,,,,,
2026/10/03 04:02,2026-10-03T04:17:12+09:00,2026/10/05,2026/11/12,2026-11,CALL,69250,1995,,,25.88,24.7,2655,1,2545,8,,,,,
2026/10/03 04:02,2026-10-03T04:17:12+09:00,2026/10/05,2026/11/12,2026-11,PUT,69250,2730,,,25.99,24.76,2230,1,2115,1,,,,,
2026/10/03 04:02,2026-10-03T04:17:12+09:00,2026/10/05,2026/11/12,2026-11,CALL,69125,2040,,,26.69,24.23,2795,9,2565,9,,,,,
2026/10/03 04:02,2026-10-03T04:17:12+09:00,2026/10/05,2026/11/12,2026-11,PUT,69125,2640,,,26.69,24.39,2235,15,2020,15,,,,,
2026/10/03 04:02,2026-10-03T04:17:12+09:00,2026/10/05,2026/11/12,2026-11,CALL,69000,2100,3862,6,25.94,24.75,2790,1,2680,9,25.52,550,27.09,2580,10/02 19:54
2026/10/03 04:02,2026-10-03T04:17:12+09:00,2026/10/05,2026/11/12,2026-11,PUT,69000,2590,473,3,25.99,24.81,2110,1,2000,1,25.59,,,2200,10/02 20:56
2026/10/03 04:02,2026-10-03T04:17:12+09:00,2026/10/05,2026/11/12,2026-11,CALL,68875,2155,25,,29.15,23.17,3155,2,2600,2,,,,,
2026/10/03 04:02,2026-10-03T04:17:12+09:00,2026/10/05,2026/11/12,2026-11,PUT,68875,2510,,,26.84,24.52,2130,15,1915,15,,,,,
2026/10/03 04:02,2026-10-03T04:17:12+09:00,2026/10/05,2026/11/12,2026-11,CALL,68750,2225,10,,26.22,24.81,2950,1,2820,1,,,,,
2026/10/03 04:02,2026-10-03T04:17:12+09:00,2026/10/05,2026/11/12,2026-11,PUT,68750,2455,,,25.95,25.14,1990,1,1915,1,,,,,
2026/10/03 04:02,2026-10-03T04:17:12+09:00,2026/10/05,2026/11/12,2026-11,CALL,68625,2275,1,,28.19,19.96,3200,2,2445,2,,,,,
2026/10/03 04:02,2026-10-03T04:17:12+09:00,2026/10/05,2026/11/12,2026-11,PUT,68625,2380,,,26.94,24.61,2025,15,1810,15,,,,,
2026/10/03 04:02,2026-10-03T04:17:12+09:00,2026/10/05,2026/11/12,2026-11,CALL,68500,2230,15,,26.24,24.99,3090,1,2975,5,,,,,
2026/10/03 04:02,2026-10-03T04:17:12+09:00,2026/10/05,2026/11/12,2026-11,PUT,68500,2335,157,,26.24,25.1,1905,1,1800,1,,,,,
2026/10/03 04:02,2026-10-03T04:17:12+09:00,2026/10/05,2026/11/12,2026-11,CALL,68375,2425,16,,27.88,20.89,3310,2,2675,2,,,,,
2026/10/03 04:02,2026-10-03T04:17:12+09:00,2026/10/05,2026/11/12,2026-11,PUT,68375,2280,16,,27.12,24.81,1930,15,1720,15,,,,,
2026/10/03 04:02,2026-10-03T04:17:12+09:00,2026/10/05,2026/11/12,2026-11,CALL,68250,2505,,,26.89,25.06,3290,5,3125,1,,,,,
2026/10/03 04:02,2026-10-03T04:17:12+09:00,2026/10/05,2026/11/12,2026-11,PUT,68250,2235,,,26.28,25.45,1800,2,1725,2,,,,,
2026/10/03 04:02,2026-10-03T04:17:12+09:00,2026/10/05,2026/11/12,2026-11,CALL,68125,2560,,,30.34,20.72,3675,2,2810,2,,,,,
2026/10/03 04:02,2026-10-03T04:17:12+09:00,2026/10/05,2026/11/12,2026-11,PUT,68125,2165,,,27.25,24.92,1835,15,1625,15,,,,,
2026/10/03 04:02,2026-10-03T04:17:12+09:00,2026/10/05,2026/11/12,2026-11,CALL,68000,2575,626,3,26.49,24.82,3400,1,3250,16,25.09,715,27.77,3290,10/03 01:32
2026/10/03 04:02,2026-10-03T04:17:12+09:00,2026/10/05,2026/11/12,2026-11,PUT,68000,2155,208,,26.44,25.6,1710,2,1635,2,,,,,
2026/10/03 04:02,2026-10-03T04:17:12+09:00,2026/10/05,2026/11/12,2026-11,CALL,67875,2695,1,,29.58,20.48,3750,2,2945,2,,,,,
2026/10/03 04:02,2026-10-03T04:17:12+09:00,2026/10/05,2026/11/12,2026-11,PUT,67875,2050,,,27.57,24.93,1760,15,1525,15,,,,,
2026/10/03 04:02,2026-10-03T04:17:12+09:00,2026/10/05,2026/11/12,2026-11,CALL,67750,2765,35,,27.01,25.2,3595,1,3435,5,,,,,
2026/10/03 04:02,2026-10-03T04:17:12+09:00,2026/10/05,2026/11/12,2026-11,PUT,67750,1995,1,1,26.5,25.76,1615,2,1550,2,26.42,,,1460,10/02 23:09
2026/10/03 04:02,2026-10-03T04:17:12+09:00,2026/10/05,2026/11/12,2026-11,CALL,67625,2840,,,28.93,20.34,3840,2,3095,2,,,,,
2026/10/03 04:02,2026-10-03T04:17:12+09:00,2026/10/05,2026/11/12,2026-11,PUT,67625,1945,,,27.74,25.06,1675,15,1440,15,,,,,
2026/10/03 04:02,2026-10-03T04:17:12+09:00,2026/10/05,2026/11/12,2026-11,CALL,67500,2920,929,,27.49,24.56,3790,4,3535,4,,,,,
2026/10/03 04:02,2026-10-03T04:17:12+09:00,2026/10/05,2026/11/12,2026-11,PUT,67500,1900,4,,26.52,25.88,1520,2,1465,2,,,,,
2026/10/03 04:02,2026-10-03T04:17:12+09:00,2026/10/05,2026/11/12,2026-11,CALL,67375,3000,,,30.21,20.27,4105,2,3255,2,,,,,
2026/10/03 04:02,2026-10-03T04:17:12+09:00,2026/10/05,2026/11/12,2026-11,PUT,67375,1855,,,27.81,25.14,1585,15,1355,15,,,,,
2026/10/03 04:02,2026-10-03T04:17:12+09:00,2026/10/05,2026/11/12,2026-11,CALL,67250,3065,,,29.05,20.02,4080,4,3320,4,,,,,
2026/10/03 04:02,2026-10-03T04:17:12+09:00,2026/10/05,2026/11/12,2026-11,PUT,67250,1795,,,26.67,25.85,1440,2,1370,2,,,,,
2026/10/03 04:02,2026-10-03T04:17:12+09:00,2026/10/05,2026/11/12,2026-11,CALL,67125,3160,,,30.11,20.12,4250,2,3415,2,,,,,
2026/10/03 04:02,2026-10-03T04:17:12+09:00,2026/10/05,2026/11/12,2026-11,PUT,67125,1765,,,27.96,25.24,1505,15,1275,15,,,,,
2026/10/03 04:02,2026-10-03T04:17:12+09:00,2026/10/05,2026/11/12,2026-11,CALL,67000,3220,1440,,31.18,18.2,4420,8,3355,8,,,,,
2026/10/03 04:02,2026-10-03T04:17:12+09:00,2026/10/05,2026/11/12,2026-11,PUT,67000,1705,936,1,26.95,26.18,1375,3,1310,2,26.63,-415,-23.25,1370,10/03 02:29
2026/10/03 04:02,2026-10-03T04:17:12+09:00,2026/10/05,2026/11/12,2026-11,CALL,66875,3290,,,28.66,19.52,4285,2,3545,2,,,,,
2026/10/03 04:02,2026-10-03T04:17:12+09:00,2026/10/05,2026/11/12,2026-11,PUT,66875,1650,,2,28.01,25.48,1420,15,1210,15,26.58,,,1450,10/02 19:11
2026/10/03 04:02,2026-10-03T04:17:12+09:00,2026/10/05,2026/11/12,2026-11,CALL,66750,3385,6,,30.67,19.57,4535,4,3640,4,,,,,
2026/10/03 04:02,2026-10-03T04:17:12+09:00,2026/10/05,2026/11/12,2026-11,PUT,66750,1620,,,26.96,26.29,1290,2,1235,2,,,,,
2026/10/03 04:02,2026-10-03T04:17:12+09:00,2026/10/05,2026/11/12,2026-11,CALL,66625,3455,,,30.24,19.27,4580,2,3710,2,,,,,
2026/10/03 04:02,2026-10-03T04:17:12+09:00,2026/10/05,2026/11/12,2026-11,PUT,66625,1565,,,28.2,25.37,1350,15,1120,15,,,,,
2026/10/03 04:02,2026-10-03T04:17:12+09:00,2026/10/05,2026/11/12,2026-11,CALL,66500,3540,1,,30.52,19.15,4685,4,3795,4,,,,,
2026/10/03 04:02,2026-10-03T04:17:12+09:00,2026/10/05,2026/11/12,2026-11,PUT,66500,1525,441,1,27.17,26.49,1225,2,1170,2,26.81,-230,-14.6,1345,10/02 17:58
2026/10/03 04:02,2026-10-03T04:17:12+09:00,2026/10/05,2026/11/12,2026-11,CALL,66375,3620,,,30.13,18.94,4735,2,3875,2,,,,,
2026/10/03 04:02,2026-10-03T04:17:12+09:00,2026/10/05,2026/11/12,2026-11,PUT,66375,1475,,,28.29,25.4,1275,15,1045,15,,,,,
2026/10/03 04:02,2026-10-03T04:17:12+09:00,2026/10/05,2026/11/12,2026-11,CALL,66250,3710,1,,30.15,18.84,4820,4,3965,4,,,,,
2026/10/03 04:02,2026-10-03T04:17:12+09:00,2026/10/05,2026/11/12,2026-11,PUT,66250,1445,,,27.28,26.58,1155,2,1100,2,,,,,
2026/10/03 04:02,2026-10-03T04:17:12+09:00,2026/10/05,2026/11/12,2026-11,CALL,66125,3770,4,,33.11,18.26,5145,2,4025,2,,,,,
2026/10/03 04:02,2026-10-03T04:17:12+09:00,2026/10/05,2026/11/12,2026-11,PUT,66125,1380,,,28.47,25.77,1210,15,1000,15,,,,,
2026/10/03 04:02,2026-10-03T04:17:12+09:00,2026/10/05,2026/11/12,2026-11,CALL,66000,3890,669,,32.89,19.52,5210,8,4205,8,,,,,
2026/10/03 04:02,2026-10-03T04:17:12+09:00,2026/10/05,2026/11/12,2026-11,PUT,66000,1375,1820,2,27.35,26.63,1085,2,1030,2,27.36,-425,-29.93,995,10/02 23:05
2026/10/03 04:02,2026-10-03T04:17:12+09:00,2026/10/05,2026/11/12,2026-11,CALL,65875,3935,50,,31.53,17.67,5185,2,4190,2,,,,,
2026/10/03 04:02,2026-10-03T04:17:12+09:00,2026/10/05,2026/11/12,2026-11,PUT,65875,1295,,,28.61,25.91,1145,15,940,15,,,,,
2026/10/03 04:02,2026-10-03T04:17:12+09:00,2026/10/05,2026/11/12,2026-11,CALL,65750,4055,1,,31.02,17.97,5230,4,4310,4,,,,,
2026/10/03 04:02,2026-10-03T04:17:12+09:00,2026/10/05,2026/11/12,2026-11,PUT,65750,1290,,,27.44,26.78,1020,2,970,2,,,,,
2026/10/03 04:02,2026-10-03T04:17:12+09:00,2026/10/05,2026/11/12,2026-11,CALL,65625,4125,,,32.15,17.37,5405,2,4380,2,,,,,
2026/10/03 04:02,2026-10-03T04:17:12+09:00,2026/10/05,2026/11/12,2026-11,PUT,65625,1235,,,28.77,25.73,1085,15,860,15,,,,,
2026/10/03 04:02,2026-10-03T04:17:12+09:00,2026/10/05,2026/11/12,2026-11,CALL,65500,4240,209,,30.43,17.56,5360,4,4495,4,,,,,
2026/10/03 04:02,2026-10-03T04:17:12+09:00,2026/10/05,2026/11/12,2026-11,PUT,65500,1225,135,2,27.7,26.94,970,2,915,2,27.28,,,955,10/03 00:57
2026/10/03 04:02,2026-10-03T04:17:12+09:00,2026/10/05,2026/11/12,2026-11,CALL,65375,4290,11,,31.64,16.42,5540,2,4545,2,,,,,
2026/10/03 04:02,2026-10-03T04:17:12+09:00,2026/10/05,2026/11/12,2026-11,PUT,65375,1150,30,,28.91,26.06,1025,15,820,15,,,,,
2026/10/03 04:02,2026-10-03T04:17:12+09:00,2026/10/05,2026/11/12,2026-11,CALL,65250,4415,,,31.45,16.77,5615,4,4670,4,,,,,
2026/10/03 04:02,2026-10-03T04:17:12+09:00,2026/10/05,2026/11/12,2026-11,PUT,65250,1150,,,27.92,27.22,920,2,870,2,,,,,
2026/10/03 04:02,2026-10-03T04:17:12+09:00,2026/10/05,2026/11/12,2026-11,CALL,65125,4485,1,,31.39,15.86,5700,2,4740,2,,,,,
2026/10/03 04:02,2026-10-03T04:17:12+09:00,2026/10/05,2026/11/12,2026-11,PUT,65125,1100,,,29.07,26.22,970,15,770,15,,,,,
2026/10/03 04:02,2026-10-03T04:17:12+09:00,2026/10/05,2026/11/12,2026-11,CALL,65000,4610,428,,,,,,,,,,,,
2026/10/03 04:02,2026-10-03T04:17:12+09:00,2026/10/05,2026/11/12,2026-11,PUT,65000,1075,1119,14,28.04,27.38,865,2,820,2,27.63,-220,-20.47,855,10/03 00:11
2026/10/03 04:02,2026-10-03T04:17:12+09:00,2026/10/05,2026/11/12,2026-11,CALL,64875,4660,,,,,,,,,,,,,
2026/10/03 04:02,2026-10-03T04:17:12+09:00,2026/10/05,2026/11/12,2026-11,PUT,64875,1020,,,29.41,26.48,930,15,730,15,,,,,
2026/10/03 04:02,2026-10-03T04:17:12+09:00,2026/10/05,2026/11/12,2026-11,CALL,64750,4785,,,,,,,,,,,,,
2026/10/03 04:02,2026-10-03T04:17:12+09:00,2026/10/05,2026/11/12,2026-11,PUT,64750,1025,4,1,28.11,27.51,810,2,770,2,27.69,-100,-9.85,915,10/02 17:20
2026/10/03 04:02,2026-10-03T04:17:12+09:00,2026/10/05,2026/11/12,2026-11,CALL,64625,4845,1,,,,,,,,,,,,
2026/10/03 04:02,2026-10-03T04:17:12+09:00,2026/10/05,2026/11/12,2026-11,PUT,64625,955,494,,29.58,26.33,880,15,665,15,,,,,
2026/10/03 04:02,2026-10-03T04:17:12+09:00,2026/10/05,2026/11/12,2026-11,CALL,64500,4965,201,,,,,,,,,,,,
2026/10/03 04:02,2026-10-03T04:17:12+09:00,2026/10/05,2026/11/12,2026-11,PUT,64500,955,300,,28.37,27.76,770,2,730,2,,,,,
2026/10/03 04:02,2026-10-03T04:17:12+09:00,2026/10/05,2026/11/12,2026-11,CALL,64375,5085,2,,,,,,,,,,,,
2026/10/03 04:02,2026-10-03T04:17:12+09:00,2026/10/05,2026/11/12,2026-11,PUT,64375,945,82,,29.79,26.51,835,15,625,15,,,,,
2026/10/03 04:02,2026-10-03T04:17:12+09:00,2026/10/05,2026/11/12,2026-11,CALL,64250,5190,,,,,,,,,,,,,
2026/10/03 04:02,2026-10-03T04:17:12+09:00,2026/10/05,2026/11/12,2026-11,PUT,64250,925,,,28.53,27.73,725,2,675,2,,,,,
2026/10/03 04:02,2026-10-03T04:17:12+09:00,2026/10/05,2026/11/12,2026-11,CALL,64125,5310,,,,,,,,,,,,,
2026/10/03 04:02,2026-10-03T04:17:12+09:00,2026/10/05,2026/11/12,2026-11,PUT,64125,925,,,30.12,26.58,800,15,580,15,,,,,
2026/10/03 04:02,2026-10-03T04:17:12+09:00,2026/10/05,2026/11/12,2026-11,CALL,64000,5385,131,,,,,,,,,,,,
2026/10/03 04:02,2026-10-03T04:17:12+09:00,2026/10/05,2026/11/12,2026-11,PUT,64000,875,584,1,28.64,28.07,680,2,645,2,28.69,-270,-30,630,10/02 23:52
2026/10/03 04:02,2026-10-03T04:17:12+09:00,2026/10/05,2026/11/12,2026-11,CALL,63875,5485,,,,,,,,,,,,,
2026/10/03 04:02,2026-10-03T04:17:12+09:00,2026/10/05,2026/11/12,2026-11,PUT,63875,850,,,30.19,26.68,750,15,540,15,,,,,
2026/10/03 04:02,2026-10-03T04:17:12+09:00,2026/10/05,2026/11/12,2026-11,CALL,63750,5585,,,,,,,,,,,,,
2026/10/03 04:02,2026-10-03T04:17:12+09:00,2026/10/05,2026/11/12,2026-11,PUT,63750,825,10,,28.89,28.3,645,2,610,2,,,,,
2026/10/03 04:02,2026-10-03T04:17:12+09:00,2026/10/05,2026/11/12,2026-11,CALL,63625,5695,,,,,,,,,,,,,
2026/10/03 04:02,2026-10-03T04:17:12+09:00,2026/10/05,2026/11/12,2026-11,PUT,63625,810,,,30.55,27.11,720,15,520,15,,,,,
2026/10/03 04:02,2026-10-03T04:17:12+09:00,2026/10/05,2026/11/12,2026-11,CALL,63500,5790,17,,,,,,,,,,,,
2026/10/03 04:02,2026-10-03T04:17:12+09:00,2026/10/05,2026/11/12,2026-11,PUT,63500,775,15,,29.11,28.49,610,2,575,2,,,,,
2026/10/03 04:02,2026-10-03T04:17:12+09:00,2026/10/05,2026/11/12,2026-11,CALL,63375,5895,,,,,,,,,,,,,
2026/10/03 04:02,2026-10-03T04:17:12+09:00,2026/10/05,2026/11/12,2026-11,PUT,63375,760,,,30.63,27.24,675,15,485,15,,,,,
2026/10/03 04:02,2026-10-03T04:17:12+09:00,2026/10/05,2026/11/12,2026-11,CALL,63250,5995,15,,,,,,,,,,,,
2026/10/03 04:02,2026-10-03T04:17:12+09:00,2026/10/05,2026/11/12,2026-11,PUT,63250,735,15,,29.29,28.75,575,2,545,2,,,,,
2026/10/03 04:02,2026-10-03T04:17:12+09:00,2026/10/05,2026/11/12,2026-11,CALL,63125,6110,,,,,,,,,,,,,
2026/10/03 04:02,2026-10-03T04:17:12+09:00,2026/10/05,2026/11/12,2026-11,PUT,63125,725,,,,,,,,,,,,,
2026/10/03 04:02,2026-10-03T04:17:12+09:00,2026/10/05,2026/11/12,2026-11,CALL,63000,6205,,,,,,,,,,,,,
2026/10/03 04:02,2026-10-03T04:17:12+09:00,2026/10/05,2026/11/12,2026-11,PUT,63000,695,1399,21,29.53,28.78,545,2,505,2,29.4,-195,-28.47,490,10/02 23:40
2026/10/03 04:02,2026-10-03T04:17:12+09:00,2026/10/05,2026/11/12,2026-11,CALL,62875,6280,,,,,,,,,,,,,
2026/10/03 04:02,2026-10-03T04:17:12+09:00,2026/10/05,2026/11/12,2026-11,PUT,62875,640,1,,,,,,,,,,,,
2026/10/03 04:02,2026-10-03T04:17:12+09:00,2026/10/05,2026/11/12,2026-11,CALL,62750,6400,,,,,,,,,,,,,
2026/10/03 04:02,2026-10-03T04:17:12+09:00,2026/10/05,2026/11/12,2026-11,PUT,62750,645,33,1,29.84,29.16,520,2,485,2,29.25,-65,-10.32,565,10/02 17:33
2026/10/03 04:02,2026-10-03T04:17:12+09:00,2026/10/05,2026/11/12,2026-11,CALL,62625,6485,,,,,,,,,,,,,
2026/10/03 04:02,2026-10-03T04:17:12+09:00,2026/10/05,2026/11/12,2026-11,PUT,62625,600,109,,,,,,,,,,,,
2026/10/03 04:02,2026-10-03T04:17:12+09:00,2026/10/05,2026/11/12,2026-11,CALL,62500,6605,,,,,,,,,,,,,
2026/10/03 04:02,2026-10-03T04:17:12+09:00,2026/10/05,2026/11/12,2026-11,PUT,62500,605,485,1,29.93,29.22,485,2,450,2,29.56,-130,-21.49,475,10/03 00:44
2026/10/03 04:02,2026-10-03T04:17:12+09:00,2026/10/05,2026/11/12,2026-11,CALL,62375,6715,,,,,,,,,,,,,
2026/10/03 04:02,2026-10-03T04:17:12+09:00,2026/10/05,2026/11/12,2026-11,PUT,62375,580,,,,,,,,,,,,,
2026/10/03 04:02,2026-10-03T04:17:12+09:00,2026/10/05,2026/11/12,2026-11,CALL,62250,6840,,,,,,,,,,,,,
2026/10/03 04:02,2026-10-03T04:17:12+09:00,2026/10/05,2026/11/12,2026-11,PUT,62250,580,102,,30.29,29.45,465,2,425,2,,,,,
2026/10/03 04:02,2026-10-03T04:17:12+09:00,2026/10/05,2026/11/12,2026-11,CALL,62125,6915,,,,,,,,,,,,,
2026/10/03 04:02,2026-10-03T04:17:12+09:00,2026/10/05,2026/11/12,2026-11,PUT,62125,560,1,,,,,,,,,,,,
2026/10/03 04:02,2026-10-03T04:17:12+09:00,2026/10/05,2026/11/12,2026-11,CALL,62000,7035,,,,,,,,,,,,,
2026/10/03 04:02,2026-10-03T04:17:12+09:00,2026/10/05,2026/11/12,2026-11,PUT,62000,545,1704,11,30.41,29.76,435,2,405,2,30.47,-135,-23.68,435,10/03 01:29
2026/10/03 04:02,2026-10-03T04:17:12+09:00,2026/10/05,2026/11/12,2026-11,CALL,61875,7140,,,,,,,,,,,,,
2026/10/03 04:02,2026-10-03T04:17:12+09:00,2026/10/05,2026/11/12,2026-11,PUT,61875,530,1,,,,,,,,,,,,
2026/10/03 04:02,2026-10-03T04:17:12+09:00,2026/10/05,2026/11/12,2026-11,CALL,61750,7260,,,,,,,,,,,,,
2026/10/03 04:02,2026-10-03T04:17:12+09:00,2026/10/05,2026/11/12,2026-11,PUT,61750,515,,,30.83,29.93,420,2,380,2,,,,,
2026/10/03 04:02,2026-10-03T04:17:12+09:00,2026/10/05,2026/11/12,2026-11,CALL,61625,7370,,,,,,,,,,,,,
2026/10/03 04:02,2026-10-03T04:17:12+09:00,2026/10/05,2026/11/12,2026-11,PUT,61625,485,6,,,,,,,,,,,,
2026/10/03 04:02,2026-10-03T04:17:12+09:00,2026/10/05,2026/11/12,2026-11,CALL,61500,7490,,,,,,,,,,,,,
2026/10/03 04:02,2026-10-03T04:17:12+09:00,2026/10/05,2026/11/12,2026-11,PUT,61500,485,542,,31.12,30.19,400,2,360,2,,,,,
2026/10/03 04:02,2026-10-03T04:17:12+09:00,2026/10/05,2026/11/12,2026-11,CALL,61375,7580,,,,,,,,,,,,,
2026/10/03 04:02,2026-10-03T04:17:12+09:00,2026/10/05,2026/11/12,2026-11,PUT,61375,475,113,,,,,,,,,,,,
2026/10/03 04:02,2026-10-03T04:17:12+09:00,2026/10/05,2026/11/12,2026-11,CALL,61250,7700,,,,,,,,,,,,,
2026/10/03 04:02,2026-10-03T04:17:12+09:00,2026/10/05,2026/11/12,2026-11,PUT,61250,460,28,,31.39,30.54,380,2,345,2,,,,,
2026/10/03 04:02,2026-10-03T04:17:12+09:00,2026/10/05,2026/11/12,2026-11,CALL,61125,7805,,,,,,,,,,,,,
2026/10/03 04:02,2026-10-03T04:17:12+09:00,2026/10/05,2026/11/12,2026-11,PUT,61125,420,5,,,,,,,,,,,,
2026/10/03 04:02,2026-10-03T04:17:12+09:00,2026/10/05,2026/11/12,2026-11,CALL,61000,7925,200,,,,,,,,,,,,
2026/10/03 04:02,2026-10-03T04:17:12+09:00,2026/10/05,2026/11/12,2026-11,PUT,61000,435,850,12,31.63,30.62,360,2,320,2,31.21,-75,-17.24,360,10/02 20:24
2026/10/03 04:02,2026-10-03T04:17:12+09:00,2026/10/05,2026/11/12,2026-11,CALL,60875,8035,,,,,,,,,,,,,
2026/10/03 04:02,2026-10-03T04:17:12+09:00,2026/10/05,2026/11/12,2026-11,PUT,60875,400,1,1,,,,,,,31.23,-95,-21.11,355,10/02 20:55
2026/10/03 04:02,2026-10-03T04:17:12+09:00,2026/10/05,2026/11/12,2026-11,CALL,60750,8155,,,,,,,,,,,,,
2026/10/03 04:02,2026-10-03T04:17:12+09:00,2026/10/05,2026/11/12,2026-11,PUT,60750,410,35,,31.72,30.93,335,2,305,2,,,,,
2026/10/03 04:02,2026-10-03T04:17:12+09:00,2026/10/05,2026/11/12,2026-11,CALL,60625,8255,,,,,,,,,,,,,
2026/10/03 04:02,2026-10-03T04:17:12+09:00,2026/10/05,2026/11/12,2026-11,PUT,60625,400,18,,,,,,,,,,,,
2026/10/03 04:02,2026-10-03T04:17:12+09:00,2026/10/05,2026/11/12,2026-11,CALL,60500,8380,100,,,,,,,,,,,,
2026/10/03 04:02,2026-10-03T04:17:12+09:00,2026/10/05,2026/11/12,2026-11,PUT,60500,395,111,20,32.17,31.16,325,2,288,2,31.4,-90,-22.78,305,10/03 01:39
2026/10/03 04:02,2026-10-03T04:17:12+09:00,2026/10/05,2026/11/12,2026-11,CALL,60250,8620,,,,,,,,,,,,,
2026/10/03 04:02,2026-10-03T04:17:12+09:00,2026/10/05,2026/11/12,2026-11,PUT,60250,370,22,,32.47,31.51,310,2,276,2,,,,,
2026/10/03 04:02,2026-10-03T04:17:12+09:00,2026/10/05,2026/11/12,2026-11,CALL,60000,8865,100,,,,,,,,,,,,
2026/10/03 04:02,2026-10-03T04:17:12+09:00,2026/10/05,2026/11/12,2026-11,PUT,60000,355,6391,42,32.64,31.79,291,2,262,2,32.38,-90,-24.32,280,10/03 01:05
2026/10/03 04:02,2026-10-03T04:17:12+09:00,2026/10/05,2026/11/12,2026-11,CALL,59750,9090,,,,,,,,,,,,,
2026/10/03 04:02,2026-10-03T04:17:12+09:00,2026/10/05,2026/11/12,2026-11,PUT,59750,335,16,1,32.92,32.04,277,2,248,2,32.04,-40,-11.94,295,10/02 17:10
2026/10/03 04:02,2026-10-03T04:17:12+09:00,2026/10/05,2026/11/12,2026-11,CALL,59500,9325,,,,,,,,,,,,,
2026/10/03 04:02,2026-10-03T04:17:12+09:00,2026/10/05,2026/11/12,2026-11,PUT,59500,320,2011,,33.19,32.3,263,2,235,2,,,,,
2026/10/03 04:02,2026-10-03T04:17:12+09:00,2026/10/05,2026/11/12,2026-11,CALL,59250,9555,,,,,,,,,,,,,
2026/10/03 04:02,2026-10-03T04:17:12+09:00,2026/10/05,2026/11/12,2026-11,PUT,59250,298,87,,33.46,32.6,250,2,224,2,,,,,
2026/10/03 04:02,2026-10-03T04:17:12+09:00,2026/10/05,2026/11/12,2026-11,CALL,59000,9795,,,,,,,,,,,,,
2026/10/03 04:02,2026-10-03T04:17:12+09:00,2026/10/05,2026/11/12,2026-11,PUT,59000,286,1859,8,33.74,32.78,238,2,210,2,33.4,-71,-24.83,215,10/02 22:48
2026/10/03 04:02,2026-10-03T04:17:12+09:00,2026/10/05,2026/11/12,2026-11,CALL,58750,10030,,,,,,,,,,,,,
2026/10/03 04:02,2026-10-03T04:17:12+09:00,2026/10/05,2026/11/12,2026-11,PUT,58750,272,62,,34.32,32.78,235,2,192,1,,,,,
2026/10/03 04:02,2026-10-03T04:17:12+09:00,2026/10/05,2026/11/12,2026-11,CALL,58500,10265,,,,,,,,,,,,,
2026/10/03 04:02,2026-10-03T04:17:12+09:00,2026/10/05,2026/11/12,2026-11,PUT,58500,257,537,13,34.54,32.97,222,2,180,1,33.6,-70,-25.93,200,10/03 02:53
2026/10/03 04:02,2026-10-03T04:17:12+09:00,2026/10/05,2026/11/12,2026-11,CALL,58250,10500,,,,,,,,,,,,,
2026/10/03 04:02,2026-10-03T04:17:12+09:00,2026/10/05,2026/11/12,2026-11,PUT,58250,243,115,,34.92,33.26,214,2,171,1,,,,,
2026/10/03 04:02,2026-10-03T04:17:12+09:00,2026/10/05,2026/11/12,2026-11,CALL,58000,10740,,,,,,,,,,,,,
2026/10/03 04:02,2026-10-03T04:17:12+09:00,2026/10/05,2026/11/12,2026-11,PUT,58000,242,1599,44,35.21,33.56,204,1,163,1,34.73,-67,-27.69,175,10/02 23:33
2026/10/03 04:02,2026-10-03T04:17:12+09:00,2026/10/05,2026/11/12,2026-11,CALL,57750,10975,,,,,,,,,,,,,
2026/10/03 04:02,2026-10-03T04:17:12+09:00,2026/10/05,2026/11/12,2026-11,PUT,57750,219,147,,35.48,33.9,194,2,156,1,,,,,
2026/10/03 04:02,2026-10-03T04:17:12+09:00,2026/10/05,2026/11/12,2026-11,CALL,57500,11215,100,,,,,,,,,,,,
2026/10/03 04:02,2026-10-03T04:17:12+09:00,2026/10/05,2026/11/12,2026-11,PUT,57500,210,771,,35.82,34.26,186,2,150,3,,,,,
2026/10/03 04:02,2026-10-03T04:17:12+09:00,2026/10/05,2026/11/12,2026-11,CALL,57250,11455,,,,,,,,,,,,,
2026/10/03 04:02,2026-10-03T04:17:12+09:00,2026/10/05,2026/11/12,2026-11,PUT,57250,284,112,1,36.14,34.52,178,1,142,2,35.21,-102,-35.92,182,10/02 17:24
2026/10/03 04:02,2026-10-03T04:17:12+09:00,2026/10/05,2026/11/12,2026-11,CALL,57000,11695,,,,,,,,,,,,,
2026/10/03 04:02,2026-10-03T04:17:12+09:00,2026/10/05,2026/11/12,2026-11,PUT,57000,191,769,5,36.49,34.7,171,2,133,1,35.64,-36,-18.27,161,10/03 00:17
2026/10/03 04:02,2026-10-03T04:17:12+09:00,2026/10/05,2026/11/12,2026-11,CALL,56750,11935,,,,,,,,,,,,,
2026/10/03 04:02,2026-10-03T04:17:12+09:00,2026/10/05,2026/11/12,2026-11,PUT,56750,180,95,,36.78,34.97,163,2,126,1,,,,,
2026/10/03 04:02,2026-10-03T04:17:12+09:00,2026/10/05,2026/11/12,2026-11,CALL,56500,12175,,,,,,,,,,,,,
2026/10/03 04:02,2026-10-03T04:17:12+09:00,2026/10/05,2026/11/12,2026-11,PUT,56500,172,414,,37.1,35.43,156,2,123,2,,,,,
2026/10/03 04:02,2026-10-03T04:17:12+09:00,2026/10/05,2026/11/12,2026-11,CALL,56250,12415,,,,,,,,,,,,,
2026/10/03 04:02,2026-10-03T04:17:12+09:00,2026/10/05,2026/11/12,2026-11,PUT,56250,163,118,,37.4,35.77,149,2,118,1,,,,,
2026/10/03 04:02,2026-10-03T04:17:12+09:00,2026/10/05,2026/11/12,2026-11,CALL,56000,12660,34,,,,,,,,,,,,
2026/10/03 04:02,2026-10-03T04:17:12+09:00,2026/10/05,2026/11/12,2026-11,PUT,56000,162,1188,12,37.89,36.39,146,1,118,1,37.29,-36,-22.22,126,10/03 00:07
2026/10/03 04:02,2026-10-03T04:17:12+09:00,2026/10/05,2026/11/12,2026-11,CALL,55750,12900,,,,,,,,,,,,,
2026/10/03 04:02,2026-10-03T04:17:12+09:00,2026/10/05,2026/11/12,2026-11,PUT,55750,150,80,,38.12,36.3,138,1,106,1,,,,,
2026/10/03 04:02,2026-10-03T04:17:12+09:00,2026/10/05,2026/11/12,2026-11,CALL,55500,13145,,,,,,,,,,,,,
2026/10/03 04:02,2026-10-03T04:17:12+09:00,2026/10/05,2026/11/12,2026-11,PUT,55500,142,182,3,38.38,36.47,131,2,99,1,37.46,-25,-17.86,115,10/03 02:55
2026/10/03 04:02,2026-10-03T04:17:12+09:00,2026/10/05,2026/11/12,2026-11,CALL,55250,13385,,,,,,,,,,,,,
2026/10/03 04:02,2026-10-03T04:17:12+09:00,2026/10/05,2026/11/12,2026-11,PUT,55250,137,39,,38.84,36.95,128,1,97,1,,,,,
2026/10/03 04:02,2026-10-03T04:17:12+09:00,2026/10/05,2026/11/12,2026-11,CALL,55000,13630,,,,,,,,,,,,,
2026/10/03 04:02,2026-10-03T04:17:12+09:00,2026/10/05,2026/11/12,2026-11,PUT,55000,132,3418,9,38.21,37.76,107,1,100,1,37.76,-35,-25.55,102,10/03 02:05
2026/10/03 04:02,2026-10-03T04:17:12+09:00,2026/10/05,2026/11/12,2026-11,CALL,54750,13870,,,,,,,,,,,,,
2026/10/03 04:02,2026-10-03T04:17:12+09:00,2026/10/05,2026/11/12,2026-11,PUT,54750,127,16,11,39.46,37.47,117,2,87,1,38.7,-31,-24.41,96,10/02 23:25
2026/10/03 04:02,2026-10-03T04:17:12+09:00,2026/10/05,2026/11/12,2026-11,CALL,54500,14115,,,,,,,,,,,,,
2026/10/03 04:02,2026-10-03T04:17:12+09:00,2026/10/05,2026/11/12,2026-11,PUT,54500,121,817,1,39.78,37.93,112,2,85,3,39.31,-18,-14.88,103,10/02 21:56
2026/10/03 04:02,2026-10-03T04:17:12+09:00,2026/10/05,2026/11/12,2026-11,CALL,54250,14360,,,,,,,,,,,,,
2026/10/03 04:02,2026-10-03T04:17:12+09:00,2026/10/05,2026/11/12,2026-11,PUT,54250,115,7,,40.15,38.15,108,2,80,1,,,,,
2026/10/03 04:02,2026-10-03T04:17:12+09:00,2026/10/05,2026/11/12,2026-11,CALL,54000,14610,,,,,,,,,,,,,
2026/10/03 04:02,2026-10-03T04:17:12+09:00,2026/10/05,2026/11/12,2026-11,PUT,54000,110,1092,18,40.77,38.43,108,1,76,1,40.23,-10,-9.09,100,10/03 03:55
2026/10/03 04:02,2026-10-03T04:17:12+09:00,2026/10/05,2026/11/12,2026-11,CALL,53750,14850,,,,,,,,,,,,,
2026/10/03 04:02,2026-10-03T04:17:12+09:00,2026/10/05,2026/11/12,2026-11,PUT,53750,104,63,,40.85,38.78,100,2,73,1,,,,,
2026/10/03 04:02,2026-10-03T04:17:12+09:00,2026/10/05,2026/11/12,2026-11,CALL,53500,15100,,,,,,,,,,,,,
2026/10/03 04:02,2026-10-03T04:17:12+09:00,2026/10/05,2026/11/12,2026-11,PUT,53500,101,701,,41.19,39.11,96,2,70,1,,,,,
2026/10/03 04:02,2026-10-03T04:17:12+09:00,2026/10/05,2026/11/12,2026-11,CALL,53250,15345,,,,,,,,,,,,,
2026/10/03 04:02,2026-10-03T04:17:12+09:00,2026/10/05,2026/11/12,2026-11,PUT,53250,97,175,,41.59,39.44,93,2,67,1,,,,,
2026/10/03 04:02,2026-10-03T04:17:12+09:00,2026/10/05,2026/11/12,2026-11,CALL,53000,15590,,,,,,,,,,,,,
2026/10/03 04:02,2026-10-03T04:17:12+09:00,2026/10/05,2026/11/12,2026-11,PUT,53000,93,559,9,42.14,39.66,92,2,63,1,41.18,-19,-19.19,80,10/03 04:00
2026/10/03 04:02,2026-10-03T04:17:12+09:00,2026/10/05,2026/11/12,2026-11,CALL,52750,15835,,,,,,,,,,,,,
2026/10/03 04:02,2026-10-03T04:17:12+09:00,2026/10/05,2026/11/12,2026-11,PUT,52750,87,53,,42.29,40.05,86,2,61,1,,,,,
2026/10/03 04:02,2026-10-03T04:17:12+09:00,2026/10/05,2026/11/12,2026-11,CALL,52500,16080,,,,,,,,,,,,,
2026/10/03 04:02,2026-10-03T04:17:12+09:00,2026/10/05,2026/11/12,2026-11,PUT,52500,83,764,,42.66,40.44,83,2,59,1,,,,,
2026/10/03 04:02,2026-10-03T04:17:12+09:00,2026/10/05,2026/11/12,2026-11,CALL,52250,16325,,,,,,,,,,,,,
2026/10/03 04:02,2026-10-03T04:17:12+09:00,2026/10/05,2026/11/12,2026-11,PUT,52250,81,17,,43.02,40.72,80,1,56,1,,,,,
2026/10/03 04:02,2026-10-03T04:17:12+09:00,2026/10/05,2026/11/12,2026-11,CALL,52000,16575,,,,,,,,,,,,,
2026/10/03 04:02,2026-10-03T04:17:12+09:00,2026/10/05,2026/11/12,2026-11,PUT,52000,83,3063,10,43.73,42.44,81,1,67,1,42.23,-18,-21.69,65,10/02 22:25
2026/10/03 04:02,2026-10-03T04:17:12+09:00,2026/10/05,2026/11/12,2026-11,CALL,51750,16820,,,,,,,,,,,,,
2026/10/03 04:02,2026-10-03T04:17:12+09:00,2026/10/05,2026/11/12,2026-11,PUT,51750,76,70,,43.81,41.22,75,2,50,1,,,,,
2026/10/03 04:02,2026-10-03T04:17:12+09:00,2026/10/05,2026/11/12,2026-11,CALL,51500,17065,,,,,,,,,,,,,
2026/10/03 04:02,2026-10-03T04:17:12+09:00,2026/10/05,2026/11/12,2026-11,PUT,51500,73,681,,44.15,41.81,72,1,50,2,,,,,
2026/10/03 04:02,2026-10-03T04:17:12+09:00,2026/10/05,2026/11/12,2026-11,CALL,51250,17310,,,,,,,,,,,,,
2026/10/03 04:02,2026-10-03T04:17:12+09:00,2026/10/05,2026/11/12,2026-11,PUT,51250,70,45,,44.57,41.9,70,1,46,1,,,,,
2026/10/03 04:02,2026-10-03T04:17:12+09:00,2026/10/05,2026/11/12,2026-11,CALL,51000,17560,,,,,,,,,,,,,
2026/10/03 04:02,2026-10-03T04:17:12+09:00,2026/10/05,2026/11/12,2026-11,PUT,51000,68,1568,8,44.58,43.59,64,1,55,1,43.7,-6,-8.45,65,10/02 18:30
2026/10/03 04:02,2026-10-03T04:17:12+09:00,2026/10/05,2026/11/12,2026-11,CALL,50750,17805,,,,,,,,,,,,,
2026/10/03 04:02,2026-10-03T04:17:12+09:00,2026/10/05,2026/11/12,2026-11,PUT,50750,63,195,,45.29,42.67,65,1,43,2,,,,,
2026/10/03 04:02,2026-10-03T04:17:12+09:00,2026/10/05,2026/11/12,2026-11,CALL,50500,18055,,,,,,,,,,,,,
2026/10/03 04:02,2026-10-03T04:17:12+09:00,2026/10/05,2026/11/12,2026-11,PUT,50500,60,428,,45.7,43.12,63,1,42,1,,,,,
2026/10/03 04:02,2026-10-03T04:17:12+09:00,2026/10/05,2026/11/12,2026-11,CALL,50250,18305,35,,,,,,,,,,,,
2026/10/03 04:02,2026-10-03T04:17:12+09:00,2026/10/05,2026/11/12,2026-11,PUT,50250,60,77,,46.09,43.26,61,1,39,1,,,,,
2026/10/03 04:02,2026-10-03T04:17:12+09:00,2026/10/05,2026/11/12,2026-11,CALL,50000,18550,,,,,,,,,,,,,
2026/10/03 04:02,2026-10-03T04:17:12+09:00,2026/10/05,2026/11/12,2026-11,PUT,50000,60,2257,15,45.76,45.38,53,1,50,5,45.25,-11,-18.33,49,10/03 03:11
2026/10/03 04:02,2026-10-03T04:17:12+09:00,2026/10/05,2026/11/12,2026-11,CALL,49750,18795,,,,,,,,,,,,,
2026/10/03 04:02,2026-10-03T04:17:12+09:00,2026/10/05,2026/11/12,2026-11,PUT,49750,55,66,,46.86,43.96,57,1,36,1,,,,,
2026/10/03 04:02,2026-10-03T04:17:12+09:00,2026/10/05,2026/11/12,2026-11,CALL,49500,19045,,,,,,,,,,,,,
2026/10/03 04:02,2026-10-03T04:17:12+09:00,2026/10/05,2026/11/12,2026-11,PUT,49500,54,417,,47.35,44.22,56,1,34,1,,,,,
2026/10/03 04:02,2026-10-03T04:17:12+09:00,2026/10/05,2026/11/12,2026-11,CALL,49250,19295,,,,,,,,,,,,,
2026/10/03 04:02,2026-10-03T04:17:12+09:00,2026/10/05,2026/11/12,2026-11,PUT,49250,52,159,,47.72,44.63,54,1,33,1,,,,,
2026/10/03 04:02,2026-10-03T04:17:12+09:00,2026/10/05,2026/11/12,2026-11,CALL,49000,19540,,,,,,,,,,,,,
2026/10/03 04:02,2026-10-03T04:17:12+09:00,2026/10/05,2026/11/12,2026-11,PUT,49000,50,393,,48.71,45.73,57,1,36,3,,,,,
2026/10/03 04:02,2026-10-03T04:17:12+09:00,2026/10/05,2026/11/12,2026-11,CALL,48750,19790,,,,,,,,,,,,,
2026/10/03 04:02,2026-10-03T04:17:12+09:00,2026/10/05,2026/11/12,2026-11,PUT,48750,50,110,,48.43,45.24,50,1,30,1,,,,,
2026/10/03 04:02,2026-10-03T04:17:12+09:00,2026/10/05,2026/11/12,2026-11,CALL,48500,20040,,,,,,,,,,,,,
2026/10/03 04:02,2026-10-03T04:17:12+09:00,2026/10/05,2026/11/12,2026-11,PUT,48500,48,226,,48.91,47.41,49,1,39,2,,,,,
2026/10/03 04:02,2026-10-03T04:17:12+09:00,2026/10/05,2026/11/12,2026-11,CALL,48250,20285,,,,,,,,,,,,,
2026/10/03 04:02,2026-10-03T04:17:12+09:00,2026/10/05,2026/11/12,2026-11,PUT,48250,46,33,,57.92,44.43,135,6,21,35,,,,,
2026/10/03 04:02,2026-10-03T04:17:12+09:00,2026/10/05,2026/11/12,2026-11,CALL,48000,20530,,,,,,,,,,,,,
2026/10/03 04:02,2026-10-03T04:17:12+09:00,2026/10/05,2026/11/12,2026-11,PUT,48000,45,248,2,49.1,47,42,1,30,3,48.49,-9,-19.15,38,10/03 01:20
2026/10/03 04:02,2026-10-03T04:17:12+09:00,2026/10/05,2026/11/12,2026-11,CALL,47750,20780,,,,,,,,,,,,,
2026/10/03 04:02,2026-10-03T04:17:12+09:00,2026/10/05,2026/11/12,2026-11,PUT,47750,43,98,,59.03,44.75,131,6,18,35,,,,,
2026/10/03 04:02,2026-10-03T04:17:12+09:00,2026/10/05,2026/11/12,2026-11,CALL,47500,21030,,,,,,,,,,,,,
2026/10/03 04:02,2026-10-03T04:17:12+09:00,2026/10/05,2026/11/12,2026-11,PUT,47500,40,232,,59.74,44.39,131,6,15,35,,,,,
2026/10/03 04:02,2026-10-03T04:17:12+09:00,2026/10/05,2026/11/12,2026-11,CALL,47250,21275,,,,,,,,,,,,,
2026/10/03 04:02,2026-10-03T04:17:12+09:00,2026/10/05,2026/11/12,2026-11,PUT,47250,40,34,,60.21,44.95,128,6,15,35,,,,,
2026/10/03 04:02,2026-10-03T04:17:12+09:00,2026/10/05,2026/11/12,2026-11,CALL,47000,21525,,,,,,,,,,,,,
2026/10/03 04:02,2026-10-03T04:17:12+09:00,2026/10/05,2026/11/12,2026-11,PUT,47000,39,817,,60.92,45.16,128,3,14,35,,,,,
2026/10/03 04:02,2026-10-03T04:17:12+09:00,2026/10/05,2026/11/12,2026-11,CALL,46750,21770,,,,,,,,,,,,,
2026/10/03 04:02,2026-10-03T04:17:12+09:00,2026/10/05,2026/11/12,2026-11,PUT,46750,33,105,,61.56,43.12,127,6,8,35,,,,,
2026/10/03 04:02,2026-10-03T04:17:12+09:00,2026/10/05,2026/11/12,2026-11,CALL,46500,22015,,,,,,,,,,,,,
2026/10/03 04:02,2026-10-03T04:17:12+09:00,2026/10/05,2026/11/12,2026-11,PUT,46500,29,103,,62.19,40.87,126,6,4,35,,,,,
2026/10/03 04:02,2026-10-03T04:17:12+09:00,2026/10/05,2026/11/12,2026-11,CALL,46250,22260,,,,,,,,,,,,,
2026/10/03 04:02,2026-10-03T04:17:12+09:00,2026/10/05,2026/11/12,2026-11,PUT,46250,25,5,,62.74,41.38,124,6,4,35,,,,,
2026/10/03 04:02,2026-10-03T04:17:12+09:00,2026/10/05,2026/11/12,2026-11,CALL,46000,22505,,,,,,,,,,,,,
2026/10/03 04:02,2026-10-03T04:17:12+09:00,2026/10/05,2026/11/12,2026-11,PUT,46000,30,769,,64.05,42.75,131,6,5,35,,,,,
2026/10/03 04:02,2026-10-03T04:17:12+09:00,2026/10/05,2026/11/12,2026-11,CALL,45750,22755,,,,,,,,,,,,,
2026/10/03 04:02,2026-10-03T04:17:12+09:00,2026/10/05,2026/11/12,2026-11,PUT,45750,20,15,,64.02,42.4,122,6,4,35,,,,,
2026/10/03 04:02,2026-10-03T04:17:12+09:00,2026/10/05,2026/11/12,2026-11,CALL,45500,23005,,,,,,,,,,,,,
2026/10/03 04:02,2026-10-03T04:17:12+09:00,2026/10/05,2026/11/12,2026-11,PUT,45500,30,106,1,54.07,50.52,35,6,20,35,52.79,,,29,10/02 21:39
2026/10/03 04:02,2026-10-03T04:17:12+09:00,2026/10/05,2026/11/12,2026-11,CALL,45250,23255,,,,,,,,,,,,,
2026/10/03 04:02,2026-10-03T04:17:12+09:00,2026/10/05,2026/11/12,2026-11,PUT,45250,29,105,,65.39,43.43,121,6,4,35,,,,,
2026/10/03 04:02,2026-10-03T04:17:12+09:00,2026/10/05,2026/11/12,2026-11,CALL,45000,23500,,,,,,,,,,,,,
2026/10/03 04:02,2026-10-03T04:17:12+09:00,2026/10/05,2026/11/12,2026-11,PUT,45000,30,1352,30,53.81,53.08,28,2,25,3,53.14,-5,-16.67,25,10/02 23:00
2026/10/03 04:02,2026-10-03T04:17:12+09:00,2026/10/05,2026/11/12,2026-11,CALL,44750,23750,,,,,,,,,,,,,
2026/10/03 04:02,2026-10-03T04:17:12+09:00,2026/10/05,2026/11/12,2026-11,PUT,44750,17,7,,66.67,44.47,119,6,4,35,,,,,
2026/10/03 04:02,2026-10-03T04:17:12+09:00,2026/10/05,2026/11/12,2026-11,CALL,44500,24000,2,,,,,,,,,,,,
2026/10/03 04:02,2026-10-03T04:17:12+09:00,2026/10/05,2026/11/12,2026-11,PUT,44500,16,127,,67.32,44.99,118,6,4,35,,,,,
2026/10/03 04:02,2026-10-03T04:17:12+09:00,2026/10/05,2026/11/12,2026-11,CALL,44000,24495,,,,,,,,,,,,,
2026/10/03 04:02,2026-10-03T04:17:12+09:00,2026/10/05,2026/11/12,2026-11,PUT,44000,24,1114,,55.82,52.43,26,1,15,16,,,,,
2026/10/03 04:02,2026-10-03T04:17:12+09:00,2026/10/05,2026/11/12,2026-11,CALL,43000,25490,,,,,,,,,,,,,
2026/10/03 04:02,2026-10-03T04:17:12+09:00,2026/10/05,2026/11/12,2026-11,PUT,43000,22,379,,71.33,48.19,113,6,4,35,,,,,
2026/10/03 04:02,2026-10-03T04:17:12+09:00,2026/10/05,2026/11/12,2026-11,CALL,42000,26485,,,,,,,,,,,,,
2026/10/03 04:02,2026-10-03T04:17:12+09:00,2026/10/05,2026/11/12,2026-11,PUT,42000,6,382,,60.37,50.38,24,12,4,35,,,,,
2026/10/03 04:02,2026-10-03T04:17:12+09:00,2026/10/05,2026/11/12,2026-11,CALL,41000,27480,,,,,,,,,,,,,
2026/10/03 04:02,2026-10-03T04:17:12+09:00,2026/10/05,2026/11/12,2026-11,PUT,41000,16,236,1,62.37,56.09,22,6,8,35,60.28,-3,-15,17,10/02 20:06
2026/10/03 04:02,2026-10-03T04:17:12+09:00,2026/10/05,2026/11/12,2026-11,CALL,40000,28480,,,,,,,,,,,,,
2026/10/03 04:02,2026-10-03T04:17:12+09:00,2026/10/05,2026/11/12,2026-11,PUT,40000,15,1652,16,62.35,61.42,15,2,13,1,61.42,-3,-18.75,13,10/03 03:10
2026/10/03 04:02,2026-10-03T04:17:12+09:00,2026/10/05,2026/11/12,2026-11,CALL,39000,29475,,,,,,,,,,,,,
2026/10/03 04:02,2026-10-03T04:17:12+09:00,2026/10/05,2026/11/12,2026-11,PUT,39000,3,104,,70.77,57.26,32,7,4,35,,,,,
2026/10/03 04:02,2026-10-03T04:17:12+09:00,2026/10/05,2026/11/12,2026-11,CALL,38000,30475,,,,,,,,,,,,,
2026/10/03 04:02,2026-10-03T04:17:12+09:00,2026/10/05,2026/11/12,2026-11,PUT,38000,9,15,,69.8,59.66,20,20,4,29,,,,,
2026/10/03 04:02,2026-10-03T04:17:12+09:00,2026/10/05,2026/11/12,2026-11,CALL,37000,31475,,,,,,,,,,,,,
2026/10/03 04:02,2026-10-03T04:17:12+09:00,2026/10/05,2026/11/12,2026-11,PUT,37000,9,17,1,68.23,65.32,11,5,7,5,66.57,-2,-20,8,10/02 23:35
2026/10/03 04:02,2026-10-03T04:17:12+09:00,2026/10/05,2026/11/12,2026-11,CALL,36000,32470,,,,,,,,,,,,,
2026/10/03 04:02,2026-10-03T04:17:12+09:00,2026/10/05,2026/11/12,2026-11,PUT,36000,8,7,,90.92,65.93,88,19,5,6,,,,,
2026/10/03 04:02,2026-10-03T04:17:12+09:00,2026/10/05,2026/11/12,2026-11,CALL,35000,33470,,,,,,,,,,,,,
2026/10/03 04:02,2026-10-03T04:17:12+09:00,2026/10/05,2026/11/12,2026-11,PUT,35000,7,3770,12,71.58,67.26,8,3,4,81,71.59,1,14.29,8,10/02 22:20
2026/10/03 04:02,2026-10-03T04:17:12+09:00,2026/10/05,2026/11/12,2026-11,CALL,34000,34470,,,,,,,,,,,,,
2026/10/03 04:02,2026-10-03T04:17:12+09:00,2026/10/05,2026/11/12,2026-11,PUT,34000,6,13,1,97.89,69.94,87,15,4,1,71.19,-2,-28.57,5,10/03 00:12
2026/10/03 04:02,2026-10-03T04:17:12+09:00,2026/10/05,2026/11/12,2026-11,CALL,33000,35465,,,,,,,,,,,,,
2026/10/03 04:02,2026-10-03T04:17:12+09:00,2026/10/05,2026/11/12,2026-11,PUT,33000,5,1,1,74.1,65.27,5,3,1,21,73.44,-1,-16.67,5,10/02 18:16
2026/10/03 04:02,2026-10-03T04:17:12+09:00,2026/10/05,2026/11/12,2026-11,CALL,32000,36465,,,,,,,,,,,,,
2026/10/03 04:02,2026-10-03T04:17:12+09:00,2026/10/05,2026/11/12,2026-11,PUT,32000,1,,,105.26,67.84,86,15,1,20,,,,,
2026/10/03 04:02,2026-10-03T04:17:12+09:00,2026/10/05,2026/11/12,2026-11,CALL,31000,37465,,,,,,,,,,,,,
2026/10/03 04:02,2026-10-03T04:17:12+09:00,2026/10/05,2026/11/12,2026-11,PUT,31000,1,,,78.45,70.49,4,2,1,10,,,,,
2026/10/03 04:02,2026-10-03T04:17:12+09:00,2026/10/05,2026/11/12,2026-11,CALL,30000,38460,,,,,,,,,,,,,
2026/10/03 04:02,2026-10-03T04:17:12+09:00,2026/10/05,2026/11/12,2026-11,PUT,30000,3,3409,7,81.47,79.56,4,2,3,22,81.48,0,0,4,10/02 22:20
2026/10/03 04:02,2026-10-03T04:17:12+09:00,2026/10/05,2026/11/12,2026-11,CALL,29000,39460,,,,,,,,,,,,,
2026/10/03 04:02,2026-10-03T04:17:12+09:00,2026/10/05,2026/11/12,2026-11,PUT,29000,2,308,,84.59,76.05,4,2,1,11,,,,,
2026/10/03 04:02,2026-10-03T04:17:12+09:00,2026/10/05,2026/11/12,2026-11,CALL,28000,40460,,,,,,,,,,,,,
2026/10/03 04:02,2026-10-03T04:17:12+09:00,2026/10/05,2026/11/12,2026-11,PUT,28000,2,44,,87.83,78.98,4,2,1,20,,,,,
2026/10/03 04:02,2026-10-03T04:17:12+09:00,2026/10/05,2026/11/12,2026-11,CALL,27000,41455,,,,,,,,,,,,,
2026/10/03 04:02,2026-10-03T04:17:12+09:00,2026/10/05,2026/11/12,2026-11,PUT,27000,1,20,,92.91,82.01,5,1,1,25,,,,,
2026/10/03 04:02,2026-10-03T04:17:12+09:00,2026/10/05,2026/11/12,2026-11,CALL,26000,42455,,,,,,,,,,,,,
2026/10/03 04:02,2026-10-03T04:17:12+09:00,2026/10/05,2026/11/12,2026-11,PUT,26000,1,2,,92.46,85.16,3,1,1,20,,,,,
2026/10/03 04:02,2026-10-03T04:17:12+09:00,2026/10/05,2026/11/12,2026-11,CALL,25000,43455,,,,,,,,,,,,,
2026/10/03 04:02,2026-10-03T04:17:12+09:00,2026/10/05,2026/11/12,2026-11,PUT,25000,1,210,1,95.99,88.44,3,1,1,201,93.09,0,0,2,10/02 22:02
2026/10/03 04:02,2026-10-03T04:17:12+09:00,2026/10/05,2026/11/12,2026-11,CALL,22500,45950,,,,,,,,,,,,,
2026/10/03 04:02,2026-10-03T04:17:12+09:00,2026/10/05,2026/11/12,2026-11,PUT,22500,1,55,,102.24,97.23,2,5,1,51,,,,,
2026/10/03 04:02,2026-10-03T04:17:12+09:00,2026/10/05,2026/11/12,2026-11,CALL,20000,48445,,,,,,,,,,,,,
2026/10/03 04:02,2026-10-03T04:17:12+09:00,2026/10/05,2026/11/12,2026-11,PUT,20000,1,456,11,112.57,107.09,2,15,1,99,106.96,-1,-50,1,10/03 00:14
2026/10/03 04:02,2026-10-03T04:17:12+09:00,2026/10/05,2026/12/10,2026-12,CALL,100000,3,522,5,27.52,26.85,4,5,3,5,27.14,2,100,4,10/02 23:32
2026/10/03 04:02,2026-10-03T04:17:12+09:00,2026/10/05,2026/12/10,2026-12,PUT,100000,31270,,,,,,,,,,,,,
2026/10/03 04:02,2026-10-03T04:17:12+09:00,2026/10/05,2026/12/10,2026-12,CALL,95000,7,1080,,26.88,23.37,13,1,3,1,,,,,
2026/10/03 04:02,2026-10-03T04:17:12+09:00,2026/10/05,2026/12/10,2026-12,PUT,95000,26290,,,,,,,,,,,,,
2026/10/03 04:02,2026-10-03T04:17:12+09:00,2026/10/05,2026/12/10,2026-12,CALL,90000,17,1807,1,25.28,22.07,32,1,10,1,22.04,-7,-41.18,10,10/02 21:36
2026/10/03 04:02,2026-10-03T04:17:12+09:00,2026/10/05,2026/12/10,2026-12,PUT,90000,21310,3,,,,,,,,,,,,
2026/10/03 04:02,2026-10-03T04:17:12+09:00,2026/10/05,2026/12/10,2026-12,CALL,87500,36,2457,,27.1,23.57,100,1,40,1,,,,,
2026/10/03 04:02,2026-10-03T04:17:12+09:00,2026/10/05,2026/12/10,2026-12,PUT,87500,18840,,,,,,,,,,,,,
2026/10/03 04:02,2026-10-03T04:17:12+09:00,2026/10/05,2026/12/10,2026-12,CALL,85000,71,1011,3,24.96,19.14,118,1,20,3,24.48,35,53.85,100,10/02 20:30
2026/10/03 04:02,2026-10-03T04:17:12+09:00,2026/10/05,2026/12/10,2026-12,PUT,85000,16380,12,,,,,,,,,,,,
2026/10/03 04:02,2026-10-03T04:17:12+09:00,2026/10/05,2026/12/10,2026-12,CALL,84000,80,523,,30.25,13.46,370,1,1,20,,,,,
2026/10/03 04:02,2026-10-03T04:17:12+09:00,2026/10/05,2026/12/10,2026-12,PUT,84000,15390,,,,,,,,,,,,,
2026/10/03 04:02,2026-10-03T04:17:12+09:00,2026/10/05,2026/12/10,2026-12,CALL,83000,119,123,,31.16,16.53,500,1,15,1,,,,,
2026/10/03 04:02,2026-10-03T04:17:12+09:00,2026/10/05,2026/12/10,2026-12,PUT,83000,14435,,,,,,,,,,,,,
2026/10/03 04:02,2026-10-03T04:17:12+09:00,2026/10/05,2026/12/10,2026-12,CALL,82500,139,1129,,,12.26,,,1,10,,,,,
2026/10/03 04:02,2026-10-03T04:17:12+09:00,2026/10/05,2026/12/10,2026-12,PUT,82500,13955,,,,,,,,,,,,,
2026/10/03 04:02,2026-10-03T04:17:12+09:00,2026/10/05,2026/12/10,2026-12,CALL,82000,195,4,,,16.2,,,21,1,,,,,
2026/10/03 04:02,2026-10-03T04:17:12+09:00,2026/10/05,2026/12/10,2026-12,PUT,82000,13470,,,,,,,,,,,,,
2026/10/03 04:02,2026-10-03T04:17:12+09:00,2026/10/05,2026/12/10,2026-12,CALL,81000,195,5,,,11.03,,,1,20,,,,,
2026/10/03 04:02,2026-10-03T04:17:12+09:00,2026/10/05,2026/12/10,2026-12,PUT,81000,12520,,,,,,,,,,,,,
2026/10/03 04:02,2026-10-03T04:17:12+09:00,2026/10/05,2026/12/10,2026-12,CALL,80000,250,7350,3,50.57,22.38,2700,1,270,1,24.07,100,40,350,10/03 00:36
2026/10/03 04:02,2026-10-03T04:17:12+09:00,2026/10/05,2026/12/10,2026-12,PUT,80000,11570,3700,,,,,,,,,,,,
2026/10/03 04:02,2026-10-03T04:17:12+09:00,2026/10/05,2026/12/10,2026-12,CALL,79000,340,1053,2,,16.72,,,100,1,23.8,,,430,10/03 00:45
2026/10/03 04:02,2026-10-03T04:17:12+09:00,2026/10/05,2026/12/10,2026-12,PUT,79000,10660,,,,,,,,,,,,,
2026/10/03 04:02,2026-10-03T04:17:12+09:00,2026/10/05,2026/12/10,2026-12,CALL,78000,435,308,,32.33,19.9,1280,1,305,1,,,,,
2026/10/03 04:02,2026-10-03T04:17:12+09:00,2026/10/05,2026/12/10,2026-12,PUT,78000,9760,,,,,,,,,,,,,
2026/10/03 04:02,2026-10-03T04:17:12+09:00,2026/10/05,2026/12/10,2026-12,CALL,77500,490,1057,,,,,,,,,,,,
2026/10/03 04:02,2026-10-03T04:17:12+09:00,2026/10/05,2026/12/10,2026-12,PUT,77500,9315,,,,,,,,,,,,,
2026/10/03 04:02,2026-10-03T04:17:12+09:00,2026/10/05,2026/12/10,2026-12,CALL,77000,550,404,1,25.89,13.94,880,1,100,1,23.92,240,43.64,790,10/02 23:31
2026/10/03 04:02,2026-10-03T04:17:12+09:00,2026/10/05,2026/12/10,2026-12,PUT,77000,8875,,,,,,,,,,,,,
2026/10/03 04:02,2026-10-03T04:17:12+09:00,2026/10/05,2026/12/10,2026-12,CALL,76250,650,12,,,,,,,,,,,,
2026/10/03 04:02,2026-10-03T04:17:12+09:00,2026/10/05,2026/12/10,2026-12,PUT,76250,8230,,,,,,,,,,,,,
2026/10/03 04:02,2026-10-03T04:17:12+09:00,2026/10/05,2026/12/10,2026-12,CALL,76000,680,561,,,15.6,,,250,1,,,,,
2026/10/03 04:02,2026-10-03T04:17:12+09:00,2026/10/05,2026/12/10,2026-12,PUT,76000,8010,300,,,,,,,,,,,,
2026/10/03 04:02,2026-10-03T04:17:12+09:00,2026/10/05,2026/12/10,2026-12,CALL,75750,735,,,,,,,,,,,,,
2026/10/03 04:02,2026-10-03T04:17:12+09:00,2026/10/05,2026/12/10,2026-12,PUT,75750,7815,,,,,,,,,,,,,
2026/10/03 04:02,2026-10-03T04:17:12+09:00,2026/10/05,2026/12/10,2026-12,CALL,75500,775,1,,26.58,6.18,1250,1,1,20,,,,,
2026/10/03 04:02,2026-10-03T04:17:12+09:00,2026/10/05,2026/12/10,2026-12,PUT,75500,7605,,,,,,,,,,,,,
2026/10/03 04:02,2026-10-03T04:17:12+09:00,2026/10/05,2026/12/10,2026-12,CALL,75250,820,,,,,,,,,,,,,
2026/10/03 04:02,2026-10-03T04:17:12+09:00,2026/10/05,2026/12/10,2026-12,PUT,75250,7400,,,,,,,,,,,,,
2026/10/03 04:02,2026-10-03T04:17:12+09:00,2026/10/05,2026/12/10,2026-12,CALL,75000,875,3532,1,,5.71,,,1,20,23.93,325,37.14,1200,10/02 23:08
2026/10/03 04:02,2026-10-03T04:17:12+09:00,2026/10/05,2026/12/10,2026-12,PUT,75000,7205,,,,,,,,,,,,,
2026/10/03 04:02,2026-10-03T04:17:12+09:00,2026/10/05,2026/12/10,2026-12,CALL,74750,920,1,,,,,,,,,,,,
2026/10/03 04:02,2026-10-03T04:17:12+09:00,2026/10/05,2026/12/10,2026-12,PUT,74750,7005,,,,,,,,,,,,,
2026/10/03 04:02,2026-10-03T04:17:12+09:00,2026/10/05,2026/12/10,2026-12,CALL,74500,965,10,,,5.23,,,1,20,,,,,
2026/10/03 04:02,2026-10-03T04:17:12+09:00,2026/10/05,2026/12/10,2026-12,PUT,74500,6800,,,,,,,,,,,,,
2026/10/03 04:02,2026-10-03T04:17:12+09:00,2026/10/05,2026/12/10,2026-12,CALL,74250,1020,,,,,,,,,,,,,
2026/10/03 04:02,2026-10-03T04:17:12+09:00,2026/10/05,2026/12/10,2026-12,PUT,74250,6605,,,,,,,,,,,,,
2026/10/03 04:02,2026-10-03T04:17:12+09:00,2026/10/05,2026/12/10,2026-12,CALL,74000,1080,2301,,,4.74,,,1,20,,,,,
2026/10/03 04:02,2026-10-03T04:17:12+09:00,2026/10/05,2026/12/10,2026-12,PUT,74000,6415,101,,,,,,,,,,,,
2026/10/03 04:02,2026-10-03T04:17:12+09:00,2026/10/05,2026/12/10,2026-12,CALL,73750,1130,1,,,,,,,,,,,,
2026/10/03 04:02,2026-10-03T04:17:12+09:00,2026/10/05,2026/12/10,2026-12,PUT,73750,6220,,,,,,,,,,,,,
2026/10/03 04:02,2026-10-03T04:17:12+09:00,2026/10/05,2026/12/10,2026-12,CALL,73500,1195,400,,,4.24,,,1,20,,,,,
2026/10/03 04:02,2026-10-03T04:17:12+09:00,2026/10/05,2026/12/10,2026-12,PUT,73500,6035,,,,,,,,,,,,,
2026/10/03 04:02,2026-10-03T04:17:12+09:00,2026/10/05,2026/12/10,2026-12,CALL,73250,1265,,,,,,,,,,,,,
2026/10/03 04:02,2026-10-03T04:17:12+09:00,2026/10/05,2026/12/10,2026-12,PUT,73250,5850,,,,,,,,,,,,,
2026/10/03 04:02,2026-10-03T04:17:12+09:00,2026/10/05,2026/12/10,2026-12,CALL,73000,1335,807,4,,3.74,,,1,20,24.34,470,35.34,1800,10/02 23:16
2026/10/03 04:02,2026-10-03T04:17:12+09:00,2026/10/05,2026/12/10,2026-12,PUT,73000,5675,4,,,,,,,,,,,,
2026/10/03 04:02,2026-10-03T04:17:12+09:00,2026/10/05,2026/12/10,2026-12,CALL,72750,1405,,,,,,,,,,,,,
2026/10/03 04:02,2026-10-03T04:17:12+09:00,2026/10/05,2026/12/10,2026-12,PUT,72750,5495,,,,,,,,,,,,,
2026/10/03 04:02,2026-10-03T04:17:12+09:00,2026/10/05,2026/12/10,2026-12,CALL,72500,1480,2413,,,3.22,,,1,20,,,,,
2026/10/03 04:02,2026-10-03T04:17:12+09:00,2026/10/05,2026/12/10,2026-12,PUT,72500,5320,420,,,,,,,,,,,,
2026/10/03 04:02,2026-10-03T04:17:12+09:00,2026/10/05,2026/12/10,2026-12,CALL,72250,1560,2,,,,,,,,,,,,
2026/10/03 04:02,2026-10-03T04:17:12+09:00,2026/10/05,2026/12/10,2026-12,PUT,72250,5155,,,,,,,,,,,,,
2026/10/03 04:02,2026-10-03T04:17:12+09:00,2026/10/05,2026/12/10,2026-12,CALL,72000,1625,3894,,,2.7,,,1,21,,,,,
2026/10/03 04:02,2026-10-03T04:17:12+09:00,2026/10/05,2026/12/10,2026-12,PUT,72000,4965,120,,,,,,,,,,,,
2026/10/03 04:02,2026-10-03T04:17:12+09:00,2026/10/05,2026/12/10,2026-12,CALL,71875,1665,,,,,,,,,,,,,
2026/10/03 04:02,2026-10-03T04:17:12+09:00,2026/10/05,2026/12/10,2026-12,PUT,71875,4880,,,,,,,,,,,,,
2026/10/03 04:02,2026-10-03T04:17:12+09:00,2026/10/05,2026/12/10,2026-12,CALL,71750,1710,24,,,,,,,,,,,,
2026/10/03 04:02,2026-10-03T04:17:12+09:00,2026/10/05,2026/12/10,2026-12,PUT,71750,4800,,,,,,,,,,,,,
2026/10/03 04:02,2026-10-03T04:17:12+09:00,2026/10/05,2026/12/10,2026-12,CALL,71625,1750,,,,,,,,,,,,,
2026/10/03 04:02,2026-10-03T04:17:12+09:00,2026/10/05,2026/12/10,2026-12,PUT,71625,4715,,,,,,,,,,,,,
2026/10/03 04:02,2026-10-03T04:17:12+09:00,2026/10/05,2026/12/10,2026-12,CALL,71500,1800,451,,,2.16,,,1,20,,,,,
2026/10/03 04:02,2026-10-03T04:17:12+09:00,2026/10/05,2026/12/10,2026-12,PUT,71500,4640,,,,,,,,,,,,,
2026/10/03 04:02,2026-10-03T04:17:12+09:00,2026/10/05,2026/12/10,2026-12,CALL,71375,1845,,,,,,,,,,,,,
2026/10/03 04:02,2026-10-03T04:17:12+09:00,2026/10/05,2026/12/10,2026-12,PUT,71375,4565,,,,,,,,,,,,,
2026/10/03 04:02,2026-10-03T04:17:12+09:00,2026/10/05,2026/12/10,2026-12,CALL,71250,1880,,,,,,,,,,,,,
2026/10/03 04:02,2026-10-03T04:17:12+09:00,2026/10/05,2026/12/10,2026-12,PUT,71250,4475,,,,,,,,,,,,,
2026/10/03 04:02,2026-10-03T04:17:12+09:00,2026/10/05,2026/12/10,2026-12,CALL,71125,1925,,,,,,,,,,,,,
2026/10/03 04:02,2026-10-03T04:17:12+09:00,2026/10/05,2026/12/10,2026-12,PUT,71125,4395,,,,,,,,,,,,,
2026/10/03 04:02,2026-10-03T04:17:12+09:00,2026/10/05,2026/12/10,2026-12,CALL,71000,1960,2063,,,1.6,,,1,20,,,,,
2026/10/03 04:02,2026-10-03T04:17:12+09:00,2026/10/05,2026/12/10,2026-12,PUT,71000,4305,31,,,,,,,,,,,,
2026/10/03 04:02,2026-10-03T04:17:12+09:00,2026/10/05,2026/12/10,2026-12,CALL,70875,2000,,,,,,,,,,,,,
2026/10/03 04:02,2026-10-03T04:17:12+09:00,2026/10/05,2026/12/10,2026-12,PUT,70875,4215,,,,,,,,,,,,,
2026/10/03 04:02,2026-10-03T04:17:12+09:00,2026/10/05,2026/12/10,2026-12,CALL,70750,2050,,,,,,,,,,,,,
2026/10/03 04:02,2026-10-03T04:17:12+09:00,2026/10/05,2026/12/10,2026-12,PUT,70750,4145,,,,,,,,,,,,,
2026/10/03 04:02,2026-10-03T04:17:12+09:00,2026/10/05,2026/12/10,2026-12,CALL,70625,2110,,,,,,,,,,,,,
2026/10/03 04:02,2026-10-03T04:17:12+09:00,2026/10/05,2026/12/10,2026-12,PUT,70625,4080,,,,,,,,,,,,,
2026/10/03 04:02,2026-10-03T04:17:12+09:00,2026/10/05,2026/12/10,2026-12,CALL,70500,2155,1,1,,1.01,,,1,20,24.36,,,2350,10/02 17:20
2026/10/03 04:02,2026-10-03T04:17:12+09:00,2026/10/05,2026/12/10,2026-12,PUT,70500,4000,,,,,,,,,,,,,
2026/10/03 04:02,2026-10-03T04:17:12+09:00,2026/10/05,2026/12/10,2026-12,CALL,70375,2210,,,,,,,,,,,,,
2026/10/03 04:02,2026-10-03T04:17:12+09:00,2026/10/05,2026/12/10,2026-12,PUT,70375,3930,,,,,,,,,,,,,
2026/10/03 04:02,2026-10-03T04:17:12+09:00,2026/10/05,2026/12/10,2026-12,CALL,70250,2250,,,,,,,,,,,,,
2026/10/03 04:02,2026-10-03T04:17:12+09:00,2026/10/05,2026/12/10,2026-12,PUT,70250,3845,,,,,,,,,,,,,
2026/10/03 04:02,2026-10-03T04:17:12+09:00,2026/10/05,2026/12/10,2026-12,CALL,70125,2295,,,,,,,,,,,,,
2026/10/03 04:02,2026-10-03T04:17:12+09:00,2026/10/05,2026/12/10,2026-12,PUT,70125,3770,,,,,,,,,,,,,
2026/10/03 04:02,2026-10-03T04:17:12+09:00,2026/10/05,2026/12/10,2026-12,CALL,70000,2350,5333,,,7.46,,,800,1,,,,,
2026/10/03 04:02,2026-10-03T04:17:12+09:00,2026/10/05,2026/12/10,2026-12,PUT,70000,3695,1653,,,,,,,,,,,,
2026/10/03 04:02,2026-10-03T04:17:12+09:00,2026/10/05,2026/12/10,2026-12,CALL,69875,2405,,,,,,,,,,,,,
2026/10/03 04:02,2026-10-03T04:17:12+09:00,2026/10/05,2026/12/10,2026-12,PUT,69875,3625,,,,,,,,,,,,,
2026/10/03 04:02,2026-10-03T04:17:12+09:00,2026/10/05,2026/12/10,2026-12,CALL,69750,2465,,,,,,,,,,,,,
2026/10/03 04:02,2026-10-03T04:17:12+09:00,2026/10/05,2026/12/10,2026-12,PUT,69750,3560,,,,,,,,,,,,,
2026/10/03 04:02,2026-10-03T04:17:12+09:00,2026/10/05,2026/12/10,2026-12,CALL,69625,2520,,,,,,,,,,,,,
2026/10/03 04:02,2026-10-03T04:17:12+09:00,2026/10/05,2026/12/10,2026-12,PUT,69625,3490,,,,,,,,,,,,,
2026/10/03 04:02,2026-10-03T04:17:12+09:00,2026/10/05,2026/12/10,2026-12,CALL,69500,2580,,1,,,,,1,20,24.88,,,2910,10/02 17:55
2026/10/03 04:02,2026-10-03T04:17:12+09:00,2026/10/05,2026/12/10,2026-12,PUT,69500,3430,,,,,,,,,,,,,
2026/10/03 04:02,2026-10-03T04:17:12+09:00,2026/10/05,2026/12/10,2026-12,CALL,69375,2635,,,,,,,,,,,,,
2026/10/03 04:02,2026-10-03T04:17:12+09:00,2026/10/05,2026/12/10,2026-12,PUT,69375,3360,,,,,,,,,,,,,
2026/10/03 04:02,2026-10-03T04:17:12+09:00,2026/10/05,2026/12/10,2026-12,CALL,69250,2700,50,1,,,,,,,23.33,,,3190,10/02 23:01
2026/10/03 04:02,2026-10-03T04:17:12+09:00,2026/10/05,2026/12/10,2026-12,PUT,69250,3300,,,,,,,,,,,,,
2026/10/03 04:02,2026-10-03T04:17:12+09:00,2026/10/05,2026/12/10,2026-12,CALL,69125,2755,,,,,,,,,,,,,
2026/10/03 04:02,2026-10-03T04:17:12+09:00,2026/10/05,2026/12/10,2026-12,PUT,69125,3230,,,,,,,,,,,,,
2026/10/03 04:02,2026-10-03T04:17:12+09:00,2026/10/05,2026/12/10,2026-12,CALL,69000,2820,1721,,,,,,1,21,,,,,
2026/10/03 04:02,2026-10-03T04:17:12+09:00,2026/10/05,2026/12/10,2026-12,PUT,69000,3170,1645,,,,,,,,,,,,
2026/10/03 04:02,2026-10-03T04:17:12+09:00,2026/10/05,2026/12/10,2026-12,CALL,68875,2885,,,,,,,,,,,,,
2026/10/03 04:02,2026-10-03T04:17:12+09:00,2026/10/05,2026/12/10,2026-12,PUT,68875,3105,,,,,,,,,,,,,
2026/10/03 04:02,2026-10-03T04:17:12+09:00,2026/10/05,2026/12/10,2026-12,CALL,68750,2950,,,,,,,,,,,,,
2026/10/03 04:02,2026-10-03T04:17:12+09:00,2026/10/05,2026/12/10,2026-12,PUT,68750,3050,100,,,,,,,,,,,,
2026/10/03 04:02,2026-10-03T04:17:12+09:00,2026/10/05,2026/12/10,2026-12,CALL,68625,3010,,,,,,,,,,,,,
2026/10/03 04:02,2026-10-03T04:17:12+09:00,2026/10/05,2026/12/10,2026-12,PUT,68625,2985,,,,,,,,,,,,,
2026/10/03 04:02,2026-10-03T04:17:12+09:00,2026/10/05,2026/12/10,2026-12,CALL,68500,3075,437,,,,,,1,20,,,,,
2026/10/03 04:02,2026-10-03T04:17:12+09:00,2026/10/05,2026/12/10,2026-12,PUT,68500,2925,206,,,,,,,,,,,,
2026/10/03 04:02,2026-10-03T04:17:12+09:00,2026/10/05,2026/12/10,2026-12,CALL,68375,3150,,,,,,,,,,,,,
2026/10/03 04:02,2026-10-03T04:17:12+09:00,2026/10/05,2026/12/10,2026-12,PUT,68375,2875,,,,,,,,,,,,,
2026/10/03 04:02,2026-10-03T04:17:12+09:00,2026/10/05,2026/12/10,2026-12,CALL,68250,3210,,,,,,,,,,,,,
2026/10/03 04:02,2026-10-03T04:17:12+09:00,2026/10/05,2026/12/10,2026-12,PUT,68250,2810,,,,,,,,,,,,,
2026/10/03 04:02,2026-10-03T04:17:12+09:00,2026/10/05,2026/12/10,2026-12,CALL,68125,3285,,,,,,,,,,,,,
2026/10/03 04:02,2026-10-03T04:17:12+09:00,2026/10/05,2026/12/10,2026-12,PUT,68125,2760,,,,,,,,,,,,,
2026/10/03 04:02,2026-10-03T04:17:12+09:00,2026/10/05,2026/12/10,2026-12,CALL,68000,3360,4314,,,,,,1,20,,,,,
2026/10/03 04:02,2026-10-03T04:17:12+09:00,2026/10/05,2026/12/10,2026-12,PUT,68000,2710,1900,,,2.26,,,1,1,,,,,
2026/10/03 04:02,2026-10-03T04:17:12+09:00,2026/10/05,2026/12/10,2026-12,CALL,67875,3425,,,,,,,,,,,,,
2026/10/03 04:02,2026-10-03T04:17:12+09:00,2026/10/05,2026/12/10,2026-12,PUT,67875,2650,,,,,,,,,,,,,
2026/10/03 04:02,2026-10-03T04:17:12+09:00,2026/10/05,2026/12/10,2026-12,CALL,67750,3500,,,,,,,,,,,,,
2026/10/03 04:02,2026-10-03T04:17:12+09:00,2026/10/05,2026/12/10,2026-12,PUT,67750,2605,,,,,,,,,,,,,
2026/10/03 04:02,2026-10-03T04:17:12+09:00,2026/10/05,2026/12/10,2026-12,CALL,67625,3555,,,,,,,,,,,,,
2026/10/03 04:02,2026-10-03T04:17:12+09:00,2026/10/05,2026/12/10,2026-12,PUT,67625,2535,,,,,,,,,,,,,
2026/10/03 04:02,2026-10-03T04:17:12+09:00,2026/10/05,2026/12/10,2026-12,CALL,67500,3620,25,,,,,,1,20,,,,,
2026/10/03 04:02,2026-10-03T04:17:12+09:00,2026/10/05,2026/12/10,2026-12,PUT,67500,2475,25,,,,,,,,,,,,
2026/10/03 04:02,2026-10-03T04:17:12+09:00,2026/10/05,2026/12/10,2026-12,CALL,67375,3700,,,,,,,,,,,,,
2026/10/03 04:02,2026-10-03T04:17:12+09:00,2026/10/05,2026/12/10,2026-12,PUT,67375,2430,,,,,,,,,,,,,
2026/10/03 04:02,2026-10-03T04:17:12+09:00,2026/10/05,2026/12/10,2026-12,CALL,67250,3765,25,,,,,,,,,,,,
2026/10/03 04:02,2026-10-03T04:17:12+09:00,2026/10/05,2026/12/10,2026-12,PUT,67250,2370,25,,,,,,,,,,,,
2026/10/03 04:02,2026-10-03T04:17:12+09:00,2026/10/05,2026/12/10,2026-12,CALL,67125,3845,,,,,,,,,,,,,
2026/10/03 04:02,2026-10-03T04:17:12+09:00,2026/10/05,2026/12/10,2026-12,PUT,67125,2325,,,,,,,,,,,,,
2026/10/03 04:02,2026-10-03T04:17:12+09:00,2026/10/05,2026/12/10,2026-12,CALL,67000,3920,2237,,,,,,1,10,,,,,
2026/10/03 04:02,2026-10-03T04:17:12+09:00,2026/10/05,2026/12/10,2026-12,PUT,67000,2275,1607,,,,,,,,,,,,
2026/10/03 04:02,2026-10-03T04:17:12+09:00,2026/10/05,2026/12/10,2026-12,CALL,66875,3990,,,,,,,,,,,,,
2026/10/03 04:02,2026-10-03T04:17:12+09:00,2026/10/05,2026/12/10,2026-12,PUT,66875,2220,,,,,,,,,,,,,
2026/10/03 04:02,2026-10-03T04:17:12+09:00,2026/10/05,2026/12/10,2026-12,CALL,66750,4075,,,,,,,,,,,,,
2026/10/03 04:02,2026-10-03T04:17:12+09:00,2026/10/05,2026/12/10,2026-12,PUT,66750,2180,,,,,,,,,,,,,
2026/10/03 04:02,2026-10-03T04:17:12+09:00,2026/10/05,2026/12/10,2026-12,CALL,66625,4150,,,,,,,,,,,,,
2026/10/03 04:02,2026-10-03T04:17:12+09:00,2026/10/05,2026/12/10,2026-12,PUT,66625,2130,,,,,,,,,,,,,
2026/10/03 04:02,2026-10-03T04:17:12+09:00,2026/10/05,2026/12/10,2026-12,CALL,66500,4245,2984,,,,,,1,10,,,,,
2026/10/03 04:02,2026-10-03T04:17:12+09:00,2026/10/05,2026/12/10,2026-12,PUT,66500,2100,1100,,,,,,,,,,,,
2026/10/03 04:02,2026-10-03T04:17:12+09:00,2026/10/05,2026/12/10,2026-12,CALL,66375,4290,,,,,,,,,,,,,
2026/10/03 04:02,2026-10-03T04:17:12+09:00,2026/10/05,2026/12/10,2026-12,PUT,66375,2020,,,,,,,,,,,,,
2026/10/03 04:02,2026-10-03T04:17:12+09:00,2026/10/05,2026/12/10,2026-12,CALL,66250,4375,18,,,,,,,,,,,,
2026/10/03 04:02,2026-10-03T04:17:12+09:00,2026/10/05,2026/12/10,2026-12,PUT,66250,1980,,,,,,,,,,,,,
2026/10/03 04:02,2026-10-03T04:17:12+09:00,2026/10/05,2026/12/10,2026-12,CALL,66125,4460,,,,,,,,,,,,,
2026/10/03 04:02,2026-10-03T04:17:12+09:00,2026/10/05,2026/12/10,2026-12,PUT,66125,1940,,,,,,,,,,,,,
2026/10/03 04:02,2026-10-03T04:17:12+09:00,2026/10/05,2026/12/10,2026-12,CALL,66000,4545,1092,,,,,,,,,,,,
2026/10/03 04:02,2026-10-03T04:17:12+09:00,2026/10/05,2026/12/10,2026-12,PUT,66000,1905,1136,,,,,,,,,,,,
2026/10/03 04:02,2026-10-03T04:17:12+09:00,2026/10/05,2026/12/10,2026-12,CALL,65875,4625,,,,,,,,,,,,,
2026/10/03 04:02,2026-10-03T04:17:12+09:00,2026/10/05,2026/12/10,2026-12,PUT,65875,1860,,,,,,,,,,,,,
2026/10/03 04:02,2026-10-03T04:17:12+09:00,2026/10/05,2026/12/10,2026-12,CALL,65750,4710,15,,,,,,,,,,,,
2026/10/03 04:02,2026-10-03T04:17:12+09:00,2026/10/05,2026/12/10,2026-12,PUT,65750,1820,15,,,,,,,,,,,,
2026/10/03 04:02,2026-10-03T04:17:12+09:00,2026/10/05,2026/12/10,2026-12,CALL,65625,4795,,,,,,,,,,,,,
2026/10/03 04:02,2026-10-03T04:17:12+09:00,2026/10/05,2026/12/10,2026-12,PUT,65625,1780,,,,,,,,,,,,,
2026/10/03 04:02,2026-10-03T04:17:12+09:00,2026/10/05,2026/12/10,2026-12,CALL,65500,4875,734,,,,,,,,,,,,
2026/10/03 04:02,2026-10-03T04:17:12+09:00,2026/10/05,2026/12/10,2026-12,PUT,65500,1730,605,,,5.08,,,1,8,,,,,
2026/10/03 04:02,2026-10-03T04:17:12+09:00,2026/10/05,2026/12/10,2026-12,CALL,65375,4965,,,,,,,,,,,,,
2026/10/03 04:02,2026-10-03T04:17:12+09:00,2026/10/05,2026/12/10,2026-12,PUT,65375,1700,,,,,,,,,,,,,
2026/10/03 04:02,2026-10-03T04:17:12+09:00,2026/10/05,2026/12/10,2026-12,CALL,65250,5050,,,,,,,,,,,,,
2026/10/03 04:02,2026-10-03T04:17:12+09:00,2026/10/05,2026/12/10,2026-12,PUT,65250,1660,,,,,,,,,,,,,
2026/10/03 04:02,2026-10-03T04:17:12+09:00,2026/10/05,2026/12/10,2026-12,CALL,65125,5145,,,,,,,,,,,,,
2026/10/03 04:02,2026-10-03T04:17:12+09:00,2026/10/05,2026/12/10,2026-12,PUT,65125,1630,,,,,,,,,,,,,
2026/10/03 04:02,2026-10-03T04:17:12+09:00,2026/10/05,2026/12/10,2026-12,CALL,65000,5235,3594,,,,,,,,,,,,
2026/10/03 04:02,2026-10-03T04:17:12+09:00,2026/10/05,2026/12/10,2026-12,PUT,65000,1595,4729,,33.47,5.64,2000,1,1,10,,,,,
2026/10/03 04:02,2026-10-03T04:17:12+09:00,2026/10/05,2026/12/10,2026-12,CALL,64875,5320,,,,,,,,,,,,,
2026/10/03 04:02,2026-10-03T04:17:12+09:00,2026/10/05,2026/12/10,2026-12,PUT,64875,1555,12,,,,,,,,,,,,
2026/10/03 04:02,2026-10-03T04:17:12+09:00,2026/10/05,2026/12/10,2026-12,CALL,64750,5415,,,,,,,,,,,,,
2026/10/03 04:02,2026-10-03T04:17:12+09:00,2026/10/05,2026/12/10,2026-12,PUT,64750,1525,,,,,,,,,,,,,
2026/10/03 04:02,2026-10-03T04:17:12+09:00,2026/10/05,2026/12/10,2026-12,CALL,64625,5505,,,,,,,,,,,,,
2026/10/03 04:02,2026-10-03T04:17:12+09:00,2026/10/05,2026/12/10,2026-12,PUT,64625,1490,25,,,,,,,,,,,,
2026/10/03 04:02,2026-10-03T04:17:12+09:00,2026/10/05,2026/12/10,2026-12,CALL,64500,5595,296,,,,,,,,,,,,
2026/10/03 04:02,2026-10-03T04:17:12+09:00,2026/10/05,2026/12/10,2026-12,PUT,64500,1455,263,,,6.2,,,1,8,,,,,
2026/10/03 04:02,2026-10-03T04:17:12+09:00,2026/10/05,2026/12/10,2026-12,CALL,64375,5685,,,,,,,,,,,,,
2026/10/03 04:02,2026-10-03T04:17:12+09:00,2026/10/05,2026/12/10,2026-12,PUT,64375,1425,,,,,,,,,,,,,
2026/10/03 04:02,2026-10-03T04:17:12+09:00,2026/10/05,2026/12/10,2026-12,CALL,64250,5775,,,,,,,,,,,,,
2026/10/03 04:02,2026-10-03T04:17:12+09:00,2026/10/05,2026/12/10,2026-12,PUT,64250,1390,,,,,,,,,,,,,
2026/10/03 04:02,2026-10-03T04:17:12+09:00,2026/10/05,2026/12/10,2026-12,CALL,64125,5875,,,,,,,,,,,,,
2026/10/03 04:02,2026-10-03T04:17:12+09:00,2026/10/05,2026/12/10,2026-12,PUT,64125,1375,5,,,,,,,,,,,,
2026/10/03 04:02,2026-10-03T04:17:12+09:00,2026/10/05,2026/12/10,2026-12,CALL,64000,5965,2242,,,,,,,,,,,,
2026/10/03 04:02,2026-10-03T04:17:12+09:00,2026/10/05,2026/12/10,2026-12,PUT,64000,1330,2230,1,,6.75,,,1,20,27.48,,,1115,10/02 21:48
2026/10/03 04:02,2026-10-03T04:17:12+09:00,2026/10/05,2026/12/10,2026-12,CALL,63875,6065,,,,,,,,,,,,,
2026/10/03 04:02,2026-10-03T04:17:12+09:00,2026/10/05,2026/12/10,2026-12,PUT,63875,1300,,,,,,,,,,,,,
2026/10/03 04:02,2026-10-03T04:17:12+09:00,2026/10/05,2026/12/10,2026-12,CALL,63750,6170,32,,,,,,,,,,,,
2026/10/03 04:02,2026-10-03T04:17:12+09:00,2026/10/05,2026/12/10,2026-12,PUT,63750,1285,59,,,,,,,,,,,,
2026/10/03 04:02,2026-10-03T04:17:12+09:00,2026/10/05,2026/12/10,2026-12,CALL,63625,6255,,,,,,,,,,,,,
2026/10/03 04:02,2026-10-03T04:17:12+09:00,2026/10/05,2026/12/10,2026-12,PUT,63625,1245,,,,,,,,,,,,,
2026/10/03 04:02,2026-10-03T04:17:12+09:00,2026/10/05,2026/12/10,2026-12,CALL,63500,6350,300,,,,,,,,,,,,
2026/10/03 04:02,2026-10-03T04:17:12+09:00,2026/10/05,2026/12/10,2026-12,PUT,63500,1215,600,,,7.31,,,1,8,,,,,
2026/10/03 04:02,2026-10-03T04:17:12+09:00,2026/10/05,2026/12/10,2026-12,CALL,63375,6450,,,,,,,,,,,,,
2026/10/03 04:02,2026-10-03T04:17:12+09:00,2026/10/05,2026/12/10,2026-12,PUT,63375,1185,,,,,,,,,,,,,
2026/10/03 04:02,2026-10-03T04:17:12+09:00,2026/10/05,2026/12/10,2026-12,CALL,63250,6565,,,,,,,,,,,,,
2026/10/03 04:02,2026-10-03T04:17:12+09:00,2026/10/05,2026/12/10,2026-12,PUT,63250,1180,23,,,,,,,,,,,,
2026/10/03 04:02,2026-10-03T04:17:12+09:00,2026/10/05,2026/12/10,2026-12,CALL,63125,6645,,,,,,,1,10,,,,,
2026/10/03 04:02,2026-10-03T04:17:12+09:00,2026/10/05,2026/12/10,2026-12,PUT,63125,1135,,,,,,,,,,,,,
2026/10/03 04:02,2026-10-03T04:17:12+09:00,2026/10/05,2026/12/10,2026-12,CALL,63000,6755,1417,,,,,,1,10,,,,,
2026/10/03 04:02,2026-10-03T04:17:12+09:00,2026/10/05,2026/12/10,2026-12,PUT,63000,1120,3041,,,11.04,,,20,1,,,,,
2026/10/03 04:02,2026-10-03T04:17:12+09:00,2026/10/05,2026/12/10,2026-12,CALL,62875,6850,,,,,,,1,10,,,,,
2026/10/03 04:02,2026-10-03T04:17:12+09:00,2026/10/05,2026/12/10,2026-12,PUT,62875,1090,,,,,,,,,,,,,
2026/10/03 04:02,2026-10-03T04:17:12+09:00,2026/10/05,2026/12/10,2026-12,CALL,62750,6945,,,,,,,,,,,,,
2026/10/03 04:02,2026-10-03T04:17:12+09:00,2026/10/05,2026/12/10,2026-12,PUT,62750,1060,,,,,,,,,,,,,
2026/10/03 04:02,2026-10-03T04:17:12+09:00,2026/10/05,2026/12/10,2026-12,CALL,62625,7045,,,,,,,,,,,,,
2026/10/03 04:02,2026-10-03T04:17:12+09:00,2026/10/05,2026/12/10,2026-12,PUT,62625,1040,,,,,,,,,,,,,
2026/10/03 04:02,2026-10-03T04:17:12+09:00,2026/10/05,2026/12/10,2026-12,CALL,62500,7145,812,,,,,,,,,,,,
2026/10/03 04:02,2026-10-03T04:17:12+09:00,2026/10/05,2026/12/10,2026-12,PUT,62500,1010,1087,,,8.43,,,1,8,,,,,
2026/10/03 04:02,2026-10-03T04:17:12+09:00,2026/10/05,2026/12/10,2026-12,CALL,62375,7245,,,,,,,,,,,,,
2026/10/03 04:02,2026-10-03T04:17:12+09:00,2026/10/05,2026/12/10,2026-12,PUT,62375,985,4,,,,,,,,,,,,
2026/10/03 04:02,2026-10-03T04:17:12+09:00,2026/10/05,2026/12/10,2026-12,CALL,62250,7350,,,,,,,,,,,,,
2026/10/03 04:02,2026-10-03T04:17:12+09:00,2026/10/05,2026/12/10,2026-12,PUT,62250,965,250,,,,,,,,,,,,
2026/10/03 04:02,2026-10-03T04:17:12+09:00,2026/10/05,2026/12/10,2026-12,CALL,62125,7465,,,,,,,,,,,,,
2026/10/03 04:02,2026-10-03T04:17:12+09:00,2026/10/05,2026/12/10,2026-12,PUT,62125,960,,,,,,,,,,,,,
2026/10/03 04:02,2026-10-03T04:17:12+09:00,2026/10/05,2026/12/10,2026-12,CALL,62000,7565,1850,,,,,,,,,,,,
2026/10/03 04:02,2026-10-03T04:17:12+09:00,2026/10/05,2026/12/10,2026-12,PUT,62000,930,3610,,,12.52,,,20,1,,,,,
2026/10/03 04:02,2026-10-03T04:17:12+09:00,2026/10/05,2026/12/10,2026-12,CALL,61875,7675,,,,,,,,,,,,,
2026/10/03 04:02,2026-10-03T04:17:12+09:00,2026/10/05,2026/12/10,2026-12,PUT,61875,915,,,,,,,,,,,,,
2026/10/03 04:02,2026-10-03T04:17:12+09:00,2026/10/05,2026/12/10,2026-12,CALL,61750,7780,,,,,,,,,,,,,
2026/10/03 04:02,2026-10-03T04:17:12+09:00,2026/10/05,2026/12/10,2026-12,PUT,61750,895,250,,,,,,,,,,,,
2026/10/03 04:02,2026-10-03T04:17:12+09:00,2026/10/05,2026/12/10,2026-12,CALL,61625,7870,,,,,,,,,,,,,
2026/10/03 04:02,2026-10-03T04:17:12+09:00,2026/10/05,2026/12/10,2026-12,PUT,61625,865,,,,,,,,,,,,,
2026/10/03 04:02,2026-10-03T04:17:12+09:00,2026/10/05,2026/12/10,2026-12,CALL,61500,7960,1,,,,,,,,,,,,
2026/10/03 04:02,2026-10-03T04:17:12+09:00,2026/10/05,2026/12/10,2026-12,PUT,61500,830,254,,,9.56,,,1,8,,,,,
2026/10/03 04:02,2026-10-03T04:17:12+09:00,2026/10/05,2026/12/10,2026-12,CALL,61375,8080,,,,,,,,,,,,,
2026/10/03 04:02,2026-10-03T04:17:12+09:00,2026/10/05,2026/12/10,2026-12,PUT,61375,825,,,,,,,,,,,,,
2026/10/03 04:02,2026-10-03T04:17:12+09:00,2026/10/05,2026/12/10,2026-12,CALL,61250,8190,,,,,,,,,,,,,
2026/10/03 04:02,2026-10-03T04:17:12+09:00,2026/10/05,2026/12/10,2026-12,PUT,61250,810,10,,,,,,,,,,,,
2026/10/03 04:02,2026-10-03T04:17:12+09:00,2026/10/05,2026/12/10,2026-12,CALL,61125,8295,,,,,,,,,,,,,
2026/10/03 04:02,2026-10-03T04:17:12+09:00,2026/10/05,2026/12/10,2026-12,PUT,61125,790,,,,,,,,,,,,,
2026/10/03 04:02,2026-10-03T04:17:12+09:00,2026/10/05,2026/12/10,2026-12,CALL,61000,8390,813,,,,,,,,,,,,
2026/10/03 04:02,2026-10-03T04:17:12+09:00,2026/10/05,2026/12/10,2026-12,PUT,61000,760,1451,3,,13.47,,,15,1,29.1,,,620,10/02 22:07
2026/10/03 04:02,2026-10-03T04:17:12+09:00,2026/10/05,2026/12/10,2026-12,CALL,60875,8510,,,,,,,,,,,,,
2026/10/03 04:02,2026-10-03T04:17:12+09:00,2026/10/05,2026/12/10,2026-12,PUT,60875,740,5,,,,,,,,,,,,
2026/10/03 04:02,2026-10-03T04:17:12+09:00,2026/10/05,2026/12/10,2026-12,CALL,60750,8615,,,,,,,,,,,,,
2026/10/03 04:02,2026-10-03T04:17:12+09:00,2026/10/05,2026/12/10,2026-12,PUT,60750,740,6,,,,,,,,,,,,
2026/10/03 04:02,2026-10-03T04:17:12+09:00,2026/10/05,2026/12/10,2026-12,CALL,60625,8720,,,,,,,,,,,,,
2026/10/03 04:02,2026-10-03T04:17:12+09:00,2026/10/05,2026/12/10,2026-12,PUT,60625,715,,,,13.32,,,10,2,,,,,
2026/10/03 04:02,2026-10-03T04:17:12+09:00,2026/10/05,2026/12/10,2026-12,CALL,60500,8825,102,,,,,,,,,,,,
2026/10/03 04:02,2026-10-03T04:17:12+09:00,2026/10/05,2026/12/10,2026-12,PUT,60500,710,201,,,10.7,,,1,8,,,,,
2026/10/03 04:02,2026-10-03T04:17:12+09:00,2026/10/05,2026/12/10,2026-12,CALL,60250,9050,,,,,,,,,,,,,
2026/10/03 04:02,2026-10-03T04:17:12+09:00,2026/10/05,2026/12/10,2026-12,PUT,60250,675,48,,,,,,,,,,,,
2026/10/03 04:02,2026-10-03T04:17:12+09:00,2026/10/05,2026/12/10,2026-12,CALL,60000,9270,7478,,,,,,,,,,,,
2026/10/03 04:02,2026-10-03T04:17:12+09:00,2026/10/05,2026/12/10,2026-12,PUT,60000,650,10185,1,31.2,14.92,600,1,15,1,30.33,-85,-13.08,565,10/02 21:29
2026/10/03 04:02,2026-10-03T04:17:12+09:00,2026/10/05,2026/12/10,2026-12,CALL,59750,9495,,,,,,,,,,,,,
2026/10/03 04:02,2026-10-03T04:17:12+09:00,2026/10/05,2026/12/10,2026-12,PUT,59750,620,,,,,,,,,,,,,
2026/10/03 04:02,2026-10-03T04:17:12+09:00,2026/10/05,2026/12/10,2026-12,CALL,59500,9715,100,,,,,,,,,,,,
2026/10/03 04:02,2026-10-03T04:17:12+09:00,2026/10/05,2026/12/10,2026-12,PUT,59500,595,1250,,,,,,,,,,,,
2026/10/03 04:02,2026-10-03T04:17:12+09:00,2026/10/05,2026/12/10,2026-12,CALL,59250,9935,,,,,,,,,,,,,
2026/10/03 04:02,2026-10-03T04:17:12+09:00,2026/10/05,2026/12/10,2026-12,PUT,59250,580,81,1,,,,,,,31.04,-80,-13.79,500,10/02 20:32
2026/10/03 04:02,2026-10-03T04:17:12+09:00,2026/10/05,2026/12/10,2026-12,CALL,59000,10165,1900,,,,,,,,,,,,
2026/10/03 04:02,2026-10-03T04:17:12+09:00,2026/10/05,2026/12/10,2026-12,PUT,59000,550,2541,,,15.59,,,10,1,,,,,
2026/10/03 04:02,2026-10-03T04:17:12+09:00,2026/10/05,2026/12/10,2026-12,CALL,58750,10390,,,,,,,,,,,,,
2026/10/03 04:02,2026-10-03T04:17:12+09:00,2026/10/05,2026/12/10,2026-12,PUT,58750,525,2,,,,,,,,,,,,
2026/10/03 04:02,2026-10-03T04:17:12+09:00,2026/10/05,2026/12/10,2026-12,CALL,58500,10610,350,,,,,,,,,,,,
2026/10/03 04:02,2026-10-03T04:17:12+09:00,2026/10/05,2026/12/10,2026-12,PUT,58500,500,864,,,13.01,,,1,1,,,,,
2026/10/03 04:02,2026-10-03T04:17:12+09:00,2026/10/05,2026/12/10,2026-12,CALL,58250,10850,,,,,,,,,,,,,
2026/10/03 04:02,2026-10-03T04:17:12+09:00,2026/10/05,2026/12/10,2026-12,PUT,58250,480,147,,,,,,,,,,,,
2026/10/03 04:02,2026-10-03T04:17:12+09:00,2026/10/05,2026/12/10,2026-12,CALL,58000,11080,2603,,,,,,,,,,,,
2026/10/03 04:02,2026-10-03T04:17:12+09:00,2026/10/05,2026/12/10,2026-12,PUT,58000,455,2427,,32.23,17,400,1,10,2,,,,,
2026/10/03 04:02,2026-10-03T04:17:12+09:00,2026/10/05,2026/12/10,2026-12,CALL,57750,11310,,,,,,,,,,,,,
2026/10/03 04:02,2026-10-03T04:17:12+09:00,2026/10/05,2026/12/10,2026-12,PUT,57750,440,3,,,,,,,,,,,,
2026/10/03 04:02,2026-10-03T04:17:12+09:00,2026/10/05,2026/12/10,2026-12,CALL,57500,11540,80,,,,,,,,,,,,
2026/10/03 04:02,2026-10-03T04:17:12+09:00,2026/10/05,2026/12/10,2026-12,PUT,57500,420,1137,,,14.19,,,1,8,,,,,
2026/10/03 04:02,2026-10-03T04:17:12+09:00,2026/10/05,2026/12/10,2026-12,CALL,57250,11775,113,,,,,,,,,,,,
2026/10/03 04:02,2026-10-03T04:17:12+09:00,2026/10/05,2026/12/10,2026-12,PUT,57250,415,29,,,,,,,,,,,,
2026/10/03 04:02,2026-10-03T04:17:12+09:00,2026/10/05,2026/12/10,2026-12,CALL,57000,12005,500,,,,,,,,,,,,
2026/10/03 04:02,2026-10-03T04:17:12+09:00,2026/10/05,2026/12/10,2026-12,PUT,57000,390,2585,,,18.43,,,10,1,,,,,
2026/10/03 04:02,2026-10-03T04:17:12+09:00,2026/10/05,2026/12/10,2026-12,CALL,56750,12240,,,,,,,,,,,,,
2026/10/03 04:02,2026-10-03T04:17:12+09:00,2026/10/05,2026/12/10,2026-12,PUT,56750,370,13,,,,,,,,,,,,
2026/10/03 04:02,2026-10-03T04:17:12+09:00,2026/10/05,2026/12/10,2026-12,CALL,56500,12475,283,,,,,,,,,,,,
2026/10/03 04:02,2026-10-03T04:17:12+09:00,2026/10/05,2026/12/10,2026-12,PUT,56500,355,221,,,,,,,,,,,,
2026/10/03 04:02,2026-10-03T04:17:12+09:00,2026/10/05,2026/12/10,2026-12,CALL,56250,12710,,,,,,,,,,,,,
2026/10/03 04:02,2026-10-03T04:17:12+09:00,2026/10/05,2026/12/10,2026-12,PUT,56250,345,47,,,,,,,,,,,,
2026/10/03 04:02,2026-10-03T04:17:12+09:00,2026/10/05,2026/12/10,2026-12,CALL,56000,12940,791,,,,,,,,,,,,
2026/10/03 04:02,2026-10-03T04:17:12+09:00,2026/10/05,2026/12/10,2026-12,PUT,56000,330,2645,1,,19.87,,,10,2,33.74,-35,-10.45,300,10/02 19:34
2026/10/03 04:02,2026-10-03T04:17:12+09:00,2026/10/05,2026/12/10,2026-12,CALL,55750,13185,,,,,,,,,,,,,
2026/10/03 04:02,2026-10-03T04:17:12+09:00,2026/10/05,2026/12/10,2026-12,PUT,55750,320,24,,,,,,,,,,,,
2026/10/03 04:02,2026-10-03T04:17:12+09:00,2026/10/05,2026/12/10,2026-12,CALL,55500,13420,300,,,,,,,,,,,,
2026/10/03 04:02,2026-10-03T04:17:12+09:00,2026/10/05,2026/12/10,2026-12,PUT,55500,305,153,,,,,,,,,,,,
2026/10/03 04:02,2026-10-03T04:17:12+09:00,2026/10/05,2026/12/10,2026-12,CALL,55250,13670,,,,,,,,,,,,,
2026/10/03 04:02,2026-10-03T04:17:12+09:00,2026/10/05,2026/12/10,2026-12,PUT,55250,305,2,,,,,,,,,,,,
2026/10/03 04:02,2026-10-03T04:17:12+09:00,2026/10/05,2026/12/10,2026-12,CALL,55000,13890,1829,,,,,,,,,,,,
2026/10/03 04:02,2026-10-03T04:17:12+09:00,2026/10/05,2026/12/10,2026-12,PUT,55000,272,5012,,77.82,29.37,3000,1,100,5,,,,,
2026/10/03 04:02,2026-10-03T04:17:12+09:00,2026/10/05,2026/12/10,2026-12,CALL,54750,14135,,,,,,,,,,,,,
2026/10/03 04:02,2026-10-03T04:17:12+09:00,2026/10/05,2026/12/10,2026-12,PUT,54750,281,43,,,17.5,,,1,1,,,,,
2026/10/03 04:02,2026-10-03T04:17:12+09:00,2026/10/05,2026/12/10,2026-12,CALL,54500,14385,540,,,,,,,,,,,,
2026/10/03 04:02,2026-10-03T04:17:12+09:00,2026/10/05,2026/12/10,2026-12,PUT,54500,272,884,,,,,,,,,,,,
2026/10/03 04:02,2026-10-03T04:17:12+09:00,2026/10/05,2026/12/10,2026-12,CALL,54250,14615,,,,,,,,,,,,,
2026/10/03 04:02,2026-10-03T04:17:12+09:00,2026/10/05,2026/12/10,2026-12,PUT,54250,305,35,,,,,,,,,,,,
2026/10/03 04:02,2026-10-03T04:17:12+09:00,2026/10/05,2026/12/10,2026-12,CALL,54000,14855,1941,,,,,,,,,,,,
2026/10/03 04:02,2026-10-03T04:17:12+09:00,2026/10/05,2026/12/10,2026-12,PUT,54000,241,3787,,,22.81,,,10,2,,,,,
2026/10/03 04:02,2026-10-03T04:17:12+09:00,2026/10/05,2026/12/10,2026-12,CALL,53750,15095,,,,,,,,,,,,,
2026/10/03 04:02,2026-10-03T04:17:12+09:00,2026/10/05,2026/12/10,2026-12,PUT,53750,233,45,,,,,,,,,,,,
2026/10/03 04:02,2026-10-03T04:17:12+09:00,2026/10/05,2026/12/10,2026-12,CALL,53500,15330,106,,,,,,,,,,,,
2026/10/03 04:02,2026-10-03T04:17:12+09:00,2026/10/05,2026/12/10,2026-12,PUT,53500,220,317,,,,,,,,,,,,
2026/10/03 04:02,2026-10-03T04:17:12+09:00,2026/10/05,2026/12/10,2026-12,CALL,53250,15575,,,,,,,,,,,,,
2026/10/03 04:02,2026-10-03T04:17:12+09:00,2026/10/05,2026/12/10,2026-12,PUT,53250,217,214,,,,,,,,,,,,
2026/10/03 04:02,2026-10-03T04:17:12+09:00,2026/10/05,2026/12/10,2026-12,CALL,53000,15825,1135,,,,,,,,,,,,
2026/10/03 04:02,2026-10-03T04:17:12+09:00,2026/10/05,2026/12/10,2026-12,PUT,53000,216,2017,,56.43,24.31,1000,1,10,1,,,,,
2026/10/03 04:02,2026-10-03T04:17:12+09:00,2026/10/05,2026/12/10,2026-12,CALL,52750,16070,,,,,,,,,,,,,
2026/10/03 04:02,2026-10-03T04:17:12+09:00,2026/10/05,2026/12/10,2026-12,PUT,52750,208,506,,,,,,,,,,,,
2026/10/03 04:02,2026-10-03T04:17:12+09:00,2026/10/05,2026/12/10,2026-12,CALL,52500,16315,50,,,,,,,,,,,,
2026/10/03 04:02,2026-10-03T04:17:12+09:00,2026/10/05,2026/12/10,2026-12,PUT,52500,205,1444,,,20.31,,,1,8,,,,,
2026/10/03 04:02,2026-10-03T04:17:12+09:00,2026/10/05,2026/12/10,2026-12,CALL,52250,16560,250,,,,,,,,,,,,
2026/10/03 04:02,2026-10-03T04:17:12+09:00,2026/10/05,2026/12/10,2026-12,PUT,52250,200,525,,,,,,,,,,,,
2026/10/03 04:02,2026-10-03T04:17:12+09:00,2026/10/05,2026/12/10,2026-12,CALL,52000,16790,802,,,,,,,,,,,,
2026/10/03 04:02,2026-10-03T04:17:12+09:00,2026/10/05,2026/12/10,2026-12,PUT,52000,183,3334,3,39.9,35.18,200,1,100,1,37.82,-22,-12.79,150,10/03 00:08
2026/10/03 04:02,2026-10-03T04:17:12+09:00,2026/10/05,2026/12/10,2026-12,CALL,51750,17030,,,,,,,,,,,,,
2026/10/03 04:02,2026-10-03T04:17:12+09:00,2026/10/05,2026/12/10,2026-12,PUT,51750,173,13,,,,,,,,,,,,
2026/10/03 04:02,2026-10-03T04:17:12+09:00,2026/10/05,2026/12/10,2026-12,CALL,51500,17270,,,,,,,,,,,,,
2026/10/03 04:02,2026-10-03T04:17:12+09:00,2026/10/05,2026/12/10,2026-12,PUT,51500,166,271,,,,,,,,,,,,
2026/10/03 04:02,2026-10-03T04:17:12+09:00,2026/10/05,2026/12/10,2026-12,CALL,51250,17515,,,,,,,,,,,,,
2026/10/03 04:02,2026-10-03T04:17:12+09:00,2026/10/05,2026/12/10,2026-12,PUT,51250,160,51,,,,,,,,,,,,
2026/10/03 04:02,2026-10-03T04:17:12+09:00,2026/10/05,2026/12/10,2026-12,CALL,51000,17755,731,,,,,,,,,,,,
2026/10/03 04:02,2026-10-03T04:17:12+09:00,2026/10/05,2026/12/10,2026-12,PUT,51000,151,1886,,,28.64,,,15,1,,,,,
2026/10/03 04:02,2026-10-03T04:17:12+09:00,2026/10/05,2026/12/10,2026-12,CALL,50750,18005,45,,,,,,,,,,,,
2026/10/03 04:02,2026-10-03T04:17:12+09:00,2026/10/05,2026/12/10,2026-12,PUT,50750,151,55,,,,,,,,,,,,
2026/10/03 04:02,2026-10-03T04:17:12+09:00,2026/10/05,2026/12/10,2026-12,CALL,50500,18250,600,,,,,,,,,,,,
2026/10/03 04:02,2026-10-03T04:17:12+09:00,2026/10/05,2026/12/10,2026-12,PUT,50500,152,1796,,,,,,,,,,,,
2026/10/03 04:02,2026-10-03T04:17:12+09:00,2026/10/05,2026/12/10,2026-12,CALL,50250,18495,58,,,,,,,,,,,,
2026/10/03 04:02,2026-10-03T04:17:12+09:00,2026/10/05,2026/12/10,2026-12,PUT,50250,142,18,,,,,,,,,,,,
2026/10/03 04:02,2026-10-03T04:17:12+09:00,2026/10/05,2026/12/10,2026-12,CALL,50000,18735,5692,,,,,,,,,,,,
2026/10/03 04:02,2026-10-03T04:17:12+09:00,2026/10/05,2026/12/10,2026-12,PUT,50000,146,9179,1,42.01,39.19,150,1,100,1,40.72,-15,-10.27,131,10/02 20:20
2026/10/03 04:02,2026-10-03T04:17:12+09:00,2026/10/05,2026/12/10,2026-12,CALL,49750,18980,,,,,,,,,,,,,
2026/10/03 04:02,2026-10-03T04:17:12+09:00,2026/10/05,2026/12/10,2026-12,PUT,49750,138,78,,,,,,,,,,,,
2026/10/03 04:02,2026-10-03T04:17:12+09:00,2026/10/05,2026/12/10,2026-12,CALL,49500,19220,260,,,,,,,,,,,,
2026/10/03 04:02,2026-10-03T04:17:12+09:00,2026/10/05,2026/12/10,2026-12,PUT,49500,120,2326,,,,,,,,,,,,
2026/10/03 04:02,2026-10-03T04:17:12+09:00,2026/10/05,2026/12/10,2026-12,CALL,49250,19470,,,,,,,,,,,,,
2026/10/03 04:02,2026-10-03T04:17:12+09:00,2026/10/05,2026/12/10,2026-12,PUT,49250,120,210,,,,,,,,,,,,
2026/10/03 04:02,2026-10-03T04:17:12+09:00,2026/10/05,2026/12/10,2026-12,CALL,49000,19715,1000,,,,,,,,,,,,
2026/10/03 04:02,2026-10-03T04:17:12+09:00,2026/10/05,2026/12/10,2026-12,PUT,49000,114,3739,,44.53,24.88,157,1,1,20,,,,,
2026/10/03 04:02,2026-10-03T04:17:12+09:00,2026/10/05,2026/12/10,2026-12,CALL,48750,19960,,,,,,,,,,,,,
2026/10/03 04:02,2026-10-03T04:17:12+09:00,2026/10/05,2026/12/10,2026-12,PUT,48750,111,4,,,,,,,,,,,,
2026/10/03 04:02,2026-10-03T04:17:12+09:00,2026/10/05,2026/12/10,2026-12,CALL,48500,20205,,,,,,,,,,,,,
2026/10/03 04:02,2026-10-03T04:17:12+09:00,2026/10/05,2026/12/10,2026-12,PUT,48500,105,309,,,35.6,,,30,1,,,,,
2026/10/03 04:02,2026-10-03T04:17:12+09:00,2026/10/05,2026/12/10,2026-12,CALL,48250,20450,,,,,,,,,,,,,
2026/10/03 04:02,2026-10-03T04:17:12+09:00,2026/10/05,2026/12/10,2026-12,PUT,48250,104,10,,,,,,,,,,,,
2026/10/03 04:02,2026-10-03T04:17:12+09:00,2026/10/05,2026/12/10,2026-12,CALL,48000,20700,750,,,,,,,,,,,,
2026/10/03 04:02,2026-10-03T04:17:12+09:00,2026/10/05,2026/12/10,2026-12,PUT,48000,101,4326,1,,27.72,,,2,11,43.31,,,104,10/02 20:34
2026/10/03 04:02,2026-10-03T04:17:12+09:00,2026/10/05,2026/12/10,2026-12,CALL,47750,20940,,,,,,,,,,,,,
2026/10/03 04:02,2026-10-03T04:17:12+09:00,2026/10/05,2026/12/10,2026-12,PUT,47750,92,5,,,,,,,,,,,,
2026/10/03 04:02,2026-10-03T04:17:12+09:00,2026/10/05,2026/12/10,2026-12,CALL,47500,21185,200,,,,,,,,,,,,
2026/10/03 04:02,2026-10-03T04:17:12+09:00,2026/10/05,2026/12/10,2026-12,PUT,47500,90,1122,,,,,,,,,,,,
2026/10/03 04:02,2026-10-03T04:17:12+09:00,2026/10/05,2026/12/10,2026-12,CALL,47250,21435,,,,,,,,,,,,,
2026/10/03 04:02,2026-10-03T04:17:12+09:00,2026/10/05,2026/12/10,2026-12,PUT,47250,88,,,,,,,,,,,,,
2026/10/03 04:02,2026-10-03T04:17:12+09:00,2026/10/05,2026/12/10,2026-12,CALL,47000,21680,350,,,,,,,,,,,,
2026/10/03 04:02,2026-10-03T04:17:12+09:00,2026/10/05,2026/12/10,2026-12,PUT,47000,85,2828,,,27.63,,,1,21,,,,,
2026/10/03 04:02,2026-10-03T04:17:12+09:00,2026/10/05,2026/12/10,2026-12,CALL,46750,21930,,,,,,,,,,,,,
2026/10/03 04:02,2026-10-03T04:17:12+09:00,2026/10/05,2026/12/10,2026-12,PUT,46750,84,24,,,,,,,,,,,,
2026/10/03 04:02,2026-10-03T04:17:12+09:00,2026/10/05,2026/12/10,2026-12,CALL,46500,22175,,,,,,,,,,,,,
2026/10/03 04:02,2026-10-03T04:17:12+09:00,2026/10/05,2026/12/10,2026-12,PUT,46500,84,119,,,,,,,,,,,,
2026/10/03 04:02,2026-10-03T04:17:12+09:00,2026/10/05,2026/12/10,2026-12,CALL,46250,22425,315,,,,,,,,,,,,
2026/10/03 04:02,2026-10-03T04:17:12+09:00,2026/10/05,2026/12/10,2026-12,PUT,46250,82,71,,,,,,,,,,,,
2026/10/03 04:02,2026-10-03T04:17:12+09:00,2026/10/05,2026/12/10,2026-12,CALL,46000,22670,2300,,,,,,,,,,,,
2026/10/03 04:02,2026-10-03T04:17:12+09:00,2026/10/05,2026/12/10,2026-12,PUT,46000,79,3457,,,29.04,,,1,21,,,,,
2026/10/03 04:02,2026-10-03T04:17:12+09:00,2026/10/05,2026/12/10,2026-12,CALL,45750,22920,,,,,,,,,,,,,
2026/10/03 04:02,2026-10-03T04:17:12+09:00,2026/10/05,2026/12/10,2026-12,PUT,45750,77,,,,,,,,,,,,,
2026/10/03 04:02,2026-10-03T04:17:12+09:00,2026/10/05,2026/12/10,2026-12,CALL,45500,23165,200,,,,,,,,,,,,
2026/10/03 04:02,2026-10-03T04:17:12+09:00,2026/10/05,2026/12/10,2026-12,PUT,45500,76,350,,,,,,,,,,,,
2026/10/03 04:02,2026-10-03T04:17:12+09:00,2026/10/05,2026/12/10,2026-12,CALL,45250,23415,413,,,,,,,,,,,,
2026/10/03 04:02,2026-10-03T04:17:12+09:00,2026/10/05,2026/12/10,2026-12,PUT,45250,75,53,,,,,,,,,,,,
2026/10/03 04:02,2026-10-03T04:17:12+09:00,2026/10/05,2026/12/10,2026-12,CALL,45000,23635,1842,,65.27,,25200,2,,,,,,,
2026/10/03 04:02,2026-10-03T04:17:12+09:00,2026/10/05,2026/12/10,2026-12,PUT,45000,48,2846,,,33.28,,,3,1,,,,,
2026/10/03 04:02,2026-10-03T04:17:12+09:00,2026/10/05,2026/12/10,2026-12,CALL,44750,23885,,,,,,,,,,,,,
2026/10/03 04:02,2026-10-03T04:17:12+09:00,2026/10/05,2026/12/10,2026-12,PUT,44750,46,1,,,,,,,,,,,,
2026/10/03 04:02,2026-10-03T04:17:12+09:00,2026/10/05,2026/12/10,2026-12,CALL,44500,24130,,,,,,,,,,,,,
2026/10/03 04:02,2026-10-03T04:17:12+09:00,2026/10/05,2026/12/10,2026-12,PUT,44500,44,102,,,,,,,,,,,,
2026/10/03 04:02,2026-10-03T04:17:12+09:00,2026/10/05,2026/12/10,2026-12,CALL,44250,24380,,,,,,,,,,,,,
2026/10/03 04:02,2026-10-03T04:17:12+09:00,2026/10/05,2026/12/10,2026-12,PUT,44250,42,,,,,,,,,,,,,
2026/10/03 04:02,2026-10-03T04:17:12+09:00,2026/10/05,2026/12/10,2026-12,CALL,44000,24625,600,,,,,,,,,,,,
2026/10/03 04:02,2026-10-03T04:17:12+09:00,2026/10/05,2026/12/10,2026-12,PUT,44000,55,2803,,,33.71,,,2,1,,,,,
2026/10/03 04:02,2026-10-03T04:17:12+09:00,2026/10/05,2026/12/10,2026-12,CALL,43750,24875,131,,,,,,,,,,,,
2026/10/03 04:02,2026-10-03T04:17:12+09:00,2026/10/05,2026/12/10,2026-12,PUT,43750,38,9,,,,,,,,,,,,
2026/10/03 04:02,2026-10-03T04:17:12+09:00,2026/10/05,2026/12/10,2026-12,CALL,43500,25120,,,,,,,,,,,,,
2026/10/03 04:02,2026-10-03T04:17:12+09:00,2026/10/05,2026/12/10,2026-12,PUT,43500,37,102,,,,,,,,,,,,
2026/10/03 04:02,2026-10-03T04:17:12+09:00,2026/10/05,2026/12/10,2026-12,CALL,43250,25370,4,,,,,,,,,,,,
2026/10/03 04:02,2026-10-03T04:17:12+09:00,2026/10/05,2026/12/10,2026-12,PUT,43250,35,,,,33.08,,,1,1,,,,,
2026/10/03 04:02,2026-10-03T04:17:12+09:00,2026/10/05,2026/12/10,2026-12,CALL,43000,25615,1400,,,,,,,,,,,,
2026/10/03 04:02,2026-10-03T04:17:12+09:00,2026/10/05,2026/12/10,2026-12,PUT,43000,34,2175,,,33.45,,,1,20,,,,,
2026/10/03 04:02,2026-10-03T04:17:12+09:00,2026/10/05,2026/12/10,2026-12,CALL,42750,25865,,,,,,,,,,,,,
2026/10/03 04:02,2026-10-03T04:17:12+09:00,2026/10/05,2026/12/10,2026-12,PUT,42750,32,,,,,,,,,,,,,
2026/10/03 04:02,2026-10-03T04:17:12+09:00,2026/10/05,2026/12/10,2026-12,CALL,42500,26115,260,,,,,,,,,,,,
2026/10/03 04:02,2026-10-03T04:17:12+09:00,2026/10/05,2026/12/10,2026-12,PUT,42500,48,301,,,49.98,,,48,1,,,,,
2026/10/03 04:02,2026-10-03T04:17:12+09:00,2026/10/05,2026/12/10,2026-12,CALL,42250,26360,,,,,,,,,,,,,
2026/10/03 04:02,2026-10-03T04:17:12+09:00,2026/10/05,2026/12/10,2026-12,PUT,42250,29,2,,,,,,,,,,,,
2026/10/03 04:02,2026-10-03T04:17:12+09:00,2026/10/05,2026/12/10,2026-12,CALL,42000,26610,1071,,,,,,,,,,,,
2026/10/03 04:02,2026-10-03T04:17:12+09:00,2026/10/05,2026/12/10,2026-12,PUT,42000,28,3702,,,34.99,,,1,20,,,,,
2026/10/03 04:02,2026-10-03T04:17:12+09:00,2026/10/05,2026/12/10,2026-12,CALL,41750,26855,,,,,,,,,,,,,
2026/10/03 04:02,2026-10-03T04:17:12+09:00,2026/10/05,2026/12/10,2026-12,PUT,41750,27,,,,,,,,,,,,,
2026/10/03 04:02,2026-10-03T04:17:12+09:00,2026/10/05,2026/12/10,2026-12,CALL,41500,27105,100,,,,,,,,,,,,
2026/10/03 04:02,2026-10-03T04:17:12+09:00,2026/10/05,2026/12/10,2026-12,PUT,41500,26,101,,,,,,,,,,,,
2026/10/03 04:02,2026-10-03T04:17:12+09:00,2026/10/05,2026/12/10,2026-12,CALL,41250,27355,,,,,,,,,,,,,
2026/10/03 04:02,2026-10-03T04:17:12+09:00,2026/10/05,2026/12/10,2026-12,PUT,41250,24,3,,,,,,,,,,,,
2026/10/03 04:02,2026-10-03T04:17:12+09:00,2026/10/05,2026/12/10,2026-12,CALL,41000,27600,1300,,,,,,,,,,,,
2026/10/03 04:02,2026-10-03T04:17:12+09:00,2026/10/05,2026/12/10,2026-12,PUT,41000,23,1929,,,36.56,,,1,20,,,,,
2026/10/03 04:02,2026-10-03T04:17:12+09:00,2026/10/05,2026/12/10,2026-12,CALL,40750,27850,,,,,,,,,,,,,
2026/10/03 04:02,2026-10-03T04:17:12+09:00,2026/10/05,2026/12/10,2026-12,PUT,40750,22,1,,,,,,,,,,,,
2026/10/03 04:02,2026-10-03T04:17:12+09:00,2026/10/05,2026/12/10,2026-12,CALL,40500,28100,400,,,,,,,,,,,,
2026/10/03 04:02,2026-10-03T04:17:12+09:00,2026/10/05,2026/12/10,2026-12,PUT,40500,21,1399,,,,,,,,,,,,
2026/10/03 04:02,2026-10-03T04:17:12+09:00,2026/10/05,2026/12/10,2026-12,CALL,40250,28345,,,,,,,,,,,,,
2026/10/03 04:02,2026-10-03T04:17:12+09:00,2026/10/05,2026/12/10,2026-12,PUT,40250,20,5,,,,,,,,,,,,
2026/10/03 04:02,2026-10-03T04:17:12+09:00,2026/10/05,2026/12/10,2026-12,CALL,40000,28595,1200,,,,,,,,,,,,
2026/10/03 04:02,2026-10-03T04:17:12+09:00,2026/10/05,2026/12/10,2026-12,PUT,40000,19,6768,1,53.12,50.47,34,1,22,1,51.88,,,30,10/02 19:42
2026/10/03 04:02,2026-10-03T04:17:12+09:00,2026/10/05,2026/12/10,2026-12,CALL,39750,28845,,,,,,,,,,,,,
2026/10/03 04:02,2026-10-03T04:17:12+09:00,2026/10/05,2026/12/10,2026-12,PUT,39750,18,,,,,,,,,,,,,
2026/10/03 04:02,2026-10-03T04:17:12+09:00,2026/10/05,2026/12/10,2026-12,CALL,39500,29090,500,,,,,,,,,,,,
2026/10/03 04:02,2026-10-03T04:17:12+09:00,2026/10/05,2026/12/10,2026-12,PUT,39500,18,1008,,,38.98,,,1,10,,,,,
2026/10/03 04:02,2026-10-03T04:17:12+09:00,2026/10/05,2026/12/10,2026-12,CALL,39250,29340,,,,,,,,,,,,,
2026/10/03 04:02,2026-10-03T04:17:12+09:00,2026/10/05,2026/12/10,2026-12,PUT,39250,17,650,,,,,,,,,,,,
2026/10/03 04:02,2026-10-03T04:17:12+09:00,2026/10/05,2026/12/10,2026-12,CALL,39000,29590,750,,,,,,,,,,,,
2026/10/03 04:02,2026-10-03T04:17:12+09:00,2026/10/05,2026/12/10,2026-12,PUT,39000,16,2301,,56.44,39.81,40,1,1,20,,,,,
2026/10/03 04:02,2026-10-03T04:17:12+09:00,2026/10/05,2026/12/10,2026-12,CALL,38750,29835,50,,,,,,,,,,,,
2026/10/03 04:02,2026-10-03T04:17:12+09:00,2026/10/05,2026/12/10,2026-12,PUT,38750,15,50,,,40.23,,,1,1,,,,,
2026/10/03 04:02,2026-10-03T04:17:12+09:00,2026/10/05,2026/12/10,2026-12,CALL,38500,30085,700,,,,,,,,,,,,
2026/10/03 04:02,2026-10-03T04:17:12+09:00,2026/10/05,2026/12/10,2026-12,PUT,38500,15,1150,,,,,,,,,,,,
2026/10/03 04:02,2026-10-03T04:17:12+09:00,2026/10/05,2026/12/10,2026-12,CALL,38250,30335,,,,,,,,,,,,,
2026/10/03 04:02,2026-10-03T04:17:12+09:00,2026/10/05,2026/12/10,2026-12,PUT,38250,14,,,,,,,,,,,,,
2026/10/03 04:02,2026-10-03T04:17:12+09:00,2026/10/05,2026/12/10,2026-12,CALL,38000,30585,1225,,,,,,,,,,,,
2026/10/03 04:02,2026-10-03T04:17:12+09:00,2026/10/05,2026/12/10,2026-12,PUT,38000,19,2587,10,58.92,45.18,41,1,3,1,55.13,-10,-28.57,25,10/02 18:39
2026/10/03 04:02,2026-10-03T04:17:12+09:00,2026/10/05,2026/12/10,2026-12,CALL,37750,30830,100,,,,,,,,,,,,
2026/10/03 04:02,2026-10-03T04:17:12+09:00,2026/10/05,2026/12/10,2026-12,PUT,37750,13,100,,,,,,,,,,,,
2026/10/03 04:02,2026-10-03T04:17:12+09:00,2026/10/05,2026/12/10,2026-12,CALL,37500,31080,88,,,,,,,,,,,,
2026/10/03 04:02,2026-10-03T04:17:12+09:00,2026/10/05,2026/12/10,2026-12,PUT,37500,12,188,,,,,,,,,,,,
2026/10/03 04:02,2026-10-03T04:17:12+09:00,2026/10/05,2026/12/10,2026-12,CALL,37250,31330,,,,,,,,,,,,,
2026/10/03 04:02,2026-10-03T04:17:12+09:00,2026/10/05,2026/12/10,2026-12,PUT,37250,11,,,,,,,,,,,,,
2026/10/03 04:02,2026-10-03T04:17:12+09:00,2026/10/05,2026/12/10,2026-12,CALL,37000,31580,450,,,,,,,,,,,,
2026/10/03 04:02,2026-10-03T04:17:12+09:00,2026/10/05,2026/12/10,2026-12,PUT,37000,11,2619,,,43.23,,,1,20,,,,,
2026/10/03 04:02,2026-10-03T04:17:12+09:00,2026/10/05,2026/12/10,2026-12,CALL,36750,31825,,,,,,,,,,,,,
2026/10/03 04:02,2026-10-03T04:17:12+09:00,2026/10/05,2026/12/10,2026-12,PUT,36750,10,400,,,,,,,,,,,,
2026/10/03 04:02,2026-10-03T04:17:12+09:00,2026/10/05,2026/12/10,2026-12,CALL,36500,32075,252,,,,,,,,,,,,
2026/10/03 04:02,2026-10-03T04:17:12+09:00,2026/10/05,2026/12/10,2026-12,PUT,36500,10,225,,,,,,,,,,,,
2026/10/03 04:02,2026-10-03T04:17:12+09:00,2026/10/05,2026/12/10,2026-12,CALL,36250,32325,,,,,,,,,,,,,
2026/10/03 04:02,2026-10-03T04:17:12+09:00,2026/10/05,2026/12/10,2026-12,PUT,36250,9,,,,,,,,,,,,,
2026/10/03 04:02,2026-10-03T04:17:12+09:00,2026/10/05,2026/12/10,2026-12,CALL,36000,32575,975,,,,,,,,,,,,
2026/10/03 04:02,2026-10-03T04:17:12+09:00,2026/10/05,2026/12/10,2026-12,PUT,36000,9,2906,,,45,,,1,20,,,,,
2026/10/03 04:02,2026-10-03T04:17:12+09:00,2026/10/05,2026/12/10,2026-12,CALL,35750,32820,,,,,,,,,,,,,
2026/10/03 04:02,2026-10-03T04:17:12+09:00,2026/10/05,2026/12/10,2026-12,PUT,35750,8,,,,,,,,,,,,,
2026/10/03 04:02,2026-10-03T04:17:12+09:00,2026/10/05,2026/12/10,2026-12,CALL,35500,33070,,,,,,,,,,,,,
2026/10/03 04:02,2026-10-03T04:17:12+09:00,2026/10/05,2026/12/10,2026-12,PUT,35500,8,,,,,,,,,,,,,
2026/10/03 04:02,2026-10-03T04:17:12+09:00,2026/10/05,2026/12/10,2026-12,CALL,35250,33320,,,,,,,,,,,,,
2026/10/03 04:02,2026-10-03T04:17:12+09:00,2026/10/05,2026/12/10,2026-12,PUT,35250,7,,,,,,,,,,,,,
2026/10/03 04:02,2026-10-03T04:17:12+09:00,2026/10/05,2026/12/10,2026-12,CALL,35000,33570,435,,,,,,,,,,,,
2026/10/03 04:02,2026-10-03T04:17:12+09:00,2026/10/05,2026/12/10,2026-12,PUT,35000,21,5277,2,61.87,58.67,23,1,14,1,60.91,,,20,10/02 21:39
2026/10/03 04:02,2026-10-03T04:17:12+09:00,2026/10/05,2026/12/10,2026-12,CALL,34750,33820,,,,,,,,,,,,,
2026/10/03 04:02,2026-10-03T04:17:12+09:00,2026/10/05,2026/12/10,2026-12,PUT,34750,7,1,,,,,,,,,,,,
2026/10/03 04:02,2026-10-03T04:17:12+09:00,2026/10/05,2026/12/10,2026-12,CALL,34500,34065,400,,,,,,,,,,,,
2026/10/03 04:02,2026-10-03T04:17:12+09:00,2026/10/05,2026/12/10,2026-12,PUT,34500,6,560,,,55.92,,,7,10,,,,,
2026/10/03 04:02,2026-10-03T04:17:12+09:00,2026/10/05,2026/12/10,2026-12,CALL,34250,34315,,,,,,,,,,,,,
2026/10/03 04:02,2026-10-03T04:17:12+09:00,2026/10/05,2026/12/10,2026-12,PUT,34250,6,2,,,,,,,,,,,,
2026/10/03 04:02,2026-10-03T04:17:12+09:00,2026/10/05,2026/12/10,2026-12,CALL,34000,34565,280,,,,,,,,,,,,
2026/10/03 04:02,2026-10-03T04:17:12+09:00,2026/10/05,2026/12/10,2026-12,PUT,34000,6,2820,,,48.7,,,1,20,,,,,
2026/10/03 04:02,2026-10-03T04:17:12+09:00,2026/10/05,2026/12/10,2026-12,CALL,33750,34815,,,,,,,,,,,,,
2026/10/03 04:02,2026-10-03T04:17:12+09:00,2026/10/05,2026/12/10,2026-12,PUT,33750,5,,,,,,,,,,,,,
2026/10/03 04:02,2026-10-03T04:17:12+09:00,2026/10/05,2026/12/10,2026-12,CALL,33500,35065,,,,,,,,,,,,,
2026/10/03 04:02,2026-10-03T04:17:12+09:00,2026/10/05,2026/12/10,2026-12,PUT,33500,5,72,,,,,,,,,,,,
2026/10/03 04:02,2026-10-03T04:17:12+09:00,2026/10/05,2026/12/10,2026-12,CALL,33250,35310,,,,,,,,,,,,,
2026/10/03 04:02,2026-10-03T04:17:12+09:00,2026/10/05,2026/12/10,2026-12,PUT,33250,5,37,,,,,,,,,,,,
2026/10/03 04:02,2026-10-03T04:17:12+09:00,2026/10/05,2026/12/10,2026-12,CALL,33000,35560,1950,,,,,,,,,,,,
2026/10/03 04:02,2026-10-03T04:17:12+09:00,2026/10/05,2026/12/10,2026-12,PUT,33000,15,3362,,,63.79,,,15,1,,,,,
2026/10/03 04:02,2026-10-03T04:17:12+09:00,2026/10/05,2026/12/10,2026-12,CALL,32750,35810,,,,,,,,,,,,,
2026/10/03 04:02,2026-10-03T04:17:12+09:00,2026/10/05,2026/12/10,2026-12,PUT,32750,4,,,,,,,,,,,,,
2026/10/03 04:02,2026-10-03T04:17:12+09:00,2026/10/05,2026/12/10,2026-12,CALL,32500,36060,250,,,,,,,,,,,,
2026/10/03 04:02,2026-10-03T04:17:12+09:00,2026/10/05,2026/12/10,2026-12,PUT,32500,4,900,,,,,,,,,,,,
2026/10/03 04:02,2026-10-03T04:17:12+09:00,2026/10/05,2026/12/10,2026-12,CALL,32250,36310,,,,,,,,,,,,,
2026/10/03 04:02,2026-10-03T04:17:12+09:00,2026/10/05,2026/12/10,2026-12,PUT,32250,4,600,,,,,,,,,,,,
2026/10/03 04:02,2026-10-03T04:17:12+09:00,2026/10/05,2026/12/10,2026-12,CALL,32000,36560,700,,,,,,,,,,,,
2026/10/03 04:02,2026-10-03T04:17:12+09:00,2026/10/05,2026/12/10,2026-12,PUT,32000,4,4655,,,52.62,,,1,50,,,,,
2026/10/03 04:02,2026-10-03T04:17:12+09:00,2026/10/05,2026/12/10,2026-12,CALL,31750,36805,,,,,,,,,,,,,
2026/10/03 04:02,2026-10-03T04:17:12+09:00,2026/10/05,2026/12/10,2026-12,PUT,31750,3,,,,,,,,,,,,,
2026/10/03 04:02,2026-10-03T04:17:12+09:00,2026/10/05,2026/12/10,2026-12,CALL,31500,37055,50,,,,,,,,,,,,
2026/10/03 04:02,2026-10-03T04:17:12+09:00,2026/10/05,2026/12/10,2026-12,PUT,31500,3,350,,,,,,,,,,,,
2026/10/03 04:02,2026-10-03T04:17:12+09:00,2026/10/05,2026/12/10,2026-12,CALL,31250,37305,,,,,,,,,,,,,
2026/10/03 04:02,2026-10-03T04:17:12+09:00,2026/10/05,2026/12/10,2026-12,PUT,31250,3,,,,,,,,,,,,,
2026/10/03 04:02,2026-10-03T04:17:12+09:00,2026/10/05,2026/12/10,2026-12,CALL,31000,37555,241,,,,,,,,,,,,
2026/10/03 04:02,2026-10-03T04:17:12+09:00,2026/10/05,2026/12/10,2026-12,PUT,31000,3,2037,,,54.68,,,1,20,,,,,
2026/10/03 04:02,2026-10-03T04:17:12+09:00,2026/10/05,2026/12/10,2026-12,CALL,30750,37805,,,,,,,,,,,,,
2026/10/03 04:02,2026-10-03T04:17:12+09:00,2026/10/05,2026/12/10,2026-12,PUT,30750,3,,,,,,,,,,,,,
2026/10/03 04:02,2026-10-03T04:17:12+09:00,2026/10/05,2026/12/10,2026-12,CALL,30500,38055,50,,,,,,,,,,,,
2026/10/03 04:02,2026-10-03T04:17:12+09:00,2026/10/05,2026/12/10,2026-12,PUT,30500,3,51,,99.63,,220,1,,,,,,,
2026/10/03 04:02,2026-10-03T04:17:12+09:00,2026/10/05,2026/12/10,2026-12,CALL,30250,38300,,,,,,,,,,,,,
2026/10/03 04:02,2026-10-03T04:17:12+09:00,2026/10/05,2026/12/10,2026-12,PUT,30250,2,,,,,,,,,,,,,
2026/10/03 04:02,2026-10-03T04:17:12+09:00,2026/10/05,2026/12/10,2026-12,CALL,30000,38550,2553,,,,,,,,,,,,
2026/10/03 04:02,2026-10-03T04:17:12+09:00,2026/10/05,2026/12/10,2026-12,PUT,30000,11,10137,14,72.76,68.6,18,1,10,7,69,,,10,10/02 23:31
2026/10/03 04:02,2026-10-03T04:17:12+09:00,2026/10/05,2026/12/10,2026-12,CALL,29750,38800,,,,,,,,,,,,,
2026/10/03 04:02,2026-10-03T04:17:12+09:00,2026/10/05,2026/12/10,2026-12,PUT,29750,2,,,,,,,,,,,,,
2026/10/03 04:02,2026-10-03T04:17:12+09:00,2026/10/05,2026/12/10,2026-12,CALL,29500,39050,,,,,,,,,,,,,
2026/10/03 04:02,2026-10-03T04:17:12+09:00,2026/10/05,2026/12/10,2026-12,PUT,29500,2,,,,,,,,,,,,,
2026/10/03 04:02,2026-10-03T04:17:12+09:00,2026/10/05,2026/12/10,2026-12,CALL,29250,39300,,,,,,,,,,,,,
2026/10/03 04:02,2026-10-03T04:17:12+09:00,2026/10/05,2026/12/10,2026-12,PUT,29250,2,,,,,,,,,,,,,
2026/10/03 04:02,2026-10-03T04:17:12+09:00,2026/10/05,2026/12/10,2026-12,CALL,29000,39550,150,,,,,,,,,,,,
2026/10/03 04:02,2026-10-03T04:17:12+09:00,2026/10/05,2026/12/10,2026-12,PUT,29000,5,1450,,,66.86,,,5,2,,,,,
2026/10/03 04:02,2026-10-03T04:17:12+09:00,2026/10/05,2026/12/10,2026-12,CALL,28750,39795,,,,,,,,,,,,,
2026/10/03 04:02,2026-10-03T04:17:12+09:00,2026/10/05,2026/12/10,2026-12,PUT,28750,2,,,,,,,,,,,,,
2026/10/03 04:02,2026-10-03T04:17:12+09:00,2026/10/05,2026/12/10,2026-12,CALL,28500,40045,125,,,,,,,,,,,,
2026/10/03 04:02,2026-10-03T04:17:12+09:00,2026/10/05,2026/12/10,2026-12,PUT,28500,2,400,,,,,,,,,,,,
2026/10/03 04:02,2026-10-03T04:17:12+09:00,2026/10/05,2026/12/10,2026-12,CALL,28250,40295,,,,,,,,,,,,,
2026/10/03 04:02,2026-10-03T04:17:12+09:00,2026/10/05,2026/12/10,2026-12,PUT,28250,2,,,,,,,,,,,,,
2026/10/03 04:02,2026-10-03T04:17:12+09:00,2026/10/05,2026/12/10,2026-12,CALL,28000,40545,75,,,,,,,,,,,,
2026/10/03 04:02,2026-10-03T04:17:12+09:00,2026/10/05,2026/12/10,2026-12,PUT,28000,5,1334,,,69.41,,,5,4,,,,,
2026/10/03 04:02,2026-10-03T04:17:12+09:00,2026/10/05,2026/12/10,2026-12,CALL,27750,40795,,,,,,,,,,,,,
2026/10/03 04:02,2026-10-03T04:17:12+09:00,2026/10/05,2026/12/10,2026-12,PUT,27750,1,72,,,,,,,,,,,,
2026/10/03 04:02,2026-10-03T04:17:12+09:00,2026/10/05,2026/12/10,2026-12,CALL,27500,41045,,,,,,,,,,,,,
2026/10/03 04:02,2026-10-03T04:17:12+09:00,2026/10/05,2026/12/10,2026-12,PUT,27500,1,25,,,,,,,,,,,,
2026/10/03 04:02,2026-10-03T04:17:12+09:00,2026/10/05,2026/12/10,2026-12,CALL,27250,41295,,,,,,,,,,,,,
2026/10/03 04:02,2026-10-03T04:17:12+09:00,2026/10/05,2026/12/10,2026-12,PUT,27250,1,,,,,,,,,,,,,
2026/10/03 04:02,2026-10-03T04:17:12+09:00,2026/10/05,2026/12/10,2026-12,CALL,27000,41540,250,,,,,,,,,,,,
2026/10/03 04:02,2026-10-03T04:17:12+09:00,2026/10/05,2026/12/10,2026-12,PUT,27000,5,2631,,,72.05,,,5,5,,,,,
2026/10/03 04:02,2026-10-03T04:17:12+09:00,2026/10/05,2026/12/10,2026-12,CALL,26750,41790,,,,,,,,,,,,,
2026/10/03 04:02,2026-10-03T04:17:12+09:00,2026/10/05,2026/12/10,2026-12,PUT,26750,1,,,,,,,,,,,,,
2026/10/03 04:02,2026-10-03T04:17:12+09:00,2026/10/05,2026/12/10,2026-12,CALL,26500,42040,,,,,,,,,,,,,
2026/10/03 04:02,2026-10-03T04:17:12+09:00,2026/10/05,2026/12/10,2026-12,PUT,26500,1,3,,,,,,,,,,,,
2026/10/03 04:02,2026-10-03T04:17:12+09:00,2026/10/05,2026/12/10,2026-12,CALL,26250,42290,,,,,,,,,,,,,
2026/10/03 04:02,2026-10-03T04:17:12+09:00,2026/10/05,2026/12/10,2026-12,PUT,26250,1,,,,,,,,,,,,,
2026/10/03 04:02,2026-10-03T04:17:12+09:00,2026/10/05,2026/12/10,2026-12,CALL,26000,42540,350,,,,,,,,,,,,
2026/10/03 04:02,2026-10-03T04:17:12+09:00,2026/10/05,2026/12/10,2026-12,PUT,26000,1,1425,,94.71,66.04,50,1,1,20,,,,,
2026/10/03 04:02,2026-10-03T04:17:12+09:00,2026/10/05,2026/12/10,2026-12,CALL,25750,42790,,,,,,,,,,,,,
2026/10/03 04:02,2026-10-03T04:17:12+09:00,2026/10/05,2026/12/10,2026-12,PUT,25750,1,,,,,,,,,,,,,
2026/10/03 04:02,2026-10-03T04:17:12+09:00,2026/10/05,2026/12/10,2026-12,CALL,25500,43040,,,,,,,,,,,,,
2026/10/03 04:02,2026-10-03T04:17:12+09:00,2026/10/05,2026/12/10,2026-12,PUT,25500,1,2,,,,,,,,,,,,
2026/10/03 04:02,2026-10-03T04:17:12+09:00,2026/10/05,2026/12/10,2026-12,CALL,25250,43285,,,,,,,,,,,,,
2026/10/03 04:02,2026-10-03T04:17:12+09:00,2026/10/05,2026/12/10,2026-12,PUT,25250,1,1,,,,,,,,,,,,
2026/10/03 04:02,2026-10-03T04:17:12+09:00,2026/10/05,2026/12/10,2026-12,CALL,25000,43535,300,,,,,,,,,,,,
2026/10/03 04:02,2026-10-03T04:17:12+09:00,2026/10/05,2026/12/10,2026-12,PUT,25000,5,2019,,85.37,77.64,14,1,5,1,,,,,
2026/10/03 04:02,2026-10-03T04:17:12+09:00,2026/10/05,2026/12/10,2026-12,CALL,24750,43785,,,,,,,,,,,,,
2026/10/03 04:02,2026-10-03T04:17:12+09:00,2026/10/05,2026/12/10,2026-12,PUT,24750,1,1,,,,,,,,,,,,
2026/10/03 04:02,2026-10-03T04:17:12+09:00,2026/10/05,2026/12/10,2026-12,CALL,24500,44035,,,,,,,,,,,,,
2026/10/03 04:02,2026-10-03T04:17:12+09:00,2026/10/05,2026/12/10,2026-12,PUT,24500,1,250,,,,,,,,,,,,
2026/10/03 04:02,2026-10-03T04:17:12+09:00,2026/10/05,2026/12/10,2026-12,CALL,24250,44285,,,,,,,,,,,,,
2026/10/03 04:02,2026-10-03T04:17:12+09:00,2026/10/05,2026/12/10,2026-12,PUT,24250,1,,,,,,,,,,,,,
2026/10/03 04:02,2026-10-03T04:17:12+09:00,2026/10/05,2026/12/10,2026-12,CALL,24000,44535,,,,,,,,,,,,,
2026/10/03 04:02,2026-10-03T04:17:12+09:00,2026/10/05,2026/12/10,2026-12,PUT,24000,1,405,,99.25,71.21,40,1,1,30,,,,,
2026/10/03 04:02,2026-10-03T04:17:12+09:00,2026/10/05,2026/12/10,2026-12,CALL,23750,44785,,,,,,,,,,,,,
2026/10/03 04:02,2026-10-03T04:17:12+09:00,2026/10/05,2026/12/10,2026-12,PUT,23750,1,,,,,,,,,,,,,
2026/10/03 04:02,2026-10-03T04:17:12+09:00,2026/10/05,2026/12/10,2026-12,CALL,23500,45030,,,,,,,,,,,,,
2026/10/03 04:02,2026-10-03T04:17:12+09:00,2026/10/05,2026/12/10,2026-12,PUT,23500,1,127,,,,,,,,,,,,
2026/10/03 04:02,2026-10-03T04:17:12+09:00,2026/10/05,2026/12/10,2026-12,CALL,23250,45280,,,,,,,,,,,,,
2026/10/03 04:02,2026-10-03T04:17:12+09:00,2026/10/05,2026/12/10,2026-12,PUT,23250,1,1,,,,,,,,,,,,
2026/10/03 04:02,2026-10-03T04:17:12+09:00,2026/10/05,2026/12/10,2026-12,CALL,23000,45530,,,,,,,,,,,,,
2026/10/03 04:02,2026-10-03T04:17:12+09:00,2026/10/05,2026/12/10,2026-12,PUT,23000,2,2106,,,77.78,,,2,1,,,,,
2026/10/03 04:02,2026-10-03T04:17:12+09:00,2026/10/05,2026/12/10,2026-12,CALL,22750,45780,,,,,,,,,,,,,
2026/10/03 04:02,2026-10-03T04:17:12+09:00,2026/10/05,2026/12/10,2026-12,PUT,22750,1,,,,,,,,,,,,,
2026/10/03 04:02,2026-10-03T04:17:12+09:00,2026/10/05,2026/12/10,2026-12,CALL,22500,46030,,,,,,,,,,,,,
2026/10/03 04:02,2026-10-03T04:17:12+09:00,2026/10/05,2026/12/10,2026-12,PUT,22500,1,150,,,,,,,,,,,,
2026/10/03 04:02,2026-10-03T04:17:12+09:00,2026/10/05,2026/12/10,2026-12,CALL,22250,46280,,,,,,,,,,,,,
2026/10/03 04:02,2026-10-03T04:17:12+09:00,2026/10/05,2026/12/10,2026-12,PUT,22250,1,,,,,,,,,,,,,
2026/10/03 04:02,2026-10-03T04:17:12+09:00,2026/10/05,2026/12/10,2026-12,CALL,22000,46530,100,,,,,,,,,,,,
2026/10/03 04:02,2026-10-03T04:17:12+09:00,2026/10/05,2026/12/10,2026-12,PUT,22000,3,1716,,92.49,83.37,10,5,3,1,,,,,
2026/10/03 04:02,2026-10-03T04:17:12+09:00,2026/10/05,2026/12/10,2026-12,CALL,21750,46775,,,,,,,,,,,,,
2026/10/03 04:02,2026-10-03T04:17:12+09:00,2026/10/05,2026/12/10,2026-12,PUT,21750,1,,,,,,,,,,,,,
2026/10/03 04:02,2026-10-03T04:17:12+09:00,2026/10/05,2026/12/10,2026-12,CALL,21500,47025,,,,,,,,,,,,,
2026/10/03 04:02,2026-10-03T04:17:12+09:00,2026/10/05,2026/12/10,2026-12,PUT,21500,1,500,,,,,,,,,,,,
2026/10/03 04:02,2026-10-03T04:17:12+09:00,2026/10/05,2026/12/10,2026-12,CALL,21250,47275,,,,,,,,,,,,,
2026/10/03 04:02,2026-10-03T04:17:12+09:00,2026/10/05,2026/12/10,2026-12,PUT,21250,1,,,,,,,,,,,,,
2026/10/03 04:02,2026-10-03T04:17:12+09:00,2026/10/05,2026/12/10,2026-12,CALL,21000,47525,,,,,,,,,,,,,
2026/10/03 04:02,2026-10-03T04:17:12+09:00,2026/10/05,2026/12/10,2026-12,PUT,21000,1,350,,,,,,,,,,,,
2026/10/03 04:02,2026-10-03T04:17:12+09:00,2026/10/05,2026/12/10,2026-12,CALL,20750,47775,,,,,,,,,,,,,
2026/10/03 04:02,2026-10-03T04:17:12+09:00,2026/10/05,2026/12/10,2026-12,PUT,20750,1,,,,,,,,,,,,,
2026/10/03 04:02,2026-10-03T04:17:12+09:00,2026/10/05,2026/12/10,2026-12,CALL,20500,48025,,,,,,,,,,,,,
2026/10/03 04:02,2026-10-03T04:17:12+09:00,2026/10/05,2026/12/10,2026-12,PUT,20500,1,,,,,,,,,,,,,
2026/10/03 04:02,2026-10-03T04:17:12+09:00,2026/10/05,2026/12/10,2026-12,CALL,20250,48275,,,,,,,,,,,,,
2026/10/03 04:02,2026-10-03T04:17:12+09:00,2026/10/05,2026/12/10,2026-12,PUT,20250,1,3,,,,,,,,,,,,
2026/10/03 04:02,2026-10-03T04:17:12+09:00,2026/10/05,2026/12/10,2026-12,CALL,20000,48520,150,,,,,,,,,,,,
2026/10/03 04:02,2026-10-03T04:17:12+09:00,2026/10/05,2026/12/10,2026-12,PUT,20000,3,2683,69,197.15,90.04,995,1,3,14,92.2,0,0,4,10/03 01:01
2026/10/03 04:02,2026-10-03T04:17:12+09:00,2026/10/05,2026/12/10,2026-12,CALL,19750,48770,,,,,,,,,,,,,
2026/10/03 04:02,2026-10-03T04:17:12+09:00,2026/10/05,2026/12/10,2026-12,PUT,19750,1,,,,,,,,,,,,,
2026/10/03 04:02,2026-10-03T04:17:12+09:00,2026/10/05,2026/12/10,2026-12,CALL,19500,49020,,,,,,,,,,,,,
2026/10/03 04:02,2026-10-03T04:17:12+09:00,2026/10/05,2026/12/10,2026-12,PUT,19500,1,,,,,,,,,,,,,
2026/10/03 04:02,2026-10-03T04:17:12+09:00,2026/10/05,2026/12/10,2026-12,CALL,19250,49270,,,,,,,,,,,,,
2026/10/03 04:02,2026-10-03T04:17:12+09:00,2026/10/05,2026/12/10,2026-12,PUT,19250,1,,,,,,,,,,,,,
2026/10/03 04:02,2026-10-03T04:17:12+09:00,2026/10/05,2026/12/10,2026-12,CALL,19000,49520,,,,,,,,,,,,,
2026/10/03 04:02,2026-10-03T04:17:12+09:00,2026/10/05,2026/12/10,2026-12,PUT,19000,1,670,,,86.35,,,1,1,,,,,
2026/10/03 04:02,2026-10-03T04:17:12+09:00,2026/10/05,2026/12/10,2026-12,CALL,18750,49770,,,,,,,,,,,,,
2026/10/03 04:02,2026-10-03T04:17:12+09:00,2026/10/05,2026/12/10,2026-12,PUT,18750,1,,,,,,,,,,,,,
2026/10/03 04:02,2026-10-03T04:17:12+09:00,2026/10/05,2026/12/10,2026-12,CALL,18500,50020,,,,,,,,,,,,,
2026/10/03 04:02,2026-10-03T04:17:12+09:00,2026/10/05,2026/12/10,2026-12,PUT,18500,1,,,,,,,,,,,,,
2026/10/03 04:02,2026-10-03T04:17:12+09:00,2026/10/05,2026/12/10,2026-12,CALL,18250,50270,,,,,,,,,,,,,
2026/10/03 04:02,2026-10-03T04:17:12+09:00,2026/10/05,2026/12/10,2026-12,PUT,18250,1,,,,,,,,,,,,,
2026/10/03 04:02,2026-10-03T04:17:12+09:00,2026/10/05,2026/12/10,2026-12,CALL,18000,50515,,,,,,,,,,,,,
2026/10/03 04:02,2026-10-03T04:17:12+09:00,2026/10/05,2026/12/10,2026-12,PUT,18000,1,154,,164.33,,280,1,,,,,,,
2026/10/03 04:02,2026-10-03T04:17:12+09:00,2026/10/05,2026/12/10,2026-12,CALL,17750,50765,,,,,,,,,,,,,
2026/10/03 04:02,2026-10-03T04:17:12+09:00,2026/10/05,2026/12/10,2026-12,PUT,17750,1,,,,,,,,,,,,,
2026/10/03 04:02,2026-10-03T04:17:12+09:00,2026/10/05,2026/12/10,2026-12,CALL,17500,51015,,,,,,,,,,,,,
2026/10/03 04:02,2026-10-03T04:17:12+09:00,2026/10/05,2026/12/10,2026-12,PUT,17500,1,,,,,,,,,,,,,
2026/10/03 04:02,2026-10-03T04:17:12+09:00,2026/10/05,2026/12/10,2026-12,CALL,17250,51265,,,,,,,,,,,,,
2026/10/03 04:02,2026-10-03T04:17:12+09:00,2026/10/05,2026/12/10,2026-12,PUT,17250,1,,,,,,,,,,,,,
2026/10/03 04:02,2026-10-03T04:17:12+09:00,2026/10/05,2026/12/10,2026-12,CALL,17000,51515,,,,,,,,,,,,,
2026/10/03 04:02,2026-10-03T04:17:12+09:00,2026/10/05,2026/12/10,2026-12,PUT,17000,1,3,,,,,,,,,,,,
2026/10/03 04:02,2026-10-03T04:17:12+09:00,2026/10/05,2026/12/10,2026-12,CALL,16750,51765,,,,,,,,,,,,,
2026/10/03 04:02,2026-10-03T04:17:12+09:00,2026/10/05,2026/12/10,2026-12,PUT,16750,1,,,,,,,,,,,,,
2026/10/03 04:02,2026-10-03T04:17:12+09:00,2026/10/05,2026/12/10,2026-12,CALL,16500,52015,,,,,,,,,,,,,
2026/10/03 04:02,2026-10-03T04:17:12+09:00,2026/10/05,2026/12/10,2026-12,PUT,16500,1,,,,,,,,,,,,,
2026/10/03 04:02,2026-10-03T04:17:12+09:00,2026/10/05,2026/12/10,2026-12,CALL,16250,52260,,,,,,,,,,,,,
2026/10/03 04:02,2026-10-03T04:17:12+09:00,2026/10/05,2026/12/10,2026-12,PUT,16250,1,,,,,,,,,,,,,
2026/10/03 04:02,2026-10-03T04:17:12+09:00,2026/10/05,2026/12/10,2026-12,CALL,16000,52510,,,,,,,,,,,,,
2026/10/03 04:02,2026-10-03T04:17:12+09:00,2026/10/05,2026/12/10,2026-12,PUT,16000,1,3,,,97.53,,,1,1,,,,,
2026/10/03 04:02,2026-10-03T04:17:12+09:00,2026/10/05,2026/12/10,2026-12,CALL,15750,52760,,,,,,,,,,,,,
2026/10/03 04:02,2026-10-03T04:17:12+09:00,2026/10/05,2026/12/10,2026-12,PUT,15750,1,,,,,,,,,,,,,
2026/10/03 04:02,2026-10-03T04:17:12+09:00,2026/10/05,2026/12/10,2026-12,CALL,15500,53010,,,,,,,,,,,,,
2026/10/03 04:02,2026-10-03T04:17:12+09:00,2026/10/05,2026/12/10,2026-12,PUT,15500,1,,,,,,,,,,,,,
2026/10/03 04:02,2026-10-03T04:17:12+09:00,2026/10/05,2026/12/10,2026-12,CALL,15250,53260,,,,,,,,,,,,,
2026/10/03 04:02,2026-10-03T04:17:12+09:00,2026/10/05,2026/12/10,2026-12,PUT,15250,1,,,,,,,,,,,,,
2026/10/03 04:02,2026-10-03T04:17:12+09:00,2026/10/05,2026/12/10,2026-12,CALL,15000,53510,,,,,,,,,,,,,
2026/10/03 04:02,2026-10-03T04:17:12+09:00,2026/10/05,2026/12/10,2026-12,PUT,15000,1,6,,,101.74,,,1,32,,,,,
2026/10/03 04:02,2026-10-03T04:17:12+09:00,2026/10/05,2026/12/10,2026-12,CALL,14750,53760,,,,,,,,,,,,,
2026/10/03 04:02,2026-10-03T04:17:12+09:00,2026/10/05,2026/12/10,2026-12,PUT,14750,1,1,,,,,,,,,,,,
2026/10/03 04:02,2026-10-03T04:17:12+09:00,2026/10/05,2026/12/10,2026-12,CALL,14500,54010,,,,,,,,,,,,,
2026/10/03 04:02,2026-10-03T04:17:12+09:00,2026/10/05,2026/12/10,2026-12,PUT,14500,1,1,,,,,,,,,,,,
2026/10/03 04:02,2026-10-03T04:17:12+09:00,2026/10/05,2026/12/10,2026-12,CALL,14250,54255,,,,,,,,,,,,,
2026/10/03 04:02,2026-10-03T04:17:12+09:00,2026/10/05,2026/12/10,2026-12,PUT,14250,1,,,,,,,,,,,,,
2026/10/03 04:02,2026-10-03T04:17:12+09:00,2026/10/05,2026/12/10,2026-12,CALL,14000,54505,,,,,,,,,,,,,
2026/10/03 04:02,2026-10-03T04:17:12+09:00,2026/10/05,2026/12/10,2026-12,PUT,14000,1,12,,120.07,,5,1,,,,,,,
2026/10/03 04:02,2026-10-03T04:17:12+09:00,2026/10/05,2026/12/10,2026-12,CALL,13750,54755,,,,,,,,,,,,,
2026/10/03 04:02,2026-10-03T04:17:12+09:00,2026/10/05,2026/12/10,2026-12,PUT,13750,1,,,,,,,,,,,,,
2026/10/03 04:02,2026-10-03T04:17:12+09:00,2026/10/05,2026/12/10,2026-12,CALL,13500,55005,,,,,,,,,,,,,
2026/10/03 04:02,2026-10-03T04:17:12+09:00,2026/10/05,2026/12/10,2026-12,PUT,13500,1,101,,117.77,,3,1,,,,,,,
2026/10/03 04:02,2026-10-03T04:17:12+09:00,2026/10/05,2026/12/10,2026-12,CALL,13250,55255,,,,,,,,,,,,,
2026/10/03 04:02,2026-10-03T04:17:12+09:00,2026/10/05,2026/12/10,2026-12,PUT,13250,1,,,119.1,109.86,3,1,1,5,,,,,
2026/10/03 04:02,2026-10-03T04:17:12+09:00,2026/10/05,2026/12/10,2026-12,CALL,13000,55505,,,,,,,,,,,,,
2026/10/03 04:02,2026-10-03T04:17:12+09:00,2026/10/05,2026/12/10,2026-12,PUT,13000,1,33,,120.45,111.11,3,1,1,35,,,,,
2026/10/03 04:02,2026-10-03T04:17:12+09:00,2026/10/05,2026/12/10,2026-12,CALL,12750,55755,,,,,,,,,,,,,
2026/10/03 04:02,2026-10-03T04:17:12+09:00,2026/10/05,2026/12/10,2026-12,PUT,12750,1,2,,118.11,,2,1,,,,,,,
2026/10/03 04:02,2026-10-03T04:17:12+09:00,2026/10/05,2026/12/10,2026-12,CALL,12500,56000,84,,,,,,,,,,,,
2026/10/03 04:02,2026-10-03T04:17:12+09:00,2026/10/05,2026/12/10,2026-12,PUT,12500,1,2063,9,119.47,113.69,2,329,1,18,113.71,0,0,1,10/03 01:06
2026/10/03 07:49,2026-10-03T08:04:45+09:00,2026/10/05,2026/10/08,2026-10,CALL,85000,1,178,1,45.58,,1,29,,,45.13,,,1,10/03 04:56
2026/10/03 07:49,2026-10-03T08:04:45+09:00,2026/10/05,2026/10/08,2026-10,PUT,85000,16515,26,,,,,,,,,,,,
2026/10/03 07:49,2026-10-03T08:04:45+09:00,2026/10/05,2026/10/08,2026-10,CALL,84500,1,2,,,,,,,,,,,,
2026/10/03 07:49,2026-10-03T08:04:45+09:00,2026/10/05,2026/10/08,2026-10,PUT,84500,16015,,,,,,,,,,,,,
2026/10/03 07:49,2026-10-03T08:04:45+09:00,2026/10/05,2026/10/08,2026-10,CALL,84000,1,25,,43.11,,1,1,,,,,,,
2026/10/03 07:49,2026-10-03T08:04:45+09:00,2026/10/05,2026/10/08,2026-10,PUT,84000,15515,,,,,,,,,,,,,
2026/10/03 07:49,2026-10-03T08:04:45+09:00,2026/10/05,2026/10/08,2026-10,CALL,83500,1,12,,,,,,,,,,,,
2026/10/03 07:49,2026-10-03T08:04:45+09:00,2026/10/05,2026/10/08,2026-10,PUT,83500,15015,,,,,,,,,,,,,
2026/10/03 07:49,2026-10-03T08:04:45+09:00,2026/10/05,2026/10/08,2026-10,CALL,83000,1,74,,40.6,,1,12,,,,,,,
2026/10/03 07:49,2026-10-03T08:04:45+09:00,2026/10/05,2026/10/08,2026-10,PUT,83000,14515,,,,,,,,,,,,,
2026/10/03 07:49,2026-10-03T08:04:45+09:00,2026/10/05,2026/10/08,2026-10,CALL,82500,1,19,,39.33,,1,5,,,,,,,
2026/10/03 07:49,2026-10-03T08:04:45+09:00,2026/10/05,2026/10/08,2026-10,PUT,82500,14015,,,,,,,,,,,,,
2026/10/03 07:49,2026-10-03T08:04:45+09:00,2026/10/05,2026/10/08,2026-10,CALL,82000,1,282,,38.05,,1,14,,,,,,,
2026/10/03 07:49,2026-10-03T08:04:45+09:00,2026/10/05,2026/10/08,2026-10,PUT,82000,13515,,,,,,,,,,,,,
2026/10/03 07:49,2026-10-03T08:04:45+09:00,2026/10/05,2026/10/08,2026-10,CALL,81500,1,26,,36.75,,1,2,,,,,,,
2026/10/03 07:49,2026-10-03T08:04:45+09:00,2026/10/05,2026/10/08,2026-10,PUT,81500,13015,,,,,,,,,,,,,
2026/10/03 07:49,2026-10-03T08:04:45+09:00,2026/10/05,2026/10/08,2026-10,CALL,81000,1,635,1,35.45,,1,11,,,34.41,,,1,10/02 23:07
2026/10/03 07:49,2026-10-03T08:04:45+09:00,2026/10/05,2026/10/08,2026-10,PUT,81000,12515,,,,,,,,,,,,,
2026/10/03 07:49,2026-10-03T08:04:45+09:00,2026/10/05,2026/10/08,2026-10,CALL,80500,1,49,,34.13,,1,1,,,,,,,
2026/10/03 07:49,2026-10-03T08:04:45+09:00,2026/10/05,2026/10/08,2026-10,PUT,80500,12015,,,,,,,,,,,,,
2026/10/03 07:49,2026-10-03T08:04:45+09:00,2026/10/05,2026/10/08,2026-10,CALL,80000,1,1876,2,32.79,,1,112,,,31.75,0,0,1,10/02 23:07
2026/10/03 07:49,2026-10-03T08:04:45+09:00,2026/10/05,2026/10/08,2026-10,PUT,80000,11515,,,,,,,,,,,,,
2026/10/03 07:49,2026-10-03T08:04:45+09:00,2026/10/05,2026/10/08,2026-10,CALL,79500,1,48,,39.54,,10,10,,,,,,,
2026/10/03 07:49,2026-10-03T08:04:45+09:00,2026/10/05,2026/10/08,2026-10,PUT,79500,11015,,,,,,,,,,,,,
2026/10/03 07:49,2026-10-03T08:04:45+09:00,2026/10/05,2026/10/08,2026-10,CALL,79000,1,170,9,30.09,,1,5,,,28.93,0,0,1,10/02 23:40
2026/10/03 07:49,2026-10-03T08:04:45+09:00,2026/10/05,2026/10/08,2026-10,PUT,79000,10515,1,,,,,,,,,,,,
2026/10/03 07:49,2026-10-03T08:04:45+09:00,2026/10/05,2026/10/08,2026-10,CALL,78500,1,453,19,30.54,,2,3,,,27.49,0,0,1,10/02 23:28
2026/10/03 07:49,2026-10-03T08:04:45+09:00,2026/10/05,2026/10/08,2026-10,PUT,78500,10015,,,,,,,,,,,,,
2026/10/03 07:49,2026-10-03T08:04:45+09:00,2026/10/05,2026/10/08,2026-10,CALL,78000,1,793,45,29.08,27.33,2,53,1,3,27.09,0,0,1,10/03 05:41
2026/10/03 07:49,2026-10-03T08:04:45+09:00,2026/10/05,2026/10/08,2026-10,PUT,78000,9515,,,,,,,,,,,,,
2026/10/03 07:49,2026-10-03T08:04:45+09:00,2026/10/05,2026/10/08,2026-10,CALL,77500,1,152,9,27.6,,2,6,,,25.22,0,0,1,10/03 00:01
2026/10/03 07:49,2026-10-03T08:04:45+09:00,2026/10/05,2026/10/08,2026-10,PUT,77500,9015,,,,,,,,,,,,,
2026/10/03 07:49,2026-10-03T08:04:45+09:00,2026/10/05,2026/10/08,2026-10,CALL,77000,1,1270,106,26.1,24.5,2,10,1,4,24.49,0,0,1,10/03 03:21
2026/10/03 07:49,2026-10-03T08:04:45+09:00,2026/10/05,2026/10/08,2026-10,PUT,77000,8515,,,,,,,,,,,,,
2026/10/03 07:49,2026-10-03T08:04:45+09:00,2026/10/05,2026/10/08,2026-10,CALL,76500,2,89,4,,23.07,,,1,21,24.33,2,200,3,10/02 23:04
2026/10/03 07:49,2026-10-03T08:04:45+09:00,2026/10/05,2026/10/08,2026-10,PUT,76500,8020,,,,,,,,,,,,,
2026/10/03 07:49,2026-10-03T08:04:45+09:00,2026/10/05,2026/10/08,2026-10,CALL,76250,2,254,3,26.23,22.34,5,1,1,21,23.08,0,0,2,10/03 00:01
2026/10/03 07:49,2026-10-03T08:04:45+09:00,2026/10/05,2026/10/08,2026-10,PUT,76250,7770,,,,,,,,,,,,,
2026/10/03 07:49,2026-10-03T08:04:45+09:00,2026/10/05,2026/10/08,2026-10,CALL,76000,2,1083,115,26.86,21.61,8,3,1,61,23.35,0,0,2,10/03 00:38
2026/10/03 07:49,2026-10-03T08:04:45+09:00,2026/10/05,2026/10/08,2026-10,PUT,76000,7520,,,,,,,,,,,,,
2026/10/03 07:49,2026-10-03T08:04:45+09:00,2026/10/05,2026/10/08,2026-10,CALL,75750,3,132,2,,22.28,,,2,20,25.04,,,7,10/02 22:44
2026/10/03 07:49,2026-10-03T08:04:45+09:00,2026/10/05,2026/10/08,2026-10,PUT,75750,7270,,,,,,,,,,,,,
2026/10/03 07:49,2026-10-03T08:04:45+09:00,2026/10/05,2026/10/08,2026-10,CALL,75500,3,203,67,,22.42,,,3,20,22.78,1,33.33,4,10/03 05:38
2026/10/03 07:49,2026-10-03T08:04:45+09:00,2026/10/05,2026/10/08,2026-10,PUT,75500,7020,,,,,,,3,10,,,,,
2026/10/03 07:49,2026-10-03T08:04:45+09:00,2026/10/05,2026/10/08,2026-10,CALL,75250,3,178,49,,21.6,,,3,20,22.51,2,66.67,5,10/03 05:27
2026/10/03 07:49,2026-10-03T08:04:45+09:00,2026/10/05,2026/10/08,2026-10,PUT,75250,6770,,,,,,,3,10,,,,,
2026/10/03 07:49,2026-10-03T08:04:45+09:00,2026/10/05,2026/10/08,2026-10,CALL,75000,4,2719,819,23.31,22.01,8,16,5,1,22.27,2,50,6,10/03 05:53
2026/10/03 07:49,2026-10-03T08:04:45+09:00,2026/10/05,2026/10/08,2026-10,PUT,75000,6520,,,,,,,3,10,,,,,
2026/10/03 07:49,2026-10-03T08:04:45+09:00,2026/10/05,2026/10/08,2026-10,CALL,74750,6,134,3,34.41,19.96,100,1,3,20,25.06,8,160,13,10/02 21:19
2026/10/03 07:49,2026-10-03T08:04:45+09:00,2026/10/05,2026/10/08,2026-10,PUT,74750,6275,,,,,,,3,10,,,,,
2026/10/03 07:49,2026-10-03T08:04:45+09:00,2026/10/05,2026/10/08,2026-10,CALL,74500,15,605,65,23.45,19.75,15,1,4,6,22,-5,-33.33,10,10/03 03:43
2026/10/03 07:49,2026-10-03T08:04:45+09:00,2026/10/05,2026/10/08,2026-10,PUT,74500,6025,,,,,,,3,10,,,,,
2026/10/03 07:49,2026-10-03T08:04:45+09:00,2026/10/05,2026/10/08,2026-10,CALL,74250,9,242,6,,18.29,,,3,20,24.03,10,76.92,23,10/02 21:39
2026/10/03 07:49,2026-10-03T08:04:45+09:00,2026/10/05,2026/10/08,2026-10,PUT,74250,5775,,,,,,,3,10,,,,,
2026/10/03 07:49,2026-10-03T08:04:45+09:00,2026/10/05,2026/10/08,2026-10,CALL,74000,10,1295,352,25.06,20.25,38,1,10,1,23.12,14,140,24,10/03 06:00
2026/10/03 07:49,2026-10-03T08:04:45+09:00,2026/10/05,2026/10/08,2026-10,PUT,74000,5530,,,,,,,3,10,,,,,
2026/10/03 07:49,2026-10-03T08:04:45+09:00,2026/10/05,2026/10/08,2026-10,CALL,73750,14,236,15,,16.59,,,3,20,22.83,23,230,33,10/03 05:19
2026/10/03 07:49,2026-10-03T08:04:45+09:00,2026/10/05,2026/10/08,2026-10,PUT,73750,5280,,,,,,,3,10,,,,,
2026/10/03 07:49,2026-10-03T08:04:45+09:00,2026/10/05,2026/10/08,2026-10,CALL,73500,10,307,115,25.76,16.27,69,1,4,1,22.31,30,300,40,10/03 04:38
2026/10/03 07:49,2026-10-03T08:04:45+09:00,2026/10/05,2026/10/08,2026-10,PUT,73500,5035,,,,,,,3,10,,,,,
2026/10/03 07:49,2026-10-03T08:04:45+09:00,2026/10/05,2026/10/08,2026-10,CALL,73250,21,105,18,26.75,14.87,100,1,3,20,22.26,31,163.16,50,10/03 05:16
2026/10/03 07:49,2026-10-03T08:04:45+09:00,2026/10/05,2026/10/08,2026-10,PUT,73250,4790,,,,,,,3,10,,,,,
2026/10/03 07:49,2026-10-03T08:04:45+09:00,2026/10/05,2026/10/08,2026-10,CALL,73000,27,2706,567,25.09,22.28,95,1,57,1,23.78,49,181.48,76,10/03 06:00
2026/10/03 07:49,2026-10-03T08:04:45+09:00,2026/10/05,2026/10/08,2026-10,PUT,73000,4545,,,,,,,3,10,,,,,
2026/10/03 07:49,2026-10-03T08:04:45+09:00,2026/10/05,2026/10/08,2026-10,CALL,72750,32,46,12,,13.1,,,3,20,25.01,88,275,120,10/02 22:24
2026/10/03 07:49,2026-10-03T08:04:45+09:00,2026/10/05,2026/10/08,2026-10,PUT,72750,4305,,,,,,,3,10,,,,,
2026/10/03 07:49,2026-10-03T08:04:45+09:00,2026/10/05,2026/10/08,2026-10,CALL,72500,42,452,126,,12.65,,,4,1,23.66,88,251.43,123,10/03 05:42
2026/10/03 07:49,2026-10-03T08:04:45+09:00,2026/10/05,2026/10/08,2026-10,PUT,72500,4060,1,,,,,,3,10,,,,,
2026/10/03 07:49,2026-10-03T08:04:45+09:00,2026/10/05,2026/10/08,2026-10,CALL,72250,50,112,24,,11.3,,,3,20,23.35,92,184,142,10/03 03:37
2026/10/03 07:49,2026-10-03T08:04:45+09:00,2026/10/05,2026/10/08,2026-10,PUT,72250,3825,,,,,,,3,10,,,,,
2026/10/03 07:49,2026-10-03T08:04:45+09:00,2026/10/05,2026/10/08,2026-10,CALL,72125,64,4,3,,,,,,,24.92,142,267.92,195,10/02 22:17
2026/10/03 07:49,2026-10-03T08:04:45+09:00,2026/10/05,2026/10/08,2026-10,PUT,72125,3705,,,,,,,,,,,,,
2026/10/03 07:49,2026-10-03T08:04:45+09:00,2026/10/05,2026/10/08,2026-10,CALL,72000,70,3612,445,24.17,19.1,190,1,87,1,23.25,99,141.43,169,10/03 06:00
2026/10/03 07:49,2026-10-03T08:04:45+09:00,2026/10/05,2026/10/08,2026-10,PUT,72000,3585,1,,,,,,3,10,,,,,
2026/10/03 07:49,2026-10-03T08:04:45+09:00,2026/10/05,2026/10/08,2026-10,CALL,71875,81,4,1,,,,,,,23.62,177,213.25,260,10/02 23:14
2026/10/03 07:49,2026-10-03T08:04:45+09:00,2026/10/05,2026/10/08,2026-10,PUT,71875,3475,,,,,,,,,,,,,
2026/10/03 07:49,2026-10-03T08:04:45+09:00,2026/10/05,2026/10/08,2026-10,CALL,71750,83,37,18,,12.65,,,20,1,23.2,140,186.67,215,10/03 04:10
2026/10/03 07:49,2026-10-03T08:04:45+09:00,2026/10/05,2026/10/08,2026-10,PUT,71750,3355,,,,,,,3,10,,,,,
2026/10/03 07:49,2026-10-03T08:04:45+09:00,2026/10/05,2026/10/08,2026-10,CALL,71625,100,7,3,,,,,,,23.82,237,285.54,320,10/02 23:13
2026/10/03 07:49,2026-10-03T08:04:45+09:00,2026/10/05,2026/10/08,2026-10,PUT,71625,3240,,,,,,,,,,,,,
2026/10/03 07:49,2026-10-03T08:04:45+09:00,2026/10/05,2026/10/08,2026-10,CALL,71500,101,821,73,31.5,9.58,500,1,7,1,23.88,169,167.33,270,10/03 06:00
2026/10/03 07:49,2026-10-03T08:04:45+09:00,2026/10/05,2026/10/08,2026-10,PUT,71500,3130,,,,,,,3,10,,,,,
2026/10/03 07:49,2026-10-03T08:04:45+09:00,2026/10/05,2026/10/08,2026-10,CALL,71375,123,,,,,,,,,,,,,
2026/10/03 07:49,2026-10-03T08:04:45+09:00,2026/10/05,2026/10/08,2026-10,PUT,71375,3015,,,,,,,,,,,,,
2026/10/03 07:49,2026-10-03T08:04:45+09:00,2026/10/05,2026/10/08,2026-10,CALL,71250,127,145,5,30.05,7.55,520,1,3,20,24.36,247,228.7,355,10/02 22:42
2026/10/03 07:49,2026-10-03T08:04:45+09:00,2026/10/05,2026/10/08,2026-10,PUT,71250,2905,,,,,,,3,10,,,,,
2026/10/03 07:49,2026-10-03T08:04:45+09:00,2026/10/05,2026/10/08,2026-10,CALL,71125,153,3,1,,,,,,,23.66,47,34.31,184,10/02 17:05
2026/10/03 07:49,2026-10-03T08:04:45+09:00,2026/10/05,2026/10/08,2026-10,PUT,71125,2795,,,,,,,,,,,,,
2026/10/03 07:49,2026-10-03T08:04:45+09:00,2026/10/05,2026/10/08,2026-10,CALL,71000,162,1824,405,35.65,13.8,790,1,101,2,23.65,238,146.91,400,10/03 05:51
2026/10/03 07:49,2026-10-03T08:04:45+09:00,2026/10/05,2026/10/08,2026-10,PUT,71000,2685,,,,,,,3,10,,,,,
2026/10/03 07:49,2026-10-03T08:04:45+09:00,2026/10/05,2026/10/08,2026-10,CALL,70875,185,2,6,,,,,,,24.69,159,105.3,310,10/02 18:15
2026/10/03 07:49,2026-10-03T08:04:45+09:00,2026/10/05,2026/10/08,2026-10,PUT,70875,2575,,,,,,,,,,,,,
2026/10/03 07:49,2026-10-03T08:04:45+09:00,2026/10/05,2026/10/08,2026-10,CALL,70750,190,288,38,,5.57,,,3,20,23.63,392,233.33,560,10/02 23:16
2026/10/03 07:49,2026-10-03T08:04:45+09:00,2026/10/05,2026/10/08,2026-10,PUT,70750,2475,,1,,,,,3,10,24.88,,,1660,10/03 03:29
2026/10/03 07:49,2026-10-03T08:04:45+09:00,2026/10/05,2026/10/08,2026-10,CALL,70625,222,24,4,,,,,,,23.91,255,89.47,540,10/03 05:14
2026/10/03 07:49,2026-10-03T08:04:45+09:00,2026/10/05,2026/10/08,2026-10,PUT,70625,2370,,,,,,,,,,,,,
2026/10/03 07:49,2026-10-03T08:04:45+09:00,2026/10/05,2026/10/08,2026-10,CALL,70500,230,391,85,39.14,13.26,1100,1,180,1,23.62,325,141.3,555,10/03 05:50
2026/10/03 07:49,2026-10-03T08:04:45+09:00,2026/10/05,2026/10/08,2026-10,PUT,70500,2265,,3,,,,,3,10,23.75,,,1225,10/02 23:41
2026/10/03 07:49,2026-10-03T08:04:45+09:00,2026/10/05,2026/10/08,2026-10,CALL,70375,267,127,,,3.44,,,1,1,,,,,
2026/10/03 07:49,2026-10-03T08:04:45+09:00,2026/10/05,2026/10/08,2026-10,PUT,70375,2165,,,,,,,,,,,,,
2026/10/03 07:49,2026-10-03T08:04:45+09:00,2026/10/05,2026/10/08,2026-10,CALL,70250,278,46,8,,3.47,,,3,20,23.64,490,184.91,755,10/02 23:44
2026/10/03 07:49,2026-10-03T08:04:45+09:00,2026/10/05,2026/10/08,2026-10,PUT,70250,2065,,,,,,,3,10,,,,,
2026/10/03 07:49,2026-10-03T08:04:45+09:00,2026/10/05,2026/10/08,2026-10,CALL,70125,315,5,4,,2.48,,,1,1,23.61,235,61.04,620,10/03 00:41
2026/10/03 07:49,2026-10-03T08:04:45+09:00,2026/10/05,2026/10/08,2026-10,PUT,70125,1970,,,,,,,,,,,,,
2026/10/03 07:49,2026-10-03T08:04:45+09:00,2026/10/05,2026/10/08,2026-10,CALL,70000,330,2600,424,28.67,17.84,910,1,500,3,24.99,440,133.33,770,10/03 06:00
2026/10/03 07:49,2026-10-03T08:04:45+09:00,2026/10/05,2026/10/08,2026-10,PUT,70000,1875,112,36,,,,,3,20,24.02,,,1120,10/03 01:21
2026/10/03 07:49,2026-10-03T08:04:45+09:00,2026/10/05,2026/10/08,2026-10,CALL,69875,380,117,,,1.45,,,1,1,,,,,
2026/10/03 07:49,2026-10-03T08:04:45+09:00,2026/10/05,2026/10/08,2026-10,PUT,69875,1785,,,,,,,,,,,,,
2026/10/03 07:49,2026-10-03T08:04:45+09:00,2026/10/05,2026/10/08,2026-10,CALL,69750,415,128,10,,1.12,,,3,20,23.32,535,128.92,950,10/02 23:51
2026/10/03 07:49,2026-10-03T08:04:45+09:00,2026/10/05,2026/10/08,2026-10,PUT,69750,1695,,4,,,,,3,20,23.81,,,970,10/02 22:54
2026/10/03 07:49,2026-10-03T08:04:45+09:00,2026/10/05,2026/10/08,2026-10,CALL,69625,380,99,2,,0.29,,,1,1,24.87,620,163.16,1000,10/03 05:13
2026/10/03 07:49,2026-10-03T08:04:45+09:00,2026/10/05,2026/10/08,2026-10,PUT,69625,1605,,,,,,,,,,,,,
2026/10/03 07:49,2026-10-03T08:04:45+09:00,2026/10/05,2026/10/08,2026-10,CALL,69500,465,467,57,129.25,,5000,1,3,20,24.96,555,119.35,1020,10/03 01:22
2026/10/03 07:49,2026-10-03T08:04:45+09:00,2026/10/05,2026/10/08,2026-10,PUT,69500,1520,1,14,,0.68,,,3,20,23.12,,,890,10/03 00:36
2026/10/03 07:49,2026-10-03T08:04:45+09:00,2026/10/05,2026/10/08,2026-10,CALL,69375,535,3,15,,,,,1,1,23.91,305,46.21,965,10/03 00:41
2026/10/03 07:49,2026-10-03T08:04:45+09:00,2026/10/05,2026/10/08,2026-10,PUT,69375,1440,,,,,,,,,,,,,
2026/10/03 07:49,2026-10-03T08:04:45+09:00,2026/10/05,2026/10/08,2026-10,CALL,69250,550,29,8,,,,,3,20,24.86,310,56.36,860,10/02 19:11
2026/10/03 07:49,2026-10-03T08:04:45+09:00,2026/10/05,2026/10/08,2026-10,PUT,69250,1365,1,6,,1.98,,,3,20,22.03,,,835,10/03 00:24
2026/10/03 07:49,2026-10-03T08:04:45+09:00,2026/10/05,2026/10/08,2026-10,CALL,69125,630,7,,,,,,1,1,,,,,
2026/10/03 07:49,2026-10-03T08:04:45+09:00,2026/10/05,2026/10/08,2026-10,PUT,69125,1280,,,,,,,,,,,,,
2026/10/03 07:49,2026-10-03T08:04:45+09:00,2026/10/05,2026/10/08,2026-10,CALL,69000,670,2570,50,70.51,,3000,1,120,1,24.79,615,91.79,1285,10/03 04:07
2026/10/03 07:49,2026-10-03T08:04:45+09:00,2026/10/05,2026/10/08,2026-10,PUT,69000,1215,243,49,28.29,3.14,815,1,3,20,25.1,-655,-51.37,620,10/03 04:50
2026/10/03 07:49,2026-10-03T08:04:45+09:00,2026/10/05,2026/10/08,2026-10,CALL,68875,745,159,7,,,,,1,1,25.31,640,92.75,1330,10/02 21:30
2026/10/03 07:49,2026-10-03T08:04:45+09:00,2026/10/05,2026/10/08,2026-10,PUT,68875,1140,,,,,,,,,,,,,
2026/10/03 07:49,2026-10-03T08:04:45+09:00,2026/10/05,2026/10/08,2026-10,CALL,68750,690,367,,,,,,3,20,,,,,
2026/10/03 07:49,2026-10-03T08:04:45+09:00,2026/10/05,2026/10/08,2026-10,PUT,68750,1075,5,6,,4.25,,,3,20,24.28,-550,-52.38,500,10/03 04:51
2026/10/03 07:49,2026-10-03T08:04:45+09:00,2026/10/05,2026/10/08,2026-10,CALL,68625,830,1,,,,,,1,1,,,,,
2026/10/03 07:49,2026-10-03T08:04:45+09:00,2026/10/05,2026/10/08,2026-10,PUT,68625,1010,62,,,,,,,,,,,,
2026/10/03 07:49,2026-10-03T08:04:45+09:00,2026/10/05,2026/10/08,2026-10,CALL,68500,870,1430,9,,,,,300,2,24.33,645,74.14,1515,10/03 00:43
2026/10/03 07:49,2026-10-03T08:04:45+09:00,2026/10/05,2026/10/08,2026-10,PUT,68500,955,144,32,,5.32,,,3,20,24.04,-455,-47.64,500,10/03 00:43
2026/10/03 07:49,2026-10-03T08:04:45+09:00,2026/10/05,2026/10/08,2026-10,CALL,68375,1000,14,,,,,,1,1,,,,,
2026/10/03 07:49,2026-10-03T08:04:45+09:00,2026/10/05,2026/10/08,2026-10,PUT,68375,900,61,,,,,,,,,,,,
2026/10/03 07:49,2026-10-03T08:04:45+09:00,2026/10/05,2026/10/08,2026-10,CALL,68250,1060,107,4,,,,,3,20,24.13,870,95.6,1780,10/03 04:15
2026/10/03 07:49,2026-10-03T08:04:45+09:00,2026/10/05,2026/10/08,2026-10,PUT,68250,835,200,1,,6.37,,,3,20,24.66,-655,-55.51,525,10/02 19:50
2026/10/03 07:49,2026-10-03T08:04:45+09:00,2026/10/05,2026/10/08,2026-10,CALL,68125,1135,68,,,,,,50,1,,,,,
2026/10/03 07:49,2026-10-03T08:04:45+09:00,2026/10/05,2026/10/08,2026-10,PUT,68125,785,1,,,,,,,,,,,,
2026/10/03 07:49,2026-10-03T08:04:45+09:00,2026/10/05,2026/10/08,2026-10,CALL,68000,1190,2234,18,,,,,70,1,24.49,755,63.45,1945,10/03 04:08
2026/10/03 07:49,2026-10-03T08:04:45+09:00,2026/10/05,2026/10/08,2026-10,PUT,68000,750,712,185,27.57,7.4,440,1,3,20,24.87,-390,-52,360,10/03 03:19
2026/10/03 07:49,2026-10-03T08:04:45+09:00,2026/10/05,2026/10/08,2026-10,CALL,67875,1295,21,,,,,,,,,,,,
2026/10/03 07:49,2026-10-03T08:04:45+09:00,2026/10/05,2026/10/08,2026-10,PUT,67875,685,,,,,,,,,,,,,
2026/10/03 07:49,2026-10-03T08:04:45+09:00,2026/10/05,2026/10/08,2026-10,CALL,67750,1375,1046,,,,,,3,20,,,,,
2026/10/03 07:49,2026-10-03T08:04:45+09:00,2026/10/05,2026/10/08,2026-10,PUT,67750,710,118,29,,8.42,,,3,20,25.22,-405,-57.04,305,10/03 01:53
2026/10/03 07:49,2026-10-03T08:04:45+09:00,2026/10/05,2026/10/08,2026-10,CALL,67625,1455,94,,,,,,,,,,,,
2026/10/03 07:49,2026-10-03T08:04:45+09:00,2026/10/05,2026/10/08,2026-10,PUT,67625,595,6,,,,,,,,,,,,
2026/10/03 07:49,2026-10-03T08:04:45+09:00,2026/10/05,2026/10/08,2026-10,CALL,67500,1540,850,6,,,,,580,1,24.99,935,65.38,2365,10/03 04:04
2026/10/03 07:49,2026-10-03T08:04:45+09:00,2026/10/05,2026/10/08,2026-10,PUT,67500,615,271,40,27.17,9.43,305,5,3,20,24.38,-335,-54.47,280,10/03 00:20
2026/10/03 07:49,2026-10-03T08:04:45+09:00,2026/10/05,2026/10/08,2026-10,CALL,67375,1635,82,,,,,,,,,,,,
2026/10/03 07:49,2026-10-03T08:04:45+09:00,2026/10/05,2026/10/08,2026-10,PUT,67375,525,,,,8.76,,,1,10,,,,,
2026/10/03 07:49,2026-10-03T08:04:45+09:00,2026/10/05,2026/10/08,2026-10,CALL,67250,1715,52,,,,,,3,20,,,,,
2026/10/03 07:49,2026-10-03T08:04:45+09:00,2026/10/05,2026/10/08,2026-10,PUT,67250,480,6,3,29.12,10.43,305,5,3,20,25.89,-518,-75.07,172,10/02 23:42
2026/10/03 07:49,2026-10-03T08:04:45+09:00,2026/10/05,2026/10/08,2026-10,CALL,67125,1805,54,,,,,,,,,,,,
2026/10/03 07:49,2026-10-03T08:04:45+09:00,2026/10/05,2026/10/08,2026-10,PUT,67125,445,,,,9.66,,,1,10,,,,,
2026/10/03 07:49,2026-10-03T08:04:45+09:00,2026/10/05,2026/10/08,2026-10,CALL,67000,1865,1497,6,,,,,3,20,24.81,1030,58.86,2780,10/03 04:04
2026/10/03 07:49,2026-10-03T08:04:45+09:00,2026/10/05,2026/10/08,2026-10,PUT,67000,420,1402,118,28.4,24.21,240,2,148,1,25.71,-255,-60.71,165,10/03 05:18
2026/10/03 07:49,2026-10-03T08:04:45+09:00,2026/10/05,2026/10/08,2026-10,CALL,66875,1995,35,,,,,,,,,,,,
2026/10/03 07:49,2026-10-03T08:04:45+09:00,2026/10/05,2026/10/08,2026-10,PUT,66875,385,5,,,10.56,,,1,10,,,,,
2026/10/03 07:49,2026-10-03T08:04:45+09:00,2026/10/05,2026/10/08,2026-10,CALL,66750,2095,148,,,,,,3,20,,,,,
2026/10/03 07:49,2026-10-03T08:04:45+09:00,2026/10/05,2026/10/08,2026-10,PUT,66750,360,23,,,12.42,,,3,20,,,,,
2026/10/03 07:49,2026-10-03T08:04:45+09:00,2026/10/05,2026/10/08,2026-10,CALL,66625,2195,66,,,,,,,,,,,,
2026/10/03 07:49,2026-10-03T08:04:45+09:00,2026/10/05,2026/10/08,2026-10,PUT,66625,335,,3,,11.46,,,1,10,26.41,,,140,10/02 22:55
2026/10/03 07:49,2026-10-03T08:04:45+09:00,2026/10/05,2026/10/08,2026-10,CALL,66500,2295,282,5,,,,,390,1,27.18,,,3165,10/02 21:40
2026/10/03 07:49,2026-10-03T08:04:45+09:00,2026/10/05,2026/10/08,2026-10,PUT,66500,300,514,49,,13.4,,,3,20,26.25,-180,-60,120,10/03 05:44
2026/10/03 07:49,2026-10-03T08:04:45+09:00,2026/10/05,2026/10/08,2026-10,CALL,66375,2400,95,,,,,,,,,,,,
2026/10/03 07:49,2026-10-03T08:04:45+09:00,2026/10/05,2026/10/08,2026-10,PUT,66375,286,2,,,12.35,,,1,10,,,,,
2026/10/03 07:49,2026-10-03T08:04:45+09:00,2026/10/05,2026/10/08,2026-10,CALL,66250,2505,85,,,,,,3,20,,,,,
2026/10/03 07:49,2026-10-03T08:04:45+09:00,2026/10/05,2026/10/08,2026-10,PUT,66250,291,156,5,,14.38,,,3,20,26.02,-171,-58.76,120,10/03 00:20
2026/10/03 07:49,2026-10-03T08:04:45+09:00,2026/10/05,2026/10/08,2026-10,CALL,66125,2615,35,,,,,,,,,,,,
2026/10/03 07:49,2026-10-03T08:04:45+09:00,2026/10/05,2026/10/08,2026-10,PUT,66125,253,86,,,13.24,,,1,10,,,,,
2026/10/03 07:49,2026-10-03T08:04:45+09:00,2026/10/05,2026/10/08,2026-10,CALL,66000,2740,2961,12,,,,,3,20,31.27,1110,40.51,3850,10/03 05:33
2026/10/03 07:49,2026-10-03T08:04:45+09:00,2026/10/05,2026/10/08,2026-10,PUT,66000,250,1616,131,68.82,15.36,1170,2,3,20,27.51,-160,-64,90,10/03 04:32
2026/10/03 07:49,2026-10-03T08:04:45+09:00,2026/10/05,2026/10/08,2026-10,CALL,65875,2825,84,,,,,,,,,,,,
2026/10/03 07:49,2026-10-03T08:04:45+09:00,2026/10/05,2026/10/08,2026-10,PUT,65875,213,19,,,15.85,,,3,10,,,,,
2026/10/03 07:49,2026-10-03T08:04:45+09:00,2026/10/05,2026/10/08,2026-10,CALL,65750,2935,134,,,,,,3,20,,,,,
2026/10/03 07:49,2026-10-03T08:04:45+09:00,2026/10/05,2026/10/08,2026-10,PUT,65750,198,158,10,52.07,16.33,600,3,3,20,27.73,,,66,10/02 23:52
2026/10/03 07:49,2026-10-03T08:04:45+09:00,2026/10/05,2026/10/08,2026-10,CALL,65625,3045,31,,,,,,,,,,,,
2026/10/03 07:49,2026-10-03T08:04:45+09:00,2026/10/05,2026/10/08,2026-10,PUT,65625,185,5,,,15.01,,,1,10,,,,,
2026/10/03 07:49,2026-10-03T08:04:45+09:00,2026/10/05,2026/10/08,2026-10,CALL,65500,3155,241,,,,,,3,20,,,,,
2026/10/03 07:49,2026-10-03T08:04:45+09:00,2026/10/05,2026/10/08,2026-10,PUT,65500,171,561,199,,25.83,,,45,1,27.86,-137,-69.54,60,10/03 05:38
2026/10/03 07:49,2026-10-03T08:04:45+09:00,2026/10/05,2026/10/08,2026-10,CALL,65375,3270,7,,,,,,,,,,,,
2026/10/03 07:49,2026-10-03T08:04:45+09:00,2026/10/05,2026/10/08,2026-10,PUT,65375,160,247,1,,15.9,,,1,10,28.05,-101,-53.16,89,10/02 18:33
2026/10/03 07:49,2026-10-03T08:04:45+09:00,2026/10/05,2026/10/08,2026-10,CALL,65250,3385,45,,,,,,3,20,,,,,
2026/10/03 07:49,2026-10-03T08:04:45+09:00,2026/10/05,2026/10/08,2026-10,PUT,65250,147,135,,,25.76,,,34,10,,,,,
2026/10/03 07:49,2026-10-03T08:04:45+09:00,2026/10/05,2026/10/08,2026-10,CALL,65125,3500,4,,,,,,,,,,,,
2026/10/03 07:49,2026-10-03T08:04:45+09:00,2026/10/05,2026/10/08,2026-10,PUT,65125,134,650,,,16.78,,,1,10,,,,,
2026/10/03 07:49,2026-10-03T08:04:45+09:00,2026/10/05,2026/10/08,2026-10,CALL,65000,3615,1341,,,,,,3,20,,,,,
2026/10/03 07:49,2026-10-03T08:04:45+09:00,2026/10/05,2026/10/08,2026-10,PUT,65000,120,2507,277,29.04,27.03,50,1,34,11,29.04,-70,-58.33,50,10/03 06:00
2026/10/03 07:49,2026-10-03T08:04:45+09:00,2026/10/05,2026/10/08,2026-10,CALL,64875,3730,7,,,,,,,,,,,,
2026/10/03 07:49,2026-10-03T08:04:45+09:00,2026/10/05,2026/10/08,2026-10,PUT,64875,118,12,5,,17.66,,,1,10,28.73,-82,-64.57,45,10/03 00:43
2026/10/03 07:49,2026-10-03T08:04:45+09:00,2026/10/05,2026/10/08,2026-10,CALL,64750,3845,755,,,,,,3,10,,,,,
2026/10/03 07:49,2026-10-03T08:04:45+09:00,2026/10/05,2026/10/08,2026-10,PUT,64750,105,31,7,,20.22,,,3,20,29.63,-62,-59.05,43,10/02 22:22
2026/10/03 07:49,2026-10-03T08:04:45+09:00,2026/10/05,2026/10/08,2026-10,CALL,64625,3965,687,,,,,,,,,,,,
2026/10/03 07:49,2026-10-03T08:04:45+09:00,2026/10/05,2026/10/08,2026-10,PUT,64625,102,4,,,18.55,,,1,10,,,,,
2026/10/03 07:49,2026-10-03T08:04:45+09:00,2026/10/05,2026/10/08,2026-10,CALL,64500,4080,211,,,,,,3,10,,,,,
2026/10/03 07:49,2026-10-03T08:04:45+09:00,2026/10/05,2026/10/08,2026-10,PUT,64500,89,1076,42,34.85,24.51,80,1,10,1,29.83,-56,-62.92,33,10/03 05:29
2026/10/03 07:49,2026-10-03T08:04:45+09:00,2026/10/05,2026/10/08,2026-10,CALL,64375,4200,61,,,,,,,,,,,,
2026/10/03 07:49,2026-10-03T08:04:45+09:00,2026/10/05,2026/10/08,2026-10,PUT,64375,88,4,4,,19.43,,,1,10,30.08,-59,-59,41,10/02 21:00
2026/10/03 07:49,2026-10-03T08:04:45+09:00,2026/10/05,2026/10/08,2026-10,CALL,64250,4320,6,,,,,,3,10,,,,,
2026/10/03 07:49,2026-10-03T08:04:45+09:00,2026/10/05,2026/10/08,2026-10,PUT,64250,82,275,5,,22.16,,,3,20,30.69,-56,-58.33,40,10/02 20:22
2026/10/03 07:49,2026-10-03T08:04:45+09:00,2026/10/05,2026/10/08,2026-10,CALL,64125,4440,1,,,,,,,,,,,,
2026/10/03 07:49,2026-10-03T08:04:45+09:00,2026/10/05,2026/10/08,2026-10,PUT,64125,77,1053,,,24.97,,,7,10,,,,,
2026/10/03 07:49,2026-10-03T08:04:45+09:00,2026/10/05,2026/10/08,2026-10,CALL,64000,4495,726,4,,,,,3,10,29.84,1385,32.1,5700,10/03 05:39
2026/10/03 07:49,2026-10-03T08:04:45+09:00,2026/10/05,2026/10/08,2026-10,PUT,64000,67,2087,211,33.54,23.87,44,1,4,1,31.21,-42,-62.69,25,10/03 04:46
2026/10/03 07:49,2026-10-03T08:04:45+09:00,2026/10/05,2026/10/08,2026-10,CALL,63875,4675,50,,,,,,,,,,,,
2026/10/03 07:49,2026-10-03T08:04:45+09:00,2026/10/05,2026/10/08,2026-10,PUT,63875,66,485,,,,,,,,,,,,
2026/10/03 07:49,2026-10-03T08:04:45+09:00,2026/10/05,2026/10/08,2026-10,CALL,63750,4800,4,,,,,,3,10,,,,,
2026/10/03 07:49,2026-10-03T08:04:45+09:00,2026/10/05,2026/10/08,2026-10,PUT,63750,60,131,15,,24.1,,,3,20,32.06,-40,-66.67,20,10/02 23:42
2026/10/03 07:49,2026-10-03T08:04:45+09:00,2026/10/05,2026/10/08,2026-10,CALL,63625,4920,1,,,,,,,,,,,,
2026/10/03 07:49,2026-10-03T08:04:45+09:00,2026/10/05,2026/10/08,2026-10,PUT,63625,58,6,1,,,,,,,34.69,-43,-46.24,50,10/02 18:42
2026/10/03 07:49,2026-10-03T08:04:45+09:00,2026/10/05,2026/10/08,2026-10,CALL,63500,5040,11,2,,,,,3,10,30.24,,,5740,10/02 19:01
2026/10/03 07:49,2026-10-03T08:04:45+09:00,2026/10/05,2026/10/08,2026-10,PUT,63500,55,652,43,31.54,25.07,19,1,3,20,31.92,-43,-69.35,19,10/03 04:32
2026/10/03 07:49,2026-10-03T08:04:45+09:00,2026/10/05,2026/10/08,2026-10,CALL,63375,5165,,,,,,,,,,,,,
2026/10/03 07:49,2026-10-03T08:04:45+09:00,2026/10/05,2026/10/08,2026-10,PUT,63375,52,303,,,22.98,,,1,10,,,,,
2026/10/03 07:49,2026-10-03T08:04:45+09:00,2026/10/05,2026/10/08,2026-10,CALL,63250,5285,6,,,,,,3,10,,,,,
2026/10/03 07:49,2026-10-03T08:04:45+09:00,2026/10/05,2026/10/08,2026-10,PUT,63250,49,251,17,,26.04,,,3,20,33.34,-33,-61.11,21,10/02 22:34
2026/10/03 07:49,2026-10-03T08:04:45+09:00,2026/10/05,2026/10/08,2026-10,CALL,63125,5405,,,,,,,,,,,,,
2026/10/03 07:49,2026-10-03T08:04:45+09:00,2026/10/05,2026/10/08,2026-10,PUT,63125,45,3,,,23.86,,,1,10,,,,,
2026/10/03 07:49,2026-10-03T08:04:45+09:00,2026/10/05,2026/10/08,2026-10,CALL,63000,5465,157,1,,,,,3,10,32.86,1350,25.59,6625,10/03 04:01
2026/10/03 07:49,2026-10-03T08:04:45+09:00,2026/10/05,2026/10/08,2026-10,PUT,63000,37,1958,194,32.76,31.78,15,1,12,10,32.5,-24,-64.86,13,10/03 05:32
2026/10/03 07:49,2026-10-03T08:04:45+09:00,2026/10/05,2026/10/08,2026-10,CALL,62875,5650,,,,,,,,,,,,,
2026/10/03 07:49,2026-10-03T08:04:45+09:00,2026/10/05,2026/10/08,2026-10,PUT,62875,40,88,,,24.75,,,1,10,,,,,
2026/10/03 07:49,2026-10-03T08:04:45+09:00,2026/10/05,2026/10/08,2026-10,CALL,62750,5775,,,,,,,3,10,,,,,
2026/10/03 07:49,2026-10-03T08:04:45+09:00,2026/10/05,2026/10/08,2026-10,PUT,62750,38,365,13,,27.98,,,3,20,35.27,-15,-37.5,25,10/02 21:10
2026/10/03 07:49,2026-10-03T08:04:45+09:00,2026/10/05,2026/10/08,2026-10,CALL,62625,5895,,,,,,,,,,,,,
2026/10/03 07:49,2026-10-03T08:04:45+09:00,2026/10/05,2026/10/08,2026-10,PUT,62625,35,693,,,25.64,,,1,10,,,,,
2026/10/03 07:49,2026-10-03T08:04:45+09:00,2026/10/05,2026/10/08,2026-10,CALL,62500,6020,,,,,,,3,10,,,,,
2026/10/03 07:49,2026-10-03T08:04:45+09:00,2026/10/05,2026/10/08,2026-10,PUT,62500,33,1740,47,,28.95,,,3,25,34.02,-21,-63.64,12,10/03 02:08
2026/10/03 07:49,2026-10-03T08:04:45+09:00,2026/10/05,2026/10/08,2026-10,CALL,62375,6140,,,,,,,,,,,,,
2026/10/03 07:49,2026-10-03T08:04:45+09:00,2026/10/05,2026/10/08,2026-10,PUT,62375,32,11,5,,26.53,,,1,10,34.6,-32,-64,18,10/02 19:17
2026/10/03 07:49,2026-10-03T08:04:45+09:00,2026/10/05,2026/10/08,2026-10,CALL,62250,6265,,,,,,,3,10,,,,,
2026/10/03 07:49,2026-10-03T08:04:45+09:00,2026/10/05,2026/10/08,2026-10,PUT,62250,30,117,8,125.53,29.93,1800,1,3,20,35.51,-12,-36.36,21,10/02 17:23
2026/10/03 07:49,2026-10-03T08:04:45+09:00,2026/10/05,2026/10/08,2026-10,CALL,62125,6390,,,,,,,,,,,,,
2026/10/03 07:49,2026-10-03T08:04:45+09:00,2026/10/05,2026/10/08,2026-10,PUT,62125,28,10,1,,27.43,,,1,10,35.58,-18,-52.94,16,10/02 18:45
2026/10/03 07:49,2026-10-03T08:04:45+09:00,2026/10/05,2026/10/08,2026-10,CALL,62000,6510,49,,,,,,3,10,,,,,
2026/10/03 07:49,2026-10-03T08:04:45+09:00,2026/10/05,2026/10/08,2026-10,PUT,62000,25,2136,141,35.39,33.9,10,5,7,1,34.93,-16,-64,9,10/03 06:00
2026/10/03 07:49,2026-10-03T08:04:45+09:00,2026/10/05,2026/10/08,2026-10,CALL,61875,6635,,,,,,,,,,,,,
2026/10/03 07:49,2026-10-03T08:04:45+09:00,2026/10/05,2026/10/08,2026-10,PUT,61875,25,88,,,28.32,,,1,10,,,,,
2026/10/03 07:49,2026-10-03T08:04:45+09:00,2026/10/05,2026/10/08,2026-10,CALL,61750,6760,,,,,,,3,10,,,,,
2026/10/03 07:49,2026-10-03T08:04:45+09:00,2026/10/05,2026/10/08,2026-10,PUT,61750,25,309,2,,31.88,,,3,20,33.58,-21,-80.77,5,10/03 00:57
2026/10/03 07:49,2026-10-03T08:04:45+09:00,2026/10/05,2026/10/08,2026-10,CALL,61625,6885,,,,,,,,,,,,,
2026/10/03 07:49,2026-10-03T08:04:45+09:00,2026/10/05,2026/10/08,2026-10,PUT,61625,25,108,,,29.22,,,1,10,,,,,
2026/10/03 07:49,2026-10-03T08:04:45+09:00,2026/10/05,2026/10/08,2026-10,CALL,61500,7010,,,,,,,3,10,,,,,
2026/10/03 07:49,2026-10-03T08:04:45+09:00,2026/10/05,2026/10/08,2026-10,PUT,61500,20,428,23,,32.86,,,3,20,35.78,-14,-70,6,10/03 04:35
2026/10/03 07:49,2026-10-03T08:04:45+09:00,2026/10/05,2026/10/08,2026-10,CALL,61375,7130,,,,,,,,,,,,,
2026/10/03 07:49,2026-10-03T08:04:45+09:00,2026/10/05,2026/10/08,2026-10,PUT,61375,20,141,2,,30.12,,,1,10,37.08,,,10,10/02 21:19
2026/10/03 07:49,2026-10-03T08:04:45+09:00,2026/10/05,2026/10/08,2026-10,CALL,61250,7255,,,,,,,,,,,,,
2026/10/03 07:49,2026-10-03T08:04:45+09:00,2026/10/05,2026/10/08,2026-10,PUT,61250,19,122,1,,33.84,,,3,20,36.28,-15,-68.18,7,10/03 00:21
2026/10/03 07:49,2026-10-03T08:04:45+09:00,2026/10/05,2026/10/08,2026-10,CALL,61125,7380,,,,,,,,,,,,,
2026/10/03 07:49,2026-10-03T08:04:45+09:00,2026/10/05,2026/10/08,2026-10,PUT,61125,18,1230,1,,31.01,,,1,10,36.81,,,7,10/03 00:21
2026/10/03 07:49,2026-10-03T08:04:45+09:00,2026/10/05,2026/10/08,2026-10,CALL,61000,7505,201,,,,,,,,,,,,
2026/10/03 07:49,2026-10-03T08:04:45+09:00,2026/10/05,2026/10/08,2026-10,PUT,61000,18,1866,94,46.16,36.72,30,2,5,7,40.58,-7,-38.89,11,10/03 04:32
2026/10/03 07:49,2026-10-03T08:04:45+09:00,2026/10/05,2026/10/08,2026-10,CALL,60875,7625,,,,,,,,,,,,,
2026/10/03 07:49,2026-10-03T08:04:45+09:00,2026/10/05,2026/10/08,2026-10,PUT,60875,16,500,,,,,,,,,,,,
2026/10/03 07:49,2026-10-03T08:04:45+09:00,2026/10/05,2026/10/08,2026-10,CALL,60750,7750,,,,,,,,,,,,,
2026/10/03 07:49,2026-10-03T08:04:45+09:00,2026/10/05,2026/10/08,2026-10,PUT,60750,16,453,4,,35.8,,,3,20,38.44,-10,-58.82,7,10/03 00:22
2026/10/03 07:49,2026-10-03T08:04:45+09:00,2026/10/05,2026/10/08,2026-10,CALL,60625,7875,,,,,,,,,,,,,
2026/10/03 07:49,2026-10-03T08:04:45+09:00,2026/10/05,2026/10/08,2026-10,PUT,60625,15,159,,,,,,,,,,,,
2026/10/03 07:49,2026-10-03T08:04:45+09:00,2026/10/05,2026/10/08,2026-10,CALL,60500,8000,100,,,,,,,,,,,,
2026/10/03 07:49,2026-10-03T08:04:45+09:00,2026/10/05,2026/10/08,2026-10,PUT,60500,15,558,10,44.15,37.88,15,1,4,1,39.22,-13,-72.22,5,10/03 05:09
2026/10/03 07:49,2026-10-03T08:04:45+09:00,2026/10/05,2026/10/08,2026-10,CALL,60375,8125,,,,,,,,,,,,,
2026/10/03 07:49,2026-10-03T08:04:45+09:00,2026/10/05,2026/10/08,2026-10,PUT,60375,14,664,,,,,,,,,,,,
2026/10/03 07:49,2026-10-03T08:04:45+09:00,2026/10/05,2026/10/08,2026-10,CALL,60250,8250,,,,,,,,,,,,,
2026/10/03 07:49,2026-10-03T08:04:45+09:00,2026/10/05,2026/10/08,2026-10,PUT,60250,14,180,1,,36.34,,,2,50,40.49,-6,-46.15,7,10/02 21:23
2026/10/03 07:49,2026-10-03T08:04:45+09:00,2026/10/05,2026/10/08,2026-10,CALL,60125,8375,,,,,,,,,,,,,
2026/10/03 07:49,2026-10-03T08:04:45+09:00,2026/10/05,2026/10/08,2026-10,PUT,60125,13,50,25,43.07,,9,1,,,40.87,,,9,10/02 17:18
2026/10/03 07:49,2026-10-03T08:04:45+09:00,2026/10/05,2026/10/08,2026-10,CALL,60000,8495,9,,,,,,,,,,,,
2026/10/03 07:49,2026-10-03T08:04:45+09:00,2026/10/05,2026/10/08,2026-10,PUT,60000,13,11070,361,40.85,38.77,5,1,3,2,40.06,-9,-69.23,4,10/03 05:48
2026/10/03 07:49,2026-10-03T08:04:45+09:00,2026/10/05,2026/10/08,2026-10,CALL,59875,8620,,,,,,,,,,,,,
2026/10/03 07:49,2026-10-03T08:04:45+09:00,2026/10/05,2026/10/08,2026-10,PUT,59875,12,162,8,,,,,,,40.3,,,6,10/02 19:13
2026/10/03 07:49,2026-10-03T08:04:45+09:00,2026/10/05,2026/10/08,2026-10,CALL,59750,8745,,,,,,,,,,,,,
2026/10/03 07:49,2026-10-03T08:04:45+09:00,2026/10/05,2026/10/08,2026-10,PUT,59750,11,112,7,,36,,,1,10,42.92,-7,-53.85,6,10/02 22:19
2026/10/03 07:49,2026-10-03T08:04:45+09:00,2026/10/05,2026/10/08,2026-10,CALL,59625,8870,,,,,,,,,,,,,
2026/10/03 07:49,2026-10-03T08:04:45+09:00,2026/10/05,2026/10/08,2026-10,PUT,59625,11,140,1,,,,,,,41.4,,,6,10/02 17:53
2026/10/03 07:49,2026-10-03T08:04:45+09:00,2026/10/05,2026/10/08,2026-10,CALL,59500,8995,14,,,,,,,,,,,,
2026/10/03 07:49,2026-10-03T08:04:45+09:00,2026/10/05,2026/10/08,2026-10,PUT,59500,11,848,21,,36.91,,,1,11,41.97,-7,-58.33,5,10/02 20:51
2026/10/03 07:49,2026-10-03T08:04:45+09:00,2026/10/05,2026/10/08,2026-10,CALL,59375,9120,,,,,,,,,,,,,
2026/10/03 07:49,2026-10-03T08:04:45+09:00,2026/10/05,2026/10/08,2026-10,PUT,59375,10,2,,66.37,,101,1,,,,,,,
2026/10/03 07:49,2026-10-03T08:04:45+09:00,2026/10/05,2026/10/08,2026-10,CALL,59250,9245,,,,,,,,,,,,,
2026/10/03 07:49,2026-10-03T08:04:45+09:00,2026/10/05,2026/10/08,2026-10,PUT,59250,10,199,5,45.59,37.83,7,1,1,10,42.63,-6,-60,4,10/03 02:25
2026/10/03 07:49,2026-10-03T08:04:45+09:00,2026/10/05,2026/10/08,2026-10,CALL,59125,9370,,,,,,,,,,,,,
2026/10/03 07:49,2026-10-03T08:04:45+09:00,2026/10/05,2026/10/08,2026-10,PUT,59125,10,115,,,,,,,,,,,,
2026/10/03 07:49,2026-10-03T08:04:45+09:00,2026/10/05,2026/10/08,2026-10,CALL,59000,9495,,,,,,,,,,,,,
2026/10/03 07:49,2026-10-03T08:04:45+09:00,2026/10/05,2026/10/08,2026-10,PUT,59000,9,1611,55,50.63,41.15,14,1,2,3,42.51,-6,-66.67,3,10/03 01:49
2026/10/03 07:49,2026-10-03T08:04:45+09:00,2026/10/05,2026/10/08,2026-10,CALL,58875,9620,,,,,,,,,,,,,
2026/10/03 07:49,2026-10-03T08:04:45+09:00,2026/10/05,2026/10/08,2026-10,PUT,58875,9,20,,,,,,,,,,,,
2026/10/03 07:49,2026-10-03T08:04:45+09:00,2026/10/05,2026/10/08,2026-10,CALL,58750,9745,,,,,,,,,,,,,
2026/10/03 07:49,2026-10-03T08:04:45+09:00,2026/10/05,2026/10/08,2026-10,PUT,58750,9,60,1,,39.67,,,1,10,43.57,-6,-66.67,3,10/03 02:23
2026/10/03 07:49,2026-10-03T08:04:45+09:00,2026/10/05,2026/10/08,2026-10,CALL,58625,9870,,,,,,,,,,,,,
2026/10/03 07:49,2026-10-03T08:04:45+09:00,2026/10/05,2026/10/08,2026-10,PUT,58625,8,59,1,,,,,,,43.8,,,3,10/03 02:27
2026/10/03 07:49,2026-10-03T08:04:45+09:00,2026/10/05,2026/10/08,2026-10,CALL,58500,9995,,,,,,,,,,,,,
2026/10/03 07:49,2026-10-03T08:04:45+09:00,2026/10/05,2026/10/08,2026-10,PUT,58500,8,827,32,46.04,40.59,4,3,1,12,45.15,-5,-62.5,3,10/03 05:34
2026/10/03 07:49,2026-10-03T08:04:45+09:00,2026/10/05,2026/10/08,2026-10,CALL,58375,10120,,,,,,,,,,,,,
2026/10/03 07:49,2026-10-03T08:04:45+09:00,2026/10/05,2026/10/08,2026-10,PUT,58375,8,486,,,,,,,,,,,,
2026/10/03 07:49,2026-10-03T08:04:45+09:00,2026/10/05,2026/10/08,2026-10,CALL,58250,10240,,,,,,,,,,,,,
2026/10/03 07:49,2026-10-03T08:04:45+09:00,2026/10/05,2026/10/08,2026-10,PUT,58250,7,146,3,,41.52,,,1,10,44.99,-3,-42.86,4,10/02 18:05
2026/10/03 07:49,2026-10-03T08:04:45+09:00,2026/10/05,2026/10/08,2026-10,CALL,58000,10490,,,,,,,,,,,,,
2026/10/03 07:49,2026-10-03T08:04:45+09:00,2026/10/05,2026/10/08,2026-10,PUT,58000,6,2404,36,46.77,45.05,3,28,2,1,45.05,-4,-66.67,2,10/03 06:00
2026/10/03 07:49,2026-10-03T08:04:45+09:00,2026/10/05,2026/10/08,2026-10,CALL,57750,10740,,,,,,,,,,,,,
2026/10/03 07:49,2026-10-03T08:04:45+09:00,2026/10/05,2026/10/08,2026-10,PUT,57750,6,84,2,47.78,43.38,3,5,1,10,45.99,-3,-50,3,10/02 18:29
2026/10/03 07:49,2026-10-03T08:04:45+09:00,2026/10/05,2026/10/08,2026-10,CALL,57500,10990,,,,,,,,,,,,,
2026/10/03 07:49,2026-10-03T08:04:45+09:00,2026/10/05,2026/10/08,2026-10,PUT,57500,6,489,6,,47.01,,,2,5,48.96,-3,-50,3,10/02 22:11
2026/10/03 07:49,2026-10-03T08:04:45+09:00,2026/10/05,2026/10/08,2026-10,CALL,57250,11240,,,,,,,,,,,,,
2026/10/03 07:49,2026-10-03T08:04:45+09:00,2026/10/05,2026/10/08,2026-10,PUT,57250,5,164,,,45.25,,,1,10,,,,,
2026/10/03 07:49,2026-10-03T08:04:45+09:00,2026/10/05,2026/10/08,2026-10,CALL,57000,11490,1,,,,,,,,,,,,
2026/10/03 07:49,2026-10-03T08:04:45+09:00,2026/10/05,2026/10/08,2026-10,PUT,57000,4,1684,53,50.84,46.19,3,11,1,97,48.98,-3,-60,2,10/03 06:00
2026/10/03 07:49,2026-10-03T08:04:45+09:00,2026/10/05,2026/10/08,2026-10,CALL,56750,11740,,,,,,,,,,,,,
2026/10/03 07:49,2026-10-03T08:04:45+09:00,2026/10/05,2026/10/08,2026-10,PUT,56750,4,145,,49.98,47.13,2,1,1,4,,,,,
2026/10/03 07:49,2026-10-03T08:04:45+09:00,2026/10/05,2026/10/08,2026-10,CALL,56500,11985,,,,,,,,,,,,,
2026/10/03 07:49,2026-10-03T08:04:45+09:00,2026/10/05,2026/10/08,2026-10,PUT,56500,4,672,9,50.97,48.08,2,1,1,2,50.54,-2,-50,2,10/03 02:28
2026/10/03 07:49,2026-10-03T08:04:45+09:00,2026/10/05,2026/10/08,2026-10,CALL,56250,12235,,,,,,,,,,,,,
2026/10/03 07:49,2026-10-03T08:04:45+09:00,2026/10/05,2026/10/08,2026-10,PUT,56250,3,85,,51.97,,2,1,,,,,,,
2026/10/03 07:49,2026-10-03T08:04:45+09:00,2026/10/05,2026/10/08,2026-10,CALL,56000,12485,,,,,,,,,,,,,
2026/10/03 07:49,2026-10-03T08:04:45+09:00,2026/10/05,2026/10/08,2026-10,PUT,56000,3,1904,98,52.97,49.98,2,20,1,112,53.15,-2,-50,2,10/03 05:45
2026/10/03 07:49,2026-10-03T08:04:45+09:00,2026/10/05,2026/10/08,2026-10,CALL,55750,12735,,,,,,,,,,,,,
2026/10/03 07:49,2026-10-03T08:04:45+09:00,2026/10/05,2026/10/08,2026-10,PUT,55750,3,81,,53.98,50.93,2,1,1,5,,,,,
2026/10/03 07:49,2026-10-03T08:04:45+09:00,2026/10/05,2026/10/08,2026-10,CALL,55500,12985,,,,,,,,,,,,,
2026/10/03 07:49,2026-10-03T08:04:45+09:00,2026/10/05,2026/10/08,2026-10,PUT,55500,3,345,10,54.99,,2,1,,,52.06,-2,-66.67,1,10/03 05:43
2026/10/03 07:49,2026-10-03T08:04:45+09:00,2026/10/05,2026/10/08,2026-10,CALL,55250,13235,,,,,,,,,,,,,
2026/10/03 07:49,2026-10-03T08:04:45+09:00,2026/10/05,2026/10/08,2026-10,PUT,55250,2,168,,56,,2,1,,,,,,,
2026/10/03 07:49,2026-10-03T08:04:45+09:00,2026/10/05,2026/10/08,2026-10,CALL,55000,13485,4,,,,,,,,,,,,
2026/10/03 07:49,2026-10-03T08:04:45+09:00,2026/10/05,2026/10/08,2026-10,PUT,55000,2,3419,72,57.01,53.82,2,31,1,8,54.09,-2,-66.67,1,10/03 05:37
2026/10/03 07:49,2026-10-03T08:04:45+09:00,2026/10/05,2026/10/08,2026-10,CALL,54750,13735,,,,,,,,,,,,,
2026/10/03 07:49,2026-10-03T08:04:45+09:00,2026/10/05,2026/10/08,2026-10,PUT,54750,2,78,4,,,,,,,55.15,-2,-66.67,1,10/03 05:34
2026/10/03 07:49,2026-10-03T08:04:45+09:00,2026/10/05,2026/10/08,2026-10,CALL,54500,13985,,,,,,,,,,,,,
2026/10/03 07:49,2026-10-03T08:04:45+09:00,2026/10/05,2026/10/08,2026-10,PUT,54500,2,510,2,,,,,,,56.04,-3,-75,1,10/03 05:27
2026/10/03 07:49,2026-10-03T08:04:45+09:00,2026/10/05,2026/10/08,2026-10,CALL,54250,14235,,,,,,,,,,,,,
2026/10/03 07:49,2026-10-03T08:04:45+09:00,2026/10/05,2026/10/08,2026-10,PUT,54250,1,217,,,,,,,,,,,,
2026/10/03 07:49,2026-10-03T08:04:45+09:00,2026/10/05,2026/10/08,2026-10,CALL,54000,14485,,,,,,,,,,,,,
2026/10/03 07:49,2026-10-03T08:04:45+09:00,2026/10/05,2026/10/08,2026-10,PUT,54000,2,1379,162,57.72,,1,2,,,57.45,-1,-50,1,10/03 01:34
2026/10/03 07:49,2026-10-03T08:04:45+09:00,2026/10/05,2026/10/08,2026-10,CALL,53750,14735,,,,,,,,,,,,,
2026/10/03 07:49,2026-10-03T08:04:45+09:00,2026/10/05,2026/10/08,2026-10,PUT,53750,1,162,14,,,,,,,57.88,-1,-50,1,10/02 20:46
2026/10/03 07:49,2026-10-03T08:04:45+09:00,2026/10/05,2026/10/08,2026-10,CALL,53500,14985,,,,,,,,,,,,,
2026/10/03 07:49,2026-10-03T08:04:45+09:00,2026/10/05,2026/10/08,2026-10,PUT,53500,1,1430,26,,,,,,,60.4,-1,-50,1,10/02 23:50
2026/10/03 07:49,2026-10-03T08:04:45+09:00,2026/10/05,2026/10/08,2026-10,CALL,53250,15235,,,,,,,,,,,,,
2026/10/03 07:49,2026-10-03T08:04:45+09:00,2026/10/05,2026/10/08,2026-10,PUT,53250,1,128,8,,,,,,,59.87,-1,-50,1,10/02 20:42
2026/10/03 07:49,2026-10-03T08:04:45+09:00,2026/10/05,2026/10/08,2026-10,CALL,53000,15485,34,,,,,,,,,,,,
2026/10/03 07:49,2026-10-03T08:04:45+09:00,2026/10/05,2026/10/08,2026-10,PUT,53000,1,1463,52,61.67,,1,138,,,61.06,-1,-50,1,10/03 00:22
2026/10/03 07:49,2026-10-03T08:04:45+09:00,2026/10/05,2026/10/08,2026-10,CALL,52750,15735,,,,,,,,,,,,,
2026/10/03 07:49,2026-10-03T08:04:45+09:00,2026/10/05,2026/10/08,2026-10,PUT,52750,1,118,6,,,,,,,61.47,-2,-66.67,1,10/02 19:02
2026/10/03 07:49,2026-10-03T08:04:45+09:00,2026/10/05,2026/10/08,2026-10,CALL,52500,15985,,,,,,,,,,,,,
2026/10/03 07:49,2026-10-03T08:04:45+09:00,2026/10/05,2026/10/08,2026-10,PUT,52500,1,616,100,63.67,,1,80,,,63.85,-1,-50,1,10/02 22:19
2026/10/03 07:49,2026-10-03T08:04:45+09:00,2026/10/05,2026/10/08,2026-10,CALL,52250,16235,,,,,,,,,,,,,
2026/10/03 07:49,2026-10-03T08:04:45+09:00,2026/10/05,2026/10/08,2026-10,PUT,52250,1,63,,68.43,,2,1,,,,,,,
2026/10/03 07:49,2026-10-03T08:04:45+09:00,2026/10/05,2026/10/08,2026-10,CALL,52000,16485,,,,,,,,,,,,,
2026/10/03 07:49,2026-10-03T08:04:45+09:00,2026/10/05,2026/10/08,2026-10,PUT,52000,1,1427,73,65.69,,1,109,,,66.69,0,0,1,10/02 23:21
2026/10/03 07:49,2026-10-03T08:04:45+09:00,2026/10/05,2026/10/08,2026-10,CALL,51750,16735,,,,,,,,,,,,,
2026/10/03 07:49,2026-10-03T08:04:45+09:00,2026/10/05,2026/10/08,2026-10,PUT,51750,1,150,2,,,,,,,66.69,-1,-50,1,10/02 21:47
2026/10/03 07:49,2026-10-03T08:04:45+09:00,2026/10/05,2026/10/08,2026-10,CALL,51500,16985,,,,,,,,,,,,,
2026/10/03 07:49,2026-10-03T08:04:45+09:00,2026/10/05,2026/10/08,2026-10,PUT,51500,1,518,7,67.72,,1,50,,,66.52,0,0,1,10/02 19:02
2026/10/03 07:49,2026-10-03T08:04:45+09:00,2026/10/05,2026/10/08,2026-10,CALL,51250,17235,,,,,,,,,,,,,
2026/10/03 07:49,2026-10-03T08:04:45+09:00,2026/10/05,2026/10/08,2026-10,PUT,51250,1,296,8,,,,,,,70.98,,,2,10/02 18:24
2026/10/03 07:49,2026-10-03T08:04:45+09:00,2026/10/05,2026/10/08,2026-10,CALL,51000,17485,,,,,,,,,,,,,
2026/10/03 07:49,2026-10-03T08:04:45+09:00,2026/10/05,2026/10/08,2026-10,PUT,51000,1,1169,48,69.77,,1,114,,,70.11,0,0,1,10/03 00:04
2026/10/03 07:49,2026-10-03T08:04:45+09:00,2026/10/05,2026/10/08,2026-10,CALL,50750,17735,,,,,,,,,,,,,
2026/10/03 07:49,2026-10-03T08:04:45+09:00,2026/10/05,2026/10/08,2026-10,PUT,50750,1,165,3,,,,,,,69.19,,,1,10/02 18:22
2026/10/03 07:49,2026-10-03T08:04:45+09:00,2026/10/05,2026/10/08,2026-10,CALL,50500,17985,,,,,,,,,,,,,
2026/10/03 07:49,2026-10-03T08:04:45+09:00,2026/10/05,2026/10/08,2026-10,PUT,50500,1,305,11,71.84,,1,50,,,69.45,,,1,10/02 17:00
2026/10/03 07:49,2026-10-03T08:04:45+09:00,2026/10/05,2026/10/08,2026-10,CALL,50250,18235,,,,,,,,,,,,,
2026/10/03 07:49,2026-10-03T08:04:45+09:00,2026/10/05,2026/10/08,2026-10,PUT,50250,1,79,5,,,,,,,71.45,,,1,10/02 17:30
2026/10/03 07:49,2026-10-03T08:04:45+09:00,2026/10/05,2026/10/08,2026-10,CALL,50000,18485,1,,,,,,,,,,,,
2026/10/03 07:49,2026-10-03T08:04:45+09:00,2026/10/05,2026/10/08,2026-10,PUT,50000,1,2779,8,73.92,,1,276,,,73.68,0,0,1,10/03 00:35
2026/10/03 07:49,2026-10-03T08:04:45+09:00,2026/10/05,2026/10/08,2026-10,CALL,49750,18735,,,,,,,,,,,,,
2026/10/03 07:49,2026-10-03T08:04:45+09:00,2026/10/05,2026/10/08,2026-10,PUT,49750,1,67,3,79.24,,2,6,,,74.23,0,0,1,10/02 20:00
2026/10/03 07:49,2026-10-03T08:04:45+09:00,2026/10/05,2026/10/08,2026-10,CALL,49500,18985,,,,,,,,,,,,,
2026/10/03 07:49,2026-10-03T08:04:45+09:00,2026/10/05,2026/10/08,2026-10,PUT,49500,1,318,11,76.03,,1,49,,,75.25,0,0,1,10/02 19:59
2026/10/03 07:49,2026-10-03T08:04:45+09:00,2026/10/05,2026/10/08,2026-10,CALL,49250,19235,,,,,,,,,,,,,
2026/10/03 07:49,2026-10-03T08:04:45+09:00,2026/10/05,2026/10/08,2026-10,PUT,49250,1,84,2,81.46,,2,1,,,76.31,0,0,1,10/02 19:59
2026/10/03 07:49,2026-10-03T08:04:45+09:00,2026/10/05,2026/10/08,2026-10,CALL,49000,19485,,,,,,,,,,,,,
2026/10/03 07:49,2026-10-03T08:04:45+09:00,2026/10/05,2026/10/08,2026-10,PUT,49000,1,406,26,82.58,,2,65,,,78.19,0,0,1,10/02 21:53
2026/10/03 07:49,2026-10-03T08:04:45+09:00,2026/10/05,2026/10/08,2026-10,CALL,48750,19735,,,,,,,,,,,,,
2026/10/03 07:49,2026-10-03T08:04:45+09:00,2026/10/05,2026/10/08,2026-10,PUT,48750,1,276,,,,,,,,,,,,
2026/10/03 07:49,2026-10-03T08:04:45+09:00,2026/10/05,2026/10/08,2026-10,CALL,48500,19985,,,,,,,,,,,,,
2026/10/03 07:49,2026-10-03T08:04:45+09:00,2026/10/05,2026/10/08,2026-10,PUT,48500,1,212,,80.29,,1,5,,,,,,,
2026/10/03 07:49,2026-10-03T08:04:45+09:00,2026/10/05,2026/10/08,2026-10,CALL,48250,20235,,,,,,,,,,,,,
2026/10/03 07:49,2026-10-03T08:04:45+09:00,2026/10/05,2026/10/08,2026-10,PUT,48250,1,53,,81.37,,1,5,,,,,,,
2026/10/03 07:49,2026-10-03T08:04:45+09:00,2026/10/05,2026/10/08,2026-10,CALL,48000,20485,,,,,,,,,,,,,
2026/10/03 07:49,2026-10-03T08:04:45+09:00,2026/10/05,2026/10/08,2026-10,PUT,48000,1,877,19,82.45,,1,52,,,82.22,0,0,1,10/03 00:34
2026/10/03 07:49,2026-10-03T08:04:45+09:00,2026/10/05,2026/10/08,2026-10,CALL,47750,20735,,,,,,,,,,,,,
2026/10/03 07:49,2026-10-03T08:04:45+09:00,2026/10/05,2026/10/08,2026-10,PUT,47750,1,47,,83.54,,1,5,,,,,,,
2026/10/03 07:49,2026-10-03T08:04:45+09:00,2026/10/05,2026/10/08,2026-10,CALL,47500,20985,34,,,,,,,,,,,,
2026/10/03 07:49,2026-10-03T08:04:45+09:00,2026/10/05,2026/10/08,2026-10,PUT,47500,1,56,,84.63,,1,10,,,,,,,
2026/10/03 07:49,2026-10-03T08:04:45+09:00,2026/10/05,2026/10/08,2026-10,CALL,47250,21235,,,,,,,,,,,,,
2026/10/03 07:49,2026-10-03T08:04:45+09:00,2026/10/05,2026/10/08,2026-10,PUT,47250,1,142,,85.73,,1,8,,,,,,,
2026/10/03 07:49,2026-10-03T08:04:45+09:00,2026/10/05,2026/10/08,2026-10,CALL,47000,21485,,,,,,,,,,,,,
2026/10/03 07:49,2026-10-03T08:04:45+09:00,2026/10/05,2026/10/08,2026-10,PUT,47000,1,466,4,86.83,,1,105,,,86.99,0,0,1,10/02 21:58
2026/10/03 07:49,2026-10-03T08:04:45+09:00,2026/10/05,2026/10/08,2026-10,CALL,46750,21735,,,,,,,,,,,,,
2026/10/03 07:49,2026-10-03T08:04:45+09:00,2026/10/05,2026/10/08,2026-10,PUT,46750,1,135,,87.94,,1,5,,,,,,,
2026/10/03 07:49,2026-10-03T08:04:45+09:00,2026/10/05,2026/10/08,2026-10,CALL,46500,21985,,,,,,,,,,,,,
2026/10/03 07:49,2026-10-03T08:04:45+09:00,2026/10/05,2026/10/08,2026-10,PUT,46500,1,318,,89.06,,1,5,,,,,,,
2026/10/03 07:49,2026-10-03T08:04:45+09:00,2026/10/05,2026/10/08,2026-10,CALL,46250,22235,,,,,,,,,,,,,
2026/10/03 07:49,2026-10-03T08:04:45+09:00,2026/10/05,2026/10/08,2026-10,PUT,46250,1,10,,90.18,,1,5,,,,,,,
2026/10/03 07:49,2026-10-03T08:04:45+09:00,2026/10/05,2026/10/08,2026-10,CALL,46000,22485,,,,,,,,,,,,,
2026/10/03 07:49,2026-10-03T08:04:45+09:00,2026/10/05,2026/10/08,2026-10,PUT,46000,1,446,,91.3,,1,73,,,,,,,
2026/10/03 07:49,2026-10-03T08:04:45+09:00,2026/10/05,2026/10/08,2026-10,CALL,45750,22735,,,,,,,,,,,,,
2026/10/03 07:49,2026-10-03T08:04:45+09:00,2026/10/05,2026/10/08,2026-10,PUT,45750,1,135,,92.43,,1,2,,,,,,,
2026/10/03 07:49,2026-10-03T08:04:45+09:00,2026/10/05,2026/10/08,2026-10,CALL,45500,22985,,,,,,,,,,,,,
2026/10/03 07:49,2026-10-03T08:04:45+09:00,2026/10/05,2026/10/08,2026-10,PUT,45500,1,819,,93.57,,1,48,,,,,,,
2026/10/03 07:49,2026-10-03T08:04:45+09:00,2026/10/05,2026/10/08,2026-10,CALL,45250,23235,,,,,,,,,,,,,
2026/10/03 07:49,2026-10-03T08:04:45+09:00,2026/10/05,2026/10/08,2026-10,PUT,45250,1,29,,94.71,,1,5,,,,,,,
2026/10/03 07:49,2026-10-03T08:04:45+09:00,2026/10/05,2026/10/08,2026-10,CALL,45000,23485,2,,,,,,,,,,,,
2026/10/03 07:49,2026-10-03T08:04:45+09:00,2026/10/05,2026/10/08,2026-10,PUT,45000,1,2340,1,95.86,,1,116,,,94.78,0,0,1,10/02 18:43
2026/10/03 07:49,2026-10-03T08:04:45+09:00,2026/10/05,2026/10/08,2026-10,CALL,44750,23735,,,,,,,,,,,,,
2026/10/03 07:49,2026-10-03T08:04:45+09:00,2026/10/05,2026/10/08,2026-10,PUT,44750,1,41,,97.01,,1,5,,,,,,,
2026/10/03 07:49,2026-10-03T08:04:45+09:00,2026/10/05,2026/10/08,2026-10,CALL,44500,23985,,,,,,,,,,,,,
2026/10/03 07:49,2026-10-03T08:04:45+09:00,2026/10/05,2026/10/08,2026-10,PUT,44500,1,58,10,,,,,,,99.3,0,0,1,10/02 23:32
2026/10/03 07:49,2026-10-03T08:04:45+09:00,2026/10/05,2026/10/08,2026-10,CALL,44250,24230,,,,,,,,,,,,,
2026/10/03 07:49,2026-10-03T08:04:45+09:00,2026/10/05,2026/10/08,2026-10,PUT,44250,1,37,,99.34,,1,5,,,,,,,
2026/10/03 07:49,2026-10-03T08:04:45+09:00,2026/10/05,2026/10/08,2026-10,CALL,44000,24480,,,,,,,,,,,,,
2026/10/03 07:49,2026-10-03T08:04:45+09:00,2026/10/05,2026/10/08,2026-10,PUT,44000,1,312,,100.51,,1,64,,,,,,,
2026/10/03 07:49,2026-10-03T08:04:45+09:00,2026/10/05,2026/10/08,2026-10,CALL,43750,24730,,,,,,,,,,,,,
2026/10/03 07:49,2026-10-03T08:04:45+09:00,2026/10/05,2026/10/08,2026-10,PUT,43750,1,25,,101.69,,1,4,,,,,,,
2026/10/03 07:49,2026-10-03T08:04:45+09:00,2026/10/05,2026/10/08,2026-10,CALL,43500,24980,,,,,,,,,,,,,
2026/10/03 07:49,2026-10-03T08:04:45+09:00,2026/10/05,2026/10/08,2026-10,PUT,43500,1,36,,102.87,,1,5,,,,,,,
2026/10/03 07:49,2026-10-03T08:04:45+09:00,2026/10/05,2026/10/08,2026-10,CALL,43250,25230,,,,,,,,,,,,,
2026/10/03 07:49,2026-10-03T08:04:45+09:00,2026/10/05,2026/10/08,2026-10,PUT,43250,1,16,,104.07,,1,14,,,,,,,
2026/10/03 07:49,2026-10-03T08:04:45+09:00,2026/10/05,2026/10/08,2026-10,CALL,43000,25480,,,,,,,,,,,,,
2026/10/03 07:49,2026-10-03T08:04:45+09:00,2026/10/05,2026/10/08,2026-10,PUT,43000,1,507,,105.26,,1,56,,,,,,,
2026/10/03 07:49,2026-10-03T08:04:45+09:00,2026/10/05,2026/10/08,2026-10,CALL,42750,25730,3,,,,,,,,,,,,
2026/10/03 07:49,2026-10-03T08:04:45+09:00,2026/10/05,2026/10/08,2026-10,PUT,42750,1,33,,106.47,,1,4,,,,,,,
2026/10/03 07:49,2026-10-03T08:04:45+09:00,2026/10/05,2026/10/08,2026-10,CALL,42000,26480,,,,,,,,,,,,,
2026/10/03 07:49,2026-10-03T08:04:45+09:00,2026/10/05,2026/10/08,2026-10,PUT,42000,1,401,,110.12,,1,68,,,,,,,
2026/10/03 07:49,2026-10-03T08:04:45+09:00,2026/10/05,2026/10/08,2026-10,CALL,41000,27480,,,,,,,,,,,,,
2026/10/03 07:49,2026-10-03T08:04:45+09:00,2026/10/05,2026/10/08,2026-10,PUT,41000,1,280,,115.08,,1,8,,,,,,,
2026/10/03 07:49,2026-10-03T08:04:45+09:00,2026/10/05,2026/10/08,2026-10,CALL,40000,28480,,,,,,,,,,,,,
2026/10/03 07:49,2026-10-03T08:04:45+09:00,2026/10/05,2026/10/08,2026-10,PUT,40000,1,4647,2,120.17,,1,86,,,120.29,0,0,1,10/02 22:21
2026/10/03 07:49,2026-10-03T08:04:45+09:00,2026/10/05,2026/10/08,2026-10,CALL,39000,29480,,,,,,,,,,,,,
2026/10/03 07:49,2026-10-03T08:04:45+09:00,2026/10/05,2026/10/08,2026-10,PUT,39000,1,191,5,125.37,,1,7,,,125.41,0,0,1,10/02 21:37
2026/10/03 07:49,2026-10-03T08:04:45+09:00,2026/10/05,2026/10/08,2026-10,CALL,38000,30480,,,,,,,,,,,,,
2026/10/03 07:49,2026-10-03T08:04:45+09:00,2026/10/05,2026/10/08,2026-10,PUT,38000,1,420,,130.71,,1,15,,,,,,,
2026/10/03 07:49,2026-10-03T08:04:45+09:00,2026/10/05,2026/10/08,2026-10,CALL,37000,31480,,,,,,,,,,,,,
2026/10/03 07:49,2026-10-03T08:04:45+09:00,2026/10/05,2026/10/08,2026-10,PUT,37000,1,460,,136.18,,1,17,,,,,,,
2026/10/03 07:49,2026-10-03T08:04:45+09:00,2026/10/05,2026/10/08,2026-10,CALL,36000,32480,,,,,,,,,,,,,
2026/10/03 07:49,2026-10-03T08:04:45+09:00,2026/10/05,2026/10/08,2026-10,PUT,36000,1,98,,141.79,,1,10,,,,,,,
2026/10/03 07:49,2026-10-03T08:04:45+09:00,2026/10/05,2026/10/08,2026-10,CALL,35000,33480,24,,,,,,,,,,,,
2026/10/03 07:49,2026-10-03T08:04:45+09:00,2026/10/05,2026/10/08,2026-10,PUT,35000,1,2205,2,147.56,,1,21,,,147.61,0,0,1,10/02 21:36
2026/10/03 07:49,2026-10-03T08:04:45+09:00,2026/10/05,2026/11/12,2026-11,CALL,100000,1,93,6,31.91,,1,24,,,31.88,,,1,10/02 22:55
2026/10/03 07:49,2026-10-03T08:04:45+09:00,2026/10/05,2026/11/12,2026-11,PUT,100000,31430,,,,,,,,,,,,,
2026/10/03 07:49,2026-10-03T08:04:45+09:00,2026/10/05,2026/11/12,2026-11,CALL,97500,1,,,31.48,,2,1,,,,,,,
2026/10/03 07:49,2026-10-03T08:04:45+09:00,2026/10/05,2026/11/12,2026-11,PUT,97500,28935,,,,,,,,,,,,,
2026/10/03 07:49,2026-10-03T08:04:45+09:00,2026/10/05,2026/11/12,2026-11,CALL,95000,1,34,2,29.26,,2,12,,,27.61,0,0,1,10/02 22:05
2026/10/03 07:49,2026-10-03T08:04:45+09:00,2026/10/05,2026/11/12,2026-11,PUT,95000,26440,,,,,,,,,,,,,
2026/10/03 07:49,2026-10-03T08:04:45+09:00,2026/10/05,2026/11/12,2026-11,CALL,92500,2,14,11,26.97,25.54,2,2,1,9,25.87,0,0,1,10/02 21:26
2026/10/03 07:49,2026-10-03T08:04:45+09:00,2026/10/05,2026/11/12,2026-11,PUT,92500,23945,,,,,,,,,,,,,
2026/10/03 07:49,2026-10-03T08:04:45+09:00,2026/10/05,2026/11/12,2026-11,CALL,90000,2,281,58,26.68,24.59,5,12,2,3,26.49,,,5,10/03 05:01
2026/10/03 07:49,2026-10-03T08:04:45+09:00,2026/10/05,2026/11/12,2026-11,PUT,90000,21450,,,,,,,,,,,,,
2026/10/03 07:49,2026-10-03T08:04:45+09:00,2026/10/05,2026/11/12,2026-11,CALL,87500,4,195,32,25.8,24.04,10,2,5,1,25.53,5,125,9,10/03 03:40
2026/10/03 07:49,2026-10-03T08:04:45+09:00,2026/10/05,2026/11/12,2026-11,PUT,87500,18955,,,,,,,,,,,,,
2026/10/03 07:49,2026-10-03T08:04:45+09:00,2026/10/05,2026/11/12,2026-11,CALL,85000,10,164,52,24.82,23.97,20,1,15,1,23.99,5,50,15,10/03 03:21
2026/10/03 07:49,2026-10-03T08:04:45+09:00,2026/10/05,2026/11/12,2026-11,PUT,85000,16470,,,,,,,,,,,,,
2026/10/03 07:49,2026-10-03T08:04:45+09:00,2026/10/05,2026/11/12,2026-11,CALL,82500,27,200,65,30.7,21.97,175,2,23,1,24.07,18,66.67,45,10/03 04:22
2026/10/03 07:49,2026-10-03T08:04:45+09:00,2026/10/05,2026/11/12,2026-11,PUT,82500,13990,,,,,,,,,,,,,
2026/10/03 07:49,2026-10-03T08:04:45+09:00,2026/10/05,2026/11/12,2026-11,CALL,80000,73,372,61,25.06,23.22,140,1,95,1,23.59,43,66.15,108,10/03 04:30
2026/10/03 07:49,2026-10-03T08:04:45+09:00,2026/10/05,2026/11/12,2026-11,PUT,80000,11535,,,,,,,,,,,,,
2026/10/03 07:49,2026-10-03T08:04:45+09:00,2026/10/05,2026/11/12,2026-11,CALL,79500,88,18,10,,14.02,,,3,20,23.88,64,84.21,140,10/03 05:05
2026/10/03 07:49,2026-10-03T08:04:45+09:00,2026/10/05,2026/11/12,2026-11,PUT,79500,11050,2,,,,,,,,,,,,
2026/10/03 07:49,2026-10-03T08:04:45+09:00,2026/10/05,2026/11/12,2026-11,CALL,79000,105,120,54,24.88,15.29,190,1,10,1,23.89,70,73.68,165,10/03 05:35
2026/10/03 07:49,2026-10-03T08:04:45+09:00,2026/10/05,2026/11/12,2026-11,PUT,79000,10575,,,,,,,,,,,,,
2026/10/03 07:49,2026-10-03T08:04:45+09:00,2026/10/05,2026/11/12,2026-11,CALL,78500,128,7,,25.82,12.8,260,1,3,20,,,,,
2026/10/03 07:49,2026-10-03T08:04:45+09:00,2026/10/05,2026/11/12,2026-11,PUT,78500,10095,,,,,,,,,,,,,
2026/10/03 07:49,2026-10-03T08:04:45+09:00,2026/10/05,2026/11/12,2026-11,CALL,78000,150,300,19,27.9,13.56,400,1,8,2,24.15,115,76.67,265,10/02 23:43
2026/10/03 07:49,2026-10-03T08:04:45+09:00,2026/10/05,2026/11/12,2026-11,PUT,78000,9620,,,,,,,,,,,,,
2026/10/03 07:49,2026-10-03T08:04:45+09:00,2026/10/05,2026/11/12,2026-11,CALL,77500,183,7,8,,11.56,,,3,20,23.88,69,40.35,240,10/03 00:21
2026/10/03 07:49,2026-10-03T08:04:45+09:00,2026/10/05,2026/11/12,2026-11,PUT,77500,9150,,,,,,,,,,,,,
2026/10/03 07:49,2026-10-03T08:04:45+09:00,2026/10/05,2026/11/12,2026-11,CALL,77000,214,246,33,25.86,18.85,410,1,120,1,23.68,108,52.17,315,10/03 04:25
2026/10/03 07:49,2026-10-03T08:04:45+09:00,2026/10/05,2026/11/12,2026-11,PUT,77000,8685,,,,,,,,,,,,,
2026/10/03 07:49,2026-10-03T08:04:45+09:00,2026/10/05,2026/11/12,2026-11,CALL,76500,255,292,2,28.5,23.54,630,1,350,1,24.18,208,95.85,425,10/02 23:44
2026/10/03 07:49,2026-10-03T08:04:45+09:00,2026/10/05,2026/11/12,2026-11,PUT,76500,8225,,,,,,,,,,,,,
2026/10/03 07:49,2026-10-03T08:04:45+09:00,2026/10/05,2026/11/12,2026-11,CALL,76250,279,2,,,9.97,,,3,20,,,,,
2026/10/03 07:49,2026-10-03T08:04:45+09:00,2026/10/05,2026/11/12,2026-11,PUT,76250,8000,,,,,,,,,,,,,
2026/10/03 07:49,2026-10-03T08:04:45+09:00,2026/10/05,2026/11/12,2026-11,CALL,76000,299,181,27,,15.11,,,70,1,23.95,204,73.91,480,10/02 23:50
2026/10/03 07:49,2026-10-03T08:04:45+09:00,2026/10/05,2026/11/12,2026-11,PUT,76000,7775,,,,,,,,,,,,,
2026/10/03 07:49,2026-10-03T08:04:45+09:00,2026/10/05,2026/11/12,2026-11,CALL,75750,325,2,,,9.31,,,3,20,,,,,
2026/10/03 07:49,2026-10-03T08:04:45+09:00,2026/10/05,2026/11/12,2026-11,PUT,75750,7550,,,,,,,,,,,,,
2026/10/03 07:49,2026-10-03T08:04:45+09:00,2026/10/05,2026/11/12,2026-11,CALL,75500,355,93,4,25.47,17.06,600,1,160,2,24.36,200,59.7,535,10/02 22:58
2026/10/03 07:49,2026-10-03T08:04:45+09:00,2026/10/05,2026/11/12,2026-11,PUT,75500,7325,,,,,,,,,,,,,
2026/10/03 07:49,2026-10-03T08:04:45+09:00,2026/10/05,2026/11/12,2026-11,CALL,75250,380,2,,,8.65,,,3,20,,,,,
2026/10/03 07:49,2026-10-03T08:04:45+09:00,2026/10/05,2026/11/12,2026-11,PUT,75250,7105,,,,,,,,,,,,,
2026/10/03 07:49,2026-10-03T08:04:45+09:00,2026/10/05,2026/11/12,2026-11,CALL,75000,415,520,33,24.46,12.16,620,1,45,2,24.08,225,60.81,595,10/03 06:00
2026/10/03 07:49,2026-10-03T08:04:45+09:00,2026/10/05,2026/11/12,2026-11,PUT,75000,6890,,,,,,,,,,,,,
2026/10/03 07:49,2026-10-03T08:04:45+09:00,2026/10/05,2026/11/12,2026-11,CALL,74750,450,3,,,7.15,,,1,10,,,,,
2026/10/03 07:49,2026-10-03T08:04:45+09:00,2026/10/05,2026/11/12,2026-11,PUT,74750,6670,,,,,,,,,,,,,
2026/10/03 07:49,2026-10-03T08:04:45+09:00,2026/10/05,2026/11/12,2026-11,CALL,74500,485,121,2,,6.84,,,1,20,24.25,245,53.26,705,10/02 22:56
2026/10/03 07:49,2026-10-03T08:04:45+09:00,2026/10/05,2026/11/12,2026-11,PUT,74500,6460,,,,,,,,,,,,,
2026/10/03 07:49,2026-10-03T08:04:45+09:00,2026/10/05,2026/11/12,2026-11,CALL,74250,525,1,,,6.53,,,1,10,,,,,
2026/10/03 07:49,2026-10-03T08:04:45+09:00,2026/10/05,2026/11/12,2026-11,PUT,74250,6250,,,,,,,,,,,,,
2026/10/03 07:49,2026-10-03T08:04:45+09:00,2026/10/05,2026/11/12,2026-11,CALL,74000,530,227,23,,13.32,,,140,2,24.06,260,49.06,790,10/03 06:00
2026/10/03 07:49,2026-10-03T08:04:45+09:00,2026/10/05,2026/11/12,2026-11,PUT,74000,6040,,,,,,,,,,,,,
2026/10/03 07:49,2026-10-03T08:04:45+09:00,2026/10/05,2026/11/12,2026-11,CALL,73750,605,20,,,5.89,,,1,10,,,,,
2026/10/03 07:49,2026-10-03T08:04:45+09:00,2026/10/05,2026/11/12,2026-11,PUT,73750,5835,,,,,,,,,,,,,
2026/10/03 07:49,2026-10-03T08:04:45+09:00,2026/10/05,2026/11/12,2026-11,CALL,73500,650,14,3,,5.57,,,1,20,24.3,420,73.04,995,10/02 23:03
2026/10/03 07:49,2026-10-03T08:04:45+09:00,2026/10/05,2026/11/12,2026-11,PUT,73500,5630,,,,,,,,,,,,,
2026/10/03 07:49,2026-10-03T08:04:45+09:00,2026/10/05,2026/11/12,2026-11,CALL,73250,705,9,,,5.25,,,1,10,,,,,
2026/10/03 07:49,2026-10-03T08:04:45+09:00,2026/10/05,2026/11/12,2026-11,PUT,73250,5425,,,,,,,,,,,,,
2026/10/03 07:49,2026-10-03T08:04:45+09:00,2026/10/05,2026/11/12,2026-11,CALL,73000,745,262,5,,15.8,,,410,1,24.29,405,54.36,1150,10/02 23:24
2026/10/03 07:49,2026-10-03T08:04:45+09:00,2026/10/05,2026/11/12,2026-11,PUT,73000,5230,,,,,,,,,,,,,
2026/10/03 07:49,2026-10-03T08:04:45+09:00,2026/10/05,2026/11/12,2026-11,CALL,72750,750,2,,,4.59,,,1,10,,,,,
2026/10/03 07:49,2026-10-03T08:04:45+09:00,2026/10/05,2026/11/12,2026-11,PUT,72750,5040,,,,,,,,,,,,,
2026/10/03 07:49,2026-10-03T08:04:45+09:00,2026/10/05,2026/11/12,2026-11,CALL,72500,850,576,2,,11.12,,,205,2,24.63,390,45.88,1240,10/02 21:54
2026/10/03 07:49,2026-10-03T08:04:45+09:00,2026/10/05,2026/11/12,2026-11,PUT,72500,4850,330,,,,,,,,,,,,
2026/10/03 07:49,2026-10-03T08:04:45+09:00,2026/10/05,2026/11/12,2026-11,CALL,72250,920,8,1,,3.92,,,1,10,24.72,445,50.28,1330,10/02 21:57
2026/10/03 07:49,2026-10-03T08:04:45+09:00,2026/10/05,2026/11/12,2026-11,PUT,72250,4660,,,,,,,,,,,,,
2026/10/03 07:49,2026-10-03T08:04:45+09:00,2026/10/05,2026/11/12,2026-11,CALL,72125,995,93,,,,,,,,,,,,
2026/10/03 07:49,2026-10-03T08:04:45+09:00,2026/10/05,2026/11/12,2026-11,PUT,72125,4595,,,,,,,,,,,,,
2026/10/03 07:49,2026-10-03T08:04:45+09:00,2026/10/05,2026/11/12,2026-11,CALL,72000,925,1640,7,,3.87,,,2,1,24.29,330,35.68,1255,10/03 00:24
2026/10/03 07:49,2026-10-03T08:04:45+09:00,2026/10/05,2026/11/12,2026-11,PUT,72000,4475,,3,,,,,,,23.94,,,3430,10/02 23:32
2026/10/03 07:49,2026-10-03T08:04:45+09:00,2026/10/05,2026/11/12,2026-11,CALL,71875,1075,,,,,,,,,,,,,
2026/10/03 07:49,2026-10-03T08:04:45+09:00,2026/10/05,2026/11/12,2026-11,PUT,71875,4425,,,,,,,,,,,,,
2026/10/03 07:49,2026-10-03T08:04:45+09:00,2026/10/05,2026/11/12,2026-11,CALL,71750,1055,,,,3.24,,,1,10,,,,,
2026/10/03 07:49,2026-10-03T08:04:45+09:00,2026/10/05,2026/11/12,2026-11,PUT,71750,4295,,,,,,,,,,,,,
2026/10/03 07:49,2026-10-03T08:04:45+09:00,2026/10/05,2026/11/12,2026-11,CALL,71625,1140,8,,,,,,,,,,,,
2026/10/03 07:49,2026-10-03T08:04:45+09:00,2026/10/05,2026/11/12,2026-11,PUT,71625,4240,,,,,,,,,,,,,
2026/10/03 07:49,2026-10-03T08:04:45+09:00,2026/10/05,2026/11/12,2026-11,CALL,71500,1130,359,,,2.89,,,1,10,,,,,
2026/10/03 07:49,2026-10-03T08:04:45+09:00,2026/10/05,2026/11/12,2026-11,PUT,71500,4120,,,,,,,,,,,,,
2026/10/03 07:49,2026-10-03T08:04:45+09:00,2026/10/05,2026/11/12,2026-11,CALL,71375,1200,,,,,,,,,,,,,
2026/10/03 07:49,2026-10-03T08:04:45+09:00,2026/10/05,2026/11/12,2026-11,PUT,71375,4050,,,,,,,,,,,,,
2026/10/03 07:49,2026-10-03T08:04:45+09:00,2026/10/05,2026/11/12,2026-11,CALL,71250,1215,6,,,2.53,,,1,15,,,,,
2026/10/03 07:49,2026-10-03T08:04:45+09:00,2026/10/05,2026/11/12,2026-11,PUT,71250,3945,,,,,,,,,,,,,
2026/10/03 07:49,2026-10-03T08:04:45+09:00,2026/10/05,2026/11/12,2026-11,CALL,71125,1295,2,,,,,,,,,,,,
2026/10/03 07:49,2026-10-03T08:04:45+09:00,2026/10/05,2026/11/12,2026-11,PUT,71125,3895,,,,,,,,,,,,,
2026/10/03 07:49,2026-10-03T08:04:45+09:00,2026/10/05,2026/11/12,2026-11,CALL,71000,1285,1336,,,10.01,,,440,1,,,,,
2026/10/03 07:49,2026-10-03T08:04:45+09:00,2026/10/05,2026/11/12,2026-11,PUT,71000,3780,,1,,,,,,,24.82,,,3040,10/02 21:57
2026/10/03 07:49,2026-10-03T08:04:45+09:00,2026/10/05,2026/11/12,2026-11,CALL,70875,1335,,,,,,,,,,,,,
2026/10/03 07:49,2026-10-03T08:04:45+09:00,2026/10/05,2026/11/12,2026-11,PUT,70875,3685,,,,,,,,,,,,,
2026/10/03 07:49,2026-10-03T08:04:45+09:00,2026/10/05,2026/11/12,2026-11,CALL,70750,1390,4,1,,1.8,,,1,10,24.88,,,1765,10/02 20:09
2026/10/03 07:49,2026-10-03T08:04:45+09:00,2026/10/05,2026/11/12,2026-11,PUT,70750,3615,160,,,,,,,,,,,,
2026/10/03 07:49,2026-10-03T08:04:45+09:00,2026/10/05,2026/11/12,2026-11,CALL,70625,1435,,,,,,,,,,,,,
2026/10/03 07:49,2026-10-03T08:04:45+09:00,2026/10/05,2026/11/12,2026-11,PUT,70625,3540,,,,,,,,,,,,,
2026/10/03 07:49,2026-10-03T08:04:45+09:00,2026/10/05,2026/11/12,2026-11,CALL,70500,1490,30,2,,1.42,,,1,10,25,615,43.93,2015,10/02 21:57
2026/10/03 07:49,2026-10-03T08:04:45+09:00,2026/10/05,2026/11/12,2026-11,PUT,70500,3465,,,,,,,,,,,,,
2026/10/03 07:49,2026-10-03T08:04:45+09:00,2026/10/05,2026/11/12,2026-11,CALL,70375,1515,102,,,,,,,,,,,,
2026/10/03 07:49,2026-10-03T08:04:45+09:00,2026/10/05,2026/11/12,2026-11,PUT,70375,3370,,,,,,,,,,,,,
2026/10/03 07:49,2026-10-03T08:04:45+09:00,2026/10/05,2026/11/12,2026-11,CALL,70250,1570,119,1,,1.03,,,1,10,24.69,360,22.36,1970,10/03 00:19
2026/10/03 07:49,2026-10-03T08:04:45+09:00,2026/10/05,2026/11/12,2026-11,PUT,70250,3300,,,,,,,,,,,,,
2026/10/03 07:49,2026-10-03T08:04:45+09:00,2026/10/05,2026/11/12,2026-11,CALL,70125,1610,,,,,,,,,,,,,
2026/10/03 07:49,2026-10-03T08:04:45+09:00,2026/10/05,2026/11/12,2026-11,PUT,70125,3215,,,,,,,,,,,,,
2026/10/03 07:49,2026-10-03T08:04:45+09:00,2026/10/05,2026/11/12,2026-11,CALL,70000,1565,1334,29,,0.61,,,1,28,24.78,505,32.27,2070,10/03 00:23
2026/10/03 07:49,2026-10-03T08:04:45+09:00,2026/10/05,2026/11/12,2026-11,PUT,70000,3145,571,17,,,,,,,24.92,-775,-24.84,2345,10/02 23:40
2026/10/03 07:49,2026-10-03T08:04:45+09:00,2026/10/05,2026/11/12,2026-11,CALL,69875,1725,16,,,,,,,,,,,,
2026/10/03 07:49,2026-10-03T08:04:45+09:00,2026/10/05,2026/11/12,2026-11,PUT,69875,3075,,,,,,,,,,,,,
2026/10/03 07:49,2026-10-03T08:04:45+09:00,2026/10/05,2026/11/12,2026-11,CALL,69750,1780,1,,,0.14,,,1,10,,,,,
2026/10/03 07:49,2026-10-03T08:04:45+09:00,2026/10/05,2026/11/12,2026-11,PUT,69750,3010,,,,,,,,,,,,,
2026/10/03 07:49,2026-10-03T08:04:45+09:00,2026/10/05,2026/11/12,2026-11,CALL,69625,1825,,,,,,,,,,,,,
2026/10/03 07:49,2026-10-03T08:04:45+09:00,2026/10/05,2026/11/12,2026-11,PUT,69625,2925,,,,,,,,,,,,,
2026/10/03 07:49,2026-10-03T08:04:45+09:00,2026/10/05,2026/11/12,2026-11,CALL,69500,1885,16,,,,,,1,10,,,,,
2026/10/03 07:49,2026-10-03T08:04:45+09:00,2026/10/05,2026/11/12,2026-11,PUT,69500,2865,1,,,,,,,,,,,,
2026/10/03 07:49,2026-10-03T08:04:45+09:00,2026/10/05,2026/11/12,2026-11,CALL,69375,1940,118,,,,,,,,,,,,
2026/10/03 07:49,2026-10-03T08:04:45+09:00,2026/10/05,2026/11/12,2026-11,PUT,69375,2795,,,,,,,,,,,,,
2026/10/03 07:49,2026-10-03T08:04:45+09:00,2026/10/05,2026/11/12,2026-11,CALL,69250,1995,,,,,,,1,10,,,,,
2026/10/03 07:49,2026-10-03T08:04:45+09:00,2026/10/05,2026/11/12,2026-11,PUT,69250,2730,,,,,,,,,,,,,
2026/10/03 07:49,2026-10-03T08:04:45+09:00,2026/10/05,2026/11/12,2026-11,CALL,69125,2040,,,,,,,,,,,,,
2026/10/03 07:49,2026-10-03T08:04:45+09:00,2026/10/05,2026/11/12,2026-11,PUT,69125,2640,,,,,,,,,,,,,
2026/10/03 07:49,2026-10-03T08:04:45+09:00,2026/10/05,2026/11/12,2026-11,CALL,69000,2100,3862,6,,,,,1,10,25.52,550,27.09,2580,10/02 19:54
2026/10/03 07:49,2026-10-03T08:04:45+09:00,2026/10/05,2026/11/12,2026-11,PUT,69000,2590,473,3,42.14,3.64,3610,1,100,1,25.59,,,2200,10/02 20:56
2026/10/03 07:49,2026-10-03T08:04:45+09:00,2026/10/05,2026/11/12,2026-11,CALL,68875,2155,25,,,,,,,,,,,,
2026/10/03 07:49,2026-10-03T08:04:45+09:00,2026/10/05,2026/11/12,2026-11,PUT,68875,2510,,,,,,,,,,,,,
2026/10/03 07:49,2026-10-03T08:04:45+09:00,2026/10/05,2026/11/12,2026-11,CALL,68750,2225,10,,,,,,1,10,,,,,
2026/10/03 07:49,2026-10-03T08:04:45+09:00,2026/10/05,2026/11/12,2026-11,PUT,68750,2455,,,,,,,,,,,,,
2026/10/03 07:49,2026-10-03T08:04:45+09:00,2026/10/05,2026/11/12,2026-11,CALL,68625,2275,1,,,,,,,,,,,,
2026/10/03 07:49,2026-10-03T08:04:45+09:00,2026/10/05,2026/11/12,2026-11,PUT,68625,2380,,,,,,,,,,,,,
2026/10/03 07:49,2026-10-03T08:04:45+09:00,2026/10/05,2026/11/12,2026-11,CALL,68500,2230,15,,,,,,1,10,,,,,
2026/10/03 07:49,2026-10-03T08:04:45+09:00,2026/10/05,2026/11/12,2026-11,PUT,68500,2335,157,,,,,,,,,,,,
2026/10/03 07:49,2026-10-03T08:04:45+09:00,2026/10/05,2026/11/12,2026-11,CALL,68375,2425,16,,,,,,,,,,,,
2026/10/03 07:49,2026-10-03T08:04:45+09:00,2026/10/05,2026/11/12,2026-11,PUT,68375,2280,16,,,,,,,,,,,,
2026/10/03 07:49,2026-10-03T08:04:45+09:00,2026/10/05,2026/11/12,2026-11,CALL,68250,2505,,,,,,,1,10,,,,,
2026/10/03 07:49,2026-10-03T08:04:45+09:00,2026/10/05,2026/11/12,2026-11,PUT,68250,2235,,,,,,,,,,,,,
2026/10/03 07:49,2026-10-03T08:04:45+09:00,2026/10/05,2026/11/12,2026-11,CALL,68125,2560,,,,,,,,,,,,,
2026/10/03 07:49,2026-10-03T08:04:45+09:00,2026/10/05,2026/11/12,2026-11,PUT,68125,2165,,,,,,,,,,,,,
2026/10/03 07:49,2026-10-03T08:04:45+09:00,2026/10/05,2026/11/12,2026-11,CALL,68000,2575,626,3,,,,,1,20,25.09,715,27.77,3290,10/03 01:32
2026/10/03 07:49,2026-10-03T08:04:45+09:00,2026/10/05,2026/11/12,2026-11,PUT,68000,2155,208,,43.56,,3260,1,,,,,,,
2026/10/03 07:49,2026-10-03T08:04:45+09:00,2026/10/05,2026/11/12,2026-11,CALL,67875,2695,1,,,,,,,,,,,,
2026/10/03 07:49,2026-10-03T08:04:45+09:00,2026/10/05,2026/11/12,2026-11,PUT,67875,2050,,,,,,,,,,,,,
2026/10/03 07:49,2026-10-03T08:04:45+09:00,2026/10/05,2026/11/12,2026-11,CALL,67750,2765,35,,,,,,1,10,,,,,
2026/10/03 07:49,2026-10-03T08:04:45+09:00,2026/10/05,2026/11/12,2026-11,PUT,67750,1995,1,1,,,,,,,26.42,,,1460,10/02 23:09
2026/10/03 07:49,2026-10-03T08:04:45+09:00,2026/10/05,2026/11/12,2026-11,CALL,67625,2840,,,,,,,,,,,,,
2026/10/03 07:49,2026-10-03T08:04:45+09:00,2026/10/05,2026/11/12,2026-11,PUT,67625,1945,,,,,,,,,,,,,
2026/10/03 07:49,2026-10-03T08:04:45+09:00,2026/10/05,2026/11/12,2026-11,CALL,67500,2920,929,,,,,,1,10,,,,,
2026/10/03 07:49,2026-10-03T08:04:45+09:00,2026/10/05,2026/11/12,2026-11,PUT,67500,1900,4,,,,,,,,,,,,
2026/10/03 07:49,2026-10-03T08:04:45+09:00,2026/10/05,2026/11/12,2026-11,CALL,67375,3000,,,,,,,,,,,,,
2026/10/03 07:49,2026-10-03T08:04:45+09:00,2026/10/05,2026/11/12,2026-11,PUT,67375,1855,,,,,,,,,,,,,
2026/10/03 07:49,2026-10-03T08:04:45+09:00,2026/10/05,2026/11/12,2026-11,CALL,67250,3065,,,,,,,1,10,,,,,
2026/10/03 07:49,2026-10-03T08:04:45+09:00,2026/10/05,2026/11/12,2026-11,PUT,67250,1795,,,,,,,,,,,,,
2026/10/03 07:49,2026-10-03T08:04:45+09:00,2026/10/05,2026/11/12,2026-11,CALL,67125,3160,,,,,,,,,,,,,
2026/10/03 07:49,2026-10-03T08:04:45+09:00,2026/10/05,2026/11/12,2026-11,PUT,67125,1765,,,,,,,,,,,,,
2026/10/03 07:49,2026-10-03T08:04:45+09:00,2026/10/05,2026/11/12,2026-11,CALL,67000,3220,1440,,,,,,1,10,,,,,
2026/10/03 07:49,2026-10-03T08:04:45+09:00,2026/10/05,2026/11/12,2026-11,PUT,67000,1705,936,1,,,,,,,26.63,-415,-23.25,1370,10/03 02:29
2026/10/03 07:49,2026-10-03T08:04:45+09:00,2026/10/05,2026/11/12,2026-11,CALL,66875,3290,,,,,,,,,,,,,
2026/10/03 07:49,2026-10-03T08:04:45+09:00,2026/10/05,2026/11/12,2026-11,PUT,66875,1650,,2,,,,,,,26.58,,,1450,10/02 19:11
2026/10/03 07:49,2026-10-03T08:04:45+09:00,2026/10/05,2026/11/12,2026-11,CALL,66750,3385,6,,,,,,1,10,,,,,
2026/10/03 07:49,2026-10-03T08:04:45+09:00,2026/10/05,2026/11/12,2026-11,PUT,66750,1620,,,,,,,,,,,,,
2026/10/03 07:49,2026-10-03T08:04:45+09:00,2026/10/05,2026/11/12,2026-11,CALL,66625,3455,,,,,,,,,,,,,
2026/10/03 07:49,2026-10-03T08:04:45+09:00,2026/10/05,2026/11/12,2026-11,PUT,66625,1565,,,,,,,,,,,,,
2026/10/03 07:49,2026-10-03T08:04:45+09:00,2026/10/05,2026/11/12,2026-11,CALL,66500,3540,1,,,,,,1,10,,,,,
2026/10/03 07:49,2026-10-03T08:04:45+09:00,2026/10/05,2026/11/12,2026-11,PUT,66500,1525,441,1,,,,,,,26.81,-230,-14.6,1345,10/02 17:58
2026/10/03 07:49,2026-10-03T08:04:45+09:00,2026/10/05,2026/11/12,2026-11,CALL,66375,3620,,,,,,,,,,,,,
2026/10/03 07:49,2026-10-03T08:04:45+09:00,2026/10/05,2026/11/12,2026-11,PUT,66375,1475,,,,,,,,,,,,,
2026/10/03 07:49,2026-10-03T08:04:45+09:00,2026/10/05,2026/11/12,2026-11,CALL,66250,3710,1,,,,,,1,10,,,,,
2026/10/03 07:49,2026-10-03T08:04:45+09:00,2026/10/05,2026/11/12,2026-11,PUT,66250,1445,,,,,,,,,,,,,
2026/10/03 07:49,2026-10-03T08:04:45+09:00,2026/10/05,2026/11/12,2026-11,CALL,66125,3770,4,,,,,,,,,,,,
2026/10/03 07:49,2026-10-03T08:04:45+09:00,2026/10/05,2026/11/12,2026-11,PUT,66125,1380,,,,,,,,,,,,,
2026/10/03 07:49,2026-10-03T08:04:45+09:00,2026/10/05,2026/11/12,2026-11,CALL,66000,3890,669,,,,,,1,10,,,,,
2026/10/03 07:49,2026-10-03T08:04:45+09:00,2026/10/05,2026/11/12,2026-11,PUT,66000,1375,1820,3,32.63,,1500,1,,,27.02,-390,-27.46,1030,10/03 04:43
2026/10/03 07:49,2026-10-03T08:04:45+09:00,2026/10/05,2026/11/12,2026-11,CALL,65875,3935,50,,,,,,,,,,,,
2026/10/03 07:49,2026-10-03T08:04:45+09:00,2026/10/05,2026/11/12,2026-11,PUT,65875,1295,,,,,,,,,,,,,
2026/10/03 07:49,2026-10-03T08:04:45+09:00,2026/10/05,2026/11/12,2026-11,CALL,65750,4055,1,,,,,,,,,,,,
2026/10/03 07:49,2026-10-03T08:04:45+09:00,2026/10/05,2026/11/12,2026-11,PUT,65750,1290,,,,,,,,,,,,,
2026/10/03 07:49,2026-10-03T08:04:45+09:00,2026/10/05,2026/11/12,2026-11,CALL,65625,4125,,,,,,,,,,,,,
2026/10/03 07:49,2026-10-03T08:04:45+09:00,2026/10/05,2026/11/12,2026-11,PUT,65625,1235,,,,,,,,,,,,,
2026/10/03 07:49,2026-10-03T08:04:45+09:00,2026/10/05,2026/11/12,2026-11,CALL,65500,4240,209,,,,,,,,,,,,
2026/10/03 07:49,2026-10-03T08:04:45+09:00,2026/10/05,2026/11/12,2026-11,PUT,65500,1225,135,3,,,,,,,27.38,,,920,10/03 04:35
2026/10/03 07:49,2026-10-03T08:04:45+09:00,2026/10/05,2026/11/12,2026-11,CALL,65375,4290,11,,,,,,,,,,,,
2026/10/03 07:49,2026-10-03T08:04:45+09:00,2026/10/05,2026/11/12,2026-11,PUT,65375,1150,30,,,,,,,,,,,,
2026/10/03 07:49,2026-10-03T08:04:45+09:00,2026/10/05,2026/11/12,2026-11,CALL,65250,4415,,,,,,,,,,,,,
2026/10/03 07:49,2026-10-03T08:04:45+09:00,2026/10/05,2026/11/12,2026-11,PUT,65250,1150,,,,,,,,,,,,,
2026/10/03 07:49,2026-10-03T08:04:45+09:00,2026/10/05,2026/11/12,2026-11,CALL,65125,4485,1,,,,,,,,,,,,
2026/10/03 07:49,2026-10-03T08:04:45+09:00,2026/10/05,2026/11/12,2026-11,PUT,65125,1100,,,,,,,,,,,,,
2026/10/03 07:49,2026-10-03T08:04:45+09:00,2026/10/05,2026/11/12,2026-11,CALL,65000,4610,428,,,,,,,,,,,,
2026/10/03 07:49,2026-10-03T08:04:45+09:00,2026/10/05,2026/11/12,2026-11,PUT,65000,1075,1119,14,,7.18,,,1,12,27.63,-220,-20.47,855,10/03 00:11
2026/10/03 07:49,2026-10-03T08:04:45+09:00,2026/10/05,2026/11/12,2026-11,CALL,64875,4660,,,,,,,,,,,,,
2026/10/03 07:49,2026-10-03T08:04:45+09:00,2026/10/05,2026/11/12,2026-11,PUT,64875,1020,,,,,,,,,,,,,
2026/10/03 07:49,2026-10-03T08:04:45+09:00,2026/10/05,2026/11/12,2026-11,CALL,64750,4785,,,,,,,,,,,,,
2026/10/03 07:49,2026-10-03T08:04:45+09:00,2026/10/05,2026/11/12,2026-11,PUT,64750,1025,4,1,,7.55,,,1,10,27.69,-100,-9.85,915,10/02 17:20
2026/10/03 07:49,2026-10-03T08:04:45+09:00,2026/10/05,2026/11/12,2026-11,CALL,64625,4845,1,,,,,,,,,,,,
2026/10/03 07:49,2026-10-03T08:04:45+09:00,2026/10/05,2026/11/12,2026-11,PUT,64625,955,494,,,,,,,,,,,,
2026/10/03 07:49,2026-10-03T08:04:45+09:00,2026/10/05,2026/11/12,2026-11,CALL,64500,4965,201,,,,,,,,,,,,
2026/10/03 07:49,2026-10-03T08:04:45+09:00,2026/10/05,2026/11/12,2026-11,PUT,64500,955,300,,,7.91,,,1,10,,,,,
2026/10/03 07:49,2026-10-03T08:04:45+09:00,2026/10/05,2026/11/12,2026-11,CALL,64375,5085,2,,,,,,,,,,,,
2026/10/03 07:49,2026-10-03T08:04:45+09:00,2026/10/05,2026/11/12,2026-11,PUT,64375,945,82,,,,,,,,,,,,
2026/10/03 07:49,2026-10-03T08:04:45+09:00,2026/10/05,2026/11/12,2026-11,CALL,64250,5190,,,,,,,,,,,,,
2026/10/03 07:49,2026-10-03T08:04:45+09:00,2026/10/05,2026/11/12,2026-11,PUT,64250,925,,,,8.27,,,1,10,,,,,
2026/10/03 07:49,2026-10-03T08:04:45+09:00,2026/10/05,2026/11/12,2026-11,CALL,64125,5310,,,,,,,,,,,,,
2026/10/03 07:49,2026-10-03T08:04:45+09:00,2026/10/05,2026/11/12,2026-11,PUT,64125,925,,,,,,,,,,,,,
2026/10/03 07:49,2026-10-03T08:04:45+09:00,2026/10/05,2026/11/12,2026-11,CALL,64000,5385,131,,,,,,,,,,,,
2026/10/03 07:49,2026-10-03T08:04:45+09:00,2026/10/05,2026/11/12,2026-11,PUT,64000,875,584,1,,8.63,,,1,10,28.69,-270,-30,630,10/02 23:52
2026/10/03 07:49,2026-10-03T08:04:45+09:00,2026/10/05,2026/11/12,2026-11,CALL,63875,5485,,,,,,,,,,,,,
2026/10/03 07:49,2026-10-03T08:04:45+09:00,2026/10/05,2026/11/12,2026-11,PUT,63875,850,,,,,,,,,,,,,
2026/10/03 07:49,2026-10-03T08:04:45+09:00,2026/10/05,2026/11/12,2026-11,CALL,63750,5585,,,,,,,,,,,,,
2026/10/03 07:49,2026-10-03T08:04:45+09:00,2026/10/05,2026/11/12,2026-11,PUT,63750,825,10,,,8.99,,,1,10,,,,,
2026/10/03 07:49,2026-10-03T08:04:45+09:00,2026/10/05,2026/11/12,2026-11,CALL,63625,5695,,,,,,,,,,,,,
2026/10/03 07:49,2026-10-03T08:04:45+09:00,2026/10/05,2026/11/12,2026-11,PUT,63625,810,,,,,,,,,,,,,
2026/10/03 07:49,2026-10-03T08:04:45+09:00,2026/10/05,2026/11/12,2026-11,CALL,63500,5790,17,,,,,,,,,,,,
2026/10/03 07:49,2026-10-03T08:04:45+09:00,2026/10/05,2026/11/12,2026-11,PUT,63500,775,15,,,9.35,,,1,10,,,,,
2026/10/03 07:49,2026-10-03T08:04:45+09:00,2026/10/05,2026/11/12,2026-11,CALL,63375,5895,,,,,,,,,,,,,
2026/10/03 07:49,2026-10-03T08:04:45+09:00,2026/10/05,2026/11/12,2026-11,PUT,63375,760,,,,,,,,,,,,,
2026/10/03 07:49,2026-10-03T08:04:45+09:00,2026/10/05,2026/11/12,2026-11,CALL,63250,5995,15,,,,,,,,,,,,
2026/10/03 07:49,2026-10-03T08:04:45+09:00,2026/10/05,2026/11/12,2026-11,PUT,63250,735,15,,,9.71,,,1,10,,,,,
2026/10/03 07:49,2026-10-03T08:04:45+09:00,2026/10/05,2026/11/12,2026-11,CALL,63125,6110,,,,,,,,,,,,,
2026/10/03 07:49,2026-10-03T08:04:45+09:00,2026/10/05,2026/11/12,2026-11,PUT,63125,725,,,,,,,,,,,,,
2026/10/03 07:49,2026-10-03T08:04:45+09:00,2026/10/05,2026/11/12,2026-11,CALL,63000,6205,,,,,,,,,,,,,
2026/10/03 07:49,2026-10-03T08:04:45+09:00,2026/10/05,2026/11/12,2026-11,PUT,63000,695,1399,22,,10.07,,,1,10,29.57,-150,-21.9,535,10/03 05:46
2026/10/03 07:49,2026-10-03T08:04:45+09:00,2026/10/05,2026/11/12,2026-11,CALL,62875,6280,,,,,,,,,,,,,
2026/10/03 07:49,2026-10-03T08:04:45+09:00,2026/10/05,2026/11/12,2026-11,PUT,62875,640,1,,,,,,,,,,,,
2026/10/03 07:49,2026-10-03T08:04:45+09:00,2026/10/05,2026/11/12,2026-11,CALL,62750,6400,,,,,,,,,,,,,
2026/10/03 07:49,2026-10-03T08:04:45+09:00,2026/10/05,2026/11/12,2026-11,PUT,62750,645,33,1,,10.44,,,1,10,29.25,-65,-10.32,565,10/02 17:33
2026/10/03 07:49,2026-10-03T08:04:45+09:00,2026/10/05,2026/11/12,2026-11,CALL,62625,6485,,,,,,,,,,,,,
2026/10/03 07:49,2026-10-03T08:04:45+09:00,2026/10/05,2026/11/12,2026-11,PUT,62625,600,109,,,,,,,,,,,,
2026/10/03 07:49,2026-10-03T08:04:45+09:00,2026/10/05,2026/11/12,2026-11,CALL,62500,6605,,,,,,,,,,,,,
2026/10/03 07:49,2026-10-03T08:04:45+09:00,2026/10/05,2026/11/12,2026-11,PUT,62500,605,485,1,48.54,10.8,1650,1,1,10,29.56,-130,-21.49,475,10/03 00:44
2026/10/03 07:49,2026-10-03T08:04:45+09:00,2026/10/05,2026/11/12,2026-11,CALL,62375,6715,,,,,,,,,,,,,
2026/10/03 07:49,2026-10-03T08:04:45+09:00,2026/10/05,2026/11/12,2026-11,PUT,62375,580,,,,,,,,,,,,,
2026/10/03 07:49,2026-10-03T08:04:45+09:00,2026/10/05,2026/11/12,2026-11,CALL,62250,6840,,,,,,,,,,,,,
2026/10/03 07:49,2026-10-03T08:04:45+09:00,2026/10/05,2026/11/12,2026-11,PUT,62250,580,102,,,11.16,,,1,10,,,,,
2026/10/03 07:49,2026-10-03T08:04:45+09:00,2026/10/05,2026/11/12,2026-11,CALL,62125,6915,,,,,,,,,,,,,
2026/10/03 07:49,2026-10-03T08:04:45+09:00,2026/10/05,2026/11/12,2026-11,PUT,62125,560,1,,,,,,,,,,,,
2026/10/03 07:49,2026-10-03T08:04:45+09:00,2026/10/05,2026/11/12,2026-11,CALL,62000,7035,,,,,,,,,,,,,
2026/10/03 07:49,2026-10-03T08:04:45+09:00,2026/10/05,2026/11/12,2026-11,PUT,62000,545,1704,11,32.2,22.1,520,1,125,1,30.47,-135,-23.68,435,10/03 01:29
2026/10/03 07:49,2026-10-03T08:04:45+09:00,2026/10/05,2026/11/12,2026-11,CALL,61875,7140,,,,,,,,,,,,,
2026/10/03 07:49,2026-10-03T08:04:45+09:00,2026/10/05,2026/11/12,2026-11,PUT,61875,530,1,,,,,,,,,,,,
2026/10/03 07:49,2026-10-03T08:04:45+09:00,2026/10/05,2026/11/12,2026-11,CALL,61750,7260,,,,,,,,,,,,,
2026/10/03 07:49,2026-10-03T08:04:45+09:00,2026/10/05,2026/11/12,2026-11,PUT,61750,515,,,,11.89,,,1,10,,,,,
2026/10/03 07:49,2026-10-03T08:04:45+09:00,2026/10/05,2026/11/12,2026-11,CALL,61625,7370,,,,,,,,,,,,,
2026/10/03 07:49,2026-10-03T08:04:45+09:00,2026/10/05,2026/11/12,2026-11,PUT,61625,485,6,,,,,,,,,,,,
2026/10/03 07:49,2026-10-03T08:04:45+09:00,2026/10/05,2026/11/12,2026-11,CALL,61500,7490,,,,,,,,,,,,,
2026/10/03 07:49,2026-10-03T08:04:45+09:00,2026/10/05,2026/11/12,2026-11,PUT,61500,485,542,,,12.26,,,1,10,,,,,
2026/10/03 07:49,2026-10-03T08:04:45+09:00,2026/10/05,2026/11/12,2026-11,CALL,61375,7580,,,,,,,,,,,,,
2026/10/03 07:49,2026-10-03T08:04:45+09:00,2026/10/05,2026/11/12,2026-11,PUT,61375,475,113,,,,,,,,,,,,
2026/10/03 07:49,2026-10-03T08:04:45+09:00,2026/10/05,2026/11/12,2026-11,CALL,61250,7700,,,,,,,,,,,,,
2026/10/03 07:49,2026-10-03T08:04:45+09:00,2026/10/05,2026/11/12,2026-11,PUT,61250,460,28,,,12.62,,,1,10,,,,,
2026/10/03 07:49,2026-10-03T08:04:45+09:00,2026/10/05,2026/11/12,2026-11,CALL,61125,7805,,,,,,,,,,,,,
2026/10/03 07:49,2026-10-03T08:04:45+09:00,2026/10/05,2026/11/12,2026-11,PUT,61125,420,5,,,,,,,,,,,,
2026/10/03 07:49,2026-10-03T08:04:45+09:00,2026/10/05,2026/11/12,2026-11,CALL,61000,7925,200,,,,,,,,,,,,
2026/10/03 07:49,2026-10-03T08:04:45+09:00,2026/10/05,2026/11/12,2026-11,PUT,61000,435,850,12,37.13,12.99,610,1,1,20,31.21,-75,-17.24,360,10/02 20:24
2026/10/03 07:49,2026-10-03T08:04:45+09:00,2026/10/05,2026/11/12,2026-11,CALL,60875,8035,,,,,,,,,,,,,
2026/10/03 07:49,2026-10-03T08:04:45+09:00,2026/10/05,2026/11/12,2026-11,PUT,60875,400,1,1,,,,,,,31.23,-95,-21.11,355,10/02 20:55
2026/10/03 07:49,2026-10-03T08:04:45+09:00,2026/10/05,2026/11/12,2026-11,CALL,60750,8155,,,,,,,,,,,,,
2026/10/03 07:49,2026-10-03T08:04:45+09:00,2026/10/05,2026/11/12,2026-11,PUT,60750,410,35,,,13.36,,,1,10,,,,,
2026/10/03 07:49,2026-10-03T08:04:45+09:00,2026/10/05,2026/11/12,2026-11,CALL,60625,8255,,,,,,,,,,,,,
2026/10/03 07:49,2026-10-03T08:04:45+09:00,2026/10/05,2026/11/12,2026-11,PUT,60625,400,18,,,,,,,,,,,,
2026/10/03 07:49,2026-10-03T08:04:45+09:00,2026/10/05,2026/11/12,2026-11,CALL,60500,8380,100,,,,,,,,,,,,
2026/10/03 07:49,2026-10-03T08:04:45+09:00,2026/10/05,2026/11/12,2026-11,PUT,60500,395,111,20,,13.73,,,1,10,31.4,-90,-22.78,305,10/03 01:39
2026/10/03 07:49,2026-10-03T08:04:45+09:00,2026/10/05,2026/11/12,2026-11,CALL,60250,8620,,,,,,,,,,,,,
2026/10/03 07:49,2026-10-03T08:04:45+09:00,2026/10/05,2026/11/12,2026-11,PUT,60250,370,22,,,14.1,,,1,10,,,,,
2026/10/03 07:49,2026-10-03T08:04:45+09:00,2026/10/05,2026/11/12,2026-11,CALL,60000,8865,100,,,,,,,,,,,,
2026/10/03 07:49,2026-10-03T08:04:45+09:00,2026/10/05,2026/11/12,2026-11,PUT,60000,355,6391,43,40.1,28,600,2,150,1,32.33,-100,-27.03,270,10/03 05:17
2026/10/03 07:49,2026-10-03T08:04:45+09:00,2026/10/05,2026/11/12,2026-11,CALL,59750,9090,,,,,,,,,,,,,
2026/10/03 07:49,2026-10-03T08:04:45+09:00,2026/10/05,2026/11/12,2026-11,PUT,59750,335,16,1,,14.84,,,1,10,32.04,-40,-11.94,295,10/02 17:10
2026/10/03 07:49,2026-10-03T08:04:45+09:00,2026/10/05,2026/11/12,2026-11,CALL,59500,9325,,,,,,,,,,,,,
2026/10/03 07:49,2026-10-03T08:04:45+09:00,2026/10/05,2026/11/12,2026-11,PUT,59500,320,2011,,,15.21,,,1,10,,,,,
2026/10/03 07:49,2026-10-03T08:04:45+09:00,2026/10/05,2026/11/12,2026-11,CALL,59250,9555,,,,,,,,,,,,,
2026/10/03 07:49,2026-10-03T08:04:45+09:00,2026/10/05,2026/11/12,2026-11,PUT,59250,298,87,,,15.59,,,1,11,,,,,
2026/10/03 07:49,2026-10-03T08:04:45+09:00,2026/10/05,2026/11/12,2026-11,CALL,59000,9795,,,,,,,,,,,,,
2026/10/03 07:49,2026-10-03T08:04:45+09:00,2026/10/05,2026/11/12,2026-11,PUT,59000,286,1859,8,37.97,15.96,380,1,1,10,33.4,-71,-24.83,215,10/02 22:48
2026/10/03 07:49,2026-10-03T08:04:45+09:00,2026/10/05,2026/11/12,2026-11,CALL,58750,10030,,,,,,,,,,,,,
2026/10/03 07:49,2026-10-03T08:04:45+09:00,2026/10/05,2026/11/12,2026-11,PUT,58750,272,62,,,16.34,,,1,10,,,,,
2026/10/03 07:49,2026-10-03T08:04:45+09:00,2026/10/05,2026/11/12,2026-11,CALL,58500,10265,,,,,,,,,,,,,
2026/10/03 07:49,2026-10-03T08:04:45+09:00,2026/10/05,2026/11/12,2026-11,PUT,58500,257,537,13,,16.71,,,1,10,33.6,-70,-25.93,200,10/03 02:53
2026/10/03 07:49,2026-10-03T08:04:45+09:00,2026/10/05,2026/11/12,2026-11,CALL,58250,10500,,,,,,,,,,,,,
2026/10/03 07:49,2026-10-03T08:04:45+09:00,2026/10/05,2026/11/12,2026-11,PUT,58250,243,115,,,17.09,,,1,10,,,,,
2026/10/03 07:49,2026-10-03T08:04:45+09:00,2026/10/05,2026/11/12,2026-11,CALL,58000,10740,,,,,,,,,,,,,
2026/10/03 07:49,2026-10-03T08:04:45+09:00,2026/10/05,2026/11/12,2026-11,PUT,58000,242,1599,44,,17.47,,,1,20,34.73,-67,-27.69,175,10/02 23:33
2026/10/03 07:49,2026-10-03T08:04:45+09:00,2026/10/05,2026/11/12,2026-11,CALL,57750,10975,,,,,,,,,,,,,
2026/10/03 07:49,2026-10-03T08:04:45+09:00,2026/10/05,2026/11/12,2026-11,PUT,57750,219,147,,,29.65,,,76,2,,,,,
2026/10/03 07:49,2026-10-03T08:04:45+09:00,2026/10/05,2026/11/12,2026-11,CALL,57500,11215,100,,,,,,,,,,,,
2026/10/03 07:49,2026-10-03T08:04:45+09:00,2026/10/05,2026/11/12,2026-11,PUT,57500,210,771,,,18.23,,,1,10,,,,,
2026/10/03 07:49,2026-10-03T08:04:45+09:00,2026/10/05,2026/11/12,2026-11,CALL,57250,11455,,,,,,,,,,,,,
2026/10/03 07:49,2026-10-03T08:04:45+09:00,2026/10/05,2026/11/12,2026-11,PUT,57250,284,112,1,,18.61,,,1,10,35.21,-102,-35.92,182,10/02 17:24
2026/10/03 07:49,2026-10-03T08:04:45+09:00,2026/10/05,2026/11/12,2026-11,CALL,57000,11695,,,,,,,,,,,,,
2026/10/03 07:49,2026-10-03T08:04:45+09:00,2026/10/05,2026/11/12,2026-11,PUT,57000,191,769,5,40.35,26.53,270,1,25,1,35.64,-36,-18.27,161,10/03 00:17
2026/10/03 07:49,2026-10-03T08:04:45+09:00,2026/10/05,2026/11/12,2026-11,CALL,56750,11935,,,,,,,,,,,,,
2026/10/03 07:49,2026-10-03T08:04:45+09:00,2026/10/05,2026/11/12,2026-11,PUT,56750,180,95,,,19.38,,,1,10,,,,,
2026/10/03 07:49,2026-10-03T08:04:45+09:00,2026/10/05,2026/11/12,2026-11,CALL,56500,12175,,,,,,,,,,,,,
2026/10/03 07:49,2026-10-03T08:04:45+09:00,2026/10/05,2026/11/12,2026-11,PUT,56500,172,414,,,19.77,,,1,10,,,,,
2026/10/03 07:49,2026-10-03T08:04:45+09:00,2026/10/05,2026/11/12,2026-11,CALL,56250,12415,,,,,,,,,,,,,
2026/10/03 07:49,2026-10-03T08:04:45+09:00,2026/10/05,2026/11/12,2026-11,PUT,56250,163,118,,,20.16,,,1,10,,,,,
2026/10/03 07:49,2026-10-03T08:04:45+09:00,2026/10/05,2026/11/12,2026-11,CALL,56000,12660,34,,,,,,,,,,,,
2026/10/03 07:49,2026-10-03T08:04:45+09:00,2026/10/05,2026/11/12,2026-11,PUT,56000,162,1188,12,40.41,36.42,200,1,118,1,37.29,-36,-22.22,126,10/03 00:07
2026/10/03 07:49,2026-10-03T08:04:45+09:00,2026/10/05,2026/11/12,2026-11,CALL,55750,12900,,,,,,,,,,,,,
2026/10/03 07:49,2026-10-03T08:04:45+09:00,2026/10/05,2026/11/12,2026-11,PUT,55750,150,80,,,20.93,,,1,10,,,,,
2026/10/03 07:49,2026-10-03T08:04:45+09:00,2026/10/05,2026/11/12,2026-11,CALL,55500,13145,,,,,,,,,,,,,
2026/10/03 07:49,2026-10-03T08:04:45+09:00,2026/10/05,2026/11/12,2026-11,PUT,55500,142,182,3,,21.33,,,1,12,37.46,-25,-17.86,115,10/03 02:55
2026/10/03 07:49,2026-10-03T08:04:45+09:00,2026/10/05,2026/11/12,2026-11,CALL,55250,13385,,,,,,,,,,,,,
2026/10/03 07:49,2026-10-03T08:04:45+09:00,2026/10/05,2026/11/12,2026-11,PUT,55250,137,39,,,21.72,,,1,10,,,,,
2026/10/03 07:49,2026-10-03T08:04:45+09:00,2026/10/05,2026/11/12,2026-11,CALL,55000,13630,,,,,,,,,,,,,
2026/10/03 07:49,2026-10-03T08:04:45+09:00,2026/10/05,2026/11/12,2026-11,PUT,55000,132,3418,9,46.72,35.67,290,1,71,1,37.76,-35,-25.55,102,10/03 02:05
2026/10/03 07:49,2026-10-03T08:04:45+09:00,2026/10/05,2026/11/12,2026-11,CALL,54750,13870,,,,,,,,,,,,,
2026/10/03 07:49,2026-10-03T08:04:45+09:00,2026/10/05,2026/11/12,2026-11,PUT,54750,127,16,11,,22.51,,,1,10,38.7,-31,-24.41,96,10/02 23:25
2026/10/03 07:49,2026-10-03T08:04:45+09:00,2026/10/05,2026/11/12,2026-11,CALL,54500,14115,,,,,,,,,,,,,
2026/10/03 07:49,2026-10-03T08:04:45+09:00,2026/10/05,2026/11/12,2026-11,PUT,54500,121,817,1,,22.9,,,1,10,39.31,-18,-14.88,103,10/02 21:56
2026/10/03 07:49,2026-10-03T08:04:45+09:00,2026/10/05,2026/11/12,2026-11,CALL,54250,14360,,,,,,,,,,,,,
2026/10/03 07:49,2026-10-03T08:04:45+09:00,2026/10/05,2026/11/12,2026-11,PUT,54250,115,7,,,23.3,,,1,10,,,,,
2026/10/03 07:49,2026-10-03T08:04:45+09:00,2026/10/05,2026/11/12,2026-11,CALL,54000,14610,,,,,,,,,,,,,
2026/10/03 07:49,2026-10-03T08:04:45+09:00,2026/10/05,2026/11/12,2026-11,PUT,54000,110,1092,18,,33.23,,,28,1,40.23,-10,-9.09,100,10/03 03:55
2026/10/03 07:49,2026-10-03T08:04:45+09:00,2026/10/05,2026/11/12,2026-11,CALL,53750,14850,,,,,,,,,,,,,
2026/10/03 07:49,2026-10-03T08:04:45+09:00,2026/10/05,2026/11/12,2026-11,PUT,53750,104,63,,,24.1,,,1,10,,,,,
2026/10/03 07:49,2026-10-03T08:04:45+09:00,2026/10/05,2026/11/12,2026-11,CALL,53500,15100,,,,,,,,,,,,,
2026/10/03 07:49,2026-10-03T08:04:45+09:00,2026/10/05,2026/11/12,2026-11,PUT,53500,101,701,,,24.51,,,1,10,,,,,
2026/10/03 07:49,2026-10-03T08:04:45+09:00,2026/10/05,2026/11/12,2026-11,CALL,53250,15345,,,,,,,,,,,,,
2026/10/03 07:49,2026-10-03T08:04:45+09:00,2026/10/05,2026/11/12,2026-11,PUT,53250,97,175,,,24.91,,,1,10,,,,,
2026/10/03 07:49,2026-10-03T08:04:45+09:00,2026/10/05,2026/11/12,2026-11,CALL,53000,15590,,,,,,,,,,,,,
2026/10/03 07:49,2026-10-03T08:04:45+09:00,2026/10/05,2026/11/12,2026-11,PUT,53000,93,559,9,,28.51,,,4,4,41.18,-19,-19.19,80,10/03 04:00
2026/10/03 07:49,2026-10-03T08:04:45+09:00,2026/10/05,2026/11/12,2026-11,CALL,52750,15835,,,,,,,,,,,,,
2026/10/03 07:49,2026-10-03T08:04:45+09:00,2026/10/05,2026/11/12,2026-11,PUT,52750,87,53,,,25.72,,,1,10,,,,,
2026/10/03 07:49,2026-10-03T08:04:45+09:00,2026/10/05,2026/11/12,2026-11,CALL,52500,16080,,,,,,,,,,,,,
2026/10/03 07:49,2026-10-03T08:04:45+09:00,2026/10/05,2026/11/12,2026-11,PUT,52500,83,764,,,26.13,,,1,10,,,,,
2026/10/03 07:49,2026-10-03T08:04:45+09:00,2026/10/05,2026/11/12,2026-11,CALL,52250,16325,,,,,,,,,,,,,
2026/10/03 07:49,2026-10-03T08:04:45+09:00,2026/10/05,2026/11/12,2026-11,PUT,52250,81,17,,,26.54,,,1,10,,,,,
2026/10/03 07:49,2026-10-03T08:04:45+09:00,2026/10/05,2026/11/12,2026-11,CALL,52000,16575,,,,,,,,,,,,,
2026/10/03 07:49,2026-10-03T08:04:45+09:00,2026/10/05,2026/11/12,2026-11,PUT,52000,83,3063,10,50.86,37.9,190,1,30,1,42.23,-18,-21.69,65,10/02 22:25
2026/10/03 07:49,2026-10-03T08:04:45+09:00,2026/10/05,2026/11/12,2026-11,CALL,51750,16820,,,,,,,,,,,,,
2026/10/03 07:49,2026-10-03T08:04:45+09:00,2026/10/05,2026/11/12,2026-11,PUT,51750,76,70,,,27.37,,,1,10,,,,,
2026/10/03 07:49,2026-10-03T08:04:45+09:00,2026/10/05,2026/11/12,2026-11,CALL,51500,17065,,,,,,,,,,,,,
2026/10/03 07:49,2026-10-03T08:04:45+09:00,2026/10/05,2026/11/12,2026-11,PUT,51500,73,681,,,27.79,,,1,10,,,,,
2026/10/03 07:49,2026-10-03T08:04:45+09:00,2026/10/05,2026/11/12,2026-11,CALL,51250,17310,,,,,,,,,,,,,
2026/10/03 07:49,2026-10-03T08:04:45+09:00,2026/10/05,2026/11/12,2026-11,PUT,51250,70,45,1,,28.2,,,1,10,43.06,,,54,10/03 04:30
2026/10/03 07:49,2026-10-03T08:04:45+09:00,2026/10/05,2026/11/12,2026-11,CALL,51000,17560,,,,,,,,,,,,,
2026/10/03 07:49,2026-10-03T08:04:45+09:00,2026/10/05,2026/11/12,2026-11,PUT,51000,68,1568,9,,32.18,,,4,2,43.84,-14,-19.72,57,10/03 06:00
2026/10/03 07:49,2026-10-03T08:04:45+09:00,2026/10/05,2026/11/12,2026-11,CALL,50750,17805,,,,,,,,,,,,,
2026/10/03 07:49,2026-10-03T08:04:45+09:00,2026/10/05,2026/11/12,2026-11,PUT,50750,63,195,,,31.8,,,3,20,,,,,
2026/10/03 07:49,2026-10-03T08:04:45+09:00,2026/10/05,2026/11/12,2026-11,CALL,50500,18055,,,,,,,,,,,,,
2026/10/03 07:49,2026-10-03T08:04:45+09:00,2026/10/05,2026/11/12,2026-11,PUT,50500,60,428,,,33.82,,,5,1,,,,,
2026/10/03 07:49,2026-10-03T08:04:45+09:00,2026/10/05,2026/11/12,2026-11,CALL,50250,18305,35,,,,,,,,,,,,
2026/10/03 07:49,2026-10-03T08:04:45+09:00,2026/10/05,2026/11/12,2026-11,PUT,50250,60,77,,,32.72,,,3,20,,,,,
2026/10/03 07:49,2026-10-03T08:04:45+09:00,2026/10/05,2026/11/12,2026-11,CALL,50000,18550,,,,,,,,,,,,,
2026/10/03 07:49,2026-10-03T08:04:45+09:00,2026/10/05,2026/11/12,2026-11,PUT,50000,60,2257,17,52.32,45.41,124,1,50,3,45.57,-10,-16.67,50,10/03 04:55
2026/10/03 07:49,2026-10-03T08:04:45+09:00,2026/10/05,2026/11/12,2026-11,CALL,49750,18795,,,,,,,,,,,,,
2026/10/03 07:49,2026-10-03T08:04:45+09:00,2026/10/05,2026/11/12,2026-11,PUT,49750,55,66,,,33.65,,,3,20,,,,,
2026/10/03 07:49,2026-10-03T08:04:45+09:00,2026/10/05,2026/11/12,2026-11,CALL,49500,19045,,,,,,,,,,,,,
2026/10/03 07:49,2026-10-03T08:04:45+09:00,2026/10/05,2026/11/12,2026-11,PUT,49500,54,417,,,34.11,,,3,20,,,,,
2026/10/03 07:49,2026-10-03T08:04:45+09:00,2026/10/05,2026/11/12,2026-11,CALL,49250,19295,,,,,,,,,,,,,
2026/10/03 07:49,2026-10-03T08:04:45+09:00,2026/10/05,2026/11/12,2026-11,PUT,49250,52,159,,,34.58,,,3,20,,,,,
2026/10/03 07:49,2026-10-03T08:04:45+09:00,2026/10/05,2026/11/12,2026-11,CALL,49000,19540,,,,,,,,,,,,,
2026/10/03 07:49,2026-10-03T08:04:45+09:00,2026/10/05,2026/11/12,2026-11,PUT,49000,50,393,1,,35.05,,,3,20,46.25,-12,-23.53,39,10/03 04:14
2026/10/03 07:49,2026-10-03T08:04:45+09:00,2026/10/05,2026/11/12,2026-11,CALL,48750,19790,,,,,,,,,,,,,
2026/10/03 07:49,2026-10-03T08:04:45+09:00,2026/10/05,2026/11/12,2026-11,PUT,48750,50,110,,,35.52,,,3,20,,,,,
2026/10/03 07:49,2026-10-03T08:04:45+09:00,2026/10/05,2026/11/12,2026-11,CALL,48500,20040,,,,,,,,,,,,,
2026/10/03 07:49,2026-10-03T08:04:45+09:00,2026/10/05,2026/11/12,2026-11,PUT,48500,48,226,,,36,,,3,20,,,,,
2026/10/03 07:49,2026-10-03T08:04:45+09:00,2026/10/05,2026/11/12,2026-11,CALL,48250,20285,,,,,,,,,,,,,
2026/10/03 07:49,2026-10-03T08:04:45+09:00,2026/10/05,2026/11/12,2026-11,PUT,48250,46,33,,,36.47,,,3,20,,,,,
2026/10/03 07:49,2026-10-03T08:04:45+09:00,2026/10/05,2026/11/12,2026-11,CALL,48000,20530,,,,,,,,,,,,,
2026/10/03 07:49,2026-10-03T08:04:45+09:00,2026/10/05,2026/11/12,2026-11,PUT,48000,45,248,2,51.63,44.76,60,1,20,1,48.49,-9,-19.15,38,10/03 01:20
2026/10/03 07:49,2026-10-03T08:04:45+09:00,2026/10/05,2026/11/12,2026-11,CALL,47750,20780,,,,,,,,,,,,,
2026/10/03 07:49,2026-10-03T08:04:45+09:00,2026/10/05,2026/11/12,2026-11,PUT,47750,43,98,,,37.43,,,3,20,,,,,
2026/10/03 07:49,2026-10-03T08:04:45+09:00,2026/10/05,2026/11/12,2026-11,CALL,47500,21030,,,,,,,,,,,,,
2026/10/03 07:49,2026-10-03T08:04:45+09:00,2026/10/05,2026/11/12,2026-11,PUT,47500,40,232,,,37.91,,,3,20,,,,,
2026/10/03 07:49,2026-10-03T08:04:45+09:00,2026/10/05,2026/11/12,2026-11,CALL,47250,21275,,,,,,,,,,,,,
2026/10/03 07:49,2026-10-03T08:04:45+09:00,2026/10/05,2026/11/12,2026-11,PUT,47250,40,34,,,38.4,,,3,20,,,,,
2026/10/03 07:49,2026-10-03T08:04:45+09:00,2026/10/05,2026/11/12,2026-11,CALL,47000,21525,,,,,,,,,,,,,
2026/10/03 07:49,2026-10-03T08:04:45+09:00,2026/10/05,2026/11/12,2026-11,PUT,47000,39,817,,,38.89,,,3,20,,,,,
2026/10/03 07:49,2026-10-03T08:04:45+09:00,2026/10/05,2026/11/12,2026-11,CALL,46750,21770,,,,,,,,,,,,,
2026/10/03 07:49,2026-10-03T08:04:45+09:00,2026/10/05,2026/11/12,2026-11,PUT,46750,33,105,,,39.38,,,3,20,,,,,
2026/10/03 07:49,2026-10-03T08:04:45+09:00,2026/10/05,2026/11/12,2026-11,CALL,46500,22015,,,,,,,,,,,,,
2026/10/03 07:49,2026-10-03T08:04:45+09:00,2026/10/05,2026/11/12,2026-11,PUT,46500,29,103,,,39.87,,,3,20,,,,,
2026/10/03 07:49,2026-10-03T08:04:45+09:00,2026/10/05,2026/11/12,2026-11,CALL,46250,22260,,,,,,,,,,,,,
2026/10/03 07:49,2026-10-03T08:04:45+09:00,2026/10/05,2026/11/12,2026-11,PUT,46250,25,5,,,40.36,,,3,20,,,,,
2026/10/03 07:49,2026-10-03T08:04:45+09:00,2026/10/05,2026/11/12,2026-11,CALL,46000,22505,,,,,,,,,,,,,
2026/10/03 07:49,2026-10-03T08:04:45+09:00,2026/10/05,2026/11/12,2026-11,PUT,46000,30,769,,,40.86,,,3,20,,,,,
2026/10/03 07:49,2026-10-03T08:04:45+09:00,2026/10/05,2026/11/12,2026-11,CALL,45750,22755,,,,,,,,,,,,,
2026/10/03 07:49,2026-10-03T08:04:45+09:00,2026/10/05,2026/11/12,2026-11,PUT,45750,20,15,,,41.36,,,3,20,,,,,
2026/10/03 07:49,2026-10-03T08:04:45+09:00,2026/10/05,2026/11/12,2026-11,CALL,45500,23005,,,,,,,,,,,,,
2026/10/03 07:49,2026-10-03T08:04:45+09:00,2026/10/05,2026/11/12,2026-11,PUT,45500,30,106,1,,41.86,,,3,20,52.79,,,29,10/02 21:39
2026/10/03 07:49,2026-10-03T08:04:45+09:00,2026/10/05,2026/11/12,2026-11,CALL,45250,23255,,,,,,,,,,,,,
2026/10/03 07:49,2026-10-03T08:04:45+09:00,2026/10/05,2026/11/12,2026-11,PUT,45250,29,105,,,42.36,,,3,20,,,,,
2026/10/03 07:49,2026-10-03T08:04:45+09:00,2026/10/05,2026/11/12,2026-11,CALL,45000,23500,,,,,,,,,,,,,
2026/10/03 07:49,2026-10-03T08:04:45+09:00,2026/10/05,2026/11/12,2026-11,PUT,45000,30,1352,30,53.84,53.11,28,1,25,3,53.14,-5,-16.67,25,10/02 23:00
2026/10/03 07:49,2026-10-03T08:04:45+09:00,2026/10/05,2026/11/12,2026-11,CALL,44750,23750,,,,,,,,,,,,,
2026/10/03 07:49,2026-10-03T08:04:45+09:00,2026/10/05,2026/11/12,2026-11,PUT,44750,17,7,,,43.38,,,3,20,,,,,
2026/10/03 07:49,2026-10-03T08:04:45+09:00,2026/10/05,2026/11/12,2026-11,CALL,44500,24000,2,,,,,,,,,,,,
2026/10/03 07:49,2026-10-03T08:04:45+09:00,2026/10/05,2026/11/12,2026-11,PUT,44500,16,127,,,43.89,,,3,20,,,,,
2026/10/03 07:49,2026-10-03T08:04:45+09:00,2026/10/05,2026/11/12,2026-11,CALL,44000,24495,,,,,,,,,,,,,
2026/10/03 07:49,2026-10-03T08:04:45+09:00,2026/10/05,2026/11/12,2026-11,PUT,44000,24,1114,,,44.92,,,3,20,,,,,
2026/10/03 07:49,2026-10-03T08:04:45+09:00,2026/10/05,2026/11/12,2026-11,CALL,43000,25490,,,,,,,,,,,,,
2026/10/03 07:49,2026-10-03T08:04:45+09:00,2026/10/05,2026/11/12,2026-11,PUT,43000,22,379,,,47.02,,,3,20,,,,,
2026/10/03 07:49,2026-10-03T08:04:45+09:00,2026/10/05,2026/11/12,2026-11,CALL,42000,26485,,,,,,,,,,,,,
2026/10/03 07:49,2026-10-03T08:04:45+09:00,2026/10/05,2026/11/12,2026-11,PUT,42000,6,382,,,49.16,,,3,20,,,,,
2026/10/03 07:49,2026-10-03T08:04:45+09:00,2026/10/05,2026/11/12,2026-11,CALL,41000,27480,,,,,,,,,,,,,
2026/10/03 07:49,2026-10-03T08:04:45+09:00,2026/10/05,2026/11/12,2026-11,PUT,41000,16,236,1,,51.35,,,3,20,60.28,-3,-15,17,10/02 20:06
2026/10/03 07:49,2026-10-03T08:04:45+09:00,2026/10/05,2026/11/12,2026-11,CALL,40000,28480,,,,,,,,,,,,,
2026/10/03 07:49,2026-10-03T08:04:45+09:00,2026/10/05,2026/11/12,2026-11,PUT,40000,15,1652,16,64.36,60.4,20,1,11,2,61.42,-3,-18.75,13,10/03 03:10
2026/10/03 07:49,2026-10-03T08:04:45+09:00,2026/10/05,2026/11/12,2026-11,CALL,39000,29475,,,,,,,,,,,,,
2026/10/03 07:49,2026-10-03T08:04:45+09:00,2026/10/05,2026/11/12,2026-11,PUT,39000,3,104,,,55.89,,,3,20,,,,,
2026/10/03 07:49,2026-10-03T08:04:45+09:00,2026/10/05,2026/11/12,2026-11,CALL,38000,30475,,,,,,,,,,,,,
2026/10/03 07:49,2026-10-03T08:04:45+09:00,2026/10/05,2026/11/12,2026-11,PUT,38000,9,15,,69.82,58.25,20,20,3,20,,,,,
2026/10/03 07:49,2026-10-03T08:04:45+09:00,2026/10/05,2026/11/12,2026-11,CALL,37000,31475,,,,,,,,,,,,,
2026/10/03 07:49,2026-10-03T08:04:45+09:00,2026/10/05,2026/11/12,2026-11,PUT,37000,9,17,1,71.39,65.34,17,1,7,5,66.57,-2,-20,8,10/02 23:35
2026/10/03 07:49,2026-10-03T08:04:45+09:00,2026/10/05,2026/11/12,2026-11,CALL,36000,32470,,,,,,,,,,,,,
2026/10/03 07:49,2026-10-03T08:04:45+09:00,2026/10/05,2026/11/12,2026-11,PUT,36000,8,7,,90.95,65.95,88,4,5,2,,,,,
2026/10/03 07:49,2026-10-03T08:04:45+09:00,2026/10/05,2026/11/12,2026-11,CALL,35000,33470,,,,,,,,,,,,,
2026/10/03 07:49,2026-10-03T08:04:45+09:00,2026/10/05,2026/11/12,2026-11,PUT,35000,7,3770,12,73.15,67.28,10,10,4,80,71.59,1,14.29,8,10/02 22:20
2026/10/03 07:49,2026-10-03T08:04:45+09:00,2026/10/05,2026/11/12,2026-11,CALL,34000,34470,,,,,,,,,,,,,
2026/10/03 07:49,2026-10-03T08:04:45+09:00,2026/10/05,2026/11/12,2026-11,PUT,34000,6,13,1,,69.96,,,4,1,71.19,-2,-28.57,5,10/03 00:12
2026/10/03 07:49,2026-10-03T08:04:45+09:00,2026/10/05,2026/11/12,2026-11,CALL,33000,35465,,,,,,,,,,,,,
2026/10/03 07:49,2026-10-03T08:04:45+09:00,2026/10/05,2026/11/12,2026-11,PUT,33000,5,1,1,74.12,68.74,5,3,2,1,73.44,-1,-16.67,5,10/02 18:16
2026/10/03 07:49,2026-10-03T08:04:45+09:00,2026/10/05,2026/11/12,2026-11,CALL,32000,36465,,,,,,,,,,,,,
2026/10/03 07:49,2026-10-03T08:04:45+09:00,2026/10/05,2026/11/12,2026-11,PUT,32000,1,,,,67.86,,,1,20,,,,,
2026/10/03 07:49,2026-10-03T08:04:45+09:00,2026/10/05,2026/11/12,2026-11,CALL,31000,37465,,,,,,,,,,,,,
2026/10/03 07:49,2026-10-03T08:04:45+09:00,2026/10/05,2026/11/12,2026-11,PUT,31000,1,,,78.47,70.51,4,2,1,10,,,,,
2026/10/03 07:49,2026-10-03T08:04:45+09:00,2026/10/05,2026/11/12,2026-11,CALL,30000,38460,,,,,,,,,,,,,
2026/10/03 07:49,2026-10-03T08:04:45+09:00,2026/10/05,2026/11/12,2026-11,PUT,30000,3,3409,7,81.49,79.58,4,2,3,21,81.48,0,0,4,10/02 22:20
2026/10/03 07:49,2026-10-03T08:04:45+09:00,2026/10/05,2026/11/12,2026-11,CALL,29000,39460,,,,,,,,,,,,,
2026/10/03 07:49,2026-10-03T08:04:45+09:00,2026/10/05,2026/11/12,2026-11,PUT,29000,2,308,,84.61,76.07,4,2,1,10,,,,,
2026/10/03 07:49,2026-10-03T08:04:45+09:00,2026/10/05,2026/11/12,2026-11,CALL,28000,40460,,,,,,,,,,,,,
2026/10/03 07:49,2026-10-03T08:04:45+09:00,2026/10/05,2026/11/12,2026-11,PUT,28000,2,44,,87.84,79,4,2,1,20,,,,,
2026/10/03 07:49,2026-10-03T08:04:45+09:00,2026/10/05,2026/11/12,2026-11,CALL,27000,41455,,,,,,,,,,,,,
2026/10/03 07:49,2026-10-03T08:04:45+09:00,2026/10/05,2026/11/12,2026-11,PUT,27000,1,20,,147.34,82.03,235,1,1,25,,,,,
2026/10/03 07:49,2026-10-03T08:04:45+09:00,2026/10/05,2026/11/12,2026-11,CALL,26000,42455,,,,,,,,,,,,,
2026/10/03 07:49,2026-10-03T08:04:45+09:00,2026/10/05,2026/11/12,2026-11,PUT,26000,1,2,,92.47,85.18,3,1,1,20,,,,,
2026/10/03 07:49,2026-10-03T08:04:45+09:00,2026/10/05,2026/11/12,2026-11,CALL,25000,43455,,,,,,,,,,,,,
2026/10/03 07:49,2026-10-03T08:04:45+09:00,2026/10/05,2026/11/12,2026-11,PUT,25000,1,210,1,96.01,88.45,3,1,1,191,93.09,0,0,2,10/02 22:02
2026/10/03 07:49,2026-10-03T08:04:45+09:00,2026/10/05,2026/11/12,2026-11,CALL,22500,45950,,,,,,,,,,,,,
2026/10/03 07:49,2026-10-03T08:04:45+09:00,2026/10/05,2026/11/12,2026-11,PUT,22500,1,55,,102.25,97.25,2,2,1,50,,,,,
2026/10/03 07:49,2026-10-03T08:04:45+09:00,2026/10/05,2026/11/12,2026-11,CALL,20000,48445,,,,,,,,,,,,,
2026/10/03 07:49,2026-10-03T08:04:45+09:00,2026/10/05,2026/11/12,2026-11,PUT,20000,1,456,11,112.59,,2,12,,,106.96,-1,-50,1,10/03 00:14
2026/10/03 07:49,2026-10-03T08:04:45+09:00,2026/10/05,2026/12/10,2026-12,CALL,100000,3,522,10,27.58,26.91,4,1,3,2,26.77,1,50,3,10/03 05:36
2026/10/03 07:49,2026-10-03T08:04:45+09:00,2026/10/05,2026/12/10,2026-12,PUT,100000,31270,,,,,,,,,,,,,
2026/10/03 07:49,2026-10-03T08:04:45+09:00,2026/10/05,2026/12/10,2026-12,CALL,95000,7,1080,,26.95,23.44,13,1,3,1,,,,,
2026/10/03 07:49,2026-10-03T08:04:45+09:00,2026/10/05,2026/12/10,2026-12,PUT,95000,26290,,,,,,,,,,,,,
2026/10/03 07:49,2026-10-03T08:04:45+09:00,2026/10/05,2026/12/10,2026-12,CALL,90000,17,1807,1,29.85,19.71,99,2,3,1,22.04,-7,-41.18,10,10/02 21:36
2026/10/03 07:49,2026-10-03T08:04:45+09:00,2026/10/05,2026/12/10,2026-12,PUT,90000,21310,3,,,,,,,,,,,,
2026/10/03 07:49,2026-10-03T08:04:45+09:00,2026/10/05,2026/12/10,2026-12,CALL,87500,36,2457,,27.18,19.97,100,1,10,1,,,,,
2026/10/03 07:49,2026-10-03T08:04:45+09:00,2026/10/05,2026/12/10,2026-12,PUT,87500,18840,,,,,,,,,,,,,
2026/10/03 07:49,2026-10-03T08:04:45+09:00,2026/10/05,2026/12/10,2026-12,CALL,85000,71,1011,3,25.06,17.71,118,1,10,3,24.48,35,53.85,100,10/02 20:30
2026/10/03 07:49,2026-10-03T08:04:45+09:00,2026/10/05,2026/12/10,2026-12,PUT,85000,16380,12,,,,,,,,,,,,
2026/10/03 07:49,2026-10-03T08:04:45+09:00,2026/10/05,2026/12/10,2026-12,CALL,84000,80,523,,30.36,13.51,370,1,1,20,,,,,
2026/10/03 07:49,2026-10-03T08:04:45+09:00,2026/10/05,2026/12/10,2026-12,PUT,84000,15390,,,,,,,,,,,,,
2026/10/03 07:49,2026-10-03T08:04:45+09:00,2026/10/05,2026/12/10,2026-12,CALL,83000,119,123,,31.28,16.6,500,1,15,1,,,,,
2026/10/03 07:49,2026-10-03T08:04:45+09:00,2026/10/05,2026/12/10,2026-12,PUT,83000,14435,,,,,,,,,,,,,
2026/10/03 07:49,2026-10-03T08:04:45+09:00,2026/10/05,2026/12/10,2026-12,CALL,82500,139,1129,,,12.32,,,1,10,,,,,
2026/10/03 07:49,2026-10-03T08:04:45+09:00,2026/10/05,2026/12/10,2026-12,PUT,82500,13955,,,,,,,,,,,,,
2026/10/03 07:49,2026-10-03T08:04:45+09:00,2026/10/05,2026/12/10,2026-12,CALL,82000,195,4,,,16.28,,,21,1,,,,,
2026/10/03 07:49,2026-10-03T08:04:45+09:00,2026/10/05,2026/12/10,2026-12,PUT,82000,13470,,,,,,,,,,,,,
2026/10/03 07:49,2026-10-03T08:04:45+09:00,2026/10/05,2026/12/10,2026-12,CALL,81000,195,5,,,11.09,,,1,20,,,,,
2026/10/03 07:49,2026-10-03T08:04:45+09:00,2026/10/05,2026/12/10,2026-12,PUT,81000,12520,,,,,,,,,,,,,
2026/10/03 07:49,2026-10-03T08:04:45+09:00,2026/10/05,2026/12/10,2026-12,CALL,80000,250,7350,3,50.74,22.48,2700,1,270,1,24.07,100,40,350,10/03 00:36
2026/10/03 07:49,2026-10-03T08:04:45+09:00,2026/10/05,2026/12/10,2026-12,PUT,80000,11570,3700,,,,,,,,,,,,
2026/10/03 07:49,2026-10-03T08:04:45+09:00,2026/10/05,2026/12/10,2026-12,CALL,79000,340,1053,2,,9.39,,,1,20,23.8,,,430,10/03 00:45
2026/10/03 07:49,2026-10-03T08:04:45+09:00,2026/10/05,2026/12/10,2026-12,PUT,79000,10660,,,,,,,,,,,,,
2026/10/03 07:49,2026-10-03T08:04:45+09:00,2026/10/05,2026/12/10,2026-12,CALL,78000,435,308,,44.41,20.01,2500,1,305,1,,,,,
2026/10/03 07:49,2026-10-03T08:04:45+09:00,2026/10/05,2026/12/10,2026-12,PUT,78000,9760,,,,,,,,,,,,,
2026/10/03 07:49,2026-10-03T08:04:45+09:00,2026/10/05,2026/12/10,2026-12,CALL,77500,490,1057,,,,,,,,,,,,
2026/10/03 07:49,2026-10-03T08:04:45+09:00,2026/10/05,2026/12/10,2026-12,PUT,77500,9315,,,,,,,,,,,,,
2026/10/03 07:49,2026-10-03T08:04:45+09:00,2026/10/05,2026/12/10,2026-12,CALL,77000,550,404,1,26.03,7.62,880,1,1,20,23.92,240,43.64,790,10/02 23:31
2026/10/03 07:49,2026-10-03T08:04:45+09:00,2026/10/05,2026/12/10,2026-12,PUT,77000,8875,,,,,,,,,,,,,
2026/10/03 07:49,2026-10-03T08:04:45+09:00,2026/10/05,2026/12/10,2026-12,CALL,76250,650,12,,,,,,,,,,,,
2026/10/03 07:49,2026-10-03T08:04:45+09:00,2026/10/05,2026/12/10,2026-12,PUT,76250,8230,,,,,,,,,,,,,
2026/10/03 07:49,2026-10-03T08:04:45+09:00,2026/10/05,2026/12/10,2026-12,CALL,76000,680,561,,,6.71,,,1,20,,,,,
2026/10/03 07:49,2026-10-03T08:04:45+09:00,2026/10/05,2026/12/10,2026-12,PUT,76000,8010,300,,,,,,,,,,,,
2026/10/03 07:49,2026-10-03T08:04:45+09:00,2026/10/05,2026/12/10,2026-12,CALL,75750,735,,,,,,,,,,,,,
2026/10/03 07:49,2026-10-03T08:04:45+09:00,2026/10/05,2026/12/10,2026-12,PUT,75750,7815,,,,,,,,,,,,,
2026/10/03 07:49,2026-10-03T08:04:45+09:00,2026/10/05,2026/12/10,2026-12,CALL,75500,775,1,,,6.24,,,1,20,,,,,
2026/10/03 07:49,2026-10-03T08:04:45+09:00,2026/10/05,2026/12/10,2026-12,PUT,75500,7605,,,,,,,,,,,,,
2026/10/03 07:49,2026-10-03T08:04:45+09:00,2026/10/05,2026/12/10,2026-12,CALL,75250,820,,,,,,,,,,,,,
2026/10/03 07:49,2026-10-03T08:04:45+09:00,2026/10/05,2026/12/10,2026-12,PUT,75250,7400,,,,,,,,,,,,,
2026/10/03 07:49,2026-10-03T08:04:45+09:00,2026/10/05,2026/12/10,2026-12,CALL,75000,875,3532,1,,5.77,,,1,20,23.93,325,37.14,1200,10/02 23:08
2026/10/03 07:49,2026-10-03T08:04:45+09:00,2026/10/05,2026/12/10,2026-12,PUT,75000,7205,,,,,,,,,,,,,
2026/10/03 07:49,2026-10-03T08:04:45+09:00,2026/10/05,2026/12/10,2026-12,CALL,74750,920,1,,,,,,,,,,,,
2026/10/03 07:49,2026-10-03T08:04:45+09:00,2026/10/05,2026/12/10,2026-12,PUT,74750,7005,,,,,,,,,,,,,
2026/10/03 07:49,2026-10-03T08:04:45+09:00,2026/10/05,2026/12/10,2026-12,CALL,74500,965,10,,,5.29,,,1,20,,,,,
2026/10/03 07:49,2026-10-03T08:04:45+09:00,2026/10/05,2026/12/10,2026-12,PUT,74500,6800,,,,,,,,,,,,,
2026/10/03 07:49,2026-10-03T08:04:45+09:00,2026/10/05,2026/12/10,2026-12,CALL,74250,1020,,,,,,,,,,,,,
2026/10/03 07:49,2026-10-03T08:04:45+09:00,2026/10/05,2026/12/10,2026-12,PUT,74250,6605,,,,,,,,,,,,,
2026/10/03 07:49,2026-10-03T08:04:45+09:00,2026/10/05,2026/12/10,2026-12,CALL,74000,1080,2301,,,4.8,,,1,20,,,,,
2026/10/03 07:49,2026-10-03T08:04:45+09:00,2026/10/05,2026/12/10,2026-12,PUT,74000,6415,101,,,,,,,,,,,,
2026/10/03 07:49,2026-10-03T08:04:45+09:00,2026/10/05,2026/12/10,2026-12,CALL,73750,1130,1,,,,,,,,,,,,
2026/10/03 07:49,2026-10-03T08:04:45+09:00,2026/10/05,2026/12/10,2026-12,PUT,73750,6220,,,,,,,,,,,,,
2026/10/03 07:49,2026-10-03T08:04:45+09:00,2026/10/05,2026/12/10,2026-12,CALL,73500,1195,400,,,4.31,,,1,20,,,,,
2026/10/03 07:49,2026-10-03T08:04:45+09:00,2026/10/05,2026/12/10,2026-12,PUT,73500,6035,,,,,,,,,,,,,
2026/10/03 07:49,2026-10-03T08:04:45+09:00,2026/10/05,2026/12/10,2026-12,CALL,73250,1265,,,,,,,,,,,,,
2026/10/03 07:49,2026-10-03T08:04:45+09:00,2026/10/05,2026/12/10,2026-12,PUT,73250,5850,,,,,,,,,,,,,
2026/10/03 07:49,2026-10-03T08:04:45+09:00,2026/10/05,2026/12/10,2026-12,CALL,73000,1335,807,4,,3.8,,,1,20,24.34,470,35.34,1800,10/02 23:16
2026/10/03 07:49,2026-10-03T08:04:45+09:00,2026/10/05,2026/12/10,2026-12,PUT,73000,5675,4,,,,,,,,,,,,
2026/10/03 07:49,2026-10-03T08:04:45+09:00,2026/10/05,2026/12/10,2026-12,CALL,72750,1405,,,,,,,,,,,,,
2026/10/03 07:49,2026-10-03T08:04:45+09:00,2026/10/05,2026/12/10,2026-12,PUT,72750,5495,,,,,,,,,,,,,
2026/10/03 07:49,2026-10-03T08:04:45+09:00,2026/10/05,2026/12/10,2026-12,CALL,72500,1480,2413,,,3.29,,,1,20,,,,,
2026/10/03 07:49,2026-10-03T08:04:45+09:00,2026/10/05,2026/12/10,2026-12,PUT,72500,5320,420,,,,,,,,,,,,
2026/10/03 07:49,2026-10-03T08:04:45+09:00,2026/10/05,2026/12/10,2026-12,CALL,72250,1560,2,,,,,,,,,,,,
2026/10/03 07:49,2026-10-03T08:04:45+09:00,2026/10/05,2026/12/10,2026-12,PUT,72250,5155,,,,,,,,,,,,,
2026/10/03 07:49,2026-10-03T08:04:45+09:00,2026/10/05,2026/12/10,2026-12,CALL,72000,1625,3894,,,2.76,,,1,21,,,,,
2026/10/03 07:49,2026-10-03T08:04:45+09:00,2026/10/05,2026/12/10,2026-12,PUT,72000,4965,120,,,,,,,,,,,,
2026/10/03 07:49,2026-10-03T08:04:45+09:00,2026/10/05,2026/12/10,2026-12,CALL,71875,1665,,,,,,,,,,,,,
2026/10/03 07:49,2026-10-03T08:04:45+09:00,2026/10/05,2026/12/10,2026-12,PUT,71875,4880,,,,,,,,,,,,,
2026/10/03 07:49,2026-10-03T08:04:45+09:00,2026/10/05,2026/12/10,2026-12,CALL,71750,1710,24,,,,,,,,,,,,
2026/10/03 07:49,2026-10-03T08:04:45+09:00,2026/10/05,2026/12/10,2026-12,PUT,71750,4800,,,,,,,,,,,,,
2026/10/03 07:49,2026-10-03T08:04:45+09:00,2026/10/05,2026/12/10,2026-12,CALL,71625,1750,,,,,,,,,,,,,
2026/10/03 07:49,2026-10-03T08:04:45+09:00,2026/10/05,2026/12/10,2026-12,PUT,71625,4715,,,,,,,,,,,,,
2026/10/03 07:49,2026-10-03T08:04:45+09:00,2026/10/05,2026/12/10,2026-12,CALL,71500,1800,451,,,2.23,,,1,20,,,,,
2026/10/03 07:49,2026-10-03T08:04:45+09:00,2026/10/05,2026/12/10,2026-12,PUT,71500,4640,,,,,,,,,,,,,
2026/10/03 07:49,2026-10-03T08:04:45+09:00,2026/10/05,2026/12/10,2026-12,CALL,71375,1845,,,,,,,,,,,,,
2026/10/03 07:49,2026-10-03T08:04:45+09:00,2026/10/05,2026/12/10,2026-12,PUT,71375,4565,,,,,,,,,,,,,
2026/10/03 07:49,2026-10-03T08:04:45+09:00,2026/10/05,2026/12/10,2026-12,CALL,71250,1880,,,,,,,,,,,,,
2026/10/03 07:49,2026-10-03T08:04:45+09:00,2026/10/05,2026/12/10,2026-12,PUT,71250,4475,,,,,,,,,,,,,
2026/10/03 07:49,2026-10-03T08:04:45+09:00,2026/10/05,2026/12/10,2026-12,CALL,71125,1925,,,,,,,,,,,,,
2026/10/03 07:49,2026-10-03T08:04:45+09:00,2026/10/05,2026/12/10,2026-12,PUT,71125,4395,,,,,,,,,,,,,
2026/10/03 07:49,2026-10-03T08:04:45+09:00,2026/10/05,2026/12/10,2026-12,CALL,71000,1960,2063,,,1.67,,,1,20,,,,,
2026/10/03 07:49,2026-10-03T08:04:45+09:00,2026/10/05,2026/12/10,2026-12,PUT,71000,4305,31,,,,,,,,,,,,
2026/10/03 07:49,2026-10-03T08:04:45+09:00,2026/10/05,2026/12/10,2026-12,CALL,70875,2000,,,,,,,,,,,,,
2026/10/03 07:49,2026-10-03T08:04:45+09:00,2026/10/05,2026/12/10,2026-12,PUT,70875,4215,,,,,,,,,,,,,
2026/10/03 07:49,2026-10-03T08:04:45+09:00,2026/10/05,2026/12/10,2026-12,CALL,70750,2050,,,,,,,,,,,,,
2026/10/03 07:49,2026-10-03T08:04:45+09:00,2026/10/05,2026/12/10,2026-12,PUT,70750,4145,,,,,,,,,,,,,
2026/10/03 07:49,2026-10-03T08:04:45+09:00,2026/10/05,2026/12/10,2026-12,CALL,70625,2110,,,,,,,,,,,,,
2026/10/03 07:49,2026-10-03T08:04:45+09:00,2026/10/05,2026/12/10,2026-12,PUT,70625,4080,,,,,,,,,,,,,
2026/10/03 07:49,2026-10-03T08:04:45+09:00,2026/10/05,2026/12/10,2026-12,CALL,70500,2155,1,1,,1.09,,,1,20,24.36,,,2350,10/02 17:20
2026/10/03 07:49,2026-10-03T08:04:45+09:00,2026/10/05,2026/12/10,2026-12,PUT,70500,4000,,,,,,,,,,,,,
2026/10/03 07:49,2026-10-03T08:04:45+09:00,2026/10/05,2026/12/10,2026-12,CALL,70375,2210,,,,,,,,,,,,,
2026/10/03 07:49,2026-10-03T08:04:45+09:00,2026/10/05,2026/12/10,2026-12,PUT,70375,3930,,,,,,,,,,,,,
2026/10/03 07:49,2026-10-03T08:04:45+09:00,2026/10/05,2026/12/10,2026-12,CALL,70250,2250,,,,,,,,,,,,,
2026/10/03 07:49,2026-10-03T08:04:45+09:00,2026/10/05,2026/12/10,2026-12,PUT,70250,3845,,,,,,,,,,,,,
2026/10/03 07:49,2026-10-03T08:04:45+09:00,2026/10/05,2026/12/10,2026-12,CALL,70125,2295,,,,,,,,,,,,,
2026/10/03 07:49,2026-10-03T08:04:45+09:00,2026/10/05,2026/12/10,2026-12,PUT,70125,3770,,,,,,,,,,,,,
2026/10/03 07:49,2026-10-03T08:04:45+09:00,2026/10/05,2026/12/10,2026-12,CALL,70000,2350,5333,,,7.69,,,800,1,,,,,
2026/10/03 07:49,2026-10-03T08:04:45+09:00,2026/10/05,2026/12/10,2026-12,PUT,70000,3695,1653,,,,,,,,,,,,
2026/10/03 07:49,2026-10-03T08:04:45+09:00,2026/10/05,2026/12/10,2026-12,CALL,69875,2405,,,,,,,,,,,,,
2026/10/03 07:49,2026-10-03T08:04:45+09:00,2026/10/05,2026/12/10,2026-12,PUT,69875,3625,,,,,,,,,,,,,
2026/10/03 07:49,2026-10-03T08:04:45+09:00,2026/10/05,2026/12/10,2026-12,CALL,69750,2465,,,,,,,,,,,,,
2026/10/03 07:49,2026-10-03T08:04:45+09:00,2026/10/05,2026/12/10,2026-12,PUT,69750,3560,,,,,,,,,,,,,
2026/10/03 07:49,2026-10-03T08:04:45+09:00,2026/10/05,2026/12/10,2026-12,CALL,69625,2520,,,,,,,,,,,,,
2026/10/03 07:49,2026-10-03T08:04:45+09:00,2026/10/05,2026/12/10,2026-12,PUT,69625,3490,,,,,,,,,,,,,
2026/10/03 07:49,2026-10-03T08:04:45+09:00,2026/10/05,2026/12/10,2026-12,CALL,69500,2580,,1,,,,,1,20,24.88,,,2910,10/02 17:55
2026/10/03 07:49,2026-10-03T08:04:45+09:00,2026/10/05,2026/12/10,2026-12,PUT,69500,3430,,,,,,,,,,,,,
2026/10/03 07:49,2026-10-03T08:04:45+09:00,2026/10/05,2026/12/10,2026-12,CALL,69375,2635,,,,,,,,,,,,,
2026/10/03 07:49,2026-10-03T08:04:45+09:00,2026/10/05,2026/12/10,2026-12,PUT,69375,3360,,,,,,,,,,,,,
2026/10/03 07:49,2026-10-03T08:04:45+09:00,2026/10/05,2026/12/10,2026-12,CALL,69250,2700,50,3,,,,,,,23.21,,,3150,10/03 04:43
2026/10/03 07:49,2026-10-03T08:04:45+09:00,2026/10/05,2026/12/10,2026-12,PUT,69250,3300,,,,,,,,,,,,,
2026/10/03 07:49,2026-10-03T08:04:45+09:00,2026/10/05,2026/12/10,2026-12,CALL,69125,2755,,,,,,,,,,,,,
2026/10/03 07:49,2026-10-03T08:04:45+09:00,2026/10/05,2026/12/10,2026-12,PUT,69125,3230,,,,,,,,,,,,,
2026/10/03 07:49,2026-10-03T08:04:45+09:00,2026/10/05,2026/12/10,2026-12,CALL,69000,2820,1721,,,,,,1,21,,,,,
2026/10/03 07:49,2026-10-03T08:04:45+09:00,2026/10/05,2026/12/10,2026-12,PUT,69000,3170,1645,,,,,,,,,,,,
2026/10/03 07:49,2026-10-03T08:04:45+09:00,2026/10/05,2026/12/10,2026-12,CALL,68875,2885,,,,,,,,,,,,,
2026/10/03 07:49,2026-10-03T08:04:45+09:00,2026/10/05,2026/12/10,2026-12,PUT,68875,3105,,,,,,,,,,,,,
2026/10/03 07:49,2026-10-03T08:04:45+09:00,2026/10/05,2026/12/10,2026-12,CALL,68750,2950,,,,,,,,,,,,,
2026/10/03 07:49,2026-10-03T08:04:45+09:00,2026/10/05,2026/12/10,2026-12,PUT,68750,3050,100,,,,,,,,,,,,
2026/10/03 07:49,2026-10-03T08:04:45+09:00,2026/10/05,2026/12/10,2026-12,CALL,68625,3010,,,,,,,,,,,,,
2026/10/03 07:49,2026-10-03T08:04:45+09:00,2026/10/05,2026/12/10,2026-12,PUT,68625,2985,,,,,,,,,,,,,
2026/10/03 07:49,2026-10-03T08:04:45+09:00,2026/10/05,2026/12/10,2026-12,CALL,68500,3075,437,,,,,,1,20,,,,,
2026/10/03 07:49,2026-10-03T08:04:45+09:00,2026/10/05,2026/12/10,2026-12,PUT,68500,2925,206,,,,,,,,,,,,
2026/10/03 07:49,2026-10-03T08:04:45+09:00,2026/10/05,2026/12/10,2026-12,CALL,68375,3150,,,,,,,,,,,,,
2026/10/03 07:49,2026-10-03T08:04:45+09:00,2026/10/05,2026/12/10,2026-12,PUT,68375,2875,,,,,,,,,,,,,
2026/10/03 07:49,2026-10-03T08:04:45+09:00,2026/10/05,2026/12/10,2026-12,CALL,68250,3210,,,,,,,,,,,,,
2026/10/03 07:49,2026-10-03T08:04:45+09:00,2026/10/05,2026/12/10,2026-12,PUT,68250,2810,,,,,,,,,,,,,
2026/10/03 07:49,2026-10-03T08:04:45+09:00,2026/10/05,2026/12/10,2026-12,CALL,68125,3285,,,,,,,,,,,,,
2026/10/03 07:49,2026-10-03T08:04:45+09:00,2026/10/05,2026/12/10,2026-12,PUT,68125,2760,,,,,,,,,,,,,
2026/10/03 07:49,2026-10-03T08:04:45+09:00,2026/10/05,2026/12/10,2026-12,CALL,68000,3360,4314,,,,,,1,20,,,,,
2026/10/03 07:49,2026-10-03T08:04:45+09:00,2026/10/05,2026/12/10,2026-12,PUT,68000,2710,1900,,,2.19,,,1,1,,,,,
2026/10/03 07:49,2026-10-03T08:04:45+09:00,2026/10/05,2026/12/10,2026-12,CALL,67875,3425,,,,,,,,,,,,,
2026/10/03 07:49,2026-10-03T08:04:45+09:00,2026/10/05,2026/12/10,2026-12,PUT,67875,2650,,,,,,,,,,,,,
2026/10/03 07:49,2026-10-03T08:04:45+09:00,2026/10/05,2026/12/10,2026-12,CALL,67750,3500,,,,,,,,,,,,,
2026/10/03 07:49,2026-10-03T08:04:45+09:00,2026/10/05,2026/12/10,2026-12,PUT,67750,2605,,,,,,,,,,,,,
2026/10/03 07:49,2026-10-03T08:04:45+09:00,2026/10/05,2026/12/10,2026-12,CALL,67625,3555,,,,,,,,,,,,,
2026/10/03 07:49,2026-10-03T08:04:45+09:00,2026/10/05,2026/12/10,2026-12,PUT,67625,2535,,,,,,,,,,,,,
2026/10/03 07:49,2026-10-03T08:04:45+09:00,2026/10/05,2026/12/10,2026-12,CALL,67500,3620,25,,,,,,1,20,,,,,
2026/10/03 07:49,2026-10-03T08:04:45+09:00,2026/10/05,2026/12/10,2026-12,PUT,67500,2475,25,,,,,,,,,,,,
2026/10/03 07:49,2026-10-03T08:04:45+09:00,2026/10/05,2026/12/10,2026-12,CALL,67375,3700,,,,,,,,,,,,,
2026/10/03 07:49,2026-10-03T08:04:45+09:00,2026/10/05,2026/12/10,2026-12,PUT,67375,2430,,,,,,,,,,,,,
2026/10/03 07:49,2026-10-03T08:04:45+09:00,2026/10/05,2026/12/10,2026-12,CALL,67250,3765,25,,,,,,,,,,,,
2026/10/03 07:49,2026-10-03T08:04:45+09:00,2026/10/05,2026/12/10,2026-12,PUT,67250,2370,25,,,,,,,,,,,,
2026/10/03 07:49,2026-10-03T08:04:45+09:00,2026/10/05,2026/12/10,2026-12,CALL,67125,3845,,,,,,,,,,,,,
2026/10/03 07:49,2026-10-03T08:04:45+09:00,2026/10/05,2026/12/10,2026-12,PUT,67125,2325,,,,,,,,,,,,,
2026/10/03 07:49,2026-10-03T08:04:45+09:00,2026/10/05,2026/12/10,2026-12,CALL,67000,3920,2237,,,,,,1,10,,,,,
2026/10/03 07:49,2026-10-03T08:04:45+09:00,2026/10/05,2026/12/10,2026-12,PUT,67000,2275,1607,,,,,,,,,,,,
2026/10/03 07:49,2026-10-03T08:04:45+09:00,2026/10/05,2026/12/10,2026-12,CALL,66875,3990,,,,,,,,,,,,,
2026/10/03 07:49,2026-10-03T08:04:45+09:00,2026/10/05,2026/12/10,2026-12,PUT,66875,2220,,,,,,,,,,,,,
2026/10/03 07:49,2026-10-03T08:04:45+09:00,2026/10/05,2026/12/10,2026-12,CALL,66750,4075,,,,,,,,,,,,,
2026/10/03 07:49,2026-10-03T08:04:45+09:00,2026/10/05,2026/12/10,2026-12,PUT,66750,2180,,,,,,,,,,,,,
2026/10/03 07:49,2026-10-03T08:04:45+09:00,2026/10/05,2026/12/10,2026-12,CALL,66625,4150,,,,,,,,,,,,,
2026/10/03 07:49,2026-10-03T08:04:45+09:00,2026/10/05,2026/12/10,2026-12,PUT,66625,2130,,,,,,,,,,,,,
2026/10/03 07:49,2026-10-03T08:04:45+09:00,2026/10/05,2026/12/10,2026-12,CALL,66500,4245,2984,,,,,,1,10,,,,,
2026/10/03 07:49,2026-10-03T08:04:45+09:00,2026/10/05,2026/12/10,2026-12,PUT,66500,2100,1100,,,,,,,,,,,,
2026/10/03 07:49,2026-10-03T08:04:45+09:00,2026/10/05,2026/12/10,2026-12,CALL,66375,4290,,,,,,,,,,,,,
2026/10/03 07:49,2026-10-03T08:04:45+09:00,2026/10/05,2026/12/10,2026-12,PUT,66375,2020,,,,,,,,,,,,,
2026/10/03 07:49,2026-10-03T08:04:45+09:00,2026/10/05,2026/12/10,2026-12,CALL,66250,4375,18,,,,,,,,,,,,
2026/10/03 07:49,2026-10-03T08:04:45+09:00,2026/10/05,2026/12/10,2026-12,PUT,66250,1980,,,,,,,,,,,,,
2026/10/03 07:49,2026-10-03T08:04:45+09:00,2026/10/05,2026/12/10,2026-12,CALL,66125,4460,,,,,,,,,,,,,
2026/10/03 07:49,2026-10-03T08:04:45+09:00,2026/10/05,2026/12/10,2026-12,PUT,66125,1940,,,,,,,,,,,,,
2026/10/03 07:49,2026-10-03T08:04:45+09:00,2026/10/05,2026/12/10,2026-12,CALL,66000,4545,1092,,,,,,,,,,,,
2026/10/03 07:49,2026-10-03T08:04:45+09:00,2026/10/05,2026/12/10,2026-12,PUT,66000,1905,1136,,,,,,,,,,,,
2026/10/03 07:49,2026-10-03T08:04:45+09:00,2026/10/05,2026/12/10,2026-12,CALL,65875,4625,,,,,,,,,,,,,
2026/10/03 07:49,2026-10-03T08:04:45+09:00,2026/10/05,2026/12/10,2026-12,PUT,65875,1860,,,,,,,,,,,,,
2026/10/03 07:49,2026-10-03T08:04:45+09:00,2026/10/05,2026/12/10,2026-12,CALL,65750,4710,15,,,,,,,,,,,,
2026/10/03 07:49,2026-10-03T08:04:45+09:00,2026/10/05,2026/12/10,2026-12,PUT,65750,1820,15,,,,,,,,,,,,
2026/10/03 07:49,2026-10-03T08:04:45+09:00,2026/10/05,2026/12/10,2026-12,CALL,65625,4795,,,,,,,,,,,,,
2026/10/03 07:49,2026-10-03T08:04:45+09:00,2026/10/05,2026/12/10,2026-12,PUT,65625,1780,,,,,,,,,,,,,
2026/10/03 07:49,2026-10-03T08:04:45+09:00,2026/10/05,2026/12/10,2026-12,CALL,65500,4875,734,,,,,,,,,,,,
2026/10/03 07:49,2026-10-03T08:04:45+09:00,2026/10/05,2026/12/10,2026-12,PUT,65500,1730,605,,,5.02,,,1,8,,,,,
2026/10/03 07:49,2026-10-03T08:04:45+09:00,2026/10/05,2026/12/10,2026-12,CALL,65375,4965,,,,,,,,,,,,,
2026/10/03 07:49,2026-10-03T08:04:45+09:00,2026/10/05,2026/12/10,2026-12,PUT,65375,1700,,,,,,,,,,,,,
2026/10/03 07:49,2026-10-03T08:04:45+09:00,2026/10/05,2026/12/10,2026-12,CALL,65250,5050,,,,,,,,,,,,,
2026/10/03 07:49,2026-10-03T08:04:45+09:00,2026/10/05,2026/12/10,2026-12,PUT,65250,1660,,,,,,,,,,,,,
2026/10/03 07:49,2026-10-03T08:04:45+09:00,2026/10/05,2026/12/10,2026-12,CALL,65125,5145,,,,,,,,,,,,,
2026/10/03 07:49,2026-10-03T08:04:45+09:00,2026/10/05,2026/12/10,2026-12,PUT,65125,1630,,,,,,,,,,,,,
2026/10/03 07:49,2026-10-03T08:04:45+09:00,2026/10/05,2026/12/10,2026-12,CALL,65000,5235,3594,,,,,,,,,,,,
2026/10/03 07:49,2026-10-03T08:04:45+09:00,2026/10/05,2026/12/10,2026-12,PUT,65000,1595,4729,,31.86,5.58,1850,1,1,10,,,,,
2026/10/03 07:49,2026-10-03T08:04:45+09:00,2026/10/05,2026/12/10,2026-12,CALL,64875,5320,,,,,,,,,,,,,
2026/10/03 07:49,2026-10-03T08:04:45+09:00,2026/10/05,2026/12/10,2026-12,PUT,64875,1555,12,,,,,,,,,,,,
2026/10/03 07:49,2026-10-03T08:04:45+09:00,2026/10/05,2026/12/10,2026-12,CALL,64750,5415,,,,,,,,,,,,,
2026/10/03 07:49,2026-10-03T08:04:45+09:00,2026/10/05,2026/12/10,2026-12,PUT,64750,1525,,,,,,,,,,,,,
2026/10/03 07:49,2026-10-03T08:04:45+09:00,2026/10/05,2026/12/10,2026-12,CALL,64625,5505,,,,,,,,,,,,,
2026/10/03 07:49,2026-10-03T08:04:45+09:00,2026/10/05,2026/12/10,2026-12,PUT,64625,1490,25,,,,,,,,,,,,
2026/10/03 07:49,2026-10-03T08:04:45+09:00,2026/10/05,2026/12/10,2026-12,CALL,64500,5595,296,,,,,,,,,,,,
2026/10/03 07:49,2026-10-03T08:04:45+09:00,2026/10/05,2026/12/10,2026-12,PUT,64500,1455,263,,,6.13,,,1,8,,,,,
2026/10/03 07:49,2026-10-03T08:04:45+09:00,2026/10/05,2026/12/10,2026-12,CALL,64375,5685,,,,,,,,,,,,,
2026/10/03 07:49,2026-10-03T08:04:45+09:00,2026/10/05,2026/12/10,2026-12,PUT,64375,1425,,,,,,,,,,,,,
2026/10/03 07:49,2026-10-03T08:04:45+09:00,2026/10/05,2026/12/10,2026-12,CALL,64250,5775,,,,,,,,,,,,,
2026/10/03 07:49,2026-10-03T08:04:45+09:00,2026/10/05,2026/12/10,2026-12,PUT,64250,1390,,,,,,,,,,,,,
2026/10/03 07:49,2026-10-03T08:04:45+09:00,2026/10/05,2026/12/10,2026-12,CALL,64125,5875,,,,,,,,,,,,,
2026/10/03 07:49,2026-10-03T08:04:45+09:00,2026/10/05,2026/12/10,2026-12,PUT,64125,1375,5,,,,,,,,,,,,
2026/10/03 07:49,2026-10-03T08:04:45+09:00,2026/10/05,2026/12/10,2026-12,CALL,64000,5965,2242,,,,,,,,,,,,
2026/10/03 07:49,2026-10-03T08:04:45+09:00,2026/10/05,2026/12/10,2026-12,PUT,64000,1330,2230,1,,6.69,,,1,20,27.48,,,1115,10/02 21:48
2026/10/03 07:49,2026-10-03T08:04:45+09:00,2026/10/05,2026/12/10,2026-12,CALL,63875,6065,,,,,,,,,,,,,
2026/10/03 07:49,2026-10-03T08:04:45+09:00,2026/10/05,2026/12/10,2026-12,PUT,63875,1300,,,,,,,,,,,,,
2026/10/03 07:49,2026-10-03T08:04:45+09:00,2026/10/05,2026/12/10,2026-12,CALL,63750,6170,32,,,,,,,,,,,,
2026/10/03 07:49,2026-10-03T08:04:45+09:00,2026/10/05,2026/12/10,2026-12,PUT,63750,1285,59,,,,,,,,,,,,
2026/10/03 07:49,2026-10-03T08:04:45+09:00,2026/10/05,2026/12/10,2026-12,CALL,63625,6255,,,,,,,,,,,,,
2026/10/03 07:49,2026-10-03T08:04:45+09:00,2026/10/05,2026/12/10,2026-12,PUT,63625,1245,,,,,,,,,,,,,
2026/10/03 07:49,2026-10-03T08:04:45+09:00,2026/10/05,2026/12/10,2026-12,CALL,63500,6350,300,,,,,,,,,,,,
2026/10/03 07:49,2026-10-03T08:04:45+09:00,2026/10/05,2026/12/10,2026-12,PUT,63500,1215,600,,,7.25,,,1,8,,,,,
2026/10/03 07:49,2026-10-03T08:04:45+09:00,2026/10/05,2026/12/10,2026-12,CALL,63375,6450,,,,,,,,,,,,,
2026/10/03 07:49,2026-10-03T08:04:45+09:00,2026/10/05,2026/12/10,2026-12,PUT,63375,1185,,,,,,,,,,,,,
2026/10/03 07:49,2026-10-03T08:04:45+09:00,2026/10/05,2026/12/10,2026-12,CALL,63250,6565,,,,,,,,,,,,,
2026/10/03 07:49,2026-10-03T08:04:45+09:00,2026/10/05,2026/12/10,2026-12,PUT,63250,1180,23,,,,,,,,,,,,
2026/10/03 07:49,2026-10-03T08:04:45+09:00,2026/10/05,2026/12/10,2026-12,CALL,63125,6645,,,,,,,1,10,,,,,
2026/10/03 07:49,2026-10-03T08:04:45+09:00,2026/10/05,2026/12/10,2026-12,PUT,63125,1135,,,,,,,,,,,,,
2026/10/03 07:49,2026-10-03T08:04:45+09:00,2026/10/05,2026/12/10,2026-12,CALL,63000,6755,1417,,,,,,1,10,,,,,
2026/10/03 07:49,2026-10-03T08:04:45+09:00,2026/10/05,2026/12/10,2026-12,PUT,63000,1120,3041,,,7.81,,,1,20,,,,,
2026/10/03 07:49,2026-10-03T08:04:45+09:00,2026/10/05,2026/12/10,2026-12,CALL,62875,6850,,,,,,,1,10,,,,,
2026/10/03 07:49,2026-10-03T08:04:45+09:00,2026/10/05,2026/12/10,2026-12,PUT,62875,1090,,,,,,,,,,,,,
2026/10/03 07:49,2026-10-03T08:04:45+09:00,2026/10/05,2026/12/10,2026-12,CALL,62750,6945,,,,,,,,,,,,,
2026/10/03 07:49,2026-10-03T08:04:45+09:00,2026/10/05,2026/12/10,2026-12,PUT,62750,1060,,,,,,,,,,,,,
2026/10/03 07:49,2026-10-03T08:04:45+09:00,2026/10/05,2026/12/10,2026-12,CALL,62625,7045,,,,,,,,,,,,,
2026/10/03 07:49,2026-10-03T08:04:45+09:00,2026/10/05,2026/12/10,2026-12,PUT,62625,1040,,,,,,,,,,,,,
2026/10/03 07:49,2026-10-03T08:04:45+09:00,2026/10/05,2026/12/10,2026-12,CALL,62500,7145,812,,,,,,,,,,,,
2026/10/03 07:49,2026-10-03T08:04:45+09:00,2026/10/05,2026/12/10,2026-12,PUT,62500,1010,1087,,,8.37,,,1,8,,,,,
2026/10/03 07:49,2026-10-03T08:04:45+09:00,2026/10/05,2026/12/10,2026-12,CALL,62375,7245,,,,,,,,,,,,,
2026/10/03 07:49,2026-10-03T08:04:45+09:00,2026/10/05,2026/12/10,2026-12,PUT,62375,985,4,,,,,,,,,,,,
2026/10/03 07:49,2026-10-03T08:04:45+09:00,2026/10/05,2026/12/10,2026-12,CALL,62250,7350,,,,,,,,,,,,,
2026/10/03 07:49,2026-10-03T08:04:45+09:00,2026/10/05,2026/12/10,2026-12,PUT,62250,965,250,,,,,,,,,,,,
2026/10/03 07:49,2026-10-03T08:04:45+09:00,2026/10/05,2026/12/10,2026-12,CALL,62125,7465,,,,,,,,,,,,,
2026/10/03 07:49,2026-10-03T08:04:45+09:00,2026/10/05,2026/12/10,2026-12,PUT,62125,960,,,,,,,,,,,,,
2026/10/03 07:49,2026-10-03T08:04:45+09:00,2026/10/05,2026/12/10,2026-12,CALL,62000,7565,1850,,,,,,,,,,,,
2026/10/03 07:49,2026-10-03T08:04:45+09:00,2026/10/05,2026/12/10,2026-12,PUT,62000,930,3610,,,8.94,,,1,21,,,,,
2026/10/03 07:49,2026-10-03T08:04:45+09:00,2026/10/05,2026/12/10,2026-12,CALL,61875,7675,,,,,,,,,,,,,
2026/10/03 07:49,2026-10-03T08:04:45+09:00,2026/10/05,2026/12/10,2026-12,PUT,61875,915,,,,,,,,,,,,,
2026/10/03 07:49,2026-10-03T08:04:45+09:00,2026/10/05,2026/12/10,2026-12,CALL,61750,7780,,,,,,,,,,,,,
2026/10/03 07:49,2026-10-03T08:04:45+09:00,2026/10/05,2026/12/10,2026-12,PUT,61750,895,250,,,,,,,,,,,,
2026/10/03 07:49,2026-10-03T08:04:45+09:00,2026/10/05,2026/12/10,2026-12,CALL,61625,7870,,,,,,,,,,,,,
2026/10/03 07:49,2026-10-03T08:04:45+09:00,2026/10/05,2026/12/10,2026-12,PUT,61625,865,,,,,,,,,,,,,
2026/10/03 07:49,2026-10-03T08:04:45+09:00,2026/10/05,2026/12/10,2026-12,CALL,61500,7960,1,,,,,,,,,,,,
2026/10/03 07:49,2026-10-03T08:04:45+09:00,2026/10/05,2026/12/10,2026-12,PUT,61500,830,254,,,9.51,,,1,8,,,,,
2026/10/03 07:49,2026-10-03T08:04:45+09:00,2026/10/05,2026/12/10,2026-12,CALL,61375,8080,,,,,,,,,,,,,
2026/10/03 07:49,2026-10-03T08:04:45+09:00,2026/10/05,2026/12/10,2026-12,PUT,61375,825,,,,,,,,,,,,,
2026/10/03 07:49,2026-10-03T08:04:45+09:00,2026/10/05,2026/12/10,2026-12,CALL,61250,8190,,,,,,,,,,,,,
2026/10/03 07:49,2026-10-03T08:04:45+09:00,2026/10/05,2026/12/10,2026-12,PUT,61250,810,10,,,,,,,,,,,,
2026/10/03 07:49,2026-10-03T08:04:45+09:00,2026/10/05,2026/12/10,2026-12,CALL,61125,8295,,,,,,,,,,,,,
2026/10/03 07:49,2026-10-03T08:04:45+09:00,2026/10/05,2026/12/10,2026-12,PUT,61125,790,,,,,,,,,,,,,
2026/10/03 07:49,2026-10-03T08:04:45+09:00,2026/10/05,2026/12/10,2026-12,CALL,61000,8390,813,,,,,,,,,,,,
2026/10/03 07:49,2026-10-03T08:04:45+09:00,2026/10/05,2026/12/10,2026-12,PUT,61000,760,1451,3,,10.07,,,1,20,29.1,,,620,10/02 22:07
2026/10/03 07:49,2026-10-03T08:04:45+09:00,2026/10/05,2026/12/10,2026-12,CALL,60875,8510,,,,,,,,,,,,,
2026/10/03 07:49,2026-10-03T08:04:45+09:00,2026/10/05,2026/12/10,2026-12,PUT,60875,740,5,,,,,,,,,,,,
2026/10/03 07:49,2026-10-03T08:04:45+09:00,2026/10/05,2026/12/10,2026-12,CALL,60750,8615,,,,,,,,,,,,,
2026/10/03 07:49,2026-10-03T08:04:45+09:00,2026/10/05,2026/12/10,2026-12,PUT,60750,740,6,,,,,,,,,,,,
2026/10/03 07:49,2026-10-03T08:04:45+09:00,2026/10/05,2026/12/10,2026-12,CALL,60625,8720,,,,,,,,,,,,,
2026/10/03 07:49,2026-10-03T08:04:45+09:00,2026/10/05,2026/12/10,2026-12,PUT,60625,715,,,,13.24,,,10,2,,,,,
2026/10/03 07:49,2026-10-03T08:04:45+09:00,2026/10/05,2026/12/10,2026-12,CALL,60500,8825,102,,,,,,,,,,,,
2026/10/03 07:49,2026-10-03T08:04:45+09:00,2026/10/05,2026/12/10,2026-12,PUT,60500,710,201,,,10.64,,,1,8,,,,,
2026/10/03 07:49,2026-10-03T08:04:45+09:00,2026/10/05,2026/12/10,2026-12,CALL,60250,9050,,,,,,,,,,,,,
2026/10/03 07:49,2026-10-03T08:04:45+09:00,2026/10/05,2026/12/10,2026-12,PUT,60250,675,48,,,,,,,,,,,,
2026/10/03 07:49,2026-10-03T08:04:45+09:00,2026/10/05,2026/12/10,2026-12,CALL,60000,9270,7478,,,,,,,,,,,,
2026/10/03 07:49,2026-10-03T08:04:45+09:00,2026/10/05,2026/12/10,2026-12,PUT,60000,650,10185,1,,11.92,,,2,50,30.33,-85,-13.08,565,10/02 21:29
2026/10/03 07:49,2026-10-03T08:04:45+09:00,2026/10/05,2026/12/10,2026-12,CALL,59750,9495,,,,,,,,,,,,,
2026/10/03 07:49,2026-10-03T08:04:45+09:00,2026/10/05,2026/12/10,2026-12,PUT,59750,620,,,,,,,,,,,,,
2026/10/03 07:49,2026-10-03T08:04:45+09:00,2026/10/05,2026/12/10,2026-12,CALL,59500,9715,100,,,,,,,,,,,,
2026/10/03 07:49,2026-10-03T08:04:45+09:00,2026/10/05,2026/12/10,2026-12,PUT,59500,595,1250,,,,,,,,,,,,
2026/10/03 07:49,2026-10-03T08:04:45+09:00,2026/10/05,2026/12/10,2026-12,CALL,59250,9935,,,,,,,,,,,,,
2026/10/03 07:49,2026-10-03T08:04:45+09:00,2026/10/05,2026/12/10,2026-12,PUT,59250,580,81,1,,,,,,,31.04,-80,-13.79,500,10/02 20:32
2026/10/03 07:49,2026-10-03T08:04:45+09:00,2026/10/05,2026/12/10,2026-12,CALL,59000,10165,1900,,,,,,,,,,,,
2026/10/03 07:49,2026-10-03T08:04:45+09:00,2026/10/05,2026/12/10,2026-12,PUT,59000,550,2541,,,12.37,,,1,20,,,,,
2026/10/03 07:49,2026-10-03T08:04:45+09:00,2026/10/05,2026/12/10,2026-12,CALL,58750,10390,,,,,,,,,,,,,
2026/10/03 07:49,2026-10-03T08:04:45+09:00,2026/10/05,2026/12/10,2026-12,PUT,58750,525,2,,,,,,,,,,,,
2026/10/03 07:49,2026-10-03T08:04:45+09:00,2026/10/05,2026/12/10,2026-12,CALL,58500,10610,350,,,,,,,,,,,,
2026/10/03 07:49,2026-10-03T08:04:45+09:00,2026/10/05,2026/12/10,2026-12,PUT,58500,500,864,,,12.96,,,1,1,,,,,
2026/10/03 07:49,2026-10-03T08:04:45+09:00,2026/10/05,2026/12/10,2026-12,CALL,58250,10850,,,,,,,,,,,,,
2026/10/03 07:49,2026-10-03T08:04:45+09:00,2026/10/05,2026/12/10,2026-12,PUT,58250,480,147,,,,,,,,,,,,
2026/10/03 07:49,2026-10-03T08:04:45+09:00,2026/10/05,2026/12/10,2026-12,CALL,58000,11080,2603,,,,,,,,,,,,
2026/10/03 07:49,2026-10-03T08:04:45+09:00,2026/10/05,2026/12/10,2026-12,PUT,58000,455,2427,,32.13,16.93,400,1,10,1,,,,,
2026/10/03 07:49,2026-10-03T08:04:45+09:00,2026/10/05,2026/12/10,2026-12,CALL,57750,11310,,,,,,,,,,,,,
2026/10/03 07:49,2026-10-03T08:04:45+09:00,2026/10/05,2026/12/10,2026-12,PUT,57750,440,3,,,,,,,,,,,,
2026/10/03 07:49,2026-10-03T08:04:45+09:00,2026/10/05,2026/12/10,2026-12,CALL,57500,11540,80,,,,,,,,,,,,
2026/10/03 07:49,2026-10-03T08:04:45+09:00,2026/10/05,2026/12/10,2026-12,PUT,57500,420,1137,,,14.13,,,1,8,,,,,
2026/10/03 07:49,2026-10-03T08:04:45+09:00,2026/10/05,2026/12/10,2026-12,CALL,57250,11775,113,,,,,,,,,,,,
2026/10/03 07:49,2026-10-03T08:04:45+09:00,2026/10/05,2026/12/10,2026-12,PUT,57250,415,29,,,,,,,,,,,,
2026/10/03 07:49,2026-10-03T08:04:45+09:00,2026/10/05,2026/12/10,2026-12,CALL,57000,12005,500,,,,,,,,,,,,
2026/10/03 07:49,2026-10-03T08:04:45+09:00,2026/10/05,2026/12/10,2026-12,PUT,57000,390,2585,,,14.73,,,1,20,,,,,
2026/10/03 07:49,2026-10-03T08:04:45+09:00,2026/10/05,2026/12/10,2026-12,CALL,56750,12240,,,,,,,,,,,,,
2026/10/03 07:49,2026-10-03T08:04:45+09:00,2026/10/05,2026/12/10,2026-12,PUT,56750,370,13,,,,,,,,,,,,
2026/10/03 07:49,2026-10-03T08:04:45+09:00,2026/10/05,2026/12/10,2026-12,CALL,56500,12475,283,,,,,,,,,,,,
2026/10/03 07:49,2026-10-03T08:04:45+09:00,2026/10/05,2026/12/10,2026-12,PUT,56500,355,221,,,,,,,,,,,,
2026/10/03 07:49,2026-10-03T08:04:45+09:00,2026/10/05,2026/12/10,2026-12,CALL,56250,12710,,,,,,,,,,,,,
2026/10/03 07:49,2026-10-03T08:04:45+09:00,2026/10/05,2026/12/10,2026-12,PUT,56250,345,47,,,,,,,,,,,,
2026/10/03 07:49,2026-10-03T08:04:45+09:00,2026/10/05,2026/12/10,2026-12,CALL,56000,12940,791,,,,,,,,,,,,
2026/10/03 07:49,2026-10-03T08:04:45+09:00,2026/10/05,2026/12/10,2026-12,PUT,56000,330,2645,1,,19.8,,,10,1,33.74,-35,-10.45,300,10/02 19:34
2026/10/03 07:49,2026-10-03T08:04:45+09:00,2026/10/05,2026/12/10,2026-12,CALL,55750,13185,,,,,,,,,,,,,
2026/10/03 07:49,2026-10-03T08:04:45+09:00,2026/10/05,2026/12/10,2026-12,PUT,55750,320,24,,,,,,,,,,,,
2026/10/03 07:49,2026-10-03T08:04:45+09:00,2026/10/05,2026/12/10,2026-12,CALL,55500,13420,300,,,,,,,,,,,,
2026/10/03 07:49,2026-10-03T08:04:45+09:00,2026/10/05,2026/12/10,2026-12,PUT,55500,305,153,,,,,,,,,,,,
2026/10/03 07:49,2026-10-03T08:04:45+09:00,2026/10/05,2026/12/10,2026-12,CALL,55250,13670,,,,,,,,,,,,,
2026/10/03 07:49,2026-10-03T08:04:45+09:00,2026/10/05,2026/12/10,2026-12,PUT,55250,305,2,,,,,,,,,,,,
2026/10/03 07:49,2026-10-03T08:04:45+09:00,2026/10/05,2026/12/10,2026-12,CALL,55000,13890,1829,,,,,,,,,,,,
2026/10/03 07:49,2026-10-03T08:04:45+09:00,2026/10/05,2026/12/10,2026-12,PUT,55000,272,5012,,77.69,29.29,3000,1,100,5,,,,,
2026/10/03 07:49,2026-10-03T08:04:45+09:00,2026/10/05,2026/12/10,2026-12,CALL,54750,14135,,,,,,,,,,,,,
2026/10/03 07:49,2026-10-03T08:04:45+09:00,2026/10/05,2026/12/10,2026-12,PUT,54750,281,43,,,17.44,,,1,1,,,,,
2026/10/03 07:49,2026-10-03T08:04:45+09:00,2026/10/05,2026/12/10,2026-12,CALL,54500,14385,540,,,,,,,,,,,,
2026/10/03 07:49,2026-10-03T08:04:45+09:00,2026/10/05,2026/12/10,2026-12,PUT,54500,272,884,,,,,,,,,,,,
2026/10/03 07:49,2026-10-03T08:04:45+09:00,2026/10/05,2026/12/10,2026-12,CALL,54250,14615,,,,,,,,,,,,,
2026/10/03 07:49,2026-10-03T08:04:45+09:00,2026/10/05,2026/12/10,2026-12,PUT,54250,305,35,,,,,,,,,,,,
2026/10/03 07:49,2026-10-03T08:04:45+09:00,2026/10/05,2026/12/10,2026-12,CALL,54000,14855,1941,,,,,,,,,,,,
2026/10/03 07:49,2026-10-03T08:04:45+09:00,2026/10/05,2026/12/10,2026-12,PUT,54000,241,3787,,,22.75,,,10,1,,,,,
2026/10/03 07:49,2026-10-03T08:04:45+09:00,2026/10/05,2026/12/10,2026-12,CALL,53750,15095,,,,,,,,,,,,,
2026/10/03 07:49,2026-10-03T08:04:45+09:00,2026/10/05,2026/12/10,2026-12,PUT,53750,233,45,,,,,,,,,,,,
2026/10/03 07:49,2026-10-03T08:04:45+09:00,2026/10/05,2026/12/10,2026-12,CALL,53500,15330,106,,,,,,,,,,,,
2026/10/03 07:49,2026-10-03T08:04:45+09:00,2026/10/05,2026/12/10,2026-12,PUT,53500,220,317,,,,,,,,,,,,
2026/10/03 07:49,2026-10-03T08:04:45+09:00,2026/10/05,2026/12/10,2026-12,CALL,53250,15575,,,,,,,,,,,,,
2026/10/03 07:49,2026-10-03T08:04:45+09:00,2026/10/05,2026/12/10,2026-12,PUT,53250,217,214,,,,,,,,,,,,
2026/10/03 07:49,2026-10-03T08:04:45+09:00,2026/10/05,2026/12/10,2026-12,CALL,53000,15825,1135,,,,,,,,,,,,
2026/10/03 07:49,2026-10-03T08:04:45+09:00,2026/10/05,2026/12/10,2026-12,PUT,53000,216,2017,,,22.58,,,5,1,,,,,
2026/10/03 07:49,2026-10-03T08:04:45+09:00,2026/10/05,2026/12/10,2026-12,CALL,52750,16070,,,,,,,,,,,,,
2026/10/03 07:49,2026-10-03T08:04:45+09:00,2026/10/05,2026/12/10,2026-12,PUT,52750,208,506,,,,,,,,,,,,
2026/10/03 07:49,2026-10-03T08:04:45+09:00,2026/10/05,2026/12/10,2026-12,CALL,52500,16315,50,,,,,,,,,,,,
2026/10/03 07:49,2026-10-03T08:04:45+09:00,2026/10/05,2026/12/10,2026-12,PUT,52500,205,1444,,,20.25,,,1,8,,,,,
2026/10/03 07:49,2026-10-03T08:04:45+09:00,2026/10/05,2026/12/10,2026-12,CALL,52250,16560,250,,,,,,,,,,,,
2026/10/03 07:49,2026-10-03T08:04:45+09:00,2026/10/05,2026/12/10,2026-12,PUT,52250,200,525,,,,,,,,,,,,
2026/10/03 07:49,2026-10-03T08:04:45+09:00,2026/10/05,2026/12/10,2026-12,CALL,52000,16790,802,,,,,,,,,,,,
2026/10/03 07:49,2026-10-03T08:04:45+09:00,2026/10/05,2026/12/10,2026-12,PUT,52000,183,3334,3,39.81,35.1,200,1,100,1,37.82,-22,-12.79,150,10/03 00:08
2026/10/03 07:49,2026-10-03T08:04:45+09:00,2026/10/05,2026/12/10,2026-12,CALL,51750,17030,,,,,,,,,,,,,
2026/10/03 07:49,2026-10-03T08:04:45+09:00,2026/10/05,2026/12/10,2026-12,PUT,51750,173,13,,,,,,,,,,,,
2026/10/03 07:49,2026-10-03T08:04:45+09:00,2026/10/05,2026/12/10,2026-12,CALL,51500,17270,,,,,,,,,,,,,
2026/10/03 07:49,2026-10-03T08:04:45+09:00,2026/10/05,2026/12/10,2026-12,PUT,51500,166,271,,,,,,,,,,,,
2026/10/03 07:49,2026-10-03T08:04:45+09:00,2026/10/05,2026/12/10,2026-12,CALL,51250,17515,,,,,,,,,,,,,
2026/10/03 07:49,2026-10-03T08:04:45+09:00,2026/10/05,2026/12/10,2026-12,PUT,51250,160,51,,,,,,,,,,,,
2026/10/03 07:49,2026-10-03T08:04:45+09:00,2026/10/05,2026/12/10,2026-12,CALL,51000,17755,731,,,,,,,,,,,,
2026/10/03 07:49,2026-10-03T08:04:45+09:00,2026/10/05,2026/12/10,2026-12,PUT,51000,151,1886,,,22.18,,,1,21,,,,,
2026/10/03 07:49,2026-10-03T08:04:45+09:00,2026/10/05,2026/12/10,2026-12,CALL,50750,18005,45,,,,,,,,,,,,
2026/10/03 07:49,2026-10-03T08:04:45+09:00,2026/10/05,2026/12/10,2026-12,PUT,50750,151,55,,,,,,,,,,,,
2026/10/03 07:49,2026-10-03T08:04:45+09:00,2026/10/05,2026/12/10,2026-12,CALL,50500,18250,600,,,,,,,,,,,,
2026/10/03 07:49,2026-10-03T08:04:45+09:00,2026/10/05,2026/12/10,2026-12,PUT,50500,152,1796,,,,,,,,,,,,
2026/10/03 07:49,2026-10-03T08:04:45+09:00,2026/10/05,2026/12/10,2026-12,CALL,50250,18495,58,,,,,,,,,,,,
2026/10/03 07:49,2026-10-03T08:04:45+09:00,2026/10/05,2026/12/10,2026-12,PUT,50250,142,18,,,,,,,,,,,,
2026/10/03 07:49,2026-10-03T08:04:45+09:00,2026/10/05,2026/12/10,2026-12,CALL,50000,18735,5692,,,,,,,,,,,,
2026/10/03 07:49,2026-10-03T08:04:45+09:00,2026/10/05,2026/12/10,2026-12,PUT,50000,146,9179,1,41.92,38.97,150,1,98,1,40.72,-15,-10.27,131,10/02 20:20
2026/10/03 07:49,2026-10-03T08:04:45+09:00,2026/10/05,2026/12/10,2026-12,CALL,49750,18980,,,,,,,,,,,,,
2026/10/03 07:49,2026-10-03T08:04:45+09:00,2026/10/05,2026/12/10,2026-12,PUT,49750,138,78,,,,,,,,,,,,
2026/10/03 07:49,2026-10-03T08:04:45+09:00,2026/10/05,2026/12/10,2026-12,CALL,49500,19220,260,,,,,,,,,,,,
2026/10/03 07:49,2026-10-03T08:04:45+09:00,2026/10/05,2026/12/10,2026-12,PUT,49500,120,2326,,,,,,,,,,,,
2026/10/03 07:49,2026-10-03T08:04:45+09:00,2026/10/05,2026/12/10,2026-12,CALL,49250,19470,,,,,,,,,,,,,
2026/10/03 07:49,2026-10-03T08:04:45+09:00,2026/10/05,2026/12/10,2026-12,PUT,49250,120,210,,,,,,,,,,,,
2026/10/03 07:49,2026-10-03T08:04:45+09:00,2026/10/05,2026/12/10,2026-12,CALL,49000,19715,1000,,,,,,,,,,,,
2026/10/03 07:49,2026-10-03T08:04:45+09:00,2026/10/05,2026/12/10,2026-12,PUT,49000,114,3739,,44.44,24.83,157,1,1,20,,,,,
2026/10/03 07:49,2026-10-03T08:04:45+09:00,2026/10/05,2026/12/10,2026-12,CALL,48750,19960,,,,,,,,,,,,,
2026/10/03 07:49,2026-10-03T08:04:45+09:00,2026/10/05,2026/12/10,2026-12,PUT,48750,111,4,,,,,,,,,,,,
2026/10/03 07:49,2026-10-03T08:04:45+09:00,2026/10/05,2026/12/10,2026-12,CALL,48500,20205,,,,,,,,,,,,,
2026/10/03 07:49,2026-10-03T08:04:45+09:00,2026/10/05,2026/12/10,2026-12,PUT,48500,105,309,,,,,,,,,,,,
2026/10/03 07:49,2026-10-03T08:04:45+09:00,2026/10/05,2026/12/10,2026-12,CALL,48250,20450,,,,,,,,,,,,,
2026/10/03 07:49,2026-10-03T08:04:45+09:00,2026/10/05,2026/12/10,2026-12,PUT,48250,104,10,,,,,,,,,,,,
2026/10/03 07:49,2026-10-03T08:04:45+09:00,2026/10/05,2026/12/10,2026-12,CALL,48000,20700,750,,,,,,,,,,,,
2026/10/03 07:49,2026-10-03T08:04:45+09:00,2026/10/05,2026/12/10,2026-12,PUT,48000,101,4326,1,,27.66,,,2,10,43.31,,,104,10/02 20:34
2026/10/03 07:49,2026-10-03T08:04:45+09:00,2026/10/05,2026/12/10,2026-12,CALL,47750,20940,,,,,,,,,,,,,
2026/10/03 07:49,2026-10-03T08:04:45+09:00,2026/10/05,2026/12/10,2026-12,PUT,47750,92,5,,,,,,,,,,,,
2026/10/03 07:49,2026-10-03T08:04:45+09:00,2026/10/05,2026/12/10,2026-12,CALL,47500,21185,200,,,,,,,,,,,,
2026/10/03 07:49,2026-10-03T08:04:45+09:00,2026/10/05,2026/12/10,2026-12,PUT,47500,90,1122,,,,,,,,,,,,
2026/10/03 07:49,2026-10-03T08:04:45+09:00,2026/10/05,2026/12/10,2026-12,CALL,47250,21435,,,,,,,,,,,,,
2026/10/03 07:49,2026-10-03T08:04:45+09:00,2026/10/05,2026/12/10,2026-12,PUT,47250,88,,,,,,,,,,,,,
2026/10/03 07:49,2026-10-03T08:04:45+09:00,2026/10/05,2026/12/10,2026-12,CALL,47000,21680,350,,,,,,,,,,,,
2026/10/03 07:49,2026-10-03T08:04:45+09:00,2026/10/05,2026/12/10,2026-12,PUT,47000,85,2828,,,27.57,,,1,21,,,,,
2026/10/03 07:49,2026-10-03T08:04:45+09:00,2026/10/05,2026/12/10,2026-12,CALL,46750,21930,,,,,,,,,,,,,
2026/10/03 07:49,2026-10-03T08:04:45+09:00,2026/10/05,2026/12/10,2026-12,PUT,46750,84,24,,,,,,,,,,,,
2026/10/03 07:49,2026-10-03T08:04:45+09:00,2026/10/05,2026/12/10,2026-12,CALL,46500,22175,,,,,,,,,,,,,
2026/10/03 07:49,2026-10-03T08:04:45+09:00,2026/10/05,2026/12/10,2026-12,PUT,46500,84,119,,,,,,,,,,,,
2026/10/03 07:49,2026-10-03T08:04:45+09:00,2026/10/05,2026/12/10,2026-12,CALL,46250,22425,315,,,,,,,,,,,,
2026/10/03 07:49,2026-10-03T08:04:45+09:00,2026/10/05,2026/12/10,2026-12,PUT,46250,82,71,,,,,,,,,,,,
2026/10/03 07:49,2026-10-03T08:04:45+09:00,2026/10/05,2026/12/10,2026-12,CALL,46000,22670,2300,,,,,,,,,,,,
2026/10/03 07:49,2026-10-03T08:04:45+09:00,2026/10/05,2026/12/10,2026-12,PUT,46000,79,3457,,,28.99,,,1,21,,,,,
2026/10/03 07:49,2026-10-03T08:04:45+09:00,2026/10/05,2026/12/10,2026-12,CALL,45750,22920,,,,,,,,,,,,,
2026/10/03 07:49,2026-10-03T08:04:45+09:00,2026/10/05,2026/12/10,2026-12,PUT,45750,77,,,,,,,,,,,,,
2026/10/03 07:49,2026-10-03T08:04:45+09:00,2026/10/05,2026/12/10,2026-12,CALL,45500,23165,200,,,,,,,,,,,,
2026/10/03 07:49,2026-10-03T08:04:45+09:00,2026/10/05,2026/12/10,2026-12,PUT,45500,76,350,,,,,,,,,,,,
2026/10/03 07:49,2026-10-03T08:04:45+09:00,2026/10/05,2026/12/10,2026-12,CALL,45250,23415,413,,,,,,,,,,,,
2026/10/03 07:49,2026-10-03T08:04:45+09:00,2026/10/05,2026/12/10,2026-12,PUT,45250,75,53,,,,,,,,,,,,
2026/10/03 07:49,2026-10-03T08:04:45+09:00,2026/10/05,2026/12/10,2026-12,CALL,45000,23635,1842,,67.12,,25200,2,,,,,,,
2026/10/03 07:49,2026-10-03T08:04:45+09:00,2026/10/05,2026/12/10,2026-12,PUT,45000,48,2846,,,33.22,,,3,1,,,,,
2026/10/03 07:49,2026-10-03T08:04:45+09:00,2026/10/05,2026/12/10,2026-12,CALL,44750,23885,,,,,,,,,,,,,
2026/10/03 07:49,2026-10-03T08:04:45+09:00,2026/10/05,2026/12/10,2026-12,PUT,44750,46,1,,,,,,,,,,,,
2026/10/03 07:49,2026-10-03T08:04:45+09:00,2026/10/05,2026/12/10,2026-12,CALL,44500,24130,,,,,,,,,,,,,
2026/10/03 07:49,2026-10-03T08:04:45+09:00,2026/10/05,2026/12/10,2026-12,PUT,44500,44,102,,,,,,,,,,,,
2026/10/03 07:49,2026-10-03T08:04:45+09:00,2026/10/05,2026/12/10,2026-12,CALL,44250,24380,,,,,,,,,,,,,
2026/10/03 07:49,2026-10-03T08:04:45+09:00,2026/10/05,2026/12/10,2026-12,PUT,44250,42,,,,,,,,,,,,,
2026/10/03 07:49,2026-10-03T08:04:45+09:00,2026/10/05,2026/12/10,2026-12,CALL,44000,24625,600,,,,,,,,,,,,
2026/10/03 07:49,2026-10-03T08:04:45+09:00,2026/10/05,2026/12/10,2026-12,PUT,44000,55,2803,,,33.66,,,2,1,,,,,
2026/10/03 07:49,2026-10-03T08:04:45+09:00,2026/10/05,2026/12/10,2026-12,CALL,43750,24875,131,,,,,,,,,,,,
2026/10/03 07:49,2026-10-03T08:04:45+09:00,2026/10/05,2026/12/10,2026-12,PUT,43750,38,9,,,,,,,,,,,,
2026/10/03 07:49,2026-10-03T08:04:45+09:00,2026/10/05,2026/12/10,2026-12,CALL,43500,25120,,,,,,,,,,,,,
2026/10/03 07:49,2026-10-03T08:04:45+09:00,2026/10/05,2026/12/10,2026-12,PUT,43500,37,102,,,,,,,,,,,,
2026/10/03 07:49,2026-10-03T08:04:45+09:00,2026/10/05,2026/12/10,2026-12,CALL,43250,25370,4,,,,,,,,,,,,
2026/10/03 07:49,2026-10-03T08:04:45+09:00,2026/10/05,2026/12/10,2026-12,PUT,43250,35,,,,33.02,,,1,1,,,,,
2026/10/03 07:49,2026-10-03T08:04:45+09:00,2026/10/05,2026/12/10,2026-12,CALL,43000,25615,1400,,,,,,,,,,,,
2026/10/03 07:49,2026-10-03T08:04:45+09:00,2026/10/05,2026/12/10,2026-12,PUT,43000,34,2175,,,33.4,,,1,20,,,,,
2026/10/03 07:49,2026-10-03T08:04:45+09:00,2026/10/05,2026/12/10,2026-12,CALL,42750,25865,,,,,,,,,,,,,
2026/10/03 07:49,2026-10-03T08:04:45+09:00,2026/10/05,2026/12/10,2026-12,PUT,42750,32,,,,,,,,,,,,,
2026/10/03 07:49,2026-10-03T08:04:45+09:00,2026/10/05,2026/12/10,2026-12,CALL,42500,26115,260,,,,,,,,,,,,
2026/10/03 07:49,2026-10-03T08:04:45+09:00,2026/10/05,2026/12/10,2026-12,PUT,42500,48,301,,,,,,,,,,,,
2026/10/03 07:49,2026-10-03T08:04:45+09:00,2026/10/05,2026/12/10,2026-12,CALL,42250,26360,,,,,,,,,,,,,
2026/10/03 07:49,2026-10-03T08:04:45+09:00,2026/10/05,2026/12/10,2026-12,PUT,42250,29,2,,,,,,,,,,,,
2026/10/03 07:49,2026-10-03T08:04:45+09:00,2026/10/05,2026/12/10,2026-12,CALL,42000,26610,1071,,,,,,,,,,,,
2026/10/03 07:49,2026-10-03T08:04:45+09:00,2026/10/05,2026/12/10,2026-12,PUT,42000,28,3702,,,34.94,,,1,20,,,,,
2026/10/03 07:49,2026-10-03T08:04:45+09:00,2026/10/05,2026/12/10,2026-12,CALL,41750,26855,,,,,,,,,,,,,
2026/10/03 07:49,2026-10-03T08:04:45+09:00,2026/10/05,2026/12/10,2026-12,PUT,41750,27,,,,,,,,,,,,,
2026/10/03 07:49,2026-10-03T08:04:45+09:00,2026/10/05,2026/12/10,2026-12,CALL,41500,27105,100,,,,,,,,,,,,
2026/10/03 07:49,2026-10-03T08:04:45+09:00,2026/10/05,2026/12/10,2026-12,PUT,41500,26,101,,,,,,,,,,,,
2026/10/03 07:49,2026-10-03T08:04:45+09:00,2026/10/05,2026/12/10,2026-12,CALL,41250,27355,,,,,,,,,,,,,
2026/10/03 07:49,2026-10-03T08:04:45+09:00,2026/10/05,2026/12/10,2026-12,PUT,41250,24,3,,,,,,,,,,,,
2026/10/03 07:49,2026-10-03T08:04:45+09:00,2026/10/05,2026/12/10,2026-12,CALL,41000,27600,1300,,,,,,,,,,,,
2026/10/03 07:49,2026-10-03T08:04:45+09:00,2026/10/05,2026/12/10,2026-12,PUT,41000,23,1929,,,36.5,,,1,20,,,,,
2026/10/03 07:49,2026-10-03T08:04:45+09:00,2026/10/05,2026/12/10,2026-12,CALL,40750,27850,,,,,,,,,,,,,
2026/10/03 07:49,2026-10-03T08:04:45+09:00,2026/10/05,2026/12/10,2026-12,PUT,40750,22,1,,,,,,,,,,,,
2026/10/03 07:49,2026-10-03T08:04:45+09:00,2026/10/05,2026/12/10,2026-12,CALL,40500,28100,400,,,,,,,,,,,,
2026/10/03 07:49,2026-10-03T08:04:45+09:00,2026/10/05,2026/12/10,2026-12,PUT,40500,21,1399,,,,,,,,,,,,
2026/10/03 07:49,2026-10-03T08:04:45+09:00,2026/10/05,2026/12/10,2026-12,CALL,40250,28345,,,,,,,,,,,,,
2026/10/03 07:49,2026-10-03T08:04:45+09:00,2026/10/05,2026/12/10,2026-12,PUT,40250,20,5,,,,,,,,,,,,
2026/10/03 07:49,2026-10-03T08:04:45+09:00,2026/10/05,2026/12/10,2026-12,CALL,40000,28595,1200,,,,,,,,,,,,
2026/10/03 07:49,2026-10-03T08:04:45+09:00,2026/10/05,2026/12/10,2026-12,PUT,40000,19,6768,1,,48.33,,,15,2,51.88,,,30,10/02 19:42
2026/10/03 07:49,2026-10-03T08:04:45+09:00,2026/10/05,2026/12/10,2026-12,CALL,39750,28845,,,,,,,,,,,,,
2026/10/03 07:49,2026-10-03T08:04:45+09:00,2026/10/05,2026/12/10,2026-12,PUT,39750,18,,,,,,,,,,,,,
2026/10/03 07:49,2026-10-03T08:04:45+09:00,2026/10/05,2026/12/10,2026-12,CALL,39500,29090,500,,,,,,,,,,,,
2026/10/03 07:49,2026-10-03T08:04:45+09:00,2026/10/05,2026/12/10,2026-12,PUT,39500,18,1008,,,,,,,,,,,,
2026/10/03 07:49,2026-10-03T08:04:45+09:00,2026/10/05,2026/12/10,2026-12,CALL,39250,29340,,,,,,,,,,,,,
2026/10/03 07:49,2026-10-03T08:04:45+09:00,2026/10/05,2026/12/10,2026-12,PUT,39250,17,650,,,,,,,,,,,,
2026/10/03 07:49,2026-10-03T08:04:45+09:00,2026/10/05,2026/12/10,2026-12,CALL,39000,29590,750,,,,,,,,,,,,
2026/10/03 07:49,2026-10-03T08:04:45+09:00,2026/10/05,2026/12/10,2026-12,PUT,39000,16,2301,,,39.76,,,1,20,,,,,
2026/10/03 07:49,2026-10-03T08:04:45+09:00,2026/10/05,2026/12/10,2026-12,CALL,38750,29835,50,,,,,,,,,,,,
2026/10/03 07:49,2026-10-03T08:04:45+09:00,2026/10/05,2026/12/10,2026-12,PUT,38750,15,50,,,,,,,,,,,,
2026/10/03 07:49,2026-10-03T08:04:45+09:00,2026/10/05,2026/12/10,2026-12,CALL,38500,30085,700,,,,,,,,,,,,
2026/10/03 07:49,2026-10-03T08:04:45+09:00,2026/10/05,2026/12/10,2026-12,PUT,38500,15,1150,,,,,,,,,,,,
2026/10/03 07:49,2026-10-03T08:04:45+09:00,2026/10/05,2026/12/10,2026-12,CALL,38250,30335,,,,,,,,,,,,,
2026/10/03 07:49,2026-10-03T08:04:45+09:00,2026/10/05,2026/12/10,2026-12,PUT,38250,14,,,,,,,,,,,,,
2026/10/03 07:49,2026-10-03T08:04:45+09:00,2026/10/05,2026/12/10,2026-12,CALL,38000,30585,1225,,,,,,,,,,,,
2026/10/03 07:49,2026-10-03T08:04:45+09:00,2026/10/05,2026/12/10,2026-12,PUT,38000,19,2587,10,,45.13,,,3,1,55.13,-10,-28.57,25,10/02 18:39
2026/10/03 07:49,2026-10-03T08:04:45+09:00,2026/10/05,2026/12/10,2026-12,CALL,37750,30830,100,,,,,,,,,,,,
2026/10/03 07:49,2026-10-03T08:04:45+09:00,2026/10/05,2026/12/10,2026-12,PUT,37750,13,100,,,,,,,,,,,,
2026/10/03 07:49,2026-10-03T08:04:45+09:00,2026/10/05,2026/12/10,2026-12,CALL,37500,31080,88,,,,,,,,,,,,
2026/10/03 07:49,2026-10-03T08:04:45+09:00,2026/10/05,2026/12/10,2026-12,PUT,37500,12,188,,,,,,,,,,,,
2026/10/03 07:49,2026-10-03T08:04:45+09:00,2026/10/05,2026/12/10,2026-12,CALL,37250,31330,,,,,,,,,,,,,
2026/10/03 07:49,2026-10-03T08:04:45+09:00,2026/10/05,2026/12/10,2026-12,PUT,37250,11,,,,,,,,,,,,,
2026/10/03 07:49,2026-10-03T08:04:45+09:00,2026/10/05,2026/12/10,2026-12,CALL,37000,31580,450,,,,,,,,,,,,
2026/10/03 07:49,2026-10-03T08:04:45+09:00,2026/10/05,2026/12/10,2026-12,PUT,37000,11,2619,,,43.17,,,1,20,,,,,
2026/10/03 07:49,2026-10-03T08:04:45+09:00,2026/10/05,2026/12/10,2026-12,CALL,36750,31825,,,,,,,,,,,,,
2026/10/03 07:49,2026-10-03T08:04:45+09:00,2026/10/05,2026/12/10,2026-12,PUT,36750,10,400,,,,,,,,,,,,
2026/10/03 07:49,2026-10-03T08:04:45+09:00,2026/10/05,2026/12/10,2026-12,CALL,36500,32075,252,,,,,,,,,,,,
2026/10/03 07:49,2026-10-03T08:04:45+09:00,2026/10/05,2026/12/10,2026-12,PUT,36500,10,225,,,,,,,,,,,,
2026/10/03 07:49,2026-10-03T08:04:45+09:00,2026/10/05,2026/12/10,2026-12,CALL,36250,32325,,,,,,,,,,,,,
2026/10/03 07:49,2026-10-03T08:04:45+09:00,2026/10/05,2026/12/10,2026-12,PUT,36250,9,,,,,,,,,,,,,
2026/10/03 07:49,2026-10-03T08:04:45+09:00,2026/10/05,2026/12/10,2026-12,CALL,36000,32575,975,,,,,,,,,,,,
2026/10/03 07:49,2026-10-03T08:04:45+09:00,2026/10/05,2026/12/10,2026-12,PUT,36000,9,2906,,,44.95,,,1,20,,,,,
2026/10/03 07:49,2026-10-03T08:04:45+09:00,2026/10/05,2026/12/10,2026-12,CALL,35750,32820,,,,,,,,,,,,,
2026/10/03 07:49,2026-10-03T08:04:45+09:00,2026/10/05,2026/12/10,2026-12,PUT,35750,8,,,,,,,,,,,,,
2026/10/03 07:49,2026-10-03T08:04:45+09:00,2026/10/05,2026/12/10,2026-12,CALL,35500,33070,,,,,,,,,,,,,
2026/10/03 07:49,2026-10-03T08:04:45+09:00,2026/10/05,2026/12/10,2026-12,PUT,35500,8,,,,,,,,,,,,,
2026/10/03 07:49,2026-10-03T08:04:45+09:00,2026/10/05,2026/12/10,2026-12,CALL,35250,33320,,,,,,,,,,,,,
2026/10/03 07:49,2026-10-03T08:04:45+09:00,2026/10/05,2026/12/10,2026-12,PUT,35250,7,,,,,,,,,,,,,
2026/10/03 07:49,2026-10-03T08:04:45+09:00,2026/10/05,2026/12/10,2026-12,CALL,35000,33570,435,,,,,,,,,,,,
2026/10/03 07:49,2026-10-03T08:04:45+09:00,2026/10/05,2026/12/10,2026-12,PUT,35000,21,5277,2,61.81,56.67,23,1,10,1,60.91,,,20,10/02 21:39
2026/10/03 07:49,2026-10-03T08:04:45+09:00,2026/10/05,2026/12/10,2026-12,CALL,34750,33820,,,,,,,,,,,,,
2026/10/03 07:49,2026-10-03T08:04:45+09:00,2026/10/05,2026/12/10,2026-12,PUT,34750,7,1,,,,,,,,,,,,
2026/10/03 07:49,2026-10-03T08:04:45+09:00,2026/10/05,2026/12/10,2026-12,CALL,34500,34065,400,,,,,,,,,,,,
2026/10/03 07:49,2026-10-03T08:04:45+09:00,2026/10/05,2026/12/10,2026-12,PUT,34500,6,560,,,55.86,,,7,10,,,,,
2026/10/03 07:49,2026-10-03T08:04:45+09:00,2026/10/05,2026/12/10,2026-12,CALL,34250,34315,,,,,,,,,,,,,
2026/10/03 07:49,2026-10-03T08:04:45+09:00,2026/10/05,2026/12/10,2026-12,PUT,34250,6,2,,,,,,,,,,,,
2026/10/03 07:49,2026-10-03T08:04:45+09:00,2026/10/05,2026/12/10,2026-12,CALL,34000,34565,280,,,,,,,,,,,,
2026/10/03 07:49,2026-10-03T08:04:45+09:00,2026/10/05,2026/12/10,2026-12,PUT,34000,6,2820,,,48.65,,,1,20,,,,,
2026/10/03 07:49,2026-10-03T08:04:45+09:00,2026/10/05,2026/12/10,2026-12,CALL,33750,34815,,,,,,,,,,,,,
2026/10/03 07:49,2026-10-03T08:04:45+09:00,2026/10/05,2026/12/10,2026-12,PUT,33750,5,,,,,,,,,,,,,
2026/10/03 07:49,2026-10-03T08:04:45+09:00,2026/10/05,2026/12/10,2026-12,CALL,33500,35065,,,,,,,,,,,,,
2026/10/03 07:49,2026-10-03T08:04:45+09:00,2026/10/05,2026/12/10,2026-12,PUT,33500,5,72,,,,,,,,,,,,
2026/10/03 07:49,2026-10-03T08:04:45+09:00,2026/10/05,2026/12/10,2026-12,CALL,33250,35310,,,,,,,,,,,,,
2026/10/03 07:49,2026-10-03T08:04:45+09:00,2026/10/05,2026/12/10,2026-12,PUT,33250,5,37,,,,,,,,,,,,
2026/10/03 07:49,2026-10-03T08:04:45+09:00,2026/10/05,2026/12/10,2026-12,CALL,33000,35560,1950,,,,,,,,,,,,
2026/10/03 07:49,2026-10-03T08:04:45+09:00,2026/10/05,2026/12/10,2026-12,PUT,33000,15,3362,,,63.73,,,15,1,,,,,
2026/10/03 07:49,2026-10-03T08:04:45+09:00,2026/10/05,2026/12/10,2026-12,CALL,32750,35810,,,,,,,,,,,,,
2026/10/03 07:49,2026-10-03T08:04:45+09:00,2026/10/05,2026/12/10,2026-12,PUT,32750,4,,,,,,,,,,,,,
2026/10/03 07:49,2026-10-03T08:04:45+09:00,2026/10/05,2026/12/10,2026-12,CALL,32500,36060,250,,,,,,,,,,,,
2026/10/03 07:49,2026-10-03T08:04:45+09:00,2026/10/05,2026/12/10,2026-12,PUT,32500,4,900,,,,,,,,,,,,
2026/10/03 07:49,2026-10-03T08:04:45+09:00,2026/10/05,2026/12/10,2026-12,CALL,32250,36310,,,,,,,,,,,,,
2026/10/03 07:49,2026-10-03T08:04:45+09:00,2026/10/05,2026/12/10,2026-12,PUT,32250,4,600,,,,,,,,,,,,
2026/10/03 07:49,2026-10-03T08:04:45+09:00,2026/10/05,2026/12/10,2026-12,CALL,32000,36560,700,,,,,,,,,,,,
2026/10/03 07:49,2026-10-03T08:04:45+09:00,2026/10/05,2026/12/10,2026-12,PUT,32000,4,4655,,,52.57,,,1,50,,,,,
2026/10/03 07:49,2026-10-03T08:04:45+09:00,2026/10/05,2026/12/10,2026-12,CALL,31750,36805,,,,,,,,,,,,,
2026/10/03 07:49,2026-10-03T08:04:45+09:00,2026/10/05,2026/12/10,2026-12,PUT,31750,3,,,,,,,,,,,,,
2026/10/03 07:49,2026-10-03T08:04:45+09:00,2026/10/05,2026/12/10,2026-12,CALL,31500,37055,50,,,,,,,,,,,,
2026/10/03 07:49,2026-10-03T08:04:45+09:00,2026/10/05,2026/12/10,2026-12,PUT,31500,3,350,,,,,,,,,,,,
2026/10/03 07:49,2026-10-03T08:04:45+09:00,2026/10/05,2026/12/10,2026-12,CALL,31250,37305,,,,,,,,,,,,,
2026/10/03 07:49,2026-10-03T08:04:45+09:00,2026/10/05,2026/12/10,2026-12,PUT,31250,3,,,,,,,,,,,,,
2026/10/03 07:49,2026-10-03T08:04:45+09:00,2026/10/05,2026/12/10,2026-12,CALL,31000,37555,241,,,,,,,,,,,,
2026/10/03 07:49,2026-10-03T08:04:45+09:00,2026/10/05,2026/12/10,2026-12,PUT,31000,3,2037,,,54.62,,,1,20,,,,,
2026/10/03 07:49,2026-10-03T08:04:45+09:00,2026/10/05,2026/12/10,2026-12,CALL,30750,37805,,,,,,,,,,,,,
2026/10/03 07:49,2026-10-03T08:04:45+09:00,2026/10/05,2026/12/10,2026-12,PUT,30750,3,,,,,,,,,,,,,
2026/10/03 07:49,2026-10-03T08:04:45+09:00,2026/10/05,2026/12/10,2026-12,CALL,30500,38055,50,,,,,,,,,,,,
2026/10/03 07:49,2026-10-03T08:04:45+09:00,2026/10/05,2026/12/10,2026-12,PUT,30500,3,51,,,,,,,,,,,,
2026/10/03 07:49,2026-10-03T08:04:45+09:00,2026/10/05,2026/12/10,2026-12,CALL,30250,38300,,,,,,,,,,,,,
2026/10/03 07:49,2026-10-03T08:04:45+09:00,2026/10/05,2026/12/10,2026-12,PUT,30250,2,,,,,,,,,,,,,
2026/10/03 07:49,2026-10-03T08:04:45+09:00,2026/10/05,2026/12/10,2026-12,CALL,30000,38550,2553,,,,,,,,,,,,
2026/10/03 07:49,2026-10-03T08:04:45+09:00,2026/10/05,2026/12/10,2026-12,PUT,30000,11,10137,14,73.9,68.54,21,10,10,3,69,,,10,10/02 23:31
2026/10/03 07:49,2026-10-03T08:04:45+09:00,2026/10/05,2026/12/10,2026-12,CALL,29750,38800,,,,,,,,,,,,,
2026/10/03 07:49,2026-10-03T08:04:45+09:00,2026/10/05,2026/12/10,2026-12,PUT,29750,2,,,,,,,,,,,,,
2026/10/03 07:49,2026-10-03T08:04:45+09:00,2026/10/05,2026/12/10,2026-12,CALL,29500,39050,,,,,,,,,,,,,
2026/10/03 07:49,2026-10-03T08:04:45+09:00,2026/10/05,2026/12/10,2026-12,PUT,29500,2,,,,,,,,,,,,,
2026/10/03 07:49,2026-10-03T08:04:45+09:00,2026/10/05,2026/12/10,2026-12,CALL,29250,39300,,,,,,,,,,,,,
2026/10/03 07:49,2026-10-03T08:04:45+09:00,2026/10/05,2026/12/10,2026-12,PUT,29250,2,,,,,,,,,,,,,
2026/10/03 07:49,2026-10-03T08:04:45+09:00,2026/10/05,2026/12/10,2026-12,CALL,29000,39550,150,,,,,,,,,,,,
2026/10/03 07:49,2026-10-03T08:04:45+09:00,2026/10/05,2026/12/10,2026-12,PUT,29000,5,1450,,,66.81,,,5,2,,,,,
2026/10/03 07:49,2026-10-03T08:04:45+09:00,2026/10/05,2026/12/10,2026-12,CALL,28750,39795,,,,,,,,,,,,,
2026/10/03 07:49,2026-10-03T08:04:45+09:00,2026/10/05,2026/12/10,2026-12,PUT,28750,2,,,,,,,,,,,,,
2026/10/03 07:49,2026-10-03T08:04:45+09:00,2026/10/05,2026/12/10,2026-12,CALL,28500,40045,125,,,,,,,,,,,,
2026/10/03 07:49,2026-10-03T08:04:45+09:00,2026/10/05,2026/12/10,2026-12,PUT,28500,2,400,,,,,,,,,,,,
2026/10/03 07:49,2026-10-03T08:04:45+09:00,2026/10/05,2026/12/10,2026-12,CALL,28250,40295,,,,,,,,,,,,,
2026/10/03 07:49,2026-10-03T08:04:45+09:00,2026/10/05,2026/12/10,2026-12,PUT,28250,2,,,,,,,,,,,,,
2026/10/03 07:49,2026-10-03T08:04:45+09:00,2026/10/05,2026/12/10,2026-12,CALL,28000,40545,75,,,,,,,,,,,,
2026/10/03 07:49,2026-10-03T08:04:45+09:00,2026/10/05,2026/12/10,2026-12,PUT,28000,5,1334,,,69.35,,,5,4,,,,,
2026/10/03 07:49,2026-10-03T08:04:45+09:00,2026/10/05,2026/12/10,2026-12,CALL,27750,40795,,,,,,,,,,,,,
2026/10/03 07:49,2026-10-03T08:04:45+09:00,2026/10/05,2026/12/10,2026-12,PUT,27750,1,72,,,,,,,,,,,,
2026/10/03 07:49,2026-10-03T08:04:45+09:00,2026/10/05,2026/12/10,2026-12,CALL,27500,41045,,,,,,,,,,,,,
2026/10/03 07:49,2026-10-03T08:04:45+09:00,2026/10/05,2026/12/10,2026-12,PUT,27500,1,25,,,,,,,,,,,,
2026/10/03 07:49,2026-10-03T08:04:45+09:00,2026/10/05,2026/12/10,2026-12,CALL,27250,41295,,,,,,,,,,,,,
2026/10/03 07:49,2026-10-03T08:04:45+09:00,2026/10/05,2026/12/10,2026-12,PUT,27250,1,,,,,,,,,,,,,
2026/10/03 07:49,2026-10-03T08:04:45+09:00,2026/10/05,2026/12/10,2026-12,CALL,27000,41540,250,,,,,,,,,,,,
2026/10/03 07:49,2026-10-03T08:04:45+09:00,2026/10/05,2026/12/10,2026-12,PUT,27000,5,2631,,,72,,,5,5,,,,,
2026/10/03 07:49,2026-10-03T08:04:45+09:00,2026/10/05,2026/12/10,2026-12,CALL,26750,41790,,,,,,,,,,,,,
2026/10/03 07:49,2026-10-03T08:04:45+09:00,2026/10/05,2026/12/10,2026-12,PUT,26750,1,,,,,,,,,,,,,
2026/10/03 07:49,2026-10-03T08:04:45+09:00,2026/10/05,2026/12/10,2026-12,CALL,26500,42040,,,,,,,,,,,,,
2026/10/03 07:49,2026-10-03T08:04:45+09:00,2026/10/05,2026/12/10,2026-12,PUT,26500,1,3,,,,,,,,,,,,
2026/10/03 07:49,2026-10-03T08:04:45+09:00,2026/10/05,2026/12/10,2026-12,CALL,26250,42290,,,,,,,,,,,,,
2026/10/03 07:49,2026-10-03T08:04:45+09:00,2026/10/05,2026/12/10,2026-12,PUT,26250,1,,,,,,,,,,,,,
2026/10/03 07:49,2026-10-03T08:04:45+09:00,2026/10/05,2026/12/10,2026-12,CALL,26000,42540,350,,,,,,,,,,,,
2026/10/03 07:49,2026-10-03T08:04:45+09:00,2026/10/05,2026/12/10,2026-12,PUT,26000,1,1425,,94.64,65.99,50,1,1,20,,,,,
2026/10/03 07:49,2026-10-03T08:04:45+09:00,2026/10/05,2026/12/10,2026-12,CALL,25750,42790,,,,,,,,,,,,,
2026/10/03 07:49,2026-10-03T08:04:45+09:00,2026/10/05,2026/12/10,2026-12,PUT,25750,1,,,,,,,,,,,,,
2026/10/03 07:49,2026-10-03T08:04:45+09:00,2026/10/05,2026/12/10,2026-12,CALL,25500,43040,,,,,,,,,,,,,
2026/10/03 07:49,2026-10-03T08:04:45+09:00,2026/10/05,2026/12/10,2026-12,PUT,25500,1,2,,,,,,,,,,,,
2026/10/03 07:49,2026-10-03T08:04:45+09:00,2026/10/05,2026/12/10,2026-12,CALL,25250,43285,,,,,,,,,,,,,
2026/10/03 07:49,2026-10-03T08:04:45+09:00,2026/10/05,2026/12/10,2026-12,PUT,25250,1,1,,,,,,,,,,,,
2026/10/03 07:49,2026-10-03T08:04:45+09:00,2026/10/05,2026/12/10,2026-12,CALL,25000,43535,300,,,,,,,,,,,,
2026/10/03 07:49,2026-10-03T08:04:45+09:00,2026/10/05,2026/12/10,2026-12,PUT,25000,5,2019,,85.9,77.59,15,1,5,1,,,,,
2026/10/03 07:49,2026-10-03T08:04:45+09:00,2026/10/05,2026/12/10,2026-12,CALL,24750,43785,,,,,,,,,,,,,
2026/10/03 07:49,2026-10-03T08:04:45+09:00,2026/10/05,2026/12/10,2026-12,PUT,24750,1,1,,,,,,,,,,,,
2026/10/03 07:49,2026-10-03T08:04:45+09:00,2026/10/05,2026/12/10,2026-12,CALL,24500,44035,,,,,,,,,,,,,
2026/10/03 07:49,2026-10-03T08:04:45+09:00,2026/10/05,2026/12/10,2026-12,PUT,24500,1,250,,,,,,,,,,,,
2026/10/03 07:49,2026-10-03T08:04:45+09:00,2026/10/05,2026/12/10,2026-12,CALL,24250,44285,,,,,,,,,,,,,
2026/10/03 07:49,2026-10-03T08:04:45+09:00,2026/10/05,2026/12/10,2026-12,PUT,24250,1,,,,,,,,,,,,,
2026/10/03 07:49,2026-10-03T08:04:45+09:00,2026/10/05,2026/12/10,2026-12,CALL,24000,44535,,,,,,,,,,,,,
2026/10/03 07:49,2026-10-03T08:04:45+09:00,2026/10/05,2026/12/10,2026-12,PUT,24000,1,405,,99.18,71.16,40,1,1,30,,,,,
2026/10/03 07:49,2026-10-03T08:04:45+09:00,2026/10/05,2026/12/10,2026-12,CALL,23750,44785,,,,,,,,,,,,,
2026/10/03 07:49,2026-10-03T08:04:45+09:00,2026/10/05,2026/12/10,2026-12,PUT,23750,1,,,,,,,,,,,,,
2026/10/03 07:49,2026-10-03T08:04:45+09:00,2026/10/05,2026/12/10,2026-12,CALL,23500,45030,,,,,,,,,,,,,
2026/10/03 07:49,2026-10-03T08:04:45+09:00,2026/10/05,2026/12/10,2026-12,PUT,23500,1,127,,,,,,,,,,,,
2026/10/03 07:49,2026-10-03T08:04:45+09:00,2026/10/05,2026/12/10,2026-12,CALL,23250,45280,,,,,,,,,,,,,
2026/10/03 07:49,2026-10-03T08:04:45+09:00,2026/10/05,2026/12/10,2026-12,PUT,23250,1,1,,,,,,,,,,,,
2026/10/03 07:49,2026-10-03T08:04:45+09:00,2026/10/05,2026/12/10,2026-12,CALL,23000,45530,,,,,,,,,,,,,
2026/10/03 07:49,2026-10-03T08:04:45+09:00,2026/10/05,2026/12/10,2026-12,PUT,23000,2,2106,,,77.72,,,2,1,,,,,
2026/10/03 07:49,2026-10-03T08:04:45+09:00,2026/10/05,2026/12/10,2026-12,CALL,22750,45780,,,,,,,,,,,,,
2026/10/03 07:49,2026-10-03T08:04:45+09:00,2026/10/05,2026/12/10,2026-12,PUT,22750,1,,,,,,,,,,,,,
2026/10/03 07:49,2026-10-03T08:04:45+09:00,2026/10/05,2026/12/10,2026-12,CALL,22500,46030,,,,,,,,,,,,,
2026/10/03 07:49,2026-10-03T08:04:45+09:00,2026/10/05,2026/12/10,2026-12,PUT,22500,1,150,,,,,,,,,,,,
2026/10/03 07:49,2026-10-03T08:04:45+09:00,2026/10/05,2026/12/10,2026-12,CALL,22250,46280,,,,,,,,,,,,,
2026/10/03 07:49,2026-10-03T08:04:45+09:00,2026/10/05,2026/12/10,2026-12,PUT,22250,1,,,,,,,,,,,,,
2026/10/03 07:49,2026-10-03T08:04:45+09:00,2026/10/05,2026/12/10,2026-12,CALL,22000,46530,100,,,,,,,,,,,,
2026/10/03 07:49,2026-10-03T08:04:45+09:00,2026/10/05,2026/12/10,2026-12,PUT,22000,3,1716,,120.15,83.31,100,1,3,1,,,,,
2026/10/03 07:49,2026-10-03T08:04:45+09:00,2026/10/05,2026/12/10,2026-12,CALL,21750,46775,,,,,,,,,,,,,
2026/10/03 07:49,2026-10-03T08:04:45+09:00,2026/10/05,2026/12/10,2026-12,PUT,21750,1,,,,,,,,,,,,,
2026/10/03 07:49,2026-10-03T08:04:45+09:00,2026/10/05,2026/12/10,2026-12,CALL,21500,47025,,,,,,,,,,,,,
2026/10/03 07:49,2026-10-03T08:04:45+09:00,2026/10/05,2026/12/10,2026-12,PUT,21500,1,500,,,,,,,,,,,,
2026/10/03 07:49,2026-10-03T08:04:45+09:00,2026/10/05,2026/12/10,2026-12,CALL,21250,47275,,,,,,,,,,,,,
2026/10/03 07:49,2026-10-03T08:04:45+09:00,2026/10/05,2026/12/10,2026-12,PUT,21250,1,,,,,,,,,,,,,
2026/10/03 07:49,2026-10-03T08:04:45+09:00,2026/10/05,2026/12/10,2026-12,CALL,21000,47525,,,,,,,,,,,,,
2026/10/03 07:49,2026-10-03T08:04:45+09:00,2026/10/05,2026/12/10,2026-12,PUT,21000,1,350,,,,,,,,,,,,
2026/10/03 07:49,2026-10-03T08:04:45+09:00,2026/10/05,2026/12/10,2026-12,CALL,20750,47775,,,,,,,,,,,,,
2026/10/03 07:49,2026-10-03T08:04:45+09:00,2026/10/05,2026/12/10,2026-12,PUT,20750,1,,,,,,,,,,,,,
2026/10/03 07:49,2026-10-03T08:04:45+09:00,2026/10/05,2026/12/10,2026-12,CALL,20500,48025,,,,,,,,,,,,,
2026/10/03 07:49,2026-10-03T08:04:45+09:00,2026/10/05,2026/12/10,2026-12,PUT,20500,1,,,,,,,,,,,,,
2026/10/03 07:49,2026-10-03T08:04:45+09:00,2026/10/05,2026/12/10,2026-12,CALL,20250,48275,,,,,,,,,,,,,
2026/10/03 07:49,2026-10-03T08:04:45+09:00,2026/10/05,2026/12/10,2026-12,PUT,20250,1,3,,,,,,,,,,,,
2026/10/03 07:49,2026-10-03T08:04:45+09:00,2026/10/05,2026/12/10,2026-12,CALL,20000,48520,150,,,,,,,,,,,,
2026/10/03 07:49,2026-10-03T08:04:45+09:00,2026/10/05,2026/12/10,2026-12,PUT,20000,3,2683,70,92.1,89.99,4,1,3,8,90.17,-1,-25,3,10/03 04:38
2026/10/03 07:49,2026-10-03T08:04:45+09:00,2026/10/05,2026/12/10,2026-12,CALL,19750,48770,,,,,,,,,,,,,
2026/10/03 07:49,2026-10-03T08:04:45+09:00,2026/10/05,2026/12/10,2026-12,PUT,19750,1,,,,,,,,,,,,,
2026/10/03 07:49,2026-10-03T08:04:45+09:00,2026/10/05,2026/12/10,2026-12,CALL,19500,49020,,,,,,,,,,,,,
2026/10/03 07:49,2026-10-03T08:04:45+09:00,2026/10/05,2026/12/10,2026-12,PUT,19500,1,,,,,,,,,,,,,
2026/10/03 07:49,2026-10-03T08:04:45+09:00,2026/10/05,2026/12/10,2026-12,CALL,19250,49270,,,,,,,,,,,,,
2026/10/03 07:49,2026-10-03T08:04:45+09:00,2026/10/05,2026/12/10,2026-12,PUT,19250,1,,,,,,,,,,,,,
2026/10/03 07:49,2026-10-03T08:04:45+09:00,2026/10/05,2026/12/10,2026-12,CALL,19000,49520,,,,,,,,,,,,,
2026/10/03 07:49,2026-10-03T08:04:45+09:00,2026/10/05,2026/12/10,2026-12,PUT,19000,1,670,,,86.3,,,1,1,,,,,
2026/10/03 07:49,2026-10-03T08:04:45+09:00,2026/10/05,2026/12/10,2026-12,CALL,18750,49770,,,,,,,,,,,,,
2026/10/03 07:49,2026-10-03T08:04:45+09:00,2026/10/05,2026/12/10,2026-12,PUT,18750,1,,,,,,,,,,,,,
2026/10/03 07:49,2026-10-03T08:04:45+09:00,2026/10/05,2026/12/10,2026-12,CALL,18500,50020,,,,,,,,,,,,,
2026/10/03 07:49,2026-10-03T08:04:45+09:00,2026/10/05,2026/12/10,2026-12,PUT,18500,1,,,,,,,,,,,,,
2026/10/03 07:49,2026-10-03T08:04:45+09:00,2026/10/05,2026/12/10,2026-12,CALL,18250,50270,,,,,,,,,,,,,
2026/10/03 07:49,2026-10-03T08:04:45+09:00,2026/10/05,2026/12/10,2026-12,PUT,18250,1,,,,,,,,,,,,,
2026/10/03 07:49,2026-10-03T08:04:45+09:00,2026/10/05,2026/12/10,2026-12,CALL,18000,50515,,,,,,,,,,,,,
2026/10/03 07:49,2026-10-03T08:04:45+09:00,2026/10/05,2026/12/10,2026-12,PUT,18000,1,154,,164.26,,280,1,,,,,,,
2026/10/03 07:49,2026-10-03T08:04:45+09:00,2026/10/05,2026/12/10,2026-12,CALL,17750,50765,,,,,,,,,,,,,
2026/10/03 07:49,2026-10-03T08:04:45+09:00,2026/10/05,2026/12/10,2026-12,PUT,17750,1,,,,,,,,,,,,,
2026/10/03 07:49,2026-10-03T08:04:45+09:00,2026/10/05,2026/12/10,2026-12,CALL,17500,51015,,,,,,,,,,,,,
2026/10/03 07:49,2026-10-03T08:04:45+09:00,2026/10/05,2026/12/10,2026-12,PUT,17500,1,,,,,,,,,,,,,
2026/10/03 07:49,2026-10-03T08:04:45+09:00,2026/10/05,2026/12/10,2026-12,CALL,17250,51265,,,,,,,,,,,,,
2026/10/03 07:49,2026-10-03T08:04:45+09:00,2026/10/05,2026/12/10,2026-12,PUT,17250,1,,,,,,,,,,,,,
2026/10/03 07:49,2026-10-03T08:04:45+09:00,2026/10/05,2026/12/10,2026-12,CALL,17000,51515,,,,,,,,,,,,,
2026/10/03 07:49,2026-10-03T08:04:45+09:00,2026/10/05,2026/12/10,2026-12,PUT,17000,1,3,,,,,,,,,,,,
2026/10/03 07:49,2026-10-03T08:04:45+09:00,2026/10/05,2026/12/10,2026-12,CALL,16750,51765,,,,,,,,,,,,,
2026/10/03 07:49,2026-10-03T08:04:45+09:00,2026/10/05,2026/12/10,2026-12,PUT,16750,1,,,,,,,,,,,,,
2026/10/03 07:49,2026-10-03T08:04:45+09:00,2026/10/05,2026/12/10,2026-12,CALL,16500,52015,,,,,,,,,,,,,
2026/10/03 07:49,2026-10-03T08:04:45+09:00,2026/10/05,2026/12/10,2026-12,PUT,16500,1,,,,,,,,,,,,,
2026/10/03 07:49,2026-10-03T08:04:45+09:00,2026/10/05,2026/12/10,2026-12,CALL,16250,52260,,,,,,,,,,,,,
2026/10/03 07:49,2026-10-03T08:04:45+09:00,2026/10/05,2026/12/10,2026-12,PUT,16250,1,,,,,,,,,,,,,
2026/10/03 07:49,2026-10-03T08:04:45+09:00,2026/10/05,2026/12/10,2026-12,CALL,16000,52510,,,,,,,,,,,,,
2026/10/03 07:49,2026-10-03T08:04:45+09:00,2026/10/05,2026/12/10,2026-12,PUT,16000,1,3,,,97.48,,,1,1,,,,,
2026/10/03 07:49,2026-10-03T08:04:45+09:00,2026/10/05,2026/12/10,2026-12,CALL,15750,52760,,,,,,,,,,,,,
2026/10/03 07:49,2026-10-03T08:04:45+09:00,2026/10/05,2026/12/10,2026-12,PUT,15750,1,,,,,,,,,,,,,
2026/10/03 07:49,2026-10-03T08:04:45+09:00,2026/10/05,2026/12/10,2026-12,CALL,15500,53010,,,,,,,,,,,,,
2026/10/03 07:49,2026-10-03T08:04:45+09:00,2026/10/05,2026/12/10,2026-12,PUT,15500,1,,,,,,,,,,,,,
2026/10/03 07:49,2026-10-03T08:04:45+09:00,2026/10/05,2026/12/10,2026-12,CALL,15250,53260,,,,,,,,,,,,,
2026/10/03 07:49,2026-10-03T08:04:45+09:00,2026/10/05,2026/12/10,2026-12,PUT,15250,1,,,,,,,,,,,,,
2026/10/03 07:49,2026-10-03T08:04:45+09:00,2026/10/05,2026/12/10,2026-12,CALL,15000,53510,,,,,,,,,,,,,
2026/10/03 07:49,2026-10-03T08:04:45+09:00,2026/10/05,2026/12/10,2026-12,PUT,15000,1,6,,,101.69,,,1,31,,,,,
2026/10/03 07:49,2026-10-03T08:04:45+09:00,2026/10/05,2026/12/10,2026-12,CALL,14750,53760,,,,,,,,,,,,,
2026/10/03 07:49,2026-10-03T08:04:45+09:00,2026/10/05,2026/12/10,2026-12,PUT,14750,1,1,,,,,,,,,,,,
2026/10/03 07:49,2026-10-03T08:04:45+09:00,2026/10/05,2026/12/10,2026-12,CALL,14500,54010,,,,,,,,,,,,,
2026/10/03 07:49,2026-10-03T08:04:45+09:00,2026/10/05,2026/12/10,2026-12,PUT,14500,1,1,,,,,,,,,,,,
2026/10/03 07:49,2026-10-03T08:04:45+09:00,2026/10/05,2026/12/10,2026-12,CALL,14250,54255,,,,,,,,,,,,,
2026/10/03 07:49,2026-10-03T08:04:45+09:00,2026/10/05,2026/12/10,2026-12,PUT,14250,1,,,,,,,,,,,,,
2026/10/03 07:49,2026-10-03T08:04:45+09:00,2026/10/05,2026/12/10,2026-12,CALL,14000,54505,,,,,,,,,,,,,
2026/10/03 07:49,2026-10-03T08:04:45+09:00,2026/10/05,2026/12/10,2026-12,PUT,14000,1,12,,120.02,,5,1,,,,,,,
2026/10/03 07:49,2026-10-03T08:04:45+09:00,2026/10/05,2026/12/10,2026-12,CALL,13750,54755,,,,,,,,,,,,,
2026/10/03 07:49,2026-10-03T08:04:45+09:00,2026/10/05,2026/12/10,2026-12,PUT,13750,1,,,,,,,,,,,,,
2026/10/03 07:49,2026-10-03T08:04:45+09:00,2026/10/05,2026/12/10,2026-12,CALL,13500,55005,,,,,,,,,,,,,
2026/10/03 07:49,2026-10-03T08:04:45+09:00,2026/10/05,2026/12/10,2026-12,PUT,13500,1,101,,117.71,,3,1,,,,,,,
2026/10/03 07:49,2026-10-03T08:04:45+09:00,2026/10/05,2026/12/10,2026-12,CALL,13250,55255,,,,,,,,,,,,,
2026/10/03 07:49,2026-10-03T08:04:45+09:00,2026/10/05,2026/12/10,2026-12,PUT,13250,1,,,119.04,109.81,3,1,1,5,,,,,
2026/10/03 07:49,2026-10-03T08:04:45+09:00,2026/10/05,2026/12/10,2026-12,CALL,13000,55505,,,,,,,,,,,,,
2026/10/03 07:49,2026-10-03T08:04:45+09:00,2026/10/05,2026/12/10,2026-12,PUT,13000,1,33,,120.4,111.06,3,1,1,32,,,,,
2026/10/03 07:49,2026-10-03T08:04:45+09:00,2026/10/05,2026/12/10,2026-12,CALL,12750,55755,,,,,,,,,,,,,
2026/10/03 07:49,2026-10-03T08:04:45+09:00,2026/10/05,2026/12/10,2026-12,PUT,12750,1,2,,118.06,,2,1,,,,,,,
2026/10/03 07:49,2026-10-03T08:04:45+09:00,2026/10/05,2026/12/10,2026-12,CALL,12500,56000,84,,,,,,,,,,,,
2026/10/03 07:49,2026-10-03T08:04:45+09:00,2026/10/05,2026/12/10,2026-12,PUT,12500,1,2063,9,119.42,,2,329,,,113.71,0,0,1,10/03 01:06
2026/10/03 10:39,2026-10-03T10:54:55+09:00,2026/10/05,2026/10/08,2026-10,CALL,85000,1,178,1,45.58,,1,29,,,45.13,,,1,10/03 04:56
2026/10/03 10:39,2026-10-03T10:54:55+09:00,2026/10/05,2026/10/08,2026-10,PUT,85000,16515,26,,,,,,,,,,,,
2026/10/03 10:39,2026-10-03T10:54:55+09:00,2026/10/05,2026/10/08,2026-10,CALL,84500,1,2,,,,,,,,,,,,
2026/10/03 10:39,2026-10-03T10:54:55+09:00,2026/10/05,2026/10/08,2026-10,PUT,84500,16015,,,,,,,,,,,,,
2026/10/03 10:39,2026-10-03T10:54:55+09:00,2026/10/05,2026/10/08,2026-10,CALL,84000,1,25,,43.11,,1,1,,,,,,,
2026/10/03 10:39,2026-10-03T10:54:55+09:00,2026/10/05,2026/10/08,2026-10,PUT,84000,15515,,,,,,,,,,,,,
2026/10/03 10:39,2026-10-03T10:54:55+09:00,2026/10/05,2026/10/08,2026-10,CALL,83500,1,12,,,,,,,,,,,,
2026/10/03 10:39,2026-10-03T10:54:55+09:00,2026/10/05,2026/10/08,2026-10,PUT,83500,15015,,,,,,,,,,,,,
2026/10/03 10:39,2026-10-03T10:54:55+09:00,2026/10/05,2026/10/08,2026-10,CALL,83000,1,74,,40.6,,1,12,,,,,,,
2026/10/03 10:39,2026-10-03T10:54:55+09:00,2026/10/05,2026/10/08,2026-10,PUT,83000,14515,,,,,,,,,,,,,
2026/10/03 10:39,2026-10-03T10:54:55+09:00,2026/10/05,2026/10/08,2026-10,CALL,82500,1,19,,39.33,,1,5,,,,,,,
2026/10/03 10:39,2026-10-03T10:54:55+09:00,2026/10/05,2026/10/08,2026-10,PUT,82500,14015,,,,,,,,,,,,,
2026/10/03 10:39,2026-10-03T10:54:55+09:00,2026/10/05,2026/10/08,2026-10,CALL,82000,1,282,,38.05,,1,14,,,,,,,
2026/10/03 10:39,2026-10-03T10:54:55+09:00,2026/10/05,2026/10/08,2026-10,PUT,82000,13515,,,,,,,,,,,,,
2026/10/03 10:39,2026-10-03T10:54:55+09:00,2026/10/05,2026/10/08,2026-10,CALL,81500,1,26,,36.75,,1,2,,,,,,,
2026/10/03 10:39,2026-10-03T10:54:55+09:00,2026/10/05,2026/10/08,2026-10,PUT,81500,13015,,,,,,,,,,,,,
2026/10/03 10:39,2026-10-03T10:54:55+09:00,2026/10/05,2026/10/08,2026-10,CALL,81000,1,635,1,35.45,,1,11,,,34.41,,,1,10/02 23:07
2026/10/03 10:39,2026-10-03T10:54:55+09:00,2026/10/05,2026/10/08,2026-10,PUT,81000,12515,,,,,,,,,,,,,
2026/10/03 10:39,2026-10-03T10:54:55+09:00,2026/10/05,2026/10/08,2026-10,CALL,80500,1,49,,34.13,,1,1,,,,,,,
2026/10/03 10:39,2026-10-03T10:54:55+09:00,2026/10/05,2026/10/08,2026-10,PUT,80500,12015,,,,,,,,,,,,,
2026/10/03 10:39,2026-10-03T10:54:55+09:00,2026/10/05,2026/10/08,2026-10,CALL,80000,1,1876,2,32.79,,1,112,,,31.75,0,0,1,10/02 23:07
2026/10/03 10:39,2026-10-03T10:54:55+09:00,2026/10/05,2026/10/08,2026-10,PUT,80000,11515,,,,,,,,,,,,,
2026/10/03 10:39,2026-10-03T10:54:55+09:00,2026/10/05,2026/10/08,2026-10,CALL,79500,1,48,,39.54,,10,10,,,,,,,
2026/10/03 10:39,2026-10-03T10:54:55+09:00,2026/10/05,2026/10/08,2026-10,PUT,79500,11015,,,,,,,,,,,,,
2026/10/03 10:39,2026-10-03T10:54:55+09:00,2026/10/05,2026/10/08,2026-10,CALL,79000,1,170,9,30.09,,1,5,,,28.93,0,0,1,10/02 23:40
2026/10/03 10:39,2026-10-03T10:54:55+09:00,2026/10/05,2026/10/08,2026-10,PUT,79000,10515,1,,,,,,,,,,,,
2026/10/03 10:39,2026-10-03T10:54:55+09:00,2026/10/05,2026/10/08,2026-10,CALL,78500,1,453,19,30.54,,2,3,,,27.49,0,0,1,10/02 23:28
2026/10/03 10:39,2026-10-03T10:54:55+09:00,2026/10/05,2026/10/08,2026-10,PUT,78500,10015,,,,,,,,,,,,,
2026/10/03 10:39,2026-10-03T10:54:55+09:00,2026/10/05,2026/10/08,2026-10,CALL,78000,1,793,45,29.08,27.33,2,53,1,3,27.09,0,0,1,10/03 05:41
2026/10/03 10:39,2026-10-03T10:54:55+09:00,2026/10/05,2026/10/08,2026-10,PUT,78000,9515,,,,,,,,,,,,,
2026/10/03 10:39,2026-10-03T10:54:55+09:00,2026/10/05,2026/10/08,2026-10,CALL,77500,1,152,9,27.6,,2,6,,,25.22,0,0,1,10/03 00:01
2026/10/03 10:39,2026-10-03T10:54:55+09:00,2026/10/05,2026/10/08,2026-10,PUT,77500,9015,,,,,,,,,,,,,
2026/10/03 10:39,2026-10-03T10:54:55+09:00,2026/10/05,2026/10/08,2026-10,CALL,77000,1,1270,106,26.1,24.5,2,10,1,4,24.49,0,0,1,10/03 03:21
2026/10/03 10:39,2026-10-03T10:54:55+09:00,2026/10/05,2026/10/08,2026-10,PUT,77000,8515,,,,,,,,,,,,,
2026/10/03 10:39,2026-10-03T10:54:55+09:00,2026/10/05,2026/10/08,2026-10,CALL,76500,2,89,4,,23.07,,,1,21,24.33,2,200,3,10/02 23:04
2026/10/03 10:39,2026-10-03T10:54:55+09:00,2026/10/05,2026/10/08,2026-10,PUT,76500,8020,,,,,,,,,,,,,
2026/10/03 10:39,2026-10-03T10:54:55+09:00,2026/10/05,2026/10/08,2026-10,CALL,76250,2,254,3,26.23,22.34,5,1,1,21,23.08,0,0,2,10/03 00:01
2026/10/03 10:39,2026-10-03T10:54:55+09:00,2026/10/05,2026/10/08,2026-10,PUT,76250,7770,,,,,,,,,,,,,
2026/10/03 10:39,2026-10-03T10:54:55+09:00,2026/10/05,2026/10/08,2026-10,CALL,76000,2,1083,115,26.86,21.61,8,3,1,61,23.35,0,0,2,10/03 00:38
2026/10/03 10:39,2026-10-03T10:54:55+09:00,2026/10/05,2026/10/08,2026-10,PUT,76000,7520,,,,,,,,,,,,,
2026/10/03 10:39,2026-10-03T10:54:55+09:00,2026/10/05,2026/10/08,2026-10,CALL,75750,3,132,2,,22.28,,,2,20,25.04,,,7,10/02 22:44
2026/10/03 10:39,2026-10-03T10:54:55+09:00,2026/10/05,2026/10/08,2026-10,PUT,75750,7270,,,,,,,,,,,,,
2026/10/03 10:39,2026-10-03T10:54:55+09:00,2026/10/05,2026/10/08,2026-10,CALL,75500,3,203,67,,22.42,,,3,20,22.78,1,33.33,4,10/03 05:38
2026/10/03 10:39,2026-10-03T10:54:55+09:00,2026/10/05,2026/10/08,2026-10,PUT,75500,7020,,,,,,,3,10,,,,,
2026/10/03 10:39,2026-10-03T10:54:55+09:00,2026/10/05,2026/10/08,2026-10,CALL,75250,3,178,49,,21.6,,,3,20,22.51,2,66.67,5,10/03 05:27
2026/10/03 10:39,2026-10-03T10:54:55+09:00,2026/10/05,2026/10/08,2026-10,PUT,75250,6770,,,,,,,3,10,,,,,
2026/10/03 10:39,2026-10-03T10:54:55+09:00,2026/10/05,2026/10/08,2026-10,CALL,75000,4,2719,819,23.31,22.01,8,16,5,1,22.27,2,50,6,10/03 05:53
2026/10/03 10:39,2026-10-03T10:54:55+09:00,2026/10/05,2026/10/08,2026-10,PUT,75000,6520,,,,,,,3,10,,,,,
2026/10/03 10:39,2026-10-03T10:54:55+09:00,2026/10/05,2026/10/08,2026-10,CALL,74750,6,134,3,34.41,19.96,100,1,3,20,25.06,8,160,13,10/02 21:19
2026/10/03 10:39,2026-10-03T10:54:55+09:00,2026/10/05,2026/10/08,2026-10,PUT,74750,6275,,,,,,,3,10,,,,,
2026/10/03 10:39,2026-10-03T10:54:55+09:00,2026/10/05,2026/10/08,2026-10,CALL,74500,15,605,65,23.45,19.75,15,1,4,6,22,-5,-33.33,10,10/03 03:43
2026/10/03 10:39,2026-10-03T10:54:55+09:00,2026/10/05,2026/10/08,2026-10,PUT,74500,6025,,,,,,,3,10,,,,,
2026/10/03 10:39,2026-10-03T10:54:55+09:00,2026/10/05,2026/10/08,2026-10,CALL,74250,9,242,6,,18.29,,,3,20,24.03,10,76.92,23,10/02 21:39
2026/10/03 10:39,2026-10-03T10:54:55+09:00,2026/10/05,2026/10/08,2026-10,PUT,74250,5775,,,,,,,3,10,,,,,
2026/10/03 10:39,2026-10-03T10:54:55+09:00,2026/10/05,2026/10/08,2026-10,CALL,74000,10,1295,352,25.06,20.25,38,1,10,1,23.12,14,140,24,10/03 06:00
2026/10/03 10:39,2026-10-03T10:54:55+09:00,2026/10/05,2026/10/08,2026-10,PUT,74000,5530,,,,,,,3,10,,,,,
2026/10/03 10:39,2026-10-03T10:54:55+09:00,2026/10/05,2026/10/08,2026-10,CALL,73750,14,236,15,,16.59,,,3,20,22.83,23,230,33,10/03 05:19
2026/10/03 10:39,2026-10-03T10:54:55+09:00,2026/10/05,2026/10/08,2026-10,PUT,73750,5280,,,,,,,3,10,,,,,
2026/10/03 10:39,2026-10-03T10:54:55+09:00,2026/10/05,2026/10/08,2026-10,CALL,73500,10,307,115,25.76,16.27,69,1,4,1,22.31,30,300,40,10/03 04:38
2026/10/03 10:39,2026-10-03T10:54:55+09:00,2026/10/05,2026/10/08,2026-10,PUT,73500,5035,,,,,,,3,10,,,,,
2026/10/03 10:39,2026-10-03T10:54:55+09:00,2026/10/05,2026/10/08,2026-10,CALL,73250,21,105,18,26.75,14.87,100,1,3,20,22.26,31,163.16,50,10/03 05:16
2026/10/03 10:39,2026-10-03T10:54:55+09:00,2026/10/05,2026/10/08,2026-10,PUT,73250,4790,,,,,,,3,10,,,,,
2026/10/03 10:39,2026-10-03T10:54:55+09:00,2026/10/05,2026/10/08,2026-10,CALL,73000,27,2706,567,25.09,22.28,95,1,57,1,23.78,49,181.48,76,10/03 06:00
2026/10/03 10:39,2026-10-03T10:54:55+09:00,2026/10/05,2026/10/08,2026-10,PUT,73000,4545,,,,,,,3,10,,,,,
2026/10/03 10:39,2026-10-03T10:54:55+09:00,2026/10/05,2026/10/08,2026-10,CALL,72750,32,46,12,,13.1,,,3,20,25.01,88,275,120,10/02 22:24
2026/10/03 10:39,2026-10-03T10:54:55+09:00,2026/10/05,2026/10/08,2026-10,PUT,72750,4305,,,,,,,3,10,,,,,
2026/10/03 10:39,2026-10-03T10:54:55+09:00,2026/10/05,2026/10/08,2026-10,CALL,72500,42,452,126,,12.65,,,4,1,23.66,88,251.43,123,10/03 05:42
2026/10/03 10:39,2026-10-03T10:54:55+09:00,2026/10/05,2026/10/08,2026-10,PUT,72500,4060,1,,,,,,3,10,,,,,
2026/10/03 10:39,2026-10-03T10:54:55+09:00,2026/10/05,2026/10/08,2026-10,CALL,72250,50,112,24,,11.3,,,3,20,23.35,92,184,142,10/03 03:37
2026/10/03 10:39,2026-10-03T10:54:55+09:00,2026/10/05,2026/10/08,2026-10,PUT,72250,3825,,,,,,,3,10,,,,,
2026/10/03 10:39,2026-10-03T10:54:55+09:00,2026/10/05,2026/10/08,2026-10,CALL,72125,64,4,3,,,,,,,24.92,142,267.92,195,10/02 22:17
2026/10/03 10:39,2026-10-03T10:54:55+09:00,2026/10/05,2026/10/08,2026-10,PUT,72125,3705,,,,,,,,,,,,,
2026/10/03 10:39,2026-10-03T10:54:55+09:00,2026/10/05,2026/10/08,2026-10,CALL,72000,70,3612,445,24.17,19.1,190,1,87,1,23.25,99,141.43,169,10/03 06:00
2026/10/03 10:39,2026-10-03T10:54:55+09:00,2026/10/05,2026/10/08,2026-10,PUT,72000,3585,1,,,,,,3,10,,,,,
2026/10/03 10:39,2026-10-03T10:54:55+09:00,2026/10/05,2026/10/08,2026-10,CALL,71875,81,4,1,,,,,,,23.62,177,213.25,260,10/02 23:14
2026/10/03 10:39,2026-10-03T10:54:55+09:00,2026/10/05,2026/10/08,2026-10,PUT,71875,3475,,,,,,,,,,,,,
2026/10/03 10:39,2026-10-03T10:54:55+09:00,2026/10/05,2026/10/08,2026-10,CALL,71750,83,37,18,,12.65,,,20,1,23.2,140,186.67,215,10/03 04:10
2026/10/03 10:39,2026-10-03T10:54:55+09:00,2026/10/05,2026/10/08,2026-10,PUT,71750,3355,,,,,,,3,10,,,,,
2026/10/03 10:39,2026-10-03T10:54:55+09:00,2026/10/05,2026/10/08,2026-10,CALL,71625,100,7,3,,,,,,,23.82,237,285.54,320,10/02 23:13
2026/10/03 10:39,2026-10-03T10:54:55+09:00,2026/10/05,2026/10/08,2026-10,PUT,71625,3240,,,,,,,,,,,,,
2026/10/03 10:39,2026-10-03T10:54:55+09:00,2026/10/05,2026/10/08,2026-10,CALL,71500,101,821,73,31.5,9.58,500,1,7,1,23.88,169,167.33,270,10/03 06:00
2026/10/03 10:39,2026-10-03T10:54:55+09:00,2026/10/05,2026/10/08,2026-10,PUT,71500,3130,,,,,,,3,10,,,,,
2026/10/03 10:39,2026-10-03T10:54:55+09:00,2026/10/05,2026/10/08,2026-10,CALL,71375,123,,,,,,,,,,,,,
2026/10/03 10:39,2026-10-03T10:54:55+09:00,2026/10/05,2026/10/08,2026-10,PUT,71375,3015,,,,,,,,,,,,,
2026/10/03 10:39,2026-10-03T10:54:55+09:00,2026/10/05,2026/10/08,2026-10,CALL,71250,127,145,5,30.05,7.55,520,1,3,20,24.36,247,228.7,355,10/02 22:42
2026/10/03 10:39,2026-10-03T10:54:55+09:00,2026/10/05,2026/10/08,2026-10,PUT,71250,2905,,,,,,,3,10,,,,,
2026/10/03 10:39,2026-10-03T10:54:55+09:00,2026/10/05,2026/10/08,2026-10,CALL,71125,153,3,1,,,,,,,23.66,47,34.31,184,10/02 17:05
2026/10/03 10:39,2026-10-03T10:54:55+09:00,2026/10/05,2026/10/08,2026-10,PUT,71125,2795,,,,,,,,,,,,,
2026/10/03 10:39,2026-10-03T10:54:55+09:00,2026/10/05,2026/10/08,2026-10,CALL,71000,162,1824,405,35.65,13.8,790,1,101,2,23.65,238,146.91,400,10/03 05:51
2026/10/03 10:39,2026-10-03T10:54:55+09:00,2026/10/05,2026/10/08,2026-10,PUT,71000,2685,,,,,,,3,10,,,,,
2026/10/03 10:39,2026-10-03T10:54:55+09:00,2026/10/05,2026/10/08,2026-10,CALL,70875,185,2,6,,,,,,,24.69,159,105.3,310,10/02 18:15
2026/10/03 10:39,2026-10-03T10:54:55+09:00,2026/10/05,2026/10/08,2026-10,PUT,70875,2575,,,,,,,,,,,,,
2026/10/03 10:39,2026-10-03T10:54:55+09:00,2026/10/05,2026/10/08,2026-10,CALL,70750,190,288,38,,5.57,,,3,20,23.63,392,233.33,560,10/02 23:16
2026/10/03 10:39,2026-10-03T10:54:55+09:00,2026/10/05,2026/10/08,2026-10,PUT,70750,2475,,1,,,,,3,10,24.88,,,1660,10/03 03:29
2026/10/03 10:39,2026-10-03T10:54:55+09:00,2026/10/05,2026/10/08,2026-10,CALL,70625,222,24,4,,,,,,,23.91,255,89.47,540,10/03 05:14
2026/10/03 10:39,2026-10-03T10:54:55+09:00,2026/10/05,2026/10/08,2026-10,PUT,70625,2370,,,,,,,,,,,,,
2026/10/03 10:39,2026-10-03T10:54:55+09:00,2026/10/05,2026/10/08,2026-10,CALL,70500,230,391,85,39.14,13.26,1100,1,180,1,23.62,325,141.3,555,10/03 05:50
2026/10/03 10:39,2026-10-03T10:54:55+09:00,2026/10/05,2026/10/08,2026-10,PUT,70500,2265,,3,,,,,3,10,23.75,,,1225,10/02 23:41
2026/10/03 10:39,2026-10-03T10:54:55+09:00,2026/10/05,2026/10/08,2026-10,CALL,70375,267,127,,,3.44,,,1,1,,,,,
2026/10/03 10:39,2026-10-03T10:54:55+09:00,2026/10/05,2026/10/08,2026-10,PUT,70375,2165,,,,,,,,,,,,,
2026/10/03 10:39,2026-10-03T10:54:55+09:00,2026/10/05,2026/10/08,2026-10,CALL,70250,278,46,8,,3.47,,,3,20,23.64,490,184.91,755,10/02 23:44
2026/10/03 10:39,2026-10-03T10:54:55+09:00,2026/10/05,2026/10/08,2026-10,PUT,70250,2065,,,,,,,3,10,,,,,
2026/10/03 10:39,2026-10-03T10:54:55+09:00,2026/10/05,2026/10/08,2026-10,CALL,70125,315,5,4,,2.48,,,1,1,23.61,235,61.04,620,10/03 00:41
2026/10/03 10:39,2026-10-03T10:54:55+09:00,2026/10/05,2026/10/08,2026-10,PUT,70125,1970,,,,,,,,,,,,,
2026/10/03 10:39,2026-10-03T10:54:55+09:00,2026/10/05,2026/10/08,2026-10,CALL,70000,330,2600,424,28.67,17.84,910,1,500,3,24.99,440,133.33,770,10/03 06:00
2026/10/03 10:39,2026-10-03T10:54:55+09:00,2026/10/05,2026/10/08,2026-10,PUT,70000,1875,112,36,,,,,3,20,24.02,,,1120,10/03 01:21
2026/10/03 10:39,2026-10-03T10:54:55+09:00,2026/10/05,2026/10/08,2026-10,CALL,69875,380,117,,,1.45,,,1,1,,,,,
2026/10/03 10:39,2026-10-03T10:54:55+09:00,2026/10/05,2026/10/08,2026-10,PUT,69875,1785,,,,,,,,,,,,,
2026/10/03 10:39,2026-10-03T10:54:55+09:00,2026/10/05,2026/10/08,2026-10,CALL,69750,415,128,10,,1.12,,,3,20,23.32,535,128.92,950,10/02 23:51
2026/10/03 10:39,2026-10-03T10:54:55+09:00,2026/10/05,2026/10/08,2026-10,PUT,69750,1695,,4,,,,,3,20,23.81,,,970,10/02 22:54
2026/10/03 10:39,2026-10-03T10:54:55+09:00,2026/10/05,2026/10/08,2026-10,CALL,69625,380,99,2,,0.29,,,1,1,24.87,620,163.16,1000,10/03 05:13
2026/10/03 10:39,2026-10-03T10:54:55+09:00,2026/10/05,2026/10/08,2026-10,PUT,69625,1605,,,,,,,,,,,,,
2026/10/03 10:39,2026-10-03T10:54:55+09:00,2026/10/05,2026/10/08,2026-10,CALL,69500,465,467,57,129.25,,5000,1,3,20,24.96,555,119.35,1020,10/03 01:22
2026/10/03 10:39,2026-10-03T10:54:55+09:00,2026/10/05,2026/10/08,2026-10,PUT,69500,1520,1,14,,0.68,,,3,20,23.12,,,890,10/03 00:36
2026/10/03 10:39,2026-10-03T10:54:55+09:00,2026/10/05,2026/10/08,2026-10,CALL,69375,535,3,15,,,,,1,1,23.91,305,46.21,965,10/03 00:41
2026/10/03 10:39,2026-10-03T10:54:55+09:00,2026/10/05,2026/10/08,2026-10,PUT,69375,1440,,,,,,,,,,,,,
2026/10/03 10:39,2026-10-03T10:54:55+09:00,2026/10/05,2026/10/08,2026-10,CALL,69250,550,29,8,,,,,3,20,24.86,310,56.36,860,10/02 19:11
2026/10/03 10:39,2026-10-03T10:54:55+09:00,2026/10/05,2026/10/08,2026-10,PUT,69250,1365,1,6,,1.98,,,3,20,22.03,,,835,10/03 00:24
2026/10/03 10:39,2026-10-03T10:54:55+09:00,2026/10/05,2026/10/08,2026-10,CALL,69125,630,7,,,,,,1,1,,,,,
2026/10/03 10:39,2026-10-03T10:54:55+09:00,2026/10/05,2026/10/08,2026-10,PUT,69125,1280,,,,,,,,,,,,,
2026/10/03 10:39,2026-10-03T10:54:55+09:00,2026/10/05,2026/10/08,2026-10,CALL,69000,670,2570,50,70.51,,3000,1,120,1,24.79,615,91.79,1285,10/03 04:07
2026/10/03 10:39,2026-10-03T10:54:55+09:00,2026/10/05,2026/10/08,2026-10,PUT,69000,1215,243,49,28.29,3.14,815,1,3,20,25.1,-655,-51.37,620,10/03 04:50
2026/10/03 10:39,2026-10-03T10:54:55+09:00,2026/10/05,2026/10/08,2026-10,CALL,68875,745,159,7,,,,,1,1,25.31,640,92.75,1330,10/02 21:30
2026/10/03 10:39,2026-10-03T10:54:55+09:00,2026/10/05,2026/10/08,2026-10,PUT,68875,1140,,,,,,,,,,,,,
2026/10/03 10:39,2026-10-03T10:54:55+09:00,2026/10/05,2026/10/08,2026-10,CALL,68750,690,367,,,,,,3,20,,,,,
2026/10/03 10:39,2026-10-03T10:54:55+09:00,2026/10/05,2026/10/08,2026-10,PUT,68750,1075,5,6,,4.25,,,3,20,24.28,-550,-52.38,500,10/03 04:51
2026/10/03 10:39,2026-10-03T10:54:55+09:00,2026/10/05,2026/10/08,2026-10,CALL,68625,830,1,,,,,,1,1,,,,,
2026/10/03 10:39,2026-10-03T10:54:55+09:00,2026/10/05,2026/10/08,2026-10,PUT,68625,1010,62,,,,,,,,,,,,
2026/10/03 10:39,2026-10-03T10:54:55+09:00,2026/10/05,2026/10/08,2026-10,CALL,68500,870,1430,9,,,,,300,2,24.33,645,74.14,1515,10/03 00:43
2026/10/03 10:39,2026-10-03T10:54:55+09:00,2026/10/05,2026/10/08,2026-10,PUT,68500,955,144,32,,5.32,,,3,20,24.04,-455,-47.64,500,10/03 00:43
2026/10/03 10:39,2026-10-03T10:54:55+09:00,2026/10/05,2026/10/08,2026-10,CALL,68375,1000,14,,,,,,1,1,,,,,
2026/10/03 10:39,2026-10-03T10:54:55+09:00,2026/10/05,2026/10/08,2026-10,PUT,68375,900,61,,,,,,,,,,,,
2026/10/03 10:39,2026-10-03T10:54:55+09:00,2026/10/05,2026/10/08,2026-10,CALL,68250,1060,107,4,,,,,3,20,24.13,870,95.6,1780,10/03 04:15
2026/10/03 10:39,2026-10-03T10:54:55+09:00,2026/10/05,2026/10/08,2026-10,PUT,68250,835,200,1,,6.37,,,3,20,24.66,-655,-55.51,525,10/02 19:50
2026/10/03 10:39,2026-10-03T10:54:55+09:00,2026/10/05,2026/10/08,2026-10,CALL,68125,1135,68,,,,,,50,1,,,,,
2026/10/03 10:39,2026-10-03T10:54:55+09:00,2026/10/05,2026/10/08,2026-10,PUT,68125,785,1,,,,,,,,,,,,
2026/10/03 10:39,2026-10-03T10:54:55+09:00,2026/10/05,2026/10/08,2026-10,CALL,68000,1190,2234,18,,,,,70,1,24.49,755,63.45,1945,10/03 04:08
2026/10/03 10:39,2026-10-03T10:54:55+09:00,2026/10/05,2026/10/08,2026-10,PUT,68000,750,712,185,27.57,7.4,440,1,3,20,24.87,-390,-52,360,10/03 03:19
2026/10/03 10:39,2026-10-03T10:54:55+09:00,2026/10/05,2026/10/08,2026-10,CALL,67875,1295,21,,,,,,,,,,,,
2026/10/03 10:39,2026-10-03T10:54:55+09:00,2026/10/05,2026/10/08,2026-10,PUT,67875,685,,,,,,,,,,,,,
2026/10/03 10:39,2026-10-03T10:54:55+09:00,2026/10/05,2026/10/08,2026-10,CALL,67750,1375,1046,,,,,,3,20,,,,,
2026/10/03 10:39,2026-10-03T10:54:55+09:00,2026/10/05,2026/10/08,2026-10,PUT,67750,710,118,29,,8.42,,,3,20,25.22,-405,-57.04,305,10/03 01:53
2026/10/03 10:39,2026-10-03T10:54:55+09:00,2026/10/05,2026/10/08,2026-10,CALL,67625,1455,94,,,,,,,,,,,,
2026/10/03 10:39,2026-10-03T10:54:55+09:00,2026/10/05,2026/10/08,2026-10,PUT,67625,595,6,,,,,,,,,,,,
2026/10/03 10:39,2026-10-03T10:54:55+09:00,2026/10/05,2026/10/08,2026-10,CALL,67500,1540,850,6,,,,,580,1,24.99,935,65.38,2365,10/03 04:04
2026/10/03 10:39,2026-10-03T10:54:55+09:00,2026/10/05,2026/10/08,2026-10,PUT,67500,615,271,40,27.17,9.43,305,5,3,20,24.38,-335,-54.47,280,10/03 00:20
2026/10/03 10:39,2026-10-03T10:54:55+09:00,2026/10/05,2026/10/08,2026-10,CALL,67375,1635,82,,,,,,,,,,,,
2026/10/03 10:39,2026-10-03T10:54:55+09:00,2026/10/05,2026/10/08,2026-10,PUT,67375,525,,,,8.76,,,1,10,,,,,
2026/10/03 10:39,2026-10-03T10:54:55+09:00,2026/10/05,2026/10/08,2026-10,CALL,67250,1715,52,,,,,,3,20,,,,,
2026/10/03 10:39,2026-10-03T10:54:55+09:00,2026/10/05,2026/10/08,2026-10,PUT,67250,480,6,3,29.12,10.43,305,5,3,20,25.89,-518,-75.07,172,10/02 23:42
2026/10/03 10:39,2026-10-03T10:54:55+09:00,2026/10/05,2026/10/08,2026-10,CALL,67125,1805,54,,,,,,,,,,,,
2026/10/03 10:39,2026-10-03T10:54:55+09:00,2026/10/05,2026/10/08,2026-10,PUT,67125,445,,,,9.66,,,1,10,,,,,
2026/10/03 10:39,2026-10-03T10:54:55+09:00,2026/10/05,2026/10/08,2026-10,CALL,67000,1865,1497,6,,,,,3,20,24.81,1030,58.86,2780,10/03 04:04
2026/10/03 10:39,2026-10-03T10:54:55+09:00,2026/10/05,2026/10/08,2026-10,PUT,67000,420,1402,118,28.4,24.21,240,2,148,1,25.71,-255,-60.71,165,10/03 05:18
2026/10/03 10:39,2026-10-03T10:54:55+09:00,2026/10/05,2026/10/08,2026-10,CALL,66875,1995,35,,,,,,,,,,,,
2026/10/03 10:39,2026-10-03T10:54:55+09:00,2026/10/05,2026/10/08,2026-10,PUT,66875,385,5,,,10.56,,,1,10,,,,,
2026/10/03 10:39,2026-10-03T10:54:55+09:00,2026/10/05,2026/10/08,2026-10,CALL,66750,2095,148,,,,,,3,20,,,,,
2026/10/03 10:39,2026-10-03T10:54:55+09:00,2026/10/05,2026/10/08,2026-10,PUT,66750,360,23,,,12.42,,,3,20,,,,,
2026/10/03 10:39,2026-10-03T10:54:55+09:00,2026/10/05,2026/10/08,2026-10,CALL,66625,2195,66,,,,,,,,,,,,
2026/10/03 10:39,2026-10-03T10:54:55+09:00,2026/10/05,2026/10/08,2026-10,PUT,66625,335,,3,,11.46,,,1,10,26.41,,,140,10/02 22:55
2026/10/03 10:39,2026-10-03T10:54:55+09:00,2026/10/05,2026/10/08,2026-10,CALL,66500,2295,282,5,,,,,390,1,27.18,,,3165,10/02 21:40
2026/10/03 10:39,2026-10-03T10:54:55+09:00,2026/10/05,2026/10/08,2026-10,PUT,66500,300,514,49,,13.4,,,3,20,26.25,-180,-60,120,10/03 05:44
2026/10/03 10:39,2026-10-03T10:54:55+09:00,2026/10/05,2026/10/08,2026-10,CALL,66375,2400,95,,,,,,,,,,,,
2026/10/03 10:39,2026-10-03T10:54:55+09:00,2026/10/05,2026/10/08,2026-10,PUT,66375,286,2,,,12.35,,,1,10,,,,,
2026/10/03 10:39,2026-10-03T10:54:55+09:00,2026/10/05,2026/10/08,2026-10,CALL,66250,2505,85,,,,,,3,20,,,,,
2026/10/03 10:39,2026-10-03T10:54:55+09:00,2026/10/05,2026/10/08,2026-10,PUT,66250,291,156,5,,14.38,,,3,20,26.02,-171,-58.76,120,10/03 00:20
2026/10/03 10:39,2026-10-03T10:54:55+09:00,2026/10/05,2026/10/08,2026-10,CALL,66125,2615,35,,,,,,,,,,,,
2026/10/03 10:39,2026-10-03T10:54:55+09:00,2026/10/05,2026/10/08,2026-10,PUT,66125,253,86,,,13.24,,,1,10,,,,,
2026/10/03 10:39,2026-10-03T10:54:55+09:00,2026/10/05,2026/10/08,2026-10,CALL,66000,2740,2961,12,,,,,3,20,31.27,1110,40.51,3850,10/03 05:33
2026/10/03 10:39,2026-10-03T10:54:55+09:00,2026/10/05,2026/10/08,2026-10,PUT,66000,250,1616,131,68.82,15.36,1170,2,3,20,27.51,-160,-64,90,10/03 04:32
2026/10/03 10:39,2026-10-03T10:54:55+09:00,2026/10/05,2026/10/08,2026-10,CALL,65875,2825,84,,,,,,,,,,,,
2026/10/03 10:39,2026-10-03T10:54:55+09:00,2026/10/05,2026/10/08,2026-10,PUT,65875,213,19,,,15.85,,,3,10,,,,,
2026/10/03 10:39,2026-10-03T10:54:55+09:00,2026/10/05,2026/10/08,2026-10,CALL,65750,2935,134,,,,,,3,20,,,,,
2026/10/03 10:39,2026-10-03T10:54:55+09:00,2026/10/05,2026/10/08,2026-10,PUT,65750,198,158,10,52.07,16.33,600,3,3,20,27.73,,,66,10/02 23:52
2026/10/03 10:39,2026-10-03T10:54:55+09:00,2026/10/05,2026/10/08,2026-10,CALL,65625,3045,31,,,,,,,,,,,,
2026/10/03 10:39,2026-10-03T10:54:55+09:00,2026/10/05,2026/10/08,2026-10,PUT,65625,185,5,,,15.01,,,1,10,,,,,
2026/10/03 10:39,2026-10-03T10:54:55+09:00,2026/10/05,2026/10/08,2026-10,CALL,65500,3155,241,,,,,,3,20,,,,,
2026/10/03 10:39,2026-10-03T10:54:55+09:00,2026/10/05,2026/10/08,2026-10,PUT,65500,171,561,199,,25.83,,,45,1,27.86,-137,-69.54,60,10/03 05:38
2026/10/03 10:39,2026-10-03T10:54:55+09:00,2026/10/05,2026/10/08,2026-10,CALL,65375,3270,7,,,,,,,,,,,,
2026/10/03 10:39,2026-10-03T10:54:55+09:00,2026/10/05,2026/10/08,2026-10,PUT,65375,160,247,1,,15.9,,,1,10,28.05,-101,-53.16,89,10/02 18:33
2026/10/03 10:39,2026-10-03T10:54:55+09:00,2026/10/05,2026/10/08,2026-10,CALL,65250,3385,45,,,,,,3,20,,,,,
2026/10/03 10:39,2026-10-03T10:54:55+09:00,2026/10/05,2026/10/08,2026-10,PUT,65250,147,135,,,25.76,,,34,10,,,,,
2026/10/03 10:39,2026-10-03T10:54:55+09:00,2026/10/05,2026/10/08,2026-10,CALL,65125,3500,4,,,,,,,,,,,,
2026/10/03 10:39,2026-10-03T10:54:55+09:00,2026/10/05,2026/10/08,2026-10,PUT,65125,134,650,,,16.78,,,1,10,,,,,
2026/10/03 10:39,2026-10-03T10:54:55+09:00,2026/10/05,2026/10/08,2026-10,CALL,65000,3615,1341,,,,,,3,20,,,,,
2026/10/03 10:39,2026-10-03T10:54:55+09:00,2026/10/05,2026/10/08,2026-10,PUT,65000,120,2507,277,29.04,27.03,50,1,34,11,29.04,-70,-58.33,50,10/03 06:00
2026/10/03 10:39,2026-10-03T10:54:55+09:00,2026/10/05,2026/10/08,2026-10,CALL,64875,3730,7,,,,,,,,,,,,
2026/10/03 10:39,2026-10-03T10:54:55+09:00,2026/10/05,2026/10/08,2026-10,PUT,64875,118,12,5,,17.66,,,1,10,28.73,-82,-64.57,45,10/03 00:43
2026/10/03 10:39,2026-10-03T10:54:55+09:00,2026/10/05,2026/10/08,2026-10,CALL,64750,3845,755,,,,,,3,10,,,,,
2026/10/03 10:39,2026-10-03T10:54:55+09:00,2026/10/05,2026/10/08,2026-10,PUT,64750,105,31,7,,20.22,,,3,20,29.63,-62,-59.05,43,10/02 22:22
2026/10/03 10:39,2026-10-03T10:54:55+09:00,2026/10/05,2026/10/08,2026-10,CALL,64625,3965,687,,,,,,,,,,,,
2026/10/03 10:39,2026-10-03T10:54:55+09:00,2026/10/05,2026/10/08,2026-10,PUT,64625,102,4,,,18.55,,,1,10,,,,,
2026/10/03 10:39,2026-10-03T10:54:55+09:00,2026/10/05,2026/10/08,2026-10,CALL,64500,4080,211,,,,,,3,10,,,,,
2026/10/03 10:39,2026-10-03T10:54:55+09:00,2026/10/05,2026/10/08,2026-10,PUT,64500,89,1076,42,34.85,24.51,80,1,10,1,29.83,-56,-62.92,33,10/03 05:29
2026/10/03 10:39,2026-10-03T10:54:55+09:00,2026/10/05,2026/10/08,2026-10,CALL,64375,4200,61,,,,,,,,,,,,
2026/10/03 10:39,2026-10-03T10:54:55+09:00,2026/10/05,2026/10/08,2026-10,PUT,64375,88,4,4,,19.43,,,1,10,30.08,-59,-59,41,10/02 21:00
2026/10/03 10:39,2026-10-03T10:54:55+09:00,2026/10/05,2026/10/08,2026-10,CALL,64250,4320,6,,,,,,3,10,,,,,
2026/10/03 10:39,2026-10-03T10:54:55+09:00,2026/10/05,2026/10/08,2026-10,PUT,64250,82,275,5,,22.16,,,3,20,30.69,-56,-58.33,40,10/02 20:22
2026/10/03 10:39,2026-10-03T10:54:55+09:00,2026/10/05,2026/10/08,2026-10,CALL,64125,4440,1,,,,,,,,,,,,
2026/10/03 10:39,2026-10-03T10:54:55+09:00,2026/10/05,2026/10/08,2026-10,PUT,64125,77,1053,,,24.97,,,7,10,,,,,
2026/10/03 10:39,2026-10-03T10:54:55+09:00,2026/10/05,2026/10/08,2026-10,CALL,64000,4495,726,4,,,,,3,10,29.84,1385,32.1,5700,10/03 05:39
2026/10/03 10:39,2026-10-03T10:54:55+09:00,2026/10/05,2026/10/08,2026-10,PUT,64000,67,2087,211,33.54,23.87,44,1,4,1,31.21,-42,-62.69,25,10/03 04:46
2026/10/03 10:39,2026-10-03T10:54:55+09:00,2026/10/05,2026/10/08,2026-10,CALL,63875,4675,50,,,,,,,,,,,,
2026/10/03 10:39,2026-10-03T10:54:55+09:00,2026/10/05,2026/10/08,2026-10,PUT,63875,66,485,,,,,,,,,,,,
2026/10/03 10:39,2026-10-03T10:54:55+09:00,2026/10/05,2026/10/08,2026-10,CALL,63750,4800,4,,,,,,3,10,,,,,
2026/10/03 10:39,2026-10-03T10:54:55+09:00,2026/10/05,2026/10/08,2026-10,PUT,63750,60,131,15,,24.1,,,3,20,32.06,-40,-66.67,20,10/02 23:42
2026/10/03 10:39,2026-10-03T10:54:55+09:00,2026/10/05,2026/10/08,2026-10,CALL,63625,4920,1,,,,,,,,,,,,
2026/10/03 10:39,2026-10-03T10:54:55+09:00,2026/10/05,2026/10/08,2026-10,PUT,63625,58,6,1,,,,,,,34.69,-43,-46.24,50,10/02 18:42
2026/10/03 10:39,2026-10-03T10:54:55+09:00,2026/10/05,2026/10/08,2026-10,CALL,63500,5040,11,2,,,,,3,10,30.24,,,5740,10/02 19:01
2026/10/03 10:39,2026-10-03T10:54:55+09:00,2026/10/05,2026/10/08,2026-10,PUT,63500,55,652,43,31.54,25.07,19,1,3,20,31.92,-43,-69.35,19,10/03 04:32
2026/10/03 10:39,2026-10-03T10:54:55+09:00,2026/10/05,2026/10/08,2026-10,CALL,63375,5165,,,,,,,,,,,,,
2026/10/03 10:39,2026-10-03T10:54:55+09:00,2026/10/05,2026/10/08,2026-10,PUT,63375,52,303,,,22.98,,,1,10,,,,,
2026/10/03 10:39,2026-10-03T10:54:55+09:00,2026/10/05,2026/10/08,2026-10,CALL,63250,5285,6,,,,,,3,10,,,,,
2026/10/03 10:39,2026-10-03T10:54:55+09:00,2026/10/05,2026/10/08,2026-10,PUT,63250,49,251,17,,26.04,,,3,20,33.34,-33,-61.11,21,10/02 22:34
2026/10/03 10:39,2026-10-03T10:54:55+09:00,2026/10/05,2026/10/08,2026-10,CALL,63125,5405,,,,,,,,,,,,,
2026/10/03 10:39,2026-10-03T10:54:55+09:00,2026/10/05,2026/10/08,2026-10,PUT,63125,45,3,,,23.86,,,1,10,,,,,
2026/10/03 10:39,2026-10-03T10:54:55+09:00,2026/10/05,2026/10/08,2026-10,CALL,63000,5465,157,1,,,,,3,10,32.86,1350,25.59,6625,10/03 04:01
2026/10/03 10:39,2026-10-03T10:54:55+09:00,2026/10/05,2026/10/08,2026-10,PUT,63000,37,1958,194,32.76,31.78,15,1,12,10,32.5,-24,-64.86,13,10/03 05:32
2026/10/03 10:39,2026-10-03T10:54:55+09:00,2026/10/05,2026/10/08,2026-10,CALL,62875,5650,,,,,,,,,,,,,
2026/10/03 10:39,2026-10-03T10:54:55+09:00,2026/10/05,2026/10/08,2026-10,PUT,62875,40,88,,,24.75,,,1,10,,,,,
2026/10/03 10:39,2026-10-03T10:54:55+09:00,2026/10/05,2026/10/08,2026-10,CALL,62750,5775,,,,,,,3,10,,,,,
2026/10/03 10:39,2026-10-03T10:54:55+09:00,2026/10/05,2026/10/08,2026-10,PUT,62750,38,365,13,,27.98,,,3,20,35.27,-15,-37.5,25,10/02 21:10
2026/10/03 10:39,2026-10-03T10:54:55+09:00,2026/10/05,2026/10/08,2026-10,CALL,62625,5895,,,,,,,,,,,,,
2026/10/03 10:39,2026-10-03T10:54:55+09:00,2026/10/05,2026/10/08,2026-10,PUT,62625,35,693,,,25.64,,,1,10,,,,,
2026/10/03 10:39,2026-10-03T10:54:55+09:00,2026/10/05,2026/10/08,2026-10,CALL,62500,6020,,,,,,,3,10,,,,,
2026/10/03 10:39,2026-10-03T10:54:55+09:00,2026/10/05,2026/10/08,2026-10,PUT,62500,33,1740,47,,28.95,,,3,25,34.02,-21,-63.64,12,10/03 02:08
2026/10/03 10:39,2026-10-03T10:54:55+09:00,2026/10/05,2026/10/08,2026-10,CALL,62375,6140,,,,,,,,,,,,,
2026/10/03 10:39,2026-10-03T10:54:55+09:00,2026/10/05,2026/10/08,2026-10,PUT,62375,32,11,5,,26.53,,,1,10,34.6,-32,-64,18,10/02 19:17
2026/10/03 10:39,2026-10-03T10:54:55+09:00,2026/10/05,2026/10/08,2026-10,CALL,62250,6265,,,,,,,3,10,,,,,
2026/10/03 10:39,2026-10-03T10:54:55+09:00,2026/10/05,2026/10/08,2026-10,PUT,62250,30,117,8,125.53,29.93,1800,1,3,20,35.51,-12,-36.36,21,10/02 17:23
2026/10/03 10:39,2026-10-03T10:54:55+09:00,2026/10/05,2026/10/08,2026-10,CALL,62125,6390,,,,,,,,,,,,,
2026/10/03 10:39,2026-10-03T10:54:55+09:00,2026/10/05,2026/10/08,2026-10,PUT,62125,28,10,1,,27.43,,,1,10,35.58,-18,-52.94,16,10/02 18:45
2026/10/03 10:39,2026-10-03T10:54:55+09:00,2026/10/05,2026/10/08,2026-10,CALL,62000,6510,49,,,,,,3,10,,,,,
2026/10/03 10:39,2026-10-03T10:54:55+09:00,2026/10/05,2026/10/08,2026-10,PUT,62000,25,2136,141,35.39,33.9,10,5,7,1,34.93,-16,-64,9,10/03 06:00
2026/10/03 10:39,2026-10-03T10:54:55+09:00,2026/10/05,2026/10/08,2026-10,CALL,61875,6635,,,,,,,,,,,,,
2026/10/03 10:39,2026-10-03T10:54:55+09:00,2026/10/05,2026/10/08,2026-10,PUT,61875,25,88,,,28.32,,,1,10,,,,,
2026/10/03 10:39,2026-10-03T10:54:55+09:00,2026/10/05,2026/10/08,2026-10,CALL,61750,6760,,,,,,,3,10,,,,,
2026/10/03 10:39,2026-10-03T10:54:55+09:00,2026/10/05,2026/10/08,2026-10,PUT,61750,25,309,2,,31.88,,,3,20,33.58,-21,-80.77,5,10/03 00:57
2026/10/03 10:39,2026-10-03T10:54:55+09:00,2026/10/05,2026/10/08,2026-10,CALL,61625,6885,,,,,,,,,,,,,
2026/10/03 10:39,2026-10-03T10:54:55+09:00,2026/10/05,2026/10/08,2026-10,PUT,61625,25,108,,,29.22,,,1,10,,,,,
2026/10/03 10:39,2026-10-03T10:54:55+09:00,2026/10/05,2026/10/08,2026-10,CALL,61500,7010,,,,,,,3,10,,,,,
2026/10/03 10:39,2026-10-03T10:54:55+09:00,2026/10/05,2026/10/08,2026-10,PUT,61500,20,428,23,,32.86,,,3,20,35.78,-14,-70,6,10/03 04:35
2026/10/03 10:39,2026-10-03T10:54:55+09:00,2026/10/05,2026/10/08,2026-10,CALL,61375,7130,,,,,,,,,,,,,
2026/10/03 10:39,2026-10-03T10:54:55+09:00,2026/10/05,2026/10/08,2026-10,PUT,61375,20,141,2,,30.12,,,1,10,37.08,,,10,10/02 21:19
2026/10/03 10:39,2026-10-03T10:54:55+09:00,2026/10/05,2026/10/08,2026-10,CALL,61250,7255,,,,,,,,,,,,,
2026/10/03 10:39,2026-10-03T10:54:55+09:00,2026/10/05,2026/10/08,2026-10,PUT,61250,19,122,1,,33.84,,,3,20,36.28,-15,-68.18,7,10/03 00:21
2026/10/03 10:39,2026-10-03T10:54:55+09:00,2026/10/05,2026/10/08,2026-10,CALL,61125,7380,,,,,,,,,,,,,
2026/10/03 10:39,2026-10-03T10:54:55+09:00,2026/10/05,2026/10/08,2026-10,PUT,61125,18,1230,1,,31.01,,,1,10,36.81,,,7,10/03 00:21
2026/10/03 10:39,2026-10-03T10:54:55+09:00,2026/10/05,2026/10/08,2026-10,CALL,61000,7505,201,,,,,,,,,,,,
2026/10/03 10:39,2026-10-03T10:54:55+09:00,2026/10/05,2026/10/08,2026-10,PUT,61000,18,1866,94,46.16,36.72,30,2,5,7,40.58,-7,-38.89,11,10/03 04:32
2026/10/03 10:39,2026-10-03T10:54:55+09:00,2026/10/05,2026/10/08,2026-10,CALL,60875,7625,,,,,,,,,,,,,
2026/10/03 10:39,2026-10-03T10:54:55+09:00,2026/10/05,2026/10/08,2026-10,PUT,60875,16,500,,,,,,,,,,,,
2026/10/03 10:39,2026-10-03T10:54:55+09:00,2026/10/05,2026/10/08,2026-10,CALL,60750,7750,,,,,,,,,,,,,
2026/10/03 10:39,2026-10-03T10:54:55+09:00,2026/10/05,2026/10/08,2026-10,PUT,60750,16,453,4,,35.8,,,3,20,38.44,-10,-58.82,7,10/03 00:22
2026/10/03 10:39,2026-10-03T10:54:55+09:00,2026/10/05,2026/10/08,2026-10,CALL,60625,7875,,,,,,,,,,,,,
2026/10/03 10:39,2026-10-03T10:54:55+09:00,2026/10/05,2026/10/08,2026-10,PUT,60625,15,159,,,,,,,,,,,,
2026/10/03 10:39,2026-10-03T10:54:55+09:00,2026/10/05,2026/10/08,2026-10,CALL,60500,8000,100,,,,,,,,,,,,
2026/10/03 10:39,2026-10-03T10:54:55+09:00,2026/10/05,2026/10/08,2026-10,PUT,60500,15,558,10,44.15,37.88,15,1,4,1,39.22,-13,-72.22,5,10/03 05:09
2026/10/03 10:39,2026-10-03T10:54:55+09:00,2026/10/05,2026/10/08,2026-10,CALL,60375,8125,,,,,,,,,,,,,
2026/10/03 10:39,2026-10-03T10:54:55+09:00,2026/10/05,2026/10/08,2026-10,PUT,60375,14,664,,,,,,,,,,,,
2026/10/03 10:39,2026-10-03T10:54:55+09:00,2026/10/05,2026/10/08,2026-10,CALL,60250,8250,,,,,,,,,,,,,
2026/10/03 10:39,2026-10-03T10:54:55+09:00,2026/10/05,2026/10/08,2026-10,PUT,60250,14,180,1,,36.34,,,2,50,40.49,-6,-46.15,7,10/02 21:23
2026/10/03 10:39,2026-10-03T10:54:55+09:00,2026/10/05,2026/10/08,2026-10,CALL,60125,8375,,,,,,,,,,,,,
2026/10/03 10:39,2026-10-03T10:54:55+09:00,2026/10/05,2026/10/08,2026-10,PUT,60125,13,50,25,43.07,,9,1,,,40.87,,,9,10/02 17:18
2026/10/03 10:39,2026-10-03T10:54:55+09:00,2026/10/05,2026/10/08,2026-10,CALL,60000,8495,9,,,,,,,,,,,,
2026/10/03 10:39,2026-10-03T10:54:55+09:00,2026/10/05,2026/10/08,2026-10,PUT,60000,13,11070,361,40.85,38.77,5,1,3,2,40.06,-9,-69.23,4,10/03 05:48
2026/10/03 10:39,2026-10-03T10:54:55+09:00,2026/10/05,2026/10/08,2026-10,CALL,59875,8620,,,,,,,,,,,,,
2026/10/03 10:39,2026-10-03T10:54:55+09:00,2026/10/05,2026/10/08,2026-10,PUT,59875,12,162,8,,,,,,,40.3,,,6,10/02 19:13
2026/10/03 10:39,2026-10-03T10:54:55+09:00,2026/10/05,2026/10/08,2026-10,CALL,59750,8745,,,,,,,,,,,,,
2026/10/03 10:39,2026-10-03T10:54:55+09:00,2026/10/05,2026/10/08,2026-10,PUT,59750,11,112,7,,36,,,1,10,42.92,-7,-53.85,6,10/02 22:19
2026/10/03 10:39,2026-10-03T10:54:55+09:00,2026/10/05,2026/10/08,2026-10,CALL,59625,8870,,,,,,,,,,,,,
2026/10/03 10:39,2026-10-03T10:54:55+09:00,2026/10/05,2026/10/08,2026-10,PUT,59625,11,140,1,,,,,,,41.4,,,6,10/02 17:53
2026/10/03 10:39,2026-10-03T10:54:55+09:00,2026/10/05,2026/10/08,2026-10,CALL,59500,8995,14,,,,,,,,,,,,
2026/10/03 10:39,2026-10-03T10:54:55+09:00,2026/10/05,2026/10/08,2026-10,PUT,59500,11,848,21,,36.91,,,1,11,41.97,-7,-58.33,5,10/02 20:51
2026/10/03 10:39,2026-10-03T10:54:55+09:00,2026/10/05,2026/10/08,2026-10,CALL,59375,9120,,,,,,,,,,,,,
2026/10/03 10:39,2026-10-03T10:54:55+09:00,2026/10/05,2026/10/08,2026-10,PUT,59375,10,2,,66.37,,101,1,,,,,,,
2026/10/03 10:39,2026-10-03T10:54:55+09:00,2026/10/05,2026/10/08,2026-10,CALL,59250,9245,,,,,,,,,,,,,
2026/10/03 10:39,2026-10-03T10:54:55+09:00,2026/10/05,2026/10/08,2026-10,PUT,59250,10,199,5,45.59,37.83,7,1,1,10,42.63,-6,-60,4,10/03 02:25
2026/10/03 10:39,2026-10-03T10:54:55+09:00,2026/10/05,2026/10/08,2026-10,CALL,59125,9370,,,,,,,,,,,,,
2026/10/03 10:39,2026-10-03T10:54:55+09:00,2026/10/05,2026/10/08,2026-10,PUT,59125,10,115,,,,,,,,,,,,
2026/10/03 10:39,2026-10-03T10:54:55+09:00,2026/10/05,2026/10/08,2026-10,CALL,59000,9495,,,,,,,,,,,,,
2026/10/03 10:39,2026-10-03T10:54:55+09:00,2026/10/05,2026/10/08,2026-10,PUT,59000,9,1611,55,50.63,41.15,14,1,2,3,42.51,-6,-66.67,3,10/03 01:49
2026/10/03 10:39,2026-10-03T10:54:55+09:00,2026/10/05,2026/10/08,2026-10,CALL,58875,9620,,,,,,,,,,,,,
2026/10/03 10:39,2026-10-03T10:54:55+09:00,2026/10/05,2026/10/08,2026-10,PUT,58875,9,20,,,,,,,,,,,,
2026/10/03 10:39,2026-10-03T10:54:55+09:00,2026/10/05,2026/10/08,2026-10,CALL,58750,9745,,,,,,,,,,,,,
2026/10/03 10:39,2026-10-03T10:54:55+09:00,2026/10/05,2026/10/08,2026-10,PUT,58750,9,60,1,,39.67,,,1,10,43.57,-6,-66.67,3,10/03 02:23
2026/10/03 10:39,2026-10-03T10:54:55+09:00,2026/10/05,2026/10/08,2026-10,CALL,58625,9870,,,,,,,,,,,,,
2026/10/03 10:39,2026-10-03T10:54:55+09:00,2026/10/05,2026/10/08,2026-10,PUT,58625,8,59,1,,,,,,,43.8,,,3,10/03 02:27
2026/10/03 10:39,2026-10-03T10:54:55+09:00,2026/10/05,2026/10/08,2026-10,CALL,58500,9995,,,,,,,,,,,,,
2026/10/03 10:39,2026-10-03T10:54:55+09:00,2026/10/05,2026/10/08,2026-10,PUT,58500,8,827,32,46.04,40.59,4,3,1,12,45.15,-5,-62.5,3,10/03 05:34
2026/10/03 10:39,2026-10-03T10:54:55+09:00,2026/10/05,2026/10/08,2026-10,CALL,58375,10120,,,,,,,,,,,,,
2026/10/03 10:39,2026-10-03T10:54:55+09:00,2026/10/05,2026/10/08,2026-10,PUT,58375,8,486,,,,,,,,,,,,
2026/10/03 10:39,2026-10-03T10:54:55+09:00,2026/10/05,2026/10/08,2026-10,CALL,58250,10240,,,,,,,,,,,,,
2026/10/03 10:39,2026-10-03T10:54:55+09:00,2026/10/05,2026/10/08,2026-10,PUT,58250,7,146,3,,41.52,,,1,10,44.99,-3,-42.86,4,10/02 18:05
2026/10/03 10:39,2026-10-03T10:54:55+09:00,2026/10/05,2026/10/08,2026-10,CALL,58000,10490,,,,,,,,,,,,,
2026/10/03 10:39,2026-10-03T10:54:55+09:00,2026/10/05,2026/10/08,2026-10,PUT,58000,6,2404,36,46.77,45.05,3,28,2,1,45.05,-4,-66.67,2,10/03 06:00
2026/10/03 10:39,2026-10-03T10:54:55+09:00,2026/10/05,2026/10/08,2026-10,CALL,57750,10740,,,,,,,,,,,,,
2026/10/03 10:39,2026-10-03T10:54:55+09:00,2026/10/05,2026/10/08,2026-10,PUT,57750,6,84,2,47.78,43.38,3,5,1,10,45.99,-3,-50,3,10/02 18:29
2026/10/03 10:39,2026-10-03T10:54:55+09:00,2026/10/05,2026/10/08,2026-10,CALL,57500,10990,,,,,,,,,,,,,
2026/10/03 10:39,2026-10-03T10:54:55+09:00,2026/10/05,2026/10/08,2026-10,PUT,57500,6,489,6,,47.01,,,2,5,48.96,-3,-50,3,10/02 22:11
2026/10/03 10:39,2026-10-03T10:54:55+09:00,2026/10/05,2026/10/08,2026-10,CALL,57250,11240,,,,,,,,,,,,,
2026/10/03 10:39,2026-10-03T10:54:55+09:00,2026/10/05,2026/10/08,2026-10,PUT,57250,5,164,,,45.25,,,1,10,,,,,
2026/10/03 10:39,2026-10-03T10:54:55+09:00,2026/10/05,2026/10/08,2026-10,CALL,57000,11490,1,,,,,,,,,,,,
2026/10/03 10:39,2026-10-03T10:54:55+09:00,2026/10/05,2026/10/08,2026-10,PUT,57000,4,1684,53,50.84,46.19,3,11,1,97,48.98,-3,-60,2,10/03 06:00
2026/10/03 10:39,2026-10-03T10:54:55+09:00,2026/10/05,2026/10/08,2026-10,CALL,56750,11740,,,,,,,,,,,,,
2026/10/03 10:39,2026-10-03T10:54:55+09:00,2026/10/05,2026/10/08,2026-10,PUT,56750,4,145,,49.98,47.13,2,1,1,4,,,,,
2026/10/03 10:39,2026-10-03T10:54:55+09:00,2026/10/05,2026/10/08,2026-10,CALL,56500,11985,,,,,,,,,,,,,
2026/10/03 10:39,2026-10-03T10:54:55+09:00,2026/10/05,2026/10/08,2026-10,PUT,56500,4,672,9,50.97,48.08,2,1,1,2,50.54,-2,-50,2,10/03 02:28
2026/10/03 10:39,2026-10-03T10:54:55+09:00,2026/10/05,2026/10/08,2026-10,CALL,56250,12235,,,,,,,,,,,,,
2026/10/03 10:39,2026-10-03T10:54:55+09:00,2026/10/05,2026/10/08,2026-10,PUT,56250,3,85,,51.97,,2,1,,,,,,,
2026/10/03 10:39,2026-10-03T10:54:55+09:00,2026/10/05,2026/10/08,2026-10,CALL,56000,12485,,,,,,,,,,,,,
2026/10/03 10:39,2026-10-03T10:54:55+09:00,2026/10/05,2026/10/08,2026-10,PUT,56000,3,1904,98,52.97,49.98,2,20,1,112,53.15,-2,-50,2,10/03 05:45
2026/10/03 10:39,2026-10-03T10:54:55+09:00,2026/10/05,2026/10/08,2026-10,CALL,55750,12735,,,,,,,,,,,,,
2026/10/03 10:39,2026-10-03T10:54:55+09:00,2026/10/05,2026/10/08,2026-10,PUT,55750,3,81,,53.98,50.93,2,1,1,5,,,,,
2026/10/03 10:39,2026-10-03T10:54:55+09:00,2026/10/05,2026/10/08,2026-10,CALL,55500,12985,,,,,,,,,,,,,
2026/10/03 10:39,2026-10-03T10:54:55+09:00,2026/10/05,2026/10/08,2026-10,PUT,55500,3,345,10,54.99,,2,1,,,52.06,-2,-66.67,1,10/03 05:43
2026/10/03 10:39,2026-10-03T10:54:55+09:00,2026/10/05,2026/10/08,2026-10,CALL,55250,13235,,,,,,,,,,,,,
2026/10/03 10:39,2026-10-03T10:54:55+09:00,2026/10/05,2026/10/08,2026-10,PUT,55250,2,168,,56,,2,1,,,,,,,
2026/10/03 10:39,2026-10-03T10:54:55+09:00,2026/10/05,2026/10/08,2026-10,CALL,55000,13485,4,,,,,,,,,,,,
2026/10/03 10:39,2026-10-03T10:54:55+09:00,2026/10/05,2026/10/08,2026-10,PUT,55000,2,3419,72,57.01,53.82,2,31,1,8,54.09,-2,-66.67,1,10/03 05:37
2026/10/03 10:39,2026-10-03T10:54:55+09:00,2026/10/05,2026/10/08,2026-10,CALL,54750,13735,,,,,,,,,,,,,
2026/10/03 10:39,2026-10-03T10:54:55+09:00,2026/10/05,2026/10/08,2026-10,PUT,54750,2,78,4,,,,,,,55.15,-2,-66.67,1,10/03 05:34
2026/10/03 10:39,2026-10-03T10:54:55+09:00,2026/10/05,2026/10/08,2026-10,CALL,54500,13985,,,,,,,,,,,,,
2026/10/03 10:39,2026-10-03T10:54:55+09:00,2026/10/05,2026/10/08,2026-10,PUT,54500,2,510,2,,,,,,,56.04,-3,-75,1,10/03 05:27
2026/10/03 10:39,2026-10-03T10:54:55+09:00,2026/10/05,2026/10/08,2026-10,CALL,54250,14235,,,,,,,,,,,,,
2026/10/03 10:39,2026-10-03T10:54:55+09:00,2026/10/05,2026/10/08,2026-10,PUT,54250,1,217,,,,,,,,,,,,
2026/10/03 10:39,2026-10-03T10:54:55+09:00,2026/10/05,2026/10/08,2026-10,CALL,54000,14485,,,,,,,,,,,,,
2026/10/03 10:39,2026-10-03T10:54:55+09:00,2026/10/05,2026/10/08,2026-10,PUT,54000,2,1379,162,57.72,,1,2,,,57.45,-1,-50,1,10/03 01:34
2026/10/03 10:39,2026-10-03T10:54:55+09:00,2026/10/05,2026/10/08,2026-10,CALL,53750,14735,,,,,,,,,,,,,
2026/10/03 10:39,2026-10-03T10:54:55+09:00,2026/10/05,2026/10/08,2026-10,PUT,53750,1,162,14,,,,,,,57.88,-1,-50,1,10/02 20:46
2026/10/03 10:39,2026-10-03T10:54:55+09:00,2026/10/05,2026/10/08,2026-10,CALL,53500,14985,,,,,,,,,,,,,
2026/10/03 10:39,2026-10-03T10:54:55+09:00,2026/10/05,2026/10/08,2026-10,PUT,53500,1,1430,26,,,,,,,60.4,-1,-50,1,10/02 23:50
2026/10/03 10:39,2026-10-03T10:54:55+09:00,2026/10/05,2026/10/08,2026-10,CALL,53250,15235,,,,,,,,,,,,,
2026/10/03 10:39,2026-10-03T10:54:55+09:00,2026/10/05,2026/10/08,2026-10,PUT,53250,1,128,8,,,,,,,59.87,-1,-50,1,10/02 20:42
2026/10/03 10:39,2026-10-03T10:54:55+09:00,2026/10/05,2026/10/08,2026-10,CALL,53000,15485,34,,,,,,,,,,,,
2026/10/03 10:39,2026-10-03T10:54:55+09:00,2026/10/05,2026/10/08,2026-10,PUT,53000,1,1463,52,61.67,,1,138,,,61.06,-1,-50,1,10/03 00:22
2026/10/03 10:39,2026-10-03T10:54:55+09:00,2026/10/05,2026/10/08,2026-10,CALL,52750,15735,,,,,,,,,,,,,
2026/10/03 10:39,2026-10-03T10:54:55+09:00,2026/10/05,2026/10/08,2026-10,PUT,52750,1,118,6,,,,,,,61.47,-2,-66.67,1,10/02 19:02
2026/10/03 10:39,2026-10-03T10:54:55+09:00,2026/10/05,2026/10/08,2026-10,CALL,52500,15985,,,,,,,,,,,,,
2026/10/03 10:39,2026-10-03T10:54:55+09:00,2026/10/05,2026/10/08,2026-10,PUT,52500,1,616,100,63.67,,1,80,,,63.85,-1,-50,1,10/02 22:19
2026/10/03 10:39,2026-10-03T10:54:55+09:00,2026/10/05,2026/10/08,2026-10,CALL,52250,16235,,,,,,,,,,,,,
2026/10/03 10:39,2026-10-03T10:54:55+09:00,2026/10/05,2026/10/08,2026-10,PUT,52250,1,63,,68.43,,2,1,,,,,,,
2026/10/03 10:39,2026-10-03T10:54:55+09:00,2026/10/05,2026/10/08,2026-10,CALL,52000,16485,,,,,,,,,,,,,
2026/10/03 10:39,2026-10-03T10:54:55+09:00,2026/10/05,2026/10/08,2026-10,PUT,52000,1,1427,73,65.69,,1,109,,,66.69,0,0,1,10/02 23:21
2026/10/03 10:39,2026-10-03T10:54:55+09:00,2026/10/05,2026/10/08,2026-10,CALL,51750,16735,,,,,,,,,,,,,
2026/10/03 10:39,2026-10-03T10:54:55+09:00,2026/10/05,2026/10/08,2026-10,PUT,51750,1,150,2,,,,,,,66.69,-1,-50,1,10/02 21:47
2026/10/03 10:39,2026-10-03T10:54:55+09:00,2026/10/05,2026/10/08,2026-10,CALL,51500,16985,,,,,,,,,,,,,
2026/10/03 10:39,2026-10-03T10:54:55+09:00,2026/10/05,2026/10/08,2026-10,PUT,51500,1,518,7,67.72,,1,50,,,66.52,0,0,1,10/02 19:02
2026/10/03 10:39,2026-10-03T10:54:55+09:00,2026/10/05,2026/10/08,2026-10,CALL,51250,17235,,,,,,,,,,,,,
2026/10/03 10:39,2026-10-03T10:54:55+09:00,2026/10/05,2026/10/08,2026-10,PUT,51250,1,296,8,,,,,,,70.98,,,2,10/02 18:24
2026/10/03 10:39,2026-10-03T10:54:55+09:00,2026/10/05,2026/10/08,2026-10,CALL,51000,17485,,,,,,,,,,,,,
2026/10/03 10:39,2026-10-03T10:54:55+09:00,2026/10/05,2026/10/08,2026-10,PUT,51000,1,1169,48,69.77,,1,114,,,70.11,0,0,1,10/03 00:04
2026/10/03 10:39,2026-10-03T10:54:55+09:00,2026/10/05,2026/10/08,2026-10,CALL,50750,17735,,,,,,,,,,,,,
2026/10/03 10:39,2026-10-03T10:54:55+09:00,2026/10/05,2026/10/08,2026-10,PUT,50750,1,165,3,,,,,,,69.19,,,1,10/02 18:22
2026/10/03 10:39,2026-10-03T10:54:55+09:00,2026/10/05,2026/10/08,2026-10,CALL,50500,17985,,,,,,,,,,,,,
2026/10/03 10:39,2026-10-03T10:54:55+09:00,2026/10/05,2026/10/08,2026-10,PUT,50500,1,305,11,71.84,,1,50,,,69.45,,,1,10/02 17:00
2026/10/03 10:39,2026-10-03T10:54:55+09:00,2026/10/05,2026/10/08,2026-10,CALL,50250,18235,,,,,,,,,,,,,
2026/10/03 10:39,2026-10-03T10:54:55+09:00,2026/10/05,2026/10/08,2026-10,PUT,50250,1,79,5,,,,,,,71.45,,,1,10/02 17:30
2026/10/03 10:39,2026-10-03T10:54:55+09:00,2026/10/05,2026/10/08,2026-10,CALL,50000,18485,1,,,,,,,,,,,,
2026/10/03 10:39,2026-10-03T10:54:55+09:00,2026/10/05,2026/10/08,2026-10,PUT,50000,1,2779,8,73.92,,1,276,,,73.68,0,0,1,10/03 00:35
2026/10/03 10:39,2026-10-03T10:54:55+09:00,2026/10/05,2026/10/08,2026-10,CALL,49750,18735,,,,,,,,,,,,,
2026/10/03 10:39,2026-10-03T10:54:55+09:00,2026/10/05,2026/10/08,2026-10,PUT,49750,1,67,3,79.24,,2,6,,,74.23,0,0,1,10/02 20:00
2026/10/03 10:39,2026-10-03T10:54:55+09:00,2026/10/05,2026/10/08,2026-10,CALL,49500,18985,,,,,,,,,,,,,
2026/10/03 10:39,2026-10-03T10:54:55+09:00,2026/10/05,2026/10/08,2026-10,PUT,49500,1,318,11,76.03,,1,49,,,75.25,0,0,1,10/02 19:59
2026/10/03 10:39,2026-10-03T10:54:55+09:00,2026/10/05,2026/10/08,2026-10,CALL,49250,19235,,,,,,,,,,,,,
2026/10/03 10:39,2026-10-03T10:54:55+09:00,2026/10/05,2026/10/08,2026-10,PUT,49250,1,84,2,81.46,,2,1,,,76.31,0,0,1,10/02 19:59
2026/10/03 10:39,2026-10-03T10:54:55+09:00,2026/10/05,2026/10/08,2026-10,CALL,49000,19485,,,,,,,,,,,,,
2026/10/03 10:39,2026-10-03T10:54:55+09:00,2026/10/05,2026/10/08,2026-10,PUT,49000,1,406,26,82.58,,2,65,,,78.19,0,0,1,10/02 21:53
2026/10/03 10:39,2026-10-03T10:54:55+09:00,2026/10/05,2026/10/08,2026-10,CALL,48750,19735,,,,,,,,,,,,,
2026/10/03 10:39,2026-10-03T10:54:55+09:00,2026/10/05,2026/10/08,2026-10,PUT,48750,1,276,,,,,,,,,,,,
2026/10/03 10:39,2026-10-03T10:54:55+09:00,2026/10/05,2026/10/08,2026-10,CALL,48500,19985,,,,,,,,,,,,,
2026/10/03 10:39,2026-10-03T10:54:55+09:00,2026/10/05,2026/10/08,2026-10,PUT,48500,1,212,,80.29,,1,5,,,,,,,
2026/10/03 10:39,2026-10-03T10:54:55+09:00,2026/10/05,2026/10/08,2026-10,CALL,48250,20235,,,,,,,,,,,,,
2026/10/03 10:39,2026-10-03T10:54:55+09:00,2026/10/05,2026/10/08,2026-10,PUT,48250,1,53,,81.37,,1,5,,,,,,,
2026/10/03 10:39,2026-10-03T10:54:55+09:00,2026/10/05,2026/10/08,2026-10,CALL,48000,20485,,,,,,,,,,,,,
2026/10/03 10:39,2026-10-03T10:54:55+09:00,2026/10/05,2026/10/08,2026-10,PUT,48000,1,877,19,82.45,,1,52,,,82.22,0,0,1,10/03 00:34
2026/10/03 10:39,2026-10-03T10:54:55+09:00,2026/10/05,2026/10/08,2026-10,CALL,47750,20735,,,,,,,,,,,,,
2026/10/03 10:39,2026-10-03T10:54:55+09:00,2026/10/05,2026/10/08,2026-10,PUT,47750,1,47,,83.54,,1,5,,,,,,,
2026/10/03 10:39,2026-10-03T10:54:55+09:00,2026/10/05,2026/10/08,2026-10,CALL,47500,20985,34,,,,,,,,,,,,
2026/10/03 10:39,2026-10-03T10:54:55+09:00,2026/10/05,2026/10/08,2026-10,PUT,47500,1,56,,84.63,,1,10,,,,,,,
2026/10/03 10:39,2026-10-03T10:54:55+09:00,2026/10/05,2026/10/08,2026-10,CALL,47250,21235,,,,,,,,,,,,,
2026/10/03 10:39,2026-10-03T10:54:55+09:00,2026/10/05,2026/10/08,2026-10,PUT,47250,1,142,,85.73,,1,8,,,,,,,
2026/10/03 10:39,2026-10-03T10:54:55+09:00,2026/10/05,2026/10/08,2026-10,CALL,47000,21485,,,,,,,,,,,,,
2026/10/03 10:39,2026-10-03T10:54:55+09:00,2026/10/05,2026/10/08,2026-10,PUT,47000,1,466,4,86.83,,1,105,,,86.99,0,0,1,10/02 21:58
2026/10/03 10:39,2026-10-03T10:54:55+09:00,2026/10/05,2026/10/08,2026-10,CALL,46750,21735,,,,,,,,,,,,,
2026/10/03 10:39,2026-10-03T10:54:55+09:00,2026/10/05,2026/10/08,2026-10,PUT,46750,1,135,,87.94,,1,5,,,,,,,
2026/10/03 10:39,2026-10-03T10:54:55+09:00,2026/10/05,2026/10/08,2026-10,CALL,46500,21985,,,,,,,,,,,,,
2026/10/03 10:39,2026-10-03T10:54:55+09:00,2026/10/05,2026/10/08,2026-10,PUT,46500,1,318,,89.06,,1,5,,,,,,,
2026/10/03 10:39,2026-10-03T10:54:55+09:00,2026/10/05,2026/10/08,2026-10,CALL,46250,22235,,,,,,,,,,,,,
2026/10/03 10:39,2026-10-03T10:54:55+09:00,2026/10/05,2026/10/08,2026-10,PUT,46250,1,10,,90.18,,1,5,,,,,,,
2026/10/03 10:39,2026-10-03T10:54:55+09:00,2026/10/05,2026/10/08,2026-10,CALL,46000,22485,,,,,,,,,,,,,
2026/10/03 10:39,2026-10-03T10:54:55+09:00,2026/10/05,2026/10/08,2026-10,PUT,46000,1,446,,91.3,,1,73,,,,,,,
2026/10/03 10:39,2026-10-03T10:54:55+09:00,2026/10/05,2026/10/08,2026-10,CALL,45750,22735,,,,,,,,,,,,,
2026/10/03 10:39,2026-10-03T10:54:55+09:00,2026/10/05,2026/10/08,2026-10,PUT,45750,1,135,,92.43,,1,2,,,,,,,
2026/10/03 10:39,2026-10-03T10:54:55+09:00,2026/10/05,2026/10/08,2026-10,CALL,45500,22985,,,,,,,,,,,,,
2026/10/03 10:39,2026-10-03T10:54:55+09:00,2026/10/05,2026/10/08,2026-10,PUT,45500,1,819,,93.57,,1,48,,,,,,,
2026/10/03 10:39,2026-10-03T10:54:55+09:00,2026/10/05,2026/10/08,2026-10,CALL,45250,23235,,,,,,,,,,,,,
2026/10/03 10:39,2026-10-03T10:54:55+09:00,2026/10/05,2026/10/08,2026-10,PUT,45250,1,29,,94.71,,1,5,,,,,,,
2026/10/03 10:39,2026-10-03T10:54:55+09:00,2026/10/05,2026/10/08,2026-10,CALL,45000,23485,2,,,,,,,,,,,,
2026/10/03 10:39,2026-10-03T10:54:55+09:00,2026/10/05,2026/10/08,2026-10,PUT,45000,1,2340,1,95.86,,1,116,,,94.78,0,0,1,10/02 18:43
2026/10/03 10:39,2026-10-03T10:54:55+09:00,2026/10/05,2026/10/08,2026-10,CALL,44750,23735,,,,,,,,,,,,,
2026/10/03 10:39,2026-10-03T10:54:55+09:00,2026/10/05,2026/10/08,2026-10,PUT,44750,1,41,,97.01,,1,5,,,,,,,
2026/10/03 10:39,2026-10-03T10:54:55+09:00,2026/10/05,2026/10/08,2026-10,CALL,44500,23985,,,,,,,,,,,,,
2026/10/03 10:39,2026-10-03T10:54:55+09:00,2026/10/05,2026/10/08,2026-10,PUT,44500,1,58,10,,,,,,,99.3,0,0,1,10/02 23:32
2026/10/03 10:39,2026-10-03T10:54:55+09:00,2026/10/05,2026/10/08,2026-10,CALL,44250,24230,,,,,,,,,,,,,
2026/10/03 10:39,2026-10-03T10:54:55+09:00,2026/10/05,2026/10/08,2026-10,PUT,44250,1,37,,99.34,,1,5,,,,,,,
2026/10/03 10:39,2026-10-03T10:54:55+09:00,2026/10/05,2026/10/08,2026-10,CALL,44000,24480,,,,,,,,,,,,,
2026/10/03 10:39,2026-10-03T10:54:55+09:00,2026/10/05,2026/10/08,2026-10,PUT,44000,1,312,,100.51,,1,64,,,,,,,
2026/10/03 10:39,2026-10-03T10:54:55+09:00,2026/10/05,2026/10/08,2026-10,CALL,43750,24730,,,,,,,,,,,,,
2026/10/03 10:39,2026-10-03T10:54:55+09:00,2026/10/05,2026/10/08,2026-10,PUT,43750,1,25,,101.69,,1,4,,,,,,,
2026/10/03 10:39,2026-10-03T10:54:55+09:00,2026/10/05,2026/10/08,2026-10,CALL,43500,24980,,,,,,,,,,,,,
2026/10/03 10:39,2026-10-03T10:54:55+09:00,2026/10/05,2026/10/08,2026-10,PUT,43500,1,36,,102.87,,1,5,,,,,,,
2026/10/03 10:39,2026-10-03T10:54:55+09:00,2026/10/05,2026/10/08,2026-10,CALL,43250,25230,,,,,,,,,,,,,
2026/10/03 10:39,2026-10-03T10:54:55+09:00,2026/10/05,2026/10/08,2026-10,PUT,43250,1,16,,104.07,,1,14,,,,,,,
2026/10/03 10:39,2026-10-03T10:54:55+09:00,2026/10/05,2026/10/08,2026-10,CALL,43000,25480,,,,,,,,,,,,,
2026/10/03 10:39,2026-10-03T10:54:55+09:00,2026/10/05,2026/10/08,2026-10,PUT,43000,1,507,,105.26,,1,56,,,,,,,
2026/10/03 10:39,2026-10-03T10:54:55+09:00,2026/10/05,2026/10/08,2026-10,CALL,42750,25730,3,,,,,,,,,,,,
2026/10/03 10:39,2026-10-03T10:54:55+09:00,2026/10/05,2026/10/08,2026-10,PUT,42750,1,33,,106.47,,1,4,,,,,,,
2026/10/03 10:39,2026-10-03T10:54:55+09:00,2026/10/05,2026/10/08,2026-10,CALL,42000,26480,,,,,,,,,,,,,
2026/10/03 10:39,2026-10-03T10:54:55+09:00,2026/10/05,2026/10/08,2026-10,PUT,42000,1,401,,110.12,,1,68,,,,,,,
2026/10/03 10:39,2026-10-03T10:54:55+09:00,2026/10/05,2026/10/08,2026-10,CALL,41000,27480,,,,,,,,,,,,,
2026/10/03 10:39,2026-10-03T10:54:55+09:00,2026/10/05,2026/10/08,2026-10,PUT,41000,1,280,,115.08,,1,8,,,,,,,
2026/10/03 10:39,2026-10-03T10:54:55+09:00,2026/10/05,2026/10/08,2026-10,CALL,40000,28480,,,,,,,,,,,,,
2026/10/03 10:39,2026-10-03T10:54:55+09:00,2026/10/05,2026/10/08,2026-10,PUT,40000,1,4647,2,120.17,,1,86,,,120.29,0,0,1,10/02 22:21
2026/10/03 10:39,2026-10-03T10:54:55+09:00,2026/10/05,2026/10/08,2026-10,CALL,39000,29480,,,,,,,,,,,,,
2026/10/03 10:39,2026-10-03T10:54:55+09:00,2026/10/05,2026/10/08,2026-10,PUT,39000,1,191,5,125.37,,1,7,,,125.41,0,0,1,10/02 21:37
2026/10/03 10:39,2026-10-03T10:54:55+09:00,2026/10/05,2026/10/08,2026-10,CALL,38000,30480,,,,,,,,,,,,,
2026/10/03 10:39,2026-10-03T10:54:55+09:00,2026/10/05,2026/10/08,2026-10,PUT,38000,1,420,,130.71,,1,15,,,,,,,
2026/10/03 10:39,2026-10-03T10:54:55+09:00,2026/10/05,2026/10/08,2026-10,CALL,37000,31480,,,,,,,,,,,,,
2026/10/03 10:39,2026-10-03T10:54:55+09:00,2026/10/05,2026/10/08,2026-10,PUT,37000,1,460,,136.18,,1,17,,,,,,,
2026/10/03 10:39,2026-10-03T10:54:55+09:00,2026/10/05,2026/10/08,2026-10,CALL,36000,32480,,,,,,,,,,,,,
2026/10/03 10:39,2026-10-03T10:54:55+09:00,2026/10/05,2026/10/08,2026-10,PUT,36000,1,98,,141.79,,1,10,,,,,,,
2026/10/03 10:39,2026-10-03T10:54:55+09:00,2026/10/05,2026/10/08,2026-10,CALL,35000,33480,24,,,,,,,,,,,,
2026/10/03 10:39,2026-10-03T10:54:55+09:00,2026/10/05,2026/10/08,2026-10,PUT,35000,1,2205,2,147.56,,1,21,,,147.61,0,0,1,10/02 21:36
2026/10/03 10:39,2026-10-03T10:54:55+09:00,2026/10/05,2026/11/12,2026-11,CALL,100000,1,93,6,31.91,,1,24,,,31.88,,,1,10/02 22:55
2026/10/03 10:39,2026-10-03T10:54:55+09:00,2026/10/05,2026/11/12,2026-11,PUT,100000,31430,,,,,,,,,,,,,
2026/10/03 10:39,2026-10-03T10:54:55+09:00,2026/10/05,2026/11/12,2026-11,CALL,97500,1,,,31.48,,2,1,,,,,,,
2026/10/03 10:39,2026-10-03T10:54:55+09:00,2026/10/05,2026/11/12,2026-11,PUT,97500,28935,,,,,,,,,,,,,
2026/10/03 10:39,2026-10-03T10:54:55+09:00,2026/10/05,2026/11/12,2026-11,CALL,95000,1,34,2,29.26,,2,12,,,27.61,0,0,1,10/02 22:05
2026/10/03 10:39,2026-10-03T10:54:55+09:00,2026/10/05,2026/11/12,2026-11,PUT,95000,26440,,,,,,,,,,,,,
2026/10/03 10:39,2026-10-03T10:54:55+09:00,2026/10/05,2026/11/12,2026-11,CALL,92500,2,14,11,26.97,25.54,2,2,1,9,25.87,0,0,1,10/02 21:26
2026/10/03 10:39,2026-10-03T10:54:55+09:00,2026/10/05,2026/11/12,2026-11,PUT,92500,23945,,,,,,,,,,,,,
2026/10/03 10:39,2026-10-03T10:54:55+09:00,2026/10/05,2026/11/12,2026-11,CALL,90000,2,281,58,26.68,24.59,5,12,2,3,26.49,,,5,10/03 05:01
2026/10/03 10:39,2026-10-03T10:54:55+09:00,2026/10/05,2026/11/12,2026-11,PUT,90000,21450,,,,,,,,,,,,,
2026/10/03 10:39,2026-10-03T10:54:55+09:00,2026/10/05,2026/11/12,2026-11,CALL,87500,4,195,32,25.8,24.04,10,2,5,1,25.53,5,125,9,10/03 03:40
2026/10/03 10:39,2026-10-03T10:54:55+09:00,2026/10/05,2026/11/12,2026-11,PUT,87500,18955,,,,,,,,,,,,,
2026/10/03 10:39,2026-10-03T10:54:55+09:00,2026/10/05,2026/11/12,2026-11,CALL,85000,10,164,52,24.82,23.97,20,1,15,1,23.99,5,50,15,10/03 03:21
2026/10/03 10:39,2026-10-03T10:54:55+09:00,2026/10/05,2026/11/12,2026-11,PUT,85000,16470,,,,,,,,,,,,,
2026/10/03 10:39,2026-10-03T10:54:55+09:00,2026/10/05,2026/11/12,2026-11,CALL,82500,27,200,65,30.7,21.97,175,2,23,1,24.07,18,66.67,45,10/03 04:22
2026/10/03 10:39,2026-10-03T10:54:55+09:00,2026/10/05,2026/11/12,2026-11,PUT,82500,13990,,,,,,,,,,,,,
2026/10/03 10:39,2026-10-03T10:54:55+09:00,2026/10/05,2026/11/12,2026-11,CALL,80000,73,372,61,25.06,23.22,140,1,95,1,23.59,43,66.15,108,10/03 04:30
2026/10/03 10:39,2026-10-03T10:54:55+09:00,2026/10/05,2026/11/12,2026-11,PUT,80000,11535,,,,,,,,,,,,,
2026/10/03 10:39,2026-10-03T10:54:55+09:00,2026/10/05,2026/11/12,2026-11,CALL,79500,88,18,10,,14.02,,,3,20,23.88,64,84.21,140,10/03 05:05
2026/10/03 10:39,2026-10-03T10:54:55+09:00,2026/10/05,2026/11/12,2026-11,PUT,79500,11050,2,,,,,,,,,,,,
2026/10/03 10:39,2026-10-03T10:54:55+09:00,2026/10/05,2026/11/12,2026-11,CALL,79000,105,120,54,24.88,15.29,190,1,10,1,23.89,70,73.68,165,10/03 05:35
2026/10/03 10:39,2026-10-03T10:54:55+09:00,2026/10/05,2026/11/12,2026-11,PUT,79000,10575,,,,,,,,,,,,,
2026/10/03 10:39,2026-10-03T10:54:55+09:00,2026/10/05,2026/11/12,2026-11,CALL,78500,128,7,,25.82,12.8,260,1,3,20,,,,,
2026/10/03 10:39,2026-10-03T10:54:55+09:00,2026/10/05,2026/11/12,2026-11,PUT,78500,10095,,,,,,,,,,,,,
2026/10/03 10:39,2026-10-03T10:54:55+09:00,2026/10/05,2026/11/12,2026-11,CALL,78000,150,300,19,27.9,13.56,400,1,8,2,24.15,115,76.67,265,10/02 23:43
2026/10/03 10:39,2026-10-03T10:54:55+09:00,2026/10/05,2026/11/12,2026-11,PUT,78000,9620,,,,,,,,,,,,,
2026/10/03 10:39,2026-10-03T10:54:55+09:00,2026/10/05,2026/11/12,2026-11,CALL,77500,183,7,8,,11.56,,,3,20,23.88,69,40.35,240,10/03 00:21
2026/10/03 10:39,2026-10-03T10:54:55+09:00,2026/10/05,2026/11/12,2026-11,PUT,77500,9150,,,,,,,,,,,,,
2026/10/03 10:39,2026-10-03T10:54:55+09:00,2026/10/05,2026/11/12,2026-11,CALL,77000,214,246,33,25.86,18.85,410,1,120,1,23.68,108,52.17,315,10/03 04:25
2026/10/03 10:39,2026-10-03T10:54:55+09:00,2026/10/05,2026/11/12,2026-11,PUT,77000,8685,,,,,,,,,,,,,
2026/10/03 10:39,2026-10-03T10:54:55+09:00,2026/10/05,2026/11/12,2026-11,CALL,76500,255,292,2,28.5,23.54,630,1,350,1,24.18,208,95.85,425,10/02 23:44
2026/10/03 10:39,2026-10-03T10:54:55+09:00,2026/10/05,2026/11/12,2026-11,PUT,76500,8225,,,,,,,,,,,,,
2026/10/03 10:39,2026-10-03T10:54:55+09:00,2026/10/05,2026/11/12,2026-11,CALL,76250,279,2,,,9.97,,,3,20,,,,,
2026/10/03 10:39,2026-10-03T10:54:55+09:00,2026/10/05,2026/11/12,2026-11,PUT,76250,8000,,,,,,,,,,,,,
2026/10/03 10:39,2026-10-03T10:54:55+09:00,2026/10/05,2026/11/12,2026-11,CALL,76000,299,181,27,,15.11,,,70,1,23.95,204,73.91,480,10/02 23:50
2026/10/03 10:39,2026-10-03T10:54:55+09:00,2026/10/05,2026/11/12,2026-11,PUT,76000,7775,,,,,,,,,,,,,
2026/10/03 10:39,2026-10-03T10:54:55+09:00,2026/10/05,2026/11/12,2026-11,CALL,75750,325,2,,,9.31,,,3,20,,,,,
2026/10/03 10:39,2026-10-03T10:54:55+09:00,2026/10/05,2026/11/12,2026-11,PUT,75750,7550,,,,,,,,,,,,,
2026/10/03 10:39,2026-10-03T10:54:55+09:00,2026/10/05,2026/11/12,2026-11,CALL,75500,355,93,4,25.47,17.06,600,1,160,2,24.36,200,59.7,535,10/02 22:58
2026/10/03 10:39,2026-10-03T10:54:55+09:00,2026/10/05,2026/11/12,2026-11,PUT,75500,7325,,,,,,,,,,,,,
2026/10/03 10:39,2026-10-03T10:54:55+09:00,2026/10/05,2026/11/12,2026-11,CALL,75250,380,2,,,8.65,,,3,20,,,,,
2026/10/03 10:39,2026-10-03T10:54:55+09:00,2026/10/05,2026/11/12,2026-11,PUT,75250,7105,,,,,,,,,,,,,
2026/10/03 10:39,2026-10-03T10:54:55+09:00,2026/10/05,2026/11/12,2026-11,CALL,75000,415,520,33,24.46,12.16,620,1,45,2,24.08,225,60.81,595,10/03 06:00
2026/10/03 10:39,2026-10-03T10:54:55+09:00,2026/10/05,2026/11/12,2026-11,PUT,75000,6890,,,,,,,,,,,,,
2026/10/03 10:39,2026-10-03T10:54:55+09:00,2026/10/05,2026/11/12,2026-11,CALL,74750,450,3,,,7.15,,,1,10,,,,,
2026/10/03 10:39,2026-10-03T10:54:55+09:00,2026/10/05,2026/11/12,2026-11,PUT,74750,6670,,,,,,,,,,,,,
2026/10/03 10:39,2026-10-03T10:54:55+09:00,2026/10/05,2026/11/12,2026-11,CALL,74500,485,121,2,,6.84,,,1,20,24.25,245,53.26,705,10/02 22:56
2026/10/03 10:39,2026-10-03T10:54:55+09:00,2026/10/05,2026/11/12,2026-11,PUT,74500,6460,,,,,,,,,,,,,
2026/10/03 10:39,2026-10-03T10:54:55+09:00,2026/10/05,2026/11/12,2026-11,CALL,74250,525,1,,,6.53,,,1,10,,,,,
2026/10/03 10:39,2026-10-03T10:54:55+09:00,2026/10/05,2026/11/12,2026-11,PUT,74250,6250,,,,,,,,,,,,,
2026/10/03 10:39,2026-10-03T10:54:55+09:00,2026/10/05,2026/11/12,2026-11,CALL,74000,530,227,23,,13.32,,,140,2,24.06,260,49.06,790,10/03 06:00
2026/10/03 10:39,2026-10-03T10:54:55+09:00,2026/10/05,2026/11/12,2026-11,PUT,74000,6040,,,,,,,,,,,,,
2026/10/03 10:39,2026-10-03T10:54:55+09:00,2026/10/05,2026/11/12,2026-11,CALL,73750,605,20,,,5.89,,,1,10,,,,,
2026/10/03 10:39,2026-10-03T10:54:55+09:00,2026/10/05,2026/11/12,2026-11,PUT,73750,5835,,,,,,,,,,,,,
2026/10/03 10:39,2026-10-03T10:54:55+09:00,2026/10/05,2026/11/12,2026-11,CALL,73500,650,14,3,,5.57,,,1,20,24.3,420,73.04,995,10/02 23:03
2026/10/03 10:39,2026-10-03T10:54:55+09:00,2026/10/05,2026/11/12,2026-11,PUT,73500,5630,,,,,,,,,,,,,
2026/10/03 10:39,2026-10-03T10:54:55+09:00,2026/10/05,2026/11/12,2026-11,CALL,73250,705,9,,,5.25,,,1,10,,,,,
2026/10/03 10:39,2026-10-03T10:54:55+09:00,2026/10/05,2026/11/12,2026-11,PUT,73250,5425,,,,,,,,,,,,,
2026/10/03 10:39,2026-10-03T10:54:55+09:00,2026/10/05,2026/11/12,2026-11,CALL,73000,745,262,5,,15.8,,,410,1,24.29,405,54.36,1150,10/02 23:24
2026/10/03 10:39,2026-10-03T10:54:55+09:00,2026/10/05,2026/11/12,2026-11,PUT,73000,5230,,,,,,,,,,,,,
2026/10/03 10:39,2026-10-03T10:54:55+09:00,2026/10/05,2026/11/12,2026-11,CALL,72750,750,2,,,4.59,,,1,10,,,,,
2026/10/03 10:39,2026-10-03T10:54:55+09:00,2026/10/05,2026/11/12,2026-11,PUT,72750,5040,,,,,,,,,,,,,
2026/10/03 10:39,2026-10-03T10:54:55+09:00,2026/10/05,2026/11/12,2026-11,CALL,72500,850,576,2,,11.12,,,205,2,24.63,390,45.88,1240,10/02 21:54
2026/10/03 10:39,2026-10-03T10:54:55+09:00,2026/10/05,2026/11/12,2026-11,PUT,72500,4850,330,,,,,,,,,,,,
2026/10/03 10:39,2026-10-03T10:54:55+09:00,2026/10/05,2026/11/12,2026-11,CALL,72250,920,8,1,,3.92,,,1,10,24.72,445,50.28,1330,10/02 21:57
2026/10/03 10:39,2026-10-03T10:54:55+09:00,2026/10/05,2026/11/12,2026-11,PUT,72250,4660,,,,,,,,,,,,,
2026/10/03 10:39,2026-10-03T10:54:55+09:00,2026/10/05,2026/11/12,2026-11,CALL,72125,995,93,,,,,,,,,,,,
2026/10/03 10:39,2026-10-03T10:54:55+09:00,2026/10/05,2026/11/12,2026-11,PUT,72125,4595,,,,,,,,,,,,,
2026/10/03 10:39,2026-10-03T10:54:55+09:00,2026/10/05,2026/11/12,2026-11,CALL,72000,925,1640,7,,3.87,,,2,1,24.29,330,35.68,1255,10/03 00:24
2026/10/03 10:39,2026-10-03T10:54:55+09:00,2026/10/05,2026/11/12,2026-11,PUT,72000,4475,,3,,,,,,,23.94,,,3430,10/02 23:32
2026/10/03 10:39,2026-10-03T10:54:55+09:00,2026/10/05,2026/11/12,2026-11,CALL,71875,1075,,,,,,,,,,,,,
2026/10/03 10:39,2026-10-03T10:54:55+09:00,2026/10/05,2026/11/12,2026-11,PUT,71875,4425,,,,,,,,,,,,,
2026/10/03 10:39,2026-10-03T10:54:55+09:00,2026/10/05,2026/11/12,2026-11,CALL,71750,1055,,,,3.24,,,1,10,,,,,
2026/10/03 10:39,2026-10-03T10:54:55+09:00,2026/10/05,2026/11/12,2026-11,PUT,71750,4295,,,,,,,,,,,,,
2026/10/03 10:39,2026-10-03T10:54:55+09:00,2026/10/05,2026/11/12,2026-11,CALL,71625,1140,8,,,,,,,,,,,,
2026/10/03 10:39,2026-10-03T10:54:55+09:00,2026/10/05,2026/11/12,2026-11,PUT,71625,4240,,,,,,,,,,,,,
2026/10/03 10:39,2026-10-03T10:54:55+09:00,2026/10/05,2026/11/12,2026-11,CALL,71500,1130,359,,,2.89,,,1,10,,,,,
2026/10/03 10:39,2026-10-03T10:54:55+09:00,2026/10/05,2026/11/12,2026-11,PUT,71500,4120,,,,,,,,,,,,,
2026/10/03 10:39,2026-10-03T10:54:55+09:00,2026/10/05,2026/11/12,2026-11,CALL,71375,1200,,,,,,,,,,,,,
2026/10/03 10:39,2026-10-03T10:54:55+09:00,2026/10/05,2026/11/12,2026-11,PUT,71375,4050,,,,,,,,,,,,,
2026/10/03 10:39,2026-10-03T10:54:55+09:00,2026/10/05,2026/11/12,2026-11,CALL,71250,1215,6,,,2.53,,,1,15,,,,,
2026/10/03 10:39,2026-10-03T10:54:55+09:00,2026/10/05,2026/11/12,2026-11,PUT,71250,3945,,,,,,,,,,,,,
2026/10/03 10:39,2026-10-03T10:54:55+09:00,2026/10/05,2026/11/12,2026-11,CALL,71125,1295,2,,,,,,,,,,,,
2026/10/03 10:39,2026-10-03T10:54:55+09:00,2026/10/05,2026/11/12,2026-11,PUT,71125,3895,,,,,,,,,,,,,
2026/10/03 10:39,2026-10-03T10:54:55+09:00,2026/10/05,2026/11/12,2026-11,CALL,71000,1285,1336,,,10.01,,,440,1,,,,,
2026/10/03 10:39,2026-10-03T10:54:55+09:00,2026/10/05,2026/11/12,2026-11,PUT,71000,3780,,1,,,,,,,24.82,,,3040,10/02 21:57
2026/10/03 10:39,2026-10-03T10:54:55+09:00,2026/10/05,2026/11/12,2026-11,CALL,70875,1335,,,,,,,,,,,,,
2026/10/03 10:39,2026-10-03T10:54:55+09:00,2026/10/05,2026/11/12,2026-11,PUT,70875,3685,,,,,,,,,,,,,
2026/10/03 10:39,2026-10-03T10:54:55+09:00,2026/10/05,2026/11/12,2026-11,CALL,70750,1390,4,1,,1.8,,,1,10,24.88,,,1765,10/02 20:09
2026/10/03 10:39,2026-10-03T10:54:55+09:00,2026/10/05,2026/11/12,2026-11,PUT,70750,3615,160,,,,,,,,,,,,
2026/10/03 10:39,2026-10-03T10:54:55+09:00,2026/10/05,2026/11/12,2026-11,CALL,70625,1435,,,,,,,,,,,,,
2026/10/03 10:39,2026-10-03T10:54:55+09:00,2026/10/05,2026/11/12,2026-11,PUT,70625,3540,,,,,,,,,,,,,
2026/10/03 10:39,2026-10-03T10:54:55+09:00,2026/10/05,2026/11/12,2026-11,CALL,70500,1490,30,2,,1.42,,,1,10,25,615,43.93,2015,10/02 21:57
2026/10/03 10:39,2026-10-03T10:54:55+09:00,2026/10/05,2026/11/12,2026-11,PUT,70500,3465,,,,,,,,,,,,,
2026/10/03 10:39,2026-10-03T10:54:55+09:00,2026/10/05,2026/11/12,2026-11,CALL,70375,1515,102,,,,,,,,,,,,
2026/10/03 10:39,2026-10-03T10:54:55+09:00,2026/10/05,2026/11/12,2026-11,PUT,70375,3370,,,,,,,,,,,,,
2026/10/03 10:39,2026-10-03T10:54:55+09:00,2026/10/05,2026/11/12,2026-11,CALL,70250,1570,119,1,,1.03,,,1,10,24.69,360,22.36,1970,10/03 00:19
2026/10/03 10:39,2026-10-03T10:54:55+09:00,2026/10/05,2026/11/12,2026-11,PUT,70250,3300,,,,,,,,,,,,,
2026/10/03 10:39,2026-10-03T10:54:55+09:00,2026/10/05,2026/11/12,2026-11,CALL,70125,1610,,,,,,,,,,,,,
2026/10/03 10:39,2026-10-03T10:54:55+09:00,2026/10/05,2026/11/12,2026-11,PUT,70125,3215,,,,,,,,,,,,,
2026/10/03 10:39,2026-10-03T10:54:55+09:00,2026/10/05,2026/11/12,2026-11,CALL,70000,1565,1334,29,,0.61,,,1,28,24.78,505,32.27,2070,10/03 00:23
2026/10/03 10:39,2026-10-03T10:54:55+09:00,2026/10/05,2026/11/12,2026-11,PUT,70000,3145,571,17,,,,,,,24.92,-775,-24.84,2345,10/02 23:40
2026/10/03 10:39,2026-10-03T10:54:55+09:00,2026/10/05,2026/11/12,2026-11,CALL,69875,1725,16,,,,,,,,,,,,
2026/10/03 10:39,2026-10-03T10:54:55+09:00,2026/10/05,2026/11/12,2026-11,PUT,69875,3075,,,,,,,,,,,,,
2026/10/03 10:39,2026-10-03T10:54:55+09:00,2026/10/05,2026/11/12,2026-11,CALL,69750,1780,1,,,0.14,,,1,10,,,,,
2026/10/03 10:39,2026-10-03T10:54:55+09:00,2026/10/05,2026/11/12,2026-11,PUT,69750,3010,,,,,,,,,,,,,
2026/10/03 10:39,2026-10-03T10:54:55+09:00,2026/10/05,2026/11/12,2026-11,CALL,69625,1825,,,,,,,,,,,,,
2026/10/03 10:39,2026-10-03T10:54:55+09:00,2026/10/05,2026/11/12,2026-11,PUT,69625,2925,,,,,,,,,,,,,
2026/10/03 10:39,2026-10-03T10:54:55+09:00,2026/10/05,2026/11/12,2026-11,CALL,69500,1885,16,,,,,,1,10,,,,,
2026/10/03 10:39,2026-10-03T10:54:55+09:00,2026/10/05,2026/11/12,2026-11,PUT,69500,2865,1,,,,,,,,,,,,
2026/10/03 10:39,2026-10-03T10:54:55+09:00,2026/10/05,2026/11/12,2026-11,CALL,69375,1940,118,,,,,,,,,,,,
2026/10/03 10:39,2026-10-03T10:54:55+09:00,2026/10/05,2026/11/12,2026-11,PUT,69375,2795,,,,,,,,,,,,,
2026/10/03 10:39,2026-10-03T10:54:55+09:00,2026/10/05,2026/11/12,2026-11,CALL,69250,1995,,,,,,,1,10,,,,,
2026/10/03 10:39,2026-10-03T10:54:55+09:00,2026/10/05,2026/11/12,2026-11,PUT,69250,2730,,,,,,,,,,,,,
2026/10/03 10:39,2026-10-03T10:54:55+09:00,2026/10/05,2026/11/12,2026-11,CALL,69125,2040,,,,,,,,,,,,,
2026/10/03 10:39,2026-10-03T10:54:55+09:00,2026/10/05,2026/11/12,2026-11,PUT,69125,2640,,,,,,,,,,,,,
2026/10/03 10:39,2026-10-03T10:54:55+09:00,2026/10/05,2026/11/12,2026-11,CALL,69000,2100,3862,6,,,,,1,10,25.52,550,27.09,2580,10/02 19:54
2026/10/03 10:39,2026-10-03T10:54:55+09:00,2026/10/05,2026/11/12,2026-11,PUT,69000,2590,473,3,42.14,3.64,3610,1,100,1,25.59,,,2200,10/02 20:56
2026/10/03 10:39,2026-10-03T10:54:55+09:00,2026/10/05,2026/11/12,2026-11,CALL,68875,2155,25,,,,,,,,,,,,
2026/10/03 10:39,2026-10-03T10:54:55+09:00,2026/10/05,2026/11/12,2026-11,PUT,68875,2510,,,,,,,,,,,,,
2026/10/03 10:39,2026-10-03T10:54:55+09:00,2026/10/05,2026/11/12,2026-11,CALL,68750,2225,10,,,,,,1,10,,,,,
2026/10/03 10:39,2026-10-03T10:54:55+09:00,2026/10/05,2026/11/12,2026-11,PUT,68750,2455,,,,,,,,,,,,,
2026/10/03 10:39,2026-10-03T10:54:55+09:00,2026/10/05,2026/11/12,2026-11,CALL,68625,2275,1,,,,,,,,,,,,
2026/10/03 10:39,2026-10-03T10:54:55+09:00,2026/10/05,2026/11/12,2026-11,PUT,68625,2380,,,,,,,,,,,,,
2026/10/03 10:39,2026-10-03T10:54:55+09:00,2026/10/05,2026/11/12,2026-11,CALL,68500,2230,15,,,,,,1,10,,,,,
2026/10/03 10:39,2026-10-03T10:54:55+09:00,2026/10/05,2026/11/12,2026-11,PUT,68500,2335,157,,,,,,,,,,,,
2026/10/03 10:39,2026-10-03T10:54:55+09:00,2026/10/05,2026/11/12,2026-11,CALL,68375,2425,16,,,,,,,,,,,,
2026/10/03 10:39,2026-10-03T10:54:55+09:00,2026/10/05,2026/11/12,2026-11,PUT,68375,2280,16,,,,,,,,,,,,
2026/10/03 10:39,2026-10-03T10:54:55+09:00,2026/10/05,2026/11/12,2026-11,CALL,68250,2505,,,,,,,1,10,,,,,
2026/10/03 10:39,2026-10-03T10:54:55+09:00,2026/10/05,2026/11/12,2026-11,PUT,68250,2235,,,,,,,,,,,,,
2026/10/03 10:39,2026-10-03T10:54:55+09:00,2026/10/05,2026/11/12,2026-11,CALL,68125,2560,,,,,,,,,,,,,
2026/10/03 10:39,2026-10-03T10:54:55+09:00,2026/10/05,2026/11/12,2026-11,PUT,68125,2165,,,,,,,,,,,,,
2026/10/03 10:39,2026-10-03T10:54:55+09:00,2026/10/05,2026/11/12,2026-11,CALL,68000,2575,626,3,,,,,1,20,25.09,715,27.77,3290,10/03 01:32
2026/10/03 10:39,2026-10-03T10:54:55+09:00,2026/10/05,2026/11/12,2026-11,PUT,68000,2155,208,,43.56,,3260,1,,,,,,,
2026/10/03 10:39,2026-10-03T10:54:55+09:00,2026/10/05,2026/11/12,2026-11,CALL,67875,2695,1,,,,,,,,,,,,
2026/10/03 10:39,2026-10-03T10:54:55+09:00,2026/10/05,2026/11/12,2026-11,PUT,67875,2050,,,,,,,,,,,,,
2026/10/03 10:39,2026-10-03T10:54:55+09:00,2026/10/05,2026/11/12,2026-11,CALL,67750,2765,35,,,,,,1,10,,,,,
2026/10/03 10:39,2026-10-03T10:54:55+09:00,2026/10/05,2026/11/12,2026-11,PUT,67750,1995,1,1,,,,,,,26.42,,,1460,10/02 23:09
2026/10/03 10:39,2026-10-03T10:54:55+09:00,2026/10/05,2026/11/12,2026-11,CALL,67625,2840,,,,,,,,,,,,,
2026/10/03 10:39,2026-10-03T10:54:55+09:00,2026/10/05,2026/11/12,2026-11,PUT,67625,1945,,,,,,,,,,,,,
2026/10/03 10:39,2026-10-03T10:54:55+09:00,2026/10/05,2026/11/12,2026-11,CALL,67500,2920,929,,,,,,1,10,,,,,
2026/10/03 10:39,2026-10-03T10:54:55+09:00,2026/10/05,2026/11/12,2026-11,PUT,67500,1900,4,,,,,,,,,,,,
2026/10/03 10:39,2026-10-03T10:54:55+09:00,2026/10/05,2026/11/12,2026-11,CALL,67375,3000,,,,,,,,,,,,,
2026/10/03 10:39,2026-10-03T10:54:55+09:00,2026/10/05,2026/11/12,2026-11,PUT,67375,1855,,,,,,,,,,,,,
2026/10/03 10:39,2026-10-03T10:54:55+09:00,2026/10/05,2026/11/12,2026-11,CALL,67250,3065,,,,,,,1,10,,,,,
2026/10/03 10:39,2026-10-03T10:54:55+09:00,2026/10/05,2026/11/12,2026-11,PUT,67250,1795,,,,,,,,,,,,,
2026/10/03 10:39,2026-10-03T10:54:55+09:00,2026/10/05,2026/11/12,2026-11,CALL,67125,3160,,,,,,,,,,,,,
2026/10/03 10:39,2026-10-03T10:54:55+09:00,2026/10/05,2026/11/12,2026-11,PUT,67125,1765,,,,,,,,,,,,,
2026/10/03 10:39,2026-10-03T10:54:55+09:00,2026/10/05,2026/11/12,2026-11,CALL,67000,3220,1440,,,,,,1,10,,,,,
2026/10/03 10:39,2026-10-03T10:54:55+09:00,2026/10/05,2026/11/12,2026-11,PUT,67000,1705,936,1,,,,,,,26.63,-415,-23.25,1370,10/03 02:29
2026/10/03 10:39,2026-10-03T10:54:55+09:00,2026/10/05,2026/11/12,2026-11,CALL,66875,3290,,,,,,,,,,,,,
2026/10/03 10:39,2026-10-03T10:54:55+09:00,2026/10/05,2026/11/12,2026-11,PUT,66875,1650,,2,,,,,,,26.58,,,1450,10/02 19:11
2026/10/03 10:39,2026-10-03T10:54:55+09:00,2026/10/05,2026/11/12,2026-11,CALL,66750,3385,6,,,,,,1,10,,,,,
2026/10/03 10:39,2026-10-03T10:54:55+09:00,2026/10/05,2026/11/12,2026-11,PUT,66750,1620,,,,,,,,,,,,,
2026/10/03 10:39,2026-10-03T10:54:55+09:00,2026/10/05,2026/11/12,2026-11,CALL,66625,3455,,,,,,,,,,,,,
2026/10/03 10:39,2026-10-03T10:54:55+09:00,2026/10/05,2026/11/12,2026-11,PUT,66625,1565,,,,,,,,,,,,,
2026/10/03 10:39,2026-10-03T10:54:55+09:00,2026/10/05,2026/11/12,2026-11,CALL,66500,3540,1,,,,,,1,10,,,,,
2026/10/03 10:39,2026-10-03T10:54:55+09:00,2026/10/05,2026/11/12,2026-11,PUT,66500,1525,441,1,,,,,,,26.81,-230,-14.6,1345,10/02 17:58
2026/10/03 10:39,2026-10-03T10:54:55+09:00,2026/10/05,2026/11/12,2026-11,CALL,66375,3620,,,,,,,,,,,,,
2026/10/03 10:39,2026-10-03T10:54:55+09:00,2026/10/05,2026/11/12,2026-11,PUT,66375,1475,,,,,,,,,,,,,
2026/10/03 10:39,2026-10-03T10:54:55+09:00,2026/10/05,2026/11/12,2026-11,CALL,66250,3710,1,,,,,,1,10,,,,,
2026/10/03 10:39,2026-10-03T10:54:55+09:00,2026/10/05,2026/11/12,2026-11,PUT,66250,1445,,,,,,,,,,,,,
2026/10/03 10:39,2026-10-03T10:54:55+09:00,2026/10/05,2026/11/12,2026-11,CALL,66125,3770,4,,,,,,,,,,,,
2026/10/03 10:39,2026-10-03T10:54:55+09:00,2026/10/05,2026/11/12,2026-11,PUT,66125,1380,,,,,,,,,,,,,
2026/10/03 10:39,2026-10-03T10:54:55+09:00,2026/10/05,2026/11/12,2026-11,CALL,66000,3890,669,,,,,,1,10,,,,,
2026/10/03 10:39,2026-10-03T10:54:55+09:00,2026/10/05,2026/11/12,2026-11,PUT,66000,1375,1820,3,32.63,,1500,1,,,27.02,-390,-27.46,1030,10/03 04:43
2026/10/03 10:39,2026-10-03T10:54:55+09:00,2026/10/05,2026/11/12,2026-11,CALL,65875,3935,50,,,,,,,,,,,,
2026/10/03 10:39,2026-10-03T10:54:55+09:00,2026/10/05,2026/11/12,2026-11,PUT,65875,1295,,,,,,,,,,,,,
2026/10/03 10:39,2026-10-03T10:54:55+09:00,2026/10/05,2026/11/12,2026-11,CALL,65750,4055,1,,,,,,,,,,,,
2026/10/03 10:39,2026-10-03T10:54:55+09:00,2026/10/05,2026/11/12,2026-11,PUT,65750,1290,,,,,,,,,,,,,
2026/10/03 10:39,2026-10-03T10:54:55+09:00,2026/10/05,2026/11/12,2026-11,CALL,65625,4125,,,,,,,,,,,,,
2026/10/03 10:39,2026-10-03T10:54:55+09:00,2026/10/05,2026/11/12,2026-11,PUT,65625,1235,,,,,,,,,,,,,
2026/10/03 10:39,2026-10-03T10:54:55+09:00,2026/10/05,2026/11/12,2026-11,CALL,65500,4240,209,,,,,,,,,,,,
2026/10/03 10:39,2026-10-03T10:54:55+09:00,2026/10/05,2026/11/12,2026-11,PUT,65500,1225,135,3,,,,,,,27.38,,,920,10/03 04:35
2026/10/03 10:39,2026-10-03T10:54:55+09:00,2026/10/05,2026/11/12,2026-11,CALL,65375,4290,11,,,,,,,,,,,,
2026/10/03 10:39,2026-10-03T10:54:55+09:00,2026/10/05,2026/11/12,2026-11,PUT,65375,1150,30,,,,,,,,,,,,
2026/10/03 10:39,2026-10-03T10:54:55+09:00,2026/10/05,2026/11/12,2026-11,CALL,65250,4415,,,,,,,,,,,,,
2026/10/03 10:39,2026-10-03T10:54:55+09:00,2026/10/05,2026/11/12,2026-11,PUT,65250,1150,,,,,,,,,,,,,
2026/10/03 10:39,2026-10-03T10:54:55+09:00,2026/10/05,2026/11/12,2026-11,CALL,65125,4485,1,,,,,,,,,,,,
2026/10/03 10:39,2026-10-03T10:54:55+09:00,2026/10/05,2026/11/12,2026-11,PUT,65125,1100,,,,,,,,,,,,,
2026/10/03 10:39,2026-10-03T10:54:55+09:00,2026/10/05,2026/11/12,2026-11,CALL,65000,4610,428,,,,,,,,,,,,
2026/10/03 10:39,2026-10-03T10:54:55+09:00,2026/10/05,2026/11/12,2026-11,PUT,65000,1075,1119,14,,7.18,,,1,12,27.63,-220,-20.47,855,10/03 00:11
2026/10/03 10:39,2026-10-03T10:54:55+09:00,2026/10/05,2026/11/12,2026-11,CALL,64875,4660,,,,,,,,,,,,,
2026/10/03 10:39,2026-10-03T10:54:55+09:00,2026/10/05,2026/11/12,2026-11,PUT,64875,1020,,,,,,,,,,,,,
2026/10/03 10:39,2026-10-03T10:54:55+09:00,2026/10/05,2026/11/12,2026-11,CALL,64750,4785,,,,,,,,,,,,,
2026/10/03 10:39,2026-10-03T10:54:55+09:00,2026/10/05,2026/11/12,2026-11,PUT,64750,1025,4,1,,7.55,,,1,10,27.69,-100,-9.85,915,10/02 17:20
2026/10/03 10:39,2026-10-03T10:54:55+09:00,2026/10/05,2026/11/12,2026-11,CALL,64625,4845,1,,,,,,,,,,,,
2026/10/03 10:39,2026-10-03T10:54:55+09:00,2026/10/05,2026/11/12,2026-11,PUT,64625,955,494,,,,,,,,,,,,
2026/10/03 10:39,2026-10-03T10:54:55+09:00,2026/10/05,2026/11/12,2026-11,CALL,64500,4965,201,,,,,,,,,,,,
2026/10/03 10:39,2026-10-03T10:54:55+09:00,2026/10/05,2026/11/12,2026-11,PUT,64500,955,300,,,7.91,,,1,10,,,,,
2026/10/03 10:39,2026-10-03T10:54:55+09:00,2026/10/05,2026/11/12,2026-11,CALL,64375,5085,2,,,,,,,,,,,,
2026/10/03 10:39,2026-10-03T10:54:55+09:00,2026/10/05,2026/11/12,2026-11,PUT,64375,945,82,,,,,,,,,,,,
2026/10/03 10:39,2026-10-03T10:54:55+09:00,2026/10/05,2026/11/12,2026-11,CALL,64250,5190,,,,,,,,,,,,,
2026/10/03 10:39,2026-10-03T10:54:55+09:00,2026/10/05,2026/11/12,2026-11,PUT,64250,925,,,,8.27,,,1,10,,,,,
2026/10/03 10:39,2026-10-03T10:54:55+09:00,2026/10/05,2026/11/12,2026-11,CALL,64125,5310,,,,,,,,,,,,,
2026/10/03 10:39,2026-10-03T10:54:55+09:00,2026/10/05,2026/11/12,2026-11,PUT,64125,925,,,,,,,,,,,,,
2026/10/03 10:39,2026-10-03T10:54:55+09:00,2026/10/05,2026/11/12,2026-11,CALL,64000,5385,131,,,,,,,,,,,,
2026/10/03 10:39,2026-10-03T10:54:55+09:00,2026/10/05,2026/11/12,2026-11,PUT,64000,875,584,1,,8.63,,,1,10,28.69,-270,-30,630,10/02 23:52
2026/10/03 10:39,2026-10-03T10:54:55+09:00,2026/10/05,2026/11/12,2026-11,CALL,63875,5485,,,,,,,,,,,,,
2026/10/03 10:39,2026-10-03T10:54:55+09:00,2026/10/05,2026/11/12,2026-11,PUT,63875,850,,,,,,,,,,,,,
2026/10/03 10:39,2026-10-03T10:54:55+09:00,2026/10/05,2026/11/12,2026-11,CALL,63750,5585,,,,,,,,,,,,,
2026/10/03 10:39,2026-10-03T10:54:55+09:00,2026/10/05,2026/11/12,2026-11,PUT,63750,825,10,,,8.99,,,1,10,,,,,
2026/10/03 10:39,2026-10-03T10:54:55+09:00,2026/10/05,2026/11/12,2026-11,CALL,63625,5695,,,,,,,,,,,,,
2026/10/03 10:39,2026-10-03T10:54:55+09:00,2026/10/05,2026/11/12,2026-11,PUT,63625,810,,,,,,,,,,,,,
2026/10/03 10:39,2026-10-03T10:54:55+09:00,2026/10/05,2026/11/12,2026-11,CALL,63500,5790,17,,,,,,,,,,,,
2026/10/03 10:39,2026-10-03T10:54:55+09:00,2026/10/05,2026/11/12,2026-11,PUT,63500,775,15,,,9.35,,,1,10,,,,,
2026/10/03 10:39,2026-10-03T10:54:55+09:00,2026/10/05,2026/11/12,2026-11,CALL,63375,5895,,,,,,,,,,,,,
2026/10/03 10:39,2026-10-03T10:54:55+09:00,2026/10/05,2026/11/12,2026-11,PUT,63375,760,,,,,,,,,,,,,
2026/10/03 10:39,2026-10-03T10:54:55+09:00,2026/10/05,2026/11/12,2026-11,CALL,63250,5995,15,,,,,,,,,,,,
2026/10/03 10:39,2026-10-03T10:54:55+09:00,2026/10/05,2026/11/12,2026-11,PUT,63250,735,15,,,9.71,,,1,10,,,,,
2026/10/03 10:39,2026-10-03T10:54:55+09:00,2026/10/05,2026/11/12,2026-11,CALL,63125,6110,,,,,,,,,,,,,
2026/10/03 10:39,2026-10-03T10:54:55+09:00,2026/10/05,2026/11/12,2026-11,PUT,63125,725,,,,,,,,,,,,,
2026/10/03 10:39,2026-10-03T10:54:55+09:00,2026/10/05,2026/11/12,2026-11,CALL,63000,6205,,,,,,,,,,,,,
2026/10/03 10:39,2026-10-03T10:54:55+09:00,2026/10/05,2026/11/12,2026-11,PUT,63000,695,1399,22,,10.07,,,1,10,29.57,-150,-21.9,535,10/03 05:46
2026/10/03 10:39,2026-10-03T10:54:55+09:00,2026/10/05,2026/11/12,2026-11,CALL,62875,6280,,,,,,,,,,,,,
2026/10/03 10:39,2026-10-03T10:54:55+09:00,2026/10/05,2026/11/12,2026-11,PUT,62875,640,1,,,,,,,,,,,,
2026/10/03 10:39,2026-10-03T10:54:55+09:00,2026/10/05,2026/11/12,2026-11,CALL,62750,6400,,,,,,,,,,,,,
2026/10/03 10:39,2026-10-03T10:54:55+09:00,2026/10/05,2026/11/12,2026-11,PUT,62750,645,33,1,,10.44,,,1,10,29.25,-65,-10.32,565,10/02 17:33
2026/10/03 10:39,2026-10-03T10:54:55+09:00,2026/10/05,2026/11/12,2026-11,CALL,62625,6485,,,,,,,,,,,,,
2026/10/03 10:39,2026-10-03T10:54:55+09:00,2026/10/05,2026/11/12,2026-11,PUT,62625,600,109,,,,,,,,,,,,
2026/10/03 10:39,2026-10-03T10:54:55+09:00,2026/10/05,2026/11/12,2026-11,CALL,62500,6605,,,,,,,,,,,,,
2026/10/03 10:39,2026-10-03T10:54:55+09:00,2026/10/05,2026/11/12,2026-11,PUT,62500,605,485,1,48.54,10.8,1650,1,1,10,29.56,-130,-21.49,475,10/03 00:44
2026/10/03 10:39,2026-10-03T10:54:55+09:00,2026/10/05,2026/11/12,2026-11,CALL,62375,6715,,,,,,,,,,,,,
2026/10/03 10:39,2026-10-03T10:54:55+09:00,2026/10/05,2026/11/12,2026-11,PUT,62375,580,,,,,,,,,,,,,
2026/10/03 10:39,2026-10-03T10:54:55+09:00,2026/10/05,2026/11/12,2026-11,CALL,62250,6840,,,,,,,,,,,,,
2026/10/03 10:39,2026-10-03T10:54:55+09:00,2026/10/05,2026/11/12,2026-11,PUT,62250,580,102,,,11.16,,,1,10,,,,,
2026/10/03 10:39,2026-10-03T10:54:55+09:00,2026/10/05,2026/11/12,2026-11,CALL,62125,6915,,,,,,,,,,,,,
2026/10/03 10:39,2026-10-03T10:54:55+09:00,2026/10/05,2026/11/12,2026-11,PUT,62125,560,1,,,,,,,,,,,,
2026/10/03 10:39,2026-10-03T10:54:55+09:00,2026/10/05,2026/11/12,2026-11,CALL,62000,7035,,,,,,,,,,,,,
2026/10/03 10:39,2026-10-03T10:54:55+09:00,2026/10/05,2026/11/12,2026-11,PUT,62000,545,1704,11,32.2,22.1,520,1,125,1,30.47,-135,-23.68,435,10/03 01:29
2026/10/03 10:39,2026-10-03T10:54:55+09:00,2026/10/05,2026/11/12,2026-11,CALL,61875,7140,,,,,,,,,,,,,
2026/10/03 10:39,2026-10-03T10:54:55+09:00,2026/10/05,2026/11/12,2026-11,PUT,61875,530,1,,,,,,,,,,,,
2026/10/03 10:39,2026-10-03T10:54:55+09:00,2026/10/05,2026/11/12,2026-11,CALL,61750,7260,,,,,,,,,,,,,
2026/10/03 10:39,2026-10-03T10:54:55+09:00,2026/10/05,2026/11/12,2026-11,PUT,61750,515,,,,11.89,,,1,10,,,,,
2026/10/03 10:39,2026-10-03T10:54:55+09:00,2026/10/05,2026/11/12,2026-11,CALL,61625,7370,,,,,,,,,,,,,
2026/10/03 10:39,2026-10-03T10:54:55+09:00,2026/10/05,2026/11/12,2026-11,PUT,61625,485,6,,,,,,,,,,,,
2026/10/03 10:39,2026-10-03T10:54:55+09:00,2026/10/05,2026/11/12,2026-11,CALL,61500,7490,,,,,,,,,,,,,
2026/10/03 10:39,2026-10-03T10:54:55+09:00,2026/10/05,2026/11/12,2026-11,PUT,61500,485,542,,,12.26,,,1,10,,,,,
2026/10/03 10:39,2026-10-03T10:54:55+09:00,2026/10/05,2026/11/12,2026-11,CALL,61375,7580,,,,,,,,,,,,,
2026/10/03 10:39,2026-10-03T10:54:55+09:00,2026/10/05,2026/11/12,2026-11,PUT,61375,475,113,,,,,,,,,,,,
2026/10/03 10:39,2026-10-03T10:54:55+09:00,2026/10/05,2026/11/12,2026-11,CALL,61250,7700,,,,,,,,,,,,,
2026/10/03 10:39,2026-10-03T10:54:55+09:00,2026/10/05,2026/11/12,2026-11,PUT,61250,460,28,,,12.62,,,1,10,,,,,
2026/10/03 10:39,2026-10-03T10:54:55+09:00,2026/10/05,2026/11/12,2026-11,CALL,61125,7805,,,,,,,,,,,,,
2026/10/03 10:39,2026-10-03T10:54:55+09:00,2026/10/05,2026/11/12,2026-11,PUT,61125,420,5,,,,,,,,,,,,
2026/10/03 10:39,2026-10-03T10:54:55+09:00,2026/10/05,2026/11/12,2026-11,CALL,61000,7925,200,,,,,,,,,,,,
2026/10/03 10:39,2026-10-03T10:54:55+09:00,2026/10/05,2026/11/12,2026-11,PUT,61000,435,850,12,37.13,12.99,610,1,1,20,31.21,-75,-17.24,360,10/02 20:24
2026/10/03 10:39,2026-10-03T10:54:55+09:00,2026/10/05,2026/11/12,2026-11,CALL,60875,8035,,,,,,,,,,,,,
2026/10/03 10:39,2026-10-03T10:54:55+09:00,2026/10/05,2026/11/12,2026-11,PUT,60875,400,1,1,,,,,,,31.23,-95,-21.11,355,10/02 20:55
2026/10/03 10:39,2026-10-03T10:54:55+09:00,2026/10/05,2026/11/12,2026-11,CALL,60750,8155,,,,,,,,,,,,,
2026/10/03 10:39,2026-10-03T10:54:55+09:00,2026/10/05,2026/11/12,2026-11,PUT,60750,410,35,,,13.36,,,1,10,,,,,
2026/10/03 10:39,2026-10-03T10:54:55+09:00,2026/10/05,2026/11/12,2026-11,CALL,60625,8255,,,,,,,,,,,,,
2026/10/03 10:39,2026-10-03T10:54:55+09:00,2026/10/05,2026/11/12,2026-11,PUT,60625,400,18,,,,,,,,,,,,
2026/10/03 10:39,2026-10-03T10:54:55+09:00,2026/10/05,2026/11/12,2026-11,CALL,60500,8380,100,,,,,,,,,,,,
2026/10/03 10:39,2026-10-03T10:54:55+09:00,2026/10/05,2026/11/12,2026-11,PUT,60500,395,111,20,,13.73,,,1,10,31.4,-90,-22.78,305,10/03 01:39
2026/10/03 10:39,2026-10-03T10:54:55+09:00,2026/10/05,2026/11/12,2026-11,CALL,60250,8620,,,,,,,,,,,,,
2026/10/03 10:39,2026-10-03T10:54:55+09:00,2026/10/05,2026/11/12,2026-11,PUT,60250,370,22,,,14.1,,,1,10,,,,,
2026/10/03 10:39,2026-10-03T10:54:55+09:00,2026/10/05,2026/11/12,2026-11,CALL,60000,8865,100,,,,,,,,,,,,
2026/10/03 10:39,2026-10-03T10:54:55+09:00,2026/10/05,2026/11/12,2026-11,PUT,60000,355,6391,43,40.1,28,600,2,150,1,32.33,-100,-27.03,270,10/03 05:17
2026/10/03 10:39,2026-10-03T10:54:55+09:00,2026/10/05,2026/11/12,2026-11,CALL,59750,9090,,,,,,,,,,,,,
2026/10/03 10:39,2026-10-03T10:54:55+09:00,2026/10/05,2026/11/12,2026-11,PUT,59750,335,16,1,,14.84,,,1,10,32.04,-40,-11.94,295,10/02 17:10
2026/10/03 10:39,2026-10-03T10:54:55+09:00,2026/10/05,2026/11/12,2026-11,CALL,59500,9325,,,,,,,,,,,,,
2026/10/03 10:39,2026-10-03T10:54:55+09:00,2026/10/05,2026/11/12,2026-11,PUT,59500,320,2011,,,15.21,,,1,10,,,,,
2026/10/03 10:39,2026-10-03T10:54:55+09:00,2026/10/05,2026/11/12,2026-11,CALL,59250,9555,,,,,,,,,,,,,
2026/10/03 10:39,2026-10-03T10:54:55+09:00,2026/10/05,2026/11/12,2026-11,PUT,59250,298,87,,,15.59,,,1,11,,,,,
2026/10/03 10:39,2026-10-03T10:54:55+09:00,2026/10/05,2026/11/12,2026-11,CALL,59000,9795,,,,,,,,,,,,,
2026/10/03 10:39,2026-10-03T10:54:55+09:00,2026/10/05,2026/11/12,2026-11,PUT,59000,286,1859,8,37.97,15.96,380,1,1,10,33.4,-71,-24.83,215,10/02 22:48
2026/10/03 10:39,2026-10-03T10:54:55+09:00,2026/10/05,2026/11/12,2026-11,CALL,58750,10030,,,,,,,,,,,,,
2026/10/03 10:39,2026-10-03T10:54:55+09:00,2026/10/05,2026/11/12,2026-11,PUT,58750,272,62,,,16.34,,,1,10,,,,,
2026/10/03 10:39,2026-10-03T10:54:55+09:00,2026/10/05,2026/11/12,2026-11,CALL,58500,10265,,,,,,,,,,,,,
2026/10/03 10:39,2026-10-03T10:54:55+09:00,2026/10/05,2026/11/12,2026-11,PUT,58500,257,537,13,,16.71,,,1,10,33.6,-70,-25.93,200,10/03 02:53
2026/10/03 10:39,2026-10-03T10:54:55+09:00,2026/10/05,2026/11/12,2026-11,CALL,58250,10500,,,,,,,,,,,,,
2026/10/03 10:39,2026-10-03T10:54:55+09:00,2026/10/05,2026/11/12,2026-11,PUT,58250,243,115,,,17.09,,,1,10,,,,,
2026/10/03 10:39,2026-10-03T10:54:55+09:00,2026/10/05,2026/11/12,2026-11,CALL,58000,10740,,,,,,,,,,,,,
2026/10/03 10:39,2026-10-03T10:54:55+09:00,2026/10/05,2026/11/12,2026-11,PUT,58000,242,1599,44,,17.47,,,1,20,34.73,-67,-27.69,175,10/02 23:33
2026/10/03 10:39,2026-10-03T10:54:55+09:00,2026/10/05,2026/11/12,2026-11,CALL,57750,10975,,,,,,,,,,,,,
2026/10/03 10:39,2026-10-03T10:54:55+09:00,2026/10/05,2026/11/12,2026-11,PUT,57750,219,147,,,29.65,,,76,2,,,,,
2026/10/03 10:39,2026-10-03T10:54:55+09:00,2026/10/05,2026/11/12,2026-11,CALL,57500,11215,100,,,,,,,,,,,,
2026/10/03 10:39,2026-10-03T10:54:55+09:00,2026/10/05,2026/11/12,2026-11,PUT,57500,210,771,,,18.23,,,1,10,,,,,
2026/10/03 10:39,2026-10-03T10:54:55+09:00,2026/10/05,2026/11/12,2026-11,CALL,57250,11455,,,,,,,,,,,,,
2026/10/03 10:39,2026-10-03T10:54:55+09:00,2026/10/05,2026/11/12,2026-11,PUT,57250,284,112,1,,18.61,,,1,10,35.21,-102,-35.92,182,10/02 17:24
2026/10/03 10:39,2026-10-03T10:54:55+09:00,2026/10/05,2026/11/12,2026-11,CALL,57000,11695,,,,,,,,,,,,,
2026/10/03 10:39,2026-10-03T10:54:55+09:00,2026/10/05,2026/11/12,2026-11,PUT,57000,191,769,5,40.35,26.53,270,1,25,1,35.64,-36,-18.27,161,10/03 00:17
2026/10/03 10:39,2026-10-03T10:54:55+09:00,2026/10/05,2026/11/12,2026-11,CALL,56750,11935,,,,,,,,,,,,,
2026/10/03 10:39,2026-10-03T10:54:55+09:00,2026/10/05,2026/11/12,2026-11,PUT,56750,180,95,,,19.38,,,1,10,,,,,
2026/10/03 10:39,2026-10-03T10:54:55+09:00,2026/10/05,2026/11/12,2026-11,CALL,56500,12175,,,,,,,,,,,,,
2026/10/03 10:39,2026-10-03T10:54:55+09:00,2026/10/05,2026/11/12,2026-11,PUT,56500,172,414,,,19.77,,,1,10,,,,,
2026/10/03 10:39,2026-10-03T10:54:55+09:00,2026/10/05,2026/11/12,2026-11,CALL,56250,12415,,,,,,,,,,,,,
2026/10/03 10:39,2026-10-03T10:54:55+09:00,2026/10/05,2026/11/12,2026-11,PUT,56250,163,118,,,20.16,,,1,10,,,,,
2026/10/03 10:39,2026-10-03T10:54:55+09:00,2026/10/05,2026/11/12,2026-11,CALL,56000,12660,34,,,,,,,,,,,,
2026/10/03 10:39,2026-10-03T10:54:55+09:00,2026/10/05,2026/11/12,2026-11,PUT,56000,162,1188,12,40.41,36.42,200,1,118,1,37.29,-36,-22.22,126,10/03 00:07
2026/10/03 10:39,2026-10-03T10:54:55+09:00,2026/10/05,2026/11/12,2026-11,CALL,55750,12900,,,,,,,,,,,,,
2026/10/03 10:39,2026-10-03T10:54:55+09:00,2026/10/05,2026/11/12,2026-11,PUT,55750,150,80,,,20.93,,,1,10,,,,,
2026/10/03 10:39,2026-10-03T10:54:55+09:00,2026/10/05,2026/11/12,2026-11,CALL,55500,13145,,,,,,,,,,,,,
2026/10/03 10:39,2026-10-03T10:54:55+09:00,2026/10/05,2026/11/12,2026-11,PUT,55500,142,182,3,,21.33,,,1,12,37.46,-25,-17.86,115,10/03 02:55
2026/10/03 10:39,2026-10-03T10:54:55+09:00,2026/10/05,2026/11/12,2026-11,CALL,55250,13385,,,,,,,,,,,,,
2026/10/03 10:39,2026-10-03T10:54:55+09:00,2026/10/05,2026/11/12,2026-11,PUT,55250,137,39,,,21.72,,,1,10,,,,,
2026/10/03 10:39,2026-10-03T10:54:55+09:00,2026/10/05,2026/11/12,2026-11,CALL,55000,13630,,,,,,,,,,,,,
2026/10/03 10:39,2026-10-03T10:54:55+09:00,2026/10/05,2026/11/12,2026-11,PUT,55000,132,3418,9,46.72,35.67,290,1,71,1,37.76,-35,-25.55,102,10/03 02:05
2026/10/03 10:39,2026-10-03T10:54:55+09:00,2026/10/05,2026/11/12,2026-11,CALL,54750,13870,,,,,,,,,,,,,
2026/10/03 10:39,2026-10-03T10:54:55+09:00,2026/10/05,2026/11/12,2026-11,PUT,54750,127,16,11,,22.51,,,1,10,38.7,-31,-24.41,96,10/02 23:25
2026/10/03 10:39,2026-10-03T10:54:55+09:00,2026/10/05,2026/11/12,2026-11,CALL,54500,14115,,,,,,,,,,,,,
2026/10/03 10:39,2026-10-03T10:54:55+09:00,2026/10/05,2026/11/12,2026-11,PUT,54500,121,817,1,,22.9,,,1,10,39.31,-18,-14.88,103,10/02 21:56
2026/10/03 10:39,2026-10-03T10:54:55+09:00,2026/10/05,2026/11/12,2026-11,CALL,54250,14360,,,,,,,,,,,,,
2026/10/03 10:39,2026-10-03T10:54:55+09:00,2026/10/05,2026/11/12,2026-11,PUT,54250,115,7,,,23.3,,,1,10,,,,,
2026/10/03 10:39,2026-10-03T10:54:55+09:00,2026/10/05,2026/11/12,2026-11,CALL,54000,14610,,,,,,,,,,,,,
2026/10/03 10:39,2026-10-03T10:54:55+09:00,2026/10/05,2026/11/12,2026-11,PUT,54000,110,1092,18,,33.23,,,28,1,40.23,-10,-9.09,100,10/03 03:55
2026/10/03 10:39,2026-10-03T10:54:55+09:00,2026/10/05,2026/11/12,2026-11,CALL,53750,14850,,,,,,,,,,,,,
2026/10/03 10:39,2026-10-03T10:54:55+09:00,2026/10/05,2026/11/12,2026-11,PUT,53750,104,63,,,24.1,,,1,10,,,,,
2026/10/03 10:39,2026-10-03T10:54:55+09:00,2026/10/05,2026/11/12,2026-11,CALL,53500,15100,,,,,,,,,,,,,
2026/10/03 10:39,2026-10-03T10:54:55+09:00,2026/10/05,2026/11/12,2026-11,PUT,53500,101,701,,,24.51,,,1,10,,,,,
2026/10/03 10:39,2026-10-03T10:54:55+09:00,2026/10/05,2026/11/12,2026-11,CALL,53250,15345,,,,,,,,,,,,,
2026/10/03 10:39,2026-10-03T10:54:55+09:00,2026/10/05,2026/11/12,2026-11,PUT,53250,97,175,,,24.91,,,1,10,,,,,
2026/10/03 10:39,2026-10-03T10:54:55+09:00,2026/10/05,2026/11/12,2026-11,CALL,53000,15590,,,,,,,,,,,,,
2026/10/03 10:39,2026-10-03T10:54:55+09:00,2026/10/05,2026/11/12,2026-11,PUT,53000,93,559,9,,28.51,,,4,4,41.18,-19,-19.19,80,10/03 04:00
2026/10/03 10:39,2026-10-03T10:54:55+09:00,2026/10/05,2026/11/12,2026-11,CALL,52750,15835,,,,,,,,,,,,,
2026/10/03 10:39,2026-10-03T10:54:55+09:00,2026/10/05,2026/11/12,2026-11,PUT,52750,87,53,,,25.72,,,1,10,,,,,
2026/10/03 10:39,2026-10-03T10:54:55+09:00,2026/10/05,2026/11/12,2026-11,CALL,52500,16080,,,,,,,,,,,,,
2026/10/03 10:39,2026-10-03T10:54:55+09:00,2026/10/05,2026/11/12,2026-11,PUT,52500,83,764,,,26.13,,,1,10,,,,,
2026/10/03 10:39,2026-10-03T10:54:55+09:00,2026/10/05,2026/11/12,2026-11,CALL,52250,16325,,,,,,,,,,,,,
2026/10/03 10:39,2026-10-03T10:54:55+09:00,2026/10/05,2026/11/12,2026-11,PUT,52250,81,17,,,26.54,,,1,10,,,,,
2026/10/03 10:39,2026-10-03T10:54:55+09:00,2026/10/05,2026/11/12,2026-11,CALL,52000,16575,,,,,,,,,,,,,
2026/10/03 10:39,2026-10-03T10:54:55+09:00,2026/10/05,2026/11/12,2026-11,PUT,52000,83,3063,10,50.86,37.9,190,1,30,1,42.23,-18,-21.69,65,10/02 22:25
2026/10/03 10:39,2026-10-03T10:54:55+09:00,2026/10/05,2026/11/12,2026-11,CALL,51750,16820,,,,,,,,,,,,,
2026/10/03 10:39,2026-10-03T10:54:55+09:00,2026/10/05,2026/11/12,2026-11,PUT,51750,76,70,,,27.37,,,1,10,,,,,
2026/10/03 10:39,2026-10-03T10:54:55+09:00,2026/10/05,2026/11/12,2026-11,CALL,51500,17065,,,,,,,,,,,,,
2026/10/03 10:39,2026-10-03T10:54:55+09:00,2026/10/05,2026/11/12,2026-11,PUT,51500,73,681,,,27.79,,,1,10,,,,,
2026/10/03 10:39,2026-10-03T10:54:55+09:00,2026/10/05,2026/11/12,2026-11,CALL,51250,17310,,,,,,,,,,,,,
2026/10/03 10:39,2026-10-03T10:54:55+09:00,2026/10/05,2026/11/12,2026-11,PUT,51250,70,45,1,,28.2,,,1,10,43.06,,,54,10/03 04:30
2026/10/03 10:39,2026-10-03T10:54:55+09:00,2026/10/05,2026/11/12,2026-11,CALL,51000,17560,,,,,,,,,,,,,
2026/10/03 10:39,2026-10-03T10:54:55+09:00,2026/10/05,2026/11/12,2026-11,PUT,51000,68,1568,9,,32.18,,,4,2,43.84,-14,-19.72,57,10/03 06:00
2026/10/03 10:39,2026-10-03T10:54:55+09:00,2026/10/05,2026/11/12,2026-11,CALL,50750,17805,,,,,,,,,,,,,
2026/10/03 10:39,2026-10-03T10:54:55+09:00,2026/10/05,2026/11/12,2026-11,PUT,50750,63,195,,,31.8,,,3,20,,,,,
2026/10/03 10:39,2026-10-03T10:54:55+09:00,2026/10/05,2026/11/12,2026-11,CALL,50500,18055,,,,,,,,,,,,,
2026/10/03 10:39,2026-10-03T10:54:55+09:00,2026/10/05,2026/11/12,2026-11,PUT,50500,60,428,,,33.82,,,5,1,,,,,
2026/10/03 10:39,2026-10-03T10:54:55+09:00,2026/10/05,2026/11/12,2026-11,CALL,50250,18305,35,,,,,,,,,,,,
2026/10/03 10:39,2026-10-03T10:54:55+09:00,2026/10/05,2026/11/12,2026-11,PUT,50250,60,77,,,32.72,,,3,20,,,,,
2026/10/03 10:39,2026-10-03T10:54:55+09:00,2026/10/05,2026/11/12,2026-11,CALL,50000,18550,,,,,,,,,,,,,
2026/10/03 10:39,2026-10-03T10:54:55+09:00,2026/10/05,2026/11/12,2026-11,PUT,50000,60,2257,17,52.32,45.41,124,1,50,3,45.57,-10,-16.67,50,10/03 04:55
2026/10/03 10:39,2026-10-03T10:54:55+09:00,2026/10/05,2026/11/12,2026-11,CALL,49750,18795,,,,,,,,,,,,,
2026/10/03 10:39,2026-10-03T10:54:55+09:00,2026/10/05,2026/11/12,2026-11,PUT,49750,55,66,,,33.65,,,3,20,,,,,
2026/10/03 10:39,2026-10-03T10:54:55+09:00,2026/10/05,2026/11/12,2026-11,CALL,49500,19045,,,,,,,,,,,,,
2026/10/03 10:39,2026-10-03T10:54:55+09:00,2026/10/05,2026/11/12,2026-11,PUT,49500,54,417,,,34.11,,,3,20,,,,,
2026/10/03 10:39,2026-10-03T10:54:55+09:00,2026/10/05,2026/11/12,2026-11,CALL,49250,19295,,,,,,,,,,,,,
2026/10/03 10:39,2026-10-03T10:54:55+09:00,2026/10/05,2026/11/12,2026-11,PUT,49250,52,159,,,34.58,,,3,20,,,,,
2026/10/03 10:39,2026-10-03T10:54:55+09:00,2026/10/05,2026/11/12,2026-11,CALL,49000,19540,,,,,,,,,,,,,
2026/10/03 10:39,2026-10-03T10:54:55+09:00,2026/10/05,2026/11/12,2026-11,PUT,49000,50,393,1,,35.05,,,3,20,46.25,-12,-23.53,39,10/03 04:14
2026/10/03 10:39,2026-10-03T10:54:55+09:00,2026/10/05,2026/11/12,2026-11,CALL,48750,19790,,,,,,,,,,,,,
2026/10/03 10:39,2026-10-03T10:54:55+09:00,2026/10/05,2026/11/12,2026-11,PUT,48750,50,110,,,35.52,,,3,20,,,,,
2026/10/03 10:39,2026-10-03T10:54:55+09:00,2026/10/05,2026/11/12,2026-11,CALL,48500,20040,,,,,,,,,,,,,
2026/10/03 10:39,2026-10-03T10:54:55+09:00,2026/10/05,2026/11/12,2026-11,PUT,48500,48,226,,,36,,,3,20,,,,,
2026/10/03 10:39,2026-10-03T10:54:55+09:00,2026/10/05,2026/11/12,2026-11,CALL,48250,20285,,,,,,,,,,,,,
2026/10/03 10:39,2026-10-03T10:54:55+09:00,2026/10/05,2026/11/12,2026-11,PUT,48250,46,33,,,36.47,,,3,20,,,,,
2026/10/03 10:39,2026-10-03T10:54:55+09:00,2026/10/05,2026/11/12,2026-11,CALL,48000,20530,,,,,,,,,,,,,
2026/10/03 10:39,2026-10-03T10:54:55+09:00,2026/10/05,2026/11/12,2026-11,PUT,48000,45,248,2,51.63,44.76,60,1,20,1,48.49,-9,-19.15,38,10/03 01:20
2026/10/03 10:39,2026-10-03T10:54:55+09:00,2026/10/05,2026/11/12,2026-11,CALL,47750,20780,,,,,,,,,,,,,
2026/10/03 10:39,2026-10-03T10:54:55+09:00,2026/10/05,2026/11/12,2026-11,PUT,47750,43,98,,,37.43,,,3,20,,,,,
2026/10/03 10:39,2026-10-03T10:54:55+09:00,2026/10/05,2026/11/12,2026-11,CALL,47500,21030,,,,,,,,,,,,,
2026/10/03 10:39,2026-10-03T10:54:55+09:00,2026/10/05,2026/11/12,2026-11,PUT,47500,40,232,,,37.91,,,3,20,,,,,
2026/10/03 10:39,2026-10-03T10:54:55+09:00,2026/10/05,2026/11/12,2026-11,CALL,47250,21275,,,,,,,,,,,,,
2026/10/03 10:39,2026-10-03T10:54:55+09:00,2026/10/05,2026/11/12,2026-11,PUT,47250,40,34,,,38.4,,,3,20,,,,,
2026/10/03 10:39,2026-10-03T10:54:55+09:00,2026/10/05,2026/11/12,2026-11,CALL,47000,21525,,,,,,,,,,,,,
2026/10/03 10:39,2026-10-03T10:54:55+09:00,2026/10/05,2026/11/12,2026-11,PUT,47000,39,817,,,38.89,,,3,20,,,,,
2026/10/03 10:39,2026-10-03T10:54:55+09:00,2026/10/05,2026/11/12,2026-11,CALL,46750,21770,,,,,,,,,,,,,
2026/10/03 10:39,2026-10-03T10:54:55+09:00,2026/10/05,2026/11/12,2026-11,PUT,46750,33,105,,,39.38,,,3,20,,,,,
2026/10/03 10:39,2026-10-03T10:54:55+09:00,2026/10/05,2026/11/12,2026-11,CALL,46500,22015,,,,,,,,,,,,,
2026/10/03 10:39,2026-10-03T10:54:55+09:00,2026/10/05,2026/11/12,2026-11,PUT,46500,29,103,,,39.87,,,3,20,,,,,
2026/10/03 10:39,2026-10-03T10:54:55+09:00,2026/10/05,2026/11/12,2026-11,CALL,46250,22260,,,,,,,,,,,,,
2026/10/03 10:39,2026-10-03T10:54:55+09:00,2026/10/05,2026/11/12,2026-11,PUT,46250,25,5,,,40.36,,,3,20,,,,,
2026/10/03 10:39,2026-10-03T10:54:55+09:00,2026/10/05,2026/11/12,2026-11,CALL,46000,22505,,,,,,,,,,,,,
2026/10/03 10:39,2026-10-03T10:54:55+09:00,2026/10/05,2026/11/12,2026-11,PUT,46000,30,769,,,40.86,,,3,20,,,,,
2026/10/03 10:39,2026-10-03T10:54:55+09:00,2026/10/05,2026/11/12,2026-11,CALL,45750,22755,,,,,,,,,,,,,
2026/10/03 10:39,2026-10-03T10:54:55+09:00,2026/10/05,2026/11/12,2026-11,PUT,45750,20,15,,,41.36,,,3,20,,,,,
2026/10/03 10:39,2026-10-03T10:54:55+09:00,2026/10/05,2026/11/12,2026-11,CALL,45500,23005,,,,,,,,,,,,,
2026/10/03 10:39,2026-10-03T10:54:55+09:00,2026/10/05,2026/11/12,2026-11,PUT,45500,30,106,1,,41.86,,,3,20,52.79,,,29,10/02 21:39
2026/10/03 10:39,2026-10-03T10:54:55+09:00,2026/10/05,2026/11/12,2026-11,CALL,45250,23255,,,,,,,,,,,,,
2026/10/03 10:39,2026-10-03T10:54:55+09:00,2026/10/05,2026/11/12,2026-11,PUT,45250,29,105,,,42.36,,,3,20,,,,,
2026/10/03 10:39,2026-10-03T10:54:55+09:00,2026/10/05,2026/11/12,2026-11,CALL,45000,23500,,,,,,,,,,,,,
2026/10/03 10:39,2026-10-03T10:54:55+09:00,2026/10/05,2026/11/12,2026-11,PUT,45000,30,1352,30,53.84,53.11,28,1,25,3,53.14,-5,-16.67,25,10/02 23:00
2026/10/03 10:39,2026-10-03T10:54:55+09:00,2026/10/05,2026/11/12,2026-11,CALL,44750,23750,,,,,,,,,,,,,
2026/10/03 10:39,2026-10-03T10:54:55+09:00,2026/10/05,2026/11/12,2026-11,PUT,44750,17,7,,,43.38,,,3,20,,,,,
2026/10/03 10:39,2026-10-03T10:54:55+09:00,2026/10/05,2026/11/12,2026-11,CALL,44500,24000,2,,,,,,,,,,,,
2026/10/03 10:39,2026-10-03T10:54:55+09:00,2026/10/05,2026/11/12,2026-11,PUT,44500,16,127,,,43.89,,,3,20,,,,,
2026/10/03 10:39,2026-10-03T10:54:55+09:00,2026/10/05,2026/11/12,2026-11,CALL,44000,24495,,,,,,,,,,,,,
2026/10/03 10:39,2026-10-03T10:54:55+09:00,2026/10/05,2026/11/12,2026-11,PUT,44000,24,1114,,,44.92,,,3,20,,,,,
2026/10/03 10:39,2026-10-03T10:54:55+09:00,2026/10/05,2026/11/12,2026-11,CALL,43000,25490,,,,,,,,,,,,,
2026/10/03 10:39,2026-10-03T10:54:55+09:00,2026/10/05,2026/11/12,2026-11,PUT,43000,22,379,,,47.02,,,3,20,,,,,
2026/10/03 10:39,2026-10-03T10:54:55+09:00,2026/10/05,2026/11/12,2026-11,CALL,42000,26485,,,,,,,,,,,,,
2026/10/03 10:39,2026-10-03T10:54:55+09:00,2026/10/05,2026/11/12,2026-11,PUT,42000,6,382,,,49.16,,,3,20,,,,,
2026/10/03 10:39,2026-10-03T10:54:55+09:00,2026/10/05,2026/11/12,2026-11,CALL,41000,27480,,,,,,,,,,,,,
2026/10/03 10:39,2026-10-03T10:54:55+09:00,2026/10/05,2026/11/12,2026-11,PUT,41000,16,236,1,,51.35,,,3,20,60.28,-3,-15,17,10/02 20:06
2026/10/03 10:39,2026-10-03T10:54:55+09:00,2026/10/05,2026/11/12,2026-11,CALL,40000,28480,,,,,,,,,,,,,
2026/10/03 10:39,2026-10-03T10:54:55+09:00,2026/10/05,2026/11/12,2026-11,PUT,40000,15,1652,16,64.36,60.4,20,1,11,2,61.42,-3,-18.75,13,10/03 03:10
2026/10/03 10:39,2026-10-03T10:54:55+09:00,2026/10/05,2026/11/12,2026-11,CALL,39000,29475,,,,,,,,,,,,,
2026/10/03 10:39,2026-10-03T10:54:55+09:00,2026/10/05,2026/11/12,2026-11,PUT,39000,3,104,,,55.89,,,3,20,,,,,
2026/10/03 10:39,2026-10-03T10:54:55+09:00,2026/10/05,2026/11/12,2026-11,CALL,38000,30475,,,,,,,,,,,,,
2026/10/03 10:39,2026-10-03T10:54:55+09:00,2026/10/05,2026/11/12,2026-11,PUT,38000,9,15,,69.82,58.25,20,20,3,20,,,,,
2026/10/03 10:39,2026-10-03T10:54:55+09:00,2026/10/05,2026/11/12,2026-11,CALL,37000,31475,,,,,,,,,,,,,
2026/10/03 10:39,2026-10-03T10:54:55+09:00,2026/10/05,2026/11/12,2026-11,PUT,37000,9,17,1,71.39,65.34,17,1,7,5,66.57,-2,-20,8,10/02 23:35
2026/10/03 10:39,2026-10-03T10:54:55+09:00,2026/10/05,2026/11/12,2026-11,CALL,36000,32470,,,,,,,,,,,,,
2026/10/03 10:39,2026-10-03T10:54:55+09:00,2026/10/05,2026/11/12,2026-11,PUT,36000,8,7,,90.95,65.95,88,4,5,2,,,,,
2026/10/03 10:39,2026-10-03T10:54:55+09:00,2026/10/05,2026/11/12,2026-11,CALL,35000,33470,,,,,,,,,,,,,
2026/10/03 10:39,2026-10-03T10:54:55+09:00,2026/10/05,2026/11/12,2026-11,PUT,35000,7,3770,12,73.15,67.28,10,10,4,80,71.59,1,14.29,8,10/02 22:20
2026/10/03 10:39,2026-10-03T10:54:55+09:00,2026/10/05,2026/11/12,2026-11,CALL,34000,34470,,,,,,,,,,,,,
2026/10/03 10:39,2026-10-03T10:54:55+09:00,2026/10/05,2026/11/12,2026-11,PUT,34000,6,13,1,,69.96,,,4,1,71.19,-2,-28.57,5,10/03 00:12
2026/10/03 10:39,2026-10-03T10:54:55+09:00,2026/10/05,2026/11/12,2026-11,CALL,33000,35465,,,,,,,,,,,,,
2026/10/03 10:39,2026-10-03T10:54:55+09:00,2026/10/05,2026/11/12,2026-11,PUT,33000,5,1,1,74.12,68.74,5,3,2,1,73.44,-1,-16.67,5,10/02 18:16
2026/10/03 10:39,2026-10-03T10:54:55+09:00,2026/10/05,2026/11/12,2026-11,CALL,32000,36465,,,,,,,,,,,,,
2026/10/03 10:39,2026-10-03T10:54:55+09:00,2026/10/05,2026/11/12,2026-11,PUT,32000,1,,,,67.86,,,1,20,,,,,
2026/10/03 10:39,2026-10-03T10:54:55+09:00,2026/10/05,2026/11/12,2026-11,CALL,31000,37465,,,,,,,,,,,,,
2026/10/03 10:39,2026-10-03T10:54:55+09:00,2026/10/05,2026/11/12,2026-11,PUT,31000,1,,,78.47,70.51,4,2,1,10,,,,,
2026/10/03 10:39,2026-10-03T10:54:55+09:00,2026/10/05,2026/11/12,2026-11,CALL,30000,38460,,,,,,,,,,,,,
2026/10/03 10:39,2026-10-03T10:54:55+09:00,2026/10/05,2026/11/12,2026-11,PUT,30000,3,3409,7,81.49,79.58,4,2,3,21,81.48,0,0,4,10/02 22:20
2026/10/03 10:39,2026-10-03T10:54:55+09:00,2026/10/05,2026/11/12,2026-11,CALL,29000,39460,,,,,,,,,,,,,
2026/10/03 10:39,2026-10-03T10:54:55+09:00,2026/10/05,2026/11/12,2026-11,PUT,29000,2,308,,84.61,76.07,4,2,1,10,,,,,
2026/10/03 10:39,2026-10-03T10:54:55+09:00,2026/10/05,2026/11/12,2026-11,CALL,28000,40460,,,,,,,,,,,,,
2026/10/03 10:39,2026-10-03T10:54:55+09:00,2026/10/05,2026/11/12,2026-11,PUT,28000,2,44,,87.84,79,4,2,1,20,,,,,
2026/10/03 10:39,2026-10-03T10:54:55+09:00,2026/10/05,2026/11/12,2026-11,CALL,27000,41455,,,,,,,,,,,,,
2026/10/03 10:39,2026-10-03T10:54:55+09:00,2026/10/05,2026/11/12,2026-11,PUT,27000,1,20,,147.34,82.03,235,1,1,25,,,,,
2026/10/03 10:39,2026-10-03T10:54:55+09:00,2026/10/05,2026/11/12,2026-11,CALL,26000,42455,,,,,,,,,,,,,
2026/10/03 10:39,2026-10-03T10:54:55+09:00,2026/10/05,2026/11/12,2026-11,PUT,26000,1,2,,92.47,85.18,3,1,1,20,,,,,
2026/10/03 10:39,2026-10-03T10:54:55+09:00,2026/10/05,2026/11/12,2026-11,CALL,25000,43455,,,,,,,,,,,,,
2026/10/03 10:39,2026-10-03T10:54:55+09:00,2026/10/05,2026/11/12,2026-11,PUT,25000,1,210,1,96.01,88.45,3,1,1,191,93.09,0,0,2,10/02 22:02
2026/10/03 10:39,2026-10-03T10:54:55+09:00,2026/10/05,2026/11/12,2026-11,CALL,22500,45950,,,,,,,,,,,,,
2026/10/03 10:39,2026-10-03T10:54:55+09:00,2026/10/05,2026/11/12,2026-11,PUT,22500,1,55,,102.25,97.25,2,2,1,50,,,,,
2026/10/03 10:39,2026-10-03T10:54:55+09:00,2026/10/05,2026/11/12,2026-11,CALL,20000,48445,,,,,,,,,,,,,
2026/10/03 10:39,2026-10-03T10:54:55+09:00,2026/10/05,2026/11/12,2026-11,PUT,20000,1,456,11,112.59,,2,12,,,106.96,-1,-50,1,10/03 00:14
2026/10/03 10:39,2026-10-03T10:54:55+09:00,2026/10/05,2026/12/10,2026-12,CALL,100000,3,522,10,27.58,26.91,4,1,3,2,26.77,1,50,3,10/03 05:36
2026/10/03 10:39,2026-10-03T10:54:55+09:00,2026/10/05,2026/12/10,2026-12,PUT,100000,31270,,,,,,,,,,,,,
2026/10/03 10:39,2026-10-03T10:54:55+09:00,2026/10/05,2026/12/10,2026-12,CALL,95000,7,1080,,26.95,23.44,13,1,3,1,,,,,
2026/10/03 10:39,2026-10-03T10:54:55+09:00,2026/10/05,2026/12/10,2026-12,PUT,95000,26290,,,,,,,,,,,,,
2026/10/03 10:39,2026-10-03T10:54:55+09:00,2026/10/05,2026/12/10,2026-12,CALL,90000,17,1807,1,29.85,19.71,99,2,3,1,22.04,-7,-41.18,10,10/02 21:36
2026/10/03 10:39,2026-10-03T10:54:55+09:00,2026/10/05,2026/12/10,2026-12,PUT,90000,21310,3,,,,,,,,,,,,
2026/10/03 10:39,2026-10-03T10:54:55+09:00,2026/10/05,2026/12/10,2026-12,CALL,87500,36,2457,,27.18,19.97,100,1,10,1,,,,,
2026/10/03 10:39,2026-10-03T10:54:55+09:00,2026/10/05,2026/12/10,2026-12,PUT,87500,18840,,,,,,,,,,,,,
2026/10/03 10:39,2026-10-03T10:54:55+09:00,2026/10/05,2026/12/10,2026-12,CALL,85000,71,1011,3,25.06,17.71,118,1,10,3,24.48,35,53.85,100,10/02 20:30
2026/10/03 10:39,2026-10-03T10:54:55+09:00,2026/10/05,2026/12/10,2026-12,PUT,85000,16380,12,,,,,,,,,,,,
2026/10/03 10:39,2026-10-03T10:54:55+09:00,2026/10/05,2026/12/10,2026-12,CALL,84000,80,523,,30.36,13.51,370,1,1,20,,,,,
2026/10/03 10:39,2026-10-03T10:54:55+09:00,2026/10/05,2026/12/10,2026-12,PUT,84000,15390,,,,,,,,,,,,,
2026/10/03 10:39,2026-10-03T10:54:55+09:00,2026/10/05,2026/12/10,2026-12,CALL,83000,119,123,,31.28,16.6,500,1,15,1,,,,,
2026/10/03 10:39,2026-10-03T10:54:55+09:00,2026/10/05,2026/12/10,2026-12,PUT,83000,14435,,,,,,,,,,,,,
2026/10/03 10:39,2026-10-03T10:54:55+09:00,2026/10/05,2026/12/10,2026-12,CALL,82500,139,1129,,,12.32,,,1,10,,,,,
2026/10/03 10:39,2026-10-03T10:54:55+09:00,2026/10/05,2026/12/10,2026-12,PUT,82500,13955,,,,,,,,,,,,,
2026/10/03 10:39,2026-10-03T10:54:55+09:00,2026/10/05,2026/12/10,2026-12,CALL,82000,195,4,,,16.28,,,21,1,,,,,
2026/10/03 10:39,2026-10-03T10:54:55+09:00,2026/10/05,2026/12/10,2026-12,PUT,82000,13470,,,,,,,,,,,,,
2026/10/03 10:39,2026-10-03T10:54:55+09:00,2026/10/05,2026/12/10,2026-12,CALL,81000,195,5,,,11.09,,,1,20,,,,,
2026/10/03 10:39,2026-10-03T10:54:55+09:00,2026/10/05,2026/12/10,2026-12,PUT,81000,12520,,,,,,,,,,,,,
2026/10/03 10:39,2026-10-03T10:54:55+09:00,2026/10/05,2026/12/10,2026-12,CALL,80000,250,7350,3,50.74,22.48,2700,1,270,1,24.07,100,40,350,10/03 00:36
2026/10/03 10:39,2026-10-03T10:54:55+09:00,2026/10/05,2026/12/10,2026-12,PUT,80000,11570,3700,,,,,,,,,,,,
2026/10/03 10:39,2026-10-03T10:54:55+09:00,2026/10/05,2026/12/10,2026-12,CALL,79000,340,1053,2,,9.39,,,1,20,23.8,,,430,10/03 00:45
2026/10/03 10:39,2026-10-03T10:54:55+09:00,2026/10/05,2026/12/10,2026-12,PUT,79000,10660,,,,,,,,,,,,,
2026/10/03 10:39,2026-10-03T10:54:55+09:00,2026/10/05,2026/12/10,2026-12,CALL,78000,435,308,,44.41,20.01,2500,1,305,1,,,,,
2026/10/03 10:39,2026-10-03T10:54:55+09:00,2026/10/05,2026/12/10,2026-12,PUT,78000,9760,,,,,,,,,,,,,
2026/10/03 10:39,2026-10-03T10:54:55+09:00,2026/10/05,2026/12/10,2026-12,CALL,77500,490,1057,,,,,,,,,,,,
2026/10/03 10:39,2026-10-03T10:54:55+09:00,2026/10/05,2026/12/10,2026-12,PUT,77500,9315,,,,,,,,,,,,,
2026/10/03 10:39,2026-10-03T10:54:55+09:00,2026/10/05,2026/12/10,2026-12,CALL,77000,550,404,1,26.03,7.62,880,1,1,20,23.92,240,43.64,790,10/02 23:31
2026/10/03 10:39,2026-10-03T10:54:55+09:00,2026/10/05,2026/12/10,2026-12,PUT,77000,8875,,,,,,,,,,,,,
2026/10/03 10:39,2026-10-03T10:54:55+09:00,2026/10/05,2026/12/10,2026-12,CALL,76250,650,12,,,,,,,,,,,,
2026/10/03 10:39,2026-10-03T10:54:55+09:00,2026/10/05,2026/12/10,2026-12,PUT,76250,8230,,,,,,,,,,,,,
2026/10/03 10:39,2026-10-03T10:54:55+09:00,2026/10/05,2026/12/10,2026-12,CALL,76000,680,561,,,6.71,,,1,20,,,,,
2026/10/03 10:39,2026-10-03T10:54:55+09:00,2026/10/05,2026/12/10,2026-12,PUT,76000,8010,300,,,,,,,,,,,,
2026/10/03 10:39,2026-10-03T10:54:55+09:00,2026/10/05,2026/12/10,2026-12,CALL,75750,735,,,,,,,,,,,,,
2026/10/03 10:39,2026-10-03T10:54:55+09:00,2026/10/05,2026/12/10,2026-12,PUT,75750,7815,,,,,,,,,,,,,
2026/10/03 10:39,2026-10-03T10:54:55+09:00,2026/10/05,2026/12/10,2026-12,CALL,75500,775,1,,,6.24,,,1,20,,,,,
2026/10/03 10:39,2026-10-03T10:54:55+09:00,2026/10/05,2026/12/10,2026-12,PUT,75500,7605,,,,,,,,,,,,,
2026/10/03 10:39,2026-10-03T10:54:55+09:00,2026/10/05,2026/12/10,2026-12,CALL,75250,820,,,,,,,,,,,,,
2026/10/03 10:39,2026-10-03T10:54:55+09:00,2026/10/05,2026/12/10,2026-12,PUT,75250,7400,,,,,,,,,,,,,
2026/10/03 10:39,2026-10-03T10:54:55+09:00,2026/10/05,2026/12/10,2026-12,CALL,75000,875,3532,1,,5.77,,,1,20,23.93,325,37.14,1200,10/02 23:08
2026/10/03 10:39,2026-10-03T10:54:55+09:00,2026/10/05,2026/12/10,2026-12,PUT,75000,7205,,,,,,,,,,,,,
2026/10/03 10:39,2026-10-03T10:54:55+09:00,2026/10/05,2026/12/10,2026-12,CALL,74750,920,1,,,,,,,,,,,,
2026/10/03 10:39,2026-10-03T10:54:55+09:00,2026/10/05,2026/12/10,2026-12,PUT,74750,7005,,,,,,,,,,,,,
2026/10/03 10:39,2026-10-03T10:54:55+09:00,2026/10/05,2026/12/10,2026-12,CALL,74500,965,10,,,5.29,,,1,20,,,,,
2026/10/03 10:39,2026-10-03T10:54:55+09:00,2026/10/05,2026/12/10,2026-12,PUT,74500,6800,,,,,,,,,,,,,
2026/10/03 10:39,2026-10-03T10:54:55+09:00,2026/10/05,2026/12/10,2026-12,CALL,74250,1020,,,,,,,,,,,,,
2026/10/03 10:39,2026-10-03T10:54:55+09:00,2026/10/05,2026/12/10,2026-12,PUT,74250,6605,,,,,,,,,,,,,
2026/10/03 10:39,2026-10-03T10:54:55+09:00,2026/10/05,2026/12/10,2026-12,CALL,74000,1080,2301,,,4.8,,,1,20,,,,,
2026/10/03 10:39,2026-10-03T10:54:55+09:00,2026/10/05,2026/12/10,2026-12,PUT,74000,6415,101,,,,,,,,,,,,
2026/10/03 10:39,2026-10-03T10:54:55+09:00,2026/10/05,2026/12/10,2026-12,CALL,73750,1130,1,,,,,,,,,,,,
2026/10/03 10:39,2026-10-03T10:54:55+09:00,2026/10/05,2026/12/10,2026-12,PUT,73750,6220,,,,,,,,,,,,,
2026/10/03 10:39,2026-10-03T10:54:55+09:00,2026/10/05,2026/12/10,2026-12,CALL,73500,1195,400,,,4.31,,,1,20,,,,,
2026/10/03 10:39,2026-10-03T10:54:55+09:00,2026/10/05,2026/12/10,2026-12,PUT,73500,6035,,,,,,,,,,,,,
2026/10/03 10:39,2026-10-03T10:54:55+09:00,2026/10/05,2026/12/10,2026-12,CALL,73250,1265,,,,,,,,,,,,,
2026/10/03 10:39,2026-10-03T10:54:55+09:00,2026/10/05,2026/12/10,2026-12,PUT,73250,5850,,,,,,,,,,,,,
2026/10/03 10:39,2026-10-03T10:54:55+09:00,2026/10/05,2026/12/10,2026-12,CALL,73000,1335,807,4,,3.8,,,1,20,24.34,470,35.34,1800,10/02 23:16
2026/10/03 10:39,2026-10-03T10:54:55+09:00,2026/10/05,2026/12/10,2026-12,PUT,73000,5675,4,,,,,,,,,,,,
2026/10/03 10:39,2026-10-03T10:54:55+09:00,2026/10/05,2026/12/10,2026-12,CALL,72750,1405,,,,,,,,,,,,,
2026/10/03 10:39,2026-10-03T10:54:55+09:00,2026/10/05,2026/12/10,2026-12,PUT,72750,5495,,,,,,,,,,,,,
2026/10/03 10:39,2026-10-03T10:54:55+09:00,2026/10/05,2026/12/10,2026-12,CALL,72500,1480,2413,,,3.29,,,1,20,,,,,
2026/10/03 10:39,2026-10-03T10:54:55+09:00,2026/10/05,2026/12/10,2026-12,PUT,72500,5320,420,,,,,,,,,,,,
2026/10/03 10:39,2026-10-03T10:54:55+09:00,2026/10/05,2026/12/10,2026-12,CALL,72250,1560,2,,,,,,,,,,,,
2026/10/03 10:39,2026-10-03T10:54:55+09:00,2026/10/05,2026/12/10,2026-12,PUT,72250,5155,,,,,,,,,,,,,
2026/10/03 10:39,2026-10-03T10:54:55+09:00,2026/10/05,2026/12/10,2026-12,CALL,72000,1625,3894,,,2.76,,,1,21,,,,,
2026/10/03 10:39,2026-10-03T10:54:55+09:00,2026/10/05,2026/12/10,2026-12,PUT,72000,4965,120,,,,,,,,,,,,
2026/10/03 10:39,2026-10-03T10:54:55+09:00,2026/10/05,2026/12/10,2026-12,CALL,71875,1665,,,,,,,,,,,,,
2026/10/03 10:39,2026-10-03T10:54:55+09:00,2026/10/05,2026/12/10,2026-12,PUT,71875,4880,,,,,,,,,,,,,
2026/10/03 10:39,2026-10-03T10:54:55+09:00,2026/10/05,2026/12/10,2026-12,CALL,71750,1710,24,,,,,,,,,,,,
2026/10/03 10:39,2026-10-03T10:54:55+09:00,2026/10/05,2026/12/10,2026-12,PUT,71750,4800,,,,,,,,,,,,,
2026/10/03 10:39,2026-10-03T10:54:55+09:00,2026/10/05,2026/12/10,2026-12,CALL,71625,1750,,,,,,,,,,,,,
2026/10/03 10:39,2026-10-03T10:54:55+09:00,2026/10/05,2026/12/10,2026-12,PUT,71625,4715,,,,,,,,,,,,,
2026/10/03 10:39,2026-10-03T10:54:55+09:00,2026/10/05,2026/12/10,2026-12,CALL,71500,1800,451,,,2.23,,,1,20,,,,,
2026/10/03 10:39,2026-10-03T10:54:55+09:00,2026/10/05,2026/12/10,2026-12,PUT,71500,4640,,,,,,,,,,,,,
2026/10/03 10:39,2026-10-03T10:54:55+09:00,2026/10/05,2026/12/10,2026-12,CALL,71375,1845,,,,,,,,,,,,,
2026/10/03 10:39,2026-10-03T10:54:55+09:00,2026/10/05,2026/12/10,2026-12,PUT,71375,4565,,,,,,,,,,,,,
2026/10/03 10:39,2026-10-03T10:54:55+09:00,2026/10/05,2026/12/10,2026-12,CALL,71250,1880,,,,,,,,,,,,,
2026/10/03 10:39,2026-10-03T10:54:55+09:00,2026/10/05,2026/12/10,2026-12,PUT,71250,4475,,,,,,,,,,,,,
2026/10/03 10:39,2026-10-03T10:54:55+09:00,2026/10/05,2026/12/10,2026-12,CALL,71125,1925,,,,,,,,,,,,,
2026/10/03 10:39,2026-10-03T10:54:55+09:00,2026/10/05,2026/12/10,2026-12,PUT,71125,4395,,,,,,,,,,,,,
2026/10/03 10:39,2026-10-03T10:54:55+09:00,2026/10/05,2026/12/10,2026-12,CALL,71000,1960,2063,,,1.67,,,1,20,,,,,
2026/10/03 10:39,2026-10-03T10:54:55+09:00,2026/10/05,2026/12/10,2026-12,PUT,71000,4305,31,,,,,,,,,,,,
2026/10/03 10:39,2026-10-03T10:54:55+09:00,2026/10/05,2026/12/10,2026-12,CALL,70875,2000,,,,,,,,,,,,,
2026/10/03 10:39,2026-10-03T10:54:55+09:00,2026/10/05,2026/12/10,2026-12,PUT,70875,4215,,,,,,,,,,,,,
2026/10/03 10:39,2026-10-03T10:54:55+09:00,2026/10/05,2026/12/10,2026-12,CALL,70750,2050,,,,,,,,,,,,,
2026/10/03 10:39,2026-10-03T10:54:55+09:00,2026/10/05,2026/12/10,2026-12,PUT,70750,4145,,,,,,,,,,,,,
2026/10/03 10:39,2026-10-03T10:54:55+09:00,2026/10/05,2026/12/10,2026-12,CALL,70625,2110,,,,,,,,,,,,,
2026/10/03 10:39,2026-10-03T10:54:55+09:00,2026/10/05,2026/12/10,2026-12,PUT,70625,4080,,,,,,,,,,,,,
2026/10/03 10:39,2026-10-03T10:54:55+09:00,2026/10/05,2026/12/10,2026-12,CALL,70500,2155,1,1,,1.09,,,1,20,24.36,,,2350,10/02 17:20
2026/10/03 10:39,2026-10-03T10:54:55+09:00,2026/10/05,2026/12/10,2026-12,PUT,70500,4000,,,,,,,,,,,,,
2026/10/03 10:39,2026-10-03T10:54:55+09:00,2026/10/05,2026/12/10,2026-12,CALL,70375,2210,,,,,,,,,,,,,
2026/10/03 10:39,2026-10-03T10:54:55+09:00,2026/10/05,2026/12/10,2026-12,PUT,70375,3930,,,,,,,,,,,,,
2026/10/03 10:39,2026-10-03T10:54:55+09:00,2026/10/05,2026/12/10,2026-12,CALL,70250,2250,,,,,,,,,,,,,
2026/10/03 10:39,2026-10-03T10:54:55+09:00,2026/10/05,2026/12/10,2026-12,PUT,70250,3845,,,,,,,,,,,,,
2026/10/03 10:39,2026-10-03T10:54:55+09:00,2026/10/05,2026/12/10,2026-12,CALL,70125,2295,,,,,,,,,,,,,
2026/10/03 10:39,2026-10-03T10:54:55+09:00,2026/10/05,2026/12/10,2026-12,PUT,70125,3770,,,,,,,,,,,,,
2026/10/03 10:39,2026-10-03T10:54:55+09:00,2026/10/05,2026/12/10,2026-12,CALL,70000,2350,5333,,,7.69,,,800,1,,,,,
2026/10/03 10:39,2026-10-03T10:54:55+09:00,2026/10/05,2026/12/10,2026-12,PUT,70000,3695,1653,,,,,,,,,,,,
2026/10/03 10:39,2026-10-03T10:54:55+09:00,2026/10/05,2026/12/10,2026-12,CALL,69875,2405,,,,,,,,,,,,,
2026/10/03 10:39,2026-10-03T10:54:55+09:00,2026/10/05,2026/12/10,2026-12,PUT,69875,3625,,,,,,,,,,,,,
2026/10/03 10:39,2026-10-03T10:54:55+09:00,2026/10/05,2026/12/10,2026-12,CALL,69750,2465,,,,,,,,,,,,,
2026/10/03 10:39,2026-10-03T10:54:55+09:00,2026/10/05,2026/12/10,2026-12,PUT,69750,3560,,,,,,,,,,,,,
2026/10/03 10:39,2026-10-03T10:54:55+09:00,2026/10/05,2026/12/10,2026-12,CALL,69625,2520,,,,,,,,,,,,,
2026/10/03 10:39,2026-10-03T10:54:55+09:00,2026/10/05,2026/12/10,2026-12,PUT,69625,3490,,,,,,,,,,,,,
2026/10/03 10:39,2026-10-03T10:54:55+09:00,2026/10/05,2026/12/10,2026-12,CALL,69500,2580,,1,,,,,1,20,24.88,,,2910,10/02 17:55
2026/10/03 10:39,2026-10-03T10:54:55+09:00,2026/10/05,2026/12/10,2026-12,PUT,69500,3430,,,,,,,,,,,,,
2026/10/03 10:39,2026-10-03T10:54:55+09:00,2026/10/05,2026/12/10,2026-12,CALL,69375,2635,,,,,,,,,,,,,
2026/10/03 10:39,2026-10-03T10:54:55+09:00,2026/10/05,2026/12/10,2026-12,PUT,69375,3360,,,,,,,,,,,,,
2026/10/03 10:39,2026-10-03T10:54:55+09:00,2026/10/05,2026/12/10,2026-12,CALL,69250,2700,50,3,,,,,,,23.21,,,3150,10/03 04:43
2026/10/03 10:39,2026-10-03T10:54:55+09:00,2026/10/05,2026/12/10,2026-12,PUT,69250,3300,,,,,,,,,,,,,
2026/10/03 10:39,2026-10-03T10:54:55+09:00,2026/10/05,2026/12/10,2026-12,CALL,69125,2755,,,,,,,,,,,,,
2026/10/03 10:39,2026-10-03T10:54:55+09:00,2026/10/05,2026/12/10,2026-12,PUT,69125,3230,,,,,,,,,,,,,
2026/10/03 10:39,2026-10-03T10:54:55+09:00,2026/10/05,2026/12/10,2026-12,CALL,69000,2820,1721,,,,,,1,21,,,,,
2026/10/03 10:39,2026-10-03T10:54:55+09:00,2026/10/05,2026/12/10,2026-12,PUT,69000,3170,1645,,,,,,,,,,,,
2026/10/03 10:39,2026-10-03T10:54:55+09:00,2026/10/05,2026/12/10,2026-12,CALL,68875,2885,,,,,,,,,,,,,
2026/10/03 10:39,2026-10-03T10:54:55+09:00,2026/10/05,2026/12/10,2026-12,PUT,68875,3105,,,,,,,,,,,,,
2026/10/03 10:39,2026-10-03T10:54:55+09:00,2026/10/05,2026/12/10,2026-12,CALL,68750,2950,,,,,,,,,,,,,
2026/10/03 10:39,2026-10-03T10:54:55+09:00,2026/10/05,2026/12/10,2026-12,PUT,68750,3050,100,,,,,,,,,,,,
2026/10/03 10:39,2026-10-03T10:54:55+09:00,2026/10/05,2026/12/10,2026-12,CALL,68625,3010,,,,,,,,,,,,,
2026/10/03 10:39,2026-10-03T10:54:55+09:00,2026/10/05,2026/12/10,2026-12,PUT,68625,2985,,,,,,,,,,,,,
2026/10/03 10:39,2026-10-03T10:54:55+09:00,2026/10/05,2026/12/10,2026-12,CALL,68500,3075,437,,,,,,1,20,,,,,
2026/10/03 10:39,2026-10-03T10:54:55+09:00,2026/10/05,2026/12/10,2026-12,PUT,68500,2925,206,,,,,,,,,,,,
2026/10/03 10:39,2026-10-03T10:54:55+09:00,2026/10/05,2026/12/10,2026-12,CALL,68375,3150,,,,,,,,,,,,,
2026/10/03 10:39,2026-10-03T10:54:55+09:00,2026/10/05,2026/12/10,2026-12,PUT,68375,2875,,,,,,,,,,,,,
2026/10/03 10:39,2026-10-03T10:54:55+09:00,2026/10/05,2026/12/10,2026-12,CALL,68250,3210,,,,,,,,,,,,,
2026/10/03 10:39,2026-10-03T10:54:55+09:00,2026/10/05,2026/12/10,2026-12,PUT,68250,2810,,,,,,,,,,,,,
2026/10/03 10:39,2026-10-03T10:54:55+09:00,2026/10/05,2026/12/10,2026-12,CALL,68125,3285,,,,,,,,,,,,,
2026/10/03 10:39,2026-10-03T10:54:55+09:00,2026/10/05,2026/12/10,2026-12,PUT,68125,2760,,,,,,,,,,,,,
2026/10/03 10:39,2026-10-03T10:54:55+09:00,2026/10/05,2026/12/10,2026-12,CALL,68000,3360,4314,,,,,,1,20,,,,,
2026/10/03 10:39,2026-10-03T10:54:55+09:00,2026/10/05,2026/12/10,2026-12,PUT,68000,2710,1900,,,2.19,,,1,1,,,,,
2026/10/03 10:39,2026-10-03T10:54:55+09:00,2026/10/05,2026/12/10,2026-12,CALL,67875,3425,,,,,,,,,,,,,
2026/10/03 10:39,2026-10-03T10:54:55+09:00,2026/10/05,2026/12/10,2026-12,PUT,67875,2650,,,,,,,,,,,,,
2026/10/03 10:39,2026-10-03T10:54:55+09:00,2026/10/05,2026/12/10,2026-12,CALL,67750,3500,,,,,,,,,,,,,
2026/10/03 10:39,2026-10-03T10:54:55+09:00,2026/10/05,2026/12/10,2026-12,PUT,67750,2605,,,,,,,,,,,,,
2026/10/03 10:39,2026-10-03T10:54:55+09:00,2026/10/05,2026/12/10,2026-12,CALL,67625,3555,,,,,,,,,,,,,
2026/10/03 10:39,2026-10-03T10:54:55+09:00,2026/10/05,2026/12/10,2026-12,PUT,67625,2535,,,,,,,,,,,,,
2026/10/03 10:39,2026-10-03T10:54:55+09:00,2026/10/05,2026/12/10,2026-12,CALL,67500,3620,25,,,,,,1,20,,,,,
2026/10/03 10:39,2026-10-03T10:54:55+09:00,2026/10/05,2026/12/10,2026-12,PUT,67500,2475,25,,,,,,,,,,,,
2026/10/03 10:39,2026-10-03T10:54:55+09:00,2026/10/05,2026/12/10,2026-12,CALL,67375,3700,,,,,,,,,,,,,
2026/10/03 10:39,2026-10-03T10:54:55+09:00,2026/10/05,2026/12/10,2026-12,PUT,67375,2430,,,,,,,,,,,,,
2026/10/03 10:39,2026-10-03T10:54:55+09:00,2026/10/05,2026/12/10,2026-12,CALL,67250,3765,25,,,,,,,,,,,,
2026/10/03 10:39,2026-10-03T10:54:55+09:00,2026/10/05,2026/12/10,2026-12,PUT,67250,2370,25,,,,,,,,,,,,
2026/10/03 10:39,2026-10-03T10:54:55+09:00,2026/10/05,2026/12/10,2026-12,CALL,67125,3845,,,,,,,,,,,,,
2026/10/03 10:39,2026-10-03T10:54:55+09:00,2026/10/05,2026/12/10,2026-12,PUT,67125,2325,,,,,,,,,,,,,
2026/10/03 10:39,2026-10-03T10:54:55+09:00,2026/10/05,2026/12/10,2026-12,CALL,67000,3920,2237,,,,,,1,10,,,,,
2026/10/03 10:39,2026-10-03T10:54:55+09:00,2026/10/05,2026/12/10,2026-12,PUT,67000,2275,1607,,,,,,,,,,,,
2026/10/03 10:39,2026-10-03T10:54:55+09:00,2026/10/05,2026/12/10,2026-12,CALL,66875,3990,,,,,,,,,,,,,
2026/10/03 10:39,2026-10-03T10:54:55+09:00,2026/10/05,2026/12/10,2026-12,PUT,66875,2220,,,,,,,,,,,,,
2026/10/03 10:39,2026-10-03T10:54:55+09:00,2026/10/05,2026/12/10,2026-12,CALL,66750,4075,,,,,,,,,,,,,
2026/10/03 10:39,2026-10-03T10:54:55+09:00,2026/10/05,2026/12/10,2026-12,PUT,66750,2180,,,,,,,,,,,,,
2026/10/03 10:39,2026-10-03T10:54:55+09:00,2026/10/05,2026/12/10,2026-12,CALL,66625,4150,,,,,,,,,,,,,
2026/10/03 10:39,2026-10-03T10:54:55+09:00,2026/10/05,2026/12/10,2026-12,PUT,66625,2130,,,,,,,,,,,,,
2026/10/03 10:39,2026-10-03T10:54:55+09:00,2026/10/05,2026/12/10,2026-12,CALL,66500,4245,2984,,,,,,1,10,,,,,
2026/10/03 10:39,2026-10-03T10:54:55+09:00,2026/10/05,2026/12/10,2026-12,PUT,66500,2100,1100,,,,,,,,,,,,
2026/10/03 10:39,2026-10-03T10:54:55+09:00,2026/10/05,2026/12/10,2026-12,CALL,66375,4290,,,,,,,,,,,,,
2026/10/03 10:39,2026-10-03T10:54:55+09:00,2026/10/05,2026/12/10,2026-12,PUT,66375,2020,,,,,,,,,,,,,
2026/10/03 10:39,2026-10-03T10:54:55+09:00,2026/10/05,2026/12/10,2026-12,CALL,66250,4375,18,,,,,,,,,,,,
2026/10/03 10:39,2026-10-03T10:54:55+09:00,2026/10/05,2026/12/10,2026-12,PUT,66250,1980,,,,,,,,,,,,,
2026/10/03 10:39,2026-10-03T10:54:55+09:00,2026/10/05,2026/12/10,2026-12,CALL,66125,4460,,,,,,,,,,,,,
2026/10/03 10:39,2026-10-03T10:54:55+09:00,2026/10/05,2026/12/10,2026-12,PUT,66125,1940,,,,,,,,,,,,,
2026/10/03 10:39,2026-10-03T10:54:55+09:00,2026/10/05,2026/12/10,2026-12,CALL,66000,4545,1092,,,,,,,,,,,,
2026/10/03 10:39,2026-10-03T10:54:55+09:00,2026/10/05,2026/12/10,2026-12,PUT,66000,1905,1136,,,,,,,,,,,,
2026/10/03 10:39,2026-10-03T10:54:55+09:00,2026/10/05,2026/12/10,2026-12,CALL,65875,4625,,,,,,,,,,,,,
2026/10/03 10:39,2026-10-03T10:54:55+09:00,2026/10/05,2026/12/10,2026-12,PUT,65875,1860,,,,,,,,,,,,,
2026/10/03 10:39,2026-10-03T10:54:55+09:00,2026/10/05,2026/12/10,2026-12,CALL,65750,4710,15,,,,,,,,,,,,
2026/10/03 10:39,2026-10-03T10:54:55+09:00,2026/10/05,2026/12/10,2026-12,PUT,65750,1820,15,,,,,,,,,,,,
2026/10/03 10:39,2026-10-03T10:54:55+09:00,2026/10/05,2026/12/10,2026-12,CALL,65625,4795,,,,,,,,,,,,,
2026/10/03 10:39,2026-10-03T10:54:55+09:00,2026/10/05,2026/12/10,2026-12,PUT,65625,1780,,,,,,,,,,,,,
2026/10/03 10:39,2026-10-03T10:54:55+09:00,2026/10/05,2026/12/10,2026-12,CALL,65500,4875,734,,,,,,,,,,,,
2026/10/03 10:39,2026-10-03T10:54:55+09:00,2026/10/05,2026/12/10,2026-12,PUT,65500,1730,605,,,5.02,,,1,8,,,,,
2026/10/03 10:39,2026-10-03T10:54:55+09:00,2026/10/05,2026/12/10,2026-12,CALL,65375,4965,,,,,,,,,,,,,
2026/10/03 10:39,2026-10-03T10:54:55+09:00,2026/10/05,2026/12/10,2026-12,PUT,65375,1700,,,,,,,,,,,,,
2026/10/03 10:39,2026-10-03T10:54:55+09:00,2026/10/05,2026/12/10,2026-12,CALL,65250,5050,,,,,,,,,,,,,
2026/10/03 10:39,2026-10-03T10:54:55+09:00,2026/10/05,2026/12/10,2026-12,PUT,65250,1660,,,,,,,,,,,,,
2026/10/03 10:39,2026-10-03T10:54:55+09:00,2026/10/05,2026/12/10,2026-12,CALL,65125,5145,,,,,,,,,,,,,
2026/10/03 10:39,2026-10-03T10:54:55+09:00,2026/10/05,2026/12/10,2026-12,PUT,65125,1630,,,,,,,,,,,,,
2026/10/03 10:39,2026-10-03T10:54:55+09:00,2026/10/05,2026/12/10,2026-12,CALL,65000,5235,3594,,,,,,,,,,,,
2026/10/03 10:39,2026-10-03T10:54:55+09:00,2026/10/05,2026/12/10,2026-12,PUT,65000,1595,4729,,31.86,5.58,1850,1,1,10,,,,,
2026/10/03 10:39,2026-10-03T10:54:55+09:00,2026/10/05,2026/12/10,2026-12,CALL,64875,5320,,,,,,,,,,,,,
2026/10/03 10:39,2026-10-03T10:54:55+09:00,2026/10/05,2026/12/10,2026-12,PUT,64875,1555,12,,,,,,,,,,,,
2026/10/03 10:39,2026-10-03T10:54:55+09:00,2026/10/05,2026/12/10,2026-12,CALL,64750,5415,,,,,,,,,,,,,
2026/10/03 10:39,2026-10-03T10:54:55+09:00,2026/10/05,2026/12/10,2026-12,PUT,64750,1525,,,,,,,,,,,,,
2026/10/03 10:39,2026-10-03T10:54:55+09:00,2026/10/05,2026/12/10,2026-12,CALL,64625,5505,,,,,,,,,,,,,
2026/10/03 10:39,2026-10-03T10:54:55+09:00,2026/10/05,2026/12/10,2026-12,PUT,64625,1490,25,,,,,,,,,,,,
2026/10/03 10:39,2026-10-03T10:54:55+09:00,2026/10/05,2026/12/10,2026-12,CALL,64500,5595,296,,,,,,,,,,,,
2026/10/03 10:39,2026-10-03T10:54:55+09:00,2026/10/05,2026/12/10,2026-12,PUT,64500,1455,263,,,6.13,,,1,8,,,,,
2026/10/03 10:39,2026-10-03T10:54:55+09:00,2026/10/05,2026/12/10,2026-12,CALL,64375,5685,,,,,,,,,,,,,
2026/10/03 10:39,2026-10-03T10:54:55+09:00,2026/10/05,2026/12/10,2026-12,PUT,64375,1425,,,,,,,,,,,,,
2026/10/03 10:39,2026-10-03T10:54:55+09:00,2026/10/05,2026/12/10,2026-12,CALL,64250,5775,,,,,,,,,,,,,
2026/10/03 10:39,2026-10-03T10:54:55+09:00,2026/10/05,2026/12/10,2026-12,PUT,64250,1390,,,,,,,,,,,,,
2026/10/03 10:39,2026-10-03T10:54:55+09:00,2026/10/05,2026/12/10,2026-12,CALL,64125,5875,,,,,,,,,,,,,
2026/10/03 10:39,2026-10-03T10:54:55+09:00,2026/10/05,2026/12/10,2026-12,PUT,64125,1375,5,,,,,,,,,,,,
2026/10/03 10:39,2026-10-03T10:54:55+09:00,2026/10/05,2026/12/10,2026-12,CALL,64000,5965,2242,,,,,,,,,,,,
2026/10/03 10:39,2026-10-03T10:54:55+09:00,2026/10/05,2026/12/10,2026-12,PUT,64000,1330,2230,1,,6.69,,,1,20,27.48,,,1115,10/02 21:48
2026/10/03 10:39,2026-10-03T10:54:55+09:00,2026/10/05,2026/12/10,2026-12,CALL,63875,6065,,,,,,,,,,,,,
2026/10/03 10:39,2026-10-03T10:54:55+09:00,2026/10/05,2026/12/10,2026-12,PUT,63875,1300,,,,,,,,,,,,,
2026/10/03 10:39,2026-10-03T10:54:55+09:00,2026/10/05,2026/12/10,2026-12,CALL,63750,6170,32,,,,,,,,,,,,
2026/10/03 10:39,2026-10-03T10:54:55+09:00,2026/10/05,2026/12/10,2026-12,PUT,63750,1285,59,,,,,,,,,,,,
2026/10/03 10:39,2026-10-03T10:54:55+09:00,2026/10/05,2026/12/10,2026-12,CALL,63625,6255,,,,,,,,,,,,,
2026/10/03 10:39,2026-10-03T10:54:55+09:00,2026/10/05,2026/12/10,2026-12,PUT,63625,1245,,,,,,,,,,,,,
2026/10/03 10:39,2026-10-03T10:54:55+09:00,2026/10/05,2026/12/10,2026-12,CALL,63500,6350,300,,,,,,,,,,,,
2026/10/03 10:39,2026-10-03T10:54:55+09:00,2026/10/05,2026/12/10,2026-12,PUT,63500,1215,600,,,7.25,,,1,8,,,,,
2026/10/03 10:39,2026-10-03T10:54:55+09:00,2026/10/05,2026/12/10,2026-12,CALL,63375,6450,,,,,,,,,,,,,
2026/10/03 10:39,2026-10-03T10:54:55+09:00,2026/10/05,2026/12/10,2026-12,PUT,63375,1185,,,,,,,,,,,,,
2026/10/03 10:39,2026-10-03T10:54:55+09:00,2026/10/05,2026/12/10,2026-12,CALL,63250,6565,,,,,,,,,,,,,
2026/10/03 10:39,2026-10-03T10:54:55+09:00,2026/10/05,2026/12/10,2026-12,PUT,63250,1180,23,,,,,,,,,,,,
2026/10/03 10:39,2026-10-03T10:54:55+09:00,2026/10/05,2026/12/10,2026-12,CALL,63125,6645,,,,,,,1,10,,,,,
2026/10/03 10:39,2026-10-03T10:54:55+09:00,2026/10/05,2026/12/10,2026-12,PUT,63125,1135,,,,,,,,,,,,,
2026/10/03 10:39,2026-10-03T10:54:55+09:00,2026/10/05,2026/12/10,2026-12,CALL,63000,6755,1417,,,,,,1,10,,,,,
2026/10/03 10:39,2026-10-03T10:54:55+09:00,2026/10/05,2026/12/10,2026-12,PUT,63000,1120,3041,,,7.81,,,1,20,,,,,
2026/10/03 10:39,2026-10-03T10:54:55+09:00,2026/10/05,2026/12/10,2026-12,CALL,62875,6850,,,,,,,1,10,,,,,
2026/10/03 10:39,2026-10-03T10:54:55+09:00,2026/10/05,2026/12/10,2026-12,PUT,62875,1090,,,,,,,,,,,,,
2026/10/03 10:39,2026-10-03T10:54:55+09:00,2026/10/05,2026/12/10,2026-12,CALL,62750,6945,,,,,,,,,,,,,
2026/10/03 10:39,2026-10-03T10:54:55+09:00,2026/10/05,2026/12/10,2026-12,PUT,62750,1060,,,,,,,,,,,,,
2026/10/03 10:39,2026-10-03T10:54:55+09:00,2026/10/05,2026/12/10,2026-12,CALL,62625,7045,,,,,,,,,,,,,
2026/10/03 10:39,2026-10-03T10:54:55+09:00,2026/10/05,2026/12/10,2026-12,PUT,62625,1040,,,,,,,,,,,,,
2026/10/03 10:39,2026-10-03T10:54:55+09:00,2026/10/05,2026/12/10,2026-12,CALL,62500,7145,812,,,,,,,,,,,,
2026/10/03 10:39,2026-10-03T10:54:55+09:00,2026/10/05,2026/12/10,2026-12,PUT,62500,1010,1087,,,8.37,,,1,8,,,,,
2026/10/03 10:39,2026-10-03T10:54:55+09:00,2026/10/05,2026/12/10,2026-12,CALL,62375,7245,,,,,,,,,,,,,
2026/10/03 10:39,2026-10-03T10:54:55+09:00,2026/10/05,2026/12/10,2026-12,PUT,62375,985,4,,,,,,,,,,,,
2026/10/03 10:39,2026-10-03T10:54:55+09:00,2026/10/05,2026/12/10,2026-12,CALL,62250,7350,,,,,,,,,,,,,
2026/10/03 10:39,2026-10-03T10:54:55+09:00,2026/10/05,2026/12/10,2026-12,PUT,62250,965,250,,,,,,,,,,,,
2026/10/03 10:39,2026-10-03T10:54:55+09:00,2026/10/05,2026/12/10,2026-12,CALL,62125,7465,,,,,,,,,,,,,
2026/10/03 10:39,2026-10-03T10:54:55+09:00,2026/10/05,2026/12/10,2026-12,PUT,62125,960,,,,,,,,,,,,,
2026/10/03 10:39,2026-10-03T10:54:55+09:00,2026/10/05,2026/12/10,2026-12,CALL,62000,7565,1850,,,,,,,,,,,,
2026/10/03 10:39,2026-10-03T10:54:55+09:00,2026/10/05,2026/12/10,2026-12,PUT,62000,930,3610,,,8.94,,,1,21,,,,,
2026/10/03 10:39,2026-10-03T10:54:55+09:00,2026/10/05,2026/12/10,2026-12,CALL,61875,7675,,,,,,,,,,,,,
2026/10/03 10:39,2026-10-03T10:54:55+09:00,2026/10/05,2026/12/10,2026-12,PUT,61875,915,,,,,,,,,,,,,
2026/10/03 10:39,2026-10-03T10:54:55+09:00,2026/10/05,2026/12/10,2026-12,CALL,61750,7780,,,,,,,,,,,,,
2026/10/03 10:39,2026-10-03T10:54:55+09:00,2026/10/05,2026/12/10,2026-12,PUT,61750,895,250,,,,,,,,,,,,
2026/10/03 10:39,2026-10-03T10:54:55+09:00,2026/10/05,2026/12/10,2026-12,CALL,61625,7870,,,,,,,,,,,,,
2026/10/03 10:39,2026-10-03T10:54:55+09:00,2026/10/05,2026/12/10,2026-12,PUT,61625,865,,,,,,,,,,,,,
2026/10/03 10:39,2026-10-03T10:54:55+09:00,2026/10/05,2026/12/10,2026-12,CALL,61500,7960,1,,,,,,,,,,,,
2026/10/03 10:39,2026-10-03T10:54:55+09:00,2026/10/05,2026/12/10,2026-12,PUT,61500,830,254,,,9.51,,,1,8,,,,,
2026/10/03 10:39,2026-10-03T10:54:55+09:00,2026/10/05,2026/12/10,2026-12,CALL,61375,8080,,,,,,,,,,,,,
2026/10/03 10:39,2026-10-03T10:54:55+09:00,2026/10/05,2026/12/10,2026-12,PUT,61375,825,,,,,,,,,,,,,
2026/10/03 10:39,2026-10-03T10:54:55+09:00,2026/10/05,2026/12/10,2026-12,CALL,61250,8190,,,,,,,,,,,,,
2026/10/03 10:39,2026-10-03T10:54:55+09:00,2026/10/05,2026/12/10,2026-12,PUT,61250,810,10,,,,,,,,,,,,
2026/10/03 10:39,2026-10-03T10:54:55+09:00,2026/10/05,2026/12/10,2026-12,CALL,61125,8295,,,,,,,,,,,,,
2026/10/03 10:39,2026-10-03T10:54:55+09:00,2026/10/05,2026/12/10,2026-12,PUT,61125,790,,,,,,,,,,,,,
2026/10/03 10:39,2026-10-03T10:54:55+09:00,2026/10/05,2026/12/10,2026-12,CALL,61000,8390,813,,,,,,,,,,,,
2026/10/03 10:39,2026-10-03T10:54:55+09:00,2026/10/05,2026/12/10,2026-12,PUT,61000,760,1451,3,,10.07,,,1,20,29.1,,,620,10/02 22:07
2026/10/03 10:39,2026-10-03T10:54:55+09:00,2026/10/05,2026/12/10,2026-12,CALL,60875,8510,,,,,,,,,,,,,
2026/10/03 10:39,2026-10-03T10:54:55+09:00,2026/10/05,2026/12/10,2026-12,PUT,60875,740,5,,,,,,,,,,,,
2026/10/03 10:39,2026-10-03T10:54:55+09:00,2026/10/05,2026/12/10,2026-12,CALL,60750,8615,,,,,,,,,,,,,
2026/10/03 10:39,2026-10-03T10:54:55+09:00,2026/10/05,2026/12/10,2026-12,PUT,60750,740,6,,,,,,,,,,,,
2026/10/03 10:39,2026-10-03T10:54:55+09:00,2026/10/05,2026/12/10,2026-12,CALL,60625,8720,,,,,,,,,,,,,
2026/10/03 10:39,2026-10-03T10:54:55+09:00,2026/10/05,2026/12/10,2026-12,PUT,60625,715,,,,13.24,,,10,2,,,,,
2026/10/03 10:39,2026-10-03T10:54:55+09:00,2026/10/05,2026/12/10,2026-12,CALL,60500,8825,102,,,,,,,,,,,,
2026/10/03 10:39,2026-10-03T10:54:55+09:00,2026/10/05,2026/12/10,2026-12,PUT,60500,710,201,,,10.64,,,1,8,,,,,
2026/10/03 10:39,2026-10-03T10:54:55+09:00,2026/10/05,2026/12/10,2026-12,CALL,60250,9050,,,,,,,,,,,,,
2026/10/03 10:39,2026-10-03T10:54:55+09:00,2026/10/05,2026/12/10,2026-12,PUT,60250,675,48,,,,,,,,,,,,
2026/10/03 10:39,2026-10-03T10:54:55+09:00,2026/10/05,2026/12/10,2026-12,CALL,60000,9270,7478,,,,,,,,,,,,
2026/10/03 10:39,2026-10-03T10:54:55+09:00,2026/10/05,2026/12/10,2026-12,PUT,60000,650,10185,1,,11.92,,,2,50,30.33,-85,-13.08,565,10/02 21:29
2026/10/03 10:39,2026-10-03T10:54:55+09:00,2026/10/05,2026/12/10,2026-12,CALL,59750,9495,,,,,,,,,,,,,
2026/10/03 10:39,2026-10-03T10:54:55+09:00,2026/10/05,2026/12/10,2026-12,PUT,59750,620,,,,,,,,,,,,,
2026/10/03 10:39,2026-10-03T10:54:55+09:00,2026/10/05,2026/12/10,2026-12,CALL,59500,9715,100,,,,,,,,,,,,
2026/10/03 10:39,2026-10-03T10:54:55+09:00,2026/10/05,2026/12/10,2026-12,PUT,59500,595,1250,,,,,,,,,,,,
2026/10/03 10:39,2026-10-03T10:54:55+09:00,2026/10/05,2026/12/10,2026-12,CALL,59250,9935,,,,,,,,,,,,,
2026/10/03 10:39,2026-10-03T10:54:55+09:00,2026/10/05,2026/12/10,2026-12,PUT,59250,580,81,1,,,,,,,31.04,-80,-13.79,500,10/02 20:32
2026/10/03 10:39,2026-10-03T10:54:55+09:00,2026/10/05,2026/12/10,2026-12,CALL,59000,10165,1900,,,,,,,,,,,,
2026/10/03 10:39,2026-10-03T10:54:55+09:00,2026/10/05,2026/12/10,2026-12,PUT,59000,550,2541,,,12.37,,,1,20,,,,,
2026/10/03 10:39,2026-10-03T10:54:55+09:00,2026/10/05,2026/12/10,2026-12,CALL,58750,10390,,,,,,,,,,,,,
2026/10/03 10:39,2026-10-03T10:54:55+09:00,2026/10/05,2026/12/10,2026-12,PUT,58750,525,2,,,,,,,,,,,,
2026/10/03 10:39,2026-10-03T10:54:55+09:00,2026/10/05,2026/12/10,2026-12,CALL,58500,10610,350,,,,,,,,,,,,
2026/10/03 10:39,2026-10-03T10:54:55+09:00,2026/10/05,2026/12/10,2026-12,PUT,58500,500,864,,,12.96,,,1,1,,,,,
2026/10/03 10:39,2026-10-03T10:54:55+09:00,2026/10/05,2026/12/10,2026-12,CALL,58250,10850,,,,,,,,,,,,,
2026/10/03 10:39,2026-10-03T10:54:55+09:00,2026/10/05,2026/12/10,2026-12,PUT,58250,480,147,,,,,,,,,,,,
2026/10/03 10:39,2026-10-03T10:54:55+09:00,2026/10/05,2026/12/10,2026-12,CALL,58000,11080,2603,,,,,,,,,,,,
2026/10/03 10:39,2026-10-03T10:54:55+09:00,2026/10/05,2026/12/10,2026-12,PUT,58000,455,2427,,32.13,16.93,400,1,10,1,,,,,
2026/10/03 10:39,2026-10-03T10:54:55+09:00,2026/10/05,2026/12/10,2026-12,CALL,57750,11310,,,,,,,,,,,,,
2026/10/03 10:39,2026-10-03T10:54:55+09:00,2026/10/05,2026/12/10,2026-12,PUT,57750,440,3,,,,,,,,,,,,
2026/10/03 10:39,2026-10-03T10:54:55+09:00,2026/10/05,2026/12/10,2026-12,CALL,57500,11540,80,,,,,,,,,,,,
2026/10/03 10:39,2026-10-03T10:54:55+09:00,2026/10/05,2026/12/10,2026-12,PUT,57500,420,1137,,,14.13,,,1,8,,,,,
2026/10/03 10:39,2026-10-03T10:54:55+09:00,2026/10/05,2026/12/10,2026-12,CALL,57250,11775,113,,,,,,,,,,,,
2026/10/03 10:39,2026-10-03T10:54:55+09:00,2026/10/05,2026/12/10,2026-12,PUT,57250,415,29,,,,,,,,,,,,
2026/10/03 10:39,2026-10-03T10:54:55+09:00,2026/10/05,2026/12/10,2026-12,CALL,57000,12005,500,,,,,,,,,,,,
2026/10/03 10:39,2026-10-03T10:54:55+09:00,2026/10/05,2026/12/10,2026-12,PUT,57000,390,2585,,,14.73,,,1,20,,,,,
2026/10/03 10:39,2026-10-03T10:54:55+09:00,2026/10/05,2026/12/10,2026-12,CALL,56750,12240,,,,,,,,,,,,,
2026/10/03 10:39,2026-10-03T10:54:55+09:00,2026/10/05,2026/12/10,2026-12,PUT,56750,370,13,,,,,,,,,,,,
2026/10/03 10:39,2026-10-03T10:54:55+09:00,2026/10/05,2026/12/10,2026-12,CALL,56500,12475,283,,,,,,,,,,,,
2026/10/03 10:39,2026-10-03T10:54:55+09:00,2026/10/05,2026/12/10,2026-12,PUT,56500,355,221,,,,,,,,,,,,
2026/10/03 10:39,2026-10-03T10:54:55+09:00,2026/10/05,2026/12/10,2026-12,CALL,56250,12710,,,,,,,,,,,,,
2026/10/03 10:39,2026-10-03T10:54:55+09:00,2026/10/05,2026/12/10,2026-12,PUT,56250,345,47,,,,,,,,,,,,
2026/10/03 10:39,2026-10-03T10:54:55+09:00,2026/10/05,2026/12/10,2026-12,CALL,56000,12940,791,,,,,,,,,,,,
2026/10/03 10:39,2026-10-03T10:54:55+09:00,2026/10/05,2026/12/10,2026-12,PUT,56000,330,2645,1,,19.8,,,10,1,33.74,-35,-10.45,300,10/02 19:34
2026/10/03 10:39,2026-10-03T10:54:55+09:00,2026/10/05,2026/12/10,2026-12,CALL,55750,13185,,,,,,,,,,,,,
2026/10/03 10:39,2026-10-03T10:54:55+09:00,2026/10/05,2026/12/10,2026-12,PUT,55750,320,24,,,,,,,,,,,,
2026/10/03 10:39,2026-10-03T10:54:55+09:00,2026/10/05,2026/12/10,2026-12,CALL,55500,13420,300,,,,,,,,,,,,
2026/10/03 10:39,2026-10-03T10:54:55+09:00,2026/10/05,2026/12/10,2026-12,PUT,55500,305,153,,,,,,,,,,,,
2026/10/03 10:39,2026-10-03T10:54:55+09:00,2026/10/05,2026/12/10,2026-12,CALL,55250,13670,,,,,,,,,,,,,
2026/10/03 10:39,2026-10-03T10:54:55+09:00,2026/10/05,2026/12/10,2026-12,PUT,55250,305,2,,,,,,,,,,,,
2026/10/03 10:39,2026-10-03T10:54:55+09:00,2026/10/05,2026/12/10,2026-12,CALL,55000,13890,1829,,,,,,,,,,,,
2026/10/03 10:39,2026-10-03T10:54:55+09:00,2026/10/05,2026/12/10,2026-12,PUT,55000,272,5012,,77.69,29.29,3000,1,100,5,,,,,
2026/10/03 10:39,2026-10-03T10:54:55+09:00,2026/10/05,2026/12/10,2026-12,CALL,54750,14135,,,,,,,,,,,,,
2026/10/03 10:39,2026-10-03T10:54:55+09:00,2026/10/05,2026/12/10,2026-12,PUT,54750,281,43,,,17.44,,,1,1,,,,,
2026/10/03 10:39,2026-10-03T10:54:55+09:00,2026/10/05,2026/12/10,2026-12,CALL,54500,14385,540,,,,,,,,,,,,
2026/10/03 10:39,2026-10-03T10:54:55+09:00,2026/10/05,2026/12/10,2026-12,PUT,54500,272,884,,,,,,,,,,,,
2026/10/03 10:39,2026-10-03T10:54:55+09:00,2026/10/05,2026/12/10,2026-12,CALL,54250,14615,,,,,,,,,,,,,
2026/10/03 10:39,2026-10-03T10:54:55+09:00,2026/10/05,2026/12/10,2026-12,PUT,54250,305,35,,,,,,,,,,,,
2026/10/03 10:39,2026-10-03T10:54:55+09:00,2026/10/05,2026/12/10,2026-12,CALL,54000,14855,1941,,,,,,,,,,,,
2026/10/03 10:39,2026-10-03T10:54:55+09:00,2026/10/05,2026/12/10,2026-12,PUT,54000,241,3787,,,22.75,,,10,1,,,,,
2026/10/03 10:39,2026-10-03T10:54:55+09:00,2026/10/05,2026/12/10,2026-12,CALL,53750,15095,,,,,,,,,,,,,
2026/10/03 10:39,2026-10-03T10:54:55+09:00,2026/10/05,2026/12/10,2026-12,PUT,53750,233,45,,,,,,,,,,,,
2026/10/03 10:39,2026-10-03T10:54:55+09:00,2026/10/05,2026/12/10,2026-12,CALL,53500,15330,106,,,,,,,,,,,,
2026/10/03 10:39,2026-10-03T10:54:55+09:00,2026/10/05,2026/12/10,2026-12,PUT,53500,220,317,,,,,,,,,,,,
2026/10/03 10:39,2026-10-03T10:54:55+09:00,2026/10/05,2026/12/10,2026-12,CALL,53250,15575,,,,,,,,,,,,,
2026/10/03 10:39,2026-10-03T10:54:55+09:00,2026/10/05,2026/12/10,2026-12,PUT,53250,217,214,,,,,,,,,,,,
2026/10/03 10:39,2026-10-03T10:54:55+09:00,2026/10/05,2026/12/10,2026-12,CALL,53000,15825,1135,,,,,,,,,,,,
2026/10/03 10:39,2026-10-03T10:54:55+09:00,2026/10/05,2026/12/10,2026-12,PUT,53000,216,2017,,,22.58,,,5,1,,,,,
2026/10/03 10:39,2026-10-03T10:54:55+09:00,2026/10/05,2026/12/10,2026-12,CALL,52750,16070,,,,,,,,,,,,,
2026/10/03 10:39,2026-10-03T10:54:55+09:00,2026/10/05,2026/12/10,2026-12,PUT,52750,208,506,,,,,,,,,,,,
2026/10/03 10:39,2026-10-03T10:54:55+09:00,2026/10/05,2026/12/10,2026-12,CALL,52500,16315,50,,,,,,,,,,,,
2026/10/03 10:39,2026-10-03T10:54:55+09:00,2026/10/05,2026/12/10,2026-12,PUT,52500,205,1444,,,20.25,,,1,8,,,,,
2026/10/03 10:39,2026-10-03T10:54:55+09:00,2026/10/05,2026/12/10,2026-12,CALL,52250,16560,250,,,,,,,,,,,,
2026/10/03 10:39,2026-10-03T10:54:55+09:00,2026/10/05,2026/12/10,2026-12,PUT,52250,200,525,,,,,,,,,,,,
2026/10/03 10:39,2026-10-03T10:54:55+09:00,2026/10/05,2026/12/10,2026-12,CALL,52000,16790,802,,,,,,,,,,,,
2026/10/03 10:39,2026-10-03T10:54:55+09:00,2026/10/05,2026/12/10,2026-12,PUT,52000,183,3334,3,39.81,35.1,200,1,100,1,37.82,-22,-12.79,150,10/03 00:08
2026/10/03 10:39,2026-10-03T10:54:55+09:00,2026/10/05,2026/12/10,2026-12,CALL,51750,17030,,,,,,,,,,,,,
2026/10/03 10:39,2026-10-03T10:54:55+09:00,2026/10/05,2026/12/10,2026-12,PUT,51750,173,13,,,,,,,,,,,,
2026/10/03 10:39,2026-10-03T10:54:55+09:00,2026/10/05,2026/12/10,2026-12,CALL,51500,17270,,,,,,,,,,,,,
2026/10/03 10:39,2026-10-03T10:54:55+09:00,2026/10/05,2026/12/10,2026-12,PUT,51500,166,271,,,,,,,,,,,,
2026/10/03 10:39,2026-10-03T10:54:55+09:00,2026/10/05,2026/12/10,2026-12,CALL,51250,17515,,,,,,,,,,,,,
2026/10/03 10:39,2026-10-03T10:54:55+09:00,2026/10/05,2026/12/10,2026-12,PUT,51250,160,51,,,,,,,,,,,,
2026/10/03 10:39,2026-10-03T10:54:55+09:00,2026/10/05,2026/12/10,2026-12,CALL,51000,17755,731,,,,,,,,,,,,
2026/10/03 10:39,2026-10-03T10:54:55+09:00,2026/10/05,2026/12/10,2026-12,PUT,51000,151,1886,,,22.18,,,1,21,,,,,
2026/10/03 10:39,2026-10-03T10:54:55+09:00,2026/10/05,2026/12/10,2026-12,CALL,50750,18005,45,,,,,,,,,,,,
2026/10/03 10:39,2026-10-03T10:54:55+09:00,2026/10/05,2026/12/10,2026-12,PUT,50750,151,55,,,,,,,,,,,,
2026/10/03 10:39,2026-10-03T10:54:55+09:00,2026/10/05,2026/12/10,2026-12,CALL,50500,18250,600,,,,,,,,,,,,
2026/10/03 10:39,2026-10-03T10:54:55+09:00,2026/10/05,2026/12/10,2026-12,PUT,50500,152,1796,,,,,,,,,,,,
2026/10/03 10:39,2026-10-03T10:54:55+09:00,2026/10/05,2026/12/10,2026-12,CALL,50250,18495,58,,,,,,,,,,,,
2026/10/03 10:39,2026-10-03T10:54:55+09:00,2026/10/05,2026/12/10,2026-12,PUT,50250,142,18,,,,,,,,,,,,
2026/10/03 10:39,2026-10-03T10:54:55+09:00,2026/10/05,2026/12/10,2026-12,CALL,50000,18735,5692,,,,,,,,,,,,
2026/10/03 10:39,2026-10-03T10:54:55+09:00,2026/10/05,2026/12/10,2026-12,PUT,50000,146,9179,1,41.92,38.97,150,1,98,1,40.72,-15,-10.27,131,10/02 20:20
2026/10/03 10:39,2026-10-03T10:54:55+09:00,2026/10/05,2026/12/10,2026-12,CALL,49750,18980,,,,,,,,,,,,,
2026/10/03 10:39,2026-10-03T10:54:55+09:00,2026/10/05,2026/12/10,2026-12,PUT,49750,138,78,,,,,,,,,,,,
2026/10/03 10:39,2026-10-03T10:54:55+09:00,2026/10/05,2026/12/10,2026-12,CALL,49500,19220,260,,,,,,,,,,,,
2026/10/03 10:39,2026-10-03T10:54:55+09:00,2026/10/05,2026/12/10,2026-12,PUT,49500,120,2326,,,,,,,,,,,,
2026/10/03 10:39,2026-10-03T10:54:55+09:00,2026/10/05,2026/12/10,2026-12,CALL,49250,19470,,,,,,,,,,,,,
2026/10/03 10:39,2026-10-03T10:54:55+09:00,2026/10/05,2026/12/10,2026-12,PUT,49250,120,210,,,,,,,,,,,,
2026/10/03 10:39,2026-10-03T10:54:55+09:00,2026/10/05,2026/12/10,2026-12,CALL,49000,19715,1000,,,,,,,,,,,,
2026/10/03 10:39,2026-10-03T10:54:55+09:00,2026/10/05,2026/12/10,2026-12,PUT,49000,114,3739,,44.44,24.83,157,1,1,20,,,,,
2026/10/03 10:39,2026-10-03T10:54:55+09:00,2026/10/05,2026/12/10,2026-12,CALL,48750,19960,,,,,,,,,,,,,
2026/10/03 10:39,2026-10-03T10:54:55+09:00,2026/10/05,2026/12/10,2026-12,PUT,48750,111,4,,,,,,,,,,,,
2026/10/03 10:39,2026-10-03T10:54:55+09:00,2026/10/05,2026/12/10,2026-12,CALL,48500,20205,,,,,,,,,,,,,
2026/10/03 10:39,2026-10-03T10:54:55+09:00,2026/10/05,2026/12/10,2026-12,PUT,48500,105,309,,,,,,,,,,,,
2026/10/03 10:39,2026-10-03T10:54:55+09:00,2026/10/05,2026/12/10,2026-12,CALL,48250,20450,,,,,,,,,,,,,
2026/10/03 10:39,2026-10-03T10:54:55+09:00,2026/10/05,2026/12/10,2026-12,PUT,48250,104,10,,,,,,,,,,,,
2026/10/03 10:39,2026-10-03T10:54:55+09:00,2026/10/05,2026/12/10,2026-12,CALL,48000,20700,750,,,,,,,,,,,,
2026/10/03 10:39,2026-10-03T10:54:55+09:00,2026/10/05,2026/12/10,2026-12,PUT,48000,101,4326,1,,27.66,,,2,10,43.31,,,104,10/02 20:34
2026/10/03 10:39,2026-10-03T10:54:55+09:00,2026/10/05,2026/12/10,2026-12,CALL,47750,20940,,,,,,,,,,,,,
2026/10/03 10:39,2026-10-03T10:54:55+09:00,2026/10/05,2026/12/10,2026-12,PUT,47750,92,5,,,,,,,,,,,,
2026/10/03 10:39,2026-10-03T10:54:55+09:00,2026/10/05,2026/12/10,2026-12,CALL,47500,21185,200,,,,,,,,,,,,
2026/10/03 10:39,2026-10-03T10:54:55+09:00,2026/10/05,2026/12/10,2026-12,PUT,47500,90,1122,,,,,,,,,,,,
2026/10/03 10:39,2026-10-03T10:54:55+09:00,2026/10/05,2026/12/10,2026-12,CALL,47250,21435,,,,,,,,,,,,,
2026/10/03 10:39,2026-10-03T10:54:55+09:00,2026/10/05,2026/12/10,2026-12,PUT,47250,88,,,,,,,,,,,,,
2026/10/03 10:39,2026-10-03T10:54:55+09:00,2026/10/05,2026/12/10,2026-12,CALL,47000,21680,350,,,,,,,,,,,,
2026/10/03 10:39,2026-10-03T10:54:55+09:00,2026/10/05,2026/12/10,2026-12,PUT,47000,85,2828,,,27.57,,,1,21,,,,,
2026/10/03 10:39,2026-10-03T10:54:55+09:00,2026/10/05,2026/12/10,2026-12,CALL,46750,21930,,,,,,,,,,,,,
2026/10/03 10:39,2026-10-03T10:54:55+09:00,2026/10/05,2026/12/10,2026-12,PUT,46750,84,24,,,,,,,,,,,,
2026/10/03 10:39,2026-10-03T10:54:55+09:00,2026/10/05,2026/12/10,2026-12,CALL,46500,22175,,,,,,,,,,,,,
2026/10/03 10:39,2026-10-03T10:54:55+09:00,2026/10/05,2026/12/10,2026-12,PUT,46500,84,119,,,,,,,,,,,,
2026/10/03 10:39,2026-10-03T10:54:55+09:00,2026/10/05,2026/12/10,2026-12,CALL,46250,22425,315,,,,,,,,,,,,
2026/10/03 10:39,2026-10-03T10:54:55+09:00,2026/10/05,2026/12/10,2026-12,PUT,46250,82,71,,,,,,,,,,,,
2026/10/03 10:39,2026-10-03T10:54:55+09:00,2026/10/05,2026/12/10,2026-12,CALL,46000,22670,2300,,,,,,,,,,,,
2026/10/03 10:39,2026-10-03T10:54:55+09:00,2026/10/05,2026/12/10,2026-12,PUT,46000,79,3457,,,28.99,,,1,21,,,,,
2026/10/03 10:39,2026-10-03T10:54:55+09:00,2026/10/05,2026/12/10,2026-12,CALL,45750,22920,,,,,,,,,,,,,
2026/10/03 10:39,2026-10-03T10:54:55+09:00,2026/10/05,2026/12/10,2026-12,PUT,45750,77,,,,,,,,,,,,,
2026/10/03 10:39,2026-10-03T10:54:55+09:00,2026/10/05,2026/12/10,2026-12,CALL,45500,23165,200,,,,,,,,,,,,
2026/10/03 10:39,2026-10-03T10:54:55+09:00,2026/10/05,2026/12/10,2026-12,PUT,45500,76,350,,,,,,,,,,,,
2026/10/03 10:39,2026-10-03T10:54:55+09:00,2026/10/05,2026/12/10,2026-12,CALL,45250,23415,413,,,,,,,,,,,,
2026/10/03 10:39,2026-10-03T10:54:55+09:00,2026/10/05,2026/12/10,2026-12,PUT,45250,75,53,,,,,,,,,,,,
2026/10/03 10:39,2026-10-03T10:54:55+09:00,2026/10/05,2026/12/10,2026-12,CALL,45000,23635,1842,,67.12,,25200,2,,,,,,,
2026/10/03 10:39,2026-10-03T10:54:55+09:00,2026/10/05,2026/12/10,2026-12,PUT,45000,48,2846,,,33.22,,,3,1,,,,,
2026/10/03 10:39,2026-10-03T10:54:55+09:00,2026/10/05,2026/12/10,2026-12,CALL,44750,23885,,,,,,,,,,,,,
2026/10/03 10:39,2026-10-03T10:54:55+09:00,2026/10/05,2026/12/10,2026-12,PUT,44750,46,1,,,,,,,,,,,,
2026/10/03 10:39,2026-10-03T10:54:55+09:00,2026/10/05,2026/12/10,2026-12,CALL,44500,24130,,,,,,,,,,,,,
2026/10/03 10:39,2026-10-03T10:54:55+09:00,2026/10/05,2026/12/10,2026-12,PUT,44500,44,102,,,,,,,,,,,,
2026/10/03 10:39,2026-10-03T10:54:55+09:00,2026/10/05,2026/12/10,2026-12,CALL,44250,24380,,,,,,,,,,,,,
2026/10/03 10:39,2026-10-03T10:54:55+09:00,2026/10/05,2026/12/10,2026-12,PUT,44250,42,,,,,,,,,,,,,
2026/10/03 10:39,2026-10-03T10:54:55+09:00,2026/10/05,2026/12/10,2026-12,CALL,44000,24625,600,,,,,,,,,,,,
2026/10/03 10:39,2026-10-03T10:54:55+09:00,2026/10/05,2026/12/10,2026-12,PUT,44000,55,2803,,,33.66,,,2,1,,,,,
2026/10/03 10:39,2026-10-03T10:54:55+09:00,2026/10/05,2026/12/10,2026-12,CALL,43750,24875,131,,,,,,,,,,,,
2026/10/03 10:39,2026-10-03T10:54:55+09:00,2026/10/05,2026/12/10,2026-12,PUT,43750,38,9,,,,,,,,,,,,
2026/10/03 10:39,2026-10-03T10:54:55+09:00,2026/10/05,2026/12/10,2026-12,CALL,43500,25120,,,,,,,,,,,,,
2026/10/03 10:39,2026-10-03T10:54:55+09:00,2026/10/05,2026/12/10,2026-12,PUT,43500,37,102,,,,,,,,,,,,
2026/10/03 10:39,2026-10-03T10:54:55+09:00,2026/10/05,2026/12/10,2026-12,CALL,43250,25370,4,,,,,,,,,,,,
2026/10/03 10:39,2026-10-03T10:54:55+09:00,2026/10/05,2026/12/10,2026-12,PUT,43250,35,,,,33.02,,,1,1,,,,,
2026/10/03 10:39,2026-10-03T10:54:55+09:00,2026/10/05,2026/12/10,2026-12,CALL,43000,25615,1400,,,,,,,,,,,,
2026/10/03 10:39,2026-10-03T10:54:55+09:00,2026/10/05,2026/12/10,2026-12,PUT,43000,34,2175,,,33.4,,,1,20,,,,,
2026/10/03 10:39,2026-10-03T10:54:55+09:00,2026/10/05,2026/12/10,2026-12,CALL,42750,25865,,,,,,,,,,,,,
2026/10/03 10:39,2026-10-03T10:54:55+09:00,2026/10/05,2026/12/10,2026-12,PUT,42750,32,,,,,,,,,,,,,
2026/10/03 10:39,2026-10-03T10:54:55+09:00,2026/10/05,2026/12/10,2026-12,CALL,42500,26115,260,,,,,,,,,,,,
2026/10/03 10:39,2026-10-03T10:54:55+09:00,2026/10/05,2026/12/10,2026-12,PUT,42500,48,301,,,,,,,,,,,,
2026/10/03 10:39,2026-10-03T10:54:55+09:00,2026/10/05,2026/12/10,2026-12,CALL,42250,26360,,,,,,,,,,,,,
2026/10/03 10:39,2026-10-03T10:54:55+09:00,2026/10/05,2026/12/10,2026-12,PUT,42250,29,2,,,,,,,,,,,,
2026/10/03 10:39,2026-10-03T10:54:55+09:00,2026/10/05,2026/12/10,2026-12,CALL,42000,26610,1071,,,,,,,,,,,,
2026/10/03 10:39,2026-10-03T10:54:55+09:00,2026/10/05,2026/12/10,2026-12,PUT,42000,28,3702,,,34.94,,,1,20,,,,,
2026/10/03 10:39,2026-10-03T10:54:55+09:00,2026/10/05,2026/12/10,2026-12,CALL,41750,26855,,,,,,,,,,,,,
2026/10/03 10:39,2026-10-03T10:54:55+09:00,2026/10/05,2026/12/10,2026-12,PUT,41750,27,,,,,,,,,,,,,
2026/10/03 10:39,2026-10-03T10:54:55+09:00,2026/10/05,2026/12/10,2026-12,CALL,41500,27105,100,,,,,,,,,,,,
2026/10/03 10:39,2026-10-03T10:54:55+09:00,2026/10/05,2026/12/10,2026-12,PUT,41500,26,101,,,,,,,,,,,,
2026/10/03 10:39,2026-10-03T10:54:55+09:00,2026/10/05,2026/12/10,2026-12,CALL,41250,27355,,,,,,,,,,,,,
2026/10/03 10:39,2026-10-03T10:54:55+09:00,2026/10/05,2026/12/10,2026-12,PUT,41250,24,3,,,,,,,,,,,,
2026/10/03 10:39,2026-10-03T10:54:55+09:00,2026/10/05,2026/12/10,2026-12,CALL,41000,27600,1300,,,,,,,,,,,,
2026/10/03 10:39,2026-10-03T10:54:55+09:00,2026/10/05,2026/12/10,2026-12,PUT,41000,23,1929,,,36.5,,,1,20,,,,,
2026/10/03 10:39,2026-10-03T10:54:55+09:00,2026/10/05,2026/12/10,2026-12,CALL,40750,27850,,,,,,,,,,,,,
2026/10/03 10:39,2026-10-03T10:54:55+09:00,2026/10/05,2026/12/10,2026-12,PUT,40750,22,1,,,,,,,,,,,,
2026/10/03 10:39,2026-10-03T10:54:55+09:00,2026/10/05,2026/12/10,2026-12,CALL,40500,28100,400,,,,,,,,,,,,
2026/10/03 10:39,2026-10-03T10:54:55+09:00,2026/10/05,2026/12/10,2026-12,PUT,40500,21,1399,,,,,,,,,,,,
2026/10/03 10:39,2026-10-03T10:54:55+09:00,2026/10/05,2026/12/10,2026-12,CALL,40250,28345,,,,,,,,,,,,,
2026/10/03 10:39,2026-10-03T10:54:55+09:00,2026/10/05,2026/12/10,2026-12,PUT,40250,20,5,,,,,,,,,,,,
2026/10/03 10:39,2026-10-03T10:54:55+09:00,2026/10/05,2026/12/10,2026-12,CALL,40000,28595,1200,,,,,,,,,,,,
2026/10/03 10:39,2026-10-03T10:54:55+09:00,2026/10/05,2026/12/10,2026-12,PUT,40000,19,6768,1,,48.33,,,15,2,51.88,,,30,10/02 19:42
2026/10/03 10:39,2026-10-03T10:54:55+09:00,2026/10/05,2026/12/10,2026-12,CALL,39750,28845,,,,,,,,,,,,,
2026/10/03 10:39,2026-10-03T10:54:55+09:00,2026/10/05,2026/12/10,2026-12,PUT,39750,18,,,,,,,,,,,,,
2026/10/03 10:39,2026-10-03T10:54:55+09:00,2026/10/05,2026/12/10,2026-12,CALL,39500,29090,500,,,,,,,,,,,,
2026/10/03 10:39,2026-10-03T10:54:55+09:00,2026/10/05,2026/12/10,2026-12,PUT,39500,18,1008,,,,,,,,,,,,
2026/10/03 10:39,2026-10-03T10:54:55+09:00,2026/10/05,2026/12/10,2026-12,CALL,39250,29340,,,,,,,,,,,,,
2026/10/03 10:39,2026-10-03T10:54:55+09:00,2026/10/05,2026/12/10,2026-12,PUT,39250,17,650,,,,,,,,,,,,
2026/10/03 10:39,2026-10-03T10:54:55+09:00,2026/10/05,2026/12/10,2026-12,CALL,39000,29590,750,,,,,,,,,,,,
2026/10/03 10:39,2026-10-03T10:54:55+09:00,2026/10/05,2026/12/10,2026-12,PUT,39000,16,2301,,,39.76,,,1,20,,,,,
2026/10/03 10:39,2026-10-03T10:54:55+09:00,2026/10/05,2026/12/10,2026-12,CALL,38750,29835,50,,,,,,,,,,,,
2026/10/03 10:39,2026-10-03T10:54:55+09:00,2026/10/05,2026/12/10,2026-12,PUT,38750,15,50,,,,,,,,,,,,
2026/10/03 10:39,2026-10-03T10:54:55+09:00,2026/10/05,2026/12/10,2026-12,CALL,38500,30085,700,,,,,,,,,,,,
2026/10/03 10:39,2026-10-03T10:54:55+09:00,2026/10/05,2026/12/10,2026-12,PUT,38500,15,1150,,,,,,,,,,,,
2026/10/03 10:39,2026-10-03T10:54:55+09:00,2026/10/05,2026/12/10,2026-12,CALL,38250,30335,,,,,,,,,,,,,
2026/10/03 10:39,2026-10-03T10:54:55+09:00,2026/10/05,2026/12/10,2026-12,PUT,38250,14,,,,,,,,,,,,,
2026/10/03 10:39,2026-10-03T10:54:55+09:00,2026/10/05,2026/12/10,2026-12,CALL,38000,30585,1225,,,,,,,,,,,,
2026/10/03 10:39,2026-10-03T10:54:55+09:00,2026/10/05,2026/12/10,2026-12,PUT,38000,19,2587,10,,45.13,,,3,1,55.13,-10,-28.57,25,10/02 18:39
2026/10/03 10:39,2026-10-03T10:54:55+09:00,2026/10/05,2026/12/10,2026-12,CALL,37750,30830,100,,,,,,,,,,,,
2026/10/03 10:39,2026-10-03T10:54:55+09:00,2026/10/05,2026/12/10,2026-12,PUT,37750,13,100,,,,,,,,,,,,
2026/10/03 10:39,2026-10-03T10:54:55+09:00,2026/10/05,2026/12/10,2026-12,CALL,37500,31080,88,,,,,,,,,,,,
2026/10/03 10:39,2026-10-03T10:54:55+09:00,2026/10/05,2026/12/10,2026-12,PUT,37500,12,188,,,,,,,,,,,,
2026/10/03 10:39,2026-10-03T10:54:55+09:00,2026/10/05,2026/12/10,2026-12,CALL,37250,31330,,,,,,,,,,,,,
2026/10/03 10:39,2026-10-03T10:54:55+09:00,2026/10/05,2026/12/10,2026-12,PUT,37250,11,,,,,,,,,,,,,
2026/10/03 10:39,2026-10-03T10:54:55+09:00,2026/10/05,2026/12/10,2026-12,CALL,37000,31580,450,,,,,,,,,,,,
2026/10/03 10:39,2026-10-03T10:54:55+09:00,2026/10/05,2026/12/10,2026-12,PUT,37000,11,2619,,,43.17,,,1,20,,,,,
2026/10/03 10:39,2026-10-03T10:54:55+09:00,2026/10/05,2026/12/10,2026-12,CALL,36750,31825,,,,,,,,,,,,,
2026/10/03 10:39,2026-10-03T10:54:55+09:00,2026/10/05,2026/12/10,2026-12,PUT,36750,10,400,,,,,,,,,,,,
2026/10/03 10:39,2026-10-03T10:54:55+09:00,2026/10/05,2026/12/10,2026-12,CALL,36500,32075,252,,,,,,,,,,,,
2026/10/03 10:39,2026-10-03T10:54:55+09:00,2026/10/05,2026/12/10,2026-12,PUT,36500,10,225,,,,,,,,,,,,
2026/10/03 10:39,2026-10-03T10:54:55+09:00,2026/10/05,2026/12/10,2026-12,CALL,36250,32325,,,,,,,,,,,,,
2026/10/03 10:39,2026-10-03T10:54:55+09:00,2026/10/05,2026/12/10,2026-12,PUT,36250,9,,,,,,,,,,,,,
2026/10/03 10:39,2026-10-03T10:54:55+09:00,2026/10/05,2026/12/10,2026-12,CALL,36000,32575,975,,,,,,,,,,,,
2026/10/03 10:39,2026-10-03T10:54:55+09:00,2026/10/05,2026/12/10,2026-12,PUT,36000,9,2906,,,44.95,,,1,20,,,,,
2026/10/03 10:39,2026-10-03T10:54:55+09:00,2026/10/05,2026/12/10,2026-12,CALL,35750,32820,,,,,,,,,,,,,
2026/10/03 10:39,2026-10-03T10:54:55+09:00,2026/10/05,2026/12/10,2026-12,PUT,35750,8,,,,,,,,,,,,,
2026/10/03 10:39,2026-10-03T10:54:55+09:00,2026/10/05,2026/12/10,2026-12,CALL,35500,33070,,,,,,,,,,,,,
2026/10/03 10:39,2026-10-03T10:54:55+09:00,2026/10/05,2026/12/10,2026-12,PUT,35500,8,,,,,,,,,,,,,
2026/10/03 10:39,2026-10-03T10:54:55+09:00,2026/10/05,2026/12/10,2026-12,CALL,35250,33320,,,,,,,,,,,,,
2026/10/03 10:39,2026-10-03T10:54:55+09:00,2026/10/05,2026/12/10,2026-12,PUT,35250,7,,,,,,,,,,,,,
2026/10/03 10:39,2026-10-03T10:54:55+09:00,2026/10/05,2026/12/10,2026-12,CALL,35000,33570,435,,,,,,,,,,,,
2026/10/03 10:39,2026-10-03T10:54:55+09:00,2026/10/05,2026/12/10,2026-12,PUT,35000,21,5277,2,61.81,56.67,23,1,10,1,60.91,,,20,10/02 21:39
2026/10/03 10:39,2026-10-03T10:54:55+09:00,2026/10/05,2026/12/10,2026-12,CALL,34750,33820,,,,,,,,,,,,,
2026/10/03 10:39,2026-10-03T10:54:55+09:00,2026/10/05,2026/12/10,2026-12,PUT,34750,7,1,,,,,,,,,,,,
2026/10/03 10:39,2026-10-03T10:54:55+09:00,2026/10/05,2026/12/10,2026-12,CALL,34500,34065,400,,,,,,,,,,,,
2026/10/03 10:39,2026-10-03T10:54:55+09:00,2026/10/05,2026/12/10,2026-12,PUT,34500,6,560,,,55.86,,,7,10,,,,,
2026/10/03 10:39,2026-10-03T10:54:55+09:00,2026/10/05,2026/12/10,2026-12,CALL,34250,34315,,,,,,,,,,,,,
2026/10/03 10:39,2026-10-03T10:54:55+09:00,2026/10/05,2026/12/10,2026-12,PUT,34250,6,2,,,,,,,,,,,,
2026/10/03 10:39,2026-10-03T10:54:55+09:00,2026/10/05,2026/12/10,2026-12,CALL,34000,34565,280,,,,,,,,,,,,
2026/10/03 10:39,2026-10-03T10:54:55+09:00,2026/10/05,2026/12/10,2026-12,PUT,34000,6,2820,,,48.65,,,1,20,,,,,
2026/10/03 10:39,2026-10-03T10:54:55+09:00,2026/10/05,2026/12/10,2026-12,CALL,33750,34815,,,,,,,,,,,,,
2026/10/03 10:39,2026-10-03T10:54:55+09:00,2026/10/05,2026/12/10,2026-12,PUT,33750,5,,,,,,,,,,,,,
2026/10/03 10:39,2026-10-03T10:54:55+09:00,2026/10/05,2026/12/10,2026-12,CALL,33500,35065,,,,,,,,,,,,,
2026/10/03 10:39,2026-10-03T10:54:55+09:00,2026/10/05,2026/12/10,2026-12,PUT,33500,5,72,,,,,,,,,,,,
2026/10/03 10:39,2026-10-03T10:54:55+09:00,2026/10/05,2026/12/10,2026-12,CALL,33250,35310,,,,,,,,,,,,,
2026/10/03 10:39,2026-10-03T10:54:55+09:00,2026/10/05,2026/12/10,2026-12,PUT,33250,5,37,,,,,,,,,,,,
2026/10/03 10:39,2026-10-03T10:54:55+09:00,2026/10/05,2026/12/10,2026-12,CALL,33000,35560,1950,,,,,,,,,,,,
2026/10/03 10:39,2026-10-03T10:54:55+09:00,2026/10/05,2026/12/10,2026-12,PUT,33000,15,3362,,,63.73,,,15,1,,,,,
2026/10/03 10:39,2026-10-03T10:54:55+09:00,2026/10/05,2026/12/10,2026-12,CALL,32750,35810,,,,,,,,,,,,,
2026/10/03 10:39,2026-10-03T10:54:55+09:00,2026/10/05,2026/12/10,2026-12,PUT,32750,4,,,,,,,,,,,,,
2026/10/03 10:39,2026-10-03T10:54:55+09:00,2026/10/05,2026/12/10,2026-12,CALL,32500,36060,250,,,,,,,,,,,,
2026/10/03 10:39,2026-10-03T10:54:55+09:00,2026/10/05,2026/12/10,2026-12,PUT,32500,4,900,,,,,,,,,,,,
2026/10/03 10:39,2026-10-03T10:54:55+09:00,2026/10/05,2026/12/10,2026-12,CALL,32250,36310,,,,,,,,,,,,,
2026/10/03 10:39,2026-10-03T10:54:55+09:00,2026/10/05,2026/12/10,2026-12,PUT,32250,4,600,,,,,,,,,,,,
2026/10/03 10:39,2026-10-03T10:54:55+09:00,2026/10/05,2026/12/10,2026-12,CALL,32000,36560,700,,,,,,,,,,,,
2026/10/03 10:39,2026-10-03T10:54:55+09:00,2026/10/05,2026/12/10,2026-12,PUT,32000,4,4655,,,52.57,,,1,50,,,,,
2026/10/03 10:39,2026-10-03T10:54:55+09:00,2026/10/05,2026/12/10,2026-12,CALL,31750,36805,,,,,,,,,,,,,
2026/10/03 10:39,2026-10-03T10:54:55+09:00,2026/10/05,2026/12/10,2026-12,PUT,31750,3,,,,,,,,,,,,,
2026/10/03 10:39,2026-10-03T10:54:55+09:00,2026/10/05,2026/12/10,2026-12,CALL,31500,37055,50,,,,,,,,,,,,
2026/10/03 10:39,2026-10-03T10:54:55+09:00,2026/10/05,2026/12/10,2026-12,PUT,31500,3,350,,,,,,,,,,,,
2026/10/03 10:39,2026-10-03T10:54:55+09:00,2026/10/05,2026/12/10,2026-12,CALL,31250,37305,,,,,,,,,,,,,
2026/10/03 10:39,2026-10-03T10:54:55+09:00,2026/10/05,2026/12/10,2026-12,PUT,31250,3,,,,,,,,,,,,,
2026/10/03 10:39,2026-10-03T10:54:55+09:00,2026/10/05,2026/12/10,2026-12,CALL,31000,37555,241,,,,,,,,,,,,
2026/10/03 10:39,2026-10-03T10:54:55+09:00,2026/10/05,2026/12/10,2026-12,PUT,31000,3,2037,,,54.62,,,1,20,,,,,
2026/10/03 10:39,2026-10-03T10:54:55+09:00,2026/10/05,2026/12/10,2026-12,CALL,30750,37805,,,,,,,,,,,,,
2026/10/03 10:39,2026-10-03T10:54:55+09:00,2026/10/05,2026/12/10,2026-12,PUT,30750,3,,,,,,,,,,,,,
2026/10/03 10:39,2026-10-03T10:54:55+09:00,2026/10/05,2026/12/10,2026-12,CALL,30500,38055,50,,,,,,,,,,,,
2026/10/03 10:39,2026-10-03T10:54:55+09:00,2026/10/05,2026/12/10,2026-12,PUT,30500,3,51,,,,,,,,,,,,
2026/10/03 10:39,2026-10-03T10:54:55+09:00,2026/10/05,2026/12/10,2026-12,CALL,30250,38300,,,,,,,,,,,,,
2026/10/03 10:39,2026-10-03T10:54:55+09:00,2026/10/05,2026/12/10,2026-12,PUT,30250,2,,,,,,,,,,,,,
2026/10/03 10:39,2026-10-03T10:54:55+09:00,2026/10/05,2026/12/10,2026-12,CALL,30000,38550,2553,,,,,,,,,,,,
2026/10/03 10:39,2026-10-03T10:54:55+09:00,2026/10/05,2026/12/10,2026-12,PUT,30000,11,10137,14,73.9,68.54,21,10,10,3,69,,,10,10/02 23:31
2026/10/03 10:39,2026-10-03T10:54:55+09:00,2026/10/05,2026/12/10,2026-12,CALL,29750,38800,,,,,,,,,,,,,
2026/10/03 10:39,2026-10-03T10:54:55+09:00,2026/10/05,2026/12/10,2026-12,PUT,29750,2,,,,,,,,,,,,,
2026/10/03 10:39,2026-10-03T10:54:55+09:00,2026/10/05,2026/12/10,2026-12,CALL,29500,39050,,,,,,,,,,,,,
2026/10/03 10:39,2026-10-03T10:54:55+09:00,2026/10/05,2026/12/10,2026-12,PUT,29500,2,,,,,,,,,,,,,
2026/10/03 10:39,2026-10-03T10:54:55+09:00,2026/10/05,2026/12/10,2026-12,CALL,29250,39300,,,,,,,,,,,,,
2026/10/03 10:39,2026-10-03T10:54:55+09:00,2026/10/05,2026/12/10,2026-12,PUT,29250,2,,,,,,,,,,,,,
2026/10/03 10:39,2026-10-03T10:54:55+09:00,2026/10/05,2026/12/10,2026-12,CALL,29000,39550,150,,,,,,,,,,,,
2026/10/03 10:39,2026-10-03T10:54:55+09:00,2026/10/05,2026/12/10,2026-12,PUT,29000,5,1450,,,66.81,,,5,2,,,,,
2026/10/03 10:39,2026-10-03T10:54:55+09:00,2026/10/05,2026/12/10,2026-12,CALL,28750,39795,,,,,,,,,,,,,
2026/10/03 10:39,2026-10-03T10:54:55+09:00,2026/10/05,2026/12/10,2026-12,PUT,28750,2,,,,,,,,,,,,,
2026/10/03 10:39,2026-10-03T10:54:55+09:00,2026/10/05,2026/12/10,2026-12,CALL,28500,40045,125,,,,,,,,,,,,
2026/10/03 10:39,2026-10-03T10:54:55+09:00,2026/10/05,2026/12/10,2026-12,PUT,28500,2,400,,,,,,,,,,,,
2026/10/03 10:39,2026-10-03T10:54:55+09:00,2026/10/05,2026/12/10,2026-12,CALL,28250,40295,,,,,,,,,,,,,
2026/10/03 10:39,2026-10-03T10:54:55+09:00,2026/10/05,2026/12/10,2026-12,PUT,28250,2,,,,,,,,,,,,,
2026/10/03 10:39,2026-10-03T10:54:55+09:00,2026/10/05,2026/12/10,2026-12,CALL,28000,40545,75,,,,,,,,,,,,
2026/10/03 10:39,2026-10-03T10:54:55+09:00,2026/10/05,2026/12/10,2026-12,PUT,28000,5,1334,,,69.35,,,5,4,,,,,
2026/10/03 10:39,2026-10-03T10:54:55+09:00,2026/10/05,2026/12/10,2026-12,CALL,27750,40795,,,,,,,,,,,,,
2026/10/03 10:39,2026-10-03T10:54:55+09:00,2026/10/05,2026/12/10,2026-12,PUT,27750,1,72,,,,,,,,,,,,
2026/10/03 10:39,2026-10-03T10:54:55+09:00,2026/10/05,2026/12/10,2026-12,CALL,27500,41045,,,,,,,,,,,,,
2026/10/03 10:39,2026-10-03T10:54:55+09:00,2026/10/05,2026/12/10,2026-12,PUT,27500,1,25,,,,,,,,,,,,
2026/10/03 10:39,2026-10-03T10:54:55+09:00,2026/10/05,2026/12/10,2026-12,CALL,27250,41295,,,,,,,,,,,,,
2026/10/03 10:39,2026-10-03T10:54:55+09:00,2026/10/05,2026/12/10,2026-12,PUT,27250,1,,,,,,,,,,,,,
2026/10/03 10:39,2026-10-03T10:54:55+09:00,2026/10/05,2026/12/10,2026-12,CALL,27000,41540,250,,,,,,,,,,,,
2026/10/03 10:39,2026-10-03T10:54:55+09:00,2026/10/05,2026/12/10,2026-12,PUT,27000,5,2631,,,72,,,5,5,,,,,
2026/10/03 10:39,2026-10-03T10:54:55+09:00,2026/10/05,2026/12/10,2026-12,CALL,26750,41790,,,,,,,,,,,,,
2026/10/03 10:39,2026-10-03T10:54:55+09:00,2026/10/05,2026/12/10,2026-12,PUT,26750,1,,,,,,,,,,,,,
2026/10/03 10:39,2026-10-03T10:54:55+09:00,2026/10/05,2026/12/10,2026-12,CALL,26500,42040,,,,,,,,,,,,,
2026/10/03 10:39,2026-10-03T10:54:55+09:00,2026/10/05,2026/12/10,2026-12,PUT,26500,1,3,,,,,,,,,,,,
2026/10/03 10:39,2026-10-03T10:54:55+09:00,2026/10/05,2026/12/10,2026-12,CALL,26250,42290,,,,,,,,,,,,,
2026/10/03 10:39,2026-10-03T10:54:55+09:00,2026/10/05,2026/12/10,2026-12,PUT,26250,1,,,,,,,,,,,,,
2026/10/03 10:39,2026-10-03T10:54:55+09:00,2026/10/05,2026/12/10,2026-12,CALL,26000,42540,350,,,,,,,,,,,,
2026/10/03 10:39,2026-10-03T10:54:55+09:00,2026/10/05,2026/12/10,2026-12,PUT,26000,1,1425,,94.64,65.99,50,1,1,20,,,,,
2026/10/03 10:39,2026-10-03T10:54:55+09:00,2026/10/05,2026/12/10,2026-12,CALL,25750,42790,,,,,,,,,,,,,
2026/10/03 10:39,2026-10-03T10:54:55+09:00,2026/10/05,2026/12/10,2026-12,PUT,25750,1,,,,,,,,,,,,,
2026/10/03 10:39,2026-10-03T10:54:55+09:00,2026/10/05,2026/12/10,2026-12,CALL,25500,43040,,,,,,,,,,,,,
2026/10/03 10:39,2026-10-03T10:54:55+09:00,2026/10/05,2026/12/10,2026-12,PUT,25500,1,2,,,,,,,,,,,,
2026/10/03 10:39,2026-10-03T10:54:55+09:00,2026/10/05,2026/12/10,2026-12,CALL,25250,43285,,,,,,,,,,,,,
2026/10/03 10:39,2026-10-03T10:54:55+09:00,2026/10/05,2026/12/10,2026-12,PUT,25250,1,1,,,,,,,,,,,,
2026/10/03 10:39,2026-10-03T10:54:55+09:00,2026/10/05,2026/12/10,2026-12,CALL,25000,43535,300,,,,,,,,,,,,
2026/10/03 10:39,2026-10-03T10:54:55+09:00,2026/10/05,2026/12/10,2026-12,PUT,25000,5,2019,,85.9,77.59,15,1,5,1,,,,,
2026/10/03 10:39,2026-10-03T10:54:55+09:00,2026/10/05,2026/12/10,2026-12,CALL,24750,43785,,,,,,,,,,,,,
2026/10/03 10:39,2026-10-03T10:54:55+09:00,2026/10/05,2026/12/10,2026-12,PUT,24750,1,1,,,,,,,,,,,,
2026/10/03 10:39,2026-10-03T10:54:55+09:00,2026/10/05,2026/12/10,2026-12,CALL,24500,44035,,,,,,,,,,,,,
2026/10/03 10:39,2026-10-03T10:54:55+09:00,2026/10/05,2026/12/10,2026-12,PUT,24500,1,250,,,,,,,,,,,,
2026/10/03 10:39,2026-10-03T10:54:55+09:00,2026/10/05,2026/12/10,2026-12,CALL,24250,44285,,,,,,,,,,,,,
2026/10/03 10:39,2026-10-03T10:54:55+09:00,2026/10/05,2026/12/10,2026-12,PUT,24250,1,,,,,,,,,,,,,
2026/10/03 10:39,2026-10-03T10:54:55+09:00,2026/10/05,2026/12/10,2026-12,CALL,24000,44535,,,,,,,,,,,,,
2026/10/03 10:39,2026-10-03T10:54:55+09:00,2026/10/05,2026/12/10,2026-12,PUT,24000,1,405,,99.18,71.16,40,1,1,30,,,,,
2026/10/03 10:39,2026-10-03T10:54:55+09:00,2026/10/05,2026/12/10,2026-12,CALL,23750,44785,,,,,,,,,,,,,
2026/10/03 10:39,2026-10-03T10:54:55+09:00,2026/10/05,2026/12/10,2026-12,PUT,23750,1,,,,,,,,,,,,,
2026/10/03 10:39,2026-10-03T10:54:55+09:00,2026/10/05,2026/12/10,2026-12,CALL,23500,45030,,,,,,,,,,,,,
2026/10/03 10:39,2026-10-03T10:54:55+09:00,2026/10/05,2026/12/10,2026-12,PUT,23500,1,127,,,,,,,,,,,,
2026/10/03 10:39,2026-10-03T10:54:55+09:00,2026/10/05,2026/12/10,2026-12,CALL,23250,45280,,,,,,,,,,,,,
2026/10/03 10:39,2026-10-03T10:54:55+09:00,2026/10/05,2026/12/10,2026-12,PUT,23250,1,1,,,,,,,,,,,,
2026/10/03 10:39,2026-10-03T10:54:55+09:00,2026/10/05,2026/12/10,2026-12,CALL,23000,45530,,,,,,,,,,,,,
2026/10/03 10:39,2026-10-03T10:54:55+09:00,2026/10/05,2026/12/10,2026-12,PUT,23000,2,2106,,,77.72,,,2,1,,,,,
2026/10/03 10:39,2026-10-03T10:54:55+09:00,2026/10/05,2026/12/10,2026-12,CALL,22750,45780,,,,,,,,,,,,,
2026/10/03 10:39,2026-10-03T10:54:55+09:00,2026/10/05,2026/12/10,2026-12,PUT,22750,1,,,,,,,,,,,,,
2026/10/03 10:39,2026-10-03T10:54:55+09:00,2026/10/05,2026/12/10,2026-12,CALL,22500,46030,,,,,,,,,,,,,
2026/10/03 10:39,2026-10-03T10:54:55+09:00,2026/10/05,2026/12/10,2026-12,PUT,22500,1,150,,,,,,,,,,,,
2026/10/03 10:39,2026-10-03T10:54:55+09:00,2026/10/05,2026/12/10,2026-12,CALL,22250,46280,,,,,,,,,,,,,
2026/10/03 10:39,2026-10-03T10:54:55+09:00,2026/10/05,2026/12/10,2026-12,PUT,22250,1,,,,,,,,,,,,,
2026/10/03 10:39,2026-10-03T10:54:55+09:00,2026/10/05,2026/12/10,2026-12,CALL,22000,46530,100,,,,,,,,,,,,
2026/10/03 10:39,2026-10-03T10:54:55+09:00,2026/10/05,2026/12/10,2026-12,PUT,22000,3,1716,,120.15,83.31,100,1,3,1,,,,,
2026/10/03 10:39,2026-10-03T10:54:55+09:00,2026/10/05,2026/12/10,2026-12,CALL,21750,46775,,,,,,,,,,,,,
2026/10/03 10:39,2026-10-03T10:54:55+09:00,2026/10/05,2026/12/10,2026-12,PUT,21750,1,,,,,,,,,,,,,
2026/10/03 10:39,2026-10-03T10:54:55+09:00,2026/10/05,2026/12/10,2026-12,CALL,21500,47025,,,,,,,,,,,,,
2026/10/03 10:39,2026-10-03T10:54:55+09:00,2026/10/05,2026/12/10,2026-12,PUT,21500,1,500,,,,,,,,,,,,
2026/10/03 10:39,2026-10-03T10:54:55+09:00,2026/10/05,2026/12/10,2026-12,CALL,21250,47275,,,,,,,,,,,,,
2026/10/03 10:39,2026-10-03T10:54:55+09:00,2026/10/05,2026/12/10,2026-12,PUT,21250,1,,,,,,,,,,,,,
2026/10/03 10:39,2026-10-03T10:54:55+09:00,2026/10/05,2026/12/10,2026-12,CALL,21000,47525,,,,,,,,,,,,,
2026/10/03 10:39,2026-10-03T10:54:55+09:00,2026/10/05,2026/12/10,2026-12,PUT,21000,1,350,,,,,,,,,,,,
2026/10/03 10:39,2026-10-03T10:54:55+09:00,2026/10/05,2026/12/10,2026-12,CALL,20750,47775,,,,,,,,,,,,,
2026/10/03 10:39,2026-10-03T10:54:55+09:00,2026/10/05,2026/12/10,2026-12,PUT,20750,1,,,,,,,,,,,,,
2026/10/03 10:39,2026-10-03T10:54:55+09:00,2026/10/05,2026/12/10,2026-12,CALL,20500,48025,,,,,,,,,,,,,
2026/10/03 10:39,2026-10-03T10:54:55+09:00,2026/10/05,2026/12/10,2026-12,PUT,20500,1,,,,,,,,,,,,,
2026/10/03 10:39,2026-10-03T10:54:55+09:00,2026/10/05,2026/12/10,2026-12,CALL,20250,48275,,,,,,,,,,,,,
2026/10/03 10:39,2026-10-03T10:54:55+09:00,2026/10/05,2026/12/10,2026-12,PUT,20250,1,3,,,,,,,,,,,,
2026/10/03 10:39,2026-10-03T10:54:55+09:00,2026/10/05,2026/12/10,2026-12,CALL,20000,48520,150,,,,,,,,,,,,
2026/10/03 10:39,2026-10-03T10:54:55+09:00,2026/10/05,2026/12/10,2026-12,PUT,20000,3,2683,70,92.1,89.99,4,1,3,8,90.17,-1,-25,3,10/03 04:38
2026/10/03 10:39,2026-10-03T10:54:55+09:00,2026/10/05,2026/12/10,2026-12,CALL,19750,48770,,,,,,,,,,,,,
2026/10/03 10:39,2026-10-03T10:54:55+09:00,2026/10/05,2026/12/10,2026-12,PUT,19750,1,,,,,,,,,,,,,
2026/10/03 10:39,2026-10-03T10:54:55+09:00,2026/10/05,2026/12/10,2026-12,CALL,19500,49020,,,,,,,,,,,,,
2026/10/03 10:39,2026-10-03T10:54:55+09:00,2026/10/05,2026/12/10,2026-12,PUT,19500,1,,,,,,,,,,,,,
2026/10/03 10:39,2026-10-03T10:54:55+09:00,2026/10/05,2026/12/10,2026-12,CALL,19250,49270,,,,,,,,,,,,,
2026/10/03 10:39,2026-10-03T10:54:55+09:00,2026/10/05,2026/12/10,2026-12,PUT,19250,1,,,,,,,,,,,,,
2026/10/03 10:39,2026-10-03T10:54:55+09:00,2026/10/05,2026/12/10,2026-12,CALL,19000,49520,,,,,,,,,,,,,
2026/10/03 10:39,2026-10-03T10:54:55+09:00,2026/10/05,2026/12/10,2026-12,PUT,19000,1,670,,,86.3,,,1,1,,,,,
2026/10/03 10:39,2026-10-03T10:54:55+09:00,2026/10/05,2026/12/10,2026-12,CALL,18750,49770,,,,,,,,,,,,,
2026/10/03 10:39,2026-10-03T10:54:55+09:00,2026/10/05,2026/12/10,2026-12,PUT,18750,1,,,,,,,,,,,,,
2026/10/03 10:39,2026-10-03T10:54:55+09:00,2026/10/05,2026/12/10,2026-12,CALL,18500,50020,,,,,,,,,,,,,
2026/10/03 10:39,2026-10-03T10:54:55+09:00,2026/10/05,2026/12/10,2026-12,PUT,18500,1,,,,,,,,,,,,,
2026/10/03 10:39,2026-10-03T10:54:55+09:00,2026/10/05,2026/12/10,2026-12,CALL,18250,50270,,,,,,,,,,,,,
2026/10/03 10:39,2026-10-03T10:54:55+09:00,2026/10/05,2026/12/10,2026-12,PUT,18250,1,,,,,,,,,,,,,
2026/10/03 10:39,2026-10-03T10:54:55+09:00,2026/10/05,2026/12/10,2026-12,CALL,18000,50515,,,,,,,,,,,,,
2026/10/03 10:39,2026-10-03T10:54:55+09:00,2026/10/05,2026/12/10,2026-12,PUT,18000,1,154,,164.26,,280,1,,,,,,,
2026/10/03 10:39,2026-10-03T10:54:55+09:00,2026/10/05,2026/12/10,2026-12,CALL,17750,50765,,,,,,,,,,,,,
2026/10/03 10:39,2026-10-03T10:54:55+09:00,2026/10/05,2026/12/10,2026-12,PUT,17750,1,,,,,,,,,,,,,
2026/10/03 10:39,2026-10-03T10:54:55+09:00,2026/10/05,2026/12/10,2026-12,CALL,17500,51015,,,,,,,,,,,,,
2026/10/03 10:39,2026-10-03T10:54:55+09:00,2026/10/05,2026/12/10,2026-12,PUT,17500,1,,,,,,,,,,,,,
2026/10/03 10:39,2026-10-03T10:54:55+09:00,2026/10/05,2026/12/10,2026-12,CALL,17250,51265,,,,,,,,,,,,,
2026/10/03 10:39,2026-10-03T10:54:55+09:00,2026/10/05,2026/12/10,2026-12,PUT,17250,1,,,,,,,,,,,,,
2026/10/03 10:39,2026-10-03T10:54:55+09:00,2026/10/05,2026/12/10,2026-12,CALL,17000,51515,,,,,,,,,,,,,
2026/10/03 10:39,2026-10-03T10:54:55+09:00,2026/10/05,2026/12/10,2026-12,PUT,17000,1,3,,,,,,,,,,,,
2026/10/03 10:39,2026-10-03T10:54:55+09:00,2026/10/05,2026/12/10,2026-12,CALL,16750,51765,,,,,,,,,,,,,
2026/10/03 10:39,2026-10-03T10:54:55+09:00,2026/10/05,2026/12/10,2026-12,PUT,16750,1,,,,,,,,,,,,,
2026/10/03 10:39,2026-10-03T10:54:55+09:00,2026/10/05,2026/12/10,2026-12,CALL,16500,52015,,,,,,,,,,,,,
2026/10/03 10:39,2026-10-03T10:54:55+09:00,2026/10/05,2026/12/10,2026-12,PUT,16500,1,,,,,,,,,,,,,
2026/10/03 10:39,2026-10-03T10:54:55+09:00,2026/10/05,2026/12/10,2026-12,CALL,16250,52260,,,,,,,,,,,,,
2026/10/03 10:39,2026-10-03T10:54:55+09:00,2026/10/05,2026/12/10,2026-12,PUT,16250,1,,,,,,,,,,,,,
2026/10/03 10:39,2026-10-03T10:54:55+09:00,2026/10/05,2026/12/10,2026-12,CALL,16000,52510,,,,,,,,,,,,,
2026/10/03 10:39,2026-10-03T10:54:55+09:00,2026/10/05,2026/12/10,2026-12,PUT,16000,1,3,,,97.48,,,1,1,,,,,
2026/10/03 10:39,2026-10-03T10:54:55+09:00,2026/10/05,2026/12/10,2026-12,CALL,15750,52760,,,,,,,,,,,,,
2026/10/03 10:39,2026-10-03T10:54:55+09:00,2026/10/05,2026/12/10,2026-12,PUT,15750,1,,,,,,,,,,,,,
2026/10/03 10:39,2026-10-03T10:54:55+09:00,2026/10/05,2026/12/10,2026-12,CALL,15500,53010,,,,,,,,,,,,,
2026/10/03 10:39,2026-10-03T10:54:55+09:00,2026/10/05,2026/12/10,2026-12,PUT,15500,1,,,,,,,,,,,,,
2026/10/03 10:39,2026-10-03T10:54:55+09:00,2026/10/05,2026/12/10,2026-12,CALL,15250,53260,,,,,,,,,,,,,
2026/10/03 10:39,2026-10-03T10:54:55+09:00,2026/10/05,2026/12/10,2026-12,PUT,15250,1,,,,,,,,,,,,,
2026/10/03 10:39,2026-10-03T10:54:55+09:00,2026/10/05,2026/12/10,2026-12,CALL,15000,53510,,,,,,,,,,,,,
2026/10/03 10:39,2026-10-03T10:54:55+09:00,2026/10/05,2026/12/10,2026-12,PUT,15000,1,6,,,101.69,,,1,31,,,,,
2026/10/03 10:39,2026-10-03T10:54:55+09:00,2026/10/05,2026/12/10,2026-12,CALL,14750,53760,,,,,,,,,,,,,
2026/10/03 10:39,2026-10-03T10:54:55+09:00,2026/10/05,2026/12/10,2026-12,PUT,14750,1,1,,,,,,,,,,,,
2026/10/03 10:39,2026-10-03T10:54:55+09:00,2026/10/05,2026/12/10,2026-12,CALL,14500,54010,,,,,,,,,,,,,
2026/10/03 10:39,2026-10-03T10:54:55+09:00,2026/10/05,2026/12/10,2026-12,PUT,14500,1,1,,,,,,,,,,,,
2026/10/03 10:39,2026-10-03T10:54:55+09:00,2026/10/05,2026/12/10,2026-12,CALL,14250,54255,,,,,,,,,,,,,
2026/10/03 10:39,2026-10-03T10:54:55+09:00,2026/10/05,2026/12/10,2026-12,PUT,14250,1,,,,,,,,,,,,,
2026/10/03 10:39,2026-10-03T10:54:55+09:00,2026/10/05,2026/12/10,2026-12,CALL,14000,54505,,,,,,,,,,,,,
2026/10/03 10:39,2026-10-03T10:54:55+09:00,2026/10/05,2026/12/10,2026-12,PUT,14000,1,12,,120.02,,5,1,,,,,,,
2026/10/03 10:39,2026-10-03T10:54:55+09:00,2026/10/05,2026/12/10,2026-12,CALL,13750,54755,,,,,,,,,,,,,
2026/10/03 10:39,2026-10-03T10:54:55+09:00,2026/10/05,2026/12/10,2026-12,PUT,13750,1,,,,,,,,,,,,,
2026/10/03 10:39,2026-10-03T10:54:55+09:00,2026/10/05,2026/12/10,2026-12,CALL,13500,55005,,,,,,,,,,,,,
2026/10/03 10:39,2026-10-03T10:54:55+09:00,2026/10/05,2026/12/10,2026-12,PUT,13500,1,101,,117.71,,3,1,,,,,,,
2026/10/03 10:39,2026-10-03T10:54:55+09:00,2026/10/05,2026/12/10,2026-12,CALL,13250,55255,,,,,,,,,,,,,
2026/10/03 10:39,2026-10-03T10:54:55+09:00,2026/10/05,2026/12/10,2026-12,PUT,13250,1,,,119.04,109.81,3,1,1,5,,,,,
2026/10/03 10:39,2026-10-03T10:54:55+09:00,2026/10/05,2026/12/10,2026-12,CALL,13000,55505,,,,,,,,,,,,,
2026/10/03 10:39,2026-10-03T10:54:55+09:00,2026/10/05,2026/12/10,2026-12,PUT,13000,1,33,,120.4,111.06,3,1,1,32,,,,,
2026/10/03 10:39,2026-10-03T10:54:55+09:00,2026/10/05,2026/12/10,2026-12,CALL,12750,55755,,,,,,,,,,,,,
2026/10/03 10:39,2026-10-03T10:54:55+09:00,2026/10/05,2026/12/10,2026-12,PUT,12750,1,2,,118.06,,2,1,,,,,,,
2026/10/03 10:39,2026-10-03T10:54:55+09:00,2026/10/05,2026/12/10,2026-12,CALL,12500,56000,84,,,,,,,,,,,,
2026/10/03 10:39,2026-10-03T10:54:55+09:00,2026/10/05,2026/12/10,2026-12,PUT,12500,1,2063,9,119.42,,2,329,,,113.71,0,0,1,10/03 01:06
