qri_update_time,collected_at,trading_day,last_trading_day,contract,option_type,strike,settlement,open_interest,volume,ask_iv,bid_iv,ask_price,ask_quantity,bid_price,bid_quantity,iv,change,change_percent,last_price,trade_time
2026/09/17 18:51,2026-09-17T19:06:07+09:00,2026/09/18,2026/10/08,2026-10,CALL,80000,2,,3,29.85,28.2,2,171,1,77,28.38,0,0,1,09/17 17:00
2026/09/17 18:51,2026-09-17T19:06:07+09:00,2026/09/18,2026/10/08,2026-10,PUT,80000,15945,,,,,,,,,,,,,
2026/09/17 18:51,2026-09-17T19:06:07+09:00,2026/09/18,2026/10/08,2026-10,CALL,79500,2,,,29.08,27.46,2,10,1,25,,,,,
2026/09/17 18:51,2026-09-17T19:06:07+09:00,2026/09/18,2026/10/08,2026-10,PUT,79500,15445,,,,,,,,,,,,,
2026/09/17 18:51,2026-09-17T19:06:07+09:00,2026/09/18,2026/10/08,2026-10,CALL,79000,2,,,28.31,26.72,2,27,1,15,,,,,
2026/09/17 18:51,2026-09-17T19:06:07+09:00,2026/09/18,2026/10/08,2026-10,PUT,79000,14945,,,,,,,,,,,,,
2026/09/17 18:51,2026-09-17T19:06:07+09:00,2026/09/18,2026/10/08,2026-10,CALL,78500,2,,,27.52,25.97,2,8,1,52,,,,,
2026/09/17 18:51,2026-09-17T19:06:07+09:00,2026/09/18,2026/10/08,2026-10,PUT,78500,14450,,,,,,,,,,,,,
2026/09/17 18:51,2026-09-17T19:06:07+09:00,2026/09/18,2026/10/08,2026-10,CALL,78000,2,,,26.73,25.22,2,3,1,193,,,,,
2026/09/17 18:51,2026-09-17T19:06:07+09:00,2026/09/18,2026/10/08,2026-10,PUT,78000,13950,,,,,,,,,,,,,
2026/09/17 18:51,2026-09-17T19:06:07+09:00,2026/09/18,2026/10/08,2026-10,CALL,77500,3,,,26.9,25.93,3,9,2,1,,,,,
2026/09/17 18:51,2026-09-17T19:06:07+09:00,2026/09/18,2026/10/08,2026-10,PUT,77500,13450,,,,,,,,,,,,,
2026/09/17 18:51,2026-09-17T19:06:07+09:00,2026/09/18,2026/10/08,2026-10,CALL,77000,3,,1,26.07,25.12,3,5,2,65,26.52,0,0,3,09/17 17:05
2026/09/17 18:51,2026-09-17T19:06:07+09:00,2026/09/18,2026/10/08,2026-10,PUT,77000,12950,,,,,,,,,,,,,
2026/09/17 18:51,2026-09-17T19:06:07+09:00,2026/09/18,2026/10/08,2026-10,CALL,76500,4,,,25.94,25.23,4,16,3,16,,,,,
2026/09/17 18:51,2026-09-17T19:06:07+09:00,2026/09/18,2026/10/08,2026-10,PUT,76500,12450,,,,,,,,,,,,,
2026/09/17 18:51,2026-09-17T19:06:07+09:00,2026/09/18,2026/10/08,2026-10,CALL,76250,5,,,26.09,24.81,5,20,3,20,,,,,
2026/09/17 18:51,2026-09-17T19:06:07+09:00,2026/09/18,2026/10/08,2026-10,PUT,76250,12205,,,,,,,,,,,,,
2026/09/17 18:51,2026-09-17T19:06:07+09:00,2026/09/18,2026/10/08,2026-10,CALL,76000,4,,14,25.65,24.38,5,38,3,73,24.99,0,0,4,09/17 18:16
2026/09/17 18:51,2026-09-17T19:06:07+09:00,2026/09/18,2026/10/08,2026-10,PUT,76000,11955,,,,,,,,,,,,,
2026/09/17 18:51,2026-09-17T19:06:07+09:00,2026/09/18,2026/10/08,2026-10,CALL,75750,6,,,25.69,24.63,6,20,4,20,,,,,
2026/09/17 18:51,2026-09-17T19:06:07+09:00,2026/09/18,2026/10/08,2026-10,PUT,75750,11705,,,,,,,,,,,,,
2026/09/17 18:51,2026-09-17T19:06:07+09:00,2026/09/18,2026/10/08,2026-10,CALL,75500,7,,,25.23,24.19,6,23,4,23,,,,,
2026/09/17 18:51,2026-09-17T19:06:07+09:00,2026/09/18,2026/10/08,2026-10,PUT,75500,11455,,,,,,,,,,,,,
2026/09/17 18:51,2026-09-17T19:06:07+09:00,2026/09/18,2026/10/08,2026-10,CALL,75250,7,,,25.19,24.3,7,20,5,20,,,,,
2026/09/17 18:51,2026-09-17T19:06:07+09:00,2026/09/18,2026/10/08,2026-10,PUT,75250,11205,,,,,,,,,,,,,
2026/09/17 18:51,2026-09-17T19:06:07+09:00,2026/09/18,2026/10/08,2026-10,CALL,75000,8,,1,24.73,24.31,7,15,6,16,25.08,0,0,7,09/17 17:51
2026/09/17 18:51,2026-09-17T19:06:07+09:00,2026/09/18,2026/10/08,2026-10,PUT,75000,10955,,,,,,,,,,,,,
2026/09/17 18:51,2026-09-17T19:06:07+09:00,2026/09/18,2026/10/08,2026-10,CALL,74750,9,,4,24.96,24.26,9,20,7,5,24.33,,,7,09/17 18:24
2026/09/17 18:51,2026-09-17T19:06:07+09:00,2026/09/18,2026/10/08,2026-10,PUT,74750,10710,,,,,,,,,,,,,
2026/09/17 18:51,2026-09-17T19:06:07+09:00,2026/09/18,2026/10/08,2026-10,CALL,74500,10,,4,24.47,24.14,9,17,8,8,24.12,-1,-11.11,8,09/17 18:42
2026/09/17 18:51,2026-09-17T19:06:07+09:00,2026/09/18,2026/10/08,2026-10,PUT,74500,10460,,,,,,,,,,,,,
2026/09/17 18:51,2026-09-17T19:06:07+09:00,2026/09/18,2026/10/08,2026-10,CALL,74250,11,,,24.29,23.99,10,16,9,5,,,,,
2026/09/17 18:51,2026-09-17T19:06:07+09:00,2026/09/18,2026/10/08,2026-10,PUT,74250,10210,,,,,,,,,,,,,
2026/09/17 18:51,2026-09-17T19:06:07+09:00,2026/09/18,2026/10/08,2026-10,CALL,74000,12,,5,24.33,23.5,12,12,9,39,24.21,1,10,11,09/17 18:01
2026/09/17 18:51,2026-09-17T19:06:07+09:00,2026/09/18,2026/10/08,2026-10,PUT,74000,9965,,,,,,,,,,,,,
2026/09/17 18:51,2026-09-17T19:06:07+09:00,2026/09/18,2026/10/08,2026-10,CALL,73750,13,,1,25.28,22.35,19,8,7,8,24.15,-5,-31.25,11,09/17 17:14
2026/09/17 18:51,2026-09-17T19:06:07+09:00,2026/09/18,2026/10/08,2026-10,PUT,73750,9715,,,,,,,,,,,,,
2026/09/17 18:51,2026-09-17T19:06:07+09:00,2026/09/18,2026/10/08,2026-10,CALL,73500,15,,,23.99,23.07,15,8,11,29,,,,,
2026/09/17 18:51,2026-09-17T19:06:07+09:00,2026/09/18,2026/10/08,2026-10,PUT,73500,9465,,,,,,,,,,,,,
2026/09/17 18:51,2026-09-17T19:06:07+09:00,2026/09/18,2026/10/08,2026-10,CALL,73250,18,,,24.71,21.39,22,8,7,8,,,,,
2026/09/17 18:51,2026-09-17T19:06:07+09:00,2026/09/18,2026/10/08,2026-10,PUT,73250,9220,,,,,,,,,,,,,
2026/09/17 18:51,2026-09-17T19:06:07+09:00,2026/09/18,2026/10/08,2026-10,CALL,73000,19,,5,23.68,23.32,19,12,17,12,23.25,0,0,18,09/17 18:13
2026/09/17 18:51,2026-09-17T19:06:07+09:00,2026/09/18,2026/10/08,2026-10,PUT,73000,8970,,,,,,,,,,,,,
2026/09/17 18:51,2026-09-17T19:06:07+09:00,2026/09/18,2026/10/08,2026-10,CALL,72750,22,,,24.71,22.41,30,8,15,8,,,,,
2026/09/17 18:51,2026-09-17T19:06:07+09:00,2026/09/18,2026/10/08,2026-10,PUT,72750,8725,,,,,,,,,,,,,
2026/09/17 18:51,2026-09-17T19:06:07+09:00,2026/09/18,2026/10/08,2026-10,CALL,72500,25,,3,23.63,22.91,26,26,21,11,23.26,2,9.52,23,09/17 18:20
2026/09/17 18:51,2026-09-17T19:06:07+09:00,2026/09/18,2026/10/08,2026-10,PUT,72500,8480,,,,,,,,,,,,,
2026/09/17 18:51,2026-09-17T19:06:07+09:00,2026/09/18,2026/10/08,2026-10,CALL,72250,30,,1,23.8,22.5,32,8,22,19,23.23,-5,-14.71,29,09/17 18:10
2026/09/17 18:51,2026-09-17T19:06:07+09:00,2026/09/18,2026/10/08,2026-10,PUT,72250,8230,,,39.58,,8400,3,7980,4,,,,,
2026/09/17 18:51,2026-09-17T19:06:07+09:00,2026/09/18,2026/10/08,2026-10,CALL,72125,35,,,24.84,22.51,45,16,24,16,,,,,
2026/09/17 18:51,2026-09-17T19:06:07+09:00,2026/09/18,2026/10/08,2026-10,PUT,72125,8110,,,39.17,,8275,3,7860,4,,,,,
2026/09/17 18:51,2026-09-17T19:06:07+09:00,2026/09/18,2026/10/08,2026-10,CALL,72000,32,,494,23.32,22.98,33,13,30,10,23.05,-2,-6.25,30,09/17 18:49
2026/09/17 18:51,2026-09-17T19:06:07+09:00,2026/09/18,2026/10/08,2026-10,PUT,72000,7985,,,39.38,,8170,9,7735,12,,,,,
2026/09/17 18:51,2026-09-17T19:06:07+09:00,2026/09/18,2026/10/08,2026-10,CALL,71875,35,,,24.58,21.21,49,7,19,7,,,,,
2026/09/17 18:51,2026-09-17T19:06:07+09:00,2026/09/18,2026/10/08,2026-10,PUT,71875,7865,,,38.66,,8035,3,7615,4,,,,,
2026/09/17 18:51,2026-09-17T19:06:07+09:00,2026/09/18,2026/10/08,2026-10,CALL,71750,38,,,23.25,22.95,38,1,35,6,,,,,
2026/09/17 18:51,2026-09-17T19:06:07+09:00,2026/09/18,2026/10/08,2026-10,PUT,71750,7745,,,38.4,,7915,3,7495,4,,,,,
2026/09/17 18:51,2026-09-17T19:06:07+09:00,2026/09/18,2026/10/08,2026-10,CALL,71625,41,,,23.43,22.85,43,4,37,12,,,,,
2026/09/17 18:51,2026-09-17T19:06:07+09:00,2026/09/18,2026/10/08,2026-10,PUT,71625,7620,,,38.13,,7795,3,7370,4,,,,,
2026/09/17 18:51,2026-09-17T19:06:07+09:00,2026/09/18,2026/10/08,2026-10,CALL,71500,40,,5,23.12,22.93,43,1,41,9,22.89,3,7.5,43,09/17 18:15
2026/09/17 18:51,2026-09-17T19:06:07+09:00,2026/09/18,2026/10/08,2026-10,PUT,71500,7500,,,38.01,,7680,6,7250,8,,,,,
2026/09/17 18:51,2026-09-17T19:06:07+09:00,2026/09/18,2026/10/08,2026-10,CALL,71375,46,,,23.24,22.81,48,4,43,4,,,,,
2026/09/17 18:51,2026-09-17T19:06:07+09:00,2026/09/18,2026/10/08,2026-10,PUT,71375,7375,,,37.44,,7550,2,7125,4,,,,,
2026/09/17 18:51,2026-09-17T19:06:07+09:00,2026/09/18,2026/10/08,2026-10,CALL,71250,48,,2,23.25,22.93,52,1,48,6,23.09,11,28.21,50,09/17 18:50
2026/09/17 18:51,2026-09-17T19:06:07+09:00,2026/09/18,2026/10/08,2026-10,PUT,71250,7255,,,37.3,,7435,3,7005,3,,,,,
2026/09/17 18:51,2026-09-17T19:06:07+09:00,2026/09/18,2026/10/08,2026-10,CALL,71125,52,,,23.32,22.86,57,6,51,12,,,,,
2026/09/17 18:51,2026-09-17T19:06:07+09:00,2026/09/18,2026/10/08,2026-10,PUT,71125,7135,,,37.02,,7315,3,6885,3,,,,,
2026/09/17 18:51,2026-09-17T19:06:07+09:00,2026/09/18,2026/10/08,2026-10,CALL,71000,53,,9,23.14,22.92,59,1,56,13,22.91,3,5.66,56,09/17 18:35
2026/09/17 18:51,2026-09-17T19:06:07+09:00,2026/09/18,2026/10/08,2026-10,PUT,71000,7010,,,37.15,,7210,9,6760,9,,,,,
2026/09/17 18:51,2026-09-17T19:06:07+09:00,2026/09/18,2026/10/08,2026-10,CALL,70875,61,,,23.16,22.81,64,4,59,12,,,,,
2026/09/17 18:51,2026-09-17T19:06:07+09:00,2026/09/18,2026/10/08,2026-10,PUT,70875,6890,,,36.57,,7080,3,6640,4,,,,,
2026/09/17 18:51,2026-09-17T19:06:07+09:00,2026/09/18,2026/10/08,2026-10,CALL,70750,63,,2,23.1,22.9,68,1,65,1,22.96,5,8.06,67,09/17 18:06
2026/09/17 18:51,2026-09-17T19:06:07+09:00,2026/09/18,2026/10/08,2026-10,PUT,70750,6770,,,36.27,,6960,3,6520,4,,,,,
2026/09/17 18:51,2026-09-17T19:06:07+09:00,2026/09/18,2026/10/08,2026-10,CALL,70625,69,,,23.26,22.83,76,17,69,4,,,,,
2026/09/17 18:51,2026-09-17T19:06:07+09:00,2026/09/18,2026/10/08,2026-10,PUT,70625,6655,,,35.97,,6840,3,6405,4,,,,,
2026/09/17 18:51,2026-09-17T19:06:07+09:00,2026/09/18,2026/10/08,2026-10,CALL,70500,70,,2,23.16,22.92,80,1,76,7,22.91,11,15.71,81,09/17 18:14
2026/09/17 18:51,2026-09-17T19:06:07+09:00,2026/09/18,2026/10/08,2026-10,PUT,70500,6530,,,35.92,,6730,6,6280,8,,,,,
2026/09/17 18:51,2026-09-17T19:06:07+09:00,2026/09/18,2026/10/08,2026-10,CALL,70375,80,,,23.21,22.87,87,7,81,3,,,,,
2026/09/17 18:51,2026-09-17T19:06:07+09:00,2026/09/18,2026/10/08,2026-10,PUT,70375,6415,,,35.47,0,6605,3,6165,4,,,,,
2026/09/17 18:51,2026-09-17T19:06:07+09:00,2026/09/18,2026/10/08,2026-10,CALL,70250,84,,,23.13,22.97,92,1,89,1,,,,,
2026/09/17 18:51,2026-09-17T19:06:07+09:00,2026/09/18,2026/10/08,2026-10,PUT,70250,6295,,,35.28,14.71,6490,3,6045,4,,,,,
2026/09/17 18:51,2026-09-17T19:06:07+09:00,2026/09/18,2026/10/08,2026-10,CALL,70125,90,,,23.18,22.82,100,3,93,7,,,,,
2026/09/17 18:51,2026-09-17T19:06:07+09:00,2026/09/18,2026/10/08,2026-10,PUT,70125,6175,,,35.08,15.73,6375,3,5925,4,,,,,
2026/09/17 18:51,2026-09-17T19:06:07+09:00,2026/09/18,2026/10/08,2026-10,CALL,70000,94,,38,23.16,22.97,107,1,103,7,23.05,10,10.64,104,09/17 18:47
2026/09/17 18:51,2026-09-17T19:06:07+09:00,2026/09/18,2026/10/08,2026-10,PUT,70000,6055,,,35.13,16.34,6270,9,5805,12,,,,,
2026/09/17 18:51,2026-09-17T19:06:07+09:00,2026/09/18,2026/10/08,2026-10,CALL,69875,103,,,23.26,22.84,117,10,108,3,,,,,
2026/09/17 18:51,2026-09-17T19:06:07+09:00,2026/09/18,2026/10/08,2026-10,PUT,69875,5940,,,34.54,17.33,6140,3,5690,3,,,,,
2026/09/17 18:51,2026-09-17T19:06:07+09:00,2026/09/18,2026/10/08,2026-10,CALL,69750,109,,,23.24,22.98,125,1,119,1,,,,,
2026/09/17 18:51,2026-09-17T19:06:07+09:00,2026/09/18,2026/10/08,2026-10,PUT,69750,5820,,,34.32,17.54,6025,3,5570,4,,,,,
2026/09/17 18:51,2026-09-17T19:06:07+09:00,2026/09/18,2026/10/08,2026-10,CALL,69625,119,,,23.24,22.82,134,13,124,3,,,,,
2026/09/17 18:51,2026-09-17T19:06:07+09:00,2026/09/18,2026/10/08,2026-10,PUT,69625,5705,,,34.09,18.1,5910,4,5455,4,,,,,
2026/09/17 18:51,2026-09-17T19:06:07+09:00,2026/09/18,2026/10/08,2026-10,CALL,69500,125,,10,23.22,22.98,143,1,137,7,22.98,41,40.2,143,09/17 18:09
2026/09/17 18:51,2026-09-17T19:06:07+09:00,2026/09/18,2026/10/08,2026-10,PUT,69500,5585,,,33.97,18.51,5800,9,5340,3,,,,,
2026/09/17 18:51,2026-09-17T19:06:07+09:00,2026/09/18,2026/10/08,2026-10,CALL,69375,136,,,23.26,22.91,154,5,145,10,,,,,
2026/09/17 18:51,2026-09-17T19:06:07+09:00,2026/09/18,2026/10/08,2026-10,PUT,69375,5475,,,33.6,19.13,5680,6,5230,3,,,,,
2026/09/17 18:51,2026-09-17T19:06:07+09:00,2026/09/18,2026/10/08,2026-10,CALL,69250,145,,,23.23,23.01,164,1,158,4,,,,,
2026/09/17 18:51,2026-09-17T19:06:07+09:00,2026/09/18,2026/10/08,2026-10,PUT,69250,5355,,,33.47,19.07,5570,5,5110,2,,,,,
2026/09/17 18:51,2026-09-17T19:06:07+09:00,2026/09/18,2026/10/08,2026-10,CALL,69125,155,,,23.36,22.94,179,4,167,3,,,,,
2026/09/17 18:51,2026-09-17T19:06:07+09:00,2026/09/18,2026/10/08,2026-10,PUT,69125,5245,,,33.21,19.5,5455,6,5000,3,,,,,
2026/09/17 18:51,2026-09-17T19:06:07+09:00,2026/09/18,2026/10/08,2026-10,CALL,69000,160,,258,23.26,23.05,188,1,182,10,23.05,28,17.5,188,09/17 18:44
2026/09/17 18:51,2026-09-17T19:06:07+09:00,2026/09/18,2026/10/08,2026-10,PUT,69000,5130,,,32.94,20.07,5340,7,4895,7,,,,,
2026/09/17 18:51,2026-09-17T19:06:07+09:00,2026/09/18,2026/10/08,2026-10,CALL,68875,180,,,23.33,22.94,203,8,191,10,,,,,
2026/09/17 18:51,2026-09-17T19:06:07+09:00,2026/09/18,2026/10/08,2026-10,PUT,68875,5015,,,29.49,19.69,5090,6,4770,3,,,,,
2026/09/17 18:51,2026-09-17T19:06:07+09:00,2026/09/18,2026/10/08,2026-10,CALL,68750,189,,2,23.32,23.03,216,1,207,1,23.07,4,2.27,180,09/17 17:34
2026/09/17 18:51,2026-09-17T19:06:07+09:00,2026/09/18,2026/10/08,2026-10,PUT,68750,4900,,,29.25,19.72,4975,5,4655,2,,,,,
2026/09/17 18:51,2026-09-17T19:06:07+09:00,2026/09/18,2026/10/08,2026-10,CALL,68625,204,,,23.37,23.01,232,4,220,2,,,,,
2026/09/17 18:51,2026-09-17T19:06:07+09:00,2026/09/18,2026/10/08,2026-10,PUT,68625,4790,,,29.11,19.93,4865,6,4545,3,,,,,
2026/09/17 18:51,2026-09-17T19:06:07+09:00,2026/09/18,2026/10/08,2026-10,CALL,68500,213,,4,23.37,23.11,247,1,238,1,23.06,-8,-3.76,205,09/17 17:30
2026/09/17 18:51,2026-09-17T19:06:07+09:00,2026/09/18,2026/10/08,2026-10,PUT,68500,4680,,,32.21,20.08,4900,9,4435,3,,,,,
2026/09/17 18:51,2026-09-17T19:06:07+09:00,2026/09/18,2026/10/08,2026-10,CALL,68375,233,,,23.48,23.12,267,3,254,2,,,,,
2026/09/17 18:51,2026-09-17T19:06:07+09:00,2026/09/18,2026/10/08,2026-10,PUT,68375,4570,,,28.81,20.2,4645,6,4325,3,,,,,
2026/09/17 18:51,2026-09-17T19:06:07+09:00,2026/09/18,2026/10/08,2026-10,CALL,68250,247,,7,23.35,23.11,279,1,270,1,23.22,76,38.38,274,09/17 18:17
2026/09/17 18:51,2026-09-17T19:06:07+09:00,2026/09/18,2026/10/08,2026-10,PUT,68250,4460,,,28.75,20.27,4540,5,4215,2,,,,,
2026/09/17 18:51,2026-09-17T19:06:07+09:00,2026/09/18,2026/10/08,2026-10,CALL,68125,264,,,23.96,23.1,320,9,287,2,,,,,
2026/09/17 18:51,2026-09-17T19:06:07+09:00,2026/09/18,2026/10/08,2026-10,PUT,68125,4365,,,28.56,20.78,4430,6,4120,3,,,,,
2026/09/17 18:51,2026-09-17T19:06:07+09:00,2026/09/18,2026/10/08,2026-10,CALL,68000,279,,15,23.48,23.22,320,5,310,1,23.18,46,16.49,325,09/17 18:13
2026/09/17 18:51,2026-09-17T19:06:07+09:00,2026/09/18,2026/10/08,2026-10,PUT,68000,4245,,,31.11,20.48,4450,7,4000,7,,,,,
2026/09/17 18:51,2026-09-17T19:06:07+09:00,2026/09/18,2026/10/08,2026-10,CALL,67875,300,,,23.49,23.12,340,4,325,4,,,,,
2026/09/17 18:51,2026-09-17T19:06:07+09:00,2026/09/18,2026/10/08,2026-10,PUT,67875,4135,,,28.26,20.46,4215,6,3890,3,,,,,
2026/09/17 18:51,2026-09-17T19:06:07+09:00,2026/09/18,2026/10/08,2026-10,CALL,67750,310,,,23.47,23.23,360,5,350,1,,,,,
2026/09/17 18:51,2026-09-17T19:06:07+09:00,2026/09/18,2026/10/08,2026-10,PUT,67750,4030,,,28.04,20.55,4105,5,3785,2,,,,,
2026/09/17 18:51,2026-09-17T19:06:07+09:00,2026/09/18,2026/10/08,2026-10,CALL,67625,340,,,23.55,23.2,385,4,370,4,,,,,
2026/09/17 18:51,2026-09-17T19:06:07+09:00,2026/09/18,2026/10/08,2026-10,PUT,67625,3940,,,27.91,21,4000,6,3695,3,,,,,
2026/09/17 18:51,2026-09-17T19:06:07+09:00,2026/09/18,2026/10/08,2026-10,CALL,67500,360,,6,23.49,23.27,405,5,395,23,23.36,65,18.84,410,09/17 18:44
2026/09/17 18:51,2026-09-17T19:06:07+09:00,2026/09/18,2026/10/08,2026-10,PUT,67500,3840,,,27.76,21.14,3895,9,3595,3,,,,,
2026/09/17 18:51,2026-09-17T19:06:07+09:00,2026/09/18,2026/10/08,2026-10,CALL,67375,385,,,23.63,23.19,435,3,415,3,,,,,
2026/09/17 18:51,2026-09-17T19:06:07+09:00,2026/09/18,2026/10/08,2026-10,PUT,67375,3720,,,27.59,20.76,3790,6,3475,3,,,,,
2026/09/17 18:51,2026-09-17T19:06:07+09:00,2026/09/18,2026/10/08,2026-10,CALL,67250,405,,,23.63,23.31,460,12,445,13,,,,,
2026/09/17 18:51,2026-09-17T19:06:07+09:00,2026/09/18,2026/10/08,2026-10,PUT,67250,3620,,,27.42,20.85,3685,5,3375,2,,,,,
2026/09/17 18:51,2026-09-17T19:06:07+09:00,2026/09/18,2026/10/08,2026-10,CALL,67125,435,,1,23.71,23.29,490,3,470,3,23.27,100,25.97,485,09/17 18:09
2026/09/17 18:51,2026-09-17T19:06:07+09:00,2026/09/18,2026/10/08,2026-10,PUT,67125,3525,,,27.8,21.01,3610,3,3280,3,,,,,
2026/09/17 18:51,2026-09-17T19:06:07+09:00,2026/09/18,2026/10/08,2026-10,CALL,67000,450,,10,23.67,23.36,515,5,500,5,23.47,75,16.67,525,09/17 18:15
2026/09/17 18:51,2026-09-17T19:06:07+09:00,2026/09/18,2026/10/08,2026-10,PUT,67000,3425,,,27.49,21.25,3500,7,3190,7,,,,,
2026/09/17 18:51,2026-09-17T19:06:07+09:00,2026/09/18,2026/10/08,2026-10,CALL,66875,490,,,23.79,23.4,550,3,530,3,,,,,
2026/09/17 18:51,2026-09-17T19:06:07+09:00,2026/09/18,2026/10/08,2026-10,PUT,66875,3330,,,27.45,21.13,3405,3,3085,3,,,,,
2026/09/17 18:51,2026-09-17T19:06:07+09:00,2026/09/18,2026/10/08,2026-10,CALL,66750,505,,,23.7,23.41,575,5,560,5,,,,,
2026/09/17 18:51,2026-09-17T19:06:07+09:00,2026/09/18,2026/10/08,2026-10,PUT,66750,3255,,,28.12,21.61,3350,2,3010,2,,,,,
2026/09/17 18:51,2026-09-17T19:06:07+09:00,2026/09/18,2026/10/08,2026-10,CALL,66625,550,,,23.87,23.3,615,3,585,3,,,,,
2026/09/17 18:51,2026-09-17T19:06:07+09:00,2026/09/18,2026/10/08,2026-10,PUT,66625,3140,,,27.67,21.33,3235,3,2900,3,,,,,
2026/09/17 18:51,2026-09-17T19:06:07+09:00,2026/09/18,2026/10/08,2026-10,CALL,66500,565,,1,23.73,23.54,640,6,630,1,23.66,100,17.7,665,09/17 18:13
2026/09/17 18:51,2026-09-17T19:06:07+09:00,2026/09/18,2026/10/08,2026-10,PUT,66500,3045,,,26.31,21.24,3070,7,2800,7,,,,,
2026/09/17 18:51,2026-09-17T19:06:07+09:00,2026/09/18,2026/10/08,2026-10,CALL,66375,615,,,23.94,23.48,685,3,660,3,,,,,
2026/09/17 18:51,2026-09-17T19:06:07+09:00,2026/09/18,2026/10/08,2026-10,PUT,66375,2955,,,27.71,21.41,3060,3,2715,3,,,,,
2026/09/17 18:51,2026-09-17T19:06:07+09:00,2026/09/18,2026/10/08,2026-10,CALL,66250,635,,,23.93,23.57,720,12,700,5,,,,,
2026/09/17 18:51,2026-09-17T19:06:07+09:00,2026/09/18,2026/10/08,2026-10,PUT,66250,2865,,,27.74,21.46,2975,2,2625,2,,,,,
2026/09/17 18:51,2026-09-17T19:06:07+09:00,2026/09/18,2026/10/08,2026-10,CALL,66125,685,,,24.08,23.55,765,2,735,3,,,,,
2026/09/17 18:51,2026-09-17T19:06:07+09:00,2026/09/18,2026/10/08,2026-10,PUT,66125,2780,,,27.84,21.56,2895,6,2540,3,,,,,
2026/09/17 18:51,2026-09-17T19:06:07+09:00,2026/09/18,2026/10/08,2026-10,CALL,66000,730,,8,24.03,23.68,800,6,780,18,23.62,80,10.96,810,09/17 18:13
2026/09/17 18:51,2026-09-17T19:06:07+09:00,2026/09/18,2026/10/08,2026-10,PUT,66000,2690,,,24.47,23.24,2615,3,2545,12,,,,,
2026/09/17 18:51,2026-09-17T19:06:07+09:00,2026/09/18,2026/10/08,2026-10,CALL,65875,765,,1,24.04,23.52,840,3,810,3,23.73,-150,-17.34,715,09/17 17:19
2026/09/17 18:51,2026-09-17T19:06:07+09:00,2026/09/18,2026/10/08,2026-10,PUT,65875,2615,,,26.1,21.77,2625,3,2375,3,,,,,
2026/09/17 18:51,2026-09-17T19:06:07+09:00,2026/09/18,2026/10/08,2026-10,CALL,65750,780,,,24.11,23.85,885,4,870,1,,,,,
2026/09/17 18:51,2026-09-17T19:06:07+09:00,2026/09/18,2026/10/08,2026-10,PUT,65750,2530,,,25.89,22.31,2530,2,2320,2,,,,,
2026/09/17 18:51,2026-09-17T19:06:07+09:00,2026/09/18,2026/10/08,2026-10,CALL,65625,850,,,24.49,23.65,950,2,900,2,,,,,
2026/09/17 18:51,2026-09-17T19:06:07+09:00,2026/09/18,2026/10/08,2026-10,PUT,65625,2445,,,24.91,23.05,2390,1,2280,7,,,,,
2026/09/17 18:51,2026-09-17T19:06:07+09:00,2026/09/18,2026/10/08,2026-10,CALL,65500,875,,1,24.17,23.92,975,4,960,3,23.99,95,10.86,970,09/17 18:18
2026/09/17 18:51,2026-09-17T19:06:07+09:00,2026/09/18,2026/10/08,2026-10,PUT,65500,2390,,,25,23.25,2315,6,2210,7,,,,,
2026/09/17 18:51,2026-09-17T19:06:07+09:00,2026/09/18,2026/10/08,2026-10,CALL,65375,940,,,24.58,23.91,1045,3,1005,3,,,,,
2026/09/17 18:51,2026-09-17T19:06:07+09:00,2026/09/18,2026/10/08,2026-10,PUT,65375,2290,,,25.07,23.34,2240,5,2135,7,,,,,
2026/09/17 18:51,2026-09-17T19:06:07+09:00,2026/09/18,2026/10/08,2026-10,CALL,65250,990,,,24.29,24.05,1075,3,1060,3,,,,,
2026/09/17 18:51,2026-09-17T19:06:07+09:00,2026/09/18,2026/10/08,2026-10,PUT,65250,2210,,,24.7,23.39,2140,1,2060,6,,,,,
2026/09/17 18:51,2026-09-17T19:06:07+09:00,2026/09/18,2026/10/08,2026-10,CALL,65125,1040,,,24.72,23.99,1150,3,1105,3,,,,,
2026/09/17 18:51,2026-09-17T19:06:07+09:00,2026/09/18,2026/10/08,2026-10,PUT,65125,2140,,,25.05,23.42,2085,1,1985,7,,,,,
2026/09/17 18:51,2026-09-17T19:06:07+09:00,2026/09/18,2026/10/08,2026-10,CALL,65000,1100,,53,24.48,24.23,1185,6,1170,1,24.42,90,8.18,1190,09/17 18:46
2026/09/17 18:51,2026-09-17T19:06:07+09:00,2026/09/18,2026/10/08,2026-10,PUT,65000,2060,,1,24.96,23.83,2005,15,1935,12,24.15,-365,-15.11,2050,09/17 17:01
2026/09/17 18:51,2026-09-17T19:06:07+09:00,2026/09/18,2026/10/08,2026-10,CALL,64875,1150,,,24.85,24.13,1260,3,1215,3,,,,,
2026/09/17 18:51,2026-09-17T19:06:07+09:00,2026/09/18,2026/10/08,2026-10,PUT,64875,2000,,,24.85,24.21,1925,9,1885,5,,,,,
2026/09/17 18:51,2026-09-17T19:06:07+09:00,2026/09/18,2026/10/08,2026-10,CALL,64750,1200,,,24.64,24.32,1300,3,1280,3,,,,,
2026/09/17 18:51,2026-09-17T19:06:07+09:00,2026/09/18,2026/10/08,2026-10,PUT,64750,1925,,,24.88,24.32,1855,10,1820,5,,,,,
2026/09/17 18:51,2026-09-17T19:06:07+09:00,2026/09/18,2026/10/08,2026-10,CALL,64625,1255,,,24.96,24.16,1375,5,1325,9,,,,,
2026/09/17 18:51,2026-09-17T19:06:07+09:00,2026/09/18,2026/10/08,2026-10,PUT,64625,1860,,,24.88,24.24,1785,3,1745,3,,,,,
2026/09/17 18:51,2026-09-17T19:06:07+09:00,2026/09/18,2026/10/08,2026-10,CALL,64500,1315,,,24.85,24.53,1425,5,1405,1,,,,,
2026/09/17 18:51,2026-09-17T19:06:07+09:00,2026/09/18,2026/10/08,2026-10,PUT,64500,1815,,,24.85,24.45,1715,2,1690,4,,,,,
2026/09/17 18:51,2026-09-17T19:06:07+09:00,2026/09/18,2026/10/08,2026-10,CALL,64375,1375,,,25.44,24.09,1520,7,1435,1,,,,,
2026/09/17 18:51,2026-09-17T19:06:07+09:00,2026/09/18,2026/10/08,2026-10,PUT,64375,1755,,,25.2,24.49,1670,3,1625,3,,,,,
2026/09/17 18:51,2026-09-17T19:06:07+09:00,2026/09/18,2026/10/08,2026-10,CALL,64250,1415,,,24.97,24.65,1550,1,1530,1,,,,,
2026/09/17 18:51,2026-09-17T19:06:07+09:00,2026/09/18,2026/10/08,2026-10,PUT,64250,1690,,,25.05,24.81,1595,1,1580,3,,,,,
2026/09/17 18:51,2026-09-17T19:06:07+09:00,2026/09/18,2026/10/08,2026-10,CALL,64125,1520,,,25.03,23.99,1615,1,1550,7,,,,,
2026/09/17 18:51,2026-09-17T19:06:07+09:00,2026/09/18,2026/10/08,2026-10,PUT,64125,1620,,,25.51,24.63,1560,3,1505,3,,,,,
2026/09/17 18:51,2026-09-17T19:06:07+09:00,2026/09/18,2026/10/08,2026-10,CALL,64000,1530,,1,25.46,24.5,1705,3,1645,9,24.95,135,8.82,1665,09/17 18:36
2026/09/17 18:51,2026-09-17T19:06:07+09:00,2026/09/18,2026/10/08,2026-10,PUT,64000,1580,,1,25.22,24.9,1480,1,1460,6,24.76,-275,-16.37,1405,09/17 18:13
2026/09/17 18:51,2026-09-17T19:06:07+09:00,2026/09/18,2026/10/08,2026-10,CALL,63875,1675,,,25.79,24.59,1790,3,1715,1,,,,,
2026/09/17 18:51,2026-09-17T19:06:07+09:00,2026/09/18,2026/10/08,2026-10,PUT,63875,1505,,,25.47,24.75,1435,3,1390,3,,,,,
2026/09/17 18:51,2026-09-17T19:06:07+09:00,2026/09/18,2026/10/08,2026-10,CALL,63750,1715,,,26.34,24.65,1890,5,1785,4,,,,,
2026/09/17 18:51,2026-09-17T19:06:07+09:00,2026/09/18,2026/10/08,2026-10,PUT,63750,1465,,3,25.46,25.14,1375,9,1355,3,25.21,-230,-14.51,1355,09/17 18:34
2026/09/17 18:51,2026-09-17T19:06:07+09:00,2026/09/18,2026/10/08,2026-10,CALL,63625,1790,,,26.87,23.72,1990,6,1795,3,,,,,
2026/09/17 18:51,2026-09-17T19:06:07+09:00,2026/09/18,2026/10/08,2026-10,PUT,63625,1405,,,25.82,24.93,1340,2,1285,2,,,,,
2026/09/17 18:51,2026-09-17T19:06:07+09:00,2026/09/18,2026/10/08,2026-10,CALL,63500,1875,,,26.41,24.38,2030,5,1905,5,,,,,
2026/09/17 18:51,2026-09-17T19:06:07+09:00,2026/09/18,2026/10/08,2026-10,PUT,63500,1365,,,25.6,25.35,1270,15,1255,3,,,,,
2026/09/17 18:51,2026-09-17T19:06:07+09:00,2026/09/18,2026/10/08,2026-10,CALL,63375,1945,,,27.06,22.63,2140,3,1870,3,,,,,
2026/09/17 18:51,2026-09-17T19:06:07+09:00,2026/09/18,2026/10/08,2026-10,PUT,63375,1295,,,25.83,25.18,1230,3,1190,3,,,,,
2026/09/17 18:51,2026-09-17T19:06:07+09:00,2026/09/18,2026/10/08,2026-10,CALL,63250,2025,,,28.02,24.98,2270,4,2085,1,,,,,
2026/09/17 18:51,2026-09-17T19:06:07+09:00,2026/09/18,2026/10/08,2026-10,PUT,63250,1260,,,25.8,25.55,1175,10,1160,3,,,,,
2026/09/17 18:51,2026-09-17T19:06:07+09:00,2026/09/18,2026/10/08,2026-10,CALL,63125,2110,,,28.23,22.23,2355,3,1995,6,,,,,
2026/09/17 18:51,2026-09-17T19:06:07+09:00,2026/09/18,2026/10/08,2026-10,PUT,63125,1205,,,25.99,25.41,1135,3,1100,3,,,,,
2026/09/17 18:51,2026-09-17T19:06:07+09:00,2026/09/18,2026/10/08,2026-10,CALL,63000,2185,,,27.42,25.32,2380,20,2255,12,,,,,
2026/09/17 18:51,2026-09-17T19:06:07+09:00,2026/09/18,2026/10/08,2026-10,PUT,63000,1175,,,26,25.74,1085,19,1070,5,,,,,
2026/09/17 18:51,2026-09-17T19:06:07+09:00,2026/09/18,2026/10/08,2026-10,CALL,62875,2270,,,28.42,22.63,2515,3,2175,3,,,,,
2026/09/17 18:51,2026-09-17T19:06:07+09:00,2026/09/18,2026/10/08,2026-10,PUT,62875,1120,,,26.23,25.8,1050,3,1025,3,,,,,
2026/09/17 18:51,2026-09-17T19:06:07+09:00,2026/09/18,2026/10/08,2026-10,CALL,62750,2350,,,28.49,22.54,2595,2,2250,2,,,,,
2026/09/17 18:51,2026-09-17T19:06:07+09:00,2026/09/18,2026/10/08,2026-10,PUT,62750,1080,,1,26.27,26.01,1005,6,990,5,25.64,-290,-23.29,955,09/17 18:16
2026/09/17 18:51,2026-09-17T19:06:07+09:00,2026/09/18,2026/10/08,2026-10,CALL,62625,2435,,,28.61,22.5,2680,3,2330,3,,,,,
2026/09/17 18:51,2026-09-17T19:06:07+09:00,2026/09/18,2026/10/08,2026-10,PUT,62625,1015,,,26.45,26.02,970,3,945,3,,,,,
2026/09/17 18:51,2026-09-17T19:06:07+09:00,2026/09/18,2026/10/08,2026-10,CALL,62500,2505,,,28.37,22.34,2745,3,2405,3,,,,,
2026/09/17 18:51,2026-09-17T19:06:07+09:00,2026/09/18,2026/10/08,2026-10,PUT,62500,995,,,26.45,26.18,925,19,910,5,,,,,
2026/09/17 18:51,2026-09-17T19:06:07+09:00,2026/09/18,2026/10/08,2026-10,CALL,62375,2605,,,28.72,23.43,2845,3,2550,6,,,,,
2026/09/17 18:51,2026-09-17T19:06:07+09:00,2026/09/18,2026/10/08,2026-10,PUT,62375,955,,,26.68,26.23,895,3,870,3,,,,,
2026/09/17 18:51,2026-09-17T19:06:07+09:00,2026/09/18,2026/10/08,2026-10,CALL,62250,2690,,,28.78,22.38,2930,2,2580,2,,,,,
2026/09/17 18:51,2026-09-17T19:06:07+09:00,2026/09/18,2026/10/08,2026-10,PUT,62250,950,,,26.72,26.44,855,6,840,5,,,,,
2026/09/17 18:51,2026-09-17T19:06:07+09:00,2026/09/18,2026/10/08,2026-10,CALL,62125,2780,,,28.91,23.17,3020,3,2710,6,,,,,
2026/09/17 18:51,2026-09-17T19:06:07+09:00,2026/09/18,2026/10/08,2026-10,PUT,62125,885,,,26.91,26.54,825,3,805,3,,,,,
2026/09/17 18:51,2026-09-17T19:06:07+09:00,2026/09/18,2026/10/08,2026-10,CALL,62000,2870,,,28.84,23.37,3100,7,2810,7,,,,,
2026/09/17 18:51,2026-09-17T19:06:07+09:00,2026/09/18,2026/10/08,2026-10,PUT,62000,850,,109,26.9,26.71,785,3,775,5,26.59,-205,-20.81,780,09/17 18:22
2026/09/17 18:51,2026-09-17T19:06:07+09:00,2026/09/18,2026/10/08,2026-10,CALL,61875,2965,,,29.2,23.06,3205,3,2885,6,,,,,
2026/09/17 18:51,2026-09-17T19:06:07+09:00,2026/09/18,2026/10/08,2026-10,PUT,61875,810,,,27.14,26.76,760,3,740,3,,,,,
2026/09/17 18:51,2026-09-17T19:06:07+09:00,2026/09/18,2026/10/08,2026-10,CALL,61750,3055,,,29.27,23.11,3295,2,2980,5,,,,,
2026/09/17 18:51,2026-09-17T19:06:07+09:00,2026/09/18,2026/10/08,2026-10,PUT,61750,785,,,27.18,26.89,725,6,710,5,,,,,
2026/09/17 18:51,2026-09-17T19:06:07+09:00,2026/09/18,2026/10/08,2026-10,CALL,61625,3155,,,29.51,23.03,3395,3,3070,6,,,,,
2026/09/17 18:51,2026-09-17T19:06:07+09:00,2026/09/18,2026/10/08,2026-10,PUT,61625,740,,,27.39,26.9,700,3,675,3,,,,,
2026/09/17 18:51,2026-09-17T19:06:07+09:00,2026/09/18,2026/10/08,2026-10,CALL,61500,3245,,,29.64,22.91,3490,3,3160,9,,,,,
2026/09/17 18:51,2026-09-17T19:06:07+09:00,2026/09/18,2026/10/08,2026-10,PUT,61500,720,,1,27.48,27.18,670,17,655,5,27.34,20,2.78,740,09/17 17:26
2026/09/17 18:51,2026-09-17T19:06:07+09:00,2026/09/18,2026/10/08,2026-10,CALL,61375,3340,,,29.75,22.98,3585,3,3260,6,,,,,
2026/09/17 18:51,2026-09-17T19:06:07+09:00,2026/09/18,2026/10/08,2026-10,PUT,61375,690,,,27.65,27.24,645,3,625,2,,,,,
2026/09/17 18:51,2026-09-17T19:06:07+09:00,2026/09/18,2026/10/08,2026-10,CALL,61250,3440,,,29.94,22.79,3685,2,3350,5,,,,,
2026/09/17 18:51,2026-09-17T19:06:07+09:00,2026/09/18,2026/10/08,2026-10,PUT,61250,665,,,27.7,27.49,615,9,605,5,,,,,
2026/09/17 18:51,2026-09-17T19:06:07+09:00,2026/09/18,2026/10/08,2026-10,CALL,61125,3535,,,30.01,22.8,3780,3,3450,6,,,,,
2026/09/17 18:51,2026-09-17T19:06:07+09:00,2026/09/18,2026/10/08,2026-10,PUT,61125,640,,,27.83,27.52,590,2,575,4,,,,,
2026/09/17 18:51,2026-09-17T19:06:07+09:00,2026/09/18,2026/10/08,2026-10,CALL,61000,3635,,,29.96,23.02,3870,7,3560,7,,,,,
2026/09/17 18:51,2026-09-17T19:06:07+09:00,2026/09/18,2026/10/08,2026-10,PUT,61000,615,,,27.95,27.84,565,1,560,4,,,,,
2026/09/17 18:51,2026-09-17T19:06:07+09:00,2026/09/18,2026/10/08,2026-10,CALL,60875,3735,,,30.3,22.71,3980,3,3650,6,,,,,
2026/09/17 18:51,2026-09-17T19:06:07+09:00,2026/09/18,2026/10/08,2026-10,PUT,60875,575,,,28.15,27.82,545,4,530,2,,,,,
2026/09/17 18:51,2026-09-17T19:06:07+09:00,2026/09/18,2026/10/08,2026-10,CALL,60750,3840,,,30.53,22.62,4085,2,3750,5,,,,,
2026/09/17 18:51,2026-09-17T19:06:07+09:00,2026/09/18,2026/10/08,2026-10,PUT,60750,565,,,28.22,27.99,520,1,510,5,,,,,
2026/09/17 18:51,2026-09-17T19:06:07+09:00,2026/09/18,2026/10/08,2026-10,CALL,60625,3940,,,30.63,22.62,4185,3,3855,6,,,,,
2026/09/17 18:51,2026-09-17T19:06:07+09:00,2026/09/18,2026/10/08,2026-10,PUT,60625,565,,,28.39,28.04,500,2,485,4,,,,,
2026/09/17 18:51,2026-09-17T19:06:07+09:00,2026/09/18,2026/10/08,2026-10,CALL,60500,4045,,,30.83,22.6,4290,3,3960,9,,,,,
2026/09/17 18:51,2026-09-17T19:06:07+09:00,2026/09/18,2026/10/08,2026-10,PUT,60500,525,,,28.54,28.3,480,19,470,5,,,,,
2026/09/17 18:51,2026-09-17T19:06:07+09:00,2026/09/18,2026/10/08,2026-10,CALL,60375,4150,,,31.01,22.38,4395,3,4060,6,,,,,
2026/09/17 18:51,2026-09-17T19:06:07+09:00,2026/09/18,2026/10/08,2026-10,PUT,60375,500,,,28.67,28.42,460,2,450,2,,,,,
2026/09/17 18:51,2026-09-17T19:06:07+09:00,2026/09/18,2026/10/08,2026-10,CALL,60250,4255,,,31.17,22.43,4500,2,4170,5,,,,,
2026/09/17 18:51,2026-09-17T19:06:07+09:00,2026/09/18,2026/10/08,2026-10,PUT,60250,480,,,28.9,28.53,445,15,430,5,,,,,
2026/09/17 18:51,2026-09-17T19:06:07+09:00,2026/09/18,2026/10/08,2026-10,CALL,60125,4360,,,31.32,22.29,4605,3,4275,6,,,,,
2026/09/17 18:51,2026-09-17T19:06:07+09:00,2026/09/18,2026/10/08,2026-10,PUT,60125,465,,,29,28.62,425,2,410,4,,,,,
2026/09/17 18:51,2026-09-17T19:06:07+09:00,2026/09/18,2026/10/08,2026-10,CALL,60000,4455,,,31.2,15.87,4700,7,4250,7,,,,,
2026/09/17 18:51,2026-09-17T19:06:07+09:00,2026/09/18,2026/10/08,2026-10,PUT,60000,445,,24,29.2,28.94,410,32,400,5,28.93,-40,-8.99,405,09/17 18:25
2026/09/17 18:51,2026-09-17T19:06:07+09:00,2026/09/18,2026/10/08,2026-10,CALL,59875,4575,,,31.68,14.43,4820,3,4355,6,,,,,
2026/09/17 18:51,2026-09-17T19:06:07+09:00,2026/09/18,2026/10/08,2026-10,PUT,59875,420,,,29.39,28.99,395,4,380,4,,,,,
2026/09/17 18:51,2026-09-17T19:06:07+09:00,2026/09/18,2026/10/08,2026-10,CALL,59750,4685,,,31.91,21.93,4930,2,4600,5,,,,,
2026/09/17 18:51,2026-09-17T19:06:07+09:00,2026/09/18,2026/10/08,2026-10,PUT,59750,410,,,29.43,29.16,375,11,365,5,,,,,
2026/09/17 18:51,2026-09-17T19:06:07+09:00,2026/09/18,2026/10/08,2026-10,CALL,59625,4790,,,31.99,,5035,3,4570,6,,,,,
2026/09/17 18:51,2026-09-17T19:06:07+09:00,2026/09/18,2026/10/08,2026-10,PUT,59625,395,,,29.59,29.31,360,3,350,5,,,,,
2026/09/17 18:51,2026-09-17T19:06:07+09:00,2026/09/18,2026/10/08,2026-10,CALL,59500,4895,,,32.06,,5140,3,4675,9,,,,,
2026/09/17 18:51,2026-09-17T19:06:07+09:00,2026/09/18,2026/10/08,2026-10,PUT,59500,380,,,29.87,29.58,350,35,340,5,,,,,
2026/09/17 18:51,2026-09-17T19:06:07+09:00,2026/09/18,2026/10/08,2026-10,CALL,59375,5005,,,32.24,,5250,3,4795,6,,,,,
2026/09/17 18:51,2026-09-17T19:06:07+09:00,2026/09/18,2026/10/08,2026-10,PUT,59375,355,,,30,29.56,335,5,320,5,,,,,
2026/09/17 18:51,2026-09-17T19:06:07+09:00,2026/09/18,2026/10/08,2026-10,CALL,59250,5110,,,32.26,,5355,2,4905,5,,,,,
2026/09/17 18:51,2026-09-17T19:06:07+09:00,2026/09/18,2026/10/08,2026-10,PUT,59250,350,,,30.1,29.8,320,5,310,5,,,,,
2026/09/17 18:51,2026-09-17T19:06:07+09:00,2026/09/18,2026/10/08,2026-10,CALL,59125,5220,,,32.41,,5465,3,5020,6,,,,,
2026/09/17 18:51,2026-09-17T19:06:07+09:00,2026/09/18,2026/10/08,2026-10,PUT,59125,335,,,30.35,29.92,310,5,296,2,,,,,
2026/09/17 18:51,2026-09-17T19:06:07+09:00,2026/09/18,2026/10/08,2026-10,CALL,59000,5330,,,32.4,,5570,7,5135,7,,,,,
2026/09/17 18:51,2026-09-17T19:06:07+09:00,2026/09/18,2026/10/08,2026-10,PUT,59000,325,,19,30.42,30.23,295,10,289,1,30.3,-73,-20.28,287,09/17 18:43
2026/09/17 18:51,2026-09-17T19:06:07+09:00,2026/09/18,2026/10/08,2026-10,CALL,58875,5440,,,32.81,,5690,4,5250,3,,,,,
2026/09/17 18:51,2026-09-17T19:06:07+09:00,2026/09/18,2026/10/08,2026-10,PUT,58875,310,,,30.67,30.32,286,3,275,10,,,,,
2026/09/17 18:51,2026-09-17T19:06:07+09:00,2026/09/18,2026/10/08,2026-10,CALL,58750,5555,,,33.06,,5805,4,5365,3,,,,,
2026/09/17 18:51,2026-09-17T19:06:07+09:00,2026/09/18,2026/10/08,2026-10,PUT,58750,300,,,30.78,30.58,273,1,267,1,,,,,
2026/09/17 18:51,2026-09-17T19:06:07+09:00,2026/09/18,2026/10/08,2026-10,CALL,58625,5690,,,33.92,,5940,4,5480,3,,,,,
2026/09/17 18:51,2026-09-17T19:06:07+09:00,2026/09/18,2026/10/08,2026-10,PUT,58625,279,,,31.07,30.7,266,10,255,10,,,,,
2026/09/17 18:51,2026-09-17T19:06:07+09:00,2026/09/18,2026/10/08,2026-10,CALL,58500,5805,,,34.16,,6055,8,5590,6,,,,,
2026/09/17 18:51,2026-09-17T19:06:07+09:00,2026/09/18,2026/10/08,2026-10,PUT,58500,279,,5,31.18,30.97,254,1,248,1,30.86,-73,-22.81,247,09/17 18:21
2026/09/17 18:51,2026-09-17T19:06:07+09:00,2026/09/18,2026/10/08,2026-10,CALL,58375,5920,,,34.4,,6170,4,5715,3,,,,,
2026/09/17 18:51,2026-09-17T19:06:07+09:00,2026/09/18,2026/10/08,2026-10,PUT,58375,258,,,31.35,31.09,244,3,237,3,,,,,
2026/09/17 18:51,2026-09-17T19:06:07+09:00,2026/09/18,2026/10/08,2026-10,CALL,58250,6035,,,34.63,,6285,4,5830,3,,,,,
2026/09/17 18:51,2026-09-17T19:06:07+09:00,2026/09/18,2026/10/08,2026-10,PUT,58250,263,,,31.53,31.35,235,1,230,1,,,,,
2026/09/17 18:51,2026-09-17T19:06:07+09:00,2026/09/18,2026/10/08,2026-10,CALL,58000,6270,,,35.22,,6520,12,6055,9,,,,,
2026/09/17 18:51,2026-09-17T19:06:07+09:00,2026/09/18,2026/10/08,2026-10,PUT,58000,254,,9,31.95,31.75,219,1,214,1,31.87,-42,-16.54,212,09/17 18:44
2026/09/17 18:51,2026-09-17T19:06:07+09:00,2026/09/18,2026/10/08,2026-10,CALL,57750,6500,,,35.6,,6750,3,6305,3,,,,,
2026/09/17 18:51,2026-09-17T19:06:07+09:00,2026/09/18,2026/10/08,2026-10,PUT,57750,228,,,32.31,32.15,203,1,199,1,,,,,
2026/09/17 18:51,2026-09-17T19:06:07+09:00,2026/09/18,2026/10/08,2026-10,CALL,57500,6740,,,36.3,,6990,8,6535,6,,,,,
2026/09/17 18:51,2026-09-17T19:06:07+09:00,2026/09/18,2026/10/08,2026-10,PUT,57500,212,,,32.72,32.54,189,1,185,1,,,,,
2026/09/17 18:51,2026-09-17T19:06:07+09:00,2026/09/18,2026/10/08,2026-10,CALL,57250,6975,,,36.79,,7225,4,6780,3,,,,,
2026/09/17 18:51,2026-09-17T19:06:07+09:00,2026/09/18,2026/10/08,2026-10,PUT,57250,194,,,33.07,32.89,175,1,171,1,,,,,
2026/09/17 18:51,2026-09-17T19:06:07+09:00,2026/09/18,2026/10/08,2026-10,CALL,57000,7210,,,37.25,,7460,12,7020,6,,,,,
2026/09/17 18:51,2026-09-17T19:06:07+09:00,2026/09/18,2026/10/08,2026-10,PUT,57000,180,,4,33.52,33.33,164,13,160,1,33.37,-18,-10,162,09/17 18:36
2026/09/17 18:51,2026-09-17T19:06:07+09:00,2026/09/18,2026/10/08,2026-10,CALL,56750,7450,,,37.87,,7700,4,7260,3,,,,,
2026/09/17 18:51,2026-09-17T19:06:07+09:00,2026/09/18,2026/10/08,2026-10,PUT,56750,169,,,33.98,33.73,154,1,149,1,,,,,
2026/09/17 18:51,2026-09-17T19:06:07+09:00,2026/09/18,2026/10/08,2026-10,CALL,56500,7690,,,38.47,,7940,8,7495,6,,,,,
2026/09/17 18:51,2026-09-17T19:06:07+09:00,2026/09/18,2026/10/08,2026-10,PUT,56500,158,,,34.35,34.19,143,1,140,1,,,,,
2026/09/17 18:51,2026-09-17T19:06:07+09:00,2026/09/18,2026/10/08,2026-10,CALL,56250,7930,,,39.05,,8180,4,7745,3,,,,,
2026/09/17 18:51,2026-09-17T19:06:07+09:00,2026/09/18,2026/10/08,2026-10,PUT,56250,148,,,34.91,34.68,136,1,132,1,,,,,
2026/09/17 18:51,2026-09-17T19:06:07+09:00,2026/09/18,2026/10/08,2026-10,CALL,56000,8175,,,39.83,,8425,12,7975,9,,,,,
2026/09/17 18:51,2026-09-17T19:06:07+09:00,2026/09/18,2026/10/08,2026-10,PUT,56000,149,,6,35.26,35.14,126,1,124,1,35.17,-14,-9.4,135,09/17 17:39
2026/09/17 18:51,2026-09-17T19:06:07+09:00,2026/09/18,2026/10/08,2026-10,CALL,55750,8415,,,40.37,,8665,4,8230,3,,,,,
2026/09/17 18:51,2026-09-17T19:06:07+09:00,2026/09/18,2026/10/08,2026-10,PUT,55750,131,,,35.81,35.62,120,1,117,1,,,,,
2026/09/17 18:51,2026-09-17T19:06:07+09:00,2026/09/18,2026/10/08,2026-10,CALL,55500,8650,,,40.63,,8900,8,8465,6,,,,,
2026/09/17 18:51,2026-09-17T19:06:07+09:00,2026/09/18,2026/10/08,2026-10,PUT,55500,123,,1,36.21,36.01,112,1,109,1,36.21,-20,-15.15,112,09/17 18:33
2026/09/17 18:51,2026-09-17T19:06:07+09:00,2026/09/18,2026/10/08,2026-10,CALL,55250,8900,,,41.61,,9150,4,8715,3,,,,,
2026/09/17 18:51,2026-09-17T19:06:07+09:00,2026/09/18,2026/10/08,2026-10,PUT,55250,122,,,36.71,36.58,106,1,104,1,,,,,
2026/09/17 18:51,2026-09-17T19:06:07+09:00,2026/09/18,2026/10/08,2026-10,CALL,55000,9145,,,42.34,,9395,12,8945,9,,,,,
2026/09/17 18:51,2026-09-17T19:06:07+09:00,2026/09/18,2026/10/08,2026-10,PUT,55000,111,,28,37.19,37.04,100,1,98,2,37.22,-12,-10.81,99,09/17 18:43
2026/09/17 18:51,2026-09-17T19:06:07+09:00,2026/09/18,2026/10/08,2026-10,CALL,54750,9390,,,43.06,,9640,4,9210,2,,,,,
2026/09/17 18:51,2026-09-17T19:06:07+09:00,2026/09/18,2026/10/08,2026-10,PUT,54750,104,,,37.79,37.56,96,1,93,1,,,,,
2026/09/17 18:51,2026-09-17T19:06:07+09:00,2026/09/18,2026/10/08,2026-10,CALL,54500,9635,,,43.76,,9885,8,9440,6,,,,,
2026/09/17 18:51,2026-09-17T19:06:07+09:00,2026/09/18,2026/10/08,2026-10,PUT,54500,99,,4,38.29,38.05,91,1,88,1,38.25,-9,-9.09,90,09/17 18:05
2026/09/17 18:51,2026-09-17T19:06:07+09:00,2026/09/18,2026/10/08,2026-10,CALL,54250,9880,,,44.45,,10130,4,9695,3,,,,,
2026/09/17 18:51,2026-09-17T19:06:07+09:00,2026/09/18,2026/10/08,2026-10,PUT,54250,94,,1,38.77,38.51,86,1,83,1,38.46,-10,-10,90,09/17 17:05
2026/09/17 18:51,2026-09-17T19:06:07+09:00,2026/09/18,2026/10/08,2026-10,CALL,54000,10125,,,45.13,,10375,12,9920,9,,,,,
2026/09/17 18:51,2026-09-17T19:06:07+09:00,2026/09/18,2026/10/08,2026-10,PUT,54000,92,,13,39.31,39.04,82,13,79,1,39.15,-11,-11.96,81,09/17 18:32
2026/09/17 18:51,2026-09-17T19:06:07+09:00,2026/09/18,2026/10/08,2026-10,CALL,53750,10370,,,45.8,,10620,4,10180,3,,,,,
2026/09/17 18:51,2026-09-17T19:06:07+09:00,2026/09/18,2026/10/08,2026-10,PUT,53750,85,,6,39.82,39.55,78,6,75,1,39.58,-15,-16.48,76,09/17 18:21
2026/09/17 18:51,2026-09-17T19:06:07+09:00,2026/09/18,2026/10/08,2026-10,CALL,53500,10615,,,46.46,,10865,8,10490,6,,,,,
2026/09/17 18:51,2026-09-17T19:06:07+09:00,2026/09/18,2026/10/08,2026-10,PUT,53500,86,,,40.32,40.13,74,1,72,1,,,,,
2026/09/17 18:51,2026-09-17T19:06:07+09:00,2026/09/18,2026/10/08,2026-10,CALL,53250,10860,,,,,,,,,,,,,
2026/09/17 18:51,2026-09-17T19:06:07+09:00,2026/09/18,2026/10/08,2026-10,PUT,53250,77,,,40.8,40.7,70,1,69,1,,,,,
2026/09/17 18:51,2026-09-17T19:06:07+09:00,2026/09/18,2026/10/08,2026-10,CALL,53000,11110,,,,,,,,,,,,,
2026/09/17 18:51,2026-09-17T19:06:07+09:00,2026/09/18,2026/10/08,2026-10,PUT,53000,74,,2,41.46,41.14,68,13,65,13,41.36,-9,-12.16,65,09/17 18:10
2026/09/17 18:51,2026-09-17T19:06:07+09:00,2026/09/18,2026/10/08,2026-10,CALL,52750,11355,,,,,,,,,,,,,
2026/09/17 18:51,2026-09-17T19:06:07+09:00,2026/09/18,2026/10/08,2026-10,PUT,52750,70,,1,41.89,41.56,64,1,61,5,41.62,-4,-5.41,70,09/17 17:19
2026/09/17 18:51,2026-09-17T19:06:07+09:00,2026/09/18,2026/10/08,2026-10,CALL,52500,11600,,,,,,,,,,,,,
2026/09/17 18:51,2026-09-17T19:06:07+09:00,2026/09/18,2026/10/08,2026-10,PUT,52500,67,,8,42.52,42.3,62,8,60,9,42.23,-5,-7.69,60,09/17 18:48
2026/09/17 18:51,2026-09-17T19:06:07+09:00,2026/09/18,2026/10/08,2026-10,CALL,52250,11850,,,,,,,,,,,,,
2026/09/17 18:51,2026-09-17T19:06:07+09:00,2026/09/18,2026/10/08,2026-10,PUT,52250,66,,,43.03,42.55,59,6,55,5,,,,,
2026/09/17 18:51,2026-09-17T19:06:07+09:00,2026/09/18,2026/10/08,2026-10,CALL,52000,12095,,,,,,,,,,,,,
2026/09/17 18:51,2026-09-17T19:06:07+09:00,2026/09/18,2026/10/08,2026-10,PUT,52000,61,,13,43.64,43.39,57,12,55,18,43.54,-14,-20.29,55,09/17 18:44
2026/09/17 18:51,2026-09-17T19:06:07+09:00,2026/09/18,2026/10/08,2026-10,CALL,51750,12345,,,,,,,,,,,,,
2026/09/17 18:51,2026-09-17T19:06:07+09:00,2026/09/18,2026/10/08,2026-10,PUT,51750,59,,2,44.37,43.72,56,21,51,5,43.89,-4,-6.45,58,09/17 17:17
2026/09/17 18:51,2026-09-17T19:06:07+09:00,2026/09/18,2026/10/08,2026-10,CALL,51500,12590,,,,,,,,,,,,,
2026/09/17 18:51,2026-09-17T19:06:07+09:00,2026/09/18,2026/10/08,2026-10,PUT,51500,54,,,44.7,44.29,52,8,49,8,,,,,
2026/09/17 18:51,2026-09-17T19:06:07+09:00,2026/09/18,2026/10/08,2026-10,CALL,51250,12840,,,,,,,,,,,,,
2026/09/17 18:51,2026-09-17T19:06:07+09:00,2026/09/18,2026/10/08,2026-10,PUT,51250,53,,,45.27,44.7,50,5,46,21,,,,,
2026/09/17 18:51,2026-09-17T19:06:07+09:00,2026/09/18,2026/10/08,2026-10,CALL,51000,13085,,,,,,,,,,,,,
2026/09/17 18:51,2026-09-17T19:06:07+09:00,2026/09/18,2026/10/08,2026-10,PUT,51000,51,,6,45.83,45.24,48,12,44,12,45.5,-11,-19.3,46,09/17 18:36
2026/09/17 18:51,2026-09-17T19:06:07+09:00,2026/09/18,2026/10/08,2026-10,CALL,50750,13335,,,,,,,,,,,,,
2026/09/17 18:51,2026-09-17T19:06:07+09:00,2026/09/18,2026/10/08,2026-10,PUT,50750,49,,1,46.38,45.76,46,5,42,21,46.13,-4,-7.69,48,09/17 17:36
2026/09/17 18:51,2026-09-17T19:06:07+09:00,2026/09/18,2026/10/08,2026-10,CALL,50500,13580,,,,,,,,,,,,,
2026/09/17 18:51,2026-09-17T19:06:07+09:00,2026/09/18,2026/10/08,2026-10,PUT,50500,46,,,47.07,46.43,45,31,41,8,,,,,
2026/09/17 18:51,2026-09-17T19:06:07+09:00,2026/09/18,2026/10/08,2026-10,CALL,50250,13830,,,,,,,,,,,,,
2026/09/17 18:51,2026-09-17T19:06:07+09:00,2026/09/18,2026/10/08,2026-10,PUT,50250,45,,,47.43,46.92,42,5,39,5,,,,,
2026/09/17 18:51,2026-09-17T19:06:07+09:00,2026/09/18,2026/10/08,2026-10,CALL,50000,14080,,,,,,,,,,,,,
2026/09/17 18:51,2026-09-17T19:06:07+09:00,2026/09/18,2026/10/08,2026-10,PUT,50000,42,,13,47.93,47.58,40,1,38,12,47.69,-3,-7.14,39,09/17 18:49
2026/09/17 18:51,2026-09-17T19:06:07+09:00,2026/09/18,2026/10/08,2026-10,CALL,49750,14325,,,,,,,,,,,,,
2026/09/17 18:51,2026-09-17T19:06:07+09:00,2026/09/18,2026/10/08,2026-10,PUT,49750,42,,,50.55,47.46,51,22,33,19,,,,,
2026/09/17 18:51,2026-09-17T19:06:07+09:00,2026/09/18,2026/10/08,2026-10,CALL,49500,14575,,,,,,,,,,,,,
2026/09/17 18:51,2026-09-17T19:06:07+09:00,2026/09/18,2026/10/08,2026-10,PUT,49500,40,,,51.41,48.28,51,32,33,8,,,,,
2026/09/17 18:51,2026-09-17T19:06:07+09:00,2026/09/18,2026/10/08,2026-10,CALL,49250,14825,,,,,,,,,,,,,
2026/09/17 18:51,2026-09-17T19:06:07+09:00,2026/09/18,2026/10/08,2026-10,PUT,49250,38,,,51.81,45.07,48,22,17,22,,,,,
2026/09/17 18:51,2026-09-17T19:06:07+09:00,2026/09/18,2026/10/08,2026-10,CALL,49000,15070,,,,,,,,,,,,,
2026/09/17 18:51,2026-09-17T19:06:07+09:00,2026/09/18,2026/10/08,2026-10,PUT,49000,37,,,50.14,49.51,34,22,31,12,,,,,
2026/09/17 18:51,2026-09-17T19:06:07+09:00,2026/09/18,2026/10/08,2026-10,CALL,48750,15315,,,,,,,,,,,,,
2026/09/17 18:51,2026-09-17T19:06:07+09:00,2026/09/18,2026/10/08,2026-10,PUT,48750,36,,,53.04,45.55,45,22,14,22,,,,,
2026/09/17 18:51,2026-09-17T19:06:07+09:00,2026/09/18,2026/10/08,2026-10,CALL,48500,15565,,,,,,,,,,,,,
2026/09/17 18:51,2026-09-17T19:06:07+09:00,2026/09/18,2026/10/08,2026-10,PUT,48500,35,,,54.08,47.4,46,32,17,11,,,,,
2026/09/17 18:51,2026-09-17T19:06:07+09:00,2026/09/18,2026/10/08,2026-10,CALL,48250,15810,,,,,,,,,,,,,
2026/09/17 18:51,2026-09-17T19:06:07+09:00,2026/09/18,2026/10/08,2026-10,PUT,48250,28,,,54.42,45.81,43,22,11,22,,,,,
2026/09/17 18:51,2026-09-17T19:06:07+09:00,2026/09/18,2026/10/08,2026-10,CALL,48000,16060,,,,,,,,,,,,,
2026/09/17 18:51,2026-09-17T19:06:07+09:00,2026/09/18,2026/10/08,2026-10,PUT,48000,32,,3,53.07,51.63,32,39,26,12,52.09,-4,-11.76,30,09/17 17:36
2026/09/17 18:51,2026-09-17T19:06:07+09:00,2026/09/18,2026/10/08,2026-10,CALL,47750,16310,,,,,,,,,,,,,
2026/09/17 18:51,2026-09-17T19:06:07+09:00,2026/09/18,2026/10/08,2026-10,PUT,47750,26,,,55.59,46.29,40,22,9,22,,,,,
2026/09/17 18:51,2026-09-17T19:06:07+09:00,2026/09/18,2026/10/08,2026-10,CALL,47500,16560,,,,,,,,,,,,,
2026/09/17 18:51,2026-09-17T19:06:07+09:00,2026/09/18,2026/10/08,2026-10,PUT,47500,29,,,56.65,45.82,41,32,7,32,,,,,
2026/09/17 18:51,2026-09-17T19:06:07+09:00,2026/09/18,2026/10/08,2026-10,CALL,47250,16810,,,,,,,,,,,,,
2026/09/17 18:51,2026-09-17T19:06:07+09:00,2026/09/18,2026/10/08,2026-10,PUT,47250,25,,,55.6,51.69,32,8,18,8,,,,,
2026/09/17 18:51,2026-09-17T19:06:07+09:00,2026/09/18,2026/10/08,2026-10,CALL,47000,17055,,,,,,,,,,,,,
2026/09/17 18:51,2026-09-17T19:06:07+09:00,2026/09/18,2026/10/08,2026-10,PUT,47000,28,,6,54.39,52.84,24,1,19,15,54.52,-4,-14.29,24,09/17 18:08
2026/09/17 18:51,2026-09-17T19:06:07+09:00,2026/09/18,2026/10/08,2026-10,CALL,46750,17305,,,,,,,,,,,,,
2026/09/17 18:51,2026-09-17T19:06:07+09:00,2026/09/18,2026/10/08,2026-10,PUT,46750,24,,,56.58,52.56,29,8,16,8,,,,,
2026/09/17 18:51,2026-09-17T19:06:07+09:00,2026/09/18,2026/10/08,2026-10,CALL,46500,17555,,,,,,,,,,,,,
2026/09/17 18:51,2026-09-17T19:06:07+09:00,2026/09/18,2026/10/08,2026-10,PUT,46500,25,,,57.93,54.11,31,11,18,11,,,,,
2026/09/17 18:51,2026-09-17T19:06:07+09:00,2026/09/18,2026/10/08,2026-10,CALL,46250,17805,,,,,,,,,,,,,
2026/09/17 18:51,2026-09-17T19:06:07+09:00,2026/09/18,2026/10/08,2026-10,PUT,46250,24,,,58.54,55.63,30,8,20,5,,,,,
2026/09/17 18:51,2026-09-17T19:06:07+09:00,2026/09/18,2026/10/08,2026-10,CALL,46000,18055,,,,,,,,,,,,,
2026/09/17 18:51,2026-09-17T19:06:07+09:00,2026/09/18,2026/10/08,2026-10,PUT,46000,23,,13,57.11,55.74,22,39,18,39,56.4,-4,-16.67,20,09/17 18:26
2026/09/17 18:51,2026-09-17T19:06:07+09:00,2026/09/18,2026/10/08,2026-10,CALL,45750,18300,,,,,,,,,,,,,
2026/09/17 18:51,2026-09-17T19:06:07+09:00,2026/09/18,2026/10/08,2026-10,PUT,45750,22,,,59.73,55.37,28,8,15,8,,,,,
2026/09/17 18:51,2026-09-17T19:06:07+09:00,2026/09/18,2026/10/08,2026-10,CALL,45500,18550,,,,,,,,,,,,,
2026/09/17 18:51,2026-09-17T19:06:07+09:00,2026/09/18,2026/10/08,2026-10,PUT,45500,21,,,60.59,56.18,28,11,15,11,,,,,
2026/09/17 18:51,2026-09-17T19:06:07+09:00,2026/09/18,2026/10/08,2026-10,CALL,45250,18800,,,,,,,,,,,,,
2026/09/17 18:51,2026-09-17T19:06:07+09:00,2026/09/18,2026/10/08,2026-10,PUT,45250,20,,,61.18,56.55,27,8,14,8,,,,,
2026/09/17 18:51,2026-09-17T19:06:07+09:00,2026/09/18,2026/10/08,2026-10,CALL,45000,19050,,,,,,,,,,,,,
2026/09/17 18:51,2026-09-17T19:06:07+09:00,2026/09/18,2026/10/08,2026-10,PUT,45000,21,,7,58.65,58.24,17,1,16,8,59.23,-1,-4.76,20,09/17 17:29
2026/09/17 18:51,2026-09-17T19:06:07+09:00,2026/09/18,2026/10/08,2026-10,CALL,44750,19300,,,,,,,,,,,,,
2026/09/17 18:51,2026-09-17T19:06:07+09:00,2026/09/18,2026/10/08,2026-10,PUT,44750,19,,,62.31,57.7,25,8,13,8,,,,,
2026/09/17 18:51,2026-09-17T19:06:07+09:00,2026/09/18,2026/10/08,2026-10,CALL,44500,19545,,,,,,,,,,,,,
2026/09/17 18:51,2026-09-17T19:06:07+09:00,2026/09/18,2026/10/08,2026-10,PUT,44500,18,,,62.86,58,24,11,12,11,,,,,
2026/09/17 18:51,2026-09-17T19:06:07+09:00,2026/09/18,2026/10/08,2026-10,CALL,44250,19795,,,,,,,,,,,,,
2026/09/17 18:51,2026-09-17T19:06:07+09:00,2026/09/18,2026/10/08,2026-10,PUT,44250,17,,,63.73,58.26,24,8,11,8,,,,,
2026/09/17 18:51,2026-09-17T19:06:07+09:00,2026/09/18,2026/10/08,2026-10,CALL,44000,20045,,,,,,,,,,,,,
2026/09/17 18:51,2026-09-17T19:06:07+09:00,2026/09/18,2026/10/08,2026-10,PUT,44000,17,,13,62,60.15,17,47,13,12,60.87,-2,-12.5,14,09/17 18:14
2026/09/17 18:51,2026-09-17T19:06:07+09:00,2026/09/18,2026/10/08,2026-10,CALL,43750,20295,,,,,,,,,,,,,
2026/09/17 18:51,2026-09-17T19:06:07+09:00,2026/09/18,2026/10/08,2026-10,PUT,43750,15,,,64.79,59.28,22,8,10,8,,,,,
2026/09/17 18:51,2026-09-17T19:06:07+09:00,2026/09/18,2026/10/08,2026-10,CALL,43500,20540,,,,,,,,,,,,,
2026/09/17 18:51,2026-09-17T19:06:07+09:00,2026/09/18,2026/10/08,2026-10,PUT,43500,15,,,65.66,57.93,22,11,7,11,,,,,
2026/09/17 18:51,2026-09-17T19:06:07+09:00,2026/09/18,2026/10/08,2026-10,CALL,43250,20790,,,,,,,,,,,,,
2026/09/17 18:51,2026-09-17T19:06:07+09:00,2026/09/18,2026/10/08,2026-10,PUT,43250,15,,,65.4,56.84,19,8,5,8,,,,,
2026/09/17 18:51,2026-09-17T19:06:07+09:00,2026/09/18,2026/10/08,2026-10,CALL,43000,21040,,,,,,,,,,,,,
2026/09/17 18:51,2026-09-17T19:06:07+09:00,2026/09/18,2026/10/08,2026-10,PUT,43000,14,,6,64,62.35,14,39,11,13,62.56,-5,-31.25,11,09/17 18:13
2026/09/17 18:51,2026-09-17T19:06:07+09:00,2026/09/18,2026/10/08,2026-10,CALL,42750,21290,,,,,,,,,,,,,
2026/09/17 18:51,2026-09-17T19:06:07+09:00,2026/09/18,2026/10/08,2026-10,PUT,42750,14,,,66.72,58.39,18,8,5,8,,,,,
2026/09/17 18:51,2026-09-17T19:06:07+09:00,2026/09/18,2026/10/08,2026-10,CALL,42000,22035,,,,,,,,,,,,,
2026/09/17 18:51,2026-09-17T19:06:07+09:00,2026/09/18,2026/10/08,2026-10,PUT,42000,12,,1,65.69,65.04,11,27,10,15,65.07,-3,-23.08,10,09/17 18:18
2026/09/17 18:51,2026-09-17T19:06:07+09:00,2026/09/18,2026/10/08,2026-10,CALL,41000,23030,,,,,,,,,,,,,
2026/09/17 18:51,2026-09-17T19:06:07+09:00,2026/09/18,2026/10/08,2026-10,PUT,41000,10,,4,67.69,66.89,9,5,8,27,66.91,-3,-27.27,8,09/17 18:41
2026/09/17 18:51,2026-09-17T19:06:07+09:00,2026/09/18,2026/10/08,2026-10,CALL,40000,24030,,,,,,,,,,,,,
2026/09/17 18:51,2026-09-17T19:06:07+09:00,2026/09/18,2026/10/08,2026-10,PUT,40000,9,,19,70.28,69.37,8,15,7,15,70.52,-2,-20,8,09/17 18:11
2026/09/17 18:51,2026-09-17T19:06:07+09:00,2026/09/18,2026/10/08,2026-10,CALL,39000,25030,,,,,,,,,,,,,
2026/09/17 18:51,2026-09-17T19:06:07+09:00,2026/09/18,2026/10/08,2026-10,PUT,39000,7,,6,72.8,71.74,7,27,6,13,71.85,-2,-25,6,09/17 18:44
2026/09/17 18:51,2026-09-17T19:06:07+09:00,2026/09/18,2026/10/08,2026-10,CALL,38000,26025,,,,,,,,,,,,,
2026/09/17 18:51,2026-09-17T19:06:07+09:00,2026/09/18,2026/10/08,2026-10,PUT,38000,6,,,75.21,73.95,6,29,5,15,,,,,
2026/09/17 18:51,2026-09-17T19:06:07+09:00,2026/09/18,2026/10/08,2026-10,CALL,37000,27025,,,,,,,,,,,,,
2026/09/17 18:51,2026-09-17T19:06:07+09:00,2026/09/18,2026/10/08,2026-10,PUT,37000,5,,3,77.45,75.92,5,26,4,15,77.45,-1,-16.67,5,09/17 18:17
2026/09/17 18:51,2026-09-17T19:06:07+09:00,2026/09/18,2026/10/08,2026-10,CALL,36000,28025,,,,,,,,,,,,,
2026/09/17 18:51,2026-09-17T19:06:07+09:00,2026/09/18,2026/10/08,2026-10,PUT,36000,4,,4,81.05,77.51,5,70,3,45,80.46,1,25,5,09/17 17:28
2026/09/17 18:51,2026-09-17T19:06:07+09:00,2026/09/18,2026/10/08,2026-10,CALL,35000,29025,,,,,,,,,,,,,
2026/09/17 18:51,2026-09-17T19:06:07+09:00,2026/09/18,2026/10/08,2026-10,PUT,35000,4,,24,83.08,81.06,4,103,3,28,81.02,-1,-25,3,09/17 18:20
2026/09/17 18:51,2026-09-17T19:06:07+09:00,2026/09/18,2026/10/08,2026-10,CALL,34000,30025,,,,,,,,,,,,,
2026/09/17 18:51,2026-09-17T19:06:07+09:00,2026/09/18,2026/10/08,2026-10,PUT,34000,3,,1,84.7,81.95,3,6,2,46,84.09,-1,-25,3,09/17 17:19
2026/09/17 18:51,2026-09-17T19:06:07+09:00,2026/09/18,2026/10/08,2026-10,CALL,33000,31025,,,,,,,,,,,,,
2026/09/17 18:51,2026-09-17T19:06:07+09:00,2026/09/18,2026/10/08,2026-10,PUT,33000,2,,3,88.45,85.59,3,21,2,37,87.96,0,0,3,09/17 17:12
2026/09/17 18:51,2026-09-17T19:06:07+09:00,2026/09/18,2026/10/08,2026-10,CALL,32000,32020,,,,,,,,,,,,,
2026/09/17 18:51,2026-09-17T19:06:07+09:00,2026/09/18,2026/10/08,2026-10,PUT,32000,2,,6,92.32,84.79,3,63,1,153,89.52,0,0,2,09/17 18:14
2026/09/17 18:51,2026-09-17T19:06:07+09:00,2026/09/18,2026/10/08,2026-10,CALL,31000,33020,,,,,,,,,,,,,
2026/09/17 18:51,2026-09-17T19:06:07+09:00,2026/09/18,2026/10/08,2026-10,PUT,31000,2,,14,93.21,88.48,2,2,1,88,93.15,0,0,2,09/17 18:23
2026/09/17 18:51,2026-09-17T19:06:07+09:00,2026/09/18,2026/10/08,2026-10,CALL,30000,34020,,,,,,,,,,,,,
2026/09/17 18:51,2026-09-17T19:06:07+09:00,2026/09/18,2026/10/08,2026-10,PUT,30000,1,,,97.2,92.28,2,19,1,320,,,,,
2026/09/17 18:51,2026-09-17T19:06:07+09:00,2026/09/18,2026/10/08,2026-10,CALL,29000,35020,,,,,,,,,,,,,
2026/09/17 18:51,2026-09-17T19:06:07+09:00,2026/09/18,2026/10/08,2026-10,PUT,29000,1,,,101.32,96.21,2,24,1,62,,,,,
2026/09/17 18:51,2026-09-17T19:06:07+09:00,2026/09/18,2026/10/08,2026-10,CALL,28000,36020,,,,,,,,,,,,,
2026/09/17 18:51,2026-09-17T19:06:07+09:00,2026/09/18,2026/10/08,2026-10,PUT,28000,1,,26,105.59,100.28,2,173,1,52,100.28,0,0,1,09/17 18:17
2026/09/17 18:51,2026-09-17T19:06:07+09:00,2026/09/18,2026/10/08,2026-10,CALL,27000,37020,,,,,,,,,,,,,
2026/09/17 18:51,2026-09-17T19:06:07+09:00,2026/09/18,2026/10/08,2026-10,PUT,27000,1,,89,104.49,,1,9,,,104.59,0,0,1,09/17 18:44
2026/09/17 18:51,2026-09-17T19:06:07+09:00,2026/09/18,2026/11/12,2026-11,CALL,90000,3,,1,28.02,27.1,3,71,2,15,28.42,1,50,3,09/17 17:05
2026/09/17 18:51,2026-09-17T19:06:07+09:00,2026/09/18,2026/11/12,2026-11,PUT,90000,25885,,,,,,,,,,,,,
2026/09/17 18:51,2026-09-17T19:06:07+09:00,2026/09/18,2026/11/12,2026-11,CALL,87500,4,,1,26.55,25.02,4,27,2,19,27.07,0,0,4,09/17 17:37
2026/09/17 18:51,2026-09-17T19:06:07+09:00,2026/09/18,2026/11/12,2026-11,PUT,87500,23390,,,,,,,,,,,,,
2026/09/17 18:51,2026-09-17T19:06:07+09:00,2026/09/18,2026/11/12,2026-11,CALL,85000,7,,,25.62,23.67,7,10,3,15,,,,,
2026/09/17 18:51,2026-09-17T19:06:07+09:00,2026/09/18,2026/11/12,2026-11,PUT,85000,20900,,,,,,,,,,,,,
2026/09/17 18:51,2026-09-17T19:06:07+09:00,2026/09/18,2026/11/12,2026-11,CALL,82500,13,,11,25.34,24.29,16,20,11,26,24.92,0,0,13,09/17 18:04
2026/09/17 18:51,2026-09-17T19:06:07+09:00,2026/09/18,2026/11/12,2026-11,PUT,82500,18415,,,,,,,,,,,,,
2026/09/17 18:51,2026-09-17T19:06:07+09:00,2026/09/18,2026/11/12,2026-11,CALL,80000,29,,1,24.45,23.34,30,1,21,24,24.11,1,3.85,27,09/17 18:42
2026/09/17 18:51,2026-09-17T19:06:07+09:00,2026/09/18,2026/11/12,2026-11,PUT,80000,15935,,,,,,,,,,,,,
2026/09/17 18:51,2026-09-17T19:06:07+09:00,2026/09/18,2026/11/12,2026-11,CALL,79500,34,,,24.63,23.51,38,38,27,16,,,,,
2026/09/17 18:51,2026-09-17T19:06:07+09:00,2026/09/18,2026/11/12,2026-11,PUT,79500,15440,,,,,,,,,,,,,
2026/09/17 18:51,2026-09-17T19:06:07+09:00,2026/09/18,2026/11/12,2026-11,CALL,79000,40,,,24.52,23.44,44,57,32,24,,,,,
2026/09/17 18:51,2026-09-17T19:06:07+09:00,2026/09/18,2026/11/12,2026-11,PUT,79000,14945,,,,,,,,,,,,,
2026/09/17 18:51,2026-09-17T19:06:07+09:00,2026/09/18,2026/11/12,2026-11,CALL,78500,45,,,24.19,23.46,48,14,39,14,,,,,
2026/09/17 18:51,2026-09-17T19:06:07+09:00,2026/09/18,2026/11/12,2026-11,PUT,78500,14455,,,,,,,,,,,,,
2026/09/17 18:51,2026-09-17T19:06:07+09:00,2026/09/18,2026/11/12,2026-11,CALL,78000,54,,1,24.1,23.46,56,6,47,21,24.17,9,20,54,09/17 18:07
2026/09/17 18:51,2026-09-17T19:06:07+09:00,2026/09/18,2026/11/12,2026-11,PUT,78000,13960,,,,,,,,,,,,,
2026/09/17 18:51,2026-09-17T19:06:07+09:00,2026/09/18,2026/11/12,2026-11,CALL,77500,62,,,24.05,23.49,66,14,57,12,,,,,
2026/09/17 18:51,2026-09-17T19:06:07+09:00,2026/09/18,2026/11/12,2026-11,PUT,77500,13470,,,,,,,,,,,,,
2026/09/17 18:51,2026-09-17T19:06:07+09:00,2026/09/18,2026/11/12,2026-11,CALL,77000,72,,,23.97,23.42,77,18,67,18,,,,,
2026/09/17 18:51,2026-09-17T19:06:07+09:00,2026/09/18,2026/11/12,2026-11,PUT,77000,12985,,,,,,,,,,,,,
2026/09/17 18:51,2026-09-17T19:06:07+09:00,2026/09/18,2026/11/12,2026-11,CALL,76500,85,,,23.95,23.36,91,12,79,12,,,,,
2026/09/17 18:51,2026-09-17T19:06:07+09:00,2026/09/18,2026/11/12,2026-11,PUT,76500,12495,,,,,,,,,,,,,
2026/09/17 18:51,2026-09-17T19:06:07+09:00,2026/09/18,2026/11/12,2026-11,CALL,76250,92,,,23.94,23.39,99,6,87,6,,,,,
2026/09/17 18:51,2026-09-17T19:06:07+09:00,2026/09/18,2026/11/12,2026-11,PUT,76250,12255,,,,,,,,,,,,,
2026/09/17 18:51,2026-09-17T19:06:07+09:00,2026/09/18,2026/11/12,2026-11,CALL,76000,98,,,23.91,23.48,107,16,97,16,,,,,
2026/09/17 18:51,2026-09-17T19:06:07+09:00,2026/09/18,2026/11/12,2026-11,PUT,76000,12010,,,,,,,,,,,,,
2026/09/17 18:51,2026-09-17T19:06:07+09:00,2026/09/18,2026/11/12,2026-11,CALL,75750,107,,,23.85,23.49,115,7,106,8,,,,,
2026/09/17 18:51,2026-09-17T19:06:07+09:00,2026/09/18,2026/11/12,2026-11,PUT,75750,11770,,,,,,,,,,,,,
2026/09/17 18:51,2026-09-17T19:06:07+09:00,2026/09/18,2026/11/12,2026-11,CALL,75500,116,,1,23.81,23.43,124,10,114,10,23.97,,,108,09/17 17:27
2026/09/17 18:51,2026-09-17T19:06:07+09:00,2026/09/18,2026/11/12,2026-11,PUT,75500,11530,,,33.62,26.46,11600,6,11280,2,,,,,
2026/09/17 18:51,2026-09-17T19:06:07+09:00,2026/09/18,2026/11/12,2026-11,CALL,75250,125,,,23.89,23.42,137,7,124,7,,,,,
2026/09/17 18:51,2026-09-17T19:06:07+09:00,2026/09/18,2026/11/12,2026-11,PUT,75250,11290,,,33.95,26.32,11395,3,11040,1,,,,,
2026/09/17 18:51,2026-09-17T19:06:07+09:00,2026/09/18,2026/11/12,2026-11,CALL,75000,136,,1,23.87,23.46,148,11,136,11,23.9,-4,-3.08,126,09/17 17:20
2026/09/17 18:51,2026-09-17T19:06:07+09:00,2026/09/18,2026/11/12,2026-11,PUT,75000,11050,,,33.99,26.17,11175,9,10800,3,,,,,
2026/09/17 18:51,2026-09-17T19:06:07+09:00,2026/09/18,2026/11/12,2026-11,CALL,74750,147,,,23.88,23.43,161,13,147,5,,,,,
2026/09/17 18:51,2026-09-17T19:06:07+09:00,2026/09/18,2026/11/12,2026-11,PUT,74750,10810,,,33.4,26,10920,3,10560,1,,,,,
2026/09/17 18:51,2026-09-17T19:06:07+09:00,2026/09/18,2026/11/12,2026-11,CALL,74500,159,,,23.8,23.43,172,8,160,8,,,,,
2026/09/17 18:51,2026-09-17T19:06:07+09:00,2026/09/18,2026/11/12,2026-11,PUT,74500,10575,,,33.32,25.94,10695,6,10325,2,,,,,
2026/09/17 18:51,2026-09-17T19:06:07+09:00,2026/09/18,2026/11/12,2026-11,CALL,74250,174,,,23.82,23.38,187,5,172,13,,,,,
2026/09/17 18:51,2026-09-17T19:06:07+09:00,2026/09/18,2026/11/12,2026-11,PUT,74250,10335,,,32.81,25.74,10445,3,10085,1,,,,,
2026/09/17 18:51,2026-09-17T19:06:07+09:00,2026/09/18,2026/11/12,2026-11,CALL,74000,186,,,23.81,23.42,202,11,188,11,,,,,
2026/09/17 18:51,2026-09-17T19:06:07+09:00,2026/09/18,2026/11/12,2026-11,PUT,74000,10100,,,32.86,25.64,10230,9,9850,3,,,,,
2026/09/17 18:51,2026-09-17T19:06:07+09:00,2026/09/18,2026/11/12,2026-11,CALL,73750,202,,,23.82,23.39,219,5,203,5,,,,,
2026/09/17 18:51,2026-09-17T19:06:07+09:00,2026/09/18,2026/11/12,2026-11,PUT,73750,9870,,,32.34,25.64,9980,3,9620,1,,,,,
2026/09/17 18:51,2026-09-17T19:06:07+09:00,2026/09/18,2026/11/12,2026-11,CALL,73500,218,,,23.8,23.45,236,22,222,8,,,,,
2026/09/17 18:51,2026-09-17T19:06:07+09:00,2026/09/18,2026/11/12,2026-11,PUT,73500,9635,,,32.2,25.5,9755,6,9385,2,,,,,
2026/09/17 18:51,2026-09-17T19:06:07+09:00,2026/09/18,2026/11/12,2026-11,CALL,73250,234,,,23.77,23.44,254,2,240,5,,,,,
2026/09/17 18:51,2026-09-17T19:06:07+09:00,2026/09/18,2026/11/12,2026-11,PUT,73250,9405,,,31.82,25.45,9515,3,9155,1,,,,,
2026/09/17 18:51,2026-09-17T19:06:07+09:00,2026/09/18,2026/11/12,2026-11,CALL,73000,253,,,23.81,23.49,276,32,262,9,,,,,
2026/09/17 18:51,2026-09-17T19:06:07+09:00,2026/09/18,2026/11/12,2026-11,PUT,73000,9170,,,31.81,25.27,9300,9,8920,3,,,,,
2026/09/17 18:51,2026-09-17T19:06:07+09:00,2026/09/18,2026/11/12,2026-11,CALL,72750,274,,,23.77,23.49,296,5,283,5,,,,,
2026/09/17 18:51,2026-09-17T19:06:07+09:00,2026/09/18,2026/11/12,2026-11,PUT,72750,8945,,,31.33,25.28,9055,3,8695,1,,,,,
2026/09/17 18:51,2026-09-17T19:06:07+09:00,2026/09/18,2026/11/12,2026-11,CALL,72500,294,,,23.68,23.47,315,2,305,8,,,,,
2026/09/17 18:51,2026-09-17T19:06:07+09:00,2026/09/18,2026/11/12,2026-11,PUT,72500,8715,,,31.29,25.16,8840,6,8465,2,,,,,
2026/09/17 18:51,2026-09-17T19:06:07+09:00,2026/09/18,2026/11/12,2026-11,CALL,72250,320,,,23.79,23.49,345,5,330,5,,,,,
2026/09/17 18:51,2026-09-17T19:06:07+09:00,2026/09/18,2026/11/12,2026-11,PUT,72250,8485,,,30.87,25.01,8600,3,8235,1,,,,,
2026/09/17 18:51,2026-09-17T19:06:07+09:00,2026/09/18,2026/11/12,2026-11,CALL,72125,330,,,24.67,22.17,405,7,278,25,,,,,
2026/09/17 18:51,2026-09-17T19:06:07+09:00,2026/09/18,2026/11/12,2026-11,PUT,72125,8375,,,30.8,25.03,8490,3,8125,1,,,,,
2026/09/17 18:51,2026-09-17T19:06:07+09:00,2026/09/18,2026/11/12,2026-11,CALL,72000,345,,2,23.66,23.47,365,2,355,32,23.8,65,21.31,370,09/17 18:10
2026/09/17 18:51,2026-09-17T19:06:07+09:00,2026/09/18,2026/11/12,2026-11,PUT,72000,8260,,,30.86,24.94,8390,9,8010,3,,,,,
2026/09/17 18:51,2026-09-17T19:06:07+09:00,2026/09/18,2026/11/12,2026-11,CALL,71875,355,,,24.68,22.14,435,7,300,25,,,,,
2026/09/17 18:51,2026-09-17T19:06:07+09:00,2026/09/18,2026/11/12,2026-11,PUT,71875,8150,,,30.57,24.94,8265,3,7900,4,,,,,
2026/09/17 18:51,2026-09-17T19:06:07+09:00,2026/09/18,2026/11/12,2026-11,CALL,71750,370,,,23.7,23.43,395,4,380,4,,,,,
2026/09/17 18:51,2026-09-17T19:06:07+09:00,2026/09/18,2026/11/12,2026-11,PUT,71750,8040,,,30.48,24.93,8155,3,7790,1,,,,,
2026/09/17 18:51,2026-09-17T19:06:07+09:00,2026/09/18,2026/11/12,2026-11,CALL,71625,370,,,24.66,22.13,465,24,325,24,,,,,
2026/09/17 18:51,2026-09-17T19:06:07+09:00,2026/09/18,2026/11/12,2026-11,PUT,71625,7915,,,30.39,24.66,8045,3,7665,4,,,,,
2026/09/17 18:51,2026-09-17T19:06:07+09:00,2026/09/18,2026/11/12,2026-11,CALL,71500,400,,,23.79,23.44,430,6,410,6,,,,,
2026/09/17 18:51,2026-09-17T19:06:07+09:00,2026/09/18,2026/11/12,2026-11,PUT,71500,7815,,,30.44,24.8,7945,6,7565,8,,,,,
2026/09/17 18:51,2026-09-17T19:06:07+09:00,2026/09/18,2026/11/12,2026-11,CALL,71375,410,,,24.53,22.09,490,9,350,24,,,,,
2026/09/17 18:51,2026-09-17T19:06:07+09:00,2026/09/18,2026/11/12,2026-11,PUT,71375,7705,,,30.2,24.77,7825,3,7455,4,,,,,
2026/09/17 18:51,2026-09-17T19:06:07+09:00,2026/09/18,2026/11/12,2026-11,CALL,71250,430,,,23.76,23.51,460,4,445,2,,,,,
2026/09/17 18:51,2026-09-17T19:06:07+09:00,2026/09/18,2026/11/12,2026-11,PUT,71250,7600,,,30.1,24.82,7715,3,7350,4,,,,,
2026/09/17 18:51,2026-09-17T19:06:07+09:00,2026/09/18,2026/11/12,2026-11,CALL,71125,445,,,24.69,22.11,535,24,380,24,,,,,
2026/09/17 18:51,2026-09-17T19:06:07+09:00,2026/09/18,2026/11/12,2026-11,PUT,71125,7490,,,29.99,24.77,7605,3,7240,4,,,,,
2026/09/17 18:51,2026-09-17T19:06:07+09:00,2026/09/18,2026/11/12,2026-11,CALL,71000,460,,2,23.7,23.45,490,2,475,8,23.45,30,6.74,475,09/17 18:28
2026/09/17 18:51,2026-09-17T19:06:07+09:00,2026/09/18,2026/11/12,2026-11,PUT,71000,7380,,,30.01,24.72,7505,9,7130,12,,,,,
2026/09/17 18:51,2026-09-17T19:06:07+09:00,2026/09/18,2026/11/12,2026-11,CALL,70875,480,,,24.74,22.1,575,24,410,24,,,,,
2026/09/17 18:51,2026-09-17T19:06:07+09:00,2026/09/18,2026/11/12,2026-11,PUT,70875,7275,,,29.77,24.74,7385,3,7025,4,,,,,
2026/09/17 18:51,2026-09-17T19:06:07+09:00,2026/09/18,2026/11/12,2026-11,CALL,70750,495,,4,23.68,23.53,525,2,515,2,23.94,40,8.79,495,09/17 17:50
2026/09/17 18:51,2026-09-17T19:06:07+09:00,2026/09/18,2026/11/12,2026-11,PUT,70750,7165,,,29.71,24.67,7280,3,6915,4,,,,,
2026/09/17 18:51,2026-09-17T19:06:07+09:00,2026/09/18,2026/11/12,2026-11,CALL,70625,510,,,24.75,22.13,615,24,445,24,,,,,
2026/09/17 18:51,2026-09-17T19:06:07+09:00,2026/09/18,2026/11/12,2026-11,PUT,70625,7060,,,29.59,24.68,7170,3,6810,4,,,,,
2026/09/17 18:51,2026-09-17T19:06:07+09:00,2026/09/18,2026/11/12,2026-11,CALL,70500,530,,,23.72,23.49,565,6,550,6,,,,,
2026/09/17 18:51,2026-09-17T19:06:07+09:00,2026/09/18,2026/11/12,2026-11,PUT,70500,6950,,,29.65,24.6,7075,6,6700,8,,,,,
2026/09/17 18:51,2026-09-17T19:06:07+09:00,2026/09/18,2026/11/12,2026-11,CALL,70375,545,,,24.73,22.28,655,24,490,24,,,,,
2026/09/17 18:51,2026-09-17T19:06:07+09:00,2026/09/18,2026/11/12,2026-11,PUT,70375,6845,,,29.45,24.59,6960,3,6595,4,,,,,
2026/09/17 18:51,2026-09-17T19:06:07+09:00,2026/09/18,2026/11/12,2026-11,CALL,70250,570,,,23.71,23.49,605,4,590,4,,,,,
2026/09/17 18:51,2026-09-17T19:06:07+09:00,2026/09/18,2026/11/12,2026-11,PUT,70250,6740,,,29.31,24.57,6850,3,6490,4,,,,,
2026/09/17 18:51,2026-09-17T19:06:07+09:00,2026/09/18,2026/11/12,2026-11,CALL,70125,590,,,24.75,22.31,700,24,530,24,,,,,
2026/09/17 18:51,2026-09-17T19:06:07+09:00,2026/09/18,2026/11/12,2026-11,PUT,70125,6635,,,29.23,24.54,6745,3,6385,4,,,,,
2026/09/17 18:51,2026-09-17T19:06:07+09:00,2026/09/18,2026/11/12,2026-11,CALL,70000,610,,,23.74,23.53,650,8,635,6,,,,,
2026/09/17 18:51,2026-09-17T19:06:07+09:00,2026/09/18,2026/11/12,2026-11,PUT,70000,6535,,,29.26,24.57,6650,9,6285,12,,,,,
2026/09/17 18:51,2026-09-17T19:06:07+09:00,2026/09/18,2026/11/12,2026-11,CALL,69875,630,,,24.8,22.37,750,24,575,24,,,,,
2026/09/17 18:51,2026-09-17T19:06:07+09:00,2026/09/18,2026/11/12,2026-11,PUT,69875,6425,,,29.05,24.46,6535,3,6175,4,,,,,
2026/09/17 18:51,2026-09-17T19:06:07+09:00,2026/09/18,2026/11/12,2026-11,CALL,69750,655,,,23.88,23.47,705,2,675,3,,,,,
2026/09/17 18:51,2026-09-17T19:06:07+09:00,2026/09/18,2026/11/12,2026-11,PUT,69750,6330,,,29.01,24.55,6435,3,6080,4,,,,,
2026/09/17 18:51,2026-09-17T19:06:07+09:00,2026/09/18,2026/11/12,2026-11,CALL,69625,665,,,24.68,22.54,790,22,630,22,,,,,
2026/09/17 18:51,2026-09-17T19:06:07+09:00,2026/09/18,2026/11/12,2026-11,PUT,69625,6215,,,28.91,24.36,6330,3,5965,4,,,,,
2026/09/17 18:51,2026-09-17T19:06:07+09:00,2026/09/18,2026/11/12,2026-11,CALL,69500,700,,,23.77,23.57,745,4,730,2,,,,,
2026/09/17 18:51,2026-09-17T19:06:07+09:00,2026/09/18,2026/11/12,2026-11,PUT,69500,6125,,,28.92,24.49,6235,6,5875,8,,,,,
2026/09/17 18:51,2026-09-17T19:06:07+09:00,2026/09/18,2026/11/12,2026-11,CALL,69375,715,,,24.67,22.45,840,22,670,22,,,,,
2026/09/17 18:51,2026-09-17T19:06:07+09:00,2026/09/18,2026/11/12,2026-11,PUT,69375,6010,,,28.75,24.29,6125,3,5760,4,,,,,
2026/09/17 18:51,2026-09-17T19:06:07+09:00,2026/09/18,2026/11/12,2026-11,CALL,69250,750,,,23.83,23.51,800,3,775,3,,,,,
2026/09/17 18:51,2026-09-17T19:06:07+09:00,2026/09/18,2026/11/12,2026-11,PUT,69250,5925,,,28.69,24.46,6025,3,5675,4,,,,,
2026/09/17 18:51,2026-09-17T19:06:07+09:00,2026/09/18,2026/11/12,2026-11,CALL,69125,770,,,24.62,22.47,890,22,720,22,,,,,
2026/09/17 18:51,2026-09-17T19:06:07+09:00,2026/09/18,2026/11/12,2026-11,PUT,69125,5820,,,28.62,24.38,5925,3,5570,4,,,,,
2026/09/17 18:51,2026-09-17T19:06:07+09:00,2026/09/18,2026/11/12,2026-11,CALL,69000,800,,,23.97,23.6,865,2,835,3,,,,,
2026/09/17 18:51,2026-09-17T19:06:07+09:00,2026/09/18,2026/11/12,2026-11,PUT,69000,5725,,,28.49,24.41,5820,3,5475,12,,,,,
2026/09/17 18:51,2026-09-17T19:06:07+09:00,2026/09/18,2026/11/12,2026-11,CALL,68875,815,,,24.79,22.64,960,22,785,22,,,,,
2026/09/17 18:51,2026-09-17T19:06:07+09:00,2026/09/18,2026/11/12,2026-11,PUT,68875,5615,,,27.49,24.3,5640,3,5370,3,,,,,
2026/09/17 18:51,2026-09-17T19:06:07+09:00,2026/09/18,2026/11/12,2026-11,CALL,68750,855,,,23.96,23.53,920,3,885,3,,,,,
2026/09/17 18:51,2026-09-17T19:06:07+09:00,2026/09/18,2026/11/12,2026-11,PUT,68750,5530,,,28.1,24.38,5600,2,5280,5,,,,,
2026/09/17 18:51,2026-09-17T19:06:07+09:00,2026/09/18,2026/11/12,2026-11,CALL,68625,880,,,24.79,22.45,1020,22,825,22,,,,,
2026/09/17 18:51,2026-09-17T19:06:07+09:00,2026/09/18,2026/11/12,2026-11,PUT,68625,5430,,,28.07,24.38,5505,3,5185,3,,,,,
2026/09/17 18:51,2026-09-17T19:06:07+09:00,2026/09/18,2026/11/12,2026-11,CALL,68500,915,,,23.85,23.67,970,2,955,2,,,,,
2026/09/17 18:51,2026-09-17T19:06:07+09:00,2026/09/18,2026/11/12,2026-11,PUT,68500,5340,,,25.71,24.49,5205,2,5100,3,,,,,
2026/09/17 18:51,2026-09-17T19:06:07+09:00,2026/09/18,2026/11/12,2026-11,CALL,68375,935,,,24.77,22.48,1080,22,885,22,,,,,
2026/09/17 18:51,2026-09-17T19:06:07+09:00,2026/09/18,2026/11/12,2026-11,PUT,68375,5240,,,27.92,24.36,5310,3,4995,3,,,,,
2026/09/17 18:51,2026-09-17T19:06:07+09:00,2026/09/18,2026/11/12,2026-11,CALL,68250,975,,,24.05,23.59,1050,3,1010,3,,,,,
2026/09/17 18:51,2026-09-17T19:06:07+09:00,2026/09/18,2026/11/12,2026-11,PUT,68250,5150,,,25.76,24.4,5025,3,4905,4,,,,,
2026/09/17 18:51,2026-09-17T19:06:07+09:00,2026/09/18,2026/11/12,2026-11,CALL,68125,1000,,,24.65,22.82,1135,22,975,22,,,,,
2026/09/17 18:51,2026-09-17T19:06:07+09:00,2026/09/18,2026/11/12,2026-11,PUT,68125,5050,,,27.87,24.31,5125,3,4805,3,,,,,
2026/09/17 18:51,2026-09-17T19:06:07+09:00,2026/09/18,2026/11/12,2026-11,CALL,68000,1045,,,23.93,23.71,1105,5,1085,3,,,,,
2026/09/17 18:51,2026-09-17T19:06:07+09:00,2026/09/18,2026/11/12,2026-11,PUT,68000,4970,,,25.61,24.72,4830,5,4750,5,,,,,
2026/09/17 18:51,2026-09-17T19:06:07+09:00,2026/09/18,2026/11/12,2026-11,CALL,67875,1070,,,24.67,22.82,1205,22,1040,22,,,,,
2026/09/17 18:51,2026-09-17T19:06:07+09:00,2026/09/18,2026/11/12,2026-11,PUT,67875,4870,,,27.83,24.33,4945,6,4625,3,,,,,
2026/09/17 18:51,2026-09-17T19:06:07+09:00,2026/09/18,2026/11/12,2026-11,CALL,67750,1110,,,24,23.61,1180,3,1145,3,,,,,
2026/09/17 18:51,2026-09-17T19:06:07+09:00,2026/09/18,2026/11/12,2026-11,PUT,67750,4790,,,25.65,24.44,4655,3,4545,4,,,,,
2026/09/17 18:51,2026-09-17T19:06:07+09:00,2026/09/18,2026/11/12,2026-11,CALL,67625,1135,,,24.71,22.84,1280,21,1110,21,,,,,
2026/09/17 18:51,2026-09-17T19:06:07+09:00,2026/09/18,2026/11/12,2026-11,PUT,67625,4690,,,27.82,24.32,4770,6,4445,3,,,,,
2026/09/17 18:51,2026-09-17T19:06:07+09:00,2026/09/18,2026/11/12,2026-11,CALL,67500,1185,,,24.09,23.76,1260,3,1230,2,,,,,
2026/09/17 18:51,2026-09-17T19:06:07+09:00,2026/09/18,2026/11/12,2026-11,PUT,67500,4610,,,25.6,24.74,4475,4,4395,4,,,,,
2026/09/17 18:51,2026-09-17T19:06:07+09:00,2026/09/18,2026/11/12,2026-11,CALL,67375,1215,,,24.55,22.82,1340,6,1180,21,,,,,
2026/09/17 18:51,2026-09-17T19:06:07+09:00,2026/09/18,2026/11/12,2026-11,PUT,67375,4520,,,27.73,24.39,4590,6,4275,3,,,,,
2026/09/17 18:51,2026-09-17T19:06:07+09:00,2026/09/18,2026/11/12,2026-11,CALL,67250,1255,,,24.19,23.65,1345,2,1295,2,,,,,
2026/09/17 18:51,2026-09-17T19:06:07+09:00,2026/09/18,2026/11/12,2026-11,PUT,67250,4435,,,25.68,24.51,4310,3,4200,4,,,,,
2026/09/17 18:51,2026-09-17T19:06:07+09:00,2026/09/18,2026/11/12,2026-11,CALL,67125,1285,,,24.52,23.45,1415,26,1315,6,,,,,
2026/09/17 18:51,2026-09-17T19:06:07+09:00,2026/09/18,2026/11/12,2026-11,PUT,67125,4340,,,26.82,24.3,4335,3,4095,3,,,,,
2026/09/17 18:51,2026-09-17T19:06:07+09:00,2026/09/18,2026/11/12,2026-11,CALL,67000,1335,,,24.3,23.62,1435,4,1370,4,,,,,
2026/09/17 18:51,2026-09-17T19:06:07+09:00,2026/09/18,2026/11/12,2026-11,PUT,67000,4265,,,25.66,24.72,4140,4,4050,13,,,,,
2026/09/17 18:51,2026-09-17T19:06:07+09:00,2026/09/18,2026/11/12,2026-11,CALL,66875,1370,,,24.4,23.25,1485,6,1375,21,,,,,
2026/09/17 18:51,2026-09-17T19:06:07+09:00,2026/09/18,2026/11/12,2026-11,PUT,66875,4175,,,26.21,24.35,4110,3,3930,3,,,,,
2026/09/17 18:51,2026-09-17T19:06:07+09:00,2026/09/18,2026/11/12,2026-11,CALL,66750,1425,,,24.33,23.76,1520,2,1465,2,,,,,
2026/09/17 18:51,2026-09-17T19:06:07+09:00,2026/09/18,2026/11/12,2026-11,PUT,66750,4105,,,25.72,24.95,3980,2,3905,2,,,,,
2026/09/17 18:51,2026-09-17T19:06:07+09:00,2026/09/18,2026/11/12,2026-11,CALL,66625,1445,,,24.45,23.32,1575,6,1465,6,,,,,
2026/09/17 18:51,2026-09-17T19:06:07+09:00,2026/09/18,2026/11/12,2026-11,PUT,66625,4000,,,26.25,24.25,3950,7,3755,7,,,,,
2026/09/17 18:51,2026-09-17T19:06:07+09:00,2026/09/18,2026/11/12,2026-11,CALL,66500,1490,,,24.36,23.95,1610,3,1570,2,,,,,
2026/09/17 18:51,2026-09-17T19:06:07+09:00,2026/09/18,2026/11/12,2026-11,PUT,66500,3940,,,25.69,24.62,3815,3,3710,4,,,,,
2026/09/17 18:51,2026-09-17T19:06:07+09:00,2026/09/18,2026/11/12,2026-11,CALL,66375,1565,,,24.47,23.35,1665,6,1555,21,,,,,
2026/09/17 18:51,2026-09-17T19:06:07+09:00,2026/09/18,2026/11/12,2026-11,PUT,66375,3870,,,26.25,24.57,3790,7,3625,7,,,,,
2026/09/17 18:51,2026-09-17T19:06:07+09:00,2026/09/18,2026/11/12,2026-11,CALL,66250,1605,,,24.41,23.8,1705,2,1645,2,,,,,
2026/09/17 18:51,2026-09-17T19:06:07+09:00,2026/09/18,2026/11/12,2026-11,PUT,66250,3785,,,25.73,24.82,3660,2,3570,3,,,,,
2026/09/17 18:51,2026-09-17T19:06:07+09:00,2026/09/18,2026/11/12,2026-11,CALL,66125,1655,,,24.55,23.44,1765,5,1655,5,,,,,
2026/09/17 18:51,2026-09-17T19:06:07+09:00,2026/09/18,2026/11/12,2026-11,PUT,66125,3715,,,26.16,24.6,3625,7,3470,7,,,,,
2026/09/17 18:51,2026-09-17T19:06:07+09:00,2026/09/18,2026/11/12,2026-11,CALL,66000,1670,,,24.48,23.87,1805,4,1745,4,,,,,
2026/09/17 18:51,2026-09-17T19:06:07+09:00,2026/09/18,2026/11/12,2026-11,PUT,66000,3630,,,25.78,24.98,3510,4,3430,4,,,,,
2026/09/17 18:51,2026-09-17T19:06:07+09:00,2026/09/18,2026/11/12,2026-11,CALL,65875,1755,,,24.59,23.49,1865,5,1755,5,,,,,
2026/09/17 18:51,2026-09-17T19:06:07+09:00,2026/09/18,2026/11/12,2026-11,PUT,65875,3560,,,26.09,24.59,3465,7,3315,7,,,,,
2026/09/17 18:51,2026-09-17T19:06:07+09:00,2026/09/18,2026/11/12,2026-11,CALL,65750,1800,,,24.6,23.9,1915,7,1845,2,,,,,
2026/09/17 18:51,2026-09-17T19:06:07+09:00,2026/09/18,2026/11/12,2026-11,PUT,65750,3485,,,25.8,25.15,3360,2,3295,2,,,,,
2026/09/17 18:51,2026-09-17T19:06:07+09:00,2026/09/18,2026/11/12,2026-11,CALL,65625,1855,,,24.65,23.55,1970,5,1860,20,,,,,
2026/09/17 18:51,2026-09-17T19:06:07+09:00,2026/09/18,2026/11/12,2026-11,PUT,65625,3410,,,25.84,24.95,3290,5,3200,5,,,,,
2026/09/17 18:51,2026-09-17T19:06:07+09:00,2026/09/18,2026/11/12,2026-11,CALL,65500,1905,,,24.54,23.99,2010,1,1955,3,,,,,
2026/09/17 18:51,2026-09-17T19:06:07+09:00,2026/09/18,2026/11/12,2026-11,PUT,65500,3335,,,25.87,25.28,3220,3,3160,3,,,,,
2026/09/17 18:51,2026-09-17T19:06:07+09:00,2026/09/18,2026/11/12,2026-11,CALL,65375,1960,,,24.71,23.62,2080,5,1970,20,,,,,
2026/09/17 18:51,2026-09-17T19:06:07+09:00,2026/09/18,2026/11/12,2026-11,PUT,65375,3265,,,25.9,25.21,3150,1,3080,5,,,,,
2026/09/17 18:51,2026-09-17T19:06:07+09:00,2026/09/18,2026/11/12,2026-11,CALL,65250,2005,,,24.78,24.24,2140,2,2085,1,,,,,
2026/09/17 18:51,2026-09-17T19:06:07+09:00,2026/09/18,2026/11/12,2026-11,PUT,65250,3190,,,25.92,25.23,3080,2,3010,7,,,,,
2026/09/17 18:51,2026-09-17T19:06:07+09:00,2026/09/18,2026/11/12,2026-11,CALL,65125,2065,,,24.79,23.75,2195,5,2090,3,,,,,
2026/09/17 18:51,2026-09-17T19:06:07+09:00,2026/09/18,2026/11/12,2026-11,PUT,65125,3125,,,26.37,25.28,3055,20,2945,5,,,,,
2026/09/17 18:51,2026-09-17T19:06:07+09:00,2026/09/18,2026/11/12,2026-11,CALL,65000,2125,,,24.74,24.05,2245,4,2175,4,,,,,
2026/09/17 18:51,2026-09-17T19:06:07+09:00,2026/09/18,2026/11/12,2026-11,PUT,65000,3060,,,26.12,25.28,2960,1,2875,1,,,,,
2026/09/17 18:51,2026-09-17T19:06:07+09:00,2026/09/18,2026/11/12,2026-11,CALL,64875,2180,,,24.93,24.24,2320,1,2250,5,,,,,
2026/09/17 18:51,2026-09-17T19:06:07+09:00,2026/09/18,2026/11/12,2026-11,PUT,64875,2990,,,26.4,25.32,2920,5,2810,5,,,,,
2026/09/17 18:51,2026-09-17T19:06:07+09:00,2026/09/18,2026/11/12,2026-11,CALL,64750,2240,,,24.96,24.27,2380,27,2310,2,,,,,
2026/09/17 18:51,2026-09-17T19:06:07+09:00,2026/09/18,2026/11/12,2026-11,PUT,64750,2925,,,26.09,25.45,2820,2,2755,2,,,,,
2026/09/17 18:51,2026-09-17T19:06:07+09:00,2026/09/18,2026/11/12,2026-11,CALL,64625,2295,,,25.02,24.34,2445,1,2375,5,,,,,
2026/09/17 18:51,2026-09-17T19:06:07+09:00,2026/09/18,2026/11/12,2026-11,PUT,64625,2855,,,26.4,25.42,2785,5,2685,5,,,,,
2026/09/17 18:51,2026-09-17T19:06:07+09:00,2026/09/18,2026/11/12,2026-11,CALL,64500,2355,,,25.04,24.44,2505,3,2445,3,,,,,
2026/09/17 18:51,2026-09-17T19:06:07+09:00,2026/09/18,2026/11/12,2026-11,PUT,64500,2790,,,26.17,25.58,2695,3,2635,3,,,,,
2026/09/17 18:51,2026-09-17T19:06:07+09:00,2026/09/18,2026/11/12,2026-11,CALL,64375,2420,,,25.18,24.39,2580,5,2500,5,,,,,
2026/09/17 18:51,2026-09-17T19:06:07+09:00,2026/09/18,2026/11/12,2026-11,PUT,64375,2730,,,26.56,25.48,2670,5,2560,5,,,,,
2026/09/17 18:51,2026-09-17T19:06:07+09:00,2026/09/18,2026/11/12,2026-11,CALL,64250,2485,,,25.13,24.43,2635,2,2565,2,,,,,
2026/09/17 18:51,2026-09-17T19:06:07+09:00,2026/09/18,2026/11/12,2026-11,PUT,64250,2670,,,26.31,25.52,2580,1,2500,1,,,,,
2026/09/17 18:51,2026-09-17T19:06:07+09:00,2026/09/18,2026/11/12,2026-11,CALL,64125,2550,,,25.26,24.07,2710,1,2590,7,,,,,
2026/09/17 18:51,2026-09-17T19:06:07+09:00,2026/09/18,2026/11/12,2026-11,PUT,64125,2610,,,26.64,25.55,2550,5,2440,5,,,,,
2026/09/17 18:51,2026-09-17T19:06:07+09:00,2026/09/18,2026/11/12,2026-11,CALL,64000,2615,,,25.33,24.33,2780,1,2680,1,,,,,
2026/09/17 18:51,2026-09-17T19:06:07+09:00,2026/09/18,2026/11/12,2026-11,PUT,64000,2550,,,26.32,25.72,2455,4,2395,4,,,,,
2026/09/17 18:51,2026-09-17T19:06:07+09:00,2026/09/18,2026/11/12,2026-11,CALL,63875,2680,,,25.44,24.15,2855,1,2725,3,,,,,
2026/09/17 18:51,2026-09-17T19:06:07+09:00,2026/09/18,2026/11/12,2026-11,PUT,63875,2490,,,26.68,25.69,2430,5,2330,5,,,,,
2026/09/17 18:51,2026-09-17T19:06:07+09:00,2026/09/18,2026/11/12,2026-11,CALL,63750,2750,,,25.39,24.44,2915,2,2820,2,,,,,
2026/09/17 18:51,2026-09-17T19:06:07+09:00,2026/09/18,2026/11/12,2026-11,PUT,63750,2435,,,26.39,25.79,2340,2,2280,2,,,,,
2026/09/17 18:51,2026-09-17T19:06:07+09:00,2026/09/18,2026/11/12,2026-11,CALL,63625,2815,,,25.68,24.28,3010,3,2870,7,,,,,
2026/09/17 18:51,2026-09-17T19:06:07+09:00,2026/09/18,2026/11/12,2026-11,PUT,63625,2380,,,26.88,26.08,2330,5,2250,1,,,,,
2026/09/17 18:51,2026-09-17T19:06:07+09:00,2026/09/18,2026/11/12,2026-11,CALL,63500,2885,,,25.32,24.56,3040,9,2965,3,,,,,
2026/09/17 18:51,2026-09-17T19:06:07+09:00,2026/09/18,2026/11/12,2026-11,PUT,63500,2325,,,26.42,26.02,2225,1,2185,1,,,,,
2026/09/17 18:51,2026-09-17T19:06:07+09:00,2026/09/18,2026/11/12,2026-11,CALL,63375,2950,,,26.2,23.42,3195,3,2920,6,,,,,
2026/09/17 18:51,2026-09-17T19:06:07+09:00,2026/09/18,2026/11/12,2026-11,PUT,63375,2260,,,26.95,25.84,2220,5,2110,5,,,,,
2026/09/17 18:51,2026-09-17T19:06:07+09:00,2026/09/18,2026/11/12,2026-11,CALL,63250,3030,,,25.35,24.59,3180,2,3105,2,,,,,
2026/09/17 18:51,2026-09-17T19:06:07+09:00,2026/09/18,2026/11/12,2026-11,PUT,63250,2215,,,26.62,26.01,2130,2,2070,2,,,,,
2026/09/17 18:51,2026-09-17T19:06:07+09:00,2026/09/18,2026/11/12,2026-11,CALL,63125,3100,,,26.27,23.52,3340,3,3070,6,,,,,
2026/09/17 18:51,2026-09-17T19:06:07+09:00,2026/09/18,2026/11/12,2026-11,PUT,63125,2160,,,27.08,25.97,2120,6,2010,6,,,,,
2026/09/17 18:51,2026-09-17T19:06:07+09:00,2026/09/18,2026/11/12,2026-11,CALL,63000,3175,,,25.81,24.74,3365,5,3260,4,,,,,
2026/09/17 18:51,2026-09-17T19:06:07+09:00,2026/09/18,2026/11/12,2026-11,PUT,63000,2110,,,26.58,26.27,2015,3,1985,4,,,,,
2026/09/17 18:51,2026-09-17T19:06:07+09:00,2026/09/18,2026/11/12,2026-11,CALL,62875,3250,,,26.36,23.38,3490,3,3200,6,,,,,
2026/09/17 18:51,2026-09-17T19:06:07+09:00,2026/09/18,2026/11/12,2026-11,PUT,62875,2065,,,27.18,26.05,2020,6,1910,6,,,,,
2026/09/17 18:51,2026-09-17T19:06:07+09:00,2026/09/18,2026/11/12,2026-11,CALL,62750,3325,,,25.82,24.74,3510,2,3405,2,,,,,
2026/09/17 18:51,2026-09-17T19:06:07+09:00,2026/09/18,2026/11/12,2026-11,PUT,62750,2015,,,26.8,26.29,1930,2,1880,2,,,,,
2026/09/17 18:51,2026-09-17T19:06:07+09:00,2026/09/18,2026/11/12,2026-11,CALL,62625,3395,,,26.41,23.34,3640,3,3345,6,,,,,
2026/09/17 18:51,2026-09-17T19:06:07+09:00,2026/09/18,2026/11/12,2026-11,PUT,62625,1955,,,27.3,26.15,1925,6,1815,6,,,,,
2026/09/17 18:51,2026-09-17T19:06:07+09:00,2026/09/18,2026/11/12,2026-11,CALL,62500,3480,,,25.96,24.86,3670,3,3565,3,,,,,
2026/09/17 18:51,2026-09-17T19:06:07+09:00,2026/09/18,2026/11/12,2026-11,PUT,62500,1920,,,26.84,26.58,1830,4,1805,4,,,,,
2026/09/17 18:51,2026-09-17T19:06:07+09:00,2026/09/18,2026/11/12,2026-11,CALL,62375,3555,,,26.53,23.25,3800,3,3490,6,,,,,
2026/09/17 18:51,2026-09-17T19:06:07+09:00,2026/09/18,2026/11/12,2026-11,PUT,62375,1870,,,27.74,25.9,1865,21,1690,21,,,,,
2026/09/17 18:51,2026-09-17T19:06:07+09:00,2026/09/18,2026/11/12,2026-11,CALL,62250,3640,,,26.16,24.88,3840,3,3720,2,,,,,
2026/09/17 18:51,2026-09-17T19:06:07+09:00,2026/09/18,2026/11/12,2026-11,PUT,62250,1825,,,27.06,26.58,1750,3,1705,3,,,,,
2026/09/17 18:51,2026-09-17T19:06:07+09:00,2026/09/18,2026/11/12,2026-11,CALL,62125,3715,,,26.62,23.23,3960,3,3645,6,,,,,
2026/09/17 18:51,2026-09-17T19:06:07+09:00,2026/09/18,2026/11/12,2026-11,PUT,62125,1780,,,27.74,26.03,1765,21,1605,21,,,,,
2026/09/17 18:51,2026-09-17T19:06:07+09:00,2026/09/18,2026/11/12,2026-11,CALL,62000,3800,,,26.11,25.14,3990,14,3900,5,,,,,
2026/09/17 18:51,2026-09-17T19:06:07+09:00,2026/09/18,2026/11/12,2026-11,PUT,62000,1740,,,27.08,26.7,1655,5,1620,2,,,,,
2026/09/17 18:51,2026-09-17T19:06:07+09:00,2026/09/18,2026/11/12,2026-11,CALL,61875,3885,,,26.77,23.22,4130,3,3805,6,,,,,
2026/09/17 18:51,2026-09-17T19:06:07+09:00,2026/09/18,2026/11/12,2026-11,PUT,61875,1700,,,27.96,25.96,1690,21,1505,21,,,,,
2026/09/17 18:51,2026-09-17T19:06:07+09:00,2026/09/18,2026/11/12,2026-11,CALL,61750,3970,,,26.18,24.81,4155,1,4030,2,,,,,
2026/09/17 18:51,2026-09-17T19:06:07+09:00,2026/09/18,2026/11/12,2026-11,PUT,61750,1660,,,27.27,26.89,1580,3,1545,3,,,,,
2026/09/17 18:51,2026-09-17T19:06:07+09:00,2026/09/18,2026/11/12,2026-11,CALL,61625,4045,,,26.78,23.16,4290,3,3965,6,,,,,
2026/09/17 18:51,2026-09-17T19:06:07+09:00,2026/09/18,2026/11/12,2026-11,PUT,61625,1610,,,28.1,26.4,1610,21,1455,7,,,,,
2026/09/17 18:51,2026-09-17T19:06:07+09:00,2026/09/18,2026/11/12,2026-11,CALL,61500,4135,,,26.89,23.34,4380,3,4065,9,,,,,
2026/09/17 18:51,2026-09-17T19:06:07+09:00,2026/09/18,2026/11/12,2026-11,PUT,61500,1575,,,27.33,27.16,1495,2,1480,2,,,,,
2026/09/17 18:51,2026-09-17T19:06:07+09:00,2026/09/18,2026/11/12,2026-11,CALL,61375,4215,,,26.87,23.1,4460,3,4130,6,,,,,
2026/09/17 18:51,2026-09-17T19:06:07+09:00,2026/09/18,2026/11/12,2026-11,PUT,61375,1530,,,28.26,26.53,1535,22,1380,7,,,,,
2026/09/17 18:51,2026-09-17T19:06:07+09:00,2026/09/18,2026/11/12,2026-11,CALL,61250,4310,,,27.01,23.09,4555,2,4215,5,,,,,
2026/09/17 18:51,2026-09-17T19:06:07+09:00,2026/09/18,2026/11/12,2026-11,PUT,61250,1500,,,27.57,27.18,1430,3,1395,2,,,,,
2026/09/17 18:51,2026-09-17T19:06:07+09:00,2026/09/18,2026/11/12,2026-11,CALL,61125,4380,,,26.86,23.06,4625,3,4300,6,,,,,
2026/09/17 18:51,2026-09-17T19:06:07+09:00,2026/09/18,2026/11/12,2026-11,PUT,61125,1445,,,28.34,26.74,1455,22,1315,7,,,,,
2026/09/17 18:51,2026-09-17T19:06:07+09:00,2026/09/18,2026/11/12,2026-11,CALL,61000,4485,,,26.98,23.26,4720,7,4405,7,,,,,
2026/09/17 18:51,2026-09-17T19:06:07+09:00,2026/09/18,2026/11/12,2026-11,PUT,61000,1430,,3,27.61,27.44,1350,3,1335,2,27.14,-85,-5.94,1345,09/17 18:05
2026/09/17 18:51,2026-09-17T19:06:07+09:00,2026/09/18,2026/11/12,2026-11,CALL,60875,4565,,,27.04,23.03,4810,3,4475,6,,,,,
2026/09/17 18:51,2026-09-17T19:06:07+09:00,2026/09/18,2026/11/12,2026-11,PUT,60875,1380,,,28.72,26.86,1405,22,1245,7,,,,,
2026/09/17 18:51,2026-09-17T19:06:07+09:00,2026/09/18,2026/11/12,2026-11,CALL,60750,4665,,,27.21,22.96,4910,2,4560,5,,,,,
2026/09/17 18:51,2026-09-17T19:06:07+09:00,2026/09/18,2026/11/12,2026-11,PUT,60750,1355,,,27.85,27.56,1290,3,1265,3,,,,,
2026/09/17 18:51,2026-09-17T19:06:07+09:00,2026/09/18,2026/11/12,2026-11,CALL,60625,4740,,,27.07,22.95,4985,3,4650,6,,,,,
2026/09/17 18:51,2026-09-17T19:06:07+09:00,2026/09/18,2026/11/12,2026-11,PUT,60625,1305,,,28.61,26.41,1315,22,1130,22,,,,,
2026/09/17 18:51,2026-09-17T19:06:07+09:00,2026/09/18,2026/11/12,2026-11,CALL,60500,4845,,,27.28,22.92,5090,3,4740,9,,,,,
2026/09/17 18:51,2026-09-17T19:06:07+09:00,2026/09/18,2026/11/12,2026-11,PUT,60500,1290,,2,27.94,27.7,1220,2,1200,4,27.24,-200,-14.34,1195,09/17 18:08
2026/09/17 18:51,2026-09-17T19:06:07+09:00,2026/09/18,2026/11/12,2026-11,CALL,60250,5035,,,27.44,23.02,5280,2,4935,5,,,,,
2026/09/17 18:51,2026-09-17T19:06:07+09:00,2026/09/18,2026/11/12,2026-11,PUT,60250,1225,,,28.18,27.87,1165,3,1140,3,,,,,
2026/09/17 18:51,2026-09-17T19:06:07+09:00,2026/09/18,2026/11/12,2026-11,CALL,60000,5225,,,27.44,23.22,5460,7,5140,7,,,,,
2026/09/17 18:51,2026-09-17T19:06:07+09:00,2026/09/18,2026/11/12,2026-11,PUT,60000,1170,,2,28.26,28.07,1100,3,1085,5,27.56,-120,-10.04,1075,09/17 18:08
2026/09/17 18:51,2026-09-17T19:06:07+09:00,2026/09/18,2026/11/12,2026-11,CALL,59750,5410,,,27.66,22.88,5660,4,5310,3,,,,,
2026/09/17 18:51,2026-09-17T19:06:07+09:00,2026/09/18,2026/11/12,2026-11,PUT,59750,1105,,,28.5,28.24,1050,3,1030,3,,,,,
2026/09/17 18:51,2026-09-17T19:06:07+09:00,2026/09/18,2026/11/12,2026-11,CALL,59500,5605,,,27.78,22.84,5855,8,5505,6,,,,,
2026/09/17 18:51,2026-09-17T19:06:07+09:00,2026/09/18,2026/11/12,2026-11,PUT,59500,1050,,2,28.64,28.38,995,6,975,2,27.94,-170,-14.91,970,09/17 18:08
2026/09/17 18:51,2026-09-17T19:06:07+09:00,2026/09/18,2026/11/12,2026-11,CALL,59250,5805,,,27.93,22.82,6055,4,5705,3,,,,,
2026/09/17 18:51,2026-09-17T19:06:07+09:00,2026/09/18,2026/11/12,2026-11,PUT,59250,980,,,28.82,28.62,945,4,930,2,,,,,
2026/09/17 18:51,2026-09-17T19:06:07+09:00,2026/09/18,2026/11/12,2026-11,CALL,59000,6005,,,28.06,22.83,6255,12,5910,9,,,,,
2026/09/17 18:51,2026-09-17T19:06:07+09:00,2026/09/18,2026/11/12,2026-11,PUT,59000,950,,,28.97,28.76,895,8,880,8,,,,,
2026/09/17 18:51,2026-09-17T19:06:07+09:00,2026/09/18,2026/11/12,2026-11,CALL,58750,6205,,,28.15,22.61,6455,4,6105,3,,,,,
2026/09/17 18:51,2026-09-17T19:06:07+09:00,2026/09/18,2026/11/12,2026-11,PUT,58750,905,,,29.16,28.94,850,4,835,4,,,,,
2026/09/17 18:51,2026-09-17T19:06:07+09:00,2026/09/18,2026/11/12,2026-11,CALL,58500,6410,,,28.28,22.59,6660,8,6315,6,,,,,
2026/09/17 18:51,2026-09-17T19:06:07+09:00,2026/09/18,2026/11/12,2026-11,PUT,58500,860,,,29.39,29.09,810,6,790,6,,,,,
2026/09/17 18:51,2026-09-17T19:06:07+09:00,2026/09/18,2026/11/12,2026-11,CALL,58250,6620,,,28.45,22.42,6870,4,6520,3,,,,,
2026/09/17 18:51,2026-09-17T19:06:07+09:00,2026/09/18,2026/11/12,2026-11,PUT,58250,820,,,29.59,29.29,770,4,750,4,,,,,
2026/09/17 18:51,2026-09-17T19:06:07+09:00,2026/09/18,2026/11/12,2026-11,CALL,58000,6830,,,28.59,22.48,7080,12,6740,9,,,,,
2026/09/17 18:51,2026-09-17T19:06:07+09:00,2026/09/18,2026/11/12,2026-11,PUT,58000,780,,,29.77,29.54,730,8,715,8,,,,,
2026/09/17 18:51,2026-09-17T19:06:07+09:00,2026/09/18,2026/11/12,2026-11,CALL,57750,7040,,,28.7,22.15,7290,4,6945,3,,,,,
2026/09/17 18:51,2026-09-17T19:06:07+09:00,2026/09/18,2026/11/12,2026-11,PUT,57750,740,,,30,29.68,695,4,675,4,,,,,
2026/09/17 18:51,2026-09-17T19:06:07+09:00,2026/09/18,2026/11/12,2026-11,CALL,57500,7250,,,28.77,21.97,7500,8,7160,6,,,,,
2026/09/17 18:51,2026-09-17T19:06:07+09:00,2026/09/18,2026/11/12,2026-11,PUT,57500,700,,,30.2,29.95,660,6,645,6,,,,,
2026/09/17 18:51,2026-09-17T19:06:07+09:00,2026/09/18,2026/11/12,2026-11,CALL,57250,7470,,,28.98,21.82,7720,4,7380,3,,,,,
2026/09/17 18:51,2026-09-17T19:06:07+09:00,2026/09/18,2026/11/12,2026-11,PUT,57250,670,,,30.37,30.12,625,5,610,5,,,,,
2026/09/17 18:51,2026-09-17T19:06:07+09:00,2026/09/18,2026/11/12,2026-11,CALL,57000,7685,,,29.08,21.59,7935,12,7600,9,,,,,
2026/09/17 18:51,2026-09-17T19:06:07+09:00,2026/09/18,2026/11/12,2026-11,PUT,57000,635,,,30.61,30.34,595,32,580,24,,,,,
2026/09/17 18:51,2026-09-17T19:06:07+09:00,2026/09/18,2026/11/12,2026-11,CALL,56750,7910,,,29.33,21.25,8160,4,7820,3,,,,,
2026/09/17 18:51,2026-09-17T19:06:07+09:00,2026/09/18,2026/11/12,2026-11,PUT,56750,610,,,30.81,30.54,565,5,550,5,,,,,
2026/09/17 18:51,2026-09-17T19:06:07+09:00,2026/09/18,2026/11/12,2026-11,CALL,56500,8130,,,29.45,20.96,8380,8,8045,6,,,,,
2026/09/17 18:51,2026-09-17T19:06:07+09:00,2026/09/18,2026/11/12,2026-11,PUT,56500,580,,,31.09,30.81,540,8,525,8,,,,,
2026/09/17 18:51,2026-09-17T19:06:07+09:00,2026/09/18,2026/11/12,2026-11,CALL,56250,8350,,,29.55,20.08,8600,4,8260,2,,,,,
2026/09/17 18:51,2026-09-17T19:06:07+09:00,2026/09/18,2026/11/12,2026-11,PUT,56250,530,,,31.34,31.05,515,5,500,2,,,,,
2026/09/17 18:51,2026-09-17T19:06:07+09:00,2026/09/18,2026/11/12,2026-11,CALL,56000,8575,,,29.71,19.34,8825,9,8485,6,,,,,
2026/09/17 18:51,2026-09-17T19:06:07+09:00,2026/09/18,2026/11/12,2026-11,PUT,56000,515,,2,31.58,31.28,490,43,475,21,31.17,-45,-8.74,470,09/17 18:16
2026/09/17 18:51,2026-09-17T19:06:07+09:00,2026/09/18,2026/11/12,2026-11,CALL,55750,8795,,,29.74,17.74,9045,4,8705,3,,,,,
2026/09/17 18:51,2026-09-17T19:06:07+09:00,2026/09/18,2026/11/12,2026-11,PUT,55750,500,,,31.78,31.58,465,5,455,2,,,,,
2026/09/17 18:51,2026-09-17T19:06:07+09:00,2026/09/18,2026/11/12,2026-11,CALL,55500,9025,,,29.95,17.18,9275,8,8945,4,,,,,
2026/09/17 18:51,2026-09-17T19:06:07+09:00,2026/09/18,2026/11/12,2026-11,PUT,55500,465,,,32.07,31.75,445,8,430,8,,,,,
2026/09/17 18:51,2026-09-17T19:06:07+09:00,2026/09/18,2026/11/12,2026-11,CALL,55250,9255,,,30.15,,9505,3,9165,2,,,,,
2026/09/17 18:51,2026-09-17T19:06:07+09:00,2026/09/18,2026/11/12,2026-11,PUT,55250,455,,,32.23,32.01,420,3,410,5,,,,,
2026/09/17 18:51,2026-09-17T19:06:07+09:00,2026/09/18,2026/11/12,2026-11,CALL,55000,9480,,,30.18,,9730,12,9405,6,,,,,
2026/09/17 18:51,2026-09-17T19:06:07+09:00,2026/09/18,2026/11/12,2026-11,PUT,55000,425,,2,32.48,32.25,400,9,390,45,32.2,-25,-5.88,400,09/17 18:06
2026/09/17 18:51,2026-09-17T19:06:07+09:00,2026/09/18,2026/11/12,2026-11,CALL,54750,9710,,,30.31,,9960,4,9635,2,,,,,
2026/09/17 18:51,2026-09-17T19:06:07+09:00,2026/09/18,2026/11/12,2026-11,PUT,54750,415,,,32.82,32.59,385,5,375,2,,,,,
2026/09/17 18:51,2026-09-17T19:06:07+09:00,2026/09/18,2026/11/12,2026-11,CALL,54500,9940,,,30.41,,10190,8,9860,4,,,,,
2026/09/17 18:51,2026-09-17T19:06:07+09:00,2026/09/18,2026/11/12,2026-11,PUT,54500,385,,,33.15,32.78,370,8,355,8,,,,,
2026/09/17 18:51,2026-09-17T19:06:07+09:00,2026/09/18,2026/11/12,2026-11,CALL,54250,10175,,,30.62,,10425,4,10110,2,,,,,
2026/09/17 18:51,2026-09-17T19:06:07+09:00,2026/09/18,2026/11/12,2026-11,PUT,54250,380,,,33.34,33.08,350,5,340,5,,,,,
2026/09/17 18:51,2026-09-17T19:06:07+09:00,2026/09/18,2026/11/12,2026-11,CALL,54000,10410,,,30.81,,10660,12,10330,6,,,,,
2026/09/17 18:51,2026-09-17T19:06:07+09:00,2026/09/18,2026/11/12,2026-11,PUT,54000,355,,,33.63,33.37,335,32,325,44,,,,,
2026/09/17 18:51,2026-09-17T19:06:07+09:00,2026/09/18,2026/11/12,2026-11,CALL,53750,10640,,,30.8,,10890,4,10580,2,,,,,
2026/09/17 18:51,2026-09-17T19:06:07+09:00,2026/09/18,2026/11/12,2026-11,PUT,53750,350,,,33.9,33.63,320,3,310,5,,,,,
2026/09/17 18:51,2026-09-17T19:06:07+09:00,2026/09/18,2026/11/12,2026-11,CALL,53500,10875,,,30.92,,11125,8,10810,4,,,,,
2026/09/17 18:51,2026-09-17T19:06:07+09:00,2026/09/18,2026/11/12,2026-11,PUT,53500,335,,,34.16,34.02,305,6,300,2,,,,,
2026/09/17 18:51,2026-09-17T19:06:07+09:00,2026/09/18,2026/11/12,2026-11,CALL,53250,11110,,,31.01,,11360,4,11050,2,,,,,
2026/09/17 18:51,2026-09-17T19:06:07+09:00,2026/09/18,2026/11/12,2026-11,PUT,53250,320,,5,34.57,34.22,296,7,284,7,34.34,,,297,09/17 18:04
2026/09/17 18:51,2026-09-17T19:06:07+09:00,2026/09/18,2026/11/12,2026-11,CALL,53000,11345,,,,,,,,,,,,,
2026/09/17 18:51,2026-09-17T19:06:07+09:00,2026/09/18,2026/11/12,2026-11,PUT,53000,299,,1,34.73,34.55,279,12,273,14,34.68,1,0.33,300,09/17 17:06
2026/09/17 18:51,2026-09-17T19:06:07+09:00,2026/09/18,2026/11/12,2026-11,CALL,52750,11580,,,,,,,,,,,,,
2026/09/17 18:51,2026-09-17T19:06:07+09:00,2026/09/18,2026/11/12,2026-11,PUT,52750,288,,,35.17,34.86,272,7,262,5,,,,,
2026/09/17 18:51,2026-09-17T19:06:07+09:00,2026/09/18,2026/11/12,2026-11,CALL,52500,11820,,,,,,,,,,,,,
2026/09/17 18:51,2026-09-17T19:06:07+09:00,2026/09/18,2026/11/12,2026-11,PUT,52500,277,,,35.48,35.16,261,10,251,2,,,,,
2026/09/17 18:51,2026-09-17T19:06:07+09:00,2026/09/18,2026/11/12,2026-11,CALL,52250,12060,,,,,,,,,,,,,
2026/09/17 18:51,2026-09-17T19:06:07+09:00,2026/09/18,2026/11/12,2026-11,PUT,52250,271,,,35.78,35.45,250,8,240,8,,,,,
2026/09/17 18:51,2026-09-17T19:06:07+09:00,2026/09/18,2026/11/12,2026-11,CALL,52000,12295,,,,,,,,,,,,,
2026/09/17 18:51,2026-09-17T19:06:07+09:00,2026/09/18,2026/11/12,2026-11,PUT,52000,255,,,35.96,35.75,236,15,230,2,,,,,
2026/09/17 18:51,2026-09-17T19:06:07+09:00,2026/09/18,2026/11/12,2026-11,CALL,51750,12535,,,,,,,,,,,,,
2026/09/17 18:51,2026-09-17T19:06:07+09:00,2026/09/18,2026/11/12,2026-11,PUT,51750,244,,,36.4,36.08,230,8,221,2,,,,,
2026/09/17 18:51,2026-09-17T19:06:07+09:00,2026/09/18,2026/11/12,2026-11,CALL,51500,12775,,,,,,,,,,,,,
2026/09/17 18:51,2026-09-17T19:06:07+09:00,2026/09/18,2026/11/12,2026-11,PUT,51500,234,,,36.86,36.39,225,12,212,2,,,,,
2026/09/17 18:51,2026-09-17T19:06:07+09:00,2026/09/18,2026/11/12,2026-11,CALL,51250,13015,,,,,,,,,,,,,
2026/09/17 18:51,2026-09-17T19:06:07+09:00,2026/09/18,2026/11/12,2026-11,PUT,51250,225,,,37.17,36.64,216,7,202,2,,,,,
2026/09/17 18:51,2026-09-17T19:06:07+09:00,2026/09/18,2026/11/12,2026-11,CALL,51000,13255,,,,,,,,,,,,,
2026/09/17 18:51,2026-09-17T19:06:07+09:00,2026/09/18,2026/11/12,2026-11,PUT,51000,216,,1,37.47,36.92,207,18,193,18,37.02,-12,-5.26,216,09/17 17:17
2026/09/17 18:51,2026-09-17T19:06:07+09:00,2026/09/18,2026/11/12,2026-11,CALL,50750,13495,,,,,,,,,,,,,
2026/09/17 18:51,2026-09-17T19:06:07+09:00,2026/09/18,2026/11/12,2026-11,PUT,50750,207,,,37.84,37.31,200,7,187,7,,,,,
2026/09/17 18:51,2026-09-17T19:06:07+09:00,2026/09/18,2026/11/12,2026-11,CALL,50500,13735,,,,,,,,,,,,,
2026/09/17 18:51,2026-09-17T19:06:07+09:00,2026/09/18,2026/11/12,2026-11,PUT,50500,199,,,38.23,37.6,194,14,179,12,,,,,
2026/09/17 18:51,2026-09-17T19:06:07+09:00,2026/09/18,2026/11/12,2026-11,CALL,50250,13980,,,,,,,,,,,,,
2026/09/17 18:51,2026-09-17T19:06:07+09:00,2026/09/18,2026/11/12,2026-11,PUT,50250,191,,,38.49,37.93,185,7,172,7,,,,,
2026/09/17 18:51,2026-09-17T19:06:07+09:00,2026/09/18,2026/11/12,2026-11,CALL,50000,14220,,,,,,,,,,,,,
2026/09/17 18:51,2026-09-17T19:06:07+09:00,2026/09/18,2026/11/12,2026-11,PUT,50000,183,,,38.86,38.28,179,19,166,18,,,,,
2026/09/17 18:51,2026-09-17T19:06:07+09:00,2026/09/18,2026/11/12,2026-11,CALL,49750,14465,,,,,,,,,,,,,
2026/09/17 18:51,2026-09-17T19:06:07+09:00,2026/09/18,2026/11/12,2026-11,PUT,49750,180,,,39.18,38.53,172,8,158,10,,,,,
2026/09/17 18:51,2026-09-17T19:06:07+09:00,2026/09/18,2026/11/12,2026-11,CALL,49500,14705,,,,,,,,,,,,,
2026/09/17 18:51,2026-09-17T19:06:07+09:00,2026/09/18,2026/11/12,2026-11,PUT,49500,171,,,39.58,38.92,167,16,153,14,,,,,
2026/09/17 18:51,2026-09-17T19:06:07+09:00,2026/09/18,2026/11/12,2026-11,CALL,49250,14950,,,,,,,,,,,,,
2026/09/17 18:51,2026-09-17T19:06:07+09:00,2026/09/18,2026/11/12,2026-11,PUT,49250,163,,,39.88,39.24,160,8,147,1,,,,,
2026/09/17 18:51,2026-09-17T19:06:07+09:00,2026/09/18,2026/11/12,2026-11,CALL,49000,15195,,,,,,,,,,,,,
2026/09/17 18:51,2026-09-17T19:06:07+09:00,2026/09/18,2026/11/12,2026-11,PUT,49000,162,,1,40.21,39.6,154,21,142,1,39.76,-2,-1.23,160,09/17 17:19
2026/09/17 18:51,2026-09-17T19:06:07+09:00,2026/09/18,2026/11/12,2026-11,CALL,48750,15435,,,,,,,,,,,,,
2026/09/17 18:51,2026-09-17T19:06:07+09:00,2026/09/18,2026/11/12,2026-11,PUT,48750,151,,,40.64,39.95,150,10,137,8,,,,,
2026/09/17 18:51,2026-09-17T19:06:07+09:00,2026/09/18,2026/11/12,2026-11,CALL,48500,15680,,,,,,,,,,,,,
2026/09/17 18:51,2026-09-17T19:06:07+09:00,2026/09/18,2026/11/12,2026-11,PUT,48500,146,,,40.9,40.24,143,14,131,1,,,,,
2026/09/17 18:51,2026-09-17T19:06:07+09:00,2026/09/18,2026/11/12,2026-11,CALL,48250,15925,,,,,,,,,,,,,
2026/09/17 18:51,2026-09-17T19:06:07+09:00,2026/09/18,2026/11/12,2026-11,PUT,48250,143,,,41.3,40.57,139,8,126,10,,,,,
2026/09/17 18:51,2026-09-17T19:06:07+09:00,2026/09/18,2026/11/12,2026-11,CALL,48000,16170,,,,,,,,,,,,,
2026/09/17 18:51,2026-09-17T19:06:07+09:00,2026/09/18,2026/11/12,2026-11,PUT,48000,136,,,41.59,40.95,133,21,122,23,,,,,
2026/09/17 18:51,2026-09-17T19:06:07+09:00,2026/09/18,2026/11/12,2026-11,CALL,47750,16410,,,,,,,,,,,,,
2026/09/17 18:51,2026-09-17T19:06:07+09:00,2026/09/18,2026/11/12,2026-11,PUT,47750,131,,,42.04,41.32,130,10,118,10,,,,,
2026/09/17 18:51,2026-09-17T19:06:07+09:00,2026/09/18,2026/11/12,2026-11,CALL,47500,16660,,,,,,,,,,,,,
2026/09/17 18:51,2026-09-17T19:06:07+09:00,2026/09/18,2026/11/12,2026-11,PUT,47500,126,,,42.37,41.62,125,16,113,1,,,,,
2026/09/17 18:51,2026-09-17T19:06:07+09:00,2026/09/18,2026/11/12,2026-11,CALL,47250,16900,,,,,,,,,,,,,
2026/09/17 18:51,2026-09-17T19:06:07+09:00,2026/09/18,2026/11/12,2026-11,PUT,47250,121,,,42.74,41.97,121,12,109,1,,,,,
2026/09/17 18:51,2026-09-17T19:06:07+09:00,2026/09/18,2026/11/12,2026-11,CALL,47000,17150,,,,,,,,,,,,,
2026/09/17 18:51,2026-09-17T19:06:07+09:00,2026/09/18,2026/11/12,2026-11,PUT,47000,124,,,43.11,42.31,117,25,105,26,,,,,
2026/09/17 18:51,2026-09-17T19:06:07+09:00,2026/09/18,2026/11/12,2026-11,CALL,46750,17395,,,,,,,,,,,,,
2026/09/17 18:51,2026-09-17T19:06:07+09:00,2026/09/18,2026/11/12,2026-11,PUT,46750,112,,,43.47,42.72,113,11,102,10,,,,,
2026/09/17 18:51,2026-09-17T19:06:07+09:00,2026/09/18,2026/11/12,2026-11,CALL,46500,17640,,,,,,,,,,,,,
2026/09/17 18:51,2026-09-17T19:06:07+09:00,2026/09/18,2026/11/12,2026-11,PUT,46500,109,,,43.82,43.11,109,16,99,4,,,,,
2026/09/17 18:51,2026-09-17T19:06:07+09:00,2026/09/18,2026/11/12,2026-11,CALL,46250,17885,,,,,,,,,,,,,
2026/09/17 18:51,2026-09-17T19:06:07+09:00,2026/09/18,2026/11/12,2026-11,PUT,46250,107,,,44.16,43.43,105,10,95,10,,,,,
2026/09/17 18:51,2026-09-17T19:06:07+09:00,2026/09/18,2026/11/12,2026-11,CALL,46000,18130,,,,,,,,,,,,,
2026/09/17 18:51,2026-09-17T19:06:07+09:00,2026/09/18,2026/11/12,2026-11,PUT,46000,102,,,44.57,43.73,102,26,91,26,,,,,
2026/09/17 18:51,2026-09-17T19:06:07+09:00,2026/09/18,2026/11/12,2026-11,CALL,45750,18375,,,,,,,,,,,,,
2026/09/17 18:51,2026-09-17T19:06:07+09:00,2026/09/18,2026/11/12,2026-11,PUT,45750,99,,,44.89,44.19,98,10,89,3,,,,,
2026/09/17 18:51,2026-09-17T19:06:07+09:00,2026/09/18,2026/11/12,2026-11,CALL,45500,18625,,,,,,,,,,,,,
2026/09/17 18:51,2026-09-17T19:06:07+09:00,2026/09/18,2026/11/12,2026-11,PUT,45500,95,,,45.28,44.55,95,16,86,4,,,,,
2026/09/17 18:51,2026-09-17T19:06:07+09:00,2026/09/18,2026/11/12,2026-11,CALL,45250,18870,,,,,,,,,,,,,
2026/09/17 18:51,2026-09-17T19:06:07+09:00,2026/09/18,2026/11/12,2026-11,PUT,45250,92,,,45.66,44.83,92,10,82,12,,,,,
2026/09/17 18:51,2026-09-17T19:06:07+09:00,2026/09/18,2026/11/12,2026-11,CALL,45000,19115,,,,,,,,,,,,,
2026/09/17 18:51,2026-09-17T19:06:07+09:00,2026/09/18,2026/11/12,2026-11,PUT,45000,89,,,46.03,45.17,89,24,79,26,,,,,
2026/09/17 18:51,2026-09-17T19:06:07+09:00,2026/09/18,2026/11/12,2026-11,CALL,44750,19360,,,,,,,,,,,,,
2026/09/17 18:51,2026-09-17T19:06:07+09:00,2026/09/18,2026/11/12,2026-11,PUT,44750,85,,,46.49,45.32,87,1,74,1,,,,,
2026/09/17 18:51,2026-09-17T19:06:07+09:00,2026/09/18,2026/11/12,2026-11,CALL,44500,19610,,,,,,,,,,,,,
2026/09/17 18:51,2026-09-17T19:06:07+09:00,2026/09/18,2026/11/12,2026-11,PUT,44500,82,,,46.85,45.64,84,2,71,1,,,,,
2026/09/17 18:51,2026-09-17T19:06:07+09:00,2026/09/18,2026/11/12,2026-11,CALL,44000,20100,,,,,,,,,,,,,
2026/09/17 18:51,2026-09-17T19:06:07+09:00,2026/09/18,2026/11/12,2026-11,PUT,44000,77,,,47.82,46.36,81,1,66,1,,,,,
2026/09/17 18:51,2026-09-17T19:06:07+09:00,2026/09/18,2026/11/12,2026-11,CALL,43000,21090,,,,,,,,,,,,,
2026/09/17 18:51,2026-09-17T19:06:07+09:00,2026/09/18,2026/11/12,2026-11,PUT,43000,67,,,49.45,47.78,72,1,57,1,,,,,
2026/09/17 18:51,2026-09-17T19:06:07+09:00,2026/09/18,2026/11/12,2026-11,CALL,42000,22080,,,,,,,,,,,,,
2026/09/17 18:51,2026-09-17T19:06:07+09:00,2026/09/18,2026/11/12,2026-11,PUT,42000,60,,,51.09,49.19,64,1,49,1,,,,,
2026/09/17 18:51,2026-09-17T19:06:07+09:00,2026/09/18,2026/11/12,2026-11,CALL,41000,23070,,,,,,,,,,,,,
2026/09/17 18:51,2026-09-17T19:06:07+09:00,2026/09/18,2026/11/12,2026-11,PUT,41000,53,,,52.76,50.6,57,1,42,1,,,,,
2026/09/17 18:51,2026-09-17T19:06:07+09:00,2026/09/18,2026/11/12,2026-11,CALL,40000,24065,,,,,,,,,,,,,
2026/09/17 18:51,2026-09-17T19:06:07+09:00,2026/09/18,2026/11/12,2026-11,PUT,40000,48,,,53.73,52.22,46,1,37,1,,,,,
2026/09/17 18:51,2026-09-17T19:06:07+09:00,2026/09/18,2026/11/12,2026-11,CALL,39000,25055,,,,,,,,,,,,,
2026/09/17 18:51,2026-09-17T19:06:07+09:00,2026/09/18,2026/11/12,2026-11,PUT,39000,42,,2,56.13,53.93,45,27,33,63,54.67,,,40,09/17 17:22
2026/09/17 18:51,2026-09-17T19:06:07+09:00,2026/09/18,2026/11/12,2026-11,CALL,38000,26050,,,,,,,,,,,,,
2026/09/17 18:51,2026-09-17T19:06:07+09:00,2026/09/18,2026/11/12,2026-11,PUT,38000,38,,,58.75,40.48,45,7,1,26,,,,,
2026/09/17 18:51,2026-09-17T19:06:07+09:00,2026/09/18,2026/11/12,2026-11,CALL,37000,27040,,,,,,,,,,,,,
2026/09/17 18:51,2026-09-17T19:06:07+09:00,2026/09/18,2026/11/12,2026-11,PUT,37000,31,,1,59.06,57.12,33,2,25,27,58.03,,,31,09/17 17:35
2026/09/17 18:51,2026-09-17T19:06:07+09:00,2026/09/18,2026/11/12,2026-11,CALL,36000,28035,,,,,,,,,,,,,
2026/09/17 18:51,2026-09-17T19:06:07+09:00,2026/09/18,2026/11/12,2026-11,PUT,36000,26,,,61.72,44.4,33,2,1,26,,,,,
2026/09/17 18:51,2026-09-17T19:06:07+09:00,2026/09/18,2026/11/12,2026-11,CALL,35000,29030,,,,,,,,,,,,,
2026/09/17 18:51,2026-09-17T19:06:07+09:00,2026/09/18,2026/11/12,2026-11,PUT,35000,27,,1,63.71,59.71,30,63,17,75,61.76,-4,-14.81,23,09/17 18:35
2026/09/17 18:51,2026-09-17T19:06:07+09:00,2026/09/18,2026/12/10,2026-12,CALL,73000,530,,1,24.29,23.61,580,27,530,6,23.19,10,2.13,480,09/17 17:51
2026/09/17 18:51,2026-09-17T19:06:07+09:00,2026/09/18,2026/12/10,2026-12,PUT,73000,9305,,,28.57,22.08,9555,12,9055,12,,,,,
2026/09/17 18:51,2026-09-17T19:06:07+09:00,2026/09/18,2026/12/10,2026-12,CALL,72750,575,,,25.28,22.25,690,2,465,2,,,,,
2026/09/17 18:51,2026-09-17T19:06:07+09:00,2026/09/18,2026/12/10,2026-12,PUT,72750,9095,,,28.55,22.25,9345,4,8845,1,,,,,
2026/09/17 18:51,2026-09-17T19:06:07+09:00,2026/09/18,2026/12/10,2026-12,CALL,72500,610,,,25.14,22.67,715,4,525,18,,,,,
2026/09/17 18:51,2026-09-17T19:06:07+09:00,2026/09/18,2026/12/10,2026-12,PUT,72500,8885,,,28.51,22.39,9135,8,8635,2,,,,,
2026/09/17 18:51,2026-09-17T19:06:07+09:00,2026/09/18,2026/12/10,2026-12,CALL,72250,640,,,25.22,22.37,760,2,535,2,,,,,
2026/09/17 18:51,2026-09-17T19:06:07+09:00,2026/09/18,2026/12/10,2026-12,PUT,72250,8660,,,28.3,22.3,8910,4,8410,4,,,,,
2026/09/17 18:51,2026-09-17T19:06:07+09:00,2026/09/18,2026/12/10,2026-12,CALL,72000,675,,,24.93,22.78,775,6,600,6,,,,,
2026/09/17 18:51,2026-09-17T19:06:07+09:00,2026/09/18,2026/12/10,2026-12,PUT,72000,8450,,,28.24,22.39,8700,12,8200,12,,,,,
2026/09/17 18:51,2026-09-17T19:06:07+09:00,2026/09/18,2026/12/10,2026-12,CALL,71750,720,,,25.26,22.39,845,10,605,2,,,,,
2026/09/17 18:51,2026-09-17T19:06:07+09:00,2026/09/18,2026/12/10,2026-12,PUT,71750,8245,,,28.21,22.51,8495,4,7995,1,,,,,
2026/09/17 18:51,2026-09-17T19:06:07+09:00,2026/09/18,2026/12/10,2026-12,CALL,71500,760,,,25.11,22.54,875,4,655,4,,,,,
2026/09/17 18:51,2026-09-17T19:06:07+09:00,2026/09/18,2026/12/10,2026-12,PUT,71500,8030,,,28.06,22.48,8280,8,7780,8,,,,,
2026/09/17 18:51,2026-09-17T19:06:07+09:00,2026/09/18,2026/12/10,2026-12,CALL,71250,810,,,25.27,22.43,935,2,685,2,,,,,
2026/09/17 18:51,2026-09-17T19:06:07+09:00,2026/09/18,2026/12/10,2026-12,PUT,71250,7835,,,28.11,22.67,8085,4,7585,1,,,,,
2026/09/17 18:51,2026-09-17T19:06:07+09:00,2026/09/18,2026/12/10,2026-12,CALL,71000,840,,,24.6,22.94,920,21,770,3,,,,,
2026/09/17 18:51,2026-09-17T19:06:07+09:00,2026/09/18,2026/12/10,2026-12,PUT,71000,7630,,,28.03,22.71,7880,12,7380,3,,,,,
2026/09/17 18:51,2026-09-17T19:06:07+09:00,2026/09/18,2026/12/10,2026-12,CALL,70750,890,,,25.2,22.55,1025,1,780,1,,,,,
2026/09/17 18:51,2026-09-17T19:06:07+09:00,2026/09/18,2026/12/10,2026-12,PUT,70750,7420,,,27.89,22.66,7670,4,7170,4,,,,,
2026/09/17 18:51,2026-09-17T19:06:07+09:00,2026/09/18,2026/12/10,2026-12,CALL,70500,945,,,25.08,22.71,1065,2,840,2,,,,,
2026/09/17 18:51,2026-09-17T19:06:07+09:00,2026/09/18,2026/12/10,2026-12,PUT,70500,7220,,,27.83,22.71,7470,8,6970,8,,,,,
2026/09/17 18:51,2026-09-17T19:06:07+09:00,2026/09/18,2026/12/10,2026-12,CALL,70250,980,,,25.2,22.62,1130,8,880,1,,,,,
2026/09/17 18:51,2026-09-17T19:06:07+09:00,2026/09/18,2026/12/10,2026-12,PUT,70250,7020,,,27.75,22.73,7270,4,6770,4,,,,,
2026/09/17 18:51,2026-09-17T19:06:07+09:00,2026/09/18,2026/12/10,2026-12,CALL,70000,1050,,,24.9,22.98,1155,3,965,3,,,,,
2026/09/17 18:51,2026-09-17T19:06:07+09:00,2026/09/18,2026/12/10,2026-12,PUT,70000,6830,,,27.75,22.83,7080,12,6580,12,,,,,
2026/09/17 18:51,2026-09-17T19:06:07+09:00,2026/09/18,2026/12/10,2026-12,CALL,69750,1095,,,25.27,22.65,1250,1,985,1,,,,,
2026/09/17 18:51,2026-09-17T19:06:07+09:00,2026/09/18,2026/12/10,2026-12,PUT,69750,6630,,,27.64,22.8,6880,4,6380,4,,,,,
2026/09/17 18:51,2026-09-17T19:06:07+09:00,2026/09/18,2026/12/10,2026-12,CALL,69500,1150,,,25.13,22.85,1295,2,1060,2,,,,,
2026/09/17 18:51,2026-09-17T19:06:07+09:00,2026/09/18,2026/12/10,2026-12,PUT,69500,6440,,,27.6,22.85,6690,8,6190,8,,,,,
2026/09/17 18:51,2026-09-17T19:06:07+09:00,2026/09/18,2026/12/10,2026-12,CALL,69250,1215,,,25.34,22.67,1380,1,1100,1,,,,,
2026/09/17 18:51,2026-09-17T19:06:07+09:00,2026/09/18,2026/12/10,2026-12,PUT,69250,6250,,,27.54,22.87,6500,4,6000,4,,,,,
2026/09/17 18:51,2026-09-17T19:06:07+09:00,2026/09/18,2026/12/10,2026-12,CALL,69000,1275,,,24.97,23.1,1405,3,1205,3,,,,,
2026/09/17 18:51,2026-09-17T19:06:07+09:00,2026/09/18,2026/12/10,2026-12,PUT,69000,6055,,,27.42,22.82,6305,12,5805,12,,,,,
2026/09/17 18:51,2026-09-17T19:06:07+09:00,2026/09/18,2026/12/10,2026-12,CALL,68750,1350,,,25.36,22.74,1515,1,1230,1,,,,,
2026/09/17 18:51,2026-09-17T19:06:07+09:00,2026/09/18,2026/12/10,2026-12,PUT,68750,5885,,,27.51,22.98,6135,4,5635,4,,,,,
2026/09/17 18:51,2026-09-17T19:06:07+09:00,2026/09/18,2026/12/10,2026-12,CALL,68500,1410,,,25.23,23.01,1570,2,1325,2,,,,,
2026/09/17 18:51,2026-09-17T19:06:07+09:00,2026/09/18,2026/12/10,2026-12,PUT,68500,5700,,,27.44,22.97,5950,8,5450,8,,,,,
2026/09/17 18:51,2026-09-17T19:06:07+09:00,2026/09/18,2026/12/10,2026-12,CALL,68250,1485,,,25.43,22.8,1665,1,1370,1,,,,,
2026/09/17 18:51,2026-09-17T19:06:07+09:00,2026/09/18,2026/12/10,2026-12,PUT,68250,5525,,,27.44,23.03,5775,4,5275,4,,,,,
2026/09/17 18:51,2026-09-17T19:06:07+09:00,2026/09/18,2026/12/10,2026-12,CALL,68125,1530,,,25.41,22.84,1700,1,1410,1,,,,,
2026/09/17 18:51,2026-09-17T19:06:07+09:00,2026/09/18,2026/12/10,2026-12,PUT,68125,5440,,,27.45,23.07,5690,4,5190,4,,,,,
2026/09/17 18:51,2026-09-17T19:06:07+09:00,2026/09/18,2026/12/10,2026-12,CALL,68000,1570,,,25.17,23.19,1710,3,1485,3,,,,,
2026/09/17 18:51,2026-09-17T19:06:07+09:00,2026/09/18,2026/12/10,2026-12,PUT,68000,5355,,,27.16,23.1,5570,3,5105,12,,,,,
2026/09/17 18:51,2026-09-17T19:06:07+09:00,2026/09/18,2026/12/10,2026-12,CALL,67875,1605,,,25.53,22.87,1790,1,1485,1,,,,,
2026/09/17 18:51,2026-09-17T19:06:07+09:00,2026/09/18,2026/12/10,2026-12,PUT,67875,5265,,,27.42,23.09,5515,4,5015,4,,,,,
2026/09/17 18:51,2026-09-17T19:06:07+09:00,2026/09/18,2026/12/10,2026-12,CALL,67750,1645,,,25.49,22.89,1825,1,1525,1,,,,,
2026/09/17 18:51,2026-09-17T19:06:07+09:00,2026/09/18,2026/12/10,2026-12,PUT,67750,5185,,,27.46,23.15,5435,4,4935,4,,,,,
2026/09/17 18:51,2026-09-17T19:06:07+09:00,2026/09/18,2026/12/10,2026-12,CALL,67625,1685,,,25.49,22.91,1865,1,1565,1,,,,,
2026/09/17 18:51,2026-09-17T19:06:07+09:00,2026/09/18,2026/12/10,2026-12,PUT,67625,5100,,,27.32,23.17,5335,1,4850,4,,,,,
2026/09/17 18:51,2026-09-17T19:06:07+09:00,2026/09/18,2026/12/10,2026-12,CALL,67500,1725,,,25.45,23.09,1900,2,1625,2,,,,,
2026/09/17 18:51,2026-09-17T19:06:07+09:00,2026/09/18,2026/12/10,2026-12,PUT,67500,5015,,,27.1,23.17,5225,2,4765,8,,,,,
2026/09/17 18:51,2026-09-17T19:06:07+09:00,2026/09/18,2026/12/10,2026-12,CALL,67375,1755,,,24.76,23.82,1860,6,1750,6,,,,,
2026/09/17 18:51,2026-09-17T19:06:07+09:00,2026/09/18,2026/12/10,2026-12,PUT,67375,4935,,,27.21,23.22,5155,1,4685,4,,,,,
2026/09/17 18:51,2026-09-17T19:06:07+09:00,2026/09/18,2026/12/10,2026-12,CALL,67250,1795,,,24.74,23.81,1900,7,1790,7,,,,,
2026/09/17 18:51,2026-09-17T19:06:07+09:00,2026/09/18,2026/12/10,2026-12,PUT,67250,4850,,,27.14,23.21,5065,1,4600,4,,,,,
2026/09/17 18:51,2026-09-17T19:06:07+09:00,2026/09/18,2026/12/10,2026-12,CALL,67125,1835,,,24.77,23.84,1945,6,1835,6,,,,,
2026/09/17 18:51,2026-09-17T19:06:07+09:00,2026/09/18,2026/12/10,2026-12,PUT,67125,4770,,,27.07,23.25,4975,1,4520,4,,,,,
2026/09/17 18:51,2026-09-17T19:06:07+09:00,2026/09/18,2026/12/10,2026-12,CALL,67000,1880,,,24.78,23.86,1990,18,1880,18,,,,,
2026/09/17 18:51,2026-09-17T19:06:07+09:00,2026/09/18,2026/12/10,2026-12,PUT,67000,4690,,,26.71,23.27,4850,3,4440,12,,,,,
2026/09/17 18:51,2026-09-17T19:06:07+09:00,2026/09/18,2026/12/10,2026-12,CALL,66875,1925,,,24.8,23.88,2035,5,1925,5,,,,,
2026/09/17 18:51,2026-09-17T19:06:07+09:00,2026/09/18,2026/12/10,2026-12,PUT,66875,4615,,,26.96,23.33,4800,1,4365,4,,,,,
2026/09/17 18:51,2026-09-17T19:06:07+09:00,2026/09/18,2026/12/10,2026-12,CALL,66750,1975,,,24.84,23.93,2085,6,1975,6,,,,,
2026/09/17 18:51,2026-09-17T19:06:07+09:00,2026/09/18,2026/12/10,2026-12,PUT,66750,4530,,,26.91,23.3,4715,1,4280,4,,,,,
2026/09/17 18:51,2026-09-17T19:06:07+09:00,2026/09/18,2026/12/10,2026-12,CALL,66625,2025,,,24.84,23.93,2130,5,2020,5,,,,,
2026/09/17 18:51,2026-09-17T19:06:07+09:00,2026/09/18,2026/12/10,2026-12,PUT,66625,4450,,,26.86,23.3,4630,1,4200,4,,,,,
2026/09/17 18:51,2026-09-17T19:06:07+09:00,2026/09/18,2026/12/10,2026-12,CALL,66500,2065,,,24.87,23.97,2180,10,2070,10,,,,,
2026/09/17 18:51,2026-09-17T19:06:07+09:00,2026/09/18,2026/12/10,2026-12,PUT,66500,4385,,,26.65,23.43,4525,2,4135,8,,,,,
2026/09/17 18:51,2026-09-17T19:06:07+09:00,2026/09/18,2026/12/10,2026-12,CALL,66375,2120,,,24.9,24,2230,5,2120,5,,,,,
2026/09/17 18:51,2026-09-17T19:06:07+09:00,2026/09/18,2026/12/10,2026-12,PUT,66375,4310,,,26.75,23.46,4460,1,4060,4,,,,,
2026/09/17 18:51,2026-09-17T19:06:07+09:00,2026/09/18,2026/12/10,2026-12,CALL,66250,2170,,,25.05,24.39,2295,1,2215,2,,,,,
2026/09/17 18:51,2026-09-17T19:06:07+09:00,2026/09/18,2026/12/10,2026-12,PUT,66250,4240,,,26.68,23.53,4375,1,3990,4,,,,,
2026/09/17 18:51,2026-09-17T19:06:07+09:00,2026/09/18,2026/12/10,2026-12,CALL,66125,2220,,,25.06,24.41,2345,1,2265,1,,,,,
2026/09/17 18:51,2026-09-17T19:06:07+09:00,2026/09/18,2026/12/10,2026-12,PUT,66125,4160,,,26.65,23.51,4295,1,3910,4,,,,,
2026/09/17 18:51,2026-09-17T19:06:07+09:00,2026/09/18,2026/12/10,2026-12,CALL,66000,2265,,,25.07,24.46,2395,3,2320,16,,,,,
2026/09/17 18:51,2026-09-17T19:06:07+09:00,2026/09/18,2026/12/10,2026-12,PUT,66000,4090,,,26.25,23.56,4170,3,3840,15,,,,,
2026/09/17 18:51,2026-09-17T19:06:07+09:00,2026/09/18,2026/12/10,2026-12,CALL,65875,2325,,,25.03,24.38,2440,5,2360,1,,,,,
2026/09/17 18:51,2026-09-17T19:06:07+09:00,2026/09/18,2026/12/10,2026-12,PUT,65875,4010,,,26.54,24.05,4130,1,3825,1,,,,,
2026/09/17 18:51,2026-09-17T19:06:07+09:00,2026/09/18,2026/12/10,2026-12,CALL,65750,2375,,,25.15,24.5,2505,1,2425,2,,,,,
2026/09/17 18:51,2026-09-17T19:06:07+09:00,2026/09/18,2026/12/10,2026-12,PUT,65750,3945,,,25.07,24.38,3875,1,3790,1,,,,,
2026/09/17 18:51,2026-09-17T19:06:07+09:00,2026/09/18,2026/12/10,2026-12,CALL,65625,2430,,,25.18,24.53,2560,1,2480,1,,,,,
2026/09/17 18:51,2026-09-17T19:06:07+09:00,2026/09/18,2026/12/10,2026-12,PUT,65625,3875,,,25.1,24.41,3805,1,3720,5,,,,,
2026/09/17 18:51,2026-09-17T19:06:07+09:00,2026/09/18,2026/12/10,2026-12,CALL,65500,2485,,,25.2,24.56,2615,2,2535,11,,,,,
2026/09/17 18:51,2026-09-17T19:06:07+09:00,2026/09/18,2026/12/10,2026-12,PUT,65500,3800,,,25.08,24.43,3730,2,3650,10,,,,,
2026/09/17 18:51,2026-09-17T19:06:07+09:00,2026/09/18,2026/12/10,2026-12,CALL,65375,2540,,,25.26,24.62,2675,1,2595,1,,,,,
2026/09/17 18:51,2026-09-17T19:06:07+09:00,2026/09/18,2026/12/10,2026-12,PUT,65375,3735,,,25.1,24.45,3660,1,3580,5,,,,,
2026/09/17 18:51,2026-09-17T19:06:07+09:00,2026/09/18,2026/12/10,2026-12,CALL,65250,2595,,,25.27,24.63,2730,1,2650,2,,,,,
2026/09/17 18:51,2026-09-17T19:06:07+09:00,2026/09/18,2026/12/10,2026-12,PUT,65250,3660,,,25.15,24.51,3595,1,3515,6,,,,,
2026/09/17 18:51,2026-09-17T19:06:07+09:00,2026/09/18,2026/12/10,2026-12,CALL,65125,2655,,,25.32,24.67,2790,1,2710,1,,,,,
2026/09/17 18:51,2026-09-17T19:06:07+09:00,2026/09/18,2026/12/10,2026-12,PUT,65125,3595,,,25.2,24.55,3530,1,3450,5,,,,,
2026/09/17 18:51,2026-09-17T19:06:07+09:00,2026/09/18,2026/12/10,2026-12,CALL,65000,2710,,,25.24,24.59,2835,15,2755,3,,,,,
2026/09/17 18:51,2026-09-17T19:06:07+09:00,2026/09/18,2026/12/10,2026-12,PUT,65000,3535,,1,25.24,24.59,3465,3,3385,15,25.14,,,3440,09/17 18:40
2026/09/17 18:51,2026-09-17T19:06:07+09:00,2026/09/18,2026/12/10,2026-12,CALL,64875,2770,,,25.43,24.75,2915,1,2830,1,,,,,
2026/09/17 18:51,2026-09-17T19:06:07+09:00,2026/09/18,2026/12/10,2026-12,PUT,64875,3465,,,25.27,24.63,3400,1,3320,5,,,,,
2026/09/17 18:51,2026-09-17T19:06:07+09:00,2026/09/18,2026/12/10,2026-12,CALL,64750,2830,,,25.46,24.77,2975,1,2890,2,,,,,
2026/09/17 18:51,2026-09-17T19:06:07+09:00,2026/09/18,2026/12/10,2026-12,PUT,64750,3405,,,25.54,24.65,3365,6,3255,6,,,,,
2026/09/17 18:51,2026-09-17T19:06:07+09:00,2026/09/18,2026/12/10,2026-12,CALL,64625,2895,,,25.36,24.67,3020,5,2935,1,,,,,
2026/09/17 18:51,2026-09-17T19:06:07+09:00,2026/09/18,2026/12/10,2026-12,PUT,64625,3335,,,25.36,24.71,3275,1,3195,5,,,,,
2026/09/17 18:51,2026-09-17T19:06:07+09:00,2026/09/18,2026/12/10,2026-12,CALL,64500,2960,,,25.54,24.85,3100,2,3015,3,,,,,
2026/09/17 18:51,2026-09-17T19:06:07+09:00,2026/09/18,2026/12/10,2026-12,PUT,64500,3275,,,25.62,24.73,3240,10,3130,10,,,,,
2026/09/17 18:51,2026-09-17T19:06:07+09:00,2026/09/18,2026/12/10,2026-12,CALL,64375,3020,,,26.51,23.28,3280,1,2880,1,,,,,
2026/09/17 18:51,2026-09-17T19:06:07+09:00,2026/09/18,2026/12/10,2026-12,PUT,64375,3215,,,25.66,24.78,3180,5,3070,5,,,,,
2026/09/17 18:51,2026-09-17T19:06:07+09:00,2026/09/18,2026/12/10,2026-12,CALL,64250,3100,,,26.6,23.24,3350,6,2935,1,,,,,
2026/09/17 18:51,2026-09-17T19:06:07+09:00,2026/09/18,2026/12/10,2026-12,PUT,64250,3150,,,25.71,24.82,3120,6,3010,6,,,,,
2026/09/17 18:51,2026-09-17T19:06:07+09:00,2026/09/18,2026/12/10,2026-12,CALL,64125,3165,,,26.63,23.19,3415,4,2990,1,,,,,
2026/09/17 18:51,2026-09-17T19:06:07+09:00,2026/09/18,2026/12/10,2026-12,PUT,64125,3090,,,25.74,24.85,3060,5,2950,5,,,,,
2026/09/17 18:51,2026-09-17T19:06:07+09:00,2026/09/18,2026/12/10,2026-12,CALL,64000,3230,,,26.67,23.46,3480,12,3085,3,,,,,
2026/09/17 18:51,2026-09-17T19:06:07+09:00,2026/09/18,2026/12/10,2026-12,PUT,64000,3030,,,25.25,24.88,2935,1,2890,20,,,,,
2026/09/17 18:51,2026-09-17T19:06:07+09:00,2026/09/18,2026/12/10,2026-12,CALL,63875,3295,,,26.69,23.11,3545,4,3105,1,,,,,
2026/09/17 18:51,2026-09-17T19:06:07+09:00,2026/09/18,2026/12/10,2026-12,PUT,63875,2970,,,25.84,24.94,2945,5,2835,5,,,,,
2026/09/17 18:51,2026-09-17T19:06:07+09:00,2026/09/18,2026/12/10,2026-12,CALL,63750,3365,,,26.75,23.08,3615,4,3165,1,,,,,
2026/09/17 18:51,2026-09-17T19:06:07+09:00,2026/09/18,2026/12/10,2026-12,PUT,63750,2915,,,25.9,25,2890,6,2780,6,,,,,
2026/09/17 18:51,2026-09-17T19:06:07+09:00,2026/09/18,2026/12/10,2026-12,CALL,63625,3435,,,26.81,23.05,3685,4,3225,1,,,,,
2026/09/17 18:51,2026-09-17T19:06:07+09:00,2026/09/18,2026/12/10,2026-12,PUT,63625,2860,,,25.95,25.05,2835,5,2725,5,,,,,
2026/09/17 18:51,2026-09-17T19:06:07+09:00,2026/09/18,2026/12/10,2026-12,CALL,63500,3500,,,26.81,23.12,3750,8,3300,2,,,,,
2026/09/17 18:51,2026-09-17T19:06:07+09:00,2026/09/18,2026/12/10,2026-12,PUT,63500,2805,,,25.99,25.09,2780,10,2670,10,,,,,
2026/09/17 18:51,2026-09-17T19:06:07+09:00,2026/09/18,2026/12/10,2026-12,CALL,63375,3575,,,26.9,22.95,3825,4,3345,1,,,,,
2026/09/17 18:51,2026-09-17T19:06:07+09:00,2026/09/18,2026/12/10,2026-12,PUT,63375,2755,,,26.03,25.13,2725,5,2615,5,,,,,
2026/09/17 18:51,2026-09-17T19:06:07+09:00,2026/09/18,2026/12/10,2026-12,CALL,63250,3635,,,26.85,22.89,3885,4,3405,1,,,,,
2026/09/17 18:51,2026-09-17T19:06:07+09:00,2026/09/18,2026/12/10,2026-12,PUT,63250,2695,,,26.07,25.16,2670,7,2560,7,,,,,
2026/09/17 18:51,2026-09-17T19:06:07+09:00,2026/09/18,2026/12/10,2026-12,CALL,63125,3705,,,26.88,22.86,3955,4,3470,1,,,,,
2026/09/17 18:51,2026-09-17T19:06:07+09:00,2026/09/18,2026/12/10,2026-12,PUT,63125,2640,,,26.13,25.23,2620,6,2510,6,,,,,
2026/09/17 18:51,2026-09-17T19:06:07+09:00,2026/09/18,2026/12/10,2026-12,CALL,63000,3780,,,26.94,23.16,4030,12,3575,3,,,,,
2026/09/17 18:51,2026-09-17T19:06:07+09:00,2026/09/18,2026/12/10,2026-12,PUT,63000,2595,,,26.2,25.24,2570,18,2455,20,,,,,
2026/09/17 18:51,2026-09-17T19:06:07+09:00,2026/09/18,2026/12/10,2026-12,CALL,62875,3860,,,27.04,22.87,4110,4,3610,4,,,,,
2026/09/17 18:51,2026-09-17T19:06:07+09:00,2026/09/18,2026/12/10,2026-12,PUT,62875,2540,,,26,25.34,2490,6,2410,6,,,,,
2026/09/17 18:51,2026-09-17T19:06:07+09:00,2026/09/18,2026/12/10,2026-12,CALL,62750,3925,,,27.01,22.83,4175,4,3675,4,,,,,
2026/09/17 18:51,2026-09-17T19:06:07+09:00,2026/09/18,2026/12/10,2026-12,PUT,62750,2480,,,27.1,24.46,2565,1,2250,1,,,,,
2026/09/17 18:51,2026-09-17T19:06:07+09:00,2026/09/18,2026/12/10,2026-12,CALL,62625,4005,,,27.1,22.9,4255,4,3755,4,,,,,
2026/09/17 18:51,2026-09-17T19:06:07+09:00,2026/09/18,2026/12/10,2026-12,PUT,62625,2435,,,27.15,24.58,2515,1,2210,1,,,,,
2026/09/17 18:51,2026-09-17T19:06:07+09:00,2026/09/18,2026/12/10,2026-12,CALL,62500,4075,,,27.1,22.87,4325,8,3825,8,,,,,
2026/09/17 18:51,2026-09-17T19:06:07+09:00,2026/09/18,2026/12/10,2026-12,PUT,62500,2385,,,27.06,24.78,2450,2,2180,2,,,,,
2026/09/17 18:51,2026-09-17T19:06:07+09:00,2026/09/18,2026/12/10,2026-12,CALL,62375,4150,,,27.14,22.89,4400,4,3900,4,,,,,
2026/09/17 18:51,2026-09-17T19:06:07+09:00,2026/09/18,2026/12/10,2026-12,PUT,62375,2330,,,27.27,24.68,2420,1,2115,1,,,,,
2026/09/17 18:51,2026-09-17T19:06:07+09:00,2026/09/18,2026/12/10,2026-12,CALL,62250,4230,,,27.21,22.94,4480,4,3980,4,,,,,
2026/09/17 18:51,2026-09-17T19:06:07+09:00,2026/09/18,2026/12/10,2026-12,PUT,62250,2285,,,27.34,24.65,2375,1,2060,1,,,,,
2026/09/17 18:51,2026-09-17T19:06:07+09:00,2026/09/18,2026/12/10,2026-12,CALL,62125,4315,,,27.32,23.02,4565,4,4065,4,,,,,
2026/09/17 18:51,2026-09-17T19:06:07+09:00,2026/09/18,2026/12/10,2026-12,PUT,62125,2250,,,27.36,24.79,2325,1,2025,1,,,,,
2026/09/17 18:51,2026-09-17T19:06:07+09:00,2026/09/18,2026/12/10,2026-12,CALL,62000,4380,,,27.25,22.93,4630,12,4130,12,,,,,
2026/09/17 18:51,2026-09-17T19:06:07+09:00,2026/09/18,2026/12/10,2026-12,PUT,62000,2205,,,27.08,25.14,2240,3,2015,3,,,,,
2026/09/17 18:51,2026-09-17T19:06:07+09:00,2026/09/18,2026/12/10,2026-12,CALL,61875,4460,,,27.3,22.95,4710,4,4210,4,,,,,
2026/09/17 18:51,2026-09-17T19:06:07+09:00,2026/09/18,2026/12/10,2026-12,PUT,61875,2155,,,27.48,24.92,2235,1,1940,1,,,,,
2026/09/17 18:51,2026-09-17T19:06:07+09:00,2026/09/18,2026/12/10,2026-12,CALL,61750,4535,,,27.31,22.93,4785,4,4285,4,,,,,
2026/09/17 18:51,2026-09-17T19:06:07+09:00,2026/09/18,2026/12/10,2026-12,PUT,61750,2110,,,27.53,24.95,2190,1,1895,1,,,,,
2026/09/17 18:51,2026-09-17T19:06:07+09:00,2026/09/18,2026/12/10,2026-12,CALL,61625,4615,,,27.35,22.94,4865,4,4365,4,,,,,
2026/09/17 18:51,2026-09-17T19:06:07+09:00,2026/09/18,2026/12/10,2026-12,PUT,61625,2070,,,27.61,25.03,2150,1,1855,1,,,,,
2026/09/17 18:51,2026-09-17T19:06:07+09:00,2026/09/18,2026/12/10,2026-12,CALL,61500,4700,,,27.43,22.99,4950,8,4450,8,,,,,
2026/09/17 18:51,2026-09-17T19:06:07+09:00,2026/09/18,2026/12/10,2026-12,PUT,61500,2020,,,27.43,25.27,2080,2,1835,2,,,,,
2026/09/17 18:51,2026-09-17T19:06:07+09:00,2026/09/18,2026/12/10,2026-12,CALL,61375,4780,,,27.46,22.99,5030,4,4530,4,,,,,
2026/09/17 18:51,2026-09-17T19:06:07+09:00,2026/09/18,2026/12/10,2026-12,PUT,61375,1970,,,27.73,25.15,2065,1,1775,1,,,,,
2026/09/17 18:51,2026-09-17T19:06:07+09:00,2026/09/18,2026/12/10,2026-12,CALL,61250,4865,,,27.53,23.02,5115,4,4615,4,,,,,
2026/09/17 18:51,2026-09-17T19:06:07+09:00,2026/09/18,2026/12/10,2026-12,PUT,61250,1940,,,27.8,25.25,2025,1,1740,8,,,,,
2026/09/17 18:51,2026-09-17T19:06:07+09:00,2026/09/18,2026/12/10,2026-12,CALL,61125,4950,,,27.59,23.05,5200,4,4700,4,,,,,
2026/09/17 18:51,2026-09-17T19:06:07+09:00,2026/09/18,2026/12/10,2026-12,PUT,61125,1885,,,27.82,25.25,1980,1,1695,1,,,,,
2026/09/17 18:51,2026-09-17T19:06:07+09:00,2026/09/18,2026/12/10,2026-12,CALL,61000,5035,,,27.65,23.07,5285,12,4785,12,,,,,
2026/09/17 18:51,2026-09-17T19:06:07+09:00,2026/09/18,2026/12/10,2026-12,PUT,61000,1860,,,27.56,25.7,1905,3,1700,3,,,,,
2026/09/17 18:51,2026-09-17T19:06:07+09:00,2026/09/18,2026/12/10,2026-12,CALL,60875,5120,,,27.7,23.08,5370,4,4870,4,,,,,
2026/09/17 18:51,2026-09-17T19:06:07+09:00,2026/09/18,2026/12/10,2026-12,PUT,60875,1805,,,27.97,25.41,1905,1,1625,1,,,,,
2026/09/17 18:51,2026-09-17T19:06:07+09:00,2026/09/18,2026/12/10,2026-12,CALL,60750,5210,,,27.79,23.14,5460,4,4960,4,,,,,
2026/09/17 18:51,2026-09-17T19:06:07+09:00,2026/09/18,2026/12/10,2026-12,PUT,60750,1775,,,28.02,25.44,1865,1,1585,1,,,,,
2026/09/17 18:51,2026-09-17T19:06:07+09:00,2026/09/18,2026/12/10,2026-12,CALL,60625,5295,,,27.83,23.14,5545,4,5045,4,,,,,
2026/09/17 18:51,2026-09-17T19:06:07+09:00,2026/09/18,2026/12/10,2026-12,PUT,60625,1735,,,28.11,25.51,1830,1,1550,1,,,,,
2026/09/17 18:51,2026-09-17T19:06:07+09:00,2026/09/18,2026/12/10,2026-12,CALL,60500,5380,,,27.87,23.13,5630,8,5130,8,,,,,
2026/09/17 18:51,2026-09-17T19:06:07+09:00,2026/09/18,2026/12/10,2026-12,PUT,60500,1710,,,28.01,25.76,1775,2,1535,2,,,,,
2026/09/17 18:51,2026-09-17T19:06:07+09:00,2026/09/18,2026/12/10,2026-12,CALL,60250,5560,,,28.01,23.18,5810,4,5310,4,,,,,
2026/09/17 18:51,2026-09-17T19:06:07+09:00,2026/09/18,2026/12/10,2026-12,PUT,60250,1625,,,28.29,25.73,1720,1,1450,1,,,,,
2026/09/17 18:51,2026-09-17T19:06:07+09:00,2026/09/18,2026/12/10,2026-12,CALL,60000,5735,,,28.09,23.15,5985,12,5485,12,,,,,
2026/09/17 18:51,2026-09-17T19:06:07+09:00,2026/09/18,2026/12/10,2026-12,PUT,60000,1560,,,28.09,26.3,1615,3,1430,18,,,,,
2026/09/17 18:51,2026-09-17T19:06:07+09:00,2026/09/18,2026/12/10,2026-12,CALL,59750,5930,,,28.33,23.3,6180,4,5680,4,,,,,
2026/09/17 18:51,2026-09-17T19:06:07+09:00,2026/09/18,2026/12/10,2026-12,PUT,59750,1495,,,28.57,25.96,1585,1,1320,1,,,,,
2026/09/17 18:51,2026-09-17T19:06:07+09:00,2026/09/18,2026/12/10,2026-12,CALL,59500,6095,,,28.26,23.1,6345,2,5845,8,,,,,
2026/09/17 18:51,2026-09-17T19:06:07+09:00,2026/09/18,2026/12/10,2026-12,PUT,59500,1430,,,28.56,26.3,1505,2,1280,2,,,,,
2026/09/17 18:51,2026-09-17T19:06:07+09:00,2026/09/18,2026/12/10,2026-12,CALL,59250,6295,,,28.51,23.25,6545,4,6045,4,,,,,
2026/09/17 18:51,2026-09-17T19:06:07+09:00,2026/09/18,2026/12/10,2026-12,PUT,59250,1375,,,28.87,26.25,1460,1,1205,1,,,,,
2026/09/17 18:51,2026-09-17T19:06:07+09:00,2026/09/18,2026/12/10,2026-12,CALL,59000,6480,,,28.59,23.2,6730,12,6230,12,,,,,
2026/09/17 18:51,2026-09-17T19:06:07+09:00,2026/09/18,2026/12/10,2026-12,PUT,59000,1315,,,28.65,27.29,1365,3,1235,21,,,,,
2026/09/17 18:51,2026-09-17T19:06:07+09:00,2026/09/18,2026/12/10,2026-12,CALL,58750,6675,,,28.76,23.22,6925,1,6425,4,,,,,
2026/09/17 18:51,2026-09-17T19:06:07+09:00,2026/09/18,2026/12/10,2026-12,PUT,58750,1245,,,29.23,26.51,1350,2,1095,2,,,,,
2026/09/17 18:51,2026-09-17T19:06:07+09:00,2026/09/18,2026/12/10,2026-12,CALL,58500,6875,,,28.95,23.28,7125,2,6625,8,,,,,
2026/09/17 18:51,2026-09-17T19:06:07+09:00,2026/09/18,2026/12/10,2026-12,PUT,58500,1210,,,29.27,26.76,1285,4,1055,4,,,,,
2026/09/17 18:51,2026-09-17T19:06:07+09:00,2026/09/18,2026/12/10,2026-12,CALL,58250,7070,,,29.07,23.24,7320,1,6820,4,,,,,
2026/09/17 18:51,2026-09-17T19:06:07+09:00,2026/09/18,2026/12/10,2026-12,PUT,58250,1145,,,29.56,26.78,1245,2,995,2,,,,,
2026/09/17 18:51,2026-09-17T19:06:07+09:00,2026/09/18,2026/12/10,2026-12,CALL,58000,7275,,,29.28,23.29,7525,3,7025,12,,,,,
2026/09/17 18:51,2026-09-17T19:06:07+09:00,2026/09/18,2026/12/10,2026-12,PUT,58000,1120,,,29.34,27.29,1160,6,980,6,,,,,
2026/09/17 18:51,2026-09-17T19:06:07+09:00,2026/09/18,2026/12/10,2026-12,CALL,57750,7470,,,29.36,23.18,7720,1,7220,4,,,,,
2026/09/17 18:51,2026-09-17T19:06:07+09:00,2026/09/18,2026/12/10,2026-12,PUT,57750,1045,,,29.88,27.13,1145,2,910,2,,,,,
2026/09/17 18:51,2026-09-17T19:06:07+09:00,2026/09/18,2026/12/10,2026-12,CALL,57500,7680,,,29.59,23.23,7930,2,7430,8,,,,,
2026/09/17 18:51,2026-09-17T19:06:07+09:00,2026/09/18,2026/12/10,2026-12,PUT,57500,1005,,,29.89,27.37,1085,4,875,4,,,,,
2026/09/17 18:51,2026-09-17T19:06:07+09:00,2026/09/18,2026/12/10,2026-12,CALL,57250,7885,,,29.75,23.18,8135,1,7635,4,,,,,
2026/09/17 18:51,2026-09-17T19:06:07+09:00,2026/09/18,2026/12/10,2026-12,PUT,57250,960,,,30.23,27.41,1055,2,825,2,,,,,
2026/09/17 18:51,2026-09-17T19:06:07+09:00,2026/09/18,2026/12/10,2026-12,CALL,57000,8100,,,30,23.24,8350,3,7850,12,,,,,
2026/09/17 18:51,2026-09-17T19:06:07+09:00,2026/09/18,2026/12/10,2026-12,PUT,57000,925,,,30.07,28,985,6,820,6,,,,,
2026/09/17 18:51,2026-09-17T19:06:07+09:00,2026/09/18,2026/12/10,2026-12,CALL,56750,8305,,,30.12,23.11,8555,1,8055,4,,,,,
2026/09/17 18:51,2026-09-17T19:06:07+09:00,2026/09/18,2026/12/10,2026-12,PUT,56750,900,,,30.56,27.79,970,2,755,2,,,,,
2026/09/17 18:51,2026-09-17T19:06:07+09:00,2026/09/18,2026/12/10,2026-12,CALL,56500,8525,,,30.41,23.18,8775,2,8275,8,,,,,
2026/09/17 18:51,2026-09-17T19:06:07+09:00,2026/09/18,2026/12/10,2026-12,PUT,56500,855,,,30.66,28.09,925,4,730,4,,,,,
2026/09/17 18:51,2026-09-17T19:06:07+09:00,2026/09/18,2026/12/10,2026-12,CALL,56250,8730,,,30.48,22.95,8980,1,8480,4,,,,,
2026/09/17 18:51,2026-09-17T19:06:07+09:00,2026/09/18,2026/12/10,2026-12,PUT,56250,820,,,30.94,28.16,895,2,690,2,,,,,
2026/09/17 18:51,2026-09-17T19:06:07+09:00,2026/09/18,2026/12/10,2026-12,CALL,56000,8945,,,30.67,22.85,9195,3,8695,12,,,,,
2026/09/17 18:51,2026-09-17T19:06:07+09:00,2026/09/18,2026/12/10,2026-12,PUT,56000,790,,,30.94,28.79,845,9,690,30,,,,,
2026/09/17 18:51,2026-09-17T19:06:07+09:00,2026/09/18,2026/12/10,2026-12,CALL,55750,9170,,,30.98,22.9,9420,1,8920,4,,,,,
2026/09/17 18:51,2026-09-17T19:06:07+09:00,2026/09/18,2026/12/10,2026-12,PUT,55750,750,,,31.39,28.46,830,3,625,11,,,,,
2026/09/17 18:51,2026-09-17T19:06:07+09:00,2026/09/18,2026/12/10,2026-12,CALL,55500,9395,,,31.28,22.91,9645,2,9145,8,,,,,
2026/09/17 18:51,2026-09-17T19:06:07+09:00,2026/09/18,2026/12/10,2026-12,PUT,55500,725,,,31.56,28.69,795,6,600,20,,,,,
2026/09/17 18:51,2026-09-17T19:06:07+09:00,2026/09/18,2026/12/10,2026-12,CALL,55250,9605,,,31.34,22.54,9855,1,9355,4,,,,,
2026/09/17 18:51,2026-09-17T19:06:07+09:00,2026/09/18,2026/12/10,2026-12,PUT,55250,685,,,31.85,28.83,770,3,570,3,,,,,
2026/09/17 18:51,2026-09-17T19:06:07+09:00,2026/09/18,2026/12/10,2026-12,CALL,55000,9830,,,31.61,22.45,10080,3,9580,12,,,,,
2026/09/17 18:51,2026-09-17T19:06:07+09:00,2026/09/18,2026/12/10,2026-12,PUT,55000,665,,,31.68,29.36,715,9,565,30,,,,,
2026/09/17 18:51,2026-09-17T19:06:07+09:00,2026/09/18,2026/12/10,2026-12,CALL,54750,10045,,,,,,,,,,,,,
2026/09/17 18:51,2026-09-17T19:06:07+09:00,2026/09/18,2026/12/10,2026-12,PUT,54750,630,,,32.24,29.21,710,3,520,3,,,,,
2026/09/17 18:51,2026-09-17T19:06:07+09:00,2026/09/18,2026/12/10,2026-12,CALL,54500,10270,,,,,,,,,,,,,
2026/09/17 18:51,2026-09-17T19:06:07+09:00,2026/09/18,2026/12/10,2026-12,PUT,54500,610,,,32.41,29.55,680,6,505,6,,,,,
2026/09/17 18:51,2026-09-17T19:06:07+09:00,2026/09/18,2026/12/10,2026-12,CALL,54250,10495,,,,,,,,,,,,,
2026/09/17 18:51,2026-09-17T19:06:07+09:00,2026/09/18,2026/12/10,2026-12,PUT,54250,585,,,32.72,29.61,660,3,475,3,,,,,
2026/09/17 18:51,2026-09-17T19:06:07+09:00,2026/09/18,2026/12/10,2026-12,CALL,54000,10730,,,,,,,,,,,,,
2026/09/17 18:51,2026-09-17T19:06:07+09:00,2026/09/18,2026/12/10,2026-12,PUT,54000,570,,,32.62,30.19,615,9,475,9,,,,,
2026/09/17 18:51,2026-09-17T19:06:07+09:00,2026/09/18,2026/12/10,2026-12,CALL,53750,10950,,,,,,,,,,,,,
2026/09/17 18:51,2026-09-17T19:06:07+09:00,2026/09/18,2026/12/10,2026-12,PUT,53750,540,,,33.15,30.12,610,3,440,3,,,,,
2026/09/17 18:51,2026-09-17T19:06:07+09:00,2026/09/18,2026/12/10,2026-12,CALL,53500,11180,,,,,,,,,,,,,
2026/09/17 18:51,2026-09-17T19:06:07+09:00,2026/09/18,2026/12/10,2026-12,PUT,53500,520,,,33.26,30.41,580,6,425,6,,,,,
2026/09/17 18:51,2026-09-17T19:06:07+09:00,2026/09/18,2026/12/10,2026-12,CALL,53250,11410,,,,,,,,,,,,,
2026/09/17 18:51,2026-09-17T19:06:07+09:00,2026/09/18,2026/12/10,2026-12,PUT,53250,500,,,33.6,30.48,565,3,400,3,,,,,
2026/09/17 18:51,2026-09-17T19:06:07+09:00,2026/09/18,2026/12/10,2026-12,CALL,53000,11635,,,,,,,,,,,,,
2026/09/17 18:51,2026-09-17T19:06:07+09:00,2026/09/18,2026/12/10,2026-12,PUT,53000,485,,,33.49,31.16,525,9,405,9,,,,,
2026/09/17 18:51,2026-09-17T19:06:07+09:00,2026/09/18,2026/12/10,2026-12,CALL,52750,11870,,,,,,,,,,,,,
2026/09/17 18:51,2026-09-17T19:06:07+09:00,2026/09/18,2026/12/10,2026-12,PUT,52750,465,,,34.09,30.99,525,3,370,3,,,,,
2026/09/17 18:51,2026-09-17T19:06:07+09:00,2026/09/18,2026/12/10,2026-12,CALL,52500,12105,,,,,,,,,,,,,
2026/09/17 18:51,2026-09-17T19:06:07+09:00,2026/09/18,2026/12/10,2026-12,PUT,52500,450,,,34.22,31.34,500,6,360,6,,,,,
2026/09/17 18:51,2026-09-17T19:06:07+09:00,2026/09/18,2026/12/10,2026-12,CALL,52250,12335,,,,,,,,,,,,,
2026/09/17 18:51,2026-09-17T19:06:07+09:00,2026/09/18,2026/12/10,2026-12,PUT,52250,430,,,34.63,31.45,490,3,340,3,,,,,
2026/09/17 18:51,2026-09-17T19:06:07+09:00,2026/09/18,2026/12/10,2026-12,CALL,52000,12575,,,,,,,,,,,,,
2026/09/17 18:51,2026-09-17T19:06:07+09:00,2026/09/18,2026/12/10,2026-12,PUT,52000,420,,,34.52,33.14,455,9,390,1,,,,,
2026/09/17 18:51,2026-09-17T19:06:07+09:00,2026/09/18,2026/12/10,2026-12,CALL,51750,12800,,,,,,,,,,,,,
2026/09/17 18:51,2026-09-17T19:06:07+09:00,2026/09/18,2026/12/10,2026-12,PUT,51750,400,,,35.11,31.97,455,3,315,3,,,,,
2026/09/17 18:51,2026-09-17T19:06:07+09:00,2026/09/18,2026/12/10,2026-12,CALL,51500,13035,,,,,,,,,,,,,
2026/09/17 18:51,2026-09-17T19:06:07+09:00,2026/09/18,2026/12/10,2026-12,PUT,51500,385,,,35.39,32.15,440,8,300,8,,,,,
2026/09/17 18:51,2026-09-17T19:06:07+09:00,2026/09/18,2026/12/10,2026-12,CALL,51250,13275,,,,,,,,,,,,,
2026/09/17 18:51,2026-09-17T19:06:07+09:00,2026/09/18,2026/12/10,2026-12,PUT,51250,375,,,35.87,32.28,435,5,284,5,,,,,
2026/09/17 18:51,2026-09-17T19:06:07+09:00,2026/09/18,2026/12/10,2026-12,CALL,51000,13510,,,,,,,,,,,,,
2026/09/17 18:51,2026-09-17T19:06:07+09:00,2026/09/18,2026/12/10,2026-12,PUT,51000,360,,,35.68,32.96,400,12,289,12,,,,,
2026/09/17 18:51,2026-09-17T19:06:07+09:00,2026/09/18,2026/12/10,2026-12,CALL,50750,13745,,,,,,,,,,,,,
2026/09/17 18:51,2026-09-17T19:06:07+09:00,2026/09/18,2026/12/10,2026-12,PUT,50750,345,,,36.38,32.74,405,5,261,5,,,,,
2026/09/17 18:51,2026-09-17T19:06:07+09:00,2026/09/18,2026/12/10,2026-12,CALL,50500,13980,,,,,,,,,,,,,
2026/09/17 18:51,2026-09-17T19:06:07+09:00,2026/09/18,2026/12/10,2026-12,PUT,50500,330,,,36.5,33.15,385,8,256,8,,,,,
2026/09/17 18:51,2026-09-17T19:06:07+09:00,2026/09/18,2026/12/10,2026-12,CALL,50250,14210,,,,,,,,,,,,,
2026/09/17 18:51,2026-09-17T19:06:07+09:00,2026/09/18,2026/12/10,2026-12,PUT,50250,315,,,36.96,33.25,380,5,241,5,,,,,
2026/09/17 18:51,2026-09-17T19:06:07+09:00,2026/09/18,2026/12/10,2026-12,CALL,50000,14465,,,,,,,,,,,,,
2026/09/17 18:51,2026-09-17T19:06:07+09:00,2026/09/18,2026/12/10,2026-12,PUT,50000,315,,,36.8,34.96,350,12,281,12,,,,,
2026/09/17 18:51,2026-09-17T19:06:07+09:00,2026/09/18,2026/12/10,2026-12,CALL,49750,14685,,,,,,,,,,,,,
2026/09/17 18:51,2026-09-17T19:06:07+09:00,2026/09/18,2026/12/10,2026-12,PUT,49750,290,,,37.5,33.76,355,5,223,5,,,,,
2026/09/17 18:51,2026-09-17T19:06:07+09:00,2026/09/18,2026/12/10,2026-12,CALL,49500,14940,,,,,,,,,,,,,
2026/09/17 18:51,2026-09-17T19:06:07+09:00,2026/09/18,2026/12/10,2026-12,PUT,49500,293,,,37.7,34.17,340,8,219,8,,,,,
2026/09/17 18:51,2026-09-17T19:06:07+09:00,2026/09/18,2026/12/10,2026-12,CALL,49250,15180,,,,,,,,,,,,,
2026/09/17 18:51,2026-09-17T19:06:07+09:00,2026/09/18,2026/12/10,2026-12,PUT,49250,285,,,38.14,34.27,335,5,206,5,,,,,
2026/09/17 18:51,2026-09-17T19:06:07+09:00,2026/09/18,2026/12/10,2026-12,CALL,49000,15420,,,,,,,,,,,,,
2026/09/17 18:51,2026-09-17T19:06:07+09:00,2026/09/18,2026/12/10,2026-12,PUT,49000,276,,,38.03,35.01,310,12,212,12,,,,,
2026/09/17 18:51,2026-09-17T19:06:07+09:00,2026/09/18,2026/12/10,2026-12,CALL,48750,15660,,,,,,,,,,,,,
2026/09/17 18:51,2026-09-17T19:06:07+09:00,2026/09/18,2026/12/10,2026-12,PUT,48750,265,,,38.74,34.76,315,5,190,5,,,,,
2026/09/17 18:51,2026-09-17T19:06:07+09:00,2026/09/18,2026/12/10,2026-12,CALL,48500,15900,,,,,,,,,,,,,
2026/09/17 18:51,2026-09-17T19:06:07+09:00,2026/09/18,2026/12/10,2026-12,PUT,48500,257,,,38.83,35.18,298,8,187,8,,,,,
2026/09/17 18:51,2026-09-17T19:06:07+09:00,2026/09/18,2026/12/10,2026-12,CALL,48250,16140,,,,,,,,,,,,,
2026/09/17 18:51,2026-09-17T19:06:07+09:00,2026/09/18,2026/12/10,2026-12,PUT,48250,249,,,39.25,35.29,293,5,176,5,,,,,
2026/09/17 18:51,2026-09-17T19:06:07+09:00,2026/09/18,2026/12/10,2026-12,CALL,48000,16365,,,,,,,,,,,,,
2026/09/17 18:51,2026-09-17T19:06:07+09:00,2026/09/18,2026/12/10,2026-12,PUT,48000,228,,,39.12,36.1,270,12,183,12,,,,,
2026/09/17 18:51,2026-09-17T19:06:07+09:00,2026/09/18,2026/12/10,2026-12,CALL,47750,16615,,,,,,,,,,,,,
2026/09/17 18:51,2026-09-17T19:06:07+09:00,2026/09/18,2026/12/10,2026-12,PUT,47750,225,,,39.88,35.82,276,5,163,5,,,,,
2026/09/17 18:51,2026-09-17T19:06:07+09:00,2026/09/18,2026/12/10,2026-12,CALL,47500,16865,,,,,,,,,,,,,
2026/09/17 18:51,2026-09-17T19:06:07+09:00,2026/09/18,2026/12/10,2026-12,PUT,47500,225,,,40.03,36.26,263,8,161,8,,,,,
2026/09/17 18:51,2026-09-17T19:06:07+09:00,2026/09/18,2026/12/10,2026-12,CALL,47250,17110,,,,,,,,,,,,,
2026/09/17 18:51,2026-09-17T19:06:07+09:00,2026/09/18,2026/12/10,2026-12,PUT,47250,222,,,40.5,36.35,260,5,151,5,,,,,
2026/09/17 18:51,2026-09-17T19:06:07+09:00,2026/09/18,2026/12/10,2026-12,CALL,47000,17345,,,,,,,,,,,,,
2026/09/17 18:51,2026-09-17T19:06:07+09:00,2026/09/18,2026/12/10,2026-12,PUT,47000,207,,,40.35,37.19,239,12,158,12,,,,,
2026/09/17 18:51,2026-09-17T19:06:07+09:00,2026/09/18,2026/12/10,2026-12,CALL,46750,17590,,,,,,,,,,,,,
2026/09/17 18:51,2026-09-17T19:06:07+09:00,2026/09/18,2026/12/10,2026-12,PUT,46750,202,,,41.13,36.89,245,5,140,5,,,,,
2026/09/17 18:51,2026-09-17T19:06:07+09:00,2026/09/18,2026/12/10,2026-12,CALL,46500,17825,,,,,,,,,,,,,
2026/09/17 18:51,2026-09-17T19:06:07+09:00,2026/09/18,2026/12/10,2026-12,PUT,46500,192,,,41.31,37.51,234,8,142,26,,,,,
2026/09/17 18:51,2026-09-17T19:06:07+09:00,2026/09/18,2026/12/10,2026-12,CALL,46250,18070,,,,,,,,,,,,,
2026/09/17 18:51,2026-09-17T19:06:07+09:00,2026/09/18,2026/12/10,2026-12,PUT,46250,186,,,41.76,37.75,231,5,136,16,,,,,
2026/09/17 18:51,2026-09-17T19:06:07+09:00,2026/09/18,2026/12/10,2026-12,CALL,46000,18315,,,,,,,,,,,,,
2026/09/17 18:51,2026-09-17T19:06:07+09:00,2026/09/18,2026/12/10,2026-12,PUT,46000,184,,,41.65,38.33,213,12,137,12,,,,,
2026/09/17 18:51,2026-09-17T19:06:07+09:00,2026/09/18,2026/12/10,2026-12,CALL,45750,18565,,,,,,,,,,,,,
2026/09/17 18:51,2026-09-17T19:06:07+09:00,2026/09/18,2026/12/10,2026-12,PUT,45750,182,,,42.45,38.6,219,5,132,16,,,,,
2026/09/17 18:51,2026-09-17T19:06:07+09:00,2026/09/18,2026/12/10,2026-12,CALL,45500,18810,,,,,,,,,,,,,
2026/09/17 18:51,2026-09-17T19:06:07+09:00,2026/09/18,2026/12/10,2026-12,PUT,45500,177,,,42.62,38.86,209,8,127,26,,,,,
2026/09/17 18:51,2026-09-17T19:06:07+09:00,2026/09/18,2026/12/10,2026-12,CALL,45250,19050,,,,,,,,,,,,,
2026/09/17 18:51,2026-09-17T19:06:07+09:00,2026/09/18,2026/12/10,2026-12,PUT,45250,171,,,43.11,39.06,207,5,121,16,,,,,
2026/09/17 18:51,2026-09-17T19:06:07+09:00,2026/09/18,2026/12/10,2026-12,CALL,45000,19295,,,,,,,,,,,,,
2026/09/17 18:51,2026-09-17T19:06:07+09:00,2026/09/18,2026/12/10,2026-12,PUT,45000,164,,,42.96,39.59,190,12,121,12,,,,,
2026/09/17 18:51,2026-09-17T19:06:07+09:00,2026/09/18,2026/12/10,2026-12,CALL,44750,19540,,,,,,,,,,,,,
2026/09/17 18:51,2026-09-17T19:06:07+09:00,2026/09/18,2026/12/10,2026-12,PUT,44750,161,,,43.78,39.54,196,5,111,16,,,,,
2026/09/17 18:51,2026-09-17T19:06:07+09:00,2026/09/18,2026/12/10,2026-12,CALL,44500,19785,,,,,,,,,,,,,
2026/09/17 18:51,2026-09-17T19:06:07+09:00,2026/09/18,2026/12/10,2026-12,PUT,44500,157,,,44,39.82,188,8,107,26,,,,,
2026/09/17 18:51,2026-09-17T19:06:07+09:00,2026/09/18,2026/12/10,2026-12,CALL,44250,20030,,,,,,,,,,,,,
2026/09/17 18:51,2026-09-17T19:06:07+09:00,2026/09/18,2026/12/10,2026-12,PUT,44250,152,,,44.48,40.03,186,5,102,16,,,,,
2026/09/17 18:51,2026-09-17T19:06:07+09:00,2026/09/18,2026/12/10,2026-12,CALL,44000,20265,,,,,,,,,,,,,
2026/09/17 18:51,2026-09-17T19:06:07+09:00,2026/09/18,2026/12/10,2026-12,PUT,44000,148,,,44.35,40.62,171,12,103,12,,,,,
2026/09/17 18:51,2026-09-17T19:06:07+09:00,2026/09/18,2026/12/10,2026-12,CALL,43750,20515,,,,,,,,,,,,,
2026/09/17 18:51,2026-09-17T19:06:07+09:00,2026/09/18,2026/12/10,2026-12,PUT,43750,140,,,45.21,40.26,177,5,90,16,,,,,
2026/09/17 18:51,2026-09-17T19:06:07+09:00,2026/09/18,2026/12/10,2026-12,CALL,43500,20765,,,,,,,,,,,,,
2026/09/17 18:51,2026-09-17T19:06:07+09:00,2026/09/18,2026/12/10,2026-12,PUT,43500,139,,,45.39,40.71,169,8,89,26,,,,,
2026/09/17 18:51,2026-09-17T19:06:07+09:00,2026/09/18,2026/12/10,2026-12,CALL,43250,21005,,,,,,,,,,,,,
2026/09/17 18:51,2026-09-17T19:06:07+09:00,2026/09/18,2026/12/10,2026-12,PUT,43250,134,,,45.91,40.86,168,5,84,16,,,,,
2026/09/17 18:51,2026-09-17T19:06:07+09:00,2026/09/18,2026/12/10,2026-12,CALL,43000,21240,,,,,,,,,,,,,
2026/09/17 18:51,2026-09-17T19:06:07+09:00,2026/09/18,2026/12/10,2026-12,PUT,43000,118,,,45.77,41.76,154,12,89,12,,,,,
2026/09/17 18:51,2026-09-17T19:06:07+09:00,2026/09/18,2026/12/10,2026-12,CALL,42750,21490,,,,,,,,,,,,,
2026/09/17 18:51,2026-09-17T19:06:07+09:00,2026/09/18,2026/12/10,2026-12,PUT,42750,118,,,46.7,41.27,161,5,76,5,,,,,
2026/09/17 18:51,2026-09-17T19:06:07+09:00,2026/09/18,2026/12/10,2026-12,CALL,42500,21735,,,,,,,,,,,,,
2026/09/17 18:51,2026-09-17T19:06:07+09:00,2026/09/18,2026/12/10,2026-12,PUT,42500,117,,,46.91,41.79,154,8,76,8,,,,,
2026/09/17 18:51,2026-09-17T19:06:07+09:00,2026/09/18,2026/12/10,2026-12,CALL,42250,21985,,,,,,,,,,,,,
2026/09/17 18:51,2026-09-17T19:06:07+09:00,2026/09/18,2026/12/10,2026-12,PUT,42250,114,,,47.43,41.8,153,5,70,5,,,,,
2026/09/17 18:51,2026-09-17T19:06:07+09:00,2026/09/18,2026/12/10,2026-12,CALL,42000,22230,,,,,,,,,,,,,
2026/09/17 18:51,2026-09-17T19:06:07+09:00,2026/09/18,2026/12/10,2026-12,PUT,42000,112,,,47.27,42.93,140,12,77,12,,,,,
2026/09/17 18:51,2026-09-17T19:06:07+09:00,2026/09/18,2026/12/10,2026-12,CALL,41750,22475,,,,,,,,,,,,,
2026/09/17 18:51,2026-09-17T19:06:07+09:00,2026/09/18,2026/12/10,2026-12,PUT,41750,107,,,48.19,42.38,146,5,65,5,,,,,
2026/09/17 18:51,2026-09-17T19:06:07+09:00,2026/09/18,2026/12/10,2026-12,CALL,41500,22720,,,,,,,,,,,,,
2026/09/17 18:51,2026-09-17T19:06:07+09:00,2026/09/18,2026/12/10,2026-12,PUT,41500,104,,,,,,,,,,,,,
2026/09/17 18:51,2026-09-17T19:06:07+09:00,2026/09/18,2026/12/10,2026-12,CALL,41250,22965,,,,,,,,,,,,,
2026/09/17 18:51,2026-09-17T19:06:07+09:00,2026/09/18,2026/12/10,2026-12,PUT,41250,100,,,,,,,,,,,,,
2026/09/17 18:51,2026-09-17T19:06:07+09:00,2026/09/18,2026/12/10,2026-12,CALL,41000,23215,,,,,,,,,,,,,
2026/09/17 18:51,2026-09-17T19:06:07+09:00,2026/09/18,2026/12/10,2026-12,PUT,41000,100,,,,28.58,,,1,10,,,,,
2026/09/17 18:51,2026-09-17T19:06:07+09:00,2026/09/18,2026/12/10,2026-12,CALL,40750,23460,,,,,,,,,,,,,
2026/09/17 18:51,2026-09-17T19:06:07+09:00,2026/09/18,2026/12/10,2026-12,PUT,40750,95,,,,,,,,,,,,,
2026/09/17 18:51,2026-09-17T19:06:07+09:00,2026/09/18,2026/12/10,2026-12,CALL,40500,23705,,,,,,,,,,,,,
2026/09/17 18:51,2026-09-17T19:06:07+09:00,2026/09/18,2026/12/10,2026-12,PUT,40500,94,,,,,,,,,,,,,
2026/09/17 18:51,2026-09-17T19:06:07+09:00,2026/09/18,2026/12/10,2026-12,CALL,40250,23950,,,,,,,,,,,,,
2026/09/17 18:51,2026-09-17T19:06:07+09:00,2026/09/18,2026/12/10,2026-12,PUT,40250,90,,,,,,,,,,,,,
2026/09/17 18:51,2026-09-17T19:06:07+09:00,2026/09/18,2026/12/10,2026-12,CALL,40000,24195,,,,,,,,,,,,,
2026/09/17 18:51,2026-09-17T19:06:07+09:00,2026/09/18,2026/12/10,2026-12,PUT,40000,86,,,85.85,44.43,1290,3,50,1,,,,,
2026/09/17 18:51,2026-09-17T19:06:07+09:00,2026/09/18,2026/12/10,2026-12,CALL,39750,24445,,,,,,,,,,,,,
2026/09/17 18:51,2026-09-17T19:06:07+09:00,2026/09/18,2026/12/10,2026-12,PUT,39750,85,,,,,,,,,,,,,
2026/09/17 18:51,2026-09-17T19:06:07+09:00,2026/09/18,2026/12/10,2026-12,CALL,39500,24695,,,,,,,,,,,,,
2026/09/17 18:51,2026-09-17T19:06:07+09:00,2026/09/18,2026/12/10,2026-12,PUT,39500,85,,,,30.8,,,1,10,,,,,
2026/09/17 18:51,2026-09-17T19:06:07+09:00,2026/09/18,2026/12/10,2026-12,CALL,39250,24940,,,,,,,,,,,,,
2026/09/17 18:51,2026-09-17T19:06:07+09:00,2026/09/18,2026/12/10,2026-12,PUT,39250,82,,,,,,,,,,,,,
2026/09/17 18:51,2026-09-17T19:06:07+09:00,2026/09/18,2026/12/10,2026-12,CALL,39000,25185,,,,,,,,,,,,,
2026/09/17 18:51,2026-09-17T19:06:07+09:00,2026/09/18,2026/12/10,2026-12,PUT,39000,80,,,,31.56,,,1,10,,,,,
2026/09/17 18:51,2026-09-17T19:06:07+09:00,2026/09/18,2026/12/10,2026-12,CALL,38750,25435,,,,,,,,,,,,,
2026/09/17 18:51,2026-09-17T19:06:07+09:00,2026/09/18,2026/12/10,2026-12,PUT,38750,78,,,,,,,,,,,,,
2026/09/17 18:51,2026-09-17T19:06:07+09:00,2026/09/18,2026/12/10,2026-12,CALL,38500,25680,,,,,,,,,,,,,
2026/09/17 18:51,2026-09-17T19:06:07+09:00,2026/09/18,2026/12/10,2026-12,PUT,38500,75,,,,,,,,,,,,,
2026/09/17 18:51,2026-09-17T19:06:07+09:00,2026/09/18,2026/12/10,2026-12,CALL,38250,25925,,,,,,,,,,,,,
2026/09/17 18:51,2026-09-17T19:06:07+09:00,2026/09/18,2026/12/10,2026-12,PUT,38250,73,,,,,,,,,,,,,
2026/09/17 18:51,2026-09-17T19:06:07+09:00,2026/09/18,2026/12/10,2026-12,CALL,38000,26165,,,,,,,,,,,,,
2026/09/17 18:51,2026-09-17T19:06:07+09:00,2026/09/18,2026/12/10,2026-12,PUT,38000,62,,,,36.11,,,3,1,,,,,
2026/09/17 18:51,2026-09-17T19:06:07+09:00,2026/09/18,2026/12/10,2026-12,CALL,37750,26410,,,,,,,,,,,,,
2026/09/17 18:51,2026-09-17T19:06:07+09:00,2026/09/18,2026/12/10,2026-12,PUT,37750,60,,,,,,,,,,,,,
2026/09/17 18:51,2026-09-17T19:06:07+09:00,2026/09/18,2026/12/10,2026-12,CALL,37500,26660,,,,,,,,,,,,,
2026/09/17 18:51,2026-09-17T19:06:07+09:00,2026/09/18,2026/12/10,2026-12,PUT,37500,58,,,,,,,,,,,,,
2026/09/17 18:51,2026-09-17T19:06:07+09:00,2026/09/18,2026/12/10,2026-12,CALL,37250,26905,,,,,,,,,,,,,
2026/09/17 18:51,2026-09-17T19:06:07+09:00,2026/09/18,2026/12/10,2026-12,PUT,37250,56,,,,,,,,,,,,,
2026/09/17 18:51,2026-09-17T19:06:07+09:00,2026/09/18,2026/12/10,2026-12,CALL,37000,27155,,,,,,,,,,,,,
2026/09/17 18:51,2026-09-17T19:06:07+09:00,2026/09/18,2026/12/10,2026-12,PUT,37000,54,,,,39.56,,,5,1,,,,,
2026/09/17 18:51,2026-09-17T19:06:07+09:00,2026/09/18,2026/12/10,2026-12,CALL,36750,27400,,,,,,,,,,,,,
2026/09/17 18:51,2026-09-17T19:06:07+09:00,2026/09/18,2026/12/10,2026-12,PUT,36750,52,,,,,,,,,,,,,
2026/09/17 18:51,2026-09-17T19:06:07+09:00,2026/09/18,2026/12/10,2026-12,CALL,36500,27650,,,,,,,,,,,,,
2026/09/17 18:51,2026-09-17T19:06:07+09:00,2026/09/18,2026/12/10,2026-12,PUT,36500,51,,,,,,,,,,,,,
2026/09/17 18:51,2026-09-17T19:06:07+09:00,2026/09/18,2026/12/10,2026-12,CALL,36250,27895,,,,,,,,,,,,,
2026/09/17 18:51,2026-09-17T19:06:07+09:00,2026/09/18,2026/12/10,2026-12,PUT,36250,49,,,,,,,,,,,,,
2026/09/17 18:51,2026-09-17T19:06:07+09:00,2026/09/18,2026/12/10,2026-12,CALL,36000,28145,,,,,,,,,,,,,
2026/09/17 18:51,2026-09-17T19:06:07+09:00,2026/09/18,2026/12/10,2026-12,PUT,36000,47,,,,36.31,,,1,10,,,,,
2026/09/17 18:51,2026-09-17T19:06:07+09:00,2026/09/18,2026/12/10,2026-12,CALL,35750,28390,,,,,,,,,,,,,
2026/09/17 18:51,2026-09-17T19:06:07+09:00,2026/09/18,2026/12/10,2026-12,PUT,35750,46,,,,,,,,,,,,,
2026/09/17 18:51,2026-09-17T19:06:07+09:00,2026/09/18,2026/12/10,2026-12,CALL,35500,28640,,,,,,,,,,,,,
2026/09/17 18:51,2026-09-17T19:06:07+09:00,2026/09/18,2026/12/10,2026-12,PUT,35500,44,,,,,,,,,,,,,
2026/09/17 18:51,2026-09-17T19:06:07+09:00,2026/09/18,2026/12/10,2026-12,CALL,35250,28885,,,,,,,,,,,,,
2026/09/17 18:51,2026-09-17T19:06:07+09:00,2026/09/18,2026/12/10,2026-12,PUT,35250,43,,,,,,,,,,,,,
2026/09/17 18:51,2026-09-17T19:06:07+09:00,2026/09/18,2026/12/10,2026-12,CALL,35000,29135,,,,,,,,,,,,,
2026/09/17 18:51,2026-09-17T19:06:07+09:00,2026/09/18,2026/12/10,2026-12,PUT,35000,45,,,68.61,53.99,200,2,40,1,,,,,
2026/09/17 18:51,2026-09-17T19:06:07+09:00,2026/09/18,2026/12/10,2026-12,CALL,34750,29380,,,,,,,,,,,,,
2026/09/17 18:51,2026-09-17T19:06:07+09:00,2026/09/18,2026/12/10,2026-12,PUT,34750,40,,,,,,,,,,,,,
2026/09/17 18:51,2026-09-17T19:06:07+09:00,2026/09/18,2026/12/10,2026-12,CALL,34500,29630,,,,,,,,,,,,,
2026/09/17 18:51,2026-09-17T19:06:07+09:00,2026/09/18,2026/12/10,2026-12,PUT,34500,39,,,,,,,,,,,,,
2026/09/17 18:51,2026-09-17T19:06:07+09:00,2026/09/18,2026/12/10,2026-12,CALL,34250,29875,,,,,,,,,,,,,
2026/09/17 18:51,2026-09-17T19:06:07+09:00,2026/09/18,2026/12/10,2026-12,PUT,34250,37,,,,,,,,,,,,,
2026/09/17 18:51,2026-09-17T19:06:07+09:00,2026/09/18,2026/12/10,2026-12,CALL,34000,30125,,,,,,,,,,,,,
2026/09/17 18:51,2026-09-17T19:06:07+09:00,2026/09/18,2026/12/10,2026-12,PUT,34000,36,,,,39.69,,,1,20,,,,,
2026/09/17 18:51,2026-09-17T19:06:07+09:00,2026/09/18,2026/12/10,2026-12,CALL,33750,30370,,,,,,,,,,,,,
2026/09/17 18:51,2026-09-17T19:06:07+09:00,2026/09/18,2026/12/10,2026-12,PUT,33750,35,,,,,,,,,,,,,
2026/09/17 18:51,2026-09-17T19:06:07+09:00,2026/09/18,2026/12/10,2026-12,CALL,33500,30620,,,,,,,,,,,,,
2026/09/17 18:51,2026-09-17T19:06:07+09:00,2026/09/18,2026/12/10,2026-12,PUT,33500,34,,,,,,,,,,,,,
2026/09/17 18:51,2026-09-17T19:06:07+09:00,2026/09/18,2026/12/10,2026-12,CALL,33250,30865,,,,,,,,,,,,,
2026/09/17 18:51,2026-09-17T19:06:07+09:00,2026/09/18,2026/12/10,2026-12,PUT,33250,32,,,,,,,,,,,,,
2026/09/17 18:51,2026-09-17T19:06:07+09:00,2026/09/18,2026/12/10,2026-12,CALL,33000,31115,,,,,,,,,,,,,
2026/09/17 18:51,2026-09-17T19:06:07+09:00,2026/09/18,2026/12/10,2026-12,PUT,33000,31,,,,52.49,,,15,1,,,,,
2026/09/17 18:51,2026-09-17T19:06:07+09:00,2026/09/18,2026/12/10,2026-12,CALL,32750,31365,,,,,,,,,,,,,
2026/09/17 18:51,2026-09-17T19:06:07+09:00,2026/09/18,2026/12/10,2026-12,PUT,32750,30,,,,,,,,,,,,,
2026/09/17 18:51,2026-09-17T19:06:07+09:00,2026/09/18,2026/12/10,2026-12,CALL,32500,31610,,,,,,,,,,,,,
2026/09/17 18:51,2026-09-17T19:06:07+09:00,2026/09/18,2026/12/10,2026-12,PUT,32500,29,,,,,,,,,,,,,
2026/09/17 18:51,2026-09-17T19:06:07+09:00,2026/09/18,2026/12/10,2026-12,CALL,32250,31860,,,,,,,,,,,,,
2026/09/17 18:51,2026-09-17T19:06:07+09:00,2026/09/18,2026/12/10,2026-12,PUT,32250,28,,,,,,,,,,,,,
2026/09/17 18:51,2026-09-17T19:06:07+09:00,2026/09/18,2026/12/10,2026-12,CALL,32000,32105,,,,,,,,,,,,,
2026/09/17 18:51,2026-09-17T19:06:07+09:00,2026/09/18,2026/12/10,2026-12,PUT,32000,27,,,,43.28,,,1,20,,,,,
2026/09/17 18:51,2026-09-17T19:06:07+09:00,2026/09/18,2026/12/10,2026-12,CALL,31750,32355,,,,,,,,,,,,,
2026/09/17 18:51,2026-09-17T19:06:07+09:00,2026/09/18,2026/12/10,2026-12,PUT,31750,26,,,,,,,,,,,,,
2026/09/17 18:51,2026-09-17T19:06:07+09:00,2026/09/18,2026/12/10,2026-12,CALL,31500,32605,,,,,,,,,,,,,
2026/09/17 18:51,2026-09-17T19:06:07+09:00,2026/09/18,2026/12/10,2026-12,PUT,31500,25,,,,,,,,,,,,,
2026/09/17 18:51,2026-09-17T19:06:07+09:00,2026/09/18,2026/12/10,2026-12,CALL,31250,32850,,,,,,,,,,,,,
2026/09/17 18:51,2026-09-17T19:06:07+09:00,2026/09/18,2026/12/10,2026-12,PUT,31250,24,,,,,,,,,,,,,
2026/09/17 18:51,2026-09-17T19:06:07+09:00,2026/09/18,2026/12/10,2026-12,CALL,31000,33100,,,,,,,,,,,,,
2026/09/17 18:51,2026-09-17T19:06:07+09:00,2026/09/18,2026/12/10,2026-12,PUT,31000,25,,,,60.33,,,25,1,,,,,
2026/09/17 18:51,2026-09-17T19:06:07+09:00,2026/09/18,2026/12/10,2026-12,CALL,30750,33345,,,,,,,,,,,,,
2026/09/17 18:51,2026-09-17T19:06:07+09:00,2026/09/18,2026/12/10,2026-12,PUT,30750,22,,,,,,,,,,,,,
2026/09/17 18:51,2026-09-17T19:06:07+09:00,2026/09/18,2026/12/10,2026-12,CALL,30500,33595,,,,,,,,,,,,,
2026/09/17 18:51,2026-09-17T19:06:07+09:00,2026/09/18,2026/12/10,2026-12,PUT,30500,21,,,83.6,61,220,1,23,1,,,,,
2026/09/17 18:51,2026-09-17T19:06:07+09:00,2026/09/18,2026/12/10,2026-12,CALL,30250,33845,,,,,,,,,,,,,
2026/09/17 18:51,2026-09-17T19:06:07+09:00,2026/09/18,2026/12/10,2026-12,PUT,30250,20,,,,,,,,,,,,,
2026/09/17 18:51,2026-09-17T19:06:07+09:00,2026/09/18,2026/12/10,2026-12,CALL,30000,34090,,,,,,,,,,,,,
2026/09/17 18:51,2026-09-17T19:06:07+09:00,2026/09/18,2026/12/10,2026-12,PUT,30000,31,,1,64.18,63.13,30,1,26,1,63.74,-2,-6.45,29,09/17 17:03
2026/09/17 20:11,2026-09-17T20:26:21+09:00,2026/09/18,2026/10/08,2026-10,CALL,80000,2,,3,29.62,27.98,2,131,1,77,28.38,0,0,1,09/17 17:00
2026/09/17 20:11,2026-09-17T20:26:21+09:00,2026/09/18,2026/10/08,2026-10,PUT,80000,15945,,,,,,,,,,,,,
2026/09/17 20:11,2026-09-17T20:26:21+09:00,2026/09/18,2026/10/08,2026-10,CALL,79500,2,,,28.85,27.24,2,10,1,25,,,,,
2026/09/17 20:11,2026-09-17T20:26:21+09:00,2026/09/18,2026/10/08,2026-10,PUT,79500,15445,,,,,,,,,,,,,
2026/09/17 20:11,2026-09-17T20:26:21+09:00,2026/09/18,2026/10/08,2026-10,CALL,79000,2,,,28.07,26.5,2,27,1,27,,,,,
2026/09/17 20:11,2026-09-17T20:26:21+09:00,2026/09/18,2026/10/08,2026-10,PUT,79000,14945,,,,,,,,,,,,,
2026/09/17 20:11,2026-09-17T20:26:21+09:00,2026/09/18,2026/10/08,2026-10,CALL,78500,2,,,27.28,25.75,2,8,1,52,,,,,
2026/09/17 20:11,2026-09-17T20:26:21+09:00,2026/09/18,2026/10/08,2026-10,PUT,78500,14450,,,,,,,,,,,,,
2026/09/17 20:11,2026-09-17T20:26:21+09:00,2026/09/18,2026/10/08,2026-10,CALL,78000,2,,,26.49,25,2,3,1,143,,,,,
2026/09/17 20:11,2026-09-17T20:26:21+09:00,2026/09/18,2026/10/08,2026-10,PUT,78000,13950,,,,,,,,,,,,,
2026/09/17 20:11,2026-09-17T20:26:21+09:00,2026/09/18,2026/10/08,2026-10,CALL,77500,3,,,26.66,25.69,3,10,2,1,,,,,
2026/09/17 20:11,2026-09-17T20:26:21+09:00,2026/09/18,2026/10/08,2026-10,PUT,77500,13450,,,,,,,,,,,,,
2026/09/17 20:11,2026-09-17T20:26:21+09:00,2026/09/18,2026/10/08,2026-10,CALL,77000,3,,1,25.82,24.88,3,6,2,35,26.52,0,0,3,09/17 17:05
2026/09/17 20:11,2026-09-17T20:26:21+09:00,2026/09/18,2026/10/08,2026-10,PUT,77000,12950,,,,,,,,,,,,,
2026/09/17 20:11,2026-09-17T20:26:21+09:00,2026/09/18,2026/10/08,2026-10,CALL,76500,4,,1,25.69,24.98,4,16,3,15,25.13,-1,-25,3,09/17 19:55
2026/09/17 20:11,2026-09-17T20:26:21+09:00,2026/09/18,2026/10/08,2026-10,PUT,76500,12450,,,,,,,,,,,,,
2026/09/17 20:11,2026-09-17T20:26:21+09:00,2026/09/18,2026/10/08,2026-10,CALL,76250,5,,,25.83,24.56,5,20,3,20,,,,,
2026/09/17 20:11,2026-09-17T20:26:21+09:00,2026/09/18,2026/10/08,2026-10,PUT,76250,12205,,,,,,,,,,,,,
2026/09/17 20:11,2026-09-17T20:26:21+09:00,2026/09/18,2026/10/08,2026-10,CALL,76000,4,,14,25.39,24.82,5,38,4,12,24.99,0,0,4,09/17 18:16
2026/09/17 20:11,2026-09-17T20:26:21+09:00,2026/09/18,2026/10/08,2026-10,PUT,76000,11955,,,,,,,,,,,,,
2026/09/17 20:11,2026-09-17T20:26:21+09:00,2026/09/18,2026/10/08,2026-10,CALL,75750,6,,,25.42,24.38,6,20,4,20,,,,,
2026/09/17 20:11,2026-09-17T20:26:21+09:00,2026/09/18,2026/10/08,2026-10,PUT,75750,11705,,,,,,,,,,,,,
2026/09/17 20:11,2026-09-17T20:26:21+09:00,2026/09/18,2026/10/08,2026-10,CALL,75500,7,,,24.97,24.49,6,15,5,8,,,,,
2026/09/17 20:11,2026-09-17T20:26:21+09:00,2026/09/18,2026/10/08,2026-10,PUT,75500,11455,,,,,,,,,,,,,
2026/09/17 20:11,2026-09-17T20:26:21+09:00,2026/09/18,2026/10/08,2026-10,CALL,75250,7,,,24.92,24.04,7,20,5,20,,,,,
2026/09/17 20:11,2026-09-17T20:26:21+09:00,2026/09/18,2026/10/08,2026-10,PUT,75250,11205,,,,,,,,,,,,,
2026/09/17 20:11,2026-09-17T20:26:21+09:00,2026/09/18,2026/10/08,2026-10,CALL,75000,8,,22,24.46,24.05,7,1,6,16,24.69,0,0,7,09/17 19:05
2026/09/17 20:11,2026-09-17T20:26:21+09:00,2026/09/18,2026/10/08,2026-10,PUT,75000,10955,,,,,,,,,,,,,
2026/09/17 20:11,2026-09-17T20:26:21+09:00,2026/09/18,2026/10/08,2026-10,CALL,74750,9,,4,24.68,23.99,9,31,7,5,24.33,,,7,09/17 18:24
2026/09/17 20:11,2026-09-17T20:26:21+09:00,2026/09/18,2026/10/08,2026-10,PUT,74750,10710,,,,,,,,,,,,,
2026/09/17 20:11,2026-09-17T20:26:21+09:00,2026/09/18,2026/10/08,2026-10,CALL,74500,10,,4,24.2,23.52,9,2,7,41,24.12,-1,-11.11,8,09/17 18:42
2026/09/17 20:11,2026-09-17T20:26:21+09:00,2026/09/18,2026/10/08,2026-10,PUT,74500,10460,,,,,,,,,,,,,
2026/09/17 20:11,2026-09-17T20:26:21+09:00,2026/09/18,2026/10/08,2026-10,CALL,74250,11,,4,24.01,23.71,10,2,9,1,23.98,,,9,09/17 18:59
2026/09/17 20:11,2026-09-17T20:26:21+09:00,2026/09/18,2026/10/08,2026-10,PUT,74250,10210,,,,,,,,,,,,,
2026/09/17 20:11,2026-09-17T20:26:21+09:00,2026/09/18,2026/10/08,2026-10,CALL,74000,12,,8,23.79,23.52,11,1,10,2,23.89,1,10,11,09/17 19:40
2026/09/17 20:11,2026-09-17T20:26:21+09:00,2026/09/18,2026/10/08,2026-10,PUT,74000,9965,,,,,,,,,,,,,
2026/09/17 20:11,2026-09-17T20:26:21+09:00,2026/09/18,2026/10/08,2026-10,CALL,73750,13,,1,24.8,22.73,18,8,9,8,24.15,-5,-31.25,11,09/17 17:14
2026/09/17 20:11,2026-09-17T20:26:21+09:00,2026/09/18,2026/10/08,2026-10,PUT,73750,9715,,,,,,,,,,,,,
2026/09/17 20:11,2026-09-17T20:26:21+09:00,2026/09/18,2026/10/08,2026-10,CALL,73500,15,,1,23.69,22.78,15,8,11,29,23.57,-3,-17.65,14,09/17 19:15
2026/09/17 20:11,2026-09-17T20:26:21+09:00,2026/09/18,2026/10/08,2026-10,PUT,73500,9465,,,,,,,,,,,,,
2026/09/17 20:11,2026-09-17T20:26:21+09:00,2026/09/18,2026/10/08,2026-10,CALL,73250,18,,,24.25,21.74,21,8,9,8,,,,,
2026/09/17 20:11,2026-09-17T20:26:21+09:00,2026/09/18,2026/10/08,2026-10,PUT,73250,9220,,,,,,,,,,,,,
2026/09/17 20:11,2026-09-17T20:26:21+09:00,2026/09/18,2026/10/08,2026-10,CALL,73000,19,,10,23.54,23.03,20,17,17,12,23.32,0,0,18,09/17 19:34
2026/09/17 20:11,2026-09-17T20:26:21+09:00,2026/09/18,2026/10/08,2026-10,PUT,73000,8970,,,,,,,,,,,,,
2026/09/17 20:11,2026-09-17T20:26:21+09:00,2026/09/18,2026/10/08,2026-10,CALL,72750,22,,,24.27,21.71,29,8,13,8,,,,,
2026/09/17 20:11,2026-09-17T20:26:21+09:00,2026/09/18,2026/10/08,2026-10,PUT,72750,8725,,,,,,,,,,,,,
2026/09/17 20:11,2026-09-17T20:26:21+09:00,2026/09/18,2026/10/08,2026-10,CALL,72500,25,,3,23.31,22.6,26,8,21,29,23.26,2,9.52,23,09/17 18:20
2026/09/17 20:11,2026-09-17T20:26:21+09:00,2026/09/18,2026/10/08,2026-10,PUT,72500,8480,,,26.7,,8230,2,7980,2,,,,,
2026/09/17 20:11,2026-09-17T20:26:21+09:00,2026/09/18,2026/10/08,2026-10,CALL,72250,30,,1,23.48,22.34,32,5,23,8,23.23,-5,-14.71,29,09/17 18:10
2026/09/17 20:11,2026-09-17T20:26:21+09:00,2026/09/18,2026/10/08,2026-10,PUT,72250,8230,,,40.64,,8330,3,7655,3,,,,,
2026/09/17 20:11,2026-09-17T20:26:21+09:00,2026/09/18,2026/10/08,2026-10,CALL,72125,35,,,24.41,22.19,44,16,24,16,,,,,
2026/09/17 20:11,2026-09-17T20:26:21+09:00,2026/09/18,2026/10/08,2026-10,PUT,72125,8110,,,40.22,,8205,3,7625,3,,,,,
2026/09/17 20:11,2026-09-17T20:26:21+09:00,2026/09/18,2026/10/08,2026-10,CALL,72000,32,,502,23.22,22.66,35,12,30,12,22.93,1,3.13,33,09/17 20:05
2026/09/17 20:11,2026-09-17T20:26:21+09:00,2026/09/18,2026/10/08,2026-10,PUT,72000,7985,,,40.38,,8100,9,7550,12,,,,,
2026/09/17 20:11,2026-09-17T20:26:21+09:00,2026/09/18,2026/10/08,2026-10,CALL,71875,35,,,24.15,21.21,48,7,21,7,,,,,
2026/09/17 20:11,2026-09-17T20:26:21+09:00,2026/09/18,2026/10/08,2026-10,PUT,71875,7865,,,39.53,,7960,3,7445,3,,,,,
2026/09/17 20:11,2026-09-17T20:26:21+09:00,2026/09/18,2026/10/08,2026-10,CALL,71750,38,,,23.31,22.3,42,16,32,8,,,,,
2026/09/17 20:11,2026-09-17T20:26:21+09:00,2026/09/18,2026/10/08,2026-10,PUT,71750,7745,,,25.86,,7495,1,7275,1,,,,,
2026/09/17 20:11,2026-09-17T20:26:21+09:00,2026/09/18,2026/10/08,2026-10,CALL,71625,41,,,23.18,22.81,44,12,40,4,,,,,
2026/09/17 20:11,2026-09-17T20:26:21+09:00,2026/09/18,2026/10/08,2026-10,PUT,71625,7620,,,38.82,,7715,3,7065,1,,,,,
2026/09/17 20:11,2026-09-17T20:26:21+09:00,2026/09/18,2026/10/08,2026-10,CALL,71500,40,,7,23.22,22.78,48,8,43,8,22.96,5,12.5,45,09/17 19:59
2026/09/17 20:11,2026-09-17T20:26:21+09:00,2026/09/18,2026/10/08,2026-10,PUT,71500,7500,,,38.82,,7605,6,7135,6,,,,,
2026/09/17 20:11,2026-09-17T20:26:21+09:00,2026/09/18,2026/10/08,2026-10,CALL,71375,46,,,23.31,22.73,53,12,46,6,,,,,
2026/09/17 20:11,2026-09-17T20:26:21+09:00,2026/09/18,2026/10/08,2026-10,PUT,71375,7375,,,38.25,,7475,3,6845,3,,,,,
2026/09/17 20:11,2026-09-17T20:26:21+09:00,2026/09/18,2026/10/08,2026-10,CALL,71250,48,,4,23.22,22.83,56,10,51,5,22.86,9,23.08,48,09/17 19:42
2026/09/17 20:11,2026-09-17T20:26:21+09:00,2026/09/18,2026/10/08,2026-10,PUT,71250,7255,,,33.8,,7215,2,6730,1,,,,,
2026/09/17 20:11,2026-09-17T20:26:21+09:00,2026/09/18,2026/10/08,2026-10,CALL,71125,52,,,23.26,22.89,61,12,56,4,,,,,
2026/09/17 20:11,2026-09-17T20:26:21+09:00,2026/09/18,2026/10/08,2026-10,PUT,71125,7135,,,37.51,,7230,3,6595,3,,,,,
2026/09/17 20:11,2026-09-17T20:26:21+09:00,2026/09/18,2026/10/08,2026-10,CALL,71000,53,,11,23.14,22.86,64,12,60,12,22.95,7,13.21,60,09/17 19:56
2026/09/17 20:11,2026-09-17T20:26:21+09:00,2026/09/18,2026/10/08,2026-10,PUT,71000,7010,,,37.61,,7125,9,6640,3,,,,,
2026/09/17 20:11,2026-09-17T20:26:21+09:00,2026/09/18,2026/10/08,2026-10,CALL,70875,61,,,23.26,22.87,71,12,65,4,,,,,
2026/09/17 20:11,2026-09-17T20:26:21+09:00,2026/09/18,2026/10/08,2026-10,PUT,70875,6890,,,36.9,,6990,3,6450,1,,,,,
2026/09/17 20:11,2026-09-17T20:26:21+09:00,2026/09/18,2026/10/08,2026-10,CALL,70750,63,,2,23.24,22.86,76,5,70,3,22.96,5,8.06,67,09/17 18:06
2026/09/17 20:11,2026-09-17T20:26:21+09:00,2026/09/18,2026/10/08,2026-10,PUT,70750,6770,,,36.59,,6870,3,6320,1,,,,,
2026/09/17 20:11,2026-09-17T20:26:21+09:00,2026/09/18,2026/10/08,2026-10,CALL,70625,69,,,23.31,22.83,83,3,75,10,,,,,
2026/09/17 20:11,2026-09-17T20:26:21+09:00,2026/09/18,2026/10/08,2026-10,PUT,70625,6655,,,36.27,,6750,3,6180,3,,,,,
2026/09/17 20:11,2026-09-17T20:26:21+09:00,2026/09/18,2026/10/08,2026-10,CALL,70500,70,,3,23.24,22.84,88,6,81,25,22.98,11,15.71,81,09/17 19:33
2026/09/17 20:11,2026-09-17T20:26:21+09:00,2026/09/18,2026/10/08,2026-10,PUT,70500,6530,,,36.21,,6640,6,6115,6,,,,,
2026/09/17 20:11,2026-09-17T20:26:21+09:00,2026/09/18,2026/10/08,2026-10,CALL,70375,80,,,23.31,22.94,96,3,89,3,,,,,
2026/09/17 20:11,2026-09-17T20:26:21+09:00,2026/09/18,2026/10/08,2026-10,PUT,70375,6415,,,35.63,,6510,3,5900,3,,,,,
2026/09/17 20:11,2026-09-17T20:26:21+09:00,2026/09/18,2026/10/08,2026-10,CALL,70250,84,,,23.45,22.85,106,2,94,1,,,,,
2026/09/17 20:11,2026-09-17T20:26:21+09:00,2026/09/18,2026/10/08,2026-10,PUT,70250,6295,,,35.42,,6395,3,5870,3,,,,,
2026/09/17 20:11,2026-09-17T20:26:21+09:00,2026/09/18,2026/10/08,2026-10,CALL,70125,90,,,23.19,22.94,108,2,103,10,,,,,
2026/09/17 20:11,2026-09-17T20:26:21+09:00,2026/09/18,2026/10/08,2026-10,PUT,70125,6175,,,31.49,18.14,6140,2,5825,3,,,,,
2026/09/17 20:11,2026-09-17T20:26:21+09:00,2026/09/18,2026/10/08,2026-10,CALL,70000,94,,53,23.37,23.01,120,9,112,9,23.06,17,18.09,111,09/17 19:56
2026/09/17 20:11,2026-09-17T20:26:21+09:00,2026/09/18,2026/10/08,2026-10,PUT,70000,6055,,,35.11,,6170,9,5515,9,,,,,
2026/09/17 20:11,2026-09-17T20:26:21+09:00,2026/09/18,2026/10/08,2026-10,CALL,69875,103,,,23.35,23,128,7,120,3,,,,,
2026/09/17 20:11,2026-09-17T20:26:21+09:00,2026/09/18,2026/10/08,2026-10,PUT,69875,5940,,,34.52,,6040,3,5430,1,,,,,
2026/09/17 20:11,2026-09-17T20:26:21+09:00,2026/09/18,2026/10/08,2026-10,CALL,69750,109,,,23.59,22.66,143,4,121,11,,,,,
2026/09/17 20:11,2026-09-17T20:26:21+09:00,2026/09/18,2026/10/08,2026-10,PUT,69750,5820,,,34.17,,5920,3,5335,3,,,,,
2026/09/17 20:11,2026-09-17T20:26:21+09:00,2026/09/18,2026/10/08,2026-10,CALL,69625,119,,,23.4,23.04,148,3,139,3,,,,,
2026/09/17 20:11,2026-09-17T20:26:21+09:00,2026/09/18,2026/10/08,2026-10,PUT,69625,5705,,,33.93,19.15,5805,6,5355,3,,,,,
2026/09/17 20:11,2026-09-17T20:26:21+09:00,2026/09/18,2026/10/08,2026-10,CALL,69500,125,,10,23.46,23.12,160,20,151,6,22.98,41,40.2,143,09/17 18:09
2026/09/17 20:11,2026-09-17T20:26:21+09:00,2026/09/18,2026/10/08,2026-10,PUT,69500,5585,,,33.8,19.4,5695,9,5240,3,,,,,
2026/09/17 20:11,2026-09-17T20:26:21+09:00,2026/09/18,2026/10/08,2026-10,CALL,69375,136,,,23.46,23.1,171,3,161,3,,,,,
2026/09/17 20:11,2026-09-17T20:26:21+09:00,2026/09/18,2026/10/08,2026-10,PUT,69375,5475,,,33.31,13.77,5570,6,5055,3,,,,,
2026/09/17 20:11,2026-09-17T20:26:21+09:00,2026/09/18,2026/10/08,2026-10,CALL,69250,145,,,24.16,23.06,203,8,171,1,,,,,
2026/09/17 20:11,2026-09-17T20:26:21+09:00,2026/09/18,2026/10/08,2026-10,PUT,69250,5355,,,33.17,0,5460,2,4920,2,,,,,
2026/09/17 20:11,2026-09-17T20:26:21+09:00,2026/09/18,2026/10/08,2026-10,CALL,69125,155,,,23.5,23.17,196,7,186,10,,,,,
2026/09/17 20:11,2026-09-17T20:26:21+09:00,2026/09/18,2026/10/08,2026-10,PUT,69125,5245,,,32.78,,5340,6,4760,3,,,,,
2026/09/17 20:11,2026-09-17T20:26:21+09:00,2026/09/18,2026/10/08,2026-10,CALL,69000,160,,272,23.53,23.21,210,11,200,9,23.26,45,28.13,205,09/17 20:09
2026/09/17 20:11,2026-09-17T20:26:21+09:00,2026/09/18,2026/10/08,2026-10,PUT,69000,5130,,,32.73,,5235,7,4645,4,,,,,
2026/09/17 20:11,2026-09-17T20:26:21+09:00,2026/09/18,2026/10/08,2026-10,CALL,68875,180,,,23.57,23.23,225,2,214,2,,,,,
2026/09/17 20:11,2026-09-17T20:26:21+09:00,2026/09/18,2026/10/08,2026-10,PUT,68875,5015,,,31.55,15.75,5080,3,4585,5,,,,,
2026/09/17 20:11,2026-09-17T20:26:21+09:00,2026/09/18,2026/10/08,2026-10,CALL,68750,189,,2,23.82,23.26,248,1,229,2,23.07,4,2.27,180,09/17 17:34
2026/09/17 20:11,2026-09-17T20:26:21+09:00,2026/09/18,2026/10/08,2026-10,PUT,68750,4900,,,31.27,11.28,4965,2,4425,4,,,,,
2026/09/17 20:11,2026-09-17T20:26:21+09:00,2026/09/18,2026/10/08,2026-10,CALL,68625,204,,,23.61,23.32,256,2,246,2,,,,,
2026/09/17 20:11,2026-09-17T20:26:21+09:00,2026/09/18,2026/10/08,2026-10,PUT,68625,4790,,,31.08,20.77,4855,3,4460,3,,,,,
2026/09/17 20:11,2026-09-17T20:26:21+09:00,2026/09/18,2026/10/08,2026-10,CALL,68500,213,,6,23.66,23.35,274,4,263,4,23.7,61,28.64,274,09/17 19:29
2026/09/17 20:11,2026-09-17T20:26:21+09:00,2026/09/18,2026/10/08,2026-10,PUT,68500,4680,,,31.75,19.29,4785,9,4305,3,,,,,
2026/09/17 20:11,2026-09-17T20:26:21+09:00,2026/09/18,2026/10/08,2026-10,CALL,68375,233,,,23.73,23.36,294,2,280,3,,,,,
2026/09/17 20:11,2026-09-17T20:26:21+09:00,2026/09/18,2026/10/08,2026-10,PUT,68375,4570,,,30.69,17.29,4635,3,4140,3,,,,,
2026/09/17 20:11,2026-09-17T20:26:21+09:00,2026/09/18,2026/10/08,2026-10,CALL,68250,247,,7,23.81,23.37,315,6,298,14,23.22,76,38.38,274,09/17 18:17
2026/09/17 20:11,2026-09-17T20:26:21+09:00,2026/09/18,2026/10/08,2026-10,PUT,68250,4460,,,30.58,17.11,4530,2,4020,4,,,,,
2026/09/17 20:11,2026-09-17T20:26:21+09:00,2026/09/18,2026/10/08,2026-10,CALL,68125,264,,,23.83,23.45,335,2,320,4,,,,,
2026/09/17 20:11,2026-09-17T20:26:21+09:00,2026/09/18,2026/10/08,2026-10,PUT,68125,4365,,,30.35,21.6,4420,3,4045,5,,,,,
2026/09/17 20:11,2026-09-17T20:26:21+09:00,2026/09/18,2026/10/08,2026-10,CALL,68000,279,,23,23.71,23.47,350,1,340,4,23.48,66,23.66,345,09/17 20:04
2026/09/17 20:11,2026-09-17T20:26:21+09:00,2026/09/18,2026/10/08,2026-10,PUT,68000,4245,,,30.82,20.44,4345,7,3895,7,,,,,
2026/09/17 20:11,2026-09-17T20:26:21+09:00,2026/09/18,2026/10/08,2026-10,CALL,67875,300,,,23.81,23.45,375,4,360,4,,,,,
2026/09/17 20:11,2026-09-17T20:26:21+09:00,2026/09/18,2026/10/08,2026-10,PUT,67875,4135,,,29.96,19.98,4205,3,3770,3,,,,,
2026/09/17 20:11,2026-09-17T20:26:21+09:00,2026/09/18,2026/10/08,2026-10,CALL,67750,310,,,23.88,23.42,400,4,380,13,,,,,
2026/09/17 20:11,2026-09-17T20:26:21+09:00,2026/09/18,2026/10/08,2026-10,PUT,67750,4030,,,29.7,21.49,4095,2,3720,4,,,,,
2026/09/17 20:11,2026-09-17T20:26:21+09:00,2026/09/18,2026/10/08,2026-10,CALL,67625,340,,,23.92,23.36,425,3,400,3,,,,,
2026/09/17 20:11,2026-09-17T20:26:21+09:00,2026/09/18,2026/10/08,2026-10,PUT,67625,3940,,,29.52,21,3990,3,3595,5,,,,,
2026/09/17 20:11,2026-09-17T20:26:21+09:00,2026/09/18,2026/10/08,2026-10,CALL,67500,360,,9,23.94,23.5,450,4,430,28,23.46,75,21.74,420,09/17 19:18
2026/09/17 20:11,2026-09-17T20:26:21+09:00,2026/09/18,2026/10/08,2026-10,PUT,67500,3840,,,29.34,20,3885,3,3450,3,,,,,
2026/09/17 20:11,2026-09-17T20:26:21+09:00,2026/09/18,2026/10/08,2026-10,CALL,67375,385,,,23.93,23.61,475,1,460,2,,,,,
2026/09/17 20:11,2026-09-17T20:26:21+09:00,2026/09/18,2026/10/08,2026-10,PUT,67375,3720,,,29.13,20.12,3780,3,3350,3,,,,,
2026/09/17 20:11,2026-09-17T20:26:21+09:00,2026/09/18,2026/10/08,2026-10,CALL,67250,405,,,24.21,23.59,515,4,485,4,,,,,
2026/09/17 20:11,2026-09-17T20:26:21+09:00,2026/09/18,2026/10/08,2026-10,PUT,67250,3620,,,28.92,19.96,3675,2,3240,4,,,,,
2026/09/17 20:11,2026-09-17T20:26:21+09:00,2026/09/18,2026/10/08,2026-10,CALL,67125,435,,1,24.05,23.64,535,2,515,3,23.27,100,25.97,485,09/17 18:09
2026/09/17 20:11,2026-09-17T20:26:21+09:00,2026/09/18,2026/10/08,2026-10,PUT,67125,3525,,,29.25,21.77,3600,3,3220,2,,,,,
2026/09/17 20:11,2026-09-17T20:26:21+09:00,2026/09/18,2026/10/08,2026-10,CALL,67000,450,,107,24.07,23.87,565,21,555,8,23.82,110,24.44,560,09/17 20:10
2026/09/17 20:11,2026-09-17T20:26:21+09:00,2026/09/18,2026/10/08,2026-10,PUT,67000,3425,,,28.9,22.87,3490,7,3175,3,,,,,
2026/09/17 20:11,2026-09-17T20:26:21+09:00,2026/09/18,2026/10/08,2026-10,CALL,66875,490,,,24.36,23.68,610,2,575,3,,,,,
2026/09/17 20:11,2026-09-17T20:26:21+09:00,2026/09/18,2026/10/08,2026-10,PUT,66875,3330,,,28.82,22.9,3395,3,3080,4,,,,,
2026/09/17 20:11,2026-09-17T20:26:21+09:00,2026/09/18,2026/10/08,2026-10,CALL,66750,505,,,24.14,23.66,630,8,605,12,,,,,
2026/09/17 20:11,2026-09-17T20:26:21+09:00,2026/09/18,2026/10/08,2026-10,PUT,66750,3255,,,28.81,22.5,3305,5,2965,4,,,,,
2026/09/17 20:11,2026-09-17T20:26:21+09:00,2026/09/18,2026/10/08,2026-10,CALL,66625,550,,,24.46,23.71,680,3,640,3,,,,,
2026/09/17 20:11,2026-09-17T20:26:21+09:00,2026/09/18,2026/10/08,2026-10,PUT,66625,3140,,,28.7,22.86,3210,6,2890,4,,,,,
2026/09/17 20:11,2026-09-17T20:26:21+09:00,2026/09/18,2026/10/08,2026-10,CALL,66500,565,,1,24.29,23.74,705,6,675,26,23.66,100,17.7,665,09/17 18:13
2026/09/17 20:11,2026-09-17T20:26:21+09:00,2026/09/18,2026/10/08,2026-10,PUT,66500,3045,,,27.42,23,3050,7,2805,2,,,,,
2026/09/17 20:11,2026-09-17T20:26:21+09:00,2026/09/18,2026/10/08,2026-10,CALL,66375,615,,,24.28,23.65,740,3,705,3,,,,,
2026/09/17 20:11,2026-09-17T20:26:21+09:00,2026/09/18,2026/10/08,2026-10,PUT,66375,2955,,,28.41,22.83,3020,6,2705,4,,,,,
2026/09/17 20:11,2026-09-17T20:26:21+09:00,2026/09/18,2026/10/08,2026-10,CALL,66250,635,,,24.42,23.89,785,2,755,3,,,,,
2026/09/17 20:11,2026-09-17T20:26:21+09:00,2026/09/18,2026/10/08,2026-10,PUT,66250,2865,,,28.33,22.82,2930,5,2615,5,,,,,
2026/09/17 20:11,2026-09-17T20:26:21+09:00,2026/09/18,2026/10/08,2026-10,CALL,66125,685,,,24.62,23.93,835,2,795,2,,,,,
2026/09/17 20:11,2026-09-17T20:26:21+09:00,2026/09/18,2026/10/08,2026-10,PUT,66125,2780,,,26.61,22.87,2745,6,2530,6,,,,,
2026/09/17 20:11,2026-09-17T20:26:21+09:00,2026/09/18,2026/10/08,2026-10,CALL,66000,730,,8,24.45,24.02,865,5,840,5,23.62,80,10.96,810,09/17 18:13
2026/09/17 20:11,2026-09-17T20:26:21+09:00,2026/09/18,2026/10/08,2026-10,PUT,66000,2690,,,24.62,23.33,2545,12,2470,3,,,,,
2026/09/17 20:11,2026-09-17T20:26:21+09:00,2026/09/18,2026/10/08,2026-10,CALL,65875,765,,1,24.77,23.75,925,3,865,2,23.73,-150,-17.34,715,09/17 17:19
2026/09/17 20:11,2026-09-17T20:26:21+09:00,2026/09/18,2026/10/08,2026-10,PUT,65875,2615,,,25.19,23.33,2495,7,2385,1,,,,,
2026/09/17 20:11,2026-09-17T20:26:21+09:00,2026/09/18,2026/10/08,2026-10,CALL,65750,780,,,24.81,23.97,970,2,920,2,,,,,
2026/09/17 20:11,2026-09-17T20:26:21+09:00,2026/09/18,2026/10/08,2026-10,PUT,65750,2530,,,25.23,23.46,2415,6,2310,1,,,,,
2026/09/17 20:11,2026-09-17T20:26:21+09:00,2026/09/18,2026/10/08,2026-10,CALL,65625,850,,,24.9,24.07,1020,2,970,2,,,,,
2026/09/17 20:11,2026-09-17T20:26:21+09:00,2026/09/18,2026/10/08,2026-10,PUT,65625,2445,,,25.07,23.57,2325,7,2235,1,,,,,
2026/09/17 20:11,2026-09-17T20:26:21+09:00,2026/09/18,2026/10/08,2026-10,CALL,65500,875,,1,24.72,24.31,1055,4,1030,4,23.99,95,10.86,970,09/17 18:18
2026/09/17 20:11,2026-09-17T20:26:21+09:00,2026/09/18,2026/10/08,2026-10,PUT,65500,2390,,,25.22,23.65,2255,7,2160,2,,,,,
2026/09/17 20:11,2026-09-17T20:26:21+09:00,2026/09/18,2026/10/08,2026-10,CALL,65375,940,,,25.18,24.04,1130,2,1060,7,,,,,
2026/09/17 20:11,2026-09-17T20:26:21+09:00,2026/09/18,2026/10/08,2026-10,PUT,65375,2290,,,25.34,23.46,2185,7,2070,1,,,,,
2026/09/17 20:11,2026-09-17T20:26:21+09:00,2026/09/18,2026/10/08,2026-10,CALL,65250,990,,,24.87,24.3,1160,3,1125,3,,,,,
2026/09/17 20:11,2026-09-17T20:26:21+09:00,2026/09/18,2026/10/08,2026-10,PUT,65250,2210,,,25.28,23.9,2105,6,2020,1,,,,,
2026/09/17 20:11,2026-09-17T20:26:21+09:00,2026/09/18,2026/10/08,2026-10,CALL,65125,1040,,,25.35,24.22,1240,7,1170,3,,,,,
2026/09/17 20:11,2026-09-17T20:26:21+09:00,2026/09/18,2026/10/08,2026-10,PUT,65125,2140,,,24.71,23.98,1995,5,1950,5,,,,,
2026/09/17 20:11,2026-09-17T20:26:21+09:00,2026/09/18,2026/10/08,2026-10,CALL,65000,1100,,53,25.08,24.52,1275,5,1240,5,24.42,90,8.18,1190,09/17 18:46
2026/09/17 20:11,2026-09-17T20:26:21+09:00,2026/09/18,2026/10/08,2026-10,PUT,65000,2060,,1,25.08,24.2,1945,19,1890,4,24.15,-365,-15.11,2050,09/17 17:01
2026/09/17 20:11,2026-09-17T20:26:21+09:00,2026/09/18,2026/10/08,2026-10,CALL,64875,1150,,,25.18,24.31,1335,4,1280,5,,,,,
2026/09/17 20:11,2026-09-17T20:26:21+09:00,2026/09/18,2026/10/08,2026-10,PUT,64875,2000,,,25.02,24.23,1870,7,1820,3,,,,,
2026/09/17 20:11,2026-09-17T20:26:21+09:00,2026/09/18,2026/10/08,2026-10,CALL,64750,1200,,,25.26,24.31,1395,4,1335,10,,,,,
2026/09/17 20:11,2026-09-17T20:26:21+09:00,2026/09/18,2026/10/08,2026-10,PUT,64750,1925,,,25.11,24.23,1805,3,1750,3,,,,,
2026/09/17 20:11,2026-09-17T20:26:21+09:00,2026/09/18,2026/10/08,2026-10,CALL,64625,1255,,,25.32,24.05,1455,5,1375,7,,,,,
2026/09/17 20:11,2026-09-17T20:26:21+09:00,2026/09/18,2026/10/08,2026-10,PUT,64625,1860,,,25.24,24.29,1745,3,1685,3,,,,,
2026/09/17 20:11,2026-09-17T20:26:21+09:00,2026/09/18,2026/10/08,2026-10,CALL,64500,1315,,,25.75,23.76,1540,8,1415,5,,,,,
2026/09/17 20:11,2026-09-17T20:26:21+09:00,2026/09/18,2026/10/08,2026-10,PUT,64500,1815,,,24.95,24.56,1660,4,1635,2,,,,,
2026/09/17 20:11,2026-09-17T20:26:21+09:00,2026/09/18,2026/10/08,2026-10,CALL,64375,1375,,,25.83,24.25,1605,4,1505,7,,,,,
2026/09/17 20:11,2026-09-17T20:26:21+09:00,2026/09/18,2026/10/08,2026-10,PUT,64375,1755,,,25.36,24.64,1620,3,1575,3,,,,,
2026/09/17 20:11,2026-09-17T20:26:21+09:00,2026/09/18,2026/10/08,2026-10,CALL,64250,1415,,,26.45,24.3,1705,5,1570,6,,,,,
2026/09/17 20:11,2026-09-17T20:26:21+09:00,2026/09/18,2026/10/08,2026-10,PUT,64250,1690,,,25.26,24.7,1550,2,1515,2,,,,,
2026/09/17 20:11,2026-09-17T20:26:21+09:00,2026/09/18,2026/10/08,2026-10,CALL,64125,1520,,,26.17,24.02,1750,4,1615,10,,,,,
2026/09/17 20:11,2026-09-17T20:26:21+09:00,2026/09/18,2026/10/08,2026-10,PUT,64125,1620,,,25.45,24.82,1500,3,1460,3,,,,,
2026/09/17 20:11,2026-09-17T20:26:21+09:00,2026/09/18,2026/10/08,2026-10,CALL,64000,1530,,4,26.1,24.91,1810,9,1735,3,25.3,235,15.36,1765,09/17 19:24
2026/09/17 20:11,2026-09-17T20:26:21+09:00,2026/09/18,2026/10/08,2026-10,PUT,64000,1580,,3,25.55,24.91,1445,5,1405,5,24.92,-240,-14.29,1440,09/17 19:43
2026/09/17 20:11,2026-09-17T20:26:21+09:00,2026/09/18,2026/10/08,2026-10,CALL,63875,1675,,,26.09,24.49,1875,4,1775,3,,,,,
2026/09/17 20:11,2026-09-17T20:26:21+09:00,2026/09/18,2026/10/08,2026-10,PUT,63875,1505,,,25.61,24.97,1390,3,1350,3,,,,,
2026/09/17 20:11,2026-09-17T20:26:21+09:00,2026/09/18,2026/10/08,2026-10,CALL,63750,1715,,,26.86,23.56,1990,4,1785,5,,,,,
2026/09/17 20:11,2026-09-17T20:26:21+09:00,2026/09/18,2026/10/08,2026-10,PUT,63750,1465,,3,25.49,25.09,1325,3,1300,2,25.21,-230,-14.51,1355,09/17 18:34
2026/09/17 20:11,2026-09-17T20:26:21+09:00,2026/09/18,2026/10/08,2026-10,CALL,63625,1790,,,27.21,22.75,2080,5,1805,3,,,,,
2026/09/17 20:11,2026-09-17T20:26:21+09:00,2026/09/18,2026/10/08,2026-10,PUT,63625,1405,,,26,25.19,1300,2,1250,3,,,,,
2026/09/17 20:11,2026-09-17T20:26:21+09:00,2026/09/18,2026/10/08,2026-10,CALL,63500,1875,,,26.89,24.85,2130,5,2005,5,,,,,
2026/09/17 20:11,2026-09-17T20:26:21+09:00,2026/09/18,2026/10/08,2026-10,PUT,63500,1365,,,25.75,25.34,1230,4,1205,14,,,,,
2026/09/17 20:11,2026-09-17T20:26:21+09:00,2026/09/18,2026/10/08,2026-10,CALL,63375,1945,,,27.2,22,2220,5,1905,6,,,,,
2026/09/17 20:11,2026-09-17T20:26:21+09:00,2026/09/18,2026/10/08,2026-10,PUT,63375,1295,,,26.05,25.47,1195,3,1160,1,,,,,
2026/09/17 20:11,2026-09-17T20:26:21+09:00,2026/09/18,2026/10/08,2026-10,CALL,63250,2025,,,26.82,23.91,2270,1,2095,5,,,,,
2026/09/17 20:11,2026-09-17T20:26:21+09:00,2026/09/18,2026/10/08,2026-10,PUT,63250,1260,,,25.91,25.41,1135,5,1105,4,,,,,
2026/09/17 20:11,2026-09-17T20:26:21+09:00,2026/09/18,2026/10/08,2026-10,CALL,63125,2110,,,26.92,23.47,2350,1,2145,6,,,,,
2026/09/17 20:11,2026-09-17T20:26:21+09:00,2026/09/18,2026/10/08,2026-10,PUT,63125,1205,,,26.25,25.66,1105,3,1070,2,,,,,
2026/09/17 20:11,2026-09-17T20:26:21+09:00,2026/09/18,2026/10/08,2026-10,CALL,63000,2185,,,27.92,24.02,2485,20,2255,20,,,,,
2026/09/17 20:11,2026-09-17T20:26:21+09:00,2026/09/18,2026/10/08,2026-10,PUT,63000,1175,,,26.23,25.81,1055,32,1030,3,,,,,
2026/09/17 20:11,2026-09-17T20:26:21+09:00,2026/09/18,2026/10/08,2026-10,CALL,62875,2270,,,27.04,21.76,2510,1,2205,6,,,,,
2026/09/17 20:11,2026-09-17T20:26:21+09:00,2026/09/18,2026/10/08,2026-10,PUT,62875,1120,,,26.44,25.84,1020,3,985,7,,,,,
2026/09/17 20:11,2026-09-17T20:26:21+09:00,2026/09/18,2026/10/08,2026-10,CALL,62750,2350,,,27.24,21.71,2600,4,2285,5,,,,,
2026/09/17 20:11,2026-09-17T20:26:21+09:00,2026/09/18,2026/10/08,2026-10,PUT,62750,1080,,1,26.37,26.03,970,5,950,8,25.64,-290,-23.29,955,09/17 18:16
2026/09/17 20:11,2026-09-17T20:26:21+09:00,2026/09/18,2026/10/08,2026-10,CALL,62625,2435,,,27.33,21.63,2685,4,2365,6,,,,,
2026/09/17 20:11,2026-09-17T20:26:21+09:00,2026/09/18,2026/10/08,2026-10,PUT,62625,1015,,,26.63,26.19,940,3,915,1,,,,,
2026/09/17 20:11,2026-09-17T20:26:21+09:00,2026/09/18,2026/10/08,2026-10,CALL,62500,2505,,,28.28,21.42,2820,7,2440,9,,,,,
2026/09/17 20:11,2026-09-17T20:26:21+09:00,2026/09/18,2026/10/08,2026-10,PUT,62500,995,,,26.6,26.33,895,6,880,2,,,,,
2026/09/17 20:11,2026-09-17T20:26:21+09:00,2026/09/18,2026/10/08,2026-10,CALL,62375,2605,,,29.22,22.02,2955,5,2560,3,,,,,
2026/09/17 20:11,2026-09-17T20:26:21+09:00,2026/09/18,2026/10/08,2026-10,PUT,62375,955,,,26.91,26.45,870,3,845,1,,,,,
2026/09/17 20:11,2026-09-17T20:26:21+09:00,2026/09/18,2026/10/08,2026-10,CALL,62250,2690,,,31.41,21.35,3160,4,2615,5,,,,,
2026/09/17 20:11,2026-09-17T20:26:21+09:00,2026/09/18,2026/10/08,2026-10,PUT,62250,950,,,26.83,26.55,825,4,810,8,,,,,
2026/09/17 20:11,2026-09-17T20:26:21+09:00,2026/09/18,2026/10/08,2026-10,CALL,62125,2780,,,29.48,21.62,3135,5,2720,3,,,,,
2026/09/17 20:11,2026-09-17T20:26:21+09:00,2026/09/18,2026/10/08,2026-10,PUT,62125,885,,,27.19,26.63,805,3,775,2,,,,,
2026/09/17 20:11,2026-09-17T20:26:21+09:00,2026/09/18,2026/10/08,2026-10,CALL,62000,2870,,,29.4,21.77,3215,4,2820,7,,,,,
2026/09/17 20:11,2026-09-17T20:26:21+09:00,2026/09/18,2026/10/08,2026-10,PUT,62000,850,,155,26.87,26.78,750,12,745,7,27.11,-235,-23.86,750,09/17 20:03
2026/09/17 20:11,2026-09-17T20:26:21+09:00,2026/09/18,2026/10/08,2026-10,CALL,61875,2965,,,29.56,21.37,3310,5,2895,3,,,,,
2026/09/17 20:11,2026-09-17T20:26:21+09:00,2026/09/18,2026/10/08,2026-10,PUT,61875,810,,,27.39,26.81,740,3,710,2,,,,,
2026/09/17 20:11,2026-09-17T20:26:21+09:00,2026/09/18,2026/10/08,2026-10,CALL,61750,3055,,,29.24,21.34,3380,4,2990,2,,,,,
2026/09/17 20:11,2026-09-17T20:26:21+09:00,2026/09/18,2026/10/08,2026-10,PUT,61750,785,,,27.41,27.11,705,12,690,1,,,,,
2026/09/17 20:11,2026-09-17T20:26:21+09:00,2026/09/18,2026/10/08,2026-10,CALL,61625,3155,,,28.88,21.17,3450,5,3080,3,,,,,
2026/09/17 20:11,2026-09-17T20:26:21+09:00,2026/09/18,2026/10/08,2026-10,PUT,61625,740,,,27.5,27.2,675,3,660,3,,,,,
2026/09/17 20:11,2026-09-17T20:26:21+09:00,2026/09/18,2026/10/08,2026-10,CALL,61500,3245,,,31.52,20.95,3675,7,3170,3,,,,,
2026/09/17 20:11,2026-09-17T20:26:21+09:00,2026/09/18,2026/10/08,2026-10,PUT,61500,720,,1,27.67,27.37,650,4,635,18,27.34,20,2.78,740,09/17 17:26
2026/09/17 20:11,2026-09-17T20:26:21+09:00,2026/09/18,2026/10/08,2026-10,CALL,61375,3340,,,31.34,20.93,3755,3,3270,3,,,,,
2026/09/17 20:11,2026-09-17T20:26:21+09:00,2026/09/18,2026/10/08,2026-10,PUT,61375,690,,,27.73,27.52,620,2,610,2,,,,,
2026/09/17 20:11,2026-09-17T20:26:21+09:00,2026/09/18,2026/10/08,2026-10,CALL,61250,3440,,,29.32,20.61,3745,3,3360,2,,,,,
2026/09/17 20:11,2026-09-17T20:26:21+09:00,2026/09/18,2026/10/08,2026-10,PUT,61250,665,,,27.86,27.65,595,4,585,6,,,,,
2026/09/17 20:11,2026-09-17T20:26:21+09:00,2026/09/18,2026/10/08,2026-10,CALL,61125,3535,,,30.8,20.5,3910,5,3460,3,,,,,
2026/09/17 20:11,2026-09-17T20:26:21+09:00,2026/09/18,2026/10/08,2026-10,PUT,61125,640,,76,27.97,27.76,570,2,560,5,27.9,-85,-12.59,590,09/17 19:49
2026/09/17 20:11,2026-09-17T20:26:21+09:00,2026/09/18,2026/10/08,2026-10,CALL,61000,3635,,,29.9,20.63,3960,4,3570,7,,,,,
2026/09/17 20:11,2026-09-17T20:26:21+09:00,2026/09/18,2026/10/08,2026-10,PUT,61000,615,,,28.18,27.96,550,4,540,4,,,,,
2026/09/17 20:11,2026-09-17T20:26:21+09:00,2026/09/18,2026/10/08,2026-10,CALL,60875,3735,,,31.09,20.13,4110,5,3660,3,,,,,
2026/09/17 20:11,2026-09-17T20:26:21+09:00,2026/09/18,2026/10/08,2026-10,PUT,60875,575,,,28.48,28.03,535,4,515,4,,,,,
2026/09/17 20:11,2026-09-17T20:26:21+09:00,2026/09/18,2026/10/08,2026-10,CALL,60750,3840,,,30.33,19.86,4170,4,3760,2,,,,,
2026/09/17 20:11,2026-09-17T20:26:21+09:00,2026/09/18,2026/10/08,2026-10,PUT,60750,565,,,28.54,28.19,510,4,495,14,,,,,
2026/09/17 20:11,2026-09-17T20:26:21+09:00,2026/09/18,2026/10/08,2026-10,CALL,60625,3940,,,30.63,19.69,4280,3,3865,3,,,,,
2026/09/17 20:11,2026-09-17T20:26:21+09:00,2026/09/18,2026/10/08,2026-10,PUT,60625,565,,,28.69,28.34,490,2,475,4,,,,,
2026/09/17 20:11,2026-09-17T20:26:21+09:00,2026/09/18,2026/10/08,2026-10,CALL,60500,4045,,,30.12,19.46,4355,6,3970,3,,,,,
2026/09/17 20:11,2026-09-17T20:26:21+09:00,2026/09/18,2026/10/08,2026-10,PUT,60500,525,,,28.83,28.47,470,8,455,4,,,,,
2026/09/17 20:11,2026-09-17T20:26:21+09:00,2026/09/18,2026/10/08,2026-10,CALL,60375,4150,,,32,18.95,4535,5,4070,3,,,,,
2026/09/17 20:11,2026-09-17T20:26:21+09:00,2026/09/18,2026/10/08,2026-10,PUT,60375,500,,,28.94,28.7,450,2,440,2,,,,,
2026/09/17 20:11,2026-09-17T20:26:21+09:00,2026/09/18,2026/10/08,2026-10,CALL,60250,4255,,,32.4,18.77,4650,2,4180,2,,,,,
2026/09/17 20:11,2026-09-17T20:26:21+09:00,2026/09/18,2026/10/08,2026-10,PUT,60250,480,,,29.04,28.79,430,4,420,14,,,,,
2026/09/17 20:11,2026-09-17T20:26:21+09:00,2026/09/18,2026/10/08,2026-10,CALL,60125,4360,,,30.88,18.25,4685,1,4285,3,,,,,
2026/09/17 20:11,2026-09-17T20:26:21+09:00,2026/09/18,2026/10/08,2026-10,PUT,60125,465,,,29.25,28.99,415,2,405,4,,,,,
2026/09/17 20:11,2026-09-17T20:26:21+09:00,2026/09/18,2026/10/08,2026-10,CALL,60000,4455,,,30.98,14.92,4790,3,4355,16,,,,,
2026/09/17 20:11,2026-09-17T20:26:21+09:00,2026/09/18,2026/10/08,2026-10,PUT,60000,445,,28,29.44,29.05,400,4,385,10,29.24,-55,-12.36,390,09/17 19:28
2026/09/17 20:11,2026-09-17T20:26:21+09:00,2026/09/18,2026/10/08,2026-10,CALL,59875,4575,,,34.97,14.11,5055,3,4470,6,,,,,
2026/09/17 20:11,2026-09-17T20:26:21+09:00,2026/09/18,2026/10/08,2026-10,PUT,59875,420,,,29.62,29.22,385,5,370,5,,,,,
2026/09/17 20:11,2026-09-17T20:26:21+09:00,2026/09/18,2026/10/08,2026-10,CALL,59750,4685,,,33.91,16.16,5110,2,4610,2,,,,,
2026/09/17 20:11,2026-09-17T20:26:21+09:00,2026/09/18,2026/10/08,2026-10,PUT,59750,410,,,29.78,29.37,370,15,355,15,,,,,
2026/09/17 20:11,2026-09-17T20:26:21+09:00,2026/09/18,2026/10/08,2026-10,CALL,59625,4790,,,35.37,,5270,5,4685,6,,,,,
2026/09/17 20:11,2026-09-17T20:26:21+09:00,2026/09/18,2026/10/08,2026-10,PUT,59625,395,,,29.93,29.65,355,5,345,5,,,,,
2026/09/17 20:11,2026-09-17T20:26:21+09:00,2026/09/18,2026/10/08,2026-10,CALL,59500,4895,,,35,,5355,3,4790,9,,,,,
2026/09/17 20:11,2026-09-17T20:26:21+09:00,2026/09/18,2026/10/08,2026-10,PUT,59500,380,,,30.06,29.77,340,4,330,24,,,,,
2026/09/17 20:11,2026-09-17T20:26:21+09:00,2026/09/18,2026/10/08,2026-10,CALL,59375,5005,,,32.59,,5365,3,4905,6,,,,,
2026/09/17 20:11,2026-09-17T20:26:21+09:00,2026/09/18,2026/10/08,2026-10,PUT,59375,355,,,30.32,29.87,330,2,315,5,,,,,
2026/09/17 20:11,2026-09-17T20:26:21+09:00,2026/09/18,2026/10/08,2026-10,CALL,59250,5110,,,34.25,,5530,2,5015,5,,,,,
2026/09/17 20:11,2026-09-17T20:26:21+09:00,2026/09/18,2026/10/08,2026-10,PUT,59250,350,,,30.57,30.11,320,11,305,11,,,,,
2026/09/17 20:11,2026-09-17T20:26:21+09:00,2026/09/18,2026/10/08,2026-10,CALL,59125,5220,,,34.97,,5660,3,5130,4,,,,,
2026/09/17 20:11,2026-09-17T20:26:21+09:00,2026/09/18,2026/10/08,2026-10,PUT,59125,335,,,30.96,30.19,315,3,290,4,,,,,
2026/09/17 20:11,2026-09-17T20:26:21+09:00,2026/09/18,2026/10/08,2026-10,CALL,59000,5330,,,37.79,,5870,9,5230,9,,,,,
2026/09/17 20:11,2026-09-17T20:26:21+09:00,2026/09/18,2026/10/08,2026-10,PUT,59000,325,,20,30.91,30.53,296,9,284,9,30.83,-70,-19.44,290,09/17 20:10
2026/09/17 20:11,2026-09-17T20:26:21+09:00,2026/09/18,2026/10/08,2026-10,CALL,58875,5440,,,39.41,29.4,6035,1,5690,1,,,,,
2026/09/17 20:11,2026-09-17T20:26:21+09:00,2026/09/18,2026/10/08,2026-10,PUT,58875,310,,,31.09,30.7,285,3,273,3,,,,,
2026/09/17 20:11,2026-09-17T20:26:21+09:00,2026/09/18,2026/10/08,2026-10,CALL,58750,5555,,,34.57,29.55,5960,3,5805,1,,,,,
2026/09/17 20:11,2026-09-17T20:26:21+09:00,2026/09/18,2026/10/08,2026-10,PUT,58750,300,,,31.26,30.85,274,11,262,3,,,,,
2026/09/17 20:11,2026-09-17T20:26:21+09:00,2026/09/18,2026/10/08,2026-10,CALL,58625,5690,,,36.16,,6120,3,5580,3,,,,,
2026/09/17 20:11,2026-09-17T20:26:21+09:00,2026/09/18,2026/10/08,2026-10,PUT,58625,279,,,31.41,30.43,263,3,235,3,,,,,
2026/09/17 20:11,2026-09-17T20:26:21+09:00,2026/09/18,2026/10/08,2026-10,CALL,58500,5805,,,36.14,,6225,2,5685,6,,,,,
2026/09/17 20:11,2026-09-17T20:26:21+09:00,2026/09/18,2026/10/08,2026-10,PUT,58500,279,,5,31.59,31.23,253,6,243,14,30.86,-73,-22.81,247,09/17 18:21
2026/09/17 20:11,2026-09-17T20:26:21+09:00,2026/09/18,2026/10/08,2026-10,CALL,58375,5920,,,38.31,,6405,3,5810,3,,,,,
2026/09/17 20:11,2026-09-17T20:26:21+09:00,2026/09/18,2026/10/08,2026-10,PUT,58375,258,,5,31.82,31.42,245,3,234,3,31.54,,,236,09/17 19:27
2026/09/17 20:11,2026-09-17T20:26:21+09:00,2026/09/18,2026/10/08,2026-10,CALL,58250,6035,,,40.15,,6575,3,5925,3,,,,,
2026/09/17 20:11,2026-09-17T20:26:21+09:00,2026/09/18,2026/10/08,2026-10,PUT,58250,263,,,32,31.51,236,3,223,3,,,,,
2026/09/17 20:11,2026-09-17T20:26:21+09:00,2026/09/18,2026/10/08,2026-10,CALL,58000,6270,,,39.44,,6760,9,6145,9,,,,,
2026/09/17 20:11,2026-09-17T20:26:21+09:00,2026/09/18,2026/10/08,2026-10,PUT,58000,254,,14,32.37,31.93,219,30,208,30,32.12,-44,-17.32,210,09/17 20:10
2026/09/17 20:11,2026-09-17T20:26:21+09:00,2026/09/18,2026/10/08,2026-10,CALL,57750,6500,,,35.32,,6850,3,6390,3,,,,,
2026/09/17 20:11,2026-09-17T20:26:21+09:00,2026/09/18,2026/10/08,2026-10,PUT,57750,228,,,32.73,32.39,203,3,195,3,,,,,
2026/09/17 20:11,2026-09-17T20:26:21+09:00,2026/09/18,2026/10/08,2026-10,CALL,57500,6740,,,35.8,,7085,2,6615,6,,,,,
2026/09/17 20:11,2026-09-17T20:26:21+09:00,2026/09/18,2026/10/08,2026-10,PUT,57500,212,,6,33.21,32.77,191,11,181,6,32.75,-28,-13.21,184,09/17 19:34
2026/09/17 20:11,2026-09-17T20:26:21+09:00,2026/09/18,2026/10/08,2026-10,CALL,57250,6975,,,37.96,,7365,1,6860,3,,,,,
2026/09/17 20:11,2026-09-17T20:26:21+09:00,2026/09/18,2026/10/08,2026-10,PUT,57250,194,,,33.61,33.19,178,5,169,5,,,,,
2026/09/17 20:11,2026-09-17T20:26:21+09:00,2026/09/18,2026/10/08,2026-10,CALL,57000,7210,,,46.73,,7850,12,7080,9,,,,,
2026/09/17 20:11,2026-09-17T20:26:21+09:00,2026/09/18,2026/10/08,2026-10,PUT,57000,180,,4,34.06,33.62,167,12,158,25,33.37,-18,-10,162,09/17 18:36
2026/09/17 20:11,2026-09-17T20:26:21+09:00,2026/09/18,2026/10/08,2026-10,CALL,56750,7450,,,39.29,,7845,3,7335,3,,,,,
2026/09/17 20:11,2026-09-17T20:26:21+09:00,2026/09/18,2026/10/08,2026-10,PUT,56750,169,,4,34.52,34.01,157,5,147,5,34.28,-36,-18.85,155,09/17 19:14
2026/09/17 20:11,2026-09-17T20:26:21+09:00,2026/09/18,2026/10/08,2026-10,CALL,56500,7690,,,41.5,,8125,6,7565,6,,,,,
2026/09/17 20:11,2026-09-17T20:26:21+09:00,2026/09/18,2026/10/08,2026-10,PUT,56500,158,,,34.79,34.46,144,8,138,24,,,,,
2026/09/17 20:11,2026-09-17T20:26:21+09:00,2026/09/18,2026/10/08,2026-10,CALL,56250,7930,,,41.57,,8350,1,7815,3,,,,,
2026/09/17 20:11,2026-09-17T20:26:21+09:00,2026/09/18,2026/10/08,2026-10,PUT,56250,148,,,35.4,34.88,138,5,129,15,,,,,
2026/09/17 20:11,2026-09-17T20:26:21+09:00,2026/09/18,2026/10/08,2026-10,CALL,56000,8175,,,49.82,,8800,3,8040,9,,,,,
2026/09/17 20:11,2026-09-17T20:26:21+09:00,2026/09/18,2026/10/08,2026-10,PUT,56000,149,,6,35.93,35.33,131,41,121,36,35.17,-14,-9.4,135,09/17 17:39
2026/09/17 20:11,2026-09-17T20:26:21+09:00,2026/09/18,2026/10/08,2026-10,CALL,55750,8415,,,44.47,,8870,3,8300,3,,,,,
2026/09/17 20:11,2026-09-17T20:26:21+09:00,2026/09/18,2026/10/08,2026-10,PUT,55750,131,,,36.43,35.8,124,8,114,15,,,,,
2026/09/17 20:11,2026-09-17T20:26:21+09:00,2026/09/18,2026/10/08,2026-10,CALL,55500,8650,,,40.77,,9015,6,8535,6,,,,,
2026/09/17 20:11,2026-09-17T20:26:21+09:00,2026/09/18,2026/10/08,2026-10,PUT,55500,123,,1,36.84,36.31,116,8,108,17,36.21,-20,-15.15,112,09/17 18:33
2026/09/17 20:11,2026-09-17T20:26:21+09:00,2026/09/18,2026/10/08,2026-10,CALL,55250,8900,,,42.26,,9275,3,8785,3,,,,,
2026/09/17 20:11,2026-09-17T20:26:21+09:00,2026/09/18,2026/10/08,2026-10,PUT,55250,122,,,37.28,36.79,109,5,102,16,,,,,
2026/09/17 20:11,2026-09-17T20:26:21+09:00,2026/09/18,2026/10/08,2026-10,CALL,55000,9145,,,48.26,,9635,9,9015,9,,,,,
2026/09/17 20:11,2026-09-17T20:26:21+09:00,2026/09/18,2026/10/08,2026-10,PUT,55000,111,,30,37.47,37.17,99,12,95,44,37.54,-12,-10.81,99,09/17 20:04
2026/09/17 20:11,2026-09-17T20:26:21+09:00,2026/09/18,2026/10/08,2026-10,CALL,54750,9390,,,48.47,,9865,2,9275,3,,,,,
2026/09/17 20:11,2026-09-17T20:26:21+09:00,2026/09/18,2026/10/08,2026-10,PUT,54750,104,,1,38.36,37.75,99,7,91,16,37.65,-20,-17.54,94,09/17 18:59
2026/09/17 20:11,2026-09-17T20:26:21+09:00,2026/09/18,2026/10/08,2026-10,CALL,54500,9635,,,48.63,,10095,2,9520,4,,,,,
2026/09/17 20:11,2026-09-17T20:26:21+09:00,2026/09/18,2026/10/08,2026-10,PUT,54500,99,,6,38.79,38.23,93,8,86,26,38.6,-9,-9.09,90,09/17 19:28
2026/09/17 20:11,2026-09-17T20:26:21+09:00,2026/09/18,2026/10/08,2026-10,CALL,54250,9880,,,43.33,,10225,2,9760,3,,,,,
2026/09/17 20:11,2026-09-17T20:26:21+09:00,2026/09/18,2026/10/08,2026-10,PUT,54250,94,,1,39.36,38.68,89,9,81,21,38.46,-10,-10,90,09/17 17:05
2026/09/17 20:11,2026-09-17T20:26:21+09:00,2026/09/18,2026/10/08,2026-10,CALL,54000,10125,,,49.53,,10570,3,9990,9,,,,,
2026/09/17 20:11,2026-09-17T20:26:21+09:00,2026/09/18,2026/10/08,2026-10,PUT,54000,92,,13,39.56,39.29,81,2,78,39,39.15,-11,-11.96,81,09/17 18:32
2026/09/17 20:11,2026-09-17T20:26:21+09:00,2026/09/18,2026/10/08,2026-10,CALL,53750,10370,,,,,,,,,,,,,
2026/09/17 20:11,2026-09-17T20:26:21+09:00,2026/09/18,2026/10/08,2026-10,PUT,53750,85,,6,40.25,39.69,79,5,73,21,39.58,-15,-16.48,76,09/17 18:21
2026/09/17 20:11,2026-09-17T20:26:21+09:00,2026/09/18,2026/10/08,2026-10,CALL,53500,10615,,,,,,,,,,,,,
2026/09/17 20:11,2026-09-17T20:26:21+09:00,2026/09/18,2026/10/08,2026-10,PUT,53500,86,,,40.85,40.36,76,8,71,8,,,,,
2026/09/17 20:11,2026-09-17T20:26:21+09:00,2026/09/18,2026/10/08,2026-10,CALL,53250,10860,,,,,,,,,,,,,
2026/09/17 20:11,2026-09-17T20:26:21+09:00,2026/09/18,2026/10/08,2026-10,PUT,53250,77,,,41.33,40.82,72,5,67,5,,,,,
2026/09/17 20:11,2026-09-17T20:26:21+09:00,2026/09/18,2026/10/08,2026-10,CALL,53000,11110,,,,,,,,,,,,,
2026/09/17 20:11,2026-09-17T20:26:21+09:00,2026/09/18,2026/10/08,2026-10,PUT,53000,74,,3,41.99,41.25,70,44,63,39,41.19,-9,-12.16,65,09/17 19:00
2026/09/17 20:11,2026-09-17T20:26:21+09:00,2026/09/18,2026/10/08,2026-10,CALL,52750,11355,,,,,,,,,,,,,
2026/09/17 20:11,2026-09-17T20:26:21+09:00,2026/09/18,2026/10/08,2026-10,PUT,52750,70,,1,42.43,41.88,66,5,61,5,41.62,-4,-5.41,70,09/17 17:19
2026/09/17 20:11,2026-09-17T20:26:21+09:00,2026/09/18,2026/10/08,2026-10,CALL,52500,11600,,,,,,,,,,,,,
2026/09/17 20:11,2026-09-17T20:26:21+09:00,2026/09/18,2026/10/08,2026-10,PUT,52500,67,,8,42.96,42.38,63,8,58,8,42.23,-5,-7.69,60,09/17 18:48
2026/09/17 20:11,2026-09-17T20:26:21+09:00,2026/09/18,2026/10/08,2026-10,CALL,52250,11850,,,,,,,,,,,,,
2026/09/17 20:11,2026-09-17T20:26:21+09:00,2026/09/18,2026/10/08,2026-10,PUT,52250,66,,,43.59,42.99,61,21,56,3,,,,,
2026/09/17 20:11,2026-09-17T20:26:21+09:00,2026/09/18,2026/10/08,2026-10,CALL,52000,12095,,,,,,,,,,,,,
2026/09/17 20:11,2026-09-17T20:26:21+09:00,2026/09/18,2026/10/08,2026-10,PUT,52000,61,,33,43.96,43.46,57,12,53,39,43.75,-14,-20.29,55,09/17 19:27
2026/09/17 20:11,2026-09-17T20:26:21+09:00,2026/09/18,2026/10/08,2026-10,CALL,51750,12345,,,,,,,,,,,,,
2026/09/17 20:11,2026-09-17T20:26:21+09:00,2026/09/18,2026/10/08,2026-10,PUT,51750,59,,2,44.69,44.03,56,21,51,5,43.89,-4,-6.45,58,09/17 17:17
2026/09/17 20:11,2026-09-17T20:26:21+09:00,2026/09/18,2026/10/08,2026-10,CALL,51500,12590,,,,,,,,,,,,,
2026/09/17 20:11,2026-09-17T20:26:21+09:00,2026/09/18,2026/10/08,2026-10,PUT,51500,54,,,45.01,44.46,52,8,48,26,,,,,
2026/09/17 20:11,2026-09-17T20:26:21+09:00,2026/09/18,2026/10/08,2026-10,CALL,51250,12840,,,,,,,,,,,,,
2026/09/17 20:11,2026-09-17T20:26:21+09:00,2026/09/18,2026/10/08,2026-10,PUT,51250,53,,,45.72,45.01,51,21,46,5,,,,,
2026/09/17 20:11,2026-09-17T20:26:21+09:00,2026/09/18,2026/10/08,2026-10,CALL,51000,13085,,,,,,,,,,,,,
2026/09/17 20:11,2026-09-17T20:26:21+09:00,2026/09/18,2026/10/08,2026-10,PUT,51000,51,,7,46.29,45.54,49,44,44,12,45.59,-11,-19.3,46,09/17 18:54
2026/09/17 20:11,2026-09-17T20:26:21+09:00,2026/09/18,2026/10/08,2026-10,CALL,50750,13335,,,,,,,,,,,,,
2026/09/17 20:11,2026-09-17T20:26:21+09:00,2026/09/18,2026/10/08,2026-10,PUT,50750,49,,1,46.84,46.06,47,5,42,5,46.13,-4,-7.69,48,09/17 17:36
2026/09/17 20:11,2026-09-17T20:26:21+09:00,2026/09/18,2026/10/08,2026-10,CALL,50500,13580,,,,,,,,,,,,,
2026/09/17 20:11,2026-09-17T20:26:21+09:00,2026/09/18,2026/10/08,2026-10,PUT,50500,46,,,47.22,46.39,44,8,39,31,,,,,
2026/09/17 20:11,2026-09-17T20:26:21+09:00,2026/09/18,2026/10/08,2026-10,CALL,50250,13830,,,,,,,,,,,,,
2026/09/17 20:11,2026-09-17T20:26:21+09:00,2026/09/18,2026/10/08,2026-10,PUT,50250,45,,1,47.9,47.04,43,5,38,16,47.37,-2,-4.65,41,09/17 19:47
2026/09/17 20:11,2026-09-17T20:26:21+09:00,2026/09/18,2026/10/08,2026-10,CALL,50000,14080,,,,,,,,,,,,,
2026/09/17 20:11,2026-09-17T20:26:21+09:00,2026/09/18,2026/10/08,2026-10,PUT,50000,42,,19,47.87,47.69,38,1,37,13,47.95,-4,-9.52,38,09/17 20:10
2026/09/17 20:11,2026-09-17T20:26:21+09:00,2026/09/18,2026/10/08,2026-10,CALL,49750,14325,,,,,,,,,,,,,
2026/09/17 20:11,2026-09-17T20:26:21+09:00,2026/09/18,2026/10/08,2026-10,PUT,49750,42,,,50.86,47.95,51,22,34,5,,,,,
2026/09/17 20:11,2026-09-17T20:26:21+09:00,2026/09/18,2026/10/08,2026-10,CALL,49500,14575,,,,,,,,,,,,,
2026/09/17 20:11,2026-09-17T20:26:21+09:00,2026/09/18,2026/10/08,2026-10,PUT,49500,40,,,51.57,48.57,50,11,33,8,,,,,
2026/09/17 20:11,2026-09-17T20:26:21+09:00,2026/09/18,2026/10/08,2026-10,CALL,49250,14825,,,,,,,,,,,,,
2026/09/17 20:11,2026-09-17T20:26:21+09:00,2026/09/18,2026/10/08,2026-10,PUT,49250,38,,,51.95,46.54,47,8,21,22,,,,,
2026/09/17 20:11,2026-09-17T20:26:21+09:00,2026/09/18,2026/10/08,2026-10,CALL,49000,15070,,,,,,,,,,,,,
2026/09/17 20:11,2026-09-17T20:26:21+09:00,2026/09/18,2026/10/08,2026-10,PUT,49000,37,,8,50.02,49.8,32,1,31,12,49.85,-11,-26.19,31,09/17 20:07
2026/09/17 20:11,2026-09-17T20:26:21+09:00,2026/09/18,2026/10/08,2026-10,CALL,48750,15315,,,,,,,,,,,,,
2026/09/17 20:11,2026-09-17T20:26:21+09:00,2026/09/18,2026/10/08,2026-10,PUT,48750,36,,,53.17,47.22,44,8,18,22,,,,,
2026/09/17 20:11,2026-09-17T20:26:21+09:00,2026/09/18,2026/10/08,2026-10,CALL,48500,15565,,,,,,,,,,,,,
2026/09/17 20:11,2026-09-17T20:26:21+09:00,2026/09/18,2026/10/08,2026-10,PUT,48500,35,,,54.21,48,45,11,18,11,,,,,
2026/09/17 20:11,2026-09-17T20:26:21+09:00,2026/09/18,2026/10/08,2026-10,CALL,48250,15810,,,,,,,,,,,,,
2026/09/17 20:11,2026-09-17T20:26:21+09:00,2026/09/18,2026/10/08,2026-10,PUT,48250,28,,,54.53,47.74,42,8,15,22,,,,,
2026/09/17 20:11,2026-09-17T20:26:21+09:00,2026/09/18,2026/10/08,2026-10,CALL,48000,16060,,,,,,,,,,,,,
2026/09/17 20:11,2026-09-17T20:26:21+09:00,2026/09/18,2026/10/08,2026-10,PUT,48000,32,,3,52.17,51.91,27,1,26,12,52.09,-4,-11.76,30,09/17 17:36
2026/09/17 20:11,2026-09-17T20:26:21+09:00,2026/09/18,2026/10/08,2026-10,CALL,47750,16310,,,,,,,,,,,,,
2026/09/17 20:11,2026-09-17T20:26:21+09:00,2026/09/18,2026/10/08,2026-10,PUT,47750,26,,,55.68,48.48,39,8,13,22,,,,,
2026/09/17 20:11,2026-09-17T20:26:21+09:00,2026/09/18,2026/10/08,2026-10,CALL,47500,16560,,,,,,,,,,,,,
2026/09/17 20:11,2026-09-17T20:26:21+09:00,2026/09/18,2026/10/08,2026-10,PUT,47500,29,,,55.04,51.17,32,11,18,11,,,,,
2026/09/17 20:11,2026-09-17T20:26:21+09:00,2026/09/18,2026/10/08,2026-10,CALL,47250,16810,,,,,,,,,,,,,
2026/09/17 20:11,2026-09-17T20:26:21+09:00,2026/09/18,2026/10/08,2026-10,PUT,47250,25,,,55.65,52.3,31,8,19,8,,,,,
2026/09/17 20:11,2026-09-17T20:26:21+09:00,2026/09/18,2026/10/08,2026-10,CALL,47000,17055,,,,,,,,,,,,,
2026/09/17 20:11,2026-09-17T20:26:21+09:00,2026/09/18,2026/10/08,2026-10,PUT,47000,28,,7,54.37,54.07,23,1,22,12,53.97,-6,-21.43,22,09/17 19:20
2026/09/17 20:11,2026-09-17T20:26:21+09:00,2026/09/18,2026/10/08,2026-10,CALL,46750,17305,,,,,,,,,,,,,
2026/09/17 20:11,2026-09-17T20:26:21+09:00,2026/09/18,2026/10/08,2026-10,PUT,46750,24,,,56.6,53.21,28,8,17,8,,,,,
2026/09/17 20:11,2026-09-17T20:26:21+09:00,2026/09/18,2026/10/08,2026-10,CALL,46500,17555,,,,,,,,,,,,,
2026/09/17 20:11,2026-09-17T20:26:21+09:00,2026/09/18,2026/10/08,2026-10,PUT,46500,25,,,57.96,54.74,30,11,19,8,,,,,
2026/09/17 20:11,2026-09-17T20:26:21+09:00,2026/09/18,2026/10/08,2026-10,CALL,46250,17805,,,,,,,,,,,,,
2026/09/17 20:11,2026-09-17T20:26:21+09:00,2026/09/18,2026/10/08,2026-10,PUT,46250,24,,,58.3,55.55,28,8,19,10,,,,,
2026/09/17 20:11,2026-09-17T20:26:21+09:00,2026/09/18,2026/10/08,2026-10,CALL,46000,18055,,,,,,,,,,,,,
2026/09/17 20:11,2026-09-17T20:26:21+09:00,2026/09/18,2026/10/08,2026-10,PUT,46000,23,,14,57.39,56.01,22,42,18,12,56.94,-3,-12.5,21,09/17 19:08
2026/09/17 20:11,2026-09-17T20:26:21+09:00,2026/09/18,2026/10/08,2026-10,CALL,45750,18300,,,,,,,,,,,,,
2026/09/17 20:11,2026-09-17T20:26:21+09:00,2026/09/18,2026/10/08,2026-10,PUT,45750,22,,,59.73,56.05,27,8,16,8,,,,,
2026/09/17 20:11,2026-09-17T20:26:21+09:00,2026/09/18,2026/10/08,2026-10,CALL,45500,18550,,,,,,,,,,,,,
2026/09/17 20:11,2026-09-17T20:26:21+09:00,2026/09/18,2026/10/08,2026-10,PUT,45500,21,,,60.59,56.87,27,11,16,8,,,,,
2026/09/17 20:11,2026-09-17T20:26:21+09:00,2026/09/18,2026/10/08,2026-10,CALL,45250,18800,,,,,,,,,,,,,
2026/09/17 20:11,2026-09-17T20:26:21+09:00,2026/09/18,2026/10/08,2026-10,PUT,45250,20,,,61.16,57.26,26,8,15,5,,,,,
2026/09/17 20:11,2026-09-17T20:26:21+09:00,2026/09/18,2026/10/08,2026-10,CALL,45000,19050,,,,,,,,,,,,,
2026/09/17 20:11,2026-09-17T20:26:21+09:00,2026/09/18,2026/10/08,2026-10,PUT,45000,21,,14,58.92,58.51,17,13,16,10,58.57,-5,-23.81,16,09/17 20:09
2026/09/17 20:11,2026-09-17T20:26:21+09:00,2026/09/18,2026/10/08,2026-10,CALL,44750,19300,,,,,,,,,,,,,
2026/09/17 20:11,2026-09-17T20:26:21+09:00,2026/09/18,2026/10/08,2026-10,PUT,44750,19,,,62.27,58.44,24,8,14,5,,,,,
2026/09/17 20:11,2026-09-17T20:26:21+09:00,2026/09/18,2026/10/08,2026-10,CALL,44500,19545,,,,,,,,,,,,,
2026/09/17 20:11,2026-09-17T20:26:21+09:00,2026/09/18,2026/10/08,2026-10,PUT,44500,18,,,62.81,58.77,23,11,13,8,,,,,
2026/09/17 20:11,2026-09-17T20:26:21+09:00,2026/09/18,2026/10/08,2026-10,CALL,44250,19795,,,,,,,,,,,,,
2026/09/17 20:11,2026-09-17T20:26:21+09:00,2026/09/18,2026/10/08,2026-10,PUT,44250,17,,,63.67,59.07,23,8,12,8,,,,,
2026/09/17 20:11,2026-09-17T20:26:21+09:00,2026/09/18,2026/10/08,2026-10,CALL,44000,20045,,,,,,,,,,,,,
2026/09/17 20:11,2026-09-17T20:26:21+09:00,2026/09/18,2026/10/08,2026-10,PUT,44000,17,,13,61.84,60.41,16,42,13,12,60.87,-2,-12.5,14,09/17 18:14
2026/09/17 20:11,2026-09-17T20:26:21+09:00,2026/09/18,2026/10/08,2026-10,CALL,43750,20295,,,,,,,,,,,,,
2026/09/17 20:11,2026-09-17T20:26:21+09:00,2026/09/18,2026/10/08,2026-10,PUT,43750,15,,,64.7,60.14,21,8,11,5,,,,,
2026/09/17 20:11,2026-09-17T20:26:21+09:00,2026/09/18,2026/10/08,2026-10,CALL,43500,20540,,,,,,,,,,,,,
2026/09/17 20:11,2026-09-17T20:26:21+09:00,2026/09/18,2026/10/08,2026-10,PUT,43500,15,,,65.57,58.97,21,11,8,11,,,,,
2026/09/17 20:11,2026-09-17T20:26:21+09:00,2026/09/18,2026/10/08,2026-10,CALL,43250,20790,,,,,,,,,,,,,
2026/09/17 20:11,2026-09-17T20:26:21+09:00,2026/09/18,2026/10/08,2026-10,PUT,43250,15,,,65.25,58.08,18,8,6,8,,,,,
2026/09/17 20:11,2026-09-17T20:26:21+09:00,2026/09/18,2026/10/08,2026-10,CALL,43000,21040,,,,,,,,,,,,,
2026/09/17 20:11,2026-09-17T20:26:21+09:00,2026/09/18,2026/10/08,2026-10,PUT,43000,14,,20,64.26,62.6,14,43,11,28,63.23,-4,-25,12,09/17 20:06
2026/09/17 20:11,2026-09-17T20:26:21+09:00,2026/09/18,2026/10/08,2026-10,CALL,42750,21290,,,,,,,,,,,,,
2026/09/17 20:11,2026-09-17T20:26:21+09:00,2026/09/18,2026/10/08,2026-10,PUT,42750,14,,,66.55,59.65,17,8,6,8,,,,,
2026/09/17 20:11,2026-09-17T20:26:21+09:00,2026/09/18,2026/10/08,2026-10,CALL,42000,22035,,,,,,,,,,,,,
2026/09/17 20:11,2026-09-17T20:26:21+09:00,2026/09/18,2026/10/08,2026-10,PUT,42000,12,,19,65.94,64.58,11,11,9,27,65.74,-2,-15.38,11,09/17 19:01
2026/09/17 20:11,2026-09-17T20:26:21+09:00,2026/09/18,2026/10/08,2026-10,CALL,41000,23030,,,,,,,,,,,,,
2026/09/17 20:11,2026-09-17T20:26:21+09:00,2026/09/18,2026/10/08,2026-10,PUT,41000,10,,9,67.94,67.13,9,22,8,2,67.02,-3,-27.27,8,09/17 19:52
2026/09/17 20:11,2026-09-17T20:26:21+09:00,2026/09/18,2026/10/08,2026-10,CALL,40000,24030,,,,,,,,,,,,,
2026/09/17 20:11,2026-09-17T20:26:21+09:00,2026/09/18,2026/10/08,2026-10,PUT,40000,9,,23,70.53,68.59,8,15,6,94,69.67,-3,-30,7,09/17 20:02
2026/09/17 20:11,2026-09-17T20:26:21+09:00,2026/09/18,2026/10/08,2026-10,CALL,39000,25030,,,,,,,,,,,,,
2026/09/17 20:11,2026-09-17T20:26:21+09:00,2026/09/18,2026/10/08,2026-10,PUT,39000,7,,7,73.04,70.76,7,27,5,80,72.94,-1,-12.5,7,09/17 19:19
2026/09/17 20:11,2026-09-17T20:26:21+09:00,2026/09/18,2026/10/08,2026-10,CALL,38000,26025,,,,,,,,,,,,,
2026/09/17 20:11,2026-09-17T20:26:21+09:00,2026/09/18,2026/10/08,2026-10,PUT,38000,6,,,75.44,72.7,6,29,4,70,,,,,
2026/09/17 20:11,2026-09-17T20:26:21+09:00,2026/09/18,2026/10/08,2026-10,CALL,37000,27025,,,,,,,,,,,,,
2026/09/17 20:11,2026-09-17T20:26:21+09:00,2026/09/18,2026/10/08,2026-10,PUT,37000,5,,3,77.68,76.15,5,61,4,15,77.45,-1,-16.67,5,09/17 18:17
2026/09/17 20:11,2026-09-17T20:26:21+09:00,2026/09/18,2026/10/08,2026-10,CALL,36000,28025,,,,,,,,,,,,,
2026/09/17 20:11,2026-09-17T20:26:21+09:00,2026/09/18,2026/10/08,2026-10,PUT,36000,4,,5,79.68,77.73,4,9,3,45,79.72,0,0,4,09/17 20:06
2026/09/17 20:11,2026-09-17T20:26:21+09:00,2026/09/18,2026/10/08,2026-10,CALL,35000,29025,,,,,,,,,,,,,
2026/09/17 20:11,2026-09-17T20:26:21+09:00,2026/09/18,2026/10/08,2026-10,PUT,35000,4,,38,83.3,81.28,4,61,3,6,81.32,-1,-25,3,09/17 20:04
2026/09/17 20:11,2026-09-17T20:26:21+09:00,2026/09/18,2026/10/08,2026-10,CALL,34000,30025,,,,,,,,,,,,,
2026/09/17 20:11,2026-09-17T20:26:21+09:00,2026/09/18,2026/10/08,2026-10,PUT,34000,3,,1,84.92,82.17,3,6,2,46,84.09,-1,-25,3,09/17 17:19
2026/09/17 20:11,2026-09-17T20:26:21+09:00,2026/09/18,2026/10/08,2026-10,CALL,33000,31025,,,,,,,,,,,,,
2026/09/17 20:11,2026-09-17T20:26:21+09:00,2026/09/18,2026/10/08,2026-10,PUT,33000,2,,3,88.67,85.81,3,43,2,37,87.96,0,0,3,09/17 17:12
2026/09/17 20:11,2026-09-17T20:26:21+09:00,2026/09/18,2026/10/08,2026-10,CALL,32000,32020,,,,,,,,,,,,,
2026/09/17 20:11,2026-09-17T20:26:21+09:00,2026/09/18,2026/10/08,2026-10,PUT,32000,2,,6,92.54,85,3,63,1,153,89.52,0,0,2,09/17 18:14
2026/09/17 20:11,2026-09-17T20:26:21+09:00,2026/09/18,2026/10/08,2026-10,CALL,31000,33020,,,,,,,,,,,,,
2026/09/17 20:11,2026-09-17T20:26:21+09:00,2026/09/18,2026/10/08,2026-10,PUT,31000,2,,18,93.42,88.68,2,5,1,88,93.23,0,0,2,09/17 19:49
2026/09/17 20:11,2026-09-17T20:26:21+09:00,2026/09/18,2026/10/08,2026-10,CALL,30000,34020,,,,,,,,,,,,,
2026/09/17 20:11,2026-09-17T20:26:21+09:00,2026/09/18,2026/10/08,2026-10,PUT,30000,1,,,97.41,92.48,2,39,1,322,,,,,
2026/09/17 20:11,2026-09-17T20:26:21+09:00,2026/09/18,2026/10/08,2026-10,CALL,29000,35020,,,,,,,,,,,,,
2026/09/17 20:11,2026-09-17T20:26:21+09:00,2026/09/18,2026/10/08,2026-10,PUT,29000,1,,,101.53,96.41,2,51,1,62,,,,,
2026/09/17 20:11,2026-09-17T20:26:21+09:00,2026/09/18,2026/10/08,2026-10,CALL,28000,36020,,,,,,,,,,,,,
2026/09/17 20:11,2026-09-17T20:26:21+09:00,2026/09/18,2026/10/08,2026-10,PUT,28000,1,,26,105.8,100.48,2,123,1,52,100.28,0,0,1,09/17 18:17
2026/09/17 20:11,2026-09-17T20:26:21+09:00,2026/09/18,2026/10/08,2026-10,CALL,27000,37020,,,,,,,,,,,,,
2026/09/17 20:11,2026-09-17T20:26:21+09:00,2026/09/18,2026/10/08,2026-10,PUT,27000,1,,89,104.7,,1,9,,,104.59,0,0,1,09/17 18:44
2026/09/17 20:11,2026-09-17T20:26:21+09:00,2026/09/18,2026/11/12,2026-11,CALL,90000,3,,1,27.99,27.06,3,71,2,15,28.42,1,50,3,09/17 17:05
2026/09/17 20:11,2026-09-17T20:26:21+09:00,2026/09/18,2026/11/12,2026-11,PUT,90000,25885,,,,,,,,,,,,,
2026/09/17 20:11,2026-09-17T20:26:21+09:00,2026/09/18,2026/11/12,2026-11,CALL,87500,4,,1,26.52,24.98,4,27,2,37,27.07,0,0,4,09/17 17:37
2026/09/17 20:11,2026-09-17T20:26:21+09:00,2026/09/18,2026/11/12,2026-11,PUT,87500,23390,,,,,,,,,,,,,
2026/09/17 20:11,2026-09-17T20:26:21+09:00,2026/09/18,2026/11/12,2026-11,CALL,85000,7,,,25.58,23.63,7,10,3,25,,,,,
2026/09/17 20:11,2026-09-17T20:26:21+09:00,2026/09/18,2026/11/12,2026-11,PUT,85000,20900,,,,,,,,,,,,,
2026/09/17 20:11,2026-09-17T20:26:21+09:00,2026/09/18,2026/11/12,2026-11,CALL,82500,13,,11,25.3,24.48,16,20,12,1,24.92,0,0,13,09/17 18:04
2026/09/17 20:11,2026-09-17T20:26:21+09:00,2026/09/18,2026/11/12,2026-11,PUT,82500,18415,,,,,,,,,,,,,
2026/09/17 20:11,2026-09-17T20:26:21+09:00,2026/09/18,2026/11/12,2026-11,CALL,80000,29,,1,24.4,23.94,30,1,26,24,24.11,1,3.85,27,09/17 18:42
2026/09/17 20:11,2026-09-17T20:26:21+09:00,2026/09/18,2026/11/12,2026-11,PUT,80000,15935,,,,,,,,,,,,,
2026/09/17 20:11,2026-09-17T20:26:21+09:00,2026/09/18,2026/11/12,2026-11,CALL,79500,34,,,24.68,23.46,39,38,27,16,,,,,
2026/09/17 20:11,2026-09-17T20:26:21+09:00,2026/09/18,2026/11/12,2026-11,PUT,79500,15440,,,,,,,,,,,,,
2026/09/17 20:11,2026-09-17T20:26:21+09:00,2026/09/18,2026/11/12,2026-11,CALL,79000,40,,,24.47,23.87,44,24,37,21,,,,,
2026/09/17 20:11,2026-09-17T20:26:21+09:00,2026/09/18,2026/11/12,2026-11,PUT,79000,14945,,,,,,,,,,,,,
2026/09/17 20:11,2026-09-17T20:26:21+09:00,2026/09/18,2026/11/12,2026-11,CALL,78500,45,,,24.36,23.75,51,38,43,14,,,,,
2026/09/17 20:11,2026-09-17T20:26:21+09:00,2026/09/18,2026/11/12,2026-11,PUT,78500,14455,,,,,,,,,,,,,
2026/09/17 20:11,2026-09-17T20:26:21+09:00,2026/09/18,2026/11/12,2026-11,CALL,78000,54,,1,24.25,23.7,59,21,51,21,24.17,9,20,54,09/17 18:07
2026/09/17 20:11,2026-09-17T20:26:21+09:00,2026/09/18,2026/11/12,2026-11,PUT,78000,13960,,,,,,,,,,,,,
2026/09/17 20:11,2026-09-17T20:26:21+09:00,2026/09/18,2026/11/12,2026-11,CALL,77500,62,,,24.18,23.63,69,12,60,14,,,,,
2026/09/17 20:11,2026-09-17T20:26:21+09:00,2026/09/18,2026/11/12,2026-11,PUT,77500,13470,,,,,,,,,,,,,
2026/09/17 20:11,2026-09-17T20:26:21+09:00,2026/09/18,2026/11/12,2026-11,CALL,77000,72,,,24.13,23.65,81,18,72,18,,,,,
2026/09/17 20:11,2026-09-17T20:26:21+09:00,2026/09/18,2026/11/12,2026-11,PUT,77000,12985,,,,,,,,,,,,,
2026/09/17 20:11,2026-09-17T20:26:21+09:00,2026/09/18,2026/11/12,2026-11,CALL,76500,85,,,24.08,23.61,95,10,85,12,,,,,
2026/09/17 20:11,2026-09-17T20:26:21+09:00,2026/09/18,2026/11/12,2026-11,PUT,76500,12495,,,,,,,,,,,,,
2026/09/17 20:11,2026-09-17T20:26:21+09:00,2026/09/18,2026/11/12,2026-11,CALL,76250,92,,1,23.98,23.66,101,1,94,7,24.15,,,99,09/17 19:23
2026/09/17 20:11,2026-09-17T20:26:21+09:00,2026/09/18,2026/11/12,2026-11,PUT,76250,12255,,,,,,,,,,,,,
2026/09/17 20:11,2026-09-17T20:26:21+09:00,2026/09/18,2026/11/12,2026-11,CALL,76000,98,,,23.98,23.85,110,2,107,12,,,,,
2026/09/17 20:11,2026-09-17T20:26:21+09:00,2026/09/18,2026/11/12,2026-11,PUT,76000,12010,,,,,,,,,,,,,
2026/09/17 20:11,2026-09-17T20:26:21+09:00,2026/09/18,2026/11/12,2026-11,CALL,75750,107,,,24.03,23.68,121,2,112,7,,,,,
2026/09/17 20:11,2026-09-17T20:26:21+09:00,2026/09/18,2026/11/12,2026-11,PUT,75750,11770,,,27.38,,11520,4,11110,3,,,,,
2026/09/17 20:11,2026-09-17T20:26:21+09:00,2026/09/18,2026/11/12,2026-11,CALL,75500,116,,1,23.94,23.64,129,2,121,22,23.97,,,108,09/17 17:27
2026/09/17 20:11,2026-09-17T20:26:21+09:00,2026/09/18,2026/11/12,2026-11,PUT,75500,11530,,,27.23,,11280,6,10955,6,,,,,
2026/09/17 20:11,2026-09-17T20:26:21+09:00,2026/09/18,2026/11/12,2026-11,CALL,75250,125,,,23.98,23.66,141,2,132,13,,,,,
2026/09/17 20:11,2026-09-17T20:26:21+09:00,2026/09/18,2026/11/12,2026-11,PUT,75250,11290,,,27.06,,11040,3,10725,3,,,,,
2026/09/17 20:11,2026-09-17T20:26:21+09:00,2026/09/18,2026/11/12,2026-11,CALL,75000,136,,5,24.01,23.71,154,11,145,11,24.16,20,15.38,150,09/17 19:28
2026/09/17 20:11,2026-09-17T20:26:21+09:00,2026/09/18,2026/11/12,2026-11,PUT,75000,11050,,,26.88,17.6,10800,12,10570,3,,,,,
2026/09/17 20:11,2026-09-17T20:26:21+09:00,2026/09/18,2026/11/12,2026-11,CALL,74750,147,,,23.98,23.69,166,2,157,5,,,,,
2026/09/17 20:11,2026-09-17T20:26:21+09:00,2026/09/18,2026/11/12,2026-11,PUT,74750,10810,,,26.69,18.13,10560,4,10330,1,,,,,
2026/09/17 20:11,2026-09-17T20:26:21+09:00,2026/09/18,2026/11/12,2026-11,CALL,74500,159,,,23.98,23.77,180,2,173,8,,,,,
2026/09/17 20:11,2026-09-17T20:26:21+09:00,2026/09/18,2026/11/12,2026-11,PUT,74500,10575,,,26.61,,10325,6,10005,6,,,,,
2026/09/17 20:11,2026-09-17T20:26:21+09:00,2026/09/18,2026/11/12,2026-11,CALL,74250,174,,,24.01,23.73,196,5,186,5,,,,,
2026/09/17 20:11,2026-09-17T20:26:21+09:00,2026/09/18,2026/11/12,2026-11,PUT,74250,10335,,,26.38,20.86,10085,3,9895,1,,,,,
2026/09/17 20:11,2026-09-17T20:26:21+09:00,2026/09/18,2026/11/12,2026-11,CALL,74000,186,,,23.96,23.74,210,2,202,11,,,,,
2026/09/17 20:11,2026-09-17T20:26:21+09:00,2026/09/18,2026/11/12,2026-11,PUT,74000,10100,,,26.26,,9850,9,9530,9,,,,,
2026/09/17 20:11,2026-09-17T20:26:21+09:00,2026/09/18,2026/11/12,2026-11,CALL,73750,202,,,24.03,23.73,230,5,218,5,,,,,
2026/09/17 20:11,2026-09-17T20:26:21+09:00,2026/09/18,2026/11/12,2026-11,PUT,73750,9870,,,26.23,14.85,9620,4,9310,3,,,,,
2026/09/17 20:11,2026-09-17T20:26:21+09:00,2026/09/18,2026/11/12,2026-11,CALL,73500,218,,,24,23.76,247,2,237,8,,,,,
2026/09/17 20:11,2026-09-17T20:26:21+09:00,2026/09/18,2026/11/12,2026-11,PUT,73500,9635,,,26.07,19.06,9385,6,9130,2,,,,,
2026/09/17 20:11,2026-09-17T20:26:21+09:00,2026/09/18,2026/11/12,2026-11,CALL,73250,234,,,23.98,23.75,266,2,256,2,,,,,
2026/09/17 20:11,2026-09-17T20:26:21+09:00,2026/09/18,2026/11/12,2026-11,PUT,73250,9405,,,26,22.75,9155,3,9010,1,,,,,
2026/09/17 20:11,2026-09-17T20:26:21+09:00,2026/09/18,2026/11/12,2026-11,CALL,73000,253,,,24.03,23.76,289,12,277,11,,,,,
2026/09/17 20:11,2026-09-17T20:26:21+09:00,2026/09/18,2026/11/12,2026-11,PUT,73000,9170,,,25.8,22.67,8920,12,8775,9,,,,,
2026/09/17 20:11,2026-09-17T20:26:21+09:00,2026/09/18,2026/11/12,2026-11,CALL,72750,274,,,24,23.72,310,2,297,5,,,,,
2026/09/17 20:11,2026-09-17T20:26:21+09:00,2026/09/18,2026/11/12,2026-11,PUT,72750,8945,,,25.78,18.44,8695,4,8395,3,,,,,
2026/09/17 20:11,2026-09-17T20:26:21+09:00,2026/09/18,2026/11/12,2026-11,CALL,72500,294,,,24.02,23.82,335,8,325,2,,,,,
2026/09/17 20:11,2026-09-17T20:26:21+09:00,2026/09/18,2026/11/12,2026-11,PUT,72500,8715,,,25.64,20.21,8465,8,8215,2,,,,,
2026/09/17 20:11,2026-09-17T20:26:21+09:00,2026/09/18,2026/11/12,2026-11,CALL,72250,320,,,24.01,23.81,360,2,350,2,,,,,
2026/09/17 20:11,2026-09-17T20:26:21+09:00,2026/09/18,2026/11/12,2026-11,PUT,72250,8485,,,25.48,19.49,8235,4,7955,3,,,,,
2026/09/17 20:11,2026-09-17T20:26:21+09:00,2026/09/18,2026/11/12,2026-11,CALL,72125,330,,,24.59,22.4,405,10,292,25,,,,,
2026/09/17 20:11,2026-09-17T20:26:21+09:00,2026/09/18,2026/11/12,2026-11,PUT,72125,8375,,,25.48,19.26,8125,4,7830,3,,,,,
2026/09/17 20:11,2026-09-17T20:26:21+09:00,2026/09/18,2026/11/12,2026-11,CALL,72000,345,,2,24.06,23.87,390,8,380,2,23.8,65,21.31,370,09/17 18:10
2026/09/17 20:11,2026-09-17T20:26:21+09:00,2026/09/18,2026/11/12,2026-11,PUT,72000,8260,,,25.39,22,8010,12,7830,3,,,,,
2026/09/17 20:11,2026-09-17T20:26:21+09:00,2026/09/18,2026/11/12,2026-11,CALL,71875,355,,,24.52,22.47,430,9,320,24,,,,,
2026/09/17 20:11,2026-09-17T20:26:21+09:00,2026/09/18,2026/11/12,2026-11,PUT,71875,8150,,,25.38,20.33,7900,4,7640,3,,,,,
2026/09/17 20:11,2026-09-17T20:26:21+09:00,2026/09/18,2026/11/12,2026-11,CALL,71750,370,,,24.08,23.81,420,4,405,4,,,,,
2026/09/17 20:11,2026-09-17T20:26:21+09:00,2026/09/18,2026/11/12,2026-11,PUT,71750,8040,,,25.36,19.85,7790,4,7505,1,,,,,
2026/09/17 20:11,2026-09-17T20:26:21+09:00,2026/09/18,2026/11/12,2026-11,CALL,71625,370,,,24.5,22.44,460,9,345,24,,,,,
2026/09/17 20:11,2026-09-17T20:26:21+09:00,2026/09/18,2026/11/12,2026-11,PUT,71625,7915,,,25.08,21.05,7665,4,7445,3,,,,,
2026/09/17 20:11,2026-09-17T20:26:21+09:00,2026/09/18,2026/11/12,2026-11,CALL,71500,400,,,24.06,23.8,450,6,435,6,,,,,
2026/09/17 20:11,2026-09-17T20:26:21+09:00,2026/09/18,2026/11/12,2026-11,PUT,71500,7815,,,25.22,21.31,7565,8,7345,6,,,,,
2026/09/17 20:11,2026-09-17T20:26:21+09:00,2026/09/18,2026/11/12,2026-11,CALL,71375,410,,,24.78,22.48,510,9,375,24,,,,,
2026/09/17 20:11,2026-09-17T20:26:21+09:00,2026/09/18,2026/11/12,2026-11,PUT,71375,7705,,,25.18,22.48,7455,4,7295,3,,,,,
2026/09/17 20:11,2026-09-17T20:26:21+09:00,2026/09/18,2026/11/12,2026-11,CALL,71250,430,,,24.09,23.77,485,2,465,4,,,,,
2026/09/17 20:11,2026-09-17T20:26:21+09:00,2026/09/18,2026/11/12,2026-11,PUT,71250,7600,,,25.21,21,7350,4,7105,1,,,,,
2026/09/17 20:11,2026-09-17T20:26:21+09:00,2026/09/18,2026/11/12,2026-11,CALL,71125,445,,,24.77,22.48,545,24,405,24,,,,,
2026/09/17 20:11,2026-09-17T20:26:21+09:00,2026/09/18,2026/11/12,2026-11,PUT,71125,7490,,,25.16,22.04,7240,4,7050,3,,,,,
2026/09/17 20:11,2026-09-17T20:26:21+09:00,2026/09/18,2026/11/12,2026-11,CALL,71000,460,,2,24.1,23.94,520,8,510,2,23.45,30,6.74,475,09/17 18:28
2026/09/17 20:11,2026-09-17T20:26:21+09:00,2026/09/18,2026/11/12,2026-11,PUT,71000,7380,,,25.1,19.8,7130,12,6820,3,,,,,
2026/09/17 20:11,2026-09-17T20:26:21+09:00,2026/09/18,2026/11/12,2026-11,CALL,70875,480,,,24.43,22.44,560,9,435,24,,,,,
2026/09/17 20:11,2026-09-17T20:26:21+09:00,2026/09/18,2026/11/12,2026-11,PUT,70875,7275,,,25.11,22.27,7025,4,6845,3,,,,,
2026/09/17 20:11,2026-09-17T20:26:21+09:00,2026/09/18,2026/11/12,2026-11,CALL,70750,495,,4,24.07,23.91,555,2,545,2,23.94,40,8.79,495,09/17 17:50
2026/09/17 20:11,2026-09-17T20:26:21+09:00,2026/09/18,2026/11/12,2026-11,PUT,70750,7165,,,25.04,22.58,6915,4,6755,3,,,,,
2026/09/17 20:11,2026-09-17T20:26:21+09:00,2026/09/18,2026/11/12,2026-11,CALL,70625,510,,,24.59,22.53,610,9,475,24,,,,,
2026/09/17 20:11,2026-09-17T20:26:21+09:00,2026/09/18,2026/11/12,2026-11,PUT,70625,7060,,,25.03,22.37,6810,4,6635,3,,,,,
2026/09/17 20:11,2026-09-17T20:26:21+09:00,2026/09/18,2026/11/12,2026-11,CALL,70500,530,,,24.15,23.78,600,2,575,6,,,,,
2026/09/17 20:11,2026-09-17T20:26:21+09:00,2026/09/18,2026/11/12,2026-11,PUT,70500,6950,,,24.95,22.64,6700,8,6545,6,,,,,
2026/09/17 20:11,2026-09-17T20:26:21+09:00,2026/09/18,2026/11/12,2026-11,CALL,70375,545,,,24.57,22.43,650,9,505,24,,,,,
2026/09/17 20:11,2026-09-17T20:26:21+09:00,2026/09/18,2026/11/12,2026-11,PUT,70375,6845,,,24.93,19.53,6595,4,6250,3,,,,,
2026/09/17 20:11,2026-09-17T20:26:21+09:00,2026/09/18,2026/11/12,2026-11,CALL,70250,570,,,24.13,23.92,640,4,625,2,,,,,
2026/09/17 20:11,2026-09-17T20:26:21+09:00,2026/09/18,2026/11/12,2026-11,PUT,70250,6740,,,24.9,22.97,6490,4,6355,3,,,,,
2026/09/17 20:11,2026-09-17T20:26:21+09:00,2026/09/18,2026/11/12,2026-11,CALL,70125,590,,,24.59,22.45,695,9,545,24,,,,,
2026/09/17 20:11,2026-09-17T20:26:21+09:00,2026/09/18,2026/11/12,2026-11,PUT,70125,6635,,,24.87,22.08,6385,4,6190,3,,,,,
2026/09/17 20:11,2026-09-17T20:26:21+09:00,2026/09/18,2026/11/12,2026-11,CALL,70000,610,,2,24.14,23.8,685,5,660,5,24,50,8.4,645,09/17 19:04
2026/09/17 20:11,2026-09-17T20:26:21+09:00,2026/09/18,2026/11/12,2026-11,PUT,70000,6535,,,24.89,23.24,6285,3,6165,9,,,,,
2026/09/17 20:11,2026-09-17T20:26:21+09:00,2026/09/18,2026/11/12,2026-11,CALL,69875,630,,,24.64,22.65,745,7,600,22,,,,,
2026/09/17 20:11,2026-09-17T20:26:21+09:00,2026/09/18,2026/11/12,2026-11,PUT,69875,6425,,,28.65,22.72,6480,3,6025,3,,,,,
2026/09/17 20:11,2026-09-17T20:26:21+09:00,2026/09/18,2026/11/12,2026-11,CALL,69750,655,,,24.19,23.79,735,2,705,2,,,,,
2026/09/17 20:11,2026-09-17T20:26:21+09:00,2026/09/18,2026/11/12,2026-11,PUT,69750,6330,,,24.85,22.27,6080,4,5890,3,,,,,
2026/09/17 20:11,2026-09-17T20:26:21+09:00,2026/09/18,2026/11/12,2026-11,CALL,69625,665,,,24.53,22.59,785,7,640,22,,,,,
2026/09/17 20:11,2026-09-17T20:26:21+09:00,2026/09/18,2026/11/12,2026-11,PUT,69625,6215,,,28.52,21.89,6275,3,5760,1,,,,,
2026/09/17 20:11,2026-09-17T20:26:21+09:00,2026/09/18,2026/11/12,2026-11,CALL,69500,700,,,24.2,24.01,785,4,770,2,,,,,
2026/09/17 20:11,2026-09-17T20:26:21+09:00,2026/09/18,2026/11/12,2026-11,PUT,69500,6125,,,28.59,23.55,6185,6,5780,6,,,,,
2026/09/17 20:11,2026-09-17T20:26:21+09:00,2026/09/18,2026/11/12,2026-11,CALL,69375,715,,,24.52,22.57,835,7,685,22,,,,,
2026/09/17 20:11,2026-09-17T20:26:21+09:00,2026/09/18,2026/11/12,2026-11,PUT,69375,6010,,,28.36,21.96,6070,3,5560,3,,,,,
2026/09/17 20:11,2026-09-17T20:26:21+09:00,2026/09/18,2026/11/12,2026-11,CALL,69250,750,,,24.25,23.87,840,3,810,3,,,,,
2026/09/17 20:11,2026-09-17T20:26:21+09:00,2026/09/18,2026/11/12,2026-11,PUT,69250,5925,,,28.3,22.77,5970,3,5520,3,,,,,
2026/09/17 20:11,2026-09-17T20:26:21+09:00,2026/09/18,2026/11/12,2026-11,CALL,69125,770,,,24.47,22.64,885,7,740,22,,,,,
2026/09/17 20:11,2026-09-17T20:26:21+09:00,2026/09/18,2026/11/12,2026-11,PUT,69125,5820,,,28.23,23.47,5870,3,5475,1,,,,,
2026/09/17 20:11,2026-09-17T20:26:21+09:00,2026/09/18,2026/11/12,2026-11,CALL,69000,800,,,24.31,23.82,900,2,860,2,,,,,
2026/09/17 20:11,2026-09-17T20:26:21+09:00,2026/09/18,2026/11/12,2026-11,PUT,69000,5725,,,28.1,22.44,5765,7,5295,4,,,,,
2026/09/17 20:11,2026-09-17T20:26:21+09:00,2026/09/18,2026/11/12,2026-11,CALL,68875,815,,,24.51,22.67,945,7,795,22,,,,,
2026/09/17 20:11,2026-09-17T20:26:21+09:00,2026/09/18,2026/11/12,2026-11,PUT,68875,5615,,,27.62,22.17,5630,3,5175,5,,,,,
2026/09/17 20:11,2026-09-17T20:26:21+09:00,2026/09/18,2026/11/12,2026-11,CALL,68750,855,,,24.28,23.98,955,3,930,3,,,,,
2026/09/17 20:11,2026-09-17T20:26:21+09:00,2026/09/18,2026/11/12,2026-11,PUT,68750,5530,,,24.76,22.76,5290,2,5125,2,,,,,
2026/09/17 20:11,2026-09-17T20:26:21+09:00,2026/09/18,2026/11/12,2026-11,CALL,68625,880,,,24.52,23.15,1005,7,890,22,,,,,
2026/09/17 20:11,2026-09-17T20:26:21+09:00,2026/09/18,2026/11/12,2026-11,PUT,68625,5430,,,27.96,22.54,5475,3,5010,5,,,,,
2026/09/17 20:11,2026-09-17T20:26:21+09:00,2026/09/18,2026/11/12,2026-11,CALL,68500,915,,,24.34,23.87,1020,4,980,4,,,,,
2026/09/17 20:11,2026-09-17T20:26:21+09:00,2026/09/18,2026/11/12,2026-11,PUT,68500,5340,,,25.38,23.28,5155,15,4975,7,,,,,
2026/09/17 20:11,2026-09-17T20:26:21+09:00,2026/09/18,2026/11/12,2026-11,CALL,68375,935,,,24.61,23.27,1075,7,960,22,,,,,
2026/09/17 20:11,2026-09-17T20:26:21+09:00,2026/09/18,2026/11/12,2026-11,PUT,68375,5240,,,27.76,23.15,5275,6,4870,5,,,,,
2026/09/17 20:11,2026-09-17T20:26:21+09:00,2026/09/18,2026/11/12,2026-11,CALL,68250,975,,,24.35,24.01,1085,3,1055,3,,,,,
2026/09/17 20:11,2026-09-17T20:26:21+09:00,2026/09/18,2026/11/12,2026-11,PUT,68250,5150,,,24.7,23.89,4910,3,4840,2,,,,,
2026/09/17 20:11,2026-09-17T20:26:21+09:00,2026/09/18,2026/11/12,2026-11,CALL,68125,1000,,,24.49,22.95,1130,1,995,22,,,,,
2026/09/17 20:11,2026-09-17T20:26:21+09:00,2026/09/18,2026/11/12,2026-11,PUT,68125,5050,,,27.7,22.72,5090,6,4645,5,,,,,
2026/09/17 20:11,2026-09-17T20:26:21+09:00,2026/09/18,2026/11/12,2026-11,CALL,68000,1045,,,24.5,24,1165,2,1120,5,,,,,
2026/09/17 20:11,2026-09-17T20:26:21+09:00,2026/09/18,2026/11/12,2026-11,PUT,68000,4970,,,24.95,24,4750,9,4665,2,,,,,
2026/09/17 20:11,2026-09-17T20:26:21+09:00,2026/09/18,2026/11/12,2026-11,CALL,67875,1070,,,24.62,22.83,1210,6,1050,21,,,,,
2026/09/17 20:11,2026-09-17T20:26:21+09:00,2026/09/18,2026/11/12,2026-11,PUT,67875,4870,,,27.56,23.62,4900,6,4540,5,,,,,
2026/09/17 20:11,2026-09-17T20:26:21+09:00,2026/09/18,2026/11/12,2026-11,CALL,67750,1110,,,24.56,24.06,1240,2,1195,2,,,,,
2026/09/17 20:11,2026-09-17T20:26:21+09:00,2026/09/18,2026/11/12,2026-11,PUT,67750,4790,,,24.78,24.01,4555,3,4485,2,,,,,
2026/09/17 20:11,2026-09-17T20:26:21+09:00,2026/09/18,2026/11/12,2026-11,CALL,67625,1135,,,24.65,23.06,1285,6,1140,21,,,,,
2026/09/17 20:11,2026-09-17T20:26:21+09:00,2026/09/18,2026/11/12,2026-11,PUT,67625,4690,,,27.5,23.23,4720,6,4325,3,,,,,
2026/09/17 20:11,2026-09-17T20:26:21+09:00,2026/09/18,2026/11/12,2026-11,CALL,67500,1185,,,24.52,23.93,1310,3,1255,3,,,,,
2026/09/17 20:11,2026-09-17T20:26:21+09:00,2026/09/18,2026/11/12,2026-11,PUT,67500,4610,,,24.79,23.76,4380,4,4285,3,,,,,
2026/09/17 20:11,2026-09-17T20:26:21+09:00,2026/09/18,2026/11/12,2026-11,CALL,67375,1215,,,24.65,23.74,1360,6,1275,6,,,,,
2026/09/17 20:11,2026-09-17T20:26:21+09:00,2026/09/18,2026/11/12,2026-11,PUT,67375,4520,,,27.4,23.95,4540,6,4215,3,,,,,
2026/09/17 20:11,2026-09-17T20:26:21+09:00,2026/09/18,2026/11/12,2026-11,CALL,67250,1255,,,24.56,23.97,1390,1,1335,2,,,,,
2026/09/17 20:11,2026-09-17T20:26:21+09:00,2026/09/18,2026/11/12,2026-11,PUT,67250,4435,,,24.88,24.03,4215,2,4135,1,,,,,
2026/09/17 20:11,2026-09-17T20:26:21+09:00,2026/09/18,2026/11/12,2026-11,CALL,67125,1285,,,24.67,23.98,1440,1,1375,6,,,,,
2026/09/17 20:11,2026-09-17T20:26:21+09:00,2026/09/18,2026/11/12,2026-11,PUT,67125,4340,,,26.92,23.24,4325,3,3975,5,,,,,
2026/09/17 20:11,2026-09-17T20:26:21+09:00,2026/09/18,2026/11/12,2026-11,CALL,67000,1335,,,24.61,24.4,1475,4,1455,4,,,,,
2026/09/17 20:11,2026-09-17T20:26:21+09:00,2026/09/18,2026/11/12,2026-11,PUT,67000,4265,,,25.03,23.82,4060,4,3945,5,,,,,
2026/09/17 20:11,2026-09-17T20:26:21+09:00,2026/09/18,2026/11/12,2026-11,CALL,66875,1370,,,24.7,24.02,1525,1,1460,6,,,,,
2026/09/17 20:11,2026-09-17T20:26:21+09:00,2026/09/18,2026/11/12,2026-11,PUT,66875,4175,,,25.48,23.66,4020,7,3845,6,,,,,
2026/09/17 20:11,2026-09-17T20:26:21+09:00,2026/09/18,2026/11/12,2026-11,CALL,66750,1425,,,24.73,24.26,1570,2,1525,2,,,,,
2026/09/17 20:11,2026-09-17T20:26:21+09:00,2026/09/18,2026/11/12,2026-11,PUT,66750,4105,,,24.93,23.8,3885,2,3775,6,,,,,
2026/09/17 20:11,2026-09-17T20:26:21+09:00,2026/09/18,2026/11/12,2026-11,CALL,66625,1445,,,24.75,24.08,1615,1,1550,5,,,,,
2026/09/17 20:11,2026-09-17T20:26:21+09:00,2026/09/18,2026/11/12,2026-11,PUT,66625,4000,,,25.57,24.39,3865,7,3750,4,,,,,
2026/09/17 20:11,2026-09-17T20:26:21+09:00,2026/09/18,2026/11/12,2026-11,CALL,66500,1490,,,24.75,24.5,1660,1,1635,3,,,,,
2026/09/17 20:11,2026-09-17T20:26:21+09:00,2026/09/18,2026/11/12,2026-11,PUT,66500,3940,,,25.11,24.14,3740,3,3645,1,,,,,
2026/09/17 20:11,2026-09-17T20:26:21+09:00,2026/09/18,2026/11/12,2026-11,CALL,66375,1565,,,24.86,24.09,1715,4,1640,5,,,,,
2026/09/17 20:11,2026-09-17T20:26:21+09:00,2026/09/18,2026/11/12,2026-11,PUT,66375,3870,,,25.62,23.69,3710,7,3520,6,,,,,
2026/09/17 20:11,2026-09-17T20:26:21+09:00,2026/09/18,2026/11/12,2026-11,CALL,66250,1605,,,24.8,24.34,1755,2,1710,2,,,,,
2026/09/17 20:11,2026-09-17T20:26:21+09:00,2026/09/18,2026/11/12,2026-11,PUT,66250,3785,,,25.15,24.09,3585,2,3480,2,,,,,
2026/09/17 20:11,2026-09-17T20:26:21+09:00,2026/09/18,2026/11/12,2026-11,CALL,66125,1655,,,24.93,24.17,1815,1,1740,5,,,,,
2026/09/17 20:11,2026-09-17T20:26:21+09:00,2026/09/18,2026/11/12,2026-11,PUT,66125,3715,,,25.78,23.82,3570,7,3375,6,,,,,
2026/09/17 20:11,2026-09-17T20:26:21+09:00,2026/09/18,2026/11/12,2026-11,CALL,66000,1670,,,24.9,24.35,1860,1,1805,4,,,,,
2026/09/17 20:11,2026-09-17T20:26:21+09:00,2026/09/18,2026/11/12,2026-11,PUT,66000,3630,,,25.25,24.65,3440,4,3380,4,,,,,
2026/09/17 20:11,2026-09-17T20:26:21+09:00,2026/09/18,2026/11/12,2026-11,CALL,65875,1755,,,25.31,24.21,1950,5,1840,5,,,,,
2026/09/17 20:11,2026-09-17T20:26:21+09:00,2026/09/18,2026/11/12,2026-11,PUT,65875,3560,,,25.56,24.41,3395,11,3280,20,,,,,
2026/09/17 20:11,2026-09-17T20:26:21+09:00,2026/09/18,2026/11/12,2026-11,CALL,65750,1800,,,25.27,24.37,1995,1,1905,2,,,,,
2026/09/17 20:11,2026-09-17T20:26:21+09:00,2026/09/18,2026/11/12,2026-11,PUT,65750,3485,,,25.42,24.72,3305,8,3235,7,,,,,
2026/09/17 20:11,2026-09-17T20:26:21+09:00,2026/09/18,2026/11/12,2026-11,CALL,65625,1855,,,25.16,24.27,2035,1,1945,5,,,,,
2026/09/17 20:11,2026-09-17T20:26:21+09:00,2026/09/18,2026/11/12,2026-11,PUT,65625,3410,,,25.56,24.71,3245,7,3160,5,,,,,
2026/09/17 20:11,2026-09-17T20:26:21+09:00,2026/09/18,2026/11/12,2026-11,CALL,65500,1905,,,25.24,24.35,2095,2,2005,1,,,,,
2026/09/17 20:11,2026-09-17T20:26:21+09:00,2026/09/18,2026/11/12,2026-11,PUT,65500,3335,,,25.34,24.85,3150,3,3100,1,,,,,
2026/09/17 20:11,2026-09-17T20:26:21+09:00,2026/09/18,2026/11/12,2026-11,CALL,65375,1960,,,25.22,24.38,2145,1,2060,7,,,,,
2026/09/17 20:11,2026-09-17T20:26:21+09:00,2026/09/18,2026/11/12,2026-11,PUT,65375,3265,,,25.66,24.72,3110,20,3015,5,,,,,
2026/09/17 20:11,2026-09-17T20:26:21+09:00,2026/09/18,2026/11/12,2026-11,CALL,65250,2005,,,25.48,24.49,2225,1,2125,3,,,,,
2026/09/17 20:11,2026-09-17T20:26:21+09:00,2026/09/18,2026/11/12,2026-11,PUT,65250,3190,,,25.63,24.94,3035,2,2965,1,,,,,
2026/09/17 20:11,2026-09-17T20:26:21+09:00,2026/09/18,2026/11/12,2026-11,CALL,65125,2065,,,25.29,24.45,2260,1,2175,7,,,,,
2026/09/17 20:11,2026-09-17T20:26:21+09:00,2026/09/18,2026/11/12,2026-11,PUT,65125,3125,,,25.73,24.94,2975,5,2895,5,,,,,
2026/09/17 20:11,2026-09-17T20:26:21+09:00,2026/09/18,2026/11/12,2026-11,CALL,65000,2125,,,25.53,24.65,2340,1,2250,8,,,,,
2026/09/17 20:11,2026-09-17T20:26:21+09:00,2026/09/18,2026/11/12,2026-11,PUT,65000,3060,,,25.48,24.7,2880,1,2800,1,,,,,
2026/09/17 20:11,2026-09-17T20:26:21+09:00,2026/09/18,2026/11/12,2026-11,CALL,64875,2180,,,25.57,24.58,2400,5,2300,3,,,,,
2026/09/17 20:11,2026-09-17T20:26:21+09:00,2026/09/18,2026/11/12,2026-11,PUT,64875,2990,,,25.86,24.78,2850,5,2740,5,,,,,
2026/09/17 20:11,2026-09-17T20:26:21+09:00,2026/09/18,2026/11/12,2026-11,CALL,64750,2240,,,25.45,24.61,2445,2,2360,3,,,,,
2026/09/17 20:11,2026-09-17T20:26:21+09:00,2026/09/18,2026/11/12,2026-11,PUT,64750,2925,,,25.6,25.1,2755,2,2705,2,,,,,
2026/09/17 20:11,2026-09-17T20:26:21+09:00,2026/09/18,2026/11/12,2026-11,CALL,64625,2295,,,25.66,24.58,2525,5,2415,7,,,,,
2026/09/17 20:11,2026-09-17T20:26:21+09:00,2026/09/18,2026/11/12,2026-11,PUT,64625,2855,,,25.91,24.83,2720,5,2610,5,,,,,
2026/09/17 20:11,2026-09-17T20:26:21+09:00,2026/09/18,2026/11/12,2026-11,CALL,64500,2355,,,25.47,25.18,2565,1,2535,1,,,,,
2026/09/17 20:11,2026-09-17T20:26:21+09:00,2026/09/18,2026/11/12,2026-11,PUT,64500,2790,,,25.67,25.23,2630,3,2585,3,,,,,
2026/09/17 20:11,2026-09-17T20:26:21+09:00,2026/09/18,2026/11/12,2026-11,CALL,64375,2420,,,25.82,24.24,2660,3,2500,7,,,,,
2026/09/17 20:11,2026-09-17T20:26:21+09:00,2026/09/18,2026/11/12,2026-11,PUT,64375,2730,,,26.01,25.28,2600,5,2525,1,,,,,
2026/09/17 20:11,2026-09-17T20:26:21+09:00,2026/09/18,2026/11/12,2026-11,CALL,64250,2485,,,25.66,24.97,2705,2,2635,2,,,,,
2026/09/17 20:11,2026-09-17T20:26:21+09:00,2026/09/18,2026/11/12,2026-11,PUT,64250,2670,,,25.76,25.07,2510,1,2440,2,,,,,
2026/09/17 20:11,2026-09-17T20:26:21+09:00,2026/09/18,2026/11/12,2026-11,CALL,64125,2550,,,25.99,24.45,2800,6,2645,7,,,,,
2026/09/17 20:11,2026-09-17T20:26:21+09:00,2026/09/18,2026/11/12,2026-11,PUT,64125,2610,,,26.08,25.39,2480,5,2410,1,,,,,
2026/09/17 20:11,2026-09-17T20:26:21+09:00,2026/09/18,2026/11/12,2026-11,CALL,64000,2615,,,26.01,25.06,2865,1,2770,1,,,,,
2026/09/17 20:11,2026-09-17T20:26:21+09:00,2026/09/18,2026/11/12,2026-11,PUT,64000,2550,,,26.01,25.46,2410,4,2355,1,,,,,
2026/09/17 20:11,2026-09-17T20:26:21+09:00,2026/09/18,2026/11/12,2026-11,CALL,63875,2680,,,25.87,24.43,2915,1,2770,7,,,,,
2026/09/17 20:11,2026-09-17T20:26:21+09:00,2026/09/18,2026/11/12,2026-11,PUT,63875,2490,,,26.17,25.47,2365,5,2295,4,,,,,
2026/09/17 20:11,2026-09-17T20:26:21+09:00,2026/09/18,2026/11/12,2026-11,CALL,63750,2750,,,25.87,25.07,2980,2,2900,3,,,,,
2026/09/17 20:11,2026-09-17T20:26:21+09:00,2026/09/18,2026/11/12,2026-11,PUT,63750,2435,,,25.97,25.57,2285,2,2245,1,,,,,
2026/09/17 20:11,2026-09-17T20:26:21+09:00,2026/09/18,2026/11/12,2026-11,CALL,63625,2815,,,26.01,24.21,3060,1,2880,3,,,,,
2026/09/17 20:11,2026-09-17T20:26:21+09:00,2026/09/18,2026/11/12,2026-11,PUT,63625,2380,,,26.21,25.11,2250,6,2140,35,,,,,
2026/09/17 20:11,2026-09-17T20:26:21+09:00,2026/09/18,2026/11/12,2026-11,CALL,63500,2885,,,26.15,25.19,3140,1,3045,2,,,,,
2026/09/17 20:11,2026-09-17T20:26:21+09:00,2026/09/18,2026/11/12,2026-11,PUT,63500,2325,,,26.1,25.69,2180,1,2140,1,,,,,
2026/09/17 20:11,2026-09-17T20:26:21+09:00,2026/09/18,2026/11/12,2026-11,CALL,63375,2950,,,26.07,23.34,3200,4,2930,3,,,,,
2026/09/17 20:11,2026-09-17T20:26:21+09:00,2026/09/18,2026/11/12,2026-11,PUT,63375,2260,,,26.37,25.72,2150,6,2085,1,,,,,
2026/09/17 20:11,2026-09-17T20:26:21+09:00,2026/09/18,2026/11/12,2026-11,CALL,63250,3030,,,26.13,25.48,3275,2,3210,2,,,,,
2026/09/17 20:11,2026-09-17T20:26:21+09:00,2026/09/18,2026/11/12,2026-11,PUT,63250,2215,,,26.24,25.78,2080,2,2035,2,,,,,
2026/09/17 20:11,2026-09-17T20:26:21+09:00,2026/09/18,2026/11/12,2026-11,CALL,63125,3100,,,26.19,23.44,3350,4,3080,3,,,,,
2026/09/17 20:11,2026-09-17T20:26:21+09:00,2026/09/18,2026/11/12,2026-11,PUT,63125,2160,,,26.95,25.89,2095,21,1990,6,,,,,
2026/09/17 20:11,2026-09-17T20:26:21+09:00,2026/09/18,2026/11/12,2026-11,CALL,63000,3175,,,26.39,25.06,3440,1,3310,21,,,,,
2026/09/17 20:11,2026-09-17T20:26:21+09:00,2026/09/18,2026/11/12,2026-11,PUT,63000,2110,,,26.19,25.98,1965,5,1945,3,,,,,
2026/09/17 20:11,2026-09-17T20:26:21+09:00,2026/09/18,2026/11/12,2026-11,CALL,62875,3250,,,26.27,23.29,3500,1,3210,3,,,,,
2026/09/17 20:11,2026-09-17T20:26:21+09:00,2026/09/18,2026/11/12,2026-11,PUT,62875,2065,,,26.84,25.97,1975,21,1890,1,,,,,
2026/09/17 20:11,2026-09-17T20:26:21+09:00,2026/09/18,2026/11/12,2026-11,CALL,62750,3325,,,27.03,25.68,3645,5,3515,2,,,,,
2026/09/17 20:11,2026-09-17T20:26:21+09:00,2026/09/18,2026/11/12,2026-11,PUT,62750,2015,,,26.46,26.1,1885,3,1850,3,,,,,
2026/09/17 20:11,2026-09-17T20:26:21+09:00,2026/09/18,2026/11/12,2026-11,CALL,62625,3395,,,27.36,23.24,3750,3,3355,3,,,,,
2026/09/17 20:11,2026-09-17T20:26:21+09:00,2026/09/18,2026/11/12,2026-11,PUT,62625,1955,,,27.57,25.8,1940,21,1770,6,,,,,
2026/09/17 20:11,2026-09-17T20:26:21+09:00,2026/09/18,2026/11/12,2026-11,CALL,62500,3480,,,26.44,25.49,3735,1,3645,8,,,,,
2026/09/17 20:11,2026-09-17T20:26:21+09:00,2026/09/18,2026/11/12,2026-11,PUT,62500,1920,,,26.54,26.12,1790,2,1750,2,,,,,
2026/09/17 20:11,2026-09-17T20:26:21+09:00,2026/09/18,2026/11/12,2026-11,CALL,62375,3555,,,28.06,23.2,3965,5,3505,3,,,,,
2026/09/17 20:11,2026-09-17T20:26:21+09:00,2026/09/18,2026/11/12,2026-11,PUT,62375,1870,,,27.64,26.07,1845,21,1695,6,,,,,
2026/09/17 20:11,2026-09-17T20:26:21+09:00,2026/09/18,2026/11/12,2026-11,CALL,62250,3640,,,27.12,25.36,3950,2,3785,3,,,,,
2026/09/17 20:11,2026-09-17T20:26:21+09:00,2026/09/18,2026/11/12,2026-11,PUT,62250,1825,,,26.8,26.37,1715,3,1675,3,,,,,
2026/09/17 20:11,2026-09-17T20:26:21+09:00,2026/09/18,2026/11/12,2026-11,CALL,62125,3715,,,27.79,23.18,4090,3,3660,3,,,,,
2026/09/17 20:11,2026-09-17T20:26:21+09:00,2026/09/18,2026/11/12,2026-11,PUT,62125,1780,,,27.63,26.19,1745,21,1610,6,,,,,
2026/09/17 20:11,2026-09-17T20:26:21+09:00,2026/09/18,2026/11/12,2026-11,CALL,62000,3800,,,27.77,25.68,4165,7,3970,16,,,,,
2026/09/17 20:11,2026-09-17T20:26:21+09:00,2026/09/18,2026/11/12,2026-11,PUT,62000,1740,,,26.81,26.38,1620,2,1580,2,,,,,
2026/09/17 20:11,2026-09-17T20:26:21+09:00,2026/09/18,2026/11/12,2026-11,CALL,61875,3885,,,27.31,23.15,4200,3,3820,3,,,,,
2026/09/17 20:11,2026-09-17T20:26:21+09:00,2026/09/18,2026/11/12,2026-11,PUT,61875,1700,,,27.96,26.12,1680,21,1510,21,,,,,
2026/09/17 20:11,2026-09-17T20:26:21+09:00,2026/09/18,2026/11/12,2026-11,CALL,61750,3970,,,29.01,24.69,4435,4,4040,2,,,,,
2026/09/17 20:11,2026-09-17T20:26:21+09:00,2026/09/18,2026/11/12,2026-11,PUT,61750,1660,,,26.94,26.67,1540,3,1515,1,,,,,
2026/09/17 20:11,2026-09-17T20:26:21+09:00,2026/09/18,2026/11/12,2026-11,CALL,61625,4045,,,28.86,23.14,4500,3,3985,3,,,,,
2026/09/17 20:11,2026-09-17T20:26:21+09:00,2026/09/18,2026/11/12,2026-11,PUT,61625,1610,,,28.1,26.34,1600,22,1440,7,,,,,
2026/09/17 20:11,2026-09-17T20:26:21+09:00,2026/09/18,2026/11/12,2026-11,CALL,61500,4135,,,28.37,23.21,4535,3,4075,3,,,,,
2026/09/17 20:11,2026-09-17T20:26:21+09:00,2026/09/18,2026/11/12,2026-11,PUT,61500,1575,,,27.05,26.66,1460,4,1425,2,,,,,
2026/09/17 20:11,2026-09-17T20:26:21+09:00,2026/09/18,2026/11/12,2026-11,CALL,61375,4215,,,29.2,23.09,4690,5,4150,6,,,,,
2026/09/17 20:11,2026-09-17T20:26:21+09:00,2026/09/18,2026/11/12,2026-11,PUT,61375,1530,,,28.14,26.41,1515,22,1360,22,,,,,
2026/09/17 20:11,2026-09-17T20:26:21+09:00,2026/09/18,2026/11/12,2026-11,CALL,61250,4310,,,27.73,23.07,4640,4,4235,5,,,,,
2026/09/17 20:11,2026-09-17T20:26:21+09:00,2026/09/18,2026/11/12,2026-11,PUT,61250,1500,,,27.28,26.83,1395,2,1355,2,,,,,
2026/09/17 20:11,2026-09-17T20:26:21+09:00,2026/09/18,2026/11/12,2026-11,CALL,61125,4380,,,29.4,22.98,4870,5,4315,3,,,,,
2026/09/17 20:11,2026-09-17T20:26:21+09:00,2026/09/18,2026/11/12,2026-11,PUT,61125,1445,,,28.21,26.55,1435,22,1290,22,,,,,
2026/09/17 20:11,2026-09-17T20:26:21+09:00,2026/09/18,2026/11/12,2026-11,CALL,61000,4485,,,28.69,23.12,4890,7,4415,7,,,,,
2026/09/17 20:11,2026-09-17T20:26:21+09:00,2026/09/18,2026/11/12,2026-11,PUT,61000,1430,,3,27.37,27.14,1320,5,1300,3,27.14,-85,-5.94,1345,09/17 18:05
2026/09/17 20:11,2026-09-17T20:26:21+09:00,2026/09/18,2026/11/12,2026-11,CALL,60875,4565,,,28.88,23,4990,5,4495,6,,,,,
2026/09/17 20:11,2026-09-17T20:26:21+09:00,2026/09/18,2026/11/12,2026-11,PUT,60875,1380,,,28.7,26.67,1395,22,1220,22,,,,,
2026/09/17 20:11,2026-09-17T20:26:21+09:00,2026/09/18,2026/11/12,2026-11,CALL,60750,4665,,,27.83,22.99,4985,2,4585,5,,,,,
2026/09/17 20:11,2026-09-17T20:26:21+09:00,2026/09/18,2026/11/12,2026-11,PUT,60750,1355,,,27.6,27.3,1260,3,1235,1,,,,,
2026/09/17 20:11,2026-09-17T20:26:21+09:00,2026/09/18,2026/11/12,2026-11,CALL,60625,4740,,,29.06,22.97,5175,5,4675,6,,,,,
2026/09/17 20:11,2026-09-17T20:26:21+09:00,2026/09/18,2026/11/12,2026-11,PUT,60625,1305,,,28.59,26.62,1305,22,1140,22,,,,,
2026/09/17 20:11,2026-09-17T20:26:21+09:00,2026/09/18,2026/11/12,2026-11,CALL,60500,4845,,,28.51,22.81,5215,7,4755,9,,,,,
2026/09/17 20:11,2026-09-17T20:26:21+09:00,2026/09/18,2026/11/12,2026-11,PUT,60500,1290,,2,27.67,27.49,1190,2,1175,2,27.24,-200,-14.34,1195,09/17 18:08
2026/09/17 20:11,2026-09-17T20:26:21+09:00,2026/09/18,2026/11/12,2026-11,CALL,60250,5035,,,29.24,22.91,5450,4,4950,5,,,,,
2026/09/17 20:11,2026-09-17T20:26:21+09:00,2026/09/18,2026/11/12,2026-11,PUT,60250,1225,,,27.84,27.65,1130,2,1115,1,,,,,
2026/09/17 20:11,2026-09-17T20:26:21+09:00,2026/09/18,2026/11/12,2026-11,CALL,60000,5225,,,29.41,23.03,5640,9,5150,3,,,,,
2026/09/17 20:11,2026-09-17T20:26:21+09:00,2026/09/18,2026/11/12,2026-11,PUT,60000,1170,,6,28.1,27.85,1080,5,1060,3,27.72,-110,-9.21,1085,09/17 19:06
2026/09/17 20:11,2026-09-17T20:26:21+09:00,2026/09/18,2026/11/12,2026-11,CALL,59750,5410,,,29.03,22.75,5790,1,5325,3,,,,,
2026/09/17 20:11,2026-09-17T20:26:21+09:00,2026/09/18,2026/11/12,2026-11,PUT,59750,1105,,,28.2,28,1020,2,1005,2,,,,,
2026/09/17 20:11,2026-09-17T20:26:21+09:00,2026/09/18,2026/11/12,2026-11,CALL,59500,5605,,,29.06,22.54,5975,6,5510,6,,,,,
2026/09/17 20:11,2026-09-17T20:26:21+09:00,2026/09/18,2026/11/12,2026-11,PUT,59500,1050,,2,28.4,28.2,970,6,955,4,27.94,-170,-14.91,970,09/17 18:08
2026/09/17 20:11,2026-09-17T20:26:21+09:00,2026/09/18,2026/11/12,2026-11,CALL,59250,5805,,,29.38,22.58,6185,3,5715,3,,,,,
2026/09/17 20:11,2026-09-17T20:26:21+09:00,2026/09/18,2026/11/12,2026-11,PUT,59250,980,,,28.57,28.36,920,2,905,4,,,,,
2026/09/17 20:11,2026-09-17T20:26:21+09:00,2026/09/18,2026/11/12,2026-11,CALL,59000,6005,,,31.23,22.32,6510,9,5905,9,,,,,
2026/09/17 20:11,2026-09-17T20:26:21+09:00,2026/09/18,2026/11/12,2026-11,PUT,59000,950,,,28.77,28.56,875,8,860,6,,,,,
2026/09/17 20:11,2026-09-17T20:26:21+09:00,2026/09/18,2026/11/12,2026-11,CALL,58750,6205,,,29.88,22.33,6600,3,6115,3,,,,,
2026/09/17 20:11,2026-09-17T20:26:21+09:00,2026/09/18,2026/11/12,2026-11,PUT,58750,905,,,28.95,28.74,830,2,815,4,,,,,
2026/09/17 20:11,2026-09-17T20:26:21+09:00,2026/09/18,2026/11/12,2026-11,CALL,58500,6410,,,31.05,22,6875,6,6310,6,,,,,
2026/09/17 20:11,2026-09-17T20:26:21+09:00,2026/09/18,2026/11/12,2026-11,PUT,58500,860,,,29.1,28.95,785,2,775,6,,,,,
2026/09/17 20:11,2026-09-17T20:26:21+09:00,2026/09/18,2026/11/12,2026-11,CALL,58250,6620,,,30.93,22.08,7060,3,6530,3,,,,,
2026/09/17 20:11,2026-09-17T20:26:21+09:00,2026/09/18,2026/11/12,2026-11,PUT,58250,820,,,29.29,29.14,745,2,735,4,,,,,
2026/09/17 20:11,2026-09-17T20:26:21+09:00,2026/09/18,2026/11/12,2026-11,CALL,58000,6830,,,30.16,21.57,7205,9,6725,9,,,,,
2026/09/17 20:11,2026-09-17T20:26:21+09:00,2026/09/18,2026/11/12,2026-11,PUT,58000,780,,,29.54,29.38,710,2,700,6,,,,,
2026/09/17 20:11,2026-09-17T20:26:21+09:00,2026/09/18,2026/11/12,2026-11,CALL,57750,7040,,,30.55,21.64,7430,1,6950,3,,,,,
2026/09/17 20:11,2026-09-17T20:26:21+09:00,2026/09/18,2026/11/12,2026-11,PUT,57750,740,,,29.75,29.59,675,5,665,3,,,,,
2026/09/17 20:11,2026-09-17T20:26:21+09:00,2026/09/18,2026/11/12,2026-11,CALL,57500,7250,,,32.04,28.32,7725,2,7500,2,,,,,
2026/09/17 20:11,2026-09-17T20:26:21+09:00,2026/09/18,2026/11/12,2026-11,PUT,57500,700,,,29.94,29.78,640,2,630,8,,,,,
2026/09/17 20:11,2026-09-17T20:26:21+09:00,2026/09/18,2026/11/12,2026-11,CALL,57250,7470,,,30.7,28.51,7845,1,7720,1,,,,,
2026/09/17 20:11,2026-09-17T20:26:21+09:00,2026/09/18,2026/11/12,2026-11,PUT,57250,670,,,30.19,30.02,610,5,600,5,,,,,
2026/09/17 20:11,2026-09-17T20:26:21+09:00,2026/09/18,2026/11/12,2026-11,CALL,57000,7685,,,33.13,28.59,8195,9,7935,3,,,,,
2026/09/17 20:11,2026-09-17T20:26:21+09:00,2026/09/18,2026/11/12,2026-11,PUT,57000,635,,,30.42,30.24,580,11,570,11,,,,,
2026/09/17 20:11,2026-09-17T20:26:21+09:00,2026/09/18,2026/11/12,2026-11,CALL,56750,7910,,,34.56,28.82,8485,3,8160,4,,,,,
2026/09/17 20:11,2026-09-17T20:26:21+09:00,2026/09/18,2026/11/12,2026-11,PUT,56750,610,,,30.71,30.43,555,2,540,5,,,,,
2026/09/17 20:11,2026-09-17T20:26:21+09:00,2026/09/18,2026/11/12,2026-11,CALL,56500,8130,,,32.08,28.92,8545,6,8380,8,,,,,
2026/09/17 20:11,2026-09-17T20:26:21+09:00,2026/09/18,2026/11/12,2026-11,PUT,56500,580,,,30.88,30.69,525,2,515,8,,,,,
2026/09/17 20:11,2026-09-17T20:26:21+09:00,2026/09/18,2026/11/12,2026-11,CALL,56250,8350,,,32.73,28.98,8790,1,8600,3,,,,,
2026/09/17 20:11,2026-09-17T20:26:21+09:00,2026/09/18,2026/11/12,2026-11,PUT,56250,530,,,31.12,30.93,500,2,490,5,,,,,
2026/09/17 20:11,2026-09-17T20:26:21+09:00,2026/09/18,2026/11/12,2026-11,CALL,56000,8575,,,36.24,29.12,9195,9,8825,9,,,,,
2026/09/17 20:11,2026-09-17T20:26:21+09:00,2026/09/18,2026/11/12,2026-11,PUT,56000,515,,2,31.35,31.14,475,2,465,52,31.17,-45,-8.74,470,09/17 18:16
2026/09/17 20:11,2026-09-17T20:26:21+09:00,2026/09/18,2026/11/12,2026-11,CALL,55750,8795,,,33.55,29.11,9255,3,9045,4,,,,,
2026/09/17 20:11,2026-09-17T20:26:21+09:00,2026/09/18,2026/11/12,2026-11,PUT,55750,500,,,31.65,31.44,455,2,445,5,,,,,
2026/09/17 20:11,2026-09-17T20:26:21+09:00,2026/09/18,2026/11/12,2026-11,CALL,55500,9025,,,32.77,29.3,9430,6,9275,6,,,,,
2026/09/17 20:11,2026-09-17T20:26:21+09:00,2026/09/18,2026/11/12,2026-11,PUT,55500,465,,,31.93,31.71,435,2,425,6,,,,,
2026/09/17 20:11,2026-09-17T20:26:21+09:00,2026/09/18,2026/11/12,2026-11,CALL,55250,9255,,,33.17,29.46,9665,1,9505,4,,,,,
2026/09/17 20:11,2026-09-17T20:26:21+09:00,2026/09/18,2026/11/12,2026-11,PUT,55250,455,,,32.19,31.97,415,2,405,3,,,,,
2026/09/17 20:11,2026-09-17T20:26:21+09:00,2026/09/18,2026/11/12,2026-11,CALL,55000,9480,,,33.55,29.46,9900,9,9730,9,,,,,
2026/09/17 20:11,2026-09-17T20:26:21+09:00,2026/09/18,2026/11/12,2026-11,PUT,55000,425,,2,32.43,32.2,395,2,385,11,32.2,-25,-5.88,400,09/17 18:06
2026/09/17 20:11,2026-09-17T20:26:21+09:00,2026/09/18,2026/11/12,2026-11,CALL,54750,9710,,,34.04,29.55,10140,1,9960,4,,,,,
2026/09/17 20:11,2026-09-17T20:26:21+09:00,2026/09/18,2026/11/12,2026-11,PUT,54750,415,,,32.65,32.41,375,2,365,5,,,,,
2026/09/17 20:11,2026-09-17T20:26:21+09:00,2026/09/18,2026/11/12,2026-11,CALL,54500,9940,,,34.17,29.6,10365,2,10190,8,,,,,
2026/09/17 20:11,2026-09-17T20:26:21+09:00,2026/09/18,2026/11/12,2026-11,PUT,54500,385,,,32.97,32.72,360,2,350,8,,,,,
2026/09/17 20:11,2026-09-17T20:26:21+09:00,2026/09/18,2026/11/12,2026-11,CALL,54250,10175,,,34.39,29.77,10595,3,10425,4,,,,,
2026/09/17 20:11,2026-09-17T20:26:21+09:00,2026/09/18,2026/11/12,2026-11,PUT,54250,380,,,33.28,33.02,345,2,335,5,,,,,
2026/09/17 20:11,2026-09-17T20:26:21+09:00,2026/09/18,2026/11/12,2026-11,CALL,54000,10410,,,34.71,29.91,10830,9,10660,12,,,,,
2026/09/17 20:11,2026-09-17T20:26:21+09:00,2026/09/18,2026/11/12,2026-11,PUT,54000,355,,,33.56,33.3,330,2,320,11,,,,,
2026/09/17 20:11,2026-09-17T20:26:21+09:00,2026/09/18,2026/11/12,2026-11,CALL,53750,10640,,,36.38,29.84,11120,1,10890,4,,,,,
2026/09/17 20:11,2026-09-17T20:26:21+09:00,2026/09/18,2026/11/12,2026-11,PUT,53750,350,,,33.83,33.56,315,2,305,7,,,,,
2026/09/17 20:11,2026-09-17T20:26:21+09:00,2026/09/18,2026/11/12,2026-11,CALL,53500,10875,,,37.44,29.9,11385,2,11125,6,,,,,
2026/09/17 20:11,2026-09-17T20:26:21+09:00,2026/09/18,2026/11/12,2026-11,PUT,53500,335,,,34.08,33.88,300,2,293,24,,,,,
2026/09/17 20:11,2026-09-17T20:26:21+09:00,2026/09/18,2026/11/12,2026-11,CALL,53250,11110,,,,,,,,,,,,,
2026/09/17 20:11,2026-09-17T20:26:21+09:00,2026/09/18,2026/11/12,2026-11,PUT,53250,320,,5,34.43,34.19,289,7,281,2,34.34,,,297,09/17 18:04
2026/09/17 20:11,2026-09-17T20:26:21+09:00,2026/09/18,2026/11/12,2026-11,CALL,53000,11345,,,,,,,,,,,,,
2026/09/17 20:11,2026-09-17T20:26:21+09:00,2026/09/18,2026/11/12,2026-11,PUT,53000,299,,1,34.73,34.52,277,15,270,12,34.68,1,0.33,300,09/17 17:06
2026/09/17 20:11,2026-09-17T20:26:21+09:00,2026/09/18,2026/11/12,2026-11,CALL,52750,11580,,,,,,,,,,,,,
2026/09/17 20:11,2026-09-17T20:26:21+09:00,2026/09/18,2026/11/12,2026-11,PUT,52750,288,,,35.02,34.8,265,8,258,2,,,,,
2026/09/17 20:11,2026-09-17T20:26:21+09:00,2026/09/18,2026/11/12,2026-11,CALL,52500,11820,,,,,,,,,,,,,
2026/09/17 20:11,2026-09-17T20:26:21+09:00,2026/09/18,2026/11/12,2026-11,PUT,52500,277,,,35.39,35.09,256,14,247,2,,,,,
2026/09/17 20:11,2026-09-17T20:26:21+09:00,2026/09/18,2026/11/12,2026-11,CALL,52250,12060,,,,,,,,,,,,,
2026/09/17 20:11,2026-09-17T20:26:21+09:00,2026/09/18,2026/11/12,2026-11,PUT,52250,271,,,35.67,35.41,245,10,237,2,,,,,
2026/09/17 20:11,2026-09-17T20:26:21+09:00,2026/09/18,2026/11/12,2026-11,CALL,52000,12295,,,,,,,,,,,,,
2026/09/17 20:11,2026-09-17T20:26:21+09:00,2026/09/18,2026/11/12,2026-11,PUT,52000,255,,,35.98,35.71,235,17,227,2,,,,,
2026/09/17 20:11,2026-09-17T20:26:21+09:00,2026/09/18,2026/11/12,2026-11,CALL,51750,12535,,,,,,,,,,,,,
2026/09/17 20:11,2026-09-17T20:26:21+09:00,2026/09/18,2026/11/12,2026-11,PUT,51750,244,,,36.28,36.03,225,8,218,8,,,,,
2026/09/17 20:11,2026-09-17T20:26:21+09:00,2026/09/18,2026/11/12,2026-11,CALL,51500,12775,,,,,,,,,,,,,
2026/09/17 20:11,2026-09-17T20:26:21+09:00,2026/09/18,2026/11/12,2026-11,PUT,51500,234,,,36.59,36.33,216,12,209,12,,,,,
2026/09/17 20:11,2026-09-17T20:26:21+09:00,2026/09/18,2026/11/12,2026-11,CALL,51250,13015,,,,,,,,,,,,,
2026/09/17 20:11,2026-09-17T20:26:21+09:00,2026/09/18,2026/11/12,2026-11,PUT,51250,225,,,36.93,36.62,208,7,200,7,,,,,
2026/09/17 20:11,2026-09-17T20:26:21+09:00,2026/09/18,2026/11/12,2026-11,CALL,51000,13255,,,,,,,,,,,,,
2026/09/17 20:11,2026-09-17T20:26:21+09:00,2026/09/18,2026/11/12,2026-11,PUT,51000,216,,1,37.26,36.94,200,18,192,18,37.02,-12,-5.26,216,09/17 17:17
2026/09/17 20:11,2026-09-17T20:26:21+09:00,2026/09/18,2026/11/12,2026-11,CALL,50750,13495,,,,,,,,,,,,,
2026/09/17 20:11,2026-09-17T20:26:21+09:00,2026/09/18,2026/11/12,2026-11,PUT,50750,207,,,37.61,37.28,193,7,185,7,,,,,
2026/09/17 20:11,2026-09-17T20:26:21+09:00,2026/09/18,2026/11/12,2026-11,CALL,50500,13735,,,,,,,,,,,,,
2026/09/17 20:11,2026-09-17T20:26:21+09:00,2026/09/18,2026/11/12,2026-11,PUT,50500,199,,,37.91,37.57,185,12,177,12,,,,,
2026/09/17 20:11,2026-09-17T20:26:21+09:00,2026/09/18,2026/11/12,2026-11,CALL,50250,13980,,,,,,,,,,,,,
2026/09/17 20:11,2026-09-17T20:26:21+09:00,2026/09/18,2026/11/12,2026-11,PUT,50250,191,,,38.33,37.89,180,10,170,14,,,,,
2026/09/17 20:11,2026-09-17T20:26:21+09:00,2026/09/18,2026/11/12,2026-11,CALL,50000,14220,,,,,,,,,,,,,
2026/09/17 20:11,2026-09-17T20:26:21+09:00,2026/09/18,2026/11/12,2026-11,PUT,50000,183,,1,38.61,38.25,172,21,164,21,38.37,-28,-14.36,167,09/17 19:39
2026/09/17 20:11,2026-09-17T20:26:21+09:00,2026/09/18,2026/11/12,2026-11,CALL,49750,14465,,,,,,,,,,,,,
2026/09/17 20:11,2026-09-17T20:26:21+09:00,2026/09/18,2026/11/12,2026-11,PUT,49750,180,,,38.92,38.59,165,8,158,8,,,,,
2026/09/17 20:11,2026-09-17T20:26:21+09:00,2026/09/18,2026/11/12,2026-11,CALL,49500,14705,,,,,,,,,,,,,
2026/09/17 20:11,2026-09-17T20:26:21+09:00,2026/09/18,2026/11/12,2026-11,PUT,49500,171,,,39.26,38.92,159,14,152,14,,,,,
2026/09/17 20:11,2026-09-17T20:26:21+09:00,2026/09/18,2026/11/12,2026-11,CALL,49250,14950,,,,,,,,,,,,,
2026/09/17 20:11,2026-09-17T20:26:21+09:00,2026/09/18,2026/11/12,2026-11,PUT,49250,163,,,39.59,39.24,153,8,146,8,,,,,
2026/09/17 20:11,2026-09-17T20:26:21+09:00,2026/09/18,2026/11/12,2026-11,CALL,49000,15195,,,,,,,,,,,,,
2026/09/17 20:11,2026-09-17T20:26:21+09:00,2026/09/18,2026/11/12,2026-11,PUT,49000,162,,1,39.96,39.6,148,21,141,23,39.76,-2,-1.23,160,09/17 17:19
2026/09/17 20:11,2026-09-17T20:26:21+09:00,2026/09/18,2026/11/12,2026-11,CALL,48750,15435,,,,,,,,,,,,,
2026/09/17 20:11,2026-09-17T20:26:21+09:00,2026/09/18,2026/11/12,2026-11,PUT,48750,151,,,40.27,39.84,142,8,134,23,,,,,
2026/09/17 20:11,2026-09-17T20:26:21+09:00,2026/09/18,2026/11/12,2026-11,CALL,48500,15680,,,,,,,,,,,,,
2026/09/17 20:11,2026-09-17T20:26:21+09:00,2026/09/18,2026/11/12,2026-11,PUT,48500,146,,,40.68,40.23,138,16,130,14,,,,,
2026/09/17 20:11,2026-09-17T20:26:21+09:00,2026/09/18,2026/11/12,2026-11,CALL,48250,15925,,,,,,,,,,,,,
2026/09/17 20:11,2026-09-17T20:26:21+09:00,2026/09/18,2026/11/12,2026-11,PUT,48250,143,,,41.02,40.62,133,11,126,8,,,,,
2026/09/17 20:11,2026-09-17T20:26:21+09:00,2026/09/18,2026/11/12,2026-11,CALL,48000,16170,,,,,,,,,,,,,
2026/09/17 20:11,2026-09-17T20:26:21+09:00,2026/09/18,2026/11/12,2026-11,PUT,48000,136,,,41.36,40.94,128,24,121,21,,,,,
2026/09/17 20:11,2026-09-17T20:26:21+09:00,2026/09/18,2026/11/12,2026-11,CALL,47750,16410,,,,,,,,,,,,,
2026/09/17 20:11,2026-09-17T20:26:21+09:00,2026/09/18,2026/11/12,2026-11,PUT,47750,131,,,41.74,41.31,124,12,117,10,,,,,
2026/09/17 20:11,2026-09-17T20:26:21+09:00,2026/09/18,2026/11/12,2026-11,CALL,47500,16660,,,,,,,,,,,,,
2026/09/17 20:11,2026-09-17T20:26:21+09:00,2026/09/18,2026/11/12,2026-11,PUT,47500,126,,,42.11,41.67,120,16,113,16,,,,,
2026/09/17 20:11,2026-09-17T20:26:21+09:00,2026/09/18,2026/11/12,2026-11,CALL,47250,16900,,,,,,,,,,,,,
2026/09/17 20:11,2026-09-17T20:26:21+09:00,2026/09/18,2026/11/12,2026-11,PUT,47250,121,,,42.41,42.02,115,10,109,10,,,,,
2026/09/17 20:11,2026-09-17T20:26:21+09:00,2026/09/18,2026/11/12,2026-11,CALL,47000,17150,,,,,,,,,,,,,
2026/09/17 20:11,2026-09-17T20:26:21+09:00,2026/09/18,2026/11/12,2026-11,PUT,47000,124,,,42.84,42.36,112,26,105,24,,,,,
2026/09/17 20:11,2026-09-17T20:26:21+09:00,2026/09/18,2026/11/12,2026-11,CALL,46750,17395,,,,,,,,,,,,,
2026/09/17 20:11,2026-09-17T20:26:21+09:00,2026/09/18,2026/11/12,2026-11,PUT,46750,112,,,43.18,42.63,108,12,100,25,,,,,
2026/09/17 20:11,2026-09-17T20:26:21+09:00,2026/09/18,2026/11/12,2026-11,CALL,46500,17640,,,,,,,,,,,,,
2026/09/17 20:11,2026-09-17T20:26:21+09:00,2026/09/18,2026/11/12,2026-11,PUT,46500,109,,,43.52,43.09,104,16,98,18,,,,,
2026/09/17 20:11,2026-09-17T20:26:21+09:00,2026/09/18,2026/11/12,2026-11,CALL,46250,17885,,,,,,,,,,,,,
2026/09/17 20:11,2026-09-17T20:26:21+09:00,2026/09/18,2026/11/12,2026-11,PUT,46250,107,,,43.85,43.48,100,10,95,10,,,,,
2026/09/17 20:11,2026-09-17T20:26:21+09:00,2026/09/18,2026/11/12,2026-11,CALL,46000,18130,,,,,,,,,,,,,
2026/09/17 20:11,2026-09-17T20:26:21+09:00,2026/09/18,2026/11/12,2026-11,PUT,46000,102,,,44.24,43.86,97,24,92,24,,,,,
2026/09/17 20:11,2026-09-17T20:26:21+09:00,2026/09/18,2026/11/12,2026-11,CALL,45750,18375,,,,,,,,,,,,,
2026/09/17 20:11,2026-09-17T20:26:21+09:00,2026/09/18,2026/11/12,2026-11,PUT,45750,99,,,44.55,43.99,93,10,86,12,,,,,
2026/09/17 20:11,2026-09-17T20:26:21+09:00,2026/09/18,2026/11/12,2026-11,CALL,45500,18625,,,,,,,,,,,,,
2026/09/17 20:11,2026-09-17T20:26:21+09:00,2026/09/18,2026/11/12,2026-11,PUT,45500,95,,,45.25,44.09,94,1,80,2,,,,,
2026/09/17 20:11,2026-09-17T20:26:21+09:00,2026/09/18,2026/11/12,2026-11,CALL,45250,18870,,,,,,,,,,,,,
2026/09/17 20:11,2026-09-17T20:26:21+09:00,2026/09/18,2026/11/12,2026-11,PUT,45250,92,,,45.63,44.43,91,1,77,1,,,,,
2026/09/17 20:11,2026-09-17T20:26:21+09:00,2026/09/18,2026/11/12,2026-11,CALL,45000,19115,,,,,,,,,,,,,
2026/09/17 20:11,2026-09-17T20:26:21+09:00,2026/09/18,2026/11/12,2026-11,PUT,45000,89,,4,45.66,45.31,84,24,80,6,45.44,-11,-11.83,82,09/17 19:02
2026/09/17 20:11,2026-09-17T20:26:21+09:00,2026/09/18,2026/11/12,2026-11,CALL,44750,19360,,,,,,,,,,,,,
2026/09/17 20:11,2026-09-17T20:26:21+09:00,2026/09/18,2026/11/12,2026-11,PUT,44750,85,,,46.36,45.18,85,1,72,1,,,,,
2026/09/17 20:11,2026-09-17T20:26:21+09:00,2026/09/18,2026/11/12,2026-11,CALL,44500,19610,,,,,,,,,,,,,
2026/09/17 20:11,2026-09-17T20:26:21+09:00,2026/09/18,2026/11/12,2026-11,PUT,44500,82,,,46.81,45.49,83,1,69,1,,,,,
2026/09/17 20:11,2026-09-17T20:26:21+09:00,2026/09/18,2026/11/12,2026-11,CALL,44000,20100,,,,,,,,,,,,,
2026/09/17 20:11,2026-09-17T20:26:21+09:00,2026/09/18,2026/11/12,2026-11,PUT,44000,77,,,47.59,46.19,78,1,64,1,,,,,
2026/09/17 20:11,2026-09-17T20:26:21+09:00,2026/09/18,2026/11/12,2026-11,CALL,43000,21090,,,,,,,,,,,,,
2026/09/17 20:11,2026-09-17T20:26:21+09:00,2026/09/18,2026/11/12,2026-11,PUT,43000,67,,,49.07,47.71,68,1,56,1,,,,,
2026/09/17 20:11,2026-09-17T20:26:21+09:00,2026/09/18,2026/11/12,2026-11,CALL,42000,22080,,,,,,,,,,,,,
2026/09/17 20:11,2026-09-17T20:26:21+09:00,2026/09/18,2026/11/12,2026-11,PUT,42000,60,,,50.78,49.1,61,1,48,1,,,,,
2026/09/17 20:11,2026-09-17T20:26:21+09:00,2026/09/18,2026/11/12,2026-11,CALL,41000,23070,,,,,,,,,,,,,
2026/09/17 20:11,2026-09-17T20:26:21+09:00,2026/09/18,2026/11/12,2026-11,PUT,41000,53,,,52.54,50.65,55,1,42,1,,,,,
2026/09/17 20:11,2026-09-17T20:26:21+09:00,2026/09/18,2026/11/12,2026-11,CALL,40000,24065,,,,,,,,,,,,,
2026/09/17 20:11,2026-09-17T20:26:21+09:00,2026/09/18,2026/11/12,2026-11,PUT,40000,48,,,53.77,52.07,46,3,36,1,,,,,
2026/09/17 20:11,2026-09-17T20:26:21+09:00,2026/09/18,2026/11/12,2026-11,CALL,39000,25055,,,,,,,,,,,,,
2026/09/17 20:11,2026-09-17T20:26:21+09:00,2026/09/18,2026/11/12,2026-11,PUT,39000,42,,2,56,53.77,44,27,32,63,54.67,,,40,09/17 17:22
2026/09/17 20:11,2026-09-17T20:26:21+09:00,2026/09/18,2026/11/12,2026-11,CALL,38000,26050,,,,,,,,,,,,,
2026/09/17 20:11,2026-09-17T20:26:21+09:00,2026/09/18,2026/11/12,2026-11,PUT,38000,38,,,58.79,40.51,45,7,1,26,,,,,
2026/09/17 20:11,2026-09-17T20:26:21+09:00,2026/09/18,2026/11/12,2026-11,CALL,37000,27040,,,,,,,,,,,,,
2026/09/17 20:11,2026-09-17T20:26:21+09:00,2026/09/18,2026/11/12,2026-11,PUT,37000,31,,1,59.1,56.88,33,29,24,69,58.03,,,31,09/17 17:35
2026/09/17 20:11,2026-09-17T20:26:21+09:00,2026/09/18,2026/11/12,2026-11,CALL,36000,28035,,,,,,,,,,,,,
2026/09/17 20:11,2026-09-17T20:26:21+09:00,2026/09/18,2026/11/12,2026-11,PUT,36000,26,,,61.76,44.43,33,8,1,26,,,,,
2026/09/17 20:11,2026-09-17T20:26:21+09:00,2026/09/18,2026/11/12,2026-11,CALL,35000,29030,,,,,,,,,,,,,
2026/09/17 20:11,2026-09-17T20:26:21+09:00,2026/09/18,2026/11/12,2026-11,PUT,35000,27,,1,63.75,60.12,30,63,18,67,61.76,-4,-14.81,23,09/17 18:35
2026/09/17 20:11,2026-09-17T20:26:21+09:00,2026/09/18,2026/11/12,2026-11,CALL,34000,30025,,,,,,,,,,,,,
2026/09/17 20:11,2026-09-17T20:26:21+09:00,2026/09/18,2026/11/12,2026-11,PUT,34000,23,,,80.14,48.56,118,6,1,26,,,,,
2026/09/17 20:11,2026-09-17T20:26:21+09:00,2026/09/18,2026/11/12,2026-11,CALL,33000,31020,,,,,,,,,,,,,
2026/09/17 20:11,2026-09-17T20:26:21+09:00,2026/09/18,2026/11/12,2026-11,PUT,33000,20,,,83.17,50.72,115,6,1,27,,,,,
2026/09/17 20:11,2026-09-17T20:26:21+09:00,2026/09/18,2026/11/12,2026-11,CALL,32000,32015,,,,,,,,,,,,,
2026/09/17 20:11,2026-09-17T20:26:21+09:00,2026/09/18,2026/11/12,2026-11,PUT,32000,17,,,86.38,52.94,113,6,1,26,,,,,
2026/09/17 20:11,2026-09-17T20:26:21+09:00,2026/09/18,2026/11/12,2026-11,CALL,31000,33005,,,,,,,,,,,,,
2026/09/17 20:11,2026-09-17T20:26:21+09:00,2026/09/18,2026/11/12,2026-11,PUT,31000,9,,,89.68,55.23,111,6,1,16,,,,,
2026/09/17 20:11,2026-09-17T20:26:21+09:00,2026/09/18,2026/11/12,2026-11,CALL,30000,34000,,,,,,,,,,,,,
2026/09/17 20:11,2026-09-17T20:26:21+09:00,2026/09/18,2026/11/12,2026-11,PUT,30000,15,,,73.68,70.46,17,8,11,1,,,,,
2026/09/17 20:11,2026-09-17T20:26:21+09:00,2026/09/18,2026/11/12,2026-11,CALL,29000,34995,,,,,,,,,,,,,
2026/09/17 20:11,2026-09-17T20:26:21+09:00,2026/09/18,2026/11/12,2026-11,PUT,29000,8,,,78.9,71.17,22,7,8,5,,,,,
2026/09/17 20:11,2026-09-17T20:26:21+09:00,2026/09/18,2026/11/12,2026-11,CALL,28000,35990,,,,,,,,,,,,,
2026/09/17 20:11,2026-09-17T20:26:21+09:00,2026/09/18,2026/11/12,2026-11,PUT,28000,7,,,78.3,73.21,14,15,7,15,,,,,
2026/09/17 20:11,2026-09-17T20:26:21+09:00,2026/09/18,2026/11/12,2026-11,CALL,27000,36990,,,,,,,,,,,,,
2026/09/17 20:11,2026-09-17T20:26:21+09:00,2026/09/18,2026/11/12,2026-11,PUT,27000,6,,,80.91,75.18,13,15,6,20,,,,,
2026/09/17 20:11,2026-09-17T20:26:21+09:00,2026/09/18,2026/11/12,2026-11,CALL,26000,37990,,,,,,,,,,,,,
2026/09/17 20:11,2026-09-17T20:26:21+09:00,2026/09/18,2026/11/12,2026-11,PUT,26000,8,,,83.56,77.04,12,15,5,17,,,,,
2026/09/17 20:11,2026-09-17T20:26:21+09:00,2026/09/18,2026/11/12,2026-11,CALL,25000,38985,,,,,,,,,,,,,
2026/09/17 20:11,2026-09-17T20:26:21+09:00,2026/09/18,2026/11/12,2026-11,PUT,25000,7,,1,83.67,82.65,8,16,7,1,82.53,-1,-12.5,7,09/17 19:55
2026/09/17 20:11,2026-09-17T20:26:21+09:00,2026/09/18,2026/12/10,2026-12,CALL,73000,530,,1,24.75,22.63,635,6,480,6,23.19,10,2.13,480,09/17 17:51
2026/09/17 20:11,2026-09-17T20:26:21+09:00,2026/09/18,2026/12/10,2026-12,PUT,73000,9305,,,29.73,19.96,9555,12,8810,9,,,,,
2026/09/17 20:11,2026-09-17T20:26:21+09:00,2026/09/18,2026/12/10,2026-12,CALL,72750,575,,,25.12,22.21,700,10,480,2,,,,,
2026/09/17 20:11,2026-09-17T20:26:21+09:00,2026/09/18,2026/12/10,2026-12,PUT,72750,9095,,,29.68,17.18,9345,4,8435,1,,,,,
2026/09/17 20:11,2026-09-17T20:26:21+09:00,2026/09/18,2026/12/10,2026-12,CALL,72500,610,,,24.97,22.4,725,4,525,18,,,,,
2026/09/17 20:11,2026-09-17T20:26:21+09:00,2026/09/18,2026/12/10,2026-12,PUT,72500,8885,,,29.61,19.66,9135,8,8340,6,,,,,
2026/09/17 20:11,2026-09-17T20:26:21+09:00,2026/09/18,2026/12/10,2026-12,CALL,72250,640,,,24.99,22.3,765,10,550,2,,,,,
2026/09/17 20:11,2026-09-17T20:26:21+09:00,2026/09/18,2026/12/10,2026-12,PUT,72250,8660,,,29.38,20.99,8910,4,8205,1,,,,,
2026/09/17 20:11,2026-09-17T20:26:21+09:00,2026/09/18,2026/12/10,2026-12,CALL,72000,675,,,24.75,22.69,785,6,615,6,,,,,
2026/09/17 20:11,2026-09-17T20:26:21+09:00,2026/09/18,2026/12/10,2026-12,PUT,72000,8450,,,29.29,19,8700,12,7850,3,,,,,
2026/09/17 20:11,2026-09-17T20:26:21+09:00,2026/09/18,2026/12/10,2026-12,CALL,71750,720,,,24.96,22.35,845,10,625,2,,,,,
2026/09/17 20:11,2026-09-17T20:26:21+09:00,2026/09/18,2026/12/10,2026-12,PUT,71750,8245,,,29.23,18.58,8495,4,7600,1,,,,,
2026/09/17 20:11,2026-09-17T20:26:21+09:00,2026/09/18,2026/12/10,2026-12,CALL,71500,760,,,24.91,22.5,885,18,675,4,,,,,
2026/09/17 20:11,2026-09-17T20:26:21+09:00,2026/09/18,2026/12/10,2026-12,PUT,71500,8030,,,29.06,21.45,8280,8,7590,2,,,,,
2026/09/17 20:11,2026-09-17T20:26:21+09:00,2026/09/18,2026/12/10,2026-12,CALL,71250,810,,,25.07,22.43,945,1,710,1,,,,,
2026/09/17 20:11,2026-09-17T20:26:21+09:00,2026/09/18,2026/12/10,2026-12,PUT,71250,7835,,,29.08,21.72,8085,4,7400,1,,,,,
2026/09/17 20:11,2026-09-17T20:26:21+09:00,2026/09/18,2026/12/10,2026-12,CALL,71000,840,,,24.29,22.86,920,21,790,3,,,,,
2026/09/17 20:11,2026-09-17T20:26:21+09:00,2026/09/18,2026/12/10,2026-12,PUT,71000,7630,,,28.98,20.02,7880,12,7050,9,,,,,
2026/09/17 20:11,2026-09-17T20:26:21+09:00,2026/09/18,2026/12/10,2026-12,CALL,70750,890,,,25.03,22.47,1040,8,800,1,,,,,
2026/09/17 20:11,2026-09-17T20:26:21+09:00,2026/09/18,2026/12/10,2026-12,PUT,70750,7420,,,28.81,19.86,7670,4,6825,1,,,,,
2026/09/17 20:11,2026-09-17T20:26:21+09:00,2026/09/18,2026/12/10,2026-12,CALL,70500,945,,,24.91,22.62,1080,2,860,2,,,,,
2026/09/17 20:11,2026-09-17T20:26:21+09:00,2026/09/18,2026/12/10,2026-12,PUT,70500,7220,,,28.73,20.73,7470,8,6690,2,,,,,
2026/09/17 20:11,2026-09-17T20:26:21+09:00,2026/09/18,2026/12/10,2026-12,CALL,70250,980,,,24.87,22.52,1130,8,900,1,,,,,
2026/09/17 20:11,2026-09-17T20:26:21+09:00,2026/09/18,2026/12/10,2026-12,PUT,70250,7020,,,28.63,20.46,7270,4,6460,3,,,,,
2026/09/17 20:11,2026-09-17T20:26:21+09:00,2026/09/18,2026/12/10,2026-12,CALL,70000,1050,,,24.71,22.92,1170,3,990,3,,,,,
2026/09/17 20:11,2026-09-17T20:26:21+09:00,2026/09/18,2026/12/10,2026-12,PUT,70000,6830,,,28.61,21.25,7080,12,6330,3,,,,,
2026/09/17 20:11,2026-09-17T20:26:21+09:00,2026/09/18,2026/12/10,2026-12,CALL,69750,1095,,,25.11,22.52,1270,1,1005,1,,,,,
2026/09/17 20:11,2026-09-17T20:26:21+09:00,2026/09/18,2026/12/10,2026-12,PUT,69750,6630,,,28.47,20.46,6880,4,6055,3,,,,,
2026/09/17 20:11,2026-09-17T20:26:21+09:00,2026/09/18,2026/12/10,2026-12,CALL,69500,1150,,,24.96,22.71,1315,2,1080,2,,,,,
2026/09/17 20:11,2026-09-17T20:26:21+09:00,2026/09/18,2026/12/10,2026-12,PUT,69500,6440,,,28.42,22.11,6690,8,6020,2,,,,,
2026/09/17 20:11,2026-09-17T20:26:21+09:00,2026/09/18,2026/12/10,2026-12,CALL,69250,1215,,,25.16,22.57,1400,1,1125,1,,,,,
2026/09/17 20:11,2026-09-17T20:26:21+09:00,2026/09/18,2026/12/10,2026-12,PUT,69250,6250,,,28.34,20.81,6500,4,5695,1,,,,,
2026/09/17 20:11,2026-09-17T20:26:21+09:00,2026/09/18,2026/12/10,2026-12,CALL,69000,1275,,,24.79,22.98,1425,3,1230,3,,,,,
2026/09/17 20:11,2026-09-17T20:26:21+09:00,2026/09/18,2026/12/10,2026-12,PUT,69000,6055,,,28.16,21.66,6300,3,5590,3,,,,,
2026/09/17 20:11,2026-09-17T20:26:21+09:00,2026/09/18,2026/12/10,2026-12,CALL,68750,1350,,,25.17,22.62,1535,1,1255,1,,,,,
2026/09/17 20:11,2026-09-17T20:26:21+09:00,2026/09/18,2026/12/10,2026-12,PUT,68750,5885,,,28.26,22.2,6135,4,5460,1,,,,,
2026/09/17 20:11,2026-09-17T20:26:21+09:00,2026/09/18,2026/12/10,2026-12,CALL,68500,1410,,,25.07,22.83,1595,2,1345,2,,,,,
2026/09/17 20:11,2026-09-17T20:26:21+09:00,2026/09/18,2026/12/10,2026-12,PUT,68500,5700,,,28.05,21.92,5935,2,5245,6,,,,,
2026/09/17 20:11,2026-09-17T20:26:21+09:00,2026/09/18,2026/12/10,2026-12,CALL,68250,1485,,,25.22,22.7,1685,7,1400,1,,,,,
2026/09/17 20:11,2026-09-17T20:26:21+09:00,2026/09/18,2026/12/10,2026-12,PUT,68250,5525,,,28.07,22.56,5765,1,5135,3,,,,,
2026/09/17 20:11,2026-09-17T20:26:21+09:00,2026/09/18,2026/12/10,2026-12,CALL,68125,1530,,,25.24,22.69,1725,1,1435,1,,,,,
2026/09/17 20:11,2026-09-17T20:26:21+09:00,2026/09/18,2026/12/10,2026-12,PUT,68125,5440,,,27.99,22.56,5670,1,5045,3,,,,,
2026/09/17 20:11,2026-09-17T20:26:21+09:00,2026/09/18,2026/12/10,2026-12,CALL,68000,1570,,,24.9,23.07,1725,3,1515,3,,,,,
2026/09/17 20:11,2026-09-17T20:26:21+09:00,2026/09/18,2026/12/10,2026-12,PUT,68000,5355,,,27.69,22.01,5550,3,4895,3,,,,,
2026/09/17 20:11,2026-09-17T20:26:21+09:00,2026/09/18,2026/12/10,2026-12,CALL,67875,1605,,,25.26,22.74,1805,6,1515,1,,,,,
2026/09/17 20:11,2026-09-17T20:26:21+09:00,2026/09/18,2026/12/10,2026-12,PUT,67875,5265,,,27.86,22.04,5485,1,4810,3,,,,,
2026/09/17 20:11,2026-09-17T20:26:21+09:00,2026/09/18,2026/12/10,2026-12,CALL,67750,1645,,,25.26,22.76,1845,7,1555,1,,,,,
2026/09/17 20:11,2026-09-17T20:26:21+09:00,2026/09/18,2026/12/10,2026-12,PUT,67750,5185,,,27.8,22.24,5395,1,4745,3,,,,,
2026/09/17 20:11,2026-09-17T20:26:21+09:00,2026/09/18,2026/12/10,2026-12,CALL,67625,1685,,,25.25,22.77,1885,6,1595,1,,,,,
2026/09/17 20:11,2026-09-17T20:26:21+09:00,2026/09/18,2026/12/10,2026-12,PUT,67625,5100,,,27.79,21.77,5310,1,4605,1,,,,,
2026/09/17 20:11,2026-09-17T20:26:21+09:00,2026/09/18,2026/12/10,2026-12,CALL,67500,1725,,,24.69,23.89,1860,12,1765,12,,,,,
2026/09/17 20:11,2026-09-17T20:26:21+09:00,2026/09/18,2026/12/10,2026-12,PUT,67500,5015,,,27.52,22.82,5195,2,4640,2,,,,,
2026/09/17 20:11,2026-09-17T20:26:21+09:00,2026/09/18,2026/12/10,2026-12,CALL,67375,1755,,,24.77,24.05,1910,5,1825,6,,,,,
2026/09/17 20:11,2026-09-17T20:26:21+09:00,2026/09/18,2026/12/10,2026-12,PUT,67375,4935,,,27.62,21.66,5125,1,4420,1,,,,,
2026/09/17 20:11,2026-09-17T20:26:21+09:00,2026/09/18,2026/12/10,2026-12,CALL,67250,1795,,,24.83,24.07,1960,1,1870,7,,,,,
2026/09/17 20:11,2026-09-17T20:26:21+09:00,2026/09/18,2026/12/10,2026-12,PUT,67250,4850,,,27.54,23.9,5035,1,4600,4,,,,,
2026/09/17 20:11,2026-09-17T20:26:21+09:00,2026/09/18,2026/12/10,2026-12,CALL,67125,1835,,,24.85,24.05,2005,1,1910,6,,,,,
2026/09/17 20:11,2026-09-17T20:26:21+09:00,2026/09/18,2026/12/10,2026-12,PUT,67125,4770,,,27.47,23.92,4945,1,4520,4,,,,,
2026/09/17 20:11,2026-09-17T20:26:21+09:00,2026/09/18,2026/12/10,2026-12,CALL,67000,1880,,,24.82,24.15,2045,12,1965,15,,,,,
2026/09/17 20:11,2026-09-17T20:26:21+09:00,2026/09/18,2026/12/10,2026-12,PUT,67000,4690,,,27.1,23.94,4820,3,4440,12,,,,,
2026/09/17 20:11,2026-09-17T20:26:21+09:00,2026/09/18,2026/12/10,2026-12,CALL,66875,1925,,,24.9,24.11,2100,5,2005,5,,,,,
2026/09/17 20:11,2026-09-17T20:26:21+09:00,2026/09/18,2026/12/10,2026-12,PUT,66875,4615,,,27.42,23.99,4780,1,4365,4,,,,,
2026/09/17 20:11,2026-09-17T20:26:21+09:00,2026/09/18,2026/12/10,2026-12,CALL,66750,1975,,,24.94,24.11,2150,5,2050,6,,,,,
2026/09/17 20:11,2026-09-17T20:26:21+09:00,2026/09/18,2026/12/10,2026-12,PUT,66750,4530,,,27.29,23.95,4685,1,4280,4,,,,,
2026/09/17 20:11,2026-09-17T20:26:21+09:00,2026/09/18,2026/12/10,2026-12,CALL,66625,2025,,,24.89,24.15,2190,5,2100,5,,,,,
2026/09/17 20:11,2026-09-17T20:26:21+09:00,2026/09/18,2026/12/10,2026-12,PUT,66625,4450,,,27.23,23.94,4600,1,4200,4,,,,,
2026/09/17 20:11,2026-09-17T20:26:21+09:00,2026/09/18,2026/12/10,2026-12,CALL,66500,2065,,,24.96,24.18,2245,2,2150,10,,,,,
2026/09/17 20:11,2026-09-17T20:26:21+09:00,2026/09/18,2026/12/10,2026-12,PUT,66500,4385,,,27.01,24.06,4495,2,4135,8,,,,,
2026/09/17 20:11,2026-09-17T20:26:21+09:00,2026/09/18,2026/12/10,2026-12,CALL,66375,2120,,,24.98,24.2,2295,4,2200,5,,,,,
2026/09/17 20:11,2026-09-17T20:26:21+09:00,2026/09/18,2026/12/10,2026-12,PUT,66375,4310,,,27.1,24.12,4430,1,4065,1,,,,,
2026/09/17 20:11,2026-09-17T20:26:21+09:00,2026/09/18,2026/12/10,2026-12,CALL,66250,2170,,,25,24.22,2345,1,2250,6,,,,,
2026/09/17 20:11,2026-09-17T20:26:21+09:00,2026/09/18,2026/12/10,2026-12,PUT,66250,4240,,,27.07,24.18,4350,1,3995,1,,,,,
2026/09/17 20:11,2026-09-17T20:26:21+09:00,2026/09/18,2026/12/10,2026-12,CALL,66125,2220,,,25,24.27,2395,4,2305,5,,,,,
2026/09/17 20:11,2026-09-17T20:26:21+09:00,2026/09/18,2026/12/10,2026-12,PUT,66125,4160,,,27,24.15,4265,1,3915,1,,,,,
2026/09/17 20:11,2026-09-17T20:26:21+09:00,2026/09/18,2026/12/10,2026-12,CALL,66000,2265,,,25.01,24.32,2445,15,2360,15,,,,,
2026/09/17 20:11,2026-09-17T20:26:21+09:00,2026/09/18,2026/12/10,2026-12,PUT,66000,4090,,,25.01,24.15,3945,15,3840,15,,,,,
2026/09/17 20:11,2026-09-17T20:26:21+09:00,2026/09/18,2026/12/10,2026-12,CALL,65875,2325,,,25.08,24.31,2505,4,2410,5,,,,,
2026/09/17 20:11,2026-09-17T20:26:21+09:00,2026/09/18,2026/12/10,2026-12,PUT,65875,4010,,,25.12,24.27,3885,5,3780,4,,,,,
2026/09/17 20:11,2026-09-17T20:26:21+09:00,2026/09/18,2026/12/10,2026-12,CALL,65750,2375,,,25.11,24.34,2560,6,2465,6,,,,,
2026/09/17 20:11,2026-09-17T20:26:21+09:00,2026/09/18,2026/12/10,2026-12,PUT,65750,3945,,,25.19,24.38,3820,6,3720,6,,,,,
2026/09/17 20:11,2026-09-17T20:26:21+09:00,2026/09/18,2026/12/10,2026-12,CALL,65625,2430,,,25.18,24.41,2620,4,2525,5,,,,,
2026/09/17 20:11,2026-09-17T20:26:21+09:00,2026/09/18,2026/12/10,2026-12,PUT,65625,3875,,,25.26,24.37,3755,5,3645,5,,,,,
2026/09/17 20:11,2026-09-17T20:26:21+09:00,2026/09/18,2026/12/10,2026-12,CALL,65500,2485,,,25.15,24.39,2670,8,2575,10,,,,,
2026/09/17 20:11,2026-09-17T20:26:21+09:00,2026/09/18,2026/12/10,2026-12,PUT,65500,3800,,,25.28,24.47,3685,10,3585,8,,,,,
2026/09/17 20:11,2026-09-17T20:26:21+09:00,2026/09/18,2026/12/10,2026-12,CALL,65375,2540,,,25.21,24.48,2730,4,2640,5,,,,,
2026/09/17 20:11,2026-09-17T20:26:21+09:00,2026/09/18,2026/12/10,2026-12,PUT,65375,3735,,,25.29,24.52,3615,5,3520,1,,,,,
2026/09/17 20:11,2026-09-17T20:26:21+09:00,2026/09/18,2026/12/10,2026-12,CALL,65250,2595,,,25.25,24.45,2790,5,2690,6,,,,,
2026/09/17 20:11,2026-09-17T20:26:21+09:00,2026/09/18,2026/12/10,2026-12,PUT,65250,3660,,,25.33,24.57,3550,6,3455,1,,,,,
2026/09/17 20:11,2026-09-17T20:26:21+09:00,2026/09/18,2026/12/10,2026-12,CALL,65125,2655,,,25.37,24.49,2860,5,2750,5,,,,,
2026/09/17 20:11,2026-09-17T20:26:21+09:00,2026/09/18,2026/12/10,2026-12,PUT,65125,3595,,,25.37,24.57,3485,5,3385,4,,,,,
2026/09/17 20:11,2026-09-17T20:26:21+09:00,2026/09/18,2026/12/10,2026-12,CALL,65000,2710,,,25.4,24.52,2920,16,2810,15,,,,,
2026/09/17 20:11,2026-09-17T20:26:21+09:00,2026/09/18,2026/12/10,2026-12,PUT,65000,3535,,1,25.4,24.68,3420,15,3330,15,25.14,,,3440,09/17 18:40
2026/09/17 20:11,2026-09-17T20:26:21+09:00,2026/09/18,2026/12/10,2026-12,CALL,64875,2770,,,25.39,24.54,2975,1,2870,5,,,,,
2026/09/17 20:11,2026-09-17T20:26:21+09:00,2026/09/18,2026/12/10,2026-12,PUT,64875,3465,,,25.43,24.63,3355,5,3255,5,,,,,
2026/09/17 20:11,2026-09-17T20:26:21+09:00,2026/09/18,2026/12/10,2026-12,CALL,64750,2830,,,25.45,24.6,3040,5,2935,6,,,,,
2026/09/17 20:11,2026-09-17T20:26:21+09:00,2026/09/18,2026/12/10,2026-12,PUT,64750,3405,,,25.49,24.77,3295,6,3205,1,,,,,
2026/09/17 20:11,2026-09-17T20:26:21+09:00,2026/09/18,2026/12/10,2026-12,CALL,64625,2895,,,25.51,24.62,3105,1,2995,5,,,,,
2026/09/17 20:11,2026-09-17T20:26:21+09:00,2026/09/18,2026/12/10,2026-12,PUT,64625,3335,,,25.55,24.82,3235,5,3145,1,,,,,
2026/09/17 20:11,2026-09-17T20:26:21+09:00,2026/09/18,2026/12/10,2026-12,CALL,64500,2960,,,25.51,24.3,3165,2,3015,10,,,,,
2026/09/17 20:11,2026-09-17T20:26:21+09:00,2026/09/18,2026/12/10,2026-12,PUT,64500,3275,,,25.55,24.79,3170,10,3075,2,,,,,
2026/09/17 20:11,2026-09-17T20:26:21+09:00,2026/09/18,2026/12/10,2026-12,CALL,64375,3020,,,27.17,22.97,3430,1,2910,1,,,,,
2026/09/17 20:11,2026-09-17T20:26:21+09:00,2026/09/18,2026/12/10,2026-12,PUT,64375,3215,,,25.64,24.79,3115,5,3010,4,,,,,
2026/09/17 20:11,2026-09-17T20:26:21+09:00,2026/09/18,2026/12/10,2026-12,CALL,64250,3100,,,26.04,22.92,3350,6,2965,1,,,,,
2026/09/17 20:11,2026-09-17T20:26:21+09:00,2026/09/18,2026/12/10,2026-12,PUT,64250,3150,,,25.67,24.78,3055,6,2945,6,,,,,
2026/09/17 20:11,2026-09-17T20:26:21+09:00,2026/09/18,2026/12/10,2026-12,CALL,64125,3165,,,26.07,22.86,3415,4,3020,1,,,,,
2026/09/17 20:11,2026-09-17T20:26:21+09:00,2026/09/18,2026/12/10,2026-12,PUT,64125,3090,,,25.66,25.01,2990,5,2910,1,,,,,
2026/09/17 20:11,2026-09-17T20:26:21+09:00,2026/09/18,2026/12/10,2026-12,CALL,64000,3230,,,26.09,23.17,3480,12,3120,3,,,,,
2026/09/17 20:11,2026-09-17T20:26:21+09:00,2026/09/18,2026/12/10,2026-12,PUT,64000,3030,,,25.68,24.91,2930,1,2835,3,,,,,
2026/09/17 20:11,2026-09-17T20:26:21+09:00,2026/09/18,2026/12/10,2026-12,CALL,63875,3295,,,26.11,22.77,3545,4,3135,1,,,,,
2026/09/17 20:11,2026-09-17T20:26:21+09:00,2026/09/18,2026/12/10,2026-12,PUT,63875,2970,,,25.78,25.01,2880,5,2785,1,,,,,
2026/09/17 20:11,2026-09-17T20:26:21+09:00,2026/09/18,2026/12/10,2026-12,CALL,63750,3365,,,26.16,22.73,3615,4,3195,1,,,,,
2026/09/17 20:11,2026-09-17T20:26:21+09:00,2026/09/18,2026/12/10,2026-12,PUT,63750,2915,,,25.79,25.14,2820,6,2740,1,,,,,
2026/09/17 20:11,2026-09-17T20:26:21+09:00,2026/09/18,2026/12/10,2026-12,CALL,63625,3435,,,26.21,22.69,3685,4,3255,1,,,,,
2026/09/17 20:11,2026-09-17T20:26:21+09:00,2026/09/18,2026/12/10,2026-12,PUT,63625,2860,,,25.88,25.18,2770,5,2685,1,,,,,
2026/09/17 20:11,2026-09-17T20:26:21+09:00,2026/09/18,2026/12/10,2026-12,CALL,63500,3500,,,26.16,22.8,3745,2,3335,2,,,,,
2026/09/17 20:11,2026-09-17T20:26:21+09:00,2026/09/18,2026/12/10,2026-12,PUT,63500,2805,,,25.88,25.14,2710,10,2620,8,,,,,
2026/09/17 20:11,2026-09-17T20:26:21+09:00,2026/09/18,2026/12/10,2026-12,CALL,63375,3575,,,26.28,22.62,3825,4,3380,1,,,,,
2026/09/17 20:11,2026-09-17T20:26:21+09:00,2026/09/18,2026/12/10,2026-12,PUT,63375,2755,,,25.95,25.29,2660,6,2580,1,,,,,
2026/09/17 20:11,2026-09-17T20:26:21+09:00,2026/09/18,2026/12/10,2026-12,CALL,63250,3635,,,26.22,22.55,3885,4,3440,1,,,,,
2026/09/17 20:11,2026-09-17T20:26:21+09:00,2026/09/18,2026/12/10,2026-12,PUT,63250,2695,,,25.98,25.32,2605,7,2525,1,,,,,
2026/09/17 20:11,2026-09-17T20:26:21+09:00,2026/09/18,2026/12/10,2026-12,CALL,63125,3705,,,26.25,22.51,3955,4,3505,1,,,,,
2026/09/17 20:11,2026-09-17T20:26:21+09:00,2026/09/18,2026/12/10,2026-12,PUT,63125,2640,,,26.04,25.38,2555,6,2475,1,,,,,
2026/09/17 20:11,2026-09-17T20:26:21+09:00,2026/09/18,2026/12/10,2026-12,CALL,63000,3780,,,26.3,22.8,4030,12,3610,3,,,,,
2026/09/17 20:11,2026-09-17T20:26:21+09:00,2026/09/18,2026/12/10,2026-12,PUT,63000,2595,,,26.09,25.14,2505,18,2390,23,,,,,
2026/09/17 20:11,2026-09-17T20:26:21+09:00,2026/09/18,2026/12/10,2026-12,CALL,62875,3860,,,26.39,22.33,4110,4,3625,1,,,,,
2026/09/17 20:11,2026-09-17T20:26:21+09:00,2026/09/18,2026/12/10,2026-12,PUT,62875,2540,,,26.52,24.77,2500,6,2290,6,,,,,
2026/09/17 20:11,2026-09-17T20:26:21+09:00,2026/09/18,2026/12/10,2026-12,CALL,62750,3925,,,26.35,22.36,4175,4,3700,1,,,,,
2026/09/17 20:11,2026-09-17T20:26:21+09:00,2026/09/18,2026/12/10,2026-12,PUT,62750,2480,,,27.36,24.8,2545,1,2240,1,,,,,
2026/09/17 20:11,2026-09-17T20:26:21+09:00,2026/09/18,2026/12/10,2026-12,CALL,62625,4005,,,26.43,22.34,4255,4,3770,1,,,,,
2026/09/17 20:11,2026-09-17T20:26:21+09:00,2026/09/18,2026/12/10,2026-12,PUT,62625,2435,,,27.44,24.88,2500,1,2195,1,,,,,
2026/09/17 20:11,2026-09-17T20:26:21+09:00,2026/09/18,2026/12/10,2026-12,CALL,62500,4075,,,26.42,22.43,4325,8,3855,2,,,,,
2026/09/17 20:11,2026-09-17T20:26:21+09:00,2026/09/18,2026/12/10,2026-12,PUT,62500,2385,,,27.31,25.03,2430,2,2160,2,,,,,
2026/09/17 20:11,2026-09-17T20:26:21+09:00,2026/09/18,2026/12/10,2026-12,CALL,62375,4150,,,27.98,22.26,4580,1,3910,1,,,,,
2026/09/17 20:11,2026-09-17T20:26:21+09:00,2026/09/18,2026/12/10,2026-12,PUT,62375,2330,,,27.51,24.96,2400,1,2100,1,,,,,
2026/09/17 20:11,2026-09-17T20:26:21+09:00,2026/09/18,2026/12/10,2026-12,CALL,62250,4230,,,28.64,22.21,4730,1,3980,4,,,,,
2026/09/17 20:11,2026-09-17T20:26:21+09:00,2026/09/18,2026/12/10,2026-12,PUT,62250,2285,,,27.62,24.97,2360,1,2050,1,,,,,
2026/09/17 20:11,2026-09-17T20:26:21+09:00,2026/09/18,2026/12/10,2026-12,CALL,62125,4315,,,28.15,22.29,4745,1,4065,4,,,,,
2026/09/17 20:11,2026-09-17T20:26:21+09:00,2026/09/18,2026/12/10,2026-12,PUT,62125,2250,,,27.64,25.06,2310,1,2010,1,,,,,
2026/09/17 20:11,2026-09-17T20:26:21+09:00,2026/09/18,2026/12/10,2026-12,CALL,62000,4380,,,28.3,22.44,4835,9,4160,3,,,,,
2026/09/17 20:11,2026-09-17T20:26:21+09:00,2026/09/18,2026/12/10,2026-12,PUT,62000,2205,,,27.35,25.49,2225,3,2010,3,,,,,
2026/09/17 20:11,2026-09-17T20:26:21+09:00,2026/09/18,2026/12/10,2026-12,CALL,61875,4460,,,28.52,22.19,4935,3,4210,4,,,,,
2026/09/17 20:11,2026-09-17T20:26:21+09:00,2026/09/18,2026/12/10,2026-12,PUT,61875,2155,,,27.75,25.18,2220,1,1925,1,,,,,
2026/09/17 20:11,2026-09-17T20:26:21+09:00,2026/09/18,2026/12/10,2026-12,CALL,61750,4535,,,28.96,22.15,5060,3,4285,4,,,,,
2026/09/17 20:11,2026-09-17T20:26:21+09:00,2026/09/18,2026/12/10,2026-12,PUT,61750,2110,,,27.79,25.26,2175,1,1885,1,,,,,
2026/09/17 20:11,2026-09-17T20:26:21+09:00,2026/09/18,2026/12/10,2026-12,CALL,61625,4615,,,28.53,22.15,5085,3,4365,4,,,,,
2026/09/17 20:11,2026-09-17T20:26:21+09:00,2026/09/18,2026/12/10,2026-12,PUT,61625,2070,,,27.87,25.28,2135,1,1840,1,,,,,
2026/09/17 20:11,2026-09-17T20:26:21+09:00,2026/09/18,2026/12/10,2026-12,CALL,61500,4700,,,29.44,22.18,5265,2,4450,8,,,,,
2026/09/17 20:11,2026-09-17T20:26:21+09:00,2026/09/18,2026/12/10,2026-12,PUT,61500,2020,,,27.77,25.52,2075,2,1820,2,,,,,
2026/09/17 20:11,2026-09-17T20:26:21+09:00,2026/09/18,2026/12/10,2026-12,CALL,61375,4780,,,28.68,22.17,5255,1,4530,4,,,,,
2026/09/17 20:11,2026-09-17T20:26:21+09:00,2026/09/18,2026/12/10,2026-12,PUT,61375,1970,,,27.98,25.48,2050,1,1770,6,,,,,
2026/09/17 20:11,2026-09-17T20:26:21+09:00,2026/09/18,2026/12/10,2026-12,CALL,61250,4865,,,28.27,22.19,5285,1,4615,4,,,,,
2026/09/17 20:11,2026-09-17T20:26:21+09:00,2026/09/18,2026/12/10,2026-12,PUT,61250,1940,,,28.04,25.62,2010,1,1740,8,,,,,
2026/09/17 20:11,2026-09-17T20:26:21+09:00,2026/09/18,2026/12/10,2026-12,CALL,61125,4950,,,28.24,22.2,5360,1,4700,4,,,,,
2026/09/17 20:11,2026-09-17T20:26:21+09:00,2026/09/18,2026/12/10,2026-12,PUT,61125,1885,,,28.1,25.53,1970,1,1685,7,,,,,
2026/09/17 20:11,2026-09-17T20:26:21+09:00,2026/09/18,2026/12/10,2026-12,CALL,61000,5035,,,28.2,22.2,5435,3,4785,12,,,,,
2026/09/17 20:11,2026-09-17T20:26:21+09:00,2026/09/18,2026/12/10,2026-12,PUT,61000,1860,,,27.8,25.98,1890,3,1690,21,,,,,
2026/09/17 20:11,2026-09-17T20:26:21+09:00,2026/09/18,2026/12/10,2026-12,CALL,60875,5120,,,28.34,22.2,5530,3,4870,4,,,,,
2026/09/17 20:11,2026-09-17T20:26:21+09:00,2026/09/18,2026/12/10,2026-12,PUT,60875,1805,,,28.21,25.64,1890,1,1610,1,,,,,
2026/09/17 20:11,2026-09-17T20:26:21+09:00,2026/09/18,2026/12/10,2026-12,CALL,60750,5210,,,28.25,22.23,5600,3,4960,4,,,,,
2026/09/17 20:11,2026-09-17T20:26:21+09:00,2026/09/18,2026/12/10,2026-12,PUT,60750,1775,,,28.3,25.71,1855,1,1575,8,,,,,
2026/09/17 20:11,2026-09-17T20:26:21+09:00,2026/09/18,2026/12/10,2026-12,CALL,60625,5295,,,28.79,22.21,5740,1,5045,4,,,,,
2026/09/17 20:11,2026-09-17T20:26:21+09:00,2026/09/18,2026/12/10,2026-12,PUT,60625,1735,,,28.33,25.77,1815,1,1540,1,,,,,
2026/09/17 20:11,2026-09-17T20:26:21+09:00,2026/09/18,2026/12/10,2026-12,CALL,60500,5380,,,30.12,22.18,5965,2,5130,8,,,,,
2026/09/17 20:11,2026-09-17T20:26:21+09:00,2026/09/18,2026/12/10,2026-12,PUT,60500,1710,,,28.27,25.97,1765,2,1520,2,,,,,
2026/09/17 20:11,2026-09-17T20:26:21+09:00,2026/09/18,2026/12/10,2026-12,CALL,60250,5560,,,29.45,22.2,6055,3,5310,4,,,,,
2026/09/17 20:11,2026-09-17T20:26:21+09:00,2026/09/18,2026/12/10,2026-12,PUT,60250,1625,,,28.55,25.97,1710,1,1440,1,,,,,
2026/09/17 20:11,2026-09-17T20:26:21+09:00,2026/09/18,2026/12/10,2026-12,CALL,60000,5735,,,31.05,22.13,6390,12,5485,12,,,,,
2026/09/17 20:11,2026-09-17T20:26:21+09:00,2026/09/18,2026/12/10,2026-12,PUT,60000,1560,,,28.34,26.83,1605,3,1450,3,,,,,
2026/09/17 20:11,2026-09-17T20:26:21+09:00,2026/09/18,2026/12/10,2026-12,CALL,59750,5930,,,30.27,22.24,6475,3,5680,4,,,,,
2026/09/17 20:11,2026-09-17T20:26:21+09:00,2026/09/18,2026/12/10,2026-12,PUT,59750,1495,,,28.82,26.24,1575,1,1315,1,,,,,
2026/09/17 20:11,2026-09-17T20:26:21+09:00,2026/09/18,2026/12/10,2026-12,CALL,59500,6095,,,31.15,21.98,6735,2,5845,8,,,,,
2026/09/17 20:11,2026-09-17T20:26:21+09:00,2026/09/18,2026/12/10,2026-12,PUT,59500,1430,,,28.79,26.52,1495,2,1270,2,,,,,
2026/09/17 20:11,2026-09-17T20:26:21+09:00,2026/09/18,2026/12/10,2026-12,CALL,59250,6295,,,30.35,22.08,6825,1,6045,4,,,,,
2026/09/17 20:11,2026-09-17T20:26:21+09:00,2026/09/18,2026/12/10,2026-12,PUT,59250,1375,,,29.09,26.47,1450,1,1195,1,,,,,
2026/09/17 20:11,2026-09-17T20:26:21+09:00,2026/09/18,2026/12/10,2026-12,CALL,59000,6480,,,31.76,21.97,7140,3,6230,12,,,,,
2026/09/17 20:11,2026-09-17T20:26:21+09:00,2026/09/18,2026/12/10,2026-12,PUT,59000,1315,,,28.87,27.61,1355,3,1235,3,,,,,
2026/09/17 20:11,2026-09-17T20:26:21+09:00,2026/09/18,2026/12/10,2026-12,CALL,58750,6675,,,29.81,21.94,7125,1,6425,4,,,,,
2026/09/17 20:11,2026-09-17T20:26:21+09:00,2026/09/18,2026/12/10,2026-12,PUT,58750,1245,,,29.5,26.71,1345,2,1085,2,,,,,
2026/09/17 20:11,2026-09-17T20:26:21+09:00,2026/09/18,2026/12/10,2026-12,CALL,58500,6875,,,31.23,21.93,7440,2,6625,8,,,,,
2026/09/17 20:11,2026-09-17T20:26:21+09:00,2026/09/18,2026/12/10,2026-12,PUT,58500,1210,,,29.37,27.01,1265,4,1050,4,,,,,
2026/09/17 20:11,2026-09-17T20:26:21+09:00,2026/09/18,2026/12/10,2026-12,CALL,58250,7070,,,29.98,21.82,7505,1,6820,4,,,,,
2026/09/17 20:11,2026-09-17T20:26:21+09:00,2026/09/18,2026/12/10,2026-12,PUT,58250,1145,,,29.77,27.02,1235,2,990,2,,,,,
2026/09/17 20:11,2026-09-17T20:26:21+09:00,2026/09/18,2026/12/10,2026-12,CALL,58000,7275,,,31.96,21.8,7870,3,7025,12,,,,,
2026/09/17 20:11,2026-09-17T20:26:21+09:00,2026/09/18,2026/12/10,2026-12,PUT,58000,1120,,,29.59,27.52,1155,6,975,6,,,,,
2026/09/17 20:11,2026-09-17T20:26:21+09:00,2026/09/18,2026/12/10,2026-12,CALL,57750,7470,,,32.79,21.59,8130,1,7220,4,,,,,
2026/09/17 20:11,2026-09-17T20:26:21+09:00,2026/09/18,2026/12/10,2026-12,PUT,57750,1045,,,30.12,27.3,1140,2,900,2,,,,,
2026/09/17 20:11,2026-09-17T20:26:21+09:00,2026/09/18,2026/12/10,2026-12,CALL,57500,7680,,,32.02,21.55,8245,2,7430,8,,,,,
2026/09/17 20:11,2026-09-17T20:26:21+09:00,2026/09/18,2026/12/10,2026-12,PUT,57500,1005,,,30.18,27.6,1085,4,870,4,,,,,
2026/09/17 20:11,2026-09-17T20:26:21+09:00,2026/09/18,2026/12/10,2026-12,CALL,57250,7885,,,31.05,21.39,8350,1,7635,4,,,,,
2026/09/17 20:11,2026-09-17T20:26:21+09:00,2026/09/18,2026/12/10,2026-12,PUT,57250,960,,,30.46,27.62,1050,2,820,2,,,,,
2026/09/17 20:11,2026-09-17T20:26:21+09:00,2026/09/18,2026/12/10,2026-12,CALL,57000,8100,,,33.09,21.35,8715,3,7850,12,,,,,
2026/09/17 20:11,2026-09-17T20:26:21+09:00,2026/09/18,2026/12/10,2026-12,PUT,57000,925,,,30.29,28.15,980,6,810,6,,,,,
2026/09/17 20:11,2026-09-17T20:26:21+09:00,2026/09/18,2026/12/10,2026-12,CALL,56750,8305,,,31.52,21.07,8775,3,8055,4,,,,,
2026/09/17 20:11,2026-09-17T20:26:21+09:00,2026/09/18,2026/12/10,2026-12,PUT,56750,900,,,30.84,28,970,2,750,10,,,,,
2026/09/17 20:11,2026-09-17T20:26:21+09:00,2026/09/18,2026/12/10,2026-12,CALL,56500,8525,,,31.95,21.02,9005,2,8275,8,,,,,
2026/09/17 20:11,2026-09-17T20:26:21+09:00,2026/09/18,2026/12/10,2026-12,PUT,56500,855,,,30.88,28.29,920,4,725,4,,,,,
2026/09/17 20:11,2026-09-17T20:26:21+09:00,2026/09/18,2026/12/10,2026-12,CALL,56250,8730,,,34.61,20.59,9415,1,8480,4,,,,,
2026/09/17 20:11,2026-09-17T20:26:21+09:00,2026/09/18,2026/12/10,2026-12,PUT,56250,820,,,31.28,28.29,900,3,680,3,,,,,
2026/09/17 20:11,2026-09-17T20:26:21+09:00,2026/09/18,2026/12/10,2026-12,CALL,56000,8945,,,31.75,20.28,9385,3,8695,12,,,,,
2026/09/17 20:11,2026-09-17T20:26:21+09:00,2026/09/18,2026/12/10,2026-12,PUT,56000,790,,,31.15,29.06,840,9,690,30,,,,,
2026/09/17 20:11,2026-09-17T20:26:21+09:00,2026/09/18,2026/12/10,2026-12,CALL,55750,9170,,,34.24,20.13,9775,1,8920,4,,,,,
2026/09/17 20:11,2026-09-17T20:26:21+09:00,2026/09/18,2026/12/10,2026-12,PUT,55750,750,,,31.66,28.72,830,3,625,11,,,,,
2026/09/17 20:11,2026-09-17T20:26:21+09:00,2026/09/18,2026/12/10,2026-12,CALL,55500,9395,,,33.34,19.91,9905,2,9145,8,,,,,
2026/09/17 20:11,2026-09-17T20:26:21+09:00,2026/09/18,2026/12/10,2026-12,PUT,55500,725,,,31.75,28.95,790,6,600,20,,,,,
2026/09/17 20:11,2026-09-17T20:26:21+09:00,2026/09/18,2026/12/10,2026-12,CALL,55250,9605,,,35.08,19.08,10235,1,9355,4,,,,,
2026/09/17 20:11,2026-09-17T20:26:21+09:00,2026/09/18,2026/12/10,2026-12,PUT,55250,685,,,32.04,29,765,3,565,3,,,,,
2026/09/17 20:11,2026-09-17T20:26:21+09:00,2026/09/18,2026/12/10,2026-12,CALL,55000,9830,,,,,,,,,,,,,
2026/09/17 20:11,2026-09-17T20:26:21+09:00,2026/09/18,2026/12/10,2026-12,PUT,55000,665,,1,31.79,30.25,705,30,605,9,31.15,-15,-2.17,675,09/17 19:49
2026/09/17 20:11,2026-09-17T20:26:21+09:00,2026/09/18,2026/12/10,2026-12,CALL,54750,10045,,,,,,,,,,,,,
2026/09/17 20:11,2026-09-17T20:26:21+09:00,2026/09/18,2026/12/10,2026-12,PUT,54750,630,,,32.5,29.37,710,3,515,3,,,,,
2026/09/17 20:11,2026-09-17T20:26:21+09:00,2026/09/18,2026/12/10,2026-12,CALL,54500,10270,,,,,,,,,,,,,
2026/09/17 20:11,2026-09-17T20:26:21+09:00,2026/09/18,2026/12/10,2026-12,PUT,54500,610,,,32.43,29.7,665,6,500,6,,,,,
2026/09/17 20:11,2026-09-17T20:26:21+09:00,2026/09/18,2026/12/10,2026-12,CALL,54250,10495,,,,,,,,,,,,,
2026/09/17 20:11,2026-09-17T20:26:21+09:00,2026/09/18,2026/12/10,2026-12,PUT,54250,585,,,32.9,29.85,655,3,475,3,,,,,
2026/09/17 20:11,2026-09-17T20:26:21+09:00,2026/09/18,2026/12/10,2026-12,CALL,54000,10730,,,,,,,,,,,,,
2026/09/17 20:11,2026-09-17T20:26:21+09:00,2026/09/18,2026/12/10,2026-12,PUT,54000,570,,,32.78,30.43,610,9,475,9,,,,,
2026/09/17 20:11,2026-09-17T20:26:21+09:00,2026/09/18,2026/12/10,2026-12,CALL,53750,10950,,,,,,,,,,,,,
2026/09/17 20:11,2026-09-17T20:26:21+09:00,2026/09/18,2026/12/10,2026-12,PUT,53750,540,,,33.4,30.26,610,3,435,3,,,,,
2026/09/17 20:11,2026-09-17T20:26:21+09:00,2026/09/18,2026/12/10,2026-12,CALL,53500,11180,,,,,,,,,,,,,
2026/09/17 20:11,2026-09-17T20:26:21+09:00,2026/09/18,2026/12/10,2026-12,PUT,53500,520,,,33.5,30.54,580,6,420,6,,,,,
2026/09/17 20:11,2026-09-17T20:26:21+09:00,2026/09/18,2026/12/10,2026-12,CALL,53250,11410,,,,,,,,,,,,,
2026/09/17 20:11,2026-09-17T20:26:21+09:00,2026/09/18,2026/12/10,2026-12,PUT,53250,500,,,33.85,30.71,565,3,400,3,,,,,
2026/09/17 20:11,2026-09-17T20:26:21+09:00,2026/09/18,2026/12/10,2026-12,CALL,53000,11635,,,,,,,,,,,,,
2026/09/17 20:11,2026-09-17T20:26:21+09:00,2026/09/18,2026/12/10,2026-12,PUT,53000,485,,,33.73,31.29,525,9,400,9,,,,,
2026/09/17 20:11,2026-09-17T20:26:21+09:00,2026/09/18,2026/12/10,2026-12,CALL,52750,11870,,,,,,,,,,,,,
2026/09/17 20:11,2026-09-17T20:26:21+09:00,2026/09/18,2026/12/10,2026-12,PUT,52750,465,,,34.33,31.11,525,3,365,11,,,,,
2026/09/17 20:11,2026-09-17T20:26:21+09:00,2026/09/18,2026/12/10,2026-12,CALL,52500,12105,,,,,,,,,,,,,
2026/09/17 20:11,2026-09-17T20:26:21+09:00,2026/09/18,2026/12/10,2026-12,PUT,52500,450,,,34.45,31.45,500,6,355,6,,,,,
2026/09/17 20:11,2026-09-17T20:26:21+09:00,2026/09/18,2026/12/10,2026-12,CALL,52250,12335,,,,,,,,,,,,,
2026/09/17 20:11,2026-09-17T20:26:21+09:00,2026/09/18,2026/12/10,2026-12,PUT,52250,430,,,34.76,31.55,485,3,335,3,,,,,
2026/09/17 20:11,2026-09-17T20:26:21+09:00,2026/09/18,2026/12/10,2026-12,CALL,52000,12575,,,,,,,,,,,,,
2026/09/17 20:11,2026-09-17T20:26:21+09:00,2026/09/18,2026/12/10,2026-12,PUT,52000,420,,,34.75,33.36,455,9,390,1,,,,,
2026/09/17 20:11,2026-09-17T20:26:21+09:00,2026/09/18,2026/12/10,2026-12,CALL,51750,12800,,,,,,,,,,,,,
2026/09/17 20:11,2026-09-17T20:26:21+09:00,2026/09/18,2026/12/10,2026-12,PUT,51750,400,,,35.34,32.06,455,3,310,3,,,,,
2026/09/17 20:11,2026-09-17T20:26:21+09:00,2026/09/18,2026/12/10,2026-12,CALL,51500,13035,,,,,,,,,,,,,
2026/09/17 20:11,2026-09-17T20:26:21+09:00,2026/09/18,2026/12/10,2026-12,PUT,51500,385,,,35.61,32.33,440,8,299,8,,,,,
2026/09/17 20:11,2026-09-17T20:26:21+09:00,2026/09/18,2026/12/10,2026-12,CALL,51250,13275,,,,,,,,,,,,,
2026/09/17 20:11,2026-09-17T20:26:21+09:00,2026/09/18,2026/12/10,2026-12,PUT,51250,375,,,35.99,32.41,430,5,281,5,,,,,
2026/09/17 20:11,2026-09-17T20:26:21+09:00,2026/09/18,2026/12/10,2026-12,CALL,51000,13510,,,,,,,,,,,,,
2026/09/17 20:11,2026-09-17T20:26:21+09:00,2026/09/18,2026/12/10,2026-12,PUT,51000,360,,,35.9,33.12,400,12,287,12,,,,,
2026/09/17 20:11,2026-09-17T20:26:21+09:00,2026/09/18,2026/12/10,2026-12,CALL,50750,13745,,,,,,,,,,,,,
2026/09/17 20:11,2026-09-17T20:26:21+09:00,2026/09/18,2026/12/10,2026-12,PUT,50750,345,,,36.48,32.9,400,5,259,5,,,,,
2026/09/17 20:11,2026-09-17T20:26:21+09:00,2026/09/18,2026/12/10,2026-12,CALL,50500,13980,,,,,,,,,,,,,
2026/09/17 20:11,2026-09-17T20:26:21+09:00,2026/09/18,2026/12/10,2026-12,PUT,50500,330,,,36.72,33.29,385,8,254,8,,,,,
2026/09/17 20:11,2026-09-17T20:26:21+09:00,2026/09/18,2026/12/10,2026-12,CALL,50250,14210,,,,,,,,,,,,,
2026/09/17 20:11,2026-09-17T20:26:21+09:00,2026/09/18,2026/12/10,2026-12,PUT,50250,315,,,37.06,33.39,375,5,239,5,,,,,
2026/09/17 20:11,2026-09-17T20:26:21+09:00,2026/09/18,2026/12/10,2026-12,CALL,50000,14465,,,,,,,,,,,,,
2026/09/17 20:11,2026-09-17T20:26:21+09:00,2026/09/18,2026/12/10,2026-12,PUT,50000,315,,,37.01,35.17,350,12,281,12,,,,,
2026/09/17 20:11,2026-09-17T20:26:21+09:00,2026/09/18,2026/12/10,2026-12,CALL,49750,14685,,,,,,,,,,,,,
2026/09/17 20:11,2026-09-17T20:26:21+09:00,2026/09/18,2026/12/10,2026-12,PUT,49750,290,,,37.72,33.9,355,5,221,5,,,,,
2026/09/17 20:11,2026-09-17T20:26:21+09:00,2026/09/18,2026/12/10,2026-12,CALL,49500,14940,,,,,,,,,,,,,
2026/09/17 20:11,2026-09-17T20:26:21+09:00,2026/09/18,2026/12/10,2026-12,PUT,49500,293,,,37.78,34.3,335,8,217,8,,,,,
2026/09/17 20:11,2026-09-17T20:26:21+09:00,2026/09/18,2026/12/10,2026-12,CALL,49250,15180,,,,,,,,,,,,,
2026/09/17 20:11,2026-09-17T20:26:21+09:00,2026/09/18,2026/12/10,2026-12,PUT,49250,285,,,38.22,34.4,330,5,204,5,,,,,
2026/09/17 20:11,2026-09-17T20:26:21+09:00,2026/09/18,2026/12/10,2026-12,CALL,49000,15420,,,,,,,,,,,,,
2026/09/17 20:11,2026-09-17T20:26:21+09:00,2026/09/18,2026/12/10,2026-12,PUT,49000,276,,,38.1,35.14,305,12,210,12,,,,,
2026/09/17 20:11,2026-09-17T20:26:21+09:00,2026/09/18,2026/12/10,2026-12,CALL,48750,15660,,,,,,,,,,,,,
2026/09/17 20:11,2026-09-17T20:26:21+09:00,2026/09/18,2026/12/10,2026-12,PUT,48750,265,,,38.81,34.92,310,5,189,5,,,,,
2026/09/17 20:11,2026-09-17T20:26:21+09:00,2026/09/18,2026/12/10,2026-12,CALL,48500,15900,,,,,,,,,,,,,
2026/09/17 20:11,2026-09-17T20:26:21+09:00,2026/09/18,2026/12/10,2026-12,PUT,48500,257,,,38.95,35.34,295,8,186,8,,,,,
2026/09/17 20:11,2026-09-17T20:26:21+09:00,2026/09/18,2026/12/10,2026-12,CALL,48250,16140,,,,,,,,,,,,,
2026/09/17 20:11,2026-09-17T20:26:21+09:00,2026/09/18,2026/12/10,2026-12,PUT,48250,249,,,39.4,35.45,291,5,175,5,,,,,
2026/09/17 20:11,2026-09-17T20:26:21+09:00,2026/09/18,2026/12/10,2026-12,CALL,48000,16365,,,,,,,,,,,,,
2026/09/17 20:11,2026-09-17T20:26:21+09:00,2026/09/18,2026/12/10,2026-12,PUT,48000,228,,,39.26,36.21,268,12,181,12,,,,,
2026/09/17 20:11,2026-09-17T20:26:21+09:00,2026/09/18,2026/12/10,2026-12,CALL,47750,16615,,,,,,,,,,,,,
2026/09/17 20:11,2026-09-17T20:26:21+09:00,2026/09/18,2026/12/10,2026-12,PUT,47750,225,,,40.02,35.97,274,5,162,5,,,,,
2026/09/17 20:11,2026-09-17T20:26:21+09:00,2026/09/18,2026/12/10,2026-12,CALL,47500,16865,,,,,,,,,,,,,
2026/09/17 20:11,2026-09-17T20:26:21+09:00,2026/09/18,2026/12/10,2026-12,PUT,47500,225,,,40.16,36.41,261,8,160,8,,,,,
2026/09/17 20:11,2026-09-17T20:26:21+09:00,2026/09/18,2026/12/10,2026-12,CALL,47250,17110,,,,,,,,,,,,,
2026/09/17 20:11,2026-09-17T20:26:21+09:00,2026/09/18,2026/12/10,2026-12,PUT,47250,222,,,40.63,36.5,258,5,150,5,,,,,
2026/09/17 20:11,2026-09-17T20:26:21+09:00,2026/09/18,2026/12/10,2026-12,CALL,47000,17345,,,,,,,,,,,,,
2026/09/17 20:11,2026-09-17T20:26:21+09:00,2026/09/18,2026/12/10,2026-12,PUT,47000,207,,,40.51,37.34,238,12,157,12,,,,,
2026/09/17 20:11,2026-09-17T20:26:21+09:00,2026/09/18,2026/12/10,2026-12,CALL,46750,17590,,,,,,,,,,,,,
2026/09/17 20:11,2026-09-17T20:26:21+09:00,2026/09/18,2026/12/10,2026-12,PUT,46750,202,,,41.26,37.03,243,5,139,5,,,,,
2026/09/17 20:11,2026-09-17T20:26:21+09:00,2026/09/18,2026/12/10,2026-12,CALL,46500,17825,,,,,,,,,,,,,
2026/09/17 20:11,2026-09-17T20:26:21+09:00,2026/09/18,2026/12/10,2026-12,PUT,46500,192,,,41.43,37.7,232,8,142,26,,,,,
2026/09/17 20:11,2026-09-17T20:26:21+09:00,2026/09/18,2026/12/10,2026-12,CALL,46250,18070,,,,,,,,,,,,,
2026/09/17 20:11,2026-09-17T20:26:21+09:00,2026/09/18,2026/12/10,2026-12,PUT,46250,186,,,41.92,37.93,230,5,136,16,,,,,
2026/09/17 20:11,2026-09-17T20:26:21+09:00,2026/09/18,2026/12/10,2026-12,CALL,46000,18315,,,,,,,,,,,,,
2026/09/17 20:11,2026-09-17T20:26:21+09:00,2026/09/18,2026/12/10,2026-12,PUT,46000,184,,,41.76,38.46,211,12,136,12,,,,,
2026/09/17 20:11,2026-09-17T20:26:21+09:00,2026/09/18,2026/12/10,2026-12,CALL,45750,18565,,,,,,,,,,,,,
2026/09/17 20:11,2026-09-17T20:26:21+09:00,2026/09/18,2026/12/10,2026-12,PUT,45750,182,,,42.56,38.78,217,5,132,16,,,,,
2026/09/17 20:11,2026-09-17T20:26:21+09:00,2026/09/18,2026/12/10,2026-12,CALL,45500,18810,,,,,,,,,,,,,
2026/09/17 20:11,2026-09-17T20:26:21+09:00,2026/09/18,2026/12/10,2026-12,PUT,45500,177,,,42.77,39.04,208,8,127,26,,,,,
2026/09/17 20:11,2026-09-17T20:26:21+09:00,2026/09/18,2026/12/10,2026-12,CALL,45250,19050,,,,,,,,,,,,,
2026/09/17 20:11,2026-09-17T20:26:21+09:00,2026/09/18,2026/12/10,2026-12,PUT,45250,171,,,43.26,39.24,206,5,121,16,,,,,
2026/09/17 20:11,2026-09-17T20:26:21+09:00,2026/09/18,2026/12/10,2026-12,CALL,45000,19295,,,,,,,,,,,,,
2026/09/17 20:11,2026-09-17T20:26:21+09:00,2026/09/18,2026/12/10,2026-12,PUT,45000,164,,,43.11,39.77,189,12,121,12,,,,,
2026/09/17 20:11,2026-09-17T20:26:21+09:00,2026/09/18,2026/12/10,2026-12,CALL,44750,19540,,,,,,,,,,,,,
2026/09/17 20:11,2026-09-17T20:26:21+09:00,2026/09/18,2026/12/10,2026-12,PUT,44750,161,,,43.93,39.71,195,5,111,16,,,,,
2026/09/17 20:11,2026-09-17T20:26:21+09:00,2026/09/18,2026/12/10,2026-12,CALL,44500,19785,,,,,,,,,,,,,
2026/09/17 20:11,2026-09-17T20:26:21+09:00,2026/09/18,2026/12/10,2026-12,PUT,44500,157,,,44.1,39.99,186,8,107,26,,,,,
2026/09/17 20:11,2026-09-17T20:26:21+09:00,2026/09/18,2026/12/10,2026-12,CALL,44250,20030,,,,,,,,,,,,,
2026/09/17 20:11,2026-09-17T20:26:21+09:00,2026/09/18,2026/12/10,2026-12,PUT,44250,152,,,44.62,40.2,185,5,102,16,,,,,
2026/09/17 20:11,2026-09-17T20:26:21+09:00,2026/09/18,2026/12/10,2026-12,CALL,44000,20265,,,,,,,,,,,,,
2026/09/17 20:11,2026-09-17T20:26:21+09:00,2026/09/18,2026/12/10,2026-12,PUT,44000,148,,,44.49,40.73,170,12,102,12,,,,,
2026/09/17 20:11,2026-09-17T20:26:21+09:00,2026/09/18,2026/12/10,2026-12,CALL,43750,20515,,,,,,,,,,,,,
2026/09/17 20:11,2026-09-17T20:26:21+09:00,2026/09/18,2026/12/10,2026-12,PUT,43750,140,,,45.34,40.43,176,5,90,16,,,,,
2026/09/17 20:11,2026-09-17T20:26:21+09:00,2026/09/18,2026/12/10,2026-12,CALL,43500,20765,,,,,,,,,,,,,
2026/09/17 20:11,2026-09-17T20:26:21+09:00,2026/09/18,2026/12/10,2026-12,PUT,43500,139,,,45.53,40.88,168,8,89,26,,,,,
2026/09/17 20:11,2026-09-17T20:26:21+09:00,2026/09/18,2026/12/10,2026-12,CALL,43250,21005,,,,,,,,,,,,,
2026/09/17 20:11,2026-09-17T20:26:21+09:00,2026/09/18,2026/12/10,2026-12,PUT,43250,134,,,46.05,41.03,167,5,84,16,,,,,
2026/09/17 20:11,2026-09-17T20:26:21+09:00,2026/09/18,2026/12/10,2026-12,CALL,43000,21240,,,,,,,,,,,,,
2026/09/17 20:11,2026-09-17T20:26:21+09:00,2026/09/18,2026/12/10,2026-12,PUT,43000,118,,,45.95,41.93,154,12,89,12,,,,,
2026/09/17 20:11,2026-09-17T20:26:21+09:00,2026/09/18,2026/12/10,2026-12,CALL,42750,21490,,,,,,,,,,,,,
2026/09/17 20:11,2026-09-17T20:26:21+09:00,2026/09/18,2026/12/10,2026-12,PUT,42750,118,,,46.83,41.44,160,5,76,5,,,,,
2026/09/17 20:11,2026-09-17T20:26:21+09:00,2026/09/18,2026/12/10,2026-12,CALL,42500,21735,,,,,,,,,,,,,
2026/09/17 20:11,2026-09-17T20:26:21+09:00,2026/09/18,2026/12/10,2026-12,PUT,42500,117,,,47.03,41.96,153,8,76,8,,,,,
2026/09/17 20:11,2026-09-17T20:26:21+09:00,2026/09/18,2026/12/10,2026-12,CALL,42250,21985,,,,,,,,,,,,,
2026/09/17 20:11,2026-09-17T20:26:21+09:00,2026/09/18,2026/12/10,2026-12,PUT,42250,114,,,47.55,41.96,152,5,70,5,,,,,
2026/09/17 20:11,2026-09-17T20:26:21+09:00,2026/09/18,2026/12/10,2026-12,CALL,42000,22230,,,,,,,,,,,,,
2026/09/17 20:11,2026-09-17T20:26:21+09:00,2026/09/18,2026/12/10,2026-12,PUT,42000,112,,,47.39,43.01,139,12,76,12,,,,,
2026/09/17 20:11,2026-09-17T20:26:21+09:00,2026/09/18,2026/12/10,2026-12,CALL,41750,22475,,,,,,,,,,,,,
2026/09/17 20:11,2026-09-17T20:26:21+09:00,2026/09/18,2026/12/10,2026-12,PUT,41750,107,,,48.36,42.45,146,5,64,5,,,,,
2026/09/17 20:11,2026-09-17T20:26:21+09:00,2026/09/18,2026/12/10,2026-12,CALL,41500,22720,,,,,,,,,,,,,
2026/09/17 20:11,2026-09-17T20:26:21+09:00,2026/09/18,2026/12/10,2026-12,PUT,41500,104,,,,,,,,,,,,,
2026/09/17 20:11,2026-09-17T20:26:21+09:00,2026/09/18,2026/12/10,2026-12,CALL,41250,22965,,,,,,,,,,,,,
2026/09/17 20:11,2026-09-17T20:26:21+09:00,2026/09/18,2026/12/10,2026-12,PUT,41250,100,,,,,,,,,,,,,
2026/09/17 20:11,2026-09-17T20:26:21+09:00,2026/09/18,2026/12/10,2026-12,CALL,41000,23215,,,,,,,,,,,,,
2026/09/17 20:11,2026-09-17T20:26:21+09:00,2026/09/18,2026/12/10,2026-12,PUT,41000,100,,,,28.69,,,1,10,,,,,
2026/09/17 20:11,2026-09-17T20:26:21+09:00,2026/09/18,2026/12/10,2026-12,CALL,40750,23460,,,,,,,,,,,,,
2026/09/17 20:11,2026-09-17T20:26:21+09:00,2026/09/18,2026/12/10,2026-12,PUT,40750,95,,,,,,,,,,,,,
2026/09/17 20:11,2026-09-17T20:26:21+09:00,2026/09/18,2026/12/10,2026-12,CALL,40500,23705,,,,,,,,,,,,,
2026/09/17 20:11,2026-09-17T20:26:21+09:00,2026/09/18,2026/12/10,2026-12,PUT,40500,94,,,,,,,,,,,,,
2026/09/17 20:11,2026-09-17T20:26:21+09:00,2026/09/18,2026/12/10,2026-12,CALL,40250,23950,,,,,,,,,,,,,
2026/09/17 20:11,2026-09-17T20:26:21+09:00,2026/09/18,2026/12/10,2026-12,PUT,40250,90,,,,,,,,,,,,,
2026/09/17 20:11,2026-09-17T20:26:21+09:00,2026/09/18,2026/12/10,2026-12,CALL,40000,24195,,,,,,,,,,,,,
2026/09/17 20:11,2026-09-17T20:26:21+09:00,2026/09/18,2026/12/10,2026-12,PUT,40000,86,,,86.08,44.59,1290,3,50,1,,,,,
2026/09/17 20:11,2026-09-17T20:26:21+09:00,2026/09/18,2026/12/10,2026-12,CALL,39750,24445,,,,,,,,,,,,,
2026/09/17 20:11,2026-09-17T20:26:21+09:00,2026/09/18,2026/12/10,2026-12,PUT,39750,85,,,,,,,,,,,,,
2026/09/17 20:11,2026-09-17T20:26:21+09:00,2026/09/18,2026/12/10,2026-12,CALL,39500,24695,,,,,,,,,,,,,
2026/09/17 20:11,2026-09-17T20:26:21+09:00,2026/09/18,2026/12/10,2026-12,PUT,39500,85,,,,30.91,,,1,10,,,,,
2026/09/17 20:11,2026-09-17T20:26:21+09:00,2026/09/18,2026/12/10,2026-12,CALL,39250,24940,,,,,,,,,,,,,
2026/09/17 20:11,2026-09-17T20:26:21+09:00,2026/09/18,2026/12/10,2026-12,PUT,39250,82,,,,,,,,,,,,,
2026/09/17 20:11,2026-09-17T20:26:21+09:00,2026/09/18,2026/12/10,2026-12,CALL,39000,25185,,,,,,,,,,,,,
2026/09/17 20:11,2026-09-17T20:26:21+09:00,2026/09/18,2026/12/10,2026-12,PUT,39000,80,,,,31.67,,,1,10,,,,,
2026/09/17 20:11,2026-09-17T20:26:21+09:00,2026/09/18,2026/12/10,2026-12,CALL,38750,25435,,,,,,,,,,,,,
2026/09/17 20:11,2026-09-17T20:26:21+09:00,2026/09/18,2026/12/10,2026-12,PUT,38750,78,,,,,,,,,,,,,
2026/09/17 20:11,2026-09-17T20:26:21+09:00,2026/09/18,2026/12/10,2026-12,CALL,38500,25680,,,,,,,,,,,,,
2026/09/17 20:11,2026-09-17T20:26:21+09:00,2026/09/18,2026/12/10,2026-12,PUT,38500,75,,,,,,,,,,,,,
2026/09/17 20:11,2026-09-17T20:26:21+09:00,2026/09/18,2026/12/10,2026-12,CALL,38250,25925,,,,,,,,,,,,,
2026/09/17 20:11,2026-09-17T20:26:21+09:00,2026/09/18,2026/12/10,2026-12,PUT,38250,73,,,,,,,,,,,,,
2026/09/17 20:11,2026-09-17T20:26:21+09:00,2026/09/18,2026/12/10,2026-12,CALL,38000,26165,,,,,,,,,,,,,
2026/09/17 20:11,2026-09-17T20:26:21+09:00,2026/09/18,2026/12/10,2026-12,PUT,38000,62,,,,36.24,,,3,1,,,,,
2026/09/17 20:11,2026-09-17T20:26:21+09:00,2026/09/18,2026/12/10,2026-12,CALL,37750,26410,,,,,,,,,,,,,
2026/09/17 20:11,2026-09-17T20:26:21+09:00,2026/09/18,2026/12/10,2026-12,PUT,37750,60,,,,,,,,,,,,,
2026/09/17 20:11,2026-09-17T20:26:21+09:00,2026/09/18,2026/12/10,2026-12,CALL,37500,26660,,,,,,,,,,,,,
2026/09/17 20:11,2026-09-17T20:26:21+09:00,2026/09/18,2026/12/10,2026-12,PUT,37500,58,,,,,,,,,,,,,
2026/09/17 20:11,2026-09-17T20:26:21+09:00,2026/09/18,2026/12/10,2026-12,CALL,37250,26905,,,,,,,,,,,,,
2026/09/17 20:11,2026-09-17T20:26:21+09:00,2026/09/18,2026/12/10,2026-12,PUT,37250,56,,,,,,,,,,,,,
2026/09/17 20:11,2026-09-17T20:26:21+09:00,2026/09/18,2026/12/10,2026-12,CALL,37000,27155,,,,,,,,,,,,,
2026/09/17 20:11,2026-09-17T20:26:21+09:00,2026/09/18,2026/12/10,2026-12,PUT,37000,54,,,,39.69,,,5,1,,,,,
2026/09/17 20:11,2026-09-17T20:26:21+09:00,2026/09/18,2026/12/10,2026-12,CALL,36750,27400,,,,,,,,,,,,,
2026/09/17 20:11,2026-09-17T20:26:21+09:00,2026/09/18,2026/12/10,2026-12,PUT,36750,52,,,,,,,,,,,,,
2026/09/17 20:11,2026-09-17T20:26:21+09:00,2026/09/18,2026/12/10,2026-12,CALL,36500,27650,,,,,,,,,,,,,
2026/09/17 20:11,2026-09-17T20:26:21+09:00,2026/09/18,2026/12/10,2026-12,PUT,36500,51,,,,,,,,,,,,,
2026/09/17 20:11,2026-09-17T20:26:21+09:00,2026/09/18,2026/12/10,2026-12,CALL,36250,27895,,,,,,,,,,,,,
2026/09/17 20:11,2026-09-17T20:26:21+09:00,2026/09/18,2026/12/10,2026-12,PUT,36250,49,,,,,,,,,,,,,
2026/09/17 20:11,2026-09-17T20:26:21+09:00,2026/09/18,2026/12/10,2026-12,CALL,36000,28145,,,,,,,,,,,,,
2026/09/17 20:11,2026-09-17T20:26:21+09:00,2026/09/18,2026/12/10,2026-12,PUT,36000,47,,,,36.42,,,1,10,,,,,
2026/09/17 20:11,2026-09-17T20:26:21+09:00,2026/09/18,2026/12/10,2026-12,CALL,35750,28390,,,,,,,,,,,,,
2026/09/17 20:11,2026-09-17T20:26:21+09:00,2026/09/18,2026/12/10,2026-12,PUT,35750,46,,,,,,,,,,,,,
2026/09/17 20:11,2026-09-17T20:26:21+09:00,2026/09/18,2026/12/10,2026-12,CALL,35500,28640,,,,,,,,,,,,,
2026/09/17 20:11,2026-09-17T20:26:21+09:00,2026/09/18,2026/12/10,2026-12,PUT,35500,44,,,,,,,,,,,,,
2026/09/17 20:11,2026-09-17T20:26:21+09:00,2026/09/18,2026/12/10,2026-12,CALL,35250,28885,,,,,,,,,,,,,
2026/09/17 20:11,2026-09-17T20:26:21+09:00,2026/09/18,2026/12/10,2026-12,PUT,35250,43,,,,,,,,,,,,,
2026/09/17 20:11,2026-09-17T20:26:21+09:00,2026/09/18,2026/12/10,2026-12,CALL,35000,29135,,,,,,,,,,,,,
2026/09/17 20:11,2026-09-17T20:26:21+09:00,2026/09/18,2026/12/10,2026-12,PUT,35000,45,,,68.78,54.13,200,2,40,1,,,,,
2026/09/17 20:11,2026-09-17T20:26:21+09:00,2026/09/18,2026/12/10,2026-12,CALL,34750,29380,,,,,,,,,,,,,
2026/09/17 20:11,2026-09-17T20:26:21+09:00,2026/09/18,2026/12/10,2026-12,PUT,34750,40,,,,,,,,,,,,,
2026/09/17 20:11,2026-09-17T20:26:21+09:00,2026/09/18,2026/12/10,2026-12,CALL,34500,29630,,,,,,,,,,,,,
2026/09/17 20:11,2026-09-17T20:26:21+09:00,2026/09/18,2026/12/10,2026-12,PUT,34500,39,,,,,,,,,,,,,
2026/09/17 20:11,2026-09-17T20:26:21+09:00,2026/09/18,2026/12/10,2026-12,CALL,34250,29875,,,,,,,,,,,,,
2026/09/17 20:11,2026-09-17T20:26:21+09:00,2026/09/18,2026/12/10,2026-12,PUT,34250,37,,,,,,,,,,,,,
2026/09/17 20:11,2026-09-17T20:26:21+09:00,2026/09/18,2026/12/10,2026-12,CALL,34000,30125,,,,,,,,,,,,,
2026/09/17 20:11,2026-09-17T20:26:21+09:00,2026/09/18,2026/12/10,2026-12,PUT,34000,36,,,,39.81,,,1,20,,,,,
2026/09/17 20:11,2026-09-17T20:26:21+09:00,2026/09/18,2026/12/10,2026-12,CALL,33750,30370,,,,,,,,,,,,,
2026/09/17 20:11,2026-09-17T20:26:21+09:00,2026/09/18,2026/12/10,2026-12,PUT,33750,35,,,,,,,,,,,,,
2026/09/17 20:11,2026-09-17T20:26:21+09:00,2026/09/18,2026/12/10,2026-12,CALL,33500,30620,,,,,,,,,,,,,
2026/09/17 20:11,2026-09-17T20:26:21+09:00,2026/09/18,2026/12/10,2026-12,PUT,33500,34,,,,,,,,,,,,,
2026/09/17 20:11,2026-09-17T20:26:21+09:00,2026/09/18,2026/12/10,2026-12,CALL,33250,30865,,,,,,,,,,,,,
2026/09/17 20:11,2026-09-17T20:26:21+09:00,2026/09/18,2026/12/10,2026-12,PUT,33250,32,,,,,,,,,,,,,
2026/09/17 20:11,2026-09-17T20:26:21+09:00,2026/09/18,2026/12/10,2026-12,CALL,33000,31115,,,,,,,,,,,,,
2026/09/17 20:11,2026-09-17T20:26:21+09:00,2026/09/18,2026/12/10,2026-12,PUT,33000,31,,,,52.63,,,15,1,,,,,
2026/09/17 20:11,2026-09-17T20:26:21+09:00,2026/09/18,2026/12/10,2026-12,CALL,32750,31365,,,,,,,,,,,,,
2026/09/17 20:11,2026-09-17T20:26:21+09:00,2026/09/18,2026/12/10,2026-12,PUT,32750,30,,,,,,,,,,,,,
2026/09/17 20:11,2026-09-17T20:26:21+09:00,2026/09/18,2026/12/10,2026-12,CALL,32500,31610,,,,,,,,,,,,,
2026/09/17 20:11,2026-09-17T20:26:21+09:00,2026/09/18,2026/12/10,2026-12,PUT,32500,29,,,,,,,,,,,,,
2026/09/17 20:11,2026-09-17T20:26:21+09:00,2026/09/18,2026/12/10,2026-12,CALL,32250,31860,,,,,,,,,,,,,
2026/09/17 20:11,2026-09-17T20:26:21+09:00,2026/09/18,2026/12/10,2026-12,PUT,32250,28,,,,,,,,,,,,,
2026/09/17 20:11,2026-09-17T20:26:21+09:00,2026/09/18,2026/12/10,2026-12,CALL,32000,32105,,,,,,,,,,,,,
2026/09/17 20:11,2026-09-17T20:26:21+09:00,2026/09/18,2026/12/10,2026-12,PUT,32000,27,,,,43.39,,,1,20,,,,,
2026/09/17 20:11,2026-09-17T20:26:21+09:00,2026/09/18,2026/12/10,2026-12,CALL,31750,32355,,,,,,,,,,,,,
2026/09/17 20:11,2026-09-17T20:26:21+09:00,2026/09/18,2026/12/10,2026-12,PUT,31750,26,,,,,,,,,,,,,
2026/09/17 20:11,2026-09-17T20:26:21+09:00,2026/09/18,2026/12/10,2026-12,CALL,31500,32605,,,,,,,,,,,,,
2026/09/17 20:11,2026-09-17T20:26:21+09:00,2026/09/18,2026/12/10,2026-12,PUT,31500,25,,,,,,,,,,,,,
2026/09/17 20:11,2026-09-17T20:26:21+09:00,2026/09/18,2026/12/10,2026-12,CALL,31250,32850,,,,,,,,,,,,,
2026/09/17 20:11,2026-09-17T20:26:21+09:00,2026/09/18,2026/12/10,2026-12,PUT,31250,24,,,,,,,,,,,,,
2026/09/17 20:11,2026-09-17T20:26:21+09:00,2026/09/18,2026/12/10,2026-12,CALL,31000,33100,,,,,,,,,,,,,
2026/09/17 20:11,2026-09-17T20:26:21+09:00,2026/09/18,2026/12/10,2026-12,PUT,31000,25,,,,60.47,,,25,1,,,,,
2026/09/17 20:11,2026-09-17T20:26:21+09:00,2026/09/18,2026/12/10,2026-12,CALL,30750,33345,,,,,,,,,,,,,
2026/09/17 20:11,2026-09-17T20:26:21+09:00,2026/09/18,2026/12/10,2026-12,PUT,30750,22,,,,,,,,,,,,,
2026/09/17 20:11,2026-09-17T20:26:21+09:00,2026/09/18,2026/12/10,2026-12,CALL,30500,33595,,,,,,,,,,,,,
2026/09/17 20:11,2026-09-17T20:26:21+09:00,2026/09/18,2026/12/10,2026-12,PUT,30500,21,,,83.77,61.14,220,1,23,1,,,,,
2026/09/17 20:11,2026-09-17T20:26:21+09:00,2026/09/18,2026/12/10,2026-12,CALL,30250,33845,,,,,,,,,,,,,
2026/09/17 20:11,2026-09-17T20:26:21+09:00,2026/09/18,2026/12/10,2026-12,PUT,30250,20,,,,,,,,,,,,,
2026/09/17 20:11,2026-09-17T20:26:21+09:00,2026/09/18,2026/12/10,2026-12,CALL,30000,34090,,,,,,,,,,,,,
2026/09/17 20:11,2026-09-17T20:26:21+09:00,2026/09/18,2026/12/10,2026-12,PUT,30000,31,,1,64.32,62.99,30,1,25,5,63.74,-2,-6.45,29,09/17 17:03
2026/09/17 20:11,2026-09-17T20:26:21+09:00,2026/09/18,2026/12/10,2026-12,CALL,29750,34340,,,,,,,,,,,,,
2026/09/17 20:11,2026-09-17T20:26:21+09:00,2026/09/18,2026/12/10,2026-12,PUT,29750,19,,,,,,,,,,,,,
2026/09/17 20:11,2026-09-17T20:26:21+09:00,2026/09/18,2026/12/10,2026-12,CALL,29500,34590,,,,,,,,,,,,,
2026/09/17 20:11,2026-09-17T20:26:21+09:00,2026/09/18,2026/12/10,2026-12,PUT,29500,18,,,,,,,,,,,,,
2026/09/17 20:11,2026-09-17T20:26:21+09:00,2026/09/18,2026/12/10,2026-12,CALL,29250,34835,,,,,,,,,,,,,
2026/09/17 20:11,2026-09-17T20:26:21+09:00,2026/09/18,2026/12/10,2026-12,PUT,29250,17,,,,,,,,,,,,,
2026/09/17 20:11,2026-09-17T20:26:21+09:00,2026/09/18,2026/12/10,2026-12,CALL,29000,35085,,,,,,,,,,,,,
2026/09/17 20:11,2026-09-17T20:26:21+09:00,2026/09/18,2026/12/10,2026-12,PUT,29000,16,,,,55.89,,,5,1,,,,,
2026/09/17 20:11,2026-09-17T20:26:21+09:00,2026/09/18,2026/12/10,2026-12,CALL,28750,35335,,,,,,,,,,,,,
2026/09/17 20:11,2026-09-17T20:26:21+09:00,2026/09/18,2026/12/10,2026-12,PUT,28750,15,,,,,,,,,,,,,
2026/09/17 20:11,2026-09-17T20:26:21+09:00,2026/09/18,2026/12/10,2026-12,CALL,28500,35580,,,,,,,,,,,,,
2026/09/17 20:11,2026-09-17T20:26:21+09:00,2026/09/18,2026/12/10,2026-12,PUT,28500,15,,,,,,,,,,,,,
2026/09/17 20:11,2026-09-17T20:26:21+09:00,2026/09/18,2026/12/10,2026-12,CALL,28250,35830,,,,,,,,,,,,,
2026/09/17 20:11,2026-09-17T20:26:21+09:00,2026/09/18,2026/12/10,2026-12,PUT,28250,14,,,,,,,,,,,,,
2026/09/17 20:11,2026-09-17T20:26:21+09:00,2026/09/18,2026/12/10,2026-12,CALL,28000,36080,,,,,,,,,,,,,
2026/09/17 20:11,2026-09-17T20:26:21+09:00,2026/09/18,2026/12/10,2026-12,PUT,28000,13,,,,58.21,,,5,4,,,,,
2026/09/17 20:11,2026-09-17T20:26:21+09:00,2026/09/18,2026/12/10,2026-12,CALL,27750,36325,,,,,,,,,,,,,
2026/09/17 20:11,2026-09-17T20:26:21+09:00,2026/09/18,2026/12/10,2026-12,PUT,27750,13,,,,,,,,,,,,,
2026/09/17 20:11,2026-09-17T20:26:21+09:00,2026/09/18,2026/12/10,2026-12,CALL,27500,36575,,,,,,,,,,,,,
2026/09/17 20:11,2026-09-17T20:26:21+09:00,2026/09/18,2026/12/10,2026-12,PUT,27500,12,,,,,,,,,,,,,
2026/09/17 20:11,2026-09-17T20:26:21+09:00,2026/09/18,2026/12/10,2026-12,CALL,27250,36825,,,,,,,,,,,,,
2026/09/17 20:11,2026-09-17T20:26:21+09:00,2026/09/18,2026/12/10,2026-12,PUT,27250,11,,,,,,,,,,,,,
2026/09/17 20:11,2026-09-17T20:26:21+09:00,2026/09/18,2026/12/10,2026-12,CALL,27000,37070,,,,,,,,,,,,,
2026/09/17 20:11,2026-09-17T20:26:21+09:00,2026/09/18,2026/12/10,2026-12,PUT,27000,12,,,,65.78,,,12,1,,,,,
2026/09/17 20:11,2026-09-17T20:26:21+09:00,2026/09/18,2026/12/10,2026-12,CALL,26750,37320,,,,,,,,,,,,,
2026/09/17 20:11,2026-09-17T20:26:21+09:00,2026/09/18,2026/12/10,2026-12,PUT,26750,10,,,,,,,,,,,,,
2026/09/17 20:11,2026-09-17T20:26:21+09:00,2026/09/18,2026/12/10,2026-12,CALL,26500,37570,,,,,,,,,,,,,
2026/09/17 20:11,2026-09-17T20:26:21+09:00,2026/09/18,2026/12/10,2026-12,PUT,26500,13,,,,65.92,,,10,2,,,,,
2026/09/17 20:11,2026-09-17T20:26:21+09:00,2026/09/18,2026/12/10,2026-12,CALL,26250,37820,,,,,,,,,,,,,
2026/09/17 20:11,2026-09-17T20:26:21+09:00,2026/09/18,2026/12/10,2026-12,PUT,26250,9,,,,,,,,,,,,,
2026/09/17 20:11,2026-09-17T20:26:21+09:00,2026/09/18,2026/12/10,2026-12,CALL,26000,38065,,,,,,,,,,,,,
2026/09/17 20:11,2026-09-17T20:26:21+09:00,2026/09/18,2026/12/10,2026-12,PUT,26000,9,,,80.29,55.63,50,1,1,20,,,,,
2026/09/17 20:11,2026-09-17T20:26:21+09:00,2026/09/18,2026/12/10,2026-12,CALL,25750,38315,,,,,,,,,,,,,
2026/09/17 20:11,2026-09-17T20:26:21+09:00,2026/09/18,2026/12/10,2026-12,PUT,25750,8,,,,,,,,,,,,,
2026/09/17 20:11,2026-09-17T20:26:21+09:00,2026/09/18,2026/12/10,2026-12,CALL,25500,38565,,,,,,,,,,,,,
2026/09/17 20:11,2026-09-17T20:26:21+09:00,2026/09/18,2026/12/10,2026-12,PUT,25500,8,,,,,,,,,,,,,
2026/09/17 20:11,2026-09-17T20:26:21+09:00,2026/09/18,2026/12/10,2026-12,CALL,25250,38810,,,,,,,,,,,,,
2026/09/17 20:11,2026-09-17T20:26:21+09:00,2026/09/18,2026/12/10,2026-12,PUT,25250,7,,,,,,,,,,,,,
2026/09/17 20:11,2026-09-17T20:26:21+09:00,2026/09/18,2026/12/10,2026-12,CALL,25000,39060,,,,,,,,,,,,,
2026/09/17 20:11,2026-09-17T20:26:21+09:00,2026/09/18,2026/12/10,2026-12,PUT,25000,8,,,77.96,68.56,28,1,8,1,,,,,
2026/09/17 20:11,2026-09-17T20:26:21+09:00,2026/09/18,2026/12/10,2026-12,CALL,24750,39310,,,,,,,,,,,,,
2026/09/17 20:11,2026-09-17T20:26:21+09:00,2026/09/18,2026/12/10,2026-12,PUT,24750,6,,,,,,,,,,,,,
2026/09/17 20:11,2026-09-17T20:26:21+09:00,2026/09/18,2026/12/10,2026-12,CALL,24500,39560,,,,,,,,,,,,,
2026/09/17 20:11,2026-09-17T20:26:21+09:00,2026/09/18,2026/12/10,2026-12,PUT,24500,6,,,,,,,,,,,,,
2026/09/17 20:11,2026-09-17T20:26:21+09:00,2026/09/18,2026/12/10,2026-12,CALL,24250,39805,,,,,,,,,,,,,
2026/09/17 20:11,2026-09-17T20:26:21+09:00,2026/09/18,2026/12/10,2026-12,PUT,24250,6,,,,,,,,,,,,,
2026/09/17 20:11,2026-09-17T20:26:21+09:00,2026/09/18,2026/12/10,2026-12,CALL,24000,40055,,,,,,,,,,,,,
2026/09/17 20:11,2026-09-17T20:26:21+09:00,2026/09/18,2026/12/10,2026-12,PUT,24000,5,,,84.57,,40,1,,,,,,,
2026/09/17 20:11,2026-09-17T20:26:21+09:00,2026/09/18,2026/12/10,2026-12,CALL,23750,40305,,,,,,,,,,,,,
2026/09/17 20:11,2026-09-17T20:26:21+09:00,2026/09/18,2026/12/10,2026-12,PUT,23750,5,,,,,,,,,,,,,
2026/09/17 20:11,2026-09-17T20:26:21+09:00,2026/09/18,2026/12/10,2026-12,CALL,23500,40555,,,,,,,,,,,,,
2026/09/17 20:11,2026-09-17T20:26:21+09:00,2026/09/18,2026/12/10,2026-12,PUT,23500,5,,,,,,,,,,,,,
2026/09/17 20:11,2026-09-17T20:26:21+09:00,2026/09/18,2026/12/10,2026-12,CALL,23250,40800,,,,,,,,,,,,,
2026/09/17 20:11,2026-09-17T20:26:21+09:00,2026/09/18,2026/12/10,2026-12,PUT,23250,7,,,,72.67,,,7,1,,,,,
2026/09/17 20:11,2026-09-17T20:26:21+09:00,2026/09/18,2026/12/10,2026-12,CALL,23000,41050,,,,,,,,,,,,,
2026/09/17 20:11,2026-09-17T20:26:21+09:00,2026/09/18,2026/12/10,2026-12,PUT,23000,4,,,,66.14,,,2,1,,,,,
2026/09/17 20:11,2026-09-17T20:26:21+09:00,2026/09/18,2026/12/10,2026-12,CALL,22750,41300,,,,,,,,,,,,,
2026/09/17 20:11,2026-09-17T20:26:21+09:00,2026/09/18,2026/12/10,2026-12,PUT,22750,4,,,,,,,,,,,,,
2026/09/17 20:11,2026-09-17T20:26:21+09:00,2026/09/18,2026/12/10,2026-12,CALL,22500,41550,,,,,,,,,,,,,
2026/09/17 20:11,2026-09-17T20:26:21+09:00,2026/09/18,2026/12/10,2026-12,PUT,22500,4,,,,,,,,,,,,,
2026/09/17 20:11,2026-09-17T20:26:21+09:00,2026/09/18,2026/12/10,2026-12,CALL,22250,41795,,,,,,,,,,,,,
2026/09/17 20:11,2026-09-17T20:26:21+09:00,2026/09/18,2026/12/10,2026-12,PUT,22250,3,,,,,,,,,,,,,
2026/09/17 20:11,2026-09-17T20:26:21+09:00,2026/09/18,2026/12/10,2026-12,CALL,22000,42045,,,,,,,,,,,,,
2026/09/17 20:11,2026-09-17T20:26:21+09:00,2026/09/18,2026/12/10,2026-12,PUT,22000,3,,,103.21,65.48,100,1,1,2,,,,,
2026/09/17 20:11,2026-09-17T20:26:21+09:00,2026/09/18,2026/12/10,2026-12,CALL,21750,42295,,,,,,,,,,,,,
2026/09/17 20:11,2026-09-17T20:26:21+09:00,2026/09/18,2026/12/10,2026-12,PUT,21750,3,,,,,,,,,,,,,
2026/09/17 20:11,2026-09-17T20:26:21+09:00,2026/09/18,2026/12/10,2026-12,CALL,21500,42545,,,,,,,,,,,,,
2026/09/17 20:11,2026-09-17T20:26:21+09:00,2026/09/18,2026/12/10,2026-12,PUT,21500,3,,,,,,,,,,,,,
2026/09/17 20:11,2026-09-17T20:26:21+09:00,2026/09/18,2026/12/10,2026-12,CALL,21250,42790,,,,,,,,,,,,,
2026/09/17 20:11,2026-09-17T20:26:21+09:00,2026/09/18,2026/12/10,2026-12,PUT,21250,2,,,,,,,,,,,,,
2026/09/17 20:11,2026-09-17T20:26:21+09:00,2026/09/18,2026/12/10,2026-12,CALL,21000,43040,,,,,,,,,,,,,
2026/09/17 20:11,2026-09-17T20:26:21+09:00,2026/09/18,2026/12/10,2026-12,PUT,21000,2,,,,,,,,,,,,,
2026/09/17 20:11,2026-09-17T20:26:21+09:00,2026/09/18,2026/12/10,2026-12,CALL,20750,43290,,,,,,,,,,,,,
2026/09/17 20:11,2026-09-17T20:26:21+09:00,2026/09/18,2026/12/10,2026-12,PUT,20750,1,,,,,,,,,,,,,
2026/09/17 20:11,2026-09-17T20:26:21+09:00,2026/09/18,2026/12/10,2026-12,CALL,20500,43540,,,,,,,,,,,,,
2026/09/17 20:11,2026-09-17T20:26:21+09:00,2026/09/18,2026/12/10,2026-12,PUT,20500,1,,,,,,,,,,,,,
2026/09/17 20:11,2026-09-17T20:26:21+09:00,2026/09/18,2026/12/10,2026-12,CALL,20250,43785,,,,,,,,,,,,,
2026/09/17 20:11,2026-09-17T20:26:21+09:00,2026/09/18,2026/12/10,2026-12,PUT,20250,1,,,,,,,,,,,,,
2026/09/17 20:11,2026-09-17T20:26:21+09:00,2026/09/18,2026/12/10,2026-12,CALL,20000,44035,,,,,,,,,,,,,
2026/09/17 20:11,2026-09-17T20:26:21+09:00,2026/09/18,2026/12/10,2026-12,PUT,20000,9,,,87.25,83.97,12,1,8,1,,,,,
2026/09/17 20:11,2026-09-17T20:26:21+09:00,2026/09/18,2026/12/10,2026-12,CALL,19750,44285,,,,,,,,,,,,,
2026/09/17 20:11,2026-09-17T20:26:21+09:00,2026/09/18,2026/12/10,2026-12,PUT,19750,1,,,,,,,,,,,,,
2026/09/17 20:11,2026-09-17T20:26:21+09:00,2026/09/18,2026/12/10,2026-12,CALL,19500,44535,,,,,,,,,,,,,
2026/09/17 20:11,2026-09-17T20:26:21+09:00,2026/09/18,2026/12/10,2026-12,PUT,19500,1,,,,,,,,,,,,,
2026/09/17 20:11,2026-09-17T20:26:21+09:00,2026/09/18,2026/12/10,2026-12,CALL,19250,44785,,,,,,,,,,,,,
2026/09/17 20:11,2026-09-17T20:26:21+09:00,2026/09/18,2026/12/10,2026-12,PUT,19250,1,,,,,,,,,,,,,
2026/09/17 20:11,2026-09-17T20:26:21+09:00,2026/09/18,2026/12/10,2026-12,CALL,19000,45030,,,,,,,,,,,,,
2026/09/17 20:11,2026-09-17T20:26:21+09:00,2026/09/18,2026/12/10,2026-12,PUT,19000,1,,,,74.14,,,1,1,,,,,
2026/09/17 20:11,2026-09-17T20:26:21+09:00,2026/09/18,2026/12/10,2026-12,CALL,18750,45280,,,,,,,,,,,,,
2026/09/17 20:11,2026-09-17T20:26:21+09:00,2026/09/18,2026/12/10,2026-12,PUT,18750,1,,,,,,,,,,,,,
2026/09/17 20:11,2026-09-17T20:26:21+09:00,2026/09/18,2026/12/10,2026-12,CALL,18500,45530,,,,,,,,,,,,,
2026/09/17 20:11,2026-09-17T20:26:21+09:00,2026/09/18,2026/12/10,2026-12,PUT,18500,1,,,,,,,,,,,,,
2026/09/17 20:11,2026-09-17T20:26:21+09:00,2026/09/18,2026/12/10,2026-12,CALL,18250,45780,,,,,,,,,,,,,
2026/09/17 20:11,2026-09-17T20:26:21+09:00,2026/09/18,2026/12/10,2026-12,PUT,18250,1,,,,,,,,,,,,,
2026/09/17 20:11,2026-09-17T20:26:21+09:00,2026/09/18,2026/12/10,2026-12,CALL,18000,46030,,,,,,,,,,,,,
2026/09/17 20:11,2026-09-17T20:26:21+09:00,2026/09/18,2026/12/10,2026-12,PUT,18000,2,,,,81.34,,,2,1,,,,,
2026/09/17 20:11,2026-09-17T20:26:21+09:00,2026/09/18,2026/12/10,2026-12,CALL,17750,46275,,,,,,,,,,,,,
2026/09/17 20:11,2026-09-17T20:26:21+09:00,2026/09/18,2026/12/10,2026-12,PUT,17750,1,,,,,,,,,,,,,
2026/09/17 20:11,2026-09-17T20:26:21+09:00,2026/09/18,2026/12/10,2026-12,CALL,17500,46525,,,,,,,,,,,,,
2026/09/17 20:11,2026-09-17T20:26:21+09:00,2026/09/18,2026/12/10,2026-12,PUT,17500,1,,,,,,,,,,,,,
2026/09/17 20:11,2026-09-17T20:26:21+09:00,2026/09/18,2026/12/10,2026-12,CALL,17250,46775,,,,,,,,,,,,,
2026/09/17 20:11,2026-09-17T20:26:21+09:00,2026/09/18,2026/12/10,2026-12,PUT,17250,1,,,,,,,,,,,,,
2026/09/17 20:11,2026-09-17T20:26:21+09:00,2026/09/18,2026/12/10,2026-12,CALL,17000,47025,,,,,,,,,,,,,
2026/09/17 20:11,2026-09-17T20:26:21+09:00,2026/09/18,2026/12/10,2026-12,PUT,17000,1,,,,,,,,,,,,,
2026/09/17 20:11,2026-09-17T20:26:21+09:00,2026/09/18,2026/12/10,2026-12,CALL,16750,47275,,,,,,,,,,,,,
2026/09/17 20:11,2026-09-17T20:26:21+09:00,2026/09/18,2026/12/10,2026-12,PUT,16750,1,,,,,,,,,,,,,
2026/09/17 20:11,2026-09-17T20:26:21+09:00,2026/09/18,2026/12/10,2026-12,CALL,16500,47520,,,,,,,,,,,,,
2026/09/17 20:11,2026-09-17T20:26:21+09:00,2026/09/18,2026/12/10,2026-12,PUT,16500,1,,,,,,,,,,,,,
2026/09/17 20:11,2026-09-17T20:26:21+09:00,2026/09/18,2026/12/10,2026-12,CALL,16250,47770,,,,,,,,,,,,,
2026/09/17 20:11,2026-09-17T20:26:21+09:00,2026/09/18,2026/12/10,2026-12,PUT,16250,1,,,,,,,,,,,,,
2026/09/17 20:11,2026-09-17T20:26:21+09:00,2026/09/18,2026/12/10,2026-12,CALL,16000,48020,,,,,,,,,,,,,
2026/09/17 20:11,2026-09-17T20:26:21+09:00,2026/09/18,2026/12/10,2026-12,PUT,16000,1,,,,84.32,,,1,1,,,,,
2026/09/17 20:11,2026-09-17T20:26:21+09:00,2026/09/18,2026/12/10,2026-12,CALL,15750,48270,,,,,,,,,,,,,
2026/09/17 20:11,2026-09-17T20:26:21+09:00,2026/09/18,2026/12/10,2026-12,PUT,15750,1,,,,,,,,,,,,,
2026/09/17 20:11,2026-09-17T20:26:21+09:00,2026/09/18,2026/12/10,2026-12,CALL,15500,48520,,,,,,,,,,,,,
2026/09/17 20:11,2026-09-17T20:26:21+09:00,2026/09/18,2026/12/10,2026-12,PUT,15500,1,,,,,,,,,,,,,
2026/09/17 20:11,2026-09-17T20:26:21+09:00,2026/09/18,2026/12/10,2026-12,CALL,15250,48765,,,,,,,,,,,,,
2026/09/17 20:11,2026-09-17T20:26:21+09:00,2026/09/18,2026/12/10,2026-12,PUT,15250,1,,,,,,,,,,,,,
2026/09/17 20:11,2026-09-17T20:26:21+09:00,2026/09/18,2026/12/10,2026-12,CALL,15000,49015,,,,,,,,,,,,,
2026/09/17 20:11,2026-09-17T20:26:21+09:00,2026/09/18,2026/12/10,2026-12,PUT,15000,2,,,,92.69,,,2,1,,,,,
2026/09/17 20:11,2026-09-17T20:26:21+09:00,2026/09/18,2026/12/10,2026-12,CALL,14750,49265,,,,,,,,,,,,,
2026/09/17 20:11,2026-09-17T20:26:21+09:00,2026/09/18,2026/12/10,2026-12,PUT,14750,1,,,,,,,,,,,,,
2026/09/17 20:11,2026-09-17T20:26:21+09:00,2026/09/18,2026/12/10,2026-12,CALL,14500,49515,,,,,,,,,,,,,
2026/09/17 20:11,2026-09-17T20:26:21+09:00,2026/09/18,2026/12/10,2026-12,PUT,14500,1,,,,,,,,,,,,,
2026/09/17 20:11,2026-09-17T20:26:21+09:00,2026/09/18,2026/12/10,2026-12,CALL,14250,49765,,,,,,,,,,,,,
2026/09/17 20:11,2026-09-17T20:26:21+09:00,2026/09/18,2026/12/10,2026-12,PUT,14250,1,,,,,,,,,,,,,
2026/09/17 20:11,2026-09-17T20:26:21+09:00,2026/09/18,2026/12/10,2026-12,CALL,14000,50015,,,,,,,,,,,,,
2026/09/17 20:11,2026-09-17T20:26:21+09:00,2026/09/18,2026/12/10,2026-12,PUT,14000,2,,,,97.01,,,2,1,,,,,
2026/09/17 20:11,2026-09-17T20:26:21+09:00,2026/09/18,2026/12/10,2026-12,CALL,13750,50260,,,,,,,,,,,,,
2026/09/17 20:11,2026-09-17T20:26:21+09:00,2026/09/18,2026/12/10,2026-12,PUT,13750,1,,,,,,,,,,,,,
2026/09/17 20:11,2026-09-17T20:26:21+09:00,2026/09/18,2026/12/10,2026-12,CALL,13500,50510,,,,,,,,,,,,,
2026/09/17 20:11,2026-09-17T20:26:21+09:00,2026/09/18,2026/12/10,2026-12,PUT,13500,1,,,,94.43,,,1,100,,,,,
2026/09/17 20:11,2026-09-17T20:26:21+09:00,2026/09/18,2026/12/10,2026-12,CALL,13250,50760,,,,,,,,,,,,,
2026/09/17 20:11,2026-09-17T20:26:21+09:00,2026/09/18,2026/12/10,2026-12,PUT,13250,1,,,,95.55,,,1,5,,,,,
2026/09/17 20:11,2026-09-17T20:26:21+09:00,2026/09/18,2026/12/10,2026-12,CALL,13000,51010,,,,,,,,,,,,,
2026/09/17 20:11,2026-09-17T20:26:21+09:00,2026/09/18,2026/12/10,2026-12,PUT,13000,1,,,109.39,96.68,5,1,1,35,,,,,
2026/09/17 20:11,2026-09-17T20:26:21+09:00,2026/09/18,2026/12/10,2026-12,CALL,12750,51260,,,,,,,,,,,,,
2026/09/17 20:11,2026-09-17T20:26:21+09:00,2026/09/18,2026/12/10,2026-12,PUT,12750,1,,,106.15,,3,1,,,,,,,
2026/09/17 20:11,2026-09-17T20:26:21+09:00,2026/09/18,2026/12/10,2026-12,CALL,12500,51505,,,,,,,,,,,,,
2026/09/17 20:11,2026-09-17T20:26:21+09:00,2026/09/18,2026/12/10,2026-12,PUT,12500,2,,1,107.44,104.12,3,6,2,10,104.06,0,0,2,09/17 19:44
