qri_update_time,collected_at,trading_day,last_trading_day,contract,option_type,strike,settlement,open_interest,volume,ask_iv,bid_iv,ask_price,ask_quantity,bid_price,bid_quantity,iv,change,change_percent,last_price,trade_time
2026/09/16 20:12,2026-09-16T20:27:02+09:00,2026/09/17,2026/10/08,2026-10,CALL,82000,1,,1,30.9,,1,30,,,31.06,,,1,09/16 19:43
2026/09/16 20:12,2026-09-16T20:27:02+09:00,2026/09/17,2026/10/08,2026-10,PUT,82000,18320,,,,,,,,,,,,,
2026/09/16 20:12,2026-09-16T20:27:02+09:00,2026/09/17,2026/10/08,2026-10,CALL,81500,1,,,31.95,,2,13,,,,,,,
2026/09/16 20:12,2026-09-16T20:27:02+09:00,2026/09/17,2026/10/08,2026-10,PUT,81500,17825,,,,,,,,,,,,,
2026/09/16 20:12,2026-09-16T20:27:02+09:00,2026/09/17,2026/10/08,2026-10,CALL,81000,1,,,31.22,,2,60,,,,,,,
2026/09/16 20:12,2026-09-16T20:27:02+09:00,2026/09/17,2026/10/08,2026-10,PUT,81000,17325,,,,,,,,,,,,,
2026/09/16 20:12,2026-09-16T20:27:02+09:00,2026/09/17,2026/10/08,2026-10,CALL,80500,2,,,30.48,,2,10,,,,,,,
2026/09/16 20:12,2026-09-16T20:27:02+09:00,2026/09/17,2026/10/08,2026-10,PUT,80500,16825,,,,,,,,,,,,,
2026/09/16 20:12,2026-09-16T20:27:02+09:00,2026/09/17,2026/10/08,2026-10,CALL,80000,2,,13,29.73,28.09,2,143,1,140,30.18,1,100,2,09/16 17:27
2026/09/16 20:12,2026-09-16T20:27:02+09:00,2026/09/17,2026/10/08,2026-10,PUT,80000,16325,,,,,,,,,,,,,
2026/09/16 20:12,2026-09-16T20:27:02+09:00,2026/09/17,2026/10/08,2026-10,CALL,79500,2,,,28.98,27.37,2,10,1,25,,,,,
2026/09/16 20:12,2026-09-16T20:27:02+09:00,2026/09/17,2026/10/08,2026-10,PUT,79500,15825,,,,,,,,,,,,,
2026/09/16 20:12,2026-09-16T20:27:02+09:00,2026/09/17,2026/10/08,2026-10,CALL,79000,2,,,28.22,26.65,2,1,1,97,,,,,
2026/09/16 20:12,2026-09-16T20:27:02+09:00,2026/09/17,2026/10/08,2026-10,PUT,79000,15325,,,,,,,,,,,,,
2026/09/16 20:12,2026-09-16T20:27:02+09:00,2026/09/17,2026/10/08,2026-10,CALL,78500,2,,1,27.45,25.92,2,1,1,101,27.49,0,0,2,09/16 20:07
2026/09/16 20:12,2026-09-16T20:27:02+09:00,2026/09/17,2026/10/08,2026-10,PUT,78500,14825,,,,,,,,,,,,,
2026/09/16 20:12,2026-09-16T20:27:02+09:00,2026/09/17,2026/10/08,2026-10,CALL,78000,3,,,27.67,26.68,3,18,2,25,,,,,
2026/09/16 20:12,2026-09-16T20:27:02+09:00,2026/09/17,2026/10/08,2026-10,PUT,78000,14330,,,,,,,,,,,,,
2026/09/16 20:12,2026-09-16T20:27:02+09:00,2026/09/17,2026/10/08,2026-10,CALL,77500,3,,1,26.87,25.9,3,2,2,29,27.3,0,0,3,09/16 17:00
2026/09/16 20:12,2026-09-16T20:27:02+09:00,2026/09/17,2026/10/08,2026-10,PUT,77500,13830,,,,,,,,,,,,,
2026/09/16 20:12,2026-09-16T20:27:02+09:00,2026/09/17,2026/10/08,2026-10,CALL,77000,4,,11,26.79,26.06,4,65,3,41,26.32,-1,-25,3,09/16 19:26
2026/09/16 20:12,2026-09-16T20:27:02+09:00,2026/09/17,2026/10/08,2026-10,PUT,77000,13330,,,,,,,,,,,,,
2026/09/16 20:12,2026-09-16T20:27:02+09:00,2026/09/17,2026/10/08,2026-10,CALL,76500,5,,,26.53,25.24,5,16,3,46,,,,,
2026/09/16 20:12,2026-09-16T20:27:02+09:00,2026/09/17,2026/10/08,2026-10,PUT,76500,12830,,,,,,,,,,,,,
2026/09/16 20:12,2026-09-16T20:27:02+09:00,2026/09/17,2026/10/08,2026-10,CALL,76250,5,,,26.6,25.52,6,20,4,20,,,,,
2026/09/16 20:12,2026-09-16T20:27:02+09:00,2026/09/17,2026/10/08,2026-10,PUT,76250,12580,,,,,,,,,,,,,
2026/09/16 20:12,2026-09-16T20:27:02+09:00,2026/09/17,2026/10/08,2026-10,CALL,76000,5,,14,26.6,25.67,7,28,5,1,25.78,0,0,5,09/16 19:58
2026/09/16 20:12,2026-09-16T20:27:02+09:00,2026/09/17,2026/10/08,2026-10,PUT,76000,12335,,,,,,,,,,,,,
2026/09/16 20:12,2026-09-16T20:27:02+09:00,2026/09/17,2026/10/08,2026-10,CALL,75750,7,,,26.15,25.24,7,17,5,20,,,,,
2026/09/16 20:12,2026-09-16T20:27:02+09:00,2026/09/17,2026/10/08,2026-10,PUT,75750,12085,,,,,,,,,,,,,
2026/09/16 20:12,2026-09-16T20:27:02+09:00,2026/09/17,2026/10/08,2026-10,CALL,75500,8,,,25.7,25.28,7,3,6,8,,,,,
2026/09/16 20:12,2026-09-16T20:27:02+09:00,2026/09/17,2026/10/08,2026-10,PUT,75500,11835,,,,,,,,,,,,,
2026/09/16 20:12,2026-09-16T20:27:02+09:00,2026/09/17,2026/10/08,2026-10,CALL,75250,8,,,25.97,24.83,9,20,6,37,,,,,
2026/09/16 20:12,2026-09-16T20:27:02+09:00,2026/09/17,2026/10/08,2026-10,PUT,75250,11585,,,,,,,,,,,,,
2026/09/16 20:12,2026-09-16T20:27:02+09:00,2026/09/17,2026/10/08,2026-10,CALL,75000,8,,28,25.5,24.79,9,17,7,29,25.45,0,0,8,09/16 19:26
2026/09/16 20:12,2026-09-16T20:27:02+09:00,2026/09/17,2026/10/08,2026-10,PUT,75000,11335,,,,,,,,,,,,,
2026/09/16 20:12,2026-09-16T20:27:02+09:00,2026/09/17,2026/10/08,2026-10,CALL,74750,10,,,25.63,24.7,11,20,8,20,,,,,
2026/09/16 20:12,2026-09-16T20:27:02+09:00,2026/09/17,2026/10/08,2026-10,PUT,74750,11090,,,,,,,,,,,,,
2026/09/16 20:12,2026-09-16T20:27:02+09:00,2026/09/17,2026/10/08,2026-10,CALL,74500,11,,,25.42,24.23,12,11,8,36,,,,,
2026/09/16 20:12,2026-09-16T20:27:02+09:00,2026/09/17,2026/10/08,2026-10,PUT,74500,10840,,,,,,,,,,,,,
2026/09/16 20:12,2026-09-16T20:27:02+09:00,2026/09/17,2026/10/08,2026-10,CALL,74250,11,,,26.43,23.77,19,8,8,8,,,,,
2026/09/16 20:12,2026-09-16T20:27:02+09:00,2026/09/17,2026/10/08,2026-10,PUT,74250,10590,,,,,,,,,,,,,
2026/09/16 20:12,2026-09-16T20:27:02+09:00,2026/09/17,2026/10/08,2026-10,CALL,74000,14,,14,25.13,24.44,15,14,12,13,25.05,1,8.33,13,09/16 19:24
2026/09/16 20:12,2026-09-16T20:27:02+09:00,2026/09/17,2026/10/08,2026-10,PUT,74000,10340,,,,,,,,,,,,,
2026/09/16 20:12,2026-09-16T20:27:02+09:00,2026/09/17,2026/10/08,2026-10,CALL,73750,16,,,26.23,23.7,24,8,11,8,,,,,
2026/09/16 20:12,2026-09-16T20:27:02+09:00,2026/09/17,2026/10/08,2026-10,PUT,73750,10095,,,,,,,,,,,,,
2026/09/16 20:12,2026-09-16T20:27:02+09:00,2026/09/17,2026/10/08,2026-10,CALL,73500,16,,2,25.85,23.91,25,11,14,11,24.63,0,0,16,09/16 19:27
2026/09/16 20:12,2026-09-16T20:27:02+09:00,2026/09/17,2026/10/08,2026-10,PUT,73500,9845,,,,,,,,,,,,,
2026/09/16 20:12,2026-09-16T20:27:02+09:00,2026/09/17,2026/10/08,2026-10,CALL,73250,20,,,25.6,24.01,27,8,17,22,,,,,
2026/09/16 20:12,2026-09-16T20:27:02+09:00,2026/09/17,2026/10/08,2026-10,PUT,73250,9600,,,,,,,,,,,,,
2026/09/16 20:12,2026-09-16T20:27:02+09:00,2026/09/17,2026/10/08,2026-10,CALL,73000,22,,17,24.78,24.17,25,54,21,12,24.27,2,10,22,09/16 19:59
2026/09/16 20:12,2026-09-16T20:27:02+09:00,2026/09/17,2026/10/08,2026-10,PUT,73000,9350,,,,,,,,,,,,,
2026/09/16 20:12,2026-09-16T20:27:02+09:00,2026/09/17,2026/10/08,2026-10,CALL,72750,25,,,26.72,23.48,47,28,20,8,,,,,
2026/09/16 20:12,2026-09-16T20:27:02+09:00,2026/09/17,2026/10/08,2026-10,PUT,72750,9105,,,40.51,,9155,6,8510,1,,,,,
2026/09/16 20:12,2026-09-16T20:27:02+09:00,2026/09/17,2026/10/08,2026-10,CALL,72500,28,,4,24.81,22.95,34,8,20,11,24.86,8,34.78,31,09/16 18:26
2026/09/16 20:12,2026-09-16T20:27:02+09:00,2026/09/17,2026/10/08,2026-10,PUT,72500,8860,,,40.38,,8925,10,8345,1,,,,,
2026/09/16 20:12,2026-09-16T20:27:02+09:00,2026/09/17,2026/10/08,2026-10,CALL,72250,31,,,25.16,23,43,8,24,8,,,,,
2026/09/16 20:12,2026-09-16T20:27:02+09:00,2026/09/17,2026/10/08,2026-10,PUT,72250,8610,,,39.28,,8665,6,7980,1,,,,,
2026/09/16 20:12,2026-09-16T20:27:02+09:00,2026/09/17,2026/10/08,2026-10,CALL,72125,35,,,25.06,22.99,45,7,26,7,,,,,
2026/09/16 20:12,2026-09-16T20:27:02+09:00,2026/09/17,2026/10/08,2026-10,PUT,72125,8490,,,38.89,,8540,5,7920,1,,,,,
2026/09/16 20:12,2026-09-16T20:27:02+09:00,2026/09/17,2026/10/08,2026-10,CALL,72000,36,,328,24.28,23.98,40,5,37,2,24.18,3,8.33,39,09/16 20:06
2026/09/16 20:12,2026-09-16T20:27:02+09:00,2026/09/17,2026/10/08,2026-10,PUT,72000,8365,,,39.58,,8450,15,7895,1,,,,,
2026/09/16 20:12,2026-09-16T20:27:02+09:00,2026/09/17,2026/10/08,2026-10,CALL,71875,40,,,24.46,23.89,45,4,39,4,,,,,
2026/09/16 20:12,2026-09-16T20:27:02+09:00,2026/09/17,2026/10/08,2026-10,PUT,71875,8245,,,38.26,,8295,5,7560,1,,,,,
2026/09/16 20:12,2026-09-16T20:27:02+09:00,2026/09/17,2026/10/08,2026-10,CALL,71750,42,,2,24.51,23.69,49,31,40,21,24.65,,,45,09/16 18:48
2026/09/16 20:12,2026-09-16T20:27:02+09:00,2026/09/17,2026/10/08,2026-10,PUT,71750,8125,,,38.17,,8180,6,7695,1,,,,,
2026/09/16 20:12,2026-09-16T20:27:02+09:00,2026/09/17,2026/10/08,2026-10,CALL,71625,46,,,24.46,23.68,52,25,43,17,,,,,
2026/09/16 20:12,2026-09-16T20:27:02+09:00,2026/09/17,2026/10/08,2026-10,PUT,71625,8000,,,37.76,,8055,5,7475,5,,,,,
2026/09/16 20:12,2026-09-16T20:27:02+09:00,2026/09/17,2026/10/08,2026-10,CALL,71500,47,,4,24.39,23.65,55,8,46,42,23.92,12,31.58,50,09/16 19:59
2026/09/16 20:12,2026-09-16T20:27:02+09:00,2026/09/17,2026/10/08,2026-10,PUT,71500,7875,,,37.96,,7950,10,7225,1,,,,,
2026/09/16 20:12,2026-09-16T20:27:02+09:00,2026/09/17,2026/10/08,2026-10,CALL,71375,51,,,24.31,23.68,58,4,50,16,,,,,
2026/09/16 20:12,2026-09-16T20:27:02+09:00,2026/09/17,2026/10/08,2026-10,PUT,71375,7755,,,37.1,,7810,5,7295,1,,,,,
2026/09/16 20:12,2026-09-16T20:27:02+09:00,2026/09/17,2026/10/08,2026-10,CALL,71250,54,,1,24.44,23.69,64,30,54,20,24.09,14,31.82,58,09/16 18:04
2026/09/16 20:12,2026-09-16T20:27:02+09:00,2026/09/17,2026/10/08,2026-10,PUT,71250,7635,,,36.99,,7695,6,7010,1,,,,,
2026/09/16 20:12,2026-09-16T20:27:02+09:00,2026/09/17,2026/10/08,2026-10,CALL,71125,58,,,24.39,23.68,68,9,58,16,,,,,
2026/09/16 20:12,2026-09-16T20:27:02+09:00,2026/09/17,2026/10/08,2026-10,PUT,71125,7515,,,36.58,,7570,5,6790,5,,,,,
2026/09/16 20:12,2026-09-16T20:27:02+09:00,2026/09/17,2026/10/08,2026-10,CALL,71000,62,,57,24.2,23.8,70,1,64,12,23.85,3,4.84,65,09/16 20:05
2026/09/16 20:12,2026-09-16T20:27:02+09:00,2026/09/17,2026/10/08,2026-10,PUT,71000,7390,,,37.16,,7480,15,6905,1,,,,,
2026/09/16 20:12,2026-09-16T20:27:02+09:00,2026/09/17,2026/10/08,2026-10,CALL,70875,66,,,24.32,23.61,77,4,66,20,,,,,
2026/09/16 20:12,2026-09-16T20:27:02+09:00,2026/09/17,2026/10/08,2026-10,PUT,70875,7270,,,36.03,,7330,5,6640,1,,,,,
2026/09/16 20:12,2026-09-16T20:27:02+09:00,2026/09/17,2026/10/08,2026-10,CALL,70750,70,,,24.23,23.61,81,5,71,20,,,,,
2026/09/16 20:12,2026-09-16T20:27:02+09:00,2026/09/17,2026/10/08,2026-10,PUT,70750,7150,,,35.89,,7215,6,6620,6,,,,,
2026/09/16 20:12,2026-09-16T20:27:02+09:00,2026/09/17,2026/10/08,2026-10,CALL,70625,74,,,24.41,23.66,90,24,77,14,,,,,
2026/09/16 20:12,2026-09-16T20:27:02+09:00,2026/09/17,2026/10/08,2026-10,PUT,70625,7030,,,35.47,,7090,5,6330,1,,,,,
2026/09/16 20:12,2026-09-16T20:27:02+09:00,2026/09/17,2026/10/08,2026-10,CALL,70500,80,,5,24.34,23.79,95,6,85,6,24.17,15,22.39,82,09/16 19:05
2026/09/16 20:12,2026-09-16T20:27:02+09:00,2026/09/17,2026/10/08,2026-10,PUT,70500,6910,,,35.73,,6990,10,6375,1,,,,,
2026/09/16 20:12,2026-09-16T20:27:02+09:00,2026/09/17,2026/10/08,2026-10,CALL,70375,85,,,24.36,23.68,102,9,89,14,,,,,
2026/09/16 20:12,2026-09-16T20:27:02+09:00,2026/09/17,2026/10/08,2026-10,PUT,70375,6790,,,34.89,,6850,5,6370,1,,,,,
2026/09/16 20:12,2026-09-16T20:27:02+09:00,2026/09/17,2026/10/08,2026-10,CALL,70250,91,,3,24.36,23.71,109,25,96,3,24.01,25,34.25,98,09/16 19:51
2026/09/16 20:12,2026-09-16T20:27:02+09:00,2026/09/17,2026/10/08,2026-10,PUT,70250,6670,,,34.86,,6740,6,6115,1,,,,,
2026/09/16 20:12,2026-09-16T20:27:02+09:00,2026/09/17,2026/10/08,2026-10,CALL,70125,96,,1,24.39,23.66,117,11,102,14,24.3,,,109,09/16 19:43
2026/09/16 20:12,2026-09-16T20:27:02+09:00,2026/09/17,2026/10/08,2026-10,PUT,70125,6550,,,34.42,,6615,5,5945,1,,,,,
2026/09/16 20:12,2026-09-16T20:27:02+09:00,2026/09/17,2026/10/08,2026-10,CALL,70000,103,,60,24.21,24.03,121,9,117,1,24.06,13,12.62,116,09/16 20:08
2026/09/16 20:12,2026-09-16T20:27:02+09:00,2026/09/17,2026/10/08,2026-10,PUT,70000,6435,,,34.89,,6525,15,5750,1,,,,,
2026/09/16 20:12,2026-09-16T20:27:02+09:00,2026/09/17,2026/10/08,2026-10,CALL,69875,107,,,24.29,23.71,131,3,118,3,,,,,
2026/09/16 20:12,2026-09-16T20:27:02+09:00,2026/09/17,2026/10/08,2026-10,PUT,69875,6315,,,33.93,,6380,5,5750,1,,,,,
2026/09/16 20:12,2026-09-16T20:27:02+09:00,2026/09/17,2026/10/08,2026-10,CALL,69750,115,,,24.38,23.75,142,8,127,3,,,,,
2026/09/16 20:12,2026-09-16T20:27:02+09:00,2026/09/17,2026/10/08,2026-10,PUT,69750,6200,,,33.73,,6265,6,5470,1,,,,,
2026/09/16 20:12,2026-09-16T20:27:02+09:00,2026/09/17,2026/10/08,2026-10,CALL,69625,122,,,24.37,23.76,151,5,136,3,,,,,
2026/09/16 20:12,2026-09-16T20:27:02+09:00,2026/09/17,2026/10/08,2026-10,PUT,69625,6080,,,33.41,,6145,5,5370,1,,,,,
2026/09/16 20:12,2026-09-16T20:27:02+09:00,2026/09/17,2026/10/08,2026-10,CALL,69500,133,,4,24.3,23.71,159,6,144,30,24.16,26,21.67,146,09/16 19:20
2026/09/16 20:12,2026-09-16T20:27:02+09:00,2026/09/17,2026/10/08,2026-10,PUT,69500,5965,,,33.57,,6045,10,5275,1,,,,,
2026/09/16 20:12,2026-09-16T20:27:02+09:00,2026/09/17,2026/10/08,2026-10,CALL,69375,140,,,24.39,23.75,172,10,155,3,,,,,
2026/09/16 20:12,2026-09-16T20:27:02+09:00,2026/09/17,2026/10/08,2026-10,PUT,69375,5845,,,32.74,,5905,4,5250,1,,,,,
2026/09/16 20:12,2026-09-16T20:27:02+09:00,2026/09/17,2026/10/08,2026-10,CALL,69250,148,,,24.39,23.78,183,9,166,3,,,,,
2026/09/16 20:12,2026-09-16T20:27:02+09:00,2026/09/17,2026/10/08,2026-10,PUT,69250,5735,,,32.76,,5800,8,5045,2,,,,,
2026/09/16 20:12,2026-09-16T20:27:02+09:00,2026/09/17,2026/10/08,2026-10,CALL,69125,157,,,24.33,23.78,193,3,177,1,,,,,
2026/09/16 20:12,2026-09-16T20:27:02+09:00,2026/09/17,2026/10/08,2026-10,PUT,69125,5615,,,32.41,,5680,8,4940,3,,,,,
2026/09/16 20:12,2026-09-16T20:27:02+09:00,2026/09/17,2026/10/08,2026-10,CALL,69000,168,,52,24.36,23.72,206,9,187,42,24.1,28,16.67,196,09/16 20:07
2026/09/16 20:12,2026-09-16T20:27:02+09:00,2026/09/17,2026/10/08,2026-10,PUT,69000,5500,,,32.64,,5585,7,4935,5,,,,,
2026/09/16 20:12,2026-09-16T20:27:02+09:00,2026/09/17,2026/10/08,2026-10,CALL,68875,179,,,24.4,23.78,220,14,201,3,,,,,
2026/09/16 20:12,2026-09-16T20:27:02+09:00,2026/09/17,2026/10/08,2026-10,PUT,68875,5385,,,32.04,0,5455,3,4945,3,,,,,
2026/09/16 20:12,2026-09-16T20:27:02+09:00,2026/09/17,2026/10/08,2026-10,CALL,68750,193,,2,24.41,23.76,234,3,213,16,24.05,85,62.96,220,09/16 18:06
2026/09/16 20:12,2026-09-16T20:27:02+09:00,2026/09/17,2026/10/08,2026-10,PUT,68750,5275,,,31.9,,5345,8,4805,2,,,,,
2026/09/16 20:12,2026-09-16T20:27:02+09:00,2026/09/17,2026/10/08,2026-10,CALL,68625,202,,,24.4,23.86,248,2,230,2,,,,,
2026/09/16 20:12,2026-09-16T20:27:02+09:00,2026/09/17,2026/10/08,2026-10,PUT,68625,5160,,,31.64,,5230,8,4565,3,,,,,
2026/09/16 20:12,2026-09-16T20:27:02+09:00,2026/09/17,2026/10/08,2026-10,CALL,68500,218,,8,24.43,23.88,264,4,245,4,23.98,58,29.9,252,09/16 19:59
2026/09/16 20:12,2026-09-16T20:27:02+09:00,2026/09/17,2026/10/08,2026-10,PUT,68500,5050,,,31.59,16.55,5125,3,4625,2,,,,,
2026/09/16 20:12,2026-09-16T20:27:02+09:00,2026/09/17,2026/10/08,2026-10,CALL,68375,231,,,24.46,23.93,281,2,262,2,,,,,
2026/09/16 20:12,2026-09-16T20:27:02+09:00,2026/09/17,2026/10/08,2026-10,PUT,68375,4940,,,31.19,18.23,5005,8,4540,3,,,,,
2026/09/16 20:12,2026-09-16T20:27:02+09:00,2026/09/17,2026/10/08,2026-10,CALL,68250,248,,2,24.44,23.93,297,2,278,2,24.31,57,26.64,271,09/16 18:17
2026/09/16 20:12,2026-09-16T20:27:02+09:00,2026/09/17,2026/10/08,2026-10,PUT,68250,4830,,,31.12,15.55,4900,8,4370,2,,,,,
2026/09/16 20:12,2026-09-16T20:27:02+09:00,2026/09/17,2026/10/08,2026-10,CALL,68125,260,,,24.45,23.98,315,2,297,2,,,,,
2026/09/16 20:12,2026-09-16T20:27:02+09:00,2026/09/17,2026/10/08,2026-10,PUT,68125,4720,,,30.82,23.39,4785,8,4470,1,,,,,
2026/09/16 20:12,2026-09-16T20:27:02+09:00,2026/09/17,2026/10/08,2026-10,CALL,68000,282,,32,24.37,24.12,330,4,320,10,24.18,48,17.02,330,09/16 20:00
2026/09/16 20:12,2026-09-16T20:27:02+09:00,2026/09/17,2026/10/08,2026-10,PUT,68000,4610,,,30.93,23.34,4690,7,4360,18,,,,,
2026/09/16 20:12,2026-09-16T20:27:02+09:00,2026/09/17,2026/10/08,2026-10,CALL,67875,294,,1,24.52,24.15,355,4,340,2,24.22,55,22,305,09/16 17:40
2026/09/16 20:12,2026-09-16T20:27:02+09:00,2026/09/17,2026/10/08,2026-10,PUT,67875,4500,,,30.5,23.27,4570,8,4250,6,,,,,
2026/09/16 20:12,2026-09-16T20:27:02+09:00,2026/09/17,2026/10/08,2026-10,CALL,67750,315,,,24.51,24.15,375,4,360,6,,,,,
2026/09/16 20:12,2026-09-16T20:27:02+09:00,2026/09/17,2026/10/08,2026-10,PUT,67750,4395,,,30.38,23.3,4465,8,4145,7,,,,,
2026/09/16 20:12,2026-09-16T20:27:02+09:00,2026/09/17,2026/10/08,2026-10,CALL,67625,330,,,24.49,24.14,395,2,380,2,,,,,
2026/09/16 20:12,2026-09-16T20:27:02+09:00,2026/09/17,2026/10/08,2026-10,PUT,67625,4290,,,30.14,23.31,4355,8,4040,6,,,,,
2026/09/16 20:12,2026-09-16T20:27:02+09:00,2026/09/17,2026/10/08,2026-10,CALL,67500,355,,7,24.55,24.21,420,6,405,6,24.49,85,27.42,395,09/16 18:40
2026/09/16 20:12,2026-09-16T20:27:02+09:00,2026/09/17,2026/10/08,2026-10,PUT,67500,4190,,,30.09,23.41,4255,3,3940,12,,,,,
2026/09/16 20:12,2026-09-16T20:27:02+09:00,2026/09/17,2026/10/08,2026-10,CALL,67375,375,,1,24.7,24.27,450,3,430,1,24.44,90,27.27,420,09/16 19:46
2026/09/16 20:12,2026-09-16T20:27:02+09:00,2026/09/17,2026/10/08,2026-10,PUT,67375,4080,,,29.73,23.26,4140,8,3830,6,,,,,
2026/09/16 20:12,2026-09-16T20:27:02+09:00,2026/09/17,2026/10/08,2026-10,CALL,67250,395,,,24.61,24.08,470,4,445,5,,,,,
2026/09/16 20:12,2026-09-16T20:27:02+09:00,2026/09/17,2026/10/08,2026-10,PUT,67250,3980,,,29.74,23.31,4045,8,3730,7,,,,,
2026/09/16 20:12,2026-09-16T20:27:02+09:00,2026/09/17,2026/10/08,2026-10,CALL,67125,420,,,24.71,24.29,500,3,480,3,,,,,
2026/09/16 20:12,2026-09-16T20:27:02+09:00,2026/09/17,2026/10/08,2026-10,PUT,67125,3880,,,29.46,23.34,3935,8,3630,8,,,,,
2026/09/16 20:12,2026-09-16T20:27:02+09:00,2026/09/17,2026/10/08,2026-10,CALL,67000,445,,15,24.68,24.38,525,4,510,7,24.36,70,15.73,515,09/16 19:59
2026/09/16 20:12,2026-09-16T20:27:02+09:00,2026/09/17,2026/10/08,2026-10,PUT,67000,3780,,,29.63,23.34,3850,7,3530,22,,,,,
2026/09/16 20:12,2026-09-16T20:27:02+09:00,2026/09/17,2026/10/08,2026-10,CALL,66875,470,,,25.03,24.34,570,2,535,2,,,,,
2026/09/16 20:12,2026-09-16T20:27:02+09:00,2026/09/17,2026/10/08,2026-10,PUT,66875,3680,,,29.13,23.32,3730,8,3430,8,,,,,
2026/09/16 20:12,2026-09-16T20:27:02+09:00,2026/09/17,2026/10/08,2026-10,CALL,66750,500,,,24.76,24.27,585,4,560,4,,,,,
2026/09/16 20:12,2026-09-16T20:27:02+09:00,2026/09/17,2026/10/08,2026-10,PUT,66750,3580,,,29.08,23.28,3635,8,3330,8,,,,,
2026/09/16 20:12,2026-09-16T20:27:02+09:00,2026/09/17,2026/10/08,2026-10,CALL,66625,530,,,24.95,24.48,625,3,600,3,,,,,
2026/09/16 20:12,2026-09-16T20:27:02+09:00,2026/09/17,2026/10/08,2026-10,PUT,66625,3485,,,28.93,23.31,3535,8,3235,8,,,,,
2026/09/16 20:12,2026-09-16T20:27:02+09:00,2026/09/17,2026/10/08,2026-10,CALL,66500,560,,8,25.03,24.56,660,6,635,6,24.62,105,21.21,600,09/16 18:17
2026/09/16 20:12,2026-09-16T20:27:02+09:00,2026/09/17,2026/10/08,2026-10,PUT,66500,3390,,,28.84,23.51,3440,3,3150,3,,,,,
2026/09/16 20:12,2026-09-16T20:27:02+09:00,2026/09/17,2026/10/08,2026-10,CALL,66375,590,,,25.16,24.43,700,2,660,2,,,,,
2026/09/16 20:12,2026-09-16T20:27:02+09:00,2026/09/17,2026/10/08,2026-10,PUT,66375,3295,,,28.66,23.31,3340,8,3045,8,,,,,
2026/09/16 20:12,2026-09-16T20:27:02+09:00,2026/09/17,2026/10/08,2026-10,CALL,66250,615,,,24.91,24.64,720,5,705,5,,,,,
2026/09/16 20:12,2026-09-16T20:27:02+09:00,2026/09/17,2026/10/08,2026-10,PUT,66250,3205,,,28.63,23.36,3250,8,2955,8,,,,,
2026/09/16 20:12,2026-09-16T20:27:02+09:00,2026/09/17,2026/10/08,2026-10,CALL,66125,655,,,25.18,24.56,770,2,735,2,,,,,
2026/09/16 20:12,2026-09-16T20:27:02+09:00,2026/09/17,2026/10/08,2026-10,PUT,66125,3115,,,28.41,23.39,3150,8,2865,8,,,,,
2026/09/16 20:12,2026-09-16T20:27:02+09:00,2026/09/17,2026/10/08,2026-10,CALL,66000,685,,9,25.16,24.72,805,7,780,7,24.82,115,16.79,800,09/16 20:00
2026/09/16 20:12,2026-09-16T20:27:02+09:00,2026/09/17,2026/10/08,2026-10,PUT,66000,3025,,,28.18,23.4,3050,11,2775,26,,,,,
2026/09/16 20:12,2026-09-16T20:27:02+09:00,2026/09/17,2026/10/08,2026-10,CALL,65875,730,,,25.37,24.6,855,2,810,2,,,,,
2026/09/16 20:12,2026-09-16T20:27:02+09:00,2026/09/17,2026/10/08,2026-10,PUT,65875,2940,,,28.26,23.46,2970,8,2690,8,,,,,
2026/09/16 20:12,2026-09-16T20:27:02+09:00,2026/09/17,2026/10/08,2026-10,CALL,65750,760,,,25.22,24.88,885,13,865,5,,,,,
2026/09/16 20:12,2026-09-16T20:27:02+09:00,2026/09/17,2026/10/08,2026-10,PUT,65750,2855,,,28.16,23.5,2880,8,2605,8,,,,,
2026/09/16 20:12,2026-09-16T20:27:02+09:00,2026/09/17,2026/10/08,2026-10,CALL,65625,810,,,25.55,24.62,945,2,890,2,,,,,
2026/09/16 20:12,2026-09-16T20:27:02+09:00,2026/09/17,2026/10/08,2026-10,PUT,65625,2770,,,28.04,23.52,2790,8,2520,8,,,,,
2026/09/16 20:12,2026-09-16T20:27:02+09:00,2026/09/17,2026/10/08,2026-10,CALL,65500,850,,2,25.52,25.02,985,4,955,4,25.07,120,15.19,910,09/16 17:47
2026/09/16 20:12,2026-09-16T20:27:02+09:00,2026/09/17,2026/10/08,2026-10,PUT,65500,2685,,,25.85,23.6,2575,2,2440,7,,,,,
2026/09/16 20:12,2026-09-16T20:27:02+09:00,2026/09/17,2026/10/08,2026-10,CALL,65375,895,,,25.79,24.89,1045,2,990,2,,,,,
2026/09/16 20:12,2026-09-16T20:27:02+09:00,2026/09/17,2026/10/08,2026-10,PUT,65375,2605,,,27.91,23.81,2620,8,2370,3,,,,,
2026/09/16 20:12,2026-09-16T20:27:02+09:00,2026/09/17,2026/10/08,2026-10,CALL,65250,940,,,25.71,24.98,1085,2,1040,2,,,,,
2026/09/16 20:12,2026-09-16T20:27:02+09:00,2026/09/17,2026/10/08,2026-10,PUT,65250,2525,,,27.9,23.83,2540,8,2290,2,,,,,
2026/09/16 20:12,2026-09-16T20:27:02+09:00,2026/09/17,2026/10/08,2026-10,CALL,65125,985,,4,25.86,25.13,1140,3,1095,3,25.17,285,37.5,1045,09/16 17:49
2026/09/16 20:12,2026-09-16T20:27:02+09:00,2026/09/17,2026/10/08,2026-10,PUT,65125,2445,,,26.1,23.67,2350,1,2200,3,,,,,
2026/09/16 20:12,2026-09-16T20:27:02+09:00,2026/09/17,2026/10/08,2026-10,CALL,65000,1035,,18,25.89,25.09,1190,5,1140,5,25.58,125,12.08,1160,09/16 18:07
2026/09/16 20:12,2026-09-16T20:27:02+09:00,2026/09/17,2026/10/08,2026-10,PUT,65000,2370,,1,26.13,24.53,2275,3,2175,11,25.06,-465,-16.15,2415,09/16 17:05
2026/09/16 20:12,2026-09-16T20:27:02+09:00,2026/09/17,2026/10/08,2026-10,CALL,64875,1075,,7,26.15,25.27,1255,3,1200,3,25.44,,,1130,09/16 18:19
2026/09/16 20:12,2026-09-16T20:27:02+09:00,2026/09/17,2026/10/08,2026-10,PUT,64875,2285,,,26.55,24.23,2225,7,2080,7,,,,,
2026/09/16 20:12,2026-09-16T20:27:02+09:00,2026/09/17,2026/10/08,2026-10,CALL,64750,1140,,,25.98,25.43,1295,2,1260,2,,,,,
2026/09/16 20:12,2026-09-16T20:27:02+09:00,2026/09/17,2026/10/08,2026-10,PUT,64750,2220,,,26.69,24.24,2160,5,2005,5,,,,,
2026/09/16 20:12,2026-09-16T20:27:02+09:00,2026/09/17,2026/10/08,2026-10,CALL,64625,1185,,,26.27,25.48,1365,3,1315,3,,,,,
2026/09/16 20:12,2026-09-16T20:27:02+09:00,2026/09/17,2026/10/08,2026-10,PUT,64625,2145,,,26.74,24.37,2090,7,1940,7,,,,,
2026/09/16 20:12,2026-09-16T20:27:02+09:00,2026/09/17,2026/10/08,2026-10,CALL,64500,1250,,1,26.37,25.58,1425,4,1375,4,25.8,185,16.16,1330,09/16 19:29
2026/09/16 20:12,2026-09-16T20:27:02+09:00,2026/09/17,2026/10/08,2026-10,PUT,64500,2080,,,26.84,24.95,2025,7,1905,7,,,,,
2026/09/16 20:12,2026-09-16T20:27:02+09:00,2026/09/17,2026/10/08,2026-10,CALL,64375,1295,,,26.45,25.59,1485,3,1430,3,,,,,
2026/09/16 20:12,2026-09-16T20:27:02+09:00,2026/09/17,2026/10/08,2026-10,PUT,64375,2005,,,26.68,24.49,1945,5,1805,7,,,,,
2026/09/16 20:12,2026-09-16T20:27:02+09:00,2026/09/17,2026/10/08,2026-10,CALL,64250,1365,,1,26.5,25.72,1545,3,1495,3,25.88,175,14.11,1415,09/16 18:23
2026/09/16 20:12,2026-09-16T20:27:02+09:00,2026/09/17,2026/10/08,2026-10,PUT,64250,1950,,2,26.27,25.49,1850,5,1800,5,25.8,,,1915,09/16 18:34
2026/09/16 20:12,2026-09-16T20:27:02+09:00,2026/09/17,2026/10/08,2026-10,CALL,64125,1430,,,26.77,25.68,1620,3,1550,3,,,,,
2026/09/16 20:12,2026-09-16T20:27:02+09:00,2026/09/17,2026/10/08,2026-10,PUT,64125,1890,,,26.3,25.76,1785,11,1750,5,,,,,
2026/09/16 20:12,2026-09-16T20:27:02+09:00,2026/09/17,2026/10/08,2026-10,CALL,64000,1480,,2,26.86,26,1685,7,1630,4,26.16,115,7.77,1595,09/16 19:35
2026/09/16 20:12,2026-09-16T20:27:02+09:00,2026/09/17,2026/10/08,2026-10,PUT,64000,1825,,1,26.39,25.53,1725,5,1670,33,26.04,,,1710,09/16 18:05
2026/09/16 20:12,2026-09-16T20:27:02+09:00,2026/09/17,2026/10/08,2026-10,CALL,63875,1540,,,26.62,25.68,1730,5,1670,5,,,,,
2026/09/16 20:12,2026-09-16T20:27:02+09:00,2026/09/17,2026/10/08,2026-10,PUT,63875,1750,,,26.54,25.83,1670,3,1625,3,,,,,
2026/09/16 20:12,2026-09-16T20:27:02+09:00,2026/09/17,2026/10/08,2026-10,CALL,63750,1620,,,27.6,25.41,1855,5,1715,5,,,,,
2026/09/16 20:12,2026-09-16T20:27:02+09:00,2026/09/17,2026/10/08,2026-10,PUT,63750,1705,,,26.58,25.95,1610,3,1570,3,,,,,
2026/09/16 20:12,2026-09-16T20:27:02+09:00,2026/09/17,2026/10/08,2026-10,CALL,63625,1670,,,26.84,25.66,1870,6,1795,5,,,,,
2026/09/16 20:12,2026-09-16T20:27:02+09:00,2026/09/17,2026/10/08,2026-10,PUT,63625,1630,,,26.68,25.97,1555,3,1510,3,,,,,
2026/09/16 20:12,2026-09-16T20:27:02+09:00,2026/09/17,2026/10/08,2026-10,CALL,63500,1735,,,26.84,25.57,1935,12,1855,7,,,,,
2026/09/16 20:12,2026-09-16T20:27:02+09:00,2026/09/17,2026/10/08,2026-10,PUT,63500,1600,,,26.76,26.21,1500,4,1465,2,,,,,
2026/09/16 20:12,2026-09-16T20:27:02+09:00,2026/09/17,2026/10/08,2026-10,CALL,63375,1820,,,27.13,26.02,2020,6,1950,1,,,,,
2026/09/16 20:12,2026-09-16T20:27:02+09:00,2026/09/17,2026/10/08,2026-10,PUT,63375,1530,,,27.05,26.18,1460,2,1405,2,,,,,
2026/09/16 20:12,2026-09-16T20:27:02+09:00,2026/09/17,2026/10/08,2026-10,CALL,63250,1890,,,27.16,25.73,2090,7,2000,6,,,,,
2026/09/16 20:12,2026-09-16T20:27:02+09:00,2026/09/17,2026/10/08,2026-10,PUT,63250,1485,,,27,26.45,1400,2,1365,3,,,,,
2026/09/16 20:12,2026-09-16T20:27:02+09:00,2026/09/17,2026/10/08,2026-10,CALL,63125,1980,,,27.49,26.05,2180,6,2090,5,,,,,
2026/09/16 20:12,2026-09-16T20:27:02+09:00,2026/09/17,2026/10/08,2026-10,PUT,63125,1440,,,27.09,26.29,1350,3,1300,3,,,,,
2026/09/16 20:12,2026-09-16T20:27:02+09:00,2026/09/17,2026/10/08,2026-10,CALL,63000,2040,,,28.13,25.79,2290,8,2145,8,,,,,
2026/09/16 20:12,2026-09-16T20:27:02+09:00,2026/09/17,2026/10/08,2026-10,PUT,63000,1400,,12,27.24,26.84,1305,5,1280,5,26.74,-120,-8.57,1280,09/16 18:05
2026/09/16 20:12,2026-09-16T20:27:02+09:00,2026/09/17,2026/10/08,2026-10,CALL,62875,2130,,,28.42,24.76,2380,8,2155,3,,,,,
2026/09/16 20:12,2026-09-16T20:27:02+09:00,2026/09/17,2026/10/08,2026-10,PUT,62875,1340,,,27.37,26.72,1260,3,1220,3,,,,,
2026/09/16 20:12,2026-09-16T20:27:02+09:00,2026/09/17,2026/10/08,2026-10,CALL,62750,2195,,,28.29,24.02,2445,8,2185,2,,,,,
2026/09/16 20:12,2026-09-16T20:27:02+09:00,2026/09/17,2026/10/08,2026-10,PUT,62750,1300,,20,27.47,27.23,1215,2,1200,10,27.38,-100,-7.69,1200,09/16 19:59
2026/09/16 20:12,2026-09-16T20:27:02+09:00,2026/09/17,2026/10/08,2026-10,CALL,62625,2285,,,28.55,24.07,2535,8,2265,8,,,,,
2026/09/16 20:12,2026-09-16T20:27:02+09:00,2026/09/17,2026/10/08,2026-10,PUT,62625,1245,,,27.56,26.9,1170,2,1130,3,,,,,
2026/09/16 20:12,2026-09-16T20:27:02+09:00,2026/09/17,2026/10/08,2026-10,CALL,62500,2360,,,28.37,26.7,2600,3,2500,6,,,,,
2026/09/16 20:12,2026-09-16T20:27:02+09:00,2026/09/17,2026/10/08,2026-10,PUT,62500,1200,,4,27.71,27.37,1130,4,1110,4,27.4,-180,-13.95,1110,09/16 20:04
2026/09/16 20:12,2026-09-16T20:27:02+09:00,2026/09/17,2026/10/08,2026-10,CALL,62375,2450,,,28.76,24.01,2700,8,2420,8,,,,,
2026/09/16 20:12,2026-09-16T20:27:02+09:00,2026/09/17,2026/10/08,2026-10,PUT,62375,1160,,,27.83,27.16,1090,2,1050,3,,,,,
2026/09/16 20:12,2026-09-16T20:27:02+09:00,2026/09/17,2026/10/08,2026-10,CALL,62250,2520,,,28.62,23.89,2770,7,2495,8,,,,,
2026/09/16 20:12,2026-09-16T20:27:02+09:00,2026/09/17,2026/10/08,2026-10,PUT,62250,1120,,27,27.94,27.34,1050,4,1015,5,27.32,-105,-9.01,1060,09/16 17:49
2026/09/16 20:12,2026-09-16T20:27:02+09:00,2026/09/17,2026/10/08,2026-10,CALL,62125,2615,,,28.88,23.92,2865,8,2580,8,,,,,
2026/09/16 20:12,2026-09-16T20:27:02+09:00,2026/09/17,2026/10/08,2026-10,PUT,62125,1075,,3,28.11,27.42,1015,3,975,3,27.5,,,1050,09/16 17:20
2026/09/16 20:12,2026-09-16T20:27:02+09:00,2026/09/17,2026/10/08,2026-10,CALL,62000,2695,,,28.87,25.62,2945,22,2760,11,,,,,
2026/09/16 20:12,2026-09-16T20:27:02+09:00,2026/09/17,2026/10/08,2026-10,PUT,62000,1035,,5,28.18,27.65,975,7,945,7,27.85,-50,-4.83,985,09/16 19:35
2026/09/16 20:12,2026-09-16T20:27:02+09:00,2026/09/17,2026/10/08,2026-10,CALL,61875,2785,,,29.01,23.9,3035,8,2750,8,,,,,
2026/09/16 20:12,2026-09-16T20:27:02+09:00,2026/09/17,2026/10/08,2026-10,PUT,61875,1000,,,28.31,27.69,940,2,905,3,,,,,
2026/09/16 20:12,2026-09-16T20:27:02+09:00,2026/09/17,2026/10/08,2026-10,CALL,61750,2870,,,29.05,23.75,3120,7,2830,8,,,,,
2026/09/16 20:12,2026-09-16T20:27:02+09:00,2026/09/17,2026/10/08,2026-10,PUT,61750,970,,,28.42,28.06,905,4,885,5,,,,,
2026/09/16 20:12,2026-09-16T20:27:02+09:00,2026/09/17,2026/10/08,2026-10,CALL,61625,2965,,,29.24,23.76,3215,8,2920,8,,,,,
2026/09/16 20:12,2026-09-16T20:27:02+09:00,2026/09/17,2026/10/08,2026-10,PUT,61625,930,,,28.52,27.97,870,3,840,3,,,,,
2026/09/16 20:12,2026-09-16T20:27:02+09:00,2026/09/17,2026/10/08,2026-10,CALL,61500,3050,,,29.23,23.65,3300,12,3005,3,,,,,
2026/09/16 20:12,2026-09-16T20:27:02+09:00,2026/09/17,2026/10/08,2026-10,PUT,61500,900,,1,28.68,28.4,840,6,825,2,28.31,-80,-8.89,820,09/16 20:06
2026/09/16 20:12,2026-09-16T20:27:02+09:00,2026/09/17,2026/10/08,2026-10,CALL,61375,3150,,,29.48,23.6,3400,6,3095,8,,,,,
2026/09/16 20:12,2026-09-16T20:27:02+09:00,2026/09/17,2026/10/08,2026-10,PUT,61375,865,,,28.83,28.26,810,2,780,3,,,,,
2026/09/16 20:12,2026-09-16T20:27:02+09:00,2026/09/17,2026/10/08,2026-10,CALL,61250,3240,,,29.52,23.52,3490,7,3185,8,,,,,
2026/09/16 20:12,2026-09-16T20:27:02+09:00,2026/09/17,2026/10/08,2026-10,PUT,61250,830,,,28.96,28.48,780,5,755,4,,,,,
2026/09/16 20:12,2026-09-16T20:27:02+09:00,2026/09/17,2026/10/08,2026-10,CALL,61125,3340,,,29.74,23.51,3590,6,3280,8,,,,,
2026/09/16 20:12,2026-09-16T20:27:02+09:00,2026/09/17,2026/10/08,2026-10,PUT,61125,800,,,29.16,28.48,755,2,720,2,,,,,
2026/09/16 20:12,2026-09-16T20:27:02+09:00,2026/09/17,2026/10/08,2026-10,CALL,61000,3430,,,29.74,23.15,3680,18,3360,7,,,,,
2026/09/16 20:12,2026-09-16T20:27:02+09:00,2026/09/17,2026/10/08,2026-10,PUT,61000,770,,7,29.16,28.66,720,7,695,7,28.7,-65,-7.98,750,09/16 18:47
2026/09/16 20:12,2026-09-16T20:27:02+09:00,2026/09/17,2026/10/08,2026-10,CALL,60875,3525,,,29.82,23.3,3775,6,3465,8,,,,,
2026/09/16 20:12,2026-09-16T20:27:02+09:00,2026/09/17,2026/10/08,2026-10,PUT,60875,735,,,29.33,28.82,695,2,670,3,,,,,
2026/09/16 20:12,2026-09-16T20:27:02+09:00,2026/09/17,2026/10/08,2026-10,CALL,60750,3625,,,29.99,23.07,3875,7,3555,8,,,,,
2026/09/16 20:12,2026-09-16T20:27:02+09:00,2026/09/17,2026/10/08,2026-10,PUT,60750,715,,,29.48,28.97,670,5,645,6,,,,,
2026/09/16 20:12,2026-09-16T20:27:02+09:00,2026/09/17,2026/10/08,2026-10,CALL,60625,3725,,,30.13,23.17,3975,6,3660,8,,,,,
2026/09/16 20:12,2026-09-16T20:27:02+09:00,2026/09/17,2026/10/08,2026-10,PUT,60625,685,,,29.62,29.1,645,2,620,4,,,,,
2026/09/16 20:12,2026-09-16T20:27:02+09:00,2026/09/17,2026/10/08,2026-10,CALL,60500,3820,,,30.16,22.87,4070,12,3750,3,,,,,
2026/09/16 20:12,2026-09-16T20:27:02+09:00,2026/09/17,2026/10/08,2026-10,PUT,60500,660,,9,29.73,29.42,620,8,605,4,29.43,-40,-6.06,620,09/16 19:51
2026/09/16 20:12,2026-09-16T20:27:02+09:00,2026/09/17,2026/10/08,2026-10,CALL,60375,3925,,,30.37,22.9,4175,6,3855,8,,,,,
2026/09/16 20:12,2026-09-16T20:27:02+09:00,2026/09/17,2026/10/08,2026-10,PUT,60375,640,,,29.83,29.51,595,4,580,14,,,,,
2026/09/16 20:12,2026-09-16T20:27:02+09:00,2026/09/17,2026/10/08,2026-10,CALL,60250,4025,,,30.46,22.64,4275,7,3950,8,,,,,
2026/09/16 20:12,2026-09-16T20:27:02+09:00,2026/09/17,2026/10/08,2026-10,PUT,60250,615,,,30.03,29.58,575,6,555,18,,,,,
2026/09/16 20:12,2026-09-16T20:27:02+09:00,2026/09/17,2026/10/08,2026-10,CALL,60125,4125,,,30.54,22.6,4375,1,4055,3,,,,,
2026/09/16 20:12,2026-09-16T20:27:02+09:00,2026/09/17,2026/10/08,2026-10,PUT,60125,590,,,30.2,29.86,555,4,540,2,,,,,
2026/09/16 20:12,2026-09-16T20:27:02+09:00,2026/09/17,2026/10/08,2026-10,CALL,60000,4230,,,30.7,21.92,4480,3,4140,7,,,,,
2026/09/16 20:12,2026-09-16T20:27:02+09:00,2026/09/17,2026/10/08,2026-10,PUT,60000,575,,23,30.25,30.02,530,6,520,4,30.15,-55,-9.57,520,09/16 20:11
2026/09/16 20:12,2026-09-16T20:27:02+09:00,2026/09/17,2026/10/08,2026-10,CALL,59875,4335,,,30.85,22.27,4585,1,4260,8,,,,,
2026/09/16 20:12,2026-09-16T20:27:02+09:00,2026/09/17,2026/10/08,2026-10,PUT,59875,545,,,30.51,30.04,515,4,495,4,,,,,
2026/09/16 20:12,2026-09-16T20:27:02+09:00,2026/09/17,2026/10/08,2026-10,CALL,59750,4435,,,39.98,21.94,5105,7,4360,8,,,,,
2026/09/16 20:12,2026-09-16T20:27:02+09:00,2026/09/17,2026/10/08,2026-10,PUT,59750,525,,,30.63,30.15,495,6,475,6,,,,,
2026/09/16 20:12,2026-09-16T20:27:02+09:00,2026/09/17,2026/10/08,2026-10,CALL,59625,4545,,,40.25,21.9,5210,7,4470,8,,,,,
2026/09/16 20:12,2026-09-16T20:27:02+09:00,2026/09/17,2026/10/08,2026-10,PUT,59625,505,,,30.74,30.38,475,4,460,4,,,,,
2026/09/16 20:12,2026-09-16T20:27:02+09:00,2026/09/17,2026/10/08,2026-10,CALL,59500,4650,,,39.56,21.23,5270,2,4565,3,,,,,
2026/09/16 20:12,2026-09-16T20:27:02+09:00,2026/09/17,2026/10/08,2026-10,PUT,59500,500,,4,30.96,30.59,460,8,445,8,30.42,-40,-8,460,09/16 18:42
2026/09/16 20:12,2026-09-16T20:27:02+09:00,2026/09/17,2026/10/08,2026-10,CALL,59375,4755,,,37.84,21.29,5285,3,4680,3,,,,,
2026/09/16 20:12,2026-09-16T20:27:02+09:00,2026/09/17,2026/10/08,2026-10,PUT,59375,475,,,31.04,30.66,440,4,425,4,,,,,
2026/09/16 20:12,2026-09-16T20:27:02+09:00,2026/09/17,2026/10/08,2026-10,CALL,59250,4860,,,39.36,20.62,5450,2,4780,8,,,,,
2026/09/16 20:12,2026-09-16T20:27:02+09:00,2026/09/17,2026/10/08,2026-10,PUT,59250,450,,,31.23,30.84,425,6,410,6,,,,,
2026/09/16 20:12,2026-09-16T20:27:02+09:00,2026/09/17,2026/10/08,2026-10,CALL,59125,4970,,,41.31,20.56,5635,3,4895,8,,,,,
2026/09/16 20:12,2026-09-16T20:27:02+09:00,2026/09/17,2026/10/08,2026-10,PUT,59125,435,,2,31.4,31,410,5,395,5,30.95,-60,-12.9,405,09/16 19:41
2026/09/16 20:12,2026-09-16T20:27:02+09:00,2026/09/17,2026/10/08,2026-10,CALL,59000,5080,,,38.61,18.95,5610,5,4985,7,,,,,
2026/09/16 20:12,2026-09-16T20:27:02+09:00,2026/09/17,2026/10/08,2026-10,PUT,59000,425,,5,31.56,31.29,395,13,385,9,31.2,-30,-7.06,395,09/16 19:35
2026/09/16 20:12,2026-09-16T20:27:02+09:00,2026/09/17,2026/10/08,2026-10,CALL,58875,5190,,,40.84,19.35,5805,3,5110,8,,,,,
2026/09/16 20:12,2026-09-16T20:27:02+09:00,2026/09/17,2026/10/08,2026-10,PUT,58875,405,,,31.71,31.29,380,5,365,5,,,,,
2026/09/16 20:12,2026-09-16T20:27:02+09:00,2026/09/17,2026/10/08,2026-10,CALL,58750,5305,,,39.16,18.18,5830,1,5215,6,,,,,
2026/09/16 20:12,2026-09-16T20:27:02+09:00,2026/09/17,2026/10/08,2026-10,PUT,58750,390,,2,31.84,31.55,365,7,355,7,31.63,-55,-13.1,365,09/16 18:12
2026/09/16 20:12,2026-09-16T20:27:02+09:00,2026/09/17,2026/10/08,2026-10,CALL,58625,5410,,,43.12,17.55,6100,5,5330,5,,,,,
2026/09/16 20:12,2026-09-16T20:27:02+09:00,2026/09/17,2026/10/08,2026-10,PUT,58625,375,,1,32.1,31.66,355,5,340,5,31.76,-50,-12.5,350,09/16 17:56
2026/09/16 20:12,2026-09-16T20:27:02+09:00,2026/09/17,2026/10/08,2026-10,CALL,58500,5525,,,39.9,,6060,1,5425,10,,,,,
2026/09/16 20:12,2026-09-16T20:27:02+09:00,2026/09/17,2026/10/08,2026-10,PUT,58500,365,,3,32.2,31.9,340,10,330,10,31.86,-25,-6.85,340,09/16 19:35
2026/09/16 20:12,2026-09-16T20:27:02+09:00,2026/09/17,2026/10/08,2026-10,CALL,58375,5635,,,42.08,0,6250,1,5555,5,,,,,
2026/09/16 20:12,2026-09-16T20:27:02+09:00,2026/09/17,2026/10/08,2026-10,PUT,58375,350,,,32.44,31.98,330,5,315,5,,,,,
2026/09/16 20:12,2026-09-16T20:27:02+09:00,2026/09/17,2026/10/08,2026-10,CALL,58250,5750,,,42.46,,6365,1,5665,6,,,,,
2026/09/16 20:12,2026-09-16T20:27:02+09:00,2026/09/17,2026/10/08,2026-10,PUT,58250,335,,,32.67,32.2,320,7,305,7,,,,,
2026/09/16 20:12,2026-09-16T20:27:02+09:00,2026/09/17,2026/10/08,2026-10,CALL,58000,5975,,,43.2,,6595,1,5865,15,,,,,
2026/09/16 20:12,2026-09-16T20:27:02+09:00,2026/09/17,2026/10/08,2026-10,PUT,58000,315,,6,32.99,32.4,297,9,279,9,32.36,-17,-5.4,298,09/16 18:33
2026/09/16 20:12,2026-09-16T20:27:02+09:00,2026/09/17,2026/10/08,2026-10,CALL,57750,6205,,,43.67,,6815,1,6120,6,,,,,
2026/09/16 20:12,2026-09-16T20:27:02+09:00,2026/09/17,2026/10/08,2026-10,PUT,57750,292,,1,33.33,32.74,276,3,259,3,32.82,-15,-4.69,305,09/16 17:11
2026/09/16 20:12,2026-09-16T20:27:02+09:00,2026/09/17,2026/10/08,2026-10,CALL,57500,6435,,,42.24,,6965,1,6335,10,,,,,
2026/09/16 20:12,2026-09-16T20:27:02+09:00,2026/09/17,2026/10/08,2026-10,PUT,57500,273,,,33.69,33.25,257,6,245,6,,,,,
2026/09/16 20:12,2026-09-16T20:27:02+09:00,2026/09/17,2026/10/08,2026-10,CALL,57250,6665,,,47.38,,7365,6,6580,6,,,,,
2026/09/16 20:12,2026-09-16T20:27:02+09:00,2026/09/17,2026/10/08,2026-10,PUT,57250,256,,,34.07,33.53,240,3,226,24,,,,,
2026/09/16 20:12,2026-09-16T20:27:02+09:00,2026/09/17,2026/10/08,2026-10,CALL,57000,6900,,,43,,7410,1,6790,15,,,,,
2026/09/16 20:12,2026-09-16T20:27:02+09:00,2026/09/17,2026/10/08,2026-10,PUT,57000,242,,25,34.53,34.21,226,9,218,1,34.36,-12,-4.96,230,09/16 19:37
2026/09/16 20:12,2026-09-16T20:27:02+09:00,2026/09/17,2026/10/08,2026-10,CALL,56750,7130,,,48.9,,7830,6,7050,6,,,,,
2026/09/16 20:12,2026-09-16T20:27:02+09:00,2026/09/17,2026/10/08,2026-10,PUT,56750,224,,4,34.95,34.4,212,3,199,3,34.51,1,0.45,225,09/16 17:26
2026/09/16 20:12,2026-09-16T20:27:02+09:00,2026/09/17,2026/10/08,2026-10,CALL,56500,7365,,,40.97,,7775,1,7270,10,,,,,
2026/09/16 20:12,2026-09-16T20:27:02+09:00,2026/09/17,2026/10/08,2026-10,PUT,56500,211,,4,35.37,34.7,199,28,184,36,35.01,-19,-9,192,09/16 18:05
2026/09/16 20:12,2026-09-16T20:27:02+09:00,2026/09/17,2026/10/08,2026-10,CALL,56250,7605,,,47.02,,8180,1,7525,6,,,,,
2026/09/16 20:12,2026-09-16T20:27:02+09:00,2026/09/17,2026/10/08,2026-10,PUT,56250,197,,2,35.71,35.19,185,5,174,5,35.57,-2,-1.02,195,09/16 17:19
2026/09/16 20:12,2026-09-16T20:27:02+09:00,2026/09/17,2026/10/08,2026-10,CALL,56000,7840,,,42.75,,8265,1,7735,15,,,,,
2026/09/16 20:12,2026-09-16T20:27:02+09:00,2026/09/17,2026/10/08,2026-10,PUT,56000,185,,10,36.15,35.61,174,12,163,12,35.84,-12,-6.49,173,09/16 19:40
2026/09/16 20:12,2026-09-16T20:27:02+09:00,2026/09/17,2026/10/08,2026-10,CALL,55750,8080,,,46.43,,8590,1,8000,6,,,,,
2026/09/16 20:12,2026-09-16T20:27:02+09:00,2026/09/17,2026/10/08,2026-10,PUT,55750,173,,,36.6,36.08,164,5,154,5,,,,,
2026/09/16 20:12,2026-09-16T20:27:02+09:00,2026/09/17,2026/10/08,2026-10,CALL,55500,8320,,,53.04,,9015,1,8230,10,,,,,
2026/09/16 20:12,2026-09-16T20:27:02+09:00,2026/09/17,2026/10/08,2026-10,PUT,55500,164,,,37.07,36.47,155,8,144,8,,,,,
2026/09/16 20:12,2026-09-16T20:27:02+09:00,2026/09/17,2026/10/08,2026-10,CALL,55250,8560,,,49.48,,9115,1,8485,6,,,,,
2026/09/16 20:12,2026-09-16T20:27:02+09:00,2026/09/17,2026/10/08,2026-10,PUT,55250,154,,,37.51,36.94,146,5,136,5,,,,,
2026/09/16 20:12,2026-09-16T20:27:02+09:00,2026/09/17,2026/10/08,2026-10,CALL,55000,8805,,,52.1,,9410,1,8695,15,,,,,
2026/09/16 20:12,2026-09-16T20:27:02+09:00,2026/09/17,2026/10/08,2026-10,PUT,55000,146,,14,37.8,37.56,135,1,131,12,37.5,-12,-8.22,134,09/16 19:12
2026/09/16 20:12,2026-09-16T20:27:02+09:00,2026/09/17,2026/10/08,2026-10,CALL,54750,9045,,,45.44,,9450,1,8970,6,,,,,
2026/09/16 20:12,2026-09-16T20:27:02+09:00,2026/09/17,2026/10/08,2026-10,PUT,54750,137,,,38.42,37.85,130,5,121,5,,,,,
2026/09/16 20:12,2026-09-16T20:27:02+09:00,2026/09/17,2026/10/08,2026-10,CALL,54500,9285,,,51.77,,9835,1,9195,10,,,,,
2026/09/16 20:12,2026-09-16T20:27:02+09:00,2026/09/17,2026/10/08,2026-10,PUT,54500,129,,,38.89,38.3,123,8,114,8,,,,,
2026/09/16 20:12,2026-09-16T20:27:02+09:00,2026/09/17,2026/10/08,2026-10,CALL,54250,9530,,,53.59,,10105,1,9455,6,,,,,
2026/09/16 20:12,2026-09-16T20:27:02+09:00,2026/09/17,2026/10/08,2026-10,PUT,54250,122,,,39.47,38.78,118,21,108,5,,,,,
2026/09/16 20:12,2026-09-16T20:27:02+09:00,2026/09/17,2026/10/08,2026-10,CALL,54000,9775,,,49.83,,10230,1,9670,15,,,,,
2026/09/16 20:12,2026-09-16T20:27:02+09:00,2026/09/17,2026/10/08,2026-10,PUT,54000,117,,6,39.88,39.23,111,12,102,17,39.41,-10,-8.55,107,09/16 19:52
2026/09/16 20:12,2026-09-16T20:27:02+09:00,2026/09/17,2026/10/08,2026-10,CALL,53750,10015,,,57.26,,10645,1,9945,6,,,,,
2026/09/16 20:12,2026-09-16T20:27:02+09:00,2026/09/17,2026/10/08,2026-10,PUT,53750,113,,,40.35,39.74,105,5,97,7,,,,,
2026/09/16 20:12,2026-09-16T20:27:02+09:00,2026/09/17,2026/10/08,2026-10,CALL,53500,10260,,,59.98,,10940,10,10175,10,,,,,
2026/09/16 20:12,2026-09-16T20:27:02+09:00,2026/09/17,2026/10/08,2026-10,PUT,53500,105,,,40.86,40.22,100,8,92,10,,,,,
2026/09/16 20:12,2026-09-16T20:27:02+09:00,2026/09/17,2026/10/08,2026-10,CALL,53250,10505,,,53.42,,10990,1,10435,6,,,,,
2026/09/16 20:12,2026-09-16T20:27:02+09:00,2026/09/17,2026/10/08,2026-10,PUT,53250,99,,,41.43,40.77,96,21,88,5,,,,,
2026/09/16 20:12,2026-09-16T20:27:02+09:00,2026/09/17,2026/10/08,2026-10,CALL,53000,10750,,,60.67,,11395,1,10650,15,,,,,
2026/09/16 20:12,2026-09-16T20:27:02+09:00,2026/09/17,2026/10/08,2026-10,PUT,53000,95,,9,41.98,41.56,92,51,87,12,41.53,-6,-6.32,89,09/16 19:55
2026/09/16 20:12,2026-09-16T20:27:02+09:00,2026/09/17,2026/10/08,2026-10,CALL,52750,10995,,,62.73,,11670,6,10925,6,,,,,
2026/09/16 20:12,2026-09-16T20:27:02+09:00,2026/09/17,2026/10/08,2026-10,PUT,52750,90,,,42.52,41.61,88,31,78,31,,,,,
2026/09/16 20:12,2026-09-16T20:27:02+09:00,2026/09/17,2026/10/08,2026-10,CALL,52500,11240,,,62.76,,11890,1,11155,10,,,,,
2026/09/16 20:12,2026-09-16T20:27:02+09:00,2026/09/17,2026/10/08,2026-10,PUT,52500,86,,,43.04,42.09,84,46,74,46,,,,,
2026/09/16 20:12,2026-09-16T20:27:02+09:00,2026/09/17,2026/10/08,2026-10,CALL,52250,11485,,,59.66,,12035,1,11380,5,,,,,
2026/09/16 20:12,2026-09-16T20:27:02+09:00,2026/09/17,2026/10/08,2026-10,PUT,52250,84,,4,43.54,42.75,80,22,72,5,43.17,-4,-4.76,80,09/16 17:49
2026/09/16 20:12,2026-09-16T20:27:02+09:00,2026/09/17,2026/10/08,2026-10,CALL,52000,11735,,,,,,,,,,,,,
2026/09/16 20:12,2026-09-16T20:27:02+09:00,2026/09/17,2026/10/08,2026-10,PUT,52000,80,,4,43.92,43.51,75,12,71,12,43.73,-8,-10,72,09/16 20:00
2026/09/16 20:12,2026-09-16T20:27:02+09:00,2026/09/17,2026/10/08,2026-10,CALL,51750,11980,,,,,,,,,,,,,
2026/09/16 20:12,2026-09-16T20:27:02+09:00,2026/09/17,2026/10/08,2026-10,PUT,51750,75,,,44.58,43.61,73,22,64,32,,,,,
2026/09/16 20:12,2026-09-16T20:27:02+09:00,2026/09/17,2026/10/08,2026-10,CALL,51500,12225,,,,,,,,,,,,,
2026/09/16 20:12,2026-09-16T20:27:02+09:00,2026/09/17,2026/10/08,2026-10,PUT,51500,72,,,45.12,44.23,70,46,62,8,,,,,
2026/09/16 20:12,2026-09-16T20:27:02+09:00,2026/09/17,2026/10/08,2026-10,CALL,51250,12470,,,,,,,,,,,,,
2026/09/16 20:12,2026-09-16T20:27:02+09:00,2026/09/17,2026/10/08,2026-10,PUT,51250,68,,,45.65,44.84,67,32,60,5,,,,,
2026/09/16 20:12,2026-09-16T20:27:02+09:00,2026/09/17,2026/10/08,2026-10,CALL,51000,12720,,,,,,,,,,,,,
2026/09/16 20:12,2026-09-16T20:27:02+09:00,2026/09/17,2026/10/08,2026-10,PUT,51000,65,,5,46.05,45.69,63,12,60,1,45.75,-7,-10.45,60,09/16 19:59
2026/09/16 20:12,2026-09-16T20:27:02+09:00,2026/09/17,2026/10/08,2026-10,CALL,50750,12965,,,,,,,,,,,,,
2026/09/16 20:12,2026-09-16T20:27:02+09:00,2026/09/17,2026/10/08,2026-10,PUT,50750,63,,,46.54,45.9,60,5,55,5,,,,,
2026/09/16 20:12,2026-09-16T20:27:02+09:00,2026/09/17,2026/10/08,2026-10,CALL,50500,13215,,,,,,,,,,,,,
2026/09/16 20:12,2026-09-16T20:27:02+09:00,2026/09/17,2026/10/08,2026-10,PUT,50500,62,,,47.27,46.21,59,46,51,46,,,,,
2026/09/16 20:12,2026-09-16T20:27:02+09:00,2026/09/17,2026/10/08,2026-10,CALL,50250,13460,,,,,,,,,,,,,
2026/09/16 20:12,2026-09-16T20:27:02+09:00,2026/09/17,2026/10/08,2026-10,PUT,50250,57,,,47.6,46.9,55,5,50,5,,,,,
2026/09/16 20:12,2026-09-16T20:27:02+09:00,2026/09/17,2026/10/08,2026-10,CALL,50000,13710,,,,,,,,,,,,,
2026/09/16 20:12,2026-09-16T20:27:02+09:00,2026/09/17,2026/10/08,2026-10,PUT,50000,54,,8,48.17,47.74,53,13,50,17,48,-3,-5.56,51,09/16 20:00
2026/09/16 20:12,2026-09-16T20:27:02+09:00,2026/09/17,2026/10/08,2026-10,CALL,49750,13955,,,,,,,,,,,,,
2026/09/16 20:12,2026-09-16T20:27:02+09:00,2026/09/17,2026/10/08,2026-10,PUT,49750,51,,,48.73,47.83,51,5,45,32,,,,,
2026/09/16 20:12,2026-09-16T20:27:02+09:00,2026/09/17,2026/10/08,2026-10,CALL,49500,14205,,,,,,,,,,,,,
2026/09/16 20:12,2026-09-16T20:27:02+09:00,2026/09/17,2026/10/08,2026-10,PUT,49500,52,,,49.28,48.34,49,8,43,46,,,,,
2026/09/16 20:12,2026-09-16T20:27:02+09:00,2026/09/17,2026/10/08,2026-10,CALL,49250,14450,,,,,,,,,,,,,
2026/09/16 20:12,2026-09-16T20:27:02+09:00,2026/09/17,2026/10/08,2026-10,PUT,49250,50,,,49.82,48.84,47,5,41,32,,,,,
2026/09/16 20:12,2026-09-16T20:27:02+09:00,2026/09/17,2026/10/08,2026-10,CALL,49000,14700,,,,,,,,,,,,,
2026/09/16 20:12,2026-09-16T20:27:02+09:00,2026/09/17,2026/10/08,2026-10,PUT,49000,48,,16,50.18,49.49,44,2,40,54,49.73,-5,-10.42,43,09/16 18:40
2026/09/16 20:12,2026-09-16T20:27:02+09:00,2026/09/17,2026/10/08,2026-10,CALL,48750,14945,,,,,,,,,,,,,
2026/09/16 20:12,2026-09-16T20:27:02+09:00,2026/09/17,2026/10/08,2026-10,PUT,48750,44,,,50.85,49.96,43,5,38,32,,,,,
2026/09/16 20:12,2026-09-16T20:27:02+09:00,2026/09/17,2026/10/08,2026-10,CALL,48500,15195,,,,,,,,,,,,,
2026/09/16 20:12,2026-09-16T20:27:02+09:00,2026/09/17,2026/10/08,2026-10,PUT,48500,42,,,51.87,50.21,44,39,35,36,,,,,
2026/09/16 20:12,2026-09-16T20:27:02+09:00,2026/09/17,2026/10/08,2026-10,CALL,48250,15445,,,,,,,,,,,,,
2026/09/16 20:12,2026-09-16T20:27:02+09:00,2026/09/17,2026/10/08,2026-10,PUT,48250,40,,,52.54,50.63,43,8,33,28,,,,,
2026/09/16 20:12,2026-09-16T20:27:02+09:00,2026/09/17,2026/10/08,2026-10,CALL,48000,15690,,,,,,,,,,,,,
2026/09/16 20:12,2026-09-16T20:27:02+09:00,2026/09/17,2026/10/08,2026-10,PUT,48000,38,,11,53.03,51.24,41,57,32,12,51.87,-4,-10.26,35,09/16 20:06
2026/09/16 20:12,2026-09-16T20:27:02+09:00,2026/09/17,2026/10/08,2026-10,CALL,47750,15940,,,,,,,,,,,,,
2026/09/16 20:12,2026-09-16T20:27:02+09:00,2026/09/17,2026/10/08,2026-10,PUT,47750,35,,,55.11,50.4,48,8,25,8,,,,,
2026/09/16 20:12,2026-09-16T20:27:02+09:00,2026/09/17,2026/10/08,2026-10,CALL,47500,16185,,,,,,,,,,,,,
2026/09/16 20:12,2026-09-16T20:27:02+09:00,2026/09/17,2026/10/08,2026-10,PUT,47500,34,,,55.46,52.2,45,11,29,11,,,,,
2026/09/16 20:12,2026-09-16T20:27:02+09:00,2026/09/17,2026/10/08,2026-10,CALL,47250,16435,,,,,,,,,,,,,
2026/09/16 20:12,2026-09-16T20:27:02+09:00,2026/09/17,2026/10/08,2026-10,PUT,47250,34,,,56.33,51.18,45,8,22,8,,,,,
2026/09/16 20:12,2026-09-16T20:27:02+09:00,2026/09/17,2026/10/08,2026-10,CALL,47000,16685,,,,,,,,,,,,,
2026/09/16 20:12,2026-09-16T20:27:02+09:00,2026/09/17,2026/10/08,2026-10,PUT,47000,32,,6,54.56,53.35,32,3,27,12,54.33,-4,-11.43,31,09/16 20:06
2026/09/16 20:12,2026-09-16T20:27:02+09:00,2026/09/17,2026/10/08,2026-10,CALL,46750,16935,,,,,,,,,,,,,
2026/09/16 20:12,2026-09-16T20:27:02+09:00,2026/09/17,2026/10/08,2026-10,PUT,46750,30,,,56.07,52.17,35,8,20,8,,,,,
2026/09/16 20:12,2026-09-16T20:27:02+09:00,2026/09/17,2026/10/08,2026-10,CALL,46500,17180,,,,,,,,,,,,,
2026/09/16 20:12,2026-09-16T20:27:02+09:00,2026/09/17,2026/10/08,2026-10,PUT,46500,29,,,57.97,52.31,40,11,18,11,,,,,
2026/09/16 20:12,2026-09-16T20:27:02+09:00,2026/09/17,2026/10/08,2026-10,CALL,46250,17430,,,,,,,,,,,,,
2026/09/16 20:12,2026-09-16T20:27:02+09:00,2026/09/17,2026/10/08,2026-10,PUT,46250,28,,,58.84,52.74,40,8,17,8,,,,,
2026/09/16 20:12,2026-09-16T20:27:02+09:00,2026/09/17,2026/10/08,2026-10,CALL,46000,17680,,,,,,,,,,,,,
2026/09/16 20:12,2026-09-16T20:27:02+09:00,2026/09/17,2026/10/08,2026-10,PUT,46000,29,,5,56.94,56.4,28,12,26,1,56.33,-2,-6.9,27,09/16 19:22
2026/09/16 20:12,2026-09-16T20:27:02+09:00,2026/09/17,2026/10/08,2026-10,CALL,45750,17925,,,,,,,,,,,,,
2026/09/16 20:12,2026-09-16T20:27:02+09:00,2026/09/17,2026/10/08,2026-10,PUT,45750,25,,,60.16,53.55,38,8,15,8,,,,,
2026/09/16 20:12,2026-09-16T20:27:02+09:00,2026/09/17,2026/10/08,2026-10,CALL,45500,18175,,,,,,,,,,,,,
2026/09/16 20:12,2026-09-16T20:27:02+09:00,2026/09/17,2026/10/08,2026-10,PUT,45500,26,,,59.65,55.14,32,11,17,11,,,,,
2026/09/16 20:12,2026-09-16T20:27:02+09:00,2026/09/17,2026/10/08,2026-10,CALL,45250,18425,,,,,,,,,,,,,
2026/09/16 20:12,2026-09-16T20:27:02+09:00,2026/09/17,2026/10/08,2026-10,PUT,45250,24,,,60,56.69,30,8,19,8,,,,,
2026/09/16 20:12,2026-09-16T20:27:02+09:00,2026/09/17,2026/10/08,2026-10,CALL,45000,18675,,,,,,,,,,,,,
2026/09/16 20:12,2026-09-16T20:27:02+09:00,2026/09/17,2026/10/08,2026-10,PUT,45000,25,,16,58.85,58.2,23,3,21,12,58.6,-3,-12,22,09/16 20:10
2026/09/16 20:12,2026-09-16T20:27:02+09:00,2026/09/17,2026/10/08,2026-10,CALL,44750,18925,,,,,,,,,,,,,
2026/09/16 20:12,2026-09-16T20:27:02+09:00,2026/09/17,2026/10/08,2026-10,PUT,44750,22,,,61.18,58.33,28,8,19,8,,,,,
2026/09/16 20:12,2026-09-16T20:27:02+09:00,2026/09/17,2026/10/08,2026-10,CALL,44500,19175,,,,,,,,,,,,,
2026/09/16 20:12,2026-09-16T20:27:02+09:00,2026/09/17,2026/10/08,2026-10,PUT,44500,22,,,62.04,59.16,28,11,19,8,,,,,
2026/09/16 20:12,2026-09-16T20:27:02+09:00,2026/09/17,2026/10/08,2026-10,CALL,44250,19420,,,,,,,,,,,,,
2026/09/16 20:12,2026-09-16T20:27:02+09:00,2026/09/17,2026/10/08,2026-10,PUT,44250,21,,,62.62,59.61,27,8,18,5,,,,,
2026/09/16 20:12,2026-09-16T20:27:02+09:00,2026/09/17,2026/10/08,2026-10,CALL,44000,19670,,,,,,,,,,,,,
2026/09/16 20:12,2026-09-16T20:27:02+09:00,2026/09/17,2026/10/08,2026-10,PUT,44000,20,,1,63.18,60.04,26,18,17,12,60.89,-1,-4.76,20,09/16 18:54
2026/09/16 20:12,2026-09-16T20:27:02+09:00,2026/09/17,2026/10/08,2026-10,CALL,43750,19920,,,,,,,,,,,,,
2026/09/16 20:12,2026-09-16T20:27:02+09:00,2026/09/17,2026/10/08,2026-10,PUT,43750,19,,,63.74,60.44,25,8,16,5,,,,,
2026/09/16 20:12,2026-09-16T20:27:02+09:00,2026/09/17,2026/10/08,2026-10,CALL,43500,20170,,,,,,,,,,,,,
2026/09/16 20:12,2026-09-16T20:27:02+09:00,2026/09/17,2026/10/08,2026-10,PUT,43500,18,,,62.88,61.27,20,11,16,8,,,,,
2026/09/16 20:12,2026-09-16T20:27:02+09:00,2026/09/17,2026/10/08,2026-10,CALL,43250,20415,,,,,,,,,,,,,
2026/09/16 20:12,2026-09-16T20:27:02+09:00,2026/09/17,2026/10/08,2026-10,PUT,43250,17,,,64.81,61.65,23,8,15,5,,,,,
2026/09/16 20:12,2026-09-16T20:27:02+09:00,2026/09/17,2026/10/08,2026-10,CALL,43000,20665,,,,,,,,,,,,,
2026/09/16 20:12,2026-09-16T20:27:02+09:00,2026/09/17,2026/10/08,2026-10,PUT,43000,16,,,63.8,62.94,18,14,16,1,,,,,
2026/09/16 20:12,2026-09-16T20:27:02+09:00,2026/09/17,2026/10/08,2026-10,CALL,42750,20915,,,,,,,,,,,,,
2026/09/16 20:12,2026-09-16T20:27:02+09:00,2026/09/17,2026/10/08,2026-10,PUT,42750,16,,,66.2,62.32,22,8,13,8,,,,,
2026/09/16 20:12,2026-09-16T20:27:02+09:00,2026/09/17,2026/10/08,2026-10,CALL,42000,21665,,,,,,,,,,,,,
2026/09/16 20:12,2026-09-16T20:27:02+09:00,2026/09/17,2026/10/08,2026-10,PUT,42000,14,,,65.85,64.82,15,12,13,1,,,,,
2026/09/16 20:12,2026-09-16T20:27:02+09:00,2026/09/17,2026/10/08,2026-10,CALL,41000,22660,,,,,,,,,,,,,
2026/09/16 20:12,2026-09-16T20:27:02+09:00,2026/09/17,2026/10/08,2026-10,PUT,41000,12,,5,68.77,66.35,14,61,10,12,67.63,-1,-7.69,12,09/16 20:06
2026/09/16 20:12,2026-09-16T20:27:02+09:00,2026/09/17,2026/10/08,2026-10,CALL,40000,23660,,,,,,,,,,,,,
2026/09/16 20:12,2026-09-16T20:27:02+09:00,2026/09/17,2026/10/08,2026-10,PUT,40000,11,,40,70.43,68.99,11,27,9,58,69.7,-1,-9.09,10,09/16 20:07
2026/09/16 20:12,2026-09-16T20:27:02+09:00,2026/09/17,2026/10/08,2026-10,CALL,39000,24655,,,,,,,,,,,,,
2026/09/16 20:12,2026-09-16T20:27:02+09:00,2026/09/17,2026/10/08,2026-10,PUT,39000,9,,4,72.43,70.65,9,15,7,27,71.85,0,0,9,09/16 17:26
2026/09/16 20:12,2026-09-16T20:27:02+09:00,2026/09/17,2026/10/08,2026-10,CALL,38000,25655,,,,,,,,,,,,,
2026/09/16 20:12,2026-09-16T20:27:02+09:00,2026/09/17,2026/10/08,2026-10,PUT,38000,8,,1,75.06,73.01,8,27,6,29,74.85,0,0,8,09/16 17:31
2026/09/16 20:12,2026-09-16T20:27:02+09:00,2026/09/17,2026/10/08,2026-10,CALL,37000,26650,,,,,,,,,,,,,
2026/09/16 20:12,2026-09-16T20:27:02+09:00,2026/09/17,2026/10/08,2026-10,PUT,37000,7,,2,77.62,76.5,7,27,6,5,77.34,0,0,7,09/16 18:17
2026/09/16 20:12,2026-09-16T20:27:02+09:00,2026/09/17,2026/10/08,2026-10,CALL,36000,27650,,,,,,,,,,,,,
2026/09/16 20:12,2026-09-16T20:27:02+09:00,2026/09/17,2026/10/08,2026-10,PUT,36000,5,,5,80.07,77.18,6,100,4,98,78.78,0,0,5,09/16 19:59
2026/09/16 20:12,2026-09-16T20:27:02+09:00,2026/09/17,2026/10/08,2026-10,CALL,35000,28645,,,,,,,,,,,,,
2026/09/16 20:12,2026-09-16T20:27:02+09:00,2026/09/17,2026/10/08,2026-10,PUT,35000,5,,13,82.35,80.73,5,27,4,157,82.36,0,0,5,09/16 20:05
2026/09/16 20:12,2026-09-16T20:27:02+09:00,2026/09/17,2026/10/08,2026-10,CALL,34000,29645,,,,,,,,,,,,,
2026/09/16 20:12,2026-09-16T20:27:02+09:00,2026/09/17,2026/10/08,2026-10,PUT,34000,4,,4,84.38,82.33,4,13,3,27,84.43,0,0,4,09/16 19:59
2026/09/16 20:12,2026-09-16T20:27:02+09:00,2026/09/17,2026/10/08,2026-10,CALL,33000,30645,,,,,,,,,,,,,
2026/09/16 20:12,2026-09-16T20:27:02+09:00,2026/09/17,2026/10/08,2026-10,PUT,33000,4,,,88.13,86,4,109,3,22,,,,,
2026/09/16 20:12,2026-09-16T20:27:02+09:00,2026/09/17,2026/10/08,2026-10,CALL,32000,31645,,,,,,,,,,,,,
2026/09/16 20:12,2026-09-16T20:27:02+09:00,2026/09/17,2026/10/08,2026-10,PUT,32000,3,,,89.78,86.89,3,36,2,18,,,,,
2026/09/16 20:12,2026-09-16T20:27:02+09:00,2026/09/17,2026/10/08,2026-10,CALL,31000,32640,,,,,,,,,,,,,
2026/09/16 20:12,2026-09-16T20:27:02+09:00,2026/09/17,2026/10/08,2026-10,PUT,31000,2,,,93.68,86.06,3,12,1,160,,,,,
2026/09/16 20:12,2026-09-16T20:27:02+09:00,2026/09/17,2026/10/08,2026-10,CALL,30000,33640,,,,,,,,,,,,,
2026/09/16 20:12,2026-09-16T20:27:02+09:00,2026/09/17,2026/10/08,2026-10,PUT,30000,2,,1,97.7,94.57,3,79,2,1,93.86,0,0,2,09/16 17:09
2026/09/16 20:12,2026-09-16T20:27:02+09:00,2026/09/17,2026/10/08,2026-10,CALL,29000,34640,,,,,,,,,,,,,
2026/09/16 20:12,2026-09-16T20:27:02+09:00,2026/09/17,2026/10/08,2026-10,PUT,29000,1,,3,98.61,93.63,2,21,1,94,98.62,0,0,2,09/16 20:02
2026/09/16 20:12,2026-09-16T20:27:02+09:00,2026/09/17,2026/10/08,2026-10,CALL,28000,35635,,,,,,,,,,,,,
2026/09/16 20:12,2026-09-16T20:27:02+09:00,2026/09/17,2026/10/08,2026-10,PUT,28000,1,,,102.78,97.61,2,130,1,85,,,,,
2026/09/16 20:12,2026-09-16T20:27:02+09:00,2026/09/17,2026/10/08,2026-10,CALL,27000,36635,,,,,,,,,,,,,
2026/09/16 20:12,2026-09-16T20:27:02+09:00,2026/09/17,2026/10/08,2026-10,PUT,27000,1,,,107.11,101.73,2,129,1,104,,,,,
2026/09/16 20:12,2026-09-16T20:27:02+09:00,2026/09/17,2026/10/08,2026-10,CALL,26000,37635,,,,,,,,,,,,,
2026/09/16 20:12,2026-09-16T20:27:02+09:00,2026/09/17,2026/10/08,2026-10,PUT,26000,1,,48,111.6,,2,133,,,105.65,0,0,1,09/16 17:00
2026/09/16 20:12,2026-09-16T20:27:02+09:00,2026/09/17,2026/11/12,2026-11,CALL,82500,16,,1,26.43,25.71,19,1,15,18,25.83,0,0,16,09/16 17:34
2026/09/16 20:12,2026-09-16T20:27:02+09:00,2026/09/17,2026/11/12,2026-11,PUT,82500,18730,,,,,,,,,,,,,
2026/09/16 20:12,2026-09-16T20:27:02+09:00,2026/09/17,2026/11/12,2026-11,CALL,80000,34,,,26.09,24.61,40,81,26,24,,,,,
2026/09/16 20:12,2026-09-16T20:27:02+09:00,2026/09/17,2026/11/12,2026-11,PUT,80000,16250,,,,,,,,,,,,,
2026/09/16 20:12,2026-09-16T20:27:02+09:00,2026/09/17,2026/11/12,2026-11,CALL,79500,39,,,25.91,24.59,45,50,31,16,,,,,
2026/09/16 20:12,2026-09-16T20:27:02+09:00,2026/09/17,2026/11/12,2026-11,PUT,79500,15755,,,,,,,,,,,,,
2026/09/16 20:12,2026-09-16T20:27:02+09:00,2026/09/17,2026/11/12,2026-11,CALL,79000,45,,,25.6,24.76,49,1,39,21,,,,,
2026/09/16 20:12,2026-09-16T20:27:02+09:00,2026/09/17,2026/11/12,2026-11,PUT,79000,15265,,,,,,,,,,,,,
2026/09/16 20:12,2026-09-16T20:27:02+09:00,2026/09/17,2026/11/12,2026-11,CALL,78500,51,,,25.61,24.72,58,14,46,14,,,,,
2026/09/16 20:12,2026-09-16T20:27:02+09:00,2026/09/17,2026/11/12,2026-11,PUT,78500,14770,,,,,,,,,,,,,
2026/09/16 20:12,2026-09-16T20:27:02+09:00,2026/09/17,2026/11/12,2026-11,CALL,78000,59,,,25.52,24.67,67,25,54,21,,,,,
2026/09/16 20:12,2026-09-16T20:27:02+09:00,2026/09/17,2026/11/12,2026-11,PUT,78000,14280,,,,,,,,,,,,,
2026/09/16 20:12,2026-09-16T20:27:02+09:00,2026/09/17,2026/11/12,2026-11,CALL,77500,68,,,25.42,24.6,77,12,63,12,,,,,
2026/09/16 20:12,2026-09-16T20:27:02+09:00,2026/09/17,2026/11/12,2026-11,PUT,77500,13790,,,,,,,,,,,,,
2026/09/16 20:12,2026-09-16T20:27:02+09:00,2026/09/17,2026/11/12,2026-11,CALL,77000,79,,1,25.35,24.56,89,18,74,18,24.89,16,25,80,09/16 20:07
2026/09/16 20:12,2026-09-16T20:27:02+09:00,2026/09/17,2026/11/12,2026-11,PUT,77000,13305,,,,,,,,,,,,,
2026/09/16 20:12,2026-09-16T20:27:02+09:00,2026/09/17,2026/11/12,2026-11,CALL,76500,92,,,25.2,24.73,101,11,91,11,,,,,
2026/09/16 20:12,2026-09-16T20:27:02+09:00,2026/09/17,2026/11/12,2026-11,PUT,76500,12815,,,,,,,,,,,,,
2026/09/16 20:12,2026-09-16T20:27:02+09:00,2026/09/17,2026/11/12,2026-11,CALL,76250,99,,,25.22,24.69,110,8,98,8,,,,,
2026/09/16 20:12,2026-09-16T20:27:02+09:00,2026/09/17,2026/11/12,2026-11,PUT,76250,12575,,,,,,,,,,,,,
2026/09/16 20:12,2026-09-16T20:27:02+09:00,2026/09/17,2026/11/12,2026-11,CALL,76000,107,,1,25.18,24.63,118,14,105,14,24.78,3,3,103,09/16 17:14
2026/09/16 20:12,2026-09-16T20:27:02+09:00,2026/09/17,2026/11/12,2026-11,PUT,76000,12335,,,,,,,,,,,,,
2026/09/16 20:12,2026-09-16T20:27:02+09:00,2026/09/17,2026/11/12,2026-11,CALL,75750,115,,,25.07,24.68,125,2,115,7,,,,,
2026/09/16 20:12,2026-09-16T20:27:02+09:00,2026/09/17,2026/11/12,2026-11,PUT,75750,12090,,,,,,,,,,,,,
2026/09/16 20:12,2026-09-16T20:27:02+09:00,2026/09/17,2026/11/12,2026-11,CALL,75500,125,,,25.18,24.65,138,10,124,10,,,,,
2026/09/16 20:12,2026-09-16T20:27:02+09:00,2026/09/17,2026/11/12,2026-11,PUT,75500,11850,,,30,,11930,10,11200,2,,,,,
2026/09/16 20:12,2026-09-16T20:27:02+09:00,2026/09/17,2026/11/12,2026-11,CALL,75250,134,,,25.14,24.64,148,5,134,5,,,,,
2026/09/16 20:12,2026-09-16T20:27:02+09:00,2026/09/17,2026/11/12,2026-11,PUT,75250,11610,,,29.44,,11675,6,11170,1,,,,,
2026/09/16 20:12,2026-09-16T20:27:02+09:00,2026/09/17,2026/11/12,2026-11,CALL,75000,146,,,25.11,24.77,159,11,149,11,,,,,
2026/09/16 20:12,2026-09-16T20:27:02+09:00,2026/09/17,2026/11/12,2026-11,PUT,75000,11375,,,30.04,,11470,15,10680,15,,,,,
2026/09/16 20:12,2026-09-16T20:27:02+09:00,2026/09/17,2026/11/12,2026-11,CALL,74750,156,,,25.15,24.73,173,5,160,5,,,,,
2026/09/16 20:12,2026-09-16T20:27:02+09:00,2026/09/17,2026/11/12,2026-11,PUT,74750,11135,,,29.25,,11205,6,10480,7,,,,,
2026/09/16 20:12,2026-09-16T20:27:02+09:00,2026/09/17,2026/11/12,2026-11,CALL,74500,167,,,25.13,24.77,186,8,174,8,,,,,
2026/09/16 20:12,2026-09-16T20:27:02+09:00,2026/09/17,2026/11/12,2026-11,PUT,74500,10895,,,29.46,,10985,10,10255,2,,,,,
2026/09/16 20:12,2026-09-16T20:27:02+09:00,2026/09/17,2026/11/12,2026-11,CALL,74250,180,,,25.09,24.74,199,5,187,5,,,,,
2026/09/16 20:12,2026-09-16T20:27:02+09:00,2026/09/17,2026/11/12,2026-11,PUT,74250,10660,,,29,,10735,6,10115,1,,,,,
2026/09/16 20:12,2026-09-16T20:27:02+09:00,2026/09/17,2026/11/12,2026-11,CALL,74000,191,,,25.1,24.66,215,11,199,11,,,,,
2026/09/16 20:12,2026-09-16T20:27:02+09:00,2026/09/17,2026/11/12,2026-11,PUT,74000,10425,,,29.46,,10530,15,10010,2,,,,,
2026/09/16 20:12,2026-09-16T20:27:02+09:00,2026/09/17,2026/11/12,2026-11,CALL,73750,209,,,25.11,24.8,232,5,220,5,,,,,
2026/09/16 20:12,2026-09-16T20:27:02+09:00,2026/09/17,2026/11/12,2026-11,PUT,73750,10190,,,28.78,,10270,6,9700,1,,,,,
2026/09/16 20:12,2026-09-16T20:27:02+09:00,2026/09/17,2026/11/12,2026-11,CALL,73500,225,,1,25.07,24.79,248,8,237,8,24.62,20,9.52,230,09/16 18:32
2026/09/16 20:12,2026-09-16T20:27:02+09:00,2026/09/17,2026/11/12,2026-11,PUT,73500,9955,,,28.99,,10055,10,9500,2,,,,,
2026/09/16 20:12,2026-09-16T20:27:02+09:00,2026/09/17,2026/11/12,2026-11,CALL,73250,241,,,25.14,24.81,270,5,256,5,,,,,
2026/09/16 20:12,2026-09-16T20:27:02+09:00,2026/09/17,2026/11/12,2026-11,PUT,73250,9720,,,28.5,,9805,6,9065,6,,,,,
2026/09/16 20:12,2026-09-16T20:27:02+09:00,2026/09/17,2026/11/12,2026-11,CALL,73000,261,,,25.12,24.8,289,11,275,11,,,,,
2026/09/16 20:12,2026-09-16T20:27:02+09:00,2026/09/17,2026/11/12,2026-11,PUT,73000,9495,,,28.93,,9605,15,8865,2,,,,,
2026/09/16 20:12,2026-09-16T20:27:02+09:00,2026/09/17,2026/11/12,2026-11,CALL,72750,283,,,25.11,24.87,310,5,299,3,,,,,
2026/09/16 20:12,2026-09-16T20:27:02+09:00,2026/09/17,2026/11/12,2026-11,PUT,72750,9265,,,28.33,,9350,6,8735,1,,,,,
2026/09/16 20:12,2026-09-16T20:27:02+09:00,2026/09/17,2026/11/12,2026-11,CALL,72500,305,,,25.15,24.84,335,8,320,8,,,,,
2026/09/16 20:12,2026-09-16T20:27:02+09:00,2026/09/17,2026/11/12,2026-11,PUT,72500,9035,,,28.52,,9140,10,8615,2,,,,,
2026/09/16 20:12,2026-09-16T20:27:02+09:00,2026/09/17,2026/11/12,2026-11,CALL,72250,325,,,25.16,24.87,360,5,345,5,,,,,
2026/09/16 20:12,2026-09-16T20:27:02+09:00,2026/09/17,2026/11/12,2026-11,PUT,72250,8805,,,28.17,,8900,6,8160,6,,,,,
2026/09/16 20:12,2026-09-16T20:27:02+09:00,2026/09/17,2026/11/12,2026-11,CALL,72125,340,,,26.24,23.46,430,29,289,29,,,,,
2026/09/16 20:12,2026-09-16T20:27:02+09:00,2026/09/17,2026/11/12,2026-11,PUT,72125,8700,,,27.99,,8780,5,8055,6,,,,,
2026/09/16 20:12,2026-09-16T20:27:02+09:00,2026/09/17,2026/11/12,2026-11,CALL,72000,355,,,25.15,24.86,385,2,370,8,,,,,
2026/09/16 20:12,2026-09-16T20:27:02+09:00,2026/09/17,2026/11/12,2026-11,PUT,72000,8585,,,28.46,15.06,8700,15,8160,2,,,,,
2026/09/16 20:12,2026-09-16T20:27:02+09:00,2026/09/17,2026/11/12,2026-11,CALL,71875,370,,,26.35,23.42,465,27,310,27,,,,,
2026/09/16 20:12,2026-09-16T20:27:02+09:00,2026/09/17,2026/11/12,2026-11,PUT,71875,8475,,,27.78,,8550,4,7865,1,,,,,
2026/09/16 20:12,2026-09-16T20:27:02+09:00,2026/09/17,2026/11/12,2026-11,CALL,71750,380,,,25.19,24.92,415,4,400,4,,,,,
2026/09/16 20:12,2026-09-16T20:27:02+09:00,2026/09/17,2026/11/12,2026-11,PUT,71750,8365,,,28,,8455,6,7800,1,,,,,
2026/09/16 20:12,2026-09-16T20:27:02+09:00,2026/09/17,2026/11/12,2026-11,CALL,71625,400,,,26.33,23.43,495,27,335,27,,,,,
2026/09/16 20:12,2026-09-16T20:27:02+09:00,2026/09/17,2026/11/12,2026-11,PUT,71625,8255,,,27.81,17.88,8335,5,7860,1,,,,,
2026/09/16 20:12,2026-09-16T20:27:02+09:00,2026/09/17,2026/11/12,2026-11,CALL,71500,405,,,25.21,24.94,445,6,430,4,,,,,
2026/09/16 20:12,2026-09-16T20:27:02+09:00,2026/09/17,2026/11/12,2026-11,PUT,71500,8140,,,28.16,11.07,8250,10,7630,2,,,,,
2026/09/16 20:12,2026-09-16T20:27:02+09:00,2026/09/17,2026/11/12,2026-11,CALL,71375,425,,,26.21,23.4,520,27,360,27,,,,,
2026/09/16 20:12,2026-09-16T20:27:02+09:00,2026/09/17,2026/11/12,2026-11,PUT,71375,8030,,,27.72,17.93,8115,5,7625,1,,,,,
2026/09/16 20:12,2026-09-16T20:27:02+09:00,2026/09/17,2026/11/12,2026-11,CALL,71250,435,,,25.28,24.94,480,4,460,4,,,,,
2026/09/16 20:12,2026-09-16T20:27:02+09:00,2026/09/17,2026/11/12,2026-11,PUT,71250,7920,,,27.82,18.02,8015,6,7510,1,,,,,
2026/09/16 20:12,2026-09-16T20:27:02+09:00,2026/09/17,2026/11/12,2026-11,CALL,71125,455,,,25.99,23.44,540,12,390,27,,,,,
2026/09/16 20:12,2026-09-16T20:27:02+09:00,2026/09/17,2026/11/12,2026-11,PUT,71125,7815,,,27.62,,7895,5,7185,5,,,,,
2026/09/16 20:12,2026-09-16T20:27:02+09:00,2026/09/17,2026/11/12,2026-11,CALL,71000,465,,1,25.23,24.98,510,2,495,8,24.74,70,16.28,500,09/16 18:09
2026/09/16 20:12,2026-09-16T20:27:02+09:00,2026/09/17,2026/11/12,2026-11,PUT,71000,7700,,,28.07,19.41,7820,15,7330,2,,,,,
2026/09/16 20:12,2026-09-16T20:27:02+09:00,2026/09/17,2026/11/12,2026-11,CALL,70875,490,,,26.21,23.62,590,27,430,27,,,,,
2026/09/16 20:12,2026-09-16T20:27:02+09:00,2026/09/17,2026/11/12,2026-11,PUT,70875,7600,,,27.56,,7680,5,6975,5,,,,,
2026/09/16 20:12,2026-09-16T20:27:02+09:00,2026/09/17,2026/11/12,2026-11,CALL,70750,505,,,25.23,24.99,545,4,530,4,,,,,
2026/09/16 20:12,2026-09-16T20:27:02+09:00,2026/09/17,2026/11/12,2026-11,PUT,70750,7490,,,27.63,19.94,7580,6,7125,1,,,,,
2026/09/16 20:12,2026-09-16T20:27:02+09:00,2026/09/17,2026/11/12,2026-11,CALL,70625,530,,,26.24,23.75,630,27,470,27,,,,,
2026/09/16 20:12,2026-09-16T20:27:02+09:00,2026/09/17,2026/11/12,2026-11,PUT,70625,7390,,,27.48,18.92,7465,5,6965,1,,,,,
2026/09/16 20:12,2026-09-16T20:27:02+09:00,2026/09/17,2026/11/12,2026-11,CALL,70500,535,,,25.43,24.9,595,2,560,2,,,,,
2026/09/16 20:12,2026-09-16T20:27:02+09:00,2026/09/17,2026/11/12,2026-11,PUT,70500,7270,,,27.82,22.2,7385,10,7020,2,,,,,
2026/09/16 20:12,2026-09-16T20:27:02+09:00,2026/09/17,2026/11/12,2026-11,CALL,70375,560,,,26.25,23.84,670,27,510,27,,,,,
2026/09/16 20:12,2026-09-16T20:27:02+09:00,2026/09/17,2026/11/12,2026-11,PUT,70375,7170,,,27.45,13.9,7255,5,6560,5,,,,,
2026/09/16 20:12,2026-09-16T20:27:02+09:00,2026/09/17,2026/11/12,2026-11,CALL,70250,575,,,25.44,25.08,635,4,610,4,,,,,
2026/09/16 20:12,2026-09-16T20:27:02+09:00,2026/09/17,2026/11/12,2026-11,PUT,70250,7065,,,27.49,18.94,7155,6,6625,1,,,,,
2026/09/16 20:12,2026-09-16T20:27:02+09:00,2026/09/17,2026/11/12,2026-11,CALL,70125,605,,,26.43,24.26,725,27,575,12,,,,,
2026/09/16 20:12,2026-09-16T20:27:02+09:00,2026/09/17,2026/11/12,2026-11,PUT,70125,6965,,,27.39,19.39,7045,5,6535,1,,,,,
2026/09/16 20:12,2026-09-16T20:27:02+09:00,2026/09/17,2026/11/12,2026-11,CALL,70000,620,,,25.35,25.14,670,8,655,3,,,,,
2026/09/16 20:12,2026-09-16T20:27:02+09:00,2026/09/17,2026/11/12,2026-11,PUT,70000,6855,,,27.68,22.51,6965,15,6605,3,,,,,
2026/09/16 20:12,2026-09-16T20:27:02+09:00,2026/09/17,2026/11/12,2026-11,CALL,69875,645,,,26.37,24.26,765,25,615,25,,,,,
2026/09/16 20:12,2026-09-16T20:27:02+09:00,2026/09/17,2026/11/12,2026-11,PUT,69875,6755,,,27.3,22.62,6835,5,6505,1,,,,,
2026/09/16 20:12,2026-09-16T20:27:02+09:00,2026/09/17,2026/11/12,2026-11,CALL,69750,660,,,25.44,25.17,720,3,700,1,,,,,
2026/09/16 20:12,2026-09-16T20:27:02+09:00,2026/09/17,2026/11/12,2026-11,PUT,69750,6650,,,27.38,22.63,6740,6,6400,7,,,,,
2026/09/16 20:12,2026-09-16T20:27:02+09:00,2026/09/17,2026/11/12,2026-11,CALL,69625,685,,,26.28,24.23,805,25,655,25,,,,,
2026/09/16 20:12,2026-09-16T20:27:02+09:00,2026/09/17,2026/11/12,2026-11,PUT,69625,6545,,,27.19,22.64,6625,5,6295,6,,,,,
2026/09/16 20:12,2026-09-16T20:27:02+09:00,2026/09/17,2026/11/12,2026-11,CALL,69500,705,,1,25.5,25.23,770,4,750,2,25.18,,,720,09/16 17:19
2026/09/16 20:12,2026-09-16T20:27:02+09:00,2026/09/17,2026/11/12,2026-11,PUT,69500,6445,,,27.45,22.71,6545,10,6195,12,,,,,
2026/09/16 20:12,2026-09-16T20:27:02+09:00,2026/09/17,2026/11/12,2026-11,CALL,69375,735,,,26.29,24.24,855,25,700,25,,,,,
2026/09/16 20:12,2026-09-16T20:27:02+09:00,2026/09/17,2026/11/12,2026-11,PUT,69375,6345,,,27.12,22.77,6420,5,6095,6,,,,,
2026/09/16 20:12,2026-09-16T20:27:02+09:00,2026/09/17,2026/11/12,2026-11,CALL,69250,755,,,25.52,25.26,820,3,800,1,,,,,
2026/09/16 20:12,2026-09-16T20:27:02+09:00,2026/09/17,2026/11/12,2026-11,PUT,69250,6245,,,27.23,22.82,6330,6,5995,7,,,,,
2026/09/16 20:12,2026-09-16T20:27:02+09:00,2026/09/17,2026/11/12,2026-11,CALL,69125,775,,,26.21,24.28,900,10,750,25,,,,,
2026/09/16 20:12,2026-09-16T20:27:02+09:00,2026/09/17,2026/11/12,2026-11,PUT,69125,6135,,,27.09,22.72,6220,5,5885,6,,,,,
2026/09/16 20:12,2026-09-16T20:27:02+09:00,2026/09/17,2026/11/12,2026-11,CALL,69000,805,,,25.69,25.31,885,2,855,3,,,,,
2026/09/16 20:12,2026-09-16T20:27:02+09:00,2026/09/17,2026/11/12,2026-11,PUT,69000,6050,,,27.37,22.96,6145,15,5800,18,,,,,
2026/09/16 20:12,2026-09-16T20:27:02+09:00,2026/09/17,2026/11/12,2026-11,CALL,68875,825,,,26.41,24.35,970,25,805,25,,,,,
2026/09/16 20:12,2026-09-16T20:27:02+09:00,2026/09/17,2026/11/12,2026-11,PUT,68875,5940,,,27.02,22.84,6020,5,5690,6,,,,,
2026/09/16 20:12,2026-09-16T20:27:02+09:00,2026/09/17,2026/11/12,2026-11,CALL,68750,860,,,25.71,25.34,940,3,910,3,,,,,
2026/09/16 20:12,2026-09-16T20:27:02+09:00,2026/09/17,2026/11/12,2026-11,PUT,68750,5845,,,27.1,22.92,5930,6,5595,7,,,,,
2026/09/16 20:12,2026-09-16T20:27:02+09:00,2026/09/17,2026/11/12,2026-11,CALL,68625,890,,,26.52,24.44,1035,24,865,24,,,,,
2026/09/16 20:12,2026-09-16T20:27:02+09:00,2026/09/17,2026/11/12,2026-11,PUT,68625,5755,,,26.99,23.04,5825,5,5505,6,,,,,
2026/09/16 20:12,2026-09-16T20:27:02+09:00,2026/09/17,2026/11/12,2026-11,CALL,68500,920,,,25.75,25.45,1000,4,975,2,,,,,
2026/09/16 20:12,2026-09-16T20:27:02+09:00,2026/09/17,2026/11/12,2026-11,PUT,68500,5660,,,27.05,23.1,5735,3,5410,12,,,,,
2026/09/16 20:12,2026-09-16T20:27:02+09:00,2026/09/17,2026/11/12,2026-11,CALL,68375,955,,,26.58,24.49,1100,24,925,24,,,,,
2026/09/16 20:12,2026-09-16T20:27:02+09:00,2026/09/17,2026/11/12,2026-11,PUT,68375,5570,,,26.93,23.2,5630,8,5320,6,,,,,
2026/09/16 20:12,2026-09-16T20:27:02+09:00,2026/09/17,2026/11/12,2026-11,CALL,68250,975,,,25.81,25.46,1065,3,1035,3,,,,,
2026/09/16 20:12,2026-09-16T20:27:02+09:00,2026/09/17,2026/11/12,2026-11,PUT,68250,5465,,,26.98,23.11,5540,8,5215,7,,,,,
2026/09/16 20:12,2026-09-16T20:27:02+09:00,2026/09/17,2026/11/12,2026-11,CALL,68125,1015,,,26.73,24.45,1175,24,980,24,,,,,
2026/09/16 20:12,2026-09-16T20:27:02+09:00,2026/09/17,2026/11/12,2026-11,PUT,68125,5385,,,26.9,23.31,5440,8,5135,6,,,,,
2026/09/16 20:12,2026-09-16T20:27:02+09:00,2026/09/17,2026/11/12,2026-11,CALL,68000,1045,,,25.9,25.56,1135,5,1105,3,,,,,
2026/09/16 20:12,2026-09-16T20:27:02+09:00,2026/09/17,2026/11/12,2026-11,PUT,68000,5285,,,26.99,23.27,5355,7,5035,18,,,,,
2026/09/16 20:12,2026-09-16T20:27:02+09:00,2026/09/17,2026/11/12,2026-11,CALL,67875,1065,,,26.78,24.56,1245,24,1050,24,,,,,
2026/09/16 20:12,2026-09-16T20:27:02+09:00,2026/09/17,2026/11/12,2026-11,PUT,67875,5180,,,26.84,23.15,5250,8,4930,8,,,,,
2026/09/16 20:12,2026-09-16T20:27:02+09:00,2026/09/17,2026/11/12,2026-11,CALL,67750,1105,,,25.96,25.56,1205,3,1170,3,,,,,
2026/09/16 20:12,2026-09-16T20:27:02+09:00,2026/09/17,2026/11/12,2026-11,PUT,67750,5095,,,26.91,23.26,5165,8,4845,8,,,,,
2026/09/16 20:12,2026-09-16T20:27:02+09:00,2026/09/17,2026/11/12,2026-11,CALL,67625,1150,,,26.86,24.51,1320,24,1110,24,,,,,
2026/09/16 20:12,2026-09-16T20:27:02+09:00,2026/09/17,2026/11/12,2026-11,PUT,67625,5015,,,26.8,23.42,5065,8,4765,6,,,,,
2026/09/16 20:12,2026-09-16T20:27:02+09:00,2026/09/17,2026/11/12,2026-11,CALL,67500,1180,,,26.09,25.7,1285,4,1250,2,,,,,
2026/09/16 20:12,2026-09-16T20:27:02+09:00,2026/09/17,2026/11/12,2026-11,PUT,67500,4925,,,24.64,23.62,4780,4,4690,4,,,,,
2026/09/16 20:12,2026-09-16T20:27:02+09:00,2026/09/17,2026/11/12,2026-11,CALL,67375,1210,,,26.9,24.7,1395,23,1195,23,,,,,
2026/09/16 20:12,2026-09-16T20:27:02+09:00,2026/09/17,2026/11/12,2026-11,PUT,67375,4825,,,26.79,23.36,4885,8,4575,8,,,,,
2026/09/16 20:12,2026-09-16T20:27:02+09:00,2026/09/17,2026/11/12,2026-11,CALL,67250,1250,,,26.23,25.74,1370,3,1325,3,,,,,
2026/09/16 20:12,2026-09-16T20:27:02+09:00,2026/09/17,2026/11/12,2026-11,PUT,67250,4740,,,24.7,23.59,4605,3,4505,3,,,,,
2026/09/16 20:12,2026-09-16T20:27:02+09:00,2026/09/17,2026/11/12,2026-11,CALL,67125,1280,,,26.64,25.45,1445,23,1335,8,,,,,
2026/09/16 20:12,2026-09-16T20:27:02+09:00,2026/09/17,2026/11/12,2026-11,PUT,67125,4650,,,26.75,23.43,4705,8,4400,8,,,,,
2026/09/16 20:12,2026-09-16T20:27:02+09:00,2026/09/17,2026/11/12,2026-11,CALL,67000,1325,,,26.34,25.7,1455,2,1395,2,,,,,
2026/09/16 20:12,2026-09-16T20:27:02+09:00,2026/09/17,2026/11/12,2026-11,PUT,67000,4570,,,24.67,23.8,4425,5,4345,5,,,,,
2026/09/16 20:12,2026-09-16T20:27:02+09:00,2026/09/17,2026/11/12,2026-11,CALL,66875,1375,,,26.67,25.56,1525,23,1420,8,,,,,
2026/09/16 20:12,2026-09-16T20:27:02+09:00,2026/09/17,2026/11/12,2026-11,PUT,66875,4490,,,26.73,23.62,4530,8,4240,8,,,,,
2026/09/16 20:12,2026-09-16T20:27:02+09:00,2026/09/17,2026/11/12,2026-11,CALL,66750,1410,,,26.36,25.73,1535,2,1475,2,,,,,
2026/09/16 20:12,2026-09-16T20:27:02+09:00,2026/09/17,2026/11/12,2026-11,PUT,66750,4400,,,24.93,23.76,4275,2,4165,3,,,,,
2026/09/16 20:12,2026-09-16T20:27:02+09:00,2026/09/17,2026/11/12,2026-11,CALL,66625,1440,,,26.78,25.68,1615,23,1510,8,,,,,
2026/09/16 20:12,2026-09-16T20:27:02+09:00,2026/09/17,2026/11/12,2026-11,PUT,66625,4310,,,26.67,23.56,4355,8,4060,8,,,,,
2026/09/16 20:12,2026-09-16T20:27:02+09:00,2026/09/17,2026/11/12,2026-11,CALL,66500,1490,,,26.45,25.93,1625,3,1575,3,,,,,
2026/09/16 20:12,2026-09-16T20:27:02+09:00,2026/09/17,2026/11/12,2026-11,PUT,66500,4235,,,24.89,23.83,4100,3,4000,4,,,,,
2026/09/16 20:12,2026-09-16T20:27:02+09:00,2026/09/17,2026/11/12,2026-11,CALL,66375,1525,,,26.85,25.76,1705,7,1600,7,,,,,
2026/09/16 20:12,2026-09-16T20:27:02+09:00,2026/09/17,2026/11/12,2026-11,PUT,66375,4145,,,26.69,23.62,4190,8,3895,8,,,,,
2026/09/16 20:12,2026-09-16T20:27:02+09:00,2026/09/17,2026/11/12,2026-11,CALL,66250,1585,,,26.56,25.89,1720,2,1655,2,,,,,
2026/09/16 20:12,2026-09-16T20:27:02+09:00,2026/09/17,2026/11/12,2026-11,PUT,66250,4080,,,25.01,23.97,3945,2,3845,3,,,,,
2026/09/16 20:12,2026-09-16T20:27:02+09:00,2026/09/17,2026/11/12,2026-11,CALL,66125,1620,,,26.98,25.91,1805,22,1700,7,,,,,
2026/09/16 20:12,2026-09-16T20:27:02+09:00,2026/09/17,2026/11/12,2026-11,PUT,66125,3990,,,26.68,23.75,4025,8,3740,8,,,,,
2026/09/16 20:12,2026-09-16T20:27:02+09:00,2026/09/17,2026/11/12,2026-11,CALL,66000,1670,,,26.73,26.12,1825,1,1765,4,,,,,
2026/09/16 20:12,2026-09-16T20:27:02+09:00,2026/09/17,2026/11/12,2026-11,PUT,66000,3915,,,25.2,24.33,3800,4,3715,4,,,,,
2026/09/16 20:12,2026-09-16T20:27:02+09:00,2026/09/17,2026/11/12,2026-11,CALL,65875,1725,,,27.08,26.02,1905,7,1800,7,,,,,
2026/09/16 20:12,2026-09-16T20:27:02+09:00,2026/09/17,2026/11/12,2026-11,PUT,65875,3845,,,25.92,23.98,3790,7,3600,7,,,,,
2026/09/16 20:12,2026-09-16T20:27:02+09:00,2026/09/17,2026/11/12,2026-11,CALL,65750,1770,,,26.97,26.16,1940,2,1860,2,,,,,
2026/09/16 20:12,2026-09-16T20:27:02+09:00,2026/09/17,2026/11/12,2026-11,PUT,65750,3765,,,25.15,24.54,3635,2,3575,2,,,,,
2026/09/16 20:12,2026-09-16T20:27:02+09:00,2026/09/17,2026/11/12,2026-11,CALL,65625,1820,,,27.2,26.15,2010,7,1905,7,,,,,
2026/09/16 20:12,2026-09-16T20:27:02+09:00,2026/09/17,2026/11/12,2026-11,PUT,65625,3690,,,26.04,24.13,3645,7,3455,7,,,,,
2026/09/16 20:12,2026-09-16T20:27:02+09:00,2026/09/17,2026/11/12,2026-11,CALL,65500,1880,,,26.82,26.27,2020,3,1965,3,,,,,
2026/09/16 20:12,2026-09-16T20:27:02+09:00,2026/09/17,2026/11/12,2026-11,PUT,65500,3625,,,25.32,24.71,3495,3,3435,3,,,,,
2026/09/16 20:12,2026-09-16T20:27:02+09:00,2026/09/17,2026/11/12,2026-11,CALL,65375,1930,,,27.33,26.23,2120,7,2010,7,,,,,
2026/09/16 20:12,2026-09-16T20:27:02+09:00,2026/09/17,2026/11/12,2026-11,PUT,65375,3550,,,25.48,24.38,3435,7,3325,13,,,,,
2026/09/16 20:12,2026-09-16T20:27:02+09:00,2026/09/17,2026/11/12,2026-11,CALL,65250,1980,,,26.99,26.34,2135,1,2070,1,,,,,
2026/09/16 20:12,2026-09-16T20:27:02+09:00,2026/09/17,2026/11/12,2026-11,PUT,65250,3475,,,25.39,24.49,3350,2,3260,7,,,,,
2026/09/16 20:12,2026-09-16T20:27:02+09:00,2026/09/17,2026/11/12,2026-11,CALL,65125,2040,,,27.43,26.38,2230,7,2125,7,,,,,
2026/09/16 20:12,2026-09-16T20:27:02+09:00,2026/09/17,2026/11/12,2026-11,PUT,65125,3415,,,25.59,24.5,3295,7,3185,13,,,,,
2026/09/16 20:12,2026-09-16T20:27:02+09:00,2026/09/17,2026/11/12,2026-11,CALL,65000,2095,,,27.17,26.37,2255,1,2175,41,,,,,
2026/09/16 20:12,2026-09-16T20:27:02+09:00,2026/09/17,2026/11/12,2026-11,PUT,65000,3340,,,25.63,24.79,3225,1,3140,1,,,,,
2026/09/16 20:12,2026-09-16T20:27:02+09:00,2026/09/17,2026/11/12,2026-11,CALL,64875,2145,,,27.54,26.5,2345,22,2240,7,,,,,
2026/09/16 20:12,2026-09-16T20:27:02+09:00,2026/09/17,2026/11/12,2026-11,PUT,64875,3270,,,25.71,24.62,3160,7,3050,13,,,,,
2026/09/16 20:12,2026-09-16T20:27:02+09:00,2026/09/17,2026/11/12,2026-11,CALL,64750,2205,,,27.46,26.67,2390,2,2310,2,,,,,
2026/09/16 20:12,2026-09-16T20:27:02+09:00,2026/09/17,2026/11/12,2026-11,PUT,64750,3200,,,25.68,24.79,3085,2,2995,2,,,,,
2026/09/16 20:12,2026-09-16T20:27:02+09:00,2026/09/17,2026/11/12,2026-11,CALL,64625,2260,,,27.71,26.63,2470,7,2360,7,,,,,
2026/09/16 20:12,2026-09-16T20:27:02+09:00,2026/09/17,2026/11/12,2026-11,PUT,64625,3130,,,25.89,24.8,3035,7,2925,9,,,,,
2026/09/16 20:12,2026-09-16T20:27:02+09:00,2026/09/17,2026/11/12,2026-11,CALL,64500,2320,,,27.42,26.73,2495,1,2425,1,,,,,
2026/09/16 20:12,2026-09-16T20:27:02+09:00,2026/09/17,2026/11/12,2026-11,PUT,64500,3065,,,25.84,24.9,2960,3,2865,8,,,,,
2026/09/16 20:12,2026-09-16T20:27:02+09:00,2026/09/17,2026/11/12,2026-11,CALL,64375,2380,,,27.85,26.72,2595,6,2480,20,,,,,
2026/09/16 20:12,2026-09-16T20:27:02+09:00,2026/09/17,2026/11/12,2026-11,PUT,64375,3005,,,26.03,24.95,2910,7,2800,7,,,,,
2026/09/16 20:12,2026-09-16T20:27:02+09:00,2026/09/17,2026/11/12,2026-11,CALL,64250,2440,,,27.44,27,2610,2,2565,1,,,,,
2026/09/16 20:12,2026-09-16T20:27:02+09:00,2026/09/17,2026/11/12,2026-11,PUT,64250,2940,,,25.97,25.13,2835,2,2750,2,,,,,
2026/09/16 20:12,2026-09-16T20:27:02+09:00,2026/09/17,2026/11/12,2026-11,CALL,64125,2505,,,27.81,26.68,2705,2,2590,20,,,,,
2026/09/16 20:12,2026-09-16T20:27:02+09:00,2026/09/17,2026/11/12,2026-11,PUT,64125,2880,,,26.14,25.05,2785,7,2675,22,,,,,
2026/09/16 20:12,2026-09-16T20:27:02+09:00,2026/09/17,2026/11/12,2026-11,CALL,64000,2565,,,27.88,27.04,2770,1,2685,1,,,,,
2026/09/16 20:12,2026-09-16T20:27:02+09:00,2026/09/17,2026/11/12,2026-11,PUT,64000,2815,,,26.1,25.27,2715,4,2630,4,,,,,
2026/09/16 20:12,2026-09-16T20:27:02+09:00,2026/09/17,2026/11/12,2026-11,CALL,63875,2630,,,28.33,26.65,2875,7,2705,7,,,,,
2026/09/16 20:12,2026-09-16T20:27:02+09:00,2026/09/17,2026/11/12,2026-11,PUT,63875,2755,,,26.31,25.22,2670,7,2560,7,,,,,
2026/09/16 20:12,2026-09-16T20:27:02+09:00,2026/09/17,2026/11/12,2026-11,CALL,63750,2695,,,27.83,27.14,2885,1,2815,1,,,,,
2026/09/16 20:12,2026-09-16T20:27:02+09:00,2026/09/17,2026/11/12,2026-11,PUT,63750,2695,,,26.15,25.41,2590,2,2515,2,,,,,
2026/09/16 20:12,2026-09-16T20:27:02+09:00,2026/09/17,2026/11/12,2026-11,CALL,63625,2760,,,28.42,26.44,3005,7,2805,7,,,,,
2026/09/16 20:12,2026-09-16T20:27:02+09:00,2026/09/17,2026/11/12,2026-11,PUT,63625,2635,,,26.44,25.35,2555,7,2445,7,,,,,
2026/09/16 20:12,2026-09-16T20:27:02+09:00,2026/09/17,2026/11/12,2026-11,CALL,63500,2845,,,28.15,27.11,3040,1,2935,1,,,,,
2026/09/16 20:12,2026-09-16T20:27:02+09:00,2026/09/17,2026/11/12,2026-11,PUT,63500,2595,,,26.37,26.02,2485,3,2450,3,,,,,
2026/09/16 20:12,2026-09-16T20:27:02+09:00,2026/09/17,2026/11/12,2026-11,CALL,63375,2920,,,28.67,26.58,3155,7,2945,7,,,,,
2026/09/16 20:12,2026-09-16T20:27:02+09:00,2026/09/17,2026/11/12,2026-11,PUT,63375,2545,,,26.58,25.54,2445,7,2340,7,,,,,
2026/09/16 20:12,2026-09-16T20:27:02+09:00,2026/09/17,2026/11/12,2026-11,CALL,63250,2985,,,28.33,27.44,3185,2,3095,2,,,,,
2026/09/16 20:12,2026-09-16T20:27:02+09:00,2026/09/17,2026/11/12,2026-11,PUT,63250,2485,,,26.49,25.9,2375,2,2315,2,,,,,
2026/09/16 20:12,2026-09-16T20:27:02+09:00,2026/09/17,2026/11/12,2026-11,CALL,63125,3055,,,28.89,26.74,3305,12,3090,7,,,,,
2026/09/16 20:12,2026-09-16T20:27:02+09:00,2026/09/17,2026/11/12,2026-11,PUT,63125,2435,,,26.79,25.65,2345,20,2230,15,,,,,
2026/09/16 20:12,2026-09-16T20:27:02+09:00,2026/09/17,2026/11/12,2026-11,CALL,63000,3120,,,28.39,27.54,3320,4,3235,4,,,,,
2026/09/16 20:12,2026-09-16T20:27:02+09:00,2026/09/17,2026/11/12,2026-11,PUT,63000,2380,,,26.64,26.03,2270,4,2210,4,,,,,
2026/09/16 20:12,2026-09-16T20:27:02+09:00,2026/09/17,2026/11/12,2026-11,CALL,62875,3200,,,28.88,27.27,3435,7,3275,3,,,,,
2026/09/16 20:12,2026-09-16T20:27:02+09:00,2026/09/17,2026/11/12,2026-11,PUT,62875,2330,,,26.92,25.81,2240,8,2130,8,,,,,
2026/09/16 20:12,2026-09-16T20:27:02+09:00,2026/09/17,2026/11/12,2026-11,CALL,62750,3275,,,28.56,27.75,3470,2,3390,2,,,,,
2026/09/16 20:12,2026-09-16T20:27:02+09:00,2026/09/17,2026/11/12,2026-11,PUT,62750,2275,,,26.74,26.19,2165,2,2110,2,,,,,
2026/09/16 20:12,2026-09-16T20:27:02+09:00,2026/09/17,2026/11/12,2026-11,CALL,62625,3345,,,29.08,26.2,3590,3,3305,3,,,,,
2026/09/16 20:12,2026-09-16T20:27:02+09:00,2026/09/17,2026/11/12,2026-11,PUT,62625,2225,,,27.06,25.99,2140,8,2035,8,,,,,
2026/09/16 20:12,2026-09-16T20:27:02+09:00,2026/09/17,2026/11/12,2026-11,CALL,62500,3420,,,29.05,27.73,3655,8,3525,3,,,,,
2026/09/16 20:12,2026-09-16T20:27:02+09:00,2026/09/17,2026/11/12,2026-11,PUT,62500,2170,,,26.91,26.25,2070,1,2005,1,,,,,
2026/09/16 20:12,2026-09-16T20:27:02+09:00,2026/09/17,2026/11/12,2026-11,CALL,62375,3500,,,29.21,25.88,3740,3,3415,8,,,,,
2026/09/16 20:12,2026-09-16T20:27:02+09:00,2026/09/17,2026/11/12,2026-11,PUT,62375,2125,,,27.62,25.83,2085,23,1910,23,,,,,
2026/09/16 20:12,2026-09-16T20:27:02+09:00,2026/09/17,2026/11/12,2026-11,CALL,62250,3570,,,29.15,27.87,3805,3,3680,2,,,,,
2026/09/16 20:12,2026-09-16T20:27:02+09:00,2026/09/17,2026/11/12,2026-11,PUT,62250,2075,,,27,26.54,1970,1,1925,2,,,,,
2026/09/16 20:12,2026-09-16T20:27:02+09:00,2026/09/17,2026/11/12,2026-11,CALL,62125,3655,,,29.45,25.94,3905,8,3565,8,,,,,
2026/09/16 20:12,2026-09-16T20:27:02+09:00,2026/09/17,2026/11/12,2026-11,PUT,62125,2030,,,27.7,25.99,1985,23,1820,23,,,,,
2026/09/16 20:12,2026-09-16T20:27:02+09:00,2026/09/17,2026/11/12,2026-11,CALL,62000,3725,,,29.02,28.19,3935,4,3855,4,,,,,
2026/09/16 20:12,2026-09-16T20:27:02+09:00,2026/09/17,2026/11/12,2026-11,PUT,62000,1985,,,27.15,26.68,1880,3,1835,4,,,,,
2026/09/16 20:12,2026-09-16T20:27:02+09:00,2026/09/17,2026/11/12,2026-11,CALL,61875,3810,,,29.56,25.96,4060,8,3715,8,,,,,
2026/09/16 20:12,2026-09-16T20:27:02+09:00,2026/09/17,2026/11/12,2026-11,PUT,61875,1940,,,27.48,25.96,1860,9,1715,15,,,,,
2026/09/16 20:12,2026-09-16T20:27:02+09:00,2026/09/17,2026/11/12,2026-11,CALL,61750,3890,,,29.47,28.32,4125,3,4015,2,,,,,
2026/09/16 20:12,2026-09-16T20:27:02+09:00,2026/09/17,2026/11/12,2026-11,PUT,61750,1895,,,27.32,26.9,1795,1,1755,3,,,,,
2026/09/16 20:12,2026-09-16T20:27:02+09:00,2026/09/17,2026/11/12,2026-11,CALL,61625,3975,,,29.74,26.04,4225,8,3875,8,,,,,
2026/09/16 20:12,2026-09-16T20:27:02+09:00,2026/09/17,2026/11/12,2026-11,PUT,61625,1855,,,28.48,26.41,1855,24,1660,24,,,,,
2026/09/16 20:12,2026-09-16T20:27:02+09:00,2026/09/17,2026/11/12,2026-11,CALL,61500,4050,,,29.64,28.37,4290,5,4170,4,,,,,
2026/09/16 20:12,2026-09-16T20:27:02+09:00,2026/09/17,2026/11/12,2026-11,PUT,61500,1805,,,27.57,26.98,1720,2,1665,2,,,,,
2026/09/16 20:12,2026-09-16T20:27:02+09:00,2026/09/17,2026/11/12,2026-11,CALL,61375,4140,,,29.9,26.09,4390,8,4035,8,,,,,
2026/09/16 20:12,2026-09-16T20:27:02+09:00,2026/09/17,2026/11/12,2026-11,PUT,61375,1770,,,28.56,26.52,1765,24,1575,24,,,,,
2026/09/16 20:12,2026-09-16T20:27:02+09:00,2026/09/17,2026/11/12,2026-11,CALL,61250,4220,,,29.77,28.54,4455,4,4340,3,,,,,
2026/09/16 20:12,2026-09-16T20:27:02+09:00,2026/09/17,2026/11/12,2026-11,PUT,61250,1725,,,27.67,27.19,1635,3,1590,3,,,,,
2026/09/16 20:12,2026-09-16T20:27:02+09:00,2026/09/17,2026/11/12,2026-11,CALL,61125,4300,,,29.96,26.15,4550,8,4200,8,,,,,
2026/09/16 20:12,2026-09-16T20:27:02+09:00,2026/09/17,2026/11/12,2026-11,PUT,61125,1685,,,28.77,26.53,1690,24,1485,24,,,,,
2026/09/16 20:12,2026-09-16T20:27:02+09:00,2026/09/17,2026/11/12,2026-11,CALL,61000,4380,,,29.88,28.84,4620,5,4525,5,,,,,
2026/09/16 20:12,2026-09-16T20:27:02+09:00,2026/09/17,2026/11/12,2026-11,PUT,61000,1635,,,27.85,27.63,1560,5,1540,5,,,,,
2026/09/16 20:12,2026-09-16T20:27:02+09:00,2026/09/17,2026/11/12,2026-11,CALL,60875,4475,,,30.16,26.17,4725,8,4365,8,,,,,
2026/09/16 20:12,2026-09-16T20:27:02+09:00,2026/09/17,2026/11/12,2026-11,PUT,60875,1605,,,28.9,26.68,1610,24,1410,24,,,,,
2026/09/16 20:12,2026-09-16T20:27:02+09:00,2026/09/17,2026/11/12,2026-11,CALL,60750,4555,,,30.17,27.05,4805,8,4525,2,,,,,
2026/09/16 20:12,2026-09-16T20:27:02+09:00,2026/09/17,2026/11/12,2026-11,PUT,60750,1565,,,28,27.61,1485,1,1450,3,,,,,
2026/09/16 20:12,2026-09-16T20:27:02+09:00,2026/09/17,2026/11/12,2026-11,CALL,60625,4655,,,30.39,26.27,4905,8,4540,8,,,,,
2026/09/16 20:12,2026-09-16T20:27:02+09:00,2026/09/17,2026/11/12,2026-11,PUT,60625,1535,,,29.05,26.84,1535,25,1340,25,,,,,
2026/09/16 20:12,2026-09-16T20:27:02+09:00,2026/09/17,2026/11/12,2026-11,CALL,60500,4730,,,30.32,26.8,4980,12,4670,3,,,,,
2026/09/16 20:12,2026-09-16T20:27:02+09:00,2026/09/17,2026/11/12,2026-11,PUT,60500,1485,,,28.17,27.83,1415,2,1385,4,,,,,
2026/09/16 20:12,2026-09-16T20:27:02+09:00,2026/09/17,2026/11/12,2026-11,CALL,60250,4915,,,30.55,26.26,5165,8,4795,8,,,,,
2026/09/16 20:12,2026-09-16T20:27:02+09:00,2026/09/17,2026/11/12,2026-11,PUT,60250,1425,,,28.37,27.96,1350,1,1315,3,,,,,
2026/09/16 20:12,2026-09-16T20:27:02+09:00,2026/09/17,2026/11/12,2026-11,CALL,60000,5095,,,30.7,26.26,5345,18,4970,7,,,,,
2026/09/16 20:12,2026-09-16T20:27:02+09:00,2026/09/17,2026/11/12,2026-11,PUT,60000,1350,,,28.54,28.18,1285,3,1255,5,,,,,
2026/09/16 20:12,2026-09-16T20:27:02+09:00,2026/09/17,2026/11/12,2026-11,CALL,59750,5280,,,30.88,26.4,5530,7,5160,8,,,,,
2026/09/16 20:12,2026-09-16T20:27:02+09:00,2026/09/17,2026/11/12,2026-11,PUT,59750,1290,,,28.73,28.43,1225,1,1200,3,,,,,
2026/09/16 20:12,2026-09-16T20:27:02+09:00,2026/09/17,2026/11/12,2026-11,CALL,59500,5475,,,31.15,26.25,5725,12,5330,10,,,,,
2026/09/16 20:12,2026-09-16T20:27:02+09:00,2026/09/17,2026/11/12,2026-11,PUT,59500,1235,,,28.96,28.52,1170,4,1135,4,,,,,
2026/09/16 20:12,2026-09-16T20:27:02+09:00,2026/09/17,2026/11/12,2026-11,CALL,59250,5665,,,31.33,26.51,5915,7,5535,6,,,,,
2026/09/16 20:12,2026-09-16T20:27:02+09:00,2026/09/17,2026/11/12,2026-11,PUT,59250,1175,,,29.15,28.96,1115,4,1100,1,,,,,
2026/09/16 20:12,2026-09-16T20:27:02+09:00,2026/09/17,2026/11/12,2026-11,CALL,59000,5855,,,31.49,26.34,6105,18,5710,15,,,,,
2026/09/16 20:12,2026-09-16T20:27:02+09:00,2026/09/17,2026/11/12,2026-11,PUT,59000,1115,,,29.32,29.13,1060,6,1045,8,,,,,
2026/09/16 20:12,2026-09-16T20:27:02+09:00,2026/09/17,2026/11/12,2026-11,CALL,58750,6055,,,31.74,26.67,6305,7,5925,6,,,,,
2026/09/16 20:12,2026-09-16T20:27:02+09:00,2026/09/17,2026/11/12,2026-11,PUT,58750,1050,,,29.53,29.19,1010,4,985,4,,,,,
2026/09/16 20:12,2026-09-16T20:27:02+09:00,2026/09/17,2026/11/12,2026-11,CALL,58500,6250,,,31.9,26.54,6500,12,6110,10,,,,,
2026/09/16 20:12,2026-09-16T20:27:02+09:00,2026/09/17,2026/11/12,2026-11,PUT,58500,1010,,,29.77,29.43,965,6,940,6,,,,,
2026/09/16 20:12,2026-09-16T20:27:02+09:00,2026/09/17,2026/11/12,2026-11,CALL,58250,6450,,,32.1,26.82,6700,7,6325,6,,,,,
2026/09/16 20:12,2026-09-16T20:27:02+09:00,2026/09/17,2026/11/12,2026-11,PUT,58250,960,,,29.98,29.64,920,4,895,4,,,,,
2026/09/16 20:12,2026-09-16T20:27:02+09:00,2026/09/17,2026/11/12,2026-11,CALL,58000,6655,,,32.34,26.52,6905,3,6505,15,,,,,
2026/09/16 20:12,2026-09-16T20:27:02+09:00,2026/09/17,2026/11/12,2026-11,PUT,58000,915,,1,30.17,29.96,875,8,860,2,30.53,-125,-11.9,925,09/16 17:06
2026/09/16 20:12,2026-09-16T20:27:02+09:00,2026/09/17,2026/11/12,2026-11,CALL,57750,6865,,,32.63,26.96,7115,7,6735,6,,,,,
2026/09/16 20:12,2026-09-16T20:27:02+09:00,2026/09/17,2026/11/12,2026-11,PUT,57750,875,,,30.41,30.04,835,4,810,2,,,,,
2026/09/16 20:12,2026-09-16T20:27:02+09:00,2026/09/17,2026/11/12,2026-11,CALL,57500,7075,,,32.89,26.8,7325,2,6930,10,,,,,
2026/09/16 20:12,2026-09-16T20:27:02+09:00,2026/09/17,2026/11/12,2026-11,PUT,57500,835,,,30.61,30.31,795,4,775,6,,,,,
2026/09/16 20:12,2026-09-16T20:27:02+09:00,2026/09/17,2026/11/12,2026-11,CALL,57250,7280,,,36.41,27.11,7765,1,7155,6,,,,,
2026/09/16 20:12,2026-09-16T20:27:02+09:00,2026/09/17,2026/11/12,2026-11,PUT,57250,790,,,30.87,30.56,760,4,740,4,,,,,
2026/09/16 20:12,2026-09-16T20:27:02+09:00,2026/09/17,2026/11/12,2026-11,CALL,57000,7490,,,38.18,26.76,8080,2,7345,15,,,,,
2026/09/16 20:12,2026-09-16T20:27:02+09:00,2026/09/17,2026/11/12,2026-11,PUT,57000,755,,,31.11,30.87,725,8,710,2,,,,,
2026/09/16 20:12,2026-09-16T20:27:02+09:00,2026/09/17,2026/11/12,2026-11,CALL,56750,7705,,,36.18,27.29,8130,1,7585,6,,,,,
2026/09/16 20:12,2026-09-16T20:27:02+09:00,2026/09/17,2026/11/12,2026-11,PUT,56750,725,,,31.32,31.15,690,3,680,2,,,,,
2026/09/16 20:12,2026-09-16T20:27:02+09:00,2026/09/17,2026/11/12,2026-11,CALL,56500,7925,,,36.42,27.02,8340,2,7785,10,,,,,
2026/09/16 20:12,2026-09-16T20:27:02+09:00,2026/09/17,2026/11/12,2026-11,PUT,56500,690,,,31.59,31.33,660,8,645,2,,,,,
2026/09/16 20:12,2026-09-16T20:27:02+09:00,2026/09/17,2026/11/12,2026-11,CALL,56250,8140,,,39.54,27.51,8745,1,8025,6,,,,,
2026/09/16 20:12,2026-09-16T20:27:02+09:00,2026/09/17,2026/11/12,2026-11,PUT,56250,655,,,31.83,31.57,630,3,615,5,,,,,
2026/09/16 20:12,2026-09-16T20:27:02+09:00,2026/09/17,2026/11/12,2026-11,CALL,56000,8360,,,39.28,27.02,8920,2,8220,15,,,,,
2026/09/16 20:12,2026-09-16T20:27:02+09:00,2026/09/17,2026/11/12,2026-11,PUT,56000,630,,2,32.05,31.87,600,9,590,2,32.42,-55,-8.4,600,09/16 18:13
2026/09/16 20:12,2026-09-16T20:27:02+09:00,2026/09/17,2026/11/12,2026-11,CALL,55750,8580,,,40.49,27.7,9195,7,8470,6,,,,,
2026/09/16 20:12,2026-09-16T20:27:02+09:00,2026/09/17,2026/11/12,2026-11,PUT,55750,595,,,32.34,32.16,575,3,565,5,,,,,
2026/09/16 20:12,2026-09-16T20:27:02+09:00,2026/09/17,2026/11/12,2026-11,CALL,55500,8805,,,41.49,27.31,9455,2,8675,10,,,,,
2026/09/16 20:12,2026-09-16T20:27:02+09:00,2026/09/17,2026/11/12,2026-11,PUT,55500,570,,,32.61,32.42,550,6,540,2,,,,,
2026/09/16 20:12,2026-09-16T20:27:02+09:00,2026/09/17,2026/11/12,2026-11,CALL,55250,9030,,,41.79,27.84,9670,1,8920,6,,,,,
2026/09/16 20:12,2026-09-16T20:27:02+09:00,2026/09/17,2026/11/12,2026-11,PUT,55250,545,,,32.86,32.67,525,3,515,2,,,,,
2026/09/16 20:12,2026-09-16T20:27:02+09:00,2026/09/17,2026/11/12,2026-11,CALL,55000,9255,,,40.87,27.18,9810,15,9120,15,,,,,
2026/09/16 20:12,2026-09-16T20:27:02+09:00,2026/09/17,2026/11/12,2026-11,PUT,55000,520,,1,33.19,32.99,505,11,495,2,33.09,-65,-11.5,500,09/16 19:57
2026/09/16 20:12,2026-09-16T20:27:02+09:00,2026/09/17,2026/11/12,2026-11,CALL,54750,9480,,,42.82,27.95,10130,1,9375,6,,,,,
2026/09/16 20:12,2026-09-16T20:27:02+09:00,2026/09/17,2026/11/12,2026-11,PUT,54750,495,,,33.4,33.19,480,3,470,2,,,,,
2026/09/16 20:12,2026-09-16T20:27:02+09:00,2026/09/17,2026/11/12,2026-11,CALL,54500,9710,,,40.64,27.57,10200,2,9590,10,,,,,
2026/09/16 20:12,2026-09-16T20:27:02+09:00,2026/09/17,2026/11/12,2026-11,PUT,54500,480,,,33.69,33.47,460,6,450,2,,,,,
2026/09/16 20:12,2026-09-16T20:27:02+09:00,2026/09/17,2026/11/12,2026-11,CALL,54250,9940,,,40.46,28.19,10395,1,9840,6,,,,,
2026/09/16 20:12,2026-09-16T20:27:02+09:00,2026/09/17,2026/11/12,2026-11,PUT,54250,455,,,34.07,33.85,445,5,435,2,,,,,
2026/09/16 20:12,2026-09-16T20:27:02+09:00,2026/09/17,2026/11/12,2026-11,CALL,54000,10170,,,44.31,27.33,10820,2,10045,15,,,,,
2026/09/16 20:12,2026-09-16T20:27:02+09:00,2026/09/17,2026/11/12,2026-11,PUT,54000,440,,1,34.33,34.1,425,9,415,11,34.33,,,425,09/16 18:18
2026/09/16 20:12,2026-09-16T20:27:02+09:00,2026/09/17,2026/11/12,2026-11,CALL,53750,10395,,,40.35,28.29,10805,1,10305,6,,,,,
2026/09/16 20:12,2026-09-16T20:27:02+09:00,2026/09/17,2026/11/12,2026-11,PUT,53750,420,,,34.56,34.44,405,3,400,2,,,,,
2026/09/16 20:12,2026-09-16T20:27:02+09:00,2026/09/17,2026/11/12,2026-11,CALL,53500,10635,,,41.12,27.59,11055,2,10520,10,,,,,
2026/09/16 20:12,2026-09-16T20:27:02+09:00,2026/09/17,2026/11/12,2026-11,PUT,53500,405,,,34.9,34.65,390,6,380,8,,,,,
2026/09/16 20:12,2026-09-16T20:27:02+09:00,2026/09/17,2026/11/12,2026-11,CALL,53250,10865,,,43.8,28.38,11405,1,10775,6,,,,,
2026/09/16 20:12,2026-09-16T20:27:02+09:00,2026/09/17,2026/11/12,2026-11,PUT,53250,385,,,35.22,34.97,375,3,365,5,,,,,
2026/09/16 20:12,2026-09-16T20:27:02+09:00,2026/09/17,2026/11/12,2026-11,CALL,53000,11100,,,46.07,27,11735,2,10980,15,,,,,
2026/09/16 20:12,2026-09-16T20:27:02+09:00,2026/09/17,2026/11/12,2026-11,PUT,53000,370,,,35.53,35.27,360,9,350,56,,,,,
2026/09/16 20:12,2026-09-16T20:27:02+09:00,2026/09/17,2026/11/12,2026-11,CALL,52750,11335,,,46.23,28.28,11950,1,11245,6,,,,,
2026/09/16 20:12,2026-09-16T20:27:02+09:00,2026/09/17,2026/11/12,2026-11,PUT,52750,360,,,35.82,35.55,345,5,335,7,,,,,
2026/09/16 20:12,2026-09-16T20:27:02+09:00,2026/09/17,2026/11/12,2026-11,CALL,52500,11570,,,44.91,27.34,12090,2,11465,10,,,,,
2026/09/16 20:12,2026-09-16T20:27:02+09:00,2026/09/17,2026/11/12,2026-11,PUT,52500,345,,,36.23,35.95,335,10,325,10,,,,,
2026/09/16 20:12,2026-09-16T20:27:02+09:00,2026/09/17,2026/11/12,2026-11,CALL,52250,11805,,,,,,,,,,,,,
2026/09/16 20:12,2026-09-16T20:27:02+09:00,2026/09/17,2026/11/12,2026-11,PUT,52250,330,,,36.49,36.2,320,7,310,7,,,,,
2026/09/16 20:12,2026-09-16T20:27:02+09:00,2026/09/17,2026/11/12,2026-11,CALL,52000,12040,,,,,,,,,,,,,
2026/09/16 20:12,2026-09-16T20:27:02+09:00,2026/09/17,2026/11/12,2026-11,PUT,52000,315,,,36.87,36.58,310,14,300,2,,,,,
2026/09/16 20:12,2026-09-16T20:27:02+09:00,2026/09/17,2026/11/12,2026-11,CALL,51750,12280,,,,,,,,,,,,,
2026/09/16 20:12,2026-09-16T20:27:02+09:00,2026/09/17,2026/11/12,2026-11,PUT,51750,305,,,37.16,36.76,297,8,284,8,,,,,
2026/09/16 20:12,2026-09-16T20:27:02+09:00,2026/09/17,2026/11/12,2026-11,CALL,51500,12515,,,,,,,,,,,,,
2026/09/16 20:12,2026-09-16T20:27:02+09:00,2026/09/17,2026/11/12,2026-11,PUT,51500,291,,,37.46,37.11,285,12,274,12,,,,,
2026/09/16 20:12,2026-09-16T20:27:02+09:00,2026/09/17,2026/11/12,2026-11,CALL,51250,12755,,,,,,,,,,,,,
2026/09/16 20:12,2026-09-16T20:27:02+09:00,2026/09/17,2026/11/12,2026-11,PUT,51250,282,,,37.78,37.42,274,6,263,8,,,,,
2026/09/16 20:12,2026-09-16T20:27:02+09:00,2026/09/17,2026/11/12,2026-11,CALL,51000,12995,,,,,,,,,,,,,
2026/09/16 20:12,2026-09-16T20:27:02+09:00,2026/09/17,2026/11/12,2026-11,PUT,51000,271,,,38.11,37.81,264,17,255,17,,,,,
2026/09/16 20:12,2026-09-16T20:27:02+09:00,2026/09/17,2026/11/12,2026-11,CALL,50750,13235,,,,,,,,,,,,,
2026/09/16 20:12,2026-09-16T20:27:02+09:00,2026/09/17,2026/11/12,2026-11,PUT,50750,260,,,38.44,38.19,254,6,247,8,,,,,
2026/09/16 20:12,2026-09-16T20:27:02+09:00,2026/09/17,2026/11/12,2026-11,CALL,50500,13475,,,,,,,,,,,,,
2026/09/16 20:12,2026-09-16T20:27:02+09:00,2026/09/17,2026/11/12,2026-11,PUT,50500,253,,,38.85,38.42,247,14,235,14,,,,,
2026/09/16 20:12,2026-09-16T20:27:02+09:00,2026/09/17,2026/11/12,2026-11,CALL,50250,13715,,,,,,,,,,,,,
2026/09/16 20:12,2026-09-16T20:27:02+09:00,2026/09/17,2026/11/12,2026-11,PUT,50250,243,,,39.15,38.86,237,9,229,9,,,,,
2026/09/16 20:12,2026-09-16T20:27:02+09:00,2026/09/17,2026/11/12,2026-11,CALL,50000,13955,,,,,,,,,,,,,
2026/09/16 20:12,2026-09-16T20:27:02+09:00,2026/09/17,2026/11/12,2026-11,PUT,50000,232,,1,39.47,39.13,228,20,219,20,39.38,-11,-4.53,232,09/16 17:01
2026/09/16 20:12,2026-09-16T20:27:02+09:00,2026/09/17,2026/12/10,2026-12,CALL,65375,2495,,,26.22,25.33,2685,7,2575,7,,,,,
2026/09/16 20:12,2026-09-16T20:27:02+09:00,2026/09/17,2026/12/10,2026-12,PUT,65375,4035,,,25.89,25,3920,7,3810,7,,,,,
2026/09/16 20:12,2026-09-16T20:27:02+09:00,2026/09/17,2026/12/10,2026-12,CALL,65250,2550,,,26.24,25.35,2740,8,2630,9,,,,,
2026/09/16 20:12,2026-09-16T20:27:02+09:00,2026/09/17,2026/12/10,2026-12,PUT,65250,3965,,,25.96,25.07,3855,8,3745,8,,,,,
2026/09/16 20:12,2026-09-16T20:27:02+09:00,2026/09/17,2026/12/10,2026-12,CALL,65125,2605,,,26.26,25.37,2795,7,2685,7,,,,,
2026/09/16 20:12,2026-09-16T20:27:02+09:00,2026/09/17,2026/12/10,2026-12,PUT,65125,3890,,,25.98,25.09,3785,7,3675,7,,,,,
2026/09/16 20:12,2026-09-16T20:27:02+09:00,2026/09/17,2026/12/10,2026-12,CALL,65000,2660,,,26.35,25.42,2860,20,2745,21,,,,,
2026/09/16 20:12,2026-09-16T20:27:02+09:00,2026/09/17,2026/12/10,2026-12,PUT,65000,3820,,,26.03,25.14,3720,21,3610,21,,,,,
2026/09/16 20:12,2026-09-16T20:27:02+09:00,2026/09/17,2026/12/10,2026-12,CALL,64875,2720,,,26.36,25.47,2915,7,2805,7,,,,,
2026/09/16 20:12,2026-09-16T20:27:02+09:00,2026/09/17,2026/12/10,2026-12,PUT,64875,3755,,,26.07,25.19,3655,7,3545,7,,,,,
2026/09/16 20:12,2026-09-16T20:27:02+09:00,2026/09/17,2026/12/10,2026-12,CALL,64750,2775,,,26.4,25.51,2975,8,2865,9,,,,,
2026/09/16 20:12,2026-09-16T20:27:02+09:00,2026/09/17,2026/12/10,2026-12,PUT,64750,3690,,,26.11,25.23,3590,8,3480,8,,,,,
2026/09/16 20:12,2026-09-16T20:27:02+09:00,2026/09/17,2026/12/10,2026-12,CALL,64625,2835,,,26.43,25.54,3035,7,2925,7,,,,,
2026/09/16 20:12,2026-09-16T20:27:02+09:00,2026/09/17,2026/12/10,2026-12,PUT,64625,3625,,,26.15,25.26,3525,7,3415,7,,,,,
2026/09/16 20:12,2026-09-16T20:27:02+09:00,2026/09/17,2026/12/10,2026-12,CALL,64500,2895,,,26.46,25.57,3095,14,2985,15,,,,,
2026/09/16 20:12,2026-09-16T20:27:02+09:00,2026/09/17,2026/12/10,2026-12,PUT,64500,3560,,,26.22,25.33,3465,14,3355,14,,,,,
2026/09/16 20:12,2026-09-16T20:27:02+09:00,2026/09/17,2026/12/10,2026-12,CALL,64375,2955,,,26.52,25.63,3160,7,3050,7,,,,,
2026/09/16 20:12,2026-09-16T20:27:02+09:00,2026/09/17,2026/12/10,2026-12,PUT,64375,3500,,,26.24,25.35,3400,7,3290,7,,,,,
2026/09/16 20:12,2026-09-16T20:27:02+09:00,2026/09/17,2026/12/10,2026-12,CALL,64250,3015,,,26.58,25.69,3225,8,3115,9,,,,,
2026/09/16 20:12,2026-09-16T20:27:02+09:00,2026/09/17,2026/12/10,2026-12,PUT,64250,3435,,,26.3,25.41,3340,8,3230,8,,,,,
2026/09/16 20:12,2026-09-16T20:27:02+09:00,2026/09/17,2026/12/10,2026-12,CALL,64125,3080,,,26.95,24.17,3330,7,2985,1,,,,,
2026/09/16 20:12,2026-09-16T20:27:02+09:00,2026/09/17,2026/12/10,2026-12,PUT,64125,3375,,,26.35,25.46,3280,7,3170,7,,,,,
2026/09/16 20:12,2026-09-16T20:27:02+09:00,2026/09/17,2026/12/10,2026-12,CALL,64000,3140,,,27.88,24.45,3505,3,3080,3,,,,,
2026/09/16 20:12,2026-09-16T20:27:02+09:00,2026/09/17,2026/12/10,2026-12,PUT,64000,3310,,,26.39,25.5,3220,21,3110,21,,,,,
2026/09/16 20:12,2026-09-16T20:27:02+09:00,2026/09/17,2026/12/10,2026-12,CALL,63875,3205,,,26.99,24.04,3455,6,3090,1,,,,,
2026/09/16 20:12,2026-09-16T20:27:02+09:00,2026/09/17,2026/12/10,2026-12,PUT,63875,3255,,,26.43,25.54,3160,7,3050,7,,,,,
2026/09/16 20:12,2026-09-16T20:27:02+09:00,2026/09/17,2026/12/10,2026-12,CALL,63750,3285,,,27.15,23.99,3535,7,3145,1,,,,,
2026/09/16 20:12,2026-09-16T20:27:02+09:00,2026/09/17,2026/12/10,2026-12,PUT,63750,3195,,,26.5,25.61,3105,8,2995,8,,,,,
2026/09/16 20:12,2026-09-16T20:27:02+09:00,2026/09/17,2026/12/10,2026-12,CALL,63625,3350,,,27.18,23.93,3600,6,3200,1,,,,,
2026/09/16 20:12,2026-09-16T20:27:02+09:00,2026/09/17,2026/12/10,2026-12,PUT,63625,3135,,,26.53,25.63,3045,7,2935,7,,,,,
2026/09/16 20:12,2026-09-16T20:27:02+09:00,2026/09/17,2026/12/10,2026-12,CALL,63500,3425,,,27.28,24.02,3675,12,3275,2,,,,,
2026/09/16 20:12,2026-09-16T20:27:02+09:00,2026/09/17,2026/12/10,2026-12,PUT,63500,3085,,,26.59,25.69,2990,14,2880,14,,,,,
2026/09/16 20:12,2026-09-16T20:27:02+09:00,2026/09/17,2026/12/10,2026-12,CALL,63375,3490,,,27.29,23.83,3740,6,3315,1,,,,,
2026/09/16 20:12,2026-09-16T20:27:02+09:00,2026/09/17,2026/12/10,2026-12,PUT,63375,3025,,,26.64,25.74,2935,7,2825,7,,,,,
2026/09/16 20:12,2026-09-16T20:27:02+09:00,2026/09/17,2026/12/10,2026-12,CALL,63250,3560,,,27.34,23.79,3810,7,3375,1,,,,,
2026/09/16 20:12,2026-09-16T20:27:02+09:00,2026/09/17,2026/12/10,2026-12,PUT,63250,2975,,,26.73,25.75,2885,20,2765,20,,,,,
2026/09/16 20:12,2026-09-16T20:27:02+09:00,2026/09/17,2026/12/10,2026-12,CALL,63125,3625,,,27.35,23.7,3875,6,3430,1,,,,,
2026/09/16 20:12,2026-09-16T20:27:02+09:00,2026/09/17,2026/12/10,2026-12,PUT,63125,2915,,,26.73,25.83,2825,7,2715,7,,,,,
2026/09/16 20:12,2026-09-16T20:27:02+09:00,2026/09/17,2026/12/10,2026-12,CALL,63000,3695,,,27.39,24.01,3945,18,3535,3,,,,,
2026/09/16 20:12,2026-09-16T20:27:02+09:00,2026/09/17,2026/12/10,2026-12,PUT,63000,2860,,,26.81,26.15,2775,24,2695,24,,,,,
2026/09/16 20:12,2026-09-16T20:27:02+09:00,2026/09/17,2026/12/10,2026-12,CALL,62875,3770,,,27.46,23.62,4020,6,3555,1,,,,,
2026/09/16 20:12,2026-09-16T20:27:02+09:00,2026/09/17,2026/12/10,2026-12,PUT,62875,2810,,,26.84,25.93,2720,8,2610,8,,,,,
2026/09/16 20:12,2026-09-16T20:27:02+09:00,2026/09/17,2026/12/10,2026-12,CALL,62750,3840,,,27.49,23.55,4090,7,3615,1,,,,,
2026/09/16 20:12,2026-09-16T20:27:02+09:00,2026/09/17,2026/12/10,2026-12,PUT,62750,2755,,,26.91,26,2670,9,2560,9,,,,,
2026/09/16 20:12,2026-09-16T20:27:02+09:00,2026/09/17,2026/12/10,2026-12,CALL,62625,3915,,,27.55,23.52,4165,6,3680,1,,,,,
2026/09/16 20:12,2026-09-16T20:27:02+09:00,2026/09/17,2026/12/10,2026-12,PUT,62625,2705,,,26.97,26.05,2620,1,2510,28,,,,,
2026/09/16 20:12,2026-09-16T20:27:02+09:00,2026/09/17,2026/12/10,2026-12,CALL,62500,3980,,,27.52,23.6,4230,12,3760,2,,,,,
2026/09/16 20:12,2026-09-16T20:27:02+09:00,2026/09/17,2026/12/10,2026-12,PUT,62500,2650,,,27.77,25.6,2660,2,2400,16,,,,,
2026/09/16 20:12,2026-09-16T20:27:02+09:00,2026/09/17,2026/12/10,2026-12,CALL,62375,4050,,,27.53,23.38,4300,6,3805,1,,,,,
2026/09/16 20:12,2026-09-16T20:27:02+09:00,2026/09/17,2026/12/10,2026-12,PUT,62375,2600,,,27.99,25.65,2630,1,2350,8,,,,,
2026/09/16 20:12,2026-09-16T20:27:02+09:00,2026/09/17,2026/12/10,2026-12,CALL,62250,4125,,,27.57,23.36,4375,7,3875,7,,,,,
2026/09/16 20:12,2026-09-16T20:27:02+09:00,2026/09/17,2026/12/10,2026-12,PUT,62250,2550,,,28.08,25.6,2585,1,2290,1,,,,,
2026/09/16 20:12,2026-09-16T20:27:02+09:00,2026/09/17,2026/12/10,2026-12,CALL,62125,4195,,,27.57,23.34,4445,6,3945,6,,,,,
2026/09/16 20:12,2026-09-16T20:27:02+09:00,2026/09/17,2026/12/10,2026-12,PUT,62125,2500,,,28.08,26.14,2530,1,2300,8,,,,,
2026/09/16 20:12,2026-09-16T20:27:02+09:00,2026/09/17,2026/12/10,2026-12,CALL,62000,4270,,,27.6,23.6,4520,18,4050,3,,,,,
2026/09/16 20:12,2026-09-16T20:27:02+09:00,2026/09/17,2026/12/10,2026-12,PUT,62000,2450,,,27.94,26.29,2460,24,2265,3,,,,,
2026/09/16 20:12,2026-09-16T20:27:02+09:00,2026/09/17,2026/12/10,2026-12,CALL,61875,4365,,,27.8,23.52,4615,6,4115,6,,,,,
2026/09/16 20:12,2026-09-16T20:27:02+09:00,2026/09/17,2026/12/10,2026-12,PUT,61875,2405,,,28.23,25.8,2440,1,2155,8,,,,,
2026/09/16 20:12,2026-09-16T20:27:02+09:00,2026/09/17,2026/12/10,2026-12,CALL,61750,4440,,,27.82,23.52,4690,7,4190,7,,,,,
2026/09/16 20:12,2026-09-16T20:27:02+09:00,2026/09/17,2026/12/10,2026-12,PUT,61750,2360,,,28.25,25.85,2390,1,2110,9,,,,,
2026/09/16 20:12,2026-09-16T20:27:02+09:00,2026/09/17,2026/12/10,2026-12,CALL,61625,4520,,,27.88,23.55,4770,6,4270,6,,,,,
2026/09/16 20:12,2026-09-16T20:27:02+09:00,2026/09/17,2026/12/10,2026-12,PUT,61625,2310,,,28.31,25.85,2345,1,2060,9,,,,,
2026/09/16 20:12,2026-09-16T20:27:02+09:00,2026/09/17,2026/12/10,2026-12,CALL,61500,4600,,,27.93,23.58,4850,12,4350,12,,,,,
2026/09/16 20:12,2026-09-16T20:27:02+09:00,2026/09/17,2026/12/10,2026-12,PUT,61500,2270,,,28.23,25.94,2285,2,2020,18,,,,,
2026/09/16 20:12,2026-09-16T20:27:02+09:00,2026/09/17,2026/12/10,2026-12,CALL,61375,4675,,,27.94,23.55,4925,6,4425,6,,,,,
2026/09/16 20:12,2026-09-16T20:27:02+09:00,2026/09/17,2026/12/10,2026-12,PUT,61375,2220,,,28.46,25.93,2260,1,1970,9,,,,,
2026/09/16 20:12,2026-09-16T20:27:02+09:00,2026/09/17,2026/12/10,2026-12,CALL,61250,4770,,,28.11,23.7,5020,7,4520,7,,,,,
2026/09/16 20:12,2026-09-16T20:27:02+09:00,2026/09/17,2026/12/10,2026-12,PUT,61250,2190,,,28.89,26.35,2260,11,1970,1,,,,,
2026/09/16 20:12,2026-09-16T20:27:02+09:00,2026/09/17,2026/12/10,2026-12,CALL,61125,4835,,,28.01,23.57,5085,6,4585,6,,,,,
2026/09/16 20:12,2026-09-16T20:27:02+09:00,2026/09/17,2026/12/10,2026-12,PUT,61125,2130,,,28.58,25.98,2175,1,1880,9,,,,,
2026/09/16 20:12,2026-09-16T20:27:02+09:00,2026/09/17,2026/12/10,2026-12,CALL,61000,4920,,,28.08,23.61,5170,18,4670,18,,,,,
2026/09/16 20:12,2026-09-16T20:27:02+09:00,2026/09/17,2026/12/10,2026-12,PUT,61000,2095,,,28.26,26.31,2090,3,1870,3,,,,,
2026/09/16 20:12,2026-09-16T20:27:02+09:00,2026/09/17,2026/12/10,2026-12,CALL,60875,5000,,,28.11,23.6,5250,6,4750,6,,,,,
2026/09/16 20:12,2026-09-16T20:27:02+09:00,2026/09/17,2026/12/10,2026-12,PUT,60875,2045,,,28.69,26.05,2090,1,1795,9,,,,,
2026/09/16 20:12,2026-09-16T20:27:02+09:00,2026/09/17,2026/12/10,2026-12,CALL,60750,5090,,,28.22,23.67,5340,7,4840,7,,,,,
2026/09/16 20:12,2026-09-16T20:27:02+09:00,2026/09/17,2026/12/10,2026-12,PUT,60750,2010,,,28.75,26.14,2050,1,1760,11,,,,,
2026/09/16 20:12,2026-09-16T20:27:02+09:00,2026/09/17,2026/12/10,2026-12,CALL,60625,5165,,,31.45,23.6,5780,1,4915,6,,,,,
2026/09/16 20:12,2026-09-16T20:27:02+09:00,2026/09/17,2026/12/10,2026-12,PUT,60625,1960,,,28.86,26.55,2015,1,1760,9,,,,,
2026/09/16 20:12,2026-09-16T20:27:02+09:00,2026/09/17,2026/12/10,2026-12,CALL,60500,5240,,,31.65,23.52,5880,2,4990,12,,,,,
2026/09/16 20:12,2026-09-16T20:27:02+09:00,2026/09/17,2026/12/10,2026-12,PUT,60500,1910,,,28.73,26.5,1955,2,1710,18,,,,,
2026/09/16 20:12,2026-09-16T20:27:02+09:00,2026/09/17,2026/12/10,2026-12,CALL,60250,5425,,,30.7,23.66,5930,1,5175,7,,,,,
2026/09/16 20:12,2026-09-16T20:27:02+09:00,2026/09/17,2026/12/10,2026-12,PUT,60250,1850,,,29.05,26.69,1900,1,1645,1,,,,,
2026/09/16 20:12,2026-09-16T20:27:02+09:00,2026/09/17,2026/12/10,2026-12,CALL,60000,5600,,,31.57,23.68,6185,3,5350,18,,,,,
2026/09/16 20:12,2026-09-16T20:27:02+09:00,2026/09/17,2026/12/10,2026-12,PUT,60000,1775,,,28.8,26.87,1785,3,1580,3,,,,,
2026/09/16 20:12,2026-09-16T20:27:02+09:00,2026/09/17,2026/12/10,2026-12,CALL,59750,5770,,,31.42,23.62,6330,1,5520,7,,,,,
2026/09/16 20:12,2026-09-16T20:27:02+09:00,2026/09/17,2026/12/10,2026-12,PUT,59750,1695,,,29.31,26.83,1755,1,1495,12,,,,,
2026/09/16 20:12,2026-09-16T20:27:02+09:00,2026/09/17,2026/12/10,2026-12,CALL,59500,5955,,,32.89,23.68,6650,2,5705,12,,,,,
2026/09/16 20:12,2026-09-16T20:27:02+09:00,2026/09/17,2026/12/10,2026-12,PUT,59500,1630,,,29.29,26.95,1670,2,1430,20,,,,,
2026/09/16 20:12,2026-09-16T20:27:02+09:00,2026/09/17,2026/12/10,2026-12,CALL,59250,6140,,,33.14,23.71,6840,1,5890,7,,,,,
2026/09/16 20:12,2026-09-16T20:27:02+09:00,2026/09/17,2026/12/10,2026-12,PUT,59250,1565,,,29.63,27.06,1625,1,1365,12,,,,,
2026/09/16 20:12,2026-09-16T20:27:02+09:00,2026/09/17,2026/12/10,2026-12,CALL,59000,6330,,,33.28,23.76,7020,3,6080,18,,,,,
2026/09/16 20:12,2026-09-16T20:27:02+09:00,2026/09/17,2026/12/10,2026-12,PUT,59000,1510,,,29.41,27.45,1525,3,1330,3,,,,,
2026/09/16 20:12,2026-09-16T20:27:02+09:00,2026/09/17,2026/12/10,2026-12,CALL,58750,6505,,,33.83,23.62,7245,1,6255,7,,,,,
2026/09/16 20:12,2026-09-16T20:27:02+09:00,2026/09/17,2026/12/10,2026-12,PUT,58750,1435,,,29.92,27.19,1500,1,1235,12,,,,,
2026/09/16 20:12,2026-09-16T20:27:02+09:00,2026/09/17,2026/12/10,2026-12,CALL,58500,6695,,,34.58,23.6,7490,2,6445,12,,,,,
2026/09/16 20:12,2026-09-16T20:27:02+09:00,2026/09/17,2026/12/10,2026-12,PUT,58500,1375,,,29.9,27.54,1425,2,1200,2,,,,,
2026/09/16 20:12,2026-09-16T20:27:02+09:00,2026/09/17,2026/12/10,2026-12,CALL,58250,6895,,,33.82,23.68,7585,1,6645,7,,,,,
2026/09/16 20:12,2026-09-16T20:27:02+09:00,2026/09/17,2026/12/10,2026-12,PUT,58250,1325,,,30.33,27.44,1395,2,1125,14,,,,,
2026/09/16 20:12,2026-09-16T20:27:02+09:00,2026/09/17,2026/12/10,2026-12,CALL,58000,7105,,,34.29,23.84,7805,3,6855,18,,,,,
2026/09/16 20:12,2026-09-16T20:27:02+09:00,2026/09/17,2026/12/10,2026-12,PUT,58000,1260,,,30.11,27.93,1305,6,1105,6,,,,,
2026/09/16 20:12,2026-09-16T20:27:02+09:00,2026/09/17,2026/12/10,2026-12,CALL,57750,7290,,,34.07,23.66,7960,1,7040,7,,,,,
2026/09/16 20:12,2026-09-16T20:27:02+09:00,2026/09/17,2026/12/10,2026-12,PUT,57750,1225,,,30.67,27.77,1290,2,1030,2,,,,,
2026/09/16 20:12,2026-09-16T20:27:02+09:00,2026/09/17,2026/12/10,2026-12,CALL,57500,7505,,,35.56,23.84,8280,2,7255,12,,,,,
2026/09/16 20:12,2026-09-16T20:27:02+09:00,2026/09/17,2026/12/10,2026-12,PUT,57500,1185,,,30.68,28.05,1225,4,995,4,,,,,
2026/09/16 20:12,2026-09-16T20:27:02+09:00,2026/09/17,2026/12/10,2026-12,CALL,57250,7690,,,36.33,23.57,8530,1,7440,7,,,,,
2026/09/16 20:12,2026-09-16T20:27:02+09:00,2026/09/17,2026/12/10,2026-12,PUT,57250,1125,,,30.99,28.07,1190,2,940,2,,,,,
2026/09/16 20:12,2026-09-16T20:27:02+09:00,2026/09/17,2026/12/10,2026-12,CALL,57000,7885,,,36.02,23.4,8680,3,7635,18,,,,,
2026/09/16 20:12,2026-09-16T20:27:02+09:00,2026/09/17,2026/12/10,2026-12,PUT,57000,1070,,,30.83,28.62,1115,6,930,36,,,,,
2026/09/16 20:12,2026-09-16T20:27:02+09:00,2026/09/17,2026/12/10,2026-12,CALL,56750,8095,,,35.13,23.39,8780,1,7845,7,,,,,
2026/09/16 20:12,2026-09-16T20:27:02+09:00,2026/09/17,2026/12/10,2026-12,PUT,56750,1035,,,31.35,28.42,1100,2,860,2,,,,,
2026/09/16 20:12,2026-09-16T20:27:02+09:00,2026/09/17,2026/12/10,2026-12,CALL,56500,8300,,,36.86,23.27,9120,2,8050,12,,,,,
2026/09/16 20:12,2026-09-16T20:27:02+09:00,2026/09/17,2026/12/10,2026-12,PUT,56500,985,,,31.44,28.75,1050,4,835,24,,,,,
2026/09/16 20:12,2026-09-16T20:27:02+09:00,2026/09/17,2026/12/10,2026-12,CALL,56250,8495,,,35.68,22.93,9200,1,8245,7,,,,,
2026/09/16 20:12,2026-09-16T20:27:02+09:00,2026/09/17,2026/12/10,2026-12,PUT,56250,935,,,31.76,28.81,1020,2,790,2,,,,,
2026/09/16 20:12,2026-09-16T20:27:02+09:00,2026/09/17,2026/12/10,2026-12,CALL,56000,8730,,,36.4,23.24,9450,3,8480,18,,,,,
2026/09/16 20:12,2026-09-16T20:27:02+09:00,2026/09/17,2026/12/10,2026-12,PUT,56000,920,,,31.62,29.32,955,6,780,6,,,,,
2026/09/16 20:12,2026-09-16T20:27:02+09:00,2026/09/17,2026/12/10,2026-12,CALL,55750,8930,,,38.34,22.87,9805,1,8680,7,,,,,
2026/09/16 20:12,2026-09-16T20:27:02+09:00,2026/09/17,2026/12/10,2026-12,PUT,55750,875,,,32.16,29.2,945,2,725,14,,,,,
2026/09/16 20:12,2026-09-16T20:27:02+09:00,2026/09/17,2026/12/10,2026-12,CALL,55500,9160,,,35.8,23.03,9780,2,8910,10,,,,,
2026/09/16 20:12,2026-09-16T20:27:02+09:00,2026/09/17,2026/12/10,2026-12,PUT,55500,855,,,32.37,29.55,910,6,705,28,,,,,
2026/09/16 20:12,2026-09-16T20:27:02+09:00,2026/09/17,2026/12/10,2026-12,CALL,55250,9385,,,36.13,23.05,10000,1,9135,7,,,,,
2026/09/16 20:12,2026-09-16T20:27:02+09:00,2026/09/17,2026/12/10,2026-12,PUT,55250,830,,,32.63,29.81,880,3,680,16,,,,,
2026/09/16 20:12,2026-09-16T20:27:02+09:00,2026/09/17,2026/12/10,2026-12,CALL,55000,9600,,,38.99,22.82,10425,3,9350,18,,,,,
2026/09/16 20:12,2026-09-16T20:27:02+09:00,2026/09/17,2026/12/10,2026-12,PUT,55000,795,,,32.53,30.29,825,9,670,42,,,,,
2026/09/16 20:12,2026-09-16T20:27:02+09:00,2026/09/17,2026/12/10,2026-12,CALL,54750,9805,,,38.22,22.25,10555,1,9555,7,,,,,
2026/09/16 20:12,2026-09-16T20:27:02+09:00,2026/09/17,2026/12/10,2026-12,PUT,54750,750,,,33.04,30.22,815,3,625,16,,,,,
2026/09/16 20:12,2026-09-16T20:27:02+09:00,2026/09/17,2026/12/10,2026-12,CALL,54500,10020,,,38.03,21.82,10735,2,9770,12,,,,,
2026/09/16 20:12,2026-09-16T20:27:02+09:00,2026/09/17,2026/12/10,2026-12,PUT,54500,715,,,33.19,30.28,780,6,590,28,,,,,
2026/09/16 20:12,2026-09-16T20:27:02+09:00,2026/09/17,2026/12/10,2026-12,CALL,54250,10240,,,,,,,,,,,,,
2026/09/16 20:12,2026-09-16T20:27:02+09:00,2026/09/17,2026/12/10,2026-12,PUT,54250,685,,,33.53,30.4,760,3,560,16,,,,,
2026/09/16 20:12,2026-09-16T20:27:02+09:00,2026/09/17,2026/12/10,2026-12,CALL,54000,10470,,,,,,,,,,,,,
2026/09/16 20:12,2026-09-16T20:27:02+09:00,2026/09/17,2026/12/10,2026-12,PUT,54000,665,,,33.41,30.92,710,9,555,42,,,,,
2026/09/16 20:12,2026-09-16T20:27:02+09:00,2026/09/17,2026/12/10,2026-12,CALL,53750,10700,,,,,,,,,,,,,
2026/09/16 20:12,2026-09-16T20:27:02+09:00,2026/09/17,2026/12/10,2026-12,PUT,53750,650,,,33.97,31,705,3,525,16,,,,,
2026/09/16 20:12,2026-09-16T20:27:02+09:00,2026/09/17,2026/12/10,2026-12,CALL,53500,10925,,,,,,,,,,,,,
2026/09/16 20:12,2026-09-16T20:27:02+09:00,2026/09/17,2026/12/10,2026-12,PUT,53500,620,,,34.13,31.06,675,6,495,28,,,,,
2026/09/16 20:12,2026-09-16T20:27:02+09:00,2026/09/17,2026/12/10,2026-12,CALL,53250,11150,,,,,,,,,,,,,
2026/09/16 20:12,2026-09-16T20:27:02+09:00,2026/09/17,2026/12/10,2026-12,PUT,53250,600,,,34.43,31.28,655,3,475,16,,,,,
2026/09/16 20:12,2026-09-16T20:27:02+09:00,2026/09/17,2026/12/10,2026-12,CALL,53000,11380,,,,,,,,,,,,,
2026/09/16 20:12,2026-09-16T20:27:02+09:00,2026/09/17,2026/12/10,2026-12,PUT,53000,580,,,34.38,31.78,615,9,470,9,,,,,
2026/09/16 20:12,2026-09-16T20:27:02+09:00,2026/09/17,2026/12/10,2026-12,CALL,52750,11605,,,,,,,,,,,,,
2026/09/16 20:12,2026-09-16T20:27:02+09:00,2026/09/17,2026/12/10,2026-12,PUT,52750,555,,,34.91,31.68,610,3,435,3,,,,,
2026/09/16 20:12,2026-09-16T20:27:02+09:00,2026/09/17,2026/12/10,2026-12,CALL,52500,11835,,,,,,,,,,,,,
2026/09/16 20:12,2026-09-16T20:27:02+09:00,2026/09/17,2026/12/10,2026-12,PUT,52500,535,,,35.09,31.96,585,6,420,6,,,,,
2026/09/16 20:12,2026-09-16T20:27:02+09:00,2026/09/17,2026/12/10,2026-12,CALL,52250,12065,,,,,,,,,,,,,
2026/09/16 20:12,2026-09-16T20:27:02+09:00,2026/09/17,2026/12/10,2026-12,PUT,52250,515,,,35.44,32.12,570,3,400,3,,,,,
2026/09/16 20:12,2026-09-16T20:27:02+09:00,2026/09/17,2026/12/10,2026-12,CALL,52000,12285,,,,,,,,,,,,,
2026/09/16 20:12,2026-09-16T20:27:02+09:00,2026/09/17,2026/12/10,2026-12,PUT,52000,495,,,35.4,32.8,535,9,405,9,,,,,
2026/09/16 20:12,2026-09-16T20:27:02+09:00,2026/09/17,2026/12/10,2026-12,CALL,51750,12530,,,,,,,,,,,,,
2026/09/16 20:12,2026-09-16T20:27:02+09:00,2026/09/17,2026/12/10,2026-12,PUT,51750,485,,,36.01,32.95,535,3,385,16,,,,,
2026/09/16 20:12,2026-09-16T20:27:02+09:00,2026/09/17,2026/12/10,2026-12,CALL,51500,12750,,,,,,,,,,,,,
2026/09/16 20:12,2026-09-16T20:27:02+09:00,2026/09/17,2026/12/10,2026-12,PUT,51500,460,,,36.13,32.95,510,6,360,28,,,,,
2026/09/16 20:12,2026-09-16T20:27:02+09:00,2026/09/17,2026/12/10,2026-12,CALL,51250,12995,,,,,,,,,,,,,
2026/09/16 20:12,2026-09-16T20:27:02+09:00,2026/09/17,2026/12/10,2026-12,PUT,51250,455,,,36.54,33.41,500,3,355,16,,,,,
2026/09/16 20:12,2026-09-16T20:27:02+09:00,2026/09/17,2026/12/10,2026-12,CALL,51000,13220,,,,,,,,,,,,,
2026/09/16 20:12,2026-09-16T20:27:02+09:00,2026/09/17,2026/12/10,2026-12,PUT,51000,430,,,36.42,33.74,465,9,345,9,,,,,
2026/09/16 20:12,2026-09-16T20:27:02+09:00,2026/09/17,2026/12/10,2026-12,CALL,50750,13460,,,,,,,,,,,,,
2026/09/16 20:12,2026-09-16T20:27:02+09:00,2026/09/17,2026/12/10,2026-12,PUT,50750,420,,,37.23,33.68,475,5,320,20,,,,,
2026/09/16 20:12,2026-09-16T20:27:02+09:00,2026/09/17,2026/12/10,2026-12,CALL,50500,13695,,,,,,,,,,,,,
2026/09/16 20:12,2026-09-16T20:27:02+09:00,2026/09/17,2026/12/10,2026-12,PUT,50500,405,,,37.4,33.86,455,8,305,32,,,,,
2026/09/16 20:12,2026-09-16T20:27:02+09:00,2026/09/17,2026/12/10,2026-12,CALL,50250,13930,,,,,,,,,,,,,
2026/09/16 20:12,2026-09-16T20:27:02+09:00,2026/09/17,2026/12/10,2026-12,PUT,50250,390,,,37.78,34.02,445,5,290,20,,,,,
2026/09/16 20:12,2026-09-16T20:27:02+09:00,2026/09/17,2026/12/10,2026-12,CALL,50000,14150,,,,,,,,,,,,,
2026/09/16 20:12,2026-09-16T20:27:02+09:00,2026/09/17,2026/12/10,2026-12,PUT,50000,365,,,37.23,34.71,395,12,295,12,,,,,
2026/09/16 20:12,2026-09-16T20:27:02+09:00,2026/09/17,2026/12/10,2026-12,CALL,49750,14400,,,,,,,,,,,,,
2026/09/16 20:12,2026-09-16T20:27:02+09:00,2026/09/17,2026/12/10,2026-12,PUT,49750,365,,,38.41,34.51,420,5,268,5,,,,,
2026/09/16 20:12,2026-09-16T20:27:02+09:00,2026/09/17,2026/12/10,2026-12,CALL,49500,14630,,,,,,,,,,,,,
2026/09/16 20:12,2026-09-16T20:27:02+09:00,2026/09/17,2026/12/10,2026-12,PUT,49500,345,,,38.65,34.88,405,8,262,8,,,,,
2026/09/16 20:12,2026-09-16T20:27:02+09:00,2026/09/17,2026/12/10,2026-12,CALL,49250,14875,,,,,,,,,,,,,
2026/09/16 20:12,2026-09-16T20:27:02+09:00,2026/09/17,2026/12/10,2026-12,PUT,49250,340,,,39,35.01,395,5,248,5,,,,,
2026/09/16 20:12,2026-09-16T20:27:02+09:00,2026/09/17,2026/12/10,2026-12,CALL,49000,15110,,,,,,,,,,,,,
2026/09/16 20:12,2026-09-16T20:27:02+09:00,2026/09/17,2026/12/10,2026-12,PUT,49000,330,,,38.97,35.75,370,12,254,12,,,,,
2026/09/16 20:12,2026-09-16T20:27:02+09:00,2026/09/17,2026/12/10,2026-12,CALL,48750,15340,,,,,,,,,,,,,
2026/09/16 20:12,2026-09-16T20:27:02+09:00,2026/09/17,2026/12/10,2026-12,PUT,48750,310,,,39.68,35.53,375,5,230,5,,,,,
2026/09/16 20:12,2026-09-16T20:27:02+09:00,2026/09/17,2026/12/10,2026-12,CALL,48500,15590,,,,,,,,,,,,,
2026/09/16 20:12,2026-09-16T20:27:02+09:00,2026/09/17,2026/12/10,2026-12,PUT,48500,305,,,39.75,35.95,355,8,226,8,,,,,
2026/09/16 20:12,2026-09-16T20:27:02+09:00,2026/09/17,2026/12/10,2026-12,CALL,48250,15830,,,,,,,,,,,,,
2026/09/16 20:12,2026-09-16T20:27:02+09:00,2026/09/17,2026/12/10,2026-12,PUT,48250,294,,,40.2,36.05,350,5,213,5,,,,,
2026/09/16 20:12,2026-09-16T20:27:02+09:00,2026/09/17,2026/12/10,2026-12,CALL,48000,16065,,,,,,,,,,,,,
2026/09/16 20:12,2026-09-16T20:27:02+09:00,2026/09/17,2026/12/10,2026-12,PUT,48000,284,,,40.1,36.83,325,12,220,12,,,,,
2026/09/16 20:12,2026-09-16T20:27:02+09:00,2026/09/17,2026/12/10,2026-12,CALL,47750,16310,,,,,,,,,,,,,
2026/09/16 20:12,2026-09-16T20:27:02+09:00,2026/09/17,2026/12/10,2026-12,PUT,47750,278,,,40.82,36.59,330,5,198,5,,,,,
2026/09/16 20:12,2026-09-16T20:27:02+09:00,2026/09/17,2026/12/10,2026-12,CALL,47500,16545,,,,,,,,,,,,,
2026/09/16 20:12,2026-09-16T20:27:02+09:00,2026/09/17,2026/12/10,2026-12,PUT,47500,267,,,41.12,36.98,320,8,194,8,,,,,
2026/09/16 20:12,2026-09-16T20:27:02+09:00,2026/09/17,2026/12/10,2026-12,CALL,47250,16790,,,,,,,,,,,,,
2026/09/16 20:12,2026-09-16T20:27:02+09:00,2026/09/17,2026/12/10,2026-12,PUT,47250,263,,,41.56,37.09,315,5,183,5,,,,,
2026/09/16 20:12,2026-09-16T20:27:02+09:00,2026/09/17,2026/12/10,2026-12,CALL,47000,17030,,,,,,,,,,,,,
2026/09/16 20:12,2026-09-16T20:27:02+09:00,2026/09/17,2026/12/10,2026-12,PUT,47000,249,,,41.32,37.91,288,12,190,12,,,,,
2026/09/16 20:12,2026-09-16T20:27:02+09:00,2026/09/17,2026/12/10,2026-12,CALL,46750,17270,,,,,,,,,,,,,
2026/09/16 20:12,2026-09-16T20:27:02+09:00,2026/09/17,2026/12/10,2026-12,PUT,46750,244,,,42.09,37.63,294,5,170,5,,,,,
2026/09/16 20:12,2026-09-16T20:27:02+09:00,2026/09/17,2026/12/10,2026-12,CALL,46500,17515,,,,,,,,,,,,,
2026/09/16 20:12,2026-09-16T20:27:02+09:00,2026/09/17,2026/12/10,2026-12,PUT,46500,237,,,42.29,38.09,282,8,168,8,,,,,
2026/09/16 20:12,2026-09-16T20:27:02+09:00,2026/09/17,2026/12/10,2026-12,CALL,46250,17755,,,,,,,,,,,,,
2026/09/16 20:12,2026-09-16T20:27:02+09:00,2026/09/17,2026/12/10,2026-12,PUT,46250,232,,,42.74,38.18,278,5,158,5,,,,,
2026/09/16 20:12,2026-09-16T20:27:02+09:00,2026/09/17,2026/12/10,2026-12,CALL,46000,17995,,,,,,,,,,,,,
2026/09/16 20:12,2026-09-16T20:27:02+09:00,2026/09/17,2026/12/10,2026-12,PUT,46000,223,,,42.61,39.03,257,12,165,12,,,,,
2026/09/16 20:12,2026-09-16T20:27:02+09:00,2026/09/17,2026/12/10,2026-12,CALL,45750,18240,,,,,,,,,,,,,
2026/09/16 20:12,2026-09-16T20:27:02+09:00,2026/09/17,2026/12/10,2026-12,PUT,45750,218,,,43.4,38.74,263,5,147,5,,,,,
2026/09/16 20:12,2026-09-16T20:27:02+09:00,2026/09/17,2026/12/10,2026-12,CALL,45500,18485,,,,,,,,,,,,,
2026/09/16 20:12,2026-09-16T20:27:02+09:00,2026/09/17,2026/12/10,2026-12,PUT,45500,211,,,43.59,39.18,252,8,145,8,,,,,
2026/09/16 20:12,2026-09-16T20:27:02+09:00,2026/09/17,2026/12/10,2026-12,CALL,45250,18715,,,,,,,,,,,,,
2026/09/16 20:12,2026-09-16T20:27:02+09:00,2026/09/17,2026/12/10,2026-12,PUT,45250,204,,,44.06,39.26,249,5,136,5,,,,,
2026/09/16 20:12,2026-09-16T20:27:02+09:00,2026/09/17,2026/12/10,2026-12,CALL,45000,18960,,,,,,,,,,,,,
2026/09/16 20:12,2026-09-16T20:27:02+09:00,2026/09/17,2026/12/10,2026-12,PUT,45000,190,,,43.94,40.2,230,12,144,12,,,,,
2026/09/16 20:12,2026-09-16T20:27:02+09:00,2026/09/17,2026/12/10,2026-12,CALL,44750,19205,,,,,,,,,,,,,
2026/09/16 20:12,2026-09-16T20:27:02+09:00,2026/09/17,2026/12/10,2026-12,PUT,44750,184,,,44.67,40.23,234,21,134,21,,,,,
2026/09/16 20:12,2026-09-16T20:27:02+09:00,2026/09/17,2026/12/10,2026-12,CALL,44500,19450,,,,,,,,,,,,,
2026/09/16 20:12,2026-09-16T20:27:02+09:00,2026/09/17,2026/12/10,2026-12,PUT,44500,180,,,44.94,40.55,226,8,130,34,,,,,
2026/09/16 20:12,2026-09-16T20:27:02+09:00,2026/09/17,2026/12/10,2026-12,CALL,44250,19695,,,,,,,,,,,,,
2026/09/16 20:12,2026-09-16T20:27:02+09:00,2026/09/17,2026/12/10,2026-12,PUT,44250,176,,,45.44,40.86,224,5,126,21,,,,,
2026/09/16 20:12,2026-09-16T20:27:02+09:00,2026/09/17,2026/12/10,2026-12,CALL,44000,19935,,,,,,,,,,,,,
2026/09/16 20:12,2026-09-16T20:27:02+09:00,2026/09/17,2026/12/10,2026-12,PUT,44000,168,,,45.32,41.29,207,12,124,12,,,,,
2026/09/16 20:12,2026-09-16T20:27:02+09:00,2026/09/17,2026/12/10,2026-12,CALL,43750,20180,,,,,,,,,,,,,
2026/09/16 20:12,2026-09-16T20:27:02+09:00,2026/09/17,2026/12/10,2026-12,PUT,43750,165,,,46.15,41.3,213,5,115,21,,,,,
2026/09/16 20:12,2026-09-16T20:27:02+09:00,2026/09/17,2026/12/10,2026-12,CALL,43500,20425,,,,,,,,,,,,,
2026/09/16 20:12,2026-09-16T20:27:02+09:00,2026/09/17,2026/12/10,2026-12,PUT,43500,161,,,46.35,41.59,204,8,111,36,,,,,
2026/09/16 20:12,2026-09-16T20:27:02+09:00,2026/09/17,2026/12/10,2026-12,CALL,43250,20670,,,,,,,,,,,,,
2026/09/16 20:12,2026-09-16T20:27:02+09:00,2026/09/17,2026/12/10,2026-12,PUT,43250,156,,,46.85,41.8,202,5,106,22,,,,,
2026/09/16 20:12,2026-09-16T20:27:02+09:00,2026/09/17,2026/12/10,2026-12,CALL,43000,20915,,,,,,,,,,,,,
2026/09/16 20:12,2026-09-16T20:27:02+09:00,2026/09/17,2026/12/10,2026-12,PUT,43000,154,,,46.7,42.47,186,12,108,12,,,,,
2026/09/16 20:12,2026-09-16T20:27:02+09:00,2026/09/17,2026/12/10,2026-12,CALL,42750,21160,,,,,,,,,,,,,
2026/09/16 20:12,2026-09-16T20:27:02+09:00,2026/09/17,2026/12/10,2026-12,PUT,42750,147,,,47.56,42.26,192,5,97,22,,,,,
2026/09/16 20:12,2026-09-16T20:27:02+09:00,2026/09/17,2026/12/10,2026-12,CALL,42500,21405,,,,,,,,,,,,,
2026/09/16 20:12,2026-09-16T20:27:02+09:00,2026/09/17,2026/12/10,2026-12,PUT,42500,143,,,47.82,42.51,185,8,93,36,,,,,
2026/09/16 20:12,2026-09-16T20:27:02+09:00,2026/09/17,2026/12/10,2026-12,CALL,42250,21650,,,,,,,,,,,,,
2026/09/16 20:12,2026-09-16T20:27:02+09:00,2026/09/17,2026/12/10,2026-12,PUT,42250,139,,,48.31,42.75,183,5,89,22,,,,,
2026/09/16 20:12,2026-09-16T20:27:02+09:00,2026/09/17,2026/12/10,2026-12,CALL,42000,21895,,,,,,,,,,,,,
2026/09/16 20:12,2026-09-16T20:27:02+09:00,2026/09/17,2026/12/10,2026-12,PUT,42000,136,,,48.15,43.58,168,12,93,12,,,,,
2026/09/16 20:12,2026-09-16T20:27:02+09:00,2026/09/17,2026/12/10,2026-12,CALL,41750,22140,,,,,,,,,,,,,
2026/09/16 20:12,2026-09-16T20:27:02+09:00,2026/09/17,2026/12/10,2026-12,PUT,41750,135,,,49.09,43.51,175,5,85,22,,,,,
2026/09/16 20:12,2026-09-16T20:27:02+09:00,2026/09/17,2026/12/10,2026-12,CALL,41500,22390,,,,,,,,,,,,,
2026/09/16 20:12,2026-09-16T20:27:02+09:00,2026/09/17,2026/12/10,2026-12,PUT,41500,132,,,49.32,43.8,168,8,82,36,,,,,
2026/09/16 20:12,2026-09-16T20:27:02+09:00,2026/09/17,2026/12/10,2026-12,CALL,41250,22635,,,,,,,,,,,,,
2026/09/16 20:12,2026-09-16T20:27:02+09:00,2026/09/17,2026/12/10,2026-12,PUT,41250,129,,,49.85,44.09,167,5,79,22,,,,,
2026/09/16 20:12,2026-09-16T20:27:02+09:00,2026/09/17,2026/12/10,2026-12,CALL,41000,22880,,,,,,,,,,,,,
2026/09/16 20:12,2026-09-16T20:27:02+09:00,2026/09/17,2026/12/10,2026-12,PUT,41000,125,,,49.68,44.71,153,12,80,12,,,,,
2026/09/16 20:12,2026-09-16T20:27:02+09:00,2026/09/17,2026/12/10,2026-12,CALL,40750,23125,,,,,,,,,,,,,
2026/09/16 20:12,2026-09-16T20:27:02+09:00,2026/09/17,2026/12/10,2026-12,PUT,40750,122,,,50.6,44.55,159,5,72,22,,,,,
2026/09/16 20:12,2026-09-16T20:27:02+09:00,2026/09/17,2026/12/10,2026-12,CALL,40500,23370,,,,,,,,,,,,,
2026/09/16 20:12,2026-09-16T20:27:02+09:00,2026/09/17,2026/12/10,2026-12,PUT,40500,118,,,50.86,44.71,153,8,68,36,,,,,
2026/09/16 20:12,2026-09-16T20:27:02+09:00,2026/09/17,2026/12/10,2026-12,CALL,40250,23620,,,,,,,,,,,,,
2026/09/16 20:12,2026-09-16T20:27:02+09:00,2026/09/17,2026/12/10,2026-12,PUT,40250,116,,,51.39,45.05,152,5,66,22,,,,,
2026/09/16 20:12,2026-09-16T20:27:02+09:00,2026/09/17,2026/12/10,2026-12,CALL,40000,23865,,,,,,,,,,,,,
2026/09/16 20:12,2026-09-16T20:27:02+09:00,2026/09/17,2026/12/10,2026-12,PUT,40000,110,,,51.27,48.22,140,12,96,12,,,,,
2026/09/16 20:12,2026-09-16T20:27:02+09:00,2026/09/17,2026/12/10,2026-12,CALL,39750,24110,,,,,,,,,,,,,
2026/09/16 20:12,2026-09-16T20:27:02+09:00,2026/09/17,2026/12/10,2026-12,PUT,39750,110,,,,,,,,,,,,,
2026/09/16 20:12,2026-09-16T20:27:02+09:00,2026/09/17,2026/12/10,2026-12,CALL,39500,24350,,,,,,,,,,,,,
2026/09/16 20:12,2026-09-16T20:27:02+09:00,2026/09/17,2026/12/10,2026-12,PUT,39500,103,,,,30.38,,,1,10,,,,,
2026/09/16 20:12,2026-09-16T20:27:02+09:00,2026/09/17,2026/12/10,2026-12,CALL,39250,24595,,,,,,,,,,,,,
2026/09/16 20:12,2026-09-16T20:27:02+09:00,2026/09/17,2026/12/10,2026-12,PUT,39250,99,,,,,,,,,,,,,
2026/09/16 20:12,2026-09-16T20:27:02+09:00,2026/09/17,2026/12/10,2026-12,CALL,39000,24840,,,,,,,,,,,,,
2026/09/16 20:12,2026-09-16T20:27:02+09:00,2026/09/17,2026/12/10,2026-12,PUT,39000,93,,,,31.13,,,1,10,,,,,
2026/09/16 20:12,2026-09-16T20:27:02+09:00,2026/09/17,2026/12/10,2026-12,CALL,38750,25090,,,,,,,,,,,,,
2026/09/16 20:12,2026-09-16T20:27:02+09:00,2026/09/17,2026/12/10,2026-12,PUT,38750,92,,,,,,,,,,,,,
2026/09/16 20:12,2026-09-16T20:27:02+09:00,2026/09/17,2026/12/10,2026-12,CALL,38500,25335,,,,,,,,,,,,,
2026/09/16 20:12,2026-09-16T20:27:02+09:00,2026/09/17,2026/12/10,2026-12,PUT,38500,91,,,,,,,,,,,,,
2026/09/16 20:12,2026-09-16T20:27:02+09:00,2026/09/17,2026/12/10,2026-12,CALL,38250,25580,,,,,,,,,,,,,
2026/09/16 20:12,2026-09-16T20:27:02+09:00,2026/09/17,2026/12/10,2026-12,PUT,38250,88,,,,,,,,,,,,,
2026/09/16 20:12,2026-09-16T20:27:02+09:00,2026/09/17,2026/12/10,2026-12,CALL,38000,25830,,,,,,,,,,,,,
2026/09/16 20:12,2026-09-16T20:27:02+09:00,2026/09/17,2026/12/10,2026-12,PUT,38000,86,,,,35.65,,,3,1,,,,,
2026/09/16 20:12,2026-09-16T20:27:02+09:00,2026/09/17,2026/12/10,2026-12,CALL,37750,26075,,,,,,,,,,,,,
2026/09/16 20:12,2026-09-16T20:27:02+09:00,2026/09/17,2026/12/10,2026-12,PUT,37750,84,,,,,,,,,,,,,
2026/09/16 20:12,2026-09-16T20:27:02+09:00,2026/09/17,2026/12/10,2026-12,CALL,37500,26320,,,,,,,,,,,,,
2026/09/16 20:12,2026-09-16T20:27:02+09:00,2026/09/17,2026/12/10,2026-12,PUT,37500,81,,,,,,,,,,,,,
2026/09/16 20:12,2026-09-16T20:27:02+09:00,2026/09/17,2026/12/10,2026-12,CALL,37250,26570,,,,,,,,,,,,,
2026/09/16 20:12,2026-09-16T20:27:02+09:00,2026/09/17,2026/12/10,2026-12,PUT,37250,79,,,,,,,,,,,,,
2026/09/16 20:12,2026-09-16T20:27:02+09:00,2026/09/17,2026/12/10,2026-12,CALL,37000,26815,,,,,,,,,,,,,
2026/09/16 20:12,2026-09-16T20:27:02+09:00,2026/09/17,2026/12/10,2026-12,PUT,37000,77,,,,39.07,,,5,1,,,,,
2026/09/16 20:12,2026-09-16T20:27:02+09:00,2026/09/17,2026/12/10,2026-12,CALL,36750,27060,,,,,,,,,,,,,
2026/09/16 20:12,2026-09-16T20:27:02+09:00,2026/09/17,2026/12/10,2026-12,PUT,36750,74,,,,,,,,,,,,,
2026/09/16 20:12,2026-09-16T20:27:02+09:00,2026/09/17,2026/12/10,2026-12,CALL,36500,27310,,,,,,,,,,,,,
2026/09/16 20:12,2026-09-16T20:27:02+09:00,2026/09/17,2026/12/10,2026-12,PUT,36500,72,,,,,,,,,,,,,
2026/09/16 20:12,2026-09-16T20:27:02+09:00,2026/09/17,2026/12/10,2026-12,CALL,36250,27560,,,,,,,,,,,,,
2026/09/16 20:12,2026-09-16T20:27:02+09:00,2026/09/17,2026/12/10,2026-12,PUT,36250,71,,,,,,,,,,,,,
2026/09/16 20:12,2026-09-16T20:27:02+09:00,2026/09/17,2026/12/10,2026-12,CALL,36000,27805,,,,,,,,,,,,,
2026/09/16 20:12,2026-09-16T20:27:02+09:00,2026/09/17,2026/12/10,2026-12,PUT,36000,69,,,,35.86,,,1,10,,,,,
2026/09/16 20:12,2026-09-16T20:27:02+09:00,2026/09/17,2026/12/10,2026-12,CALL,35750,28050,,,,,,,,,,,,,
2026/09/16 20:12,2026-09-16T20:27:02+09:00,2026/09/17,2026/12/10,2026-12,PUT,35750,68,,,,,,,,,,,,,
2026/09/16 20:12,2026-09-16T20:27:02+09:00,2026/09/17,2026/12/10,2026-12,CALL,35500,28300,,,,,,,,,,,,,
2026/09/16 20:12,2026-09-16T20:27:02+09:00,2026/09/17,2026/12/10,2026-12,PUT,35500,66,,,,,,,,,,,,,
2026/09/16 20:12,2026-09-16T20:27:02+09:00,2026/09/17,2026/12/10,2026-12,CALL,35250,28545,,,,,,,,,,,,,
2026/09/16 20:12,2026-09-16T20:27:02+09:00,2026/09/17,2026/12/10,2026-12,PUT,35250,64,,,,,,,,,,,,,
2026/09/16 20:12,2026-09-16T20:27:02+09:00,2026/09/17,2026/12/10,2026-12,CALL,35000,28795,,,,,,,,,,,,,
2026/09/16 20:12,2026-09-16T20:27:02+09:00,2026/09/17,2026/12/10,2026-12,PUT,35000,62,,,67.84,53.36,200,2,40,1,,,,,
2026/09/16 20:12,2026-09-16T20:27:02+09:00,2026/09/17,2026/12/10,2026-12,CALL,34750,29025,,,,,,,,,,,,,
2026/09/16 20:12,2026-09-16T20:27:02+09:00,2026/09/17,2026/12/10,2026-12,PUT,34750,46,,,,,,,,,,,,,
2026/09/16 20:12,2026-09-16T20:27:02+09:00,2026/09/17,2026/12/10,2026-12,CALL,34500,29275,,,,,,,,,,,,,
2026/09/16 20:12,2026-09-16T20:27:02+09:00,2026/09/17,2026/12/10,2026-12,PUT,34500,45,,,,,,,,,,,,,
2026/09/16 20:12,2026-09-16T20:27:02+09:00,2026/09/17,2026/12/10,2026-12,CALL,34250,29520,,,,,,,,,,,,,
2026/09/16 20:12,2026-09-16T20:27:02+09:00,2026/09/17,2026/12/10,2026-12,PUT,34250,43,,,,,,,,,,,,,
2026/09/16 20:12,2026-09-16T20:27:02+09:00,2026/09/17,2026/12/10,2026-12,CALL,34000,29770,,,,,,,,,,,,,
2026/09/16 20:12,2026-09-16T20:27:02+09:00,2026/09/17,2026/12/10,2026-12,PUT,34000,42,,,,39.23,,,1,10,,,,,
2026/09/16 20:12,2026-09-16T20:27:02+09:00,2026/09/17,2026/12/10,2026-12,CALL,33750,30015,,,,,,,,,,,,,
2026/09/16 20:12,2026-09-16T20:27:02+09:00,2026/09/17,2026/12/10,2026-12,PUT,33750,40,,,,,,,,,,,,,
2026/09/16 20:12,2026-09-16T20:27:02+09:00,2026/09/17,2026/12/10,2026-12,CALL,33500,30265,,,,,,,,,,,,,
2026/09/16 20:12,2026-09-16T20:27:02+09:00,2026/09/17,2026/12/10,2026-12,PUT,33500,39,,,,,,,,,,,,,
2026/09/16 20:12,2026-09-16T20:27:02+09:00,2026/09/17,2026/12/10,2026-12,CALL,33250,30515,,,,,,,,,,,,,
2026/09/16 20:12,2026-09-16T20:27:02+09:00,2026/09/17,2026/12/10,2026-12,PUT,33250,38,,,,,,,,,,,,,
2026/09/16 20:12,2026-09-16T20:27:02+09:00,2026/09/17,2026/12/10,2026-12,CALL,33000,30760,,,,,,,,,,,,,
2026/09/16 20:12,2026-09-16T20:27:02+09:00,2026/09/17,2026/12/10,2026-12,PUT,33000,36,,,,51.9,,,15,1,,,,,
2026/09/16 20:12,2026-09-16T20:27:02+09:00,2026/09/17,2026/12/10,2026-12,CALL,32750,31010,,,,,,,,,,,,,
2026/09/16 20:12,2026-09-16T20:27:02+09:00,2026/09/17,2026/12/10,2026-12,PUT,32750,35,,,,,,,,,,,,,
2026/09/16 20:12,2026-09-16T20:27:02+09:00,2026/09/17,2026/12/10,2026-12,CALL,32500,31255,,,,,,,,,,,,,
2026/09/16 20:12,2026-09-16T20:27:02+09:00,2026/09/17,2026/12/10,2026-12,PUT,32500,34,,,,,,,,,,,,,
2026/09/16 20:12,2026-09-16T20:27:02+09:00,2026/09/17,2026/12/10,2026-12,CALL,32250,31505,,,,,,,,,,,,,
2026/09/16 20:12,2026-09-16T20:27:02+09:00,2026/09/17,2026/12/10,2026-12,PUT,32250,33,,,,,,,,,,,,,
2026/09/16 20:12,2026-09-16T20:27:02+09:00,2026/09/17,2026/12/10,2026-12,CALL,32000,31750,,,,,,,,,,,,,
2026/09/16 20:12,2026-09-16T20:27:02+09:00,2026/09/17,2026/12/10,2026-12,PUT,32000,31,,,,42.79,,,1,10,,,,,
2026/09/16 20:12,2026-09-16T20:27:02+09:00,2026/09/17,2026/12/10,2026-12,CALL,31750,32000,,,,,,,,,,,,,
2026/09/16 20:12,2026-09-16T20:27:02+09:00,2026/09/17,2026/12/10,2026-12,PUT,31750,30,,,,,,,,,,,,,
2026/09/16 20:12,2026-09-16T20:27:02+09:00,2026/09/17,2026/12/10,2026-12,CALL,31500,32245,,,,,,,,,,,,,
2026/09/16 20:12,2026-09-16T20:27:02+09:00,2026/09/17,2026/12/10,2026-12,PUT,31500,29,,,,,,,,,,,,,
2026/09/16 20:12,2026-09-16T20:27:02+09:00,2026/09/17,2026/12/10,2026-12,CALL,31250,32495,,,,,,,,,,,,,
2026/09/16 20:12,2026-09-16T20:27:02+09:00,2026/09/17,2026/12/10,2026-12,PUT,31250,28,,,,,,,,,,,,,
2026/09/16 20:12,2026-09-16T20:27:02+09:00,2026/09/17,2026/12/10,2026-12,CALL,31000,32745,,,,,,,,,,,,,
2026/09/16 20:12,2026-09-16T20:27:02+09:00,2026/09/17,2026/12/10,2026-12,PUT,31000,27,,,,44.65,,,1,10,,,,,
2026/09/16 20:12,2026-09-16T20:27:02+09:00,2026/09/17,2026/12/10,2026-12,CALL,30750,32990,,,,,,,,,,,,,
2026/09/16 20:12,2026-09-16T20:27:02+09:00,2026/09/17,2026/12/10,2026-12,PUT,30750,26,,,,,,,,,,,,,
2026/09/16 20:12,2026-09-16T20:27:02+09:00,2026/09/17,2026/12/10,2026-12,CALL,30500,33240,,,,,,,,,,,,,
2026/09/16 20:12,2026-09-16T20:27:02+09:00,2026/09/17,2026/12/10,2026-12,PUT,30500,25,,,82.75,,220,1,,,,,,,
2026/09/16 20:12,2026-09-16T20:27:02+09:00,2026/09/17,2026/12/10,2026-12,CALL,30250,33485,,,,,,,,,,,,,
2026/09/16 20:12,2026-09-16T20:27:02+09:00,2026/09/17,2026/12/10,2026-12,PUT,30250,24,,,,,,,,,,,,,
2026/09/16 20:12,2026-09-16T20:27:02+09:00,2026/09/17,2026/12/10,2026-12,CALL,30000,33735,,,,,,,,,,,,,
2026/09/16 20:12,2026-09-16T20:27:02+09:00,2026/09/17,2026/12/10,2026-12,PUT,30000,32,,,66.72,63.51,45,3,30,4,,,,,
2026/09/16 20:12,2026-09-16T20:27:02+09:00,2026/09/17,2026/12/10,2026-12,CALL,29750,33985,,,,,,,,,,,,,
2026/09/16 20:12,2026-09-16T20:27:02+09:00,2026/09/17,2026/12/10,2026-12,PUT,29750,22,,,,,,,,,,,,,
2026/09/16 20:12,2026-09-16T20:27:02+09:00,2026/09/17,2026/12/10,2026-12,CALL,29500,34230,,,,,,,,,,,,,
2026/09/16 20:12,2026-09-16T20:27:02+09:00,2026/09/17,2026/12/10,2026-12,PUT,29500,21,,,,,,,,,,,,,
2026/09/16 20:12,2026-09-16T20:27:02+09:00,2026/09/17,2026/12/10,2026-12,CALL,29250,34480,,,,,,,,,,,,,
2026/09/16 20:12,2026-09-16T20:27:02+09:00,2026/09/17,2026/12/10,2026-12,PUT,29250,20,,,,,,,,,,,,,
2026/09/16 20:12,2026-09-16T20:27:02+09:00,2026/09/17,2026/12/10,2026-12,CALL,29000,34730,,,,,,,,,,,,,
2026/09/16 20:12,2026-09-16T20:27:02+09:00,2026/09/17,2026/12/10,2026-12,PUT,29000,19,,,,55.18,,,5,1,,,,,
2026/09/16 20:12,2026-09-16T20:27:02+09:00,2026/09/17,2026/12/10,2026-12,CALL,28750,34975,,,,,,,,,,,,,
2026/09/16 20:12,2026-09-16T20:27:02+09:00,2026/09/17,2026/12/10,2026-12,PUT,28750,19,,,,,,,,,,,,,
2026/09/16 20:12,2026-09-16T20:27:02+09:00,2026/09/17,2026/12/10,2026-12,CALL,28500,35225,,,,,,,,,,,,,
2026/09/16 20:12,2026-09-16T20:27:02+09:00,2026/09/17,2026/12/10,2026-12,PUT,28500,18,,,,,,,,,,,,,
2026/09/16 20:12,2026-09-16T20:27:02+09:00,2026/09/17,2026/12/10,2026-12,CALL,28250,35475,,,,,,,,,,,,,
2026/09/16 20:12,2026-09-16T20:27:02+09:00,2026/09/17,2026/12/10,2026-12,PUT,28250,17,,,,,,,,,,,,,
2026/09/16 20:12,2026-09-16T20:27:02+09:00,2026/09/17,2026/12/10,2026-12,CALL,28000,35720,,,,,,,,,,,,,
2026/09/16 20:12,2026-09-16T20:27:02+09:00,2026/09/17,2026/12/10,2026-12,PUT,28000,16,,,,57.5,,,5,4,,,,,
2026/09/16 20:12,2026-09-16T20:27:02+09:00,2026/09/17,2026/12/10,2026-12,CALL,27750,35970,,,,,,,,,,,,,
2026/09/16 20:12,2026-09-16T20:27:02+09:00,2026/09/17,2026/12/10,2026-12,PUT,27750,16,,,,,,,,,,,,,
2026/09/16 20:12,2026-09-16T20:27:02+09:00,2026/09/17,2026/12/10,2026-12,CALL,27500,36220,,,,,,,,,,,,,
2026/09/16 20:12,2026-09-16T20:27:02+09:00,2026/09/17,2026/12/10,2026-12,PUT,27500,15,,,,,,,,,,,,,
2026/09/16 20:12,2026-09-16T20:27:02+09:00,2026/09/17,2026/12/10,2026-12,CALL,27250,36465,,,,,,,,,,,,,
2026/09/16 20:12,2026-09-16T20:27:02+09:00,2026/09/17,2026/12/10,2026-12,PUT,27250,14,,,,,,,,,,,,,
2026/09/16 20:12,2026-09-16T20:27:02+09:00,2026/09/17,2026/12/10,2026-12,CALL,27000,36715,,,,,,,,,,,,,
2026/09/16 20:12,2026-09-16T20:27:02+09:00,2026/09/17,2026/12/10,2026-12,PUT,27000,13,,,,64.99,,,12,1,,,,,
2026/09/16 20:12,2026-09-16T20:27:02+09:00,2026/09/17,2026/12/10,2026-12,CALL,26750,36965,,,,,,,,,,,,,
2026/09/16 20:12,2026-09-16T20:27:02+09:00,2026/09/17,2026/12/10,2026-12,PUT,26750,13,,,,,,,,,,,,,
2026/09/16 20:12,2026-09-16T20:27:02+09:00,2026/09/17,2026/12/10,2026-12,CALL,26500,37210,,,,,,,,,,,,,
2026/09/16 20:12,2026-09-16T20:27:02+09:00,2026/09/17,2026/12/10,2026-12,PUT,26500,13,,,,65.15,,,10,3,,,,,
2026/09/16 20:12,2026-09-16T20:27:02+09:00,2026/09/17,2026/12/10,2026-12,CALL,26250,37460,,,,,,,,,,,,,
2026/09/16 20:12,2026-09-16T20:27:02+09:00,2026/09/17,2026/12/10,2026-12,PUT,26250,12,,,,,,,,,,,,,
2026/09/16 20:12,2026-09-16T20:27:02+09:00,2026/09/17,2026/12/10,2026-12,CALL,26000,37710,,,,,,,,,,,,,
2026/09/16 20:12,2026-09-16T20:27:02+09:00,2026/09/17,2026/12/10,2026-12,PUT,26000,11,,,79.38,54.97,50,1,1,10,,,,,
2026/09/16 20:12,2026-09-16T20:27:02+09:00,2026/09/17,2026/12/10,2026-12,CALL,25750,37955,,,,,,,,,,,,,
2026/09/16 20:12,2026-09-16T20:27:02+09:00,2026/09/17,2026/12/10,2026-12,PUT,25750,10,,,,,,,,,,,,,
2026/09/16 20:12,2026-09-16T20:27:02+09:00,2026/09/17,2026/12/10,2026-12,CALL,25500,38205,,,,,,,,,,,,,
2026/09/16 20:12,2026-09-16T20:27:02+09:00,2026/09/17,2026/12/10,2026-12,PUT,25500,10,,,,,,,,,,,,,
2026/09/16 20:12,2026-09-16T20:27:02+09:00,2026/09/17,2026/12/10,2026-12,CALL,25250,38455,,,,,,,,,,,,,
2026/09/16 20:12,2026-09-16T20:27:02+09:00,2026/09/17,2026/12/10,2026-12,PUT,25250,9,,,,,,,,,,,,,
2026/09/16 20:12,2026-09-16T20:27:02+09:00,2026/09/17,2026/12/10,2026-12,CALL,25000,38700,,,,,,,,,,,,,
2026/09/16 20:12,2026-09-16T20:27:02+09:00,2026/09/17,2026/12/10,2026-12,PUT,25000,8,,,77.08,67.77,28,1,8,1,,,,,
2026/09/16 20:12,2026-09-16T20:27:02+09:00,2026/09/17,2026/12/10,2026-12,CALL,24750,38950,,,,,,,,,,,,,
2026/09/16 20:12,2026-09-16T20:27:02+09:00,2026/09/17,2026/12/10,2026-12,PUT,24750,7,,,,,,,,,,,,,
2026/09/16 20:12,2026-09-16T20:27:02+09:00,2026/09/17,2026/12/10,2026-12,CALL,24500,39200,,,,,,,,,,,,,
2026/09/16 20:12,2026-09-16T20:27:02+09:00,2026/09/17,2026/12/10,2026-12,PUT,24500,6,,,,,,,,,,,,,
2026/09/16 20:12,2026-09-16T20:27:02+09:00,2026/09/17,2026/12/10,2026-12,CALL,24250,39445,,,,,,,,,,,,,
2026/09/16 20:12,2026-09-16T20:27:02+09:00,2026/09/17,2026/12/10,2026-12,PUT,24250,5,,,,,,,,,,,,,
2026/09/16 20:12,2026-09-16T20:27:02+09:00,2026/09/17,2026/12/10,2026-12,CALL,24000,39695,,,,,,,,,,,,,
2026/09/16 20:12,2026-09-16T20:27:02+09:00,2026/09/17,2026/12/10,2026-12,PUT,24000,4,,,83.64,,40,1,,,,,,,
2026/09/16 20:12,2026-09-16T20:27:02+09:00,2026/09/17,2026/12/10,2026-12,CALL,23750,39940,,,,,,,,,,,,,
2026/09/16 20:12,2026-09-16T20:27:02+09:00,2026/09/17,2026/12/10,2026-12,PUT,23750,3,,,,,,,,,,,,,
2026/09/16 20:12,2026-09-16T20:27:02+09:00,2026/09/17,2026/12/10,2026-12,CALL,23500,40190,,,,,,,,,,,,,
2026/09/16 20:12,2026-09-16T20:27:02+09:00,2026/09/17,2026/12/10,2026-12,PUT,23500,3,,,,,,,,,,,,,
2026/09/16 20:12,2026-09-16T20:27:02+09:00,2026/09/17,2026/12/10,2026-12,CALL,23250,40440,,,,,,,,,,,,,
2026/09/16 20:12,2026-09-16T20:27:02+09:00,2026/09/17,2026/12/10,2026-12,PUT,23250,7,,,,71.87,,,7,1,,,,,
2026/09/16 20:12,2026-09-16T20:27:02+09:00,2026/09/17,2026/12/10,2026-12,CALL,23000,40685,,,,,,,,,,,,,
2026/09/16 20:12,2026-09-16T20:27:02+09:00,2026/09/17,2026/12/10,2026-12,PUT,23000,2,,,,65.4,,,2,1,,,,,
2026/09/16 20:12,2026-09-16T20:27:02+09:00,2026/09/17,2026/12/10,2026-12,CALL,22750,40935,,,,,,,,,,,,,
2026/09/16 20:12,2026-09-16T20:27:02+09:00,2026/09/17,2026/12/10,2026-12,PUT,22750,1,,,,,,,,,,,,,
2026/09/16 20:12,2026-09-16T20:27:02+09:00,2026/09/17,2026/12/10,2026-12,CALL,22500,41185,,,,,,,,,,,,,
2026/09/16 20:12,2026-09-16T20:27:02+09:00,2026/09/17,2026/12/10,2026-12,PUT,22500,1,,,,,,,,,,,,,
2026/09/16 20:12,2026-09-16T20:27:02+09:00,2026/09/17,2026/12/10,2026-12,CALL,22250,41435,,,,,,,,,,,,,
2026/09/16 20:12,2026-09-16T20:27:02+09:00,2026/09/17,2026/12/10,2026-12,PUT,22250,1,,,,,,,,,,,,,
2026/09/16 20:12,2026-09-16T20:27:02+09:00,2026/09/17,2026/12/10,2026-12,CALL,22000,41685,,,,,,,,,,,,,
2026/09/16 20:12,2026-09-16T20:27:02+09:00,2026/09/17,2026/12/10,2026-12,PUT,22000,1,,,102.14,64.76,100,1,1,2,,,,,
2026/09/16 20:12,2026-09-16T20:27:02+09:00,2026/09/17,2026/12/10,2026-12,CALL,21750,41930,,,,,,,,,,,,,
2026/09/16 20:12,2026-09-16T20:27:02+09:00,2026/09/17,2026/12/10,2026-12,PUT,21750,1,,,,,,,,,,,,,
2026/09/16 20:12,2026-09-16T20:27:02+09:00,2026/09/17,2026/12/10,2026-12,CALL,21500,42180,,,,,,,,,,,,,
2026/09/16 20:12,2026-09-16T20:27:02+09:00,2026/09/17,2026/12/10,2026-12,PUT,21500,1,,,,,,,,,,,,,
2026/09/16 20:12,2026-09-16T20:27:02+09:00,2026/09/17,2026/12/10,2026-12,CALL,21250,42430,,,,,,,,,,,,,
2026/09/16 20:12,2026-09-16T20:27:02+09:00,2026/09/17,2026/12/10,2026-12,PUT,21250,1,,,,,,,,,,,,,
2026/09/16 20:12,2026-09-16T20:27:02+09:00,2026/09/17,2026/12/10,2026-12,CALL,21000,42680,,,,,,,,,,,,,
2026/09/16 20:12,2026-09-16T20:27:02+09:00,2026/09/17,2026/12/10,2026-12,PUT,21000,1,,,,,,,,,,,,,
2026/09/16 20:12,2026-09-16T20:27:02+09:00,2026/09/17,2026/12/10,2026-12,CALL,20750,42930,,,,,,,,,,,,,
2026/09/16 20:12,2026-09-16T20:27:02+09:00,2026/09/17,2026/12/10,2026-12,PUT,20750,1,,,,,,,,,,,,,
2026/09/16 20:12,2026-09-16T20:27:02+09:00,2026/09/17,2026/12/10,2026-12,CALL,20500,43175,,,,,,,,,,,,,
2026/09/16 20:12,2026-09-16T20:27:02+09:00,2026/09/17,2026/12/10,2026-12,PUT,20500,1,,,,,,,,,,,,,
2026/09/16 20:12,2026-09-16T20:27:02+09:00,2026/09/17,2026/12/10,2026-12,CALL,20250,43425,,,,,,,,,,,,,
2026/09/16 20:12,2026-09-16T20:27:02+09:00,2026/09/17,2026/12/10,2026-12,PUT,20250,1,,,,,,,,,,,,,
2026/09/16 20:12,2026-09-16T20:27:02+09:00,2026/09/17,2026/12/10,2026-12,CALL,20000,43675,,,,,,,,,,,,,
2026/09/16 20:12,2026-09-16T20:27:02+09:00,2026/09/17,2026/12/10,2026-12,PUT,20000,9,,8,86.35,84.01,12,13,9,2,85.51,1,10,11,09/16 19:12
2026/09/16 20:12,2026-09-16T20:27:02+09:00,2026/09/17,2026/12/10,2026-12,CALL,19750,43925,,,,,,,,,,,,,
2026/09/16 20:12,2026-09-16T20:27:02+09:00,2026/09/17,2026/12/10,2026-12,PUT,19750,1,,,,,,,,,,,,,
2026/09/16 20:12,2026-09-16T20:27:02+09:00,2026/09/17,2026/12/10,2026-12,CALL,19500,44175,,,,,,,,,,,,,
2026/09/16 20:12,2026-09-16T20:27:02+09:00,2026/09/17,2026/12/10,2026-12,PUT,19500,1,,,,,,,,,,,,,
2026/09/16 20:12,2026-09-16T20:27:02+09:00,2026/09/17,2026/12/10,2026-12,CALL,19250,44425,,,,,,,,,,,,,
2026/09/16 20:12,2026-09-16T20:27:02+09:00,2026/09/17,2026/12/10,2026-12,PUT,19250,1,,,,,,,,,,,,,
2026/09/16 20:12,2026-09-16T20:27:02+09:00,2026/09/17,2026/12/10,2026-12,CALL,19000,44670,,,,,,,,,,,,,
2026/09/16 20:12,2026-09-16T20:27:02+09:00,2026/09/17,2026/12/10,2026-12,PUT,19000,1,,,,73.37,,,1,1,,,,,
2026/09/16 20:12,2026-09-16T20:27:02+09:00,2026/09/17,2026/12/10,2026-12,CALL,18750,44920,,,,,,,,,,,,,
2026/09/16 20:12,2026-09-16T20:27:02+09:00,2026/09/17,2026/12/10,2026-12,PUT,18750,1,,,,,,,,,,,,,
2026/09/16 20:12,2026-09-16T20:27:02+09:00,2026/09/17,2026/12/10,2026-12,CALL,18500,45170,,,,,,,,,,,,,
2026/09/16 20:12,2026-09-16T20:27:02+09:00,2026/09/17,2026/12/10,2026-12,PUT,18500,1,,,,,,,,,,,,,
2026/09/16 20:12,2026-09-16T20:27:02+09:00,2026/09/17,2026/12/10,2026-12,CALL,18250,45420,,,,,,,,,,,,,
2026/09/16 20:12,2026-09-16T20:27:02+09:00,2026/09/17,2026/12/10,2026-12,PUT,18250,1,,,,,,,,,,,,,
2026/09/16 20:12,2026-09-16T20:27:02+09:00,2026/09/17,2026/12/10,2026-12,CALL,18000,45670,,,,,,,,,,,,,
2026/09/16 20:12,2026-09-16T20:27:02+09:00,2026/09/17,2026/12/10,2026-12,PUT,18000,2,,,,80.52,,,2,1,,,,,
2026/09/16 20:12,2026-09-16T20:27:02+09:00,2026/09/17,2026/12/10,2026-12,CALL,17750,45915,,,,,,,,,,,,,
2026/09/16 20:12,2026-09-16T20:27:02+09:00,2026/09/17,2026/12/10,2026-12,PUT,17750,1,,,,,,,,,,,,,
2026/09/16 20:12,2026-09-16T20:27:02+09:00,2026/09/17,2026/12/10,2026-12,CALL,17500,46165,,,,,,,,,,,,,
2026/09/16 20:12,2026-09-16T20:27:02+09:00,2026/09/17,2026/12/10,2026-12,PUT,17500,1,,,,,,,,,,,,,
2026/09/16 20:12,2026-09-16T20:27:02+09:00,2026/09/17,2026/12/10,2026-12,CALL,17250,46415,,,,,,,,,,,,,
2026/09/16 20:12,2026-09-16T20:27:02+09:00,2026/09/17,2026/12/10,2026-12,PUT,17250,1,,,,,,,,,,,,,
2026/09/16 20:12,2026-09-16T20:27:02+09:00,2026/09/17,2026/12/10,2026-12,CALL,17000,46665,,,,,,,,,,,,,
2026/09/16 20:12,2026-09-16T20:27:02+09:00,2026/09/17,2026/12/10,2026-12,PUT,17000,1,,,,,,,,,,,,,
2026/09/16 20:12,2026-09-16T20:27:02+09:00,2026/09/17,2026/12/10,2026-12,CALL,16750,46915,,,,,,,,,,,,,
2026/09/16 20:12,2026-09-16T20:27:02+09:00,2026/09/17,2026/12/10,2026-12,PUT,16750,1,,,,,,,,,,,,,
2026/09/16 20:12,2026-09-16T20:27:02+09:00,2026/09/17,2026/12/10,2026-12,CALL,16500,47160,,,,,,,,,,,,,
2026/09/16 20:12,2026-09-16T20:27:02+09:00,2026/09/17,2026/12/10,2026-12,PUT,16500,1,,,,,,,,,,,,,
2026/09/16 20:12,2026-09-16T20:27:02+09:00,2026/09/17,2026/12/10,2026-12,CALL,16250,47410,,,,,,,,,,,,,
2026/09/16 20:12,2026-09-16T20:27:02+09:00,2026/09/17,2026/12/10,2026-12,PUT,16250,1,,,,,,,,,,,,,
2026/09/16 20:12,2026-09-16T20:27:02+09:00,2026/09/17,2026/12/10,2026-12,CALL,16000,47660,,,,,,,,,,,,,
2026/09/16 20:12,2026-09-16T20:27:02+09:00,2026/09/17,2026/12/10,2026-12,PUT,16000,1,,,,83.5,,,1,1,,,,,
2026/09/16 20:12,2026-09-16T20:27:02+09:00,2026/09/17,2026/12/10,2026-12,CALL,15750,47910,,,,,,,,,,,,,
2026/09/16 20:12,2026-09-16T20:27:02+09:00,2026/09/17,2026/12/10,2026-12,PUT,15750,1,,,,,,,,,,,,,
2026/09/16 20:12,2026-09-16T20:27:02+09:00,2026/09/17,2026/12/10,2026-12,CALL,15500,48160,,,,,,,,,,,,,
2026/09/16 20:12,2026-09-16T20:27:02+09:00,2026/09/17,2026/12/10,2026-12,PUT,15500,1,,,,,,,,,,,,,
2026/09/16 20:12,2026-09-16T20:27:02+09:00,2026/09/17,2026/12/10,2026-12,CALL,15250,48405,,,,,,,,,,,,,
2026/09/16 20:12,2026-09-16T20:27:02+09:00,2026/09/17,2026/12/10,2026-12,PUT,15250,1,,,,,,,,,,,,,
2026/09/16 20:12,2026-09-16T20:27:02+09:00,2026/09/17,2026/12/10,2026-12,CALL,15000,48655,,,,,,,,,,,,,
2026/09/16 20:12,2026-09-16T20:27:02+09:00,2026/09/17,2026/12/10,2026-12,PUT,15000,3,,,,91.81,,,2,1,,,,,
2026/09/16 20:12,2026-09-16T20:27:02+09:00,2026/09/17,2026/12/10,2026-12,CALL,14750,48905,,,,,,,,,,,,,
2026/09/16 20:12,2026-09-16T20:27:02+09:00,2026/09/17,2026/12/10,2026-12,PUT,14750,1,,,,,,,,,,,,,
2026/09/16 20:12,2026-09-16T20:27:02+09:00,2026/09/17,2026/12/10,2026-12,CALL,14500,49155,,,,,,,,,,,,,
2026/09/16 20:12,2026-09-16T20:27:02+09:00,2026/09/17,2026/12/10,2026-12,PUT,14500,1,,,,,,,,,,,,,
2026/09/16 20:12,2026-09-16T20:27:02+09:00,2026/09/17,2026/12/10,2026-12,CALL,14250,49405,,,,,,,,,,,,,
2026/09/16 20:12,2026-09-16T20:27:02+09:00,2026/09/17,2026/12/10,2026-12,PUT,14250,1,,,,,,,,,,,,,
2026/09/16 20:12,2026-09-16T20:27:02+09:00,2026/09/17,2026/12/10,2026-12,CALL,14000,49650,,,,,,,,,,,,,
2026/09/16 20:12,2026-09-16T20:27:02+09:00,2026/09/17,2026/12/10,2026-12,PUT,14000,2,,,,96.1,,,2,1,,,,,
2026/09/16 20:12,2026-09-16T20:27:02+09:00,2026/09/17,2026/12/10,2026-12,CALL,13750,49900,,,,,,,,,,,,,
2026/09/16 20:12,2026-09-16T20:27:02+09:00,2026/09/17,2026/12/10,2026-12,PUT,13750,1,,,,,,,,,,,,,
2026/09/16 20:12,2026-09-16T20:27:02+09:00,2026/09/17,2026/12/10,2026-12,CALL,13500,50150,,,,,,,,,,,,,
2026/09/16 20:12,2026-09-16T20:27:02+09:00,2026/09/17,2026/12/10,2026-12,PUT,13500,1,,,,93.55,,,1,100,,,,,
2026/09/16 20:12,2026-09-16T20:27:02+09:00,2026/09/17,2026/12/10,2026-12,CALL,13250,50400,,,,,,,,,,,,,
2026/09/16 20:12,2026-09-16T20:27:02+09:00,2026/09/17,2026/12/10,2026-12,PUT,13250,1,,,,94.66,,,1,5,,,,,
2026/09/16 20:12,2026-09-16T20:27:02+09:00,2026/09/17,2026/12/10,2026-12,CALL,13000,50650,,,,,,,,,,,,,
2026/09/16 20:12,2026-09-16T20:27:02+09:00,2026/09/17,2026/12/10,2026-12,PUT,13000,1,,,173.02,95.79,250,1,1,35,,,,,
2026/09/16 20:12,2026-09-16T20:27:02+09:00,2026/09/17,2026/12/10,2026-12,CALL,12750,50895,,,,,,,,,,,,,
2026/09/16 20:12,2026-09-16T20:27:02+09:00,2026/09/17,2026/12/10,2026-12,PUT,12750,1,,,109.7,,5,1,,,,,,,
2026/09/16 20:12,2026-09-16T20:27:02+09:00,2026/09/17,2026/12/10,2026-12,CALL,12500,51145,,,,,,,,,,,,,
2026/09/16 20:12,2026-09-16T20:27:02+09:00,2026/09/17,2026/12/10,2026-12,PUT,12500,2,,20,111.03,103.17,5,9,2,25,106.37,0,0,3,09/16 19:11
