qri_update_time,collected_at,trading_day,last_trading_day,contract,option_type,strike,settlement,open_interest,volume,ask_iv,bid_iv,ask_price,ask_quantity,bid_price,bid_quantity,iv,change,change_percent,last_price,trade_time
2026/09/08 18:28,2026-09-08T18:43:05+09:00,2026/09/09,2026/09/10,2026-09,CALL,76000,1,,1,55.01,,1,71,,,55.01,0,0,1,09/08 18:06
2026/09/08 18:28,2026-09-08T18:43:05+09:00,2026/09/09,2026/09/10,2026-09,PUT,76000,10790,,,,,,,,,,,,,
2026/09/08 18:28,2026-09-08T18:43:05+09:00,2026/09/09,2026/09/10,2026-09,CALL,75500,1,,,52.85,,1,102,,,,,,,
2026/09/08 18:28,2026-09-08T18:43:05+09:00,2026/09/09,2026/09/10,2026-09,PUT,75500,10290,,,,,,,,,,,,,
2026/09/08 18:28,2026-09-08T18:43:05+09:00,2026/09/09,2026/09/10,2026-09,CALL,75375,1,,,52.31,,1,5,,,,,,,
2026/09/08 18:28,2026-09-08T18:43:05+09:00,2026/09/09,2026/09/10,2026-09,PUT,75375,10165,,,,,,,,,,,,,
2026/09/08 18:28,2026-09-08T18:43:05+09:00,2026/09/09,2026/09/10,2026-09,CALL,75250,1,,,51.77,,1,55,,,,,,,
2026/09/08 18:28,2026-09-08T18:43:05+09:00,2026/09/09,2026/09/10,2026-09,PUT,75250,10040,,,,,,,,,,,,,
2026/09/08 18:28,2026-09-08T18:43:05+09:00,2026/09/09,2026/09/10,2026-09,CALL,75125,1,,,51.22,,1,5,,,,,,,
2026/09/08 18:28,2026-09-08T18:43:05+09:00,2026/09/09,2026/09/10,2026-09,PUT,75125,9915,,,,,,,,,,,,,
2026/09/08 18:28,2026-09-08T18:43:05+09:00,2026/09/09,2026/09/10,2026-09,CALL,75000,1,,,50.67,,1,244,,,,,,,
2026/09/08 18:28,2026-09-08T18:43:05+09:00,2026/09/09,2026/09/10,2026-09,PUT,75000,9790,,,,,,,,,,,,,
2026/09/08 18:28,2026-09-08T18:43:05+09:00,2026/09/09,2026/09/10,2026-09,CALL,74875,1,,,50.13,,1,5,,,,,,,
2026/09/08 18:28,2026-09-08T18:43:05+09:00,2026/09/09,2026/09/10,2026-09,PUT,74875,9665,,,,,,,,,,,,,
2026/09/08 18:28,2026-09-08T18:43:05+09:00,2026/09/09,2026/09/10,2026-09,CALL,74750,1,,,49.58,,1,5,,,,,,,
2026/09/08 18:28,2026-09-08T18:43:05+09:00,2026/09/09,2026/09/10,2026-09,PUT,74750,9540,,,,,,,,,,,,,
2026/09/08 18:28,2026-09-08T18:43:05+09:00,2026/09/09,2026/09/10,2026-09,CALL,74625,1,,,49.02,,1,5,,,,,,,
2026/09/08 18:28,2026-09-08T18:43:05+09:00,2026/09/09,2026/09/10,2026-09,PUT,74625,9415,,,,,,,,,,,,,
2026/09/08 18:28,2026-09-08T18:43:05+09:00,2026/09/09,2026/09/10,2026-09,CALL,74500,1,,,48.47,,1,103,,,,,,,
2026/09/08 18:28,2026-09-08T18:43:05+09:00,2026/09/09,2026/09/10,2026-09,PUT,74500,9290,,,,,,,,,,,,,
2026/09/08 18:28,2026-09-08T18:43:05+09:00,2026/09/09,2026/09/10,2026-09,CALL,74375,1,,,47.92,,1,5,,,,,,,
2026/09/08 18:28,2026-09-08T18:43:05+09:00,2026/09/09,2026/09/10,2026-09,PUT,74375,9165,,,,,,,,,,,,,
2026/09/08 18:28,2026-09-08T18:43:05+09:00,2026/09/09,2026/09/10,2026-09,CALL,74250,1,,,59.74,,10,17,,,,,,,
2026/09/08 18:28,2026-09-08T18:43:05+09:00,2026/09/09,2026/09/10,2026-09,PUT,74250,9040,,,,,,,,,,,,,
2026/09/08 18:28,2026-09-08T18:43:05+09:00,2026/09/09,2026/09/10,2026-09,CALL,74125,1,,,59.06,,10,14,,,,,,,
2026/09/08 18:28,2026-09-08T18:43:05+09:00,2026/09/09,2026/09/10,2026-09,PUT,74125,8915,,,,,,,,,,,,,
2026/09/08 18:28,2026-09-08T18:43:05+09:00,2026/09/09,2026/09/10,2026-09,CALL,74000,1,,,46.24,,1,265,,,,,,,
2026/09/08 18:28,2026-09-08T18:43:05+09:00,2026/09/09,2026/09/10,2026-09,PUT,74000,8790,,,,,,,,,,,,,
2026/09/08 18:28,2026-09-08T18:43:05+09:00,2026/09/09,2026/09/10,2026-09,CALL,73875,1,,,57.71,,10,14,,,,,,,
2026/09/08 18:28,2026-09-08T18:43:05+09:00,2026/09/09,2026/09/10,2026-09,PUT,73875,8665,,,,,,,,,,,,,
2026/09/08 18:28,2026-09-08T18:43:05+09:00,2026/09/09,2026/09/10,2026-09,CALL,73750,1,,,45.12,,1,50,,,,,,,
2026/09/08 18:28,2026-09-08T18:43:05+09:00,2026/09/09,2026/09/10,2026-09,PUT,73750,8540,,,,,,,,,,,,,
2026/09/08 18:28,2026-09-08T18:43:05+09:00,2026/09/09,2026/09/10,2026-09,CALL,73625,1,,,56.35,,10,14,,,,,,,
2026/09/08 18:28,2026-09-08T18:43:05+09:00,2026/09/09,2026/09/10,2026-09,PUT,73625,8415,,,,,,,,,,,,,
2026/09/08 18:28,2026-09-08T18:43:05+09:00,2026/09/09,2026/09/10,2026-09,CALL,73500,1,,,43.99,,1,207,,,,,,,
2026/09/08 18:28,2026-09-08T18:43:05+09:00,2026/09/09,2026/09/10,2026-09,PUT,73500,8290,,,,,,,,,,,,,
2026/09/08 18:28,2026-09-08T18:43:05+09:00,2026/09/09,2026/09/10,2026-09,CALL,73375,1,,,54.28,,9,14,,,,,,,
2026/09/08 18:28,2026-09-08T18:43:05+09:00,2026/09/09,2026/09/10,2026-09,PUT,73375,8165,,,,,,,,,,,,,
2026/09/08 18:28,2026-09-08T18:43:05+09:00,2026/09/09,2026/09/10,2026-09,CALL,73250,1,,,42.86,,1,49,,,,,,,
2026/09/08 18:28,2026-09-08T18:43:05+09:00,2026/09/09,2026/09/10,2026-09,PUT,73250,8040,,,,,,,,,,,,,
2026/09/08 18:28,2026-09-08T18:43:05+09:00,2026/09/09,2026/09/10,2026-09,CALL,73125,1,,,45.02,,2,4,,,,,,,
2026/09/08 18:28,2026-09-08T18:43:05+09:00,2026/09/09,2026/09/10,2026-09,PUT,73125,7915,,,,,,,,,,,,,
2026/09/08 18:28,2026-09-08T18:43:05+09:00,2026/09/09,2026/09/10,2026-09,CALL,73000,1,,,41.72,,1,230,,,,,,,
2026/09/08 18:28,2026-09-08T18:43:05+09:00,2026/09/09,2026/09/10,2026-09,PUT,73000,7790,,,,,,,,,,,,,
2026/09/08 18:28,2026-09-08T18:43:05+09:00,2026/09/09,2026/09/10,2026-09,CALL,72875,1,,,51.54,,9,14,,,,,,,
2026/09/08 18:28,2026-09-08T18:43:05+09:00,2026/09/09,2026/09/10,2026-09,PUT,72875,7665,,,,,,,,,,,,,
2026/09/08 18:28,2026-09-08T18:43:05+09:00,2026/09/09,2026/09/10,2026-09,CALL,72750,1,,,40.57,,1,110,,,,,,,
2026/09/08 18:28,2026-09-08T18:43:05+09:00,2026/09/09,2026/09/10,2026-09,PUT,72750,7540,,,,,,,,,,,,,
2026/09/08 18:28,2026-09-08T18:43:05+09:00,2026/09/09,2026/09/10,2026-09,CALL,72625,1,,,50.81,,10,14,,,,,,,
2026/09/08 18:28,2026-09-08T18:43:05+09:00,2026/09/09,2026/09/10,2026-09,PUT,72625,7415,,,,,,,,,,,,,
2026/09/08 18:28,2026-09-08T18:43:05+09:00,2026/09/09,2026/09/10,2026-09,CALL,72500,1,,13,39.41,,1,189,,,40.25,0,0,1,09/08 17:01
2026/09/08 18:28,2026-09-08T18:43:05+09:00,2026/09/09,2026/09/10,2026-09,PUT,72500,7290,,,,,,,,,,,,,
2026/09/08 18:28,2026-09-08T18:43:05+09:00,2026/09/09,2026/09/10,2026-09,CALL,72375,1,,,49.41,,10,14,,,,,,,
2026/09/08 18:28,2026-09-08T18:43:05+09:00,2026/09/09,2026/09/10,2026-09,PUT,72375,7165,,,,,,,,,,,,,
2026/09/08 18:28,2026-09-08T18:43:05+09:00,2026/09/09,2026/09/10,2026-09,CALL,72250,1,,1,40.77,,2,50,,,38.77,0,0,1,09/08 17:04
2026/09/08 18:28,2026-09-08T18:43:05+09:00,2026/09/09,2026/09/10,2026-09,PUT,72250,7040,,,,,,,,,,,,,
2026/09/08 18:28,2026-09-08T18:43:05+09:00,2026/09/09,2026/09/10,2026-09,CALL,72125,1,,,48.58,,11,14,,,,,,,
2026/09/08 18:28,2026-09-08T18:43:05+09:00,2026/09/09,2026/09/10,2026-09,PUT,72125,6915,,,,,,,,,,,,,
2026/09/08 18:28,2026-09-08T18:43:05+09:00,2026/09/09,2026/09/10,2026-09,CALL,72000,1,,51,39.53,,2,75,,,36.95,-1,-50,1,09/08 18:27
2026/09/08 18:28,2026-09-08T18:43:05+09:00,2026/09/09,2026/09/10,2026-09,PUT,72000,6790,,,,,,,,,,,,,
2026/09/08 18:28,2026-09-08T18:43:05+09:00,2026/09/09,2026/09/10,2026-09,CALL,71875,1,,,41.79,,4,4,,,,,,,
2026/09/08 18:28,2026-09-08T18:43:05+09:00,2026/09/09,2026/09/10,2026-09,PUT,71875,6665,,,,,,,,,,,,,
2026/09/08 18:28,2026-09-08T18:43:05+09:00,2026/09/09,2026/09/10,2026-09,CALL,71750,1,,,38.29,35.9,2,1,1,1,,,,,
2026/09/08 18:28,2026-09-08T18:43:05+09:00,2026/09/09,2026/09/10,2026-09,PUT,71750,6540,,,,,,,,,,,,,
2026/09/08 18:28,2026-09-08T18:43:05+09:00,2026/09/09,2026/09/10,2026-09,CALL,71625,1,,,46.21,,12,18,,,,,,,
2026/09/08 18:28,2026-09-08T18:43:05+09:00,2026/09/09,2026/09/10,2026-09,PUT,71625,6420,,,,,,,,,,,,,
2026/09/08 18:28,2026-09-08T18:43:05+09:00,2026/09/09,2026/09/10,2026-09,CALL,71500,2,,3,37.04,34.72,2,27,1,97,37.68,0,0,2,09/08 17:09
2026/09/08 18:28,2026-09-08T18:43:05+09:00,2026/09/09,2026/09/10,2026-09,PUT,71500,6295,,,,,,,,,,,,,
2026/09/08 18:28,2026-09-08T18:43:05+09:00,2026/09/09,2026/09/10,2026-09,CALL,71375,2,,,43.67,,10,14,,,,,,,
2026/09/08 18:28,2026-09-08T18:43:05+09:00,2026/09/09,2026/09/10,2026-09,PUT,71375,6170,,,,,,,,,,,,,
2026/09/08 18:28,2026-09-08T18:43:05+09:00,2026/09/09,2026/09/10,2026-09,CALL,71250,2,,,44.93,33.53,14,22,1,90,,,,,
2026/09/08 18:28,2026-09-08T18:43:05+09:00,2026/09/09,2026/09/10,2026-09,PUT,71250,6045,,,,,,,3,10,,,,,
2026/09/08 18:28,2026-09-08T18:43:05+09:00,2026/09/09,2026/09/10,2026-09,CALL,71125,2,,,44.6,35.15,15,18,2,4,,,,,
2026/09/08 18:28,2026-09-08T18:43:05+09:00,2026/09/09,2026/09/10,2026-09,PUT,71125,5920,,,,,,,,,,,,,
2026/09/08 18:28,2026-09-08T18:43:05+09:00,2026/09/09,2026/09/10,2026-09,CALL,71000,3,,45,35.99,34.52,3,51,2,189,34.52,-1,-33.33,2,09/08 18:23
2026/09/08 18:28,2026-09-08T18:43:05+09:00,2026/09/09,2026/09/10,2026-09,PUT,71000,5795,,,,,,,3,10,,,,,
2026/09/08 18:28,2026-09-08T18:43:05+09:00,2026/09/09,2026/09/10,2026-09,CALL,70875,2,,,37.39,33.88,5,33,2,33,,,,,
2026/09/08 18:28,2026-09-08T18:43:05+09:00,2026/09/09,2026/09/10,2026-09,PUT,70875,5670,,,,,,,,,,,,,
2026/09/08 18:28,2026-09-08T18:43:05+09:00,2026/09/09,2026/09/10,2026-09,CALL,70750,3,,,37.5,34.66,6,37,3,5,,,,,
2026/09/08 18:28,2026-09-08T18:43:05+09:00,2026/09/09,2026/09/10,2026-09,PUT,70750,5545,,,,,,,3,10,,,,,
2026/09/08 18:28,2026-09-08T18:43:05+09:00,2026/09/09,2026/09/10,2026-09,CALL,70625,3,,,36.79,34,6,33,3,20,,,,,
2026/09/08 18:28,2026-09-08T18:43:05+09:00,2026/09/09,2026/09/10,2026-09,PUT,70625,5420,,,87.68,,5890,2,5105,2,,,,,
2026/09/08 18:28,2026-09-08T18:43:05+09:00,2026/09/09,2026/09/10,2026-09,CALL,70500,7,,4,36.08,35.31,6,8,5,4,35.24,-2,-28.57,5,09/08 18:07
2026/09/08 18:28,2026-09-08T18:43:05+09:00,2026/09/09,2026/09/10,2026-09,PUT,70500,5295,,,94.2,,5885,1,5100,1,,,,,
2026/09/08 18:28,2026-09-08T18:43:05+09:00,2026/09/09,2026/09/10,2026-09,CALL,70375,4,,,36.67,34.6,8,33,5,19,,,,,
2026/09/08 18:28,2026-09-08T18:43:05+09:00,2026/09/09,2026/09/10,2026-09,PUT,70375,5170,,,90.07,,5715,2,4960,2,,,,,
2026/09/08 18:28,2026-09-08T18:43:05+09:00,2026/09/09,2026/09/10,2026-09,CALL,70250,4,,2,35.93,34.65,8,1,6,16,34.47,-4,-40,6,09/08 18:11
2026/09/08 18:28,2026-09-08T18:43:05+09:00,2026/09/09,2026/09/10,2026-09,PUT,70250,5045,,,90.95,,5625,1,4835,1,,,,,
2026/09/08 18:28,2026-09-08T18:43:05+09:00,2026/09/09,2026/09/10,2026-09,CALL,70125,9,,1,35.74,33.93,9,15,6,33,35.12,-1,-11.11,8,09/08 17:46
2026/09/08 18:28,2026-09-08T18:43:05+09:00,2026/09/09,2026/09/10,2026-09,PUT,70125,4920,,,90.85,,5520,2,4710,2,,,,,
2026/09/08 18:28,2026-09-08T18:43:05+09:00,2026/09/09,2026/09/10,2026-09,CALL,70000,10,,67,34.98,34.45,9,2,8,2,35.11,-1,-10,9,09/08 18:22
2026/09/08 18:28,2026-09-08T18:43:05+09:00,2026/09/09,2026/09/10,2026-09,PUT,70000,4795,,,89.51,,5395,4,4585,4,,,,,
2026/09/08 18:28,2026-09-08T18:43:05+09:00,2026/09/09,2026/09/10,2026-09,CALL,69875,7,,1,35.18,33.7,11,1,8,21,34.75,-25,-71.43,10,09/08 17:45
2026/09/08 18:28,2026-09-08T18:43:05+09:00,2026/09/09,2026/09/10,2026-09,PUT,69875,4675,,,88.15,,5270,2,4460,2,,,,,
2026/09/08 18:28,2026-09-08T18:43:05+09:00,2026/09/09,2026/09/10,2026-09,CALL,69750,10,,7,35.61,34.4,14,5,11,3,35.28,-23,-67.65,11,09/08 17:53
2026/09/08 18:28,2026-09-08T18:43:05+09:00,2026/09/09,2026/09/10,2026-09,PUT,69750,4550,,,87.09,,5150,1,4340,1,,,,,
2026/09/08 18:28,2026-09-08T18:43:05+09:00,2026/09/09,2026/09/10,2026-09,CALL,69625,12,,5,35.17,34.44,15,1,13,1,34.18,-24,-70.59,10,09/08 17:12
2026/09/08 18:28,2026-09-08T18:43:05+09:00,2026/09/09,2026/09/10,2026-09,PUT,69625,4425,,,85.72,,5025,2,4215,2,,,,,
2026/09/08 18:28,2026-09-08T18:43:05+09:00,2026/09/09,2026/09/10,2026-09,CALL,69500,17,,47,35.03,34.36,17,2,15,1,34.85,0,0,17,09/08 18:17
2026/09/08 18:28,2026-09-08T18:43:05+09:00,2026/09/09,2026/09/10,2026-09,PUT,69500,4300,,,84.33,,4900,1,4090,1,,,,,
2026/09/08 18:28,2026-09-08T18:43:05+09:00,2026/09/09,2026/09/10,2026-09,CALL,69375,16,,,34.8,33.88,19,1,16,1,,,,,
2026/09/08 18:28,2026-09-08T18:43:05+09:00,2026/09/09,2026/09/10,2026-09,PUT,69375,4180,,,59.78,,4425,3,4010,8,,,,,
2026/09/08 18:28,2026-09-08T18:43:05+09:00,2026/09/09,2026/09/10,2026-09,CALL,69250,24,,12,34.78,34.24,22,1,20,1,34.28,-4,-16.67,20,09/08 17:45
2026/09/08 18:28,2026-09-08T18:43:05+09:00,2026/09/09,2026/09/10,2026-09,PUT,69250,4055,,,58.98,,4305,8,4000,2,,,,,
2026/09/08 18:28,2026-09-08T18:43:05+09:00,2026/09/09,2026/09/10,2026-09,CALL,69125,20,,,34.67,33.92,25,1,22,5,,,,,
2026/09/08 18:28,2026-09-08T18:43:05+09:00,2026/09/09,2026/09/10,2026-09,PUT,69125,3935,,,58.16,,4185,8,3685,8,,,,,
2026/09/08 18:28,2026-09-08T18:43:05+09:00,2026/09/09,2026/09/10,2026-09,CALL,69000,32,,113,34.46,34.24,28,1,27,9,34.36,-5,-15.63,27,09/08 18:26
2026/09/08 18:28,2026-09-08T18:43:05+09:00,2026/09/09,2026/09/10,2026-09,PUT,69000,3810,,,79.54,,4415,4,3605,4,,,,,
2026/09/08 18:28,2026-09-08T18:43:05+09:00,2026/09/09,2026/09/10,2026-09,CALL,68875,28,,5,34.59,33.99,33,14,30,1,34.45,-21,-42.86,28,09/08 17:54
2026/09/08 18:28,2026-09-08T18:43:05+09:00,2026/09/09,2026/09/10,2026-09,PUT,68875,3690,,,55.71,,3935,3,3575,8,,,,,
2026/09/08 18:28,2026-09-08T18:43:05+09:00,2026/09/09,2026/09/10,2026-09,CALL,68750,32,,4,34.4,33.85,37,1,34,1,33.89,2,6.25,34,09/08 17:45
2026/09/08 18:28,2026-09-08T18:43:05+09:00,2026/09/09,2026/09/10,2026-09,PUT,68750,3565,,,54.47,,3810,2,3450,8,,,,,
2026/09/08 18:28,2026-09-08T18:43:05+09:00,2026/09/09,2026/09/10,2026-09,CALL,68625,28,,1,34.14,33.81,41,1,39,1,34.35,-121,-74.69,41,09/08 18:09
2026/09/08 18:28,2026-09-08T18:43:05+09:00,2026/09/09,2026/09/10,2026-09,PUT,68625,3445,,,53.58,,3690,3,3330,8,,,,,
2026/09/08 18:28,2026-09-08T18:43:05+09:00,2026/09/09,2026/09/10,2026-09,CALL,68500,54,,13,34.42,33.82,49,33,45,2,34.09,-8,-14.81,46,09/08 18:26
2026/09/08 18:28,2026-09-08T18:43:05+09:00,2026/09/09,2026/09/10,2026-09,PUT,68500,3330,,,52.32,,3565,3,3230,3,,,,,
2026/09/08 18:28,2026-09-08T18:43:05+09:00,2026/09/09,2026/09/10,2026-09,CALL,68375,42,,,34.4,33.43,56,1,49,1,,,,,
2026/09/08 18:28,2026-09-08T18:43:05+09:00,2026/09/09,2026/09/10,2026-09,PUT,68375,3210,,,52.09,,3455,3,3105,8,,,,,
2026/09/08 18:28,2026-09-08T18:43:05+09:00,2026/09/09,2026/09/10,2026-09,CALL,68250,48,,3,34.16,33.65,62,1,58,3,34.39,-107,-64.85,58,09/08 18:03
2026/09/08 18:28,2026-09-08T18:43:05+09:00,2026/09/09,2026/09/10,2026-09,PUT,68250,3090,,,51.13,,3335,2,2980,8,,,,,
2026/09/08 18:28,2026-09-08T18:43:05+09:00,2026/09/09,2026/09/10,2026-09,CALL,68125,55,,,40.28,33.48,133,1,65,1,,,,,
2026/09/08 18:28,2026-09-08T18:43:05+09:00,2026/09/09,2026/09/10,2026-09,PUT,68125,2970,,,50.15,,3215,3,2865,8,,,,,
2026/09/08 18:28,2026-09-08T18:43:05+09:00,2026/09/09,2026/09/10,2026-09,CALL,68000,90,,80,33.77,33.66,77,5,76,2,33.54,-13,-14.44,77,09/08 18:27
2026/09/08 18:28,2026-09-08T18:43:05+09:00,2026/09/09,2026/09/10,2026-09,PUT,68000,2855,,1,54.16,,3175,22,2710,22,25,550,23.01,2940,09/08 17:04
2026/09/08 18:28,2026-09-08T18:43:05+09:00,2026/09/09,2026/09/10,2026-09,CALL,67875,71,,2,34.21,33.51,92,4,85,1,33.88,-235,-74.6,80,09/08 17:58
2026/09/08 18:28,2026-09-08T18:43:05+09:00,2026/09/09,2026/09/10,2026-09,PUT,67875,2740,,,48.75,,2985,3,2630,8,,,,,
2026/09/08 18:28,2026-09-08T18:43:05+09:00,2026/09/09,2026/09/10,2026-09,CALL,67750,117,,17,34.19,33.45,104,4,96,4,33.78,-19,-16.24,98,09/08 18:26
2026/09/08 18:28,2026-09-08T18:43:05+09:00,2026/09/09,2026/09/10,2026-09,PUT,67750,2625,,,47.99,,2870,2,2520,8,,,,,
2026/09/08 18:28,2026-09-08T18:43:05+09:00,2026/09/09,2026/09/10,2026-09,CALL,67625,94,,1,36.49,33.45,146,1,109,1,33.42,-260,-74.29,90,09/08 17:13
2026/09/08 18:28,2026-09-08T18:43:05+09:00,2026/09/09,2026/09/10,2026-09,PUT,67625,2510,,,47.19,,2755,3,2405,8,,,,,
2026/09/08 18:28,2026-09-08T18:43:05+09:00,2026/09/09,2026/09/10,2026-09,CALL,67500,125,,13,34.15,33.43,132,6,123,7,33.32,-27,-19.42,112,09/08 17:42
2026/09/08 18:28,2026-09-08T18:43:05+09:00,2026/09/09,2026/09/10,2026-09,PUT,67500,2400,,,40.12,30.1,2540,17,2410,4,,,,,
2026/09/08 18:28,2026-09-08T18:43:05+09:00,2026/09/09,2026/09/10,2026-09,CALL,67375,121,,,35.49,33.28,167,1,137,3,,,,,
2026/09/08 18:28,2026-09-08T18:43:05+09:00,2026/09/09,2026/09/10,2026-09,PUT,67375,2290,,,46.05,,2535,3,2180,8,,,,,
2026/09/08 18:28,2026-09-08T18:43:05+09:00,2026/09/09,2026/09/10,2026-09,CALL,67250,142,,7,33.97,33.4,164,3,156,2,33.58,-175,-54.69,145,09/08 17:37
2026/09/08 18:28,2026-09-08T18:43:05+09:00,2026/09/09,2026/09/10,2026-09,PUT,67250,2185,,,35.07,22.32,2255,12,2110,12,,,,,
2026/09/08 18:28,2026-09-08T18:43:05+09:00,2026/09/09,2026/09/10,2026-09,CALL,67125,161,,2,33.98,33.38,184,2,175,1,34.1,-161,-48.79,169,09/08 17:04
2026/09/08 18:28,2026-09-08T18:43:05+09:00,2026/09/09,2026/09/10,2026-09,PUT,67125,2070,,,44.69,16.77,2315,3,1960,8,,,,,
2026/09/08 18:28,2026-09-08T18:43:05+09:00,2026/09/09,2026/09/10,2026-09,CALL,67000,248,,44,34.07,33.5,207,6,198,6,33.68,-50,-20.16,198,09/08 18:25
2026/09/08 18:28,2026-09-08T18:43:05+09:00,2026/09/09,2026/09/10,2026-09,PUT,67000,1965,,,34.57,31.02,2040,22,1985,4,,,,,
2026/09/08 18:28,2026-09-08T18:43:05+09:00,2026/09/09,2026/09/10,2026-09,CALL,66875,202,,,47.71,33.31,485,1,218,4,,,,,
2026/09/08 18:28,2026-09-08T18:43:05+09:00,2026/09/09,2026/09/10,2026-09,PUT,66875,1860,,,41.28,24.56,2060,8,1790,8,,,,,
2026/09/08 18:28,2026-09-08T18:43:05+09:00,2026/09/09,2026/09/10,2026-09,CALL,66750,227,,18,34.15,33.42,258,11,245,1,32.82,-159,-43.56,206,09/08 17:25
2026/09/08 18:28,2026-09-08T18:43:05+09:00,2026/09/09,2026/09/10,2026-09,PUT,66750,1760,,,35.11,31.37,1850,11,1785,5,,,,,
2026/09/08 18:28,2026-09-08T18:43:05+09:00,2026/09/09,2026/09/10,2026-09,CALL,66625,244,,,50.05,33.33,605,1,271,2,,,,,
2026/09/08 18:28,2026-09-08T18:43:05+09:00,2026/09/09,2026/09/10,2026-09,PUT,66625,1660,,,60.46,,2280,2,1410,2,,,,,
2026/09/08 18:28,2026-09-08T18:43:05+09:00,2026/09/09,2026/09/10,2026-09,CALL,66500,300,,24,34.34,33.56,320,7,305,6,34.47,-49,-14.85,281,09/08 17:55
2026/09/08 18:28,2026-09-08T18:43:05+09:00,2026/09/09,2026/09/10,2026-09,PUT,66500,1665,,1,34.85,28.39,1655,17,1535,5,34.59,135,8.11,1800,09/08 17:00
2026/09/08 18:28,2026-09-08T18:43:05+09:00,2026/09/09,2026/09/10,2026-09,CALL,66375,320,,,34.19,33.69,350,2,340,3,,,,,
2026/09/08 18:28,2026-09-08T18:43:05+09:00,2026/09/09,2026/09/10,2026-09,PUT,66375,1475,,,59.05,,2085,2,885,8,,,,,
2026/09/08 18:28,2026-09-08T18:43:05+09:00,2026/09/09,2026/09/10,2026-09,CALL,66250,390,,,34.41,33.68,390,5,375,5,,,,,
2026/09/08 18:28,2026-09-08T18:43:05+09:00,2026/09/09,2026/09/10,2026-09,PUT,66250,1440,,,34.89,28.96,1475,12,1355,12,,,,,
2026/09/08 18:28,2026-09-08T18:43:05+09:00,2026/09/09,2026/09/10,2026-09,CALL,66125,390,,,34.5,33.56,430,2,410,2,,,,,
2026/09/08 18:28,2026-09-08T18:43:05+09:00,2026/09/09,2026/09/10,2026-09,PUT,66125,1290,,,57.85,,1900,2,670,8,,,,,
2026/09/08 18:28,2026-09-08T18:43:05+09:00,2026/09/09,2026/09/10,2026-09,CALL,66000,485,,49,34.46,33.77,470,29,455,28,34.24,-25,-5.15,460,09/08 18:20
2026/09/08 18:28,2026-09-08T18:43:05+09:00,2026/09/09,2026/09/10,2026-09,PUT,66000,1355,,2,34.92,32.16,1305,22,1245,19,34.33,-30,-2.21,1325,09/08 17:05
2026/09/08 18:28,2026-09-08T18:43:05+09:00,2026/09/09,2026/09/10,2026-09,CALL,65875,475,,,34.52,33.62,515,2,495,3,,,,,
2026/09/08 18:28,2026-09-08T18:43:05+09:00,2026/09/09,2026/09/10,2026-09,PUT,65875,1125,,,36.75,30.69,1265,4,1130,4,,,,,
2026/09/08 18:28,2026-09-08T18:43:05+09:00,2026/09/09,2026/09/10,2026-09,CALL,65750,520,,,34.67,33.79,565,2,545,3,,,,,
2026/09/08 18:28,2026-09-08T18:43:05+09:00,2026/09/09,2026/09/10,2026-09,PUT,65750,1095,,,37.08,31.37,1195,4,1065,4,,,,,
2026/09/08 18:28,2026-09-08T18:43:05+09:00,2026/09/09,2026/09/10,2026-09,CALL,65625,570,,,35.13,33.83,625,2,595,2,,,,,
2026/09/08 18:28,2026-09-08T18:43:05+09:00,2026/09/09,2026/09/10,2026-09,PUT,65625,975,,,37.08,31.66,1120,4,995,4,,,,,
2026/09/08 18:28,2026-09-08T18:43:05+09:00,2026/09/09,2026/09/10,2026-09,CALL,65500,685,,9,35.02,34.17,675,4,655,16,34.6,-20,-2.92,665,09/08 18:18
2026/09/08 18:28,2026-09-08T18:43:05+09:00,2026/09/09,2026/09/10,2026-09,PUT,65500,910,,1,36.1,31.81,1025,20,925,16,35.02,215,28.29,975,09/08 18:12
2026/09/08 18:28,2026-09-08T18:43:05+09:00,2026/09/09,2026/09/10,2026-09,CALL,65375,700,,2,35.22,34.37,735,3,715,9,33.87,-95,-12.58,660,09/08 17:58
2026/09/08 18:28,2026-09-08T18:43:05+09:00,2026/09/09,2026/09/10,2026-09,PUT,65375,880,,,35.22,32.88,935,11,880,11,,,,,
2026/09/08 18:28,2026-09-08T18:43:05+09:00,2026/09/09,2026/09/10,2026-09,CALL,65250,745,,,36.14,34.23,815,3,770,3,,,,,
2026/09/08 18:28,2026-09-08T18:43:05+09:00,2026/09/09,2026/09/10,2026-09,PUT,65250,810,,4,34.44,33.59,850,5,830,4,34.98,180,27.27,840,09/08 18:12
2026/09/08 18:28,2026-09-08T18:43:05+09:00,2026/09/09,2026/09/10,2026-09,CALL,65125,810,,4,35.44,34.59,860,11,840,11,35.33,,,775,09/08 18:00
2026/09/08 18:28,2026-09-08T18:43:05+09:00,2026/09/09,2026/09/10,2026-09,PUT,65125,760,,,34.59,33.53,790,3,765,2,,,,,
2026/09/08 18:28,2026-09-08T18:43:05+09:00,2026/09/09,2026/09/10,2026-09,CALL,65000,900,,10,36.75,33.76,955,25,885,25,36.17,-45,-5,855,09/08 17:55
2026/09/08 18:28,2026-09-08T18:43:05+09:00,2026/09/09,2026/09/10,2026-09,PUT,65000,630,,45,35.25,33.97,745,23,715,2,35.47,160,25.4,790,09/08 18:03
2026/09/08 18:28,2026-09-08T18:43:05+09:00,2026/09/09,2026/09/10,2026-09,CALL,64875,950,,,37.51,34.08,1040,10,960,10,,,,,
2026/09/08 18:28,2026-09-08T18:43:05+09:00,2026/09/09,2026/09/10,2026-09,PUT,64875,650,,3,34.94,34.08,680,9,660,2,36.35,270,60.67,715,09/08 17:45
2026/09/08 18:28,2026-09-08T18:43:05+09:00,2026/09/09,2026/09/10,2026-09,CALL,64750,1030,,,37.52,34.26,1110,11,1035,11,,,,,
2026/09/08 18:28,2026-09-08T18:43:05+09:00,2026/09/09,2026/09/10,2026-09,PUT,64750,600,,2,35.13,34.26,630,10,610,10,34.5,225,55.56,630,09/08 17:35
2026/09/08 18:28,2026-09-08T18:43:05+09:00,2026/09/09,2026/09/10,2026-09,CALL,64625,1110,,,38.07,33.66,1195,10,1095,10,,,,,
2026/09/08 18:28,2026-09-08T18:43:05+09:00,2026/09/09,2026/09/10,2026-09,PUT,64625,570,,,35.2,34.54,580,10,565,2,,,,,
2026/09/08 18:28,2026-09-08T18:43:05+09:00,2026/09/09,2026/09/10,2026-09,CALL,64500,1185,,,37.84,32.21,1265,4,1140,8,,,,,
2026/09/08 18:28,2026-09-08T18:43:05+09:00,2026/09/09,2026/09/10,2026-09,PUT,64500,525,,13,35.37,34.7,535,19,520,4,35.74,35,6.67,560,09/08 17:40
2026/09/08 18:28,2026-09-08T18:43:05+09:00,2026/09/09,2026/09/10,2026-09,CALL,64375,1275,,,38.61,33.57,1360,10,1250,10,,,,,
2026/09/08 18:28,2026-09-08T18:43:05+09:00,2026/09/09,2026/09/10,2026-09,PUT,64375,465,,,35.64,34.95,495,10,480,10,,,,,
2026/09/08 18:28,2026-09-08T18:43:05+09:00,2026/09/09,2026/09/10,2026-09,CALL,64250,1365,,,37.44,34.38,1415,11,1350,11,,,,,
2026/09/08 18:28,2026-09-08T18:43:05+09:00,2026/09/09,2026/09/10,2026-09,PUT,64250,450,,4,35.8,35.09,455,15,440,5,36.27,30,6.67,480,09/08 17:40
2026/09/08 18:28,2026-09-08T18:43:05+09:00,2026/09/09,2026/09/10,2026-09,CALL,64125,1455,,,43.18,27.52,1620,8,1300,8,,,,,
2026/09/08 18:28,2026-09-08T18:43:05+09:00,2026/09/09,2026/09/10,2026-09,PUT,64125,395,,,36.31,35.34,425,2,405,2,,,,,
2026/09/08 18:28,2026-09-08T18:43:05+09:00,2026/09/09,2026/09/10,2026-09,CALL,64000,1555,,2,38.21,35.22,1600,7,1540,22,36.24,-450,-23.08,1500,09/08 18:03
2026/09/08 18:28,2026-09-08T18:43:05+09:00,2026/09/09,2026/09/10,2026-09,PUT,64000,380,,73,36.22,35.72,385,7,375,31,36.51,15,3.95,395,09/08 18:26
2026/09/08 18:28,2026-09-08T18:43:05+09:00,2026/09/09,2026/09/10,2026-09,CALL,63875,1650,,,41.07,25.65,1745,8,1460,8,,,,,
2026/09/08 18:28,2026-09-08T18:43:05+09:00,2026/09/09,2026/09/10,2026-09,PUT,63875,330,,3,36.77,36,360,12,345,12,36.86,286,288.89,385,09/08 17:43
2026/09/08 18:28,2026-09-08T18:43:05+09:00,2026/09/09,2026/09/10,2026-09,CALL,63750,1745,,,42.41,35.35,1860,12,1725,11,,,,,
2026/09/08 18:28,2026-09-08T18:43:05+09:00,2026/09/09,2026/09/10,2026-09,PUT,63750,305,,4,36.96,36.16,330,4,315,6,36.7,149,82.32,330,09/08 17:36
2026/09/08 18:28,2026-09-08T18:43:05+09:00,2026/09/09,2026/09/10,2026-09,CALL,63625,1850,,,41.89,24.79,1940,8,1655,3,,,,,
2026/09/08 18:28,2026-09-08T18:43:05+09:00,2026/09/09,2026/09/10,2026-09,PUT,63625,278,,11,37.32,36.42,305,1,289,1,36.85,,,300,09/08 17:06
2026/09/08 18:28,2026-09-08T18:43:05+09:00,2026/09/09,2026/09/10,2026-09,CALL,63500,1950,,,39.27,37.28,1985,4,1950,4,,,,,
2026/09/08 18:28,2026-09-08T18:43:05+09:00,2026/09/09,2026/09/10,2026-09,PUT,63500,267,,5,37.39,36.81,277,2,267,18,37.95,23,8.61,290,09/08 18:20
2026/09/08 18:28,2026-09-08T18:43:05+09:00,2026/09/09,2026/09/10,2026-09,CALL,63375,2055,,,44.84,16.14,2180,8,1810,3,,,,,
2026/09/08 18:28,2026-09-08T18:43:05+09:00,2026/09/09,2026/09/10,2026-09,PUT,63375,233,,,37.83,26.43,257,2,92,1,,,,,
2026/09/08 18:28,2026-09-08T18:43:05+09:00,2026/09/09,2026/09/10,2026-09,CALL,63250,2160,,,45.43,36.77,2285,12,2140,12,,,,,
2026/09/08 18:28,2026-09-08T18:43:05+09:00,2026/09/09,2026/09/10,2026-09,PUT,63250,212,,1,38.04,37.48,235,3,226,2,37.3,178,247.22,250,09/08 17:25
2026/09/08 18:28,2026-09-08T18:43:05+09:00,2026/09/09,2026/09/10,2026-09,CALL,63125,2270,,,46.25,,2395,8,2025,3,,,,,
2026/09/08 18:28,2026-09-08T18:43:05+09:00,2026/09/09,2026/09/10,2026-09,PUT,63125,215,,,38.48,37.82,218,14,208,1,,,,,
2026/09/08 18:28,2026-09-08T18:43:05+09:00,2026/09/09,2026/09/10,2026-09,CALL,63000,2375,,,41.44,37.37,2415,4,2355,22,,,,,
2026/09/08 18:28,2026-09-08T18:43:05+09:00,2026/09/09,2026/09/10,2026-09,PUT,63000,173,,118,38.63,38.28,198,6,193,10,38.7,22,12.72,195,09/08 18:27
2026/09/08 18:28,2026-09-08T18:43:05+09:00,2026/09/09,2026/09/10,2026-09,CALL,62875,2490,,,47.41,,2610,8,2245,3,,,,,
2026/09/08 18:28,2026-09-08T18:43:05+09:00,2026/09/09,2026/09/10,2026-09,PUT,62875,165,,1,39.17,38.51,185,4,176,1,38.43,136,251.85,190,09/08 17:32
2026/09/08 18:28,2026-09-08T18:43:05+09:00,2026/09/09,2026/09/10,2026-09,CALL,62750,2600,,,42.76,37.13,2640,11,2565,12,,,,,
2026/09/08 18:28,2026-09-08T18:43:05+09:00,2026/09/09,2026/09/10,2026-09,PUT,62750,151,,,39.56,32.88,171,1,92,1,,,,,
2026/09/08 18:28,2026-09-08T18:43:05+09:00,2026/09/09,2026/09/10,2026-09,CALL,62625,2715,,,48.96,,2835,8,2470,3,,,,,
2026/09/08 18:28,2026-09-08T18:43:05+09:00,2026/09/09,2026/09/10,2026-09,PUT,62625,139,,,40.03,30.89,159,1,62,1,,,,,
2026/09/08 18:28,2026-09-08T18:43:05+09:00,2026/09/09,2026/09/10,2026-09,CALL,62500,2830,,,43.45,38.08,2860,4,2795,17,,,,,
2026/09/08 18:28,2026-09-08T18:43:05+09:00,2026/09/09,2026/09/10,2026-09,PUT,62500,150,,9,40.18,39.58,144,6,137,1,40.05,-2,-1.33,148,09/08 17:40
2026/09/08 18:28,2026-09-08T18:43:05+09:00,2026/09/09,2026/09/10,2026-09,CALL,62375,2945,,,50.68,,3065,7,2700,3,,,,,
2026/09/08 18:28,2026-09-08T18:43:05+09:00,2026/09/09,2026/09/10,2026-09,PUT,62375,120,,,40.65,34.92,134,1,76,1,,,,,
2026/09/08 18:28,2026-09-08T18:43:05+09:00,2026/09/09,2026/09/10,2026-09,CALL,62250,3060,,,45.06,31.27,3095,7,2965,8,,,,,
2026/09/08 18:28,2026-09-08T18:43:05+09:00,2026/09/09,2026/09/10,2026-09,PUT,62250,121,,3,41.06,40.31,124,4,116,1,41.8,37,38.95,132,09/08 18:06
2026/09/08 18:28,2026-09-08T18:43:05+09:00,2026/09/09,2026/09/10,2026-09,CALL,62125,3175,,,52.23,,3295,8,2930,3,,,,,
2026/09/08 18:28,2026-09-08T18:43:05+09:00,2026/09/09,2026/09/10,2026-09,PUT,62125,103,,,41.59,34.35,116,2,53,1,,,,,
2026/09/08 18:28,2026-09-08T18:43:05+09:00,2026/09/09,2026/09/10,2026-09,CALL,62000,3295,,,53.69,,3420,22,3075,19,,,,,
2026/09/08 18:28,2026-09-08T18:43:05+09:00,2026/09/09,2026/09/10,2026-09,PUT,62000,83,,88,41.86,41.34,106,9,101,10,41.98,26,31.33,109,09/08 18:22
2026/09/08 18:28,2026-09-08T18:43:05+09:00,2026/09/09,2026/09/10,2026-09,CALL,61875,3410,,,54.01,,3530,8,3165,3,,,,,
2026/09/08 18:28,2026-09-08T18:43:05+09:00,2026/09/09,2026/09/10,2026-09,PUT,61875,75,,1,42.37,41.59,99,4,92,1,42.35,79,415.79,98,09/08 18:07
2026/09/08 18:28,2026-09-08T18:43:05+09:00,2026/09/09,2026/09/10,2026-09,CALL,61750,3530,,,55.05,,3650,7,3290,2,,,,,
2026/09/08 18:28,2026-09-08T18:43:05+09:00,2026/09/09,2026/09/10,2026-09,PUT,61750,81,,,43.04,42.11,94,7,86,2,,,,,
2026/09/08 18:28,2026-09-08T18:43:05+09:00,2026/09/09,2026/09/10,2026-09,CALL,61625,3650,,,55.67,,3765,8,3405,3,,,,,
2026/09/08 18:28,2026-09-08T18:43:05+09:00,2026/09/09,2026/09/10,2026-09,PUT,61625,75,,,43.32,37.73,86,4,46,1,,,,,
2026/09/08 18:28,2026-09-08T18:43:05+09:00,2026/09/09,2026/09/10,2026-09,CALL,61500,3770,,,55.82,,3875,3,3535,3,,,,,
2026/09/08 18:28,2026-09-08T18:43:05+09:00,2026/09/09,2026/09/10,2026-09,PUT,61500,68,,36,43.64,43.12,79,7,75,1,43.6,9,13.24,77,09/08 18:27
2026/09/08 18:28,2026-09-08T18:43:05+09:00,2026/09/09,2026/09/10,2026-09,CALL,61375,3890,,,58.05,,4010,8,3645,3,,,,,
2026/09/08 18:28,2026-09-08T18:43:05+09:00,2026/09/09,2026/09/10,2026-09,PUT,61375,61,,,44.16,42.32,74,1,61,1,,,,,
2026/09/08 18:28,2026-09-08T18:43:05+09:00,2026/09/09,2026/09/10,2026-09,CALL,61250,4010,,,59.01,,4130,8,3765,2,,,,,
2026/09/08 18:28,2026-09-08T18:43:05+09:00,2026/09/09,2026/09/10,2026-09,PUT,61250,62,,,44.63,43.9,69,4,64,1,,,,,
2026/09/08 18:28,2026-09-08T18:43:05+09:00,2026/09/09,2026/09/10,2026-09,CALL,61125,4130,,,59.5,,4245,8,3885,3,,,,,
2026/09/08 18:28,2026-09-08T18:43:05+09:00,2026/09/09,2026/09/10,2026-09,PUT,61125,55,,,45.04,40.57,64,4,38,1,,,,,
2026/09/08 18:28,2026-09-08T18:43:05+09:00,2026/09/09,2026/09/10,2026-09,CALL,61000,4250,,,59.95,,4360,22,4005,22,,,,,
2026/09/08 18:28,2026-09-08T18:43:05+09:00,2026/09/09,2026/09/10,2026-09,PUT,61000,50,,84,45.24,44.74,58,12,55,2,45.11,8,16,58,09/08 18:25
2026/09/08 18:28,2026-09-08T18:43:05+09:00,2026/09/09,2026/09/10,2026-09,CALL,60875,4370,,,61.3,,4485,7,4125,3,,,,,
2026/09/08 18:28,2026-09-08T18:43:05+09:00,2026/09/09,2026/09/10,2026-09,PUT,60875,46,,,45.85,44.62,55,3,48,1,,,,,
2026/09/08 18:28,2026-09-08T18:43:05+09:00,2026/09/09,2026/09/10,2026-09,CALL,60750,4495,,,62.64,,4610,8,4250,2,,,,,
2026/09/08 18:28,2026-09-08T18:43:05+09:00,2026/09/09,2026/09/10,2026-09,PUT,60750,48,,6,46.26,45.53,51,6,47,1,45.95,35,159.09,57,09/08 17:55
2026/09/08 18:28,2026-09-08T18:43:05+09:00,2026/09/09,2026/09/10,2026-09,CALL,60625,4615,,,63.97,,4735,8,4370,3,,,,,
2026/09/08 18:28,2026-09-08T18:43:05+09:00,2026/09/09,2026/09/10,2026-09,PUT,60625,45,,1,46.8,46.22,48,20,45,1,46.49,26,123.81,47,09/08 17:06
2026/09/08 18:28,2026-09-08T18:43:05+09:00,2026/09/09,2026/09/10,2026-09,CALL,60500,4740,,,63.82,,4845,3,4505,3,,,,,
2026/09/08 18:28,2026-09-08T18:43:05+09:00,2026/09/09,2026/09/10,2026-09,PUT,60500,43,,26,47.3,46.48,45,1,41,1,47.6,5,11.63,48,09/08 18:05
2026/09/08 18:28,2026-09-08T18:43:05+09:00,2026/09/09,2026/09/10,2026-09,CALL,60375,4860,,,66.64,,4985,8,4615,3,,,,,
2026/09/08 18:28,2026-09-08T18:43:05+09:00,2026/09/09,2026/09/10,2026-09,PUT,60375,37,,16,47.32,46.88,40,4,38,1,47.17,3,8.11,40,09/08 17:36
2026/09/08 18:28,2026-09-08T18:43:05+09:00,2026/09/09,2026/09/10,2026-09,CALL,60250,4985,,,67.97,,5110,8,4740,2,,,,,
2026/09/08 18:28,2026-09-08T18:43:05+09:00,2026/09/09,2026/09/10,2026-09,PUT,60250,36,,1,48.16,47.47,39,1,36,1,48.25,35,437.5,43,09/08 17:48
2026/09/08 18:28,2026-09-08T18:43:05+09:00,2026/09/09,2026/09/10,2026-09,CALL,60125,5110,,,69.29,,5235,8,4865,3,,,,,
2026/09/08 18:28,2026-09-08T18:43:05+09:00,2026/09/09,2026/09/10,2026-09,PUT,60125,32,,,49.21,47.53,39,4,32,1,,,,,
2026/09/08 18:28,2026-09-08T18:43:05+09:00,2026/09/09,2026/09/10,2026-09,CALL,60000,5235,,,77.26,,5430,22,4995,22,,,,,
2026/09/08 18:28,2026-09-08T18:43:05+09:00,2026/09/09,2026/09/10,2026-09,PUT,60000,26,,113,48.81,48.29,33,2,31,52,48.69,7,26.92,33,09/08 18:26
2026/09/08 18:28,2026-09-08T18:43:05+09:00,2026/09/09,2026/09/10,2026-09,CALL,59875,5355,,,71.42,,5480,8,5110,3,,,,,
2026/09/08 18:28,2026-09-08T18:43:05+09:00,2026/09/09,2026/09/10,2026-09,PUT,59875,30,,,49.57,48.76,32,5,29,18,,,,,
2026/09/08 18:28,2026-09-08T18:43:05+09:00,2026/09/09,2026/09/10,2026-09,CALL,59750,5480,,,71.66,,5595,8,5235,2,,,,,
2026/09/08 18:28,2026-09-08T18:43:05+09:00,2026/09/09,2026/09/10,2026-09,PUT,59750,27,,2,50.05,49.19,30,22,27,6,50.55,5,18.52,32,09/08 17:45
2026/09/08 18:28,2026-09-08T18:43:05+09:00,2026/09/09,2026/09/10,2026-09,CALL,59625,5605,,,74.05,,5730,6,5365,1,,,,,
2026/09/08 18:28,2026-09-08T18:43:05+09:00,2026/09/09,2026/09/10,2026-09,PUT,59625,26,,,50.48,42.8,28,5,9,23,,,,,
2026/09/08 18:28,2026-09-08T18:43:05+09:00,2026/09/09,2026/09/10,2026-09,CALL,59500,5725,,,,,,,3,10,,,,,
2026/09/08 18:28,2026-09-08T18:43:05+09:00,2026/09/09,2026/09/10,2026-09,PUT,59500,21,,10,50.56,50.23,25,3,24,1,50.95,5,23.81,26,09/08 18:07
2026/09/08 18:28,2026-09-08T18:43:05+09:00,2026/09/09,2026/09/10,2026-09,CALL,59375,5850,,,,,,,,,,,,,
2026/09/08 18:28,2026-09-08T18:43:05+09:00,2026/09/09,2026/09/10,2026-09,PUT,59375,23,,1,51.22,50.53,24,1,22,18,50.39,19,475,23,09/08 17:17
2026/09/08 18:28,2026-09-08T18:43:05+09:00,2026/09/09,2026/09/10,2026-09,CALL,59250,5975,,,,,,,,,,,,,
2026/09/08 18:28,2026-09-08T18:43:05+09:00,2026/09/09,2026/09/10,2026-09,PUT,59250,19,,1,51.86,50.77,23,6,20,1,51.97,7,36.84,26,09/08 17:51
2026/09/08 18:28,2026-09-08T18:43:05+09:00,2026/09/09,2026/09/10,2026-09,CALL,59125,6100,,,,,,,,,,,,,
2026/09/08 18:28,2026-09-08T18:43:05+09:00,2026/09/09,2026/09/10,2026-09,PUT,59125,21,,,52.48,51.34,22,1,19,19,,,,,
2026/09/08 18:28,2026-09-08T18:43:05+09:00,2026/09/09,2026/09/10,2026-09,CALL,59000,6220,,,,,,,,,,,,,
2026/09/08 18:28,2026-09-08T18:43:05+09:00,2026/09/09,2026/09/10,2026-09,PUT,59000,20,,120,52.7,52.3,20,13,19,4,52.59,0,0,20,09/08 18:25
2026/09/08 18:28,2026-09-08T18:43:05+09:00,2026/09/09,2026/09/10,2026-09,CALL,58875,6345,,,,,,,,,,,,,
2026/09/08 18:28,2026-09-08T18:43:05+09:00,2026/09/09,2026/09/10,2026-09,PUT,58875,19,,,53.26,52.4,19,5,17,5,,,,,
2026/09/08 18:28,2026-09-08T18:43:05+09:00,2026/09/09,2026/09/10,2026-09,CALL,58750,6470,,,,,,,,,,,,,
2026/09/08 18:28,2026-09-08T18:43:05+09:00,2026/09/09,2026/09/10,2026-09,PUT,58750,18,,4,53.79,52.89,18,6,16,6,53.49,17,566.67,20,09/08 17:55
2026/09/08 18:28,2026-09-08T18:43:05+09:00,2026/09/09,2026/09/10,2026-09,CALL,58625,6595,,,,,,,,,,,,,
2026/09/08 18:28,2026-09-08T18:43:05+09:00,2026/09/09,2026/09/10,2026-09,PUT,58625,12,,1,54.3,53.35,17,5,15,19,53.37,,,16,09/08 17:17
2026/09/08 18:28,2026-09-08T18:43:05+09:00,2026/09/09,2026/09/10,2026-09,CALL,58500,6720,,,,,,,,,,,,,
2026/09/08 18:28,2026-09-08T18:43:05+09:00,2026/09/09,2026/09/10,2026-09,PUT,58500,15,,16,54.77,53.77,16,4,14,8,54.18,0,0,15,09/08 18:19
2026/09/08 18:28,2026-09-08T18:43:05+09:00,2026/09/09,2026/09/10,2026-09,CALL,58375,6845,,,,,,,,,,,,,
2026/09/08 18:28,2026-09-08T18:43:05+09:00,2026/09/09,2026/09/10,2026-09,PUT,58375,12,,,56.19,54.16,17,21,13,18,,,,,
2026/09/08 18:28,2026-09-08T18:43:05+09:00,2026/09/09,2026/09/10,2026-09,CALL,58250,6970,,,,,,,,,,,,,
2026/09/08 18:28,2026-09-08T18:43:05+09:00,2026/09/09,2026/09/10,2026-09,PUT,58250,12,,,58.05,51.77,19,28,8,28,,,,,
2026/09/08 18:28,2026-09-08T18:43:05+09:00,2026/09/09,2026/09/10,2026-09,CALL,58000,7220,,,,,,,,,,,,,
2026/09/08 18:28,2026-09-08T18:43:05+09:00,2026/09/09,2026/09/10,2026-09,PUT,58000,10,,12,56.92,55.69,13,13,11,12,56.4,3,30,13,09/08 17:42
2026/09/08 18:28,2026-09-08T18:43:05+09:00,2026/09/09,2026/09/10,2026-09,CALL,57750,7465,,,,,,,,,,,,,
2026/09/08 18:28,2026-09-08T18:43:05+09:00,2026/09/09,2026/09/10,2026-09,PUT,57750,8,,,61.41,47.63,18,28,2,28,,,,,
2026/09/08 18:28,2026-09-08T18:43:05+09:00,2026/09/09,2026/09/10,2026-09,CALL,57500,7715,,,,,,,,,,,,,
2026/09/08 18:28,2026-09-08T18:43:05+09:00,2026/09/09,2026/09/10,2026-09,PUT,57500,8,,9,58.61,57.85,10,2,9,1,58.51,2,25,10,09/08 18:25
2026/09/08 18:28,2026-09-08T18:43:05+09:00,2026/09/09,2026/09/10,2026-09,CALL,57250,7965,,,,,,,,,,,,,
2026/09/08 18:28,2026-09-08T18:43:05+09:00,2026/09/09,2026/09/10,2026-09,PUT,57250,8,,,60.4,57.87,10,37,7,37,,,,,
2026/09/08 18:28,2026-09-08T18:43:05+09:00,2026/09/09,2026/09/10,2026-09,CALL,57000,8215,,,,,,,,,,,,,
2026/09/08 18:28,2026-09-08T18:43:05+09:00,2026/09/09,2026/09/10,2026-09,PUT,57000,7,,90,60.55,59.61,8,12,7,12,60.43,1,14.29,8,09/08 18:22
2026/09/08 18:28,2026-09-08T18:43:05+09:00,2026/09/09,2026/09/10,2026-09,CALL,56750,8465,,,,,,,,,,,,,
2026/09/08 18:28,2026-09-08T18:43:05+09:00,2026/09/09,2026/09/10,2026-09,PUT,56750,6,,4,63.19,60.29,9,37,6,20,61.59,2,33.33,8,09/08 18:01
2026/09/08 18:28,2026-09-08T18:43:05+09:00,2026/09/09,2026/09/10,2026-09,CALL,56500,8715,,,,,,,,,,,,,
2026/09/08 18:28,2026-09-08T18:43:05+09:00,2026/09/09,2026/09/10,2026-09,PUT,56500,4,,30,63.1,60.78,7,15,5,70,61.86,4,200,6,09/08 18:09
2026/09/08 18:28,2026-09-08T18:43:05+09:00,2026/09/09,2026/09/10,2026-09,CALL,56250,8965,,,,,,,,,,,,,
2026/09/08 18:28,2026-09-08T18:43:05+09:00,2026/09/09,2026/09/10,2026-09,PUT,56250,4,,,65.85,61.02,8,37,4,37,,,,,
2026/09/08 18:28,2026-09-08T18:43:05+09:00,2026/09/09,2026/09/10,2026-09,CALL,56000,9215,,,,,,,,,,,,,
2026/09/08 18:28,2026-09-08T18:43:05+09:00,2026/09/09,2026/09/10,2026-09,PUT,56000,4,,22,65.46,62.68,6,13,4,98,64.06,1,25,5,09/08 18:22
2026/09/08 18:28,2026-09-08T18:43:05+09:00,2026/09/09,2026/09/10,2026-09,CALL,55750,9465,,,,,,,,,,,,,
2026/09/08 18:28,2026-09-08T18:43:05+09:00,2026/09/09,2026/09/10,2026-09,PUT,55750,4,,,67.19,64.35,6,37,4,5,,,,,
2026/09/08 18:28,2026-09-08T18:43:05+09:00,2026/09/09,2026/09/10,2026-09,CALL,55500,9715,,,,,,,,,,,,,
2026/09/08 18:28,2026-09-08T18:43:05+09:00,2026/09/09,2026/09/10,2026-09,PUT,55500,3,,6,67.58,64.15,5,15,3,66,65.94,1,33.33,4,09/08 17:34
2026/09/08 18:28,2026-09-08T18:43:05+09:00,2026/09/09,2026/09/10,2026-09,CALL,55250,9965,,,,,,,,,,,,,
2026/09/08 18:28,2026-09-08T18:43:05+09:00,2026/09/09,2026/09/10,2026-09,PUT,55250,2,,1,69.3,65.79,5,37,3,37,67.26,2,100,4,09/08 17:42
2026/09/08 18:28,2026-09-08T18:43:05+09:00,2026/09/09,2026/09/10,2026-09,CALL,55000,10215,,,,,,,,,,,,,
2026/09/08 18:28,2026-09-08T18:43:05+09:00,2026/09/09,2026/09/10,2026-09,PUT,55000,3,,16,69.39,64.9,4,14,2,54,67.62,0,0,3,09/08 18:15
2026/09/08 18:28,2026-09-08T18:43:05+09:00,2026/09/09,2026/09/10,2026-09,CALL,54750,10465,,,,,,,,,,,,,
2026/09/08 18:28,2026-09-08T18:43:05+09:00,2026/09/09,2026/09/10,2026-09,PUT,54750,1,,4,69.08,66.49,3,1,2,22,68.83,2,200,3,09/08 17:40
2026/09/08 18:28,2026-09-08T18:43:05+09:00,2026/09/09,2026/09/10,2026-09,CALL,54500,10710,,,,,,,,,,,,,
2026/09/08 18:28,2026-09-08T18:43:05+09:00,2026/09/09,2026/09/10,2026-09,PUT,54500,3,,2,70.73,,3,1,,,70.7,0,0,3,09/08 17:45
2026/09/08 18:28,2026-09-08T18:43:05+09:00,2026/09/09,2026/09/10,2026-09,CALL,54250,10960,,,,,,,,,,,,,
2026/09/08 18:28,2026-09-08T18:43:05+09:00,2026/09/09,2026/09/10,2026-09,PUT,54250,1,,,72.39,,3,5,,,,,,,
2026/09/08 18:28,2026-09-08T18:43:05+09:00,2026/09/09,2026/09/10,2026-09,CALL,54000,11210,,,,,,,,,,,,,
2026/09/08 18:28,2026-09-08T18:43:05+09:00,2026/09/09,2026/09/10,2026-09,PUT,54000,2,,1,74.05,67.16,3,51,1,57,66.16,-1,-50,1,09/08 17:00
2026/09/08 18:28,2026-09-08T18:43:05+09:00,2026/09/09,2026/09/10,2026-09,CALL,53750,11460,,,,,,,,,,,,,
2026/09/08 18:28,2026-09-08T18:43:05+09:00,2026/09/09,2026/09/10,2026-09,PUT,53750,1,,,84.92,68.7,9,17,1,27,,,,,
2026/09/08 18:28,2026-09-08T18:43:05+09:00,2026/09/09,2026/09/10,2026-09,CALL,53500,11710,,,,,,,,,,,,,
2026/09/08 18:28,2026-09-08T18:43:05+09:00,2026/09/09,2026/09/10,2026-09,PUT,53500,1,,,86.76,70.23,9,28,1,46,,,,,
2026/09/08 18:28,2026-09-08T18:43:05+09:00,2026/09/09,2026/09/10,2026-09,CALL,53250,11960,,,,,,,,,,,,,
2026/09/08 18:28,2026-09-08T18:43:05+09:00,2026/09/09,2026/09/10,2026-09,PUT,53250,1,,,91.61,71.78,12,17,1,32,,,,,
2026/09/08 18:28,2026-09-08T18:43:05+09:00,2026/09/09,2026/09/10,2026-09,CALL,53000,12210,,,,,,,,,,,,,
2026/09/08 18:28,2026-09-08T18:43:05+09:00,2026/09/09,2026/09/10,2026-09,PUT,53000,1,,23,77.79,73.33,2,55,1,52,72.71,0,0,1,09/08 17:52
2026/09/08 18:28,2026-09-08T18:43:05+09:00,2026/09/09,2026/09/10,2026-09,CALL,52750,12460,,,,,,,,,,,,,
2026/09/08 18:28,2026-09-08T18:43:05+09:00,2026/09/09,2026/09/10,2026-09,PUT,52750,1,,109,84.76,,4,22,,,74.38,0,0,1,09/08 17:32
2026/09/08 18:28,2026-09-08T18:43:05+09:00,2026/09/09,2026/09/10,2026-09,CALL,52500,12710,,,,,,,,,,,,,
2026/09/08 18:28,2026-09-08T18:43:05+09:00,2026/09/09,2026/09/10,2026-09,PUT,52500,1,,4,76.44,,1,106,,,76.34,0,0,1,09/08 18:22
2026/09/08 18:28,2026-09-08T18:43:05+09:00,2026/09/09,2026/09/10,2026-09,CALL,52250,12960,,,,,,,,,,,,,
2026/09/08 18:28,2026-09-08T18:43:05+09:00,2026/09/09,2026/09/10,2026-09,PUT,52250,1,,2,82.71,,2,5,,,77.61,0,0,1,09/08 17:42
2026/09/08 18:28,2026-09-08T18:43:05+09:00,2026/09/09,2026/09/10,2026-09,CALL,52000,13210,,,,,,,,,,,,,
2026/09/08 18:28,2026-09-08T18:43:05+09:00,2026/09/09,2026/09/10,2026-09,PUT,52000,1,,7,79.57,,1,105,,,79.25,0,0,1,09/08 17:49
2026/09/08 18:28,2026-09-08T18:43:05+09:00,2026/09/09,2026/09/10,2026-09,CALL,51750,13460,,,,,,,,,,,,,
2026/09/08 18:28,2026-09-08T18:43:05+09:00,2026/09/09,2026/09/10,2026-09,PUT,51750,1,,2,91.73,,4,22,,,81.2,0,0,1,09/08 17:46
2026/09/08 18:28,2026-09-08T18:43:05+09:00,2026/09/09,2026/09/10,2026-09,CALL,51500,13710,,,,,,,,,,,,,
2026/09/08 18:28,2026-09-08T18:43:05+09:00,2026/09/09,2026/09/10,2026-09,PUT,51500,1,,1,82.73,,1,43,,,82.36,0,0,1,09/08 17:41
2026/09/08 18:28,2026-09-08T18:43:05+09:00,2026/09/09,2026/09/10,2026-09,CALL,51250,13960,,,,,,,,,,,,,
2026/09/08 18:28,2026-09-08T18:43:05+09:00,2026/09/09,2026/09/10,2026-09,PUT,51250,1,,,84.32,,1,2,,,,,,,
2026/09/08 18:28,2026-09-08T18:43:05+09:00,2026/09/09,2026/09/10,2026-09,CALL,51000,14210,,,,,,,,,,,,,
2026/09/08 18:28,2026-09-08T18:43:05+09:00,2026/09/09,2026/09/10,2026-09,PUT,51000,1,,6,85.91,,1,121,,,85.42,0,0,1,09/08 17:48
2026/09/08 18:28,2026-09-08T18:43:05+09:00,2026/09/09,2026/09/10,2026-09,CALL,50750,14460,,,,,,,,,,,,,
2026/09/08 18:28,2026-09-08T18:43:05+09:00,2026/09/09,2026/09/10,2026-09,PUT,50750,1,,,87.51,,1,2,,,,,,,
2026/09/08 18:28,2026-09-08T18:43:05+09:00,2026/09/09,2026/09/10,2026-09,CALL,50500,14710,,,,,,,,,,,,,
2026/09/08 18:28,2026-09-08T18:43:05+09:00,2026/09/09,2026/09/10,2026-09,PUT,50500,1,,,89.12,,1,98,,,,,,,
2026/09/08 18:28,2026-09-08T18:43:05+09:00,2026/09/09,2026/09/10,2026-09,CALL,50250,14960,,,,,,,,,,,,,
2026/09/08 18:28,2026-09-08T18:43:05+09:00,2026/09/09,2026/09/10,2026-09,PUT,50250,1,,,90.73,,1,2,,,,,,,
2026/09/08 18:28,2026-09-08T18:43:05+09:00,2026/09/09,2026/09/10,2026-09,CALL,50000,15210,,,,,,,,,,,,,
2026/09/08 18:28,2026-09-08T18:43:05+09:00,2026/09/09,2026/09/10,2026-09,PUT,50000,1,,3,92.35,,1,302,,,92.33,0,0,1,09/08 18:10
2026/09/08 18:28,2026-09-08T18:43:05+09:00,2026/09/09,2026/09/10,2026-09,CALL,49750,15460,,,,,,,,,,,,,
2026/09/08 18:28,2026-09-08T18:43:05+09:00,2026/09/09,2026/09/10,2026-09,PUT,49750,1,,1,93.98,,1,6,,,93.49,0,0,1,09/08 17:48
2026/09/08 18:28,2026-09-08T18:43:05+09:00,2026/09/09,2026/09/10,2026-09,CALL,49500,15710,,,,,,,,,,,,,
2026/09/08 18:28,2026-09-08T18:43:05+09:00,2026/09/09,2026/09/10,2026-09,PUT,49500,1,,3,95.61,,1,58,,,95.13,0,0,1,09/08 17:48
2026/09/08 18:28,2026-09-08T18:43:05+09:00,2026/09/09,2026/09/10,2026-09,CALL,49250,15960,,,,,,,,,,,,,
2026/09/08 18:28,2026-09-08T18:43:05+09:00,2026/09/09,2026/09/10,2026-09,PUT,49250,1,,,97.25,,1,7,,,,,,,
2026/09/08 18:28,2026-09-08T18:43:05+09:00,2026/09/09,2026/09/10,2026-09,CALL,49000,16210,,,,,,,,,,,,,
2026/09/08 18:28,2026-09-08T18:43:05+09:00,2026/09/09,2026/09/10,2026-09,PUT,49000,1,,5,98.9,,1,142,,,98.87,0,0,1,09/08 17:45
2026/09/08 18:28,2026-09-08T18:43:05+09:00,2026/09/09,2026/09/10,2026-09,CALL,48750,16460,,,,,,,,,,,,,
2026/09/08 18:28,2026-09-08T18:43:05+09:00,2026/09/09,2026/09/10,2026-09,PUT,48750,1,,2,100.55,,1,53,,,100.17,0,0,1,09/08 17:42
2026/09/08 18:28,2026-09-08T18:43:05+09:00,2026/09/09,2026/09/10,2026-09,CALL,48500,16710,,,,,,,,,,,,,
2026/09/08 18:28,2026-09-08T18:43:05+09:00,2026/09/09,2026/09/10,2026-09,PUT,48500,1,,4,102.21,,1,49,,,102.14,0,0,1,09/08 18:19
2026/09/08 18:28,2026-09-08T18:43:05+09:00,2026/09/09,2026/09/10,2026-09,CALL,48250,16960,,,,,,,,,,,,,
2026/09/08 18:28,2026-09-08T18:43:05+09:00,2026/09/09,2026/09/10,2026-09,PUT,48250,1,,1,103.88,,1,53,,,103.74,,,1,09/08 17:47
2026/09/08 18:28,2026-09-08T18:43:05+09:00,2026/09/09,2026/09/10,2026-09,CALL,48000,17210,,,,,,,,,,,,,
2026/09/08 18:28,2026-09-08T18:43:05+09:00,2026/09/09,2026/09/10,2026-09,PUT,48000,1,,12,105.56,,1,165,,,105,0,0,1,09/08 17:31
2026/09/08 18:28,2026-09-08T18:43:05+09:00,2026/09/09,2026/09/10,2026-09,CALL,47750,17460,,,,,,,,,,,,,
2026/09/08 18:28,2026-09-08T18:43:05+09:00,2026/09/09,2026/09/10,2026-09,PUT,47750,1,,,107.24,,1,7,,,,,,,
2026/09/08 18:28,2026-09-08T18:43:05+09:00,2026/09/09,2026/09/10,2026-09,CALL,47500,17710,,,,,,,,,,,,,
2026/09/08 18:28,2026-09-08T18:43:05+09:00,2026/09/09,2026/09/10,2026-09,PUT,47500,1,,,108.93,,1,68,,,,,,,
2026/09/08 18:28,2026-09-08T18:43:05+09:00,2026/09/09,2026/09/10,2026-09,CALL,47250,17960,,,,,,,,,,,,,
2026/09/08 18:28,2026-09-08T18:43:05+09:00,2026/09/09,2026/09/10,2026-09,PUT,47250,1,,,110.63,,1,7,,,,,,,
2026/09/08 18:28,2026-09-08T18:43:05+09:00,2026/09/09,2026/09/10,2026-09,CALL,47000,18210,,,,,,,,,,,,,
2026/09/08 18:28,2026-09-08T18:43:05+09:00,2026/09/09,2026/09/10,2026-09,PUT,47000,1,,,112.33,,1,63,,,,,,,
2026/09/08 18:28,2026-09-08T18:43:05+09:00,2026/09/09,2026/09/10,2026-09,CALL,46750,18460,,,,,,,,,,,,,
2026/09/08 18:28,2026-09-08T18:43:05+09:00,2026/09/09,2026/09/10,2026-09,PUT,46750,1,,,114.05,,1,7,,,,,,,
2026/09/08 18:28,2026-09-08T18:43:05+09:00,2026/09/09,2026/09/10,2026-09,CALL,46500,18710,,,,,,,,,,,,,
2026/09/08 18:28,2026-09-08T18:43:05+09:00,2026/09/09,2026/09/10,2026-09,PUT,46500,1,,1,115.77,,1,59,,,115.29,0,0,1,09/08 17:18
2026/09/08 18:28,2026-09-08T18:43:05+09:00,2026/09/09,2026/09/10,2026-09,CALL,46250,18960,,,,,,,,,,,,,
2026/09/08 18:28,2026-09-08T18:43:05+09:00,2026/09/09,2026/09/10,2026-09,PUT,46250,1,,1,117.5,,1,7,,,117.09,,,1,09/08 17:19
2026/09/08 18:28,2026-09-08T18:43:05+09:00,2026/09/09,2026/10/08,2026-10,CALL,85000,2,,1,31.38,30.3,3,1,2,16,31.56,-1,-25,3,09/08 18:03
2026/09/08 18:28,2026-09-08T18:43:05+09:00,2026/09/09,2026/10/08,2026-10,PUT,85000,19965,,,,,,,,,,,,,
2026/09/08 18:28,2026-09-08T18:43:05+09:00,2026/09/09,2026/10/08,2026-10,CALL,84500,1,,,33.31,,7,15,,,,,,,
2026/09/08 18:28,2026-09-08T18:43:05+09:00,2026/09/09,2026/10/08,2026-10,PUT,84500,19465,,,,,,,,,,,,,
2026/09/08 18:28,2026-09-08T18:43:05+09:00,2026/09/09,2026/10/08,2026-10,CALL,84000,5,,,31.59,30.14,5,42,3,17,,,,,
2026/09/08 18:28,2026-09-08T18:43:05+09:00,2026/09/09,2026/10/08,2026-10,PUT,84000,18970,,,,,,,,,,,,,
2026/09/08 18:28,2026-09-08T18:43:05+09:00,2026/09/09,2026/10/08,2026-10,CALL,83500,2,,,32.42,28.49,8,15,2,15,,,,,
2026/09/08 18:28,2026-09-08T18:43:05+09:00,2026/09/09,2026/10/08,2026-10,PUT,83500,18470,,,,,,,,,,,,,
2026/09/08 18:28,2026-09-08T18:43:05+09:00,2026/09/09,2026/10/08,2026-10,CALL,83000,5,,,32.13,28.88,9,15,3,16,,,,,
2026/09/08 18:28,2026-09-08T18:43:05+09:00,2026/09/09,2026/10/08,2026-10,PUT,83000,17970,,,,,,,,,,,,,
2026/09/08 18:28,2026-09-08T18:43:05+09:00,2026/09/09,2026/10/08,2026-10,CALL,82500,7,,1,31.44,29,9,15,4,33,30.39,-1,-14.29,6,09/08 17:57
2026/09/08 18:28,2026-09-08T18:43:05+09:00,2026/09/09,2026/10/08,2026-10,PUT,82500,17475,,,,,,,,,,,,,
2026/09/08 18:28,2026-09-08T18:43:05+09:00,2026/09/09,2026/10/08,2026-10,CALL,82000,7,,,31.41,28.95,11,15,5,16,,,,,
2026/09/08 18:28,2026-09-08T18:43:05+09:00,2026/09/09,2026/10/08,2026-10,PUT,82000,16975,,,,,,,,,,,,,
2026/09/08 18:28,2026-09-08T18:43:05+09:00,2026/09/09,2026/10/08,2026-10,CALL,81500,8,,,30.99,28.28,12,15,5,15,,,,,
2026/09/08 18:28,2026-09-08T18:43:05+09:00,2026/09/09,2026/10/08,2026-10,PUT,81500,16475,,,,,,,,,,,,,
2026/09/08 18:28,2026-09-08T18:43:05+09:00,2026/09/09,2026/10/08,2026-10,CALL,81000,9,,,30.54,28.1,13,15,6,15,,,,,
2026/09/08 18:28,2026-09-08T18:43:05+09:00,2026/09/09,2026/10/08,2026-10,PUT,81000,15980,,,,,,,,,,,,,
2026/09/08 18:28,2026-09-08T18:43:05+09:00,2026/09/09,2026/10/08,2026-10,CALL,80500,11,,,40.02,26.91,105,6,5,1,,,,,
2026/09/08 18:28,2026-09-08T18:43:05+09:00,2026/09/09,2026/10/08,2026-10,PUT,80500,15480,,,,,,,,,,,,,
2026/09/08 18:28,2026-09-08T18:43:05+09:00,2026/09/09,2026/10/08,2026-10,CALL,80000,13,,11,29.76,28.49,16,2,11,27,28.98,-3,-18.75,13,09/08 17:45
2026/09/08 18:28,2026-09-08T18:43:05+09:00,2026/09/09,2026/10/08,2026-10,PUT,80000,14985,,,,,,,,,,,,,
2026/09/08 18:28,2026-09-08T18:43:05+09:00,2026/09/09,2026/10/08,2026-10,CALL,79500,15,,,34.75,26.79,60,7,8,16,,,,,
2026/09/08 18:28,2026-09-08T18:43:05+09:00,2026/09/09,2026/10/08,2026-10,PUT,79500,14485,,,,,,,,,,,,,
2026/09/08 18:28,2026-09-08T18:43:05+09:00,2026/09/09,2026/10/08,2026-10,CALL,79000,18,,,29.85,25.28,25,1,6,7,,,,,
2026/09/08 18:28,2026-09-08T18:43:05+09:00,2026/09/09,2026/10/08,2026-10,PUT,79000,13990,,,,,,,,,,,,,
2026/09/08 18:28,2026-09-08T18:43:05+09:00,2026/09/09,2026/10/08,2026-10,CALL,78500,21,,,30.99,24.1,40,7,5,8,,,,,
2026/09/08 18:28,2026-09-08T18:43:05+09:00,2026/09/09,2026/10/08,2026-10,PUT,78500,13495,,,,,,,,,,,,,
2026/09/08 18:28,2026-09-08T18:43:05+09:00,2026/09/09,2026/10/08,2026-10,CALL,78000,25,,7,28.49,27.88,27,1,23,24,28.26,0,0,26,09/08 18:12
2026/09/08 18:28,2026-09-08T18:43:05+09:00,2026/09/09,2026/10/08,2026-10,PUT,78000,12995,,,,,,,,,,,,,
2026/09/08 18:28,2026-09-08T18:43:05+09:00,2026/09/09,2026/10/08,2026-10,CALL,77500,29,,,28.78,27.2,36,16,24,52,,,,,
2026/09/08 18:28,2026-09-08T18:43:05+09:00,2026/09/09,2026/10/08,2026-10,PUT,77500,12505,,,,,,,,,,,,,
2026/09/08 18:28,2026-09-08T18:43:05+09:00,2026/09/09,2026/10/08,2026-10,CALL,77000,39,,1,28.54,27.43,42,78,32,1,27.9,-4,-10.26,35,09/08 17:05
2026/09/08 18:28,2026-09-08T18:43:05+09:00,2026/09/09,2026/10/08,2026-10,PUT,77000,12010,,,,,,,,,,,,,
2026/09/08 18:28,2026-09-08T18:43:05+09:00,2026/09/09,2026/10/08,2026-10,CALL,76500,42,,,28.02,26.89,46,16,35,2,,,,,
2026/09/08 18:28,2026-09-08T18:43:05+09:00,2026/09/09,2026/10/08,2026-10,PUT,76500,11515,,,,,,,,,,,,,
2026/09/08 18:28,2026-09-08T18:43:05+09:00,2026/09/09,2026/10/08,2026-10,CALL,76250,47,,1,27.92,27.37,50,10,44,8,27.96,,,47,09/08 17:56
2026/09/08 18:28,2026-09-08T18:43:05+09:00,2026/09/09,2026/10/08,2026-10,PUT,76250,11270,,,,,,,,,,,,,
2026/09/08 18:28,2026-09-08T18:43:05+09:00,2026/09/09,2026/10/08,2026-10,CALL,76000,52,,,28.04,27.27,57,25,48,21,,,,,
2026/09/08 18:28,2026-09-08T18:43:05+09:00,2026/09/09,2026/10/08,2026-10,PUT,76000,11030,,,,,,,,,,,,,
2026/09/08 18:28,2026-09-08T18:43:05+09:00,2026/09/09,2026/10/08,2026-10,CALL,75750,56,,,28.02,26.8,63,2,48,2,,,,,
2026/09/08 18:28,2026-09-08T18:43:05+09:00,2026/09/09,2026/10/08,2026-10,PUT,75750,10780,,,,,,,,,,,,,
2026/09/08 18:28,2026-09-08T18:43:05+09:00,2026/09/09,2026/10/08,2026-10,CALL,75500,61,,2,27.82,27.15,67,18,58,14,27.66,-30,-31.25,66,09/08 18:12
2026/09/08 18:28,2026-09-08T18:43:05+09:00,2026/09/09,2026/10/08,2026-10,PUT,75500,10535,,,,,,,,,,,,,
2026/09/08 18:28,2026-09-08T18:43:05+09:00,2026/09/09,2026/10/08,2026-10,CALL,75250,68,,,27.67,27.18,72,7,65,7,,,,,
2026/09/08 18:28,2026-09-08T18:43:05+09:00,2026/09/09,2026/10/08,2026-10,PUT,75250,10295,,,,,,,,,,,,,
2026/09/08 18:28,2026-09-08T18:43:05+09:00,2026/09/09,2026/10/08,2026-10,CALL,75000,81,,15,27.56,27.3,78,1,74,1,27.27,-6,-7.41,75,09/08 18:12
2026/09/08 18:28,2026-09-08T18:43:05+09:00,2026/09/09,2026/10/08,2026-10,PUT,75000,10050,,,,,,,,,,,,,
2026/09/08 18:28,2026-09-08T18:43:05+09:00,2026/09/09,2026/10/08,2026-10,CALL,74750,84,,,27.59,27.17,87,7,80,7,,,,,
2026/09/08 18:28,2026-09-08T18:43:05+09:00,2026/09/09,2026/10/08,2026-10,PUT,74750,9810,,,,,,,,,,,,,
2026/09/08 18:28,2026-09-08T18:43:05+09:00,2026/09/09,2026/10/08,2026-10,CALL,74500,90,,,27.41,27.07,93,1,87,10,,,,,
2026/09/08 18:28,2026-09-08T18:43:05+09:00,2026/09/09,2026/10/08,2026-10,PUT,74500,9565,,,,,,,,,,,,,
2026/09/08 18:28,2026-09-08T18:43:05+09:00,2026/09/09,2026/10/08,2026-10,CALL,74250,100,,,27.41,26.99,103,7,95,7,,,,,
2026/09/08 18:28,2026-09-08T18:43:05+09:00,2026/09/09,2026/10/08,2026-10,PUT,74250,9325,,,,,,,,,,,,,
2026/09/08 18:28,2026-09-08T18:43:05+09:00,2026/09/09,2026/10/08,2026-10,CALL,74000,109,,2,27.37,27.07,113,14,107,3,27.12,-7,-6.09,108,09/08 18:24
2026/09/08 18:28,2026-09-08T18:43:05+09:00,2026/09/09,2026/10/08,2026-10,PUT,74000,9085,,,,,,,,,,,,,
2026/09/08 18:28,2026-09-08T18:43:05+09:00,2026/09/09,2026/10/08,2026-10,CALL,73750,123,,,27.47,26.86,127,6,114,2,,,,,
2026/09/08 18:28,2026-09-08T18:43:05+09:00,2026/09/09,2026/10/08,2026-10,PUT,73750,8850,,,,,,,,,,,,,
2026/09/08 18:28,2026-09-08T18:43:05+09:00,2026/09/09,2026/10/08,2026-10,CALL,73500,133,,,27.21,27.03,134,1,130,3,,,,,
2026/09/08 18:28,2026-09-08T18:43:05+09:00,2026/09/09,2026/10/08,2026-10,PUT,73500,8610,,,30.46,,8860,12,8395,10,,,,,
2026/09/08 18:28,2026-09-08T18:43:05+09:00,2026/09/09,2026/10/08,2026-10,CALL,73250,148,,,27.3,26.89,150,5,140,9,,,,,
2026/09/08 18:28,2026-09-08T18:43:05+09:00,2026/09/09,2026/10/08,2026-10,PUT,73250,8375,,,30.33,,8625,6,8320,5,,,,,
2026/09/08 18:28,2026-09-08T18:43:05+09:00,2026/09/09,2026/10/08,2026-10,CALL,73000,161,,11,27.18,27.02,162,1,158,3,27.11,-20,-11.11,160,09/08 18:11
2026/09/08 18:28,2026-09-08T18:43:05+09:00,2026/09/09,2026/10/08,2026-10,PUT,73000,8140,,,30.18,,8390,18,7890,18,,,,,
2026/09/08 18:28,2026-09-08T18:43:05+09:00,2026/09/09,2026/10/08,2026-10,CALL,72750,181,,,27.23,26.91,180,5,171,5,,,,,
2026/09/08 18:28,2026-09-08T18:43:05+09:00,2026/09/09,2026/10/08,2026-10,PUT,72750,7910,,,30.14,,8160,7,7660,7,,,,,
2026/09/08 18:28,2026-09-08T18:43:05+09:00,2026/09/09,2026/10/08,2026-10,CALL,72500,195,,,27.31,27,200,8,191,3,,,,,
2026/09/08 18:28,2026-09-08T18:43:05+09:00,2026/09/09,2026/10/08,2026-10,PUT,72500,7675,,,29.91,,7925,12,7425,12,,,,,
2026/09/08 18:28,2026-09-08T18:43:05+09:00,2026/09/09,2026/10/08,2026-10,CALL,72250,218,,,27.19,26.91,216,5,207,5,,,,,
2026/09/08 18:28,2026-09-08T18:43:05+09:00,2026/09/09,2026/10/08,2026-10,PUT,72250,7445,,,29.8,,7695,7,7195,7,,,,,
2026/09/08 18:28,2026-09-08T18:43:05+09:00,2026/09/09,2026/10/08,2026-10,CALL,72125,227,,,27.25,26.87,228,3,216,3,,,,,
2026/09/08 18:28,2026-09-08T18:43:05+09:00,2026/09/09,2026/10/08,2026-10,PUT,72125,7330,,,29.73,,7580,6,7080,6,,,,,
2026/09/08 18:28,2026-09-08T18:43:05+09:00,2026/09/09,2026/10/08,2026-10,CALL,72000,241,,4,27.13,26.98,235,1,230,3,27.07,-8,-3.32,233,09/08 18:24
2026/09/08 18:28,2026-09-08T18:43:05+09:00,2026/09/09,2026/10/08,2026-10,PUT,72000,7215,,,29.65,,7465,18,6965,18,,,,,
2026/09/08 18:28,2026-09-08T18:43:05+09:00,2026/09/09,2026/10/08,2026-10,CALL,71875,247,,,27.22,26.9,249,3,238,3,,,,,
2026/09/08 18:28,2026-09-08T18:43:05+09:00,2026/09/09,2026/10/08,2026-10,PUT,71875,7100,,,29.57,17.16,7350,6,7040,4,,,,,
2026/09/08 18:28,2026-09-08T18:43:05+09:00,2026/09/09,2026/10/08,2026-10,CALL,71750,262,,,27.2,26.8,260,5,246,6,,,,,
2026/09/08 18:28,2026-09-08T18:43:05+09:00,2026/09/09,2026/10/08,2026-10,PUT,71750,6990,,,29.6,,7240,7,6740,6,,,,,
2026/09/08 18:28,2026-09-08T18:43:05+09:00,2026/09/09,2026/10/08,2026-10,CALL,71625,274,,,27.23,26.9,273,3,261,3,,,,,
2026/09/08 18:28,2026-09-08T18:43:05+09:00,2026/09/09,2026/10/08,2026-10,PUT,71625,6880,,,29.61,18.68,7130,6,6815,4,,,,,
2026/09/08 18:28,2026-09-08T18:43:05+09:00,2026/09/09,2026/10/08,2026-10,CALL,71500,285,,2,27.16,27,283,1,277,3,27.1,-70,-19.72,285,09/08 18:13
2026/09/08 18:28,2026-09-08T18:43:05+09:00,2026/09/09,2026/10/08,2026-10,PUT,71500,6765,,,29.5,,7015,12,6515,12,,,,,
2026/09/08 18:28,2026-09-08T18:43:05+09:00,2026/09/09,2026/10/08,2026-10,CALL,71375,298,,,27.24,26.92,299,3,287,3,,,,,
2026/09/08 18:28,2026-09-08T18:43:05+09:00,2026/09/09,2026/10/08,2026-10,PUT,71375,6655,,,29.49,19.59,6905,6,6590,4,,,,,
2026/09/08 18:28,2026-09-08T18:43:05+09:00,2026/09/09,2026/10/08,2026-10,CALL,71250,315,,,27.3,26.87,315,2,298,2,,,,,
2026/09/08 18:28,2026-09-08T18:43:05+09:00,2026/09/09,2026/10/08,2026-10,PUT,71250,6545,,,29.48,,6795,7,6295,6,,,,,
2026/09/08 18:28,2026-09-08T18:43:05+09:00,2026/09/09,2026/10/08,2026-10,CALL,71125,335,,,29.79,24.8,435,14,235,14,,,,,
2026/09/08 18:28,2026-09-08T18:43:05+09:00,2026/09/09,2026/10/08,2026-10,PUT,71125,6440,,,29.56,,6690,6,6190,6,,,,,
2026/09/08 18:28,2026-09-08T18:43:05+09:00,2026/09/09,2026/10/08,2026-10,CALL,71000,335,,8,27.21,26.97,340,1,330,3,27.03,-15,-4.48,320,09/08 17:20
2026/09/08 18:28,2026-09-08T18:43:05+09:00,2026/09/09,2026/10/08,2026-10,PUT,71000,6320,,,29.3,,6570,18,6070,18,,,,,
2026/09/08 18:28,2026-09-08T18:43:05+09:00,2026/09/09,2026/10/08,2026-10,CALL,70875,360,,,29.58,24.81,460,14,260,14,,,,,
2026/09/08 18:28,2026-09-08T18:43:05+09:00,2026/09/09,2026/10/08,2026-10,PUT,70875,6215,,,29.36,20.96,6465,6,6150,4,,,,,
2026/09/08 18:28,2026-09-08T18:43:05+09:00,2026/09/09,2026/10/08,2026-10,CALL,70750,380,,,27.42,26.96,380,2,360,2,,,,,
2026/09/08 18:28,2026-09-08T18:43:05+09:00,2026/09/09,2026/10/08,2026-10,PUT,70750,6105,,,29.3,,6355,7,5855,7,,,,,
2026/09/08 18:28,2026-09-08T18:43:05+09:00,2026/09/09,2026/10/08,2026-10,CALL,70625,395,,,29.54,25.02,495,14,295,14,,,,,
2026/09/08 18:28,2026-09-08T18:43:05+09:00,2026/09/09,2026/10/08,2026-10,PUT,70625,6000,,,29.34,21.35,6250,6,5930,4,,,,,
2026/09/08 18:28,2026-09-08T18:43:05+09:00,2026/09/09,2026/10/08,2026-10,CALL,70500,410,,,27.34,27.01,410,7,395,7,,,,,
2026/09/08 18:28,2026-09-08T18:43:05+09:00,2026/09/09,2026/10/08,2026-10,PUT,70500,5890,,,29.25,0,6140,12,5640,12,,,,,
2026/09/08 18:28,2026-09-08T18:43:05+09:00,2026/09/09,2026/10/08,2026-10,CALL,70375,435,,,29.57,25.26,535,12,335,12,,,,,
2026/09/08 18:28,2026-09-08T18:43:05+09:00,2026/09/09,2026/10/08,2026-10,PUT,70375,5785,,,29.26,21.75,6035,5,5715,4,,,,,
2026/09/08 18:28,2026-09-08T18:43:05+09:00,2026/09/09,2026/10/08,2026-10,CALL,70250,450,,,27.32,27.11,445,4,435,2,,,,,
2026/09/08 18:28,2026-09-08T18:43:05+09:00,2026/09/09,2026/10/08,2026-10,PUT,70250,5680,,,29.26,15.04,5930,7,5430,7,,,,,
2026/09/08 18:28,2026-09-08T18:43:05+09:00,2026/09/09,2026/10/08,2026-10,CALL,70125,475,,,29.54,25.42,575,12,375,12,,,,,
2026/09/08 18:28,2026-09-08T18:43:05+09:00,2026/09/09,2026/10/08,2026-10,PUT,70125,5580,,,29.34,22.3,5830,6,5510,4,,,,,
2026/09/08 18:28,2026-09-08T18:43:05+09:00,2026/09/09,2026/10/08,2026-10,CALL,70000,485,,5,27.35,27.15,485,9,475,2,27.25,-5,-1.03,480,09/08 18:25
2026/09/08 18:28,2026-09-08T18:43:05+09:00,2026/09/09,2026/10/08,2026-10,PUT,70000,5470,,,29.22,16.6,5720,18,5220,18,,,,,
2026/09/08 18:28,2026-09-08T18:43:05+09:00,2026/09/09,2026/10/08,2026-10,CALL,69875,515,,,29.74,26.14,630,12,445,10,,,,,
2026/09/08 18:28,2026-09-08T18:43:05+09:00,2026/09/09,2026/10/08,2026-10,PUT,69875,5370,,,29.27,22.58,5620,8,5300,8,,,,,
2026/09/08 18:28,2026-09-08T18:43:05+09:00,2026/09/09,2026/10/08,2026-10,CALL,69750,535,,,27.43,27.04,530,2,510,2,,,,,
2026/09/08 18:28,2026-09-08T18:43:05+09:00,2026/09/09,2026/10/08,2026-10,PUT,69750,5265,,,29.22,17.72,5515,8,5015,8,,,,,
2026/09/08 18:28,2026-09-08T18:43:05+09:00,2026/09/09,2026/10/08,2026-10,CALL,69625,565,,1,28.79,26.62,625,2,510,2,27.41,,,520,09/08 17:55
2026/09/08 18:28,2026-09-08T18:43:05+09:00,2026/09/09,2026/10/08,2026-10,PUT,69625,5170,,,29.34,22.88,5420,8,5095,8,,,,,
2026/09/08 18:28,2026-09-08T18:43:05+09:00,2026/09/09,2026/10/08,2026-10,CALL,69500,580,,,27.44,27.07,575,3,555,3,,,,,
2026/09/08 18:28,2026-09-08T18:43:05+09:00,2026/09/09,2026/10/08,2026-10,PUT,69500,5060,,,28.99,21.93,5300,3,4945,3,,,,,
2026/09/08 18:28,2026-09-08T18:43:05+09:00,2026/09/09,2026/10/08,2026-10,CALL,69375,610,,,29.26,,700,12,,,,,,,
2026/09/08 18:28,2026-09-08T18:43:05+09:00,2026/09/09,2026/10/08,2026-10,PUT,69375,4965,,,29.26,23.08,5215,8,4890,8,,,,,
2026/09/08 18:28,2026-09-08T18:43:05+09:00,2026/09/09,2026/10/08,2026-10,CALL,69250,630,,,27.58,27.04,630,2,600,2,,,,,
2026/09/08 18:28,2026-09-08T18:43:05+09:00,2026/09/09,2026/10/08,2026-10,PUT,69250,4860,,,29.16,23.1,5110,8,4785,8,,,,,
2026/09/08 18:28,2026-09-08T18:43:05+09:00,2026/09/09,2026/10/08,2026-10,CALL,69125,660,,,28.8,25.41,725,10,535,12,,,,,
2026/09/08 18:28,2026-09-08T18:43:05+09:00,2026/09/09,2026/10/08,2026-10,PUT,69125,4770,,,29.31,23.3,5020,8,4690,8,,,,,
2026/09/08 18:28,2026-09-08T18:43:05+09:00,2026/09/09,2026/10/08,2026-10,CALL,69000,680,,3,27.48,27.31,675,5,665,5,27.4,-70,-9.46,670,09/08 17:47
2026/09/08 18:28,2026-09-08T18:43:05+09:00,2026/09/09,2026/10/08,2026-10,PUT,69000,4665,,,29.19,22.58,4915,22,4550,22,,,,,
2026/09/08 18:28,2026-09-08T18:43:05+09:00,2026/09/09,2026/10/08,2026-10,CALL,68875,720,,,29.8,,840,10,,,,,,,
2026/09/08 18:28,2026-09-08T18:43:05+09:00,2026/09/09,2026/10/08,2026-10,PUT,68875,4575,,,29.3,23.52,4825,8,4495,8,,,,,
2026/09/08 18:28,2026-09-08T18:43:05+09:00,2026/09/09,2026/10/08,2026-10,CALL,68750,745,,,27.59,27.17,735,14,710,3,,,,,
2026/09/08 18:28,2026-09-08T18:43:05+09:00,2026/09/09,2026/10/08,2026-10,PUT,68750,4475,,,29.24,23.56,4725,8,4395,8,,,,,
2026/09/08 18:28,2026-09-08T18:43:05+09:00,2026/09/09,2026/10/08,2026-10,CALL,68625,780,,,28.76,25.77,835,1,655,10,,,,,
2026/09/08 18:28,2026-09-08T18:43:05+09:00,2026/09/09,2026/10/08,2026-10,PUT,68625,4385,,,29.33,23.67,4635,8,4300,8,,,,,
2026/09/08 18:28,2026-09-08T18:43:05+09:00,2026/09/09,2026/10/08,2026-10,CALL,68500,800,,,27.63,27.31,795,5,775,5,,,,,
2026/09/08 18:28,2026-09-08T18:43:05+09:00,2026/09/09,2026/10/08,2026-10,PUT,68500,4285,,,29.08,23.93,4525,3,4215,3,,,,,
2026/09/08 18:28,2026-09-08T18:43:05+09:00,2026/09/09,2026/10/08,2026-10,CALL,68375,845,,,29.22,,925,10,,,,,,,
2026/09/08 18:28,2026-09-08T18:43:05+09:00,2026/09/09,2026/10/08,2026-10,PUT,68375,4200,,,29.38,23.91,4450,8,4115,8,,,,,
2026/09/08 18:28,2026-09-08T18:43:05+09:00,2026/09/09,2026/10/08,2026-10,CALL,68250,870,,,27.86,27.14,870,2,825,2,,,,,
2026/09/08 18:28,2026-09-08T18:43:05+09:00,2026/09/09,2026/10/08,2026-10,PUT,68250,4100,,,29.26,23.78,4350,8,4010,8,,,,,
2026/09/08 18:28,2026-09-08T18:43:05+09:00,2026/09/09,2026/10/08,2026-10,CALL,68125,920,,,29.22,25.77,990,1,770,10,,,,,
2026/09/08 18:28,2026-09-08T18:43:05+09:00,2026/09/09,2026/10/08,2026-10,PUT,68125,4025,,,29.52,24.23,4275,8,3940,8,,,,,
2026/09/08 18:28,2026-09-08T18:43:05+09:00,2026/09/09,2026/10/08,2026-10,CALL,68000,930,,7,27.71,27.48,925,5,910,5,27.48,-95,-9.45,910,09/08 18:19
2026/09/08 18:28,2026-09-08T18:43:05+09:00,2026/09/09,2026/10/08,2026-10,PUT,68000,3915,,,32.66,17.13,4395,7,3445,4,,,,,
2026/09/08 18:28,2026-09-08T18:43:05+09:00,2026/09/09,2026/10/08,2026-10,CALL,67875,985,,,29.16,25.8,1055,1,835,9,,,,,
2026/09/08 18:28,2026-09-08T18:43:05+09:00,2026/09/09,2026/10/08,2026-10,PUT,67875,3840,,,29.46,24.23,4090,8,3750,8,,,,,
2026/09/08 18:28,2026-09-08T18:43:05+09:00,2026/09/09,2026/10/08,2026-10,CALL,67750,1015,,,27.96,27.36,1010,2,970,2,,,,,
2026/09/08 18:28,2026-09-08T18:43:05+09:00,2026/09/09,2026/10/08,2026-10,PUT,67750,3745,,,29.37,24.2,3995,8,3655,8,,,,,
2026/09/08 18:28,2026-09-08T18:43:05+09:00,2026/09/09,2026/10/08,2026-10,CALL,67625,1060,,,31.02,,1255,9,,,,,,,
2026/09/08 18:28,2026-09-08T18:43:05+09:00,2026/09/09,2026/10/08,2026-10,PUT,67625,3665,,,29.49,24.32,3915,8,3570,8,,,,,
2026/09/08 18:28,2026-09-08T18:43:05+09:00,2026/09/09,2026/10/08,2026-10,CALL,67500,1085,,,27.92,27.55,1080,3,1055,3,,,,,
2026/09/08 18:28,2026-09-08T18:43:05+09:00,2026/09/09,2026/10/08,2026-10,PUT,67500,3570,,,28.36,27.04,3750,5,3660,2,,,,,
2026/09/08 18:28,2026-09-08T18:43:05+09:00,2026/09/09,2026/10/08,2026-10,CALL,67375,1145,,,28.39,27.01,1150,9,1055,9,,,,,
2026/09/08 18:28,2026-09-08T18:43:05+09:00,2026/09/09,2026/10/08,2026-10,PUT,67375,3500,,,29.61,24.49,3750,8,3400,8,,,,,
2026/09/08 18:28,2026-09-08T18:43:05+09:00,2026/09/09,2026/10/08,2026-10,CALL,67250,1190,,,28.04,27.32,1165,2,1115,2,,,,,
2026/09/08 18:28,2026-09-08T18:43:05+09:00,2026/09/09,2026/10/08,2026-10,PUT,67250,3420,,,28.4,26.89,3580,4,3475,3,,,,,
2026/09/08 18:28,2026-09-08T18:43:05+09:00,2026/09/09,2026/10/08,2026-10,CALL,67125,1225,,,28.33,26.76,1225,8,1115,9,,,,,
2026/09/08 18:28,2026-09-08T18:43:05+09:00,2026/09/09,2026/10/08,2026-10,PUT,67125,3335,,,29.68,24.58,3585,8,3230,8,,,,,
2026/09/08 18:28,2026-09-08T18:43:05+09:00,2026/09/09,2026/10/08,2026-10,CALL,67000,1240,,5,28.11,27.82,1250,25,1230,4,27.99,-55,-4.44,1185,09/08 17:30
2026/09/08 18:28,2026-09-08T18:43:05+09:00,2026/09/09,2026/10/08,2026-10,PUT,67000,3310,,,28.81,26.62,3440,5,3285,1,,,,,
2026/09/08 18:28,2026-09-08T18:43:05+09:00,2026/09/09,2026/10/08,2026-10,CALL,66875,1325,,,29.13,27.45,1365,20,1245,20,,,,,
2026/09/08 18:28,2026-09-08T18:43:05+09:00,2026/09/09,2026/10/08,2026-10,PUT,66875,3180,,,29.83,24.68,3430,6,3065,6,,,,,
2026/09/08 18:28,2026-09-08T18:43:05+09:00,2026/09/09,2026/10/08,2026-10,CALL,66750,1375,,,28.18,27.55,1340,1,1295,1,,,,,
2026/09/08 18:28,2026-09-08T18:43:05+09:00,2026/09/09,2026/10/08,2026-10,PUT,66750,3170,,,28.53,26.78,3255,1,3130,1,,,,,
2026/09/08 18:28,2026-09-08T18:43:05+09:00,2026/09/09,2026/10/08,2026-10,CALL,66625,1405,,,29.09,27.57,1450,8,1340,8,,,,,
2026/09/08 18:28,2026-09-08T18:43:05+09:00,2026/09/09,2026/10/08,2026-10,PUT,66625,3030,,,29.91,24.85,3275,1,2910,6,,,,,
2026/09/08 18:28,2026-09-08T18:43:05+09:00,2026/09/09,2026/10/08,2026-10,CALL,66500,1450,,,28.26,27.92,1435,1,1410,2,,,,,
2026/09/08 18:28,2026-09-08T18:43:05+09:00,2026/09/09,2026/10/08,2026-10,PUT,66500,2980,,,28.6,27.23,3100,1,3000,1,,,,,
2026/09/08 18:28,2026-09-08T18:43:05+09:00,2026/09/09,2026/10/08,2026-10,CALL,66375,1505,,,29.27,27.63,1555,20,1435,20,,,,,
2026/09/08 18:28,2026-09-08T18:43:05+09:00,2026/09/09,2026/10/08,2026-10,PUT,66375,2880,,,,19.42,,,2360,6,,,,,
2026/09/08 18:28,2026-09-08T18:43:05+09:00,2026/09/09,2026/10/08,2026-10,CALL,66250,1550,,,28.42,27.87,1540,2,1500,2,,,,,
2026/09/08 18:28,2026-09-08T18:43:05+09:00,2026/09/09,2026/10/08,2026-10,PUT,66250,2870,,,28.89,27.19,2965,1,2840,1,,,,,
2026/09/08 18:28,2026-09-08T18:43:05+09:00,2026/09/09,2026/10/08,2026-10,CALL,66125,1600,,,28.78,28.1,1615,1,1565,7,,,,,
2026/09/08 18:28,2026-09-08T18:43:05+09:00,2026/09/09,2026/10/08,2026-10,PUT,66125,2740,,,,18.99,,,2165,6,,,,,
2026/09/08 18:28,2026-09-08T18:43:05+09:00,2026/09/09,2026/10/08,2026-10,CALL,66000,1645,,2,28.51,28.24,1645,1,1625,4,28.17,-125,-7.1,1635,09/08 17:45
2026/09/08 18:28,2026-09-08T18:43:05+09:00,2026/09/09,2026/10/08,2026-10,PUT,66000,2715,,11,28.65,27.7,2795,4,2725,4,27.72,180,6.79,2830,09/08 17:00
2026/09/08 18:28,2026-09-08T18:43:05+09:00,2026/09/09,2026/10/08,2026-10,CALL,65875,1710,,,29.24,27.7,1750,7,1635,20,,,,,
2026/09/08 18:28,2026-09-08T18:43:05+09:00,2026/09/09,2026/10/08,2026-10,PUT,65875,2570,,,29.98,26.69,2820,6,2575,5,,,,,
2026/09/08 18:28,2026-09-08T18:43:05+09:00,2026/09/09,2026/10/08,2026-10,CALL,65750,1765,,,28.88,27.88,1775,2,1700,1,,,,,
2026/09/08 18:28,2026-09-08T18:43:05+09:00,2026/09/09,2026/10/08,2026-10,PUT,65750,2590,,,28.68,27.94,2650,2,2595,8,,,,,
2026/09/08 18:28,2026-09-08T18:43:05+09:00,2026/09/09,2026/10/08,2026-10,CALL,65625,1830,,,29.44,27.97,1870,7,1760,7,,,,,
2026/09/08 18:28,2026-09-08T18:43:05+09:00,2026/09/09,2026/10/08,2026-10,PUT,65625,2440,,,29.24,27.77,2620,7,2510,7,,,,,
2026/09/08 18:28,2026-09-08T18:43:05+09:00,2026/09/09,2026/10/08,2026-10,CALL,65500,1885,,1,28.85,28.45,1880,13,1850,3,28.55,,,1785,09/08 17:24
2026/09/08 18:28,2026-09-08T18:43:05+09:00,2026/09/09,2026/10/08,2026-10,PUT,65500,2500,,,28.72,28.12,2510,3,2465,3,,,,,
2026/09/08 18:28,2026-09-08T18:43:05+09:00,2026/09/09,2026/10/08,2026-10,CALL,65375,1950,,,29.45,27.99,1980,7,1870,7,,,,,
2026/09/08 18:28,2026-09-08T18:43:05+09:00,2026/09/09,2026/10/08,2026-10,PUT,65375,2315,,,29.12,28.19,2470,7,2400,7,,,,,
2026/09/08 18:28,2026-09-08T18:43:05+09:00,2026/09/09,2026/10/08,2026-10,CALL,65250,2020,,,29.03,28.3,2005,2,1950,2,,,,,
2026/09/08 18:28,2026-09-08T18:43:05+09:00,2026/09/09,2026/10/08,2026-10,PUT,65250,2320,,,29.17,28.3,2405,1,2340,1,,,,,
2026/09/08 18:28,2026-09-08T18:43:05+09:00,2026/09/09,2026/10/08,2026-10,CALL,65125,2075,,,29.6,28.14,2105,7,1995,7,,,,,
2026/09/08 18:28,2026-09-08T18:43:05+09:00,2026/09/09,2026/10/08,2026-10,PUT,65125,2200,,,29.2,27.74,2340,7,2230,7,,,,,
2026/09/08 18:28,2026-09-08T18:43:05+09:00,2026/09/09,2026/10/08,2026-10,CALL,65000,2140,,1,29.15,28.75,2130,1,2100,4,29.09,-410,-16.7,2045,09/08 17:55
2026/09/08 18:28,2026-09-08T18:43:05+09:00,2026/09/09,2026/10/08,2026-10,PUT,65000,2220,,4,29.15,28.49,2270,4,2220,22,28.78,5,0.23,2225,09/08 18:13
2026/09/08 18:28,2026-09-08T18:43:05+09:00,2026/09/09,2026/10/08,2026-10,CALL,64875,2200,,,29.69,28.23,2230,7,2120,7,,,,,
2026/09/08 18:28,2026-09-08T18:43:05+09:00,2026/09/09,2026/10/08,2026-10,PUT,64875,2155,,,29.82,28.36,2255,7,2145,7,,,,,
2026/09/08 18:28,2026-09-08T18:43:05+09:00,2026/09/09,2026/10/08,2026-10,CALL,64750,2280,,,29.48,28.68,2275,2,2215,2,,,,,
2026/09/08 18:28,2026-09-08T18:43:05+09:00,2026/09/09,2026/10/08,2026-10,PUT,64750,2100,,,29.41,28.61,2160,2,2100,2,,,,,
2026/09/08 18:28,2026-09-08T18:43:05+09:00,2026/09/09,2026/10/08,2026-10,CALL,64625,2335,,,29.65,28.72,2350,7,2280,1,,,,,
2026/09/08 18:28,2026-09-08T18:43:05+09:00,2026/09/09,2026/10/08,2026-10,PUT,64625,2045,,,29.99,28.52,2140,7,2030,7,,,,,
2026/09/08 18:28,2026-09-08T18:43:05+09:00,2026/09/09,2026/10/08,2026-10,CALL,64500,2415,,,29.75,28.81,2420,1,2350,1,,,,,
2026/09/08 18:28,2026-09-08T18:43:05+09:00,2026/09/09,2026/10/08,2026-10,PUT,64500,1990,,,29.28,28.88,2025,2,1995,1,,,,,
2026/09/08 18:28,2026-09-08T18:43:05+09:00,2026/09/09,2026/10/08,2026-10,CALL,64375,2485,,,29.89,28.69,2495,6,2405,6,,,,,
2026/09/08 18:28,2026-09-08T18:43:05+09:00,2026/09/09,2026/10/08,2026-10,PUT,64375,1935,,,30.16,28.69,2030,7,1920,7,,,,,
2026/09/08 18:28,2026-09-08T18:43:05+09:00,2026/09/09,2026/10/08,2026-10,CALL,64250,2550,,,30.09,28.95,2575,2,2490,2,,,,,
2026/09/08 18:28,2026-09-08T18:43:05+09:00,2026/09/09,2026/10/08,2026-10,PUT,64250,1880,,,29.89,29.08,1950,1,1890,1,,,,,
2026/09/08 18:28,2026-09-08T18:43:05+09:00,2026/09/09,2026/10/08,2026-10,CALL,64125,2630,,,31.29,26.57,2730,5,2380,6,,,,,
2026/09/08 18:28,2026-09-08T18:43:05+09:00,2026/09/09,2026/10/08,2026-10,PUT,64125,1830,,,30.28,28.79,1920,7,1810,7,,,,,
2026/09/08 18:28,2026-09-08T18:43:05+09:00,2026/09/09,2026/10/08,2026-10,CALL,64000,2695,,1,30.18,29.09,2715,4,2635,4,29.53,,,2630,09/08 18:04
2026/09/08 18:28,2026-09-08T18:43:05+09:00,2026/09/09,2026/10/08,2026-10,PUT,64000,1790,,7,29.5,29.3,1805,4,1790,4,28.97,110,6.51,1800,09/08 17:04
2026/09/08 18:28,2026-09-08T18:43:05+09:00,2026/09/09,2026/10/08,2026-10,CALL,63875,2785,,,30.67,26.8,2820,5,2535,6,,,,,
2026/09/08 18:28,2026-09-08T18:43:05+09:00,2026/09/09,2026/10/08,2026-10,PUT,63875,1730,,,30.47,28.98,1820,7,1710,7,,,,,
2026/09/08 18:28,2026-09-08T18:43:05+09:00,2026/09/09,2026/10/08,2026-10,CALL,63750,2845,,,30.55,29.25,2880,2,2785,2,,,,,
2026/09/08 18:28,2026-09-08T18:43:05+09:00,2026/09/09,2026/10/08,2026-10,PUT,63750,1680,,,30.21,29.32,1745,1,1680,1,,,,,
2026/09/08 18:28,2026-09-08T18:43:05+09:00,2026/09/09,2026/10/08,2026-10,CALL,63625,2955,,,32.32,27.17,3080,5,2705,6,,,,,
2026/09/08 18:28,2026-09-08T18:43:05+09:00,2026/09/09,2026/10/08,2026-10,PUT,63625,1635,,,30.68,29.17,1725,8,1615,8,,,,,
2026/09/08 18:28,2026-09-08T18:43:05+09:00,2026/09/09,2026/10/08,2026-10,CALL,63500,3040,,,30.45,29.48,3015,3,2945,3,,,,,
2026/09/08 18:28,2026-09-08T18:43:05+09:00,2026/09/09,2026/10/08,2026-10,PUT,63500,1595,,,30.04,29.27,1625,2,1570,1,,,,,
2026/09/08 18:28,2026-09-08T18:43:05+09:00,2026/09/09,2026/10/08,2026-10,CALL,63375,3085,,,32.08,26.92,3205,5,2835,6,,,,,
2026/09/08 18:28,2026-09-08T18:43:05+09:00,2026/09/09,2026/10/08,2026-10,PUT,63375,1525,,,30.97,29.3,1640,20,1520,20,,,,,
2026/09/08 18:28,2026-09-08T18:43:05+09:00,2026/09/09,2026/10/08,2026-10,CALL,63250,3195,,,30.85,29.59,3190,2,3100,2,,,,,
2026/09/08 18:28,2026-09-08T18:43:05+09:00,2026/09/09,2026/10/08,2026-10,PUT,63250,1505,,,30.36,29.87,1545,2,1510,2,,,,,
2026/09/08 18:28,2026-09-08T18:43:05+09:00,2026/09/09,2026/10/08,2026-10,CALL,63125,3270,,,32.54,27.38,3385,5,3020,6,,,,,
2026/09/08 18:28,2026-09-08T18:43:05+09:00,2026/09/09,2026/10/08,2026-10,PUT,63125,1440,,,31.07,29.51,1545,8,1435,8,,,,,
2026/09/08 18:28,2026-09-08T18:43:05+09:00,2026/09/09,2026/10/08,2026-10,CALL,63000,3355,,,30.77,29.85,3335,1,3270,23,,,,,
2026/09/08 18:28,2026-09-08T18:43:05+09:00,2026/09/09,2026/10/08,2026-10,PUT,63000,1450,,10,30.42,30.06,1450,40,1425,26,30.14,45,3.1,1495,09/08 17:00
2026/09/08 18:28,2026-09-08T18:43:05+09:00,2026/09/09,2026/10/08,2026-10,CALL,62875,3425,,,32.6,27.36,3540,8,3175,8,,,,,
2026/09/08 18:28,2026-09-08T18:43:05+09:00,2026/09/09,2026/10/08,2026-10,PUT,62875,1365,,,31.32,29.6,1465,20,1345,20,,,,,
2026/09/08 18:28,2026-09-08T18:43:05+09:00,2026/09/09,2026/10/08,2026-10,CALL,62750,3540,,,31.5,29.91,3540,3,3430,4,,,,,
2026/09/08 18:28,2026-09-08T18:43:05+09:00,2026/09/09,2026/10/08,2026-10,PUT,62750,1325,,,30.78,30.27,1380,2,1345,2,,,,,
2026/09/08 18:28,2026-09-08T18:43:05+09:00,2026/09/09,2026/10/08,2026-10,CALL,62625,3605,,,32.83,27.63,3710,8,3355,8,,,,,
2026/09/08 18:28,2026-09-08T18:43:05+09:00,2026/09/09,2026/10/08,2026-10,PUT,62625,1285,,,31.67,30.21,1395,1,1295,8,,,,,
2026/09/08 18:28,2026-09-08T18:43:05+09:00,2026/09/09,2026/10/08,2026-10,CALL,62500,3685,,,31.24,30.06,3680,4,3600,5,,,,,
2026/09/08 18:28,2026-09-08T18:43:05+09:00,2026/09/09,2026/10/08,2026-10,PUT,62500,1290,,,30.8,30.5,1290,5,1270,4,,,,,
2026/09/08 18:28,2026-09-08T18:43:05+09:00,2026/09/09,2026/10/08,2026-10,CALL,62375,3815,,,33.44,28.3,3910,8,3565,8,,,,,
2026/09/08 18:28,2026-09-08T18:43:05+09:00,2026/09/09,2026/10/08,2026-10,PUT,62375,1210,,,33.15,29.66,1405,8,1170,8,,,,,
2026/09/08 18:28,2026-09-08T18:43:05+09:00,2026/09/09,2026/10/08,2026-10,CALL,62250,3860,,,32.02,30.07,3895,2,3765,2,,,,,
2026/09/08 18:28,2026-09-08T18:43:05+09:00,2026/09/09,2026/10/08,2026-10,PUT,62250,1175,,,31.13,30.6,1225,2,1190,2,,,,,
2026/09/08 18:28,2026-09-08T18:43:05+09:00,2026/09/09,2026/10/08,2026-10,CALL,62125,3975,,,33.64,28.24,4085,8,3730,3,,,,,
2026/09/08 18:28,2026-09-08T18:43:05+09:00,2026/09/09,2026/10/08,2026-10,PUT,62125,1145,,,33.42,29.86,1335,8,1100,8,,,,,
2026/09/08 18:28,2026-09-08T18:43:05+09:00,2026/09/09,2026/10/08,2026-10,CALL,62000,4060,,,31.72,30.41,4040,18,3955,22,,,,,
2026/09/08 18:28,2026-09-08T18:43:05+09:00,2026/09/09,2026/10/08,2026-10,PUT,62000,1150,,1,31.26,30.95,1150,6,1130,6,30.98,25,2.17,1175,09/08 17:11
2026/09/08 18:28,2026-09-08T18:43:05+09:00,2026/09/09,2026/10/08,2026-10,CALL,61875,4195,,,34.1,28.9,4280,8,3945,8,,,,,
2026/09/08 18:28,2026-09-08T18:43:05+09:00,2026/09/09,2026/10/08,2026-10,PUT,61875,1060,,,33.57,29.85,1260,9,1020,8,,,,,
2026/09/08 18:28,2026-09-08T18:43:05+09:00,2026/09/09,2026/10/08,2026-10,CALL,61750,4265,,,34.43,29.1,4385,8,4045,8,,,,,
2026/09/08 18:28,2026-09-08T18:43:05+09:00,2026/09/09,2026/10/08,2026-10,PUT,61750,1065,,,31.64,31.17,1095,26,1065,14,,,,,
2026/09/08 18:28,2026-09-08T18:43:05+09:00,2026/09/09,2026/10/08,2026-10,CALL,61625,4355,,,34.14,28.63,4450,8,4105,8,,,,,
2026/09/08 18:28,2026-09-08T18:43:05+09:00,2026/09/09,2026/10/08,2026-10,PUT,61625,970,,,32.65,30.18,1120,9,965,8,,,,,
2026/09/08 18:28,2026-09-08T18:43:05+09:00,2026/09/09,2026/10/08,2026-10,CALL,61500,4460,,,36.7,29.05,4700,3,4220,3,,,,,
2026/09/08 18:28,2026-09-08T18:43:05+09:00,2026/09/09,2026/10/08,2026-10,PUT,61500,990,,,31.74,31.42,1025,3,1005,3,,,,,
2026/09/08 18:28,2026-09-08T18:43:05+09:00,2026/09/09,2026/10/08,2026-10,CALL,61375,4550,,,34.51,28.87,4645,8,4300,8,,,,,
2026/09/08 18:28,2026-09-08T18:43:05+09:00,2026/09/09,2026/10/08,2026-10,PUT,61375,915,,,32.99,29.54,1065,10,855,9,,,,,
2026/09/08 18:28,2026-09-08T18:43:05+09:00,2026/09/09,2026/10/08,2026-10,CALL,61250,4655,,,37.26,29.1,4905,8,4405,8,,,,,
2026/09/08 18:28,2026-09-08T18:43:05+09:00,2026/09/09,2026/10/08,2026-10,PUT,61250,920,,,32.12,31.46,975,2,935,2,,,,,
2026/09/08 18:28,2026-09-08T18:43:05+09:00,2026/09/09,2026/10/08,2026-10,CALL,61125,4755,,,34.92,29.23,4845,8,4505,8,,,,,
2026/09/08 18:28,2026-09-08T18:43:05+09:00,2026/09/09,2026/10/08,2026-10,PUT,61125,870,,,33.45,29.66,1020,10,795,10,,,,,
2026/09/08 18:28,2026-09-08T18:43:05+09:00,2026/09/09,2026/10/08,2026-10,CALL,61000,4850,,,37.14,29.52,5070,22,4615,22,,,,,
2026/09/08 18:28,2026-09-08T18:43:05+09:00,2026/09/09,2026/10/08,2026-10,PUT,61000,880,,1,32.2,31.94,910,6,895,5,31.77,325,54.62,920,09/08 17:26
2026/09/08 18:28,2026-09-08T18:43:05+09:00,2026/09/09,2026/10/08,2026-10,CALL,60875,4960,,,38,29.54,5210,8,4710,8,,,,,
2026/09/08 18:28,2026-09-08T18:43:05+09:00,2026/09/09,2026/10/08,2026-10,PUT,60875,825,,,33.88,30.96,975,10,805,9,,,,,
2026/09/08 18:28,2026-09-08T18:43:05+09:00,2026/09/09,2026/10/08,2026-10,CALL,60750,5055,,,38.12,29.54,5305,8,4805,8,,,,,
2026/09/08 18:28,2026-09-08T18:43:05+09:00,2026/09/09,2026/10/08,2026-10,PUT,60750,815,,,32.57,32.13,865,2,840,2,,,,,
2026/09/08 18:28,2026-09-08T18:43:05+09:00,2026/09/09,2026/10/08,2026-10,CALL,60625,5145,,,38.15,29.43,5395,8,4895,8,,,,,
2026/09/08 18:28,2026-09-08T18:43:05+09:00,2026/09/09,2026/10/08,2026-10,PUT,60625,780,,,33.83,30.54,905,10,720,10,,,,,
2026/09/08 18:28,2026-09-08T18:43:05+09:00,2026/09/09,2026/10/08,2026-10,CALL,60500,5260,,,38.41,29.96,5500,3,5020,3,,,,,
2026/09/08 18:28,2026-09-08T18:43:05+09:00,2026/09/09,2026/10/08,2026-10,PUT,60500,780,,3,32.72,32.45,810,4,795,5,32.53,315,60.58,835,09/08 17:31
2026/09/08 18:28,2026-09-08T18:43:05+09:00,2026/09/09,2026/10/08,2026-10,CALL,60375,5360,,,38.76,29.82,5610,8,5110,8,,,,,
2026/09/08 18:28,2026-09-08T18:43:05+09:00,2026/09/09,2026/10/08,2026-10,PUT,60375,725,,,33.99,30.68,850,11,670,1,,,,,
2026/09/08 18:28,2026-09-08T18:43:05+09:00,2026/09/09,2026/10/08,2026-10,CALL,60250,5460,,,38.92,29.85,5710,8,5210,8,,,,,
2026/09/08 18:28,2026-09-08T18:43:05+09:00,2026/09/09,2026/10/08,2026-10,PUT,60250,725,,,33.09,32.72,770,2,750,2,,,,,
2026/09/08 18:28,2026-09-08T18:43:05+09:00,2026/09/09,2026/10/08,2026-10,CALL,60125,5580,,,39.42,30.27,5830,8,5330,8,,,,,
2026/09/08 18:28,2026-09-08T18:43:05+09:00,2026/09/09,2026/10/08,2026-10,PUT,60125,695,,,34.56,31.16,820,12,640,2,,,,,
2026/09/08 18:28,2026-09-08T18:43:05+09:00,2026/09/09,2026/10/08,2026-10,CALL,60000,5675,,,39.32,30.99,5915,3,5465,18,,,,,
2026/09/08 18:28,2026-09-08T18:43:05+09:00,2026/09/09,2026/10/08,2026-10,PUT,60000,685,,4,33.24,33.05,720,8,710,8,33.24,55,8.03,740,09/08 18:02
2026/09/08 18:28,2026-09-08T18:43:05+09:00,2026/09/09,2026/10/08,2026-10,CALL,59875,5795,,,39.98,30.59,6045,6,5545,6,,,,,
2026/09/08 18:28,2026-09-08T18:43:05+09:00,2026/09/09,2026/10/08,2026-10,PUT,59875,660,,,35.01,31.41,785,12,600,2,,,,,
2026/09/08 18:28,2026-09-08T18:43:05+09:00,2026/09/09,2026/10/08,2026-10,CALL,59750,5880,,,39.85,30.25,6130,7,5630,7,,,,,
2026/09/08 18:28,2026-09-08T18:43:05+09:00,2026/09/09,2026/10/08,2026-10,PUT,59750,645,,,33.62,33.33,685,2,670,2,,,,,
2026/09/08 18:28,2026-09-08T18:43:05+09:00,2026/09/09,2026/10/08,2026-10,CALL,59625,5995,,,40.25,30.54,6245,6,5745,6,,,,,
2026/09/08 18:28,2026-09-08T18:43:05+09:00,2026/09/09,2026/10/08,2026-10,PUT,59625,610,,,35.13,31.39,735,12,550,2,,,,,
2026/09/08 18:28,2026-09-08T18:43:05+09:00,2026/09/09,2026/10/08,2026-10,CALL,59500,6100,,,40.46,30.59,6350,12,5850,12,,,,,
2026/09/08 18:28,2026-09-08T18:43:05+09:00,2026/09/09,2026/10/08,2026-10,PUT,59500,600,,,33.87,33.57,645,7,630,7,,,,,
2026/09/08 18:28,2026-09-08T18:43:05+09:00,2026/09/09,2026/10/08,2026-10,CALL,59375,6165,,,39.92,29.72,6415,6,5915,6,,,,,
2026/09/08 18:28,2026-09-08T18:43:05+09:00,2026/09/09,2026/10/08,2026-10,PUT,59375,530,,2,36.4,31.97,745,10,530,12,34.13,,,655,09/08 17:01
2026/09/08 18:28,2026-09-08T18:43:05+09:00,2026/09/09,2026/10/08,2026-10,CALL,59250,6285,,,40.39,30.08,6535,7,6035,7,,,,,
2026/09/08 18:28,2026-09-08T18:43:05+09:00,2026/09/09,2026/10/08,2026-10,PUT,59250,565,,2,34.18,33.87,610,2,595,4,33.9,45,7.96,610,09/08 17:04
2026/09/08 18:28,2026-09-08T18:43:05+09:00,2026/09/09,2026/10/08,2026-10,CALL,59125,6395,,,40.66,30.19,6645,6,6145,6,,,,,
2026/09/08 18:28,2026-09-08T18:43:05+09:00,2026/09/09,2026/10/08,2026-10,PUT,59125,510,,,35.22,31.38,635,12,460,10,,,,,
2026/09/08 18:28,2026-09-08T18:43:05+09:00,2026/09/09,2026/10/08,2026-10,CALL,59000,6510,,,41.03,30.42,6760,18,6260,18,,,,,
2026/09/08 18:28,2026-09-08T18:43:05+09:00,2026/09/09,2026/10/08,2026-10,PUT,59000,535,,7,34.45,34.23,575,8,565,3,34.44,45,8.41,580,09/08 17:35
2026/09/08 18:28,2026-09-08T18:43:05+09:00,2026/09/09,2026/10/08,2026-10,CALL,58875,6635,,,41.58,30.89,6885,6,6385,6,,,,,
2026/09/08 18:28,2026-09-08T18:43:05+09:00,2026/09/09,2026/10/08,2026-10,PUT,58875,500,,,36.04,31.75,625,12,435,12,,,,,
2026/09/08 18:28,2026-09-08T18:43:05+09:00,2026/09/09,2026/10/08,2026-10,CALL,58750,6755,,,42.03,31.24,7005,7,6505,7,,,,,
2026/09/08 18:28,2026-09-08T18:43:05+09:00,2026/09/09,2026/10/08,2026-10,PUT,58750,515,,,34.79,34.45,545,2,530,2,,,,,
2026/09/08 18:28,2026-09-08T18:43:05+09:00,2026/09/09,2026/10/08,2026-10,CALL,58625,6830,,,41.6,30.4,7080,6,6580,6,,,,,
2026/09/08 18:28,2026-09-08T18:43:05+09:00,2026/09/09,2026/10/08,2026-10,PUT,58625,445,,,35.29,31.96,545,12,405,12,,,,,
2026/09/08 18:28,2026-09-08T18:43:05+09:00,2026/09/09,2026/10/08,2026-10,CALL,58500,6955,,,42.15,30.86,7205,12,6705,12,,,,,
2026/09/08 18:28,2026-09-08T18:43:05+09:00,2026/09/09,2026/10/08,2026-10,PUT,58500,495,,,35.1,34.86,515,3,505,3,,,,,
2026/09/08 18:28,2026-09-08T18:43:05+09:00,2026/09/09,2026/10/08,2026-10,CALL,58375,7070,,,42.49,31.04,7320,6,6820,6,,,,,
2026/09/08 18:28,2026-09-08T18:43:05+09:00,2026/09/09,2026/10/08,2026-10,PUT,58375,440,,,36.17,32.64,540,13,395,13,,,,,
2026/09/08 18:28,2026-09-08T18:43:05+09:00,2026/09/09,2026/10/08,2026-10,CALL,58250,7190,,,42.93,31.35,7440,7,6940,7,,,,,
2026/09/08 18:28,2026-09-08T18:43:05+09:00,2026/09/09,2026/10/08,2026-10,PUT,58250,460,,,35.48,35.12,490,2,475,2,,,,,
2026/09/08 18:28,2026-09-08T18:43:05+09:00,2026/09/09,2026/10/08,2026-10,CALL,58000,7425,,,43.7,31.82,7675,18,7175,18,,,,,
2026/09/08 18:28,2026-09-08T18:43:05+09:00,2026/09/09,2026/10/08,2026-10,PUT,58000,430,,1,35.71,35.46,460,11,450,3,35.72,25,5.81,455,09/08 18:16
2026/09/08 18:28,2026-09-08T18:43:05+09:00,2026/09/09,2026/10/08,2026-10,CALL,57750,7655,,,44.35,32.12,7905,7,7405,7,,,,,
2026/09/08 18:28,2026-09-08T18:43:05+09:00,2026/09/09,2026/10/08,2026-10,PUT,57750,415,,,36.03,35.77,435,5,425,5,,,,,
2026/09/08 18:28,2026-09-08T18:43:05+09:00,2026/09/09,2026/10/08,2026-10,CALL,57500,7885,,,44.98,32.37,8135,12,7635,12,,,,,
2026/09/08 18:28,2026-09-08T18:43:05+09:00,2026/09/09,2026/10/08,2026-10,PUT,57500,385,,1,36.44,36.17,415,3,405,3,36.18,25,6.49,410,09/08 17:07
2026/09/08 18:28,2026-09-08T18:43:05+09:00,2026/09/09,2026/10/08,2026-10,CALL,57250,8110,,,45.49,32.41,8360,7,7860,7,,,,,
2026/09/08 18:28,2026-09-08T18:43:05+09:00,2026/09/09,2026/10/08,2026-10,PUT,57250,370,,,36.83,36.55,395,2,385,2,,,,,
2026/09/08 18:28,2026-09-08T18:43:05+09:00,2026/09/09,2026/10/08,2026-10,CALL,57000,8345,,,46.21,32.75,8595,18,8095,18,,,,,
2026/09/08 18:28,2026-09-08T18:43:05+09:00,2026/09/09,2026/10/08,2026-10,PUT,57000,345,,2,37.19,36.9,375,3,365,3,36.96,30,8.7,375,09/08 17:48
2026/09/08 18:28,2026-09-08T18:43:05+09:00,2026/09/09,2026/10/08,2026-10,CALL,56750,8580,,,46.91,33.05,8830,7,8330,7,,,,,
2026/09/08 18:28,2026-09-08T18:43:05+09:00,2026/09/09,2026/10/08,2026-10,PUT,56750,335,,1,37.51,37.21,355,2,345,5,37.12,160,82.05,355,09/08 17:08
2026/09/08 18:28,2026-09-08T18:43:05+09:00,2026/09/09,2026/10/08,2026-10,CALL,56500,8810,,,47.48,33.11,9060,12,8560,12,,,,,
2026/09/08 18:28,2026-09-08T18:43:05+09:00,2026/09/09,2026/10/08,2026-10,PUT,56500,310,,,37.81,37.49,335,2,325,9,,,,,
2026/09/08 18:28,2026-09-08T18:43:05+09:00,2026/09/09,2026/10/08,2026-10,CALL,56250,9050,,,48.28,33.53,9300,7,8800,6,,,,,
2026/09/08 18:28,2026-09-08T18:43:05+09:00,2026/09/09,2026/10/08,2026-10,PUT,56250,300,,,38.23,37.9,320,2,310,5,,,,,
2026/09/08 18:28,2026-09-08T18:43:05+09:00,2026/09/09,2026/10/08,2026-10,CALL,56000,9280,,,48.83,33.49,9530,18,9030,18,,,,,
2026/09/08 18:28,2026-09-08T18:43:05+09:00,2026/09/09,2026/10/08,2026-10,PUT,56000,281,,1,38.63,38.39,305,3,298,3,38.57,29,10.32,310,09/08 17:50
2026/09/08 18:28,2026-09-08T18:43:05+09:00,2026/09/09,2026/10/08,2026-10,CALL,55750,9515,,,49.48,33.6,9765,7,9265,7,,,,,
2026/09/08 18:28,2026-09-08T18:43:05+09:00,2026/09/09,2026/10/08,2026-10,PUT,55750,270,,,39.07,38.72,292,21,282,5,,,,,
2026/09/08 18:28,2026-09-08T18:43:05+09:00,2026/09/09,2026/10/08,2026-10,CALL,55500,9750,,,50.12,33.65,10000,12,9500,12,,,,,
2026/09/08 18:28,2026-09-08T18:43:05+09:00,2026/09/09,2026/10/08,2026-10,PUT,55500,255,,2,39.34,39.05,275,3,267,8,39.27,18,7.06,273,09/08 18:20
2026/09/08 18:28,2026-09-08T18:43:05+09:00,2026/09/09,2026/10/08,2026-10,CALL,55250,9990,,,50.88,33.91,10240,7,9740,7,,,,,
2026/09/08 18:28,2026-09-08T18:43:05+09:00,2026/09/09,2026/10/08,2026-10,PUT,55250,249,,,39.95,39.43,268,4,254,2,,,,,
2026/09/08 18:28,2026-09-08T18:43:05+09:00,2026/09/09,2026/10/08,2026-10,CALL,55000,10230,,,51.63,34.13,10480,18,9980,15,,,,,
2026/09/08 18:28,2026-09-08T18:43:05+09:00,2026/09/09,2026/10/08,2026-10,PUT,55000,239,,13,40.09,39.82,249,11,242,11,40.03,18,7.53,257,09/08 17:54
2026/09/08 18:28,2026-09-08T18:43:05+09:00,2026/09/09,2026/10/08,2026-10,CALL,54750,10470,,,52.38,34.3,10720,7,10220,7,,,,,
2026/09/08 18:28,2026-09-08T18:43:05+09:00,2026/09/09,2026/10/08,2026-10,PUT,54750,226,,,40.64,40.27,241,5,232,5,,,,,
2026/09/08 18:28,2026-09-08T18:43:05+09:00,2026/09/09,2026/10/08,2026-10,CALL,54500,10710,,,,,,,,,,,,,
2026/09/08 18:28,2026-09-08T18:43:05+09:00,2026/09/09,2026/10/08,2026-10,PUT,54500,211,,,40.91,40.74,227,3,223,1,,,,,
2026/09/08 18:28,2026-09-08T18:43:05+09:00,2026/09/09,2026/10/08,2026-10,CALL,54250,10945,,,,,,,,,,,,,
2026/09/08 18:28,2026-09-08T18:43:05+09:00,2026/09/09,2026/10/08,2026-10,PUT,54250,206,,,41.46,41.02,220,7,210,7,,,,,
2026/09/08 18:28,2026-09-08T18:43:05+09:00,2026/09/09,2026/10/08,2026-10,CALL,54000,11190,,,,,,,,,,,,,
2026/09/08 18:28,2026-09-08T18:43:05+09:00,2026/09/09,2026/10/08,2026-10,PUT,54000,192,,4,41.73,41.45,207,3,201,2,41.59,20,10.42,212,09/08 17:56
2026/09/08 18:28,2026-09-08T18:43:05+09:00,2026/09/09,2026/10/08,2026-10,CALL,53750,11430,,,,,,,,,,,,,
2026/09/08 18:28,2026-09-08T18:43:05+09:00,2026/09/09,2026/10/08,2026-10,PUT,53750,185,,,42.33,41.81,202,6,191,2,,,,,
2026/09/08 18:28,2026-09-08T18:43:05+09:00,2026/09/09,2026/10/08,2026-10,CALL,53500,11670,,,,,,,,,,,,,
2026/09/08 18:28,2026-09-08T18:43:05+09:00,2026/09/09,2026/10/08,2026-10,PUT,53500,181,,2,42.55,42.35,189,3,185,3,42.66,83,75.45,193,09/08 17:40
2026/09/08 18:28,2026-09-08T18:43:05+09:00,2026/09/09,2026/10/08,2026-10,CALL,53250,11915,,,,,,,,,,,,,
2026/09/08 18:28,2026-09-08T18:43:05+09:00,2026/09/09,2026/10/08,2026-10,PUT,53250,172,,,43.13,42.72,184,12,176,2,,,,,
2026/09/08 18:28,2026-09-08T18:43:05+09:00,2026/09/09,2026/10/08,2026-10,CALL,53000,12155,,,,,,,,,,,,,
2026/09/08 18:28,2026-09-08T18:43:05+09:00,2026/09/09,2026/10/08,2026-10,PUT,53000,163,,1,43.39,43.18,173,3,169,3,43.42,12,7.36,175,09/08 17:43
2026/09/08 18:28,2026-09-08T18:43:05+09:00,2026/09/09,2026/10/08,2026-10,CALL,52750,12400,,,,,,,,,,,,,
2026/09/08 18:28,2026-09-08T18:43:05+09:00,2026/09/09,2026/10/08,2026-10,PUT,52750,154,,,44.05,43.39,170,6,158,5,,,,,
2026/09/08 18:28,2026-09-08T18:43:05+09:00,2026/09/09,2026/10/08,2026-10,CALL,52500,12640,,,,,,,,,,,,,
2026/09/08 18:28,2026-09-08T18:43:05+09:00,2026/09/09,2026/10/08,2026-10,PUT,52500,151,,,44.21,44.04,158,3,155,1,,,,,
2026/09/08 18:28,2026-09-08T18:43:05+09:00,2026/09/09,2026/10/08,2026-10,CALL,52250,12885,,,,,,,,,,,,,
2026/09/08 18:28,2026-09-08T18:43:05+09:00,2026/09/09,2026/10/08,2026-10,PUT,52250,144,,,44.73,44.32,153,9,146,9,,,,,
2026/09/08 18:28,2026-09-08T18:43:05+09:00,2026/09/09,2026/10/08,2026-10,CALL,52000,13130,,,,,,,,,,,,,
2026/09/08 18:28,2026-09-08T18:43:05+09:00,2026/09/09,2026/10/08,2026-10,PUT,52000,137,,3,45.19,44.82,147,20,141,10,44.94,10,7.3,147,09/08 18:01
2026/09/08 18:28,2026-09-08T18:43:05+09:00,2026/09/09,2026/10/08,2026-10,CALL,51750,13375,,,,,,,,,,,,,
2026/09/08 18:28,2026-09-08T18:43:05+09:00,2026/09/09,2026/10/08,2026-10,PUT,51750,132,,,45.94,45.18,146,6,134,2,,,,,
2026/09/08 18:28,2026-09-08T18:43:05+09:00,2026/09/09,2026/10/08,2026-10,CALL,51500,13615,,,,,,,,,,,,,
2026/09/08 18:28,2026-09-08T18:43:05+09:00,2026/09/09,2026/10/08,2026-10,PUT,51500,123,,,46.11,45.65,136,18,129,2,,,,,
2026/09/08 18:28,2026-09-08T18:43:05+09:00,2026/09/09,2026/10/08,2026-10,CALL,51250,13865,,,,,,,,,,,,,
2026/09/08 18:28,2026-09-08T18:43:05+09:00,2026/09/09,2026/10/08,2026-10,PUT,51250,118,,,46.85,46.04,135,6,123,2,,,,,
2026/09/08 18:28,2026-09-08T18:43:05+09:00,2026/09/09,2026/10/08,2026-10,CALL,51000,14110,,,,,,,,,,,,,
2026/09/08 18:28,2026-09-08T18:43:05+09:00,2026/09/09,2026/10/08,2026-10,PUT,51000,113,,3,46.91,46.48,124,23,118,20,46.66,13,11.5,126,09/08 17:58
2026/09/08 18:28,2026-09-08T18:43:05+09:00,2026/09/09,2026/10/08,2026-10,CALL,50750,14355,,,,,,,,,,,,,
2026/09/08 18:28,2026-09-08T18:43:05+09:00,2026/09/09,2026/10/08,2026-10,PUT,50750,110,,,47.35,46.9,119,10,113,10,,,,,
2026/09/08 18:28,2026-09-08T18:43:05+09:00,2026/09/09,2026/10/08,2026-10,CALL,50500,14595,,,,,,,,,,,,,
2026/09/08 18:28,2026-09-08T18:43:05+09:00,2026/09/09,2026/10/08,2026-10,PUT,50500,100,,1,47.85,47.23,115,2,107,16,47.62,9,8.65,113,09/08 17:37
2026/09/08 18:28,2026-09-08T18:43:05+09:00,2026/09/09,2026/10/08,2026-10,CALL,50250,14845,,,,,,,,,,,,,
2026/09/08 18:28,2026-09-08T18:43:05+09:00,2026/09/09,2026/10/08,2026-10,PUT,50250,95,,,48.33,47.7,111,12,103,10,,,,,
2026/09/08 18:28,2026-09-08T18:43:05+09:00,2026/09/09,2026/10/08,2026-10,CALL,50000,15090,,,,,,,,,,,,,
2026/09/08 18:28,2026-09-08T18:43:05+09:00,2026/09/09,2026/10/08,2026-10,PUT,50000,96,,23,48.57,48.15,104,3,99,23,48.42,8,8.33,104,09/08 18:04
2026/09/08 18:28,2026-09-08T18:43:05+09:00,2026/09/09,2026/10/08,2026-10,CALL,49750,15340,,,,,,,,,,,,,
2026/09/08 18:28,2026-09-08T18:43:05+09:00,2026/09/09,2026/10/08,2026-10,PUT,49750,88,,,49.19,48.59,102,13,95,1,,,,,
2026/09/08 18:28,2026-09-08T18:43:05+09:00,2026/09/09,2026/10/08,2026-10,CALL,49500,15585,,,,,,,,,,,,,
2026/09/08 18:28,2026-09-08T18:43:05+09:00,2026/09/09,2026/10/08,2026-10,PUT,49500,84,,1,49.64,48.92,98,2,90,14,49.38,,,95,09/08 18:21
2026/09/08 18:28,2026-09-08T18:43:05+09:00,2026/09/09,2026/10/08,2026-10,CALL,49250,15830,,,,,,,,,,,,,
2026/09/08 18:28,2026-09-08T18:43:05+09:00,2026/09/09,2026/10/08,2026-10,PUT,49250,84,,,50.07,49.43,94,10,87,8,,,,,
2026/09/08 18:28,2026-09-08T18:43:05+09:00,2026/09/09,2026/10/08,2026-10,CALL,49000,16075,,,,,,,,,,,,,
2026/09/08 18:28,2026-09-08T18:43:05+09:00,2026/09/09,2026/10/08,2026-10,PUT,49000,81,,3,50.11,50.01,86,1,85,21,50.33,8,9.88,89,09/08 17:37
2026/09/08 18:28,2026-09-08T18:43:05+09:00,2026/09/09,2026/10/08,2026-10,CALL,48750,16320,,,,,,,,,,,,,
2026/09/08 18:28,2026-09-08T18:43:05+09:00,2026/09/09,2026/10/08,2026-10,PUT,48750,73,,,51.28,50.09,90,2,78,2,,,,,
2026/09/08 18:28,2026-09-08T18:43:05+09:00,2026/09/09,2026/10/08,2026-10,CALL,48500,16570,,,,,,,,,,,,,
2026/09/08 18:28,2026-09-08T18:43:05+09:00,2026/09/09,2026/10/08,2026-10,PUT,48500,71,,,51.48,50.54,84,2,75,20,,,,,
2026/09/08 18:28,2026-09-08T18:43:05+09:00,2026/09/09,2026/10/08,2026-10,CALL,48250,16815,,,,,,,,,,,,,
2026/09/08 18:28,2026-09-08T18:43:05+09:00,2026/09/09,2026/10/08,2026-10,PUT,48250,68,,,51.96,51.32,81,2,75,8,,,,,
2026/09/08 18:28,2026-09-08T18:43:05+09:00,2026/09/09,2026/10/08,2026-10,CALL,48000,17065,,,,,,,,,,,,,
2026/09/08 18:28,2026-09-08T18:43:05+09:00,2026/09/09,2026/10/08,2026-10,PUT,48000,67,,2,52.43,51.76,78,2,72,24,51.86,6,8.57,76,09/08 17:55
2026/09/08 18:28,2026-09-08T18:43:05+09:00,2026/09/09,2026/10/08,2026-10,CALL,47750,17310,,,,,,,,,,,,,
2026/09/08 18:28,2026-09-08T18:43:05+09:00,2026/09/09,2026/10/08,2026-10,PUT,47750,65,,,52.88,52.19,75,14,69,10,,,,,
2026/09/08 18:28,2026-09-08T18:43:05+09:00,2026/09/09,2026/10/08,2026-10,CALL,47500,17560,,,,,,,,,,,,,
2026/09/08 18:28,2026-09-08T18:43:05+09:00,2026/09/09,2026/10/08,2026-10,PUT,47500,61,,,53.32,52.48,72,2,65,16,,,,,
2026/09/08 18:28,2026-09-08T18:43:05+09:00,2026/09/09,2026/10/08,2026-10,CALL,47250,17805,,,,,,,,,,,,,
2026/09/08 18:28,2026-09-08T18:43:05+09:00,2026/09/09,2026/10/08,2026-10,PUT,47250,59,,,53.75,53.13,69,2,64,10,,,,,
2026/09/08 18:28,2026-09-08T18:43:05+09:00,2026/09/09,2026/10/08,2026-10,CALL,47000,18055,,,,,,,,,,,,,
2026/09/08 18:28,2026-09-08T18:43:05+09:00,2026/09/09,2026/10/08,2026-10,PUT,47000,56,,1,54.16,53.38,66,5,60,24,53.66,6,10.34,64,09/08 17:29
2026/09/08 18:28,2026-09-08T18:43:05+09:00,2026/09/09,2026/10/08,2026-10,CALL,46750,18300,,,,,,,,,,,,,
2026/09/08 18:28,2026-09-08T18:43:05+09:00,2026/09/09,2026/10/08,2026-10,PUT,46750,55,,,54.68,54.02,64,2,59,10,,,,,
2026/09/08 18:28,2026-09-08T18:43:05+09:00,2026/09/09,2026/10/08,2026-10,CALL,46500,18550,,,,,,,,,,,,,
2026/09/08 18:28,2026-09-08T18:43:05+09:00,2026/09/09,2026/10/08,2026-10,PUT,46500,53,,,55.2,54.37,62,2,56,16,,,,,
2026/09/08 18:28,2026-09-08T18:43:05+09:00,2026/09/09,2026/10/08,2026-10,CALL,46250,18795,,,,,,,,,,,,,
2026/09/08 18:28,2026-09-08T18:43:05+09:00,2026/09/09,2026/10/08,2026-10,PUT,46250,49,,,55.57,54.7,59,2,53,10,,,,,
2026/09/08 18:28,2026-09-08T18:43:05+09:00,2026/09/09,2026/10/08,2026-10,CALL,46000,19040,,,,,,,,,,,,,
2026/09/08 18:28,2026-09-08T18:43:05+09:00,2026/09/09,2026/10/08,2026-10,PUT,46000,47,,1,56.07,55.32,57,2,52,24,55.32,2,3.92,53,09/08 17:50
2026/09/08 18:28,2026-09-08T18:43:05+09:00,2026/09/09,2026/10/08,2026-10,CALL,45750,19290,,,,,,,,,,,,,
2026/09/08 18:28,2026-09-08T18:43:05+09:00,2026/09/09,2026/10/08,2026-10,PUT,45750,45,,,56.55,55.78,55,2,50,10,,,,,
2026/09/08 18:28,2026-09-08T18:43:05+09:00,2026/09/09,2026/10/08,2026-10,CALL,45500,19540,,,,,,,,,,,,,
2026/09/08 18:28,2026-09-08T18:43:05+09:00,2026/09/09,2026/10/08,2026-10,PUT,45500,48,,,57.48,56.06,56,2,47,1,,,,,
2026/09/08 18:28,2026-09-08T18:43:05+09:00,2026/09/09,2026/10/08,2026-10,CALL,45250,19775,,,,,,,,,,,,,
2026/09/08 18:28,2026-09-08T18:43:05+09:00,2026/09/09,2026/10/08,2026-10,PUT,45250,39,,,57.97,55.77,54,2,41,2,,,,,
2026/09/08 18:28,2026-09-08T18:43:05+09:00,2026/09/09,2026/10/08,2026-10,CALL,45000,20025,,,,,,,,,,,,,
2026/09/08 18:28,2026-09-08T18:43:05+09:00,2026/09/09,2026/10/08,2026-10,PUT,45000,42,,11,58.11,56.9,50,6,43,24,57.48,4,9.52,46,09/08 17:46
2026/09/08 18:28,2026-09-08T18:43:05+09:00,2026/09/09,2026/10/08,2026-10,CALL,44750,20275,,,,,,,,,,,,,
2026/09/08 18:28,2026-09-08T18:43:05+09:00,2026/09/09,2026/10/08,2026-10,PUT,44750,38,,,58.89,56.71,50,2,38,2,,,,,
2026/09/08 18:28,2026-09-08T18:43:05+09:00,2026/09/09,2026/10/08,2026-10,CALL,44500,20520,,,,,,,,,,,,,
2026/09/08 18:28,2026-09-08T18:43:05+09:00,2026/09/09,2026/10/08,2026-10,PUT,44500,34,,,59.51,57.07,49,2,36,2,,,,,
2026/09/08 18:28,2026-09-08T18:43:05+09:00,2026/09/09,2026/10/08,2026-10,CALL,44250,20770,,,,,,,,,,,,,
2026/09/08 18:28,2026-09-08T18:43:05+09:00,2026/09/09,2026/10/08,2026-10,PUT,44250,28,,,59.95,57.61,47,2,35,2,,,,,
2026/09/08 18:28,2026-09-08T18:43:05+09:00,2026/09/09,2026/10/08,2026-10,CALL,44000,21020,,,,,,,,,,,,,
2026/09/08 18:28,2026-09-08T18:43:05+09:00,2026/09/09,2026/10/08,2026-10,PUT,44000,31,,2,60.38,58.81,45,24,37,24,59.16,6,17.65,40,09/08 17:09
2026/09/08 18:28,2026-09-08T18:43:05+09:00,2026/09/09,2026/10/08,2026-10,CALL,43750,21265,,,,,,,,,,,,,
2026/09/08 18:28,2026-09-08T18:43:05+09:00,2026/09/09,2026/10/08,2026-10,PUT,43750,25,,,72.14,45.51,132,6,3,26,,,,,
2026/09/08 18:28,2026-09-08T18:43:05+09:00,2026/09/09,2026/10/08,2026-10,CALL,43500,21515,,,,,,,,,,,,,
2026/09/08 18:28,2026-09-08T18:43:05+09:00,2026/09/09,2026/10/08,2026-10,PUT,43500,28,,,72.86,46.13,130,6,3,26,,,,,
2026/09/08 18:28,2026-09-08T18:43:05+09:00,2026/09/09,2026/10/08,2026-10,CALL,43250,21765,,,,,,,,,,,,,
2026/09/08 18:28,2026-09-08T18:43:05+09:00,2026/09/09,2026/10/08,2026-10,PUT,43250,26,,,73.67,46.75,129,6,3,26,,,,,
2026/09/08 18:28,2026-09-08T18:43:05+09:00,2026/09/09,2026/10/08,2026-10,CALL,43000,22015,,,,,,,,,,,,,
2026/09/08 18:28,2026-09-08T18:43:05+09:00,2026/09/09,2026/10/08,2026-10,PUT,43000,26,,1,61.47,59.48,35,2,27,33,60.93,3,9.68,34,09/08 17:55
2026/09/08 18:28,2026-09-08T18:43:05+09:00,2026/09/09,2026/10/08,2026-10,CALL,42750,22260,,,,,,,,,,,,,
2026/09/08 18:28,2026-09-08T18:43:05+09:00,2026/09/09,2026/10/08,2026-10,PUT,42750,18,,,75.2,48,126,6,3,26,,,,,
2026/09/08 18:28,2026-09-08T18:43:05+09:00,2026/09/09,2026/10/08,2026-10,CALL,42000,23005,,,,,,,,,,,,,
2026/09/08 18:28,2026-09-08T18:43:05+09:00,2026/09/09,2026/10/08,2026-10,PUT,42000,22,,,67.77,55.92,50,8,10,7,,,,,
2026/09/08 18:28,2026-09-08T18:43:05+09:00,2026/09/09,2026/10/08,2026-10,CALL,41000,24000,,,,,,,,,,,,,
2026/09/08 18:28,2026-09-08T18:43:05+09:00,2026/09/09,2026/10/08,2026-10,PUT,41000,16,,,71.88,63.39,54,7,20,1,,,,,
2026/09/08 18:28,2026-09-08T18:43:05+09:00,2026/09/09,2026/10/08,2026-10,CALL,40000,24995,,,,,,,,,,,,,
2026/09/08 18:28,2026-09-08T18:43:05+09:00,2026/09/09,2026/10/08,2026-10,PUT,40000,20,,1,67.92,64.85,24,1,16,27,67.6,3,15,23,09/08 18:07
2026/09/08 18:28,2026-09-08T18:43:05+09:00,2026/09/09,2026/10/08,2026-10,CALL,39000,25990,,,,,,,,,,,,,
2026/09/08 18:28,2026-09-08T18:43:05+09:00,2026/09/09,2026/10/08,2026-10,PUT,39000,18,,2,70.81,66.98,23,27,14,27,68.98,1,5.56,19,09/08 17:30
2026/09/08 18:28,2026-09-08T18:43:05+09:00,2026/09/09,2026/10/08,2026-10,CALL,38000,26990,,,,,,,,,,,,,
2026/09/08 18:28,2026-09-08T18:43:05+09:00,2026/09/09,2026/10/08,2026-10,PUT,38000,15,,,91.38,66.23,109,6,8,10,,,,,
2026/09/08 18:28,2026-09-08T18:43:05+09:00,2026/09/09,2026/10/08,2026-10,CALL,37000,27990,,,,,,,,,,,,,
2026/09/08 18:28,2026-09-08T18:43:05+09:00,2026/09/09,2026/10/08,2026-10,PUT,37000,10,,2,73.89,70.1,15,3,9,27,72.57,2,18.18,13,09/08 17:14
2026/09/08 18:28,2026-09-08T18:43:05+09:00,2026/09/09,2026/10/08,2026-10,CALL,36000,28985,,,,,,,,,,,,,
2026/09/08 18:28,2026-09-08T18:43:05+09:00,2026/09/09,2026/10/08,2026-10,PUT,36000,7,,,75.43,74.05,12,2,10,10,,,,,
2026/09/08 18:28,2026-09-08T18:43:05+09:00,2026/09/09,2026/10/08,2026-10,CALL,35000,29985,,,,,,,,,,,,,
2026/09/08 18:28,2026-09-08T18:43:05+09:00,2026/09/09,2026/10/08,2026-10,PUT,35000,7,,1,77.34,76.54,10,2,9,26,76.54,0,0,9,09/08 18:26
2026/09/08 18:28,2026-09-08T18:43:05+09:00,2026/09/09,2026/10/08,2026-10,CALL,34000,30985,,,,,,,,,,,,,
2026/09/08 18:28,2026-09-08T18:43:05+09:00,2026/09/09,2026/10/08,2026-10,PUT,34000,8,,,81.5,78,11,15,7,25,,,,,
2026/09/08 18:28,2026-09-08T18:43:05+09:00,2026/09/09,2026/10/08,2026-10,CALL,33000,31985,,,,,,,,,,,,,
2026/09/08 18:28,2026-09-08T18:43:05+09:00,2026/09/09,2026/10/08,2026-10,PUT,33000,6,,1,83.35,78.91,9,42,5,82,81.21,1,16.67,7,09/08 18:01
2026/09/08 18:28,2026-09-08T18:43:05+09:00,2026/09/09,2026/10/08,2026-10,CALL,32000,32985,,,,,,,,,,,,,
2026/09/08 18:28,2026-09-08T18:43:05+09:00,2026/09/09,2026/10/08,2026-10,PUT,32000,3,,,83.66,80.71,6,3,4,15,,,,,
2026/09/08 18:28,2026-09-08T18:43:05+09:00,2026/09/09,2026/10/08,2026-10,CALL,31000,33980,,,,,,,,,,,,,
2026/09/08 18:28,2026-09-08T18:43:05+09:00,2026/09/09,2026/10/08,2026-10,PUT,31000,2,,,89.55,79.49,8,15,2,15,,,,,
2026/09/08 18:28,2026-09-08T18:43:05+09:00,2026/09/09,2026/10/08,2026-10,CALL,30000,34980,,,,,,,,,,,,,
2026/09/08 18:28,2026-09-08T18:43:05+09:00,2026/09/09,2026/10/08,2026-10,PUT,30000,3,,4,89.39,87.67,5,54,4,1,87.72,0,0,4,09/08 18:13
2026/09/08 18:28,2026-09-08T18:43:05+09:00,2026/09/09,2026/10/08,2026-10,CALL,29000,35980,,,,,,,,,,,,,
2026/09/08 18:28,2026-09-08T18:43:05+09:00,2026/09/09,2026/10/08,2026-10,PUT,29000,2,,,93.11,86.32,5,17,2,17,,,,,
2026/09/08 18:28,2026-09-08T18:43:05+09:00,2026/09/09,2026/10/08,2026-10,CALL,28000,36980,,,,,,,,,,,,,
2026/09/08 18:28,2026-09-08T18:43:05+09:00,2026/09/09,2026/10/08,2026-10,PUT,28000,2,,,98.54,89.91,6,17,2,16,,,,,
2026/09/08 18:28,2026-09-08T18:43:05+09:00,2026/09/09,2026/10/08,2026-10,CALL,27000,37975,,,,,,,,,,,,,
2026/09/08 18:28,2026-09-08T18:43:05+09:00,2026/09/09,2026/10/08,2026-10,PUT,27000,1,,,99.03,88.95,4,2,1,91,,,,,
2026/09/08 18:28,2026-09-08T18:43:05+09:00,2026/09/09,2026/10/08,2026-10,CALL,26000,38975,,,,,,,,,,,,,
2026/09/08 18:28,2026-09-08T18:43:05+09:00,2026/09/09,2026/10/08,2026-10,PUT,26000,1,,,100.67,92.63,3,1,1,81,,,,,
2026/09/08 18:28,2026-09-08T18:43:05+09:00,2026/09/09,2026/10/08,2026-10,CALL,25000,39975,,,,,,,,,,,,,
2026/09/08 18:28,2026-09-08T18:43:05+09:00,2026/09/09,2026/10/08,2026-10,PUT,25000,2,,,104.81,96.45,3,6,1,197,,,,,
2026/09/08 18:28,2026-09-08T18:43:05+09:00,2026/09/09,2026/10/08,2026-10,CALL,22500,42470,,,,,,,,,,,,,
2026/09/08 18:28,2026-09-08T18:43:05+09:00,2026/09/09,2026/10/08,2026-10,PUT,22500,1,,1,112.3,106.74,2,20,1,58,112.07,0,0,2,09/08 17:24
2026/09/08 18:28,2026-09-08T18:43:05+09:00,2026/09/09,2026/10/08,2026-10,CALL,20000,44970,,,,,,,,,,,,,
2026/09/08 18:28,2026-09-08T18:43:05+09:00,2026/09/09,2026/10/08,2026-10,PUT,20000,1,,4,124.37,118.25,2,103,1,50,124.21,1,100,2,09/08 17:29
2026/09/08 18:28,2026-09-08T18:43:05+09:00,2026/09/09,2026/12/10,2026-12,CALL,67500,2365,,,26.59,25.65,2465,20,2345,20,,,,,
2026/09/08 18:28,2026-09-08T18:43:05+09:00,2026/09/09,2026/12/10,2026-12,PUT,67500,4855,,,,,,,,,,,,,
2026/09/08 18:28,2026-09-08T18:43:05+09:00,2026/09/09,2026/12/10,2026-12,CALL,67250,2465,,,26.64,25.72,2565,20,2445,20,,,,,
2026/09/08 18:28,2026-09-08T18:43:05+09:00,2026/09/09,2026/12/10,2026-12,PUT,67250,4710,,,,,,,,,,,,,
2026/09/08 18:28,2026-09-08T18:43:05+09:00,2026/09/09,2026/12/10,2026-12,CALL,67000,2575,,,26.68,25.76,2665,20,2545,20,,,,,
2026/09/08 18:28,2026-09-08T18:43:05+09:00,2026/09/09,2026/12/10,2026-12,PUT,67000,4560,,,26.68,25.76,4630,20,4510,20,,,,,
2026/09/08 18:28,2026-09-08T18:43:05+09:00,2026/09/09,2026/12/10,2026-12,CALL,66750,2680,,,26.77,25.85,2775,20,2655,20,,,,,
2026/09/08 18:28,2026-09-08T18:43:05+09:00,2026/09/09,2026/12/10,2026-12,PUT,66750,4420,,,26.69,25.77,4480,20,4360,20,,,,,
2026/09/08 18:28,2026-09-08T18:43:05+09:00,2026/09/09,2026/12/10,2026-12,CALL,66500,2785,,,26.84,25.92,2885,20,2765,20,,,,,
2026/09/08 18:28,2026-09-08T18:43:05+09:00,2026/09/09,2026/12/10,2026-12,PUT,66500,4280,,,26.76,25.85,4340,20,4220,20,,,,,
2026/09/08 18:28,2026-09-08T18:43:05+09:00,2026/09/09,2026/12/10,2026-12,CALL,66250,2900,,,26.82,25.9,2985,20,2865,20,,,,,
2026/09/08 18:28,2026-09-08T18:43:05+09:00,2026/09/09,2026/12/10,2026-12,PUT,66250,4125,,,26.78,25.86,4195,20,4075,20,,,,,
2026/09/08 18:28,2026-09-08T18:43:05+09:00,2026/09/09,2026/12/10,2026-12,CALL,66000,3005,,,26.81,25.93,3090,1,2975,20,,,,,
2026/09/08 18:28,2026-09-08T18:43:05+09:00,2026/09/09,2026/12/10,2026-12,PUT,66000,3980,,,26.84,25.93,4060,20,3940,20,,,,,
2026/09/08 18:28,2026-09-08T18:43:05+09:00,2026/09/09,2026/12/10,2026-12,CALL,65750,3130,,,26.89,25.98,3210,20,3090,20,,,,,
2026/09/08 18:28,2026-09-08T18:43:05+09:00,2026/09/09,2026/12/10,2026-12,PUT,65750,3850,,,26.93,26.02,3930,20,3810,20,,,,,
2026/09/08 18:28,2026-09-08T18:43:05+09:00,2026/09/09,2026/12/10,2026-12,CALL,65500,3250,,,26.95,26.08,3330,1,3215,20,,,,,
2026/09/08 18:28,2026-09-08T18:43:05+09:00,2026/09/09,2026/12/10,2026-12,PUT,65500,3725,,,26.99,26.08,3800,20,3680,20,,,,,
2026/09/08 18:28,2026-09-08T18:43:05+09:00,2026/09/09,2026/12/10,2026-12,CALL,65250,3375,,,27.04,26.16,3455,1,3340,20,,,,,
2026/09/08 18:28,2026-09-08T18:43:05+09:00,2026/09/09,2026/12/10,2026-12,PUT,65250,3600,,,27.07,26.16,3675,20,3555,20,,,,,
2026/09/08 18:28,2026-09-08T18:43:05+09:00,2026/09/09,2026/12/10,2026-12,CALL,65000,3500,,,27.09,26.22,3580,1,3465,20,,,,,
2026/09/08 18:28,2026-09-08T18:43:05+09:00,2026/09/09,2026/12/10,2026-12,PUT,65000,3480,,,27.21,26.29,3560,20,3440,20,,,,,
2026/09/08 18:28,2026-09-08T18:43:05+09:00,2026/09/09,2026/12/10,2026-12,CALL,64750,3630,,,27.29,26.41,3725,1,3610,20,,,,,
2026/09/08 18:28,2026-09-08T18:43:05+09:00,2026/09/09,2026/12/10,2026-12,PUT,64750,3360,,,27.21,26.29,3430,20,3310,20,,,,,
2026/09/08 18:28,2026-09-08T18:43:05+09:00,2026/09/09,2026/12/10,2026-12,CALL,64500,3765,,,27.42,26.5,3865,20,3745,20,,,,,
2026/09/08 18:28,2026-09-08T18:43:05+09:00,2026/09/09,2026/12/10,2026-12,PUT,64500,3250,,,27.3,26.38,3315,20,3195,20,,,,,
2026/09/08 18:28,2026-09-08T18:43:05+09:00,2026/09/09,2026/12/10,2026-12,CALL,64250,3900,,,,,,,,,,,,,
2026/09/08 18:28,2026-09-08T18:43:05+09:00,2026/09/09,2026/12/10,2026-12,PUT,64250,3135,,,27.38,26.45,3200,20,3080,20,,,,,
2026/09/08 18:28,2026-09-08T18:43:05+09:00,2026/09/09,2026/12/10,2026-12,CALL,64000,4040,,,,,,,,,,,,,
2026/09/08 18:28,2026-09-08T18:43:05+09:00,2026/09/09,2026/12/10,2026-12,PUT,64000,3030,,,27.51,26.58,3095,20,2975,20,,,,,
2026/09/08 18:28,2026-09-08T18:43:05+09:00,2026/09/09,2026/12/10,2026-12,CALL,63750,4120,,,,,,,,,,,,,
2026/09/08 18:28,2026-09-08T18:43:05+09:00,2026/09/09,2026/12/10,2026-12,PUT,63750,2925,,,27.58,26.65,2985,20,2865,20,,,,,
2026/09/08 18:28,2026-09-08T18:43:05+09:00,2026/09/09,2026/12/10,2026-12,CALL,63500,4270,,,,,,,,,,,,,
2026/09/08 18:28,2026-09-08T18:43:05+09:00,2026/09/09,2026/12/10,2026-12,PUT,63500,2825,,,27.71,26.77,2885,20,2765,20,,,,,
2026/09/08 18:28,2026-09-08T18:43:05+09:00,2026/09/09,2026/12/10,2026-12,CALL,63250,4400,,,,,,,,,,,,,
2026/09/08 18:28,2026-09-08T18:43:05+09:00,2026/09/09,2026/12/10,2026-12,PUT,63250,2705,,,28.09,27.14,2820,20,2700,20,,,,,
2026/09/08 18:28,2026-09-08T18:43:05+09:00,2026/09/09,2026/12/10,2026-12,CALL,63000,4555,,,,,,,,,,,,,
2026/09/08 18:28,2026-09-08T18:43:05+09:00,2026/09/09,2026/12/10,2026-12,PUT,63000,2610,,,28.14,27.19,2715,20,2595,20,,,,,
2026/09/08 18:28,2026-09-08T18:43:05+09:00,2026/09/09,2026/12/10,2026-12,CALL,62750,4710,,,,,,,,,,,,,
2026/09/08 18:28,2026-09-08T18:43:05+09:00,2026/09/09,2026/12/10,2026-12,PUT,62750,2520,,,28.21,27.25,2615,20,2495,20,,,,,
2026/09/08 18:28,2026-09-08T18:43:05+09:00,2026/09/09,2026/12/10,2026-12,CALL,62500,4870,,,,,,,,,,,,,
2026/09/08 18:28,2026-09-08T18:43:05+09:00,2026/09/09,2026/12/10,2026-12,PUT,62500,2430,,,28.42,27.45,2535,20,2415,20,,,,,
2026/09/08 18:28,2026-09-08T18:43:05+09:00,2026/09/09,2026/12/10,2026-12,CALL,62250,5030,,,,,,,,,,,,,
2026/09/08 18:28,2026-09-08T18:43:05+09:00,2026/09/09,2026/12/10,2026-12,PUT,62250,2340,,,28.53,27.55,2445,20,2325,20,,,,,
2026/09/08 18:28,2026-09-08T18:43:05+09:00,2026/09/09,2026/12/10,2026-12,CALL,62000,5210,,,,,,,,,,,,,
2026/09/08 18:28,2026-09-08T18:43:05+09:00,2026/09/09,2026/12/10,2026-12,PUT,62000,2270,,,28.66,27.67,2360,20,2240,20,,,,,
2026/09/08 18:28,2026-09-08T18:43:05+09:00,2026/09/09,2026/12/10,2026-12,CALL,61750,5365,,,,,,,,,,,,,
2026/09/08 18:28,2026-09-08T18:43:05+09:00,2026/09/09,2026/12/10,2026-12,PUT,61750,2180,,,28.81,27.81,2280,20,2160,20,,,,,
2026/09/08 18:28,2026-09-08T18:43:05+09:00,2026/09/09,2026/12/10,2026-12,CALL,61500,5535,,,,,,,,,,,,,
2026/09/08 18:28,2026-09-08T18:43:05+09:00,2026/09/09,2026/12/10,2026-12,PUT,61500,2100,,,28.9,27.89,2195,20,2075,20,,,,,
2026/09/08 18:28,2026-09-08T18:43:05+09:00,2026/09/09,2026/12/10,2026-12,CALL,61250,5705,,,,,,,,,,,,,
2026/09/08 18:28,2026-09-08T18:43:05+09:00,2026/09/09,2026/12/10,2026-12,PUT,61250,2020,,,29.06,28.04,2120,20,2000,20,,,,,
2026/09/08 18:28,2026-09-08T18:43:05+09:00,2026/09/09,2026/12/10,2026-12,CALL,61000,5880,,,,,,,1,10,,,,,
2026/09/08 18:28,2026-09-08T18:43:05+09:00,2026/09/09,2026/12/10,2026-12,PUT,61000,1945,,,,6.18,,,15,1,,,,,
2026/09/08 18:28,2026-09-08T18:43:05+09:00,2026/09/09,2026/12/10,2026-12,CALL,60750,6055,,,,,,,1,10,,,,,
2026/09/08 18:28,2026-09-08T18:43:05+09:00,2026/09/09,2026/12/10,2026-12,PUT,60750,1875,,,,,,,,,,,,,
2026/09/08 18:28,2026-09-08T18:43:05+09:00,2026/09/09,2026/12/10,2026-12,CALL,60500,6235,,,,,,,1,10,,,,,
2026/09/08 18:28,2026-09-08T18:43:05+09:00,2026/09/09,2026/12/10,2026-12,PUT,60500,1805,,,,,,,,,,,,,
2026/09/08 18:28,2026-09-08T18:43:05+09:00,2026/09/09,2026/12/10,2026-12,CALL,60250,6415,,,,,,,,,,,,,
2026/09/08 18:28,2026-09-08T18:43:05+09:00,2026/09/09,2026/12/10,2026-12,PUT,60250,1735,,,,,,,,,,,,,
2026/09/08 18:28,2026-09-08T18:43:05+09:00,2026/09/09,2026/12/10,2026-12,CALL,60000,6600,,,,,,,,,,,,,
2026/09/08 18:28,2026-09-08T18:43:05+09:00,2026/09/09,2026/12/10,2026-12,PUT,60000,1670,,,,24.71,,,1230,1,,,,,
2026/09/08 18:28,2026-09-08T18:43:05+09:00,2026/09/09,2026/12/10,2026-12,CALL,59750,6785,,,,,,,,,,,,,
2026/09/08 18:28,2026-09-08T18:43:05+09:00,2026/09/09,2026/12/10,2026-12,PUT,59750,1605,,,,,,,,,,,,,
2026/09/08 18:28,2026-09-08T18:43:05+09:00,2026/09/09,2026/12/10,2026-12,CALL,59500,6975,,,,,,,,,,,,,
2026/09/08 18:28,2026-09-08T18:43:05+09:00,2026/09/09,2026/12/10,2026-12,PUT,59500,1550,,,,,,,,,,,,,
2026/09/08 18:28,2026-09-08T18:43:05+09:00,2026/09/09,2026/12/10,2026-12,CALL,59250,7165,,,,,,,,,,,,,
2026/09/08 18:28,2026-09-08T18:43:05+09:00,2026/09/09,2026/12/10,2026-12,PUT,59250,1490,,,,,,,,,,,,,
2026/09/08 18:28,2026-09-08T18:43:05+09:00,2026/09/09,2026/12/10,2026-12,CALL,59000,7360,,,,,,,,,,,,,
2026/09/08 18:28,2026-09-08T18:43:05+09:00,2026/09/09,2026/12/10,2026-12,PUT,59000,1435,,,,8.39,,,10,1,,,,,
2026/09/08 18:28,2026-09-08T18:43:05+09:00,2026/09/09,2026/12/10,2026-12,CALL,58750,7555,,,,,,,,,,,,,
2026/09/08 18:28,2026-09-08T18:43:05+09:00,2026/09/09,2026/12/10,2026-12,PUT,58750,1380,,,,,,,,,,,,,
2026/09/08 18:28,2026-09-08T18:43:05+09:00,2026/09/09,2026/12/10,2026-12,CALL,58500,7750,,,,,,,,,,,,,
2026/09/08 18:28,2026-09-08T18:43:05+09:00,2026/09/09,2026/12/10,2026-12,PUT,58500,1330,,3,30.42,30.01,1390,2,1350,4,30.49,,,1390,09/08 18:27
2026/09/08 18:28,2026-09-08T18:43:05+09:00,2026/09/09,2026/12/10,2026-12,CALL,58250,7950,,,,,,,,,,,,,
2026/09/08 18:28,2026-09-08T18:43:05+09:00,2026/09/09,2026/12/10,2026-12,PUT,58250,1280,,,,,,,,,,,,,
2026/09/08 18:28,2026-09-08T18:43:05+09:00,2026/09/09,2026/12/10,2026-12,CALL,58000,8150,,,,,,,,,,,,,
2026/09/08 18:28,2026-09-08T18:43:05+09:00,2026/09/09,2026/12/10,2026-12,PUT,58000,1230,,,,9.67,,,10,1,,,,,
2026/09/08 18:28,2026-09-08T18:43:05+09:00,2026/09/09,2026/12/10,2026-12,CALL,57750,8355,,,,,,,,,,,,,
2026/09/08 18:28,2026-09-08T18:43:05+09:00,2026/09/09,2026/12/10,2026-12,PUT,57750,1185,,,,,,,,,,,,,
2026/09/08 18:28,2026-09-08T18:43:05+09:00,2026/09/09,2026/12/10,2026-12,CALL,57500,8560,,,,,,,,,,,,,
2026/09/08 18:28,2026-09-08T18:43:05+09:00,2026/09/09,2026/12/10,2026-12,PUT,57500,1140,,,,,,,,,,,,,
2026/09/08 18:28,2026-09-08T18:43:05+09:00,2026/09/09,2026/12/10,2026-12,CALL,57250,8770,,,,,,,,,,,,,
2026/09/08 18:28,2026-09-08T18:43:05+09:00,2026/09/09,2026/12/10,2026-12,PUT,57250,1100,,,,,,,,,,,,,
2026/09/08 18:28,2026-09-08T18:43:05+09:00,2026/09/09,2026/12/10,2026-12,CALL,57000,8975,,,,,,,,,,,,,
2026/09/08 18:28,2026-09-08T18:43:05+09:00,2026/09/09,2026/12/10,2026-12,PUT,57000,1060,,,,10.96,,,10,1,,,,,
2026/09/08 18:28,2026-09-08T18:43:05+09:00,2026/09/09,2026/12/10,2026-12,CALL,56750,9185,,,,,,,,,,,,,
2026/09/08 18:28,2026-09-08T18:43:05+09:00,2026/09/09,2026/12/10,2026-12,PUT,56750,1020,,,,,,,,,,,,,
2026/09/08 18:28,2026-09-08T18:43:05+09:00,2026/09/09,2026/12/10,2026-12,CALL,56500,9395,,,,,,,,,,,,,
2026/09/08 18:28,2026-09-08T18:43:05+09:00,2026/09/09,2026/12/10,2026-12,PUT,56500,980,,,,,,,,,,,,,
2026/09/08 18:28,2026-09-08T18:43:05+09:00,2026/09/09,2026/12/10,2026-12,CALL,56250,9610,,,,,,,,,,,,,
2026/09/08 18:28,2026-09-08T18:43:05+09:00,2026/09/09,2026/12/10,2026-12,PUT,56250,945,,,,,,,,,,,,,
2026/09/08 18:28,2026-09-08T18:43:05+09:00,2026/09/09,2026/12/10,2026-12,CALL,56000,9825,,,,,,,,,,,,,
2026/09/08 18:28,2026-09-08T18:43:05+09:00,2026/09/09,2026/12/10,2026-12,PUT,56000,910,,,,12.25,,,10,1,,,,,
2026/09/08 18:28,2026-09-08T18:43:05+09:00,2026/09/09,2026/12/10,2026-12,CALL,55750,10040,,,,,,,,,,,,,
2026/09/08 18:28,2026-09-08T18:43:05+09:00,2026/09/09,2026/12/10,2026-12,PUT,55750,880,,,,,,,,,,,,,
2026/09/08 18:28,2026-09-08T18:43:05+09:00,2026/09/09,2026/12/10,2026-12,CALL,55500,10255,,,,,,,,,,,,,
2026/09/08 18:28,2026-09-08T18:43:05+09:00,2026/09/09,2026/12/10,2026-12,PUT,55500,845,,,,,,,,,,,,,
2026/09/08 18:28,2026-09-08T18:43:05+09:00,2026/09/09,2026/12/10,2026-12,CALL,55250,10475,,,,,,,,,,,,,
2026/09/08 18:28,2026-09-08T18:43:05+09:00,2026/09/09,2026/12/10,2026-12,PUT,55250,815,,,,,,,,,,,,,
2026/09/08 18:28,2026-09-08T18:43:05+09:00,2026/09/09,2026/12/10,2026-12,CALL,55000,10695,,,,,,,,,,,,,
2026/09/08 18:28,2026-09-08T18:43:05+09:00,2026/09/09,2026/12/10,2026-12,PUT,55000,785,,,,13.56,,,10,1,,,,,
2026/09/08 18:28,2026-09-08T18:43:05+09:00,2026/09/09,2026/12/10,2026-12,CALL,54750,10915,,,,,,,,,,,,,
2026/09/08 18:28,2026-09-08T18:43:05+09:00,2026/09/09,2026/12/10,2026-12,PUT,54750,760,,,,11.06,,,1,1,,,,,
2026/09/08 18:28,2026-09-08T18:43:05+09:00,2026/09/09,2026/12/10,2026-12,CALL,54500,11140,,,,,,,,,,,,,
2026/09/08 18:28,2026-09-08T18:43:05+09:00,2026/09/09,2026/12/10,2026-12,PUT,54500,730,,,,,,,,,,,,,
2026/09/08 18:28,2026-09-08T18:43:05+09:00,2026/09/09,2026/12/10,2026-12,CALL,54250,11365,,,,,,,,,,,,,
2026/09/08 18:28,2026-09-08T18:43:05+09:00,2026/09/09,2026/12/10,2026-12,PUT,54250,705,,,,,,,,,,,,,
2026/09/08 18:28,2026-09-08T18:43:05+09:00,2026/09/09,2026/12/10,2026-12,CALL,54000,11585,,,,,,,,,,,,,
2026/09/08 18:28,2026-09-08T18:43:05+09:00,2026/09/09,2026/12/10,2026-12,PUT,54000,680,,,,14.87,,,10,1,,,,,
2026/09/08 18:28,2026-09-08T18:43:05+09:00,2026/09/09,2026/12/10,2026-12,CALL,53750,11815,,,,,,,,,,,,,
2026/09/08 18:28,2026-09-08T18:43:05+09:00,2026/09/09,2026/12/10,2026-12,PUT,53750,660,,,,,,,,,,,,,
2026/09/08 18:28,2026-09-08T18:43:05+09:00,2026/09/09,2026/12/10,2026-12,CALL,53500,12040,,,,,,,,,,,,,
2026/09/08 18:28,2026-09-08T18:43:05+09:00,2026/09/09,2026/12/10,2026-12,PUT,53500,635,,,,,,,,,,,,,
2026/09/08 18:28,2026-09-08T18:43:05+09:00,2026/09/09,2026/12/10,2026-12,CALL,53250,12265,,,,,,,,,,,,,
2026/09/08 18:28,2026-09-08T18:43:05+09:00,2026/09/09,2026/12/10,2026-12,PUT,53250,610,,,,,,,,,,,,,
2026/09/08 18:28,2026-09-08T18:43:05+09:00,2026/09/09,2026/12/10,2026-12,CALL,53000,12490,,,,,,,,,,,,,
2026/09/08 18:28,2026-09-08T18:43:05+09:00,2026/09/09,2026/12/10,2026-12,PUT,53000,585,,10,35.04,34.71,645,9,625,45,34.74,175,38.89,625,09/08 18:07
2026/09/08 18:28,2026-09-08T18:43:05+09:00,2026/09/09,2026/12/10,2026-12,CALL,52750,12725,,,,,,,,,,,,,
2026/09/08 18:28,2026-09-08T18:43:05+09:00,2026/09/09,2026/12/10,2026-12,PUT,52750,575,,,,,,,,,,,,,
2026/09/08 18:28,2026-09-08T18:43:05+09:00,2026/09/09,2026/12/10,2026-12,CALL,52500,12950,,,,,,,,,,,,,
2026/09/08 18:28,2026-09-08T18:43:05+09:00,2026/09/09,2026/12/10,2026-12,PUT,52500,550,,,,,,,,,,,,,
2026/09/08 18:28,2026-09-08T18:43:05+09:00,2026/09/09,2026/12/10,2026-12,CALL,52250,13180,,,,,,,,,,,,,
2026/09/08 18:28,2026-09-08T18:43:05+09:00,2026/09/09,2026/12/10,2026-12,PUT,52250,535,,,,,,,,,,,,,
2026/09/08 18:28,2026-09-08T18:43:05+09:00,2026/09/09,2026/12/10,2026-12,CALL,52000,13415,,,,,,,,,,,,,
2026/09/08 18:28,2026-09-08T18:43:05+09:00,2026/09/09,2026/12/10,2026-12,PUT,52000,515,,,,24.37,,,100,1,,,,,
2026/09/08 18:28,2026-09-08T18:43:05+09:00,2026/09/09,2026/12/10,2026-12,CALL,51750,13645,,,,,,,,,,,,,
2026/09/08 18:28,2026-09-08T18:43:05+09:00,2026/09/09,2026/12/10,2026-12,PUT,51750,500,,,,,,,,,,,,,
2026/09/08 18:28,2026-09-08T18:43:05+09:00,2026/09/09,2026/12/10,2026-12,CALL,51500,13880,,,,,,,,,,,,,
2026/09/08 18:28,2026-09-08T18:43:05+09:00,2026/09/09,2026/12/10,2026-12,PUT,51500,480,,,,,,,,,,,,,
2026/09/08 18:28,2026-09-08T18:43:05+09:00,2026/09/09,2026/12/10,2026-12,CALL,51250,14115,,,,,,,,,,,,,
2026/09/08 18:28,2026-09-08T18:43:05+09:00,2026/09/09,2026/12/10,2026-12,PUT,51250,470,,,,,,,,,,,,,
2026/09/08 18:28,2026-09-08T18:43:05+09:00,2026/09/09,2026/12/10,2026-12,CALL,51000,14345,,,,,,,,,,,,,
2026/09/08 18:28,2026-09-08T18:43:05+09:00,2026/09/09,2026/12/10,2026-12,PUT,51000,450,,,,18.92,,,10,1,,,,,
2026/09/08 18:28,2026-09-08T18:43:05+09:00,2026/09/09,2026/12/10,2026-12,CALL,50750,14580,,,,,,,,,,,,,
2026/09/08 18:28,2026-09-08T18:43:05+09:00,2026/09/09,2026/12/10,2026-12,PUT,50750,440,,,,,,,,,,,,,
2026/09/08 18:28,2026-09-08T18:43:05+09:00,2026/09/09,2026/12/10,2026-12,CALL,50500,14820,,,,,,,,,,,,,
2026/09/08 18:28,2026-09-08T18:43:05+09:00,2026/09/09,2026/12/10,2026-12,PUT,50500,425,,,,,,,,,,,,,
2026/09/08 18:28,2026-09-08T18:43:05+09:00,2026/09/09,2026/12/10,2026-12,CALL,50250,15050,,,,,,,,,,,,,
2026/09/08 18:28,2026-09-08T18:43:05+09:00,2026/09/09,2026/12/10,2026-12,PUT,50250,410,,,,,,,,,,,,,
2026/09/08 18:28,2026-09-08T18:43:05+09:00,2026/09/09,2026/12/10,2026-12,CALL,50000,15290,,,,,,,,,,,,,
2026/09/08 18:28,2026-09-08T18:43:05+09:00,2026/09/09,2026/12/10,2026-12,PUT,50000,400,,,,32.63,,,225,1,,,,,
2026/09/08 18:28,2026-09-08T18:43:05+09:00,2026/09/09,2026/12/10,2026-12,CALL,49750,15525,,,,,,,,,,,,,
2026/09/08 18:28,2026-09-08T18:43:05+09:00,2026/09/09,2026/12/10,2026-12,PUT,49750,385,,,,,,,,,,,,,
2026/09/08 18:28,2026-09-08T18:43:05+09:00,2026/09/09,2026/12/10,2026-12,CALL,49500,15760,,,,,,,,,,,,,
2026/09/08 18:28,2026-09-08T18:43:05+09:00,2026/09/09,2026/12/10,2026-12,PUT,49500,375,,,,,,,,,,,,,
2026/09/08 18:28,2026-09-08T18:43:05+09:00,2026/09/09,2026/12/10,2026-12,CALL,49250,16000,,,,,,,,,,,,,
2026/09/08 18:28,2026-09-08T18:43:05+09:00,2026/09/09,2026/12/10,2026-12,PUT,49250,365,,,,,,,,,,,,,
2026/09/08 18:28,2026-09-08T18:43:05+09:00,2026/09/09,2026/12/10,2026-12,CALL,49000,16240,,,,,,,,,,,,,
2026/09/08 18:28,2026-09-08T18:43:05+09:00,2026/09/09,2026/12/10,2026-12,PUT,49000,355,,,,,,,,,,,,,
2026/09/08 18:28,2026-09-08T18:43:05+09:00,2026/09/09,2026/12/10,2026-12,CALL,48750,16475,,,,,,,,,,,,,
2026/09/08 18:28,2026-09-08T18:43:05+09:00,2026/09/09,2026/12/10,2026-12,PUT,48750,345,,,,,,,,,,,,,
2026/09/08 18:28,2026-09-08T18:43:05+09:00,2026/09/09,2026/12/10,2026-12,CALL,48500,16720,,,,,,,,,,,,,
2026/09/08 18:28,2026-09-08T18:43:05+09:00,2026/09/09,2026/12/10,2026-12,PUT,48500,335,,,,25.59,,,30,1,,,,,
2026/09/08 18:28,2026-09-08T18:43:05+09:00,2026/09/09,2026/12/10,2026-12,CALL,48250,16955,,,,,,,,,,,,,
2026/09/08 18:28,2026-09-08T18:43:05+09:00,2026/09/09,2026/12/10,2026-12,PUT,48250,325,,,,,,,,,,,,,
2026/09/08 18:28,2026-09-08T18:43:05+09:00,2026/09/09,2026/12/10,2026-12,CALL,48000,17185,,,,,,,,,,,,,
2026/09/08 18:28,2026-09-08T18:43:05+09:00,2026/09/09,2026/12/10,2026-12,PUT,48000,300,,,,30.45,,,80,1,,,,,
2026/09/08 18:28,2026-09-08T18:43:05+09:00,2026/09/09,2026/12/10,2026-12,CALL,47750,17430,,,,,,,,,,,,,
2026/09/08 18:28,2026-09-08T18:43:05+09:00,2026/09/09,2026/12/10,2026-12,PUT,47750,298,,,,,,,,,,,,,
2026/09/08 18:28,2026-09-08T18:43:05+09:00,2026/09/09,2026/12/10,2026-12,CALL,47500,17675,,,,,,,,,,,,,
2026/09/08 18:28,2026-09-08T18:43:05+09:00,2026/09/09,2026/12/10,2026-12,PUT,47500,294,,,,,,,,,,,,,
2026/09/08 18:28,2026-09-08T18:43:05+09:00,2026/09/09,2026/12/10,2026-12,CALL,47250,17845,,,,,,,,,,,,,
2026/09/08 18:28,2026-09-08T18:43:05+09:00,2026/09/09,2026/12/10,2026-12,PUT,47250,285,,,,,,,,,,,,,
2026/09/08 18:28,2026-09-08T18:43:05+09:00,2026/09/09,2026/12/10,2026-12,CALL,47000,18085,,,,,,,,,,,,,
2026/09/08 18:28,2026-09-08T18:43:05+09:00,2026/09/09,2026/12/10,2026-12,PUT,47000,276,,,,19.95,,,1,1,,,,,
2026/09/08 18:28,2026-09-08T18:43:05+09:00,2026/09/09,2026/12/10,2026-12,CALL,46750,18325,,,,,,,,,,,,,
2026/09/08 18:28,2026-09-08T18:43:05+09:00,2026/09/09,2026/12/10,2026-12,PUT,46750,268,,,,,,,,,,,,,
2026/09/08 18:28,2026-09-08T18:43:05+09:00,2026/09/09,2026/12/10,2026-12,CALL,46500,18575,,,,,,,,,,,,,
2026/09/08 18:28,2026-09-08T18:43:05+09:00,2026/09/09,2026/12/10,2026-12,PUT,46500,260,,,,,,,,,,,,,
2026/09/08 18:28,2026-09-08T18:43:05+09:00,2026/09/09,2026/12/10,2026-12,CALL,46250,18810,,,,,,,,,,,,,
2026/09/08 18:28,2026-09-08T18:43:05+09:00,2026/09/09,2026/12/10,2026-12,PUT,46250,183,,,,,,,,,,,,,
2026/09/08 18:28,2026-09-08T18:43:05+09:00,2026/09/09,2026/12/10,2026-12,CALL,46000,19055,,,,,,,,,,,,,
2026/09/08 18:28,2026-09-08T18:43:05+09:00,2026/09/09,2026/12/10,2026-12,PUT,46000,182,,,,30.72,,,39,1,,,,,
2026/09/08 18:28,2026-09-08T18:43:05+09:00,2026/09/09,2026/12/10,2026-12,CALL,45750,19295,,,,,,,,,,,,,
2026/09/08 18:28,2026-09-08T18:43:05+09:00,2026/09/09,2026/12/10,2026-12,PUT,45750,170,,,,,,,,,,,,,
2026/09/08 18:28,2026-09-08T18:43:05+09:00,2026/09/09,2026/12/10,2026-12,CALL,45500,19540,,,,,,,,,,,,,
2026/09/08 18:28,2026-09-08T18:43:05+09:00,2026/09/09,2026/12/10,2026-12,PUT,45500,169,,,,,,,,,,,,,
2026/09/08 18:28,2026-09-08T18:43:05+09:00,2026/09/09,2026/12/10,2026-12,CALL,45250,19790,,,,,,,,,,,,,
2026/09/08 18:28,2026-09-08T18:43:05+09:00,2026/09/09,2026/12/10,2026-12,PUT,45250,167,,,,,,,,,,,,,
2026/09/08 18:28,2026-09-08T18:43:05+09:00,2026/09/09,2026/12/10,2026-12,CALL,45000,20035,,,,,,,,,,,,,
2026/09/08 18:28,2026-09-08T18:43:05+09:00,2026/09/09,2026/12/10,2026-12,PUT,45000,165,,,51.39,24.56,500,1,3,1,,,,,
2026/09/08 18:28,2026-09-08T18:43:05+09:00,2026/09/09,2026/12/10,2026-12,CALL,44750,20285,,,,,,,,,,,,,
2026/09/08 18:28,2026-09-08T18:43:05+09:00,2026/09/09,2026/12/10,2026-12,PUT,44750,164,,,,,,,,,,,,,
2026/09/08 18:28,2026-09-08T18:43:05+09:00,2026/09/09,2026/12/10,2026-12,CALL,44500,20530,,,,,,,,,,,,,
2026/09/08 18:28,2026-09-08T18:43:05+09:00,2026/09/09,2026/12/10,2026-12,PUT,44500,162,,,,,,,,,,,,,
2026/09/08 18:28,2026-09-08T18:43:05+09:00,2026/09/09,2026/12/10,2026-12,CALL,44250,20780,,,,,,,,,,,,,
2026/09/08 18:28,2026-09-08T18:43:05+09:00,2026/09/09,2026/12/10,2026-12,PUT,44250,161,,,,,,,,,,,,,
2026/09/08 18:28,2026-09-08T18:43:05+09:00,2026/09/09,2026/12/10,2026-12,CALL,44000,21025,,,,,,,,,,,,,
2026/09/08 18:28,2026-09-08T18:43:05+09:00,2026/09/09,2026/12/10,2026-12,PUT,44000,159,,,,23.72,,,1,10,,,,,
2026/09/08 18:28,2026-09-08T18:43:05+09:00,2026/09/09,2026/12/10,2026-12,CALL,43750,21240,,,,,,,,,,,,,
2026/09/08 18:28,2026-09-08T18:43:05+09:00,2026/09/09,2026/12/10,2026-12,PUT,43750,124,,,,,,,,,,,,,
2026/09/08 18:28,2026-09-08T18:43:05+09:00,2026/09/09,2026/12/10,2026-12,CALL,43500,21485,,,,,,,,,,,,,
2026/09/08 18:28,2026-09-08T18:43:05+09:00,2026/09/09,2026/12/10,2026-12,PUT,43500,119,,,,,,,,,,,,,
2026/09/08 18:28,2026-09-08T18:43:05+09:00,2026/09/09,2026/12/10,2026-12,CALL,43250,21730,,,,,,,,,,,,,
2026/09/08 18:28,2026-09-08T18:43:05+09:00,2026/09/09,2026/12/10,2026-12,PUT,43250,115,,,,,,,,,,,,,
2026/09/08 18:28,2026-09-08T18:43:05+09:00,2026/09/09,2026/12/10,2026-12,CALL,43000,21975,,,,,,,,,,,,,
2026/09/08 18:28,2026-09-08T18:43:05+09:00,2026/09/09,2026/12/10,2026-12,PUT,43000,110,,,,25.03,,,1,10,,,,,
2026/09/08 18:28,2026-09-08T18:43:05+09:00,2026/09/09,2026/12/10,2026-12,CALL,42750,22220,,,,,,,,,,,,,
2026/09/08 18:28,2026-09-08T18:43:05+09:00,2026/09/09,2026/12/10,2026-12,PUT,42750,109,,,,,,,,,,,,,
2026/09/08 18:28,2026-09-08T18:43:05+09:00,2026/09/09,2026/12/10,2026-12,CALL,42500,22470,,,,,,,,,,,,,
2026/09/08 18:28,2026-09-08T18:43:05+09:00,2026/09/09,2026/12/10,2026-12,PUT,42500,108,,,,,,,,,,,,,
2026/09/08 18:28,2026-09-08T18:43:05+09:00,2026/09/09,2026/12/10,2026-12,CALL,42250,22715,,,,,,,,,,,,,
2026/09/08 18:28,2026-09-08T18:43:05+09:00,2026/09/09,2026/12/10,2026-12,PUT,42250,107,,,,,,,,,,,,,
2026/09/08 18:28,2026-09-08T18:43:05+09:00,2026/09/09,2026/12/10,2026-12,CALL,42000,22955,,,,,,,,,,,,,
2026/09/08 18:28,2026-09-08T18:43:05+09:00,2026/09/09,2026/12/10,2026-12,PUT,42000,94,,,,26.37,,,1,10,,,,,
2026/09/08 18:28,2026-09-08T18:43:05+09:00,2026/09/09,2026/12/10,2026-12,CALL,41750,23200,,,,,,,,,,,,,
2026/09/08 18:28,2026-09-08T18:43:05+09:00,2026/09/09,2026/12/10,2026-12,PUT,41750,91,,,,,,,,,,,,,
2026/09/08 18:28,2026-09-08T18:43:05+09:00,2026/09/09,2026/12/10,2026-12,CALL,41500,23445,,,,,,,,,,,,,
2026/09/08 18:28,2026-09-08T18:43:05+09:00,2026/09/09,2026/12/10,2026-12,PUT,41500,87,,,,,,,,,,,,,
2026/09/08 18:28,2026-09-08T18:43:05+09:00,2026/09/09,2026/12/10,2026-12,CALL,41250,23690,,,,,,,,,,,,,
2026/09/08 18:28,2026-09-08T18:43:05+09:00,2026/09/09,2026/12/10,2026-12,PUT,41250,86,,,,,,,,,,,,,
2026/09/08 18:28,2026-09-08T18:43:05+09:00,2026/09/09,2026/12/10,2026-12,CALL,41000,23940,,,,,,,,,,,,,
2026/09/08 18:28,2026-09-08T18:43:05+09:00,2026/09/09,2026/12/10,2026-12,PUT,41000,85,,,,27.74,,,1,10,,,,,
2026/09/08 18:28,2026-09-08T18:43:05+09:00,2026/09/09,2026/12/10,2026-12,CALL,40750,24185,,,,,,,,,,,,,
2026/09/08 18:28,2026-09-08T18:43:05+09:00,2026/09/09,2026/12/10,2026-12,PUT,40750,83,,,,,,,,,,,,,
2026/09/08 18:28,2026-09-08T18:43:05+09:00,2026/09/09,2026/12/10,2026-12,CALL,40500,24425,,,,,,,,,,,,,
2026/09/08 18:28,2026-09-08T18:43:05+09:00,2026/09/09,2026/12/10,2026-12,PUT,40500,75,,,,,,,,,,,,,
2026/09/08 18:28,2026-09-08T18:43:05+09:00,2026/09/09,2026/12/10,2026-12,CALL,40250,24675,,,,,,,,,,,,,
2026/09/08 18:28,2026-09-08T18:43:05+09:00,2026/09/09,2026/12/10,2026-12,PUT,40250,72,,,,,,,,,,,,,
2026/09/08 18:28,2026-09-08T18:43:05+09:00,2026/09/09,2026/12/10,2026-12,CALL,40000,24920,,,,,,,,,,,,,
2026/09/08 18:28,2026-09-08T18:43:05+09:00,2026/09/09,2026/12/10,2026-12,PUT,40000,80,,,,45.98,,,80,1,,,,,
2026/09/08 18:28,2026-09-08T18:43:05+09:00,2026/09/09,2026/12/10,2026-12,CALL,39750,25165,,,,,,,,,,,,,
2026/09/08 18:28,2026-09-08T18:43:05+09:00,2026/09/09,2026/12/10,2026-12,PUT,39750,66,,,,,,,,,,,,,
2026/09/08 18:28,2026-09-08T18:43:05+09:00,2026/09/09,2026/12/10,2026-12,CALL,39500,25410,,,,,,,,,,,,,
2026/09/08 18:28,2026-09-08T18:43:05+09:00,2026/09/09,2026/12/10,2026-12,PUT,39500,64,,,,29.85,,,1,10,,,,,
2026/09/08 18:28,2026-09-08T18:43:05+09:00,2026/09/09,2026/12/10,2026-12,CALL,39250,25660,,,,,,,,,,,,,
2026/09/08 18:28,2026-09-08T18:43:05+09:00,2026/09/09,2026/12/10,2026-12,PUT,39250,61,,,,,,,,,,,,,
2026/09/08 18:28,2026-09-08T18:43:05+09:00,2026/09/09,2026/12/10,2026-12,CALL,39000,25905,,,,,,,,,,,,,
2026/09/08 18:28,2026-09-08T18:43:05+09:00,2026/09/09,2026/12/10,2026-12,PUT,39000,59,,,,30.57,,,1,10,,,,,
2026/09/08 18:28,2026-09-08T18:43:05+09:00,2026/09/09,2026/12/10,2026-12,CALL,38750,26150,,,,,,,,,,,,,
2026/09/08 18:28,2026-09-08T18:43:05+09:00,2026/09/09,2026/12/10,2026-12,PUT,38750,57,,,,,,,,,,,,,
2026/09/08 18:28,2026-09-08T18:43:05+09:00,2026/09/09,2026/12/10,2026-12,CALL,38500,26400,,,,,,,,,,,,,
2026/09/08 18:28,2026-09-08T18:43:05+09:00,2026/09/09,2026/12/10,2026-12,PUT,38500,55,,,,,,,,,,,,,
2026/09/08 18:28,2026-09-08T18:43:05+09:00,2026/09/09,2026/12/10,2026-12,CALL,38250,26645,,,,,,,,,,,,,
2026/09/08 18:28,2026-09-08T18:43:05+09:00,2026/09/09,2026/12/10,2026-12,PUT,38250,52,,,,,,,,,,,,,
2026/09/08 18:28,2026-09-08T18:43:05+09:00,2026/09/09,2026/12/10,2026-12,CALL,38000,26890,,,,,,,,,,,,,
2026/09/08 18:28,2026-09-08T18:43:05+09:00,2026/09/09,2026/12/10,2026-12,PUT,38000,50,,,,34.94,,,3,1,,,,,
2026/09/08 18:28,2026-09-08T18:43:05+09:00,2026/09/09,2026/12/10,2026-12,CALL,37750,27140,,,,,,,,,,,,,
2026/09/08 18:28,2026-09-08T18:43:05+09:00,2026/09/09,2026/12/10,2026-12,PUT,37750,48,,,,,,,,,,,,,
2026/09/08 18:28,2026-09-08T18:43:05+09:00,2026/09/09,2026/12/10,2026-12,CALL,37500,27385,,,,,,,,,,,,,
2026/09/08 18:28,2026-09-08T18:43:05+09:00,2026/09/09,2026/12/10,2026-12,PUT,37500,46,,,,,,,,,,,,,
2026/09/08 18:28,2026-09-08T18:43:05+09:00,2026/09/09,2026/12/10,2026-12,CALL,37250,27635,,,,,,,,,,,,,
2026/09/08 18:28,2026-09-08T18:43:05+09:00,2026/09/09,2026/12/10,2026-12,PUT,37250,44,,,,,,,,,,,,,
2026/09/08 18:28,2026-09-08T18:43:05+09:00,2026/09/09,2026/12/10,2026-12,CALL,37000,27880,,,,,,,,,,,,,
2026/09/08 18:28,2026-09-08T18:43:05+09:00,2026/09/09,2026/12/10,2026-12,PUT,37000,44,,,,33.54,,,1,10,,,,,
2026/09/08 18:28,2026-09-08T18:43:05+09:00,2026/09/09,2026/12/10,2026-12,CALL,36750,28130,,,,,,,,,,,,,
2026/09/08 18:28,2026-09-08T18:43:05+09:00,2026/09/09,2026/12/10,2026-12,PUT,36750,43,,,,,,,,,,,,,
2026/09/08 18:28,2026-09-08T18:43:05+09:00,2026/09/09,2026/12/10,2026-12,CALL,36500,28375,,,,,,,,,,,,,
2026/09/08 18:28,2026-09-08T18:43:05+09:00,2026/09/09,2026/12/10,2026-12,PUT,36500,39,,,,,,,,,,,,,
2026/09/08 18:28,2026-09-08T18:43:05+09:00,2026/09/09,2026/12/10,2026-12,CALL,36250,28625,,,,,,,,,,,,,
2026/09/08 18:28,2026-09-08T18:43:05+09:00,2026/09/09,2026/12/10,2026-12,PUT,36250,38,,,,,,,,,,,,,
2026/09/08 18:28,2026-09-08T18:43:05+09:00,2026/09/09,2026/12/10,2026-12,CALL,36000,28870,,,,,,,,,,,,,
2026/09/08 18:28,2026-09-08T18:43:05+09:00,2026/09/09,2026/12/10,2026-12,PUT,36000,36,,,,35.08,,,1,10,,,,,
2026/09/08 18:28,2026-09-08T18:43:05+09:00,2026/09/09,2026/12/10,2026-12,CALL,35750,29120,,,,,,,,,,,,,
2026/09/08 18:28,2026-09-08T18:43:05+09:00,2026/09/09,2026/12/10,2026-12,PUT,35750,35,,,,,,,,,,,,,
2026/09/08 18:28,2026-09-08T18:43:05+09:00,2026/09/09,2026/12/10,2026-12,CALL,35500,29365,,,,,,,,,,,,,
2026/09/08 18:28,2026-09-08T18:43:05+09:00,2026/09/09,2026/12/10,2026-12,PUT,35500,33,,,,,,,,,,,,,
2026/09/08 18:28,2026-09-08T18:43:05+09:00,2026/09/09,2026/12/10,2026-12,CALL,35250,29615,,,,,,,,,,,,,
2026/09/08 18:28,2026-09-08T18:43:05+09:00,2026/09/09,2026/12/10,2026-12,PUT,35250,32,,,,,,,,,,,,,
2026/09/08 18:28,2026-09-08T18:43:05+09:00,2026/09/09,2026/12/10,2026-12,CALL,35000,29860,,,,,,,,,,,,,
2026/09/08 18:28,2026-09-08T18:43:05+09:00,2026/09/09,2026/12/10,2026-12,PUT,35000,45,,,,52.85,,,45,2,,,,,
2026/09/08 18:28,2026-09-08T18:43:05+09:00,2026/09/09,2026/12/10,2026-12,CALL,34750,30110,,,,,,,,,,,,,
2026/09/08 18:28,2026-09-08T18:43:05+09:00,2026/09/09,2026/12/10,2026-12,PUT,34750,39,,,,,,,,,,,,,
2026/09/08 18:28,2026-09-08T18:43:05+09:00,2026/09/09,2026/12/10,2026-12,CALL,34500,30355,,,,,,,,,,,,,
2026/09/08 18:28,2026-09-08T18:43:05+09:00,2026/09/09,2026/12/10,2026-12,PUT,34500,28,,,,,,,,,,,,,
2026/09/08 18:28,2026-09-08T18:43:05+09:00,2026/09/09,2026/12/10,2026-12,CALL,34250,30605,,,,,,,,,,,,,
2026/09/08 18:28,2026-09-08T18:43:05+09:00,2026/09/09,2026/12/10,2026-12,PUT,34250,27,,,,,,,,,,,,,
2026/09/08 18:28,2026-09-08T18:43:05+09:00,2026/09/09,2026/12/10,2026-12,CALL,34000,30850,,,,,,,,,,,,,
2026/09/08 18:28,2026-09-08T18:43:05+09:00,2026/09/09,2026/12/10,2026-12,PUT,34000,26,,,,38.3,,,1,10,,,,,
2026/09/08 18:28,2026-09-08T18:43:05+09:00,2026/09/09,2026/12/10,2026-12,CALL,33750,31100,,,,,,,,,,,,,
2026/09/08 18:28,2026-09-08T18:43:05+09:00,2026/09/09,2026/12/10,2026-12,PUT,33750,25,,,,,,,,,,,,,
2026/09/08 18:28,2026-09-08T18:43:05+09:00,2026/09/09,2026/12/10,2026-12,CALL,33500,31345,,,,,,,,,,,,,
2026/09/08 18:28,2026-09-08T18:43:05+09:00,2026/09/09,2026/12/10,2026-12,PUT,33500,24,,,,,,,,,,,,,
2026/09/08 18:28,2026-09-08T18:43:05+09:00,2026/09/09,2026/12/10,2026-12,CALL,33250,31595,,,,,,,,,,,,,
2026/09/08 18:28,2026-09-08T18:43:05+09:00,2026/09/09,2026/12/10,2026-12,PUT,33250,23,,,,,,,,,,,,,
2026/09/08 18:28,2026-09-08T18:43:05+09:00,2026/09/09,2026/12/10,2026-12,CALL,33000,31845,,,,,,,,,,,,,
2026/09/08 18:28,2026-09-08T18:43:05+09:00,2026/09/09,2026/12/10,2026-12,PUT,33000,22,,,,50.58,,,15,1,,,,,
2026/09/08 18:28,2026-09-08T18:43:05+09:00,2026/09/09,2026/12/10,2026-12,CALL,32750,32090,,,,,,,,,,,,,
2026/09/08 18:28,2026-09-08T18:43:05+09:00,2026/09/09,2026/12/10,2026-12,PUT,32750,21,,,,,,,,,,,,,
2026/09/08 18:28,2026-09-08T18:43:05+09:00,2026/09/09,2026/12/10,2026-12,CALL,32500,32340,,,,,,,,,,,,,
2026/09/08 18:28,2026-09-08T18:43:05+09:00,2026/09/09,2026/12/10,2026-12,PUT,32500,20,,,,,,,,,,,,,
2026/09/08 18:28,2026-09-08T18:43:05+09:00,2026/09/09,2026/12/10,2026-12,CALL,32250,32590,,,,,,,,,,,,,
2026/09/08 18:28,2026-09-08T18:43:05+09:00,2026/09/09,2026/12/10,2026-12,PUT,32250,19,,,,,,,,,,,,,
2026/09/08 18:28,2026-09-08T18:43:05+09:00,2026/09/09,2026/12/10,2026-12,CALL,32000,32835,,,,,,,,,,,,,
2026/09/08 18:28,2026-09-08T18:43:05+09:00,2026/09/09,2026/12/10,2026-12,PUT,32000,18,,,,41.7,,,1,10,,,,,
2026/09/08 18:28,2026-09-08T18:43:05+09:00,2026/09/09,2026/12/10,2026-12,CALL,31750,33085,,,,,,,,,,,,,
2026/09/08 18:28,2026-09-08T18:43:05+09:00,2026/09/09,2026/12/10,2026-12,PUT,31750,17,,,,,,,,,,,,,
2026/09/08 18:28,2026-09-08T18:43:05+09:00,2026/09/09,2026/12/10,2026-12,CALL,31500,33330,,,,,,,,,,,,,
2026/09/08 18:28,2026-09-08T18:43:05+09:00,2026/09/09,2026/12/10,2026-12,PUT,31500,17,,,,,,,,,,,,,
2026/09/08 18:28,2026-09-08T18:43:05+09:00,2026/09/09,2026/12/10,2026-12,CALL,31250,33580,,,,,,,,,,,,,
2026/09/08 18:28,2026-09-08T18:43:05+09:00,2026/09/09,2026/12/10,2026-12,PUT,31250,16,,,,,,,,,,,,,
2026/09/08 18:28,2026-09-08T18:43:05+09:00,2026/09/09,2026/12/10,2026-12,CALL,31000,33830,,,,,,,,,,,,,
2026/09/08 18:28,2026-09-08T18:43:05+09:00,2026/09/09,2026/12/10,2026-12,PUT,31000,15,,,,43.48,,,1,10,,,,,
2026/09/08 18:28,2026-09-08T18:43:05+09:00,2026/09/09,2026/12/10,2026-12,CALL,30750,34075,,,,,,,,,,,,,
2026/09/08 18:28,2026-09-08T18:43:05+09:00,2026/09/09,2026/12/10,2026-12,PUT,30750,14,,,,,,,,,,,,,
2026/09/08 18:28,2026-09-08T18:43:05+09:00,2026/09/09,2026/12/10,2026-12,CALL,30500,34325,,,,,,,,,,,,,
2026/09/08 18:28,2026-09-08T18:43:05+09:00,2026/09/09,2026/12/10,2026-12,PUT,30500,14,,,80.33,,220,1,,,,,,,
2026/09/08 18:28,2026-09-08T18:43:05+09:00,2026/09/09,2026/12/10,2026-12,CALL,30250,34575,,,,,,,,,,,,,
2026/09/08 18:28,2026-09-08T18:43:05+09:00,2026/09/09,2026/12/10,2026-12,PUT,30250,13,,,,,,,,,,,,,
2026/09/08 18:28,2026-09-08T18:43:05+09:00,2026/09/09,2026/12/10,2026-12,CALL,30000,34820,,,,,,,,,,,,,
2026/09/08 18:28,2026-09-08T18:43:05+09:00,2026/09/09,2026/12/10,2026-12,PUT,30000,20,,2,65.69,61.96,50,3,31,12,64.46,,,44,09/08 17:13
2026/09/08 18:28,2026-09-08T18:43:05+09:00,2026/09/09,2026/12/10,2026-12,CALL,29750,35070,,,,,,,,,,,,,
2026/09/08 18:28,2026-09-08T18:43:05+09:00,2026/09/09,2026/12/10,2026-12,PUT,29750,12,,,,,,,,,,,,,
2026/09/08 18:28,2026-09-08T18:43:05+09:00,2026/09/09,2026/12/10,2026-12,CALL,29500,35320,,,,,,,,,,,,,
2026/09/08 18:28,2026-09-08T18:43:05+09:00,2026/09/09,2026/12/10,2026-12,PUT,29500,11,,,,,,,,,,,,,
2026/09/08 18:28,2026-09-08T18:43:05+09:00,2026/09/09,2026/12/10,2026-12,CALL,29250,35565,,,,,,,,,,,,,
2026/09/08 18:28,2026-09-08T18:43:05+09:00,2026/09/09,2026/12/10,2026-12,PUT,29250,11,,,,,,,,,,,,,
2026/09/08 18:28,2026-09-08T18:43:05+09:00,2026/09/09,2026/12/10,2026-12,CALL,29000,35815,,,,,,,,,,,,,
2026/09/08 18:28,2026-09-08T18:43:05+09:00,2026/09/09,2026/12/10,2026-12,PUT,29000,10,,,,53.63,,,5,1,,,,,
2026/09/08 18:28,2026-09-08T18:43:05+09:00,2026/09/09,2026/12/10,2026-12,CALL,28750,36065,,,,,,,,,,,,,
2026/09/08 18:28,2026-09-08T18:43:05+09:00,2026/09/09,2026/12/10,2026-12,PUT,28750,10,,,,,,,,,,,,,
2026/09/08 18:28,2026-09-08T18:43:05+09:00,2026/09/09,2026/12/10,2026-12,CALL,28500,36315,,,,,,,,,,,,,
2026/09/08 18:28,2026-09-08T18:43:05+09:00,2026/09/09,2026/12/10,2026-12,PUT,28500,9,,,,,,,,,,,,,
2026/09/08 18:28,2026-09-08T18:43:05+09:00,2026/09/09,2026/12/10,2026-12,CALL,28250,36560,,,,,,,,,,,,,
2026/09/08 18:28,2026-09-08T18:43:05+09:00,2026/09/09,2026/12/10,2026-12,PUT,28250,9,,,,,,,,,,,,,
2026/09/08 18:28,2026-09-08T18:43:05+09:00,2026/09/09,2026/12/10,2026-12,CALL,28000,36810,,,,,,,,,,,,,
2026/09/08 18:28,2026-09-08T18:43:05+09:00,2026/09/09,2026/12/10,2026-12,PUT,28000,18,,,,60.07,,,11,1,,,,,
2026/09/08 18:28,2026-09-08T18:43:05+09:00,2026/09/09,2026/12/10,2026-12,CALL,27750,37060,,,,,,,,,,,,,
2026/09/08 18:28,2026-09-08T18:43:05+09:00,2026/09/09,2026/12/10,2026-12,PUT,27750,8,,,,,,,,,,,,,
2026/09/08 18:28,2026-09-08T18:43:05+09:00,2026/09/09,2026/12/10,2026-12,CALL,27500,37305,,,,,,,,,,,,,
2026/09/08 18:28,2026-09-08T18:43:05+09:00,2026/09/09,2026/12/10,2026-12,PUT,27500,7,,,,,,,,,,,,,
2026/09/08 18:28,2026-09-08T18:43:05+09:00,2026/09/09,2026/12/10,2026-12,CALL,27250,37555,,,,,,,,,,,,,
2026/09/08 18:28,2026-09-08T18:43:05+09:00,2026/09/09,2026/12/10,2026-12,PUT,27250,7,,,,,,,,,,,,,
2026/09/08 18:28,2026-09-08T18:43:05+09:00,2026/09/09,2026/12/10,2026-12,CALL,27000,37805,,,,,,,,,,,,,
2026/09/08 18:28,2026-09-08T18:43:05+09:00,2026/09/09,2026/12/10,2026-12,PUT,27000,13,,,,57.02,,,4,5,,,,,
2026/09/08 18:28,2026-09-08T18:43:05+09:00,2026/09/09,2026/12/10,2026-12,CALL,26750,38055,,,,,,,,,,,,,
2026/09/08 18:28,2026-09-08T18:43:05+09:00,2026/09/09,2026/12/10,2026-12,PUT,26750,6,,,,,,,,,,,,,
2026/09/08 18:28,2026-09-08T18:43:05+09:00,2026/09/09,2026/12/10,2026-12,CALL,26500,38300,,,,,,,,,,,,,
2026/09/08 18:28,2026-09-08T18:43:05+09:00,2026/09/09,2026/12/10,2026-12,PUT,26500,10,,,,63.19,,,10,2,,,,,
2026/09/08 18:28,2026-09-08T18:43:05+09:00,2026/09/09,2026/12/10,2026-12,CALL,26250,38550,,,,,,,,,,,,,
2026/09/08 18:28,2026-09-08T18:43:05+09:00,2026/09/09,2026/12/10,2026-12,PUT,26250,6,,,,,,,,,,,,,
2026/09/08 18:28,2026-09-08T18:43:05+09:00,2026/09/09,2026/12/10,2026-12,CALL,26000,38800,,,,,,,,,,,,,
2026/09/08 18:28,2026-09-08T18:43:05+09:00,2026/09/09,2026/12/10,2026-12,PUT,26000,5,,,76.92,53.33,50,1,1,10,,,,,
2026/09/08 18:28,2026-09-08T18:43:05+09:00,2026/09/09,2026/12/10,2026-12,CALL,25750,39045,,,,,,,,,,,,,
2026/09/08 18:28,2026-09-08T18:43:05+09:00,2026/09/09,2026/12/10,2026-12,PUT,25750,5,,,,,,,,,,,,,
2026/09/08 18:28,2026-09-08T18:43:05+09:00,2026/09/09,2026/12/10,2026-12,CALL,25500,39295,,,,,,,,,,,,,
2026/09/08 18:28,2026-09-08T18:43:05+09:00,2026/09/09,2026/12/10,2026-12,PUT,25500,5,,,,,,,,,,,,,
2026/09/08 18:28,2026-09-08T18:43:05+09:00,2026/09/09,2026/12/10,2026-12,CALL,25250,39545,,,,,,,,,,,,,
2026/09/08 18:28,2026-09-08T18:43:05+09:00,2026/09/09,2026/12/10,2026-12,PUT,25250,5,,,,,,,,,,,,,
2026/09/08 18:28,2026-09-08T18:43:05+09:00,2026/09/09,2026/12/10,2026-12,CALL,25000,39795,,,,,,,,,,,,,
2026/09/08 18:28,2026-09-08T18:43:05+09:00,2026/09/09,2026/12/10,2026-12,PUT,25000,6,,,75.26,63.99,30,1,6,8,,,,,
2026/09/08 18:28,2026-09-08T18:43:05+09:00,2026/09/09,2026/12/10,2026-12,CALL,24750,40040,,,,,,,,,,,,,
2026/09/08 18:28,2026-09-08T18:43:05+09:00,2026/09/09,2026/12/10,2026-12,PUT,24750,4,,,,,,,,,,,,,
2026/09/08 18:28,2026-09-08T18:43:05+09:00,2026/09/09,2026/12/10,2026-12,CALL,24500,40290,,,,,,,,,,,,,
2026/09/08 18:28,2026-09-08T18:43:05+09:00,2026/09/09,2026/12/10,2026-12,PUT,24500,4,,,,,,,,,,,,,
2026/09/08 18:28,2026-09-08T18:43:05+09:00,2026/09/09,2026/12/10,2026-12,CALL,24250,40540,,,,,,,,,,,,,
2026/09/08 18:28,2026-09-08T18:43:05+09:00,2026/09/09,2026/12/10,2026-12,PUT,24250,4,,,,,,,,,,,,,
2026/09/08 18:28,2026-09-08T18:43:05+09:00,2026/09/09,2026/12/10,2026-12,CALL,24000,40790,,,,,,,,,,,,,
2026/09/08 18:28,2026-09-08T18:43:05+09:00,2026/09/09,2026/12/10,2026-12,PUT,24000,3,,,80.97,,40,1,,,,,,,
2026/09/08 18:28,2026-09-08T18:43:05+09:00,2026/09/09,2026/12/10,2026-12,CALL,23750,41035,,,,,,,,,,,,,
2026/09/08 18:28,2026-09-08T18:43:05+09:00,2026/09/09,2026/12/10,2026-12,PUT,23750,3,,,,,,,,,,,,,
2026/09/08 18:28,2026-09-08T18:43:05+09:00,2026/09/09,2026/12/10,2026-12,CALL,23500,41285,,,,,,,,,,,,,
2026/09/08 18:28,2026-09-08T18:43:05+09:00,2026/09/09,2026/12/10,2026-12,PUT,23500,3,,,,,,,,,,,,,
2026/09/08 18:28,2026-09-08T18:43:05+09:00,2026/09/09,2026/12/10,2026-12,CALL,23250,41535,,,,,,,,,,,,,
2026/09/08 18:28,2026-09-08T18:43:05+09:00,2026/09/09,2026/12/10,2026-12,PUT,23250,7,,,,69.59,,,7,1,,,,,
2026/09/08 18:28,2026-09-08T18:43:05+09:00,2026/09/09,2026/12/10,2026-12,CALL,23000,41785,,,,,,,,,,,,,
2026/09/08 18:28,2026-09-08T18:43:05+09:00,2026/09/09,2026/12/10,2026-12,PUT,23000,3,,,,63.34,,,2,1,,,,,
2026/09/08 18:28,2026-09-08T18:43:05+09:00,2026/09/09,2026/12/10,2026-12,CALL,22750,42030,,,,,,,,,,,,,
2026/09/08 18:28,2026-09-08T18:43:05+09:00,2026/09/09,2026/12/10,2026-12,PUT,22750,2,,,,,,,,,,,,,
2026/09/08 18:28,2026-09-08T18:43:05+09:00,2026/09/09,2026/12/10,2026-12,CALL,22500,42280,,,,,,,,,,,,,
2026/09/08 18:28,2026-09-08T18:43:05+09:00,2026/09/09,2026/12/10,2026-12,PUT,22500,2,,,,,,,,,,,,,
2026/09/08 18:28,2026-09-08T18:43:05+09:00,2026/09/09,2026/12/10,2026-12,CALL,22250,42530,,,,,,,,,,,,,
2026/09/08 18:28,2026-09-08T18:43:05+09:00,2026/09/09,2026/12/10,2026-12,PUT,22250,2,,,,,,,,,,,,,
2026/09/08 18:28,2026-09-08T18:43:05+09:00,2026/09/09,2026/12/10,2026-12,CALL,22000,42780,,,,,,,,,,,,,
2026/09/08 18:28,2026-09-08T18:43:05+09:00,2026/09/09,2026/12/10,2026-12,PUT,22000,2,,,98.74,62.7,100,1,1,2,,,,,
2026/09/08 18:28,2026-09-08T18:43:05+09:00,2026/09/09,2026/12/10,2026-12,CALL,21750,43030,,,,,,,,,,,,,
2026/09/08 18:28,2026-09-08T18:43:05+09:00,2026/09/09,2026/12/10,2026-12,PUT,21750,2,,,,,,,,,,,,,
2026/09/08 18:28,2026-09-08T18:43:05+09:00,2026/09/09,2026/12/10,2026-12,CALL,21500,43275,,,,,,,,,,,,,
2026/09/08 18:28,2026-09-08T18:43:05+09:00,2026/09/09,2026/12/10,2026-12,PUT,21500,2,,,,,,,,,,,,,
2026/09/08 18:28,2026-09-08T18:43:05+09:00,2026/09/09,2026/12/10,2026-12,CALL,21250,43525,,,,,,,,,,,,,
2026/09/08 18:28,2026-09-08T18:43:05+09:00,2026/09/09,2026/12/10,2026-12,PUT,21250,2,,,,,,,,,,,,,
2026/09/08 18:28,2026-09-08T18:43:05+09:00,2026/09/09,2026/12/10,2026-12,CALL,21000,43775,,,,,,,,,,,,,
2026/09/08 18:28,2026-09-08T18:43:05+09:00,2026/09/09,2026/12/10,2026-12,PUT,21000,2,,,,,,,,,,,,,
2026/09/08 18:28,2026-09-08T18:43:05+09:00,2026/09/09,2026/12/10,2026-12,CALL,20750,44025,,,,,,,,,,,,,
2026/09/08 18:28,2026-09-08T18:43:05+09:00,2026/09/09,2026/12/10,2026-12,PUT,20750,2,,,,,,,,,,,,,
2026/09/08 18:28,2026-09-08T18:43:05+09:00,2026/09/09,2026/12/10,2026-12,CALL,20500,44270,,,,,,,,,,,,,
2026/09/08 18:28,2026-09-08T18:43:05+09:00,2026/09/09,2026/12/10,2026-12,PUT,20500,2,,,,,,,,,,,,,
2026/09/08 18:28,2026-09-08T18:43:05+09:00,2026/09/09,2026/12/10,2026-12,CALL,20250,44520,,,,,,,,,,,,,
2026/09/08 18:28,2026-09-08T18:43:05+09:00,2026/09/09,2026/12/10,2026-12,PUT,20250,2,,,,,,,,,,,,,
2026/09/08 18:28,2026-09-08T18:43:05+09:00,2026/09/09,2026/12/10,2026-12,CALL,20000,44770,,,,,,,,,,,,,
2026/09/08 18:28,2026-09-08T18:43:05+09:00,2026/09/09,2026/12/10,2026-12,PUT,20000,9,,,87.9,81.21,20,1,9,1,,,,,
2026/09/08 18:28,2026-09-08T18:43:05+09:00,2026/09/09,2026/12/10,2026-12,CALL,19750,45020,,,,,,,,,,,,,
2026/09/08 18:28,2026-09-08T18:43:05+09:00,2026/09/09,2026/12/10,2026-12,PUT,19750,2,,,,,,,,,,,,,
2026/09/08 18:28,2026-09-08T18:43:05+09:00,2026/09/09,2026/12/10,2026-12,CALL,19500,45270,,,,,,,,,,,,,
2026/09/08 18:28,2026-09-08T18:43:05+09:00,2026/09/09,2026/12/10,2026-12,PUT,19500,2,,,,,,,,,,,,,
2026/09/08 18:28,2026-09-08T18:43:05+09:00,2026/09/09,2026/12/10,2026-12,CALL,19250,45515,,,,,,,,,,,,,
2026/09/08 18:28,2026-09-08T18:43:05+09:00,2026/09/09,2026/12/10,2026-12,PUT,19250,2,,,,,,,,,,,,,
2026/09/08 18:28,2026-09-08T18:43:05+09:00,2026/09/09,2026/12/10,2026-12,CALL,19000,45765,,,,,,,,,,,,,
2026/09/08 18:28,2026-09-08T18:43:05+09:00,2026/09/09,2026/12/10,2026-12,PUT,19000,1,,,,70.93,,,1,1,,,,,
2026/09/08 18:28,2026-09-08T18:43:05+09:00,2026/09/09,2026/12/10,2026-12,CALL,18750,46015,,,,,,,,,,,,,
2026/09/08 18:28,2026-09-08T18:43:05+09:00,2026/09/09,2026/12/10,2026-12,PUT,18750,1,,,,,,,,,,,,,
2026/09/08 18:28,2026-09-08T18:43:05+09:00,2026/09/09,2026/12/10,2026-12,CALL,18500,46265,,,,,,,,,,,,,
2026/09/08 18:28,2026-09-08T18:43:05+09:00,2026/09/09,2026/12/10,2026-12,PUT,18500,1,,,,,,,,,,,,,
2026/09/08 18:28,2026-09-08T18:43:05+09:00,2026/09/09,2026/12/10,2026-12,CALL,18250,46510,,,,,,,,,,,,,
2026/09/08 18:28,2026-09-08T18:43:05+09:00,2026/09/09,2026/12/10,2026-12,PUT,18250,1,,,,,,,,,,,,,
2026/09/08 18:28,2026-09-08T18:43:05+09:00,2026/09/09,2026/12/10,2026-12,CALL,18000,46760,,,,,,,,,,,,,
2026/09/08 18:28,2026-09-08T18:43:05+09:00,2026/09/09,2026/12/10,2026-12,PUT,18000,2,,,,77.78,,,2,1,,,,,
2026/09/08 18:28,2026-09-08T18:43:05+09:00,2026/09/09,2026/12/10,2026-12,CALL,17750,47010,,,,,,,,,,,,,
2026/09/08 18:28,2026-09-08T18:43:05+09:00,2026/09/09,2026/12/10,2026-12,PUT,17750,1,,,,,,,,,,,,,
2026/09/08 18:28,2026-09-08T18:43:05+09:00,2026/09/09,2026/12/10,2026-12,CALL,17500,47260,,,,,,,,,,,,,
2026/09/08 18:28,2026-09-08T18:43:05+09:00,2026/09/09,2026/12/10,2026-12,PUT,17500,1,,,,,,,,,,,,,
2026/09/08 18:28,2026-09-08T18:43:05+09:00,2026/09/09,2026/12/10,2026-12,CALL,17250,47510,,,,,,,,,,,,,
2026/09/08 18:28,2026-09-08T18:43:05+09:00,2026/09/09,2026/12/10,2026-12,PUT,17250,1,,,,,,,,,,,,,
2026/09/08 18:28,2026-09-08T18:43:05+09:00,2026/09/09,2026/12/10,2026-12,CALL,17000,47755,,,,,,,,,,,,,
2026/09/08 18:28,2026-09-08T18:43:05+09:00,2026/09/09,2026/12/10,2026-12,PUT,17000,1,,,,,,,,,,,,,
2026/09/08 18:28,2026-09-08T18:43:05+09:00,2026/09/09,2026/12/10,2026-12,CALL,16750,48005,,,,,,,,,,,,,
2026/09/08 18:28,2026-09-08T18:43:05+09:00,2026/09/09,2026/12/10,2026-12,PUT,16750,1,,,,,,,,,,,,,
2026/09/08 18:28,2026-09-08T18:43:05+09:00,2026/09/09,2026/12/10,2026-12,CALL,16500,48255,,,,,,,,,,,,,
2026/09/08 18:28,2026-09-08T18:43:05+09:00,2026/09/09,2026/12/10,2026-12,PUT,16500,1,,,,,,,,,,,,,
2026/09/08 18:28,2026-09-08T18:43:05+09:00,2026/09/09,2026/12/10,2026-12,CALL,16250,48505,,,,,,,,,,,,,
2026/09/08 18:28,2026-09-08T18:43:05+09:00,2026/09/09,2026/12/10,2026-12,PUT,16250,1,,,,,,,,,,,,,
2026/09/08 18:28,2026-09-08T18:43:05+09:00,2026/09/09,2026/12/10,2026-12,CALL,16000,48755,,,,,,,,,,,,,
2026/09/08 18:28,2026-09-08T18:43:05+09:00,2026/09/09,2026/12/10,2026-12,PUT,16000,1,,,,80.6,,,1,1,,,,,
2026/09/08 18:28,2026-09-08T18:43:05+09:00,2026/09/09,2026/12/10,2026-12,CALL,15750,49000,,,,,,,,,,,,,
2026/09/08 18:28,2026-09-08T18:43:05+09:00,2026/09/09,2026/12/10,2026-12,PUT,15750,1,,,,,,,,,,,,,
2026/09/08 18:28,2026-09-08T18:43:05+09:00,2026/09/09,2026/12/10,2026-12,CALL,15500,49250,,,,,,,,,,,,,
2026/09/08 18:28,2026-09-08T18:43:05+09:00,2026/09/09,2026/12/10,2026-12,PUT,15500,1,,,,,,,,,,,,,
2026/09/08 18:28,2026-09-08T18:43:05+09:00,2026/09/09,2026/12/10,2026-12,CALL,15250,49500,,,,,,,,,,,,,
2026/09/08 18:28,2026-09-08T18:43:05+09:00,2026/09/09,2026/12/10,2026-12,PUT,15250,1,,,,,,,,,,,,,
2026/09/08 18:28,2026-09-08T18:43:05+09:00,2026/09/09,2026/12/10,2026-12,CALL,15000,49750,,,,,,,,,,,,,
2026/09/08 18:28,2026-09-08T18:43:05+09:00,2026/09/09,2026/12/10,2026-12,PUT,15000,3,,,,88.58,,,2,1,,,,,
2026/09/08 18:28,2026-09-08T18:43:05+09:00,2026/09/09,2026/12/10,2026-12,CALL,14750,50000,,,,,,,,,,,,,
2026/09/08 18:28,2026-09-08T18:43:05+09:00,2026/09/09,2026/12/10,2026-12,PUT,14750,1,,,,,,,,,,,,,
2026/09/08 18:28,2026-09-08T18:43:05+09:00,2026/09/09,2026/12/10,2026-12,CALL,14500,50245,,,,,,,,,,,,,
2026/09/08 18:28,2026-09-08T18:43:05+09:00,2026/09/09,2026/12/10,2026-12,PUT,14500,1,,,,,,,,,,,,,
2026/09/08 18:28,2026-09-08T18:43:05+09:00,2026/09/09,2026/12/10,2026-12,CALL,14250,50495,,,,,,,,,,,,,
2026/09/08 18:28,2026-09-08T18:43:05+09:00,2026/09/09,2026/12/10,2026-12,PUT,14250,1,,,,,,,,,,,,,
2026/09/08 18:28,2026-09-08T18:43:05+09:00,2026/09/09,2026/12/10,2026-12,CALL,14000,50745,,,,,,,,,,,,,
2026/09/08 18:28,2026-09-08T18:43:05+09:00,2026/09/09,2026/12/10,2026-12,PUT,14000,2,,,,92.68,,,2,1,,,,,
2026/09/08 18:28,2026-09-08T18:43:05+09:00,2026/09/09,2026/12/10,2026-12,CALL,13750,50995,,,,,,,,,,,,,
2026/09/08 18:28,2026-09-08T18:43:05+09:00,2026/09/09,2026/12/10,2026-12,PUT,13750,1,,,,,,,,,,,,,
2026/09/08 18:28,2026-09-08T18:43:05+09:00,2026/09/09,2026/12/10,2026-12,CALL,13500,51245,,,,,,,,,,,,,
2026/09/08 18:28,2026-09-08T18:43:05+09:00,2026/09/09,2026/12/10,2026-12,PUT,13500,1,,,,90.21,,,1,100,,,,,
2026/09/08 18:28,2026-09-08T18:43:05+09:00,2026/09/09,2026/12/10,2026-12,CALL,13250,51490,,,,,,,,,,,,,
2026/09/08 18:28,2026-09-08T18:43:05+09:00,2026/09/09,2026/12/10,2026-12,PUT,13250,1,,,,,,,,,,,,,
2026/09/08 18:28,2026-09-08T18:43:05+09:00,2026/09/09,2026/12/10,2026-12,CALL,13000,51740,,,,,,,,,,,,,
2026/09/08 18:28,2026-09-08T18:43:05+09:00,2026/09/09,2026/12/10,2026-12,PUT,13000,3,,,,102.55,,,4,1,,,,,
2026/09/08 18:28,2026-09-08T18:43:05+09:00,2026/09/09,2026/12/10,2026-12,CALL,12750,51990,,,,,,,,,,,,,
2026/09/08 18:28,2026-09-08T18:43:05+09:00,2026/09/09,2026/12/10,2026-12,PUT,12750,1,,,,93.46,,,1,1,,,,,
2026/09/08 18:28,2026-09-08T18:43:05+09:00,2026/09/09,2026/12/10,2026-12,CALL,12500,52240,,,,,,,,,,,,,
2026/09/08 18:28,2026-09-08T18:43:05+09:00,2026/09/09,2026/12/10,2026-12,PUT,12500,4,,3,108.69,107,6,3,5,3,108.61,2,50,6,09/08 17:26
