qri_update_time,collected_at,trading_day,last_trading_day,contract,option_type,strike,settlement,open_interest,volume,ask_iv,bid_iv,ask_price,ask_quantity,bid_price,bid_quantity,iv,change,change_percent,last_price,trade_time
2026/09/29 17:50,2026-09-29T18:05:16+09:00,2026/09/30,2026/10/08,2026-10,CALL,78500,2,,10,36.57,34.48,2,11,1,12,34.89,,,1,09/29 17:07
2026/09/29 17:50,2026-09-29T18:05:16+09:00,2026/09/30,2026/10/08,2026-10,PUT,78500,12885,,,,,,,,,,,,,
2026/09/29 17:50,2026-09-29T18:05:16+09:00,2026/09/30,2026/10/08,2026-10,CALL,78000,2,,,35.38,33.36,2,115,1,18,,,,,
2026/09/29 17:50,2026-09-29T18:05:16+09:00,2026/09/30,2026/10/08,2026-10,PUT,78000,12385,,,,,,,,,,,,,
2026/09/29 17:50,2026-09-29T18:05:16+09:00,2026/09/30,2026/10/08,2026-10,CALL,77500,2,,,34.18,32.22,2,8,1,7,,,,,
2026/09/29 17:50,2026-09-29T18:05:16+09:00,2026/09/30,2026/10/08,2026-10,PUT,77500,11885,,,,,,,,,,,,,
2026/09/29 17:50,2026-09-29T18:05:16+09:00,2026/09/30,2026/10/08,2026-10,CALL,77000,2,,,32.98,31.07,2,69,1,31,,,,,
2026/09/29 17:50,2026-09-29T18:05:16+09:00,2026/09/30,2026/10/08,2026-10,PUT,77000,11385,,,,,,,,,,,,,
2026/09/29 17:50,2026-09-29T18:05:16+09:00,2026/09/30,2026/10/08,2026-10,CALL,76500,2,,,31.75,29.9,2,51,1,13,,,,,
2026/09/29 17:50,2026-09-29T18:05:16+09:00,2026/09/30,2026/10/08,2026-10,PUT,76500,10885,,,,,,,,,,,,,
2026/09/29 17:50,2026-09-29T18:05:16+09:00,2026/09/30,2026/10/08,2026-10,CALL,76250,2,,1,31.14,29.32,2,50,1,1,31.65,0,0,2,09/29 17:08
2026/09/29 17:50,2026-09-29T18:05:16+09:00,2026/09/30,2026/10/08,2026-10,PUT,76250,10640,,,,,,,,,,,,,
2026/09/29 17:50,2026-09-29T18:05:16+09:00,2026/09/30,2026/10/08,2026-10,CALL,76000,2,,7,30.52,28.73,2,50,1,127,30.94,0,0,2,09/29 17:09
2026/09/29 17:50,2026-09-29T18:05:16+09:00,2026/09/30,2026/10/08,2026-10,PUT,76000,10390,,,,,,,,,,,,,
2026/09/29 17:50,2026-09-29T18:05:16+09:00,2026/09/30,2026/10/08,2026-10,CALL,75750,3,,,31.07,29.9,3,6,2,12,,,,,
2026/09/29 17:50,2026-09-29T18:05:16+09:00,2026/09/30,2026/10/08,2026-10,PUT,75750,10140,,,,,,,,,,,,,
2026/09/29 17:50,2026-09-29T18:05:16+09:00,2026/09/30,2026/10/08,2026-10,CALL,75500,3,,,30.42,29.27,3,59,2,6,,,,,
2026/09/29 17:50,2026-09-29T18:05:16+09:00,2026/09/30,2026/10/08,2026-10,PUT,75500,9890,,,,,,,,,,,,,
2026/09/29 17:50,2026-09-29T18:05:16+09:00,2026/09/30,2026/10/08,2026-10,CALL,75250,5,,,34.68,28.64,12,11,2,10,,,,,
2026/09/29 17:50,2026-09-29T18:05:16+09:00,2026/09/30,2026/10/08,2026-10,PUT,75250,9640,,,,,,,,,,,,,
2026/09/29 17:50,2026-09-29T18:05:16+09:00,2026/09/30,2026/10/08,2026-10,CALL,75000,3,,,29.12,28.01,3,46,2,38,,,,,
2026/09/29 17:50,2026-09-29T18:05:16+09:00,2026/09/30,2026/10/08,2026-10,PUT,75000,9390,,,,,,,,,,,,,
2026/09/29 17:50,2026-09-29T18:05:16+09:00,2026/09/30,2026/10/08,2026-10,CALL,74750,3,,,28.46,27.38,3,35,2,32,,,,,
2026/09/29 17:50,2026-09-29T18:05:16+09:00,2026/09/30,2026/10/08,2026-10,PUT,74750,9140,,,,,,,,,,,,,
2026/09/29 17:50,2026-09-29T18:05:16+09:00,2026/09/30,2026/10/08,2026-10,CALL,74500,4,,,28.63,27.8,4,47,3,35,,,,,
2026/09/29 17:50,2026-09-29T18:05:16+09:00,2026/09/30,2026/10/08,2026-10,PUT,74500,8890,,,,,,,,,,,,,
2026/09/29 17:50,2026-09-29T18:05:16+09:00,2026/09/30,2026/10/08,2026-10,CALL,74250,4,,,27.95,27.14,4,54,3,21,,,,,
2026/09/29 17:50,2026-09-29T18:05:16+09:00,2026/09/30,2026/10/08,2026-10,PUT,74250,8640,,,,,,,,,,,,,
2026/09/29 17:50,2026-09-29T18:05:16+09:00,2026/09/30,2026/10/08,2026-10,CALL,74000,4,,,27.92,26.47,5,60,3,107,,,,,
2026/09/29 17:50,2026-09-29T18:05:16+09:00,2026/09/30,2026/10/08,2026-10,PUT,74000,8395,,,,,,,,,,,,,
2026/09/29 17:50,2026-09-29T18:05:16+09:00,2026/09/30,2026/10/08,2026-10,CALL,73750,5,,,27.22,26.58,5,20,4,20,,,,,
2026/09/29 17:50,2026-09-29T18:05:16+09:00,2026/09/30,2026/10/08,2026-10,PUT,73750,8145,,,,,,,,,,,,,
2026/09/29 17:50,2026-09-29T18:05:16+09:00,2026/09/30,2026/10/08,2026-10,CALL,73500,6,,1,27.06,26.51,6,30,5,23,27.08,-1,-16.67,5,09/29 17:08
2026/09/29 17:50,2026-09-29T18:05:16+09:00,2026/09/30,2026/10/08,2026-10,PUT,73500,7895,,,,,,,,,,,,,
2026/09/29 17:50,2026-09-29T18:05:16+09:00,2026/09/30,2026/10/08,2026-10,CALL,73250,7,,,26.81,25.8,7,35,5,32,,,,,
2026/09/29 17:50,2026-09-29T18:05:16+09:00,2026/09/30,2026/10/08,2026-10,PUT,73250,7645,,,,,,,,,,,,,
2026/09/29 17:50,2026-09-29T18:05:16+09:00,2026/09/30,2026/10/08,2026-10,CALL,73000,7,,3,26.49,26.07,8,35,7,27,26.22,0,0,7,09/29 17:19
2026/09/29 17:50,2026-09-29T18:05:16+09:00,2026/09/30,2026/10/08,2026-10,PUT,73000,7400,,,,,,,,,,,,,
2026/09/29 17:50,2026-09-29T18:05:16+09:00,2026/09/30,2026/10/08,2026-10,CALL,72750,10,,,26.46,25.74,10,20,8,20,,,,,
2026/09/29 17:50,2026-09-29T18:05:16+09:00,2026/09/30,2026/10/08,2026-10,PUT,72750,7150,,,,,,,3,10,,,,,
2026/09/29 17:50,2026-09-29T18:05:16+09:00,2026/09/30,2026/10/08,2026-10,CALL,72500,11,,,26.3,25.69,12,23,10,1,,,,,
2026/09/29 17:50,2026-09-29T18:05:16+09:00,2026/09/30,2026/10/08,2026-10,PUT,72500,6900,,,,,,,3,10,,,,,
2026/09/29 17:50,2026-09-29T18:05:16+09:00,2026/09/30,2026/10/08,2026-10,CALL,72250,15,,,27.19,22.91,19,8,5,8,,,,,
2026/09/29 17:50,2026-09-29T18:05:16+09:00,2026/09/30,2026/10/08,2026-10,PUT,72250,6655,,,,,,,3,10,,,,,
2026/09/29 17:50,2026-09-29T18:05:16+09:00,2026/09/30,2026/10/08,2026-10,CALL,72125,15,,,27.17,23.03,21,7,6,7,,,,,
2026/09/29 17:50,2026-09-29T18:05:16+09:00,2026/09/30,2026/10/08,2026-10,PUT,72125,6530,,,,,,,,,,,,,
2026/09/29 17:50,2026-09-29T18:05:16+09:00,2026/09/30,2026/10/08,2026-10,CALL,72000,14,,17,25.47,25.23,15,2,14,6,25.47,1,7.14,15,09/29 17:22
2026/09/29 17:50,2026-09-29T18:05:16+09:00,2026/09/30,2026/10/08,2026-10,PUT,72000,6405,,,,,,,3,10,,,,,
2026/09/29 17:50,2026-09-29T18:05:16+09:00,2026/09/30,2026/10/08,2026-10,CALL,71875,17,,,26.5,21.81,22,7,5,7,,,,,
2026/09/29 17:50,2026-09-29T18:05:16+09:00,2026/09/30,2026/10/08,2026-10,PUT,71875,6285,,,,,,,,,,,,,
2026/09/29 17:50,2026-09-29T18:05:16+09:00,2026/09/30,2026/10/08,2026-10,CALL,71750,18,,,26.42,24.41,24,8,14,5,,,,,
2026/09/29 17:50,2026-09-29T18:05:16+09:00,2026/09/30,2026/10/08,2026-10,PUT,71750,6160,,,,,,,3,10,,,,,
2026/09/29 17:50,2026-09-29T18:05:16+09:00,2026/09/30,2026/10/08,2026-10,CALL,71625,20,,,26.15,23.22,25,7,11,7,,,,,
2026/09/29 17:50,2026-09-29T18:05:16+09:00,2026/09/30,2026/10/08,2026-10,PUT,71625,6040,,,46.56,,6290,4,5790,4,,,,,
2026/09/29 17:50,2026-09-29T18:05:16+09:00,2026/09/30,2026/10/08,2026-10,CALL,71500,19,,,26.17,23.34,28,11,13,11,,,,,
2026/09/29 17:50,2026-09-29T18:05:16+09:00,2026/09/30,2026/10/08,2026-10,PUT,71500,5915,,,45.92,,6165,8,5665,8,,,,,
2026/09/29 17:50,2026-09-29T18:05:16+09:00,2026/09/30,2026/10/08,2026-10,CALL,71375,25,,,26.02,22.93,30,7,13,7,,,,,
2026/09/29 17:50,2026-09-29T18:05:16+09:00,2026/09/30,2026/10/08,2026-10,PUT,71375,5790,,,45.28,,6040,4,5540,4,,,,,
2026/09/29 17:50,2026-09-29T18:05:16+09:00,2026/09/30,2026/10/08,2026-10,CALL,71250,27,,,25.84,22.98,32,8,15,8,,,,,
2026/09/29 17:50,2026-09-29T18:05:16+09:00,2026/09/30,2026/10/08,2026-10,PUT,71250,5670,,,44.84,,5920,4,5420,4,,,,,
2026/09/29 17:50,2026-09-29T18:05:16+09:00,2026/09/30,2026/10/08,2026-10,CALL,71125,32,,,25.24,,31,16,,,,,,,
2026/09/29 17:50,2026-09-29T18:05:16+09:00,2026/09/30,2026/10/08,2026-10,PUT,71125,5545,,,43.98,,5790,3,5300,3,,,,,
2026/09/29 17:50,2026-09-29T18:05:16+09:00,2026/09/30,2026/10/08,2026-10,CALL,71000,28,,34,24.65,24.37,30,2,28,13,24.57,1,3.57,29,09/29 17:46
2026/09/29 17:50,2026-09-29T18:05:16+09:00,2026/09/30,2026/10/08,2026-10,PUT,71000,5425,,,41.05,,5610,20,5180,20,,,,,
2026/09/29 17:50,2026-09-29T18:05:16+09:00,2026/09/30,2026/10/08,2026-10,CALL,70875,38,,,25.76,21.26,43,7,13,15,,,,,
2026/09/29 17:50,2026-09-29T18:05:16+09:00,2026/09/30,2026/10/08,2026-10,PUT,70875,5305,,,43.07,,5550,3,5060,3,,,,,
2026/09/29 17:50,2026-09-29T18:05:16+09:00,2026/09/30,2026/10/08,2026-10,CALL,70750,35,,,24.6,24.11,37,1,33,1,,,,,
2026/09/29 17:50,2026-09-29T18:05:16+09:00,2026/09/30,2026/10/08,2026-10,PUT,70750,5185,,,42.6,,5430,5,4940,5,,,,,
2026/09/29 17:50,2026-09-29T18:05:16+09:00,2026/09/30,2026/10/08,2026-10,CALL,70625,44,,,25.88,21.42,54,15,18,15,,,,,
2026/09/29 17:50,2026-09-29T18:05:16+09:00,2026/09/30,2026/10/08,2026-10,PUT,70625,5065,,,42.12,,5310,3,4820,3,,,,,
2026/09/29 17:50,2026-09-29T18:05:16+09:00,2026/09/30,2026/10/08,2026-10,CALL,70500,41,,3,24.51,24.19,45,1,42,1,24.38,-1,-2.44,40,09/29 17:30
2026/09/29 17:50,2026-09-29T18:05:16+09:00,2026/09/30,2026/10/08,2026-10,PUT,70500,4940,,,41.44,,5185,6,4695,6,,,,,
2026/09/29 17:50,2026-09-29T18:05:16+09:00,2026/09/30,2026/10/08,2026-10,CALL,70375,50,,,24.5,23.6,50,8,41,8,,,,,
2026/09/29 17:50,2026-09-29T18:05:16+09:00,2026/09/30,2026/10/08,2026-10,PUT,70375,4820,,,40.95,,5065,3,4575,3,,,,,
2026/09/29 17:50,2026-09-29T18:05:16+09:00,2026/09/30,2026/10/08,2026-10,CALL,70250,53,,,24.36,23.9,54,1,49,1,,,,,
2026/09/29 17:50,2026-09-29T18:05:16+09:00,2026/09/30,2026/10/08,2026-10,PUT,70250,4700,,,40.45,,4945,5,4455,5,,,,,
2026/09/29 17:50,2026-09-29T18:05:16+09:00,2026/09/30,2026/10/08,2026-10,CALL,70125,61,,,26.12,23.67,83,8,52,5,,,,,
2026/09/29 17:50,2026-09-29T18:05:16+09:00,2026/09/30,2026/10/08,2026-10,PUT,70125,4575,,,39.75,,4820,3,4330,3,,,,,
2026/09/29 17:50,2026-09-29T18:05:16+09:00,2026/09/30,2026/10/08,2026-10,CALL,70000,66,,16,24.24,23.92,65,1,61,2,23.93,-4,-6.06,62,09/29 17:48
2026/09/29 17:50,2026-09-29T18:05:16+09:00,2026/09/30,2026/10/08,2026-10,PUT,70000,4460,,,34.19,,4570,20,4150,11,,,,,
2026/09/29 17:50,2026-09-29T18:05:16+09:00,2026/09/30,2026/10/08,2026-10,CALL,69875,73,,,24.24,23.47,72,3,62,8,,,,,
2026/09/29 17:50,2026-09-29T18:05:16+09:00,2026/09/30,2026/10/08,2026-10,PUT,69875,4345,,,39.07,,4590,3,4100,3,,,,,
2026/09/29 17:50,2026-09-29T18:05:16+09:00,2026/09/30,2026/10/08,2026-10,CALL,69750,75,,,24.12,23.84,78,1,74,1,,,,,
2026/09/29 17:50,2026-09-29T18:05:16+09:00,2026/09/30,2026/10/08,2026-10,PUT,69750,4220,,,38.35,,4465,5,3975,5,,,,,
2026/09/29 17:50,2026-09-29T18:05:16+09:00,2026/09/30,2026/10/08,2026-10,CALL,69625,88,,,24.17,23.43,87,3,76,8,,,,,
2026/09/29 17:50,2026-09-29T18:05:16+09:00,2026/09/30,2026/10/08,2026-10,PUT,69625,4110,,,38.15,,4355,3,3865,3,,,,,
2026/09/29 17:50,2026-09-29T18:05:16+09:00,2026/09/30,2026/10/08,2026-10,CALL,69500,94,,1,24.04,23.66,94,1,88,1,23.57,5,6.25,85,09/29 17:43
2026/09/29 17:50,2026-09-29T18:05:16+09:00,2026/09/30,2026/10/08,2026-10,PUT,69500,3990,,,37.59,,4235,6,3745,6,,,,,
2026/09/29 17:50,2026-09-29T18:05:16+09:00,2026/09/30,2026/10/08,2026-10,CALL,69375,104,,,24.11,23.52,105,3,95,4,,,,,
2026/09/29 17:50,2026-09-29T18:05:16+09:00,2026/09/30,2026/10/08,2026-10,PUT,69375,3870,,,37.02,,4115,3,3625,3,,,,,
2026/09/29 17:50,2026-09-29T18:05:16+09:00,2026/09/30,2026/10/08,2026-10,CALL,69250,113,,2,24.02,23.58,114,1,106,1,24.07,33,46.48,104,09/29 17:13
2026/09/29 17:50,2026-09-29T18:05:16+09:00,2026/09/30,2026/10/08,2026-10,PUT,69250,3760,,,36.76,,4005,5,3515,5,,,,,
2026/09/29 17:50,2026-09-29T18:05:16+09:00,2026/09/30,2026/10/08,2026-10,CALL,69125,125,,,24.05,23.47,126,3,115,7,,,,,
2026/09/29 17:50,2026-09-29T18:05:16+09:00,2026/09/30,2026/10/08,2026-10,PUT,69125,3640,,,36.17,,3885,3,3395,3,,,,,
2026/09/29 17:50,2026-09-29T18:05:16+09:00,2026/09/30,2026/10/08,2026-10,CALL,69000,139,,14,23.97,23.78,137,1,133,5,23.72,-6,-4.32,133,09/29 17:49
2026/09/29 17:50,2026-09-29T18:05:16+09:00,2026/09/30,2026/10/08,2026-10,PUT,69000,3530,,,35.88,,3775,20,3285,20,,,,,
2026/09/29 17:50,2026-09-29T18:05:16+09:00,2026/09/30,2026/10/08,2026-10,CALL,68875,147,,,23.95,23.34,150,3,137,4,,,,,
2026/09/29 17:50,2026-09-29T18:05:16+09:00,2026/09/30,2026/10/08,2026-10,PUT,68875,3415,,,35.42,,3660,3,3170,3,,,,,
2026/09/29 17:50,2026-09-29T18:05:16+09:00,2026/09/30,2026/10/08,2026-10,CALL,68750,157,,2,23.93,23.49,164,1,154,1,23.75,3,1.91,160,09/29 17:22
2026/09/29 17:50,2026-09-29T18:05:16+09:00,2026/09/30,2026/10/08,2026-10,PUT,68750,3305,,,35.09,,3550,5,3060,5,,,,,
2026/09/29 17:50,2026-09-29T18:05:16+09:00,2026/09/30,2026/10/08,2026-10,CALL,68625,176,,,23.9,23.35,179,2,166,2,,,,,
2026/09/29 17:50,2026-09-29T18:05:16+09:00,2026/09/30,2026/10/08,2026-10,PUT,68625,3195,,,34.75,11.62,3440,3,2950,3,,,,,
2026/09/29 17:50,2026-09-29T18:05:16+09:00,2026/09/30,2026/10/08,2026-10,CALL,68500,185,,1,23.79,23.43,193,1,184,1,23.9,-5,-2.7,180,09/29 17:15
2026/09/29 17:50,2026-09-29T18:05:16+09:00,2026/09/30,2026/10/08,2026-10,PUT,68500,3085,,,34.38,13.84,3330,6,2840,6,,,,,
2026/09/29 17:50,2026-09-29T18:05:16+09:00,2026/09/30,2026/10/08,2026-10,CALL,68375,207,,,23.87,23.14,213,2,194,4,,,,,
2026/09/29 17:50,2026-09-29T18:05:16+09:00,2026/09/30,2026/10/08,2026-10,PUT,68375,2980,,,34.14,15.26,3225,3,2735,3,,,,,
2026/09/29 17:50,2026-09-29T18:05:16+09:00,2026/09/30,2026/10/08,2026-10,CALL,68250,224,,,23.82,23.27,231,1,216,3,,,,,
2026/09/29 17:50,2026-09-29T18:05:16+09:00,2026/09/30,2026/10/08,2026-10,PUT,68250,2870,,,33.73,15.79,3115,5,2625,5,,,,,
2026/09/29 17:50,2026-09-29T18:05:16+09:00,2026/09/30,2026/10/08,2026-10,CALL,68125,244,,,23.86,23.23,253,7,235,2,,,,,
2026/09/29 17:50,2026-09-29T18:05:16+09:00,2026/09/30,2026/10/08,2026-10,PUT,68125,2770,,,33.58,16.69,3015,3,2525,3,,,,,
2026/09/29 17:50,2026-09-29T18:05:16+09:00,2026/09/30,2026/10/08,2026-10,CALL,68000,260,,2,23.82,23.45,274,1,263,1,23.55,3,1.15,263,09/29 17:46
2026/09/29 17:50,2026-09-29T18:05:16+09:00,2026/09/30,2026/10/08,2026-10,PUT,68000,2665,,1,32.85,19.89,2895,20,2485,20,23.69,-450,-14.29,2700,09/29 17:10
2026/09/29 17:50,2026-09-29T18:05:16+09:00,2026/09/30,2026/10/08,2026-10,CALL,67875,287,,,23.83,23.18,298,6,278,1,,,,,
2026/09/29 17:50,2026-09-29T18:05:16+09:00,2026/09/30,2026/10/08,2026-10,PUT,67875,2560,,,32.92,17.34,2805,3,2315,3,,,,,
2026/09/29 17:50,2026-09-29T18:05:16+09:00,2026/09/30,2026/10/08,2026-10,CALL,67750,310,,,23.72,23.41,320,5,310,5,,,,,
2026/09/29 17:50,2026-09-29T18:05:16+09:00,2026/09/30,2026/10/08,2026-10,PUT,67750,2460,,,32.69,17.69,2705,5,2215,5,,,,,
2026/09/29 17:50,2026-09-29T18:05:16+09:00,2026/09/30,2026/10/08,2026-10,CALL,67625,335,,,23.81,22.91,350,3,320,3,,,,,
2026/09/29 17:50,2026-09-29T18:05:16+09:00,2026/09/30,2026/10/08,2026-10,PUT,67625,2360,,,32.43,17.93,2605,3,2115,3,,,,,
2026/09/29 17:50,2026-09-29T18:05:16+09:00,2026/09/30,2026/10/08,2026-10,CALL,67500,365,,,23.7,23.41,375,5,365,5,,,,,
2026/09/29 17:50,2026-09-29T18:05:16+09:00,2026/09/30,2026/10/08,2026-10,PUT,67500,2265,,,32.27,18.25,2510,6,2020,6,,,,,
2026/09/29 17:50,2026-09-29T18:05:16+09:00,2026/09/30,2026/10/08,2026-10,CALL,67375,400,,,23.69,23.26,405,2,390,3,,,,,
2026/09/29 17:50,2026-09-29T18:05:16+09:00,2026/09/30,2026/10/08,2026-10,PUT,67375,2170,,,31.82,18.46,2405,6,1925,3,,,,,
2026/09/29 17:50,2026-09-29T18:05:16+09:00,2026/09/30,2026/10/08,2026-10,CALL,67250,425,,1,23.76,23.48,440,5,430,1,23.98,65,17.81,430,09/29 17:01
2026/09/29 17:50,2026-09-29T18:05:16+09:00,2026/09/30,2026/10/08,2026-10,PUT,67250,2080,,,31.34,18.75,2300,8,1835,5,,,,,
2026/09/29 17:50,2026-09-29T18:05:16+09:00,2026/09/30,2026/10/08,2026-10,CALL,67125,465,,,23.91,23.11,480,3,450,3,,,,,
2026/09/29 17:50,2026-09-29T18:05:16+09:00,2026/09/30,2026/10/08,2026-10,PUT,67125,1985,,,30.46,20.22,2180,3,1790,3,,,,,
2026/09/29 17:50,2026-09-29T18:05:16+09:00,2026/09/30,2026/10/08,2026-10,CALL,67000,475,,6,23.87,23.48,515,6,500,3,23.84,25,5.26,500,09/29 17:19
2026/09/29 17:50,2026-09-29T18:05:16+09:00,2026/09/30,2026/10/08,2026-10,PUT,67000,1900,,1,25.28,21.63,1890,27,1750,27,23.73,-370,-16.41,1885,09/29 17:00
2026/09/29 17:50,2026-09-29T18:05:16+09:00,2026/09/30,2026/10/08,2026-10,CALL,66875,545,,,24.03,23.01,560,2,520,2,,,,,
2026/09/29 17:50,2026-09-29T18:05:16+09:00,2026/09/30,2026/10/08,2026-10,PUT,66875,1810,,,29.87,20.42,1990,6,1615,3,,,,,
2026/09/29 17:50,2026-09-29T18:05:16+09:00,2026/09/30,2026/10/08,2026-10,CALL,66750,560,,,23.89,23.51,595,3,580,3,,,,,
2026/09/29 17:50,2026-09-29T18:05:16+09:00,2026/09/30,2026/10/08,2026-10,PUT,66750,1725,,,25.25,21.63,1720,15,1575,15,,,,,
2026/09/29 17:50,2026-09-29T18:05:16+09:00,2026/09/30,2026/10/08,2026-10,CALL,66625,625,,,24.3,22.83,655,3,595,8,,,,,
2026/09/29 17:50,2026-09-29T18:05:16+09:00,2026/09/30,2026/10/08,2026-10,PUT,66625,1645,,,25.28,21.85,1640,13,1500,13,,,,,
2026/09/29 17:50,2026-09-29T18:05:16+09:00,2026/09/30,2026/10/08,2026-10,CALL,66500,645,,,23.94,23.57,685,3,670,3,,,,,
2026/09/29 17:50,2026-09-29T18:05:16+09:00,2026/09/30,2026/10/08,2026-10,PUT,66500,1565,,,25.5,22.24,1570,11,1435,11,,,,,
2026/09/29 17:50,2026-09-29T18:05:16+09:00,2026/09/30,2026/10/08,2026-10,CALL,66375,715,,,24.12,23.41,740,3,710,3,,,,,
2026/09/29 17:50,2026-09-29T18:05:16+09:00,2026/09/30,2026/10/08,2026-10,PUT,66375,1495,,,25.19,22.21,1480,9,1355,9,,,,,
2026/09/29 17:50,2026-09-29T18:05:16+09:00,2026/09/30,2026/10/08,2026-10,CALL,66250,750,,,24.13,23.77,790,3,775,3,,,,,
2026/09/29 17:50,2026-09-29T18:05:16+09:00,2026/09/30,2026/10/08,2026-10,PUT,66250,1415,,,24.48,23.07,1375,8,1315,8,,,,,
2026/09/29 17:50,2026-09-29T18:05:16+09:00,2026/09/30,2026/10/08,2026-10,CALL,66125,815,,,24.31,22.91,850,5,790,11,,,,,
2026/09/29 17:50,2026-09-29T18:05:16+09:00,2026/09/30,2026/10/08,2026-10,PUT,66125,1350,,,24.55,22.8,1305,3,1230,3,,,,,
2026/09/29 17:50,2026-09-29T18:05:16+09:00,2026/09/30,2026/10/08,2026-10,CALL,66000,890,,7,24.21,23.98,900,1,890,1,23.93,-45,-5.06,845,09/29 17:30
2026/09/29 17:50,2026-09-29T18:05:16+09:00,2026/09/30,2026/10/08,2026-10,PUT,66000,1275,,,24.68,23.4,1240,2,1185,2,,,,,
2026/09/29 17:50,2026-09-29T18:05:16+09:00,2026/09/30,2026/10/08,2026-10,CALL,65875,940,,,24.75,22.67,980,5,890,14,,,,,
2026/09/29 17:50,2026-09-29T18:05:16+09:00,2026/09/30,2026/10/08,2026-10,PUT,65875,1205,,,24.41,23.6,1160,3,1125,3,,,,,
2026/09/29 17:50,2026-09-29T18:05:16+09:00,2026/09/30,2026/10/08,2026-10,CALL,65750,950,,,24.54,23.97,1030,1,1005,1,,,,,
2026/09/29 17:50,2026-09-29T18:05:16+09:00,2026/09/30,2026/10/08,2026-10,PUT,65750,1140,,,24.08,23.74,1080,3,1065,3,,,,,
2026/09/29 17:50,2026-09-29T18:05:16+09:00,2026/09/30,2026/10/08,2026-10,CALL,65625,1025,,,25.55,22.67,1135,14,1010,14,,,,,
2026/09/29 17:50,2026-09-29T18:05:16+09:00,2026/09/30,2026/10/08,2026-10,PUT,65625,1075,,,24.97,23.71,1055,7,1000,2,,,,,
2026/09/29 17:50,2026-09-29T18:05:16+09:00,2026/09/30,2026/10/08,2026-10,CALL,65500,1090,,,25.47,22.81,1195,15,1080,19,,,,,
2026/09/29 17:50,2026-09-29T18:05:16+09:00,2026/09/30,2026/10/08,2026-10,PUT,65500,1040,,1,24.31,23.96,965,3,950,2,24.34,-320,-23.62,1035,09/29 17:09
2026/09/29 17:50,2026-09-29T18:05:16+09:00,2026/09/30,2026/10/08,2026-10,CALL,65375,1200,,,28.82,20.21,1405,5,1035,6,,,,,
2026/09/29 17:50,2026-09-29T18:05:16+09:00,2026/09/30,2026/10/08,2026-10,PUT,65375,975,,1,24.75,24.05,925,3,895,3,24.26,-190,-16.81,940,09/29 17:29
2026/09/29 17:50,2026-09-29T18:05:16+09:00,2026/09/30,2026/10/08,2026-10,CALL,65250,1280,,,29.35,18.79,1495,7,1045,8,,,,,
2026/09/29 17:50,2026-09-29T18:05:16+09:00,2026/09/30,2026/10/08,2026-10,PUT,65250,940,,,24.56,24.21,860,5,845,4,,,,,
2026/09/29 17:50,2026-09-29T18:05:16+09:00,2026/09/30,2026/10/08,2026-10,CALL,65125,1355,,,25.84,19.18,1415,6,1135,3,,,,,
2026/09/29 17:50,2026-09-29T18:05:16+09:00,2026/09/30,2026/10/08,2026-10,PUT,65125,865,,,25.01,24.19,825,2,790,2,,,,,
2026/09/29 17:50,2026-09-29T18:05:16+09:00,2026/09/30,2026/10/08,2026-10,CALL,65000,1430,,,26.74,20.85,1525,16,1280,15,,,,,
2026/09/29 17:50,2026-09-29T18:05:16+09:00,2026/09/30,2026/10/08,2026-10,PUT,65000,850,,5,24.59,24.35,755,5,745,8,24.57,-90,-10.59,760,09/29 17:46
2026/09/29 17:50,2026-09-29T18:05:16+09:00,2026/09/30,2026/10/08,2026-10,CALL,64875,1495,,,28.93,19.42,1690,3,1300,3,,,,,
2026/09/29 17:50,2026-09-29T18:05:16+09:00,2026/09/30,2026/10/08,2026-10,PUT,64875,755,,,25.19,24.46,730,2,700,2,,,,,
2026/09/29 17:50,2026-09-29T18:05:16+09:00,2026/09/30,2026/10/08,2026-10,CALL,64750,1585,,,29.29,19.63,1780,5,1390,5,,,,,
2026/09/29 17:50,2026-09-29T18:05:16+09:00,2026/09/30,2026/10/08,2026-10,PUT,64750,750,,,24.89,24.64,670,5,660,4,,,,,
2026/09/29 17:50,2026-09-29T18:05:16+09:00,2026/09/30,2026/10/08,2026-10,CALL,64625,1670,,,29.49,19.64,1865,3,1475,3,,,,,
2026/09/29 17:50,2026-09-29T18:05:16+09:00,2026/09/30,2026/10/08,2026-10,PUT,64625,680,,,25.4,24.65,645,3,615,3,,,,,
2026/09/29 17:50,2026-09-29T18:05:16+09:00,2026/09/30,2026/10/08,2026-10,CALL,64500,1755,,,29.65,19.59,1950,6,1560,6,,,,,
2026/09/29 17:50,2026-09-29T18:05:16+09:00,2026/09/30,2026/10/08,2026-10,PUT,64500,645,,2,25.11,24.86,590,5,580,7,25.24,-225,-25.86,645,09/29 17:12
2026/09/29 17:50,2026-09-29T18:05:16+09:00,2026/09/30,2026/10/08,2026-10,CALL,64375,1840,,,29.77,19.46,2035,3,1645,3,,,,,
2026/09/29 17:50,2026-09-29T18:05:16+09:00,2026/09/30,2026/10/08,2026-10,PUT,64375,600,,,25.54,24.88,565,3,540,3,,,,,
2026/09/29 17:50,2026-09-29T18:05:16+09:00,2026/09/30,2026/10/08,2026-10,CALL,64250,1930,,,29.98,19.39,2125,5,1735,5,,,,,
2026/09/29 17:50,2026-09-29T18:05:16+09:00,2026/09/30,2026/10/08,2026-10,PUT,64250,570,,,25.39,25.13,520,5,510,4,,,,,
2026/09/29 17:50,2026-09-29T18:05:16+09:00,2026/09/30,2026/10/08,2026-10,CALL,64125,2025,,,31.58,17.82,2270,3,1780,3,,,,,
2026/09/29 17:50,2026-09-29T18:05:16+09:00,2026/09/30,2026/10/08,2026-10,PUT,64125,535,,,25.87,25.19,500,2,475,2,,,,,
2026/09/29 17:50,2026-09-29T18:05:16+09:00,2026/09/30,2026/10/08,2026-10,CALL,64000,2080,,,31.6,13.58,2355,11,1770,20,,,,,
2026/09/29 17:50,2026-09-29T18:05:16+09:00,2026/09/30,2026/10/08,2026-10,PUT,64000,520,,4,25.62,25.33,455,1,445,8,25.9,-40,-7.69,480,09/29 17:31
2026/09/29 17:50,2026-09-29T18:05:16+09:00,2026/09/30,2026/10/08,2026-10,CALL,63875,2210,,,31.98,17.21,2455,3,1965,3,,,,,
2026/09/29 17:50,2026-09-29T18:05:16+09:00,2026/09/30,2026/10/08,2026-10,PUT,63875,470,,,26.01,25.43,435,3,415,3,,,,,
2026/09/29 17:50,2026-09-29T18:05:16+09:00,2026/09/30,2026/10/08,2026-10,CALL,63750,2305,,,32.19,16.79,2550,5,2060,5,,,,,
2026/09/29 17:50,2026-09-29T18:05:16+09:00,2026/09/30,2026/10/08,2026-10,PUT,63750,445,,,25.93,25.63,400,5,390,5,,,,,
2026/09/29 17:50,2026-09-29T18:05:16+09:00,2026/09/30,2026/10/08,2026-10,CALL,63625,2400,,,33.06,,2670,3,2020,6,,,,,
2026/09/29 17:50,2026-09-29T18:05:16+09:00,2026/09/30,2026/10/08,2026-10,PUT,63625,410,,,26.25,25.64,380,4,360,4,,,,,
2026/09/29 17:50,2026-09-29T18:05:16+09:00,2026/09/30,2026/10/08,2026-10,CALL,63500,2500,,,32.65,15.62,2745,6,2255,6,,,,,
2026/09/29 17:50,2026-09-29T18:05:16+09:00,2026/09/30,2026/10/08,2026-10,PUT,63500,390,,,26.22,25.9,350,5,340,9,,,,,
2026/09/29 17:50,2026-09-29T18:05:16+09:00,2026/09/30,2026/10/08,2026-10,CALL,63375,2595,,,32.76,14.39,2840,3,2350,3,,,,,
2026/09/29 17:50,2026-09-29T18:05:16+09:00,2026/09/30,2026/10/08,2026-10,PUT,63375,360,,,26.46,26.13,330,4,320,2,,,,,
2026/09/29 17:50,2026-09-29T18:05:16+09:00,2026/09/30,2026/10/08,2026-10,CALL,63250,2700,,,33.12,13.29,2945,5,2455,5,,,,,
2026/09/29 17:50,2026-09-29T18:05:16+09:00,2026/09/30,2026/10/08,2026-10,PUT,63250,340,,,26.49,26.28,305,1,299,5,,,,,
2026/09/29 17:50,2026-09-29T18:05:16+09:00,2026/09/30,2026/10/08,2026-10,CALL,63125,2805,,,33.46,10.71,3050,3,2560,3,,,,,
2026/09/29 17:50,2026-09-29T18:05:16+09:00,2026/09/30,2026/10/08,2026-10,PUT,63125,320,,,26.85,26.22,291,1,273,5,,,,,
2026/09/29 17:50,2026-09-29T18:05:16+09:00,2026/09/30,2026/10/08,2026-10,CALL,63000,2880,,,31.39,,3080,11,2500,20,,,,,
2026/09/29 17:50,2026-09-29T18:05:16+09:00,2026/09/30,2026/10/08,2026-10,PUT,63000,300,,11,26.9,26.57,269,1,260,1,26.82,-29,-9.67,271,09/29 17:44
2026/09/29 17:50,2026-09-29T18:05:16+09:00,2026/09/30,2026/10/08,2026-10,CALL,62875,3015,,,34.05,,3260,3,2770,3,,,,,
2026/09/29 17:50,2026-09-29T18:05:16+09:00,2026/09/30,2026/10/08,2026-10,PUT,62875,275,,,27.2,26.59,255,7,239,7,,,,,
2026/09/29 17:50,2026-09-29T18:05:16+09:00,2026/09/30,2026/10/08,2026-10,CALL,62750,3120,,,34.31,,3365,5,2875,5,,,,,
2026/09/29 17:50,2026-09-29T18:05:16+09:00,2026/09/30,2026/10/08,2026-10,PUT,62750,258,,,27.3,26.79,237,1,224,1,,,,,
2026/09/29 17:50,2026-09-29T18:05:16+09:00,2026/09/30,2026/10/08,2026-10,CALL,62625,3230,,,34.7,,3475,3,2985,3,,,,,
2026/09/29 17:50,2026-09-29T18:05:16+09:00,2026/09/30,2026/10/08,2026-10,PUT,62625,239,,,27.53,25.84,223,1,183,3,,,,,
2026/09/29 17:50,2026-09-29T18:05:16+09:00,2026/09/30,2026/10/08,2026-10,CALL,62500,3340,,,35.07,,3585,6,3095,6,,,,,
2026/09/29 17:50,2026-09-29T18:05:16+09:00,2026/09/30,2026/10/08,2026-10,PUT,62500,232,,,27.6,27.25,206,1,198,1,,,,,
2026/09/29 17:50,2026-09-29T18:05:16+09:00,2026/09/30,2026/10/08,2026-10,CALL,62375,3450,,,35.42,,3695,3,3205,3,,,,,
2026/09/29 17:50,2026-09-29T18:05:16+09:00,2026/09/30,2026/10/08,2026-10,PUT,62375,210,,,27.92,27.34,196,6,183,3,,,,,
2026/09/29 17:50,2026-09-29T18:05:16+09:00,2026/09/30,2026/10/08,2026-10,CALL,62250,3560,,,35.75,,3805,5,3315,5,,,,,
2026/09/29 17:50,2026-09-29T18:05:16+09:00,2026/09/30,2026/10/08,2026-10,PUT,62250,209,,,27.99,27.67,181,1,174,1,,,,,
2026/09/29 17:50,2026-09-29T18:05:16+09:00,2026/09/30,2026/10/08,2026-10,CALL,62125,3675,,,36.23,,3920,3,3430,3,,,,,
2026/09/29 17:50,2026-09-29T18:05:16+09:00,2026/09/30,2026/10/08,2026-10,PUT,62125,184,,,28.31,27.72,172,7,160,13,,,,,
2026/09/29 17:50,2026-09-29T18:05:16+09:00,2026/09/30,2026/10/08,2026-10,CALL,62000,3785,,1,33.18,,3945,20,3640,20,28.29,,,3730,09/29 17:06
2026/09/29 17:50,2026-09-29T18:05:16+09:00,2026/09/30,2026/10/08,2026-10,PUT,62000,183,,9,28.45,28.04,160,1,152,1,28.32,-19,-10.38,164,09/29 17:41
2026/09/29 17:50,2026-09-29T18:05:16+09:00,2026/09/30,2026/10/08,2026-10,CALL,61875,3900,,,36.96,,4145,3,3655,3,,,,,
2026/09/29 17:50,2026-09-29T18:05:16+09:00,2026/09/30,2026/10/08,2026-10,PUT,61875,161,,,28.7,28.12,151,5,140,3,,,,,
2026/09/29 17:50,2026-09-29T18:05:16+09:00,2026/09/30,2026/10/08,2026-10,CALL,61750,4015,,,37.4,,4260,5,3770,5,,,,,
2026/09/29 17:50,2026-09-29T18:05:16+09:00,2026/09/30,2026/10/08,2026-10,PUT,61750,157,,,28.87,28.48,141,1,134,1,,,,,
2026/09/29 17:50,2026-09-29T18:05:16+09:00,2026/09/30,2026/10/08,2026-10,CALL,61625,4130,,,37.81,,4375,3,3885,3,,,,,
2026/09/29 17:50,2026-09-29T18:05:16+09:00,2026/09/30,2026/10/08,2026-10,PUT,61625,141,,,29.18,28.6,134,8,124,3,,,,,
2026/09/29 17:50,2026-09-29T18:05:16+09:00,2026/09/30,2026/10/08,2026-10,CALL,61500,4250,,,38.42,,4495,6,4005,6,,,,,
2026/09/29 17:50,2026-09-29T18:05:16+09:00,2026/09/30,2026/10/08,2026-10,PUT,61500,139,,10,29.34,28.98,125,1,119,7,29.24,-63,-33.51,125,09/29 17:43
2026/09/29 17:50,2026-09-29T18:05:16+09:00,2026/09/30,2026/10/08,2026-10,CALL,61375,4365,,,38.81,,4610,3,4120,3,,,,,
2026/09/29 17:50,2026-09-29T18:05:16+09:00,2026/09/30,2026/10/08,2026-10,PUT,61375,133,,,29.66,29.03,119,1,109,3,,,,,
2026/09/29 17:50,2026-09-29T18:05:16+09:00,2026/09/30,2026/10/08,2026-10,CALL,61250,4480,,,39.18,,4725,5,4235,5,,,,,
2026/09/29 17:50,2026-09-29T18:05:16+09:00,2026/09/30,2026/10/08,2026-10,PUT,61250,124,,1,29.82,29.43,111,1,105,1,29.89,-12,-9.68,112,09/29 17:22
2026/09/29 17:50,2026-09-29T18:05:16+09:00,2026/09/30,2026/10/08,2026-10,CALL,61125,4600,,,39.75,,4845,3,4355,3,,,,,
2026/09/29 17:50,2026-09-29T18:05:16+09:00,2026/09/30,2026/10/08,2026-10,PUT,61125,111,,,30.16,29.4,106,8,95,5,,,,,
2026/09/29 17:50,2026-09-29T18:05:16+09:00,2026/09/30,2026/10/08,2026-10,CALL,61000,4720,,,40.32,,4965,20,4475,20,,,,,
2026/09/29 17:50,2026-09-29T18:05:16+09:00,2026/09/30,2026/10/08,2026-10,PUT,61000,111,,35,30.33,29.97,99,1,94,12,30.24,-12,-10.81,99,09/29 17:43
2026/09/29 17:50,2026-09-29T18:05:16+09:00,2026/09/30,2026/10/08,2026-10,CALL,60875,4835,,,40.64,,5080,3,4590,3,,,,,
2026/09/29 17:50,2026-09-29T18:05:16+09:00,2026/09/30,2026/10/08,2026-10,PUT,60875,98,,,30.7,29.94,95,9,85,9,,,,,
2026/09/29 17:50,2026-09-29T18:05:16+09:00,2026/09/30,2026/10/08,2026-10,CALL,60750,4955,,,41.19,,5200,5,4710,5,,,,,
2026/09/29 17:50,2026-09-29T18:05:16+09:00,2026/09/30,2026/10/08,2026-10,PUT,60750,113,,5,30.73,30.42,87,1,83,1,30.61,-24,-21.24,89,09/29 17:42
2026/09/29 17:50,2026-09-29T18:05:16+09:00,2026/09/30,2026/10/08,2026-10,CALL,60625,5075,,,41.72,,5320,3,4830,3,,,,,
2026/09/29 17:50,2026-09-29T18:05:16+09:00,2026/09/30,2026/10/08,2026-10,PUT,60625,87,,,31.21,30.47,85,1,76,17,,,,,
2026/09/29 17:50,2026-09-29T18:05:16+09:00,2026/09/30,2026/10/08,2026-10,CALL,60500,5195,,,42.25,,5440,6,4950,6,,,,,
2026/09/29 17:50,2026-09-29T18:05:16+09:00,2026/09/30,2026/10/08,2026-10,PUT,60500,87,,9,31.18,30.93,77,1,74,9,31.12,-60,-43.8,77,09/29 17:46
2026/09/29 17:50,2026-09-29T18:05:16+09:00,2026/09/30,2026/10/08,2026-10,CALL,60375,5315,,,42.77,,5560,3,5070,3,,,,,
2026/09/29 17:50,2026-09-29T18:05:16+09:00,2026/09/30,2026/10/08,2026-10,PUT,60375,78,,,31.81,31,77,17,68,17,,,,,
2026/09/29 17:50,2026-09-29T18:05:16+09:00,2026/09/30,2026/10/08,2026-10,CALL,60250,5440,,,43.52,,5685,1,5195,1,,,,,
2026/09/29 17:50,2026-09-29T18:05:16+09:00,2026/09/30,2026/10/08,2026-10,PUT,60250,78,,2,31.99,31.52,72,1,67,1,31.59,-41,-36.28,72,09/29 17:32
2026/09/29 17:50,2026-09-29T18:05:16+09:00,2026/09/30,2026/10/08,2026-10,CALL,60125,5560,,,44.28,,5810,4,5310,4,,,,,
2026/09/29 17:50,2026-09-29T18:05:16+09:00,2026/09/30,2026/10/08,2026-10,PUT,60125,70,,,32.23,31.75,68,4,63,4,,,,,
2026/09/29 17:50,2026-09-29T18:05:16+09:00,2026/09/30,2026/10/08,2026-10,CALL,60000,5680,,,44.78,,5930,12,5430,12,,,,,
2026/09/29 17:50,2026-09-29T18:05:16+09:00,2026/09/30,2026/10/08,2026-10,PUT,60000,68,,20,32.25,32.15,62,1,61,13,32.29,-6,-8.82,62,09/29 17:49
2026/09/29 17:50,2026-09-29T18:05:16+09:00,2026/09/30,2026/10/08,2026-10,CALL,59875,5800,,,45.28,,6050,4,5550,4,,,,,
2026/09/29 17:50,2026-09-29T18:05:16+09:00,2026/09/30,2026/10/08,2026-10,PUT,59875,62,,,33.06,29.9,64,5,37,8,,,,,
2026/09/29 17:50,2026-09-29T18:05:16+09:00,2026/09/30,2026/10/08,2026-10,CALL,59750,5925,,,46.02,,6175,4,5675,4,,,,,
2026/09/29 17:50,2026-09-29T18:05:16+09:00,2026/09/30,2026/10/08,2026-10,PUT,59750,62,,1,33.03,32.7,58,1,55,1,32.88,-30,-33.33,60,09/29 17:04
2026/09/29 17:50,2026-09-29T18:05:16+09:00,2026/09/30,2026/10/08,2026-10,CALL,59625,6045,,,46.51,,6295,4,5795,4,,,,,
2026/09/29 17:50,2026-09-29T18:05:16+09:00,2026/09/30,2026/10/08,2026-10,PUT,59625,56,,,33.52,32.72,57,7,50,18,,,,,
2026/09/29 17:50,2026-09-29T18:05:16+09:00,2026/09/30,2026/10/08,2026-10,CALL,59500,6170,,,47.25,,6420,8,5920,8,,,,,
2026/09/29 17:50,2026-09-29T18:05:16+09:00,2026/09/30,2026/10/08,2026-10,PUT,59500,57,,4,33.66,33.18,53,1,49,9,33.95,-9,-14.06,55,09/29 17:21
2026/09/29 17:50,2026-09-29T18:05:16+09:00,2026/09/30,2026/10/08,2026-10,CALL,59375,6290,,,47.72,,6540,4,6040,4,,,,,
2026/09/29 17:50,2026-09-29T18:05:16+09:00,2026/09/30,2026/10/08,2026-10,PUT,59375,51,,,34.01,33.26,51,4,45,18,,,,,
2026/09/29 17:50,2026-09-29T18:05:16+09:00,2026/09/30,2026/10/08,2026-10,CALL,59250,6415,,,48.46,,6665,4,6165,4,,,,,
2026/09/29 17:50,2026-09-29T18:05:16+09:00,2026/09/30,2026/10/08,2026-10,PUT,59250,52,,,34.22,33.83,48,1,45,6,,,,,
2026/09/29 17:50,2026-09-29T18:05:16+09:00,2026/09/30,2026/10/08,2026-10,CALL,59125,6535,,,48.92,,6785,4,6285,4,,,,,
2026/09/29 17:50,2026-09-29T18:05:16+09:00,2026/09/30,2026/10/08,2026-10,PUT,59125,47,,,34.93,33.72,49,9,40,9,,,,,
2026/09/29 17:50,2026-09-29T18:05:16+09:00,2026/09/30,2026/10/08,2026-10,CALL,59000,6660,,,49.65,,6910,12,6410,12,,,,,
2026/09/29 17:50,2026-09-29T18:05:16+09:00,2026/09/30,2026/10/08,2026-10,PUT,59000,49,,2,34.85,34.43,44,1,41,14,34.88,-3,-6.12,46,09/29 17:03
2026/09/29 17:50,2026-09-29T18:05:16+09:00,2026/09/30,2026/10/08,2026-10,CALL,58875,6780,,,,,,,,,,,,,
2026/09/29 17:50,2026-09-29T18:05:16+09:00,2026/09/30,2026/10/08,2026-10,PUT,58875,42,,,35.57,34.71,45,9,39,4,,,,,
2026/09/29 17:50,2026-09-29T18:05:16+09:00,2026/09/30,2026/10/08,2026-10,CALL,58750,6905,,,,,,,3,10,,,,,
2026/09/29 17:50,2026-09-29T18:05:16+09:00,2026/09/30,2026/10/08,2026-10,PUT,58750,44,,,35.43,34.97,40,1,37,1,,,,,
2026/09/29 17:50,2026-09-29T18:05:16+09:00,2026/09/30,2026/10/08,2026-10,CALL,58625,7030,,,,,,,,,,,,,
2026/09/29 17:50,2026-09-29T18:05:16+09:00,2026/09/30,2026/10/08,2026-10,PUT,58625,38,,,36.58,32.54,44,7,21,16,,,,,
2026/09/29 17:50,2026-09-29T18:05:16+09:00,2026/09/30,2026/10/08,2026-10,CALL,58500,7150,,,,,,,3,10,,,,,
2026/09/29 17:50,2026-09-29T18:05:16+09:00,2026/09/30,2026/10/08,2026-10,PUT,58500,40,,3,36.25,35.26,38,1,32,26,35.72,-2,-5,38,09/29 17:10
2026/09/29 17:50,2026-09-29T18:05:16+09:00,2026/09/30,2026/10/08,2026-10,CALL,58375,7275,,,,,,,,,,,,,
2026/09/29 17:50,2026-09-29T18:05:16+09:00,2026/09/30,2026/10/08,2026-10,PUT,58375,35,,,38.3,34.26,48,16,24,7,,,,,
2026/09/29 17:50,2026-09-29T18:05:16+09:00,2026/09/30,2026/10/08,2026-10,CALL,58250,7400,,,,,,,,,,,,,
2026/09/29 17:50,2026-09-29T18:05:16+09:00,2026/09/30,2026/10/08,2026-10,PUT,58250,37,,,38.74,36.36,47,22,32,6,,,,,
2026/09/29 17:50,2026-09-29T18:05:16+09:00,2026/09/30,2026/10/08,2026-10,CALL,58000,7645,,,,,,,,,,,,,
2026/09/29 17:50,2026-09-29T18:05:16+09:00,2026/09/30,2026/10/08,2026-10,PUT,58000,33,,2,37.47,37.29,32,14,31,1,37.35,0,0,33,09/29 17:16
2026/09/29 17:50,2026-09-29T18:05:16+09:00,2026/09/30,2026/10/08,2026-10,CALL,57750,7895,,,,,,,,,,,,,
2026/09/29 17:50,2026-09-29T18:05:16+09:00,2026/09/30,2026/10/08,2026-10,PUT,57750,31,,,40.14,35.98,41,22,20,8,,,,,
2026/09/29 17:50,2026-09-29T18:05:16+09:00,2026/09/30,2026/10/08,2026-10,CALL,57500,8140,,,,,,,,,,,,,
2026/09/29 17:50,2026-09-29T18:05:16+09:00,2026/09/30,2026/10/08,2026-10,PUT,57500,29,,4,39.69,37.54,32,11,22,29,38.72,-12,-30.77,27,09/29 17:49
2026/09/29 17:50,2026-09-29T18:05:16+09:00,2026/09/30,2026/10/08,2026-10,CALL,57250,8385,,,,,,,,,,,,,
2026/09/29 17:50,2026-09-29T18:05:16+09:00,2026/09/30,2026/10/08,2026-10,PUT,57250,27,,1,40.8,37.54,32,8,18,8,39.25,,,26,09/29 17:16
2026/09/29 17:50,2026-09-29T18:05:16+09:00,2026/09/30,2026/10/08,2026-10,CALL,57000,8635,,,,,,,,,,,,,
2026/09/29 17:50,2026-09-29T18:05:16+09:00,2026/09/30,2026/10/08,2026-10,PUT,57000,27,,7,41.08,39.41,28,15,21,39,39.96,-4,-14.81,23,09/29 17:49
2026/09/29 17:50,2026-09-29T18:05:16+09:00,2026/09/30,2026/10/08,2026-10,CALL,56750,8885,,,,,,,,,,,,,
2026/09/29 17:50,2026-09-29T18:05:16+09:00,2026/09/30,2026/10/08,2026-10,PUT,56750,23,,,41.48,38.68,25,8,15,8,,,,,
2026/09/29 17:50,2026-09-29T18:05:16+09:00,2026/09/30,2026/10/08,2026-10,CALL,56500,9135,,,,,,,,,,,,,
2026/09/29 17:50,2026-09-29T18:05:16+09:00,2026/09/30,2026/10/08,2026-10,PUT,56500,22,,,42.81,39.7,26,11,15,11,,,,,
2026/09/29 17:50,2026-09-29T18:05:16+09:00,2026/09/30,2026/10/08,2026-10,CALL,56250,9380,,,,,,,,,,,,,
2026/09/29 17:50,2026-09-29T18:05:16+09:00,2026/09/30,2026/10/08,2026-10,PUT,56250,21,,,44.38,40.37,28,8,14,8,,,,,
2026/09/29 17:50,2026-09-29T18:05:16+09:00,2026/09/30,2026/10/08,2026-10,CALL,56000,9630,,,,,,,,,,,,,
2026/09/29 17:50,2026-09-29T18:05:16+09:00,2026/09/30,2026/10/08,2026-10,PUT,56000,19,,2,43.38,42.77,20,12,18,1,42.24,-4,-18.18,18,09/29 17:12
2026/09/29 17:50,2026-09-29T18:05:16+09:00,2026/09/30,2026/10/08,2026-10,CALL,55750,9880,,,,,,,,,,,,,
2026/09/29 17:50,2026-09-29T18:05:16+09:00,2026/09/30,2026/10/08,2026-10,PUT,55750,18,,,45.57,40.7,24,8,10,8,,,,,
2026/09/29 17:50,2026-09-29T18:05:16+09:00,2026/09/30,2026/10/08,2026-10,CALL,55500,10130,,,,,,,,,,,,,
2026/09/29 17:50,2026-09-29T18:05:16+09:00,2026/09/30,2026/10/08,2026-10,PUT,55500,17,,,46.93,44.19,25,11,16,1,,,,,
2026/09/29 17:50,2026-09-29T18:05:16+09:00,2026/09/30,2026/10/08,2026-10,CALL,55250,10380,,,,,,,,,,,,,
2026/09/29 17:50,2026-09-29T18:05:16+09:00,2026/09/30,2026/10/08,2026-10,PUT,55250,16,,,47.18,39.52,22,8,5,8,,,,,
2026/09/29 17:50,2026-09-29T18:05:16+09:00,2026/09/30,2026/10/08,2026-10,CALL,55000,10630,,,,,,,,,,,,,
2026/09/29 17:50,2026-09-29T18:05:16+09:00,2026/09/30,2026/10/08,2026-10,PUT,55000,16,,12,45.9,45.51,15,17,14,1,45.85,-1,-6.25,15,09/29 17:46
2026/09/29 17:50,2026-09-29T18:05:16+09:00,2026/09/30,2026/10/08,2026-10,CALL,54750,10880,,,,,,,,,,,,,
2026/09/29 17:50,2026-09-29T18:05:16+09:00,2026/09/30,2026/10/08,2026-10,PUT,54750,15,,,46.54,41.4,14,1,5,8,,,,,
2026/09/29 17:50,2026-09-29T18:05:16+09:00,2026/09/30,2026/10/08,2026-10,CALL,54500,11125,,,,,,,,,,,,,
2026/09/29 17:50,2026-09-29T18:05:16+09:00,2026/09/30,2026/10/08,2026-10,PUT,54500,14,,,49.8,42.34,20,11,5,11,,,,,
2026/09/29 17:50,2026-09-29T18:05:16+09:00,2026/09/30,2026/10/08,2026-10,CALL,54250,11375,,,,,,,,,,,,,
2026/09/29 17:50,2026-09-29T18:05:16+09:00,2026/09/30,2026/10/08,2026-10,PUT,54250,13,,,50.54,43.28,19,8,5,8,,,,,
2026/09/29 17:50,2026-09-29T18:05:16+09:00,2026/09/30,2026/10/08,2026-10,CALL,54000,11625,,,,,,,,,,,,,
2026/09/29 17:50,2026-09-29T18:05:16+09:00,2026/09/30,2026/10/08,2026-10,PUT,54000,12,,,51.96,48.24,20,18,11,12,,,,,
2026/09/29 17:50,2026-09-29T18:05:16+09:00,2026/09/30,2026/10/08,2026-10,CALL,53750,11875,,,,,,,,,,,,,
2026/09/29 17:50,2026-09-29T18:05:16+09:00,2026/09/30,2026/10/08,2026-10,PUT,53750,12,,,52.33,48.14,18,8,9,8,,,,,
2026/09/29 17:50,2026-09-29T18:05:16+09:00,2026/09/30,2026/10/08,2026-10,CALL,53500,12125,,,,,,,,,,,,,
2026/09/29 17:50,2026-09-29T18:05:16+09:00,2026/09/30,2026/10/08,2026-10,PUT,53500,11,,,53.4,46.13,18,11,5,11,,,,,
2026/09/29 17:50,2026-09-29T18:05:16+09:00,2026/09/30,2026/10/08,2026-10,CALL,53250,12375,,,,,,,,,,,,,
2026/09/29 17:50,2026-09-29T18:05:16+09:00,2026/09/30,2026/10/08,2026-10,PUT,53250,10,,2,51.84,47.09,12,5,5,8,50.8,-1,-9.09,10,09/29 17:48
2026/09/29 17:50,2026-09-29T18:05:16+09:00,2026/09/30,2026/10/08,2026-10,CALL,53000,12625,,,,,,,,,,,,,
2026/09/29 17:50,2026-09-29T18:05:16+09:00,2026/09/30,2026/10/08,2026-10,PUT,53000,11,,1,52.34,51.16,11,84,9,29,51.63,-1,-9.09,10,09/29 17:19
2026/09/29 17:50,2026-09-29T18:05:16+09:00,2026/09/30,2026/10/08,2026-10,CALL,52750,12875,,,,,,,,,,,,,
2026/09/29 17:50,2026-09-29T18:05:16+09:00,2026/09/30,2026/10/08,2026-10,PUT,52750,10,,,52.8,51.5,10,20,8,20,,,,,
2026/09/29 17:50,2026-09-29T18:05:16+09:00,2026/09/30,2026/10/08,2026-10,CALL,52500,13120,,,,,,,,,,,,,
2026/09/29 17:50,2026-09-29T18:05:16+09:00,2026/09/30,2026/10/08,2026-10,PUT,52500,9,,,53.83,52.51,10,23,8,38,,,,,
2026/09/29 17:50,2026-09-29T18:05:16+09:00,2026/09/30,2026/10/08,2026-10,CALL,52250,13370,,,,,,,,,,,,,
2026/09/29 17:50,2026-09-29T18:05:16+09:00,2026/09/30,2026/10/08,2026-10,PUT,52250,9,,,54.21,52.75,9,1,7,20,,,,,
2026/09/29 17:50,2026-09-29T18:05:16+09:00,2026/09/30,2026/10/08,2026-10,CALL,52000,13620,,,,,,,,,,,,,
2026/09/29 17:50,2026-09-29T18:05:16+09:00,2026/09/30,2026/10/08,2026-10,PUT,52000,9,,17,55.24,53.75,9,42,7,27,54.56,-3,-27.27,8,09/29 17:49
2026/09/29 17:50,2026-09-29T18:05:16+09:00,2026/09/30,2026/10/08,2026-10,CALL,51750,13870,,,,,,,,,,,,,
2026/09/29 17:50,2026-09-29T18:05:16+09:00,2026/09/30,2026/10/08,2026-10,PUT,51750,8,,,56.27,53.88,9,20,6,31,,,,,
2026/09/29 17:50,2026-09-29T18:05:16+09:00,2026/09/30,2026/10/08,2026-10,CALL,51500,14120,,,,,,,,,,,,,
2026/09/29 17:50,2026-09-29T18:05:16+09:00,2026/09/30,2026/10/08,2026-10,PUT,51500,9,,,57.3,55.77,9,41,7,16,,,,,
2026/09/29 17:50,2026-09-29T18:05:16+09:00,2026/09/30,2026/10/08,2026-10,CALL,51250,14370,,,,,,,,,,,,,
2026/09/29 17:50,2026-09-29T18:05:16+09:00,2026/09/30,2026/10/08,2026-10,PUT,51250,8,,,57.59,55.88,8,35,6,35,,,,,
2026/09/29 17:50,2026-09-29T18:05:16+09:00,2026/09/30,2026/10/08,2026-10,CALL,51000,14620,,,,,,,,,,,,,
2026/09/29 17:50,2026-09-29T18:05:16+09:00,2026/09/30,2026/10/08,2026-10,PUT,51000,7,,1,58.62,57.79,8,148,7,136,57.58,-2,-22.22,7,09/29 17:27
2026/09/29 17:50,2026-09-29T18:05:16+09:00,2026/09/30,2026/10/08,2026-10,CALL,50750,14870,,,,,,,,,,,,,
2026/09/29 17:50,2026-09-29T18:05:16+09:00,2026/09/30,2026/10/08,2026-10,PUT,50750,7,,,58.81,56.83,7,16,5,20,,,,,
2026/09/29 17:50,2026-09-29T18:05:16+09:00,2026/09/30,2026/10/08,2026-10,CALL,50500,15120,,,,,,,,,,,,,
2026/09/29 17:50,2026-09-29T18:05:16+09:00,2026/09/30,2026/10/08,2026-10,PUT,50500,7,,,59.84,57.82,7,24,5,23,,,,,
2026/09/29 17:50,2026-09-29T18:05:16+09:00,2026/09/30,2026/10/08,2026-10,CALL,50250,15370,,,,,,,,,,,,,
2026/09/29 17:50,2026-09-29T18:05:16+09:00,2026/09/30,2026/10/08,2026-10,PUT,50250,6,,,60.86,58.82,7,21,5,20,,,,,
2026/09/29 17:50,2026-09-29T18:05:16+09:00,2026/09/30,2026/10/08,2026-10,CALL,50000,15620,,,,,,,,,,,,,
2026/09/29 17:50,2026-09-29T18:05:16+09:00,2026/09/30,2026/10/08,2026-10,PUT,50000,6,,5,60.92,59.82,6,1,5,37,60.68,0,0,6,09/29 17:00
2026/09/29 17:50,2026-09-29T18:05:16+09:00,2026/09/30,2026/10/08,2026-10,CALL,49750,15870,,,,,,,,,,,,,
2026/09/29 17:50,2026-09-29T18:05:16+09:00,2026/09/30,2026/10/08,2026-10,PUT,49750,6,,,62.93,59.53,7,31,4,20,,,,,
2026/09/29 17:50,2026-09-29T18:05:16+09:00,2026/09/30,2026/10/08,2026-10,CALL,49500,16120,,,,,,,,,,,,,
2026/09/29 17:50,2026-09-29T18:05:16+09:00,2026/09/30,2026/10/08,2026-10,PUT,49500,6,,,62.97,60.52,6,38,4,23,,,,,
2026/09/29 17:50,2026-09-29T18:05:16+09:00,2026/09/30,2026/10/08,2026-10,CALL,49250,16365,,,,,,,,,,,,,
2026/09/29 17:50,2026-09-29T18:05:16+09:00,2026/09/30,2026/10/08,2026-10,PUT,49250,5,,,64,61.51,6,20,4,20,,,,,
2026/09/29 17:50,2026-09-29T18:05:16+09:00,2026/09/30,2026/10/08,2026-10,CALL,49000,16615,,,,,,,,,,,,,
2026/09/29 17:50,2026-09-29T18:05:16+09:00,2026/09/30,2026/10/08,2026-10,PUT,49000,5,,2,63.87,62.51,5,1,4,32,63.69,-2,-28.57,5,09/29 17:41
2026/09/29 17:50,2026-09-29T18:05:16+09:00,2026/09/30,2026/10/08,2026-10,CALL,48750,16865,,,,,,,,,,,,,
2026/09/29 17:50,2026-09-29T18:05:16+09:00,2026/09/30,2026/10/08,2026-10,PUT,48750,5,,,66.07,61.85,6,31,3,31,,,,,
2026/09/29 17:50,2026-09-29T18:05:16+09:00,2026/09/30,2026/10/08,2026-10,CALL,48500,17115,,,,,,,,,,,,,
2026/09/29 17:50,2026-09-29T18:05:16+09:00,2026/09/30,2026/10/08,2026-10,PUT,48500,5,,,65.92,62.84,5,23,3,23,,,,,
2026/09/29 17:50,2026-09-29T18:05:16+09:00,2026/09/30,2026/10/08,2026-10,CALL,48250,17365,,,,,,,,,,,,,
2026/09/29 17:50,2026-09-29T18:05:16+09:00,2026/09/30,2026/10/08,2026-10,PUT,48250,5,,,66.95,63.83,5,35,3,20,,,,,
2026/09/29 17:50,2026-09-29T18:05:16+09:00,2026/09/30,2026/10/08,2026-10,CALL,48000,17615,,,,,,,,,,,,,
2026/09/29 17:50,2026-09-29T18:05:16+09:00,2026/09/30,2026/10/08,2026-10,PUT,48000,5,,,67.98,64.82,5,27,3,39,,,,,
2026/09/29 17:50,2026-09-29T18:05:16+09:00,2026/09/30,2026/10/08,2026-10,CALL,47750,17865,,,,,,,,,,,,,
2026/09/29 17:50,2026-09-29T18:05:16+09:00,2026/09/30,2026/10/08,2026-10,PUT,47750,4,,,69.02,65.82,5,20,3,20,,,,,
2026/09/29 17:50,2026-09-29T18:05:16+09:00,2026/09/30,2026/10/08,2026-10,CALL,47500,18115,,,,,,,,,,,,,
2026/09/29 17:50,2026-09-29T18:05:16+09:00,2026/09/30,2026/10/08,2026-10,PUT,47500,4,,,70.07,66.82,5,38,3,15,,,,,
2026/09/29 17:50,2026-09-29T18:05:16+09:00,2026/09/30,2026/10/08,2026-10,CALL,47250,18365,,,,,,,,,,,,,
2026/09/29 17:50,2026-09-29T18:05:16+09:00,2026/09/30,2026/10/08,2026-10,PUT,47250,4,,,71.11,67.82,5,31,3,15,,,,,
2026/09/29 17:50,2026-09-29T18:05:16+09:00,2026/09/30,2026/10/08,2026-10,CALL,47000,18615,,,,,,,,,,,,,
2026/09/29 17:50,2026-09-29T18:05:16+09:00,2026/09/30,2026/10/08,2026-10,PUT,47000,4,,,70.66,68.84,4,27,3,28,,,,,
2026/09/29 17:50,2026-09-29T18:05:16+09:00,2026/09/30,2026/10/08,2026-10,CALL,46750,18865,,,,,,,,,,,,,
2026/09/29 17:50,2026-09-29T18:05:16+09:00,2026/09/30,2026/10/08,2026-10,PUT,46750,4,,,71.7,67.44,4,20,2,20,,,,,
2026/09/29 17:50,2026-09-29T18:05:16+09:00,2026/09/30,2026/10/08,2026-10,CALL,46500,19115,,,,,,,,,,,,,
2026/09/29 17:50,2026-09-29T18:05:16+09:00,2026/09/30,2026/10/08,2026-10,PUT,46500,3,,,72.74,70.87,4,23,3,8,,,,,
2026/09/29 17:50,2026-09-29T18:05:16+09:00,2026/09/30,2026/10/08,2026-10,CALL,46250,19365,,,,,,,,,,,,,
2026/09/29 17:50,2026-09-29T18:05:16+09:00,2026/09/30,2026/10/08,2026-10,PUT,46250,4,,,73.79,69.43,4,20,2,20,,,,,
2026/09/29 17:50,2026-09-29T18:05:16+09:00,2026/09/30,2026/10/08,2026-10,CALL,46000,19615,,,,,,,,,,,,,
2026/09/29 17:50,2026-09-29T18:05:16+09:00,2026/09/30,2026/10/08,2026-10,PUT,46000,4,,,72.93,70.42,3,6,2,18,,,,,
2026/09/29 17:50,2026-09-29T18:05:16+09:00,2026/09/30,2026/10/08,2026-10,CALL,45750,19865,,,,,,,,,,,,,
2026/09/29 17:50,2026-09-29T18:05:16+09:00,2026/09/30,2026/10/08,2026-10,PUT,45750,3,,,84.74,67.58,12,11,1,26,,,,,
2026/09/29 17:50,2026-09-29T18:05:16+09:00,2026/09/30,2026/10/08,2026-10,CALL,45500,20110,,,,,,,,,,,,,
2026/09/29 17:50,2026-09-29T18:05:16+09:00,2026/09/30,2026/10/08,2026-10,PUT,45500,3,,,75,68.54,3,2,1,41,,,,,
2026/09/29 17:50,2026-09-29T18:05:16+09:00,2026/09/30,2026/10/08,2026-10,CALL,45250,20360,,,,,,,,,,,,,
2026/09/29 17:50,2026-09-29T18:05:16+09:00,2026/09/30,2026/10/08,2026-10,PUT,45250,2,,,87.08,69.5,12,11,1,26,,,,,
2026/09/29 17:50,2026-09-29T18:05:16+09:00,2026/09/30,2026/10/08,2026-10,CALL,45000,20610,,,,,,,,,,,,,
2026/09/29 17:50,2026-09-29T18:05:16+09:00,2026/09/30,2026/10/08,2026-10,PUT,45000,2,,,77.09,74.47,3,21,2,60,,,,,
2026/09/29 17:50,2026-09-29T18:05:16+09:00,2026/09/30,2026/10/08,2026-10,CALL,44750,20860,,,,,,,,,,,,,
2026/09/29 17:50,2026-09-29T18:05:16+09:00,2026/09/30,2026/10/08,2026-10,PUT,44750,2,,,89.45,75.49,12,11,2,2,,,,,
2026/09/29 17:50,2026-09-29T18:05:16+09:00,2026/09/30,2026/10/08,2026-10,CALL,44500,21110,,,,,,,,,,,,,
2026/09/29 17:50,2026-09-29T18:05:16+09:00,2026/09/30,2026/10/08,2026-10,PUT,44500,2,,,79.21,76.52,3,11,2,2,,,,,
2026/09/29 17:50,2026-09-29T18:05:16+09:00,2026/09/30,2026/10/08,2026-10,CALL,44250,21360,,,,,,,,,,,,,
2026/09/29 17:50,2026-09-29T18:05:16+09:00,2026/09/30,2026/10/08,2026-10,PUT,44250,2,,,91.84,73.41,12,11,1,20,,,,,
2026/09/29 17:50,2026-09-29T18:05:16+09:00,2026/09/30,2026/10/08,2026-10,CALL,44000,21610,,,,,,,,,,,,,
2026/09/29 17:50,2026-09-29T18:05:16+09:00,2026/09/30,2026/10/08,2026-10,PUT,44000,2,,,92.18,74.4,11,27,1,70,,,,,
2026/09/29 17:50,2026-09-29T18:05:16+09:00,2026/09/30,2026/10/08,2026-10,CALL,43750,21860,,,,,,,,,,,,,
2026/09/29 17:50,2026-09-29T18:05:16+09:00,2026/09/30,2026/10/08,2026-10,PUT,43750,1,,,94.25,75.4,12,11,1,36,,,,,
2026/09/29 17:50,2026-09-29T18:05:16+09:00,2026/09/30,2026/10/08,2026-10,CALL,43500,22110,,,,,,,,,,,,,
2026/09/29 17:50,2026-09-29T18:05:16+09:00,2026/09/30,2026/10/08,2026-10,PUT,43500,1,,,95.47,76.39,12,18,1,42,,,,,
2026/09/29 17:50,2026-09-29T18:05:16+09:00,2026/09/30,2026/10/08,2026-10,CALL,43250,22360,,,,,,,,,,,,,
2026/09/29 17:50,2026-09-29T18:05:16+09:00,2026/09/30,2026/10/08,2026-10,PUT,43250,1,,,84.59,77.4,3,10,1,35,,,,,
2026/09/29 17:50,2026-09-29T18:05:16+09:00,2026/09/30,2026/10/08,2026-10,CALL,43000,22610,,,,,,,,,,,,,
2026/09/29 17:50,2026-09-29T18:05:16+09:00,2026/09/30,2026/10/08,2026-10,PUT,43000,2,,,82.8,78.41,2,8,1,84,,,,,
2026/09/29 17:50,2026-09-29T18:05:16+09:00,2026/09/30,2026/10/08,2026-10,CALL,42750,22860,,,,,,,,,,,,,
2026/09/29 17:50,2026-09-29T18:05:16+09:00,2026/09/30,2026/10/08,2026-10,PUT,42750,1,,,83.87,79.42,2,2,1,15,,,,,
2026/09/29 17:50,2026-09-29T18:05:16+09:00,2026/09/30,2026/10/08,2026-10,CALL,42000,23610,,,,,,,,,,,,,
2026/09/29 17:50,2026-09-29T18:05:16+09:00,2026/09/30,2026/10/08,2026-10,PUT,42000,1,,,87.1,82.5,2,20,1,72,,,,,
2026/09/29 17:50,2026-09-29T18:05:16+09:00,2026/09/30,2026/10/08,2026-10,CALL,41000,24610,,,,,,,,,,,,,
2026/09/29 17:50,2026-09-29T18:05:16+09:00,2026/09/30,2026/10/08,2026-10,PUT,41000,1,,,91.49,86.69,2,26,1,51,,,,,
2026/09/29 17:50,2026-09-29T18:05:16+09:00,2026/09/30,2026/10/08,2026-10,CALL,40000,25610,,,,,,,,,,,,,
2026/09/29 17:50,2026-09-29T18:05:16+09:00,2026/09/30,2026/10/08,2026-10,PUT,40000,1,,50,95.99,90.97,2,125,1,183,91,-1,-50,1,09/29 17:49
2026/09/29 17:50,2026-09-29T18:05:16+09:00,2026/09/30,2026/10/08,2026-10,CALL,39000,26610,,,,,,,,,,,,,
2026/09/29 17:50,2026-09-29T18:05:16+09:00,2026/09/30,2026/10/08,2026-10,PUT,39000,1,,9,95.36,,1,7,,,95.14,0,0,1,09/29 17:28
2026/09/29 17:50,2026-09-29T18:05:16+09:00,2026/09/30,2026/11/12,2026-11,CALL,85000,5,,1,26.05,24.85,5,3,3,15,26.05,0,0,5,09/29 17:39
2026/09/29 17:50,2026-09-29T18:05:16+09:00,2026/09/30,2026/11/12,2026-11,PUT,85000,19345,,,,,,,,,,,,,
2026/09/29 17:50,2026-09-29T18:05:16+09:00,2026/09/30,2026/11/12,2026-11,CALL,82500,11,,,25.06,24.77,10,1,9,1,,,,,
2026/09/29 17:50,2026-09-29T18:05:16+09:00,2026/09/30,2026/11/12,2026-11,PUT,82500,16855,,,,,,,,,,,,,
2026/09/29 17:50,2026-09-29T18:05:16+09:00,2026/09/30,2026/11/12,2026-11,CALL,80000,24,,,25.14,23.94,29,8,20,1,,,,,
2026/09/29 17:50,2026-09-29T18:05:16+09:00,2026/09/30,2026/11/12,2026-11,PUT,80000,14375,,,,,,,,,,,,,
2026/09/29 17:50,2026-09-29T18:05:16+09:00,2026/09/30,2026/11/12,2026-11,CALL,79500,30,,,24.78,23.13,32,44,19,16,,,,,
2026/09/29 17:50,2026-09-29T18:05:16+09:00,2026/09/30,2026/11/12,2026-11,PUT,79500,13880,,,,,,,,,,,,,
2026/09/29 17:50,2026-09-29T18:05:16+09:00,2026/09/30,2026/11/12,2026-11,CALL,79000,36,,,24.39,23.16,35,24,24,61,,,,,
2026/09/29 17:50,2026-09-29T18:05:16+09:00,2026/09/30,2026/11/12,2026-11,PUT,79000,13385,,,,,,,,,,,,,
2026/09/29 17:50,2026-09-29T18:05:16+09:00,2026/09/30,2026/11/12,2026-11,CALL,78500,43,,,24.41,23.17,43,16,30,16,,,,,
2026/09/29 17:50,2026-09-29T18:05:16+09:00,2026/09/30,2026/11/12,2026-11,PUT,78500,12895,,,,,,,,,,,,,
2026/09/29 17:50,2026-09-29T18:05:16+09:00,2026/09/30,2026/11/12,2026-11,CALL,78000,49,,,23.99,23.33,47,21,39,23,,,,,
2026/09/29 17:50,2026-09-29T18:05:16+09:00,2026/09/30,2026/11/12,2026-11,PUT,78000,12405,,,,,,,,,,,,,
2026/09/29 17:50,2026-09-29T18:05:16+09:00,2026/09/30,2026/11/12,2026-11,CALL,77500,62,,,23.96,23.31,57,16,48,16,,,,,
2026/09/29 17:50,2026-09-29T18:05:16+09:00,2026/09/30,2026/11/12,2026-11,PUT,77500,11915,,,,,,,,,,,,,
2026/09/29 17:50,2026-09-29T18:05:16+09:00,2026/09/30,2026/11/12,2026-11,CALL,77000,68,,4,23.75,23.44,66,1,61,1,23.57,-5,-7.35,63,09/29 17:44
2026/09/29 17:50,2026-09-29T18:05:16+09:00,2026/09/30,2026/11/12,2026-11,PUT,77000,11425,,,,,,,,,,,,,
2026/09/29 17:50,2026-09-29T18:05:16+09:00,2026/09/30,2026/11/12,2026-11,CALL,76500,85,,,23.84,23.3,82,12,72,12,,,,,
2026/09/29 17:50,2026-09-29T18:05:16+09:00,2026/09/30,2026/11/12,2026-11,PUT,76500,10940,,,,,,,,,,,,,
2026/09/29 17:50,2026-09-29T18:05:16+09:00,2026/09/30,2026/11/12,2026-11,CALL,76250,97,,,23.77,23.27,89,8,79,8,,,,,
2026/09/29 17:50,2026-09-29T18:05:16+09:00,2026/09/30,2026/11/12,2026-11,PUT,76250,10700,,,,,,,,,,,,,
2026/09/29 17:50,2026-09-29T18:05:16+09:00,2026/09/30,2026/11/12,2026-11,CALL,76000,99,,,23.68,23.4,96,1,90,1,,,,,
2026/09/29 17:50,2026-09-29T18:05:16+09:00,2026/09/30,2026/11/12,2026-11,PUT,76000,10460,,,,,,,,,,,,,
2026/09/29 17:50,2026-09-29T18:05:16+09:00,2026/09/30,2026/11/12,2026-11,CALL,75750,112,,,23.7,23.34,106,7,98,7,,,,,
2026/09/29 17:50,2026-09-29T18:05:16+09:00,2026/09/30,2026/11/12,2026-11,PUT,75750,10220,,,33.41,,10470,4,9970,4,,,,,
2026/09/29 17:50,2026-09-29T18:05:16+09:00,2026/09/30,2026/11/12,2026-11,CALL,75500,124,,,23.72,23.34,117,8,108,8,,,,,
2026/09/29 17:50,2026-09-29T18:05:16+09:00,2026/09/30,2026/11/12,2026-11,PUT,75500,9980,,,33.08,,10230,8,9730,8,,,,,
2026/09/29 17:50,2026-09-29T18:05:16+09:00,2026/09/30,2026/11/12,2026-11,CALL,75250,135,,,23.66,23.35,127,2,119,5,,,,,
2026/09/29 17:50,2026-09-29T18:05:16+09:00,2026/09/30,2026/11/12,2026-11,PUT,75250,9740,,,32.73,,9990,4,9490,4,,,,,
2026/09/29 17:50,2026-09-29T18:05:16+09:00,2026/09/30,2026/11/12,2026-11,CALL,75000,143,,,23.61,23.46,138,2,134,3,,,,,
2026/09/29 17:50,2026-09-29T18:05:16+09:00,2026/09/30,2026/11/12,2026-11,PUT,75000,9505,,,32.48,,9755,12,9255,12,,,,,
2026/09/29 17:50,2026-09-29T18:05:16+09:00,2026/09/30,2026/11/12,2026-11,CALL,74750,163,,,23.66,23.36,153,2,144,5,,,,,
2026/09/29 17:50,2026-09-29T18:05:16+09:00,2026/09/30,2026/11/12,2026-11,PUT,74750,9270,,,32.21,14.06,9520,4,9020,4,,,,,
2026/09/29 17:50,2026-09-29T18:05:16+09:00,2026/09/30,2026/11/12,2026-11,CALL,74500,176,,,23.61,23.39,166,2,159,8,,,,,
2026/09/29 17:50,2026-09-29T18:05:16+09:00,2026/09/30,2026/11/12,2026-11,PUT,74500,9035,,,31.93,16.27,9285,8,8785,8,,,,,
2026/09/29 17:50,2026-09-29T18:05:16+09:00,2026/09/30,2026/11/12,2026-11,CALL,74250,191,,,23.65,23.38,183,2,174,5,,,,,
2026/09/29 17:50,2026-09-29T18:05:16+09:00,2026/09/30,2026/11/12,2026-11,PUT,74250,8800,,,31.64,17.27,9050,4,8550,3,,,,,
2026/09/29 17:50,2026-09-29T18:05:16+09:00,2026/09/30,2026/11/12,2026-11,CALL,74000,206,,4,23.62,23.48,199,2,194,3,23.27,7,3.78,192,09/29 17:31
2026/09/29 17:50,2026-09-29T18:05:16+09:00,2026/09/30,2026/11/12,2026-11,PUT,74000,8565,,,31.33,17.88,8815,12,8315,12,,,,,
2026/09/29 17:50,2026-09-29T18:05:16+09:00,2026/09/30,2026/11/12,2026-11,CALL,73750,228,,,23.66,23.37,219,5,208,5,,,,,
2026/09/29 17:50,2026-09-29T18:05:16+09:00,2026/09/30,2026/11/12,2026-11,PUT,73750,8335,,,31.09,18.54,8585,4,8085,4,,,,,
2026/09/29 17:50,2026-09-29T18:05:16+09:00,2026/09/30,2026/11/12,2026-11,CALL,73500,244,,,23.67,23.33,239,8,226,10,,,,,
2026/09/29 17:50,2026-09-29T18:05:16+09:00,2026/09/30,2026/11/12,2026-11,PUT,73500,8105,,,30.85,18.99,8355,8,7855,8,,,,,
2026/09/29 17:50,2026-09-29T18:05:16+09:00,2026/09/30,2026/11/12,2026-11,CALL,73250,268,,,23.68,23.39,261,5,249,5,,,,,
2026/09/29 17:50,2026-09-29T18:05:16+09:00,2026/09/30,2026/11/12,2026-11,PUT,73250,7875,,,30.58,19.31,8125,4,7625,4,,,,,
2026/09/29 17:50,2026-09-29T18:05:16+09:00,2026/09/30,2026/11/12,2026-11,CALL,73000,290,,4,23.65,23.49,283,3,276,3,23.4,-2,-0.73,272,09/29 17:38
2026/09/29 17:50,2026-09-29T18:05:16+09:00,2026/09/30,2026/11/12,2026-11,PUT,73000,7655,,,30.46,19.85,7905,12,7405,12,,,,,
2026/09/29 17:50,2026-09-29T18:05:16+09:00,2026/09/30,2026/11/12,2026-11,CALL,72750,320,,,23.69,23.34,310,5,294,5,,,,,
2026/09/29 17:50,2026-09-29T18:05:16+09:00,2026/09/30,2026/11/12,2026-11,PUT,72750,7425,,,30.16,19.96,7675,4,7175,4,,,,,
2026/09/29 17:50,2026-09-29T18:05:16+09:00,2026/09/30,2026/11/12,2026-11,CALL,72500,345,,,23.66,23.45,335,6,325,6,,,,,
2026/09/29 17:50,2026-09-29T18:05:16+09:00,2026/09/30,2026/11/12,2026-11,PUT,72500,7205,,,30,20.29,7455,8,6955,8,,,,,
2026/09/29 17:50,2026-09-29T18:05:16+09:00,2026/09/30,2026/11/12,2026-11,CALL,72250,370,,,23.68,23.38,365,4,350,4,,,,,
2026/09/29 17:50,2026-09-29T18:05:16+09:00,2026/09/30,2026/11/12,2026-11,PUT,72250,6985,,,29.82,20.52,7235,4,6735,4,,,,,
2026/09/29 17:50,2026-09-29T18:05:16+09:00,2026/09/30,2026/11/12,2026-11,CALL,72125,405,,,24.99,22.16,450,24,305,9,,,,,
2026/09/29 17:50,2026-09-29T18:05:16+09:00,2026/09/30,2026/11/12,2026-11,PUT,72125,6890,,,29.8,20.95,7130,3,6640,4,,,,,
2026/09/29 17:50,2026-09-29T18:05:16+09:00,2026/09/30,2026/11/12,2026-11,CALL,72000,395,,3,23.66,23.47,395,8,385,8,23.62,0,0,395,09/29 17:20
2026/09/29 17:50,2026-09-29T18:05:16+09:00,2026/09/30,2026/11/12,2026-11,PUT,72000,6770,,,29.69,20.79,7020,12,6520,12,,,,,
2026/09/29 17:50,2026-09-29T18:05:16+09:00,2026/09/30,2026/11/12,2026-11,CALL,71875,440,,,24.9,22.3,480,24,340,9,,,,,
2026/09/29 17:50,2026-09-29T18:05:16+09:00,2026/09/30,2026/11/12,2026-11,PUT,71875,6675,,,29.58,21.16,6910,3,6425,4,,,,,
2026/09/29 17:50,2026-09-29T18:05:16+09:00,2026/09/30,2026/11/12,2026-11,CALL,71750,435,,,23.7,23.43,430,4,415,4,,,,,
2026/09/29 17:50,2026-09-29T18:05:16+09:00,2026/09/30,2026/11/12,2026-11,PUT,71750,6550,,,29.31,20.87,6790,3,6300,4,,,,,
2026/09/29 17:50,2026-09-29T18:05:16+09:00,2026/09/30,2026/11/12,2026-11,CALL,71625,470,,,24.87,22.28,515,24,370,9,,,,,
2026/09/29 17:50,2026-09-29T18:05:16+09:00,2026/09/30,2026/11/12,2026-11,PUT,71625,6455,,,29.34,21.2,6690,3,6205,4,,,,,
2026/09/29 17:50,2026-09-29T18:05:16+09:00,2026/09/30,2026/11/12,2026-11,CALL,71500,475,,,23.69,23.43,465,6,450,6,,,,,
2026/09/29 17:50,2026-09-29T18:05:16+09:00,2026/09/30,2026/11/12,2026-11,PUT,71500,6335,,,29.28,21,6585,8,6085,8,,,,,
2026/09/29 17:50,2026-09-29T18:05:16+09:00,2026/09/30,2026/11/12,2026-11,CALL,71375,505,,,25.04,22.04,565,24,390,24,,,,,
2026/09/29 17:50,2026-09-29T18:05:16+09:00,2026/09/30,2026/11/12,2026-11,PUT,71375,6240,,,29.08,21.29,6470,3,5990,4,,,,,
2026/09/29 17:50,2026-09-29T18:05:16+09:00,2026/09/30,2026/11/12,2026-11,CALL,71250,510,,,23.73,23.48,505,4,490,4,,,,,
2026/09/29 17:50,2026-09-29T18:05:16+09:00,2026/09/30,2026/11/12,2026-11,PUT,71250,6125,,,29.01,21.17,6365,3,5875,4,,,,,
2026/09/29 17:50,2026-09-29T18:05:16+09:00,2026/09/30,2026/11/12,2026-11,CALL,71125,550,,,25.01,22.13,605,24,430,24,,,,,
2026/09/29 17:50,2026-09-29T18:05:16+09:00,2026/09/30,2026/11/12,2026-11,PUT,71125,6035,,,28.86,21.51,6255,3,5785,4,,,,,
2026/09/29 17:50,2026-09-29T18:05:16+09:00,2026/09/30,2026/11/12,2026-11,CALL,71000,565,,1,23.72,23.48,545,8,530,8,23.53,-20,-3.54,545,09/29 17:21
2026/09/29 17:50,2026-09-29T18:05:16+09:00,2026/09/30,2026/11/12,2026-11,PUT,71000,5915,,,28.92,21.28,6160,9,5665,12,,,,,
2026/09/29 17:50,2026-09-29T18:05:16+09:00,2026/09/30,2026/11/12,2026-11,CALL,70875,595,,,25.02,22.25,650,24,475,24,,,,,
2026/09/29 17:50,2026-09-29T18:05:16+09:00,2026/09/30,2026/11/12,2026-11,PUT,70875,5830,,,28.63,21.66,6040,3,5580,4,,,,,
2026/09/29 17:50,2026-09-29T18:05:16+09:00,2026/09/30,2026/11/12,2026-11,CALL,70750,595,,,23.83,23.44,595,4,570,4,,,,,
2026/09/29 17:50,2026-09-29T18:05:16+09:00,2026/09/30,2026/11/12,2026-11,PUT,70750,5710,,,28.53,21.42,5935,3,5460,4,,,,,
2026/09/29 17:50,2026-09-29T18:05:16+09:00,2026/09/30,2026/11/12,2026-11,CALL,70625,640,,,24.98,22.31,695,22,520,22,,,,,
2026/09/29 17:50,2026-09-29T18:05:16+09:00,2026/09/30,2026/11/12,2026-11,PUT,70625,5625,,,28.43,21.83,5830,6,5380,3,,,,,
2026/09/29 17:50,2026-09-29T18:05:16+09:00,2026/09/30,2026/11/12,2026-11,CALL,70500,645,,1,23.81,23.44,640,4,615,4,23.62,135,27.27,630,09/29 17:20
2026/09/29 17:50,2026-09-29T18:05:16+09:00,2026/09/30,2026/11/12,2026-11,PUT,70500,5505,,,28.46,21.57,5735,12,5260,6,,,,,
2026/09/29 17:50,2026-09-29T18:05:16+09:00,2026/09/30,2026/11/12,2026-11,CALL,70375,670,,,24.98,22.25,745,22,560,22,,,,,
2026/09/29 17:50,2026-09-29T18:05:16+09:00,2026/09/30,2026/11/12,2026-11,PUT,70375,5405,,,28.21,21.63,5620,6,5160,3,,,,,
2026/09/29 17:50,2026-09-29T18:05:16+09:00,2026/09/30,2026/11/12,2026-11,CALL,70250,690,,,23.9,23.47,695,3,665,3,,,,,
2026/09/29 17:50,2026-09-29T18:05:16+09:00,2026/09/30,2026/11/12,2026-11,PUT,70250,5305,,,28.09,21.67,5515,8,5060,5,,,,,
2026/09/29 17:50,2026-09-29T18:05:16+09:00,2026/09/30,2026/11/12,2026-11,CALL,70125,720,,,24.04,22.38,730,7,615,22,,,,,
2026/09/29 17:50,2026-09-29T18:05:16+09:00,2026/09/30,2026/11/12,2026-11,PUT,70125,5210,,,28.03,21.78,5415,6,4965,3,,,,,
2026/09/29 17:50,2026-09-29T18:05:16+09:00,2026/09/30,2026/11/12,2026-11,CALL,70000,730,,2,23.73,23.52,735,5,720,2,23.68,0,0,730,09/29 17:18
2026/09/29 17:50,2026-09-29T18:05:16+09:00,2026/09/30,2026/11/12,2026-11,PUT,70000,5110,,,25.79,18.34,5150,20,4645,9,,,,,
2026/09/29 17:50,2026-09-29T18:05:16+09:00,2026/09/30,2026/11/12,2026-11,CALL,69875,780,,,23.98,22.37,780,7,665,22,,,,,
2026/09/29 17:50,2026-09-29T18:05:16+09:00,2026/09/30,2026/11/12,2026-11,PUT,69875,5015,,,27.75,21.87,5205,6,4770,3,,,,,
2026/09/29 17:50,2026-09-29T18:05:16+09:00,2026/09/30,2026/11/12,2026-11,CALL,69750,800,,,23.94,23.33,805,3,760,3,,,,,
2026/09/29 17:50,2026-09-29T18:05:16+09:00,2026/09/30,2026/11/12,2026-11,PUT,69750,4915,,,27.67,21.86,5105,8,4670,5,,,,,
2026/09/29 17:50,2026-09-29T18:05:16+09:00,2026/09/30,2026/11/12,2026-11,CALL,69625,855,,,24.95,22.33,910,22,715,22,,,,,
2026/09/29 17:50,2026-09-29T18:05:16+09:00,2026/09/30,2026/11/12,2026-11,PUT,69625,4845,,,27.58,22.19,5005,6,4595,6,,,,,
2026/09/29 17:50,2026-09-29T18:05:16+09:00,2026/09/30,2026/11/12,2026-11,CALL,69500,855,,,23.83,23.5,855,4,830,4,,,,,
2026/09/29 17:50,2026-09-29T18:05:16+09:00,2026/09/30,2026/11/12,2026-11,PUT,69500,4720,,,23.83,21.88,4620,14,4475,21,,,,,
2026/09/29 17:50,2026-09-29T18:05:16+09:00,2026/09/30,2026/11/12,2026-11,CALL,69375,885,,,24.73,22.37,955,15,775,22,,,,,
2026/09/29 17:50,2026-09-29T18:05:16+09:00,2026/09/30,2026/11/12,2026-11,PUT,69375,4625,,,27.37,21.9,4805,6,4380,3,,,,,
2026/09/29 17:50,2026-09-29T18:05:16+09:00,2026/09/30,2026/11/12,2026-11,CALL,69250,925,,,23.81,23.55,915,3,895,3,,,,,
2026/09/29 17:50,2026-09-29T18:05:16+09:00,2026/09/30,2026/11/12,2026-11,PUT,69250,4540,,,24.38,22.7,4475,10,4345,2,,,,,
2026/09/29 17:50,2026-09-29T18:05:16+09:00,2026/09/30,2026/11/12,2026-11,CALL,69125,955,,,24.67,22.43,1015,22,840,22,,,,,
2026/09/29 17:50,2026-09-29T18:05:16+09:00,2026/09/30,2026/11/12,2026-11,PUT,69125,4445,,,27.2,21.98,4610,6,4195,6,,,,,
2026/09/29 17:50,2026-09-29T18:05:16+09:00,2026/09/30,2026/11/12,2026-11,CALL,69000,970,,11,23.87,23.49,985,5,955,5,23.57,10,1.03,980,09/29 17:22
2026/09/29 17:50,2026-09-29T18:05:16+09:00,2026/09/30,2026/11/12,2026-11,PUT,69000,4355,,,23.68,22.8,4235,14,4165,2,,,,,
2026/09/29 17:50,2026-09-29T18:05:16+09:00,2026/09/30,2026/11/12,2026-11,CALL,68875,1040,,,24.63,22.25,1080,21,890,21,,,,,
2026/09/29 17:50,2026-09-29T18:05:16+09:00,2026/09/30,2026/11/12,2026-11,PUT,68875,4280,,,26.99,22.32,4415,6,4035,3,,,,,
2026/09/29 17:50,2026-09-29T18:05:16+09:00,2026/09/30,2026/11/12,2026-11,CALL,68750,1060,,,24.13,23.4,1075,2,1015,2,,,,,
2026/09/29 17:50,2026-09-29T18:05:16+09:00,2026/09/30,2026/11/12,2026-11,PUT,68750,4175,,,24.32,22.15,4105,10,3930,10,,,,,
2026/09/29 17:50,2026-09-29T18:05:16+09:00,2026/09/30,2026/11/12,2026-11,CALL,68625,1115,,,24.42,23.09,1135,6,1025,6,,,,,
2026/09/29 17:50,2026-09-29T18:05:16+09:00,2026/09/30,2026/11/12,2026-11,PUT,68625,4105,,,26.81,22.35,4225,6,3855,6,,,,,
2026/09/29 17:50,2026-09-29T18:05:16+09:00,2026/09/30,2026/11/12,2026-11,CALL,68500,1145,,,23.98,23.5,1135,3,1095,3,,,,,
2026/09/29 17:50,2026-09-29T18:05:16+09:00,2026/09/30,2026/11/12,2026-11,PUT,68500,4010,,,23.86,22.83,3890,14,3805,4,,,,,
2026/09/29 17:50,2026-09-29T18:05:16+09:00,2026/09/30,2026/11/12,2026-11,CALL,68375,1190,,,24.48,23.17,1215,6,1105,6,,,,,
2026/09/29 17:50,2026-09-29T18:05:16+09:00,2026/09/30,2026/11/12,2026-11,PUT,68375,3935,,,26.6,22.45,4035,6,3685,6,,,,,
2026/09/29 17:50,2026-09-29T18:05:16+09:00,2026/09/30,2026/11/12,2026-11,CALL,68250,1215,,,24.26,23.37,1235,2,1160,2,,,,,
2026/09/29 17:50,2026-09-29T18:05:16+09:00,2026/09/30,2026/11/12,2026-11,PUT,68250,3830,,,23.85,22.9,3715,10,3635,3,,,,,
2026/09/29 17:50,2026-09-29T18:05:16+09:00,2026/09/30,2026/11/12,2026-11,CALL,68125,1285,,,24.49,23.21,1295,6,1185,6,,,,,
2026/09/29 17:50,2026-09-29T18:05:16+09:00,2026/09/30,2026/11/12,2026-11,PUT,68125,3775,,,24.55,22.62,3690,13,3525,6,,,,,
2026/09/29 17:50,2026-09-29T18:05:16+09:00,2026/09/30,2026/11/12,2026-11,CALL,68000,1280,,,24.08,23.73,1300,4,1270,4,,,,,
2026/09/29 17:50,2026-09-29T18:05:16+09:00,2026/09/30,2026/11/12,2026-11,PUT,68000,3660,,,23.96,22.92,3555,21,3465,4,,,,,
2026/09/29 17:50,2026-09-29T18:05:16+09:00,2026/09/30,2026/11/12,2026-11,CALL,67875,1365,,,24.58,23.31,1385,6,1275,6,,,,,
2026/09/29 17:50,2026-09-29T18:05:16+09:00,2026/09/30,2026/11/12,2026-11,PUT,67875,3610,,,24.81,22.67,3545,13,3360,6,,,,,
2026/09/29 17:50,2026-09-29T18:05:16+09:00,2026/09/30,2026/11/12,2026-11,CALL,67750,1390,,,24.2,23.63,1395,2,1345,2,,,,,
2026/09/29 17:50,2026-09-29T18:05:16+09:00,2026/09/30,2026/11/12,2026-11,PUT,67750,3505,,,24.43,23.17,3430,16,3320,1,,,,,
2026/09/29 17:50,2026-09-29T18:05:16+09:00,2026/09/30,2026/11/12,2026-11,CALL,67625,1430,,,24.61,23.37,1475,5,1365,5,,,,,
2026/09/29 17:50,2026-09-29T18:05:16+09:00,2026/09/30,2026/11/12,2026-11,PUT,67625,3425,,,24.44,22.62,3350,13,3190,6,,,,,
2026/09/29 17:50,2026-09-29T18:05:16+09:00,2026/09/30,2026/11/12,2026-11,CALL,67500,1475,,,24.28,23.66,1490,3,1435,3,,,,,
2026/09/29 17:50,2026-09-29T18:05:16+09:00,2026/09/30,2026/11/12,2026-11,PUT,67500,3340,,,24.39,23.26,3265,20,3165,1,,,,,
2026/09/29 17:50,2026-09-29T18:05:16+09:00,2026/09/30,2026/11/12,2026-11,CALL,67375,1525,,,24.66,23.43,1570,5,1460,5,,,,,
2026/09/29 17:50,2026-09-29T18:05:16+09:00,2026/09/30,2026/11/12,2026-11,PUT,67375,3270,,,24.6,22.87,3205,13,3050,13,,,,,
2026/09/29 17:50,2026-09-29T18:05:16+09:00,2026/09/30,2026/11/12,2026-11,CALL,67250,1570,,,24.25,23.75,1580,2,1535,2,,,,,
2026/09/29 17:50,2026-09-29T18:05:16+09:00,2026/09/30,2026/11/12,2026-11,PUT,67250,3185,,,24.19,23.08,3090,6,2990,2,,,,,
2026/09/29 17:50,2026-09-29T18:05:16+09:00,2026/09/30,2026/11/12,2026-11,CALL,67125,1625,,,24.72,23.5,1670,5,1560,5,,,,,
2026/09/29 17:50,2026-09-29T18:05:16+09:00,2026/09/30,2026/11/12,2026-11,PUT,67125,3115,,,24.77,22.89,3065,13,2895,6,,,,,
2026/09/29 17:50,2026-09-29T18:05:16+09:00,2026/09/30,2026/11/12,2026-11,CALL,67000,1670,,1,24.45,23.9,1695,4,1645,4,24.09,140,9.21,1660,09/29 17:17
2026/09/29 17:50,2026-09-29T18:05:16+09:00,2026/09/30,2026/11/12,2026-11,PUT,67000,3040,,,24.18,23.46,2935,24,2870,1,,,,,
2026/09/29 17:50,2026-09-29T18:05:16+09:00,2026/09/30,2026/11/12,2026-11,CALL,66875,1735,,,24.84,23.63,1780,5,1670,5,,,,,
2026/09/29 17:50,2026-09-29T18:05:16+09:00,2026/09/30,2026/11/12,2026-11,PUT,66875,2980,,,24.29,23.08,2870,7,2760,22,,,,,
2026/09/29 17:50,2026-09-29T18:05:16+09:00,2026/09/30,2026/11/12,2026-11,CALL,66750,1775,,,24.88,23.95,1835,5,1750,2,,,,,
2026/09/29 17:50,2026-09-29T18:05:16+09:00,2026/09/30,2026/11/12,2026-11,PUT,66750,2895,,,24.11,23.4,2780,2,2715,2,,,,,
2026/09/29 17:50,2026-09-29T18:05:16+09:00,2026/09/30,2026/11/12,2026-11,CALL,66625,1825,,,24.91,23.76,1890,5,1785,3,,,,,
2026/09/29 17:50,2026-09-29T18:05:16+09:00,2026/09/30,2026/11/12,2026-11,PUT,66625,2820,,,24.36,23.16,2730,5,2620,5,,,,,
2026/09/29 17:50,2026-09-29T18:05:16+09:00,2026/09/30,2026/11/12,2026-11,CALL,66500,1880,,2,24.88,23.78,1940,3,1840,7,23.56,,,1850,09/29 17:28
2026/09/29 17:50,2026-09-29T18:05:16+09:00,2026/09/30,2026/11/12,2026-11,PUT,66500,2750,,,24.33,23.57,2655,3,2585,3,,,,,
2026/09/29 17:50,2026-09-29T18:05:16+09:00,2026/09/30,2026/11/12,2026-11,CALL,66375,1940,,,24.99,23.85,2005,5,1900,3,,,,,
2026/09/29 17:50,2026-09-29T18:05:16+09:00,2026/09/30,2026/11/12,2026-11,PUT,66375,2680,,,24.45,23.25,2595,5,2485,5,,,,,
2026/09/29 17:50,2026-09-29T18:05:16+09:00,2026/09/30,2026/11/12,2026-11,CALL,66250,2020,,,24.72,23.85,2035,1,1955,5,,,,,
2026/09/29 17:50,2026-09-29T18:05:16+09:00,2026/09/30,2026/11/12,2026-11,PUT,66250,2635,,,24.44,23.74,2525,2,2460,2,,,,,
2026/09/29 17:50,2026-09-29T18:05:16+09:00,2026/09/30,2026/11/12,2026-11,CALL,66125,2070,,,25.08,23.94,2125,5,2020,3,,,,,
2026/09/29 17:50,2026-09-29T18:05:16+09:00,2026/09/30,2026/11/12,2026-11,PUT,66125,2565,,,24.59,23.4,2470,5,2360,5,,,,,
2026/09/29 17:50,2026-09-29T18:05:16+09:00,2026/09/30,2026/11/12,2026-11,CALL,66000,2125,,,24.78,24.24,2155,4,2105,4,,,,,
2026/09/29 17:50,2026-09-29T18:05:16+09:00,2026/09/30,2026/11/12,2026-11,PUT,66000,2490,,,24.62,23.86,2405,16,2335,4,,,,,
2026/09/29 17:50,2026-09-29T18:05:16+09:00,2026/09/30,2026/11/12,2026-11,CALL,65875,2190,,,25.18,24.04,2250,5,2145,3,,,,,
2026/09/29 17:50,2026-09-29T18:05:16+09:00,2026/09/30,2026/11/12,2026-11,PUT,65875,2435,,,24.69,23.49,2345,5,2235,5,,,,,
2026/09/29 17:50,2026-09-29T18:05:16+09:00,2026/09/30,2026/11/12,2026-11,CALL,65750,2235,,,25.18,24.09,2310,2,2210,6,,,,,
2026/09/29 17:50,2026-09-29T18:05:16+09:00,2026/09/30,2026/11/12,2026-11,PUT,65750,2355,,,24.58,23.61,2270,2,2180,2,,,,,
2026/09/29 17:50,2026-09-29T18:05:16+09:00,2026/09/30,2026/11/12,2026-11,CALL,65625,2310,,,25.45,23.92,2395,3,2255,3,,,,,
2026/09/29 17:50,2026-09-29T18:05:16+09:00,2026/09/30,2026/11/12,2026-11,PUT,65625,2305,,,24.79,23.6,2225,5,2115,5,,,,,
2026/09/29 17:50,2026-09-29T18:05:16+09:00,2026/09/30,2026/11/12,2026-11,CALL,65500,2375,,150,25.26,23.85,2440,3,2310,20,23.85,50,2.18,2345,09/29 17:37
2026/09/29 17:50,2026-09-29T18:05:16+09:00,2026/09/30,2026/11/12,2026-11,PUT,65500,2245,,,24.61,23.79,2145,3,2070,3,,,,,
2026/09/29 17:50,2026-09-29T18:05:16+09:00,2026/09/30,2026/11/12,2026-11,CALL,65375,2445,,,25.56,23.81,2530,3,2370,3,,,,,
2026/09/29 17:50,2026-09-29T18:05:16+09:00,2026/09/30,2026/11/12,2026-11,PUT,65375,2190,,,24.91,23.7,2110,5,2000,20,,,,,
2026/09/29 17:50,2026-09-29T18:05:16+09:00,2026/09/30,2026/11/12,2026-11,CALL,65250,2510,,,25.63,24.42,2600,6,2490,2,,,,,
2026/09/29 17:50,2026-09-29T18:05:16+09:00,2026/09/30,2026/11/12,2026-11,PUT,65250,2130,,,24.92,24.26,2050,2,1990,2,,,,,
2026/09/29 17:50,2026-09-29T18:05:16+09:00,2026/09/30,2026/11/12,2026-11,CALL,65125,2585,,,25.19,22.22,2625,1,2355,6,,,,,
2026/09/29 17:50,2026-09-29T18:05:16+09:00,2026/09/30,2026/11/12,2026-11,PUT,65125,2080,,,25.08,23.87,2005,5,1895,5,,,,,
2026/09/29 17:50,2026-09-29T18:05:16+09:00,2026/09/30,2026/11/12,2026-11,CALL,65000,2655,,1,25.62,24.35,2730,21,2615,21,24.33,340,14.72,2650,09/29 17:23
2026/09/29 17:50,2026-09-29T18:05:16+09:00,2026/09/30,2026/11/12,2026-11,PUT,65000,2025,,1,24.79,24.3,1920,4,1875,4,25.37,-215,-9.77,1985,09/29 17:02
2026/09/29 17:50,2026-09-29T18:05:16+09:00,2026/09/30,2026/11/12,2026-11,CALL,64875,2730,,,27.59,22.22,2975,3,2490,6,,,,,
2026/09/29 17:50,2026-09-29T18:05:16+09:00,2026/09/30,2026/11/12,2026-11,PUT,64875,1975,,,25.21,23.99,1900,6,1790,6,,,,,
2026/09/29 17:50,2026-09-29T18:05:16+09:00,2026/09/30,2026/11/12,2026-11,CALL,64750,2795,,,25.95,24.62,2895,6,2775,6,,,,,
2026/09/29 17:50,2026-09-29T18:05:16+09:00,2026/09/30,2026/11/12,2026-11,PUT,64750,1915,,,25.17,24.56,1840,2,1785,2,,,,,
2026/09/29 17:50,2026-09-29T18:05:16+09:00,2026/09/30,2026/11/12,2026-11,CALL,64625,2870,,,27.63,22.16,3115,3,2625,3,,,,,
2026/09/29 17:50,2026-09-29T18:05:16+09:00,2026/09/30,2026/11/12,2026-11,PUT,64625,1865,,,25.35,24.12,1800,6,1690,6,,,,,
2026/09/29 17:50,2026-09-29T18:05:16+09:00,2026/09/30,2026/11/12,2026-11,CALL,64500,2935,,,25.91,24.28,3030,7,2885,20,,,,,
2026/09/29 17:50,2026-09-29T18:05:16+09:00,2026/09/30,2026/11/12,2026-11,PUT,64500,1810,,,25.06,24.5,1720,4,1670,4,,,,,
2026/09/29 17:50,2026-09-29T18:05:16+09:00,2026/09/30,2026/11/12,2026-11,CALL,64375,3015,,,27.7,22.15,3260,3,2770,3,,,,,
2026/09/29 17:50,2026-09-29T18:05:16+09:00,2026/09/30,2026/11/12,2026-11,PUT,64375,1765,,,25.5,24.25,1705,6,1595,6,,,,,
2026/09/29 17:50,2026-09-29T18:05:16+09:00,2026/09/30,2026/11/12,2026-11,CALL,64250,3095,,,27.79,24.33,3340,5,3035,5,,,,,
2026/09/29 17:50,2026-09-29T18:05:16+09:00,2026/09/30,2026/11/12,2026-11,PUT,64250,1715,,,25.3,24.85,1635,2,1595,2,,,,,
2026/09/29 17:50,2026-09-29T18:05:16+09:00,2026/09/30,2026/11/12,2026-11,CALL,64125,3160,,,27.71,22.09,3405,3,2915,3,,,,,
2026/09/29 17:50,2026-09-29T18:05:16+09:00,2026/09/30,2026/11/12,2026-11,PUT,64125,1660,,,25.66,24.4,1615,6,1505,6,,,,,
2026/09/29 17:50,2026-09-29T18:05:16+09:00,2026/09/30,2026/11/12,2026-11,CALL,64000,3260,,,27.73,24.45,3480,20,3195,20,,,,,
2026/09/29 17:50,2026-09-29T18:05:16+09:00,2026/09/30,2026/11/12,2026-11,PUT,64000,1630,,,25.38,25.03,1540,3,1510,2,,,,,
2026/09/29 17:50,2026-09-29T18:05:16+09:00,2026/09/30,2026/11/12,2026-11,CALL,63875,3330,,,27.97,22.27,3575,3,3085,3,,,,,
2026/09/29 17:50,2026-09-29T18:05:16+09:00,2026/09/30,2026/11/12,2026-11,PUT,63875,1580,,,26.36,24.32,1575,21,1400,21,,,,,
2026/09/29 17:50,2026-09-29T18:05:16+09:00,2026/09/30,2026/11/12,2026-11,CALL,63750,3420,,,28.15,22.4,3665,5,3175,5,,,,,
2026/09/29 17:50,2026-09-29T18:05:16+09:00,2026/09/30,2026/11/12,2026-11,PUT,63750,1540,,,25.64,24.94,1465,2,1405,2,,,,,
2026/09/29 17:50,2026-09-29T18:05:16+09:00,2026/09/30,2026/11/12,2026-11,CALL,63625,3490,,,28.08,22.28,3735,3,3245,3,,,,,
2026/09/29 17:50,2026-09-29T18:05:16+09:00,2026/09/30,2026/11/12,2026-11,PUT,63625,1485,,,26.73,24.43,1510,22,1315,22,,,,,
2026/09/29 17:50,2026-09-29T18:05:16+09:00,2026/09/30,2026/11/12,2026-11,CALL,63500,3585,,,28.29,22.44,3830,6,3340,6,,,,,
2026/09/29 17:50,2026-09-29T18:05:16+09:00,2026/09/30,2026/11/12,2026-11,PUT,63500,1455,,,25.63,25.27,1370,4,1340,4,,,,,
2026/09/29 17:50,2026-09-29T18:05:16+09:00,2026/09/30,2026/11/12,2026-11,CALL,63375,3660,,,28.26,22.35,3905,3,3415,3,,,,,
2026/09/29 17:50,2026-09-29T18:05:16+09:00,2026/09/30,2026/11/12,2026-11,PUT,63375,1410,,,26.65,24.79,1410,22,1255,7,,,,,
2026/09/29 17:50,2026-09-29T18:05:16+09:00,2026/09/30,2026/11/12,2026-11,CALL,63250,3760,,,28.52,22.55,4005,5,3515,5,,,,,
2026/09/29 17:50,2026-09-29T18:05:16+09:00,2026/09/30,2026/11/12,2026-11,PUT,63250,1380,,,25.93,25.44,1305,3,1265,3,,,,,
2026/09/29 17:50,2026-09-29T18:05:16+09:00,2026/09/30,2026/11/12,2026-11,CALL,63125,3830,,,28.4,22.37,4075,3,3585,3,,,,,
2026/09/29 17:50,2026-09-29T18:05:16+09:00,2026/09/30,2026/11/12,2026-11,PUT,63125,1330,,,26.83,24.74,1335,22,1165,22,,,,,
2026/09/29 17:50,2026-09-29T18:05:16+09:00,2026/09/30,2026/11/12,2026-11,CALL,63000,3930,,,28.64,22.55,4175,20,3685,20,,,,,
2026/09/29 17:50,2026-09-29T18:05:16+09:00,2026/09/30,2026/11/12,2026-11,PUT,63000,1305,,3,25.88,25.51,1215,5,1185,6,26.25,-190,-13.43,1225,09/29 17:37
2026/09/29 17:50,2026-09-29T18:05:16+09:00,2026/09/30,2026/11/12,2026-11,CALL,62875,4015,,,28.69,22.52,4260,3,3770,3,,,,,
2026/09/29 17:50,2026-09-29T18:05:16+09:00,2026/09/30,2026/11/12,2026-11,PUT,62875,1265,,,27.02,25.02,1265,22,1105,22,,,,,
2026/09/29 17:50,2026-09-29T18:05:16+09:00,2026/09/30,2026/11/12,2026-11,CALL,62750,4105,,,28.79,22.55,4350,5,3860,5,,,,,
2026/09/29 17:50,2026-09-29T18:05:16+09:00,2026/09/30,2026/11/12,2026-11,PUT,62750,1230,,,26.1,25.78,1150,3,1125,3,,,,,
2026/09/29 17:50,2026-09-29T18:05:16+09:00,2026/09/30,2026/11/12,2026-11,CALL,62625,4200,,,28.94,22.63,4445,3,3955,3,,,,,
2026/09/29 17:50,2026-09-29T18:05:16+09:00,2026/09/30,2026/11/12,2026-11,PUT,62625,1200,,,27.43,25.2,1215,22,1040,22,,,,,
2026/09/29 17:50,2026-09-29T18:05:16+09:00,2026/09/30,2026/11/12,2026-11,CALL,62500,4285,,,28.96,22.56,4530,6,4040,6,,,,,
2026/09/29 17:50,2026-09-29T18:05:16+09:00,2026/09/30,2026/11/12,2026-11,PUT,62500,1160,,,26.34,25.82,1090,2,1050,2,,,,,
2026/09/29 17:50,2026-09-29T18:05:16+09:00,2026/09/30,2026/11/12,2026-11,CALL,62375,4370,,,28.97,22.47,4615,3,4125,3,,,,,
2026/09/29 17:50,2026-09-29T18:05:16+09:00,2026/09/30,2026/11/12,2026-11,PUT,62375,1125,,,27.55,25.66,1145,22,1000,7,,,,,
2026/09/29 17:50,2026-09-29T18:05:16+09:00,2026/09/30,2026/11/12,2026-11,CALL,62250,4470,,,29.16,22.58,4715,5,4225,5,,,,,
2026/09/29 17:50,2026-09-29T18:05:16+09:00,2026/09/30,2026/11/12,2026-11,PUT,62250,1095,,,26.41,26.08,1020,3,995,3,,,,,
2026/09/29 17:50,2026-09-29T18:05:16+09:00,2026/09/30,2026/11/12,2026-11,CALL,62125,4565,,,29.27,22.61,4810,3,4320,3,,,,,
2026/09/29 17:50,2026-09-29T18:05:16+09:00,2026/09/30,2026/11/12,2026-11,PUT,62125,1065,,,27.7,25.62,1080,22,925,22,,,,,
2026/09/29 17:50,2026-09-29T18:05:16+09:00,2026/09/30,2026/11/12,2026-11,CALL,62000,4660,,,29.38,22.62,4905,20,4415,20,,,,,
2026/09/29 17:50,2026-09-29T18:05:16+09:00,2026/09/30,2026/11/12,2026-11,PUT,62000,1050,,2,26.57,26.37,960,5,945,2,26.57,-90,-8.57,960,09/29 17:38
2026/09/29 17:50,2026-09-29T18:05:16+09:00,2026/09/30,2026/11/12,2026-11,CALL,61875,4745,,,29.35,22.47,4990,3,4500,3,,,,,
2026/09/29 17:50,2026-09-29T18:05:16+09:00,2026/09/30,2026/11/12,2026-11,PUT,61875,1000,,,27.87,25.73,1020,22,865,22,,,,,
2026/09/29 17:50,2026-09-29T18:05:16+09:00,2026/09/30,2026/11/12,2026-11,CALL,61750,4850,,,29.57,22.6,5095,5,4605,5,,,,,
2026/09/29 17:50,2026-09-29T18:05:16+09:00,2026/09/30,2026/11/12,2026-11,PUT,61750,980,,,26.76,26.55,905,4,890,2,,,,,
2026/09/29 17:50,2026-09-29T18:05:16+09:00,2026/09/30,2026/11/12,2026-11,CALL,61625,4945,,,29.65,22.57,5190,3,4700,3,,,,,
2026/09/29 17:50,2026-09-29T18:05:16+09:00,2026/09/30,2026/11/12,2026-11,PUT,61625,915,,,28.14,25.58,970,24,790,24,,,,,
2026/09/29 17:50,2026-09-29T18:05:16+09:00,2026/09/30,2026/11/12,2026-11,CALL,61500,5040,,,29.72,22.52,5285,6,4795,6,,,,,
2026/09/29 17:50,2026-09-29T18:05:16+09:00,2026/09/30,2026/11/12,2026-11,PUT,61500,920,,,26.98,26.69,855,6,835,2,,,,,
2026/09/29 17:50,2026-09-29T18:05:16+09:00,2026/09/30,2026/11/12,2026-11,CALL,61375,5145,,,29.92,22.62,5390,3,4900,3,,,,,
2026/09/29 17:50,2026-09-29T18:05:16+09:00,2026/09/30,2026/11/12,2026-11,PUT,61375,895,,,28.3,25.82,915,24,745,24,,,,,
2026/09/29 17:50,2026-09-29T18:05:16+09:00,2026/09/30,2026/11/12,2026-11,CALL,61250,5245,,,30.05,22.62,5490,5,5000,5,,,,,
2026/09/29 17:50,2026-09-29T18:05:16+09:00,2026/09/30,2026/11/12,2026-11,PUT,61250,855,,,27.23,26.86,810,4,785,4,,,,,
2026/09/29 17:50,2026-09-29T18:05:16+09:00,2026/09/30,2026/11/12,2026-11,CALL,61125,5340,,,30.09,22.52,5585,3,5095,3,,,,,
2026/09/29 17:50,2026-09-29T18:05:16+09:00,2026/09/30,2026/11/12,2026-11,PUT,61125,840,,,28.5,26.17,865,24,710,24,,,,,
2026/09/29 17:50,2026-09-29T18:05:16+09:00,2026/09/30,2026/11/12,2026-11,CALL,61000,5440,,,30.27,22.4,5690,12,5190,12,,,,,
2026/09/29 17:50,2026-09-29T18:05:16+09:00,2026/09/30,2026/11/12,2026-11,PUT,61000,815,,5,27.3,27.15,755,8,745,2,27.8,-160,-16.75,795,09/29 17:13
2026/09/29 17:50,2026-09-29T18:05:16+09:00,2026/09/30,2026/11/12,2026-11,CALL,60875,5540,,,30.37,22.35,5790,4,5290,4,,,,,
2026/09/29 17:50,2026-09-29T18:05:16+09:00,2026/09/30,2026/11/12,2026-11,PUT,60875,795,,,28.66,26.42,815,24,670,9,,,,,
2026/09/29 17:50,2026-09-29T18:05:16+09:00,2026/09/30,2026/11/12,2026-11,CALL,60750,5640,,,30.47,22.28,5890,4,5390,4,,,,,
2026/09/29 17:50,2026-09-29T18:05:16+09:00,2026/09/30,2026/11/12,2026-11,PUT,60750,770,,,27.48,27.33,710,4,700,2,,,,,
2026/09/29 17:50,2026-09-29T18:05:16+09:00,2026/09/30,2026/11/12,2026-11,CALL,60625,5745,,,30.62,22.29,5995,4,5495,4,,,,,
2026/09/29 17:50,2026-09-29T18:05:16+09:00,2026/09/30,2026/11/12,2026-11,PUT,60625,750,,,28.87,26.71,770,24,635,24,,,,,
2026/09/29 17:50,2026-09-29T18:05:16+09:00,2026/09/30,2026/11/12,2026-11,CALL,60500,5850,,,30.78,22.28,6100,8,5600,8,,,,,
2026/09/29 17:50,2026-09-29T18:05:16+09:00,2026/09/30,2026/11/12,2026-11,PUT,60500,730,,,27.79,27.54,675,2,660,2,,,,,
2026/09/29 17:50,2026-09-29T18:05:16+09:00,2026/09/30,2026/11/12,2026-11,CALL,60250,6060,,,31.06,22.21,6310,4,5810,4,,,,,
2026/09/29 17:50,2026-09-29T18:05:16+09:00,2026/09/30,2026/11/12,2026-11,PUT,60250,685,,,27.9,27.64,630,4,615,4,,,,,
2026/09/29 17:50,2026-09-29T18:05:16+09:00,2026/09/30,2026/11/12,2026-11,CALL,60000,6270,,,31.31,22.07,6520,12,6020,12,,,,,
2026/09/29 17:50,2026-09-29T18:05:16+09:00,2026/09/30,2026/11/12,2026-11,PUT,60000,650,,,28.22,27.96,600,3,585,2,,,,,
2026/09/29 17:50,2026-09-29T18:05:16+09:00,2026/09/30,2026/11/12,2026-11,CALL,59750,6480,,,31.53,21.83,6730,4,6230,4,,,,,
2026/09/29 17:50,2026-09-29T18:05:16+09:00,2026/09/30,2026/11/12,2026-11,PUT,59750,610,,,28.43,28.16,565,2,550,2,,,,,
2026/09/29 17:50,2026-09-29T18:05:16+09:00,2026/09/30,2026/11/12,2026-11,CALL,59500,6695,,,31.81,21.62,6945,8,6445,8,,,,,
2026/09/29 17:50,2026-09-29T18:05:16+09:00,2026/09/30,2026/11/12,2026-11,PUT,59500,580,,2,28.6,28.41,530,8,520,2,28.78,-75,-12.4,530,09/29 17:31
2026/09/29 17:50,2026-09-29T18:05:16+09:00,2026/09/30,2026/11/12,2026-11,CALL,59250,6915,,,32.14,21.45,7165,4,6665,4,,,,,
2026/09/29 17:50,2026-09-29T18:05:16+09:00,2026/09/30,2026/11/12,2026-11,PUT,59250,525,,,28.83,28.64,500,5,490,2,,,,,
2026/09/29 17:50,2026-09-29T18:05:16+09:00,2026/09/30,2026/11/12,2026-11,CALL,59000,7135,,,32.45,21.16,7385,12,6885,12,,,,,
2026/09/29 17:50,2026-09-29T18:05:16+09:00,2026/09/30,2026/11/12,2026-11,PUT,59000,515,,1,29.03,28.83,470,11,460,12,29.41,-110,-18.64,480,09/29 17:23
2026/09/29 17:50,2026-09-29T18:05:16+09:00,2026/09/30,2026/11/12,2026-11,CALL,58750,7355,,,32.74,20.74,7605,4,7105,4,,,,,
2026/09/29 17:50,2026-09-29T18:05:16+09:00,2026/09/30,2026/11/12,2026-11,PUT,58750,470,,,29.3,29.09,445,5,435,2,,,,,
2026/09/29 17:50,2026-09-29T18:05:16+09:00,2026/09/30,2026/11/12,2026-11,CALL,58500,7580,,,33.09,20.34,7830,8,7330,8,,,,,
2026/09/29 17:50,2026-09-29T18:05:16+09:00,2026/09/30,2026/11/12,2026-11,PUT,58500,450,,,29.54,29.33,420,2,410,8,,,,,
2026/09/29 17:50,2026-09-29T18:05:16+09:00,2026/09/30,2026/11/12,2026-11,CALL,58250,7800,,,33.33,19.46,8050,4,7550,4,,,,,
2026/09/29 17:50,2026-09-29T18:05:16+09:00,2026/09/30,2026/11/12,2026-11,PUT,58250,435,,,29.87,29.64,400,5,390,2,,,,,
2026/09/29 17:50,2026-09-29T18:05:16+09:00,2026/09/30,2026/11/12,2026-11,CALL,58000,8030,,,33.74,18.77,8280,12,7780,12,,,,,
2026/09/29 17:50,2026-09-29T18:05:16+09:00,2026/09/30,2026/11/12,2026-11,PUT,58000,400,,,30.17,29.82,380,11,365,12,,,,,
2026/09/29 17:50,2026-09-29T18:05:16+09:00,2026/09/30,2026/11/12,2026-11,CALL,57750,8255,,,34.02,17.06,8505,4,8005,4,,,,,
2026/09/29 17:50,2026-09-29T18:05:16+09:00,2026/09/30,2026/11/12,2026-11,PUT,57750,380,,2,30.44,30.08,360,5,345,5,30.72,-10,-2.63,370,09/29 17:19
2026/09/29 17:50,2026-09-29T18:05:16+09:00,2026/09/30,2026/11/12,2026-11,CALL,57500,8485,,,34.39,0,8735,8,8235,8,,,,,
2026/09/29 17:50,2026-09-29T18:05:16+09:00,2026/09/30,2026/11/12,2026-11,PUT,57500,370,,,30.69,30.44,340,8,330,2,,,,,
2026/09/29 17:50,2026-09-29T18:05:16+09:00,2026/09/30,2026/11/12,2026-11,CALL,57250,8715,,,34.75,,8965,4,8465,4,,,,,
2026/09/29 17:50,2026-09-29T18:05:16+09:00,2026/09/30,2026/11/12,2026-11,PUT,57250,345,,,30.91,30.65,320,5,310,5,,,,,
2026/09/29 17:50,2026-09-29T18:05:16+09:00,2026/09/30,2026/11/12,2026-11,CALL,57000,8945,,,35.08,,9195,12,8695,12,,,,,
2026/09/29 17:50,2026-09-29T18:05:16+09:00,2026/09/30,2026/11/12,2026-11,PUT,57000,330,,,31.24,31.05,305,11,298,1,,,,,
2026/09/29 17:50,2026-09-29T18:05:16+09:00,2026/09/30,2026/11/12,2026-11,CALL,56750,9180,,,35.51,,9430,4,8930,4,,,,,
2026/09/29 17:50,2026-09-29T18:05:16+09:00,2026/09/30,2026/11/12,2026-11,PUT,56750,315,,,31.57,31.26,291,5,280,5,,,,,
2026/09/29 17:50,2026-09-29T18:05:16+09:00,2026/09/30,2026/11/12,2026-11,CALL,56500,9410,,,35.8,,9660,8,9160,8,,,,,
2026/09/29 17:50,2026-09-29T18:05:16+09:00,2026/09/30,2026/11/12,2026-11,PUT,56500,295,,,31.83,31.53,275,10,265,10,,,,,
2026/09/29 17:50,2026-09-29T18:05:16+09:00,2026/09/30,2026/11/12,2026-11,CALL,56250,9650,,,36.32,,9900,4,9400,4,,,,,
2026/09/29 17:50,2026-09-29T18:05:16+09:00,2026/09/30,2026/11/12,2026-11,PUT,56250,282,,,32.21,31.81,264,7,251,5,,,,,
2026/09/29 17:50,2026-09-29T18:05:16+09:00,2026/09/30,2026/11/12,2026-11,CALL,56000,9880,,,,,,,,,,,,,
2026/09/29 17:50,2026-09-29T18:05:16+09:00,2026/09/30,2026/11/12,2026-11,PUT,56000,269,,3,32.41,32.22,248,1,242,1,32.73,-12,-4.46,257,09/29 17:19
2026/09/29 17:50,2026-09-29T18:05:16+09:00,2026/09/30,2026/11/12,2026-11,CALL,55750,10115,,,,,,,,,,,,,
2026/09/29 17:50,2026-09-29T18:05:16+09:00,2026/09/30,2026/11/12,2026-11,PUT,55750,251,,,32.76,32.39,237,6,226,8,,,,,
2026/09/29 17:50,2026-09-29T18:05:16+09:00,2026/09/30,2026/11/12,2026-11,CALL,55500,10355,,,,,,,,,,,,,
2026/09/29 17:50,2026-09-29T18:05:16+09:00,2026/09/30,2026/11/12,2026-11,PUT,55500,241,,,33.12,32.7,227,12,215,12,,,,,
2026/09/29 17:50,2026-09-29T18:05:16+09:00,2026/09/30,2026/11/12,2026-11,CALL,55250,10590,,,,,,,,,,,,,
2026/09/29 17:50,2026-09-29T18:05:16+09:00,2026/09/30,2026/11/12,2026-11,PUT,55250,229,,,33.42,33.03,216,6,205,6,,,,,
2026/09/29 17:50,2026-09-29T18:05:16+09:00,2026/09/30,2026/11/12,2026-11,CALL,55000,10835,,,,,,,,,,,,,
2026/09/29 17:50,2026-09-29T18:05:16+09:00,2026/09/30,2026/11/12,2026-11,PUT,55000,219,,,33.67,33.49,204,1,199,1,,,,,
2026/09/29 17:50,2026-09-29T18:05:16+09:00,2026/09/30,2026/11/12,2026-11,CALL,54750,11070,,,,,,,,,,,,,
2026/09/29 17:50,2026-09-29T18:05:16+09:00,2026/09/30,2026/11/12,2026-11,PUT,54750,206,,,34.09,33.66,197,9,186,7,,,,,
2026/09/29 17:50,2026-09-29T18:05:16+09:00,2026/09/30,2026/11/12,2026-11,CALL,54500,11310,,,,,,,,,,,,,
2026/09/29 17:50,2026-09-29T18:05:16+09:00,2026/09/30,2026/11/12,2026-11,PUT,54500,199,,,34.46,33.97,189,14,177,14,,,,,
2026/09/29 17:50,2026-09-29T18:05:16+09:00,2026/09/30,2026/11/12,2026-11,CALL,54250,11550,,,,,,,,,,,,,
2026/09/29 17:50,2026-09-29T18:05:16+09:00,2026/09/30,2026/11/12,2026-11,PUT,54250,188,,,34.77,34.31,180,9,169,9,,,,,
2026/09/29 17:50,2026-09-29T18:05:16+09:00,2026/09/30,2026/11/12,2026-11,CALL,54000,11795,,,,,,,,,,,,,
2026/09/29 17:50,2026-09-29T18:05:16+09:00,2026/09/30,2026/11/12,2026-11,PUT,54000,182,,2,35.06,34.8,171,1,165,19,35.2,-47,-21.56,171,09/29 17:27
2026/09/29 17:50,2026-09-29T18:05:16+09:00,2026/09/30,2026/11/12,2026-11,CALL,53750,12035,,,,,,,,,,,,,
2026/09/29 17:50,2026-09-29T18:05:16+09:00,2026/09/30,2026/11/12,2026-11,PUT,53750,174,,,35.42,34.97,164,7,154,1,,,,,
2026/09/29 17:50,2026-09-29T18:05:16+09:00,2026/09/30,2026/11/12,2026-11,CALL,53500,12275,,,,,,,,,,,,,
2026/09/29 17:50,2026-09-29T18:05:16+09:00,2026/09/30,2026/11/12,2026-11,PUT,53500,166,,,35.82,35.35,158,15,148,14,,,,,
2026/09/29 17:50,2026-09-29T18:05:16+09:00,2026/09/30,2026/11/12,2026-11,CALL,53250,12520,,,,,,,,,,,,,
2026/09/29 17:50,2026-09-29T18:05:16+09:00,2026/09/30,2026/11/12,2026-11,PUT,53250,160,,,36.15,35.66,151,8,141,10,,,,,
2026/09/29 17:50,2026-09-29T18:05:16+09:00,2026/09/30,2026/11/12,2026-11,CALL,53000,12760,,,,,,,,,,,,,
2026/09/29 17:50,2026-09-29T18:05:16+09:00,2026/09/30,2026/11/12,2026-11,PUT,53000,152,,,36.47,36.16,144,1,138,21,,,,,
2026/09/29 17:50,2026-09-29T18:05:16+09:00,2026/09/30,2026/11/12,2026-11,CALL,52750,13005,,,,,,,,,,,,,
2026/09/29 17:50,2026-09-29T18:05:16+09:00,2026/09/30,2026/11/12,2026-11,PUT,52750,146,,,36.87,36.4,139,8,130,8,,,,,
2026/09/29 17:50,2026-09-29T18:05:16+09:00,2026/09/30,2026/11/12,2026-11,CALL,52500,13250,,,,,,,,,,,,,
2026/09/29 17:50,2026-09-29T18:05:16+09:00,2026/09/30,2026/11/12,2026-11,PUT,52500,139,,,37.21,36.77,133,14,125,14,,,,,
2026/09/29 17:50,2026-09-29T18:05:16+09:00,2026/09/30,2026/11/12,2026-11,CALL,52250,13495,,,,,,,,,,,,,
2026/09/29 17:50,2026-09-29T18:05:16+09:00,2026/09/30,2026/11/12,2026-11,PUT,52250,135,,,37.65,37.08,129,10,119,10,,,,,
2026/09/29 17:50,2026-09-29T18:05:16+09:00,2026/09/30,2026/11/12,2026-11,CALL,52000,13735,,,,,,,,,,,,,
2026/09/29 17:50,2026-09-29T18:05:16+09:00,2026/09/30,2026/11/12,2026-11,PUT,52000,130,,,37.9,37.61,122,1,117,22,,,,,
2026/09/29 17:50,2026-09-29T18:05:16+09:00,2026/09/30,2026/11/12,2026-11,CALL,51750,13980,,,,,,,,,,,,,
2026/09/29 17:50,2026-09-29T18:05:16+09:00,2026/09/30,2026/11/12,2026-11,PUT,51750,122,,,38.32,37.83,118,10,110,10,,,,,
2026/09/29 17:50,2026-09-29T18:05:16+09:00,2026/09/30,2026/11/12,2026-11,CALL,51500,14225,,,,,,,,,,,,,
2026/09/29 17:50,2026-09-29T18:05:16+09:00,2026/09/30,2026/11/12,2026-11,PUT,51500,116,,,38.73,38.16,114,16,105,18,,,,,
2026/09/29 17:50,2026-09-29T18:05:16+09:00,2026/09/30,2026/11/12,2026-11,CALL,51250,14470,,,,,,,,,,,,,
2026/09/29 17:50,2026-09-29T18:05:16+09:00,2026/09/30,2026/11/12,2026-11,PUT,51250,112,,,39.06,38.6,109,10,102,10,,,,,
2026/09/29 17:50,2026-09-29T18:05:16+09:00,2026/09/30,2026/11/12,2026-11,CALL,51000,14715,,,,,,,,,,,,,
2026/09/29 17:50,2026-09-29T18:05:16+09:00,2026/09/30,2026/11/12,2026-11,PUT,51000,109,,,39.44,39.11,105,1,100,25,,,,,
2026/09/29 17:50,2026-09-29T18:05:16+09:00,2026/09/30,2026/11/12,2026-11,CALL,50750,14960,,,,,,,,,,,,,
2026/09/29 17:50,2026-09-29T18:05:16+09:00,2026/09/30,2026/11/12,2026-11,PUT,50750,104,,,39.82,39.32,101,10,94,10,,,,,
2026/09/29 17:50,2026-09-29T18:05:16+09:00,2026/09/30,2026/11/12,2026-11,CALL,50500,15205,,,,,,,,,,,,,
2026/09/29 17:50,2026-09-29T18:05:16+09:00,2026/09/30,2026/11/12,2026-11,PUT,50500,98,,,40.25,39.67,98,16,90,16,,,,,
2026/09/29 17:50,2026-09-29T18:05:16+09:00,2026/09/30,2026/11/12,2026-11,CALL,50250,15455,,,,,,,,,,,,,
2026/09/29 17:50,2026-09-29T18:05:16+09:00,2026/09/30,2026/11/12,2026-11,PUT,50250,98,,,40.6,40.08,94,10,87,10,,,,,
2026/09/29 17:50,2026-09-29T18:05:16+09:00,2026/09/30,2026/11/12,2026-11,CALL,50000,15695,,,,,,,,,,,,,
2026/09/29 17:50,2026-09-29T18:05:16+09:00,2026/09/30,2026/11/12,2026-11,PUT,50000,93,,,41.1,40.56,92,26,85,1,,,,,
2026/09/29 17:50,2026-09-29T18:05:16+09:00,2026/09/30,2026/11/12,2026-11,CALL,49750,15945,,,,,,,,,,,,,
2026/09/29 17:50,2026-09-29T18:05:16+09:00,2026/09/30,2026/11/12,2026-11,PUT,49750,90,,,41.51,40.87,89,12,81,10,,,,,
2026/09/29 17:50,2026-09-29T18:05:16+09:00,2026/09/30,2026/11/12,2026-11,CALL,49500,16190,,,,,,,,,,,,,
2026/09/29 17:50,2026-09-29T18:05:16+09:00,2026/09/30,2026/11/12,2026-11,PUT,49500,85,,,41.75,41.16,84,16,77,18,,,,,
2026/09/29 17:50,2026-09-29T18:05:16+09:00,2026/09/30,2026/11/12,2026-11,CALL,49250,16435,,,,,,,,,,,,,
2026/09/29 17:50,2026-09-29T18:05:16+09:00,2026/09/30,2026/11/12,2026-11,PUT,49250,81,,,42.31,41.62,83,12,75,10,,,,,
2026/09/29 17:50,2026-09-29T18:05:16+09:00,2026/09/30,2026/11/12,2026-11,CALL,49000,16685,,,,,,,,,,,,,
2026/09/29 17:50,2026-09-29T18:05:16+09:00,2026/09/30,2026/11/12,2026-11,PUT,49000,80,,,42.95,41.7,83,2,69,2,,,,,
2026/09/29 17:50,2026-09-29T18:05:16+09:00,2026/09/30,2026/11/12,2026-11,CALL,48750,16930,,,,,,,,,,,,,
2026/09/29 17:50,2026-09-29T18:05:16+09:00,2026/09/30,2026/11/12,2026-11,PUT,48750,75,,,43.33,42.04,80,2,66,2,,,,,
2026/09/29 17:50,2026-09-29T18:05:16+09:00,2026/09/30,2026/11/12,2026-11,CALL,48500,17175,,,,,,,,,,,,,
2026/09/29 17:50,2026-09-29T18:05:16+09:00,2026/09/30,2026/11/12,2026-11,PUT,48500,74,,,43.8,42.46,78,2,64,2,,,,,
2026/09/29 17:50,2026-09-29T18:05:16+09:00,2026/09/30,2026/11/12,2026-11,CALL,48250,17425,,,,,,,,,,,,,
2026/09/29 17:50,2026-09-29T18:05:16+09:00,2026/09/30,2026/11/12,2026-11,PUT,48250,72,,,44.17,42.78,75,2,61,2,,,,,
2026/09/29 17:50,2026-09-29T18:05:16+09:00,2026/09/30,2026/11/12,2026-11,CALL,48000,17670,,,,,,,,,,,,,
2026/09/29 17:50,2026-09-29T18:05:16+09:00,2026/09/30,2026/11/12,2026-11,PUT,48000,70,,1,44.23,43.51,69,27,62,29,43.94,-5,-7.14,65,09/29 17:37
2026/09/29 17:50,2026-09-29T18:05:16+09:00,2026/09/30,2026/11/12,2026-11,CALL,47750,17920,,,,,,,,,,,,,
2026/09/29 17:50,2026-09-29T18:05:16+09:00,2026/09/30,2026/11/12,2026-11,PUT,47750,67,,,45.07,43.59,71,2,57,2,,,,,
2026/09/29 17:50,2026-09-29T18:05:16+09:00,2026/09/30,2026/11/12,2026-11,CALL,47500,18165,,,,,,,,,,,,,
2026/09/29 17:50,2026-09-29T18:05:16+09:00,2026/09/30,2026/11/12,2026-11,PUT,47500,66,,,45.41,43.87,68,2,54,2,,,,,
2026/09/29 17:50,2026-09-29T18:05:16+09:00,2026/09/30,2026/11/12,2026-11,CALL,47250,18410,,,,,,,,,,,,,
2026/09/29 17:50,2026-09-29T18:05:16+09:00,2026/09/30,2026/11/12,2026-11,PUT,47250,62,,,45.95,44.37,67,2,53,2,,,,,
2026/09/29 17:50,2026-09-29T18:05:16+09:00,2026/09/30,2026/11/12,2026-11,CALL,47000,18660,,,,,,,,,,,,,
2026/09/29 17:50,2026-09-29T18:05:16+09:00,2026/09/30,2026/11/12,2026-11,PUT,47000,59,,,46.38,44.75,65,2,51,2,,,,,
2026/09/29 17:50,2026-09-29T18:05:16+09:00,2026/09/30,2026/11/12,2026-11,CALL,46750,18905,,,,,,,,,,,,,
2026/09/29 17:50,2026-09-29T18:05:16+09:00,2026/09/30,2026/11/12,2026-11,PUT,46750,58,,,46.69,45.12,62,2,49,2,,,,,
2026/09/29 17:50,2026-09-29T18:05:16+09:00,2026/09/30,2026/11/12,2026-11,CALL,46500,19155,,,,,,,,,,,,,
2026/09/29 17:50,2026-09-29T18:05:16+09:00,2026/09/30,2026/11/12,2026-11,PUT,46500,56,,,47.22,45.48,61,2,47,2,,,,,
2026/09/29 17:50,2026-09-29T18:05:16+09:00,2026/09/30,2026/11/12,2026-11,CALL,46250,19400,,,,,,,,,,,,,
2026/09/29 17:50,2026-09-29T18:05:16+09:00,2026/09/30,2026/11/12,2026-11,PUT,46250,54,,,47.63,45.82,59,2,45,2,,,,,
2026/09/29 17:50,2026-09-29T18:05:16+09:00,2026/09/30,2026/11/12,2026-11,CALL,46000,19650,,,,,,,,,,,,,
2026/09/29 17:50,2026-09-29T18:05:16+09:00,2026/09/30,2026/11/12,2026-11,PUT,46000,51,,,48.04,46.16,57,2,43,2,,,,,
2026/09/29 17:50,2026-09-29T18:05:16+09:00,2026/09/30,2026/11/12,2026-11,CALL,45750,19900,,,,,,,,,,,,,
2026/09/29 17:50,2026-09-29T18:05:16+09:00,2026/09/30,2026/11/12,2026-11,PUT,45750,50,,,48.43,46.63,55,2,42,2,,,,,
2026/09/29 17:50,2026-09-29T18:05:16+09:00,2026/09/30,2026/11/12,2026-11,CALL,45500,20145,,,,,,,,,,,,,
2026/09/29 17:50,2026-09-29T18:05:16+09:00,2026/09/30,2026/11/12,2026-11,PUT,45500,50,,,48.82,46.95,53,2,40,2,,,,,
2026/09/29 17:50,2026-09-29T18:05:16+09:00,2026/09/30,2026/11/12,2026-11,CALL,45250,20395,,,,,,,,,,,,,
2026/09/29 17:50,2026-09-29T18:05:16+09:00,2026/09/30,2026/11/12,2026-11,PUT,45250,46,,,49.33,47.25,52,2,38,2,,,,,
2026/09/29 17:50,2026-09-29T18:05:16+09:00,2026/09/30,2026/11/12,2026-11,CALL,45000,20640,,,,,,,,,,,,,
2026/09/29 17:50,2026-09-29T18:05:16+09:00,2026/09/30,2026/11/12,2026-11,PUT,45000,45,,,49.13,48.52,46,1,42,2,,,,,
2026/09/29 17:50,2026-09-29T18:05:16+09:00,2026/09/30,2026/11/12,2026-11,CALL,44750,20890,,,,,,,,,,,,,
2026/09/29 17:50,2026-09-29T18:05:16+09:00,2026/09/30,2026/11/12,2026-11,PUT,44750,44,,,50.21,48.16,49,2,36,2,,,,,
2026/09/29 17:50,2026-09-29T18:05:16+09:00,2026/09/30,2026/11/12,2026-11,CALL,44500,21140,,,,,,,,,,,,,
2026/09/29 17:50,2026-09-29T18:05:16+09:00,2026/09/30,2026/11/12,2026-11,PUT,44500,43,,,50.71,48.6,48,2,35,2,,,,,
2026/09/29 17:50,2026-09-29T18:05:16+09:00,2026/09/30,2026/11/12,2026-11,CALL,44000,21635,,,,,,,,,,,,,
2026/09/29 17:50,2026-09-29T18:05:16+09:00,2026/09/30,2026/11/12,2026-11,PUT,44000,38,,,52.02,35.14,48,7,1,26,,,,,
2026/09/29 17:50,2026-09-29T18:05:16+09:00,2026/09/30,2026/11/12,2026-11,CALL,43000,22625,,,,,,,,,,,,,
2026/09/29 17:50,2026-09-29T18:05:16+09:00,2026/09/30,2026/11/12,2026-11,PUT,43000,31,,,54.19,37.03,45,7,1,26,,,,,
2026/09/29 17:50,2026-09-29T18:05:16+09:00,2026/09/30,2026/11/12,2026-11,CALL,42000,23620,,,,,,,,,,,,,
2026/09/29 17:50,2026-09-29T18:05:16+09:00,2026/09/30,2026/11/12,2026-11,PUT,42000,27,,,55.99,38.96,40,7,1,26,,,,,
2026/09/29 17:50,2026-09-29T18:05:16+09:00,2026/09/30,2026/11/12,2026-11,CALL,41000,24615,,,,,,,,,,,,,
2026/09/29 17:50,2026-09-29T18:05:16+09:00,2026/09/30,2026/11/12,2026-11,PUT,41000,25,,,55.87,40.93,27,1,1,26,,,,,
2026/09/29 17:50,2026-09-29T18:05:16+09:00,2026/09/30,2026/11/12,2026-11,CALL,40000,25605,,,,,,,,,,,,,
2026/09/29 17:50,2026-09-29T18:05:16+09:00,2026/09/30,2026/11/12,2026-11,PUT,40000,23,,3,58.26,57.12,26,27,22,1,57.37,-1,-4.17,23,09/29 17:11
2026/09/29 17:50,2026-09-29T18:05:16+09:00,2026/09/30,2026/12/10,2026-12,CALL,100000,2,,2,30.21,29.25,3,12,2,1,30.3,1,50,3,09/29 17:04
2026/09/29 17:50,2026-09-29T18:05:16+09:00,2026/09/30,2026/12/10,2026-12,PUT,100000,34080,,,,,,,,,,,,,
2026/09/29 17:50,2026-09-29T18:05:16+09:00,2026/09/30,2026/12/10,2026-12,CALL,95000,5,,,29.97,26.85,10,1,3,20,,,,,
2026/09/29 17:50,2026-09-29T18:05:16+09:00,2026/09/30,2026/12/10,2026-12,PUT,95000,29095,,,,,,,,,,,,,
2026/09/29 17:50,2026-09-29T18:05:16+09:00,2026/09/30,2026/12/10,2026-12,CALL,90000,11,,,70.01,23.25,2000,1,3,1,,,,,
2026/09/29 17:50,2026-09-29T18:05:16+09:00,2026/09/30,2026/12/10,2026-12,PUT,90000,24115,,,,,,,,,,,,,
2026/09/29 17:50,2026-09-29T18:05:16+09:00,2026/09/30,2026/12/10,2026-12,CALL,87500,24,,,32.24,23.95,100,1,10,1,,,,,
2026/09/29 17:50,2026-09-29T18:05:16+09:00,2026/09/30,2026/12/10,2026-12,PUT,87500,21635,,,,,,,,,,,,,
2026/09/29 17:50,2026-09-29T18:05:16+09:00,2026/09/30,2026/12/10,2026-12,CALL,85000,38,,,27.78,23.56,68,1,20,3,,,,,
2026/09/29 17:50,2026-09-29T18:05:16+09:00,2026/09/30,2026/12/10,2026-12,PUT,85000,19155,,,,,,,,,,,,,
2026/09/29 17:50,2026-09-29T18:05:16+09:00,2026/09/30,2026/12/10,2026-12,CALL,84000,39,,,25.94,21.69,56,12,14,39,,,,,
2026/09/29 17:50,2026-09-29T18:05:16+09:00,2026/09/30,2026/12/10,2026-12,PUT,84000,18160,,,,,,,,,,,,,
2026/09/29 17:50,2026-09-29T18:05:16+09:00,2026/09/30,2026/12/10,2026-12,CALL,83000,54,,,25.62,22.69,68,12,29,39,,,,,
2026/09/29 17:50,2026-09-29T18:05:16+09:00,2026/09/30,2026/12/10,2026-12,PUT,83000,17180,,,,,,,,,,,,,
2026/09/29 17:50,2026-09-29T18:05:16+09:00,2026/09/30,2026/12/10,2026-12,CALL,82500,65,,,25.01,23.17,67,8,40,8,,,,,
2026/09/29 17:50,2026-09-29T18:05:16+09:00,2026/09/30,2026/12/10,2026-12,PUT,82500,16690,,,,,,,,,,,,,
2026/09/29 17:50,2026-09-29T18:05:16+09:00,2026/09/30,2026/12/10,2026-12,CALL,82000,74,,,25.4,23.32,85,12,49,12,,,,,
2026/09/29 17:50,2026-09-29T18:05:16+09:00,2026/09/30,2026/12/10,2026-12,PUT,82000,16200,,,,,,,,,,,,,
2026/09/29 17:50,2026-09-29T18:05:16+09:00,2026/09/30,2026/12/10,2026-12,CALL,81000,96,,,24.74,22.01,96,39,46,39,,,,,
2026/09/29 17:50,2026-09-29T18:05:16+09:00,2026/09/30,2026/12/10,2026-12,PUT,81000,15230,,,,,,,,,,,,,
2026/09/29 17:50,2026-09-29T18:05:16+09:00,2026/09/30,2026/12/10,2026-12,CALL,80000,115,,,24.3,22.05,115,36,65,36,,,,,
2026/09/29 17:50,2026-09-29T18:05:16+09:00,2026/09/30,2026/12/10,2026-12,PUT,80000,14255,,,,,,,,,,,,,
2026/09/29 17:50,2026-09-29T18:05:16+09:00,2026/09/30,2026/12/10,2026-12,CALL,79000,155,,1,24.94,22.25,173,12,95,12,25.3,,,180,09/29 17:28
2026/09/29 17:50,2026-09-29T18:05:16+09:00,2026/09/30,2026/12/10,2026-12,PUT,79000,13290,,,,,,,,,,,,,
2026/09/29 17:50,2026-09-29T18:05:16+09:00,2026/09/30,2026/12/10,2026-12,CALL,78000,202,,,24.68,21.99,214,9,122,9,,,,,
2026/09/29 17:50,2026-09-29T18:05:16+09:00,2026/09/30,2026/12/10,2026-12,PUT,78000,12340,,,,,,,,,,,,,
2026/09/29 17:50,2026-09-29T18:05:16+09:00,2026/09/30,2026/12/10,2026-12,CALL,77500,213,,,24.87,21.78,252,6,136,6,,,,,
2026/09/29 17:50,2026-09-29T18:05:16+09:00,2026/09/30,2026/12/10,2026-12,PUT,77500,11850,,,,,,,,,,,,,
2026/09/29 17:50,2026-09-29T18:05:16+09:00,2026/09/30,2026/12/10,2026-12,CALL,77000,242,,,24.61,22.09,274,9,170,9,,,,,
2026/09/29 17:50,2026-09-29T18:05:16+09:00,2026/09/30,2026/12/10,2026-12,PUT,77000,11385,,,,,,,,,,,,,
2026/09/29 17:50,2026-09-29T18:05:16+09:00,2026/09/30,2026/12/10,2026-12,CALL,76250,310,,,24.78,22.03,340,3,210,11,,,,,
2026/09/29 17:50,2026-09-29T18:05:16+09:00,2026/09/30,2026/12/10,2026-12,PUT,76250,10700,,,,,,,,,,,,,
2026/09/29 17:50,2026-09-29T18:05:16+09:00,2026/09/30,2026/12/10,2026-12,CALL,76000,320,,,24.57,22.17,350,9,232,9,,,,,
2026/09/29 17:50,2026-09-29T18:05:16+09:00,2026/09/30,2026/12/10,2026-12,PUT,76000,10465,,,,,,,,,,,,,
2026/09/29 17:50,2026-09-29T18:05:16+09:00,2026/09/30,2026/12/10,2026-12,CALL,75750,345,,,24.79,22.07,385,3,245,11,,,,,
2026/09/29 17:50,2026-09-29T18:05:16+09:00,2026/09/30,2026/12/10,2026-12,PUT,75750,10235,,,,,,,,,,,,,
2026/09/29 17:50,2026-09-29T18:05:16+09:00,2026/09/30,2026/12/10,2026-12,CALL,75500,360,,,24.72,22,405,6,260,20,,,,,
2026/09/29 17:50,2026-09-29T18:05:16+09:00,2026/09/30,2026/12/10,2026-12,PUT,75500,10005,,,27.93,18.2,10255,8,9755,8,,,,,
2026/09/29 17:50,2026-09-29T18:05:16+09:00,2026/09/30,2026/12/10,2026-12,CALL,75250,395,,,24.8,22.31,435,3,295,11,,,,,
2026/09/29 17:50,2026-09-29T18:05:16+09:00,2026/09/30,2026/12/10,2026-12,PUT,75250,9790,,,27.98,18.89,10040,4,9540,4,,,,,
2026/09/29 17:50,2026-09-29T18:05:16+09:00,2026/09/30,2026/12/10,2026-12,CALL,75000,415,,,24.53,22.19,445,9,310,9,,,,,
2026/09/29 17:50,2026-09-29T18:05:16+09:00,2026/09/30,2026/12/10,2026-12,PUT,75000,9560,,,27.8,19.05,9810,12,9310,12,,,,,
2026/09/29 17:50,2026-09-29T18:05:16+09:00,2026/09/30,2026/12/10,2026-12,CALL,74750,440,,,24.73,22.33,485,3,340,11,,,,,
2026/09/29 17:50,2026-09-29T18:05:16+09:00,2026/09/30,2026/12/10,2026-12,PUT,74750,9335,,,27.68,19.29,9585,4,9085,4,,,,,
2026/09/29 17:50,2026-09-29T18:05:16+09:00,2026/09/30,2026/12/10,2026-12,CALL,74500,475,,,24.74,22.51,515,6,375,20,,,,,
2026/09/29 17:50,2026-09-29T18:05:16+09:00,2026/09/30,2026/12/10,2026-12,PUT,74500,9120,,,27.67,19.68,9370,8,8870,8,,,,,
2026/09/29 17:50,2026-09-29T18:05:16+09:00,2026/09/30,2026/12/10,2026-12,CALL,74250,500,,,24.65,22.08,540,2,375,10,,,,,
2026/09/29 17:50,2026-09-29T18:05:16+09:00,2026/09/30,2026/12/10,2026-12,PUT,74250,8895,,,27.52,19.8,9145,4,8645,4,,,,,
2026/09/29 17:50,2026-09-29T18:05:16+09:00,2026/09/30,2026/12/10,2026-12,CALL,74000,525,,,24.4,22.38,555,6,420,6,,,,,
2026/09/29 17:50,2026-09-29T18:05:16+09:00,2026/09/30,2026/12/10,2026-12,PUT,74000,8670,,,27.35,19.88,8920,12,8420,12,,,,,
2026/09/29 17:50,2026-09-29T18:05:16+09:00,2026/09/30,2026/12/10,2026-12,CALL,73750,555,,,24.7,22.09,610,2,430,10,,,,,
2026/09/29 17:50,2026-09-29T18:05:16+09:00,2026/09/30,2026/12/10,2026-12,PUT,73750,8450,,,27.23,20.01,8700,4,8200,4,,,,,
2026/09/29 17:50,2026-09-29T18:05:16+09:00,2026/09/30,2026/12/10,2026-12,CALL,73500,595,,,24.62,22.24,640,4,470,18,,,,,
2026/09/29 17:50,2026-09-29T18:05:16+09:00,2026/09/30,2026/12/10,2026-12,PUT,73500,8245,,,27.28,20.36,8495,8,7995,8,,,,,
2026/09/29 17:50,2026-09-29T18:05:16+09:00,2026/09/30,2026/12/10,2026-12,CALL,73250,625,,,24.65,22.21,680,2,500,10,,,,,
2026/09/29 17:50,2026-09-29T18:05:16+09:00,2026/09/30,2026/12/10,2026-12,PUT,73250,8025,,,27.12,20.4,8275,4,7775,4,,,,,
2026/09/29 17:50,2026-09-29T18:05:16+09:00,2026/09/30,2026/12/10,2026-12,CALL,73000,670,,,24.41,22.37,700,6,545,27,,,,,
2026/09/29 17:50,2026-09-29T18:05:16+09:00,2026/09/30,2026/12/10,2026-12,PUT,73000,7820,,,27.13,20.64,8070,12,7570,12,,,,,
2026/09/29 17:50,2026-09-29T18:05:16+09:00,2026/09/30,2026/12/10,2026-12,CALL,72750,710,,,24.65,22.42,760,2,585,10,,,,,
2026/09/29 17:50,2026-09-29T18:05:16+09:00,2026/09/30,2026/12/10,2026-12,PUT,72750,7610,,,27.06,20.77,7860,4,7360,4,,,,,
2026/09/29 17:50,2026-09-29T18:05:16+09:00,2026/09/30,2026/12/10,2026-12,CALL,72500,760,,,24.55,22.58,795,4,635,18,,,,,
2026/09/29 17:50,2026-09-29T18:05:16+09:00,2026/09/30,2026/12/10,2026-12,PUT,72500,7410,,,27.08,20.99,7660,8,7160,8,,,,,
2026/09/29 17:50,2026-09-29T18:05:16+09:00,2026/09/30,2026/12/10,2026-12,CALL,72250,800,,,24.66,22.26,850,2,650,10,,,,,
2026/09/29 17:50,2026-09-29T18:05:16+09:00,2026/09/30,2026/12/10,2026-12,PUT,72250,7205,,,27.02,21.1,7455,4,6955,4,,,,,
2026/09/29 17:50,2026-09-29T18:05:16+09:00,2026/09/30,2026/12/10,2026-12,CALL,72000,830,,,23.89,22.54,830,21,715,3,,,,,
2026/09/29 17:50,2026-09-29T18:05:16+09:00,2026/09/30,2026/12/10,2026-12,PUT,72000,6985,,,26.79,20.98,7235,12,6735,12,,,,,
2026/09/29 17:50,2026-09-29T18:05:16+09:00,2026/09/30,2026/12/10,2026-12,CALL,71750,885,,,24.59,22.24,940,1,735,8,,,,,
2026/09/29 17:50,2026-09-29T18:05:16+09:00,2026/09/30,2026/12/10,2026-12,PUT,71750,6790,,,26.8,21.16,7040,4,6540,4,,,,,
2026/09/29 17:50,2026-09-29T18:05:16+09:00,2026/09/30,2026/12/10,2026-12,CALL,71500,945,,,24.46,22.4,980,2,795,14,,,,,
2026/09/29 17:50,2026-09-29T18:05:16+09:00,2026/09/30,2026/12/10,2026-12,PUT,71500,6595,,,26.79,21.29,6845,8,6345,8,,,,,
2026/09/29 17:50,2026-09-29T18:05:16+09:00,2026/09/30,2026/12/10,2026-12,CALL,71250,1015,,,24.58,22.3,1045,1,835,1,,,,,
2026/09/29 17:50,2026-09-29T18:05:16+09:00,2026/09/30,2026/12/10,2026-12,PUT,71250,6420,,,26.97,21.62,6670,4,6170,4,,,,,
2026/09/29 17:50,2026-09-29T18:05:16+09:00,2026/09/30,2026/12/10,2026-12,CALL,71000,1060,,,24.36,22.61,1080,3,915,3,,,,,
2026/09/29 17:50,2026-09-29T18:05:16+09:00,2026/09/30,2026/12/10,2026-12,PUT,71000,6220,,,26.86,21.62,6470,12,5970,12,,,,,
2026/09/29 17:50,2026-09-29T18:05:16+09:00,2026/09/30,2026/12/10,2026-12,CALL,70750,1125,,,24.63,22.35,1165,1,945,1,,,,,
2026/09/29 17:50,2026-09-29T18:05:16+09:00,2026/09/30,2026/12/10,2026-12,PUT,70750,6030,,,26.83,21.71,6280,4,5780,4,,,,,
2026/09/29 17:50,2026-09-29T18:05:16+09:00,2026/09/30,2026/12/10,2026-12,CALL,70500,1175,,,24.57,22.43,1220,2,1010,2,,,,,
2026/09/29 17:50,2026-09-29T18:05:16+09:00,2026/09/30,2026/12/10,2026-12,PUT,70500,5830,,,26.69,21.65,6080,8,5580,8,,,,,
2026/09/29 17:50,2026-09-29T18:05:16+09:00,2026/09/30,2026/12/10,2026-12,CALL,70250,1235,,,24.68,22.39,1295,1,1065,1,,,,,
2026/09/29 17:50,2026-09-29T18:05:16+09:00,2026/09/30,2026/12/10,2026-12,PUT,70250,5645,,,26.67,21.72,5895,4,5395,4,,,,,
2026/09/29 17:50,2026-09-29T18:05:16+09:00,2026/09/30,2026/12/10,2026-12,CALL,70000,1310,,,24.43,22.66,1335,3,1155,3,,,,,
2026/09/29 17:50,2026-09-29T18:05:16+09:00,2026/09/30,2026/12/10,2026-12,PUT,70000,5475,,,26.76,21.92,5725,12,5225,12,,,,,
2026/09/29 17:50,2026-09-29T18:05:16+09:00,2026/09/30,2026/12/10,2026-12,CALL,69750,1390,,,24.72,22.41,1435,1,1195,1,,,,,
2026/09/29 17:50,2026-09-29T18:05:16+09:00,2026/09/30,2026/12/10,2026-12,PUT,69750,5300,,,26.79,22.02,5550,4,5050,4,,,,,
2026/09/29 17:50,2026-09-29T18:05:16+09:00,2026/09/30,2026/12/10,2026-12,CALL,69500,1460,,,24.66,22.53,1500,2,1275,2,,,,,
2026/09/29 17:50,2026-09-29T18:05:16+09:00,2026/09/30,2026/12/10,2026-12,PUT,69500,5120,,,26.74,22.05,5370,8,4870,8,,,,,
2026/09/29 17:50,2026-09-29T18:05:16+09:00,2026/09/30,2026/12/10,2026-12,CALL,69375,1505,,,24.78,22.48,1550,1,1305,6,,,,,
2026/09/29 17:50,2026-09-29T18:05:16+09:00,2026/09/30,2026/12/10,2026-12,PUT,69375,5040,,,26.8,22.15,5290,4,4790,4,,,,,
2026/09/29 17:50,2026-09-29T18:05:16+09:00,2026/09/30,2026/12/10,2026-12,CALL,69250,1540,,,24.8,22.47,1590,1,1340,7,,,,,
2026/09/29 17:50,2026-09-29T18:05:16+09:00,2026/09/30,2026/12/10,2026-12,PUT,69250,4950,,,26.76,22.14,5200,4,4700,4,,,,,
2026/09/29 17:50,2026-09-29T18:05:16+09:00,2026/09/30,2026/12/10,2026-12,CALL,69125,1585,,,24.81,22.55,1630,1,1385,6,,,,,
2026/09/29 17:50,2026-09-29T18:05:16+09:00,2026/09/30,2026/12/10,2026-12,PUT,69125,4870,,,26.81,22.22,5120,4,4620,4,,,,,
2026/09/29 17:50,2026-09-29T18:05:16+09:00,2026/09/30,2026/12/10,2026-12,CALL,69000,1600,,,24.59,22.75,1645,3,1445,3,,,,,
2026/09/29 17:50,2026-09-29T18:05:16+09:00,2026/09/30,2026/12/10,2026-12,PUT,69000,4760,,,26.58,22.01,5010,12,4510,12,,,,,
2026/09/29 17:50,2026-09-29T18:05:16+09:00,2026/09/30,2026/12/10,2026-12,CALL,68875,1670,,,24.86,22.63,1715,1,1470,6,,,,,
2026/09/29 17:50,2026-09-29T18:05:16+09:00,2026/09/30,2026/12/10,2026-12,PUT,68875,4705,,,26.84,22.31,4955,4,4455,4,,,,,
2026/09/29 17:50,2026-09-29T18:05:16+09:00,2026/09/30,2026/12/10,2026-12,CALL,68750,1710,,,24.86,22.64,1755,1,1510,7,,,,,
2026/09/29 17:50,2026-09-29T18:05:16+09:00,2026/09/30,2026/12/10,2026-12,PUT,68750,4620,,,26.82,22.32,4870,4,4370,4,,,,,
2026/09/29 17:50,2026-09-29T18:05:16+09:00,2026/09/30,2026/12/10,2026-12,CALL,68625,1700,,,24.21,23.22,1725,6,1615,6,,,,,
2026/09/29 17:50,2026-09-29T18:05:16+09:00,2026/09/30,2026/12/10,2026-12,PUT,68625,4530,,,26.76,22.27,4780,4,4280,4,,,,,
2026/09/29 17:50,2026-09-29T18:05:16+09:00,2026/09/30,2026/12/10,2026-12,CALL,68500,1740,,,24.24,23.26,1770,12,1660,12,,,,,
2026/09/29 17:50,2026-09-29T18:05:16+09:00,2026/09/30,2026/12/10,2026-12,PUT,68500,4435,,,26.64,22.18,4685,8,4185,8,,,,,
2026/09/29 17:50,2026-09-29T18:05:16+09:00,2026/09/30,2026/12/10,2026-12,CALL,68375,1795,,,24.26,23.28,1815,6,1705,6,,,,,
2026/09/29 17:50,2026-09-29T18:05:16+09:00,2026/09/30,2026/12/10,2026-12,PUT,68375,4355,,,26.65,22.21,4605,4,4105,4,,,,,
2026/09/29 17:50,2026-09-29T18:05:16+09:00,2026/09/30,2026/12/10,2026-12,CALL,68250,1835,,,24.28,23.3,1860,7,1750,7,,,,,
2026/09/29 17:50,2026-09-29T18:05:16+09:00,2026/09/30,2026/12/10,2026-12,PUT,68250,4285,,,26.74,22.32,4535,4,4035,4,,,,,
2026/09/29 17:50,2026-09-29T18:05:16+09:00,2026/09/30,2026/12/10,2026-12,CALL,68125,1880,,,24.33,23.36,1910,6,1800,6,,,,,
2026/09/29 17:50,2026-09-29T18:05:16+09:00,2026/09/30,2026/12/10,2026-12,PUT,68125,4210,,,26.78,22.38,4460,4,3960,4,,,,,
2026/09/29 17:50,2026-09-29T18:05:16+09:00,2026/09/30,2026/12/10,2026-12,CALL,68000,1925,,,24.33,23.36,1955,15,1845,15,,,,,
2026/09/29 17:50,2026-09-29T18:05:16+09:00,2026/09/30,2026/12/10,2026-12,PUT,68000,4125,,,26.73,22.35,4375,12,3875,12,,,,,
2026/09/29 17:50,2026-09-29T18:05:16+09:00,2026/09/30,2026/12/10,2026-12,CALL,67875,1970,,,24.36,23.4,2005,5,1895,5,,,,,
2026/09/29 17:50,2026-09-29T18:05:16+09:00,2026/09/30,2026/12/10,2026-12,PUT,67875,4055,,,26.8,22.44,4305,4,3805,4,,,,,
2026/09/29 17:50,2026-09-29T18:05:16+09:00,2026/09/30,2026/12/10,2026-12,CALL,67750,2020,,,24.39,23.44,2055,6,1945,6,,,,,
2026/09/29 17:50,2026-09-29T18:05:16+09:00,2026/09/30,2026/12/10,2026-12,PUT,67750,3980,,,26.82,22.47,4230,4,3730,4,,,,,
2026/09/29 17:50,2026-09-29T18:05:16+09:00,2026/09/30,2026/12/10,2026-12,CALL,67625,2070,,,24.42,23.46,2105,5,1995,5,,,,,
2026/09/29 17:50,2026-09-29T18:05:16+09:00,2026/09/30,2026/12/10,2026-12,PUT,67625,3900,,,26.79,22.46,4150,4,3650,4,,,,,
2026/09/29 17:50,2026-09-29T18:05:16+09:00,2026/09/30,2026/12/10,2026-12,CALL,67500,2115,,,24.43,23.48,2155,10,2045,10,,,,,
2026/09/29 17:50,2026-09-29T18:05:16+09:00,2026/09/30,2026/12/10,2026-12,PUT,67500,3820,,,26.76,22.44,4070,8,3570,8,,,,,
2026/09/29 17:50,2026-09-29T18:05:16+09:00,2026/09/30,2026/12/10,2026-12,CALL,67375,2180,,,24.44,23.49,2205,5,2095,5,,,,,
2026/09/29 17:50,2026-09-29T18:05:16+09:00,2026/09/30,2026/12/10,2026-12,PUT,67375,3745,,,26.76,22.45,3995,4,3495,4,,,,,
2026/09/29 17:50,2026-09-29T18:05:16+09:00,2026/09/30,2026/12/10,2026-12,CALL,67250,2220,,,24.48,23.54,2260,6,2150,6,,,,,
2026/09/29 17:50,2026-09-29T18:05:16+09:00,2026/09/30,2026/12/10,2026-12,PUT,67250,3675,,,26.8,22.5,3925,6,3425,6,,,,,
2026/09/29 17:50,2026-09-29T18:05:16+09:00,2026/09/30,2026/12/10,2026-12,CALL,67125,2280,,,24.52,23.57,2315,5,2205,5,,,,,
2026/09/29 17:50,2026-09-29T18:05:16+09:00,2026/09/30,2026/12/10,2026-12,PUT,67125,3610,,,24.43,23.49,3575,1,3465,1,,,,,
2026/09/29 17:50,2026-09-29T18:05:16+09:00,2026/09/30,2026/12/10,2026-12,CALL,67000,2335,,,24.55,23.61,2370,15,2260,15,,,,,
2026/09/29 17:50,2026-09-29T18:05:16+09:00,2026/09/30,2026/12/10,2026-12,PUT,67000,3540,,,24.5,23.56,3510,15,3400,15,,,,,
2026/09/29 17:50,2026-09-29T18:05:16+09:00,2026/09/30,2026/12/10,2026-12,CALL,66875,2395,,,24.57,23.63,2425,5,2315,5,,,,,
2026/09/29 17:50,2026-09-29T18:05:16+09:00,2026/09/30,2026/12/10,2026-12,PUT,66875,3485,,,24.53,23.59,3440,5,3330,5,,,,,
2026/09/29 17:50,2026-09-29T18:05:16+09:00,2026/09/30,2026/12/10,2026-12,CALL,66750,2450,,,24.63,23.69,2485,6,2375,6,,,,,
2026/09/29 17:50,2026-09-29T18:05:16+09:00,2026/09/30,2026/12/10,2026-12,PUT,66750,3405,,,24.54,23.6,3370,6,3260,6,,,,,
2026/09/29 17:50,2026-09-29T18:05:16+09:00,2026/09/30,2026/12/10,2026-12,CALL,66625,2490,,,24.63,23.7,2540,5,2430,5,,,,,
2026/09/29 17:50,2026-09-29T18:05:16+09:00,2026/09/30,2026/12/10,2026-12,PUT,66625,3335,,,24.59,23.65,3305,5,3195,5,,,,,
2026/09/29 17:50,2026-09-29T18:05:16+09:00,2026/09/30,2026/12/10,2026-12,CALL,66500,2570,,,24.72,23.74,2605,20,2490,10,,,,,
2026/09/29 17:50,2026-09-29T18:05:16+09:00,2026/09/30,2026/12/10,2026-12,PUT,66500,3280,,,24.63,23.7,3240,10,3130,10,,,,,
2026/09/29 17:50,2026-09-29T18:05:16+09:00,2026/09/30,2026/12/10,2026-12,CALL,66375,2610,,,24.71,23.78,2660,5,2550,5,,,,,
2026/09/29 17:50,2026-09-29T18:05:16+09:00,2026/09/30,2026/12/10,2026-12,PUT,66375,3210,,,24.67,23.73,3175,5,3065,5,,,,,
2026/09/29 17:50,2026-09-29T18:05:16+09:00,2026/09/30,2026/12/10,2026-12,CALL,66250,2670,,,24.74,23.81,2720,6,2610,6,,,,,
2026/09/29 17:50,2026-09-29T18:05:16+09:00,2026/09/30,2026/12/10,2026-12,PUT,66250,3150,,,24.7,23.76,3110,6,3000,6,,,,,
2026/09/29 17:50,2026-09-29T18:05:16+09:00,2026/09/30,2026/12/10,2026-12,CALL,66125,2745,,,24.76,23.83,2780,5,2670,5,,,,,
2026/09/29 17:50,2026-09-29T18:05:16+09:00,2026/09/30,2026/12/10,2026-12,PUT,66125,3075,,,24.72,23.78,3045,5,2935,5,,,,,
2026/09/29 17:50,2026-09-29T18:05:16+09:00,2026/09/30,2026/12/10,2026-12,CALL,66000,2800,,,24.82,23.88,2845,15,2735,15,,,,,
2026/09/29 17:50,2026-09-29T18:05:16+09:00,2026/09/30,2026/12/10,2026-12,PUT,66000,3015,,,24.78,23.84,2985,15,2875,15,,,,,
2026/09/29 17:50,2026-09-29T18:05:16+09:00,2026/09/30,2026/12/10,2026-12,CALL,65875,2870,,,24.87,23.93,2910,5,2800,5,,,,,
2026/09/29 17:50,2026-09-29T18:05:16+09:00,2026/09/30,2026/12/10,2026-12,PUT,65875,2950,,,24.83,23.89,2925,5,2815,5,,,,,
2026/09/29 17:50,2026-09-29T18:05:16+09:00,2026/09/30,2026/12/10,2026-12,CALL,65750,2920,,,24.91,23.97,2975,1,2865,1,,,,,
2026/09/29 17:50,2026-09-29T18:05:16+09:00,2026/09/30,2026/12/10,2026-12,PUT,65750,2890,,,24.87,23.93,2865,6,2755,6,,,,,
2026/09/29 17:50,2026-09-29T18:05:16+09:00,2026/09/30,2026/12/10,2026-12,CALL,65625,2990,,,26.66,22.38,3240,5,2740,5,,,,,
2026/09/29 17:50,2026-09-29T18:05:16+09:00,2026/09/30,2026/12/10,2026-12,PUT,65625,2830,,,24.91,23.96,2805,5,2695,5,,,,,
2026/09/29 17:50,2026-09-29T18:05:16+09:00,2026/09/30,2026/12/10,2026-12,CALL,65500,3070,,,26.82,22.54,3320,8,2820,8,,,,,
2026/09/29 17:50,2026-09-29T18:05:16+09:00,2026/09/30,2026/12/10,2026-12,PUT,65500,2775,,,24.93,23.99,2745,10,2635,10,,,,,
2026/09/29 17:50,2026-09-29T18:05:16+09:00,2026/09/30,2026/12/10,2026-12,CALL,65375,3160,,,27.06,22.77,3410,4,2910,4,,,,,
2026/09/29 17:50,2026-09-29T18:05:16+09:00,2026/09/30,2026/12/10,2026-12,PUT,65375,2725,,,25,24.05,2690,5,2580,5,,,,,
2026/09/29 17:50,2026-09-29T18:05:16+09:00,2026/09/30,2026/12/10,2026-12,CALL,65250,3220,,,27.03,22.73,3470,4,2970,4,,,,,
2026/09/29 17:50,2026-09-29T18:05:16+09:00,2026/09/30,2026/12/10,2026-12,PUT,65250,2660,,,25.05,24.11,2635,6,2525,6,,,,,
2026/09/29 17:50,2026-09-29T18:05:16+09:00,2026/09/30,2026/12/10,2026-12,CALL,65125,3295,,,27.13,22.82,3545,4,3045,4,,,,,
2026/09/29 17:50,2026-09-29T18:05:16+09:00,2026/09/30,2026/12/10,2026-12,PUT,65125,2600,,,25.1,24.16,2580,5,2470,5,,,,,
2026/09/29 17:50,2026-09-29T18:05:16+09:00,2026/09/30,2026/12/10,2026-12,CALL,65000,3355,,,26.83,22.34,3575,3,3055,3,,,,,
2026/09/29 17:50,2026-09-29T18:05:16+09:00,2026/09/30,2026/12/10,2026-12,PUT,65000,2640,,,25.15,24.19,2525,15,2415,15,,,,,
2026/09/29 17:50,2026-09-29T18:05:16+09:00,2026/09/30,2026/12/10,2026-12,CALL,64875,3435,,,27.22,22.88,3685,4,3185,4,,,,,
2026/09/29 17:50,2026-09-29T18:05:16+09:00,2026/09/30,2026/12/10,2026-12,PUT,64875,2495,,,25.18,24.23,2470,5,2360,5,,,,,
2026/09/29 17:50,2026-09-29T18:05:16+09:00,2026/09/30,2026/12/10,2026-12,CALL,64750,3510,,,27.3,22.95,3760,4,3260,4,,,,,
2026/09/29 17:50,2026-09-29T18:05:16+09:00,2026/09/30,2026/12/10,2026-12,PUT,64750,2435,,,25.25,24.3,2420,7,2310,7,,,,,
2026/09/29 17:50,2026-09-29T18:05:16+09:00,2026/09/30,2026/12/10,2026-12,CALL,64625,3585,,,27.37,23,3835,4,3335,4,,,,,
2026/09/29 17:50,2026-09-29T18:05:16+09:00,2026/09/30,2026/12/10,2026-12,PUT,64625,2390,,,25.32,24.36,2370,6,2260,6,,,,,
2026/09/29 17:50,2026-09-29T18:05:16+09:00,2026/09/30,2026/12/10,2026-12,CALL,64500,3650,,,27.34,22.96,3900,8,3400,8,,,,,
2026/09/29 17:50,2026-09-29T18:05:16+09:00,2026/09/30,2026/12/10,2026-12,PUT,64500,2340,,,25.33,24.37,2315,12,2205,12,,,,,
2026/09/29 17:50,2026-09-29T18:05:16+09:00,2026/09/30,2026/12/10,2026-12,CALL,64375,3730,,,27.45,23.05,3980,4,3480,4,,,,,
2026/09/29 17:50,2026-09-29T18:05:16+09:00,2026/09/30,2026/12/10,2026-12,PUT,64375,2290,,,25.43,24.46,2270,6,2160,6,,,,,
2026/09/29 17:50,2026-09-29T18:05:16+09:00,2026/09/30,2026/12/10,2026-12,CALL,64250,3805,,,27.5,23.08,4055,4,3555,4,,,,,
2026/09/29 17:50,2026-09-29T18:05:16+09:00,2026/09/30,2026/12/10,2026-12,PUT,64250,2235,,,25.47,24.5,2220,7,2110,7,,,,,
2026/09/29 17:50,2026-09-29T18:05:16+09:00,2026/09/30,2026/12/10,2026-12,CALL,64125,3875,,,27.5,23.06,4125,4,3625,4,,,,,
2026/09/29 17:50,2026-09-29T18:05:16+09:00,2026/09/30,2026/12/10,2026-12,PUT,64125,2185,,,26.22,23.86,2250,1,1985,1,,,,,
2026/09/29 17:50,2026-09-29T18:05:16+09:00,2026/09/30,2026/12/10,2026-12,CALL,64000,3960,,,27.63,23.16,4210,12,3710,12,,,,,
2026/09/29 17:50,2026-09-29T18:05:16+09:00,2026/09/30,2026/12/10,2026-12,PUT,64000,2140,,,25.58,24.46,2125,3,2000,3,,,,,
2026/09/29 17:50,2026-09-29T18:05:16+09:00,2026/09/30,2026/12/10,2026-12,CALL,63875,4030,,,27.62,23.13,4280,4,3780,4,,,,,
2026/09/29 17:50,2026-09-29T18:05:16+09:00,2026/09/30,2026/12/10,2026-12,PUT,63875,2095,,,26.32,23.99,2155,1,1895,1,,,,,
2026/09/29 17:50,2026-09-29T18:05:16+09:00,2026/09/30,2026/12/10,2026-12,CALL,63750,4105,,,27.64,23.13,4355,4,3855,4,,,,,
2026/09/29 17:50,2026-09-29T18:05:16+09:00,2026/09/30,2026/12/10,2026-12,PUT,63750,2030,,,26.39,24.04,2110,1,1850,1,,,,,
2026/09/29 17:50,2026-09-29T18:05:16+09:00,2026/09/30,2026/12/10,2026-12,CALL,63625,4190,,,27.75,23.21,4440,4,3940,4,,,,,
2026/09/29 17:50,2026-09-29T18:05:16+09:00,2026/09/30,2026/12/10,2026-12,PUT,63625,1990,,,26.44,24.08,2065,1,1805,1,,,,,
2026/09/29 17:50,2026-09-29T18:05:16+09:00,2026/09/30,2026/12/10,2026-12,CALL,63500,4265,,,27.77,23.2,4515,8,4015,8,,,,,
2026/09/29 17:50,2026-09-29T18:05:16+09:00,2026/09/30,2026/12/10,2026-12,PUT,63500,1940,,,26.36,24.3,2005,2,1780,2,,,,,
2026/09/29 17:50,2026-09-29T18:05:16+09:00,2026/09/30,2026/12/10,2026-12,CALL,63375,4345,,,27.82,23.22,4595,4,4095,4,,,,,
2026/09/29 17:50,2026-09-29T18:05:16+09:00,2026/09/30,2026/12/10,2026-12,PUT,63375,1900,,,26.54,24.19,1975,1,1720,1,,,,,
2026/09/29 17:50,2026-09-29T18:05:16+09:00,2026/09/30,2026/12/10,2026-12,CALL,63250,4440,,,28,23.37,4690,4,4190,4,,,,,
2026/09/29 17:50,2026-09-29T18:05:16+09:00,2026/09/30,2026/12/10,2026-12,PUT,63250,1870,,,26.62,24.26,1935,1,1680,1,,,,,
2026/09/29 17:50,2026-09-29T18:05:16+09:00,2026/09/30,2026/12/10,2026-12,CALL,63125,4520,,,28.04,23.38,4770,4,4270,4,,,,,
2026/09/29 17:50,2026-09-29T18:05:16+09:00,2026/09/30,2026/12/10,2026-12,PUT,63125,1825,,,26.65,24.37,1890,1,1645,1,,,,,
2026/09/29 17:50,2026-09-29T18:05:16+09:00,2026/09/30,2026/12/10,2026-12,CALL,63000,4590,,,27.98,23.28,4840,12,4340,12,,,,,
2026/09/29 17:50,2026-09-29T18:05:16+09:00,2026/09/30,2026/12/10,2026-12,PUT,63000,1770,,,26.44,25.13,1820,3,1680,3,,,,,
2026/09/29 17:50,2026-09-29T18:05:16+09:00,2026/09/30,2026/12/10,2026-12,CALL,62875,4685,,,28.15,23.41,4935,4,4435,4,,,,,
2026/09/29 17:50,2026-09-29T18:05:16+09:00,2026/09/30,2026/12/10,2026-12,PUT,62875,1735,,,26.79,24.47,1810,1,1565,1,,,,,
2026/09/29 17:50,2026-09-29T18:05:16+09:00,2026/09/30,2026/12/10,2026-12,CALL,62750,4775,,,28.26,23.49,5025,4,4525,4,,,,,
2026/09/29 17:50,2026-09-29T18:05:16+09:00,2026/09/30,2026/12/10,2026-12,PUT,62750,1705,,,26.85,24.56,1770,1,1530,1,,,,,
2026/09/29 17:50,2026-09-29T18:05:16+09:00,2026/09/30,2026/12/10,2026-12,CALL,62625,4855,,,28.28,23.47,5105,4,4605,4,,,,,
2026/09/29 17:50,2026-09-29T18:05:16+09:00,2026/09/30,2026/12/10,2026-12,PUT,62625,1660,,,26.9,24.59,1730,1,1490,1,,,,,
2026/09/29 17:50,2026-09-29T18:05:16+09:00,2026/09/30,2026/12/10,2026-12,CALL,62500,4940,,,28.33,23.48,5190,8,4690,8,,,,,
2026/09/29 17:50,2026-09-29T18:05:16+09:00,2026/09/30,2026/12/10,2026-12,PUT,62500,1620,,,26.85,24.76,1680,2,1465,2,,,,,
2026/09/29 17:50,2026-09-29T18:05:16+09:00,2026/09/30,2026/12/10,2026-12,CALL,62375,5035,,,28.48,23.59,5285,4,4785,4,,,,,
2026/09/29 17:50,2026-09-29T18:05:16+09:00,2026/09/30,2026/12/10,2026-12,PUT,62375,1590,,,27.03,24.73,1655,1,1420,1,,,,,
2026/09/29 17:50,2026-09-29T18:05:16+09:00,2026/09/30,2026/12/10,2026-12,CALL,62250,5120,,,28.52,23.58,5370,4,4870,4,,,,,
2026/09/29 17:50,2026-09-29T18:05:16+09:00,2026/09/30,2026/12/10,2026-12,PUT,62250,1550,,,27.11,24.79,1620,1,1385,1,,,,,
2026/09/29 17:50,2026-09-29T18:05:16+09:00,2026/09/30,2026/12/10,2026-12,CALL,62125,5215,,,28.65,23.68,5465,4,4965,4,,,,,
2026/09/29 17:50,2026-09-29T18:05:16+09:00,2026/09/30,2026/12/10,2026-12,PUT,62125,1520,,,27.18,24.89,1585,1,1355,1,,,,,
2026/09/29 17:50,2026-09-29T18:05:16+09:00,2026/09/30,2026/12/10,2026-12,CALL,62000,5300,,,28.68,23.66,5550,12,5050,12,,,,,
2026/09/29 17:50,2026-09-29T18:05:16+09:00,2026/09/30,2026/12/10,2026-12,PUT,62000,1480,,,26.95,25.19,1520,3,1345,3,,,,,
2026/09/29 17:50,2026-09-29T18:05:16+09:00,2026/09/30,2026/12/10,2026-12,CALL,61875,5385,,,28.71,23.63,5635,4,5135,4,,,,,
2026/09/29 17:50,2026-09-29T18:05:16+09:00,2026/09/30,2026/12/10,2026-12,PUT,61875,1445,,,27.31,24.98,1515,1,1285,1,,,,,
2026/09/29 17:50,2026-09-29T18:05:16+09:00,2026/09/30,2026/12/10,2026-12,CALL,61750,5475,,,28.77,23.65,5725,4,5225,4,,,,,
2026/09/29 17:50,2026-09-29T18:05:16+09:00,2026/09/30,2026/12/10,2026-12,PUT,61750,1405,,,27.37,25.06,1480,1,1255,1,,,,,
2026/09/29 17:50,2026-09-29T18:05:16+09:00,2026/09/30,2026/12/10,2026-12,CALL,61625,5575,,,28.94,23.76,5825,4,5325,4,,,,,
2026/09/29 17:50,2026-09-29T18:05:16+09:00,2026/09/30,2026/12/10,2026-12,PUT,61625,1385,,,27.42,25.14,1445,1,1225,1,,,,,
2026/09/29 17:50,2026-09-29T18:05:16+09:00,2026/09/30,2026/12/10,2026-12,CALL,61500,5655,,,28.89,23.65,5905,8,5405,8,,,,,
2026/09/29 17:50,2026-09-29T18:05:16+09:00,2026/09/30,2026/12/10,2026-12,PUT,61500,1340,,,27.41,25.32,1405,2,1205,2,,,,,
2026/09/29 17:50,2026-09-29T18:05:16+09:00,2026/09/30,2026/12/10,2026-12,CALL,61375,5750,,,28.99,23.7,6000,4,5500,4,,,,,
2026/09/29 17:50,2026-09-29T18:05:16+09:00,2026/09/30,2026/12/10,2026-12,PUT,61375,1310,,,27.6,25.27,1385,1,1165,1,,,,,
2026/09/29 17:50,2026-09-29T18:05:16+09:00,2026/09/30,2026/12/10,2026-12,CALL,61250,5850,,,29.14,23.79,6100,4,5600,4,,,,,
2026/09/29 17:50,2026-09-29T18:05:16+09:00,2026/09/30,2026/12/10,2026-12,PUT,61250,1285,,,27.63,25.33,1350,1,1135,1,,,,,
2026/09/29 17:50,2026-09-29T18:05:16+09:00,2026/09/30,2026/12/10,2026-12,CALL,61125,5940,,,29.17,23.77,6190,4,5690,4,,,,,
2026/09/29 17:50,2026-09-29T18:05:16+09:00,2026/09/30,2026/12/10,2026-12,PUT,61125,1250,,,27.7,25.44,1320,1,1110,1,,,,,
2026/09/29 17:50,2026-09-29T18:05:16+09:00,2026/09/30,2026/12/10,2026-12,CALL,61000,6040,,,29.31,23.85,6290,12,5790,12,,,,,
2026/09/29 17:50,2026-09-29T18:05:16+09:00,2026/09/30,2026/12/10,2026-12,PUT,61000,1220,,,27.5,25.81,1265,3,1110,3,,,,,
2026/09/29 17:50,2026-09-29T18:05:16+09:00,2026/09/30,2026/12/10,2026-12,CALL,60875,6135,,,29.39,23.86,6385,4,5885,4,,,,,
2026/09/29 17:50,2026-09-29T18:05:16+09:00,2026/09/30,2026/12/10,2026-12,PUT,60875,1195,,,27.89,25.57,1265,1,1055,1,,,,,
2026/09/29 17:50,2026-09-29T18:05:16+09:00,2026/09/30,2026/12/10,2026-12,CALL,60750,6230,,,29.46,23.87,6480,4,5980,4,,,,,
2026/09/29 17:50,2026-09-29T18:05:16+09:00,2026/09/30,2026/12/10,2026-12,PUT,60750,1180,,,27.95,25.66,1235,1,1030,1,,,,,
2026/09/29 17:50,2026-09-29T18:05:16+09:00,2026/09/30,2026/12/10,2026-12,CALL,60625,6330,,,29.58,23.92,6580,4,6080,4,,,,,
2026/09/29 17:50,2026-09-29T18:05:16+09:00,2026/09/30,2026/12/10,2026-12,PUT,60625,1135,,,28.11,25.69,1215,2,1000,2,,,,,
2026/09/29 17:50,2026-09-29T18:05:16+09:00,2026/09/30,2026/12/10,2026-12,CALL,60500,6440,,,29.81,24.09,6690,8,6190,8,,,,,
2026/09/29 17:50,2026-09-29T18:05:16+09:00,2026/09/30,2026/12/10,2026-12,PUT,60500,1125,,,28.1,25.82,1180,4,980,4,,,,,
2026/09/29 17:50,2026-09-29T18:05:16+09:00,2026/09/30,2026/12/10,2026-12,CALL,60250,6635,,,29.97,24.11,6885,4,6385,4,,,,,
2026/09/29 17:50,2026-09-29T18:05:16+09:00,2026/09/30,2026/12/10,2026-12,PUT,60250,1070,,,28.34,25.89,1135,2,925,2,,,,,
2026/09/29 17:50,2026-09-29T18:05:16+09:00,2026/09/30,2026/12/10,2026-12,CALL,60000,6825,,,30.06,24.03,7075,12,6575,12,,,,,
2026/09/29 17:50,2026-09-29T18:05:16+09:00,2026/09/30,2026/12/10,2026-12,PUT,60000,1010,,,28.27,26.3,1065,6,900,6,,,,,
2026/09/29 17:50,2026-09-29T18:05:16+09:00,2026/09/30,2026/12/10,2026-12,CALL,59750,7040,,,30.41,24.24,7290,4,6790,4,,,,,
2026/09/29 17:50,2026-09-29T18:05:16+09:00,2026/09/30,2026/12/10,2026-12,PUT,59750,975,,,28.65,26.19,1035,2,835,2,,,,,
2026/09/29 17:50,2026-09-29T18:05:16+09:00,2026/09/30,2026/12/10,2026-12,CALL,59500,7235,,,30.51,24.15,7485,8,6985,8,,,,,
2026/09/29 17:50,2026-09-29T18:05:16+09:00,2026/09/30,2026/12/10,2026-12,PUT,59500,920,,,28.76,26.43,985,4,800,4,,,,,
2026/09/29 17:50,2026-09-29T18:05:16+09:00,2026/09/30,2026/12/10,2026-12,CALL,59250,7420,,,30.46,23.87,7670,4,7170,4,,,,,
2026/09/29 17:50,2026-09-29T18:05:16+09:00,2026/09/30,2026/12/10,2026-12,PUT,59250,860,,,28.98,26.52,945,2,755,2,,,,,
2026/09/29 17:50,2026-09-29T18:05:16+09:00,2026/09/30,2026/12/10,2026-12,CALL,59000,7650,,,30.94,24.21,7900,12,7400,12,,,,,
2026/09/29 17:50,2026-09-29T18:05:16+09:00,2026/09/30,2026/12/10,2026-12,PUT,59000,840,,,28.92,27,885,6,740,6,,,,,
2026/09/29 17:50,2026-09-29T18:05:16+09:00,2026/09/30,2026/12/10,2026-12,CALL,58750,7845,,,30.97,23.98,8095,4,7595,4,,,,,
2026/09/29 17:50,2026-09-29T18:05:16+09:00,2026/09/30,2026/12/10,2026-12,PUT,58750,785,,,29.36,26.9,865,2,685,2,,,,,
2026/09/29 17:50,2026-09-29T18:05:16+09:00,2026/09/30,2026/12/10,2026-12,CALL,58500,8060,,,31.23,24.03,8310,8,7810,8,,,,,
2026/09/29 17:50,2026-09-29T18:05:16+09:00,2026/09/30,2026/12/10,2026-12,PUT,58500,780,,,29.45,27.13,820,4,655,18,,,,,
2026/09/29 17:50,2026-09-29T18:05:16+09:00,2026/09/30,2026/12/10,2026-12,CALL,58250,8285,,,31.61,24.22,8535,4,8035,4,,,,,
2026/09/29 17:50,2026-09-29T18:05:16+09:00,2026/09/30,2026/12/10,2026-12,PUT,58250,725,,,29.79,27.19,795,3,615,3,,,,,
2026/09/29 17:50,2026-09-29T18:05:16+09:00,2026/09/30,2026/12/10,2026-12,CALL,58000,8505,,,31.91,24.29,8755,12,8255,12,,,,,
2026/09/29 17:50,2026-09-29T18:05:16+09:00,2026/09/30,2026/12/10,2026-12,PUT,58000,700,,,29.83,27.6,750,9,600,9,,,,,
2026/09/29 17:50,2026-09-29T18:05:16+09:00,2026/09/30,2026/12/10,2026-12,CALL,57750,8725,,,32.2,24.33,8975,4,8475,4,,,,,
2026/09/29 17:50,2026-09-29T18:05:16+09:00,2026/09/30,2026/12/10,2026-12,PUT,57750,680,,,30.21,27.61,730,3,560,3,,,,,
2026/09/29 17:50,2026-09-29T18:05:16+09:00,2026/09/30,2026/12/10,2026-12,CALL,57500,8945,,,32.47,24.33,9195,8,8695,8,,,,,
2026/09/29 17:50,2026-09-29T18:05:16+09:00,2026/09/30,2026/12/10,2026-12,PUT,57500,640,,,30.35,28.49,695,6,575,20,,,,,
2026/09/29 17:50,2026-09-29T18:05:16+09:00,2026/09/30,2026/12/10,2026-12,CALL,57250,9165,,,32.72,24.29,9415,4,8915,4,,,,,
2026/09/29 17:50,2026-09-29T18:05:16+09:00,2026/09/30,2026/12/10,2026-12,PUT,57250,620,,,30.63,27.96,670,3,505,3,,,,,
2026/09/29 17:50,2026-09-29T18:05:16+09:00,2026/09/30,2026/12/10,2026-12,CALL,57000,9375,,,,,,,,,,,,,
2026/09/29 17:50,2026-09-29T18:05:16+09:00,2026/09/30,2026/12/10,2026-12,PUT,57000,570,,,30.66,28.4,630,9,495,9,,,,,
2026/09/29 17:50,2026-09-29T18:05:16+09:00,2026/09/30,2026/12/10,2026-12,CALL,56750,9605,,,,,,,,,,,,,
2026/09/29 17:50,2026-09-29T18:05:16+09:00,2026/09/30,2026/12/10,2026-12,PUT,56750,565,,,31.06,28.39,615,3,460,3,,,,,
2026/09/29 17:50,2026-09-29T18:05:16+09:00,2026/09/30,2026/12/10,2026-12,CALL,56500,9830,,,,,,,,,,,,,
2026/09/29 17:50,2026-09-29T18:05:16+09:00,2026/09/30,2026/12/10,2026-12,PUT,56500,525,,,31.29,28.63,590,6,440,6,,,,,
2026/09/29 17:50,2026-09-29T18:05:16+09:00,2026/09/30,2026/12/10,2026-12,CALL,56250,10050,,,,,,,,,,,,,
2026/09/29 17:50,2026-09-29T18:05:16+09:00,2026/09/30,2026/12/10,2026-12,PUT,56250,520,,,31.5,28.85,565,3,420,3,,,,,
2026/09/29 17:50,2026-09-29T18:05:16+09:00,2026/09/30,2026/12/10,2026-12,CALL,56000,10290,,,,,,,,,,,,,
2026/09/29 17:50,2026-09-29T18:05:16+09:00,2026/09/30,2026/12/10,2026-12,PUT,56000,495,,,31.52,29.35,530,9,415,9,,,,,
2026/09/29 17:50,2026-09-29T18:05:16+09:00,2026/09/30,2026/12/10,2026-12,CALL,55750,10505,,,,,,,,,,,,,
2026/09/29 17:50,2026-09-29T18:05:16+09:00,2026/09/30,2026/12/10,2026-12,PUT,55750,455,,,31.96,29.34,520,3,385,3,,,,,
2026/09/29 17:50,2026-09-29T18:05:16+09:00,2026/09/30,2026/12/10,2026-12,CALL,55500,10750,,,,,,,,,,,,,
2026/09/29 17:50,2026-09-29T18:05:16+09:00,2026/09/30,2026/12/10,2026-12,PUT,55500,450,,,32.22,29.61,500,6,370,6,,,,,
2026/09/29 17:50,2026-09-29T18:05:16+09:00,2026/09/30,2026/12/10,2026-12,CALL,55250,10980,,,,,,,,,,,,,
2026/09/29 17:50,2026-09-29T18:05:16+09:00,2026/09/30,2026/12/10,2026-12,PUT,55250,440,,,32.45,29.77,480,3,350,3,,,,,
2026/09/29 17:50,2026-09-29T18:05:16+09:00,2026/09/30,2026/12/10,2026-12,CALL,55000,11215,,,,,,,,,,,,,
2026/09/29 17:50,2026-09-29T18:05:16+09:00,2026/09/30,2026/12/10,2026-12,PUT,55000,415,,,32.48,30.24,450,9,345,9,,,,,
2026/09/29 17:50,2026-09-29T18:05:16+09:00,2026/09/30,2026/12/10,2026-12,CALL,54750,11450,,,,,,,,,,,,,
2026/09/29 17:50,2026-09-29T18:05:16+09:00,2026/09/30,2026/12/10,2026-12,PUT,54750,400,,,32.99,30.24,445,3,320,3,,,,,
2026/09/29 17:50,2026-09-29T18:05:16+09:00,2026/09/30,2026/12/10,2026-12,CALL,54500,11665,,,,,,,,,,,,,
2026/09/29 17:50,2026-09-29T18:05:16+09:00,2026/09/30,2026/12/10,2026-12,PUT,54500,365,,,33.18,30.45,425,6,305,6,,,,,
2026/09/29 17:50,2026-09-29T18:05:16+09:00,2026/09/30,2026/12/10,2026-12,CALL,54250,11905,,,,,,,,,,,,,
2026/09/29 17:50,2026-09-29T18:05:16+09:00,2026/09/30,2026/12/10,2026-12,PUT,54250,360,,,33.46,30.77,410,3,295,3,,,,,
2026/09/29 17:50,2026-09-29T18:05:16+09:00,2026/09/30,2026/12/10,2026-12,CALL,54000,12130,,,,,,,,,,,,,
2026/09/29 17:50,2026-09-29T18:05:16+09:00,2026/09/30,2026/12/10,2026-12,PUT,54000,335,,,33.51,31.27,385,9,292,9,,,,,
2026/09/29 17:50,2026-09-29T18:05:16+09:00,2026/09/30,2026/12/10,2026-12,CALL,53750,12385,,,,,,,,,,,,,
2026/09/29 17:50,2026-09-29T18:05:16+09:00,2026/09/30,2026/12/10,2026-12,PUT,53750,340,,,34.22,31.06,390,5,263,5,,,,,
2026/09/29 17:50,2026-09-29T18:05:16+09:00,2026/09/30,2026/12/10,2026-12,CALL,53500,12630,,,,,,,,,,,,,
2026/09/29 17:50,2026-09-29T18:05:16+09:00,2026/09/30,2026/12/10,2026-12,PUT,53500,335,,,34.36,31.37,370,8,254,8,,,,,
2026/09/29 17:50,2026-09-29T18:05:16+09:00,2026/09/30,2026/12/10,2026-12,CALL,53250,12860,,,,,,,,,,,,,
2026/09/29 17:50,2026-09-29T18:05:16+09:00,2026/09/30,2026/12/10,2026-12,PUT,53250,315,,,34.72,31.55,360,5,241,5,,,,,
2026/09/29 17:50,2026-09-29T18:05:16+09:00,2026/09/30,2026/12/10,2026-12,CALL,53000,13100,,,,,,,,,,,,,
2026/09/29 17:50,2026-09-29T18:05:16+09:00,2026/09/30,2026/12/10,2026-12,PUT,53000,305,,,34.82,32.14,340,12,242,12,,,,,
2026/09/29 17:50,2026-09-29T18:05:16+09:00,2026/09/30,2026/12/10,2026-12,CALL,52750,13335,,,,,,,,,,,,,
2026/09/29 17:50,2026-09-29T18:05:16+09:00,2026/09/30,2026/12/10,2026-12,PUT,52750,291,,,35.28,32.05,335,5,221,5,,,,,
2026/09/29 17:50,2026-09-29T18:05:16+09:00,2026/09/30,2026/12/10,2026-12,CALL,52500,13580,,,,,,,,,,,,,
2026/09/29 17:50,2026-09-29T18:05:16+09:00,2026/09/30,2026/12/10,2026-12,PUT,52500,285,,,35.61,32.38,325,8,214,8,,,,,
2026/09/29 17:50,2026-09-29T18:05:16+09:00,2026/09/30,2026/12/10,2026-12,CALL,52250,13810,,,,,,,,,,,,,
2026/09/29 17:50,2026-09-29T18:05:16+09:00,2026/09/30,2026/12/10,2026-12,PUT,52250,264,,,35.93,32.56,315,5,203,5,,,,,
2026/09/29 17:50,2026-09-29T18:05:16+09:00,2026/09/30,2026/12/10,2026-12,CALL,52000,14050,,,,,,,,,,,,,
2026/09/29 17:50,2026-09-29T18:05:16+09:00,2026/09/30,2026/12/10,2026-12,PUT,52000,271,,,35.85,33.18,291,12,205,12,,,,,
2026/09/29 17:50,2026-09-29T18:05:16+09:00,2026/09/30,2026/12/10,2026-12,CALL,51750,14295,,,,,,,,,,,,,
2026/09/29 17:50,2026-09-29T18:05:16+09:00,2026/09/30,2026/12/10,2026-12,PUT,51750,251,,,36.43,33.1,291,5,187,5,,,,,
2026/09/29 17:50,2026-09-29T18:05:16+09:00,2026/09/30,2026/12/10,2026-12,CALL,51500,14535,,,,,,,,,,,,,
2026/09/29 17:50,2026-09-29T18:05:16+09:00,2026/09/30,2026/12/10,2026-12,PUT,51500,243,,,36.66,33.42,279,8,181,8,,,,,
2026/09/29 17:50,2026-09-29T18:05:16+09:00,2026/09/30,2026/12/10,2026-12,CALL,51250,14775,,,,,,,,,,,,,
2026/09/29 17:50,2026-09-29T18:05:16+09:00,2026/09/30,2026/12/10,2026-12,PUT,51250,235,,,37.03,33.62,272,5,172,5,,,,,
2026/09/29 17:50,2026-09-29T18:05:16+09:00,2026/09/30,2026/12/10,2026-12,CALL,51000,15005,,,,,,,,,,,,,
2026/09/29 17:50,2026-09-29T18:05:16+09:00,2026/09/30,2026/12/10,2026-12,PUT,51000,226,,,37.05,34.24,254,12,174,12,,,,,
2026/09/29 17:50,2026-09-29T18:05:16+09:00,2026/09/30,2026/12/10,2026-12,CALL,50750,15255,,,,,,,,,,,,,
2026/09/29 17:50,2026-09-29T18:05:16+09:00,2026/09/30,2026/12/10,2026-12,PUT,50750,220,,,37.66,34.13,255,5,158,5,,,,,
2026/09/29 17:50,2026-09-29T18:05:16+09:00,2026/09/30,2026/12/10,2026-12,CALL,50500,15505,,,,,,,,,,,,,
2026/09/29 17:50,2026-09-29T18:05:16+09:00,2026/09/30,2026/12/10,2026-12,PUT,50500,215,,,37.87,34.5,244,8,154,8,,,,,
2026/09/29 17:50,2026-09-29T18:05:16+09:00,2026/09/30,2026/12/10,2026-12,CALL,50250,15745,,,,,,,,,,,,,
2026/09/29 17:50,2026-09-29T18:05:16+09:00,2026/09/30,2026/12/10,2026-12,PUT,50250,207,,,38.25,34.68,238,5,146,5,,,,,
2026/09/29 17:50,2026-09-29T18:05:16+09:00,2026/09/30,2026/12/10,2026-12,CALL,50000,15970,,,,,,,,,,,,,
2026/09/29 17:50,2026-09-29T18:05:16+09:00,2026/09/30,2026/12/10,2026-12,PUT,50000,182,,,38.26,35.44,222,12,151,12,,,,,
2026/09/29 17:50,2026-09-29T18:05:16+09:00,2026/09/30,2026/12/10,2026-12,CALL,49750,16215,,,,,,,,,,,,,
2026/09/29 17:50,2026-09-29T18:05:16+09:00,2026/09/30,2026/12/10,2026-12,PUT,49750,181,,,38.87,35.24,223,5,135,5,,,,,
2026/09/29 17:50,2026-09-29T18:05:16+09:00,2026/09/30,2026/12/10,2026-12,CALL,49500,16460,,,,,,,,,,,,,
2026/09/29 17:50,2026-09-29T18:05:16+09:00,2026/09/30,2026/12/10,2026-12,PUT,49500,185,,,39.14,35.77,215,8,135,26,,,,,
2026/09/29 17:50,2026-09-29T18:05:16+09:00,2026/09/30,2026/12/10,2026-12,CALL,49250,16700,,,,,,,,,,,,,
2026/09/29 17:50,2026-09-29T18:05:16+09:00,2026/09/30,2026/12/10,2026-12,PUT,49250,166,,,39.53,35.76,210,5,124,5,,,,,
2026/09/29 17:50,2026-09-29T18:05:16+09:00,2026/09/30,2026/12/10,2026-12,CALL,49000,16945,,,,,,,,,,,,,
2026/09/29 17:50,2026-09-29T18:05:16+09:00,2026/09/30,2026/12/10,2026-12,PUT,49000,162,,,39.51,36.75,195,12,133,39,,,,,
2026/09/29 17:50,2026-09-29T18:05:16+09:00,2026/09/30,2026/12/10,2026-12,CALL,48750,17190,,,,,,,,,,,,,
2026/09/29 17:50,2026-09-29T18:05:16+09:00,2026/09/30,2026/12/10,2026-12,PUT,48750,155,,,40.16,36.33,197,5,115,5,,,,,
2026/09/29 17:50,2026-09-29T18:05:16+09:00,2026/09/30,2026/12/10,2026-12,CALL,48500,17435,,,,,,,,,,,,,
2026/09/29 17:50,2026-09-29T18:05:16+09:00,2026/09/30,2026/12/10,2026-12,PUT,48500,150,,,40.4,36.69,189,8,112,8,,,,,
2026/09/29 17:50,2026-09-29T18:05:16+09:00,2026/09/30,2026/12/10,2026-12,CALL,48250,17680,,,,,,,,,,,,,
2026/09/29 17:50,2026-09-29T18:05:16+09:00,2026/09/30,2026/12/10,2026-12,PUT,48250,149,,,40.84,36.88,186,5,106,5,,,,,
2026/09/29 17:50,2026-09-29T18:05:16+09:00,2026/09/30,2026/12/10,2026-12,CALL,48000,17925,,,,,,,,,,,,,
2026/09/29 17:50,2026-09-29T18:05:16+09:00,2026/09/30,2026/12/10,2026-12,PUT,48000,144,,,40.8,37.58,172,12,109,12,,,,,
2026/09/29 17:50,2026-09-29T18:05:16+09:00,2026/09/30,2026/12/10,2026-12,CALL,47750,18170,,,,,,,,,,,,,
2026/09/29 17:50,2026-09-29T18:05:16+09:00,2026/09/30,2026/12/10,2026-12,PUT,47750,139,,,41.5,37.44,175,5,98,5,,,,,
2026/09/29 17:50,2026-09-29T18:05:16+09:00,2026/09/30,2026/12/10,2026-12,CALL,47500,18410,,,,,,,,,,,,,
2026/09/29 17:50,2026-09-29T18:05:16+09:00,2026/09/30,2026/12/10,2026-12,PUT,47500,142,,,41.75,37.83,168,8,96,8,,,,,
2026/09/29 17:50,2026-09-29T18:05:16+09:00,2026/09/30,2026/12/10,2026-12,CALL,47250,18660,,,,,,,,,,,,,
2026/09/29 17:50,2026-09-29T18:05:16+09:00,2026/09/30,2026/12/10,2026-12,PUT,47250,130,,,42.17,37.96,165,5,90,5,,,,,
2026/09/29 17:50,2026-09-29T18:05:16+09:00,2026/09/30,2026/12/10,2026-12,CALL,47000,18905,,,,,,,,,,,,,
2026/09/29 17:50,2026-09-29T18:05:16+09:00,2026/09/30,2026/12/10,2026-12,PUT,47000,126,,,42.15,38.76,153,12,94,12,,,,,
2026/09/29 17:50,2026-09-29T18:05:16+09:00,2026/09/30,2026/12/10,2026-12,CALL,46750,19150,,,,,,,,,,,,,
2026/09/29 17:50,2026-09-29T18:05:16+09:00,2026/09/30,2026/12/10,2026-12,PUT,46750,123,,,42.87,38.51,156,5,83,5,,,,,
2026/09/29 17:50,2026-09-29T18:05:16+09:00,2026/09/30,2026/12/10,2026-12,CALL,46500,19395,,,,,,,,,,,,,
2026/09/29 17:50,2026-09-29T18:05:16+09:00,2026/09/30,2026/12/10,2026-12,PUT,46500,119,,,43.18,38.96,151,8,82,8,,,,,
2026/09/29 17:50,2026-09-29T18:05:16+09:00,2026/09/30,2026/12/10,2026-12,CALL,46250,19640,,,,,,,,,,,,,
2026/09/29 17:50,2026-09-29T18:05:16+09:00,2026/09/30,2026/12/10,2026-12,PUT,46250,115,,,43.6,39.1,148,5,77,5,,,,,
2026/09/29 17:50,2026-09-29T18:05:16+09:00,2026/09/30,2026/12/10,2026-12,CALL,46000,19880,,,,,,,,,,,,,
2026/09/29 17:50,2026-09-29T18:05:16+09:00,2026/09/30,2026/12/10,2026-12,PUT,46000,106,,,43.57,39.86,137,12,80,12,,,,,
2026/09/29 17:50,2026-09-29T18:05:16+09:00,2026/09/30,2026/12/10,2026-12,CALL,45750,20130,,,,,,,,,,,,,
2026/09/29 17:50,2026-09-29T18:05:16+09:00,2026/09/30,2026/12/10,2026-12,PUT,45750,105,,,44.3,39.65,140,5,71,5,,,,,
2026/09/29 17:50,2026-09-29T18:05:16+09:00,2026/09/30,2026/12/10,2026-12,CALL,45500,20380,,,,,,,,,,,,,
2026/09/29 17:50,2026-09-29T18:05:16+09:00,2026/09/30,2026/12/10,2026-12,PUT,45500,105,,,44.59,40,135,8,69,8,,,,,
2026/09/29 17:50,2026-09-29T18:05:16+09:00,2026/09/30,2026/12/10,2026-12,CALL,45250,20625,,,,,,,,,,,,,
2026/09/29 17:50,2026-09-29T18:05:16+09:00,2026/09/30,2026/12/10,2026-12,PUT,45250,102,,,45.04,40.17,133,5,65,5,,,,,
2026/09/29 17:50,2026-09-29T18:05:16+09:00,2026/09/30,2026/12/10,2026-12,CALL,45000,20865,,,,,,,,,,,,,
2026/09/29 17:50,2026-09-29T18:05:16+09:00,2026/09/30,2026/12/10,2026-12,PUT,45000,92,,,44.63,41.05,117,39,69,12,,,,,
2026/09/29 17:50,2026-09-29T18:05:16+09:00,2026/09/30,2026/12/10,2026-12,CALL,44750,21115,,,,,,,,,,,,,
2026/09/29 17:50,2026-09-29T18:05:16+09:00,2026/09/30,2026/12/10,2026-12,PUT,44750,91,,,45.13,41.3,116,16,66,16,,,,,
2026/09/29 17:50,2026-09-29T18:05:16+09:00,2026/09/30,2026/12/10,2026-12,CALL,44500,21365,,,,,,,,,,,,,
2026/09/29 17:50,2026-09-29T18:05:16+09:00,2026/09/30,2026/12/10,2026-12,PUT,44500,96,,,,,,,,,,,,,
2026/09/29 17:50,2026-09-29T18:05:16+09:00,2026/09/30,2026/12/10,2026-12,CALL,44250,21610,,,,,,,,,,,,,
2026/09/29 17:50,2026-09-29T18:05:16+09:00,2026/09/30,2026/12/10,2026-12,PUT,44250,88,,,,,,,,,,,,,
2026/09/29 17:50,2026-09-29T18:05:16+09:00,2026/09/30,2026/12/10,2026-12,CALL,44000,21855,,,,,,,,,,,,,
2026/09/29 17:50,2026-09-29T18:05:16+09:00,2026/09/30,2026/12/10,2026-12,PUT,44000,84,,,,29.26,,,2,1,,,,,
2026/09/29 17:50,2026-09-29T18:05:16+09:00,2026/09/30,2026/12/10,2026-12,CALL,43750,22100,,,,,,,,,,,,,
2026/09/29 17:50,2026-09-29T18:05:16+09:00,2026/09/30,2026/12/10,2026-12,PUT,43750,80,,,,,,,,,,,,,
2026/09/29 17:50,2026-09-29T18:05:16+09:00,2026/09/30,2026/12/10,2026-12,CALL,43500,22350,,,,,,,,,,,,,
2026/09/29 17:50,2026-09-29T18:05:16+09:00,2026/09/30,2026/12/10,2026-12,PUT,43500,79,,,,,,,,,,,,,
2026/09/29 17:50,2026-09-29T18:05:16+09:00,2026/09/30,2026/12/10,2026-12,CALL,43250,22595,,,,,,,,,,,,,
2026/09/29 17:50,2026-09-29T18:05:16+09:00,2026/09/30,2026/12/10,2026-12,PUT,43250,77,,,,28.81,,,1,1,,,,,
2026/09/29 17:50,2026-09-29T18:05:16+09:00,2026/09/30,2026/12/10,2026-12,CALL,43000,22835,,,,,,,,,,,,,
2026/09/29 17:50,2026-09-29T18:05:16+09:00,2026/09/30,2026/12/10,2026-12,PUT,43000,68,,,,29.19,,,1,20,,,,,
2026/09/29 17:50,2026-09-29T18:05:16+09:00,2026/09/30,2026/12/10,2026-12,CALL,42750,23085,,,,,,,,,,,,,
2026/09/29 17:50,2026-09-29T18:05:16+09:00,2026/09/30,2026/12/10,2026-12,PUT,42750,68,,,,,,,,,,,,,
2026/09/29 17:50,2026-09-29T18:05:16+09:00,2026/09/30,2026/12/10,2026-12,CALL,42500,23335,,,,,,,,,,,,,
2026/09/29 17:50,2026-09-29T18:05:16+09:00,2026/09/30,2026/12/10,2026-12,PUT,42500,67,,,,44.85,,,54,1,,,,,
2026/09/29 17:50,2026-09-29T18:05:16+09:00,2026/09/30,2026/12/10,2026-12,CALL,42250,23580,,,,,,,,,,,,,
2026/09/29 17:50,2026-09-29T18:05:16+09:00,2026/09/30,2026/12/10,2026-12,PUT,42250,64,,,,,,,,,,,,,
2026/09/29 17:50,2026-09-29T18:05:16+09:00,2026/09/30,2026/12/10,2026-12,CALL,42000,23830,,,,,,,,,,,,,
2026/09/29 17:50,2026-09-29T18:05:16+09:00,2026/09/30,2026/12/10,2026-12,PUT,42000,65,,,,30.7,,,1,20,,,,,
2026/09/29 17:50,2026-09-29T18:05:16+09:00,2026/09/30,2026/12/10,2026-12,CALL,41750,24075,,,,,,,,,,,,,
2026/09/29 17:50,2026-09-29T18:05:16+09:00,2026/09/30,2026/12/10,2026-12,PUT,41750,63,,,,,,,,,,,,,
2026/09/29 17:50,2026-09-29T18:05:16+09:00,2026/09/30,2026/12/10,2026-12,CALL,41500,24305,,,,,,,,,,,,,
2026/09/29 17:50,2026-09-29T18:05:16+09:00,2026/09/30,2026/12/10,2026-12,PUT,41500,39,,,,,,,,,,,,,
2026/09/29 17:50,2026-09-29T18:05:16+09:00,2026/09/30,2026/12/10,2026-12,CALL,41250,24550,,,,,,,,,,,,,
2026/09/29 17:50,2026-09-29T18:05:16+09:00,2026/09/30,2026/12/10,2026-12,PUT,41250,38,,,,,,,,,,,,,
2026/09/29 17:50,2026-09-29T18:05:16+09:00,2026/09/30,2026/12/10,2026-12,CALL,41000,24800,,,,,,,,,,,,,
2026/09/29 17:50,2026-09-29T18:05:16+09:00,2026/09/30,2026/12/10,2026-12,PUT,41000,38,,,,32.25,,,1,20,,,,,
2026/09/29 17:50,2026-09-29T18:05:16+09:00,2026/09/30,2026/12/10,2026-12,CALL,40750,25050,,,,,,,,,,,,,
2026/09/29 17:50,2026-09-29T18:05:16+09:00,2026/09/30,2026/12/10,2026-12,PUT,40750,37,,,,,,,,,,,,,
2026/09/29 17:50,2026-09-29T18:05:16+09:00,2026/09/30,2026/12/10,2026-12,CALL,40500,25295,,,,,,,,,,,,,
2026/09/29 17:50,2026-09-29T18:05:16+09:00,2026/09/30,2026/12/10,2026-12,PUT,40500,36,,,,,,,,,,,,,
2026/09/29 17:50,2026-09-29T18:05:16+09:00,2026/09/30,2026/12/10,2026-12,CALL,40250,25540,,,,,,,,,,,,,
2026/09/29 17:50,2026-09-29T18:05:16+09:00,2026/09/30,2026/12/10,2026-12,PUT,40250,32,,,,,,,,,,,,,
2026/09/29 17:50,2026-09-29T18:05:16+09:00,2026/09/30,2026/12/10,2026-12,CALL,40000,25790,,,,,,,,,,,,,
2026/09/29 17:50,2026-09-29T18:05:16+09:00,2026/09/30,2026/12/10,2026-12,PUT,40000,31,,,57.3,45.67,128,1,25,2,,,,,
2026/09/29 17:50,2026-09-29T18:05:16+09:00,2026/09/30,2026/12/10,2026-12,CALL,39750,26040,,,,,,,,,,,,,
2026/09/29 17:50,2026-09-29T18:05:16+09:00,2026/09/30,2026/12/10,2026-12,PUT,39750,29,,,,,,,,,,,,,
2026/09/29 17:50,2026-09-29T18:05:16+09:00,2026/09/30,2026/12/10,2026-12,CALL,39500,26285,,,,,,,,,,,,,
2026/09/29 17:50,2026-09-29T18:05:16+09:00,2026/09/30,2026/12/10,2026-12,PUT,39500,28,,,,34.64,,,1,10,,,,,
2026/09/29 17:50,2026-09-29T18:05:16+09:00,2026/09/30,2026/12/10,2026-12,CALL,39250,26535,,,,,,,,,,,,,
2026/09/29 17:50,2026-09-29T18:05:16+09:00,2026/09/30,2026/12/10,2026-12,PUT,39250,27,,,,,,,,,,,,,
2026/09/29 17:50,2026-09-29T18:05:16+09:00,2026/09/30,2026/12/10,2026-12,CALL,39000,26785,,,,,,,,,,,,,
2026/09/29 17:50,2026-09-29T18:05:16+09:00,2026/09/30,2026/12/10,2026-12,PUT,39000,26,,,,35.46,,,1,20,,,,,
2026/09/29 17:50,2026-09-29T18:05:16+09:00,2026/09/30,2026/12/10,2026-12,CALL,38750,27030,,,,,,,,,,,,,
2026/09/29 17:50,2026-09-29T18:05:16+09:00,2026/09/30,2026/12/10,2026-12,PUT,38750,25,,,,,,,,,,,,,
2026/09/29 17:50,2026-09-29T18:05:16+09:00,2026/09/30,2026/12/10,2026-12,CALL,38500,27280,,,,,,,,,,,,,
2026/09/29 17:50,2026-09-29T18:05:16+09:00,2026/09/30,2026/12/10,2026-12,PUT,38500,24,,,,41.38,,,5,1,,,,,
2026/09/29 17:50,2026-09-29T18:05:16+09:00,2026/09/30,2026/12/10,2026-12,CALL,38250,27525,,,,,,,,,,,,,
2026/09/29 17:50,2026-09-29T18:05:16+09:00,2026/09/30,2026/12/10,2026-12,PUT,38250,23,,,,,,,,,,,,,
2026/09/29 17:50,2026-09-29T18:05:16+09:00,2026/09/30,2026/12/10,2026-12,CALL,38000,27775,,,,,,,,,,,,,
2026/09/29 17:50,2026-09-29T18:05:16+09:00,2026/09/30,2026/12/10,2026-12,PUT,38000,22,,,,40.47,,,3,1,,,,,
2026/09/29 17:50,2026-09-29T18:05:16+09:00,2026/09/30,2026/12/10,2026-12,CALL,37750,28025,,,,,,,,,,,,,
2026/09/29 17:50,2026-09-29T18:05:16+09:00,2026/09/30,2026/12/10,2026-12,PUT,37750,21,,,,,,,,,,,,,
2026/09/29 17:50,2026-09-29T18:05:16+09:00,2026/09/30,2026/12/10,2026-12,CALL,37500,28270,,,,,,,,,,,,,
2026/09/29 17:50,2026-09-29T18:05:16+09:00,2026/09/30,2026/12/10,2026-12,PUT,37500,20,,,,,,,,,,,,,
2026/09/29 17:50,2026-09-29T18:05:16+09:00,2026/09/30,2026/12/10,2026-12,CALL,37250,28520,,,,,,,,,,,,,
2026/09/29 17:50,2026-09-29T18:05:16+09:00,2026/09/30,2026/12/10,2026-12,PUT,37250,19,,,,,,,,,,,,,
2026/09/29 17:50,2026-09-29T18:05:16+09:00,2026/09/30,2026/12/10,2026-12,CALL,37000,28770,,,,,,,,,,,,,
2026/09/29 17:50,2026-09-29T18:05:16+09:00,2026/09/30,2026/12/10,2026-12,PUT,37000,18,,,,38.82,,,1,98,,,,,
2026/09/29 17:50,2026-09-29T18:05:16+09:00,2026/09/30,2026/12/10,2026-12,CALL,36750,29020,,,,,,,,,,,,,
2026/09/29 17:50,2026-09-29T18:05:16+09:00,2026/09/30,2026/12/10,2026-12,PUT,36750,18,,,,,,,,,,,,,
2026/09/29 17:50,2026-09-29T18:05:16+09:00,2026/09/30,2026/12/10,2026-12,CALL,36500,29265,,,,,,,,,,,,,
2026/09/29 17:50,2026-09-29T18:05:16+09:00,2026/09/30,2026/12/10,2026-12,PUT,36500,17,,,,,,,,,,,,,
2026/09/29 17:50,2026-09-29T18:05:16+09:00,2026/09/30,2026/12/10,2026-12,CALL,36250,29515,,,,,,,,,,,,,
2026/09/29 17:50,2026-09-29T18:05:16+09:00,2026/09/30,2026/12/10,2026-12,PUT,36250,16,,,,,,,,,,,,,
2026/09/29 17:50,2026-09-29T18:05:16+09:00,2026/09/30,2026/12/10,2026-12,CALL,36000,29765,,,,,,,,,,,,,
2026/09/29 17:50,2026-09-29T18:05:16+09:00,2026/09/30,2026/12/10,2026-12,PUT,36000,22,,,57.62,53.65,40,1,22,1,,,,,
2026/09/29 17:50,2026-09-29T18:05:16+09:00,2026/09/30,2026/12/10,2026-12,CALL,35750,30010,,,,,,,,,,,,,
2026/09/29 17:50,2026-09-29T18:05:16+09:00,2026/09/30,2026/12/10,2026-12,PUT,35750,15,,,,,,,,,,,,,
2026/09/29 17:50,2026-09-29T18:05:16+09:00,2026/09/30,2026/12/10,2026-12,CALL,35500,30260,,,,,,,,,,,,,
2026/09/29 17:50,2026-09-29T18:05:16+09:00,2026/09/30,2026/12/10,2026-12,PUT,35500,14,,,,,,,,,,,,,
2026/09/29 17:50,2026-09-29T18:05:16+09:00,2026/09/30,2026/12/10,2026-12,CALL,35250,30510,,,,,,,,,,,,,
2026/09/29 17:50,2026-09-29T18:05:16+09:00,2026/09/30,2026/12/10,2026-12,PUT,35250,13,,,,,,,,,,,,,
2026/09/29 17:50,2026-09-29T18:05:16+09:00,2026/09/30,2026/12/10,2026-12,CALL,35000,30760,,,,,,,,,,,,,
2026/09/29 17:50,2026-09-29T18:05:16+09:00,2026/09/30,2026/12/10,2026-12,PUT,35000,22,,,58.67,55.36,33,1,20,1,,,,,
2026/09/29 17:50,2026-09-29T18:05:16+09:00,2026/09/30,2026/12/10,2026-12,CALL,34750,31005,,,,,,,,,,,,,
2026/09/29 17:50,2026-09-29T18:05:16+09:00,2026/09/30,2026/12/10,2026-12,PUT,34750,12,,,,,,,,,,,,,
2026/09/29 17:50,2026-09-29T18:05:16+09:00,2026/09/30,2026/12/10,2026-12,CALL,34500,31255,,,,,,,,,,,,,
2026/09/29 17:50,2026-09-29T18:05:16+09:00,2026/09/30,2026/12/10,2026-12,PUT,34500,12,,,,,,,,,,,,,
2026/09/29 17:50,2026-09-29T18:05:16+09:00,2026/09/30,2026/12/10,2026-12,CALL,34250,31505,,,,,,,,,,,,,
2026/09/29 17:50,2026-09-29T18:05:16+09:00,2026/09/30,2026/12/10,2026-12,PUT,34250,11,,,,,,,,,,,,,
2026/09/29 17:50,2026-09-29T18:05:16+09:00,2026/09/30,2026/12/10,2026-12,CALL,34000,31755,,,,,,,,,,,,,
2026/09/29 17:50,2026-09-29T18:05:16+09:00,2026/09/30,2026/12/10,2026-12,PUT,34000,11,,,,44.21,,,1,20,,,,,
2026/09/29 17:50,2026-09-29T18:05:16+09:00,2026/09/30,2026/12/10,2026-12,CALL,33750,32000,,,,,,,,,,,,,
2026/09/29 17:50,2026-09-29T18:05:16+09:00,2026/09/30,2026/12/10,2026-12,PUT,33750,10,,,,,,,,,,,,,
2026/09/29 17:50,2026-09-29T18:05:16+09:00,2026/09/30,2026/12/10,2026-12,CALL,33500,32250,,,,,,,,,,,,,
2026/09/29 17:50,2026-09-29T18:05:16+09:00,2026/09/30,2026/12/10,2026-12,PUT,33500,10,,,,,,,,,,,,,
2026/09/29 17:50,2026-09-29T18:05:16+09:00,2026/09/30,2026/12/10,2026-12,CALL,33250,32500,,,,,,,,,,,,,
2026/09/29 17:50,2026-09-29T18:05:16+09:00,2026/09/30,2026/12/10,2026-12,PUT,33250,9,,,,,,,,,,,,,
2026/09/29 17:50,2026-09-29T18:05:16+09:00,2026/09/30,2026/12/10,2026-12,CALL,33000,32750,,,,,,,,,,,,,
2026/09/29 17:50,2026-09-29T18:05:16+09:00,2026/09/30,2026/12/10,2026-12,PUT,33000,15,,,,58.3,,,15,1,,,,,
2026/09/29 17:50,2026-09-29T18:05:16+09:00,2026/09/30,2026/12/10,2026-12,CALL,32750,32995,,,,,,,,,,,,,
2026/09/29 17:50,2026-09-29T18:05:16+09:00,2026/09/30,2026/12/10,2026-12,PUT,32750,8,,,,,,,,,,,,,
2026/09/29 17:50,2026-09-29T18:05:16+09:00,2026/09/30,2026/12/10,2026-12,CALL,32500,33245,,,,,,,,,,,,,
2026/09/29 17:50,2026-09-29T18:05:16+09:00,2026/09/30,2026/12/10,2026-12,PUT,32500,8,,,,,,,,,,,,,
2026/09/29 17:50,2026-09-29T18:05:16+09:00,2026/09/30,2026/12/10,2026-12,CALL,32250,33495,,,,,,,,,,,,,
2026/09/29 17:50,2026-09-29T18:05:16+09:00,2026/09/30,2026/12/10,2026-12,PUT,32250,8,,,,,,,,,,,,,
2026/09/29 17:50,2026-09-29T18:05:16+09:00,2026/09/30,2026/12/10,2026-12,CALL,32000,33745,,,,,,,,,,,,,
2026/09/29 17:50,2026-09-29T18:05:16+09:00,2026/09/30,2026/12/10,2026-12,PUT,32000,7,,,,48.07,,,1,50,,,,,
2026/09/29 17:50,2026-09-29T18:05:16+09:00,2026/09/30,2026/12/10,2026-12,CALL,31750,33995,,,,,,,,,,,,,
2026/09/29 17:50,2026-09-29T18:05:16+09:00,2026/09/30,2026/12/10,2026-12,PUT,31750,7,,,,,,,,,,,,,
2026/09/29 17:50,2026-09-29T18:05:16+09:00,2026/09/30,2026/12/10,2026-12,CALL,31500,34240,,,,,,,,,,,,,
2026/09/29 17:50,2026-09-29T18:05:16+09:00,2026/09/30,2026/12/10,2026-12,PUT,31500,6,,,,,,,,,,,,,
2026/09/29 17:50,2026-09-29T18:05:16+09:00,2026/09/30,2026/12/10,2026-12,CALL,31250,34490,,,,,,,,,,,,,
2026/09/29 17:50,2026-09-29T18:05:16+09:00,2026/09/30,2026/12/10,2026-12,PUT,31250,6,,,,,,,,,,,,,
2026/09/29 17:50,2026-09-29T18:05:16+09:00,2026/09/30,2026/12/10,2026-12,CALL,31000,34740,,,,,,,,,,,,,
2026/09/29 17:50,2026-09-29T18:05:16+09:00,2026/09/30,2026/12/10,2026-12,PUT,31000,6,,,,50.09,,,1,20,,,,,
2026/09/29 17:50,2026-09-29T18:05:16+09:00,2026/09/30,2026/12/10,2026-12,CALL,30750,34990,,,,,,,,,,,,,
2026/09/29 17:50,2026-09-29T18:05:16+09:00,2026/09/30,2026/12/10,2026-12,PUT,30750,6,,,,,,,,,,,,,
2026/09/29 17:50,2026-09-29T18:05:16+09:00,2026/09/30,2026/12/10,2026-12,CALL,30500,35240,,,,,,,,,,,,,
2026/09/29 17:50,2026-09-29T18:05:16+09:00,2026/09/30,2026/12/10,2026-12,PUT,30500,5,,,92.31,,220,1,,,,,,,
2026/09/29 17:50,2026-09-29T18:05:16+09:00,2026/09/30,2026/12/10,2026-12,CALL,30250,35485,,,,,,,,,,,,,
2026/09/29 17:50,2026-09-29T18:05:16+09:00,2026/09/30,2026/12/10,2026-12,PUT,30250,5,,,,,,,,,,,,,
2026/09/29 17:50,2026-09-29T18:05:16+09:00,2026/09/30,2026/12/10,2026-12,CALL,30000,35735,,,,,,,,,,,,,
2026/09/29 17:50,2026-09-29T18:05:16+09:00,2026/09/30,2026/12/10,2026-12,PUT,30000,13,,,68.88,63.77,23,1,11,1,,,,,
2026/09/29 17:50,2026-09-29T18:05:16+09:00,2026/09/30,2026/12/10,2026-12,CALL,29750,35985,,,,,,,,,,,,,
2026/09/29 17:50,2026-09-29T18:05:16+09:00,2026/09/30,2026/12/10,2026-12,PUT,29750,4,,,,,,,,,,,,,
2026/09/29 17:50,2026-09-29T18:05:16+09:00,2026/09/30,2026/12/10,2026-12,CALL,29500,36235,,,,,,,,,,,,,
2026/09/29 17:50,2026-09-29T18:05:16+09:00,2026/09/30,2026/12/10,2026-12,PUT,29500,4,,,,,,,,,,,,,
2026/09/29 17:50,2026-09-29T18:05:16+09:00,2026/09/30,2026/12/10,2026-12,CALL,29250,36485,,,,,,,,,,,,,
2026/09/29 17:50,2026-09-29T18:05:16+09:00,2026/09/30,2026/12/10,2026-12,PUT,29250,4,,,,,,,,,,,,,
2026/09/29 17:50,2026-09-29T18:05:16+09:00,2026/09/30,2026/12/10,2026-12,CALL,29000,36730,,,,,,,,,,,,,
2026/09/29 17:50,2026-09-29T18:05:16+09:00,2026/09/30,2026/12/10,2026-12,PUT,29000,5,,,,61.68,,,5,2,,,,,
2026/09/29 17:50,2026-09-29T18:05:16+09:00,2026/09/30,2026/12/10,2026-12,CALL,28750,36980,,,,,,,,,,,,,
2026/09/29 17:50,2026-09-29T18:05:16+09:00,2026/09/30,2026/12/10,2026-12,PUT,28750,4,,,,,,,,,,,,,
2026/09/29 17:50,2026-09-29T18:05:16+09:00,2026/09/30,2026/12/10,2026-12,CALL,28500,37230,,,,,,,,,,,,,
2026/09/29 17:50,2026-09-29T18:05:16+09:00,2026/09/30,2026/12/10,2026-12,PUT,28500,3,,,,,,,,,,,,,
2026/09/29 17:50,2026-09-29T18:05:16+09:00,2026/09/30,2026/12/10,2026-12,CALL,28250,37480,,,,,,,,,,,,,
2026/09/29 17:50,2026-09-29T18:05:16+09:00,2026/09/30,2026/12/10,2026-12,PUT,28250,3,,,,,,,,,,,,,
2026/09/29 17:50,2026-09-29T18:05:16+09:00,2026/09/30,2026/12/10,2026-12,CALL,28000,37730,,,,,,,,,,,,,
2026/09/29 17:50,2026-09-29T18:05:16+09:00,2026/09/30,2026/12/10,2026-12,PUT,28000,5,,,74.88,64.19,24,20,5,4,,,,,
2026/09/29 17:50,2026-09-29T18:05:16+09:00,2026/09/30,2026/12/10,2026-12,CALL,27750,37980,,,,,,,,,,,,,
2026/09/29 17:50,2026-09-29T18:05:16+09:00,2026/09/30,2026/12/10,2026-12,PUT,27750,3,,,,,,,,,,,,,
2026/09/29 17:50,2026-09-29T18:05:16+09:00,2026/09/30,2026/12/10,2026-12,CALL,27500,38225,,,,,,,,,,,,,
2026/09/29 17:50,2026-09-29T18:05:16+09:00,2026/09/30,2026/12/10,2026-12,PUT,27500,3,,,,,,,,,,,,,
2026/09/29 17:50,2026-09-29T18:05:16+09:00,2026/09/30,2026/12/10,2026-12,CALL,27250,38475,,,,,,,,,,,,,
2026/09/29 17:50,2026-09-29T18:05:16+09:00,2026/09/30,2026/12/10,2026-12,PUT,27250,3,,,,,,,,,,,,,
2026/09/29 17:50,2026-09-29T18:05:16+09:00,2026/09/30,2026/12/10,2026-12,CALL,27000,38725,,,,,,,,,,,,,
2026/09/29 17:50,2026-09-29T18:05:16+09:00,2026/09/30,2026/12/10,2026-12,PUT,27000,5,,,,66.78,,,5,1,,,,,
2026/09/29 17:50,2026-09-29T18:05:16+09:00,2026/09/30,2026/12/10,2026-12,CALL,26750,38975,,,,,,,,,,,,,
2026/09/29 17:50,2026-09-29T18:05:16+09:00,2026/09/30,2026/12/10,2026-12,PUT,26750,2,,,,,,,,,,,,,
2026/09/29 17:50,2026-09-29T18:05:16+09:00,2026/09/30,2026/12/10,2026-12,CALL,26500,39225,,,,,,,,,,,,,
2026/09/29 17:50,2026-09-29T18:05:16+09:00,2026/09/30,2026/12/10,2026-12,PUT,26500,2,,,,,,,,,,,,,
2026/09/29 17:50,2026-09-29T18:05:16+09:00,2026/09/30,2026/12/10,2026-12,CALL,26250,39475,,,,,,,,,,,,,
2026/09/29 17:50,2026-09-29T18:05:16+09:00,2026/09/30,2026/12/10,2026-12,PUT,26250,2,,,,,,,,,,,,,
2026/09/29 17:50,2026-09-29T18:05:16+09:00,2026/09/30,2026/12/10,2026-12,CALL,26000,39720,,,,,,,,,,,,,
2026/09/29 17:50,2026-09-29T18:05:16+09:00,2026/09/30,2026/12/10,2026-12,PUT,26000,2,,,88.27,61.26,50,1,1,20,,,,,
2026/09/29 17:50,2026-09-29T18:05:16+09:00,2026/09/30,2026/12/10,2026-12,CALL,25750,39970,,,,,,,,,,,,,
2026/09/29 17:50,2026-09-29T18:05:16+09:00,2026/09/30,2026/12/10,2026-12,PUT,25750,1,,,,,,,,,,,,,
2026/09/29 17:50,2026-09-29T18:05:16+09:00,2026/09/30,2026/12/10,2026-12,CALL,25500,40220,,,,,,,,,,,,,
2026/09/29 17:50,2026-09-29T18:05:16+09:00,2026/09/30,2026/12/10,2026-12,PUT,25500,1,,,,,,,,,,,,,
2026/09/29 17:50,2026-09-29T18:05:16+09:00,2026/09/30,2026/12/10,2026-12,CALL,25250,40470,,,,,,,,,,,,,
2026/09/29 17:50,2026-09-29T18:05:16+09:00,2026/09/30,2026/12/10,2026-12,PUT,25250,1,,,,,,,,,,,,,
2026/09/29 17:50,2026-09-29T18:05:16+09:00,2026/09/30,2026/12/10,2026-12,CALL,25000,40720,,,,,,,,,,,,,
2026/09/29 17:50,2026-09-29T18:05:16+09:00,2026/09/30,2026/12/10,2026-12,PUT,25000,5,,,80.12,72.28,15,1,5,1,,,,,
2026/09/29 17:50,2026-09-29T18:05:16+09:00,2026/09/30,2026/12/10,2026-12,CALL,24750,40970,,,,,,,,,,,,,
2026/09/29 17:50,2026-09-29T18:05:16+09:00,2026/09/30,2026/12/10,2026-12,PUT,24750,1,,,,,,,,,,,,,
2026/09/29 17:50,2026-09-29T18:05:16+09:00,2026/09/30,2026/12/10,2026-12,CALL,24500,41215,,,,,,,,,,,,,
2026/09/29 17:50,2026-09-29T18:05:16+09:00,2026/09/30,2026/12/10,2026-12,PUT,24500,1,,,,,,,,,,,,,
2026/09/29 17:50,2026-09-29T18:05:16+09:00,2026/09/30,2026/12/10,2026-12,CALL,24250,41465,,,,,,,,,,,,,
2026/09/29 17:50,2026-09-29T18:05:16+09:00,2026/09/30,2026/12/10,2026-12,PUT,24250,1,,,,,,,,,,,,,
2026/09/29 17:50,2026-09-29T18:05:16+09:00,2026/09/30,2026/12/10,2026-12,CALL,24000,41715,,,,,,,,,,,,,
2026/09/29 17:50,2026-09-29T18:05:16+09:00,2026/09/30,2026/12/10,2026-12,PUT,24000,1,,,92.83,66.35,40,1,1,30,,,,,
2026/09/29 17:50,2026-09-29T18:05:16+09:00,2026/09/30,2026/12/10,2026-12,CALL,23750,41965,,,,,,,,,,,,,
2026/09/29 17:50,2026-09-29T18:05:16+09:00,2026/09/30,2026/12/10,2026-12,PUT,23750,1,,,,,,,,,,,,,
2026/09/29 17:50,2026-09-29T18:05:16+09:00,2026/09/30,2026/12/10,2026-12,CALL,23500,42215,,,,,,,,,,,,,
2026/09/29 17:50,2026-09-29T18:05:16+09:00,2026/09/30,2026/12/10,2026-12,PUT,23500,1,,,,,,,,,,,,,
2026/09/29 17:50,2026-09-29T18:05:16+09:00,2026/09/30,2026/12/10,2026-12,CALL,23250,42465,,,,,,,,,,,,,
2026/09/29 17:50,2026-09-29T18:05:16+09:00,2026/09/30,2026/12/10,2026-12,PUT,23250,1,,,,,,,,,,,,,
2026/09/29 17:50,2026-09-29T18:05:16+09:00,2026/09/30,2026/12/10,2026-12,CALL,23000,42715,,,,,,,,,,,,,
2026/09/29 17:50,2026-09-29T18:05:16+09:00,2026/09/30,2026/12/10,2026-12,PUT,23000,2,,,,72.64,,,2,1,,,,,
2026/09/29 17:50,2026-09-29T18:05:16+09:00,2026/09/30,2026/12/10,2026-12,CALL,22750,42960,,,,,,,,,,,,,
2026/09/29 17:50,2026-09-29T18:05:16+09:00,2026/09/30,2026/12/10,2026-12,PUT,22750,1,,,,,,,,,,,,,
2026/09/29 17:50,2026-09-29T18:05:16+09:00,2026/09/30,2026/12/10,2026-12,CALL,22500,43210,,,,,,,,,,,,,
2026/09/29 17:50,2026-09-29T18:05:16+09:00,2026/09/30,2026/12/10,2026-12,PUT,22500,1,,,,,,,,,,,,,
2026/09/29 17:50,2026-09-29T18:05:16+09:00,2026/09/30,2026/12/10,2026-12,CALL,22250,43460,,,,,,,,,,,,,
2026/09/29 17:50,2026-09-29T18:05:16+09:00,2026/09/30,2026/12/10,2026-12,PUT,22250,1,,,,,,,,,,,,,
2026/09/29 17:50,2026-09-29T18:05:16+09:00,2026/09/30,2026/12/10,2026-12,CALL,22000,43710,,,,,,,,,,,,,
2026/09/29 17:50,2026-09-29T18:05:16+09:00,2026/09/30,2026/12/10,2026-12,PUT,22000,3,,,86.67,78.04,10,5,3,1,,,,,
2026/09/29 17:50,2026-09-29T18:05:16+09:00,2026/09/30,2026/12/10,2026-12,CALL,21750,43960,,,,,,,,,,,,,
2026/09/29 17:50,2026-09-29T18:05:16+09:00,2026/09/30,2026/12/10,2026-12,PUT,21750,1,,,,,,,,,,,,,
2026/09/29 17:50,2026-09-29T18:05:16+09:00,2026/09/30,2026/12/10,2026-12,CALL,21500,44210,,,,,,,,,,,,,
2026/09/29 17:50,2026-09-29T18:05:16+09:00,2026/09/30,2026/12/10,2026-12,PUT,21500,1,,,,,,,,,,,,,
2026/09/29 17:50,2026-09-29T18:05:16+09:00,2026/09/30,2026/12/10,2026-12,CALL,21250,44460,,,,,,,,,,,,,
2026/09/29 17:50,2026-09-29T18:05:16+09:00,2026/09/30,2026/12/10,2026-12,PUT,21250,1,,,,,,,,,,,,,
2026/09/29 17:50,2026-09-29T18:05:16+09:00,2026/09/30,2026/12/10,2026-12,CALL,21000,44705,,,,,,,,,,,,,
2026/09/29 17:50,2026-09-29T18:05:16+09:00,2026/09/30,2026/12/10,2026-12,PUT,21000,2,,,,,,,,,,,,,
2026/09/29 17:50,2026-09-29T18:05:16+09:00,2026/09/30,2026/12/10,2026-12,CALL,20750,44955,,,,,,,,,,,,,
2026/09/29 17:50,2026-09-29T18:05:16+09:00,2026/09/30,2026/12/10,2026-12,PUT,20750,1,,,,,,,,,,,,,
2026/09/29 17:50,2026-09-29T18:05:16+09:00,2026/09/30,2026/12/10,2026-12,CALL,20500,45205,,,,,,,,,,,,,
2026/09/29 17:50,2026-09-29T18:05:16+09:00,2026/09/30,2026/12/10,2026-12,PUT,20500,1,,,,,,,,,,,,,
2026/09/29 17:50,2026-09-29T18:05:16+09:00,2026/09/30,2026/12/10,2026-12,CALL,20250,45455,,,,,,,,,,,,,
2026/09/29 17:50,2026-09-29T18:05:16+09:00,2026/09/30,2026/12/10,2026-12,PUT,20250,1,,,,,,,,,,,,,
2026/09/29 17:50,2026-09-29T18:05:16+09:00,2026/09/30,2026/12/10,2026-12,CALL,20000,45705,,,,,,,,,,,,,
2026/09/29 17:50,2026-09-29T18:05:16+09:00,2026/09/30,2026/12/10,2026-12,PUT,20000,4,,5,92.99,86.6,9,12,4,10,88.17,1,25,5,09/29 17:03
