qri_update_time,collected_at,trading_day,last_trading_day,contract,option_type,strike,settlement,open_interest,volume,ask_iv,bid_iv,ask_price,ask_quantity,bid_price,bid_quantity,iv,change,change_percent,last_price,trade_time
2026/09/15 20:55,2026-09-15T21:10:55+09:00,2026/09/16,2026/10/08,2026-10,CALL,80000,2,,1,29.8,28.16,2,86,1,140,29.84,1,100,2,09/15 20:43
2026/09/15 20:55,2026-09-15T21:10:55+09:00,2026/09/16,2026/10/08,2026-10,PUT,80000,16810,,,,,,,,,,,,,
2026/09/15 20:55,2026-09-15T21:10:55+09:00,2026/09/16,2026/10/08,2026-10,CALL,79500,2,,,30.13,27.46,3,8,1,25,,,,,
2026/09/15 20:55,2026-09-15T21:10:55+09:00,2026/09/16,2026/10/08,2026-10,PUT,79500,16310,,,,,,,,,,,,,
2026/09/15 20:55,2026-09-15T21:10:55+09:00,2026/09/16,2026/10/08,2026-10,CALL,79000,2,,,28.33,26.75,2,14,1,131,,,,,
2026/09/15 20:55,2026-09-15T21:10:55+09:00,2026/09/16,2026/10/08,2026-10,PUT,79000,15810,,,,,,,,,,,,,
2026/09/15 20:55,2026-09-15T21:10:55+09:00,2026/09/16,2026/10/08,2026-10,CALL,78500,2,,,27.58,26.04,2,1,1,150,,,,,
2026/09/15 20:55,2026-09-15T21:10:55+09:00,2026/09/16,2026/10/08,2026-10,PUT,78500,15310,,,,,,,,,,,,,
2026/09/15 20:55,2026-09-15T21:10:55+09:00,2026/09/16,2026/10/08,2026-10,CALL,78000,3,,3,27.82,26.82,3,81,2,53,28.89,0,0,3,09/15 17:43
2026/09/15 20:55,2026-09-15T21:10:55+09:00,2026/09/16,2026/10/08,2026-10,PUT,78000,14810,,,,,,,,,,,,,
2026/09/15 20:55,2026-09-15T21:10:55+09:00,2026/09/16,2026/10/08,2026-10,CALL,77500,4,,1,27.03,26.06,3,7,2,51,27.1,-1,-25,3,09/15 20:24
2026/09/15 20:55,2026-09-15T21:10:55+09:00,2026/09/16,2026/10/08,2026-10,PUT,77500,14315,,,,,,,,,,,,,
2026/09/15 20:55,2026-09-15T21:10:55+09:00,2026/09/16,2026/10/08,2026-10,CALL,77000,4,,,26.97,26.24,4,39,3,19,,,,,
2026/09/15 20:55,2026-09-15T21:10:55+09:00,2026/09/16,2026/10/08,2026-10,PUT,77000,13815,,,,,,,,,,,,,
2026/09/15 20:55,2026-09-15T21:10:55+09:00,2026/09/16,2026/10/08,2026-10,CALL,76500,5,,,26.15,25.44,4,2,3,36,,,,,
2026/09/15 20:55,2026-09-15T21:10:55+09:00,2026/09/16,2026/10/08,2026-10,PUT,76500,13315,,,,,,,,,,,,,
2026/09/15 20:55,2026-09-15T21:10:55+09:00,2026/09/16,2026/10/08,2026-10,CALL,76250,5,,,26.32,25.03,5,20,3,41,,,,,
2026/09/15 20:55,2026-09-15T21:10:55+09:00,2026/09/16,2026/10/08,2026-10,PUT,76250,13065,,,,,,,,,,,,,
2026/09/15 20:55,2026-09-15T21:10:55+09:00,2026/09/16,2026/10/08,2026-10,CALL,76000,5,,5,25.89,25.32,5,3,4,22,25.99,0,0,5,09/15 19:59
2026/09/15 20:55,2026-09-15T21:10:55+09:00,2026/09/16,2026/10/08,2026-10,PUT,76000,12815,,,,,,,,,,,,,
2026/09/15 20:55,2026-09-15T21:10:55+09:00,2026/09/16,2026/10/08,2026-10,CALL,75750,6,,,25.96,24.9,6,20,4,20,,,,,
2026/09/15 20:55,2026-09-15T21:10:55+09:00,2026/09/16,2026/10/08,2026-10,PUT,75750,12565,,,,,,,,,,,,,
2026/09/15 20:55,2026-09-15T21:10:55+09:00,2026/09/16,2026/10/08,2026-10,CALL,75500,7,,,25.95,25.04,7,23,5,20,,,,,
2026/09/15 20:55,2026-09-15T21:10:55+09:00,2026/09/16,2026/10/08,2026-10,PUT,75500,12320,,,,,,,,,,,,,
2026/09/15 20:55,2026-09-15T21:10:55+09:00,2026/09/16,2026/10/08,2026-10,CALL,75250,7,,,25.51,24.61,7,16,5,20,,,,,
2026/09/15 20:55,2026-09-15T21:10:55+09:00,2026/09/16,2026/10/08,2026-10,PUT,75250,12070,,,,,,,,,,,,,
2026/09/15 20:55,2026-09-15T21:10:55+09:00,2026/09/16,2026/10/08,2026-10,CALL,75000,8,,14,25.43,25.06,8,28,7,1,25.03,0,0,7,09/15 20:19
2026/09/15 20:55,2026-09-15T21:10:55+09:00,2026/09/16,2026/10/08,2026-10,PUT,75000,11820,,,,,,,,,,,,,
2026/09/15 20:55,2026-09-15T21:10:55+09:00,2026/09/16,2026/10/08,2026-10,CALL,74750,8,,,25.32,24.62,9,20,7,20,,,,,
2026/09/15 20:55,2026-09-15T21:10:55+09:00,2026/09/16,2026/10/08,2026-10,PUT,74750,11570,,,,,,,,,,,,,
2026/09/15 20:55,2026-09-15T21:10:55+09:00,2026/09/16,2026/10/08,2026-10,CALL,74500,10,,1,25.45,24.53,11,23,8,23,25.92,-3,-25,9,09/15 18:41
2026/09/15 20:55,2026-09-15T21:10:55+09:00,2026/09/16,2026/10/08,2026-10,PUT,74500,11320,,,,,,,,,,,,,
2026/09/15 20:55,2026-09-15T21:10:55+09:00,2026/09/16,2026/10/08,2026-10,CALL,74250,11,,1,25.24,24.4,12,5,9,5,25.13,0,0,11,09/15 20:04
2026/09/15 20:55,2026-09-15T21:10:55+09:00,2026/09/16,2026/10/08,2026-10,PUT,74250,11075,,,,,,,,,,,,,
2026/09/15 20:55,2026-09-15T21:10:55+09:00,2026/09/16,2026/10/08,2026-10,CALL,74000,12,,32,24.77,24.51,12,1,11,11,24.77,0,0,12,09/15 20:53
2026/09/15 20:55,2026-09-15T21:10:55+09:00,2026/09/16,2026/10/08,2026-10,PUT,74000,10825,,,,,,,,,,,,,
2026/09/15 20:55,2026-09-15T21:10:55+09:00,2026/09/16,2026/10/08,2026-10,CALL,73750,13,,1,24.97,22.42,15,5,6,28,24.57,0,0,13,09/15 20:16
2026/09/15 20:55,2026-09-15T21:10:55+09:00,2026/09/16,2026/10/08,2026-10,PUT,73750,10575,,,,,,,,,,,,,
2026/09/15 20:55,2026-09-15T21:10:55+09:00,2026/09/16,2026/10/08,2026-10,CALL,73500,15,,1,24.68,24.04,16,1,13,8,24.41,0,0,15,09/15 20:18
2026/09/15 20:55,2026-09-15T21:10:55+09:00,2026/09/16,2026/10/08,2026-10,PUT,73500,10330,,,,,,,,,,,,,
2026/09/15 20:55,2026-09-15T21:10:55+09:00,2026/09/16,2026/10/08,2026-10,CALL,73250,18,,,25.08,22.81,21,28,10,28,,,,,
2026/09/15 20:55,2026-09-15T21:10:55+09:00,2026/09/16,2026/10/08,2026-10,PUT,73250,10080,,,,,,,,,,,,,
2026/09/15 20:55,2026-09-15T21:10:55+09:00,2026/09/16,2026/10/08,2026-10,CALL,73000,20,,18,24.56,23.87,21,12,17,57,24.28,-1,-5,19,09/15 20:43
2026/09/15 20:55,2026-09-15T21:10:55+09:00,2026/09/16,2026/10/08,2026-10,PUT,73000,9835,,,,,,,,,,,,,
2026/09/15 20:55,2026-09-15T21:10:55+09:00,2026/09/16,2026/10/08,2026-10,CALL,72750,22,,,24.5,22.98,24,5,15,28,,,,,
2026/09/15 20:55,2026-09-15T21:10:55+09:00,2026/09/16,2026/10/08,2026-10,PUT,72750,9585,,,,,,,,,,,,,
2026/09/15 20:55,2026-09-15T21:10:55+09:00,2026/09/16,2026/10/08,2026-10,CALL,72500,25,,10,24.51,23.82,28,36,23,8,24.27,-3,-10.71,25,09/15 20:04
2026/09/15 20:55,2026-09-15T21:10:55+09:00,2026/09/16,2026/10/08,2026-10,PUT,72500,9340,,,,,,,,,,,,,
2026/09/15 20:55,2026-09-15T21:10:55+09:00,2026/09/16,2026/10/08,2026-10,CALL,72250,28,,,24.46,22.68,32,5,19,28,,,,,
2026/09/15 20:55,2026-09-15T21:10:55+09:00,2026/09/16,2026/10/08,2026-10,PUT,72250,9090,,,32.43,,8840,7,8535,1,,,,,
2026/09/15 20:55,2026-09-15T21:10:55+09:00,2026/09/16,2026/10/08,2026-10,CALL,72125,31,,,24.94,22.42,39,23,19,23,,,,,
2026/09/15 20:55,2026-09-15T21:10:55+09:00,2026/09/16,2026/10/08,2026-10,PUT,72125,8970,,,32.33,,8720,6,8295,1,,,,,
2026/09/15 20:55,2026-09-15T21:10:55+09:00,2026/09/16,2026/10/08,2026-10,CALL,72000,33,,24,24.13,23.78,34,2,31,12,24.07,0,0,34,09/15 20:51
2026/09/15 20:55,2026-09-15T21:10:55+09:00,2026/09/16,2026/10/08,2026-10,PUT,72000,8845,,,31.99,,8595,18,8300,1,,,,,
2026/09/15 20:55,2026-09-15T21:10:55+09:00,2026/09/16,2026/10/08,2026-10,CALL,71875,35,,,24.76,22.34,43,23,22,23,,,,,
2026/09/15 20:55,2026-09-15T21:10:55+09:00,2026/09/16,2026/10/08,2026-10,PUT,71875,8725,,,31.87,,8475,6,8045,1,,,,,
2026/09/15 20:55,2026-09-15T21:10:55+09:00,2026/09/16,2026/10/08,2026-10,CALL,71750,36,,,24.65,22.62,45,27,26,27,,,,,
2026/09/15 20:55,2026-09-15T21:10:55+09:00,2026/09/16,2026/10/08,2026-10,PUT,71750,8600,,,31.53,,8350,7,7855,6,,,,,
2026/09/15 20:55,2026-09-15T21:10:55+09:00,2026/09/16,2026/10/08,2026-10,CALL,71625,40,,,24.27,23.79,44,17,39,25,,,,,
2026/09/15 20:55,2026-09-15T21:10:55+09:00,2026/09/16,2026/10/08,2026-10,PUT,71625,8480,,,31.4,,8230,6,7895,1,,,,,
2026/09/15 20:55,2026-09-15T21:10:55+09:00,2026/09/16,2026/10/08,2026-10,CALL,71500,43,,5,24.16,23.79,46,8,42,8,23.89,3,7.69,42,09/15 20:38
2026/09/15 20:55,2026-09-15T21:10:55+09:00,2026/09/16,2026/10/08,2026-10,PUT,71500,8355,,,31.06,,8105,12,7670,1,,,,,
2026/09/15 20:55,2026-09-15T21:10:55+09:00,2026/09/16,2026/10/08,2026-10,CALL,71375,44,,,24.2,23.86,50,17,46,4,,,,,
2026/09/15 20:55,2026-09-15T21:10:55+09:00,2026/09/16,2026/10/08,2026-10,PUT,71375,8235,,,30.92,,7985,6,7640,5,,,,,
2026/09/15 20:55,2026-09-15T21:10:55+09:00,2026/09/16,2026/10/08,2026-10,CALL,71250,49,,1,24.15,23.74,53,5,48,15,24.91,-8,-16,42,09/15 18:02
2026/09/15 20:55,2026-09-15T21:10:55+09:00,2026/09/16,2026/10/08,2026-10,PUT,71250,8115,,,30.78,,7865,7,7480,1,,,,,
2026/09/15 20:55,2026-09-15T21:10:55+09:00,2026/09/16,2026/10/08,2026-10,CALL,71125,49,,,24.15,23.84,57,17,53,4,,,,,
2026/09/15 20:55,2026-09-15T21:10:55+09:00,2026/09/16,2026/10/08,2026-10,PUT,71125,7990,,,30.42,,7740,6,7335,1,,,,,
2026/09/15 20:55,2026-09-15T21:10:55+09:00,2026/09/16,2026/10/08,2026-10,CALL,71000,57,,18,24.07,23.85,60,11,57,1,24.01,3,5.26,60,09/15 20:51
2026/09/15 20:55,2026-09-15T21:10:55+09:00,2026/09/16,2026/10/08,2026-10,PUT,71000,7870,,,30.27,,7620,18,7105,1,,,,,
2026/09/15 20:55,2026-09-15T21:10:55+09:00,2026/09/16,2026/10/08,2026-10,CALL,70875,57,,,24.11,23.76,65,16,60,9,,,,,
2026/09/15 20:55,2026-09-15T21:10:55+09:00,2026/09/16,2026/10/08,2026-10,PUT,70875,7745,,,29.91,,7495,6,7010,1,,,,,
2026/09/15 20:55,2026-09-15T21:10:55+09:00,2026/09/16,2026/10/08,2026-10,CALL,70750,64,,,24.19,23.8,71,20,65,5,,,,,
2026/09/15 20:55,2026-09-15T21:10:55+09:00,2026/09/16,2026/10/08,2026-10,PUT,70750,7625,,,29.74,,7375,7,6900,1,,,,,
2026/09/15 20:55,2026-09-15T21:10:55+09:00,2026/09/16,2026/10/08,2026-10,CALL,70625,68,,,24.13,23.75,75,4,69,4,,,,,
2026/09/15 20:55,2026-09-15T21:10:55+09:00,2026/09/16,2026/10/08,2026-10,PUT,70625,7505,,,29.57,,7255,6,6995,1,,,,,
2026/09/15 20:55,2026-09-15T21:10:55+09:00,2026/09/16,2026/10/08,2026-10,CALL,70500,74,,1,24.11,23.74,80,32,74,15,24.84,-11,-14.86,63,09/15 18:02
2026/09/15 20:55,2026-09-15T21:10:55+09:00,2026/09/16,2026/10/08,2026-10,PUT,70500,7385,,,29.39,,7135,12,6870,1,,,,,
2026/09/15 20:55,2026-09-15T21:10:55+09:00,2026/09/16,2026/10/08,2026-10,CALL,70375,75,,,24.13,23.78,86,4,80,2,,,,,
2026/09/15 20:55,2026-09-15T21:10:55+09:00,2026/09/16,2026/10/08,2026-10,PUT,70375,7265,,,29.2,,7015,5,6610,1,,,,,
2026/09/15 20:55,2026-09-15T21:10:55+09:00,2026/09/16,2026/10/08,2026-10,CALL,70250,83,,2,24.07,23.8,91,5,86,3,23.97,3,3.53,88,09/15 20:16
2026/09/15 20:55,2026-09-15T21:10:55+09:00,2026/09/16,2026/10/08,2026-10,PUT,70250,7145,,,29.01,,6895,7,6415,1,,,,,
2026/09/15 20:55,2026-09-15T21:10:55+09:00,2026/09/16,2026/10/08,2026-10,CALL,70125,84,,,24.11,23.79,98,14,92,3,,,,,
2026/09/15 20:55,2026-09-15T21:10:55+09:00,2026/09/16,2026/10/08,2026-10,PUT,70125,7025,,,28.81,,6775,6,6275,5,,,,,
2026/09/15 20:55,2026-09-15T21:10:55+09:00,2026/09/16,2026/10/08,2026-10,CALL,70000,94,,60,24.07,23.77,104,9,98,3,23.95,4,4.08,102,09/15 20:47
2026/09/15 20:55,2026-09-15T21:10:55+09:00,2026/09/16,2026/10/08,2026-10,PUT,70000,6905,,,28.6,,6655,18,6205,1,,,,,
2026/09/15 20:55,2026-09-15T21:10:55+09:00,2026/09/16,2026/10/08,2026-10,CALL,69875,97,,,24.06,23.77,111,3,105,3,,,,,
2026/09/15 20:55,2026-09-15T21:10:55+09:00,2026/09/16,2026/10/08,2026-10,PUT,69875,6785,,,28.39,,6535,6,6240,1,,,,,
2026/09/15 20:55,2026-09-15T21:10:55+09:00,2026/09/16,2026/10/08,2026-10,CALL,69750,107,,,24.09,23.71,119,3,111,3,,,,,
2026/09/15 20:55,2026-09-15T21:10:55+09:00,2026/09/16,2026/10/08,2026-10,PUT,69750,6670,,,28.34,,6420,7,5975,1,,,,,
2026/09/15 20:55,2026-09-15T21:10:55+09:00,2026/09/16,2026/10/08,2026-10,CALL,69625,111,,,24.08,23.77,127,3,120,3,,,,,
2026/09/15 20:55,2026-09-15T21:10:55+09:00,2026/09/16,2026/10/08,2026-10,PUT,69625,6550,,,28.11,,6300,6,5805,5,,,,,
2026/09/15 20:55,2026-09-15T21:10:55+09:00,2026/09/16,2026/10/08,2026-10,CALL,69500,120,,4,24.02,23.77,134,6,128,15,23.94,-5,-4.17,115,09/15 19:24
2026/09/15 20:55,2026-09-15T21:10:55+09:00,2026/09/16,2026/10/08,2026-10,PUT,69500,6435,,,28.04,,6185,12,5840,1,,,,,
2026/09/15 20:55,2026-09-15T21:10:55+09:00,2026/09/16,2026/10/08,2026-10,CALL,69375,125,,,24.11,23.78,145,11,137,10,,,,,
2026/09/15 20:55,2026-09-15T21:10:55+09:00,2026/09/16,2026/10/08,2026-10,PUT,69375,6315,,,27.79,,6065,6,5680,1,,,,,
2026/09/15 20:55,2026-09-15T21:10:55+09:00,2026/09/16,2026/10/08,2026-10,CALL,69250,138,,,24.09,23.81,154,3,147,2,,,,,
2026/09/15 20:55,2026-09-15T21:10:55+09:00,2026/09/16,2026/10/08,2026-10,PUT,69250,6200,,,27.7,19.28,5950,6,5745,1,,,,,
2026/09/15 20:55,2026-09-15T21:10:55+09:00,2026/09/16,2026/10/08,2026-10,CALL,69125,143,,,24.13,23.83,165,3,157,2,,,,,
2026/09/15 20:55,2026-09-15T21:10:55+09:00,2026/09/16,2026/10/08,2026-10,PUT,69125,6085,,,27.59,,5835,6,5515,1,,,,,
2026/09/15 20:55,2026-09-15T21:10:55+09:00,2026/09/16,2026/10/08,2026-10,CALL,69000,157,,48,24.07,23.85,174,6,168,2,23.92,1,0.59,170,09/15 20:45
2026/09/15 20:55,2026-09-15T21:10:55+09:00,2026/09/16,2026/10/08,2026-10,PUT,69000,5970,,,27.47,,5720,18,5210,1,,,,,
2026/09/15 20:55,2026-09-15T21:10:55+09:00,2026/09/16,2026/10/08,2026-10,CALL,68875,165,,,24.13,23.86,187,3,179,3,,,,,
2026/09/15 20:55,2026-09-15T21:10:55+09:00,2026/09/16,2026/10/08,2026-10,PUT,68875,5855,,,27.33,,5605,8,5155,3,,,,,
2026/09/15 20:55,2026-09-15T21:10:55+09:00,2026/09/16,2026/10/08,2026-10,CALL,68750,177,,,24.14,23.87,199,3,191,3,,,,,
2026/09/15 20:55,2026-09-15T21:10:55+09:00,2026/09/16,2026/10/08,2026-10,PUT,68750,5740,,,27.19,,5490,8,5040,2,,,,,
2026/09/15 20:55,2026-09-15T21:10:55+09:00,2026/09/16,2026/10/08,2026-10,CALL,68625,187,,,24.16,23.9,212,3,204,3,,,,,
2026/09/15 20:55,2026-09-15T21:10:55+09:00,2026/09/16,2026/10/08,2026-10,PUT,68625,5625,,,27.03,,5375,8,4915,3,,,,,
2026/09/15 20:55,2026-09-15T21:10:55+09:00,2026/09/16,2026/10/08,2026-10,CALL,68500,201,,12,24.22,23.91,227,6,217,2,23.96,23,11.79,218,09/15 20:09
2026/09/15 20:55,2026-09-15T21:10:55+09:00,2026/09/16,2026/10/08,2026-10,PUT,68500,5510,,,26.74,,5255,1,4865,2,,,,,
2026/09/15 20:55,2026-09-15T21:10:55+09:00,2026/09/16,2026/10/08,2026-10,CALL,68375,212,,,24.22,23.95,241,3,232,2,,,,,
2026/09/15 20:55,2026-09-15T21:10:55+09:00,2026/09/16,2026/10/08,2026-10,PUT,68375,5400,,,26.82,,5150,8,4715,8,,,,,
2026/09/15 20:55,2026-09-15T21:10:55+09:00,2026/09/16,2026/10/08,2026-10,CALL,68250,227,,,24.23,23.97,256,2,247,2,,,,,
2026/09/15 20:55,2026-09-15T21:10:55+09:00,2026/09/16,2026/10/08,2026-10,PUT,68250,5285,,,26.63,,5035,8,4625,2,,,,,
2026/09/15 20:55,2026-09-15T21:10:55+09:00,2026/09/16,2026/10/08,2026-10,CALL,68125,239,,,24.33,23.97,275,2,262,2,,,,,
2026/09/15 20:55,2026-09-15T21:10:55+09:00,2026/09/16,2026/10/08,2026-10,PUT,68125,5175,,,26.56,17.36,4925,8,4640,3,,,,,
2026/09/15 20:55,2026-09-15T21:10:55+09:00,2026/09/16,2026/10/08,2026-10,CALL,68000,256,,14,24.28,24.17,289,6,285,1,24.26,-1,-0.39,255,09/15 19:30
2026/09/15 20:55,2026-09-15T21:10:55+09:00,2026/09/16,2026/10/08,2026-10,PUT,68000,5065,,,26.35,21.72,4810,4,4640,5,,,,,
2026/09/15 20:55,2026-09-15T21:10:55+09:00,2026/09/16,2026/10/08,2026-10,CALL,67875,268,,,24.38,24.04,310,14,297,4,,,,,
2026/09/15 20:55,2026-09-15T21:10:55+09:00,2026/09/16,2026/10/08,2026-10,PUT,67875,4955,,,26.37,17.12,4705,8,4400,3,,,,,
2026/09/15 20:55,2026-09-15T21:10:55+09:00,2026/09/16,2026/10/08,2026-10,CALL,67750,289,,,24.44,24.06,330,6,315,4,,,,,
2026/09/15 20:55,2026-09-15T21:10:55+09:00,2026/09/16,2026/10/08,2026-10,PUT,67750,4845,,,26.25,18,4595,8,4305,2,,,,,
2026/09/15 20:55,2026-09-15T21:10:55+09:00,2026/09/16,2026/10/08,2026-10,CALL,67625,310,,,24.47,24.1,350,4,335,2,,,,,
2026/09/15 20:55,2026-09-15T21:10:55+09:00,2026/09/16,2026/10/08,2026-10,PUT,67625,4750,,,26.46,22.03,4500,8,4320,3,,,,,
2026/09/15 20:55,2026-09-15T21:10:55+09:00,2026/09/16,2026/10/08,2026-10,CALL,67500,325,,1,24.47,24.12,370,4,355,8,24.95,-57,-16.29,293,09/15 17:55
2026/09/15 20:55,2026-09-15T21:10:55+09:00,2026/09/16,2026/10/08,2026-10,PUT,67500,4630,,,25.97,16,4375,1,4025,2,,,,,
2026/09/15 20:55,2026-09-15T21:10:55+09:00,2026/09/16,2026/10/08,2026-10,CALL,67375,345,,,24.46,24.23,390,2,380,4,,,,,
2026/09/15 20:55,2026-09-15T21:10:55+09:00,2026/09/16,2026/10/08,2026-10,PUT,67375,4525,,,26.03,19.89,4275,8,4025,3,,,,,
2026/09/15 20:55,2026-09-15T21:10:55+09:00,2026/09/16,2026/10/08,2026-10,CALL,67250,365,,2,24.54,24.2,415,4,400,6,25.18,-45,-12.33,320,09/15 17:04
2026/09/15 20:55,2026-09-15T21:10:55+09:00,2026/09/16,2026/10/08,2026-10,PUT,67250,4425,,,26.07,16.61,4175,8,3810,2,,,,,
2026/09/15 20:55,2026-09-15T21:10:55+09:00,2026/09/16,2026/10/08,2026-10,CALL,67125,385,,,24.59,24.26,440,2,425,3,,,,,
2026/09/15 20:55,2026-09-15T21:10:55+09:00,2026/09/16,2026/10/08,2026-10,PUT,67125,4320,,,25.98,16.21,4070,8,3685,8,,,,,
2026/09/15 20:55,2026-09-15T21:10:55+09:00,2026/09/16,2026/10/08,2026-10,CALL,67000,410,,18,24.62,24.3,465,4,450,7,24.44,20,4.71,445,09/15 20:07
2026/09/15 20:55,2026-09-15T21:10:55+09:00,2026/09/16,2026/10/08,2026-10,PUT,67000,4215,,,31.04,22.76,4230,22,3820,7,,,,,
2026/09/15 20:55,2026-09-15T21:10:55+09:00,2026/09/16,2026/10/08,2026-10,CALL,66875,430,,,24.73,24.32,495,2,475,3,,,,,
2026/09/15 20:55,2026-09-15T21:10:55+09:00,2026/09/16,2026/10/08,2026-10,PUT,66875,4115,,,25.85,18.12,3865,3,3525,3,,,,,
2026/09/15 20:55,2026-09-15T21:10:55+09:00,2026/09/16,2026/10/08,2026-10,CALL,66750,460,,,24.72,24.41,520,4,505,5,,,,,
2026/09/15 20:55,2026-09-15T21:10:55+09:00,2026/09/16,2026/10/08,2026-10,PUT,66750,4015,,,28.98,17.94,3930,8,3410,7,,,,,
2026/09/15 20:55,2026-09-15T21:10:55+09:00,2026/09/16,2026/10/08,2026-10,CALL,66625,485,,,24.78,24.48,550,2,535,2,,,,,
2026/09/15 20:55,2026-09-15T21:10:55+09:00,2026/09/16,2026/10/08,2026-10,PUT,66625,3910,,,30.42,18.49,3915,8,3325,7,,,,,
2026/09/15 20:55,2026-09-15T21:10:55+09:00,2026/09/16,2026/10/08,2026-10,CALL,66500,510,,2,24.82,24.62,580,4,570,4,24.78,-5,-1,495,09/15 19:00
2026/09/15 20:55,2026-09-15T21:10:55+09:00,2026/09/16,2026/10/08,2026-10,PUT,66500,3815,,,30.28,18.73,3815,3,3230,2,,,,,
2026/09/15 20:55,2026-09-15T21:10:55+09:00,2026/09/16,2026/10/08,2026-10,CALL,66375,535,,,24.93,24.45,615,2,590,3,,,,,
2026/09/15 20:55,2026-09-15T21:10:55+09:00,2026/09/16,2026/10/08,2026-10,PUT,66375,3720,,,30.12,19.25,3715,8,3150,7,,,,,
2026/09/15 20:55,2026-09-15T21:10:55+09:00,2026/09/16,2026/10/08,2026-10,CALL,66250,570,,,25.01,24.73,650,5,635,5,,,,,
2026/09/15 20:55,2026-09-15T21:10:55+09:00,2026/09/16,2026/10/08,2026-10,PUT,66250,3625,,,30.04,22.54,3620,8,3210,2,,,,,
2026/09/15 20:55,2026-09-15T21:10:55+09:00,2026/09/16,2026/10/08,2026-10,CALL,66125,600,,,25.07,24.52,685,2,655,3,,,,,
2026/09/15 20:55,2026-09-15T21:10:55+09:00,2026/09/16,2026/10/08,2026-10,PUT,66125,3530,,,29.85,20,3520,8,2985,7,,,,,
2026/09/15 20:55,2026-09-15T21:10:55+09:00,2026/09/16,2026/10/08,2026-10,CALL,66000,635,,19,25.11,24.84,720,4,705,7,24.92,55,8.33,715,09/15 20:51
2026/09/15 20:55,2026-09-15T21:10:55+09:00,2026/09/16,2026/10/08,2026-10,PUT,66000,3440,,,29.57,24.21,3415,22,3110,18,,,,,
2026/09/15 20:55,2026-09-15T21:10:55+09:00,2026/09/16,2026/10/08,2026-10,CALL,65875,660,,,25.3,24.77,765,3,735,3,,,,,
2026/09/15 20:55,2026-09-15T21:10:55+09:00,2026/09/16,2026/10/08,2026-10,PUT,65875,3345,,,29.61,23.61,3330,8,2985,7,,,,,
2026/09/15 20:55,2026-09-15T21:10:55+09:00,2026/09/16,2026/10/08,2026-10,CALL,65750,705,,,25.38,24.94,805,4,780,5,,,,,
2026/09/15 20:55,2026-09-15T21:10:55+09:00,2026/09/16,2026/10/08,2026-10,PUT,65750,3260,,,29.54,23.01,3240,8,2860,7,,,,,
2026/09/15 20:55,2026-09-15T21:10:55+09:00,2026/09/16,2026/10/08,2026-10,CALL,65625,735,,,25.35,24.75,840,2,805,3,,,,,
2026/09/15 20:55,2026-09-15T21:10:55+09:00,2026/09/16,2026/10/08,2026-10,PUT,65625,3165,,,29.38,24.31,3145,8,2845,1,,,,,
2026/09/15 20:55,2026-09-15T21:10:55+09:00,2026/09/16,2026/10/08,2026-10,CALL,65500,790,,3,25.38,25.12,880,4,865,20,25.32,70,8.86,860,09/15 20:30
2026/09/15 20:55,2026-09-15T21:10:55+09:00,2026/09/16,2026/10/08,2026-10,PUT,65500,3085,,,29.04,23.68,3040,17,2720,5,,,,,
2026/09/15 20:55,2026-09-15T21:10:55+09:00,2026/09/16,2026/10/08,2026-10,CALL,65375,810,,,25.47,24.89,925,2,890,3,,,,,
2026/09/15 20:55,2026-09-15T21:10:55+09:00,2026/09/16,2026/10/08,2026-10,PUT,65375,2995,,,29.17,24.38,2965,8,2675,7,,,,,
2026/09/15 20:55,2026-09-15T21:10:55+09:00,2026/09/16,2026/10/08,2026-10,CALL,65250,860,,,25.54,25.21,970,4,950,5,,,,,
2026/09/15 20:55,2026-09-15T21:10:55+09:00,2026/09/16,2026/10/08,2026-10,PUT,65250,2915,,,29.21,23.72,2885,8,2550,7,,,,,
2026/09/15 20:55,2026-09-15T21:10:55+09:00,2026/09/16,2026/10/08,2026-10,CALL,65125,890,,,25.75,25.01,1025,10,980,3,,,,,
2026/09/15 20:55,2026-09-15T21:10:55+09:00,2026/09/16,2026/10/08,2026-10,PUT,65125,2825,,,29.06,22.63,2795,8,2400,2,,,,,
2026/09/15 20:55,2026-09-15T21:10:55+09:00,2026/09/16,2026/10/08,2026-10,CALL,65000,945,,5,25.77,25.2,1070,2,1035,5,25.5,95,10.05,1040,09/15 20:36
2026/09/15 20:55,2026-09-15T21:10:55+09:00,2026/09/16,2026/10/08,2026-10,PUT,65000,2750,,1,26.57,24.31,2560,8,2420,8,25.4,200,7.46,2880,09/15 18:30
2026/09/15 20:55,2026-09-15T21:10:55+09:00,2026/09/16,2026/10/08,2026-10,CALL,64875,980,,,25.85,25.13,1120,2,1075,3,,,,,
2026/09/15 20:55,2026-09-15T21:10:55+09:00,2026/09/16,2026/10/08,2026-10,PUT,64875,2665,,,28.87,24.08,2625,8,2325,7,,,,,
2026/09/15 20:55,2026-09-15T21:10:55+09:00,2026/09/16,2026/10/08,2026-10,CALL,64750,1040,,,26.06,25.59,1180,3,1150,3,,,,,
2026/09/15 20:55,2026-09-15T21:10:55+09:00,2026/09/16,2026/10/08,2026-10,PUT,64750,2590,,2,29.14,23.92,2565,8,2235,2,25.48,-105,-3.6,2815,09/15 17:09
2026/09/15 20:55,2026-09-15T21:10:55+09:00,2026/09/16,2026/10/08,2026-10,CALL,64625,1075,,,26.09,25.46,1230,9,1190,3,,,,,
2026/09/15 20:55,2026-09-15T21:10:55+09:00,2026/09/16,2026/10/08,2026-10,PUT,64625,2510,,,26.8,25.54,2340,7,2260,6,,,,,
2026/09/15 20:55,2026-09-15T21:10:55+09:00,2026/09/16,2026/10/08,2026-10,CALL,64500,1140,,1,26.34,25.64,1295,2,1250,4,26.29,-80,-7.08,1050,09/15 17:47
2026/09/15 20:55,2026-09-15T21:10:55+09:00,2026/09/16,2026/10/08,2026-10,PUT,64500,2440,,,26.81,25.64,2265,7,2190,12,,,,,
2026/09/15 20:55,2026-09-15T21:10:55+09:00,2026/09/16,2026/10/08,2026-10,CALL,64375,1175,,,26.17,25.55,1335,2,1295,3,,,,,
2026/09/15 20:55,2026-09-15T21:10:55+09:00,2026/09/16,2026/10/08,2026-10,PUT,64375,2360,,,26.95,25.55,2200,7,2110,7,,,,,
2026/09/15 20:55,2026-09-15T21:10:55+09:00,2026/09/16,2026/10/08,2026-10,CALL,64250,1245,,,26.29,25.6,1395,2,1350,3,,,,,
2026/09/15 20:55,2026-09-15T21:10:55+09:00,2026/09/16,2026/10/08,2026-10,PUT,64250,2300,,,26.91,25.75,2125,6,2050,8,,,,,
2026/09/15 20:55,2026-09-15T21:10:55+09:00,2026/09/16,2026/10/08,2026-10,CALL,64125,1295,,,26.39,25.7,1455,2,1410,3,,,,,
2026/09/15 20:55,2026-09-15T21:10:55+09:00,2026/09/16,2026/10/08,2026-10,PUT,64125,2220,,,27.09,25.77,2065,7,1980,1,,,,,
2026/09/15 20:55,2026-09-15T21:10:55+09:00,2026/09/16,2026/10/08,2026-10,CALL,64000,1355,,3,26.7,25.85,1530,2,1475,2,26.63,-60,-4.8,1190,09/15 17:03
2026/09/15 20:55,2026-09-15T21:10:55+09:00,2026/09/16,2026/10/08,2026-10,PUT,64000,2160,,,26.85,25.93,1980,7,1920,3,,,,,
2026/09/15 20:55,2026-09-15T21:10:55+09:00,2026/09/16,2026/10/08,2026-10,CALL,63875,1405,,,26.68,25.75,1585,9,1525,9,,,,,
2026/09/15 20:55,2026-09-15T21:10:55+09:00,2026/09/16,2026/10/08,2026-10,PUT,63875,2075,,,26.68,26.14,1900,5,1865,5,,,,,
2026/09/15 20:55,2026-09-15T21:10:55+09:00,2026/09/16,2026/10/08,2026-10,CALL,63750,1475,,,26.63,25.86,1640,2,1590,3,,,,,
2026/09/15 20:55,2026-09-15T21:10:55+09:00,2026/09/16,2026/10/08,2026-10,PUT,63750,2030,,,26.94,26.17,1850,12,1800,5,,,,,
2026/09/15 20:55,2026-09-15T21:10:55+09:00,2026/09/16,2026/10/08,2026-10,CALL,63625,1525,,,26.72,25.95,1705,4,1655,5,,,,,
2026/09/15 20:55,2026-09-15T21:10:55+09:00,2026/09/16,2026/10/08,2026-10,PUT,63625,1945,,,27.03,26.34,1790,3,1745,9,,,,,
2026/09/15 20:55,2026-09-15T21:10:55+09:00,2026/09/16,2026/10/08,2026-10,CALL,63500,1565,,2,27.09,26.02,1790,4,1720,4,26.96,-60,-3.83,1505,09/15 17:50
2026/09/15 20:55,2026-09-15T21:10:55+09:00,2026/09/16,2026/10/08,2026-10,PUT,63500,1900,,,27.02,26.48,1725,4,1690,2,,,,,
2026/09/15 20:55,2026-09-15T21:10:55+09:00,2026/09/16,2026/10/08,2026-10,CALL,63375,1650,,,27.06,25.9,1850,7,1775,7,,,,,
2026/09/15 20:55,2026-09-15T21:10:55+09:00,2026/09/16,2026/10/08,2026-10,PUT,63375,1830,,1,27.21,26.37,1675,2,1620,2,26.99,,,1990,09/15 17:16
2026/09/15 20:55,2026-09-15T21:10:55+09:00,2026/09/16,2026/10/08,2026-10,CALL,63250,1725,,,27.93,26.08,1970,5,1850,6,,,,,
2026/09/15 20:55,2026-09-15T21:10:55+09:00,2026/09/16,2026/10/08,2026-10,PUT,63250,1780,,,27.08,26.31,1605,2,1555,2,,,,,
2026/09/15 20:55,2026-09-15T21:10:55+09:00,2026/09/16,2026/10/08,2026-10,CALL,63125,1810,,,27.55,26.07,2010,6,1915,7,,,,,
2026/09/15 20:55,2026-09-15T21:10:55+09:00,2026/09/16,2026/10/08,2026-10,PUT,63125,1730,,,27.16,26.46,1550,3,1505,2,,,,,
2026/09/15 20:55,2026-09-15T21:10:55+09:00,2026/09/16,2026/10/08,2026-10,CALL,63000,1860,,,27.53,26.44,2075,18,2005,3,,,,,
2026/09/15 20:55,2026-09-15T21:10:55+09:00,2026/09/16,2026/10/08,2026-10,PUT,63000,1665,,2,27.22,26.9,1495,5,1475,5,26.95,-15,-0.9,1645,09/15 18:49
2026/09/15 20:55,2026-09-15T21:10:55+09:00,2026/09/16,2026/10/08,2026-10,CALL,62875,1925,,,28.11,26.08,2180,6,2050,7,,,,,
2026/09/15 20:55,2026-09-15T21:10:55+09:00,2026/09/16,2026/10/08,2026-10,PUT,62875,1620,,,27.64,26.94,1465,3,1420,9,,,,,
2026/09/15 20:55,2026-09-15T21:10:55+09:00,2026/09/16,2026/10/08,2026-10,CALL,62750,1990,,,28.37,26.48,2265,5,2145,6,,,,,
2026/09/15 20:55,2026-09-15T21:10:55+09:00,2026/09/16,2026/10/08,2026-10,PUT,62750,1560,,8,27.58,26.95,1405,2,1365,2,27.59,-90,-5.11,1670,09/15 17:19
2026/09/15 20:55,2026-09-15T21:10:55+09:00,2026/09/16,2026/10/08,2026-10,CALL,62625,2065,,,27.89,26.38,2305,1,2210,7,,,,,
2026/09/15 20:55,2026-09-15T21:10:55+09:00,2026/09/16,2026/10/08,2026-10,PUT,62625,1510,,,27.89,27.18,1370,3,1325,2,,,,,
2026/09/15 20:55,2026-09-15T21:10:55+09:00,2026/09/16,2026/10/08,2026-10,CALL,62500,2135,,,27.86,26.66,2375,2,2300,7,,,,,
2026/09/15 20:55,2026-09-15T21:10:55+09:00,2026/09/16,2026/10/08,2026-10,PUT,62500,1455,,,27.62,27.3,1300,4,1280,2,,,,,
2026/09/15 20:55,2026-09-15T21:10:55+09:00,2026/09/16,2026/10/08,2026-10,CALL,62375,2225,,,28.21,25.23,2470,1,2285,3,,,,,
2026/09/15 20:55,2026-09-15T21:10:55+09:00,2026/09/16,2026/10/08,2026-10,PUT,62375,1420,,,28.05,27.41,1275,3,1235,2,,,,,
2026/09/15 20:55,2026-09-15T21:10:55+09:00,2026/09/16,2026/10/08,2026-10,CALL,62250,2290,,,28.14,24.72,2540,7,2330,2,,,,,
2026/09/15 20:55,2026-09-15T21:10:55+09:00,2026/09/16,2026/10/08,2026-10,PUT,62250,1360,,1,27.9,27.58,1215,3,1195,2,27.69,235,20.35,1390,09/15 18:41
2026/09/15 20:55,2026-09-15T21:10:55+09:00,2026/09/16,2026/10/08,2026-10,CALL,62125,2375,,,28.3,23.76,2625,6,2350,8,,,,,
2026/09/15 20:55,2026-09-15T21:10:55+09:00,2026/09/16,2026/10/08,2026-10,PUT,62125,1320,,,28.3,27.64,1190,3,1150,2,,,,,
2026/09/15 20:55,2026-09-15T21:10:55+09:00,2026/09/16,2026/10/08,2026-10,CALL,62000,2450,,,29.17,26.86,2755,8,2615,8,,,,,
2026/09/15 20:55,2026-09-15T21:10:55+09:00,2026/09/16,2026/10/08,2026-10,PUT,62000,1280,,28,28.1,27.77,1130,2,1110,2,28.11,-160,-12.5,1120,09/15 20:18
2026/09/15 20:55,2026-09-15T21:10:55+09:00,2026/09/16,2026/10/08,2026-10,CALL,61875,2540,,,28.46,23.64,2790,6,2505,8,,,,,
2026/09/15 20:55,2026-09-15T21:10:55+09:00,2026/09/16,2026/10/08,2026-10,PUT,61875,1235,,,28.46,27.88,1105,3,1070,2,,,,,
2026/09/15 20:55,2026-09-15T21:10:55+09:00,2026/09/16,2026/10/08,2026-10,CALL,61750,2615,,,30.32,23.49,2980,2,2580,8,,,,,
2026/09/15 20:55,2026-09-15T21:10:55+09:00,2026/09/16,2026/10/08,2026-10,PUT,61750,1185,,,28.39,27.88,1055,5,1025,5,,,,,
2026/09/15 20:55,2026-09-15T21:10:55+09:00,2026/09/16,2026/10/08,2026-10,CALL,61625,2705,,,31.01,23.5,3100,7,2665,8,,,,,
2026/09/15 20:55,2026-09-15T21:10:55+09:00,2026/09/16,2026/10/08,2026-10,PUT,61625,1150,,,28.46,28.12,1015,3,995,2,,,,,
2026/09/15 20:55,2026-09-15T21:10:55+09:00,2026/09/16,2026/10/08,2026-10,CALL,61500,2785,,,29.38,24.64,3085,1,2815,17,,,,,
2026/09/15 20:55,2026-09-15T21:10:55+09:00,2026/09/16,2026/10/08,2026-10,PUT,61500,1105,,,28.77,28.25,990,6,960,4,,,,,
2026/09/15 20:55,2026-09-15T21:10:55+09:00,2026/09/16,2026/10/08,2026-10,CALL,61375,2875,,,31.84,23.32,3310,3,2830,8,,,,,
2026/09/15 20:55,2026-09-15T21:10:55+09:00,2026/09/16,2026/10/08,2026-10,PUT,61375,1070,,,28.72,28.37,945,3,925,2,,,,,
2026/09/15 20:55,2026-09-15T21:10:55+09:00,2026/09/16,2026/10/08,2026-10,CALL,61250,2955,,,29.89,23.24,3280,7,2915,8,,,,,
2026/09/15 20:55,2026-09-15T21:10:55+09:00,2026/09/16,2026/10/08,2026-10,PUT,61250,1030,,,29,28.56,920,5,895,4,,,,,
2026/09/15 20:55,2026-09-15T21:10:55+09:00,2026/09/16,2026/10/08,2026-10,CALL,61125,3055,,,31.31,23.21,3445,7,3005,8,,,,,
2026/09/15 20:55,2026-09-15T21:10:55+09:00,2026/09/16,2026/10/08,2026-10,PUT,61125,1000,,,29.18,28.63,890,3,860,2,,,,,
2026/09/15 20:55,2026-09-15T21:10:55+09:00,2026/09/16,2026/10/08,2026-10,CALL,61000,3135,,,30.15,22.96,3465,19,3085,22,,,,,
2026/09/15 20:55,2026-09-15T21:10:55+09:00,2026/09/16,2026/10/08,2026-10,PUT,61000,970,,29,28.97,28.78,840,4,830,4,29.02,-130,-13.4,840,09/15 20:54
2026/09/15 20:55,2026-09-15T21:10:55+09:00,2026/09/16,2026/10/08,2026-10,CALL,60875,3230,,,31.03,22.98,3600,3,3180,8,,,,,
2026/09/15 20:55,2026-09-15T21:10:55+09:00,2026/09/16,2026/10/08,2026-10,PUT,60875,930,,,29.38,28.92,825,3,800,2,,,,,
2026/09/15 20:55,2026-09-15T21:10:55+09:00,2026/09/16,2026/10/08,2026-10,CALL,60750,3320,,,29.97,22.76,3630,6,3265,8,,,,,
2026/09/15 20:55,2026-09-15T21:10:55+09:00,2026/09/16,2026/10/08,2026-10,PUT,60750,890,,,29.41,29.03,790,5,770,4,,,,,
2026/09/15 20:55,2026-09-15T21:10:55+09:00,2026/09/16,2026/10/08,2026-10,CALL,60625,3415,,,30.18,22.82,3730,5,3365,8,,,,,
2026/09/15 20:55,2026-09-15T21:10:55+09:00,2026/09/16,2026/10/08,2026-10,PUT,60625,860,,,29.6,29.12,765,3,740,2,,,,,
2026/09/15 20:55,2026-09-15T21:10:55+09:00,2026/09/16,2026/10/08,2026-10,CALL,60500,3505,,,31.9,22.51,3910,1,3450,3,,,,,
2026/09/15 20:55,2026-09-15T21:10:55+09:00,2026/09/16,2026/10/08,2026-10,PUT,60500,830,,,29.49,29.3,725,4,715,4,,,,,
2026/09/15 20:55,2026-09-15T21:10:55+09:00,2026/09/16,2026/10/08,2026-10,CALL,60375,3605,,,32.09,22.51,4010,3,3550,8,,,,,
2026/09/15 20:55,2026-09-15T21:10:55+09:00,2026/09/16,2026/10/08,2026-10,PUT,60375,800,,,29.75,29.36,705,3,685,3,,,,,
2026/09/15 20:55,2026-09-15T21:10:55+09:00,2026/09/16,2026/10/08,2026-10,CALL,60250,3695,,,30.9,22.24,4040,7,3640,8,,,,,
2026/09/15 20:55,2026-09-15T21:10:55+09:00,2026/09/16,2026/10/08,2026-10,PUT,60250,770,,,29.8,29.39,675,5,655,4,,,,,
2026/09/15 20:55,2026-09-15T21:10:55+09:00,2026/09/16,2026/10/08,2026-10,CALL,60125,3800,,,33.33,22.16,4255,7,3740,8,,,,,
2026/09/15 20:55,2026-09-15T21:10:55+09:00,2026/09/16,2026/10/08,2026-10,PUT,60125,750,,,30.03,29.62,655,3,635,3,,,,,
2026/09/15 20:55,2026-09-15T21:10:55+09:00,2026/09/16,2026/10/08,2026-10,CALL,60000,3895,,,32.2,21.78,4290,7,3830,22,,,,,
2026/09/15 20:55,2026-09-15T21:10:55+09:00,2026/09/16,2026/10/08,2026-10,PUT,60000,720,,124,30.04,29.83,625,10,615,4,29.93,-100,-13.89,620,09/15 20:53
2026/09/15 20:55,2026-09-15T21:10:55+09:00,2026/09/16,2026/10/08,2026-10,CALL,59875,4000,,,33.66,21.76,4455,3,3935,8,,,,,
2026/09/15 20:55,2026-09-15T21:10:55+09:00,2026/09/16,2026/10/08,2026-10,PUT,59875,695,,,30.35,29.92,610,4,590,4,,,,,
2026/09/15 20:55,2026-09-15T21:10:55+09:00,2026/09/16,2026/10/08,2026-10,CALL,59750,4090,,,32.66,21.4,4500,2,4030,8,,,,,
2026/09/15 20:55,2026-09-15T21:10:55+09:00,2026/09/16,2026/10/08,2026-10,PUT,59750,665,,,30.42,30.1,585,6,570,4,,,,,
2026/09/15 20:55,2026-09-15T21:10:55+09:00,2026/09/16,2026/10/08,2026-10,CALL,59625,4195,,,34.95,21.29,4705,3,4135,8,,,,,
2026/09/15 20:55,2026-09-15T21:10:55+09:00,2026/09/16,2026/10/08,2026-10,PUT,59625,645,,,30.59,30.15,565,4,545,2,,,,,
2026/09/15 20:55,2026-09-15T21:10:55+09:00,2026/09/16,2026/10/08,2026-10,CALL,59500,4295,,,37.53,26.57,4925,1,4430,13,,,,,
2026/09/15 20:55,2026-09-15T21:10:55+09:00,2026/09/16,2026/10/08,2026-10,PUT,59500,620,,,30.64,30.41,540,8,530,4,,,,,
2026/09/15 20:55,2026-09-15T21:10:55+09:00,2026/09/16,2026/10/08,2026-10,CALL,59375,4400,,,37.58,20.75,5020,7,4340,8,,,,,
2026/09/15 20:55,2026-09-15T21:10:55+09:00,2026/09/16,2026/10/08,2026-10,PUT,59375,595,,,30.89,30.54,525,2,510,2,,,,,
2026/09/15 20:55,2026-09-15T21:10:55+09:00,2026/09/16,2026/10/08,2026-10,CALL,59250,4505,,,34.96,20.27,4990,8,4440,8,,,,,
2026/09/15 20:55,2026-09-15T21:10:55+09:00,2026/09/16,2026/10/08,2026-10,PUT,59250,575,,,31.02,30.66,505,6,490,18,,,,,
2026/09/15 20:55,2026-09-15T21:10:55+09:00,2026/09/16,2026/10/08,2026-10,CALL,59125,4610,,,34.14,19.89,5050,3,4545,8,,,,,
2026/09/15 20:55,2026-09-15T21:10:55+09:00,2026/09/16,2026/10/08,2026-10,PUT,59125,560,,,31.12,30.76,485,2,470,2,,,,,
2026/09/15 20:55,2026-09-15T21:10:55+09:00,2026/09/16,2026/10/08,2026-10,CALL,59000,4710,,,38.9,18.64,5365,4,4635,22,,,,,
2026/09/15 20:55,2026-09-15T21:10:55+09:00,2026/09/16,2026/10/08,2026-10,PUT,59000,535,,7,31.34,30.97,470,10,455,10,31.17,-80,-14.55,470,09/15 20:31
2026/09/15 20:55,2026-09-15T21:10:55+09:00,2026/09/16,2026/10/08,2026-10,CALL,58875,4815,,,33.96,19.06,5240,3,4760,8,,,,,
2026/09/15 20:55,2026-09-15T21:10:55+09:00,2026/09/16,2026/10/08,2026-10,PUT,58875,515,,,31.54,31.16,455,2,440,2,,,,,
2026/09/15 20:55,2026-09-15T21:10:55+09:00,2026/09/16,2026/10/08,2026-10,CALL,58750,4920,,,38.44,17.94,5535,2,4860,8,,,,,
2026/09/15 20:55,2026-09-15T21:10:55+09:00,2026/09/16,2026/10/08,2026-10,PUT,58750,495,,,31.6,31.34,435,6,425,4,,,,,
2026/09/15 20:55,2026-09-15T21:10:55+09:00,2026/09/16,2026/10/08,2026-10,CALL,58625,5030,,,39.4,17.17,5675,7,4970,8,,,,,
2026/09/15 20:55,2026-09-15T21:10:55+09:00,2026/09/16,2026/10/08,2026-10,PUT,58625,480,,,31.77,31.38,420,4,405,2,,,,,
2026/09/15 20:55,2026-09-15T21:10:55+09:00,2026/09/16,2026/10/08,2026-10,CALL,58500,5140,,,39.91,15.33,5795,1,5075,3,,,,,
2026/09/15 20:55,2026-09-15T21:10:55+09:00,2026/09/16,2026/10/08,2026-10,PUT,58500,460,,11,31.93,31.66,405,4,395,10,31.85,35,7.61,495,09/15 18:28
2026/09/15 20:55,2026-09-15T21:10:55+09:00,2026/09/16,2026/10/08,2026-10,CALL,58375,5250,,,39.05,13.57,5855,1,5190,6,,,,,
2026/09/15 20:55,2026-09-15T21:10:55+09:00,2026/09/16,2026/10/08,2026-10,PUT,58375,450,,,32.21,31.8,395,5,380,16,,,,,
2026/09/15 20:55,2026-09-15T21:10:55+09:00,2026/09/16,2026/10/08,2026-10,CALL,58250,5355,,,40.36,29.23,6010,5,5585,1,,,,,
2026/09/15 20:55,2026-09-15T21:10:55+09:00,2026/09/16,2026/10/08,2026-10,PUT,58250,430,,4,32.35,31.92,380,4,365,7,31.9,35,8.43,450,09/15 18:28
2026/09/15 20:55,2026-09-15T21:10:55+09:00,2026/09/16,2026/10/08,2026-10,CALL,58000,5575,,,40.64,29.93,6220,1,5825,3,,,,,
2026/09/15 20:55,2026-09-15T21:10:55+09:00,2026/09/16,2026/10/08,2026-10,PUT,58000,400,,31,32.57,32.27,350,5,340,56,32.42,-50,-12.5,350,09/15 20:40
2026/09/15 20:55,2026-09-15T21:10:55+09:00,2026/09/16,2026/10/08,2026-10,CALL,57750,5800,,,40.76,30.1,6425,1,6050,1,,,,,
2026/09/15 20:55,2026-09-15T21:10:55+09:00,2026/09/16,2026/10/08,2026-10,PUT,57750,375,,5,33.03,32.72,330,4,320,4,32.52,55,15.49,410,09/15 17:12
2026/09/15 20:55,2026-09-15T21:10:55+09:00,2026/09/16,2026/10/08,2026-10,CALL,57500,6025,,,38.44,30.18,6540,1,6275,2,,,,,
2026/09/15 20:55,2026-09-15T21:10:55+09:00,2026/09/16,2026/10/08,2026-10,PUT,57500,350,,,34.4,32.37,340,28,277,2,,,,,
2026/09/15 20:55,2026-09-15T21:10:55+09:00,2026/09/16,2026/10/08,2026-10,CALL,57250,6250,,,36.84,30.17,6695,1,6500,7,,,,,
2026/09/15 20:55,2026-09-15T21:10:55+09:00,2026/09/16,2026/10/08,2026-10,PUT,57250,325,,8,33.73,33.43,287,8,278,3,33.19,40,12.5,360,09/15 17:10
2026/09/15 20:55,2026-09-15T21:10:55+09:00,2026/09/16,2026/10/08,2026-10,CALL,57000,6480,,,43.93,30.28,7160,1,6730,15,,,,,
2026/09/15 20:55,2026-09-15T21:10:55+09:00,2026/09/16,2026/10/08,2026-10,PUT,57000,305,,12,34.1,33.81,268,9,260,9,34.01,-37,-12.13,268,09/15 20:48
2026/09/15 20:55,2026-09-15T21:10:55+09:00,2026/09/16,2026/10/08,2026-10,CALL,56750,6710,,,43.9,30.31,7365,1,6960,7,,,,,
2026/09/15 20:55,2026-09-15T21:10:55+09:00,2026/09/16,2026/10/08,2026-10,PUT,56750,286,,,34.49,34.19,251,3,243,16,,,,,
2026/09/15 20:55,2026-09-15T21:10:55+09:00,2026/09/16,2026/10/08,2026-10,CALL,56500,6945,,,39.44,30.48,7425,1,7195,12,,,,,
2026/09/15 20:55,2026-09-15T21:10:55+09:00,2026/09/16,2026/10/08,2026-10,PUT,56500,267,,6,34.91,34.6,236,6,228,6,34.35,54,22.78,291,09/15 17:12
2026/09/15 20:55,2026-09-15T21:10:55+09:00,2026/09/16,2026/10/08,2026-10,CALL,56250,7175,,,46.07,30.3,7860,6,7425,7,,,,,
2026/09/15 20:55,2026-09-15T21:10:55+09:00,2026/09/16,2026/10/08,2026-10,PUT,56250,251,,,35.3,35.01,221,3,214,16,,,,,
2026/09/15 20:55,2026-09-15T21:10:55+09:00,2026/09/16,2026/10/08,2026-10,CALL,56000,7410,,,46.36,30.29,8080,1,7660,18,,,,,
2026/09/15 20:55,2026-09-15T21:10:55+09:00,2026/09/16,2026/10/08,2026-10,PUT,56000,234,,14,35.73,35.47,208,9,202,10,35.52,-29,-12.39,205,09/15 20:48
2026/09/15 20:55,2026-09-15T21:10:55+09:00,2026/09/16,2026/10/08,2026-10,CALL,55750,7645,,,45.54,30.16,8265,1,7895,7,,,,,
2026/09/15 20:55,2026-09-15T21:10:55+09:00,2026/09/16,2026/10/08,2026-10,PUT,55750,222,,,36.21,35.9,197,13,190,3,,,,,
2026/09/15 20:55,2026-09-15T21:10:55+09:00,2026/09/16,2026/10/08,2026-10,CALL,55500,7885,,,48.93,30.27,8590,10,8135,12,,,,,
2026/09/15 20:55,2026-09-15T21:10:55+09:00,2026/09/16,2026/10/08,2026-10,PUT,55500,210,,3,36.57,36.24,184,8,177,32,35.99,-13,-6.19,197,09/15 18:58
2026/09/15 20:55,2026-09-15T21:10:55+09:00,2026/09/16,2026/10/08,2026-10,CALL,55250,8120,,,49.32,29.87,8815,6,8370,6,,,,,
2026/09/15 20:55,2026-09-15T21:10:55+09:00,2026/09/16,2026/10/08,2026-10,PUT,55250,195,,,37.08,36.69,175,22,167,20,,,,,
2026/09/15 20:55,2026-09-15T21:10:55+09:00,2026/09/16,2026/10/08,2026-10,CALL,55000,8360,,,47.72,29.73,8980,1,8610,18,,,,,
2026/09/15 20:55,2026-09-15T21:10:55+09:00,2026/09/16,2026/10/08,2026-10,PUT,55000,187,,50,37.52,37.16,165,48,158,12,37.37,-25,-13.37,162,09/15 20:45
2026/09/15 20:55,2026-09-15T21:10:55+09:00,2026/09/16,2026/10/08,2026-10,CALL,54750,8600,,,50.95,29.42,9295,6,8850,7,,,,,
2026/09/15 20:55,2026-09-15T21:10:55+09:00,2026/09/16,2026/10/08,2026-10,PUT,54750,174,,,37.98,37.6,156,20,149,20,,,,,
2026/09/15 20:55,2026-09-15T21:10:55+09:00,2026/09/16,2026/10/08,2026-10,CALL,54500,8840,,,47.41,28.88,9410,1,9090,10,,,,,
2026/09/15 20:55,2026-09-15T21:10:55+09:00,2026/09/16,2026/10/08,2026-10,PUT,54500,164,,1,38.46,38.06,148,40,141,8,38.06,-7,-4.67,143,09/15 20:31
2026/09/15 20:55,2026-09-15T21:10:55+09:00,2026/09/16,2026/10/08,2026-10,CALL,54250,9080,,,43.53,27.96,9540,6,9330,7,,,,,
2026/09/15 20:55,2026-09-15T21:10:55+09:00,2026/09/16,2026/10/08,2026-10,PUT,54250,156,,1,38.86,38.5,139,5,133,20,38.26,-6,-3.92,147,09/15 18:50
2026/09/15 20:55,2026-09-15T21:10:55+09:00,2026/09/16,2026/10/08,2026-10,CALL,54000,9320,,,45.87,26.24,9820,1,9570,18,,,,,
2026/09/15 20:55,2026-09-15T21:10:55+09:00,2026/09/16,2026/10/08,2026-10,PUT,54000,147,,11,39.34,39.03,132,12,127,12,38.74,-18,-12.68,124,09/15 20:02
2026/09/15 20:55,2026-09-15T21:10:55+09:00,2026/09/16,2026/10/08,2026-10,CALL,53750,9565,,,54.42,24.89,10265,6,9815,7,,,,,
2026/09/15 20:55,2026-09-15T21:10:55+09:00,2026/09/16,2026/10/08,2026-10,PUT,53750,139,,,39.8,39.41,125,5,119,21,,,,,
2026/09/15 20:55,2026-09-15T21:10:55+09:00,2026/09/16,2026/10/08,2026-10,CALL,53500,9805,,,54.47,,10485,1,10055,12,,,,,
2026/09/15 20:55,2026-09-15T21:10:55+09:00,2026/09/16,2026/10/08,2026-10,PUT,53500,132,,3,40.3,39.96,119,41,114,8,39.79,8,6.25,136,09/15 17:43
2026/09/15 20:55,2026-09-15T21:10:55+09:00,2026/09/16,2026/10/08,2026-10,CALL,53250,10050,,,48.67,,10565,1,10300,7,,,,,
2026/09/15 20:55,2026-09-15T21:10:55+09:00,2026/09/16,2026/10/08,2026-10,PUT,53250,124,,6,40.78,40.42,113,23,108,5,40.19,-5,-4.03,119,09/15 18:50
2026/09/15 20:55,2026-09-15T21:10:55+09:00,2026/09/16,2026/10/08,2026-10,CALL,53000,10290,,,45.87,,10740,1,10540,18,,,,,
2026/09/15 20:55,2026-09-15T21:10:55+09:00,2026/09/16,2026/10/08,2026-10,PUT,53000,119,,13,41.23,40.86,107,51,102,12,41.03,-9,-7.83,106,09/15 20:27
2026/09/15 20:55,2026-09-15T21:10:55+09:00,2026/09/16,2026/10/08,2026-10,CALL,52750,10535,,,48.97,,11030,1,10785,7,,,,,
2026/09/15 20:55,2026-09-15T21:10:55+09:00,2026/09/16,2026/10/08,2026-10,PUT,52750,113,,,41.66,41.27,101,5,96,31,,,,,
2026/09/15 20:55,2026-09-15T21:10:55+09:00,2026/09/16,2026/10/08,2026-10,CALL,52500,10780,,,57.13,,11440,1,11030,12,,,,,
2026/09/15 20:55,2026-09-15T21:10:55+09:00,2026/09/16,2026/10/08,2026-10,PUT,52500,107,,4,42.14,41.9,96,8,93,8,41.91,-12,-11.21,95,09/15 20:34
2026/09/15 20:55,2026-09-15T21:10:55+09:00,2026/09/16,2026/10/08,2026-10,CALL,52250,11025,,,50.68,,11525,1,11275,7,,,,,
2026/09/15 20:55,2026-09-15T21:10:55+09:00,2026/09/16,2026/10/08,2026-10,PUT,52250,102,,3,42.68,42.34,92,16,88,5,42.49,2,2.25,91,09/15 20:35
2026/09/15 20:55,2026-09-15T21:10:55+09:00,2026/09/16,2026/10/08,2026-10,CALL,52000,11270,,,48.8,,11725,1,11520,15,,,,,
2026/09/15 20:55,2026-09-15T21:10:55+09:00,2026/09/16,2026/10/08,2026-10,PUT,52000,97,,11,43.12,42.76,87,12,83,52,43.02,-9,-9.57,85,09/15 20:18
2026/09/15 20:55,2026-09-15T21:10:55+09:00,2026/09/16,2026/10/08,2026-10,CALL,51750,11515,,,60.8,,12200,1,11765,7,,,,,
2026/09/15 20:55,2026-09-15T21:10:55+09:00,2026/09/16,2026/10/08,2026-10,PUT,51750,92,,,43.62,43.25,83,5,79,21,,,,,
2026/09/15 20:55,2026-09-15T21:10:55+09:00,2026/09/16,2026/10/08,2026-10,CALL,51500,11760,,,56.02,,12320,1,12010,12,,,,,
2026/09/15 20:55,2026-09-15T21:10:55+09:00,2026/09/16,2026/10/08,2026-10,PUT,51500,89,,1,44.11,43.81,79,8,76,8,43.65,11,13.75,91,09/15 17:44
2026/09/15 20:55,2026-09-15T21:10:55+09:00,2026/09/16,2026/10/08,2026-10,CALL,51250,12005,,,53.5,,12505,1,12255,7,,,,,
2026/09/15 20:55,2026-09-15T21:10:55+09:00,2026/09/16,2026/10/08,2026-10,PUT,51250,84,,1,44.67,44.26,76,5,72,22,44.1,10,12.66,89,09/15 17:13
2026/09/15 20:55,2026-09-15T21:10:55+09:00,2026/09/16,2026/10/08,2026-10,CALL,51000,12250,,,62.8,,12920,3,12500,18,,,,,
2026/09/15 20:55,2026-09-15T21:10:55+09:00,2026/09/16,2026/10/08,2026-10,PUT,51000,80,,8,45.12,44.9,72,12,70,10,44.85,-8,-10.26,70,09/15 20:28
2026/09/15 20:55,2026-09-15T21:10:55+09:00,2026/09/16,2026/10/08,2026-10,CALL,50750,12495,,,,,,,,,,,,,
2026/09/15 20:55,2026-09-15T21:10:55+09:00,2026/09/16,2026/10/08,2026-10,PUT,50750,76,,1,45.76,45.31,70,32,66,5,45.16,4,5.41,78,09/15 18:37
2026/09/15 20:55,2026-09-15T21:10:55+09:00,2026/09/16,2026/10/08,2026-10,CALL,50500,12745,,,,,,,,,,,,,
2026/09/15 20:55,2026-09-15T21:10:55+09:00,2026/09/16,2026/10/08,2026-10,PUT,50500,73,,3,46.16,45.7,66,8,62,36,45.79,-5,-6.85,68,09/15 19:27
2026/09/15 20:55,2026-09-15T21:10:55+09:00,2026/09/16,2026/10/08,2026-10,CALL,50250,12990,,,,,,,,,,,,,
2026/09/15 20:55,2026-09-15T21:10:55+09:00,2026/09/16,2026/10/08,2026-10,PUT,50250,69,,,46.78,46.3,64,5,60,5,,,,,
2026/09/15 20:55,2026-09-15T21:10:55+09:00,2026/09/16,2026/10/08,2026-10,CALL,50000,13235,,,,,,,,,,,,,
2026/09/15 20:55,2026-09-15T21:10:55+09:00,2026/09/16,2026/10/08,2026-10,PUT,50000,66,,23,47.27,46.76,61,12,57,53,47.02,-7,-10.61,59,09/15 20:53
2026/09/15 20:55,2026-09-15T21:10:55+09:00,2026/09/16,2026/10/08,2026-10,CALL,49750,13485,,,,,,,,,,,,,
2026/09/15 20:55,2026-09-15T21:10:55+09:00,2026/09/16,2026/10/08,2026-10,PUT,49750,63,,5,47.86,47.34,59,32,55,5,47.37,-6,-9.68,56,09/15 20:35
2026/09/15 20:55,2026-09-15T21:10:55+09:00,2026/09/16,2026/10/08,2026-10,CALL,49500,13730,,,,,,,,,,,,,
2026/09/15 20:55,2026-09-15T21:10:55+09:00,2026/09/16,2026/10/08,2026-10,PUT,49500,61,,,48.31,47.76,56,8,52,8,,,,,
2026/09/15 20:55,2026-09-15T21:10:55+09:00,2026/09/16,2026/10/08,2026-10,CALL,49250,13980,,,,,,,,,,,,,
2026/09/15 20:55,2026-09-15T21:10:55+09:00,2026/09/16,2026/10/08,2026-10,PUT,49250,59,,,48.88,48.46,54,15,51,5,,,,,
2026/09/15 20:55,2026-09-15T21:10:55+09:00,2026/09/16,2026/10/08,2026-10,CALL,49000,14225,,,,,,,,,,,,,
2026/09/15 20:55,2026-09-15T21:10:55+09:00,2026/09/16,2026/10/08,2026-10,PUT,49000,56,,3,49.3,49,51,13,49,12,48.98,-4,-7.41,50,09/15 19:58
2026/09/15 20:55,2026-09-15T21:10:55+09:00,2026/09/16,2026/10/08,2026-10,CALL,48750,14475,,,,,,,,,,,,,
2026/09/15 20:55,2026-09-15T21:10:55+09:00,2026/09/16,2026/10/08,2026-10,PUT,48750,54,,,49.99,49.21,50,33,45,32,,,,,
2026/09/15 20:55,2026-09-15T21:10:55+09:00,2026/09/16,2026/10/08,2026-10,CALL,48500,14720,,,,,,,,,,,,,
2026/09/15 20:55,2026-09-15T21:10:55+09:00,2026/09/16,2026/10/08,2026-10,PUT,48500,51,,2,50.37,50.05,47,1,45,8,50.03,-1,-1.96,50,09/15 19:16
2026/09/15 20:55,2026-09-15T21:10:55+09:00,2026/09/16,2026/10/08,2026-10,CALL,48250,14970,,,,,,,,,,,,,
2026/09/15 20:55,2026-09-15T21:10:55+09:00,2026/09/16,2026/10/08,2026-10,PUT,48250,50,,,50.88,50.55,45,5,43,5,,,,,
2026/09/15 20:55,2026-09-15T21:10:55+09:00,2026/09/16,2026/10/08,2026-10,CALL,48000,15215,,,,,,,,,,,,,
2026/09/15 20:55,2026-09-15T21:10:55+09:00,2026/09/16,2026/10/08,2026-10,PUT,48000,48,,8,51.38,51.03,43,12,41,12,51.1,-3,-6.67,42,09/15 20:42
2026/09/15 20:55,2026-09-15T21:10:55+09:00,2026/09/16,2026/10/08,2026-10,CALL,47750,15465,,,,,,,,,,,,,
2026/09/15 20:55,2026-09-15T21:10:55+09:00,2026/09/16,2026/10/08,2026-10,PUT,47750,46,,,52.22,51.31,43,22,38,22,,,,,
2026/09/15 20:55,2026-09-15T21:10:55+09:00,2026/09/16,2026/10/08,2026-10,CALL,47500,15715,,,,,,,,,,,,,
2026/09/15 20:55,2026-09-15T21:10:55+09:00,2026/09/16,2026/10/08,2026-10,PUT,47500,45,,1,52.88,51.55,42,8,35,36,52.14,6,14.29,48,09/15 17:08
2026/09/15 20:55,2026-09-15T21:10:55+09:00,2026/09/16,2026/10/08,2026-10,CALL,47250,15960,,,,,,,,,,,,,
2026/09/15 20:55,2026-09-15T21:10:55+09:00,2026/09/16,2026/10/08,2026-10,PUT,47250,42,,,53.54,51.95,41,25,33,22,,,,,
2026/09/15 20:55,2026-09-15T21:10:55+09:00,2026/09/16,2026/10/08,2026-10,CALL,47000,16210,,,,,,,,,,,,,
2026/09/15 20:55,2026-09-15T21:10:55+09:00,2026/09/16,2026/10/08,2026-10,PUT,47000,40,,3,54.19,53.2,40,57,35,1,53.04,-2,-5.26,36,09/15 19:52
2026/09/15 20:55,2026-09-15T21:10:55+09:00,2026/09/16,2026/10/08,2026-10,CALL,46750,16460,,,,,,,,,,,,,
2026/09/15 20:55,2026-09-15T21:10:55+09:00,2026/09/16,2026/10/08,2026-10,PUT,46750,40,,,55.41,52.92,42,28,30,22,,,,,
2026/09/15 20:55,2026-09-15T21:10:55+09:00,2026/09/16,2026/10/08,2026-10,CALL,46500,16705,,,,,,,,,,,,,
2026/09/15 20:55,2026-09-15T21:10:55+09:00,2026/09/16,2026/10/08,2026-10,PUT,46500,38,,1,55.28,53.51,37,39,29,36,54.2,3,8.57,38,09/15 18:36
2026/09/15 20:55,2026-09-15T21:10:55+09:00,2026/09/16,2026/10/08,2026-10,CALL,46250,16955,,,,,,,,,,,,,
2026/09/15 20:55,2026-09-15T21:10:55+09:00,2026/09/16,2026/10/08,2026-10,PUT,46250,37,,,57.86,53.3,46,28,25,28,,,,,
2026/09/15 20:55,2026-09-15T21:10:55+09:00,2026/09/16,2026/10/08,2026-10,CALL,46000,17200,,,,,,,,,,,,,
2026/09/15 20:55,2026-09-15T21:10:55+09:00,2026/09/16,2026/10/08,2026-10,PUT,46000,35,,,56.32,54.64,34,12,27,12,,,,,
2026/09/15 20:55,2026-09-15T21:10:55+09:00,2026/09/16,2026/10/08,2026-10,CALL,45750,17450,,,,,,,,,,,,,
2026/09/15 20:55,2026-09-15T21:10:55+09:00,2026/09/16,2026/10/08,2026-10,PUT,45750,34,,,59.04,54.05,43,28,22,28,,,,,
2026/09/15 20:55,2026-09-15T21:10:55+09:00,2026/09/16,2026/10/08,2026-10,CALL,45500,17700,,,,,,,,,,,,,
2026/09/15 20:55,2026-09-15T21:10:55+09:00,2026/09/16,2026/10/08,2026-10,PUT,45500,33,,,57.55,55.46,32,39,24,36,,,,,
2026/09/15 20:55,2026-09-15T21:10:55+09:00,2026/09/16,2026/10/08,2026-10,CALL,45250,17945,,,,,,,,,,,,,
2026/09/15 20:55,2026-09-15T21:10:55+09:00,2026/09/16,2026/10/08,2026-10,PUT,45250,29,,,60.58,54.69,42,28,19,28,,,,,
2026/09/15 20:55,2026-09-15T21:10:55+09:00,2026/09/16,2026/10/08,2026-10,CALL,45000,18195,,,,,,,,,,,,,
2026/09/15 20:55,2026-09-15T21:10:55+09:00,2026/09/16,2026/10/08,2026-10,PUT,45000,28,,9,58.22,57.39,28,12,25,1,57.36,-3,-10.71,25,09/15 20:15
2026/09/15 20:55,2026-09-15T21:10:55+09:00,2026/09/16,2026/10/08,2026-10,CALL,44750,18445,,,,,,,,,,,,,
2026/09/15 20:55,2026-09-15T21:10:55+09:00,2026/09/16,2026/10/08,2026-10,PUT,44750,27,,,59.84,55.94,31,28,18,28,,,,,
2026/09/15 20:55,2026-09-15T21:10:55+09:00,2026/09/16,2026/10/08,2026-10,CALL,44500,18690,,,,,,,,,,,,,
2026/09/15 20:55,2026-09-15T21:10:55+09:00,2026/09/16,2026/10/08,2026-10,PUT,44500,26,,,59.35,58.13,26,11,22,8,,,,,
2026/09/15 20:55,2026-09-15T21:10:55+09:00,2026/09/16,2026/10/08,2026-10,CALL,44250,18940,,,,,,,,,,,,,
2026/09/15 20:55,2026-09-15T21:10:55+09:00,2026/09/16,2026/10/08,2026-10,PUT,44250,26,,,61.55,57.56,31,28,18,28,,,,,
2026/09/15 20:55,2026-09-15T21:10:55+09:00,2026/09/16,2026/10/08,2026-10,CALL,44000,19190,,,,,,,,,,,,,
2026/09/15 20:55,2026-09-15T21:10:55+09:00,2026/09/16,2026/10/08,2026-10,PUT,44000,24,,5,60.43,59.1,24,15,20,13,59.45,-2,-8.33,22,09/15 19:51
2026/09/15 20:55,2026-09-15T21:10:55+09:00,2026/09/16,2026/10/08,2026-10,CALL,43750,19440,,,,,,,,,,,,,
2026/09/15 20:55,2026-09-15T21:10:55+09:00,2026/09/16,2026/10/08,2026-10,PUT,43750,24,,,62.46,59.57,28,28,19,5,,,,,
2026/09/15 20:55,2026-09-15T21:10:55+09:00,2026/09/16,2026/10/08,2026-10,CALL,43500,19685,,,,,,,,,,,,,
2026/09/15 20:55,2026-09-15T21:10:55+09:00,2026/09/16,2026/10/08,2026-10,PUT,43500,23,,,61.46,60.01,22,11,18,8,,,,,
2026/09/15 20:55,2026-09-15T21:10:55+09:00,2026/09/16,2026/10/08,2026-10,CALL,43250,19935,,,,,,,,,,,,,
2026/09/15 20:55,2026-09-15T21:10:55+09:00,2026/09/16,2026/10/08,2026-10,PUT,43250,22,,,63.59,60.43,26,28,17,5,,,,,
2026/09/15 20:55,2026-09-15T21:10:55+09:00,2026/09/16,2026/10/08,2026-10,CALL,43000,20185,,,,,,,,,,,,,
2026/09/15 20:55,2026-09-15T21:10:55+09:00,2026/09/16,2026/10/08,2026-10,PUT,43000,21,,5,62.43,61.67,20,12,18,5,61.62,-2,-10,18,09/15 20:16
2026/09/15 20:55,2026-09-15T21:10:55+09:00,2026/09/16,2026/10/08,2026-10,CALL,42750,20435,,,,,,,,,,,,,
2026/09/15 20:55,2026-09-15T21:10:55+09:00,2026/09/16,2026/10/08,2026-10,PUT,42750,20,,,65.32,61.21,26,28,15,28,,,,,
2026/09/15 20:55,2026-09-15T21:10:55+09:00,2026/09/16,2026/10/08,2026-10,CALL,42000,21180,,,,,,,,,,,,,
2026/09/15 20:55,2026-09-15T21:10:55+09:00,2026/09/16,2026/10/08,2026-10,PUT,42000,17,,4,64.6,63.7,17,13,15,5,64.05,1,5.88,18,09/15 18:42
2026/09/15 20:55,2026-09-15T21:10:55+09:00,2026/09/16,2026/10/08,2026-10,CALL,41000,22180,,,,,,,,,,,,,
2026/09/15 20:55,2026-09-15T21:10:55+09:00,2026/09/16,2026/10/08,2026-10,PUT,41000,16,,,67.07,66.02,15,12,13,2,,,,,
2026/09/15 20:55,2026-09-15T21:10:55+09:00,2026/09/16,2026/10/08,2026-10,CALL,40000,23175,,,,,,,,,,,,,
2026/09/15 20:55,2026-09-15T21:10:55+09:00,2026/09/16,2026/10/08,2026-10,PUT,40000,13,,15,69.43,67.53,13,18,10,17,68.16,-1,-8.33,11,09/15 20:44
2026/09/15 20:55,2026-09-15T21:10:55+09:00,2026/09/16,2026/10/08,2026-10,CALL,39000,24170,,,,,,,,,,,,,
2026/09/15 20:55,2026-09-15T21:10:55+09:00,2026/09/16,2026/10/08,2026-10,PUT,39000,11,,,70.93,69.35,10,17,8,27,,,,,
2026/09/15 20:55,2026-09-15T21:10:55+09:00,2026/09/16,2026/10/08,2026-10,CALL,38000,25170,,,,,,,,,,,,,
2026/09/15 20:55,2026-09-15T21:10:55+09:00,2026/09/16,2026/10/08,2026-10,PUT,38000,9,,3,72.76,71.82,8,3,7,27,72.75,0,0,9,09/15 18:46
2026/09/15 20:55,2026-09-15T21:10:55+09:00,2026/09/16,2026/10/08,2026-10,CALL,37000,26165,,,,,,,,,,,,,
2026/09/15 20:55,2026-09-15T21:10:55+09:00,2026/09/16,2026/10/08,2026-10,PUT,37000,8,,1,75.28,74.18,7,17,6,33,74.8,-1,-12.5,7,09/15 19:25
2026/09/15 20:55,2026-09-15T21:10:55+09:00,2026/09/16,2026/10/08,2026-10,CALL,36000,27165,,,,,,,,,,,,,
2026/09/15 20:55,2026-09-15T21:10:55+09:00,2026/09/16,2026/10/08,2026-10,PUT,36000,7,,4,77.68,76.39,6,15,5,27,77.28,0,0,6,09/15 19:48
2026/09/15 20:55,2026-09-15T21:10:55+09:00,2026/09/16,2026/10/08,2026-10,CALL,35000,28165,,,,,,,,,,,,,
2026/09/15 20:55,2026-09-15T21:10:55+09:00,2026/09/16,2026/10/08,2026-10,PUT,35000,6,,2,79.93,78.36,5,1,4,161,78.28,-1,-20,4,09/15 20:40
2026/09/15 20:55,2026-09-15T21:10:55+09:00,2026/09/16,2026/10/08,2026-10,CALL,34000,29160,,,,,,,,,,,,,
2026/09/15 20:55,2026-09-15T21:10:55+09:00,2026/09/16,2026/10/08,2026-10,PUT,34000,5,,,83.57,79.94,5,98,3,114,,,,,
2026/09/15 20:55,2026-09-15T21:10:55+09:00,2026/09/16,2026/10/08,2026-10,CALL,33000,30160,,,,,,,,,,,,,
2026/09/15 20:55,2026-09-15T21:10:55+09:00,2026/09/16,2026/10/08,2026-10,PUT,33000,4,,11,85.61,83.53,4,27,3,29,83.47,-1,-25,3,09/15 20:24
2026/09/15 20:55,2026-09-15T21:10:55+09:00,2026/09/16,2026/10/08,2026-10,CALL,32000,31160,,,,,,,,,,,,,
2026/09/15 20:55,2026-09-15T21:10:55+09:00,2026/09/16,2026/10/08,2026-10,PUT,32000,3,,1,87.24,84.42,3,12,2,59,87.17,0,0,3,09/15 20:32
2026/09/15 20:55,2026-09-15T21:10:55+09:00,2026/09/16,2026/10/08,2026-10,CALL,31000,32155,,,,,,,,,,,,,
2026/09/15 20:55,2026-09-15T21:10:55+09:00,2026/09/16,2026/10/08,2026-10,PUT,31000,3,,,91.06,88.12,3,12,2,3,,,,,
2026/09/15 20:55,2026-09-15T21:10:55+09:00,2026/09/16,2026/10/08,2026-10,CALL,30000,33155,,,,,,,,,,,,,
2026/09/15 20:55,2026-09-15T21:10:55+09:00,2026/09/16,2026/10/08,2026-10,PUT,30000,2,,20,95,91.95,3,75,2,32,94.02,1,50,3,09/15 17:30
2026/09/15 20:55,2026-09-15T21:10:55+09:00,2026/09/16,2026/10/08,2026-10,CALL,29000,34155,,,,,,,,,,,,,
2026/09/15 20:55,2026-09-15T21:10:55+09:00,2026/09/16,2026/10/08,2026-10,PUT,29000,1,,7,95.9,91.05,2,6,1,137,95.64,0,0,2,09/15 19:54
2026/09/15 20:55,2026-09-15T21:10:55+09:00,2026/09/16,2026/10/08,2026-10,CALL,28000,35150,,,,,,,,,,,,,
2026/09/15 20:55,2026-09-15T21:10:55+09:00,2026/09/16,2026/10/08,2026-10,PUT,28000,1,,,99.99,94.95,2,31,1,117,,,,,
2026/09/15 20:55,2026-09-15T21:10:55+09:00,2026/09/16,2026/10/08,2026-10,CALL,27000,36150,,,,,,,,,,,,,
2026/09/15 20:55,2026-09-15T21:10:55+09:00,2026/09/16,2026/10/08,2026-10,PUT,27000,1,,,104.22,98.99,2,87,1,107,,,,,
2026/09/15 20:55,2026-09-15T21:10:55+09:00,2026/09/16,2026/10/08,2026-10,CALL,26000,37150,,,,,,,,,,,,,
2026/09/15 20:55,2026-09-15T21:10:55+09:00,2026/09/16,2026/10/08,2026-10,PUT,26000,1,,23,108.62,103.18,2,127,1,68,103.17,0,0,1,09/15 20:09
2026/09/15 20:55,2026-09-15T21:10:55+09:00,2026/09/16,2026/10/08,2026-10,CALL,25000,38150,,,,,,,,,,,,,
2026/09/15 20:55,2026-09-15T21:10:55+09:00,2026/09/16,2026/10/08,2026-10,PUT,25000,1,,24,113.19,,2,138,,,106.42,0,0,1,09/15 18:20
2026/09/15 20:55,2026-09-15T21:10:55+09:00,2026/09/16,2026/11/12,2026-11,CALL,85000,9,,2,27.16,26.54,10,5,8,27,26.86,-1,-10,9,09/15 20:51
2026/09/15 20:55,2026-09-15T21:10:55+09:00,2026/09/16,2026/11/12,2026-11,PUT,85000,21650,,,,,,,,,,,,,
2026/09/15 20:55,2026-09-15T21:10:55+09:00,2026/09/16,2026/11/12,2026-11,CALL,82500,18,,,26.53,26,19,2,16,1,,,,,
2026/09/15 20:55,2026-09-15T21:10:55+09:00,2026/09/16,2026/11/12,2026-11,PUT,82500,19165,,,,,,,,,,,,,
2026/09/15 20:55,2026-09-15T21:10:55+09:00,2026/09/16,2026/11/12,2026-11,CALL,80000,34,,,26.03,25.32,38,24,31,24,,,,,
2026/09/15 20:55,2026-09-15T21:10:55+09:00,2026/09/16,2026/11/12,2026-11,PUT,80000,16685,,,,,,,,,,,,,
2026/09/15 20:55,2026-09-15T21:10:55+09:00,2026/09/16,2026/11/12,2026-11,CALL,79500,38,,,25.88,25.24,43,16,36,16,,,,,
2026/09/15 20:55,2026-09-15T21:10:55+09:00,2026/09/16,2026/11/12,2026-11,PUT,79500,16190,,,,,,,,,,,,,
2026/09/15 20:55,2026-09-15T21:10:55+09:00,2026/09/16,2026/11/12,2026-11,CALL,79000,43,,,25.82,25.17,50,79,42,26,,,,,
2026/09/15 20:55,2026-09-15T21:10:55+09:00,2026/09/16,2026/11/12,2026-11,PUT,79000,15695,,,,,,,,,,,,,
2026/09/15 20:55,2026-09-15T21:10:55+09:00,2026/09/16,2026/11/12,2026-11,CALL,78500,50,,,25.69,25.11,57,14,49,52,,,,,
2026/09/15 20:55,2026-09-15T21:10:55+09:00,2026/09/16,2026/11/12,2026-11,PUT,78500,15205,,,,,,,,,,,,,
2026/09/15 20:55,2026-09-15T21:10:55+09:00,2026/09/16,2026/11/12,2026-11,CALL,78000,58,,,25.5,25.04,64,1,57,73,,,,,
2026/09/15 20:55,2026-09-15T21:10:55+09:00,2026/09/16,2026/11/12,2026-11,PUT,78000,14715,,,,,,,,,,,,,
2026/09/15 20:55,2026-09-15T21:10:55+09:00,2026/09/16,2026/11/12,2026-11,CALL,77500,68,,,25.43,24.96,74,14,66,49,,,,,
2026/09/15 20:55,2026-09-15T21:10:55+09:00,2026/09/16,2026/11/12,2026-11,PUT,77500,14225,,,,,,,,,,,,,
2026/09/15 20:55,2026-09-15T21:10:55+09:00,2026/09/16,2026/11/12,2026-11,CALL,77000,77,,,25.33,25.02,85,18,79,18,,,,,
2026/09/15 20:55,2026-09-15T21:10:55+09:00,2026/09/16,2026/11/12,2026-11,PUT,77000,13735,,,,,,,,,,,,,
2026/09/15 20:55,2026-09-15T21:10:55+09:00,2026/09/16,2026/11/12,2026-11,CALL,76500,90,,,25.3,24.92,99,12,91,12,,,,,
2026/09/15 20:55,2026-09-15T21:10:55+09:00,2026/09/16,2026/11/12,2026-11,PUT,76500,13250,,,,,,,,,,,,,
2026/09/15 20:55,2026-09-15T21:10:55+09:00,2026/09/16,2026/11/12,2026-11,CALL,76250,96,,,25.2,24.93,105,8,99,8,,,,,
2026/09/15 20:55,2026-09-15T21:10:55+09:00,2026/09/16,2026/11/12,2026-11,PUT,76250,13005,,,,,,,,,,,,,
2026/09/15 20:55,2026-09-15T21:10:55+09:00,2026/09/16,2026/11/12,2026-11,CALL,76000,103,,1,25.18,24.92,113,2,107,17,25.46,9,8.91,110,09/15 20:18
2026/09/15 20:55,2026-09-15T21:10:55+09:00,2026/09/16,2026/11/12,2026-11,PUT,76000,12760,,,,,,,,,,,,,
2026/09/15 20:55,2026-09-15T21:10:55+09:00,2026/09/16,2026/11/12,2026-11,CALL,75750,111,,,25.13,24.84,121,2,114,24,,,,,
2026/09/15 20:55,2026-09-15T21:10:55+09:00,2026/09/16,2026/11/12,2026-11,PUT,75750,12520,,,,,,,,,,,,,
2026/09/15 20:55,2026-09-15T21:10:55+09:00,2026/09/16,2026/11/12,2026-11,CALL,75500,120,,,25.09,24.87,130,2,124,10,,,,,
2026/09/15 20:55,2026-09-15T21:10:55+09:00,2026/09/16,2026/11/12,2026-11,PUT,75500,12280,,,,,,,,,,,,,
2026/09/15 20:55,2026-09-15T21:10:55+09:00,2026/09/16,2026/11/12,2026-11,CALL,75250,128,,,25.08,24.86,140,2,134,7,,,,,
2026/09/15 20:55,2026-09-15T21:10:55+09:00,2026/09/16,2026/11/12,2026-11,PUT,75250,12040,,,34.6,,12135,6,11545,1,,,,,
2026/09/15 20:55,2026-09-15T21:10:55+09:00,2026/09/16,2026/11/12,2026-11,CALL,75000,141,,1,25.03,24.79,150,1,143,51,25.25,3,2.26,136,09/15 18:50
2026/09/15 20:55,2026-09-15T21:10:55+09:00,2026/09/16,2026/11/12,2026-11,PUT,75000,11800,,,27.18,,11570,3,11325,1,,,,,
2026/09/15 20:55,2026-09-15T21:10:55+09:00,2026/09/16,2026/11/12,2026-11,CALL,74750,150,,,25.1,24.77,164,5,154,22,,,,,
2026/09/15 20:55,2026-09-15T21:10:55+09:00,2026/09/16,2026/11/12,2026-11,PUT,74750,11560,,,33.74,,11640,6,10870,6,,,,,
2026/09/15 20:55,2026-09-15T21:10:55+09:00,2026/09/16,2026/11/12,2026-11,CALL,74500,161,,,25.04,24.79,175,2,167,8,,,,,
2026/09/15 20:55,2026-09-15T21:10:55+09:00,2026/09/16,2026/11/12,2026-11,PUT,74500,11325,,,27.01,,11095,2,10715,1,,,,,
2026/09/15 20:55,2026-09-15T21:10:55+09:00,2026/09/16,2026/11/12,2026-11,CALL,74250,173,,,25.02,24.81,188,2,181,5,,,,,
2026/09/15 20:55,2026-09-15T21:10:55+09:00,2026/09/16,2026/11/12,2026-11,PUT,74250,11085,,,33.31,,11170,6,10595,1,,,,,
2026/09/15 20:55,2026-09-15T21:10:55+09:00,2026/09/16,2026/11/12,2026-11,CALL,74000,185,,,25.02,24.74,203,2,193,47,,,,,
2026/09/15 20:55,2026-09-15T21:10:55+09:00,2026/09/16,2026/11/12,2026-11,PUT,74000,10850,,,33.51,,10960,15,10240,1,,,,,
2026/09/15 20:55,2026-09-15T21:10:55+09:00,2026/09/16,2026/11/12,2026-11,CALL,73750,199,,,25.01,24.74,218,2,208,5,,,,,
2026/09/15 20:55,2026-09-15T21:10:55+09:00,2026/09/16,2026/11/12,2026-11,PUT,73750,10615,,,32.83,,10700,6,10045,1,,,,,
2026/09/15 20:55,2026-09-15T21:10:55+09:00,2026/09/16,2026/11/12,2026-11,CALL,73500,215,,1,25.01,24.75,235,4,225,8,25.05,,,210,09/15 19:18
2026/09/15 20:55,2026-09-15T21:10:55+09:00,2026/09/16,2026/11/12,2026-11,PUT,73500,10380,,,32.91,21.77,10485,10,9975,1,,,,,
2026/09/15 20:55,2026-09-15T21:10:55+09:00,2026/09/16,2026/11/12,2026-11,CALL,73250,231,,2,24.99,24.74,252,2,242,5,25.11,,,208,09/15 18:18
2026/09/15 20:55,2026-09-15T21:10:55+09:00,2026/09/16,2026/11/12,2026-11,PUT,73250,10145,,,32.4,0,10235,6,9600,1,,,,,
2026/09/15 20:55,2026-09-15T21:10:55+09:00,2026/09/16,2026/11/12,2026-11,CALL,73000,251,,,25.04,24.73,273,11,260,11,,,,,
2026/09/15 20:55,2026-09-15T21:10:55+09:00,2026/09/16,2026/11/12,2026-11,PUT,73000,9915,,,32.68,21.62,10035,15,9495,1,,,,,
2026/09/15 20:55,2026-09-15T21:10:55+09:00,2026/09/16,2026/11/12,2026-11,CALL,72750,268,,,25.03,24.74,293,5,280,5,,,,,
2026/09/15 20:55,2026-09-15T21:10:55+09:00,2026/09/16,2026/11/12,2026-11,PUT,72750,9685,,,32.07,,9780,6,9030,1,,,,,
2026/09/15 20:55,2026-09-15T21:10:55+09:00,2026/09/16,2026/11/12,2026-11,CALL,72500,289,,,25.04,24.82,315,2,305,2,,,,,
2026/09/15 20:55,2026-09-15T21:10:55+09:00,2026/09/16,2026/11/12,2026-11,PUT,72500,9455,,,32.07,,9565,10,8810,1,,,,,
2026/09/15 20:55,2026-09-15T21:10:55+09:00,2026/09/16,2026/11/12,2026-11,CALL,72250,310,,,25.07,24.87,340,2,330,2,,,,,
2026/09/15 20:55,2026-09-15T21:10:55+09:00,2026/09/16,2026/11/12,2026-11,PUT,72250,9225,,,31.68,,9325,6,8530,6,,,,,
2026/09/15 20:55,2026-09-15T21:10:55+09:00,2026/09/16,2026/11/12,2026-11,CALL,72125,315,,,25.72,24.11,385,3,305,3,,,,,
2026/09/15 20:55,2026-09-15T21:10:55+09:00,2026/09/16,2026/11/12,2026-11,PUT,72125,9105,,,31.48,,9205,5,8470,1,,,,,
2026/09/15 20:55,2026-09-15T21:10:55+09:00,2026/09/16,2026/11/12,2026-11,CALL,72000,335,,2,25.08,24.89,365,11,355,11,25.06,-47,-13.62,298,09/15 18:18
2026/09/15 20:55,2026-09-15T21:10:55+09:00,2026/09/16,2026/11/12,2026-11,PUT,72000,9000,,,31.87,22.66,9125,15,8600,1,,,,,
2026/09/15 20:55,2026-09-15T21:10:55+09:00,2026/09/16,2026/11/12,2026-11,CALL,71875,340,,,25.69,24.14,410,3,330,3,,,,,
2026/09/15 20:55,2026-09-15T21:10:55+09:00,2026/09/16,2026/11/12,2026-11,PUT,71875,8880,,,31.3,18.41,8980,5,8330,1,,,,,
2026/09/15 20:55,2026-09-15T21:10:55+09:00,2026/09/16,2026/11/12,2026-11,CALL,71750,360,,,25.06,24.87,390,2,380,2,,,,,
2026/09/15 20:55,2026-09-15T21:10:55+09:00,2026/09/16,2026/11/12,2026-11,PUT,71750,8775,,,31.31,18.87,8875,6,8225,1,,,,,
2026/09/15 20:55,2026-09-15T21:10:55+09:00,2026/09/16,2026/11/12,2026-11,CALL,71625,360,,,25.54,24.24,430,3,360,3,,,,,
2026/09/15 20:55,2026-09-15T21:10:55+09:00,2026/09/16,2026/11/12,2026-11,PUT,71625,8655,,,31.1,19.84,8755,5,8140,1,,,,,
2026/09/15 20:55,2026-09-15T21:10:55+09:00,2026/09/16,2026/11/12,2026-11,CALL,71500,385,,,25.1,24.92,420,6,410,6,,,,,
2026/09/15 20:55,2026-09-15T21:10:55+09:00,2026/09/16,2026/11/12,2026-11,PUT,71500,8555,,,31.39,17.78,8670,10,7955,1,,,,,
2026/09/15 20:55,2026-09-15T21:10:55+09:00,2026/09/16,2026/11/12,2026-11,CALL,71375,395,,,25.8,24.11,475,12,380,2,,,,,
2026/09/15 20:55,2026-09-15T21:10:55+09:00,2026/09/16,2026/11/12,2026-11,PUT,71375,8435,,,30.96,19.53,8535,5,7895,1,,,,,
2026/09/15 20:55,2026-09-15T21:10:55+09:00,2026/09/16,2026/11/12,2026-11,CALL,71250,415,,,25.11,24.94,450,4,440,4,,,,,
2026/09/15 20:55,2026-09-15T21:10:55+09:00,2026/09/16,2026/11/12,2026-11,PUT,71250,8330,,,31.02,20.2,8435,6,7805,1,,,,,
2026/09/15 20:55,2026-09-15T21:10:55+09:00,2026/09/16,2026/11/12,2026-11,CALL,71125,420,,,25.69,24.15,500,12,410,2,,,,,
2026/09/15 20:55,2026-09-15T21:10:55+09:00,2026/09/16,2026/11/12,2026-11,PUT,71125,8210,,,30.8,21.85,8315,5,7765,1,,,,,
2026/09/15 20:55,2026-09-15T21:10:55+09:00,2026/09/16,2026/11/12,2026-11,CALL,71000,445,,7,25.09,24.92,480,2,470,2,25.13,20,4.65,450,09/15 19:38
2026/09/15 20:55,2026-09-15T21:10:55+09:00,2026/09/16,2026/11/12,2026-11,PUT,71000,8110,,,31.19,23.07,8240,15,7715,1,,,,,
2026/09/15 20:55,2026-09-15T21:10:55+09:00,2026/09/16,2026/11/12,2026-11,CALL,70875,445,,,25.64,24.23,530,2,445,2,,,,,
2026/09/15 20:55,2026-09-15T21:10:55+09:00,2026/09/16,2026/11/12,2026-11,PUT,70875,7990,,,30.69,23.45,8100,5,7625,5,,,,,
2026/09/15 20:55,2026-09-15T21:10:55+09:00,2026/09/16,2026/11/12,2026-11,CALL,70750,475,,,25.12,24.96,515,2,505,4,,,,,
2026/09/15 20:55,2026-09-15T21:10:55+09:00,2026/09/16,2026/11/12,2026-11,PUT,70750,7895,,,30.66,21.61,7995,6,7415,1,,,,,
2026/09/15 20:55,2026-09-15T21:10:55+09:00,2026/09/16,2026/11/12,2026-11,CALL,70625,475,,,25.64,24.2,565,2,475,2,,,,,
2026/09/15 20:55,2026-09-15T21:10:55+09:00,2026/09/16,2026/11/12,2026-11,PUT,70625,7770,,,30.49,21.26,7880,5,7285,1,,,,,
2026/09/15 20:55,2026-09-15T21:10:55+09:00,2026/09/16,2026/11/12,2026-11,CALL,70500,515,,,25.12,24.97,550,2,540,6,,,,,
2026/09/15 20:55,2026-09-15T21:10:55+09:00,2026/09/16,2026/11/12,2026-11,PUT,70500,7680,,,30.78,20.61,7800,10,7140,1,,,,,
2026/09/15 20:55,2026-09-15T21:10:55+09:00,2026/09/16,2026/11/12,2026-11,CALL,70375,515,,,25.75,24.29,610,12,515,2,,,,,
2026/09/15 20:55,2026-09-15T21:10:55+09:00,2026/09/16,2026/11/12,2026-11,PUT,70375,7560,,,30.34,23.32,7665,5,7180,5,,,,,
2026/09/15 20:55,2026-09-15T21:10:55+09:00,2026/09/16,2026/11/12,2026-11,CALL,70250,550,,,25.17,25.02,590,2,580,4,,,,,
2026/09/15 20:55,2026-09-15T21:10:55+09:00,2026/09/16,2026/11/12,2026-11,PUT,70250,7470,,,30.42,18.42,7570,6,6810,1,,,,,
2026/09/15 20:55,2026-09-15T21:10:55+09:00,2026/09/16,2026/11/12,2026-11,CALL,70125,550,,,25.69,24.35,645,2,555,2,,,,,
2026/09/15 20:55,2026-09-15T21:10:55+09:00,2026/09/16,2026/11/12,2026-11,PUT,70125,7345,,,30.24,21.42,7455,5,6850,5,,,,,
2026/09/15 20:55,2026-09-15T21:10:55+09:00,2026/09/16,2026/11/12,2026-11,CALL,70000,585,,4,25.25,25.03,635,8,620,2,25.18,-20,-3.28,590,09/15 19:35
2026/09/15 20:55,2026-09-15T21:10:55+09:00,2026/09/16,2026/11/12,2026-11,PUT,70000,7255,,,30.5,22.66,7375,15,6815,1,,,,,
2026/09/15 20:55,2026-09-15T21:10:55+09:00,2026/09/16,2026/11/12,2026-11,CALL,69875,590,,,25.74,24.45,690,2,600,2,,,,,
2026/09/15 20:55,2026-09-15T21:10:55+09:00,2026/09/16,2026/11/12,2026-11,PUT,69875,7135,,,30.12,24,7245,5,6795,1,,,,,
2026/09/15 20:55,2026-09-15T21:10:55+09:00,2026/09/16,2026/11/12,2026-11,CALL,69750,630,,,25.23,25.02,675,2,660,4,,,,,
2026/09/15 20:55,2026-09-15T21:10:55+09:00,2026/09/16,2026/11/12,2026-11,PUT,69750,7050,,,30.11,18.98,7145,6,6385,6,,,,,
2026/09/15 20:55,2026-09-15T21:10:55+09:00,2026/09/16,2026/11/12,2026-11,CALL,69625,645,,,25.69,24.51,730,2,645,2,,,,,
2026/09/15 20:55,2026-09-15T21:10:55+09:00,2026/09/16,2026/11/12,2026-11,PUT,69625,6940,,,29.97,22.97,7035,5,6515,5,,,,,
2026/09/15 20:55,2026-09-15T21:10:55+09:00,2026/09/16,2026/11/12,2026-11,CALL,69500,670,,,25.32,25.04,725,2,705,4,,,,,
2026/09/15 20:55,2026-09-15T21:10:55+09:00,2026/09/16,2026/11/12,2026-11,PUT,69500,6840,,,30.2,19.81,6955,10,6210,10,,,,,
2026/09/15 20:55,2026-09-15T21:10:55+09:00,2026/09/16,2026/11/12,2026-11,CALL,69375,685,,,25.88,24.39,790,10,680,25,,,,,
2026/09/15 20:55,2026-09-15T21:10:55+09:00,2026/09/16,2026/11/12,2026-11,PUT,69375,6730,,,29.8,22.69,6825,5,6285,1,,,,,
2026/09/15 20:55,2026-09-15T21:10:55+09:00,2026/09/16,2026/11/12,2026-11,CALL,69250,720,,,25.3,25.04,770,2,750,3,,,,,
2026/09/15 20:55,2026-09-15T21:10:55+09:00,2026/09/16,2026/11/12,2026-11,PUT,69250,6640,,,29.83,22.46,6730,6,6165,1,,,,,
2026/09/15 20:55,2026-09-15T21:10:55+09:00,2026/09/16,2026/11/12,2026-11,CALL,69125,735,,,25.77,24.45,830,10,730,1,,,,,
2026/09/15 20:55,2026-09-15T21:10:55+09:00,2026/09/16,2026/11/12,2026-11,PUT,69125,6535,,,29.68,22.45,6620,5,6060,5,,,,,
2026/09/15 20:55,2026-09-15T21:10:55+09:00,2026/09/16,2026/11/12,2026-11,CALL,69000,765,,1,25.32,25.19,820,1,810,5,25.44,-60,-7.14,780,09/15 19:51
2026/09/15 20:55,2026-09-15T21:10:55+09:00,2026/09/16,2026/11/12,2026-11,PUT,69000,6435,,,29.93,24.01,6545,15,6070,15,,,,,
2026/09/15 20:55,2026-09-15T21:10:55+09:00,2026/09/16,2026/11/12,2026-11,CALL,68875,775,,,25.89,24.55,890,1,785,10,,,,,
2026/09/15 20:55,2026-09-15T21:10:55+09:00,2026/09/16,2026/11/12,2026-11,PUT,68875,6325,,,29.59,22.54,6420,5,5860,1,,,,,
2026/09/15 20:55,2026-09-15T21:10:55+09:00,2026/09/16,2026/11/12,2026-11,CALL,68750,815,,,25.43,25.18,880,2,860,3,,,,,
2026/09/15 20:55,2026-09-15T21:10:55+09:00,2026/09/16,2026/11/12,2026-11,PUT,68750,6235,,,29.59,23.24,6325,6,5810,1,,,,,
2026/09/15 20:55,2026-09-15T21:10:55+09:00,2026/09/16,2026/11/12,2026-11,CALL,68625,820,,,25.91,24.6,945,10,840,25,,,,,
2026/09/15 20:55,2026-09-15T21:10:55+09:00,2026/09/16,2026/11/12,2026-11,PUT,68625,6120,,,29.47,23.9,6220,5,5760,5,,,,,
2026/09/15 20:55,2026-09-15T21:10:55+09:00,2026/09/16,2026/11/12,2026-11,CALL,68500,870,,,25.51,25.2,940,4,915,4,,,,,
2026/09/15 20:55,2026-09-15T21:10:55+09:00,2026/09/16,2026/11/12,2026-11,PUT,68500,6045,,,29.64,24.02,6140,10,5670,2,,,,,
2026/09/15 20:55,2026-09-15T21:10:55+09:00,2026/09/16,2026/11/12,2026-11,CALL,68375,875,,,25.95,24.62,1005,1,895,1,,,,,
2026/09/15 20:55,2026-09-15T21:10:55+09:00,2026/09/16,2026/11/12,2026-11,PUT,68375,5925,,,29.33,23.12,6020,5,5500,1,,,,,
2026/09/15 20:55,2026-09-15T21:10:55+09:00,2026/09/16,2026/11/12,2026-11,CALL,68250,925,,,25.55,25.31,1000,2,980,3,,,,,
2026/09/15 20:55,2026-09-15T21:10:55+09:00,2026/09/16,2026/11/12,2026-11,PUT,68250,5850,,,29.37,21.63,5930,6,5285,6,,,,,
2026/09/15 20:55,2026-09-15T21:10:55+09:00,2026/09/16,2026/11/12,2026-11,CALL,68125,960,,,26.14,24.6,1080,25,950,24,,,,,
2026/09/15 20:55,2026-09-15T21:10:55+09:00,2026/09/16,2026/11/12,2026-11,PUT,68125,5755,,,29.23,23.94,5825,8,5370,8,,,,,
2026/09/15 20:55,2026-09-15T21:10:55+09:00,2026/09/16,2026/11/12,2026-11,CALL,68000,985,,6,25.61,25.32,1065,5,1040,5,26.14,155,17.32,1050,09/15 20:09
2026/09/15 20:55,2026-09-15T21:10:55+09:00,2026/09/16,2026/11/12,2026-11,PUT,68000,5660,,,29.36,24.01,5745,22,5280,4,,,,,
2026/09/15 20:55,2026-09-15T21:10:55+09:00,2026/09/16,2026/11/12,2026-11,CALL,67875,1010,,,26.12,24.61,1140,24,1010,24,,,,,
2026/09/15 20:55,2026-09-15T21:10:55+09:00,2026/09/16,2026/11/12,2026-11,PUT,67875,5560,,,29.15,23.78,5635,8,5165,7,,,,,
2026/09/15 20:55,2026-09-15T21:10:55+09:00,2026/09/16,2026/11/12,2026-11,CALL,67750,1045,,,25.64,25.3,1130,2,1100,3,,,,,
2026/09/15 20:55,2026-09-15T21:10:55+09:00,2026/09/16,2026/11/12,2026-11,PUT,67750,5470,,,29.16,24.55,5545,8,5135,7,,,,,
2026/09/15 20:55,2026-09-15T21:10:55+09:00,2026/09/16,2026/11/12,2026-11,CALL,67625,1060,,,26.18,24.7,1210,24,1080,24,,,,,
2026/09/15 20:55,2026-09-15T21:10:55+09:00,2026/09/16,2026/11/12,2026-11,PUT,67625,5360,,,29.05,23.49,5445,8,4950,7,,,,,
2026/09/15 20:55,2026-09-15T21:10:55+09:00,2026/09/16,2026/11/12,2026-11,CALL,67500,1115,,,25.75,25.41,1205,4,1175,4,,,,,
2026/09/15 20:55,2026-09-15T21:10:55+09:00,2026/09/16,2026/11/12,2026-11,PUT,67500,5295,,,29.15,24.74,5365,3,4965,1,,,,,
2026/09/15 20:55,2026-09-15T21:10:55+09:00,2026/09/16,2026/11/12,2026-11,CALL,67375,1135,,,26.26,24.87,1285,24,1160,9,,,,,
2026/09/15 20:55,2026-09-15T21:10:55+09:00,2026/09/16,2026/11/12,2026-11,PUT,67375,5190,,,28.98,22.82,5260,8,4705,7,,,,,
2026/09/15 20:55,2026-09-15T21:10:55+09:00,2026/09/16,2026/11/12,2026-11,CALL,67250,1180,,,25.82,25.44,1280,3,1245,3,,,,,
2026/09/15 20:55,2026-09-15T21:10:55+09:00,2026/09/16,2026/11/12,2026-11,PUT,67250,5105,,,26.26,24.88,4920,4,4795,3,,,,,
2026/09/15 20:55,2026-09-15T21:10:55+09:00,2026/09/16,2026/11/12,2026-11,CALL,67125,1210,,,26.25,24.83,1355,9,1225,24,,,,,
2026/09/15 20:55,2026-09-15T21:10:55+09:00,2026/09/16,2026/11/12,2026-11,PUT,67125,5010,,,28.88,24.78,5075,8,4695,7,,,,,
2026/09/15 20:55,2026-09-15T21:10:55+09:00,2026/09/16,2026/11/12,2026-11,CALL,67000,1260,,11,25.86,25.53,1355,2,1325,5,25.88,-35,-2.86,1190,09/15 18:40
2026/09/15 20:55,2026-09-15T21:10:55+09:00,2026/09/16,2026/11/12,2026-11,PUT,67000,4935,,,26.24,24.83,4740,9,4610,10,,,,,
2026/09/15 20:55,2026-09-15T21:10:55+09:00,2026/09/16,2026/11/12,2026-11,CALL,66875,1275,,,26.37,24.92,1440,8,1305,23,,,,,
2026/09/15 20:55,2026-09-15T21:10:55+09:00,2026/09/16,2026/11/12,2026-11,PUT,66875,4830,,,28.8,25.46,4895,8,4580,1,,,,,
2026/09/15 20:55,2026-09-15T21:10:55+09:00,2026/09/16,2026/11/12,2026-11,CALL,66750,1330,,,25.97,25.59,1440,3,1405,3,,,,,
2026/09/15 20:55,2026-09-15T21:10:55+09:00,2026/09/16,2026/11/12,2026-11,PUT,66750,4765,,,26.29,24.79,4570,4,4430,4,,,,,
2026/09/15 20:55,2026-09-15T21:10:55+09:00,2026/09/16,2026/11/12,2026-11,CALL,66625,1355,,,26.4,25.13,1520,8,1400,8,,,,,
2026/09/15 20:55,2026-09-15T21:10:55+09:00,2026/09/16,2026/11/12,2026-11,PUT,66625,4660,,,28.75,25.51,4720,8,4410,6,,,,,
2026/09/15 20:55,2026-09-15T21:10:55+09:00,2026/09/16,2026/11/12,2026-11,CALL,66500,1415,,,26.09,25.67,1530,38,1490,4,,,,,
2026/09/15 20:55,2026-09-15T21:10:55+09:00,2026/09/16,2026/11/12,2026-11,PUT,66500,4595,,,26.51,24.78,4420,4,4255,6,,,,,
2026/09/15 20:55,2026-09-15T21:10:55+09:00,2026/09/16,2026/11/12,2026-11,CALL,66375,1440,,,26.4,25.25,1600,8,1490,8,,,,,
2026/09/15 20:55,2026-09-15T21:10:55+09:00,2026/09/16,2026/11/12,2026-11,PUT,66375,4495,,,28.67,25.57,4545,8,4245,6,,,,,
2026/09/15 20:55,2026-09-15T21:10:55+09:00,2026/09/16,2026/11/12,2026-11,CALL,66250,1495,,,26.13,25.66,1615,2,1570,2,,,,,
2026/09/15 20:55,2026-09-15T21:10:55+09:00,2026/09/16,2026/11/12,2026-11,PUT,66250,4420,,,26.59,25.72,4260,3,4175,2,,,,,
2026/09/15 20:55,2026-09-15T21:10:55+09:00,2026/09/16,2026/11/12,2026-11,CALL,66125,1530,,,26.47,25.34,1690,8,1580,23,,,,,
2026/09/15 20:55,2026-09-15T21:10:55+09:00,2026/09/16,2026/11/12,2026-11,PUT,66125,4330,,,28.62,25.59,4375,8,4080,6,,,,,
2026/09/15 20:55,2026-09-15T21:10:55+09:00,2026/09/16,2026/11/12,2026-11,CALL,66000,1585,,,26.18,25.67,1705,1,1655,4,,,,,
2026/09/15 20:55,2026-09-15T21:10:55+09:00,2026/09/16,2026/11/12,2026-11,PUT,66000,4265,,,26.64,25.83,4100,23,4020,4,,,,,
2026/09/15 20:55,2026-09-15T21:10:55+09:00,2026/09/16,2026/11/12,2026-11,CALL,65875,1640,,,26.55,25.43,1785,8,1675,8,,,,,
2026/09/15 20:55,2026-09-15T21:10:55+09:00,2026/09/16,2026/11/12,2026-11,PUT,65875,4195,,,28.58,24.05,4210,8,3765,7,,,,,
2026/09/15 20:55,2026-09-15T21:10:55+09:00,2026/09/16,2026/11/12,2026-11,CALL,65750,1675,,,26.41,25.75,1815,2,1750,2,,,,,
2026/09/15 20:55,2026-09-15T21:10:55+09:00,2026/09/16,2026/11/12,2026-11,PUT,65750,4105,,,26.66,25.8,3940,3,3855,8,,,,,
2026/09/15 20:55,2026-09-15T21:10:55+09:00,2026/09/16,2026/11/12,2026-11,CALL,65625,1705,,,26.65,25.54,1885,7,1775,7,,,,,
2026/09/15 20:55,2026-09-15T21:10:55+09:00,2026/09/16,2026/11/12,2026-11,PUT,65625,4010,,,26.96,25.7,3890,12,3765,6,,,,,
2026/09/15 20:55,2026-09-15T21:10:55+09:00,2026/09/16,2026/11/12,2026-11,CALL,65500,1775,,,26.49,25.94,1915,3,1860,3,,,,,
2026/09/15 20:55,2026-09-15T21:10:55+09:00,2026/09/16,2026/11/12,2026-11,PUT,65500,3955,,,26.64,26.04,3780,4,3720,1,,,,,
2026/09/15 20:55,2026-09-15T21:10:55+09:00,2026/09/16,2026/11/12,2026-11,CALL,65375,1810,,,26.67,25.62,1980,7,1875,22,,,,,
2026/09/15 20:55,2026-09-15T21:10:55+09:00,2026/09/16,2026/11/12,2026-11,PUT,65375,3865,,,27.32,25.77,3770,12,3615,6,,,,,
2026/09/15 20:55,2026-09-15T21:10:55+09:00,2026/09/16,2026/11/12,2026-11,CALL,65250,1865,,,26.59,25.94,2020,2,1955,2,,,,,
2026/09/15 20:55,2026-09-15T21:10:55+09:00,2026/09/16,2026/11/12,2026-11,PUT,65250,3795,,,26.74,26.04,3635,3,3565,2,,,,,
2026/09/15 20:55,2026-09-15T21:10:55+09:00,2026/09/16,2026/11/12,2026-11,CALL,65125,1920,,,26.8,25.71,2090,7,1980,7,,,,,
2026/09/15 20:55,2026-09-15T21:10:55+09:00,2026/09/16,2026/11/12,2026-11,PUT,65125,3725,,,27.39,25.9,3625,12,3475,6,,,,,
2026/09/15 20:55,2026-09-15T21:10:55+09:00,2026/09/16,2026/11/12,2026-11,CALL,65000,1970,,,26.65,26.16,2125,4,2075,4,,,,,
2026/09/15 20:55,2026-09-15T21:10:55+09:00,2026/09/16,2026/11/12,2026-11,PUT,65000,3655,,,26.85,26.26,3495,26,3435,1,,,,,
2026/09/15 20:55,2026-09-15T21:10:55+09:00,2026/09/16,2026/11/12,2026-11,CALL,64875,2025,,,26.89,25.81,2200,7,2090,22,,,,,
2026/09/15 20:55,2026-09-15T21:10:55+09:00,2026/09/16,2026/11/12,2026-11,PUT,64875,3580,,,27.09,26.05,3445,13,3340,7,,,,,
2026/09/15 20:55,2026-09-15T21:10:55+09:00,2026/09/16,2026/11/12,2026-11,CALL,64750,2075,,,26.73,26.09,2235,2,2170,2,,,,,
2026/09/15 20:55,2026-09-15T21:10:55+09:00,2026/09/16,2026/11/12,2026-11,PUT,64750,3510,,,26.98,26.29,3360,3,3290,2,,,,,
2026/09/15 20:55,2026-09-15T21:10:55+09:00,2026/09/16,2026/11/12,2026-11,CALL,64625,2130,,,26.9,26.02,2305,7,2215,22,,,,,
2026/09/15 20:55,2026-09-15T21:10:55+09:00,2026/09/16,2026/11/12,2026-11,PUT,64625,3435,,,27.2,26.16,3310,13,3205,7,,,,,
2026/09/15 20:55,2026-09-15T21:10:55+09:00,2026/09/16,2026/11/12,2026-11,CALL,64500,2190,,,26.87,26.28,2355,3,2295,3,,,,,
2026/09/15 20:55,2026-09-15T21:10:55+09:00,2026/09/16,2026/11/12,2026-11,PUT,64500,3370,,,27.07,26.48,3225,4,3165,1,,,,,
2026/09/15 20:55,2026-09-15T21:10:55+09:00,2026/09/16,2026/11/12,2026-11,CALL,64375,2250,,,27.07,26,2430,7,2320,22,,,,,
2026/09/15 20:55,2026-09-15T21:10:55+09:00,2026/09/16,2026/11/12,2026-11,PUT,64375,3305,,,27.27,26.24,3175,9,3070,7,,,,,
2026/09/15 20:55,2026-09-15T21:10:55+09:00,2026/09/16,2026/11/12,2026-11,CALL,64250,2300,,,26.93,26.29,2470,2,2405,2,,,,,
2026/09/15 20:55,2026-09-15T21:10:55+09:00,2026/09/16,2026/11/12,2026-11,PUT,64250,3235,,,27.17,26.53,3095,3,3030,2,,,,,
2026/09/15 20:55,2026-09-15T21:10:55+09:00,2026/09/16,2026/11/12,2026-11,CALL,64125,2365,,,27.21,26.13,2555,7,2445,22,,,,,
2026/09/15 20:55,2026-09-15T21:10:55+09:00,2026/09/16,2026/11/12,2026-11,PUT,64125,3170,,,27.41,26.38,3050,9,2945,7,,,,,
2026/09/15 20:55,2026-09-15T21:10:55+09:00,2026/09/16,2026/11/12,2026-11,CALL,64000,2420,,,27.1,26.61,2600,4,2550,4,,,,,
2026/09/15 20:55,2026-09-15T21:10:55+09:00,2026/09/16,2026/11/12,2026-11,PUT,64000,3105,,,27.1,26.65,2950,4,2905,4,,,,,
2026/09/15 20:55,2026-09-15T21:10:55+09:00,2026/09/16,2026/11/12,2026-11,CALL,63875,2485,,,27.22,26.24,2670,7,2570,13,,,,,
2026/09/15 20:55,2026-09-15T21:10:55+09:00,2026/09/16,2026/11/12,2026-11,PUT,63875,3045,,,27.56,26.48,2930,22,2820,7,,,,,
2026/09/15 20:55,2026-09-15T21:10:55+09:00,2026/09/16,2026/11/12,2026-11,CALL,63750,2545,,,27.23,26.64,2730,2,2670,2,,,,,
2026/09/15 20:55,2026-09-15T21:10:55+09:00,2026/09/16,2026/11/12,2026-11,PUT,63750,2980,,,27.52,26.54,2860,1,2760,1,,,,,
2026/09/15 20:55,2026-09-15T21:10:55+09:00,2026/09/16,2026/11/12,2026-11,CALL,63625,2610,,,27.38,26.35,2805,7,2700,13,,,,,
2026/09/15 20:55,2026-09-15T21:10:55+09:00,2026/09/16,2026/11/12,2026-11,PUT,63625,2920,,,27.68,26.6,2810,22,2700,7,,,,,
2026/09/15 20:55,2026-09-15T21:10:55+09:00,2026/09/16,2026/11/12,2026-11,CALL,63500,2675,,,27.33,26.69,2860,3,2795,3,,,,,
2026/09/15 20:55,2026-09-15T21:10:55+09:00,2026/09/16,2026/11/12,2026-11,PUT,63500,2860,,,27.48,26.89,2725,3,2665,3,,,,,
2026/09/15 20:55,2026-09-15T21:10:55+09:00,2026/09/16,2026/11/12,2026-11,CALL,63375,2740,,,27.66,26.28,2955,9,2815,12,,,,,
2026/09/15 20:55,2026-09-15T21:10:55+09:00,2026/09/16,2026/11/12,2026-11,PUT,63375,2800,,,27.76,26.68,2690,22,2580,7,,,,,
2026/09/15 20:55,2026-09-15T21:10:55+09:00,2026/09/16,2026/11/12,2026-11,CALL,63250,2820,,,27.44,26.75,2995,2,2925,2,,,,,
2026/09/15 20:55,2026-09-15T21:10:55+09:00,2026/09/16,2026/11/12,2026-11,PUT,63250,2755,,,27.59,26.9,2610,1,2540,1,,,,,
2026/09/15 20:55,2026-09-15T21:10:55+09:00,2026/09/16,2026/11/12,2026-11,CALL,63125,2885,,,27.66,26.33,3080,1,2945,12,,,,,
2026/09/15 20:55,2026-09-15T21:10:55+09:00,2026/09/16,2026/11/12,2026-11,PUT,63125,2695,,,27.91,26.82,2580,22,2470,7,,,,,
2026/09/15 20:55,2026-09-15T21:10:55+09:00,2026/09/16,2026/11/12,2026-11,CALL,63000,2950,,,27.57,26.98,3135,4,3075,4,,,,,
2026/09/15 20:55,2026-09-15T21:10:55+09:00,2026/09/16,2026/11/12,2026-11,PUT,63000,2640,,,27.67,27.08,2495,4,2435,4,,,,,
2026/09/15 20:55,2026-09-15T21:10:55+09:00,2026/09/16,2026/11/12,2026-11,CALL,62875,3020,,,27.87,26.53,3230,8,3095,12,,,,,
2026/09/15 20:55,2026-09-15T21:10:55+09:00,2026/09/16,2026/11/12,2026-11,PUT,62875,2580,,,28.02,26.93,2470,7,2360,7,,,,,
2026/09/15 20:55,2026-09-15T21:10:55+09:00,2026/09/16,2026/11/12,2026-11,CALL,62750,3095,,,27.72,26.92,3280,2,3200,3,,,,,
2026/09/15 20:55,2026-09-15T21:10:55+09:00,2026/09/16,2026/11/12,2026-11,PUT,62750,2530,,,27.72,27.22,2380,2,2330,2,,,,,
2026/09/15 20:55,2026-09-15T21:10:55+09:00,2026/09/16,2026/11/12,2026-11,CALL,62625,3160,,,28.05,27,3380,8,3275,3,,,,,
2026/09/15 20:55,2026-09-15T21:10:55+09:00,2026/09/16,2026/11/12,2026-11,PUT,62625,2470,,,28.15,27.05,2365,7,2255,7,,,,,
2026/09/15 20:55,2026-09-15T21:10:55+09:00,2026/09/16,2026/11/12,2026-11,CALL,62500,3230,,,27.83,27.02,3425,1,3345,2,,,,,
2026/09/15 20:55,2026-09-15T21:10:55+09:00,2026/09/16,2026/11/12,2026-11,PUT,62500,2420,,1,27.93,27.12,2285,3,2205,1,27.89,325,14.84,2515,09/15 17:49
2026/09/15 20:55,2026-09-15T21:10:55+09:00,2026/09/16,2026/11/12,2026-11,CALL,62375,3300,,,28.1,26.68,3520,1,3380,7,,,,,
2026/09/15 20:55,2026-09-15T21:10:55+09:00,2026/09/16,2026/11/12,2026-11,PUT,62375,2365,,,28.3,27.19,2265,8,2155,8,,,,,
2026/09/15 20:55,2026-09-15T21:10:55+09:00,2026/09/16,2026/11/12,2026-11,CALL,62250,3380,,,28.11,27.19,3590,2,3500,3,,,,,
2026/09/15 20:55,2026-09-15T21:10:55+09:00,2026/09/16,2026/11/12,2026-11,PUT,62250,2315,,,28,27.6,2180,2,2140,1,,,,,
2026/09/15 20:55,2026-09-15T21:10:55+09:00,2026/09/16,2026/11/12,2026-11,CALL,62125,3455,,,28.51,25.56,3700,3,3410,3,,,,,
2026/09/15 20:55,2026-09-15T21:10:55+09:00,2026/09/16,2026/11/12,2026-11,PUT,62125,2270,,,28.46,27.34,2170,23,2060,8,,,,,
2026/09/15 20:55,2026-09-15T21:10:55+09:00,2026/09/16,2026/11/12,2026-11,CALL,62000,3520,,,28.05,27.28,3725,1,3650,8,,,,,
2026/09/15 20:55,2026-09-15T21:10:55+09:00,2026/09/16,2026/11/12,2026-11,PUT,62000,2210,,,28.2,27.64,2090,4,2035,4,,,,,
2026/09/15 20:55,2026-09-15T21:10:55+09:00,2026/09/16,2026/11/12,2026-11,CALL,61875,3600,,,28.54,25.2,3845,3,3520,3,,,,,
2026/09/15 20:55,2026-09-15T21:10:55+09:00,2026/09/16,2026/11/12,2026-11,PUT,61875,2165,,1,28.85,27.36,2100,23,1955,23,27.64,,,2110,09/15 19:11
2026/09/15 20:55,2026-09-15T21:10:55+09:00,2026/09/16,2026/11/12,2026-11,CALL,61750,3685,,,28.42,27.59,3905,2,3825,2,,,,,
2026/09/15 20:55,2026-09-15T21:10:55+09:00,2026/09/16,2026/11/12,2026-11,PUT,61750,2125,,,28.31,27.85,1995,2,1950,2,,,,,
2026/09/15 20:55,2026-09-15T21:10:55+09:00,2026/09/16,2026/11/12,2026-11,CALL,61625,3760,,,28.69,24.88,4005,3,3640,8,,,,,
2026/09/15 20:55,2026-09-15T21:10:55+09:00,2026/09/16,2026/11/12,2026-11,PUT,61625,2075,,,29.06,27.5,2015,23,1865,8,,,,,
2026/09/15 20:55,2026-09-15T21:10:55+09:00,2026/09/16,2026/11/12,2026-11,CALL,61500,3830,,,28.44,27.45,4055,3,3960,4,,,,,
2026/09/15 20:55,2026-09-15T21:10:55+09:00,2026/09/16,2026/11/12,2026-11,PUT,61500,2020,,,28.39,28.03,1900,3,1865,1,,,,,
2026/09/15 20:55,2026-09-15T21:10:55+09:00,2026/09/16,2026/11/12,2026-11,CALL,61375,3915,,,28.76,24.9,4160,3,3795,8,,,,,
2026/09/15 20:55,2026-09-15T21:10:55+09:00,2026/09/16,2026/11/12,2026-11,PUT,61375,1980,,,29.18,27.65,1925,24,1780,9,,,,,
2026/09/15 20:55,2026-09-15T21:10:55+09:00,2026/09/16,2026/11/12,2026-11,CALL,61250,4005,,,28.59,27.64,4220,2,4130,3,,,,,
2026/09/15 20:55,2026-09-15T21:10:55+09:00,2026/09/16,2026/11/12,2026-11,PUT,61250,1945,,,28.54,28.17,1815,3,1780,3,,,,,
2026/09/15 20:55,2026-09-15T21:10:55+09:00,2026/09/16,2026/11/12,2026-11,CALL,61125,4090,,,29,24.87,4335,3,3950,8,,,,,
2026/09/15 20:55,2026-09-15T21:10:55+09:00,2026/09/16,2026/11/12,2026-11,PUT,61125,1905,,,29.27,27.88,1835,24,1705,9,,,,,
2026/09/15 20:55,2026-09-15T21:10:55+09:00,2026/09/16,2026/11/12,2026-11,CALL,61000,4160,,,28.66,27.58,4380,5,4280,28,,,,,
2026/09/15 20:55,2026-09-15T21:10:55+09:00,2026/09/16,2026/11/12,2026-11,PUT,61000,1850,,,28.55,28.39,1720,5,1705,2,,,,,
2026/09/15 20:55,2026-09-15T21:10:55+09:00,2026/09/16,2026/11/12,2026-11,CALL,60875,4255,,,29.11,24.85,4500,3,4110,8,,,,,
2026/09/15 20:55,2026-09-15T21:10:55+09:00,2026/09/16,2026/11/12,2026-11,PUT,60875,1825,,,29.43,28.03,1755,24,1625,9,,,,,
2026/09/15 20:55,2026-09-15T21:10:55+09:00,2026/09/16,2026/11/12,2026-11,CALL,60750,4340,,,28.85,27.87,4555,2,4465,4,,,,,
2026/09/15 20:55,2026-09-15T21:10:55+09:00,2026/09/16,2026/11/12,2026-11,PUT,60750,1780,,,28.69,28.53,1640,3,1625,2,,,,,
2026/09/15 20:55,2026-09-15T21:10:55+09:00,2026/09/16,2026/11/12,2026-11,CALL,60625,4405,,,29.07,24.85,4655,6,4275,8,,,,,
2026/09/15 20:55,2026-09-15T21:10:55+09:00,2026/09/16,2026/11/12,2026-11,PUT,60625,1720,,,29.68,27.86,1685,24,1520,24,,,,,
2026/09/15 20:55,2026-09-15T21:10:55+09:00,2026/09/16,2026/11/12,2026-11,CALL,60500,4495,,,29.01,28.02,4730,2,4640,5,,,,,
2026/09/15 20:55,2026-09-15T21:10:55+09:00,2026/09/16,2026/11/12,2026-11,PUT,60500,1690,,1,28.96,28.52,1575,2,1535,2,29.1,120,7.23,1780,09/15 18:21
2026/09/15 20:55,2026-09-15T21:10:55+09:00,2026/09/16,2026/11/12,2026-11,CALL,60250,4675,,,29.37,27.22,4925,7,4735,2,,,,,
2026/09/15 20:55,2026-09-15T21:10:55+09:00,2026/09/16,2026/11/12,2026-11,PUT,60250,1615,,,29.15,28.86,1505,3,1480,2,,,,,
2026/09/15 20:55,2026-09-15T21:10:55+09:00,2026/09/16,2026/11/12,2026-11,CALL,60000,4850,,,29.47,24.91,5100,18,4710,22,,,,,
2026/09/15 20:55,2026-09-15T21:10:55+09:00,2026/09/16,2026/11/12,2026-11,PUT,60000,1540,,,29.19,29.01,1425,5,1410,2,,,,,
2026/09/15 20:55,2026-09-15T21:10:55+09:00,2026/09/16,2026/11/12,2026-11,CALL,59750,5035,,,29.66,24.68,5285,7,4870,8,,,,,
2026/09/15 20:55,2026-09-15T21:10:55+09:00,2026/09/16,2026/11/12,2026-11,PUT,59750,1475,,,29.43,29.19,1365,3,1345,3,,,,,
2026/09/15 20:55,2026-09-15T21:10:55+09:00,2026/09/16,2026/11/12,2026-11,CALL,59500,5210,,,31.41,24.59,5605,1,5045,3,,,,,
2026/09/15 20:55,2026-09-15T21:10:55+09:00,2026/09/16,2026/11/12,2026-11,PUT,59500,1400,,,29.64,29.34,1305,4,1280,4,,,,,
2026/09/15 20:55,2026-09-15T21:10:55+09:00,2026/09/16,2026/11/12,2026-11,CALL,59250,5400,,,31.93,24.58,5820,1,5230,6,,,,,
2026/09/15 20:55,2026-09-15T21:10:55+09:00,2026/09/16,2026/11/12,2026-11,PUT,59250,1340,,,29.82,29.52,1245,3,1220,3,,,,,
2026/09/15 20:55,2026-09-15T21:10:55+09:00,2026/09/16,2026/11/12,2026-11,CALL,59000,5580,,,31.45,24.32,5955,3,5400,15,,,,,
2026/09/15 20:55,2026-09-15T21:10:55+09:00,2026/09/16,2026/11/12,2026-11,PUT,59000,1275,,,29.97,29.73,1185,5,1165,2,,,,,
2026/09/15 20:55,2026-09-15T21:10:55+09:00,2026/09/16,2026/11/12,2026-11,CALL,58750,5780,,,31.48,24.48,6135,6,5605,6,,,,,
2026/09/15 20:55,2026-09-15T21:10:55+09:00,2026/09/16,2026/11/12,2026-11,PUT,58750,1215,,,30.1,29.91,1125,2,1110,2,,,,,
2026/09/15 20:55,2026-09-15T21:10:55+09:00,2026/09/16,2026/11/12,2026-11,CALL,58500,5970,,,31.16,24.24,6290,2,5785,10,,,,,
2026/09/15 20:55,2026-09-15T21:10:55+09:00,2026/09/16,2026/11/12,2026-11,PUT,58500,1160,,,30.32,30.06,1075,6,1055,6,,,,,
2026/09/15 20:55,2026-09-15T21:10:55+09:00,2026/09/16,2026/11/12,2026-11,CALL,58250,6165,,,33.76,24.4,6675,6,5995,6,,,,,
2026/09/15 20:55,2026-09-15T21:10:55+09:00,2026/09/16,2026/11/12,2026-11,PUT,58250,1115,,,30.51,30.25,1025,4,1005,4,,,,,
2026/09/15 20:55,2026-09-15T21:10:55+09:00,2026/09/16,2026/11/12,2026-11,CALL,58000,6365,,,32.63,24.04,6770,3,6175,15,,,,,
2026/09/15 20:55,2026-09-15T21:10:55+09:00,2026/09/16,2026/11/12,2026-11,PUT,58000,1060,,,30.68,30.47,975,2,960,8,,,,,
2026/09/15 20:55,2026-09-15T21:10:55+09:00,2026/09/16,2026/11/12,2026-11,CALL,57750,6570,,,35.14,24.27,7145,6,6395,6,,,,,
2026/09/15 20:55,2026-09-15T21:10:55+09:00,2026/09/16,2026/11/12,2026-11,PUT,57750,1015,,,30.89,30.68,930,2,915,4,,,,,
2026/09/15 20:55,2026-09-15T21:10:55+09:00,2026/09/16,2026/11/12,2026-11,CALL,57500,6770,,,34.68,23.94,7295,10,6585,10,,,,,
2026/09/15 20:55,2026-09-15T21:10:55+09:00,2026/09/16,2026/11/12,2026-11,PUT,57500,965,,,31.14,30.92,890,6,875,6,,,,,
2026/09/15 20:55,2026-09-15T21:10:55+09:00,2026/09/16,2026/11/12,2026-11,CALL,57250,6975,,,32.02,24.09,7295,1,6805,6,,,,,
2026/09/15 20:55,2026-09-15T21:10:55+09:00,2026/09/16,2026/11/12,2026-11,PUT,57250,920,,,31.37,31.07,850,4,830,4,,,,,
2026/09/15 20:55,2026-09-15T21:10:55+09:00,2026/09/16,2026/11/12,2026-11,CALL,57000,7180,,,33.86,23.5,7615,3,6990,15,,,,,
2026/09/15 20:55,2026-09-15T21:10:55+09:00,2026/09/16,2026/11/12,2026-11,PUT,57000,880,,,31.57,31.34,810,2,795,2,,,,,
2026/09/15 20:55,2026-09-15T21:10:55+09:00,2026/09/16,2026/11/12,2026-11,CALL,56750,7390,,,32.82,23.85,7740,1,7225,6,,,,,
2026/09/15 20:55,2026-09-15T21:10:55+09:00,2026/09/16,2026/11/12,2026-11,PUT,56750,840,,,31.74,31.51,770,2,755,4,,,,,
2026/09/15 20:55,2026-09-15T21:10:55+09:00,2026/09/16,2026/11/12,2026-11,CALL,56500,7605,,,35.87,23.28,8140,10,7420,10,,,,,
2026/09/15 20:55,2026-09-15T21:10:55+09:00,2026/09/16,2026/11/12,2026-11,PUT,56500,800,,,31.97,31.81,735,6,725,2,,,,,
2026/09/15 20:55,2026-09-15T21:10:55+09:00,2026/09/16,2026/11/12,2026-11,CALL,56250,7815,,,34.57,23.56,8250,6,7655,6,,,,,
2026/09/15 20:55,2026-09-15T21:10:55+09:00,2026/09/16,2026/11/12,2026-11,PUT,56250,765,,,32.18,32.01,700,2,690,4,,,,,
2026/09/15 20:55,2026-09-15T21:10:55+09:00,2026/09/16,2026/11/12,2026-11,CALL,56000,8030,,,34.5,22.61,8445,3,7845,15,,,,,
2026/09/15 20:55,2026-09-15T21:10:55+09:00,2026/09/16,2026/11/12,2026-11,PUT,56000,730,,3,32.44,32.27,670,2,660,11,32.3,-115,-14.2,695,09/15 19:28
2026/09/15 20:55,2026-09-15T21:10:55+09:00,2026/09/16,2026/11/12,2026-11,CALL,55750,8250,,,35.53,23.08,8710,1,8090,6,,,,,
2026/09/15 20:55,2026-09-15T21:10:55+09:00,2026/09/16,2026/11/12,2026-11,PUT,55750,700,,,32.68,32.51,640,2,630,5,,,,,
2026/09/15 20:55,2026-09-15T21:10:55+09:00,2026/09/16,2026/11/12,2026-11,CALL,55500,8470,,,35.58,22.26,8915,10,8295,10,,,,,
2026/09/15 20:55,2026-09-15T21:10:55+09:00,2026/09/16,2026/11/12,2026-11,PUT,55500,665,,,32.99,32.72,615,2,600,8,,,,,
2026/09/15 20:55,2026-09-15T21:10:55+09:00,2026/09/16,2026/11/12,2026-11,CALL,55250,8690,,,35.16,22.49,9095,1,8535,6,,,,,
2026/09/15 20:55,2026-09-15T21:10:55+09:00,2026/09/16,2026/11/12,2026-11,PUT,55250,640,,,33.19,33,585,2,575,2,,,,,
2026/09/15 20:55,2026-09-15T21:10:55+09:00,2026/09/16,2026/11/12,2026-11,CALL,55000,8910,,,34.94,21.02,9290,15,8735,15,,,,,
2026/09/15 20:55,2026-09-15T21:10:55+09:00,2026/09/16,2026/11/12,2026-11,PUT,55000,610,,,33.45,33.26,560,2,550,11,,,,,
2026/09/15 20:55,2026-09-15T21:10:55+09:00,2026/09/16,2026/11/12,2026-11,CALL,54750,9135,,,36.6,21.55,9590,1,8985,6,,,,,
2026/09/15 20:55,2026-09-15T21:10:55+09:00,2026/09/16,2026/11/12,2026-11,PUT,54750,585,,,33.7,33.5,535,5,525,18,,,,,
2026/09/15 20:55,2026-09-15T21:10:55+09:00,2026/09/16,2026/11/12,2026-11,CALL,54500,9355,,,35.41,19.77,9735,10,9195,10,,,,,
2026/09/15 20:55,2026-09-15T21:10:55+09:00,2026/09/16,2026/11/12,2026-11,PUT,54500,560,,,34.03,33.83,515,2,505,8,,,,,
2026/09/15 20:55,2026-09-15T21:10:55+09:00,2026/09/16,2026/11/12,2026-11,CALL,54250,9585,,,37.39,19.89,10050,1,9440,6,,,,,
2026/09/15 20:55,2026-09-15T21:10:55+09:00,2026/09/16,2026/11/12,2026-11,PUT,54250,535,,,34.34,34.03,495,2,480,18,,,,,
2026/09/15 20:55,2026-09-15T21:10:55+09:00,2026/09/16,2026/11/12,2026-11,CALL,54000,9810,,,40.53,,10430,3,9645,15,,,,,
2026/09/15 20:55,2026-09-15T21:10:55+09:00,2026/09/16,2026/11/12,2026-11,PUT,54000,510,,,34.53,34.31,470,2,460,55,,,,,
2026/09/15 20:55,2026-09-15T21:10:55+09:00,2026/09/16,2026/11/12,2026-11,CALL,53750,10040,,,37.23,0,10465,6,9900,6,,,,,
2026/09/15 20:55,2026-09-15T21:10:55+09:00,2026/09/16,2026/11/12,2026-11,PUT,53750,490,,,34.91,34.58,455,5,440,18,,,,,
2026/09/15 20:55,2026-09-15T21:10:55+09:00,2026/09/16,2026/11/12,2026-11,CALL,53500,10270,,,37.45,,10690,10,10115,10,,,,,
2026/09/15 20:55,2026-09-15T21:10:55+09:00,2026/09/16,2026/11/12,2026-11,PUT,53500,470,,,35.17,34.94,435,2,425,8,,,,,
2026/09/15 20:55,2026-09-15T21:10:55+09:00,2026/09/16,2026/11/12,2026-11,CALL,53250,10500,,,39.93,,11025,6,10365,6,,,,,
2026/09/15 20:55,2026-09-15T21:10:55+09:00,2026/09/16,2026/11/12,2026-11,PUT,53250,445,,,35.4,35.17,415,2,405,18,,,,,
2026/09/15 20:55,2026-09-15T21:10:55+09:00,2026/09/16,2026/11/12,2026-11,CALL,53000,10730,,,37.49,,11125,3,10575,15,,,,,
2026/09/15 20:55,2026-09-15T21:10:55+09:00,2026/09/16,2026/11/12,2026-11,PUT,53000,430,,,35.74,35.5,400,2,390,55,,,,,
2026/09/15 20:55,2026-09-15T21:10:55+09:00,2026/09/16,2026/11/12,2026-11,CALL,52750,10960,,,39.97,,11455,1,10835,6,,,,,
2026/09/15 20:55,2026-09-15T21:10:55+09:00,2026/09/16,2026/11/12,2026-11,PUT,52750,415,,,36.06,35.81,385,2,375,18,,,,,
2026/09/15 20:55,2026-09-15T21:10:55+09:00,2026/09/16,2026/11/12,2026-11,CALL,52500,11195,,,38.22,,11595,2,11055,10,,,,,
2026/09/15 20:55,2026-09-15T21:10:55+09:00,2026/09/16,2026/11/12,2026-11,PUT,52500,400,,,36.37,36.11,370,2,360,8,,,,,
2026/09/15 20:55,2026-09-15T21:10:55+09:00,2026/09/16,2026/11/12,2026-11,CALL,52250,11425,,,40.34,,11905,1,11305,6,,,,,
2026/09/15 20:55,2026-09-15T21:10:55+09:00,2026/09/16,2026/11/12,2026-11,PUT,52250,385,,,36.66,36.4,355,2,345,18,,,,,
2026/09/15 20:55,2026-09-15T21:10:55+09:00,2026/09/16,2026/11/12,2026-11,CALL,52000,11665,,,38.65,,12055,3,11515,15,,,,,
2026/09/15 20:55,2026-09-15T21:10:55+09:00,2026/09/16,2026/11/12,2026-11,PUT,52000,370,,,36.94,36.66,340,2,330,64,,,,,
2026/09/15 20:55,2026-09-15T21:10:55+09:00,2026/09/16,2026/11/12,2026-11,CALL,51750,11900,,,39.1,,12295,1,11780,6,,,,,
2026/09/15 20:55,2026-09-15T21:10:55+09:00,2026/09/16,2026/11/12,2026-11,PUT,51750,355,,2,37.34,37.06,330,7,320,20,37.02,10,2.86,360,09/15 17:46
2026/09/15 20:55,2026-09-15T21:10:55+09:00,2026/09/16,2026/11/12,2026-11,CALL,51500,12135,,,40.7,,12580,1,12005,10,,,,,
2026/09/15 20:55,2026-09-15T21:10:55+09:00,2026/09/16,2026/11/12,2026-11,PUT,51500,340,,,37.59,37.29,315,2,305,54,,,,,
2026/09/15 20:55,2026-09-15T21:10:55+09:00,2026/09/16,2026/11/12,2026-11,CALL,51250,12370,,,,,,,,,,,,,
2026/09/15 20:55,2026-09-15T21:10:55+09:00,2026/09/16,2026/11/12,2026-11,PUT,51250,330,,,37.96,37.72,305,2,297,7,,,,,
2026/09/15 20:55,2026-09-15T21:10:55+09:00,2026/09/16,2026/11/12,2026-11,CALL,51000,12605,,,,,,,,,,,,,
2026/09/15 20:55,2026-09-15T21:10:55+09:00,2026/09/16,2026/11/12,2026-11,PUT,51000,315,,5,38.24,38.02,292,14,285,14,37.88,10,3.23,320,09/15 18:14
2026/09/15 20:55,2026-09-15T21:10:55+09:00,2026/09/16,2026/11/12,2026-11,CALL,50750,12845,,,,,,,,,,,,,
2026/09/15 20:55,2026-09-15T21:10:55+09:00,2026/09/16,2026/11/12,2026-11,PUT,50750,305,,,38.59,38.33,282,2,274,23,,,,,
2026/09/15 20:55,2026-09-15T21:10:55+09:00,2026/09/16,2026/11/12,2026-11,CALL,50500,13085,,,,,,,,,,,,,
2026/09/15 20:55,2026-09-15T21:10:55+09:00,2026/09/16,2026/11/12,2026-11,PUT,50500,294,,,38.93,38.7,272,6,265,12,,,,,
2026/09/15 20:55,2026-09-15T21:10:55+09:00,2026/09/16,2026/11/12,2026-11,CALL,50250,13320,,,,,,,,,,,,,
2026/09/15 20:55,2026-09-15T21:10:55+09:00,2026/09/16,2026/11/12,2026-11,PUT,50250,283,,,39.22,39.02,261,2,255,8,,,,,
2026/09/15 20:55,2026-09-15T21:10:55+09:00,2026/09/16,2026/11/12,2026-11,CALL,50000,13560,,,,,,,,,,,,,
2026/09/15 20:55,2026-09-15T21:10:55+09:00,2026/09/16,2026/11/12,2026-11,PUT,50000,269,,,39.5,39.33,250,3,245,17,,,,,
2026/09/15 20:55,2026-09-15T21:10:55+09:00,2026/09/16,2026/11/12,2026-11,CALL,49750,13800,,,,,,,,,,,,,
2026/09/15 20:55,2026-09-15T21:10:55+09:00,2026/09/16,2026/11/12,2026-11,PUT,49750,263,,,39.91,39.69,243,2,237,8,,,,,
2026/09/15 20:55,2026-09-15T21:10:55+09:00,2026/09/16,2026/11/12,2026-11,CALL,49500,14045,,,,,,,,,,,,,
2026/09/15 20:55,2026-09-15T21:10:55+09:00,2026/09/16,2026/11/12,2026-11,PUT,49500,252,,,40.27,39.97,235,15,227,12,,,,,
2026/09/15 20:55,2026-09-15T21:10:55+09:00,2026/09/16,2026/11/12,2026-11,CALL,49250,14280,,,,,,,,,,,,,
2026/09/15 20:55,2026-09-15T21:10:55+09:00,2026/09/16,2026/11/12,2026-11,PUT,49250,245,,,40.63,40.36,227,13,220,9,,,,,
2026/09/15 20:55,2026-09-15T21:10:55+09:00,2026/09/16,2026/11/12,2026-11,CALL,49000,14520,,,,,,,,,,,,,
2026/09/15 20:55,2026-09-15T21:10:55+09:00,2026/09/16,2026/11/12,2026-11,PUT,49000,232,,2,40.97,40.73,219,24,213,20,40.31,5,2.16,237,09/15 17:30
2026/09/15 20:55,2026-09-15T21:10:55+09:00,2026/09/16,2026/11/12,2026-11,CALL,48750,14765,,,,,,,,,,,,,
2026/09/15 20:55,2026-09-15T21:10:55+09:00,2026/09/16,2026/11/12,2026-11,PUT,48750,229,,,41.3,41.01,211,9,204,9,,,,,
2026/09/15 20:55,2026-09-15T21:10:55+09:00,2026/09/16,2026/11/12,2026-11,CALL,48500,15005,,,,,,,,,,,,,
2026/09/15 20:55,2026-09-15T21:10:55+09:00,2026/09/16,2026/11/12,2026-11,PUT,48500,217,,,41.7,41.32,205,16,196,12,,,,,
2026/09/15 20:55,2026-09-15T21:10:55+09:00,2026/09/16,2026/11/12,2026-11,CALL,48250,15245,,,,,,,,,,,,,
2026/09/15 20:55,2026-09-15T21:10:55+09:00,2026/09/16,2026/11/12,2026-11,PUT,48250,210,,,42.01,41.66,197,7,189,7,,,,,
2026/09/15 20:55,2026-09-15T21:10:55+09:00,2026/09/16,2026/11/12,2026-11,CALL,48000,15490,,,,,,,,,,,,,
2026/09/15 20:55,2026-09-15T21:10:55+09:00,2026/09/16,2026/11/12,2026-11,PUT,48000,202,,,42.4,42.03,191,22,183,18,,,,,
2026/09/15 20:55,2026-09-15T21:10:55+09:00,2026/09/16,2026/11/12,2026-11,CALL,47750,15730,,,,,,,,,,,,,
2026/09/15 20:55,2026-09-15T21:10:55+09:00,2026/09/16,2026/11/12,2026-11,PUT,47750,198,,9,42.73,42.35,184,8,176,25,42.27,,,203,09/15 17:17
2026/09/15 20:55,2026-09-15T21:10:55+09:00,2026/09/16,2026/11/12,2026-11,CALL,47500,15975,,,,,,,,,,,,,
2026/09/15 20:55,2026-09-15T21:10:55+09:00,2026/09/16,2026/11/12,2026-11,PUT,47500,192,,,43.09,42.71,178,5,170,14,,,,,
2026/09/15 20:55,2026-09-15T21:10:55+09:00,2026/09/16,2026/11/12,2026-11,CALL,47250,16215,,,,,,,,,,,,,
2026/09/15 20:55,2026-09-15T21:10:55+09:00,2026/09/16,2026/11/12,2026-11,PUT,47250,186,,,43.45,43.1,172,2,165,8,,,,,
2026/09/15 20:55,2026-09-15T21:10:55+09:00,2026/09/16,2026/11/12,2026-11,CALL,47000,16460,,,,,,,,,,,,,
2026/09/15 20:55,2026-09-15T21:10:55+09:00,2026/09/16,2026/11/12,2026-11,PUT,47000,179,,1,43.79,43.44,166,21,159,21,43.35,,,165,09/15 19:41
2026/09/15 20:55,2026-09-15T21:10:55+09:00,2026/09/16,2026/11/12,2026-11,CALL,46750,16705,,,,,,,,,,,,,
2026/09/15 20:55,2026-09-15T21:10:55+09:00,2026/09/16,2026/11/12,2026-11,PUT,46750,174,,,44.18,43.81,161,12,154,8,,,,,
2026/09/15 20:55,2026-09-15T21:10:55+09:00,2026/09/16,2026/11/12,2026-11,CALL,46500,16945,,,,,,,,,,,,,
2026/09/15 20:55,2026-09-15T21:10:55+09:00,2026/09/16,2026/11/12,2026-11,PUT,46500,166,,,44.51,44.18,155,14,149,14,,,,,
2026/09/15 20:55,2026-09-15T21:10:55+09:00,2026/09/16,2026/11/12,2026-11,CALL,46250,17190,,,,,,,,,,,,,
2026/09/15 20:55,2026-09-15T21:10:55+09:00,2026/09/16,2026/11/12,2026-11,PUT,46250,162,,,44.93,44.54,151,12,144,8,,,,,
2026/09/15 20:55,2026-09-15T21:10:55+09:00,2026/09/16,2026/11/12,2026-11,CALL,46000,17435,,,,,,,,,,,,,
2026/09/15 20:55,2026-09-15T21:10:55+09:00,2026/09/16,2026/11/12,2026-11,PUT,46000,156,,,45.3,44.89,146,25,139,21,,,,,
2026/09/15 20:55,2026-09-15T21:10:55+09:00,2026/09/16,2026/11/12,2026-11,CALL,45750,17680,,,,,,,,,,,,,
2026/09/15 20:55,2026-09-15T21:10:55+09:00,2026/09/16,2026/11/12,2026-11,PUT,45750,153,,,45.59,45.24,140,8,134,8,,,,,
2026/09/15 20:55,2026-09-15T21:10:55+09:00,2026/09/16,2026/11/12,2026-11,CALL,45500,17925,,,,,,,,,,,,,
2026/09/15 20:55,2026-09-15T21:10:55+09:00,2026/09/16,2026/11/12,2026-11,PUT,45500,147,,,46,45.57,136,14,129,14,,,,,
2026/09/15 20:55,2026-09-15T21:10:55+09:00,2026/09/16,2026/11/12,2026-11,CALL,45250,18170,,,,,,,,,,,,,
2026/09/15 20:55,2026-09-15T21:10:55+09:00,2026/09/16,2026/11/12,2026-11,PUT,45250,142,,,46.33,45.88,131,8,124,29,,,,,
2026/09/15 20:55,2026-09-15T21:10:55+09:00,2026/09/16,2026/11/12,2026-11,CALL,45000,18415,,,,,,,,,,,,,
2026/09/15 20:55,2026-09-15T21:10:55+09:00,2026/09/16,2026/11/12,2026-11,PUT,45000,137,,1,46.78,46.26,128,27,120,75,46.46,-13,-9.56,123,09/15 20:45
2026/09/15 20:55,2026-09-15T21:10:55+09:00,2026/09/16,2026/11/12,2026-11,CALL,44750,18660,,,,,,,,,,,,,
2026/09/15 20:55,2026-09-15T21:10:55+09:00,2026/09/16,2026/11/12,2026-11,PUT,44750,133,,,47.16,46.62,124,2,116,31,,,,,
2026/09/15 20:55,2026-09-15T21:10:55+09:00,2026/09/16,2026/11/12,2026-11,CALL,44500,18905,,,,,,,,,,,,,
2026/09/15 20:55,2026-09-15T21:10:55+09:00,2026/09/16,2026/11/12,2026-11,PUT,44500,129,,,47.6,46.98,121,20,112,50,,,,,
2026/09/15 20:55,2026-09-15T21:10:55+09:00,2026/09/16,2026/11/12,2026-11,CALL,44000,19395,,,,,,,,,,,,,
2026/09/15 20:55,2026-09-15T21:10:55+09:00,2026/09/16,2026/11/12,2026-11,PUT,44000,121,,,48.33,47.74,113,28,105,75,,,,,
2026/09/15 20:55,2026-09-15T21:10:55+09:00,2026/09/16,2026/11/12,2026-11,CALL,43000,20380,,,,,,,,,,,,,
2026/09/15 20:55,2026-09-15T21:10:55+09:00,2026/09/16,2026/11/12,2026-11,PUT,43000,106,,,49.91,49.25,100,28,92,78,,,,,
2026/09/15 20:55,2026-09-15T21:10:55+09:00,2026/09/16,2026/11/12,2026-11,CALL,42000,21365,,,,,,,,,,,,,
2026/09/15 20:55,2026-09-15T21:10:55+09:00,2026/09/16,2026/11/12,2026-11,PUT,42000,94,,,51.46,50.9,88,28,82,24,,,,,
2026/09/15 20:55,2026-09-15T21:10:55+09:00,2026/09/16,2026/11/12,2026-11,CALL,41000,22350,,,,,,,,,,,,,
2026/09/15 20:55,2026-09-15T21:10:55+09:00,2026/09/16,2026/11/12,2026-11,PUT,41000,82,,,53.39,51.9,81,2,67,2,,,,,
2026/09/15 20:55,2026-09-15T21:10:55+09:00,2026/09/16,2026/11/12,2026-11,CALL,40000,23340,,,,,,,,,,,,,
2026/09/15 20:55,2026-09-15T21:10:55+09:00,2026/09/16,2026/11/12,2026-11,PUT,40000,73,,,55.05,53.37,72,2,58,2,,,,,
2026/09/15 20:55,2026-09-15T21:10:55+09:00,2026/09/16,2026/11/12,2026-11,CALL,39000,24330,,,,,,,,,,,,,
2026/09/15 20:55,2026-09-15T21:10:55+09:00,2026/09/16,2026/11/12,2026-11,PUT,39000,64,,,56.49,54.83,62,2,50,2,,,,,
2026/09/15 20:55,2026-09-15T21:10:55+09:00,2026/09/16,2026/11/12,2026-11,CALL,38000,25320,,,,,,,,,,,,,
2026/09/15 20:55,2026-09-15T21:10:55+09:00,2026/09/16,2026/11/12,2026-11,PUT,38000,57,,1,57.89,56.96,53,1,47,27,56.35,-6,-11.11,48,09/15 18:44
2026/09/15 20:55,2026-09-15T21:10:55+09:00,2026/09/16,2026/11/12,2026-11,CALL,37000,26310,,,,,,,,,,,,,
2026/09/15 20:55,2026-09-15T21:10:55+09:00,2026/09/16,2026/11/12,2026-11,PUT,37000,50,,,60.27,57.99,51,2,38,2,,,,,
2026/09/15 20:55,2026-09-15T21:10:55+09:00,2026/09/16,2026/11/12,2026-11,CALL,36000,27300,,,,,,,,,,,,,
2026/09/15 20:55,2026-09-15T21:10:55+09:00,2026/09/16,2026/11/12,2026-11,PUT,36000,44,,,72.58,58.91,133,6,30,12,,,,,
2026/09/15 20:55,2026-09-15T21:10:55+09:00,2026/09/16,2026/11/12,2026-11,CALL,35000,28290,,,,,,,,,,,,,
2026/09/15 20:55,2026-09-15T21:10:55+09:00,2026/09/16,2026/11/12,2026-11,PUT,35000,37,,,63.38,60.25,38,1,25,6,,,,,
2026/09/15 20:55,2026-09-15T21:10:55+09:00,2026/09/16,2026/11/12,2026-11,CALL,34000,29290,,,,,,,,,,,,,
2026/09/15 20:55,2026-09-15T21:10:55+09:00,2026/09/16,2026/11/12,2026-11,PUT,34000,35,,,68,61.36,47,6,20,6,,,,,
2026/09/15 20:55,2026-09-15T21:10:55+09:00,2026/09/16,2026/11/12,2026-11,CALL,33000,30280,,,,,,,,,,,,,
2026/09/15 20:55,2026-09-15T21:10:55+09:00,2026/09/16,2026/11/12,2026-11,PUT,33000,31,,,70.15,62.09,43,6,15,6,,,,,
2026/09/15 20:55,2026-09-15T21:10:55+09:00,2026/09/16,2026/11/12,2026-11,CALL,32000,31275,,,,,,,,,,,,,
2026/09/15 20:55,2026-09-15T21:10:55+09:00,2026/09/16,2026/11/12,2026-11,PUT,32000,27,,,71.07,64.8,34,6,15,6,,,,,
2026/09/15 20:55,2026-09-15T21:10:55+09:00,2026/09/16,2026/11/12,2026-11,CALL,31000,32260,,,,,,,,,,,,,
2026/09/15 20:55,2026-09-15T21:10:55+09:00,2026/09/16,2026/11/12,2026-11,PUT,31000,15,,,73.28,66.05,31,6,12,12,,,,,
2026/09/15 20:55,2026-09-15T21:10:55+09:00,2026/09/16,2026/11/12,2026-11,CALL,30000,33255,,,,,,,,,,,,,
2026/09/15 20:55,2026-09-15T21:10:55+09:00,2026/09/16,2026/11/12,2026-11,PUT,30000,16,,,74.49,70.46,25,6,15,1,,,,,
2026/09/15 20:55,2026-09-15T21:10:55+09:00,2026/09/16,2026/11/12,2026-11,CALL,29000,34250,,,,,,,,,,,,,
2026/09/15 20:55,2026-09-15T21:10:55+09:00,2026/09/16,2026/11/12,2026-11,PUT,29000,8,,,74.86,70.49,18,5,10,1,,,,,
2026/09/15 20:55,2026-09-15T21:10:55+09:00,2026/09/16,2026/11/12,2026-11,CALL,28000,35245,,,,,,,,,,,,,
2026/09/15 20:55,2026-09-15T21:10:55+09:00,2026/09/16,2026/11/12,2026-11,PUT,28000,12,,,79.71,70.03,22,12,6,46,,,,,
2026/09/15 20:55,2026-09-15T21:10:55+09:00,2026/09/16,2026/11/12,2026-11,CALL,27000,36240,,,,,,,,,,,,,
2026/09/15 20:55,2026-09-15T21:10:55+09:00,2026/09/16,2026/11/12,2026-11,PUT,27000,6,,,82.6,72.97,21,6,6,5,,,,,
2026/09/15 20:55,2026-09-15T21:10:55+09:00,2026/09/16,2026/11/12,2026-11,CALL,26000,37235,,,,,,,,,,,,,
2026/09/15 20:55,2026-09-15T21:10:55+09:00,2026/09/16,2026/11/12,2026-11,PUT,26000,5,,,83.01,74.8,15,15,5,17,,,,,
2026/09/15 20:55,2026-09-15T21:10:55+09:00,2026/09/16,2026/11/12,2026-11,CALL,25000,38235,,,,,,,,,,,,,
2026/09/15 20:55,2026-09-15T21:10:55+09:00,2026/09/16,2026/11/12,2026-11,PUT,25000,9,,,82.2,80.3,9,2,7,1,,,,,
2026/09/15 20:55,2026-09-15T21:10:55+09:00,2026/09/16,2026/11/12,2026-11,CALL,22500,40730,,,,,,,,,,,,,
2026/09/15 20:55,2026-09-15T21:10:55+09:00,2026/09/16,2026/11/12,2026-11,PUT,22500,4,,,93.58,80.12,12,16,2,18,,,,,
2026/09/15 20:55,2026-09-15T21:10:55+09:00,2026/09/16,2026/11/12,2026-11,CALL,20000,43225,,,,,,,,,,,,,
2026/09/15 20:55,2026-09-15T21:10:55+09:00,2026/09/16,2026/11/12,2026-11,PUT,20000,4,,1,95.72,91.75,5,3,3,109,93.69,0,0,4,09/15 20:24
2026/09/15 20:55,2026-09-15T21:10:55+09:00,2026/09/16,2026/12/10,2026-12,CALL,100000,3,,1,30.42,28.76,4,12,2,26,30.6,0,0,4,09/15 19:49
2026/09/15 20:55,2026-09-15T21:10:55+09:00,2026/09/16,2026/12/10,2026-12,PUT,100000,36545,,,,,,,,,,,,,
2026/09/15 20:55,2026-09-15T21:10:55+09:00,2026/09/16,2026/12/10,2026-12,CALL,95000,5,,,,24.47,,,1,10,,,,,
2026/09/15 20:55,2026-09-15T21:10:55+09:00,2026/09/16,2026/12/10,2026-12,PUT,95000,31565,,,,,,,,,,,,,
2026/09/15 20:55,2026-09-15T21:10:55+09:00,2026/09/16,2026/12/10,2026-12,CALL,90000,12,,,27.26,25.55,15,2,8,1,,,,,
2026/09/15 20:55,2026-09-15T21:10:55+09:00,2026/09/16,2026/12/10,2026-12,PUT,90000,26590,,,,,,,,,,,,,
2026/09/15 20:55,2026-09-15T21:10:55+09:00,2026/09/16,2026/12/10,2026-12,CALL,87500,20,,,,23.7,,,8,1,,,,,
2026/09/15 20:55,2026-09-15T21:10:55+09:00,2026/09/16,2026/12/10,2026-12,PUT,87500,24110,,,,,,,,,,,,,
2026/09/15 20:55,2026-09-15T21:10:55+09:00,2026/09/16,2026/12/10,2026-12,CALL,85000,33,,,32.06,22.28,148,1,10,1,,,,,
2026/09/15 20:55,2026-09-15T21:10:55+09:00,2026/09/16,2026/12/10,2026-12,PUT,85000,21630,,,,,,,,,,,,,
2026/09/15 20:55,2026-09-15T21:10:55+09:00,2026/09/16,2026/12/10,2026-12,CALL,84000,41,,,26.94,23.06,62,12,19,12,,,,,
2026/09/15 20:55,2026-09-15T21:10:55+09:00,2026/09/16,2026/12/10,2026-12,PUT,84000,20640,,,,,,,,,,,,,
2026/09/15 20:55,2026-09-15T21:10:55+09:00,2026/09/16,2026/12/10,2026-12,CALL,83000,50,,,26.55,23.27,72,12,28,12,,,,,
2026/09/15 20:55,2026-09-15T21:10:55+09:00,2026/09/16,2026/12/10,2026-12,PUT,83000,19655,,,,,,,,,,,,,
2026/09/15 20:55,2026-09-15T21:10:55+09:00,2026/09/16,2026/12/10,2026-12,CALL,82500,60,,,26.64,23.49,83,8,35,36,,,,,
2026/09/15 20:55,2026-09-15T21:10:55+09:00,2026/09/16,2026/12/10,2026-12,PUT,82500,19165,,,,,,,,,,,,,
2026/09/15 20:55,2026-09-15T21:10:55+09:00,2026/09/16,2026/12/10,2026-12,CALL,82000,66,,1,26.12,23.52,83,51,41,51,24.75,,,58,09/15 20:15
2026/09/15 20:55,2026-09-15T21:10:55+09:00,2026/09/16,2026/12/10,2026-12,PUT,82000,18675,,,,,,,,,,,,,
2026/09/15 20:55,2026-09-15T21:10:55+09:00,2026/09/16,2026/12/10,2026-12,CALL,81000,74,,1,25.81,24.07,99,51,64,51,25.39,,,89,09/15 20:14
2026/09/15 20:55,2026-09-15T21:10:55+09:00,2026/09/16,2026/12/10,2026-12,PUT,81000,17685,,,,,,,,,,,,,
2026/09/15 20:55,2026-09-15T21:10:55+09:00,2026/09/16,2026/12/10,2026-12,CALL,80000,97,,,24.85,23.91,102,1,81,12,,,,,
2026/09/15 20:55,2026-09-15T21:10:55+09:00,2026/09/16,2026/12/10,2026-12,PUT,80000,16715,,,,,,,,,,,,,
2026/09/15 20:55,2026-09-15T21:10:55+09:00,2026/09/16,2026/12/10,2026-12,CALL,79000,111,,,25.42,24.39,149,12,119,12,,,,,
2026/09/15 20:55,2026-09-15T21:10:55+09:00,2026/09/16,2026/12/10,2026-12,PUT,79000,15735,,,,,,,,,,,,,
2026/09/15 20:55,2026-09-15T21:10:55+09:00,2026/09/16,2026/12/10,2026-12,CALL,78000,149,,,25.48,23.64,192,12,131,12,,,,,
2026/09/15 20:55,2026-09-15T21:10:55+09:00,2026/09/16,2026/12/10,2026-12,PUT,78000,14775,,,,,,,,,,,,,
2026/09/15 20:55,2026-09-15T21:10:55+09:00,2026/09/16,2026/12/10,2026-12,CALL,77500,154,,,25.17,23.68,204,6,151,6,,,,,
2026/09/15 20:55,2026-09-15T21:10:55+09:00,2026/09/16,2026/12/10,2026-12,PUT,77500,14280,,,,,,,,,,,,,
2026/09/15 20:55,2026-09-15T21:10:55+09:00,2026/09/16,2026/12/10,2026-12,CALL,77000,192,,,25.46,23.36,242,42,161,9,,,,,
2026/09/15 20:55,2026-09-15T21:10:55+09:00,2026/09/16,2026/12/10,2026-12,PUT,77000,13820,,,,,,,,,,,,,
2026/09/15 20:55,2026-09-15T21:10:55+09:00,2026/09/16,2026/12/10,2026-12,CALL,76250,226,,,25.44,23.47,287,3,201,3,,,,,
2026/09/15 20:55,2026-09-15T21:10:55+09:00,2026/09/16,2026/12/10,2026-12,PUT,76250,13110,,,,,,,,,,,,,
2026/09/15 20:55,2026-09-15T21:10:55+09:00,2026/09/16,2026/12/10,2026-12,CALL,76000,236,,,25.46,23.51,305,9,216,9,,,,,
2026/09/15 20:55,2026-09-15T21:10:55+09:00,2026/09/16,2026/12/10,2026-12,PUT,76000,12870,,,,,,,,,,,,,
2026/09/15 20:55,2026-09-15T21:10:55+09:00,2026/09/16,2026/12/10,2026-12,CALL,75750,245,,,25.41,23.55,320,3,232,3,,,,,
2026/09/15 20:55,2026-09-15T21:10:55+09:00,2026/09/16,2026/12/10,2026-12,PUT,75750,12630,,,,,,,,,,,,,
2026/09/15 20:55,2026-09-15T21:10:55+09:00,2026/09/16,2026/12/10,2026-12,CALL,75500,256,,,25.34,23.57,335,6,248,6,,,,,
2026/09/15 20:55,2026-09-15T21:10:55+09:00,2026/09/16,2026/12/10,2026-12,PUT,75500,12390,,,,,,,,,,,,,
2026/09/15 20:55,2026-09-15T21:10:55+09:00,2026/09/16,2026/12/10,2026-12,CALL,75250,282,,,25.35,23.63,355,3,267,3,,,,,
2026/09/15 20:55,2026-09-15T21:10:55+09:00,2026/09/16,2026/12/10,2026-12,PUT,75250,12170,,,,,,,,,,,,,
2026/09/15 20:55,2026-09-15T21:10:55+09:00,2026/09/16,2026/12/10,2026-12,CALL,75000,291,,,25.34,23.64,375,9,285,9,,,,,
2026/09/15 20:55,2026-09-15T21:10:55+09:00,2026/09/16,2026/12/10,2026-12,PUT,75000,11925,,,,,,,,,,,,,
2026/09/15 20:55,2026-09-15T21:10:55+09:00,2026/09/16,2026/12/10,2026-12,CALL,74750,320,,,25.31,23.68,395,3,305,3,,,,,
2026/09/15 20:55,2026-09-15T21:10:55+09:00,2026/09/16,2026/12/10,2026-12,PUT,74750,11705,,,32.92,,11955,7,10900,1,,,,,
2026/09/15 20:55,2026-09-15T21:10:55+09:00,2026/09/16,2026/12/10,2026-12,CALL,74500,335,,,25.27,23.69,415,6,325,6,,,,,
2026/09/15 20:55,2026-09-15T21:10:55+09:00,2026/09/16,2026/12/10,2026-12,PUT,74500,11475,,,32.73,,11725,12,10760,2,,,,,
2026/09/15 20:55,2026-09-15T21:10:55+09:00,2026/09/16,2026/12/10,2026-12,CALL,74250,355,,,25.21,23.77,435,3,350,3,,,,,
2026/09/15 20:55,2026-09-15T21:10:55+09:00,2026/09/16,2026/12/10,2026-12,PUT,74250,11245,,,32.53,17.64,11495,7,10610,1,,,,,
2026/09/15 20:55,2026-09-15T21:10:55+09:00,2026/09/16,2026/12/10,2026-12,CALL,74000,375,,,25.37,23.57,470,9,360,9,,,,,
2026/09/15 20:55,2026-09-15T21:10:55+09:00,2026/09/16,2026/12/10,2026-12,PUT,74000,11015,,,32.32,,11265,18,10160,15,,,,,
2026/09/15 20:55,2026-09-15T21:10:55+09:00,2026/09/16,2026/12/10,2026-12,CALL,73750,405,,,25.35,23.69,495,3,390,3,,,,,
2026/09/15 20:55,2026-09-15T21:10:55+09:00,2026/09/16,2026/12/10,2026-12,PUT,73750,10795,,,32.22,,11045,7,9885,1,,,,,
2026/09/15 20:55,2026-09-15T21:10:55+09:00,2026/09/16,2026/12/10,2026-12,CALL,73500,435,,,25.32,23.71,520,6,415,6,,,,,
2026/09/15 20:55,2026-09-15T21:10:55+09:00,2026/09/16,2026/12/10,2026-12,PUT,73500,10575,,,32.11,13.14,10825,12,9790,10,,,,,
2026/09/15 20:55,2026-09-15T21:10:55+09:00,2026/09/16,2026/12/10,2026-12,CALL,73250,450,,,25.19,23.71,540,2,440,2,,,,,
2026/09/15 20:55,2026-09-15T21:10:55+09:00,2026/09/16,2026/12/10,2026-12,PUT,73250,10340,,,31.81,17.32,10590,6,9640,1,,,,,
2026/09/15 20:55,2026-09-15T21:10:55+09:00,2026/09/16,2026/12/10,2026-12,CALL,73000,470,,,25.2,23.76,570,6,470,6,,,,,
2026/09/15 20:55,2026-09-15T21:10:55+09:00,2026/09/16,2026/12/10,2026-12,PUT,73000,10115,,,31.63,17.67,10365,18,9415,3,,,,,
2026/09/15 20:55,2026-09-15T21:10:55+09:00,2026/09/16,2026/12/10,2026-12,CALL,72750,510,,,25.18,23.79,600,2,500,2,,,,,
2026/09/15 20:55,2026-09-15T21:10:55+09:00,2026/09/16,2026/12/10,2026-12,PUT,72750,9900,,,31.54,,10150,7,8995,1,,,,,
2026/09/15 20:55,2026-09-15T21:10:55+09:00,2026/09/16,2026/12/10,2026-12,CALL,72500,535,,,25.15,23.86,630,4,535,4,,,,,
2026/09/15 20:55,2026-09-15T21:10:55+09:00,2026/09/16,2026/12/10,2026-12,PUT,72500,9675,,,31.33,16.59,9925,12,8900,2,,,,,
2026/09/15 20:55,2026-09-15T21:10:55+09:00,2026/09/16,2026/12/10,2026-12,CALL,72250,570,,,25.16,23.84,665,2,565,2,,,,,
2026/09/15 20:55,2026-09-15T21:10:55+09:00,2026/09/16,2026/12/10,2026-12,PUT,72250,9465,,,31.27,19.36,9715,7,8795,1,,,,,
2026/09/15 20:55,2026-09-15T21:10:55+09:00,2026/09/16,2026/12/10,2026-12,CALL,72000,600,,2,25.15,23.87,700,6,600,6,24.71,30,4.76,660,09/15 20:28
2026/09/15 20:55,2026-09-15T21:10:55+09:00,2026/09/16,2026/12/10,2026-12,PUT,72000,9245,,,31.09,19.16,9495,18,8555,3,,,,,
2026/09/15 20:55,2026-09-15T21:10:55+09:00,2026/09/16,2026/12/10,2026-12,CALL,71750,630,,,25.37,23.95,755,14,640,2,,,,,
2026/09/15 20:55,2026-09-15T21:10:55+09:00,2026/09/16,2026/12/10,2026-12,PUT,71750,9025,,,30.91,19.77,9275,7,8365,1,,,,,
2026/09/15 20:55,2026-09-15T21:10:55+09:00,2026/09/16,2026/12/10,2026-12,CALL,71500,670,,,25.26,23.87,785,4,670,4,,,,,
2026/09/15 20:55,2026-09-15T21:10:55+09:00,2026/09/16,2026/12/10,2026-12,PUT,71500,8820,,,30.86,16.67,9070,12,7965,2,,,,,
2026/09/15 20:55,2026-09-15T21:10:55+09:00,2026/09/16,2026/12/10,2026-12,CALL,71250,710,,,25.25,23.89,825,2,710,2,,,,,
2026/09/15 20:55,2026-09-15T21:10:55+09:00,2026/09/16,2026/12/10,2026-12,PUT,71250,8610,,,30.75,17.25,8860,7,7765,1,,,,,
2026/09/15 20:55,2026-09-15T21:10:55+09:00,2026/09/16,2026/12/10,2026-12,CALL,71000,750,,,25.33,23.9,875,36,750,6,,,,,
2026/09/15 20:55,2026-09-15T21:10:55+09:00,2026/09/16,2026/12/10,2026-12,PUT,71000,8400,,,30.63,18.53,8650,18,7615,3,,,,,
2026/09/15 20:55,2026-09-15T21:10:55+09:00,2026/09/16,2026/12/10,2026-12,CALL,70750,790,,,25.28,23.99,915,12,800,1,,,,,
2026/09/15 20:55,2026-09-15T21:10:55+09:00,2026/09/16,2026/12/10,2026-12,PUT,70750,8195,,,30.54,19.22,8445,7,7440,1,,,,,
2026/09/15 20:55,2026-09-15T21:10:55+09:00,2026/09/16,2026/12/10,2026-12,CALL,70500,825,,,25.32,24.01,965,2,845,2,,,,,
2026/09/15 20:55,2026-09-15T21:10:55+09:00,2026/09/16,2026/12/10,2026-12,PUT,70500,7975,,,30.29,18.92,8225,12,7200,2,,,,,
2026/09/15 20:55,2026-09-15T21:10:55+09:00,2026/09/16,2026/12/10,2026-12,CALL,70250,890,,,25.33,24.06,1015,1,895,1,,,,,
2026/09/15 20:55,2026-09-15T21:10:55+09:00,2026/09/16,2026/12/10,2026-12,PUT,70250,7795,,,30.41,20.18,8045,7,7080,1,,,,,
2026/09/15 20:55,2026-09-15T21:10:55+09:00,2026/09/16,2026/12/10,2026-12,CALL,70000,925,,,25.33,24.08,1065,3,945,3,,,,,
2026/09/15 20:55,2026-09-15T21:10:55+09:00,2026/09/16,2026/12/10,2026-12,PUT,70000,7580,,,30.19,19.39,7830,18,6805,3,,,,,
2026/09/15 20:55,2026-09-15T21:10:55+09:00,2026/09/16,2026/12/10,2026-12,CALL,69750,980,,,25.36,24.13,1120,1,1000,1,,,,,
2026/09/15 20:55,2026-09-15T21:10:55+09:00,2026/09/16,2026/12/10,2026-12,PUT,69750,7385,,,30.13,21.45,7635,7,6770,6,,,,,
2026/09/15 20:55,2026-09-15T21:10:55+09:00,2026/09/16,2026/12/10,2026-12,CALL,69500,1045,,,25.36,24.16,1175,2,1055,2,,,,,
2026/09/15 20:55,2026-09-15T21:10:55+09:00,2026/09/16,2026/12/10,2026-12,PUT,69500,7200,,,30.16,21.92,7450,12,6610,2,,,,,
2026/09/15 20:55,2026-09-15T21:10:55+09:00,2026/09/16,2026/12/10,2026-12,CALL,69250,1080,,,25.39,24.21,1235,1,1115,1,,,,,
2026/09/15 20:55,2026-09-15T21:10:55+09:00,2026/09/16,2026/12/10,2026-12,PUT,69250,6990,,,29.94,19.42,7240,7,6180,1,,,,,
2026/09/15 20:55,2026-09-15T21:10:55+09:00,2026/09/16,2026/12/10,2026-12,CALL,69000,1150,,,25.4,24.24,1295,3,1175,3,,,,,
2026/09/15 20:55,2026-09-15T21:10:55+09:00,2026/09/16,2026/12/10,2026-12,PUT,69000,6805,,,29.93,20.66,7055,18,6090,3,,,,,
2026/09/15 20:55,2026-09-15T21:10:55+09:00,2026/09/16,2026/12/10,2026-12,CALL,68750,1210,,,25.53,24.25,1370,10,1235,1,,,,,
2026/09/15 20:55,2026-09-15T21:10:55+09:00,2026/09/16,2026/12/10,2026-12,PUT,68750,6605,,,29.76,21.56,6855,7,5980,1,,,,,
2026/09/15 20:55,2026-09-15T21:10:55+09:00,2026/09/16,2026/12/10,2026-12,CALL,68500,1270,,,25.58,24.33,1440,2,1305,2,,,,,
2026/09/15 20:55,2026-09-15T21:10:55+09:00,2026/09/16,2026/12/10,2026-12,PUT,68500,6430,,,29.81,21.74,6680,12,5805,2,,,,,
2026/09/15 20:55,2026-09-15T21:10:55+09:00,2026/09/16,2026/12/10,2026-12,CALL,68250,1345,,,25.57,24.38,1505,10,1375,1,,,,,
2026/09/15 20:55,2026-09-15T21:10:55+09:00,2026/09/16,2026/12/10,2026-12,PUT,68250,6255,,,29.83,21.8,6505,7,5620,1,,,,,
2026/09/15 20:55,2026-09-15T21:10:55+09:00,2026/09/16,2026/12/10,2026-12,CALL,68125,1365,,,25.58,24.4,1540,8,1410,1,,,,,
2026/09/15 20:55,2026-09-15T21:10:55+09:00,2026/09/16,2026/12/10,2026-12,PUT,68125,6145,,,29.64,23.01,6395,6,5655,1,,,,,
2026/09/15 20:55,2026-09-15T21:10:55+09:00,2026/09/16,2026/12/10,2026-12,CALL,68000,1415,,,25.53,24.41,1570,3,1445,3,,,,,
2026/09/15 20:55,2026-09-15T21:10:55+09:00,2026/09/16,2026/12/10,2026-12,PUT,68000,6075,,,29.36,21.68,6275,3,5420,3,,,,,
2026/09/15 20:55,2026-09-15T21:10:55+09:00,2026/09/16,2026/12/10,2026-12,CALL,67875,1440,,,25.62,24.46,1615,8,1485,1,,,,,
2026/09/15 20:55,2026-09-15T21:10:55+09:00,2026/09/16,2026/12/10,2026-12,PUT,67875,5975,,,29.68,22.13,6225,6,5375,1,,,,,
2026/09/15 20:55,2026-09-15T21:10:55+09:00,2026/09/16,2026/12/10,2026-12,CALL,67750,1485,,,25.65,24.46,1655,10,1520,1,,,,,
2026/09/15 20:55,2026-09-15T21:10:55+09:00,2026/09/16,2026/12/10,2026-12,PUT,67750,5900,,,29.56,22.33,6125,1,5305,1,,,,,
2026/09/15 20:55,2026-09-15T21:10:55+09:00,2026/09/16,2026/12/10,2026-12,CALL,67625,1505,,,25.68,24.49,1695,7,1560,1,,,,,
2026/09/15 20:55,2026-09-15T21:10:55+09:00,2026/09/16,2026/12/10,2026-12,PUT,67625,5795,,,29.53,23.11,6035,1,5300,1,,,,,
2026/09/15 20:55,2026-09-15T21:10:55+09:00,2026/09/16,2026/12/10,2026-12,CALL,67500,1545,,,25.79,24.53,1745,16,1600,2,,,,,
2026/09/15 20:55,2026-09-15T21:10:55+09:00,2026/09/16,2026/12/10,2026-12,PUT,67500,5710,,,29.24,23.2,5915,2,5220,2,,,,,
2026/09/15 20:55,2026-09-15T21:10:55+09:00,2026/09/16,2026/12/10,2026-12,CALL,67375,1580,,,25.73,24.55,1775,1,1640,1,,,,,
2026/09/15 20:55,2026-09-15T21:10:55+09:00,2026/09/16,2026/12/10,2026-12,PUT,67375,5615,,,29.32,22.52,5840,1,5055,1,,,,,
2026/09/15 20:55,2026-09-15T21:10:55+09:00,2026/09/16,2026/12/10,2026-12,CALL,67250,1620,,,25.74,24.57,1815,1,1680,1,,,,,
2026/09/15 20:55,2026-09-15T21:10:55+09:00,2026/09/16,2026/12/10,2026-12,PUT,67250,5535,,,29.27,21.84,5750,1,4890,1,,,,,
2026/09/15 20:55,2026-09-15T21:10:55+09:00,2026/09/16,2026/12/10,2026-12,CALL,67125,1675,,,25.91,24.62,1875,8,1725,1,,,,,
2026/09/15 20:55,2026-09-15T21:10:55+09:00,2026/09/16,2026/12/10,2026-12,PUT,67125,5470,,,29.18,23.37,5655,1,4975,1,,,,,
2026/09/15 20:55,2026-09-15T21:10:55+09:00,2026/09/16,2026/12/10,2026-12,CALL,67000,1720,,,25.96,24.63,1920,24,1765,3,,,,,
2026/09/15 20:55,2026-09-15T21:10:55+09:00,2026/09/16,2026/12/10,2026-12,PUT,67000,5390,,,28.75,23.21,5520,3,4870,3,,,,,
2026/09/15 20:55,2026-09-15T21:10:55+09:00,2026/09/16,2026/12/10,2026-12,CALL,66875,1760,,,25.82,24.72,1945,7,1815,1,,,,,
2026/09/15 20:55,2026-09-15T21:10:55+09:00,2026/09/16,2026/12/10,2026-12,PUT,66875,5305,,,29.02,23.26,5470,1,4790,1,,,,,
2026/09/15 20:55,2026-09-15T21:10:55+09:00,2026/09/16,2026/12/10,2026-12,CALL,66750,1795,,,25.85,25.05,1990,1,1895,9,,,,,
2026/09/15 20:55,2026-09-15T21:10:55+09:00,2026/09/16,2026/12/10,2026-12,PUT,66750,5215,,,29,23.94,5385,1,4785,1,,,,,
2026/09/15 20:55,2026-09-15T21:10:55+09:00,2026/09/16,2026/12/10,2026-12,CALL,66625,1830,,,25.84,25.04,2030,8,1935,8,,,,,
2026/09/15 20:55,2026-09-15T21:10:55+09:00,2026/09/16,2026/12/10,2026-12,PUT,66625,5120,,,28.88,22.83,5290,1,4570,1,,,,,
2026/09/15 20:55,2026-09-15T21:10:55+09:00,2026/09/16,2026/12/10,2026-12,CALL,66500,1880,,,25.9,25.06,2080,16,1980,16,,,,,
2026/09/15 20:55,2026-09-15T21:10:55+09:00,2026/09/16,2026/12/10,2026-12,PUT,66500,5050,,,28.64,23.67,5180,2,4585,2,,,,,
2026/09/15 20:55,2026-09-15T21:10:55+09:00,2026/09/16,2026/12/10,2026-12,CALL,66375,1935,,,25.99,25.12,2135,7,2030,8,,,,,
2026/09/15 20:55,2026-09-15T21:10:55+09:00,2026/09/16,2026/12/10,2026-12,PUT,66375,4980,,,28.73,23.52,5110,1,4485,1,,,,,
2026/09/15 20:55,2026-09-15T21:10:55+09:00,2026/09/16,2026/12/10,2026-12,CALL,66250,1970,,,25.92,25.13,2170,8,2075,8,,,,,
2026/09/15 20:55,2026-09-15T21:10:55+09:00,2026/09/16,2026/12/10,2026-12,PUT,66250,4890,,,28.65,23.62,5020,1,4415,1,,,,,
2026/09/15 20:55,2026-09-15T21:10:55+09:00,2026/09/16,2026/12/10,2026-12,CALL,66125,2005,,,26.08,25.17,2235,7,2125,7,,,,,
2026/09/15 20:55,2026-09-15T21:10:55+09:00,2026/09/16,2026/12/10,2026-12,PUT,66125,4800,,,28.6,23.68,4935,1,4340,1,,,,,
2026/09/15 20:55,2026-09-15T21:10:55+09:00,2026/09/16,2026/12/10,2026-12,CALL,66000,2110,,,26,25.21,2270,3,2175,21,,,,,
2026/09/15 20:55,2026-09-15T21:10:55+09:00,2026/09/16,2026/12/10,2026-12,PUT,66000,4735,,,28.18,24.14,4805,3,4315,3,,,,,
2026/09/15 20:55,2026-09-15T21:10:55+09:00,2026/09/16,2026/12/10,2026-12,CALL,65875,2125,,,26.15,25.25,2335,7,2225,7,,,,,
2026/09/15 20:55,2026-09-15T21:10:55+09:00,2026/09/16,2026/12/10,2026-12,PUT,65875,4670,,,28.45,24.34,4760,1,4260,1,,,,,
2026/09/15 20:55,2026-09-15T21:10:55+09:00,2026/09/16,2026/12/10,2026-12,CALL,65750,2170,,,26.18,25.27,2385,8,2275,8,,,,,
2026/09/15 20:55,2026-09-15T21:10:55+09:00,2026/09/16,2026/12/10,2026-12,PUT,65750,4590,,,28.38,24.21,4675,1,4165,1,,,,,
2026/09/15 20:55,2026-09-15T21:10:55+09:00,2026/09/16,2026/12/10,2026-12,CALL,65625,2225,,,26.19,25.3,2435,7,2325,7,,,,,
2026/09/15 20:55,2026-09-15T21:10:55+09:00,2026/09/16,2026/12/10,2026-12,PUT,65625,4520,,,28.31,24.84,4590,1,4165,1,,,,,
2026/09/15 20:55,2026-09-15T21:10:55+09:00,2026/09/16,2026/12/10,2026-12,CALL,65500,2270,,,26.17,25.31,2480,2,2375,14,,,,,
2026/09/15 20:55,2026-09-15T21:10:55+09:00,2026/09/16,2026/12/10,2026-12,PUT,65500,4445,,,28.08,24.66,4485,2,4065,2,,,,,
2026/09/15 20:55,2026-09-15T21:10:55+09:00,2026/09/16,2026/12/10,2026-12,CALL,65375,2335,,,26.25,25.36,2540,7,2430,7,,,,,
2026/09/15 20:55,2026-09-15T21:10:55+09:00,2026/09/16,2026/12/10,2026-12,PUT,65375,4375,,,28.2,24.95,4425,1,4025,1,,,,,
2026/09/15 20:55,2026-09-15T21:10:55+09:00,2026/09/16,2026/12/10,2026-12,CALL,65250,2390,,,26.3,25.4,2595,8,2485,8,,,,,
2026/09/15 20:55,2026-09-15T21:10:55+09:00,2026/09/16,2026/12/10,2026-12,PUT,65250,4300,,,28.12,24.83,4340,1,3935,1,,,,,
2026/09/15 20:55,2026-09-15T21:10:55+09:00,2026/09/16,2026/12/10,2026-12,CALL,65125,2440,,,26.29,25.44,2645,1,2540,7,,,,,
2026/09/15 20:55,2026-09-15T21:10:55+09:00,2026/09/16,2026/12/10,2026-12,PUT,65125,4230,,,26.45,25.52,4060,7,3945,20,,,,,
2026/09/15 20:55,2026-09-15T21:10:55+09:00,2026/09/16,2026/12/10,2026-12,CALL,65000,2495,,,26.32,25.47,2700,3,2595,21,,,,,
2026/09/15 20:55,2026-09-15T21:10:55+09:00,2026/09/16,2026/12/10,2026-12,PUT,65000,4155,,,26.6,25.79,4005,21,3905,3,,,,,
2026/09/15 20:55,2026-09-15T21:10:55+09:00,2026/09/16,2026/12/10,2026-12,CALL,64875,2545,,,26.34,25.5,2755,1,2650,7,,,,,
2026/09/15 20:55,2026-09-15T21:10:55+09:00,2026/09/16,2026/12/10,2026-12,PUT,64875,4080,,,26.63,25.78,3935,7,3830,7,,,,,
2026/09/15 20:55,2026-09-15T21:10:55+09:00,2026/09/16,2026/12/10,2026-12,CALL,64750,2600,,,26.4,25.55,2815,1,2710,8,,,,,
2026/09/15 20:55,2026-09-15T21:10:55+09:00,2026/09/16,2026/12/10,2026-12,PUT,64750,4020,,,26.68,25.88,3870,8,3770,1,,,,,
2026/09/15 20:55,2026-09-15T21:10:55+09:00,2026/09/16,2026/12/10,2026-12,CALL,64625,2655,,,26.45,25.57,2875,7,2765,7,,,,,
2026/09/15 20:55,2026-09-15T21:10:55+09:00,2026/09/16,2026/12/10,2026-12,PUT,64625,3955,,,26.7,25.93,3800,7,3705,1,,,,,
2026/09/15 20:55,2026-09-15T21:10:55+09:00,2026/09/16,2026/12/10,2026-12,CALL,64500,2715,,,26.5,25.61,2935,15,2825,14,,,,,
2026/09/15 20:55,2026-09-15T21:10:55+09:00,2026/09/16,2026/12/10,2026-12,PUT,64500,3880,,,26.74,25.9,3735,14,3630,14,,,,,
2026/09/15 20:55,2026-09-15T21:10:55+09:00,2026/09/16,2026/12/10,2026-12,CALL,64375,2770,,,26.54,25.65,2995,7,2885,7,,,,,
2026/09/15 20:55,2026-09-15T21:10:55+09:00,2026/09/16,2026/12/10,2026-12,PUT,64375,3810,,,26.78,25.89,3670,7,3560,7,,,,,
2026/09/15 20:55,2026-09-15T21:10:55+09:00,2026/09/16,2026/12/10,2026-12,CALL,64250,2850,,,26.57,25.69,3055,9,2945,8,,,,,
2026/09/15 20:55,2026-09-15T21:10:55+09:00,2026/09/16,2026/12/10,2026-12,PUT,64250,3750,,,26.82,25.97,3605,8,3500,8,,,,,
2026/09/15 20:55,2026-09-15T21:10:55+09:00,2026/09/16,2026/12/10,2026-12,CALL,64125,2885,,,26.6,25.71,3115,7,3005,7,,,,,
2026/09/15 20:55,2026-09-15T21:10:55+09:00,2026/09/16,2026/12/10,2026-12,PUT,64125,3680,,,26.88,26,3545,7,3435,7,,,,,
2026/09/15 20:55,2026-09-15T21:10:55+09:00,2026/09/16,2026/12/10,2026-12,CALL,64000,2945,,,26.62,25.78,3175,3,3070,21,,,,,
2026/09/15 20:55,2026-09-15T21:10:55+09:00,2026/09/16,2026/12/10,2026-12,PUT,64000,3615,,,26.91,26.02,3480,21,3370,21,,,,,
2026/09/15 20:55,2026-09-15T21:10:55+09:00,2026/09/16,2026/12/10,2026-12,CALL,63875,3005,,,26.72,25.83,3245,7,3135,7,,,,,
2026/09/15 20:55,2026-09-15T21:10:55+09:00,2026/09/16,2026/12/10,2026-12,PUT,63875,3555,,,26.96,26.07,3420,7,3310,7,,,,,
2026/09/15 20:55,2026-09-15T21:10:55+09:00,2026/09/16,2026/12/10,2026-12,CALL,63750,3070,,,26.73,25.84,3305,8,3195,8,,,,,
2026/09/15 20:55,2026-09-15T21:10:55+09:00,2026/09/16,2026/12/10,2026-12,PUT,63750,3495,,,27.01,26.12,3360,8,3250,8,,,,,
2026/09/15 20:55,2026-09-15T21:10:55+09:00,2026/09/16,2026/12/10,2026-12,CALL,63625,3130,,,26.86,24.27,3380,7,3060,1,,,,,
2026/09/15 20:55,2026-09-15T21:10:55+09:00,2026/09/16,2026/12/10,2026-12,PUT,63625,3435,,,27.06,26.17,3300,7,3190,7,,,,,
2026/09/15 20:55,2026-09-15T21:10:55+09:00,2026/09/16,2026/12/10,2026-12,CALL,63500,3195,,,26.89,24.39,3445,14,3135,2,,,,,
2026/09/15 20:55,2026-09-15T21:10:55+09:00,2026/09/16,2026/12/10,2026-12,PUT,63500,3370,,,27.1,26.21,3240,14,3130,14,,,,,
2026/09/15 20:55,2026-09-15T21:10:55+09:00,2026/09/16,2026/12/10,2026-12,CALL,63375,3265,,,26.97,24.17,3515,6,3170,1,,,,,
2026/09/15 20:55,2026-09-15T21:10:55+09:00,2026/09/16,2026/12/10,2026-12,PUT,63375,3320,,,27.13,26.24,3180,7,3070,7,,,,,
2026/09/15 20:55,2026-09-15T21:10:55+09:00,2026/09/16,2026/12/10,2026-12,CALL,63250,3325,,,26.95,24.11,3575,7,3225,1,,,,,
2026/09/15 20:55,2026-09-15T21:10:55+09:00,2026/09/16,2026/12/10,2026-12,PUT,63250,3250,,19,27.24,26.26,3130,20,3010,20,26.81,140,4.31,3390,09/15 17:13
2026/09/15 20:55,2026-09-15T21:10:55+09:00,2026/09/16,2026/12/10,2026-12,CALL,63125,3390,,,26.97,24.04,3640,6,3280,1,,,,,
2026/09/15 20:55,2026-09-15T21:10:55+09:00,2026/09/16,2026/12/10,2026-12,PUT,63125,3195,,,27.26,26.36,3070,7,2960,7,,,,,
2026/09/15 20:55,2026-09-15T21:10:55+09:00,2026/09/16,2026/12/10,2026-12,CALL,63000,3460,,,27.03,24.34,3710,18,3380,3,,,,,
2026/09/15 20:55,2026-09-15T21:10:55+09:00,2026/09/16,2026/12/10,2026-12,PUT,63000,3140,,,27.31,26.42,3015,21,2905,21,,,,,
2026/09/15 20:55,2026-09-15T21:10:55+09:00,2026/09/16,2026/12/10,2026-12,CALL,62875,3525,,,28.63,23.93,3970,1,3395,1,,,,,
2026/09/15 20:55,2026-09-15T21:10:55+09:00,2026/09/16,2026/12/10,2026-12,PUT,62875,3080,,,27.37,26.47,2960,7,2850,7,,,,,
2026/09/15 20:55,2026-09-15T21:10:55+09:00,2026/09/16,2026/12/10,2026-12,CALL,62750,3595,,,28.68,23.88,4040,6,3455,1,,,,,
2026/09/15 20:55,2026-09-15T21:10:55+09:00,2026/09/16,2026/12/10,2026-12,PUT,62750,3025,,,27.41,26.51,2905,8,2795,8,,,,,
2026/09/15 20:55,2026-09-15T21:10:55+09:00,2026/09/16,2026/12/10,2026-12,CALL,62625,3665,,,28.56,23.83,4090,5,3515,1,,,,,
2026/09/15 20:55,2026-09-15T21:10:55+09:00,2026/09/16,2026/12/10,2026-12,PUT,62625,2975,,,27.45,26.54,2850,7,2740,7,,,,,
2026/09/15 20:55,2026-09-15T21:10:55+09:00,2026/09/16,2026/12/10,2026-12,CALL,62500,3730,,,28.26,23.93,4120,2,3595,2,,,,,
2026/09/15 20:55,2026-09-15T21:10:55+09:00,2026/09/16,2026/12/10,2026-12,PUT,62500,2915,,,27.48,26.57,2795,16,2685,16,,,,,
2026/09/15 20:55,2026-09-15T21:10:55+09:00,2026/09/16,2026/12/10,2026-12,CALL,62375,3800,,,28.58,23.7,4225,5,3635,1,,,,,
2026/09/15 20:55,2026-09-15T21:10:55+09:00,2026/09/16,2026/12/10,2026-12,PUT,62375,2860,,,27.55,26.64,2745,8,2635,8,,,,,
2026/09/15 20:55,2026-09-15T21:10:55+09:00,2026/09/16,2026/12/10,2026-12,CALL,62250,3875,,,29.19,23.66,4365,1,3700,1,,,,,
2026/09/15 20:55,2026-09-15T21:10:55+09:00,2026/09/16,2026/12/10,2026-12,PUT,62250,2810,,,27.61,26.7,2695,9,2585,9,,,,,
2026/09/15 20:55,2026-09-15T21:10:55+09:00,2026/09/16,2026/12/10,2026-12,CALL,62125,3945,,,29.91,23.62,4520,1,3765,1,,,,,
2026/09/15 20:55,2026-09-15T21:10:55+09:00,2026/09/16,2026/12/10,2026-12,PUT,62125,2755,,,27.75,26.79,2655,1,2540,7,,,,,
2026/09/15 20:55,2026-09-15T21:10:55+09:00,2026/09/16,2026/12/10,2026-12,CALL,62000,4020,,,29.43,23.9,4530,3,3870,3,,,,,
2026/09/15 20:55,2026-09-15T21:10:55+09:00,2026/09/16,2026/12/10,2026-12,PUT,62000,2705,,,27.8,26.63,2605,3,2465,3,,,,,
2026/09/15 20:55,2026-09-15T21:10:55+09:00,2026/09/16,2026/12/10,2026-12,CALL,61875,4090,,,29.32,23.47,4585,1,3890,1,,,,,
2026/09/15 20:55,2026-09-15T21:10:55+09:00,2026/09/16,2026/12/10,2026-12,PUT,61875,2650,,,27.76,26.71,2545,1,2420,1,,,,,
2026/09/15 20:55,2026-09-15T21:10:55+09:00,2026/09/16,2026/12/10,2026-12,CALL,61750,4170,,,30.37,23.44,4780,1,3960,1,,,,,
2026/09/15 20:55,2026-09-15T21:10:55+09:00,2026/09/16,2026/12/10,2026-12,PUT,61750,2605,,,27.8,26.79,2495,1,2375,1,,,,,
2026/09/15 20:55,2026-09-15T21:10:55+09:00,2026/09/16,2026/12/10,2026-12,CALL,61625,4240,,,30.46,23.32,4860,1,4020,1,,,,,
2026/09/15 20:55,2026-09-15T21:10:55+09:00,2026/09/16,2026/12/10,2026-12,PUT,61625,2550,,,27.88,26.82,2450,1,2325,1,,,,,
2026/09/15 20:55,2026-09-15T21:10:55+09:00,2026/09/16,2026/12/10,2026-12,CALL,61500,4325,,,28.88,23.5,4745,2,4115,2,,,,,
2026/09/15 20:55,2026-09-15T21:10:55+09:00,2026/09/16,2026/12/10,2026-12,PUT,61500,2505,,,27.95,26.93,2405,2,2285,2,,,,,
2026/09/15 20:55,2026-09-15T21:10:55+09:00,2026/09/16,2026/12/10,2026-12,CALL,61375,4400,,,31,23.28,5065,1,4165,1,,,,,
2026/09/15 20:55,2026-09-15T21:10:55+09:00,2026/09/16,2026/12/10,2026-12,PUT,61375,2460,,,28.01,26.9,2360,1,2230,1,,,,,
2026/09/15 20:55,2026-09-15T21:10:55+09:00,2026/09/16,2026/12/10,2026-12,CALL,61250,4480,,,30.51,23.18,5080,1,4230,7,,,,,
2026/09/15 20:55,2026-09-15T21:10:55+09:00,2026/09/16,2026/12/10,2026-12,PUT,61250,2390,,19,28.07,26.26,2315,1,2105,1,27.6,120,5.02,2510,09/15 17:13
2026/09/15 20:55,2026-09-15T21:10:55+09:00,2026/09/16,2026/12/10,2026-12,CALL,61125,4565,,,29.72,23.24,5060,1,4315,6,,,,,
2026/09/15 20:55,2026-09-15T21:10:55+09:00,2026/09/16,2026/12/10,2026-12,PUT,61125,2380,,,28.13,27.09,2270,1,2150,1,,,,,
2026/09/15 20:55,2026-09-15T21:10:55+09:00,2026/09/16,2026/12/10,2026-12,CALL,61000,4635,,,29.82,23.48,5145,3,4420,3,,,,,
2026/09/15 20:55,2026-09-15T21:10:55+09:00,2026/09/16,2026/12/10,2026-12,PUT,61000,2325,,,28.17,27.09,2225,3,2100,3,,,,,
2026/09/15 20:55,2026-09-15T21:10:55+09:00,2026/09/16,2026/12/10,2026-12,CALL,60875,4730,,,30.52,23.31,5300,1,4480,6,,,,,
2026/09/15 20:55,2026-09-15T21:10:55+09:00,2026/09/16,2026/12/10,2026-12,PUT,60875,2295,,,28.26,27.12,2185,1,2055,1,,,,,
2026/09/15 20:55,2026-09-15T21:10:55+09:00,2026/09/16,2026/12/10,2026-12,CALL,60750,4780,,,31.7,23.04,5510,1,4530,7,,,,,
2026/09/15 20:55,2026-09-15T21:10:55+09:00,2026/09/16,2026/12/10,2026-12,PUT,60750,2220,,,28.3,27.2,2140,1,2015,1,,,,,
2026/09/15 20:55,2026-09-15T21:10:55+09:00,2026/09/16,2026/12/10,2026-12,CALL,60625,4870,,,31.62,23.13,5575,1,4620,6,,,,,
2026/09/15 20:55,2026-09-15T21:10:55+09:00,2026/09/16,2026/12/10,2026-12,PUT,60625,2185,,,28.33,27.26,2095,1,1975,1,,,,,
2026/09/15 20:55,2026-09-15T21:10:55+09:00,2026/09/16,2026/12/10,2026-12,CALL,60500,4975,,,30.74,23.34,5550,2,4725,12,,,,,
2026/09/15 20:55,2026-09-15T21:10:55+09:00,2026/09/16,2026/12/10,2026-12,PUT,60500,2165,,,28.44,27.33,2060,2,1935,2,,,,,
2026/09/15 20:55,2026-09-15T21:10:55+09:00,2026/09/16,2026/12/10,2026-12,CALL,60250,5145,,,30.85,23.38,5715,1,4895,7,,,,,
2026/09/15 20:55,2026-09-15T21:10:55+09:00,2026/09/16,2026/12/10,2026-12,PUT,60250,2085,,,28.56,27.43,1980,1,1855,1,,,,,
2026/09/15 20:55,2026-09-15T21:10:55+09:00,2026/09/16,2026/12/10,2026-12,CALL,60000,5310,,,30.98,23.35,5885,3,5060,18,,,,,
2026/09/15 20:55,2026-09-15T21:10:55+09:00,2026/09/16,2026/12/10,2026-12,PUT,60000,2000,,,28.71,27.56,1905,3,1780,3,,,,,
2026/09/15 20:55,2026-09-15T21:10:55+09:00,2026/09/16,2026/12/10,2026-12,CALL,59750,5490,,,32.5,23.43,6210,1,5240,7,,,,,
2026/09/15 20:55,2026-09-15T21:10:55+09:00,2026/09/16,2026/12/10,2026-12,PUT,59750,1930,,,28.83,27.9,1830,1,1730,11,,,,,
2026/09/15 20:55,2026-09-15T21:10:55+09:00,2026/09/16,2026/12/10,2026-12,CALL,59500,5660,,,30.9,23.37,6195,2,5410,12,,,,,
2026/09/15 20:55,2026-09-15T21:10:55+09:00,2026/09/16,2026/12/10,2026-12,PUT,59500,1855,,,28.98,27.37,1760,2,1590,2,,,,,
2026/09/15 20:55,2026-09-15T21:10:55+09:00,2026/09/16,2026/12/10,2026-12,CALL,59250,5810,,,33.76,23.08,6665,1,5560,7,,,,,
2026/09/15 20:55,2026-09-15T21:10:55+09:00,2026/09/16,2026/12/10,2026-12,PUT,59250,1755,,,29.16,27.91,1695,1,1565,1,,,,,
2026/09/15 20:55,2026-09-15T21:10:55+09:00,2026/09/16,2026/12/10,2026-12,CALL,59000,6015,,,33,23.32,6745,3,5765,18,,,,,
2026/09/15 20:55,2026-09-15T21:10:55+09:00,2026/09/16,2026/12/10,2026-12,PUT,59000,1710,,,29.27,28.14,1625,3,1510,30,,,,,
2026/09/15 20:55,2026-09-15T21:10:55+09:00,2026/09/16,2026/12/10,2026-12,CALL,58750,6155,,,31.8,22.84,6785,1,5905,7,,,,,
2026/09/15 20:55,2026-09-15T21:10:55+09:00,2026/09/16,2026/12/10,2026-12,PUT,58750,1600,,,29.45,28.21,1565,1,1440,1,,,,,
2026/09/15 20:55,2026-09-15T21:10:55+09:00,2026/09/16,2026/12/10,2026-12,CALL,58500,6375,,,32.63,23.19,7040,2,6125,12,,,,,
2026/09/15 20:55,2026-09-15T21:10:55+09:00,2026/09/16,2026/12/10,2026-12,PUT,58500,1570,,,29.57,28.35,1500,2,1380,2,,,,,
2026/09/15 20:55,2026-09-15T21:10:55+09:00,2026/09/16,2026/12/10,2026-12,CALL,58250,6530,,,32.83,22.77,7230,1,6280,7,,,,,
2026/09/15 20:55,2026-09-15T21:10:55+09:00,2026/09/16,2026/12/10,2026-12,PUT,58250,1480,,,29.76,28.42,1445,1,1315,1,,,,,
2026/09/15 20:55,2026-09-15T21:10:55+09:00,2026/09/16,2026/12/10,2026-12,CALL,58000,6735,,,34.26,22.89,7545,3,6485,18,,,,,
2026/09/15 20:55,2026-09-15T21:10:55+09:00,2026/09/16,2026/12/10,2026-12,PUT,58000,1415,,,29.94,28.57,1390,3,1260,3,,,,,
2026/09/15 20:55,2026-09-15T21:10:55+09:00,2026/09/16,2026/12/10,2026-12,CALL,57750,6955,,,34.18,23.17,7710,1,6705,7,,,,,
2026/09/15 20:55,2026-09-15T21:10:55+09:00,2026/09/16,2026/12/10,2026-12,PUT,57750,1410,,,30.09,28.7,1335,2,1205,1,,,,,
2026/09/15 20:55,2026-09-15T21:10:55+09:00,2026/09/16,2026/12/10,2026-12,CALL,57500,7145,,,34.34,23.05,7900,2,6895,12,,,,,
2026/09/15 20:55,2026-09-15T21:10:55+09:00,2026/09/16,2026/12/10,2026-12,PUT,57500,1350,,,30.28,28.91,1285,4,1160,4,,,,,
2026/09/15 20:55,2026-09-15T21:10:55+09:00,2026/09/16,2026/12/10,2026-12,CALL,57250,7330,,,34.06,22.81,8050,1,7080,7,,,,,
2026/09/15 20:55,2026-09-15T21:10:55+09:00,2026/09/16,2026/12/10,2026-12,PUT,57250,1285,,,30.4,29.06,1230,2,1110,2,,,,,
2026/09/15 20:55,2026-09-15T21:10:55+09:00,2026/09/16,2026/12/10,2026-12,CALL,57000,7520,,,33.26,22.59,8155,3,7270,18,,,,,
2026/09/15 20:55,2026-09-15T21:10:55+09:00,2026/09/16,2026/12/10,2026-12,PUT,57000,1225,,,30.61,29.24,1185,6,1065,6,,,,,
2026/09/15 20:55,2026-09-15T21:10:55+09:00,2026/09/16,2026/12/10,2026-12,CALL,56750,7745,,,36.74,22.82,8660,1,7495,7,,,,,
2026/09/15 20:55,2026-09-15T21:10:55+09:00,2026/09/16,2026/12/10,2026-12,PUT,56750,1200,,,30.8,29.4,1140,2,1020,2,,,,,
2026/09/15 20:55,2026-09-15T21:10:55+09:00,2026/09/16,2026/12/10,2026-12,CALL,56500,7950,,,34.12,22.74,8600,2,7700,12,,,,,
2026/09/15 20:55,2026-09-15T21:10:55+09:00,2026/09/16,2026/12/10,2026-12,PUT,56500,1155,,,30.97,29.54,1095,4,975,4,,,,,
2026/09/15 20:55,2026-09-15T21:10:55+09:00,2026/09/16,2026/12/10,2026-12,CALL,56250,8150,,,35.02,22.52,8865,1,7900,7,,,,,
2026/09/15 20:55,2026-09-15T21:10:55+09:00,2026/09/16,2026/12/10,2026-12,PUT,56250,1105,,,31.19,29.72,1055,2,935,2,,,,,
2026/09/15 20:55,2026-09-15T21:10:55+09:00,2026/09/16,2026/12/10,2026-12,CALL,56000,8360,,,34.6,22.41,9015,3,8110,18,,,,,
2026/09/15 20:55,2026-09-15T21:10:55+09:00,2026/09/16,2026/12/10,2026-12,PUT,56000,1065,,,31.38,29.88,1015,6,895,6,,,,,
2026/09/15 20:55,2026-09-15T21:10:55+09:00,2026/09/16,2026/12/10,2026-12,CALL,55750,8545,,,34.73,21.79,9215,1,8295,7,,,,,
2026/09/15 20:55,2026-09-15T21:10:55+09:00,2026/09/16,2026/12/10,2026-12,PUT,55750,1005,,,31.56,30.09,975,2,860,2,,,,,
2026/09/15 20:55,2026-09-15T21:10:55+09:00,2026/09/16,2026/12/10,2026-12,CALL,55500,8780,,,36.33,22.04,9540,2,8530,12,,,,,
2026/09/15 20:55,2026-09-15T21:10:55+09:00,2026/09/16,2026/12/10,2026-12,PUT,55500,990,,,31.79,30.21,940,4,820,4,,,,,
2026/09/15 20:55,2026-09-15T21:10:55+09:00,2026/09/16,2026/12/10,2026-12,CALL,55250,8995,,,35.79,21.86,9685,1,8745,7,,,,,
2026/09/15 20:55,2026-09-15T21:10:55+09:00,2026/09/16,2026/12/10,2026-12,PUT,55250,955,,,32,30.66,905,2,805,14,,,,,
2026/09/15 20:55,2026-09-15T21:10:55+09:00,2026/09/16,2026/12/10,2026-12,CALL,55000,9205,,,34.94,21.49,9810,3,8955,18,,,,,
2026/09/15 20:55,2026-09-15T21:10:55+09:00,2026/09/16,2026/12/10,2026-12,PUT,55000,915,,,32.26,30.75,875,9,765,42,,,,,
2026/09/15 20:55,2026-09-15T21:10:55+09:00,2026/09/16,2026/12/10,2026-12,CALL,54750,9420,,,38.97,21.14,10330,1,9170,7,,,,,
2026/09/15 20:55,2026-09-15T21:10:55+09:00,2026/09/16,2026/12/10,2026-12,PUT,54750,880,,,32.44,30.89,840,3,730,16,,,,,
2026/09/15 20:55,2026-09-15T21:10:55+09:00,2026/09/16,2026/12/10,2026-12,CALL,54500,9625,,,36.31,20.38,10310,2,9375,12,,,,,
2026/09/15 20:55,2026-09-15T21:10:55+09:00,2026/09/16,2026/12/10,2026-12,PUT,54500,835,,,32.67,30.86,810,6,685,6,,,,,
2026/09/15 20:55,2026-09-15T21:10:55+09:00,2026/09/16,2026/12/10,2026-12,CALL,54250,9830,,,38.61,19.34,10685,1,9580,7,,,,,
2026/09/15 20:55,2026-09-15T21:10:55+09:00,2026/09/16,2026/12/10,2026-12,PUT,54250,795,,,32.97,31.18,785,3,665,3,,,,,
2026/09/15 20:55,2026-09-15T21:10:55+09:00,2026/09/16,2026/12/10,2026-12,CALL,54000,10040,,,37.63,18.05,10805,3,9790,18,,,,,
2026/09/15 20:55,2026-09-15T21:10:55+09:00,2026/09/16,2026/12/10,2026-12,PUT,54000,755,,,33.02,31.49,745,9,645,9,,,,,
2026/09/15 20:55,2026-09-15T21:10:55+09:00,2026/09/16,2026/12/10,2026-12,CALL,53750,10260,,,38.45,16.56,11065,6,10010,7,,,,,
2026/09/15 20:55,2026-09-15T21:10:55+09:00,2026/09/16,2026/12/10,2026-12,PUT,53750,730,,,33.28,31.71,720,3,620,3,,,,,
2026/09/15 20:55,2026-09-15T21:10:55+09:00,2026/09/16,2026/12/10,2026-12,CALL,53500,10490,,,,,,,,,,,,,
2026/09/15 20:55,2026-09-15T21:10:55+09:00,2026/09/16,2026/12/10,2026-12,PUT,53500,710,,,33.53,31.92,695,6,595,6,,,,,
2026/09/15 20:55,2026-09-15T21:10:55+09:00,2026/09/16,2026/12/10,2026-12,CALL,53250,10720,,,,,,,,,,,,,
2026/09/15 20:55,2026-09-15T21:10:55+09:00,2026/09/16,2026/12/10,2026-12,PUT,53250,690,,,33.76,32.03,670,3,565,16,,,,,
2026/09/15 20:55,2026-09-15T21:10:55+09:00,2026/09/16,2026/12/10,2026-12,CALL,53000,10950,,,,,,,,,,,,,
2026/09/15 20:55,2026-09-15T21:10:55+09:00,2026/09/16,2026/12/10,2026-12,PUT,53000,670,,,33.98,32.2,645,9,540,9,,,,,
2026/09/15 20:55,2026-09-15T21:10:55+09:00,2026/09/16,2026/12/10,2026-12,CALL,52750,11165,,,,,,,,,,,,,
2026/09/15 20:55,2026-09-15T21:10:55+09:00,2026/09/16,2026/12/10,2026-12,PUT,52750,635,,,34.27,32.53,625,3,525,3,,,,,
2026/09/15 20:55,2026-09-15T21:10:55+09:00,2026/09/16,2026/12/10,2026-12,CALL,52500,11395,,,,,,,,,,,,,
2026/09/15 20:55,2026-09-15T21:10:55+09:00,2026/09/16,2026/12/10,2026-12,PUT,52500,615,,,34.55,32.58,605,6,495,6,,,,,
2026/09/15 20:55,2026-09-15T21:10:55+09:00,2026/09/16,2026/12/10,2026-12,CALL,52250,11620,,,,,,,,,,,,,
2026/09/15 20:55,2026-09-15T21:10:55+09:00,2026/09/16,2026/12/10,2026-12,PUT,52250,595,,,34.73,32.79,580,3,475,3,,,,,
2026/09/15 20:55,2026-09-15T21:10:55+09:00,2026/09/16,2026/12/10,2026-12,CALL,52000,11850,,,,,,,,,,,,,
2026/09/15 20:55,2026-09-15T21:10:55+09:00,2026/09/16,2026/12/10,2026-12,PUT,52000,550,,,35.08,32.99,565,9,455,9,,,,,
2026/09/15 20:55,2026-09-15T21:10:55+09:00,2026/09/16,2026/12/10,2026-12,CALL,51750,12085,,,,,,,,,,,,,
2026/09/15 20:55,2026-09-15T21:10:55+09:00,2026/09/16,2026/12/10,2026-12,PUT,51750,560,,,35.32,33.28,545,3,440,3,,,,,
2026/09/15 20:55,2026-09-15T21:10:55+09:00,2026/09/16,2026/12/10,2026-12,CALL,51500,12305,,,,,,,,,,,,,
2026/09/15 20:55,2026-09-15T21:10:55+09:00,2026/09/16,2026/12/10,2026-12,PUT,51500,530,,,35.55,33.45,525,6,420,6,,,,,
2026/09/15 20:55,2026-09-15T21:10:55+09:00,2026/09/16,2026/12/10,2026-12,CALL,51250,12540,,,,,,,,,,,,,
2026/09/15 20:55,2026-09-15T21:10:55+09:00,2026/09/16,2026/12/10,2026-12,PUT,51250,520,,,35.87,33.71,510,3,405,3,,,,,
2026/09/15 20:55,2026-09-15T21:10:55+09:00,2026/09/16,2026/12/10,2026-12,CALL,51000,12770,,,,,,,,,,,,,
2026/09/15 20:55,2026-09-15T21:10:55+09:00,2026/09/16,2026/12/10,2026-12,PUT,51000,495,,,36.17,34.07,495,9,395,42,,,,,
2026/09/15 20:55,2026-09-15T21:10:55+09:00,2026/09/16,2026/12/10,2026-12,CALL,50750,13005,,,,,,,,,,,,,
2026/09/15 20:55,2026-09-15T21:10:55+09:00,2026/09/16,2026/12/10,2026-12,PUT,50750,485,,,36.47,34.42,480,3,385,16,,,,,
2026/09/15 20:55,2026-09-15T21:10:55+09:00,2026/09/16,2026/12/10,2026-12,CALL,50500,13230,,,,,,,,,,,,,
2026/09/15 20:55,2026-09-15T21:10:55+09:00,2026/09/16,2026/12/10,2026-12,PUT,50500,460,,,36.76,34.42,465,6,360,28,,,,,
2026/09/15 20:55,2026-09-15T21:10:55+09:00,2026/09/16,2026/12/10,2026-12,CALL,50250,13460,,,,,,,,,,,,,
2026/09/15 20:55,2026-09-15T21:10:55+09:00,2026/09/16,2026/12/10,2026-12,PUT,50250,440,,,36.82,34.87,440,3,355,3,,,,,
2026/09/15 20:55,2026-09-15T21:10:55+09:00,2026/09/16,2026/12/10,2026-12,CALL,50000,13695,,,,,,,,,,,,,
2026/09/15 20:55,2026-09-15T21:10:55+09:00,2026/09/16,2026/12/10,2026-12,PUT,50000,425,,,37.08,35.07,425,12,340,12,,,,,
2026/09/15 20:55,2026-09-15T21:10:55+09:00,2026/09/16,2026/12/10,2026-12,CALL,49750,13940,,,,,,,,,,,,,
2026/09/15 20:55,2026-09-15T21:10:55+09:00,2026/09/16,2026/12/10,2026-12,PUT,49750,420,,,37.44,35.26,415,5,325,5,,,,,
2026/09/15 20:55,2026-09-15T21:10:55+09:00,2026/09/16,2026/12/10,2026-12,CALL,49500,14170,,,,,,,,,,,,,
2026/09/15 20:55,2026-09-15T21:10:55+09:00,2026/09/16,2026/12/10,2026-12,PUT,49500,405,,,37.69,35.57,400,8,315,8,,,,,
2026/09/15 20:55,2026-09-15T21:10:55+09:00,2026/09/16,2026/12/10,2026-12,CALL,49250,14405,,,,,,,,,,,,,
2026/09/15 20:55,2026-09-15T21:10:55+09:00,2026/09/16,2026/12/10,2026-12,PUT,49250,390,,,38.04,35.73,390,5,300,5,,,,,
2026/09/15 20:55,2026-09-15T21:10:55+09:00,2026/09/16,2026/12/10,2026-12,CALL,49000,14635,,,,,,,,,,,,,
2026/09/15 20:55,2026-09-15T21:10:55+09:00,2026/09/16,2026/12/10,2026-12,PUT,49000,370,,,38.26,36.04,375,12,291,12,,,,,
2026/09/15 20:55,2026-09-15T21:10:55+09:00,2026/09/16,2026/12/10,2026-12,CALL,48750,14875,,,,,,,,,,,,,
2026/09/15 20:55,2026-09-15T21:10:55+09:00,2026/09/16,2026/12/10,2026-12,PUT,48750,360,,,38.59,36.29,365,5,280,5,,,,,
2026/09/15 20:55,2026-09-15T21:10:55+09:00,2026/09/16,2026/12/10,2026-12,CALL,48500,15110,,,,,,,,,,,,,
2026/09/15 20:55,2026-09-15T21:10:55+09:00,2026/09/16,2026/12/10,2026-12,PUT,48500,345,,,38.92,36.55,355,8,270,8,,,,,
2026/09/15 20:55,2026-09-15T21:10:55+09:00,2026/09/16,2026/12/10,2026-12,CALL,48250,15350,,,,,,,,,,,,,
2026/09/15 20:55,2026-09-15T21:10:55+09:00,2026/09/16,2026/12/10,2026-12,PUT,48250,340,,,39.24,36.84,345,5,261,5,,,,,
2026/09/15 20:55,2026-09-15T21:10:55+09:00,2026/09/16,2026/12/10,2026-12,CALL,48000,15590,,,,,,,,,,,,,
2026/09/15 20:55,2026-09-15T21:10:55+09:00,2026/09/16,2026/12/10,2026-12,PUT,48000,315,,,39.55,37.05,335,12,250,12,,,,,
2026/09/15 20:55,2026-09-15T21:10:55+09:00,2026/09/16,2026/12/10,2026-12,CALL,47750,15825,,,,,,,,,,,,,
2026/09/15 20:55,2026-09-15T21:10:55+09:00,2026/09/16,2026/12/10,2026-12,PUT,47750,315,,,39.86,37.31,325,5,241,5,,,,,
2026/09/15 20:55,2026-09-15T21:10:55+09:00,2026/09/16,2026/12/10,2026-12,CALL,47500,16060,,,,,,,,,,,,,
2026/09/15 20:55,2026-09-15T21:10:55+09:00,2026/09/16,2026/12/10,2026-12,PUT,47500,305,,,40.3,37.57,320,8,232,8,,,,,
2026/09/15 20:55,2026-09-15T21:10:55+09:00,2026/09/16,2026/12/10,2026-12,CALL,47250,16300,,,,,,,,,,,,,
2026/09/15 20:55,2026-09-15T21:10:55+09:00,2026/09/16,2026/12/10,2026-12,PUT,47250,291,,,40.59,37.81,310,5,223,5,,,,,
2026/09/15 20:55,2026-09-15T21:10:55+09:00,2026/09/16,2026/12/10,2026-12,CALL,47000,16540,,,,,,,,,,,,,
2026/09/15 20:55,2026-09-15T21:10:55+09:00,2026/09/16,2026/12/10,2026-12,PUT,47000,281,,,40.87,38.08,300,12,215,12,,,,,
2026/09/15 20:55,2026-09-15T21:10:55+09:00,2026/09/16,2026/12/10,2026-12,CALL,46750,16780,,,,,,,,,,,,,
2026/09/15 20:55,2026-09-15T21:10:55+09:00,2026/09/16,2026/12/10,2026-12,PUT,46750,271,,,41.3,38.33,295,5,207,5,,,,,
2026/09/15 20:55,2026-09-15T21:10:55+09:00,2026/09/16,2026/12/10,2026-12,CALL,46500,17020,,,,,,,,,,,,,
2026/09/15 20:55,2026-09-15T21:10:55+09:00,2026/09/16,2026/12/10,2026-12,PUT,46500,259,,,41.63,38.58,287,8,199,8,,,,,
2026/09/15 20:55,2026-09-15T21:10:55+09:00,2026/09/16,2026/12/10,2026-12,CALL,46250,17260,,,,,,,,,,,,,
2026/09/15 20:55,2026-09-15T21:10:55+09:00,2026/09/16,2026/12/10,2026-12,PUT,46250,256,,,41.99,38.86,280,5,192,5,,,,,
2026/09/15 20:55,2026-09-15T21:10:55+09:00,2026/09/16,2026/12/10,2026-12,CALL,46000,17505,,,,,,,,,,,,,
2026/09/15 20:55,2026-09-15T21:10:55+09:00,2026/09/16,2026/12/10,2026-12,PUT,46000,248,,,42.31,39.12,272,12,185,12,,,,,
2026/09/15 20:55,2026-09-15T21:10:55+09:00,2026/09/16,2026/12/10,2026-12,CALL,45750,17745,,,,,,,,,,,,,
2026/09/15 20:55,2026-09-15T21:10:55+09:00,2026/09/16,2026/12/10,2026-12,PUT,45750,242,,,42.65,39.38,265,5,178,5,,,,,
2026/09/15 20:55,2026-09-15T21:10:55+09:00,2026/09/16,2026/12/10,2026-12,CALL,45500,17990,,,,,,,,,,,,,
2026/09/15 20:55,2026-09-15T21:10:55+09:00,2026/09/16,2026/12/10,2026-12,PUT,45500,235,,,43.03,39.62,259,8,171,8,,,,,
2026/09/15 20:55,2026-09-15T21:10:55+09:00,2026/09/16,2026/12/10,2026-12,CALL,45250,18230,,,,,,,,,,,,,
2026/09/15 20:55,2026-09-15T21:10:55+09:00,2026/09/16,2026/12/10,2026-12,PUT,45250,228,,,43.36,39.9,252,5,165,5,,,,,
2026/09/15 20:55,2026-09-15T21:10:55+09:00,2026/09/16,2026/12/10,2026-12,CALL,45000,18470,,,,,,,,,,,,,
2026/09/15 20:55,2026-09-15T21:10:55+09:00,2026/09/16,2026/12/10,2026-12,PUT,45000,219,,,43.73,40.12,246,12,158,12,,,,,
2026/09/15 20:55,2026-09-15T21:10:55+09:00,2026/09/16,2026/12/10,2026-12,CALL,44750,18715,,,,,,,,,,,,,
2026/09/15 20:55,2026-09-15T21:10:55+09:00,2026/09/16,2026/12/10,2026-12,PUT,44750,214,,,43.6,40.95,227,5,164,5,,,,,
2026/09/15 20:55,2026-09-15T21:10:55+09:00,2026/09/16,2026/12/10,2026-12,CALL,44500,18950,,,,,,,,,,,,,
2026/09/15 20:55,2026-09-15T21:10:55+09:00,2026/09/16,2026/12/10,2026-12,PUT,44500,203,,,43.98,41.31,222,8,160,8,,,,,
2026/09/15 20:55,2026-09-15T21:10:55+09:00,2026/09/16,2026/12/10,2026-12,CALL,44250,19195,,,,,,,,,,,,,
2026/09/15 20:55,2026-09-15T21:10:55+09:00,2026/09/16,2026/12/10,2026-12,PUT,44250,198,,,44.32,41.52,216,5,153,5,,,,,
2026/09/15 20:55,2026-09-15T21:10:55+09:00,2026/09/16,2026/12/10,2026-12,CALL,44000,19440,,,,,,,,,,,,,
2026/09/15 20:55,2026-09-15T21:10:55+09:00,2026/09/16,2026/12/10,2026-12,PUT,44000,195,,,44.69,41.87,211,12,149,12,,,,,
2026/09/15 20:55,2026-09-15T21:10:55+09:00,2026/09/16,2026/12/10,2026-12,CALL,43750,19685,,,,,,,,,,,,,
2026/09/15 20:55,2026-09-15T21:10:55+09:00,2026/09/16,2026/12/10,2026-12,PUT,43750,190,,,45.06,42.06,206,5,142,5,,,,,
2026/09/15 20:55,2026-09-15T21:10:55+09:00,2026/09/16,2026/12/10,2026-12,CALL,43500,19930,,,,,,,,,,,,,
2026/09/15 20:55,2026-09-15T21:10:55+09:00,2026/09/16,2026/12/10,2026-12,PUT,43500,184,,,45.38,42.34,200,8,137,8,,,,,
2026/09/15 20:55,2026-09-15T21:10:55+09:00,2026/09/16,2026/12/10,2026-12,CALL,43250,20175,,,,,,,,,,,,,
2026/09/15 20:55,2026-09-15T21:10:55+09:00,2026/09/16,2026/12/10,2026-12,PUT,43250,179,,,45.78,42.62,196,5,132,5,,,,,
2026/09/15 20:55,2026-09-15T21:10:55+09:00,2026/09/16,2026/12/10,2026-12,CALL,43000,20415,,,,,,,,,,,,,
2026/09/15 20:55,2026-09-15T21:10:55+09:00,2026/09/16,2026/12/10,2026-12,PUT,43000,172,,,46.14,43.05,191,12,130,51,,,,,
2026/09/15 20:55,2026-09-15T21:10:55+09:00,2026/09/16,2026/12/10,2026-12,CALL,42750,20660,,,,,,,,,,,,,
2026/09/15 20:55,2026-09-15T21:10:55+09:00,2026/09/16,2026/12/10,2026-12,PUT,42750,169,,,46.49,43.19,186,5,123,5,,,,,
2026/09/15 20:55,2026-09-15T21:10:55+09:00,2026/09/16,2026/12/10,2026-12,CALL,42500,20905,,,,,,,,,,,,,
2026/09/15 20:55,2026-09-15T21:10:55+09:00,2026/09/16,2026/12/10,2026-12,PUT,42500,164,,,46.88,43.56,182,8,120,8,,,,,
2026/09/15 20:55,2026-09-15T21:10:55+09:00,2026/09/16,2026/12/10,2026-12,CALL,42250,21150,,,,,,,,,,,,,
2026/09/15 20:55,2026-09-15T21:10:55+09:00,2026/09/16,2026/12/10,2026-12,PUT,42250,162,,,47.27,43.74,178,5,114,5,,,,,
2026/09/15 20:55,2026-09-15T21:10:55+09:00,2026/09/16,2026/12/10,2026-12,CALL,42000,21395,,,,,,,,,,,,,
2026/09/15 20:55,2026-09-15T21:10:55+09:00,2026/09/16,2026/12/10,2026-12,PUT,42000,154,,,47.61,44.03,173,12,110,12,,,,,
2026/09/15 20:55,2026-09-15T21:10:55+09:00,2026/09/16,2026/12/10,2026-12,CALL,41750,21640,,,,,,,,,,,,,
2026/09/15 20:55,2026-09-15T21:10:55+09:00,2026/09/16,2026/12/10,2026-12,PUT,41750,150,,,47.99,44.31,169,5,106,5,,,,,
2026/09/15 20:55,2026-09-15T21:10:55+09:00,2026/09/16,2026/12/10,2026-12,CALL,41500,21885,,,,,,,,,,,,,
2026/09/15 20:55,2026-09-15T21:10:55+09:00,2026/09/16,2026/12/10,2026-12,PUT,41500,146,,,48.36,44.58,165,8,102,8,,,,,
2026/09/15 20:55,2026-09-15T21:10:55+09:00,2026/09/16,2026/12/10,2026-12,CALL,41250,22130,,,,,,,,,,,,,
2026/09/15 20:55,2026-09-15T21:10:55+09:00,2026/09/16,2026/12/10,2026-12,PUT,41250,144,,,48.79,44.84,162,5,98,5,,,,,
2026/09/15 20:55,2026-09-15T21:10:55+09:00,2026/09/16,2026/12/10,2026-12,CALL,41000,22375,,,,,,,,,,,,,
2026/09/15 20:55,2026-09-15T21:10:55+09:00,2026/09/16,2026/12/10,2026-12,PUT,41000,139,,,49.16,45.17,158,12,95,12,,,,,
2026/09/15 20:55,2026-09-15T21:10:55+09:00,2026/09/16,2026/12/10,2026-12,CALL,40750,22620,,,,,,,,,,,,,
2026/09/15 20:55,2026-09-15T21:10:55+09:00,2026/09/16,2026/12/10,2026-12,PUT,40750,137,,,49.53,45.41,154,5,91,5,,,,,
2026/09/15 20:55,2026-09-15T21:10:55+09:00,2026/09/16,2026/12/10,2026-12,CALL,40500,22870,,,,,,,,,,,,,
2026/09/15 20:55,2026-09-15T21:10:55+09:00,2026/09/16,2026/12/10,2026-12,PUT,40500,134,,,49.95,45.72,151,8,88,8,,,,,
2026/09/15 20:55,2026-09-15T21:10:55+09:00,2026/09/16,2026/12/10,2026-12,CALL,40250,23110,,,,,,,,,,,,,
2026/09/15 20:55,2026-09-15T21:10:55+09:00,2026/09/16,2026/12/10,2026-12,PUT,40250,130,,,50.3,45.95,147,5,84,5,,,,,
2026/09/15 20:55,2026-09-15T21:10:55+09:00,2026/09/16,2026/12/10,2026-12,CALL,40000,23350,,,,,,,,,,,,,
2026/09/15 20:55,2026-09-15T21:10:55+09:00,2026/09/16,2026/12/10,2026-12,PUT,40000,120,,,49.78,47.85,129,12,101,12,,,,,
2026/09/15 20:55,2026-09-15T21:10:55+09:00,2026/09/16,2026/12/10,2026-12,CALL,39750,23600,,,,,,,,,,,,,
2026/09/15 20:55,2026-09-15T21:10:55+09:00,2026/09/16,2026/12/10,2026-12,PUT,39750,119,,,51.13,46.53,141,5,78,5,,,,,
2026/09/15 20:55,2026-09-15T21:10:55+09:00,2026/09/16,2026/12/10,2026-12,CALL,39500,23850,,,,,,,,,,,,,
2026/09/15 20:55,2026-09-15T21:10:55+09:00,2026/09/16,2026/12/10,2026-12,PUT,39500,118,,,51.54,46.81,138,8,75,8,,,,,
2026/09/15 20:55,2026-09-15T21:10:55+09:00,2026/09/16,2026/12/10,2026-12,CALL,39250,24090,,,,,,,,,,,,,
2026/09/15 20:55,2026-09-15T21:10:55+09:00,2026/09/16,2026/12/10,2026-12,PUT,39250,113,,,51.94,47.08,135,5,72,5,,,,,
2026/09/15 20:55,2026-09-15T21:10:55+09:00,2026/09/16,2026/12/10,2026-12,CALL,39000,24340,,,,,,,,,,,,,
2026/09/15 20:55,2026-09-15T21:10:55+09:00,2026/09/16,2026/12/10,2026-12,PUT,39000,113,,,52.54,50.05,135,12,100,1,,,,,
2026/09/15 20:55,2026-09-15T21:10:55+09:00,2026/09/16,2026/12/10,2026-12,CALL,38750,24585,,,,,,,,,,,,,
2026/09/15 20:55,2026-09-15T21:10:55+09:00,2026/09/16,2026/12/10,2026-12,PUT,38750,106,,,,,,,,,,,,,
2026/09/15 20:55,2026-09-15T21:10:55+09:00,2026/09/16,2026/12/10,2026-12,CALL,38500,24830,,,,,,,,,,,,,
2026/09/15 20:55,2026-09-15T21:10:55+09:00,2026/09/16,2026/12/10,2026-12,PUT,38500,105,,,,,,,,,,,,,
2026/09/15 20:55,2026-09-15T21:10:55+09:00,2026/09/16,2026/12/10,2026-12,CALL,38250,25075,,,,,,,,,,,,,
2026/09/15 20:55,2026-09-15T21:10:55+09:00,2026/09/16,2026/12/10,2026-12,PUT,38250,101,,,,,,,,,,,,,
2026/09/15 20:55,2026-09-15T21:10:55+09:00,2026/09/16,2026/12/10,2026-12,CALL,38000,25320,,,,,,,,,,,,,
2026/09/15 20:55,2026-09-15T21:10:55+09:00,2026/09/16,2026/12/10,2026-12,PUT,38000,96,,,,35.09,,,3,1,,,,,
2026/09/15 20:55,2026-09-15T21:10:55+09:00,2026/09/16,2026/12/10,2026-12,CALL,37750,25570,,,,,,,,,,,,,
2026/09/15 20:55,2026-09-15T21:10:55+09:00,2026/09/16,2026/12/10,2026-12,PUT,37750,96,,,,,,,,,,,,,
2026/09/15 20:55,2026-09-15T21:10:55+09:00,2026/09/16,2026/12/10,2026-12,CALL,37500,25815,,,,,,,,,,,,,
2026/09/15 20:55,2026-09-15T21:10:55+09:00,2026/09/16,2026/12/10,2026-12,PUT,37500,95,,,,,,,,,,,,,
2026/09/15 20:55,2026-09-15T21:10:55+09:00,2026/09/16,2026/12/10,2026-12,CALL,37250,26060,,,,,,,,,,,,,
2026/09/15 20:55,2026-09-15T21:10:55+09:00,2026/09/16,2026/12/10,2026-12,PUT,37250,91,,,,,,,,,,,,,
2026/09/15 20:55,2026-09-15T21:10:55+09:00,2026/09/16,2026/12/10,2026-12,CALL,37000,26310,,,,,,,,,,,,,
2026/09/15 20:55,2026-09-15T21:10:55+09:00,2026/09/16,2026/12/10,2026-12,PUT,37000,91,,,,38.48,,,5,1,,,,,
2026/09/15 20:55,2026-09-15T21:10:55+09:00,2026/09/16,2026/12/10,2026-12,CALL,36750,26560,,,,,,,,,,,,,
2026/09/15 20:55,2026-09-15T21:10:55+09:00,2026/09/16,2026/12/10,2026-12,PUT,36750,91,,,,,,,,,,,,,
2026/09/15 20:55,2026-09-15T21:10:55+09:00,2026/09/16,2026/12/10,2026-12,CALL,36500,26795,,,,,,,,,,,,,
2026/09/15 20:55,2026-09-15T21:10:55+09:00,2026/09/16,2026/12/10,2026-12,PUT,36500,76,,,,,,,,,,,,,
2026/09/15 20:55,2026-09-15T21:10:55+09:00,2026/09/16,2026/12/10,2026-12,CALL,36250,27040,,,,,,,,,,,,,
2026/09/15 20:55,2026-09-15T21:10:55+09:00,2026/09/16,2026/12/10,2026-12,PUT,36250,73,,,,,,,,,,,,,
2026/09/15 20:55,2026-09-15T21:10:55+09:00,2026/09/16,2026/12/10,2026-12,CALL,36000,27290,,,,,,,,,,,,,
2026/09/15 20:55,2026-09-15T21:10:55+09:00,2026/09/16,2026/12/10,2026-12,PUT,36000,73,,,,35.33,,,1,10,,,,,
2026/09/15 20:55,2026-09-15T21:10:55+09:00,2026/09/16,2026/12/10,2026-12,CALL,35750,27535,,,,,,,,,,,,,
2026/09/15 20:55,2026-09-15T21:10:55+09:00,2026/09/16,2026/12/10,2026-12,PUT,35750,69,,,,,,,,,,,,,
2026/09/15 20:55,2026-09-15T21:10:55+09:00,2026/09/16,2026/12/10,2026-12,CALL,35500,27785,,,,,,,,,,,,,
2026/09/15 20:55,2026-09-15T21:10:55+09:00,2026/09/16,2026/12/10,2026-12,PUT,35500,69,,,,,,,,,,,,,
2026/09/15 20:55,2026-09-15T21:10:55+09:00,2026/09/16,2026/12/10,2026-12,CALL,35250,28030,,,,,,,,,,,,,
2026/09/15 20:55,2026-09-15T21:10:55+09:00,2026/09/16,2026/12/10,2026-12,PUT,35250,65,,,,,,,,,,,,,
2026/09/15 20:55,2026-09-15T21:10:55+09:00,2026/09/16,2026/12/10,2026-12,CALL,35000,28275,,,,,,,,,,,,,
2026/09/15 20:55,2026-09-15T21:10:55+09:00,2026/09/16,2026/12/10,2026-12,PUT,35000,65,,,66.95,52.79,200,2,41,1,,,,,
2026/09/15 20:55,2026-09-15T21:10:55+09:00,2026/09/16,2026/12/10,2026-12,CALL,34750,28520,,,,,,,,,,,,,
2026/09/15 20:55,2026-09-15T21:10:55+09:00,2026/09/16,2026/12/10,2026-12,PUT,34750,61,,,,,,,,,,,,,
2026/09/15 20:55,2026-09-15T21:10:55+09:00,2026/09/16,2026/12/10,2026-12,CALL,34500,28770,,,,,,,,,,,,,
2026/09/15 20:55,2026-09-15T21:10:55+09:00,2026/09/16,2026/12/10,2026-12,PUT,34500,59,,,,,,,,,,,,,
2026/09/15 20:55,2026-09-15T21:10:55+09:00,2026/09/16,2026/12/10,2026-12,CALL,34250,29015,,,,,,,,,,,,,
2026/09/15 20:55,2026-09-15T21:10:55+09:00,2026/09/16,2026/12/10,2026-12,PUT,34250,57,,,,,,,,,,,,,
2026/09/15 20:55,2026-09-15T21:10:55+09:00,2026/09/16,2026/12/10,2026-12,CALL,34000,29265,,,,,,,,,,,,,
2026/09/15 20:55,2026-09-15T21:10:55+09:00,2026/09/16,2026/12/10,2026-12,PUT,34000,55,,,,38.68,,,1,10,,,,,
2026/09/15 20:55,2026-09-15T21:10:55+09:00,2026/09/16,2026/12/10,2026-12,CALL,33750,29510,,,,,,,,,,,,,
2026/09/15 20:55,2026-09-15T21:10:55+09:00,2026/09/16,2026/12/10,2026-12,PUT,33750,53,,,,,,,,,,,,,
2026/09/15 20:55,2026-09-15T21:10:55+09:00,2026/09/16,2026/12/10,2026-12,CALL,33500,29760,,,,,,,,,,,,,
2026/09/15 20:55,2026-09-15T21:10:55+09:00,2026/09/16,2026/12/10,2026-12,PUT,33500,51,,,,,,,,,,,,,
2026/09/15 20:55,2026-09-15T21:10:55+09:00,2026/09/16,2026/12/10,2026-12,CALL,33250,30005,,,,,,,,,,,,,
2026/09/15 20:55,2026-09-15T21:10:55+09:00,2026/09/16,2026/12/10,2026-12,PUT,33250,50,,,,,,,,,,,,,
2026/09/15 20:55,2026-09-15T21:10:55+09:00,2026/09/16,2026/12/10,2026-12,CALL,33000,30255,,,,,,,,,,,,,
2026/09/15 20:55,2026-09-15T21:10:55+09:00,2026/09/16,2026/12/10,2026-12,PUT,33000,48,,,,51.22,,,15,1,,,,,
2026/09/15 20:55,2026-09-15T21:10:55+09:00,2026/09/16,2026/12/10,2026-12,CALL,32750,30500,,,,,,,,,,,,,
2026/09/15 20:55,2026-09-15T21:10:55+09:00,2026/09/16,2026/12/10,2026-12,PUT,32750,46,,,,,,,,,,,,,
2026/09/15 20:55,2026-09-15T21:10:55+09:00,2026/09/16,2026/12/10,2026-12,CALL,32500,30745,,,,,,,,,,,,,
2026/09/15 20:55,2026-09-15T21:10:55+09:00,2026/09/16,2026/12/10,2026-12,PUT,32500,45,,,,,,,,,,,,,
2026/09/15 20:55,2026-09-15T21:10:55+09:00,2026/09/16,2026/12/10,2026-12,CALL,32250,30995,,,,,,,,,,,,,
2026/09/15 20:55,2026-09-15T21:10:55+09:00,2026/09/16,2026/12/10,2026-12,PUT,32250,43,,,,,,,,,,,,,
2026/09/15 20:55,2026-09-15T21:10:55+09:00,2026/09/16,2026/12/10,2026-12,CALL,32000,31240,,,,,,,,,,,,,
2026/09/15 20:55,2026-09-15T21:10:55+09:00,2026/09/16,2026/12/10,2026-12,PUT,32000,42,,,,42.22,,,1,10,,,,,
2026/09/15 20:55,2026-09-15T21:10:55+09:00,2026/09/16,2026/12/10,2026-12,CALL,31750,31490,,,,,,,,,,,,,
2026/09/15 20:55,2026-09-15T21:10:55+09:00,2026/09/16,2026/12/10,2026-12,PUT,31750,40,,,,,,,,,,,,,
2026/09/15 20:55,2026-09-15T21:10:55+09:00,2026/09/16,2026/12/10,2026-12,CALL,31500,31735,,,,,,,,,,,,,
2026/09/15 20:55,2026-09-15T21:10:55+09:00,2026/09/16,2026/12/10,2026-12,PUT,31500,39,,,,54.58,,,15,1,,,,,
2026/09/15 20:55,2026-09-15T21:10:55+09:00,2026/09/16,2026/12/10,2026-12,CALL,31250,31985,,,,,,,,,,,,,
2026/09/15 20:55,2026-09-15T21:10:55+09:00,2026/09/16,2026/12/10,2026-12,PUT,31250,37,,,,,,,,,,,,,
2026/09/15 20:55,2026-09-15T21:10:55+09:00,2026/09/16,2026/12/10,2026-12,CALL,31000,32235,,,,,,,,,,,,,
2026/09/15 20:55,2026-09-15T21:10:55+09:00,2026/09/16,2026/12/10,2026-12,PUT,31000,36,,,,44.08,,,1,10,,,,,
2026/09/15 20:55,2026-09-15T21:10:55+09:00,2026/09/16,2026/12/10,2026-12,CALL,30750,32480,,,,,,,,,,,,,
2026/09/15 20:55,2026-09-15T21:10:55+09:00,2026/09/16,2026/12/10,2026-12,PUT,30750,34,,,,,,,,,,,,,
2026/09/15 20:55,2026-09-15T21:10:55+09:00,2026/09/16,2026/12/10,2026-12,CALL,30500,32730,,,,,,,,,,,,,
2026/09/15 20:55,2026-09-15T21:10:55+09:00,2026/09/16,2026/12/10,2026-12,PUT,30500,33,,,81.78,,220,1,,,,,,,
2026/09/15 20:55,2026-09-15T21:10:55+09:00,2026/09/16,2026/12/10,2026-12,CALL,30250,32975,,,,,,,,,,,,,
2026/09/15 20:55,2026-09-15T21:10:55+09:00,2026/09/16,2026/12/10,2026-12,PUT,30250,32,,,,,,,,,,,,,
2026/09/15 20:55,2026-09-15T21:10:55+09:00,2026/09/16,2026/12/10,2026-12,CALL,30000,33225,,,,,,,,,,,,,
2026/09/15 20:55,2026-09-15T21:10:55+09:00,2026/09/16,2026/12/10,2026-12,PUT,30000,32,,2,64.75,62.74,39,12,30,4,64.29,5,14.29,40,09/15 17:49
2026/09/15 20:55,2026-09-15T21:10:55+09:00,2026/09/16,2026/12/10,2026-12,CALL,29750,33470,,,,,,,,,,,,,
2026/09/15 20:55,2026-09-15T21:10:55+09:00,2026/09/16,2026/12/10,2026-12,PUT,29750,29,,,,,,,,,,,,,
2026/09/15 20:55,2026-09-15T21:10:55+09:00,2026/09/16,2026/12/10,2026-12,CALL,29500,33720,,,,,,,,,,,,,
2026/09/15 20:55,2026-09-15T21:10:55+09:00,2026/09/16,2026/12/10,2026-12,PUT,29500,28,,,,,,,,,,,,,
2026/09/15 20:55,2026-09-15T21:10:55+09:00,2026/09/16,2026/12/10,2026-12,CALL,29250,33965,,,,,,,,,,,,,
2026/09/15 20:55,2026-09-15T21:10:55+09:00,2026/09/16,2026/12/10,2026-12,PUT,29250,27,,,,,,,,,,,,,
2026/09/15 20:55,2026-09-15T21:10:55+09:00,2026/09/16,2026/12/10,2026-12,CALL,29000,34215,,,,,,,,,,,,,
2026/09/15 20:55,2026-09-15T21:10:55+09:00,2026/09/16,2026/12/10,2026-12,PUT,29000,26,,,,54.51,,,5,1,,,,,
2026/09/15 20:55,2026-09-15T21:10:55+09:00,2026/09/16,2026/12/10,2026-12,CALL,28750,34465,,,,,,,,,,,,,
2026/09/15 20:55,2026-09-15T21:10:55+09:00,2026/09/16,2026/12/10,2026-12,PUT,28750,25,,,,,,,,,,,,,
2026/09/15 20:55,2026-09-15T21:10:55+09:00,2026/09/16,2026/12/10,2026-12,CALL,28500,34710,,,,,,,,,,,,,
2026/09/15 20:55,2026-09-15T21:10:55+09:00,2026/09/16,2026/12/10,2026-12,PUT,28500,23,,,,,,,,,,,,,
2026/09/15 20:55,2026-09-15T21:10:55+09:00,2026/09/16,2026/12/10,2026-12,CALL,28250,34960,,,,,,,,,,,,,
2026/09/15 20:55,2026-09-15T21:10:55+09:00,2026/09/16,2026/12/10,2026-12,PUT,28250,22,,,,,,,,,,,,,
2026/09/15 20:55,2026-09-15T21:10:55+09:00,2026/09/16,2026/12/10,2026-12,CALL,28000,35205,,,,,,,,,,,,,
2026/09/15 20:55,2026-09-15T21:10:55+09:00,2026/09/16,2026/12/10,2026-12,PUT,28000,21,,,,56.81,,,5,4,,,,,
2026/09/15 20:55,2026-09-15T21:10:55+09:00,2026/09/16,2026/12/10,2026-12,CALL,27750,35455,,,,,,,,,,,,,
2026/09/15 20:55,2026-09-15T21:10:55+09:00,2026/09/16,2026/12/10,2026-12,PUT,27750,20,,,,,,,,,,,,,
2026/09/15 20:55,2026-09-15T21:10:55+09:00,2026/09/16,2026/12/10,2026-12,CALL,27500,35705,,,,,,,,,,,,,
2026/09/15 20:55,2026-09-15T21:10:55+09:00,2026/09/16,2026/12/10,2026-12,PUT,27500,19,,,,,,,,,,,,,
2026/09/15 20:55,2026-09-15T21:10:55+09:00,2026/09/16,2026/12/10,2026-12,CALL,27250,35950,,,,,,,,,,,,,
2026/09/15 20:55,2026-09-15T21:10:55+09:00,2026/09/16,2026/12/10,2026-12,PUT,27250,18,,,,,,,,,,,,,
2026/09/15 20:55,2026-09-15T21:10:55+09:00,2026/09/16,2026/12/10,2026-12,CALL,27000,36200,,,,,,,,,,,,,
2026/09/15 20:55,2026-09-15T21:10:55+09:00,2026/09/16,2026/12/10,2026-12,PUT,27000,18,,,,64.24,,,12,1,,,,,
2026/09/15 20:55,2026-09-15T21:10:55+09:00,2026/09/16,2026/12/10,2026-12,CALL,26750,36445,,,,,,,,,,,,,
2026/09/15 20:55,2026-09-15T21:10:55+09:00,2026/09/16,2026/12/10,2026-12,PUT,26750,17,,,,,,,,,,,,,
2026/09/15 20:55,2026-09-15T21:10:55+09:00,2026/09/16,2026/12/10,2026-12,CALL,26500,36695,,,,,,,,,,,,,
2026/09/15 20:55,2026-09-15T21:10:55+09:00,2026/09/16,2026/12/10,2026-12,PUT,26500,16,,1,73.4,65,34,8,11,8,70.66,,,27,09/15 17:08
