qri_update_time,collected_at,trading_day,last_trading_day,contract,option_type,strike,settlement,open_interest,volume,ask_iv,bid_iv,ask_price,ask_quantity,bid_price,bid_quantity,iv,change,change_percent,last_price,trade_time
2026/08/26 16:47,2026-08-26T17:02:47+09:00,2026/08/27,2026/09/10,2026-09,CALL,67625,950,,,,,,,,,,,,,
2026/08/26 16:47,2026-08-26T17:02:47+09:00,2026/08/27,2026/09/10,2026-09,PUT,67625,2215,,,,,,,,,,,,,
2026/08/26 16:47,2026-08-26T17:02:47+09:00,2026/08/27,2026/09/10,2026-09,CALL,67500,1005,,,,25.27,,,930,1,,,,,
2026/08/26 16:47,2026-08-26T17:02:47+09:00,2026/08/27,2026/09/10,2026-09,PUT,67500,2140,,,,,,,3,10,,,,,
2026/08/26 16:47,2026-08-26T17:02:47+09:00,2026/08/27,2026/09/10,2026-09,CALL,67375,1050,,,,,,,,,,,,,
2026/08/26 16:47,2026-08-26T17:02:47+09:00,2026/08/27,2026/09/10,2026-09,PUT,67375,2070,,,,,,,,,,,,,
2026/08/26 16:47,2026-08-26T17:02:47+09:00,2026/08/27,2026/09/10,2026-09,CALL,67250,1100,,,,2.95,,,3,10,,,,,
2026/08/26 16:47,2026-08-26T17:02:47+09:00,2026/08/27,2026/09/10,2026-09,PUT,67250,1990,,,,,,,3,10,,,,,
2026/08/26 16:47,2026-08-26T17:02:47+09:00,2026/08/27,2026/09/10,2026-09,CALL,67125,1155,,,,,,,,,,,,,
2026/08/26 16:47,2026-08-26T17:02:47+09:00,2026/08/27,2026/09/10,2026-09,PUT,67125,1925,,,,,,,,,,,,,
2026/08/26 16:47,2026-08-26T17:02:47+09:00,2026/08/27,2026/09/10,2026-09,CALL,67000,1170,,,,11.79,,,400,1,,,,,
2026/08/26 16:47,2026-08-26T17:02:47+09:00,2026/08/27,2026/09/10,2026-09,PUT,67000,1850,,,138.68,26.95,8000,1,1820,1,,,,,
2026/08/26 16:47,2026-08-26T17:02:47+09:00,2026/08/27,2026/09/10,2026-09,CALL,66875,1265,,,,,,,,,,,,,
2026/08/26 16:47,2026-08-26T17:02:47+09:00,2026/08/27,2026/09/10,2026-09,PUT,66875,1790,,,,,,,,,,,,,
2026/08/26 16:47,2026-08-26T17:02:47+09:00,2026/08/27,2026/09/10,2026-09,CALL,66750,1325,,,,1.42,,,3,10,,,,,
2026/08/26 16:47,2026-08-26T17:02:47+09:00,2026/08/27,2026/09/10,2026-09,PUT,66750,1725,,,,,,,3,10,,,,,
2026/08/26 16:47,2026-08-26T17:02:47+09:00,2026/08/27,2026/09/10,2026-09,CALL,66625,1385,,,43.7,,2315,1,,,,,,,
2026/08/26 16:47,2026-08-26T17:02:47+09:00,2026/08/27,2026/09/10,2026-09,PUT,66625,1660,,,,,,,1,3,,,,,
2026/08/26 16:47,2026-08-26T17:02:47+09:00,2026/08/27,2026/09/10,2026-09,CALL,66500,1425,,,,0.53,,,3,10,,,,,
2026/08/26 16:47,2026-08-26T17:02:47+09:00,2026/08/27,2026/09/10,2026-09,PUT,66500,1600,,,,,,,3,10,,,,,
2026/08/26 16:47,2026-08-26T17:02:47+09:00,2026/08/27,2026/09/10,2026-09,CALL,66375,1510,,,,,,,,,,,,,
2026/08/26 16:47,2026-08-26T17:02:47+09:00,2026/08/27,2026/09/10,2026-09,PUT,66375,1540,,,,,,,,,,,,,
2026/08/26 16:47,2026-08-26T17:02:47+09:00,2026/08/27,2026/09/10,2026-09,CALL,66250,1575,,,,,,,3,10,,,,,
2026/08/26 16:47,2026-08-26T17:02:47+09:00,2026/08/27,2026/09/10,2026-09,PUT,66250,1480,,,,0.72,,,3,10,,,,,
2026/08/26 16:47,2026-08-26T17:02:47+09:00,2026/08/27,2026/09/10,2026-09,CALL,66125,1640,,,,,,,,,,,,,
2026/08/26 16:47,2026-08-26T17:02:47+09:00,2026/08/27,2026/09/10,2026-09,PUT,66125,1425,,,,,,,,,,,,,
2026/08/26 16:47,2026-08-26T17:02:47+09:00,2026/08/27,2026/09/10,2026-09,CALL,66000,1750,,,,,,,3,10,,,,,
2026/08/26 16:47,2026-08-26T17:02:47+09:00,2026/08/27,2026/09/10,2026-09,PUT,66000,1370,,,,1.59,,,3,10,,,,,
2026/08/26 16:47,2026-08-26T17:02:47+09:00,2026/08/27,2026/09/10,2026-09,CALL,65875,1815,,,,,,,,,,,,,
2026/08/26 16:47,2026-08-26T17:02:47+09:00,2026/08/27,2026/09/10,2026-09,PUT,65875,1315,,,,,,,,,,,,,
2026/08/26 16:47,2026-08-26T17:02:47+09:00,2026/08/27,2026/09/10,2026-09,CALL,65750,1865,,,,,,,3,10,,,,,
2026/08/26 16:47,2026-08-26T17:02:47+09:00,2026/08/27,2026/09/10,2026-09,PUT,65750,1260,,,,2.38,,,3,10,,,,,
2026/08/26 16:47,2026-08-26T17:02:47+09:00,2026/08/27,2026/09/10,2026-09,CALL,65625,1935,,,,,,,,,,,,,
2026/08/26 16:47,2026-08-26T17:02:47+09:00,2026/08/27,2026/09/10,2026-09,PUT,65625,1205,,,,,,,,,,,,,
2026/08/26 16:47,2026-08-26T17:02:47+09:00,2026/08/27,2026/09/10,2026-09,CALL,65500,2015,,,,,,,3,10,,,,,
2026/08/26 16:47,2026-08-26T17:02:47+09:00,2026/08/27,2026/09/10,2026-09,PUT,65500,1165,,,,3.14,,,3,20,,,,,
2026/08/26 16:47,2026-08-26T17:02:47+09:00,2026/08/27,2026/09/10,2026-09,CALL,65375,2095,,,,,,,,,,,,,
2026/08/26 16:47,2026-08-26T17:02:47+09:00,2026/08/27,2026/09/10,2026-09,PUT,65375,1115,,,,,,,,,,,,,
2026/08/26 16:47,2026-08-26T17:02:47+09:00,2026/08/27,2026/09/10,2026-09,CALL,65250,2170,,,,,,,3,10,,,,,
2026/08/26 16:47,2026-08-26T17:02:47+09:00,2026/08/27,2026/09/10,2026-09,PUT,65250,1065,,,,23.56,,,800,1,,,,,
2026/08/26 16:47,2026-08-26T17:02:47+09:00,2026/08/27,2026/09/10,2026-09,CALL,65125,2255,,,,,,,,,,,,,
2026/08/26 16:47,2026-08-26T17:02:47+09:00,2026/08/27,2026/09/10,2026-09,PUT,65125,1070,,,,,,,,,,,,,
2026/08/26 16:47,2026-08-26T17:02:47+09:00,2026/08/27,2026/10/08,2026-10,CALL,67250,1900,,,,2.12,,,1,18,,,,,
2026/08/26 16:47,2026-08-26T17:02:47+09:00,2026/08/27,2026/10/08,2026-10,PUT,67250,3120,,,,,,,,,,,,,
2026/08/26 16:47,2026-08-26T17:02:47+09:00,2026/08/27,2026/10/08,2026-10,CALL,67125,1960,,,,,,,,,,,,,
2026/08/26 16:47,2026-08-26T17:02:47+09:00,2026/08/27,2026/10/08,2026-10,PUT,67125,3055,,,,,,,,,,,,,
2026/08/26 16:47,2026-08-26T17:02:47+09:00,2026/08/27,2026/10/08,2026-10,CALL,67000,2010,,,,1.73,,,1,20,,,,,
2026/08/26 16:47,2026-08-26T17:02:47+09:00,2026/08/27,2026/10/08,2026-10,PUT,67000,2990,,,,,,,,,,,,,
2026/08/26 16:47,2026-08-26T17:02:47+09:00,2026/08/27,2026/10/08,2026-10,CALL,66875,2070,,,,,,,,,,,,,
2026/08/26 16:47,2026-08-26T17:02:47+09:00,2026/08/27,2026/10/08,2026-10,PUT,66875,2915,,,,,,,,,,,,,
2026/08/26 16:47,2026-08-26T17:02:47+09:00,2026/08/27,2026/10/08,2026-10,CALL,66750,2125,,,,1.34,,,1,18,,,,,
2026/08/26 16:47,2026-08-26T17:02:47+09:00,2026/08/27,2026/10/08,2026-10,PUT,66750,2855,,,,,,,,,,,,,
2026/08/26 16:47,2026-08-26T17:02:47+09:00,2026/08/27,2026/10/08,2026-10,CALL,66625,2190,,,,,,,,,,,,,
2026/08/26 16:47,2026-08-26T17:02:47+09:00,2026/08/27,2026/10/08,2026-10,PUT,66625,2785,,,,,,,,,,,,,
2026/08/26 16:47,2026-08-26T17:02:47+09:00,2026/08/27,2026/10/08,2026-10,CALL,66500,2245,,,,,,,,,,,,,
2026/08/26 16:47,2026-08-26T17:02:47+09:00,2026/08/27,2026/10/08,2026-10,PUT,66500,2725,,,,,,,,,,,,,
2026/08/26 16:47,2026-08-26T17:02:47+09:00,2026/08/27,2026/10/08,2026-10,CALL,66375,2315,,,,,,,,,,,,,
2026/08/26 16:47,2026-08-26T17:02:47+09:00,2026/08/27,2026/10/08,2026-10,PUT,66375,2660,,,,,,,,,,,,,
2026/08/26 16:47,2026-08-26T17:02:47+09:00,2026/08/27,2026/10/08,2026-10,CALL,66250,2370,,,,,,,,,,,,,
2026/08/26 16:47,2026-08-26T17:02:47+09:00,2026/08/27,2026/10/08,2026-10,PUT,66250,2600,,,,,,,,,,,,,
2026/08/26 16:47,2026-08-26T17:02:47+09:00,2026/08/27,2026/10/08,2026-10,CALL,66125,2440,,,,,,,,,,,,,
2026/08/26 16:47,2026-08-26T17:02:47+09:00,2026/08/27,2026/10/08,2026-10,PUT,66125,2535,,,,,,,,,,,,,
2026/08/26 16:47,2026-08-26T17:02:47+09:00,2026/08/27,2026/10/08,2026-10,CALL,66000,2460,,,,,,,,,,,,,
2026/08/26 16:47,2026-08-26T17:02:47+09:00,2026/08/27,2026/10/08,2026-10,PUT,66000,2490,,,,,,,,,,,,,
2026/08/26 16:47,2026-08-26T17:02:47+09:00,2026/08/27,2026/10/08,2026-10,CALL,65875,2570,,,,,,,,,,,,,
2026/08/26 16:47,2026-08-26T17:02:47+09:00,2026/08/27,2026/10/08,2026-10,PUT,65875,2440,,,,,,,,,,,,,
2026/08/26 16:47,2026-08-26T17:02:47+09:00,2026/08/27,2026/10/08,2026-10,CALL,65750,2635,,,,,,,,,,,,,
2026/08/26 16:47,2026-08-26T17:02:47+09:00,2026/08/27,2026/10/08,2026-10,PUT,65750,2380,,,,,,,,,,,,,
2026/08/26 16:47,2026-08-26T17:02:47+09:00,2026/08/27,2026/10/08,2026-10,CALL,65625,2705,,,,,,,,,,,,,
2026/08/26 16:47,2026-08-26T17:02:47+09:00,2026/08/27,2026/10/08,2026-10,PUT,65625,2325,,,,,,,,,,,,,
2026/08/26 16:47,2026-08-26T17:02:47+09:00,2026/08/27,2026/10/08,2026-10,CALL,65500,2770,,,,,,,,,,,,,
2026/08/26 16:47,2026-08-26T17:02:47+09:00,2026/08/27,2026/10/08,2026-10,PUT,65500,2270,,,,,,,,,,,,,
2026/08/26 16:47,2026-08-26T17:02:47+09:00,2026/08/27,2026/10/08,2026-10,CALL,65375,2845,,,,,,,,,,,,,
2026/08/26 16:47,2026-08-26T17:02:47+09:00,2026/08/27,2026/10/08,2026-10,PUT,65375,2215,,,,,,,,,,,,,
2026/08/26 16:47,2026-08-26T17:02:47+09:00,2026/08/27,2026/10/08,2026-10,CALL,65250,2920,,,,,,,,,,,,,
2026/08/26 16:47,2026-08-26T17:02:47+09:00,2026/08/27,2026/10/08,2026-10,PUT,65250,2160,,,,,,,,,,,,,
2026/08/26 16:47,2026-08-26T17:02:47+09:00,2026/08/27,2026/10/08,2026-10,CALL,65125,3010,,,,,,,,,,,,,
2026/08/26 16:47,2026-08-26T17:02:47+09:00,2026/08/27,2026/10/08,2026-10,PUT,65125,2110,,,,,,,,,,,,,
2026/08/26 16:47,2026-08-26T17:02:47+09:00,2026/08/27,2026/10/08,2026-10,CALL,65000,3070,,,,,,,1000,1,,,,,
2026/08/26 16:47,2026-08-26T17:02:47+09:00,2026/08/27,2026/10/08,2026-10,PUT,65000,2050,,,,2.61,,,10,1,,,,,
2026/08/26 16:47,2026-08-26T17:02:47+09:00,2026/08/27,2026/10/08,2026-10,CALL,64875,3145,,,,,,,,,,,,,
2026/08/26 16:47,2026-08-26T17:02:47+09:00,2026/08/27,2026/10/08,2026-10,PUT,64875,2005,,,,,,,,,,,,,
2026/08/26 16:47,2026-08-26T17:02:47+09:00,2026/08/27,2026/10/08,2026-10,CALL,64750,3210,,,,,,,,,,,,,
2026/08/26 16:47,2026-08-26T17:02:47+09:00,2026/08/27,2026/10/08,2026-10,PUT,64750,1960,,,,2.25,,,1,10,,,,,
2026/08/26 16:47,2026-08-26T17:02:47+09:00,2026/08/27,2026/12/10,2026-12,CALL,68750,2740,,,,,,,,,,,,,
2026/08/26 16:47,2026-08-26T17:02:47+09:00,2026/08/27,2026/12/10,2026-12,PUT,68750,5250,,,,,,,,,,,,,
2026/08/26 16:47,2026-08-26T17:02:47+09:00,2026/08/27,2026/12/10,2026-12,CALL,68500,2840,,,,,,,,,,,,,
2026/08/26 16:47,2026-08-26T17:02:47+09:00,2026/08/27,2026/12/10,2026-12,PUT,68500,5100,,,,,,,,,,,,,
2026/08/26 16:47,2026-08-26T17:02:47+09:00,2026/08/27,2026/12/10,2026-12,CALL,68250,2945,,,,,,,,,,,,,
2026/08/26 16:47,2026-08-26T17:02:47+09:00,2026/08/27,2026/12/10,2026-12,PUT,68250,4955,,,,,,,,,,,,,
2026/08/26 16:47,2026-08-26T17:02:47+09:00,2026/08/27,2026/12/10,2026-12,CALL,68000,3050,,,,,,,,,,,,,
2026/08/26 16:47,2026-08-26T17:02:47+09:00,2026/08/27,2026/12/10,2026-12,PUT,68000,4815,,,,,,,,,,,,,
2026/08/26 16:47,2026-08-26T17:02:47+09:00,2026/08/27,2026/12/10,2026-12,CALL,67750,3160,,,,,,,,,,,,,
2026/08/26 16:47,2026-08-26T17:02:47+09:00,2026/08/27,2026/12/10,2026-12,PUT,67750,4670,,,,,,,,,,,,,
2026/08/26 16:47,2026-08-26T17:02:47+09:00,2026/08/27,2026/12/10,2026-12,CALL,67500,3280,,,,,,,,,,,,,
2026/08/26 16:47,2026-08-26T17:02:47+09:00,2026/08/27,2026/12/10,2026-12,PUT,67500,4540,,,,,,,,,,,,,
2026/08/26 16:47,2026-08-26T17:02:47+09:00,2026/08/27,2026/12/10,2026-12,CALL,67250,3385,,,,,,,,,,,,,
2026/08/26 16:47,2026-08-26T17:02:47+09:00,2026/08/27,2026/12/10,2026-12,PUT,67250,4405,,,,,,,,,,,,,
2026/08/26 16:47,2026-08-26T17:02:47+09:00,2026/08/27,2026/12/10,2026-12,CALL,67000,3500,,,,,,,,,,,,,
2026/08/26 16:47,2026-08-26T17:02:47+09:00,2026/08/27,2026/12/10,2026-12,PUT,67000,4270,,,,,,,,,,,,,
2026/08/26 16:47,2026-08-26T17:02:47+09:00,2026/08/27,2026/12/10,2026-12,CALL,66750,3620,,,,,,,,,,,,,
2026/08/26 16:47,2026-08-26T17:02:47+09:00,2026/08/27,2026/12/10,2026-12,PUT,66750,4145,,,,,,,,,,,,,
2026/08/26 16:47,2026-08-26T17:02:47+09:00,2026/08/27,2026/12/10,2026-12,CALL,66500,3755,,,,,,,,,,,,,
2026/08/26 16:47,2026-08-26T17:02:47+09:00,2026/08/27,2026/12/10,2026-12,PUT,66500,4015,,,,,,,,,,,,,
2026/08/26 16:47,2026-08-26T17:02:47+09:00,2026/08/27,2026/12/10,2026-12,CALL,66250,3880,,,,,,,,,,,,,
2026/08/26 16:47,2026-08-26T17:02:47+09:00,2026/08/27,2026/12/10,2026-12,PUT,66250,3900,,,,,,,,,,,,,
2026/08/26 16:47,2026-08-26T17:02:47+09:00,2026/08/27,2026/12/10,2026-12,CALL,66000,4005,,,,,,,,,,,,,
2026/08/26 16:47,2026-08-26T17:02:47+09:00,2026/08/27,2026/12/10,2026-12,PUT,66000,3780,,,,,,,,,,,,,
2026/08/26 16:47,2026-08-26T17:02:47+09:00,2026/08/27,2026/12/10,2026-12,CALL,65750,4140,,,,,,,,,,,,,
2026/08/26 16:47,2026-08-26T17:02:47+09:00,2026/08/27,2026/12/10,2026-12,PUT,65750,3660,,,,,,,,,,,,,
2026/08/26 16:47,2026-08-26T17:02:47+09:00,2026/08/27,2026/12/10,2026-12,CALL,65500,4295,,,,,,,,,,,,,
2026/08/26 16:47,2026-08-26T17:02:47+09:00,2026/08/27,2026/12/10,2026-12,PUT,65500,3545,,,,,,,,,,,,,
2026/08/26 16:47,2026-08-26T17:02:47+09:00,2026/08/27,2026/12/10,2026-12,CALL,65250,4430,,,,,,,,,,,,,
2026/08/26 16:47,2026-08-26T17:02:47+09:00,2026/08/27,2026/12/10,2026-12,PUT,65250,3435,,,,,,,,,,,,,
2026/08/26 16:47,2026-08-26T17:02:47+09:00,2026/08/27,2026/12/10,2026-12,CALL,65000,4570,,,,,,,,,,,,,
2026/08/26 16:47,2026-08-26T17:02:47+09:00,2026/08/27,2026/12/10,2026-12,PUT,65000,3330,,,,,,,,,,,,,
2026/08/26 16:47,2026-08-26T17:02:47+09:00,2026/08/27,2026/12/10,2026-12,CALL,64750,4715,,,,,,,,,,,,,
2026/08/26 16:47,2026-08-26T17:02:47+09:00,2026/08/27,2026/12/10,2026-12,PUT,64750,3225,,,,,,,,,,,,,
2026/08/26 16:47,2026-08-26T17:02:47+09:00,2026/08/27,2026/12/10,2026-12,CALL,64500,4865,,,,,,,,,,,,,
2026/08/26 16:47,2026-08-26T17:02:47+09:00,2026/08/27,2026/12/10,2026-12,PUT,64500,3120,,,,,,,,,,,,,
2026/08/26 16:47,2026-08-26T17:02:47+09:00,2026/08/27,2026/12/10,2026-12,CALL,64250,5010,,,,,,,,,,,,,
2026/08/26 16:47,2026-08-26T17:02:47+09:00,2026/08/27,2026/12/10,2026-12,PUT,64250,3020,,,,,,,,,,,,,
2026/08/26 16:47,2026-08-26T17:02:47+09:00,2026/08/27,2026/12/10,2026-12,CALL,64000,5170,,,,,,,,,,,,,
2026/08/26 16:47,2026-08-26T17:02:47+09:00,2026/08/27,2026/12/10,2026-12,PUT,64000,2935,,,,,,,,,,,,,
2026/08/26 16:47,2026-08-26T17:02:47+09:00,2026/08/27,2026/12/10,2026-12,CALL,63750,5325,,,,,,,,,,,,,
2026/08/26 16:47,2026-08-26T17:02:47+09:00,2026/08/27,2026/12/10,2026-12,PUT,63750,2840,,,,,,,,,,,,,
2026/08/26 18:53,2026-08-26T19:08:23+09:00,2026/08/27,2026/09/10,2026-09,CALL,82500,1,,1,32.87,,1,4,,,32.78,0,0,1,08/26 17:36
2026/08/26 18:53,2026-08-26T19:08:23+09:00,2026/08/27,2026/09/10,2026-09,PUT,82500,16085,,,,,,,,,,,,,
2026/08/26 18:53,2026-08-26T19:08:23+09:00,2026/08/27,2026/09/10,2026-09,CALL,82000,2,,,33.92,32.04,2,61,1,75,,,,,
2026/08/26 18:53,2026-08-26T19:08:23+09:00,2026/08/27,2026/09/10,2026-09,PUT,82000,15585,,,,,,,,,,,,,
2026/08/26 18:53,2026-08-26T19:08:23+09:00,2026/08/27,2026/09/10,2026-09,CALL,81500,2,,,33.04,31.2,2,8,1,35,,,,,
2026/08/26 18:53,2026-08-26T19:08:23+09:00,2026/08/27,2026/09/10,2026-09,PUT,81500,15085,,,,,,,,,,,,,
2026/08/26 18:53,2026-08-26T19:08:23+09:00,2026/08/27,2026/09/10,2026-09,CALL,81000,2,,,32.15,30.35,2,13,1,74,,,,,
2026/08/26 18:53,2026-08-26T19:08:23+09:00,2026/08/27,2026/09/10,2026-09,PUT,81000,14585,,,,,,,,,,,,,
2026/08/26 18:53,2026-08-26T19:08:23+09:00,2026/08/27,2026/09/10,2026-09,CALL,80500,3,,,37.75,29.49,13,21,1,48,,,,,
2026/08/26 18:53,2026-08-26T19:08:23+09:00,2026/08/27,2026/09/10,2026-09,PUT,80500,14085,,,,,,,,,,,,,
2026/08/26 18:53,2026-08-26T19:08:23+09:00,2026/08/27,2026/09/10,2026-09,CALL,80000,3,,80,31.48,30.34,3,19,2,8,30.36,-1,-33.33,2,08/26 17:57
2026/08/26 18:53,2026-08-26T19:08:23+09:00,2026/08/27,2026/09/10,2026-09,PUT,80000,13590,,,,,,,,,,,,,
2026/08/26 18:53,2026-08-26T19:08:23+09:00,2026/08/27,2026/09/10,2026-09,CALL,79500,3,,2,36.81,29.43,17,6,2,6,30.63,0,0,3,08/26 17:17
2026/08/26 18:53,2026-08-26T19:08:23+09:00,2026/08/27,2026/09/10,2026-09,PUT,79500,13090,,,,,,,,,,,,,
2026/08/26 18:53,2026-08-26T19:08:23+09:00,2026/08/27,2026/09/10,2026-09,CALL,79000,3,,26,30.41,29.58,4,23,3,8,29.59,0,0,3,08/26 17:16
2026/08/26 18:53,2026-08-26T19:08:23+09:00,2026/08/27,2026/09/10,2026-09,PUT,79000,12590,,,,,,,,,,,,,
2026/08/26 18:53,2026-08-26T19:08:23+09:00,2026/08/27,2026/09/10,2026-09,CALL,78500,5,,,30.1,28.62,5,15,3,21,,,,,
2026/08/26 18:53,2026-08-26T19:08:23+09:00,2026/08/27,2026/09/10,2026-09,PUT,78500,12090,,,,,,,,,,,,,
2026/08/26 18:53,2026-08-26T19:08:23+09:00,2026/08/27,2026/09/10,2026-09,CALL,78000,5,,2,29.65,29.09,6,17,5,2,29.29,0,0,5,08/26 17:23
2026/08/26 18:53,2026-08-26T19:08:23+09:00,2026/08/27,2026/09/10,2026-09,PUT,78000,11590,,,,,,,,,,,,,
2026/08/26 18:53,2026-08-26T19:08:23+09:00,2026/08/27,2026/09/10,2026-09,CALL,77500,6,,1,29.52,28.61,8,20,6,21,29.59,2,33.33,8,08/26 18:32
2026/08/26 18:53,2026-08-26T19:08:23+09:00,2026/08/27,2026/09/10,2026-09,PUT,77500,11095,,,,,,,,,,,,,
2026/08/26 18:53,2026-08-26T19:08:23+09:00,2026/08/27,2026/09/10,2026-09,CALL,77000,9,,29,29.19,28.45,10,23,8,9,28.4,0,0,8,08/26 18:02
2026/08/26 18:53,2026-08-26T19:08:23+09:00,2026/08/27,2026/09/10,2026-09,PUT,77000,10595,,,,,,,,,,,,,
2026/08/26 18:53,2026-08-26T19:08:23+09:00,2026/08/27,2026/09/10,2026-09,CALL,76500,12,,3,29.26,28.08,14,33,10,7,28.41,0,0,11,08/26 17:16
2026/08/26 18:53,2026-08-26T19:08:23+09:00,2026/08/27,2026/09/10,2026-09,PUT,76500,10100,,,,,,,,,,,,,
2026/08/26 18:53,2026-08-26T19:08:23+09:00,2026/08/27,2026/09/10,2026-09,CALL,76000,13,,4,28.35,27.84,15,5,13,8,28.21,2,15.38,15,08/26 17:32
2026/08/26 18:53,2026-08-26T19:08:23+09:00,2026/08/27,2026/09/10,2026-09,PUT,76000,9600,,,,,,,,,,,,,
2026/08/26 18:53,2026-08-26T19:08:23+09:00,2026/08/27,2026/09/10,2026-09,CALL,75500,18,,,28.23,27.83,20,6,18,6,,,,,
2026/08/26 18:53,2026-08-26T19:08:23+09:00,2026/08/27,2026/09/10,2026-09,PUT,75500,9105,,,,,,,,,,,,,
2026/08/26 18:53,2026-08-26T19:08:23+09:00,2026/08/27,2026/09/10,2026-09,CALL,75375,21,,,28.97,26.38,26,23,13,23,,,,,
2026/08/26 18:53,2026-08-26T19:08:23+09:00,2026/08/27,2026/09/10,2026-09,PUT,75375,8985,,,,,,,,,,,,,
2026/08/26 18:53,2026-08-26T19:08:23+09:00,2026/08/27,2026/09/10,2026-09,CALL,75250,21,,1,28.16,26.33,23,4,14,23,27.84,1,4.76,22,08/26 17:32
2026/08/26 18:53,2026-08-26T19:08:23+09:00,2026/08/27,2026/09/10,2026-09,PUT,75250,8860,,,,,,,,,,,,,
2026/08/26 18:53,2026-08-26T19:08:23+09:00,2026/08/27,2026/09/10,2026-09,CALL,75125,23,,,28.65,26.27,28,23,15,23,,,,,
2026/08/26 18:53,2026-08-26T19:08:23+09:00,2026/08/27,2026/09/10,2026-09,PUT,75125,8735,,,,,,,,,,,,,
2026/08/26 18:53,2026-08-26T19:08:23+09:00,2026/08/27,2026/09/10,2026-09,CALL,75000,23,,81,27.86,27.36,25,1,22,34,27.83,2,9.09,24,08/26 18:23
2026/08/26 18:53,2026-08-26T19:08:23+09:00,2026/08/27,2026/09/10,2026-09,PUT,75000,8615,,,,,,,,,,,,,
2026/08/26 18:53,2026-08-26T19:08:23+09:00,2026/08/27,2026/09/10,2026-09,CALL,74875,26,,,28.44,26.1,31,23,17,23,,,,,
2026/08/26 18:53,2026-08-26T19:08:23+09:00,2026/08/27,2026/09/10,2026-09,PUT,74875,8490,,,,,,,,,,,,,
2026/08/26 18:53,2026-08-26T19:08:23+09:00,2026/08/27,2026/09/10,2026-09,CALL,74750,28,,,30.45,27.22,51,23,25,1,,,,,
2026/08/26 18:53,2026-08-26T19:08:23+09:00,2026/08/27,2026/09/10,2026-09,PUT,74750,8365,,,,,,,,,,,,,
2026/08/26 18:53,2026-08-26T19:08:23+09:00,2026/08/27,2026/09/10,2026-09,CALL,74625,30,,,30.31,21.45,53,23,4,23,,,,,
2026/08/26 18:53,2026-08-26T19:08:23+09:00,2026/08/27,2026/09/10,2026-09,PUT,74625,8240,,,,,,,,,,,,,
2026/08/26 18:53,2026-08-26T19:08:23+09:00,2026/08/27,2026/09/10,2026-09,CALL,74500,30,,2,28.34,26.74,38,31,26,28,27.36,0,0,31,08/26 17:54
2026/08/26 18:53,2026-08-26T19:08:23+09:00,2026/08/27,2026/09/10,2026-09,PUT,74500,8120,,,,,,,,,,,,,
2026/08/26 18:53,2026-08-26T19:08:23+09:00,2026/08/27,2026/09/10,2026-09,CALL,74375,34,,,29.89,22.24,56,23,7,23,,,,,
2026/08/26 18:53,2026-08-26T19:08:23+09:00,2026/08/27,2026/09/10,2026-09,PUT,74375,7995,,,,,,,,,,,,,
2026/08/26 18:53,2026-08-26T19:08:23+09:00,2026/08/27,2026/09/10,2026-09,CALL,74250,37,,,29.81,22.92,59,22,10,22,,,,,
2026/08/26 18:53,2026-08-26T19:08:23+09:00,2026/08/27,2026/09/10,2026-09,PUT,74250,7875,,,,,,,,,,,,,
2026/08/26 18:53,2026-08-26T19:08:23+09:00,2026/08/27,2026/09/10,2026-09,CALL,74125,38,,,29.97,23.15,65,22,12,22,,,,,
2026/08/26 18:53,2026-08-26T19:08:23+09:00,2026/08/27,2026/09/10,2026-09,PUT,74125,7750,,,,,,,,,,,,,
2026/08/26 18:53,2026-08-26T19:08:23+09:00,2026/08/27,2026/09/10,2026-09,CALL,74000,38,,189,27.21,27.1,40,5,39,10,27.21,2,5.26,40,08/26 18:44
2026/08/26 18:53,2026-08-26T19:08:23+09:00,2026/08/27,2026/09/10,2026-09,PUT,74000,7630,,,,,,,,,,,,,
2026/08/26 18:53,2026-08-26T19:08:23+09:00,2026/08/27,2026/09/10,2026-09,CALL,73875,44,,,27.3,26.87,44,4,40,18,,,,,
2026/08/26 18:53,2026-08-26T19:08:23+09:00,2026/08/27,2026/09/10,2026-09,PUT,73875,7510,,,,,,,,,,,,,
2026/08/26 18:53,2026-08-26T19:08:23+09:00,2026/08/27,2026/09/10,2026-09,CALL,73750,47,,,27.45,26.74,49,7,42,24,,,,,
2026/08/26 18:53,2026-08-26T19:08:23+09:00,2026/08/27,2026/09/10,2026-09,PUT,73750,7385,,,,,,,,,,,,,
2026/08/26 18:53,2026-08-26T19:08:23+09:00,2026/08/27,2026/09/10,2026-09,CALL,73625,49,,,27.19,26.7,50,4,45,19,,,,,
2026/08/26 18:53,2026-08-26T19:08:23+09:00,2026/08/27,2026/09/10,2026-09,PUT,73625,7265,,,,,,,,,,,,,
2026/08/26 18:53,2026-08-26T19:08:23+09:00,2026/08/27,2026/09/10,2026-09,CALL,73500,50,,10,27.01,26.83,52,1,50,4,26.97,1,2.04,50,08/26 18:26
2026/08/26 18:53,2026-08-26T19:08:23+09:00,2026/08/27,2026/09/10,2026-09,PUT,73500,7145,,,,,,,,,,,,,
2026/08/26 18:53,2026-08-26T19:08:23+09:00,2026/08/27,2026/09/10,2026-09,CALL,73375,56,,,27.18,26.74,58,4,53,4,,,,,
2026/08/26 18:53,2026-08-26T19:08:23+09:00,2026/08/27,2026/09/10,2026-09,PUT,73375,7025,,,,,,,,,,,,,
2026/08/26 18:53,2026-08-26T19:08:23+09:00,2026/08/27,2026/09/10,2026-09,CALL,73250,60,,,27.14,26.64,62,15,56,4,,,,,
2026/08/26 18:53,2026-08-26T19:08:23+09:00,2026/08/27,2026/09/10,2026-09,PUT,73250,6905,,,,,,,,,,,,,
2026/08/26 18:53,2026-08-26T19:08:23+09:00,2026/08/27,2026/09/10,2026-09,CALL,73125,62,,,27.01,26.61,65,15,60,4,,,,,
2026/08/26 18:53,2026-08-26T19:08:23+09:00,2026/08/27,2026/09/10,2026-09,PUT,73125,6785,,,,,,,,,,,,,
2026/08/26 18:53,2026-08-26T19:08:23+09:00,2026/08/27,2026/09/10,2026-09,CALL,73000,64,,13,26.86,26.55,68,1,64,1,26.53,1,1.56,65,08/26 17:54
2026/08/26 18:53,2026-08-26T19:08:23+09:00,2026/08/27,2026/09/10,2026-09,PUT,73000,6665,,,,,,,,,,,,,
2026/08/26 18:53,2026-08-26T19:08:23+09:00,2026/08/27,2026/09/10,2026-09,CALL,72875,70,,,26.85,26.48,73,4,68,15,,,,,
2026/08/26 18:53,2026-08-26T19:08:23+09:00,2026/08/27,2026/09/10,2026-09,PUT,72875,6545,,,,,,,,,,,,,
2026/08/26 18:53,2026-08-26T19:08:23+09:00,2026/08/27,2026/09/10,2026-09,CALL,72750,76,,,26.81,26.46,78,4,73,4,,,,,
2026/08/26 18:53,2026-08-26T19:08:23+09:00,2026/08/27,2026/09/10,2026-09,PUT,72750,6425,,,34.01,,6700,3,6260,3,,,,,
2026/08/26 18:53,2026-08-26T19:08:23+09:00,2026/08/27,2026/09/10,2026-09,CALL,72625,82,,,26.82,26.35,84,14,77,14,,,,,
2026/08/26 18:53,2026-08-26T19:08:23+09:00,2026/08/27,2026/09/10,2026-09,PUT,72625,6305,,,33.56,,6575,3,6250,3,,,,,
2026/08/26 18:53,2026-08-26T19:08:23+09:00,2026/08/27,2026/09/10,2026-09,CALL,72500,81,,2,26.68,26.42,88,1,84,1,26.3,3,3.7,84,08/26 18:00
2026/08/26 18:53,2026-08-26T19:08:23+09:00,2026/08/27,2026/09/10,2026-09,PUT,72500,6185,,,33.3,,6455,4,6130,4,,,,,
2026/08/26 18:53,2026-08-26T19:08:23+09:00,2026/08/27,2026/09/10,2026-09,CALL,72375,93,,,26.76,26.28,96,7,88,17,,,,,
2026/08/26 18:53,2026-08-26T19:08:23+09:00,2026/08/27,2026/09/10,2026-09,PUT,72375,6070,,,33.23,,6340,3,6010,2,,,,,
2026/08/26 18:53,2026-08-26T19:08:23+09:00,2026/08/27,2026/09/10,2026-09,CALL,72250,99,,,26.65,26.3,101,3,95,3,,,,,
2026/08/26 18:53,2026-08-26T19:08:23+09:00,2026/08/27,2026/09/10,2026-09,PUT,72250,5950,,,32.95,,6220,3,5890,3,,,,,
2026/08/26 18:53,2026-08-26T19:08:23+09:00,2026/08/27,2026/09/10,2026-09,CALL,72125,106,,,26.57,26.23,107,3,101,3,,,,,
2026/08/26 18:53,2026-08-26T19:08:23+09:00,2026/08/27,2026/09/10,2026-09,PUT,72125,5835,,,33.22,,6115,3,5660,3,,,,,
2026/08/26 18:53,2026-08-26T19:08:23+09:00,2026/08/27,2026/09/10,2026-09,CALL,72000,111,,10,26.42,26.26,112,1,109,1,26.28,-1,-0.9,110,08/26 17:55
2026/08/26 18:53,2026-08-26T19:08:23+09:00,2026/08/27,2026/09/10,2026-09,PUT,72000,5715,,,32.56,,5985,6,5645,6,,,,,
2026/08/26 18:53,2026-08-26T19:08:23+09:00,2026/08/27,2026/09/10,2026-09,CALL,71875,120,,,26.56,26.15,123,5,115,12,,,,,
2026/08/26 18:53,2026-08-26T19:08:23+09:00,2026/08/27,2026/09/10,2026-09,PUT,71875,5600,,,32.44,,5870,3,5525,3,,,,,
2026/08/26 18:53,2026-08-26T19:08:23+09:00,2026/08/27,2026/09/10,2026-09,CALL,71750,129,,,26.53,26.18,131,6,124,3,,,,,
2026/08/26 18:53,2026-08-26T19:08:23+09:00,2026/08/27,2026/09/10,2026-09,PUT,71750,5485,,,32.3,,5755,3,5475,1,,,,,
2026/08/26 18:53,2026-08-26T19:08:23+09:00,2026/08/27,2026/09/10,2026-09,CALL,71625,139,,,26.51,26.09,140,16,131,3,,,,,
2026/08/26 18:53,2026-08-26T19:08:23+09:00,2026/08/27,2026/09/10,2026-09,PUT,71625,5370,,,27.19,24.5,5510,1,5455,1,,,,,
2026/08/26 18:53,2026-08-26T19:08:23+09:00,2026/08/27,2026/09/10,2026-09,CALL,71500,151,,9,26.34,26.16,146,1,142,1,26.25,-6,-3.97,145,08/26 18:51
2026/08/26 18:53,2026-08-26T19:08:23+09:00,2026/08/27,2026/09/10,2026-09,PUT,71500,5280,,,27.17,24.35,5395,1,5335,1,,,,,
2026/08/26 18:53,2026-08-26T19:08:23+09:00,2026/08/27,2026/09/10,2026-09,CALL,71375,159,,,26.45,26.06,159,9,150,3,,,,,
2026/08/26 18:53,2026-08-26T19:08:23+09:00,2026/08/27,2026/09/10,2026-09,PUT,71375,5140,,,27.12,24.43,5280,1,5220,1,,,,,
2026/08/26 18:53,2026-08-26T19:08:23+09:00,2026/08/27,2026/09/10,2026-09,CALL,71250,169,,,26.41,26.04,169,3,160,5,,,,,
2026/08/26 18:53,2026-08-26T19:08:23+09:00,2026/08/27,2026/09/10,2026-09,PUT,71250,5060,,,27.06,24.48,5165,1,5105,1,,,,,
2026/08/26 18:53,2026-08-26T19:08:23+09:00,2026/08/27,2026/09/10,2026-09,CALL,71125,183,,,26.39,26.07,180,3,172,3,,,,,
2026/08/26 18:53,2026-08-26T19:08:23+09:00,2026/08/27,2026/09/10,2026-09,PUT,71125,4915,,,27.35,24.49,5060,1,4990,1,,,,,
2026/08/26 18:53,2026-08-26T19:08:23+09:00,2026/08/27,2026/09/10,2026-09,CALL,71000,193,,11,26.34,26.19,191,1,187,1,26.42,-2,-1.03,193,08/26 18:46
2026/08/26 18:53,2026-08-26T19:08:23+09:00,2026/08/27,2026/09/10,2026-09,PUT,71000,4835,,,27.23,24.48,4945,8,4875,6,,,,,
2026/08/26 18:53,2026-08-26T19:08:23+09:00,2026/08/27,2026/09/10,2026-09,CALL,70875,208,,,26.42,26.08,206,9,197,3,,,,,
2026/08/26 18:53,2026-08-26T19:08:23+09:00,2026/08/27,2026/09/10,2026-09,PUT,70875,4695,,,27.27,24.64,4835,1,4765,1,,,,,
2026/08/26 18:53,2026-08-26T19:08:23+09:00,2026/08/27,2026/09/10,2026-09,CALL,70750,222,,,26.39,26.07,219,3,210,3,,,,,
2026/08/26 18:53,2026-08-26T19:08:23+09:00,2026/08/27,2026/09/10,2026-09,PUT,70750,4590,,,27.12,24.96,4720,1,4660,1,,,,,
2026/08/26 18:53,2026-08-26T19:08:23+09:00,2026/08/27,2026/09/10,2026-09,CALL,70625,236,,,26.41,26.1,234,14,225,3,,,,,
2026/08/26 18:53,2026-08-26T19:08:23+09:00,2026/08/27,2026/09/10,2026-09,PUT,70625,4475,,,27.11,25.03,4610,1,4550,1,,,,,
2026/08/26 18:53,2026-08-26T19:08:23+09:00,2026/08/27,2026/09/10,2026-09,CALL,70500,246,,5,26.33,26.13,247,1,241,1,26.35,1,0.41,247,08/26 17:16
2026/08/26 18:53,2026-08-26T19:08:23+09:00,2026/08/27,2026/09/10,2026-09,PUT,70500,4380,,,27.08,25.07,4500,1,4440,1,,,,,
2026/08/26 18:53,2026-08-26T19:08:23+09:00,2026/08/27,2026/09/10,2026-09,CALL,70375,270,,,26.42,26.07,266,11,255,2,,,,,
2026/08/26 18:53,2026-08-26T19:08:23+09:00,2026/08/27,2026/09/10,2026-09,PUT,70375,4260,,,27.17,25.09,4395,1,4330,1,,,,,
2026/08/26 18:53,2026-08-26T19:08:23+09:00,2026/08/27,2026/09/10,2026-09,CALL,70250,286,,1,26.39,26.12,282,2,273,2,26.34,,,272,08/26 18:30
2026/08/26 18:53,2026-08-26T19:08:23+09:00,2026/08/27,2026/09/10,2026-09,PUT,70250,4170,,,27.09,25.23,4285,1,4225,1,,,,,
2026/08/26 18:53,2026-08-26T19:08:23+09:00,2026/08/27,2026/09/10,2026-09,CALL,70125,305,,1,26.55,26.1,305,11,290,2,26.47,-5,-1.61,305,08/26 18:12
2026/08/26 18:53,2026-08-26T19:08:23+09:00,2026/08/27,2026/09/10,2026-09,PUT,70125,4050,,,27.13,24.87,4180,1,4105,3,,,,,
2026/08/26 18:53,2026-08-26T19:08:23+09:00,2026/08/27,2026/09/10,2026-09,CALL,70000,310,,51,26.43,26.14,320,6,310,5,26.29,5,1.61,315,08/26 18:52
2026/08/26 18:53,2026-08-26T19:08:23+09:00,2026/08/27,2026/09/10,2026-09,PUT,70000,3960,,,27,25.26,4070,8,4010,8,,,,,
2026/08/26 18:53,2026-08-26T19:08:23+09:00,2026/08/27,2026/09/10,2026-09,CALL,69875,345,,,26.44,26.16,340,12,330,2,,,,,
2026/08/26 18:53,2026-08-26T19:08:23+09:00,2026/08/27,2026/09/10,2026-09,PUT,69875,3840,,,27.13,25.3,3970,1,3905,1,,,,,
2026/08/26 18:53,2026-08-26T19:08:23+09:00,2026/08/27,2026/09/10,2026-09,CALL,69750,365,,,26.42,26.14,360,6,350,5,,,,,
2026/08/26 18:53,2026-08-26T19:08:23+09:00,2026/08/27,2026/09/10,2026-09,PUT,69750,3745,,,26.95,25.17,3860,1,3795,1,,,,,
2026/08/26 18:53,2026-08-26T19:08:23+09:00,2026/08/27,2026/09/10,2026-09,CALL,69625,390,,,26.5,26.11,385,12,370,12,,,,,
2026/08/26 18:53,2026-08-26T19:08:23+09:00,2026/08/27,2026/09/10,2026-09,PUT,69625,3635,,,27.02,25.43,3760,1,3700,1,,,,,
2026/08/26 18:53,2026-08-26T19:08:23+09:00,2026/08/27,2026/09/10,2026-09,CALL,69500,415,,2,26.43,26.17,405,1,395,6,26.4,-15,-3.61,400,08/26 18:22
2026/08/26 18:53,2026-08-26T19:08:23+09:00,2026/08/27,2026/09/10,2026-09,PUT,69500,3545,,,27.06,25.26,3660,1,3590,1,,,,,
2026/08/26 18:53,2026-08-26T19:08:23+09:00,2026/08/27,2026/09/10,2026-09,CALL,69375,440,,,26.45,26.2,430,2,420,2,,,,,
2026/08/26 18:53,2026-08-26T19:08:23+09:00,2026/08/27,2026/09/10,2026-09,PUT,69375,3435,,,27.07,25.57,3560,1,3500,1,,,,,
2026/08/26 18:53,2026-08-26T19:08:23+09:00,2026/08/27,2026/09/10,2026-09,CALL,69250,465,,,26.57,26.08,460,12,440,12,,,,,
2026/08/26 18:53,2026-08-26T19:08:23+09:00,2026/08/27,2026/09/10,2026-09,PUT,69250,3345,,,27.17,25.47,3465,1,3395,1,,,,,
2026/08/26 18:53,2026-08-26T19:08:23+09:00,2026/08/27,2026/09/10,2026-09,CALL,69125,495,,,26.54,26.18,485,3,470,2,,,,,
2026/08/26 18:53,2026-08-26T19:08:23+09:00,2026/08/27,2026/09/10,2026-09,PUT,69125,3245,,,27.01,25.46,3360,1,3295,1,,,,,
2026/08/26 18:53,2026-08-26T19:08:23+09:00,2026/08/27,2026/09/10,2026-09,CALL,69000,520,,9,26.59,26.36,515,21,505,4,26.36,-5,-0.98,505,08/26 18:49
2026/08/26 18:53,2026-08-26T19:08:23+09:00,2026/08/27,2026/09/10,2026-09,PUT,69000,3155,,1,27.05,25.66,3265,8,3205,2,26.71,,,3250,08/26 18:49
2026/08/26 18:53,2026-08-26T19:08:23+09:00,2026/08/27,2026/09/10,2026-09,CALL,68875,555,,,26.62,26.28,545,10,530,2,,,,,
2026/08/26 18:53,2026-08-26T19:08:23+09:00,2026/08/27,2026/09/10,2026-09,PUT,68875,3055,,,27.4,25.71,3185,3,3110,1,,,,,
2026/08/26 18:53,2026-08-26T19:08:23+09:00,2026/08/27,2026/09/10,2026-09,CALL,68750,585,,,26.62,26.06,575,12,550,12,,,,,
2026/08/26 18:53,2026-08-26T19:08:23+09:00,2026/08/27,2026/09/10,2026-09,PUT,68750,2975,,24,27.28,25.39,3085,1,3000,2,27.1,,,3055,08/26 17:29
2026/08/26 18:53,2026-08-26T19:08:23+09:00,2026/08/27,2026/09/10,2026-09,CALL,68625,620,,,26.7,26.37,610,9,595,2,,,,,
2026/08/26 18:53,2026-08-26T19:08:23+09:00,2026/08/27,2026/09/10,2026-09,PUT,68625,2875,,,27.13,25.39,2985,1,2905,3,,,,,
2026/08/26 18:53,2026-08-26T19:08:23+09:00,2026/08/27,2026/09/10,2026-09,CALL,68500,650,,,26.64,26.42,640,1,630,5,,,,,
2026/08/26 18:53,2026-08-26T19:08:23+09:00,2026/08/27,2026/09/10,2026-09,PUT,68500,2785,,,27.17,25.57,2895,1,2820,1,,,,,
2026/08/26 18:53,2026-08-26T19:08:23+09:00,2026/08/27,2026/09/10,2026-09,CALL,68375,695,,,26.76,26.45,680,3,665,2,,,,,
2026/08/26 18:53,2026-08-26T19:08:23+09:00,2026/08/27,2026/09/10,2026-09,PUT,68375,2700,,,27.28,25.71,2810,1,2735,1,,,,,
2026/08/26 18:53,2026-08-26T19:08:23+09:00,2026/08/27,2026/09/10,2026-09,CALL,68250,730,,,26.75,26.34,715,4,695,11,,,,,
2026/08/26 18:53,2026-08-26T19:08:23+09:00,2026/08/27,2026/09/10,2026-09,PUT,68250,2625,,,27.26,25.93,2720,1,2655,1,,,,,
2026/08/26 18:53,2026-08-26T19:08:23+09:00,2026/08/27,2026/09/10,2026-09,CALL,68125,775,,,26.81,26.51,755,3,740,2,,,,,
2026/08/26 18:53,2026-08-26T19:08:23+09:00,2026/08/27,2026/09/10,2026-09,PUT,68125,2530,,,27.41,26.1,2640,1,2575,1,,,,,
2026/08/26 18:53,2026-08-26T19:08:23+09:00,2026/08/27,2026/09/10,2026-09,CALL,68000,780,,3,26.84,26.54,795,19,780,5,26.74,10,1.28,790,08/26 18:52
2026/08/26 18:53,2026-08-26T19:08:23+09:00,2026/08/27,2026/09/10,2026-09,PUT,68000,2445,,,27.44,26.05,2555,8,2485,8,,,,,
2026/08/26 18:53,2026-08-26T19:08:23+09:00,2026/08/27,2026/09/10,2026-09,CALL,67875,860,,,26.94,26.65,840,8,825,2,,,,,
2026/08/26 18:53,2026-08-26T19:08:23+09:00,2026/08/27,2026/09/10,2026-09,PUT,67875,2365,,,27.43,26.16,2470,1,2405,1,,,,,
2026/08/26 18:53,2026-08-26T19:08:23+09:00,2026/08/27,2026/09/10,2026-09,CALL,67750,885,,,26.92,26.43,880,4,855,10,,,,,
2026/08/26 18:53,2026-08-26T19:08:23+09:00,2026/08/27,2026/09/10,2026-09,PUT,67750,2275,,,27.59,26.24,2395,1,2325,1,,,,,
2026/08/26 18:53,2026-08-26T19:08:23+09:00,2026/08/27,2026/09/10,2026-09,CALL,67625,950,,,26.96,26.48,925,2,900,8,,,,,
2026/08/26 18:53,2026-08-26T19:08:23+09:00,2026/08/27,2026/09/10,2026-09,PUT,67625,2215,,,27.81,26.38,2325,23,2250,8,,,,,
2026/08/26 18:53,2026-08-26T19:08:23+09:00,2026/08/27,2026/09/10,2026-09,CALL,67500,1005,,6,27.06,26.78,975,11,960,3,26.83,-15,-1.49,990,08/26 17:38
2026/08/26 18:53,2026-08-26T19:08:23+09:00,2026/08/27,2026/09/10,2026-09,PUT,67500,2140,,,27.81,26.3,2245,24,2165,9,,,,,
2026/08/26 18:53,2026-08-26T19:08:23+09:00,2026/08/27,2026/09/10,2026-09,CALL,67375,1050,,,27.13,26.57,1025,8,995,8,,,,,
2026/08/26 18:53,2026-08-26T19:08:23+09:00,2026/08/27,2026/09/10,2026-09,PUT,67375,2070,,,28.16,26.1,2185,23,2075,8,,,,,
2026/08/26 18:53,2026-08-26T19:08:23+09:00,2026/08/27,2026/09/10,2026-09,CALL,67250,1100,,,27.18,26.62,1075,7,1045,7,,,,,
2026/08/26 18:53,2026-08-26T19:08:23+09:00,2026/08/27,2026/09/10,2026-09,PUT,67250,1990,,,27.92,26.44,2095,23,2015,8,,,,,
2026/08/26 18:53,2026-08-26T19:08:23+09:00,2026/08/27,2026/09/10,2026-09,CALL,67125,1155,,,27.19,26.92,1125,2,1110,2,,,,,
2026/08/26 18:53,2026-08-26T19:08:23+09:00,2026/08/27,2026/09/10,2026-09,PUT,67125,1925,,,28.02,26.46,2025,23,1940,8,,,,,
2026/08/26 18:53,2026-08-26T19:08:23+09:00,2026/08/27,2026/09/10,2026-09,CALL,67000,1170,,,27.27,27,1180,13,1165,3,,,,,
2026/08/26 18:53,2026-08-26T19:08:23+09:00,2026/08/27,2026/09/10,2026-09,PUT,67000,1850,,1,27.91,26.63,1945,27,1875,12,26.78,40,2.15,1900,08/26 17:30
2026/08/26 18:53,2026-08-26T19:08:23+09:00,2026/08/27,2026/09/10,2026-09,CALL,66875,1265,,,27.41,26.77,1240,7,1205,7,,,,,
2026/08/26 18:53,2026-08-26T19:08:23+09:00,2026/08/27,2026/09/10,2026-09,PUT,66875,1790,,,27.59,26.86,1855,8,1815,4,,,,,
2026/08/26 18:53,2026-08-26T19:08:23+09:00,2026/08/27,2026/09/10,2026-09,CALL,66750,1325,,1,27.43,26.79,1295,2,1260,7,27.29,,,1320,08/26 17:38
2026/08/26 18:53,2026-08-26T19:08:23+09:00,2026/08/27,2026/09/10,2026-09,PUT,66750,1725,,,28.06,26.97,1810,9,1750,4,,,,,
2026/08/26 18:53,2026-08-26T19:08:23+09:00,2026/08/27,2026/09/10,2026-09,CALL,66625,1385,,,27.78,26.78,1370,7,1315,7,,,,,
2026/08/26 18:53,2026-08-26T19:08:23+09:00,2026/08/27,2026/09/10,2026-09,PUT,66625,1660,,,28.14,27.05,1745,24,1685,4,,,,,
2026/08/26 18:53,2026-08-26T19:08:23+09:00,2026/08/27,2026/09/10,2026-09,CALL,66500,1425,,2,27.56,27.29,1415,10,1400,3,27.43,15,1.05,1440,08/26 17:33
2026/08/26 18:53,2026-08-26T19:08:23+09:00,2026/08/27,2026/09/10,2026-09,PUT,66500,1600,,2,27.92,27.1,1665,11,1620,4,27.83,-25,-1.5,1645,08/26 17:29
2026/08/26 18:53,2026-08-26T19:08:23+09:00,2026/08/27,2026/09/10,2026-09,CALL,66375,1510,,,27.67,27.03,1480,2,1445,7,,,,,
2026/08/26 18:53,2026-08-26T19:08:23+09:00,2026/08/27,2026/09/10,2026-09,PUT,66375,1540,,1,27.67,27.12,1585,9,1555,9,27.4,,,1570,08/26 18:52
2026/08/26 18:53,2026-08-26T19:08:23+09:00,2026/08/27,2026/09/10,2026-09,CALL,66250,1575,,,27.75,27.21,1545,4,1515,9,,,,,
2026/08/26 18:53,2026-08-26T19:08:23+09:00,2026/08/27,2026/09/10,2026-09,PUT,66250,1480,,,28.2,27.3,1550,7,1500,2,,,,,
2026/08/26 18:53,2026-08-26T19:08:23+09:00,2026/08/27,2026/09/10,2026-09,CALL,66125,1640,,,28.07,26.89,1625,9,1560,24,,,,,
2026/08/26 18:53,2026-08-26T19:08:23+09:00,2026/08/27,2026/09/10,2026-09,PUT,66125,1425,,,28.25,27.35,1490,7,1440,2,,,,,
2026/08/26 18:53,2026-08-26T19:08:23+09:00,2026/08/27,2026/09/10,2026-09,CALL,66000,1750,,,27.91,27.19,1680,4,1640,14,,,,,
2026/08/26 18:53,2026-08-26T19:08:23+09:00,2026/08/27,2026/09/10,2026-09,PUT,66000,1370,,37,27.82,27.55,1405,13,1390,3,27.77,-50,-3.52,1370,08/26 17:46
2026/08/26 18:53,2026-08-26T19:08:23+09:00,2026/08/27,2026/09/10,2026-09,CALL,65875,1815,,,28.27,27,1765,8,1695,23,,,,,
2026/08/26 18:53,2026-08-26T19:08:23+09:00,2026/08/27,2026/09/10,2026-09,PUT,65875,1315,,,28.45,27.54,1380,7,1330,2,,,,,
2026/08/26 18:53,2026-08-26T19:08:23+09:00,2026/08/27,2026/09/10,2026-09,CALL,65750,1865,,,28.24,27.05,1830,8,1765,23,,,,,
2026/08/26 18:53,2026-08-26T19:08:23+09:00,2026/08/27,2026/09/10,2026-09,PUT,65750,1260,,,28.51,27.69,1325,7,1280,2,,,,,
2026/08/26 18:53,2026-08-26T19:08:23+09:00,2026/08/27,2026/09/10,2026-09,CALL,65625,1935,,,28.45,27.16,1910,8,1840,8,,,,,
2026/08/26 18:53,2026-08-26T19:08:23+09:00,2026/08/27,2026/09/10,2026-09,PUT,65625,1205,,,28.17,27.71,1250,7,1225,2,,,,,
2026/08/26 18:53,2026-08-26T19:08:23+09:00,2026/08/27,2026/09/10,2026-09,CALL,65500,2015,,,28.54,27.34,1985,9,1920,9,,,,,
2026/08/26 18:53,2026-08-26T19:08:23+09:00,2026/08/27,2026/09/10,2026-09,PUT,65500,1165,,1,28.17,27.9,1195,10,1180,3,28.49,-20,-1.64,1200,08/26 17:29
2026/08/26 18:53,2026-08-26T19:08:23+09:00,2026/08/27,2026/09/10,2026-09,CALL,65375,2095,,,28.61,27.39,2060,8,1995,8,,,,,
2026/08/26 18:53,2026-08-26T19:08:23+09:00,2026/08/27,2026/09/10,2026-09,PUT,65375,1115,,,28.7,27.96,1170,8,1130,2,,,,,
2026/08/26 18:53,2026-08-26T19:08:23+09:00,2026/08/27,2026/09/10,2026-09,CALL,65250,2170,,,28.93,27.33,2150,8,2065,23,,,,,
2026/08/26 18:53,2026-08-26T19:08:23+09:00,2026/08/27,2026/09/10,2026-09,PUT,65250,1065,,2,28.55,28.08,1110,8,1085,2,28.21,-255,-19.32,1065,08/26 17:46
2026/08/26 18:53,2026-08-26T19:08:23+09:00,2026/08/27,2026/09/10,2026-09,CALL,65125,2255,,,28.94,27.42,2225,8,2145,23,,,,,
2026/08/26 18:53,2026-08-26T19:08:23+09:00,2026/08/27,2026/09/10,2026-09,PUT,65125,1070,,,28.56,28.18,1060,8,1040,2,,,,,
2026/08/26 18:53,2026-08-26T19:08:23+09:00,2026/08/27,2026/09/10,2026-09,CALL,65000,2335,,,29.3,27.48,2320,12,2225,27,,,,,
2026/08/26 18:53,2026-08-26T19:08:23+09:00,2026/08/27,2026/09/10,2026-09,PUT,65000,980,,10,28.54,28.34,1010,14,1000,3,28.34,20,2.04,1000,08/26 18:46
2026/08/26 18:53,2026-08-26T19:08:23+09:00,2026/08/27,2026/09/10,2026-09,CALL,64875,2465,,,29.07,27.8,2385,1,2320,3,,,,,
2026/08/26 18:53,2026-08-26T19:08:23+09:00,2026/08/27,2026/09/10,2026-09,PUT,64875,940,,,28.97,28.39,985,8,955,2,,,,,
2026/08/26 18:53,2026-08-26T19:08:23+09:00,2026/08/27,2026/09/10,2026-09,CALL,64750,2520,,,29.29,28,2475,1,2410,1,,,,,
2026/08/26 18:53,2026-08-26T19:08:23+09:00,2026/08/27,2026/09/10,2026-09,PUT,64750,905,,,29.19,28.5,950,10,915,4,,,,,
2026/08/26 18:53,2026-08-26T19:08:23+09:00,2026/08/27,2026/09/10,2026-09,CALL,64625,2640,,,29.48,27.98,2565,1,2490,1,,,,,
2026/08/26 18:53,2026-08-26T19:08:23+09:00,2026/08/27,2026/09/10,2026-09,PUT,64625,860,,,28.88,28.58,890,9,875,2,,,,,
2026/08/26 18:53,2026-08-26T19:08:23+09:00,2026/08/27,2026/09/10,2026-09,CALL,64500,2695,,,29.35,28.13,2640,1,2580,1,,,,,
2026/08/26 18:53,2026-08-26T19:08:23+09:00,2026/08/27,2026/09/10,2026-09,PUT,64500,830,,1,28.94,28.74,850,10,840,5,28.83,5,0.6,835,08/26 17:54
2026/08/26 18:53,2026-08-26T19:08:23+09:00,2026/08/27,2026/09/10,2026-09,CALL,64375,2820,,,29.79,28.36,2745,1,2675,1,,,,,
2026/08/26 18:53,2026-08-26T19:08:23+09:00,2026/08/27,2026/09/10,2026-09,PUT,64375,785,,,29.18,28.77,820,9,800,9,,,,,
2026/08/26 18:53,2026-08-26T19:08:23+09:00,2026/08/27,2026/09/10,2026-09,CALL,64250,2875,,,29.6,28.56,2820,1,2770,1,,,,,
2026/08/26 18:53,2026-08-26T19:08:23+09:00,2026/08/27,2026/09/10,2026-09,PUT,64250,760,,,29.6,28.87,800,11,765,11,,,,,
2026/08/26 18:53,2026-08-26T19:08:23+09:00,2026/08/27,2026/09/10,2026-09,CALL,64125,3005,,,30.01,28.63,2925,1,2860,1,,,,,
2026/08/26 18:53,2026-08-26T19:08:23+09:00,2026/08/27,2026/09/10,2026-09,PUT,64125,725,,,29.38,29.06,750,9,735,2,,,,,
2026/08/26 18:53,2026-08-26T19:08:23+09:00,2026/08/27,2026/09/10,2026-09,CALL,64000,3045,,,29.97,28.68,3010,6,2950,8,,,,,
2026/08/26 18:53,2026-08-26T19:08:23+09:00,2026/08/27,2026/09/10,2026-09,PUT,64000,680,,4,29.43,29.22,715,1,705,5,29.41,15,2.21,695,08/26 17:46
2026/08/26 18:53,2026-08-26T19:08:23+09:00,2026/08/27,2026/09/10,2026-09,CALL,63875,3195,,,30.23,28.8,3110,1,3045,1,,,,,
2026/08/26 18:53,2026-08-26T19:08:23+09:00,2026/08/27,2026/09/10,2026-09,PUT,63875,665,,,29.57,29.24,685,2,670,3,,,,,
2026/08/26 18:53,2026-08-26T19:08:23+09:00,2026/08/27,2026/09/10,2026-09,CALL,63750,3245,,,30.47,29.01,3210,1,3145,1,,,,,
2026/08/26 18:53,2026-08-26T19:08:23+09:00,2026/08/27,2026/09/10,2026-09,PUT,63750,635,,,30.14,29.47,675,12,645,4,,,,,
2026/08/26 18:53,2026-08-26T19:08:23+09:00,2026/08/27,2026/09/10,2026-09,CALL,63625,3390,,,30.46,29.09,3300,1,3240,1,,,,,
2026/08/26 18:53,2026-08-26T19:08:23+09:00,2026/08/27,2026/09/10,2026-09,PUT,63625,605,,,29.78,29.55,625,1,615,2,,,,,
2026/08/26 18:53,2026-08-26T19:08:23+09:00,2026/08/27,2026/09/10,2026-09,CALL,63500,3445,,,30.54,29.14,3395,1,3335,1,,,,,
2026/08/26 18:53,2026-08-26T19:08:23+09:00,2026/08/27,2026/09/10,2026-09,PUT,63500,585,,,29.96,29.73,600,5,590,5,,,,,
2026/08/26 18:53,2026-08-26T19:08:23+09:00,2026/08/27,2026/09/10,2026-09,CALL,63375,3585,,,30.59,29.28,3490,1,3435,1,,,,,
2026/08/26 18:53,2026-08-26T19:08:23+09:00,2026/08/27,2026/09/10,2026-09,PUT,63375,550,,,30.24,29.76,580,10,560,3,,,,,
2026/08/26 18:53,2026-08-26T19:08:23+09:00,2026/08/27,2026/09/10,2026-09,CALL,63250,3630,,,30.73,29.39,3590,1,3535,1,,,,,
2026/08/26 18:53,2026-08-26T19:08:23+09:00,2026/08/27,2026/09/10,2026-09,PUT,63250,530,,,30.61,29.89,565,12,535,5,,,,,
2026/08/26 18:53,2026-08-26T19:08:23+09:00,2026/08/27,2026/09/10,2026-09,CALL,63125,3785,,,30.98,29.48,3695,1,3635,1,,,,,
2026/08/26 18:53,2026-08-26T19:08:23+09:00,2026/08/27,2026/09/10,2026-09,PUT,63125,505,,,30.49,29.99,530,11,510,4,,,,,
2026/08/26 18:53,2026-08-26T19:08:23+09:00,2026/08/27,2026/09/10,2026-09,CALL,63000,3850,,,31.08,29.55,3795,8,3735,8,,,,,
2026/08/26 18:53,2026-08-26T19:08:23+09:00,2026/08/27,2026/09/10,2026-09,PUT,63000,495,,16,30.45,30.19,500,25,490,5,30.37,0,0,495,08/26 18:08
2026/08/26 18:53,2026-08-26T19:08:23+09:00,2026/08/27,2026/09/10,2026-09,CALL,62875,3995,,,31.28,29.59,3900,1,3835,1,,,,,
2026/08/26 18:53,2026-08-26T19:08:23+09:00,2026/08/27,2026/09/10,2026-09,PUT,62875,460,,,30.64,30.38,480,12,470,2,,,,,
2026/08/26 18:53,2026-08-26T19:08:23+09:00,2026/08/27,2026/09/10,2026-09,CALL,62750,4045,,,31.47,29.87,4005,1,3945,1,,,,,
2026/08/26 18:53,2026-08-26T19:08:23+09:00,2026/08/27,2026/09/10,2026-09,PUT,62750,440,,,30.81,30.41,460,14,445,14,,,,,
2026/08/26 18:53,2026-08-26T19:08:23+09:00,2026/08/27,2026/09/10,2026-09,CALL,62625,4205,,,31.63,29.85,4110,1,4045,1,,,,,
2026/08/26 18:53,2026-08-26T19:08:23+09:00,2026/08/27,2026/09/10,2026-09,PUT,62625,420,,,30.95,30.54,440,2,425,12,,,,,
2026/08/26 18:53,2026-08-26T19:08:23+09:00,2026/08/27,2026/09/10,2026-09,CALL,62500,4260,,,31.77,30.09,4215,1,4155,1,,,,,
2026/08/26 18:53,2026-08-26T19:08:23+09:00,2026/08/27,2026/09/10,2026-09,PUT,62500,405,,,31.08,30.8,420,20,410,5,,,,,
2026/08/26 18:53,2026-08-26T19:08:23+09:00,2026/08/27,2026/09/10,2026-09,CALL,62375,4415,,,31.89,30.16,4320,1,4260,1,,,,,
2026/08/26 18:53,2026-08-26T19:08:23+09:00,2026/08/27,2026/09/10,2026-09,PUT,62375,385,,,31.18,30.89,400,4,390,4,,,,,
2026/08/26 18:53,2026-08-26T19:08:23+09:00,2026/08/27,2026/09/10,2026-09,CALL,62250,4485,,,32.13,30.36,4430,1,4370,1,,,,,
2026/08/26 18:53,2026-08-26T19:08:23+09:00,2026/08/27,2026/09/10,2026-09,PUT,62250,365,,,31.41,31.11,385,14,375,4,,,,,
2026/08/26 18:53,2026-08-26T19:08:23+09:00,2026/08/27,2026/09/10,2026-09,CALL,62125,4635,,,32.21,30.39,4535,1,4475,1,,,,,
2026/08/26 18:53,2026-08-26T19:08:23+09:00,2026/08/27,2026/09/10,2026-09,PUT,62125,350,,,31.46,31.16,365,2,355,12,,,,,
2026/08/26 18:53,2026-08-26T19:08:23+09:00,2026/08/27,2026/09/10,2026-09,CALL,62000,4695,,,32.42,30.55,4645,8,4585,8,,,,,
2026/08/26 18:53,2026-08-26T19:08:23+09:00,2026/08/27,2026/09/10,2026-09,PUT,62000,335,,54,31.65,31.49,350,5,345,1,31.63,-10,-2.82,345,08/26 18:01
2026/08/26 18:53,2026-08-26T19:08:23+09:00,2026/08/27,2026/09/10,2026-09,CALL,61875,4855,,,32.6,30.68,4755,1,4695,1,,,,,
2026/08/26 18:53,2026-08-26T19:08:23+09:00,2026/08/27,2026/09/10,2026-09,PUT,61875,320,,,31.82,31.5,335,4,325,12,,,,,
2026/08/26 18:53,2026-08-26T19:08:23+09:00,2026/08/27,2026/09/10,2026-09,CALL,61750,4920,,,32.77,30.79,4865,1,4805,1,,,,,
2026/08/26 18:53,2026-08-26T19:08:23+09:00,2026/08/27,2026/09/10,2026-09,PUT,61750,305,,,31.96,31.8,320,7,315,4,,,,,
2026/08/26 18:53,2026-08-26T19:08:23+09:00,2026/08/27,2026/09/10,2026-09,CALL,61625,5075,,,33.08,30.88,4980,1,4915,1,,,,,
2026/08/26 18:53,2026-08-26T19:08:23+09:00,2026/08/27,2026/09/10,2026-09,PUT,61625,291,,,32.26,31.92,310,2,300,2,,,,,
2026/08/26 18:53,2026-08-26T19:08:23+09:00,2026/08/27,2026/09/10,2026-09,CALL,61500,5145,,,33.55,31.13,5100,1,5030,1,,,,,
2026/08/26 18:53,2026-08-26T19:08:23+09:00,2026/08/27,2026/09/10,2026-09,PUT,61500,280,,1,32.3,32.02,293,1,285,1,32.58,-19,-6.23,286,08/26 17:42
2026/08/26 18:53,2026-08-26T19:08:23+09:00,2026/08/27,2026/09/10,2026-09,CALL,61375,5300,,,33.5,31.36,5205,1,5145,1,,,,,
2026/08/26 18:53,2026-08-26T19:08:23+09:00,2026/08/27,2026/09/10,2026-09,PUT,61375,268,,,32.56,32.2,283,3,273,4,,,,,
2026/08/26 18:53,2026-08-26T19:08:23+09:00,2026/08/27,2026/09/10,2026-09,CALL,61250,5365,,,34.11,31.19,5330,2,5250,1,,,,,
2026/08/26 18:53,2026-08-26T19:08:23+09:00,2026/08/27,2026/09/10,2026-09,PUT,61250,251,,,32.8,32.33,273,6,260,6,,,,,
2026/08/26 18:53,2026-08-26T19:08:23+09:00,2026/08/27,2026/09/10,2026-09,CALL,61125,5530,,,34.2,31.57,5440,1,5370,1,,,,,
2026/08/26 18:53,2026-08-26T19:08:23+09:00,2026/08/27,2026/09/10,2026-09,PUT,61125,244,,,32.96,32.58,261,5,251,3,,,,,
2026/08/26 18:53,2026-08-26T19:08:23+09:00,2026/08/27,2026/09/10,2026-09,CALL,61000,5645,,,34.45,31.12,5555,8,5470,8,,,,,
2026/08/26 18:53,2026-08-26T19:08:23+09:00,2026/08/27,2026/09/10,2026-09,PUT,61000,238,,54,32.98,32.75,246,1,240,1,33.07,7,2.94,245,08/26 18:07
2026/08/26 18:53,2026-08-26T19:08:23+09:00,2026/08/27,2026/09/10,2026-09,CALL,60875,5760,,,39.5,24.41,5810,2,5460,3,,,,,
2026/08/26 18:53,2026-08-26T19:08:23+09:00,2026/08/27,2026/09/10,2026-09,PUT,60875,226,,,33.3,32.9,239,14,229,5,,,,,
2026/08/26 18:53,2026-08-26T19:08:23+09:00,2026/08/27,2026/09/10,2026-09,CALL,60750,5875,,,40.3,24.88,5940,2,5585,3,,,,,
2026/08/26 18:53,2026-08-26T19:08:23+09:00,2026/08/27,2026/09/10,2026-09,PUT,60750,216,,,33.48,33.11,229,12,220,12,,,,,
2026/08/26 18:53,2026-08-26T19:08:23+09:00,2026/08/27,2026/09/10,2026-09,CALL,60625,5995,,,40.46,24.97,6050,3,5705,3,,,,,
2026/08/26 18:53,2026-08-26T19:08:23+09:00,2026/08/27,2026/09/10,2026-09,PUT,60625,208,,,33.64,33.26,219,3,210,5,,,,,
2026/08/26 18:53,2026-08-26T19:08:23+09:00,2026/08/27,2026/09/10,2026-09,CALL,60500,6105,,,40.6,23.61,6160,4,5810,4,,,,,
2026/08/26 18:53,2026-08-26T19:08:23+09:00,2026/08/27,2026/09/10,2026-09,PUT,60500,203,,,33.75,33.57,208,1,204,1,,,,,
2026/08/26 18:53,2026-08-26T19:08:23+09:00,2026/08/27,2026/09/10,2026-09,CALL,60375,6225,,,41.24,24.06,6285,3,5935,3,,,,,
2026/08/26 18:53,2026-08-26T19:08:23+09:00,2026/08/27,2026/09/10,2026-09,PUT,60375,192,,,34.09,33.65,203,12,193,15,,,,,
2026/08/26 18:53,2026-08-26T19:08:23+09:00,2026/08/27,2026/09/10,2026-09,CALL,60250,6340,,,41.19,22.67,6390,3,6045,3,,,,,
2026/08/26 18:53,2026-08-26T19:08:23+09:00,2026/08/27,2026/09/10,2026-09,PUT,60250,183,,,34.3,33.93,195,12,187,3,,,,,
2026/08/26 18:53,2026-08-26T19:08:23+09:00,2026/08/27,2026/09/10,2026-09,CALL,60125,6460,,,41.64,22.32,6510,3,6165,3,,,,,
2026/08/26 18:53,2026-08-26T19:08:23+09:00,2026/08/27,2026/09/10,2026-09,PUT,60125,177,,,34.53,34.06,188,6,178,15,,,,,
2026/08/26 18:53,2026-08-26T19:08:23+09:00,2026/08/27,2026/09/10,2026-09,CALL,60000,6580,,,41.91,21.81,6625,6,6285,6,,,,,
2026/08/26 18:53,2026-08-26T19:08:23+09:00,2026/08/27,2026/09/10,2026-09,PUT,60000,169,,56,34.56,34.37,177,1,173,1,34.71,11,6.51,180,08/26 18:46
2026/08/26 18:53,2026-08-26T19:08:23+09:00,2026/08/27,2026/09/10,2026-09,CALL,59875,6695,,,42.53,22.21,6750,3,6410,3,,,,,
2026/08/26 18:53,2026-08-26T19:08:23+09:00,2026/08/27,2026/09/10,2026-09,PUT,59875,163,,,34.87,34.56,172,3,166,3,,,,,
2026/08/26 18:53,2026-08-26T19:08:23+09:00,2026/08/27,2026/09/10,2026-09,CALL,59750,6815,,,42.97,21.41,6870,3,6530,3,,,,,
2026/08/26 18:53,2026-08-26T19:08:23+09:00,2026/08/27,2026/09/10,2026-09,PUT,59750,156,,,35.11,34.69,166,3,158,6,,,,,
2026/08/26 18:53,2026-08-26T19:08:23+09:00,2026/08/27,2026/09/10,2026-09,CALL,59625,6935,,,43.21,20.05,6985,3,6650,3,,,,,
2026/08/26 18:53,2026-08-26T19:08:23+09:00,2026/08/27,2026/09/10,2026-09,PUT,59625,151,,,35.45,34.91,162,5,152,5,,,,,
2026/08/26 18:53,2026-08-26T19:08:23+09:00,2026/08/27,2026/09/10,2026-09,CALL,59500,7050,,,43.44,,7100,4,6760,4,,,,,
2026/08/26 18:53,2026-08-26T19:08:23+09:00,2026/08/27,2026/09/10,2026-09,PUT,59500,143,,3,35.45,35.17,152,5,147,1,35.62,10,6.99,153,08/26 17:29
2026/08/26 18:53,2026-08-26T19:08:23+09:00,2026/08/27,2026/09/10,2026-09,CALL,59375,7175,,,44.44,,7235,3,6890,3,,,,,
2026/08/26 18:53,2026-08-26T19:08:23+09:00,2026/08/27,2026/09/10,2026-09,PUT,59375,140,,,35.88,35.43,150,5,142,3,,,,,
2026/08/26 18:53,2026-08-26T19:08:23+09:00,2026/08/27,2026/09/10,2026-09,CALL,59250,7290,,,44.08,,7335,3,7000,3,,,,,
2026/08/26 18:53,2026-08-26T19:08:23+09:00,2026/08/27,2026/09/10,2026-09,PUT,59250,133,,,36.01,35.61,143,14,136,4,,,,,
2026/08/26 18:53,2026-08-26T19:08:23+09:00,2026/08/27,2026/09/10,2026-09,CALL,59125,7415,,,44.48,,7455,3,7120,3,,,,,
2026/08/26 18:53,2026-08-26T19:08:23+09:00,2026/08/27,2026/09/10,2026-09,PUT,59125,130,,,36.25,35.83,138,14,131,17,,,,,
2026/08/26 18:53,2026-08-26T19:08:23+09:00,2026/08/27,2026/09/10,2026-09,CALL,59000,7530,,,44.88,,7575,4,7245,4,,,,,
2026/08/26 18:53,2026-08-26T19:08:23+09:00,2026/08/27,2026/09/10,2026-09,PUT,59000,121,,,36.36,36.11,131,1,127,1,,,,,
2026/08/26 18:53,2026-08-26T19:08:23+09:00,2026/08/27,2026/09/10,2026-09,CALL,58875,7655,,,45.48,,7700,2,7360,3,,,,,
2026/08/26 18:53,2026-08-26T19:08:23+09:00,2026/08/27,2026/09/10,2026-09,PUT,58875,120,,,36.76,36.31,129,16,122,4,,,,,
2026/08/26 18:53,2026-08-26T19:08:23+09:00,2026/08/27,2026/09/10,2026-09,CALL,58750,7775,,,48.5,,7885,3,7400,3,,,,,
2026/08/26 18:53,2026-08-26T19:08:23+09:00,2026/08/27,2026/09/10,2026-09,PUT,58750,115,,,36.9,36.5,123,4,117,17,,,,,
2026/08/26 18:53,2026-08-26T19:08:23+09:00,2026/08/27,2026/09/10,2026-09,CALL,58625,7895,,,,,,,,,,,,,
2026/08/26 18:53,2026-08-26T19:08:23+09:00,2026/08/27,2026/09/10,2026-09,PUT,58625,111,,,37.15,36.75,119,4,113,17,,,,,
2026/08/26 18:53,2026-08-26T19:08:23+09:00,2026/08/27,2026/09/10,2026-09,CALL,58500,8015,,,,,,,,,,,,,
2026/08/26 18:53,2026-08-26T19:08:23+09:00,2026/08/27,2026/09/10,2026-09,PUT,58500,107,,2,37.33,37.05,114,1,110,1,37.07,3,2.8,110,08/26 17:56
2026/08/26 18:53,2026-08-26T19:08:23+09:00,2026/08/27,2026/09/10,2026-09,CALL,58375,8135,,,,,,,,,,,,,
2026/08/26 18:53,2026-08-26T19:08:23+09:00,2026/08/27,2026/09/10,2026-09,PUT,58375,104,,,37.77,37.28,113,6,106,4,,,,,
2026/08/26 18:53,2026-08-26T19:08:23+09:00,2026/08/27,2026/09/10,2026-09,CALL,58250,8255,,,,,,,,,,,,,
2026/08/26 18:53,2026-08-26T19:08:23+09:00,2026/08/27,2026/09/10,2026-09,PUT,58250,99,,,38,37.49,109,19,102,4,,,,,
2026/08/26 18:53,2026-08-26T19:08:23+09:00,2026/08/27,2026/09/10,2026-09,CALL,58000,8500,,,,,,,,,,,,,
2026/08/26 18:53,2026-08-26T19:08:23+09:00,2026/08/27,2026/09/10,2026-09,PUT,58000,93,,13,38.27,38.04,99,1,96,1,38.11,4,4.3,97,08/26 18:52
2026/08/26 18:53,2026-08-26T19:08:23+09:00,2026/08/27,2026/09/10,2026-09,CALL,57750,8745,,,,,,,,,,,,,
2026/08/26 18:53,2026-08-26T19:08:23+09:00,2026/08/27,2026/09/10,2026-09,PUT,57750,87,,,38.88,38.47,94,4,89,18,,,,,
2026/08/26 18:53,2026-08-26T19:08:23+09:00,2026/08/27,2026/09/10,2026-09,CALL,57500,8990,,,,,,,,,,,,,
2026/08/26 18:53,2026-08-26T19:08:23+09:00,2026/08/27,2026/09/10,2026-09,PUT,57500,81,,,39.29,39.03,87,1,84,1,,,,,
2026/08/26 18:53,2026-08-26T19:08:23+09:00,2026/08/27,2026/09/10,2026-09,CALL,57250,9235,,,,,,,,,,,,,
2026/08/26 18:53,2026-08-26T19:08:23+09:00,2026/08/27,2026/09/10,2026-09,PUT,57250,80,,,40.01,39.47,84,19,78,20,,,,,
2026/08/26 18:53,2026-08-26T19:08:23+09:00,2026/08/27,2026/09/10,2026-09,CALL,57000,9480,,,,,,,,,,,,,
2026/08/26 18:53,2026-08-26T19:08:23+09:00,2026/08/27,2026/09/10,2026-09,PUT,57000,71,,1,40.35,40.15,77,9,75,1,40.09,3,4.23,74,08/26 17:55
2026/08/26 18:53,2026-08-26T19:08:23+09:00,2026/08/27,2026/09/10,2026-09,CALL,56750,9725,,,,,,,,,,,,,
2026/08/26 18:53,2026-08-26T19:08:23+09:00,2026/08/27,2026/09/10,2026-09,PUT,56750,68,,,41.13,40.62,75,6,70,4,,,,,
2026/08/26 18:53,2026-08-26T19:08:23+09:00,2026/08/27,2026/09/10,2026-09,CALL,56500,9970,,,,,,,,,,,,,
2026/08/26 18:53,2026-08-26T19:08:23+09:00,2026/08/27,2026/09/10,2026-09,PUT,56500,64,,,41.59,41.16,70,8,66,2,,,,,
2026/08/26 18:53,2026-08-26T19:08:23+09:00,2026/08/27,2026/09/10,2026-09,CALL,56250,10215,,,,,,,,,,,,,
2026/08/26 18:53,2026-08-26T19:08:23+09:00,2026/08/27,2026/09/10,2026-09,PUT,56250,60,,,42.12,41.67,66,4,62,4,,,,,
2026/08/26 18:53,2026-08-26T19:08:23+09:00,2026/08/27,2026/09/10,2026-09,CALL,56000,10465,,,,,,,,,,,,,
2026/08/26 18:53,2026-08-26T19:08:23+09:00,2026/08/27,2026/09/10,2026-09,PUT,56000,59,,14,42.51,42.39,61,8,60,1,42.51,2,3.39,61,08/26 18:46
2026/08/26 18:53,2026-08-26T19:08:23+09:00,2026/08/27,2026/09/10,2026-09,CALL,55750,10710,,,,,,,,,,,,,
2026/08/26 18:53,2026-08-26T19:08:23+09:00,2026/08/27,2026/09/10,2026-09,PUT,55750,55,,,43.22,42.59,59,4,54,6,,,,,
2026/08/26 18:53,2026-08-26T19:08:23+09:00,2026/08/27,2026/09/10,2026-09,CALL,55500,10960,,,,,,,,,,,,,
2026/08/26 18:53,2026-08-26T19:08:23+09:00,2026/08/27,2026/09/10,2026-09,PUT,55500,53,,,43.79,43.13,56,6,51,35,,,,,
2026/08/26 18:53,2026-08-26T19:08:23+09:00,2026/08/27,2026/09/10,2026-09,CALL,55250,11205,,,,,,,,,,,,,
2026/08/26 18:53,2026-08-26T19:08:23+09:00,2026/08/27,2026/09/10,2026-09,PUT,55250,49,,,44.47,43.92,54,24,50,4,,,,,
2026/08/26 18:53,2026-08-26T19:08:23+09:00,2026/08/27,2026/09/10,2026-09,CALL,55000,11455,,,,,,,,,,,,,
2026/08/26 18:53,2026-08-26T19:08:23+09:00,2026/08/27,2026/09/10,2026-09,PUT,55000,47,,8,44.86,44.42,50,2,47,9,44.71,2,4.26,49,08/26 18:44
2026/08/26 18:53,2026-08-26T19:08:23+09:00,2026/08/27,2026/09/10,2026-09,CALL,54750,11700,,,,,,,,,,,,,
2026/08/26 18:53,2026-08-26T19:08:23+09:00,2026/08/27,2026/09/10,2026-09,PUT,54750,44,,,45.5,45.05,48,17,45,4,,,,,
2026/08/26 18:53,2026-08-26T19:08:23+09:00,2026/08/27,2026/09/10,2026-09,CALL,54500,11950,,,,,,,,,,,,,
2026/08/26 18:53,2026-08-26T19:08:23+09:00,2026/08/27,2026/09/10,2026-09,PUT,54500,42,,1,46.13,45.49,46,28,42,25,45.63,0,0,43,08/26 18:39
2026/08/26 18:53,2026-08-26T19:08:23+09:00,2026/08/27,2026/09/10,2026-09,CALL,54250,12195,,,,,,,,,,,,,
2026/08/26 18:53,2026-08-26T19:08:23+09:00,2026/08/27,2026/09/10,2026-09,PUT,54250,40,,,46.75,46.25,44,21,41,4,,,,,
2026/08/26 18:53,2026-08-26T19:08:23+09:00,2026/08/27,2026/09/10,2026-09,CALL,54000,12445,,,,,,,,,,,,,
2026/08/26 18:53,2026-08-26T19:08:23+09:00,2026/08/27,2026/09/10,2026-09,PUT,54000,38,,2,47.17,46.82,41,4,39,8,46.98,0,0,40,08/26 17:16
2026/08/26 18:53,2026-08-26T19:08:23+09:00,2026/08/27,2026/09/10,2026-09,CALL,53750,12695,,,,,,,,,,,,,
2026/08/26 18:53,2026-08-26T19:08:23+09:00,2026/08/27,2026/09/10,2026-09,PUT,53750,37,,,50.74,42.64,58,24,17,24,,,,,
2026/08/26 18:53,2026-08-26T19:08:23+09:00,2026/08/27,2026/09/10,2026-09,CALL,53500,12940,,,,,,,,,,,,,
2026/08/26 18:53,2026-08-26T19:08:23+09:00,2026/08/27,2026/09/10,2026-09,PUT,53500,35,,1,48.66,47.9,39,6,35,6,48.35,2,5.56,38,08/26 18:26
2026/08/26 18:53,2026-08-26T19:08:23+09:00,2026/08/27,2026/09/10,2026-09,CALL,53250,13190,,,,,,,,,,,,,
2026/08/26 18:53,2026-08-26T19:08:23+09:00,2026/08/27,2026/09/10,2026-09,PUT,53250,34,,,52.09,43.99,54,24,16,24,,,,,
2026/08/26 18:53,2026-08-26T19:08:23+09:00,2026/08/27,2026/09/10,2026-09,CALL,53000,13435,,,,,,,,,,,,,
2026/08/26 18:53,2026-08-26T19:08:23+09:00,2026/08/27,2026/09/10,2026-09,PUT,53000,32,,1,49.53,48.44,34,1,29,36,49.18,1,3.13,33,08/26 18:29
2026/08/26 18:53,2026-08-26T19:08:23+09:00,2026/08/27,2026/09/10,2026-09,CALL,52750,13685,,,,,,,,,,,,,
2026/08/26 18:53,2026-08-26T19:08:23+09:00,2026/08/27,2026/09/10,2026-09,PUT,52750,31,,,53.55,43.7,51,24,11,24,,,,,
2026/08/26 18:53,2026-08-26T19:08:23+09:00,2026/08/27,2026/09/10,2026-09,CALL,52500,13935,,,,,,,,,,,,,
2026/08/26 18:53,2026-08-26T19:08:23+09:00,2026/08/27,2026/09/10,2026-09,PUT,52500,31,,,52.18,49.25,38,33,25,33,,,,,
2026/08/26 18:53,2026-08-26T19:08:23+09:00,2026/08/27,2026/09/10,2026-09,CALL,52250,14185,,,,,,,,,,,,,
2026/08/26 18:53,2026-08-26T19:08:23+09:00,2026/08/27,2026/09/10,2026-09,PUT,52250,31,,,54.79,44.32,47,24,9,24,,,,,
2026/08/26 18:53,2026-08-26T19:08:23+09:00,2026/08/27,2026/09/10,2026-09,CALL,52000,14430,,,,,,,,,,,,,
2026/08/26 18:53,2026-08-26T19:08:23+09:00,2026/08/27,2026/09/10,2026-09,PUT,52000,28,,2,51.81,51.56,28,1,27,1,51.86,1,3.57,29,08/26 17:15
2026/08/26 18:53,2026-08-26T19:08:23+09:00,2026/08/27,2026/09/10,2026-09,CALL,51750,14680,,,,,,,,,,,,,
2026/08/26 18:53,2026-08-26T19:08:23+09:00,2026/08/27,2026/09/10,2026-09,PUT,51750,26,,,56.35,44.72,45,24,7,24,,,,,
2026/08/26 18:53,2026-08-26T19:08:23+09:00,2026/08/27,2026/09/10,2026-09,CALL,51500,14930,,,,,,,,,,,,,
2026/08/26 18:53,2026-08-26T19:08:23+09:00,2026/08/27,2026/09/10,2026-09,PUT,51500,25,,,54.6,50.67,32,33,18,33,,,,,
2026/08/26 18:53,2026-08-26T19:08:23+09:00,2026/08/27,2026/09/10,2026-09,CALL,51250,15180,,,,,,,,,,,,,
2026/08/26 18:53,2026-08-26T19:08:23+09:00,2026/08/27,2026/09/10,2026-09,PUT,51250,25,,,55.29,51.18,31,24,17,24,,,,,
2026/08/26 18:53,2026-08-26T19:08:23+09:00,2026/08/27,2026/09/10,2026-09,CALL,51000,15425,,,,,,,,,,,,,
2026/08/26 18:53,2026-08-26T19:08:23+09:00,2026/08/27,2026/09/10,2026-09,PUT,51000,24,,2,54.35,53.75,24,9,22,32,54.04,-1,-4.17,23,08/26 18:40
2026/08/26 18:53,2026-08-26T19:08:23+09:00,2026/08/27,2026/09/10,2026-09,CALL,50750,15675,,,,,,,,,,,,,
2026/08/26 18:53,2026-08-26T19:08:23+09:00,2026/08/27,2026/09/10,2026-09,PUT,50750,22,,,56.64,52.14,29,24,15,24,,,,,
2026/08/26 18:53,2026-08-26T19:08:23+09:00,2026/08/27,2026/09/10,2026-09,CALL,50500,15925,,,,,,,,,,,,,
2026/08/26 18:53,2026-08-26T19:08:23+09:00,2026/08/27,2026/09/10,2026-09,PUT,50500,21,,,56.16,54.18,24,33,18,33,,,,,
2026/08/26 18:53,2026-08-26T19:08:23+09:00,2026/08/27,2026/09/10,2026-09,CALL,50250,16175,,,,,,,,,,,,,
2026/08/26 18:53,2026-08-26T19:08:23+09:00,2026/08/27,2026/09/10,2026-09,PUT,50250,20,,,57.95,52.99,27,24,13,24,,,,,
2026/08/26 18:53,2026-08-26T19:08:23+09:00,2026/08/27,2026/09/10,2026-09,CALL,50000,16425,,,,,,,,,,,,,
2026/08/26 18:53,2026-08-26T19:08:23+09:00,2026/08/27,2026/09/10,2026-09,PUT,50000,20,,9,56.68,56.32,20,4,19,7,56.2,-1,-5,19,08/26 18:24
2026/08/26 18:53,2026-08-26T19:08:23+09:00,2026/08/27,2026/09/10,2026-09,CALL,49750,16670,,,,,,,,,,,,,
2026/08/26 18:53,2026-08-26T19:08:23+09:00,2026/08/27,2026/09/10,2026-09,PUT,49750,19,,,59.21,56.05,25,24,16,21,,,,,
2026/08/26 18:53,2026-08-26T19:08:23+09:00,2026/08/27,2026/09/10,2026-09,CALL,49500,16920,,,,,,,,,,,,,
2026/08/26 18:53,2026-08-26T19:08:23+09:00,2026/08/27,2026/09/10,2026-09,PUT,49500,18,,,59.18,56.5,22,33,15,33,,,,,
2026/08/26 18:53,2026-08-26T19:08:23+09:00,2026/08/27,2026/09/10,2026-09,CALL,49250,17170,,,,,,,,,,,,,
2026/08/26 18:53,2026-08-26T19:08:23+09:00,2026/08/27,2026/09/10,2026-09,PUT,49250,18,,,60.75,54.83,24,24,10,24,,,,,
2026/08/26 18:53,2026-08-26T19:08:23+09:00,2026/08/27,2026/09/10,2026-09,CALL,49000,17420,,,,,,,,,,,,,
2026/08/26 18:53,2026-08-26T19:08:23+09:00,2026/08/27,2026/09/10,2026-09,PUT,49000,17,,4,59.13,58.71,17,2,16,2,59.13,0,0,17,08/26 18:46
2026/08/26 18:53,2026-08-26T19:08:23+09:00,2026/08/27,2026/09/10,2026-09,CALL,48750,17670,,,,,,,,,,,,,
2026/08/26 18:53,2026-08-26T19:08:23+09:00,2026/08/27,2026/09/10,2026-09,PUT,48750,17,,,61.94,52.67,22,24,5,24,,,,,
2026/08/26 18:53,2026-08-26T19:08:23+09:00,2026/08/27,2026/09/10,2026-09,CALL,48500,17920,,,,,,,,,,,,,
2026/08/26 18:53,2026-08-26T19:08:23+09:00,2026/08/27,2026/09/10,2026-09,PUT,48500,17,,,62.14,55.29,20,33,7,33,,,,,
2026/08/26 18:53,2026-08-26T19:08:23+09:00,2026/08/27,2026/09/10,2026-09,CALL,48250,18170,,,,,,,,,,,,,
2026/08/26 18:53,2026-08-26T19:08:23+09:00,2026/08/27,2026/09/10,2026-09,PUT,48250,16,,,60.95,54.29,15,2,5,24,,,,,
2026/08/26 18:53,2026-08-26T19:08:23+09:00,2026/08/27,2026/09/10,2026-09,CALL,48000,18420,,,,,,,,,,,,,
2026/08/26 18:53,2026-08-26T19:08:23+09:00,2026/08/27,2026/09/10,2026-09,PUT,48000,15,,6,61.85,61.37,15,10,14,4,61.37,-1,-6.67,14,08/26 18:15
2026/08/26 18:53,2026-08-26T19:08:23+09:00,2026/08/27,2026/09/10,2026-09,CALL,47750,18665,,,,,,,,,,,,,
2026/08/26 18:53,2026-08-26T19:08:23+09:00,2026/08/27,2026/09/10,2026-09,PUT,47750,15,,,64.92,55.92,20,24,5,24,,,,,
2026/08/26 18:53,2026-08-26T19:08:23+09:00,2026/08/27,2026/09/10,2026-09,CALL,47500,18915,,,,,,,,,,,,,
2026/08/26 18:53,2026-08-26T19:08:23+09:00,2026/08/27,2026/09/10,2026-09,PUT,47500,14,,,64.6,61.5,17,33,11,6,,,,,
2026/08/26 18:53,2026-08-26T19:08:23+09:00,2026/08/27,2026/09/10,2026-09,CALL,47250,19165,,,,,,,,,,,,,
2026/08/26 18:53,2026-08-26T19:08:23+09:00,2026/08/27,2026/09/10,2026-09,PUT,47250,14,,,66.38,57.57,19,24,5,24,,,,,
2026/08/26 18:53,2026-08-26T19:08:23+09:00,2026/08/27,2026/09/10,2026-09,CALL,47000,19415,,,,,,,,,,,,,
2026/08/26 18:53,2026-08-26T19:08:23+09:00,2026/08/27,2026/09/10,2026-09,PUT,47000,13,,2,64.45,63.28,13,8,11,7,63.29,-2,-15.38,11,08/26 17:56
2026/08/26 18:53,2026-08-26T19:08:23+09:00,2026/08/27,2026/09/10,2026-09,CALL,46750,19665,,,,,,,,,,,,,
2026/08/26 18:53,2026-08-26T19:08:23+09:00,2026/08/27,2026/09/10,2026-09,PUT,46750,13,,,67.83,59.24,18,24,5,24,,,,,
2026/08/26 18:53,2026-08-26T19:08:23+09:00,2026/08/27,2026/09/10,2026-09,CALL,46500,19915,,,,,,,,,,,,,
2026/08/26 18:53,2026-08-26T19:08:23+09:00,2026/08/27,2026/09/10,2026-09,PUT,46500,12,,,67.34,63.7,15,33,9,6,,,,,
2026/08/26 18:53,2026-08-26T19:08:23+09:00,2026/08/27,2026/09/10,2026-09,CALL,46250,20165,,,,,,,,,,,,,
2026/08/26 18:53,2026-08-26T19:08:23+09:00,2026/08/27,2026/09/10,2026-09,PUT,46250,11,,,66.6,64.59,12,4,9,18,,,,,
2026/08/26 18:53,2026-08-26T19:08:23+09:00,2026/08/27,2026/09/10,2026-09,CALL,46000,20410,,,,,,,,,,,,,
2026/08/26 18:53,2026-08-26T19:08:23+09:00,2026/08/27,2026/09/10,2026-09,PUT,46000,11,,23,66.88,66.21,11,23,10,30,66.25,-1,-9.09,10,08/26 18:02
2026/08/26 18:53,2026-08-26T19:08:23+09:00,2026/08/27,2026/09/10,2026-09,CALL,45750,20665,,,,,,,,,,,,,
2026/08/26 18:53,2026-08-26T19:08:23+09:00,2026/08/27,2026/09/10,2026-09,PUT,45750,11,,,67.79,66.37,11,20,9,19,,,,,
2026/08/26 18:53,2026-08-26T19:08:23+09:00,2026/08/27,2026/09/10,2026-09,CALL,45500,20910,,,,,,,,,,,,,
2026/08/26 18:53,2026-08-26T19:08:23+09:00,2026/08/27,2026/09/10,2026-09,PUT,45500,11,,,68.02,66.46,10,15,8,42,,,,,
2026/08/26 18:53,2026-08-26T19:08:23+09:00,2026/08/27,2026/09/10,2026-09,CALL,45250,21160,,,,,,,,,,,,,
2026/08/26 18:53,2026-08-26T19:08:23+09:00,2026/08/27,2026/09/10,2026-09,PUT,45250,10,,,68.93,67.36,10,19,8,19,,,,,
2026/08/26 18:53,2026-08-26T19:08:23+09:00,2026/08/27,2026/09/10,2026-09,CALL,45000,21410,,,,,,,,,,,,,
2026/08/26 18:53,2026-08-26T19:08:23+09:00,2026/08/27,2026/09/10,2026-09,PUT,45000,9,,3,69.84,68.26,10,93,8,23,69.09,-1,-10,9,08/26 18:13
2026/08/26 18:53,2026-08-26T19:08:23+09:00,2026/08/27,2026/09/10,2026-09,CALL,44750,21660,,,,,,,,,,,,,
2026/08/26 18:53,2026-08-26T19:08:23+09:00,2026/08/27,2026/09/10,2026-09,PUT,44750,9,,,69.99,68.24,9,15,7,33,,,,,
2026/08/26 18:53,2026-08-26T19:08:23+09:00,2026/08/27,2026/09/10,2026-09,CALL,44500,21910,,,,,,,,,,,,,
2026/08/26 18:53,2026-08-26T19:08:23+09:00,2026/08/27,2026/09/10,2026-09,PUT,44500,9,,1,70.91,69.14,9,21,7,22,70.05,-4,-33.33,8,08/26 17:57
2026/08/26 18:53,2026-08-26T19:08:23+09:00,2026/08/27,2026/09/10,2026-09,CALL,44250,22160,,,,,,,,,,,,,
2026/08/26 18:53,2026-08-26T19:08:23+09:00,2026/08/27,2026/09/10,2026-09,PUT,44250,8,,1,71.83,70.04,9,19,7,19,70.96,,,8,08/26 17:57
2026/08/26 18:53,2026-08-26T19:08:23+09:00,2026/08/27,2026/09/10,2026-09,CALL,44000,22410,,,,,,,,,,,,,
2026/08/26 18:53,2026-08-26T19:08:23+09:00,2026/08/27,2026/09/10,2026-09,PUT,44000,8,,4,71.89,70.94,8,15,7,24,72.06,0,0,8,08/26 17:39
2026/08/26 18:53,2026-08-26T19:08:23+09:00,2026/08/27,2026/09/10,2026-09,CALL,43750,22660,,,,,,,,,,,,,
2026/08/26 18:53,2026-08-26T19:08:23+09:00,2026/08/27,2026/09/10,2026-09,PUT,43750,8,,,72.81,70.79,8,19,6,33,,,,,
2026/08/26 18:53,2026-08-26T19:08:23+09:00,2026/08/27,2026/09/10,2026-09,CALL,43500,22910,,,,,,,,,,,,,
2026/08/26 18:53,2026-08-26T19:08:23+09:00,2026/08/27,2026/09/10,2026-09,PUT,43500,8,,,73.74,71.69,8,21,6,21,,,,,
2026/08/26 18:53,2026-08-26T19:08:23+09:00,2026/08/27,2026/09/10,2026-09,CALL,43250,23160,,,,,,,,,,,,,
2026/08/26 18:53,2026-08-26T19:08:23+09:00,2026/08/27,2026/09/10,2026-09,PUT,43250,7,,,74.67,72.6,8,33,6,19,,,,,
2026/08/26 18:53,2026-08-26T19:08:23+09:00,2026/08/27,2026/09/10,2026-09,CALL,43000,23405,,,,,,,,,,,,,
2026/08/26 18:53,2026-08-26T19:08:23+09:00,2026/08/27,2026/09/10,2026-09,PUT,43000,7,,3,74.61,73.51,7,15,6,31,74.59,0,0,7,08/26 17:12
2026/08/26 18:53,2026-08-26T19:08:23+09:00,2026/08/27,2026/09/10,2026-09,CALL,42750,23655,,,,,,,,,,,,,
2026/08/26 18:53,2026-08-26T19:08:23+09:00,2026/08/27,2026/09/10,2026-09,PUT,42750,7,,,75.54,73.16,7,19,5,33,,,,,
2026/08/26 18:53,2026-08-26T19:08:23+09:00,2026/08/27,2026/09/10,2026-09,CALL,42500,23905,,,,,,,,,,,,,
2026/08/26 18:53,2026-08-26T19:08:23+09:00,2026/08/27,2026/09/10,2026-09,PUT,42500,7,,,76.47,74.07,7,21,5,42,,,,,
2026/08/26 18:53,2026-08-26T19:08:23+09:00,2026/08/27,2026/09/10,2026-09,CALL,42250,24155,,,,,,,,,,,,,
2026/08/26 18:53,2026-08-26T19:08:23+09:00,2026/08/27,2026/09/10,2026-09,PUT,42250,6,,,77.41,74.98,7,33,5,19,,,,,
2026/08/26 18:53,2026-08-26T19:08:23+09:00,2026/08/27,2026/09/10,2026-09,CALL,42000,24405,,,,,,,,,,,,,
2026/08/26 18:53,2026-08-26T19:08:23+09:00,2026/08/27,2026/09/10,2026-09,PUT,42000,6,,2,77.2,75.9,6,16,5,23,75.94,-1,-16.67,5,08/26 18:04
2026/08/26 18:53,2026-08-26T19:08:23+09:00,2026/08/27,2026/09/10,2026-09,CALL,41750,24655,,,,,,,,,,,,,
2026/08/26 18:53,2026-08-26T19:08:23+09:00,2026/08/27,2026/09/10,2026-09,PUT,41750,6,,,78.14,75.28,6,19,4,33,,,,,
2026/08/26 18:53,2026-08-26T19:08:23+09:00,2026/08/27,2026/09/10,2026-09,CALL,41500,24905,,,,,,,,,,,,,
2026/08/26 18:53,2026-08-26T19:08:23+09:00,2026/08/27,2026/09/10,2026-09,PUT,41500,6,,,79.08,76.19,6,21,4,42,,,,,
2026/08/26 18:53,2026-08-26T19:08:23+09:00,2026/08/27,2026/09/10,2026-09,CALL,41250,25155,,,,,,,,,,,,,
2026/08/26 18:53,2026-08-26T19:08:23+09:00,2026/08/27,2026/09/10,2026-09,PUT,41250,6,,,80.03,77.11,6,33,4,33,,,,,
2026/08/26 18:53,2026-08-26T19:08:23+09:00,2026/08/27,2026/09/10,2026-09,CALL,41000,25405,,,,,,,,,,,,,
2026/08/26 18:53,2026-08-26T19:08:23+09:00,2026/08/27,2026/09/10,2026-09,PUT,41000,6,,2,80.98,79.62,6,66,5,11,80.94,1,20,6,08/26 18:17
2026/08/26 18:53,2026-08-26T19:08:23+09:00,2026/08/27,2026/09/10,2026-09,CALL,40750,25655,,,,,,,,,,,,,
2026/08/26 18:53,2026-08-26T19:08:23+09:00,2026/08/27,2026/09/10,2026-09,PUT,40750,6,,,81.94,78.95,6,33,4,19,,,,,
2026/08/26 18:53,2026-08-26T19:08:23+09:00,2026/08/27,2026/09/10,2026-09,CALL,40500,25905,,,,,,,,,,,,,
2026/08/26 18:53,2026-08-26T19:08:23+09:00,2026/08/27,2026/09/10,2026-09,PUT,40500,5,,,82.9,79.89,6,42,4,15,,,,,
2026/08/26 18:53,2026-08-26T19:08:23+09:00,2026/08/27,2026/09/10,2026-09,CALL,40250,26155,,,,,,,,,,,,,
2026/08/26 18:53,2026-08-26T19:08:23+09:00,2026/08/27,2026/09/10,2026-09,PUT,40250,5,,,82.47,80.82,5,19,4,15,,,,,
2026/08/26 18:53,2026-08-26T19:08:23+09:00,2026/08/27,2026/09/10,2026-09,CALL,40000,26405,,,,,,,,,,,,,
2026/08/26 18:53,2026-08-26T19:08:23+09:00,2026/08/27,2026/09/10,2026-09,PUT,40000,5,,,83.43,81.77,5,83,4,27,,,,,
2026/08/26 18:53,2026-08-26T19:08:23+09:00,2026/08/27,2026/09/10,2026-09,CALL,39750,26655,,,,,,,,,,,,,
2026/08/26 18:53,2026-08-26T19:08:23+09:00,2026/08/27,2026/09/10,2026-09,PUT,39750,5,,,84.39,80.68,5,33,3,33,,,,,
2026/08/26 18:53,2026-08-26T19:08:23+09:00,2026/08/27,2026/09/10,2026-09,CALL,39500,26905,,,,,,,,,,,,,
2026/08/26 18:53,2026-08-26T19:08:23+09:00,2026/08/27,2026/09/10,2026-09,PUT,39500,5,,,85.36,81.61,5,42,3,42,,,,,
2026/08/26 18:53,2026-08-26T19:08:23+09:00,2026/08/27,2026/09/10,2026-09,CALL,39250,27155,,,,,,,,,,,,,
2026/08/26 18:53,2026-08-26T19:08:23+09:00,2026/08/27,2026/09/10,2026-09,PUT,39250,4,,,86.34,82.55,5,33,3,19,,,,,
2026/08/26 18:53,2026-08-26T19:08:23+09:00,2026/08/27,2026/09/10,2026-09,CALL,39000,27400,,,,,,,,,,,,,
2026/08/26 18:53,2026-08-26T19:08:23+09:00,2026/08/27,2026/09/10,2026-09,PUT,39000,4,,,85.59,83.49,4,17,3,34,,,,,
2026/08/26 18:53,2026-08-26T19:08:23+09:00,2026/08/27,2026/09/10,2026-09,CALL,38750,27650,,,,,,,,,,,,,
2026/08/26 18:53,2026-08-26T19:08:23+09:00,2026/08/27,2026/09/10,2026-09,PUT,38750,4,,,88.31,84.44,5,33,3,15,,,,,
2026/08/26 18:53,2026-08-26T19:08:23+09:00,2026/08/27,2026/09/10,2026-09,CALL,38500,27900,,,,,,,,,,,,,
2026/08/26 18:53,2026-08-26T19:08:23+09:00,2026/08/27,2026/09/10,2026-09,PUT,38500,4,,,89.31,85.4,5,43,3,15,,,,,
2026/08/26 18:53,2026-08-26T19:08:23+09:00,2026/08/27,2026/09/10,2026-09,CALL,38250,28150,,,,,,,,,,,,,
2026/08/26 18:53,2026-08-26T19:08:23+09:00,2026/08/27,2026/09/10,2026-09,PUT,38250,4,,,88.53,86.36,4,33,3,15,,,,,
2026/08/26 18:53,2026-08-26T19:08:23+09:00,2026/08/27,2026/09/10,2026-09,CALL,38000,28400,,,,,,,,,,,,,
2026/08/26 18:53,2026-08-26T19:08:23+09:00,2026/08/27,2026/09/10,2026-09,PUT,38000,4,,15,89.52,87.33,4,66,3,11,87.57,-1,-25,3,08/26 17:44
2026/08/26 18:53,2026-08-26T19:08:23+09:00,2026/08/27,2026/09/10,2026-09,CALL,37750,28650,,,,,,,,,,,,,
2026/08/26 18:53,2026-08-26T19:08:23+09:00,2026/08/27,2026/09/10,2026-09,PUT,37750,4,,2,90.51,85.41,4,15,2,34,88.27,,,3,08/26 18:34
2026/08/26 18:53,2026-08-26T19:08:23+09:00,2026/08/27,2026/09/10,2026-09,CALL,37500,28900,,,,,,,,,,,,,
2026/08/26 18:53,2026-08-26T19:08:23+09:00,2026/08/27,2026/09/10,2026-09,PUT,37500,4,,,89.28,86.37,3,3,2,49,,,,,
2026/08/26 18:53,2026-08-26T19:08:23+09:00,2026/08/27,2026/09/10,2026-09,CALL,37250,29150,,,,,,,,,,,,,
2026/08/26 18:53,2026-08-26T19:08:23+09:00,2026/08/27,2026/09/10,2026-09,PUT,37250,4,,,90.27,87.32,3,2,2,33,,,,,
2026/08/26 18:53,2026-08-26T19:08:23+09:00,2026/08/27,2026/09/10,2026-09,CALL,37000,29400,,,,,,,,,,,,,
2026/08/26 18:53,2026-08-26T19:08:23+09:00,2026/08/27,2026/09/10,2026-09,PUT,37000,4,,,91.26,88.29,3,4,2,48,,,,,
2026/08/26 18:53,2026-08-26T19:08:23+09:00,2026/08/27,2026/09/10,2026-09,CALL,36750,29650,,,,,,,,,,,,,
2026/08/26 18:53,2026-08-26T19:08:23+09:00,2026/08/27,2026/09/10,2026-09,PUT,36750,4,,,94.56,89.26,4,18,2,4,,,,,
2026/08/26 18:53,2026-08-26T19:08:23+09:00,2026/08/27,2026/09/10,2026-09,CALL,36500,29900,,,,,,,,,,,,,
2026/08/26 18:53,2026-08-26T19:08:23+09:00,2026/08/27,2026/09/10,2026-09,PUT,36500,3,,,93.27,90.23,3,8,2,6,,,,,
2026/08/26 18:53,2026-08-26T19:08:23+09:00,2026/08/27,2026/09/10,2026-09,CALL,36250,30150,,,,,,,,,,,,,
2026/08/26 18:53,2026-08-26T19:08:23+09:00,2026/08/27,2026/09/10,2026-09,PUT,36250,3,,,94.28,91.21,3,6,2,2,,,,,
2026/08/26 18:53,2026-08-26T19:08:23+09:00,2026/08/27,2026/09/10,2026-09,CALL,36000,30400,,,,,,,,,,,,,
2026/08/26 18:53,2026-08-26T19:08:23+09:00,2026/08/27,2026/09/10,2026-09,PUT,36000,3,,,95.3,92.2,3,9,2,18,,,,,
2026/08/26 18:53,2026-08-26T19:08:23+09:00,2026/08/27,2026/09/10,2026-09,CALL,35750,30650,,,,,,,,,,,,,
2026/08/26 18:53,2026-08-26T19:08:23+09:00,2026/08/27,2026/09/10,2026-09,PUT,35750,3,,,107.48,88.43,10,14,1,28,,,,,
2026/08/26 18:53,2026-08-26T19:08:23+09:00,2026/08/27,2026/09/10,2026-09,CALL,35500,30900,,,,,,,,,,,,,
2026/08/26 18:53,2026-08-26T19:08:23+09:00,2026/08/27,2026/09/10,2026-09,PUT,35500,3,,,108.62,94.2,10,21,2,9,,,,,
2026/08/26 18:53,2026-08-26T19:08:23+09:00,2026/08/27,2026/09/10,2026-09,CALL,35250,31150,,,,,,,,,,,,,
2026/08/26 18:53,2026-08-26T19:08:23+09:00,2026/08/27,2026/09/10,2026-09,PUT,35250,3,,,109.76,90.34,10,14,1,28,,,,,
2026/08/26 18:53,2026-08-26T19:08:23+09:00,2026/08/27,2026/09/10,2026-09,CALL,35000,31400,,,,,,,,,,,,,
2026/08/26 18:53,2026-08-26T19:08:23+09:00,2026/08/27,2026/09/10,2026-09,PUT,35000,3,,,99.44,96.22,3,50,2,67,,,,,
2026/08/26 18:53,2026-08-26T19:08:23+09:00,2026/08/27,2026/09/10,2026-09,CALL,34750,31650,,,,,,,,,,,,,
2026/08/26 18:53,2026-08-26T19:08:23+09:00,2026/08/27,2026/09/10,2026-09,PUT,34750,3,,,112.08,92.29,10,14,1,28,,,,,
2026/08/26 18:53,2026-08-26T19:08:23+09:00,2026/08/27,2026/09/10,2026-09,CALL,34500,31900,,,,,,,,,,,,,
2026/08/26 18:53,2026-08-26T19:08:23+09:00,2026/08/27,2026/09/10,2026-09,PUT,34500,2,,,112.09,93.27,9,21,1,49,,,,,
2026/08/26 18:53,2026-08-26T19:08:23+09:00,2026/08/27,2026/09/10,2026-09,CALL,34250,32150,,,,,,,,,,,,,
2026/08/26 18:53,2026-08-26T19:08:23+09:00,2026/08/27,2026/09/10,2026-09,PUT,34250,2,,,113.26,99.32,9,14,2,3,,,,,
2026/08/26 18:53,2026-08-26T19:08:23+09:00,2026/08/27,2026/09/10,2026-09,CALL,34000,32395,,,,,,,,,,,,,
2026/08/26 18:53,2026-08-26T19:08:23+09:00,2026/08/27,2026/09/10,2026-09,PUT,34000,2,,,103.7,100.36,3,11,2,11,,,,,
2026/08/26 18:53,2026-08-26T19:08:23+09:00,2026/08/27,2026/09/10,2026-09,CALL,33750,32645,,,,,,,,,,,,,
2026/08/26 18:53,2026-08-26T19:08:23+09:00,2026/08/27,2026/09/10,2026-09,PUT,33750,2,,,115.62,96.26,9,14,1,28,,,,,
2026/08/26 18:53,2026-08-26T19:08:23+09:00,2026/08/27,2026/09/10,2026-09,CALL,33500,32895,,,,,,,,,,,,,
2026/08/26 18:53,2026-08-26T19:08:23+09:00,2026/08/27,2026/09/10,2026-09,PUT,33500,2,,,116.81,97.27,9,21,1,37,,,,,
2026/08/26 18:53,2026-08-26T19:08:23+09:00,2026/08/27,2026/09/10,2026-09,CALL,33250,33145,,,,,,,,,,,,,
2026/08/26 18:53,2026-08-26T19:08:23+09:00,2026/08/27,2026/09/10,2026-09,PUT,33250,1,,,118.02,98.29,9,14,1,14,,,,,
2026/08/26 18:53,2026-08-26T19:08:23+09:00,2026/08/27,2026/09/10,2026-09,CALL,33000,33395,,,,,,,,,,,,,
2026/08/26 18:53,2026-08-26T19:08:23+09:00,2026/08/27,2026/09/10,2026-09,PUT,33000,2,,37,104.62,99.31,2,40,1,209,104.61,0,0,2,08/26 17:57
2026/08/26 18:53,2026-08-26T19:08:23+09:00,2026/08/27,2026/09/10,2026-09,CALL,32750,33645,,,,,,,,,,,,,
2026/08/26 18:53,2026-08-26T19:08:23+09:00,2026/08/27,2026/09/10,2026-09,PUT,32750,1,,,120.45,,9,14,,,,,,,
2026/08/26 18:53,2026-08-26T19:08:23+09:00,2026/08/27,2026/09/10,2026-09,CALL,32500,33895,,,,,,,,,,,,,
2026/08/26 18:53,2026-08-26T19:08:23+09:00,2026/08/27,2026/09/10,2026-09,PUT,32500,1,,,121.68,101.38,9,21,1,23,,,,,
2026/08/26 18:53,2026-08-26T19:08:23+09:00,2026/08/27,2026/09/10,2026-09,CALL,32250,34145,,,,,,,,,,,,,
2026/08/26 18:53,2026-08-26T19:08:23+09:00,2026/08/27,2026/09/10,2026-09,PUT,32250,1,,,122.91,102.43,9,14,1,1,,,,,
2026/08/26 18:53,2026-08-26T19:08:23+09:00,2026/08/27,2026/09/10,2026-09,CALL,32000,34395,,,,,,,,,,,,,
2026/08/26 18:53,2026-08-26T19:08:23+09:00,2026/08/27,2026/09/10,2026-09,PUT,32000,1,,1,109,103.49,2,49,1,67,109.1,0,0,2,08/26 17:32
2026/08/26 18:53,2026-08-26T19:08:23+09:00,2026/08/27,2026/09/10,2026-09,CALL,31750,34645,,,,,,,,,,,,,
2026/08/26 18:53,2026-08-26T19:08:23+09:00,2026/08/27,2026/09/10,2026-09,PUT,31750,1,,,125.42,,9,14,,,,,,,
2026/08/26 18:53,2026-08-26T19:08:23+09:00,2026/08/27,2026/09/10,2026-09,CALL,31500,34895,,,,,,,,,,,,,
2026/08/26 18:53,2026-08-26T19:08:23+09:00,2026/08/27,2026/09/10,2026-09,PUT,31500,1,,,111.24,105.63,2,8,1,5,,,,,
2026/08/26 18:53,2026-08-26T19:08:23+09:00,2026/08/27,2026/09/10,2026-09,CALL,31250,35145,,,,,,,,,,,,,
2026/08/26 18:53,2026-08-26T19:08:23+09:00,2026/08/27,2026/09/10,2026-09,PUT,31250,1,,,127.96,,9,14,,,,,,,
2026/08/26 18:53,2026-08-26T19:08:23+09:00,2026/08/27,2026/09/10,2026-09,CALL,31000,35395,,,,,,,,,,,,,
2026/08/26 18:53,2026-08-26T19:08:23+09:00,2026/08/27,2026/09/10,2026-09,PUT,31000,1,,2,113.52,107.8,2,8,1,104,113.51,0,0,2,08/26 17:57
2026/08/26 18:53,2026-08-26T19:08:23+09:00,2026/08/27,2026/09/10,2026-09,CALL,30750,35645,,,,,,,,,,,,,
2026/08/26 18:53,2026-08-26T19:08:23+09:00,2026/08/27,2026/09/10,2026-09,PUT,30750,1,,,123.7,,5,4,,,,,,,
2026/08/26 18:53,2026-08-26T19:08:23+09:00,2026/08/27,2026/09/10,2026-09,CALL,30500,35895,,,,,,,,,,,,,
2026/08/26 18:53,2026-08-26T19:08:23+09:00,2026/08/27,2026/09/10,2026-09,PUT,30500,1,,,130.39,,8,21,,,,,,,
2026/08/26 18:53,2026-08-26T19:08:23+09:00,2026/08/27,2026/09/10,2026-09,CALL,30250,36145,,,,,,,,,,,,,
2026/08/26 18:53,2026-08-26T19:08:23+09:00,2026/08/27,2026/09/10,2026-09,PUT,30250,1,,,117.01,,2,1,,,,,,,
2026/08/26 18:53,2026-08-26T19:08:23+09:00,2026/08/27,2026/09/10,2026-09,CALL,30000,36395,,,,,,,,,,,,,
2026/08/26 18:53,2026-08-26T19:08:23+09:00,2026/08/27,2026/09/10,2026-09,PUT,30000,1,,,118.19,112.25,2,66,1,92,,,,,
2026/08/26 18:53,2026-08-26T19:08:23+09:00,2026/08/27,2026/09/10,2026-09,CALL,29750,36645,,,,,,,,,,,,,
2026/08/26 18:53,2026-08-26T19:08:23+09:00,2026/08/27,2026/09/10,2026-09,PUT,29750,1,,,134.34,,8,14,,,,,,,
2026/08/26 18:53,2026-08-26T19:08:23+09:00,2026/08/27,2026/09/10,2026-09,CALL,29500,36895,,,,,,,,,,,,,
2026/08/26 18:53,2026-08-26T19:08:23+09:00,2026/08/27,2026/09/10,2026-09,PUT,29500,1,,5,120.58,,2,32,,,114.61,,,1,08/26 17:35
2026/08/26 18:53,2026-08-26T19:08:23+09:00,2026/08/27,2026/09/10,2026-09,CALL,29250,37145,,,,,,,,,,,,,
2026/08/26 18:53,2026-08-26T19:08:23+09:00,2026/08/27,2026/09/10,2026-09,PUT,29250,1,,,121.79,,2,22,,,,,,,
2026/08/26 18:53,2026-08-26T19:08:23+09:00,2026/08/27,2026/09/10,2026-09,CALL,29000,37395,,,,,,,,,,,,,
2026/08/26 18:53,2026-08-26T19:08:23+09:00,2026/08/27,2026/09/10,2026-09,PUT,29000,1,,2,116.85,,1,3,,,116.97,0,0,1,08/26 17:33
2026/08/26 18:53,2026-08-26T19:08:23+09:00,2026/08/27,2026/10/08,2026-10,CALL,90000,4,,1,30.62,29.85,4,16,3,3,29.74,0,0,3,08/26 17:38
2026/08/26 18:53,2026-08-26T19:08:23+09:00,2026/08/27,2026/10/08,2026-10,PUT,90000,23940,,,,,,,,,,,,,
2026/08/26 18:53,2026-08-26T19:08:23+09:00,2026/08/27,2026/10/08,2026-10,CALL,87500,6,,,29.21,28.71,6,2,5,2,,,,,
2026/08/26 18:53,2026-08-26T19:08:23+09:00,2026/08/27,2026/10/08,2026-10,PUT,87500,21450,,,,,,,,,,,,,
2026/08/26 18:53,2026-08-26T19:08:23+09:00,2026/08/27,2026/10/08,2026-10,CALL,85000,10,,,28.77,26.53,13,1,6,1,,,,,
2026/08/26 18:53,2026-08-26T19:08:23+09:00,2026/08/27,2026/10/08,2026-10,PUT,85000,18955,,,,,,,,,,,,,
2026/08/26 18:53,2026-08-26T19:08:23+09:00,2026/08/27,2026/10/08,2026-10,CALL,84500,13,,,37.49,22.23,105,6,1,26,,,,,
2026/08/26 18:53,2026-08-26T19:08:23+09:00,2026/08/27,2026/10/08,2026-10,PUT,84500,18460,,,,,,,,,,,,,
2026/08/26 18:53,2026-08-26T19:08:23+09:00,2026/08/27,2026/10/08,2026-10,CALL,84000,14,,,28.26,24.46,16,1,4,12,,,,,
2026/08/26 18:53,2026-08-26T19:08:23+09:00,2026/08/27,2026/10/08,2026-10,PUT,84000,17960,,,,,,,,,,,,,
2026/08/26 18:53,2026-08-26T19:08:23+09:00,2026/08/27,2026/10/08,2026-10,CALL,83500,18,,,36.25,21.25,109,6,1,26,,,,,
2026/08/26 18:53,2026-08-26T19:08:23+09:00,2026/08/27,2026/10/08,2026-10,PUT,83500,17465,,,,,,,,,,,,,
2026/08/26 18:53,2026-08-26T19:08:23+09:00,2026/08/27,2026/10/08,2026-10,CALL,83000,19,,,27.77,25.91,20,1,11,7,,,,,
2026/08/26 18:53,2026-08-26T19:08:23+09:00,2026/08/27,2026/10/08,2026-10,PUT,83000,16965,,,,,,,,,,,,,
2026/08/26 18:53,2026-08-26T19:08:23+09:00,2026/08/27,2026/10/08,2026-10,CALL,82500,22,,,36.81,26.01,150,7,14,7,,,,,
2026/08/26 18:53,2026-08-26T19:08:23+09:00,2026/08/27,2026/10/08,2026-10,PUT,82500,16470,,,,,,,,,,,,,
2026/08/26 18:53,2026-08-26T19:08:23+09:00,2026/08/27,2026/10/08,2026-10,CALL,82000,25,,,31.21,26.34,65,7,19,2,,,,,
2026/08/26 18:53,2026-08-26T19:08:23+09:00,2026/08/27,2026/10/08,2026-10,PUT,82000,15975,,,,,,,,,,,,,
2026/08/26 18:53,2026-08-26T19:08:23+09:00,2026/08/27,2026/10/08,2026-10,CALL,81500,35,,,30.11,25.35,60,6,17,6,,,,,
2026/08/26 18:53,2026-08-26T19:08:23+09:00,2026/08/27,2026/10/08,2026-10,PUT,81500,15485,,,,,,,,,,,,,
2026/08/26 18:53,2026-08-26T19:08:23+09:00,2026/08/27,2026/10/08,2026-10,CALL,81000,36,,,27.76,26.33,41,40,28,34,,,,,
2026/08/26 18:53,2026-08-26T19:08:23+09:00,2026/08/27,2026/10/08,2026-10,PUT,81000,14985,,,,,,,,,,,,,
2026/08/26 18:53,2026-08-26T19:08:23+09:00,2026/08/27,2026/10/08,2026-10,CALL,80500,41,,,27.33,26.56,44,6,36,6,,,,,
2026/08/26 18:53,2026-08-26T19:08:23+09:00,2026/08/27,2026/10/08,2026-10,PUT,80500,14495,,,,,,,,,,,,,
2026/08/26 18:53,2026-08-26T19:08:23+09:00,2026/08/27,2026/10/08,2026-10,CALL,80000,47,,,27.05,26.34,49,8,41,12,,,,,
2026/08/26 18:53,2026-08-26T19:08:23+09:00,2026/08/27,2026/10/08,2026-10,PUT,80000,14000,,,,,,,,,,,,,
2026/08/26 18:53,2026-08-26T19:08:23+09:00,2026/08/27,2026/10/08,2026-10,CALL,79500,56,,,26.94,26.23,57,6,48,10,,,,,
2026/08/26 18:53,2026-08-26T19:08:23+09:00,2026/08/27,2026/10/08,2026-10,PUT,79500,13510,,,,,,,,,,,,,
2026/08/26 18:53,2026-08-26T19:08:23+09:00,2026/08/27,2026/10/08,2026-10,CALL,79000,67,,1,26.74,26.18,65,8,57,12,26.44,8,14.55,63,08/26 17:39
2026/08/26 18:53,2026-08-26T19:08:23+09:00,2026/08/27,2026/10/08,2026-10,PUT,79000,13020,,,,,,,,,,,,,
2026/08/26 18:53,2026-08-26T19:08:23+09:00,2026/08/27,2026/10/08,2026-10,CALL,78500,77,,,26.53,26.16,74,6,68,9,,,,,
2026/08/26 18:53,2026-08-26T19:08:23+09:00,2026/08/27,2026/10/08,2026-10,PUT,78500,12530,,,,,,,,,,,,,
2026/08/26 18:53,2026-08-26T19:08:23+09:00,2026/08/27,2026/10/08,2026-10,CALL,78000,90,,1,26.58,26.14,89,30,81,8,26.32,-2,-2.22,88,08/26 17:40
2026/08/26 18:53,2026-08-26T19:08:23+09:00,2026/08/27,2026/10/08,2026-10,PUT,78000,12045,,,,,,,,,,,,,
2026/08/26 18:53,2026-08-26T19:08:23+09:00,2026/08/27,2026/10/08,2026-10,CALL,77500,105,,,26.45,26.11,103,7,96,8,,,,,
2026/08/26 18:53,2026-08-26T19:08:23+09:00,2026/08/27,2026/10/08,2026-10,PUT,77500,11565,,,,,,,,,,,,,
2026/08/26 18:53,2026-08-26T19:08:23+09:00,2026/08/27,2026/10/08,2026-10,CALL,77000,118,,1,26.41,26.06,121,30,113,10,26.22,-1,-0.85,117,08/26 17:05
2026/08/26 18:53,2026-08-26T19:08:23+09:00,2026/08/27,2026/10/08,2026-10,PUT,77000,11085,,,,,,,,,,,,,
2026/08/26 18:53,2026-08-26T19:08:23+09:00,2026/08/27,2026/10/08,2026-10,CALL,76500,144,,,26.29,26.02,140,8,133,8,,,,,
2026/08/26 18:53,2026-08-26T19:08:23+09:00,2026/08/27,2026/10/08,2026-10,PUT,76500,10605,,,,,,,,,,,,,
2026/08/26 18:53,2026-08-26T19:08:23+09:00,2026/08/27,2026/10/08,2026-10,CALL,76250,155,,,26.32,25.99,153,5,144,5,,,,,
2026/08/26 18:53,2026-08-26T19:08:23+09:00,2026/08/27,2026/10/08,2026-10,PUT,76250,10370,,,,,,,,,,,,,
2026/08/26 18:53,2026-08-26T19:08:23+09:00,2026/08/27,2026/10/08,2026-10,CALL,76000,167,,,26.28,26,165,8,157,8,,,,,
2026/08/26 18:53,2026-08-26T19:08:23+09:00,2026/08/27,2026/10/08,2026-10,PUT,76000,10130,,,,,,,,,,,,,
2026/08/26 18:53,2026-08-26T19:08:23+09:00,2026/08/27,2026/10/08,2026-10,CALL,75750,183,,,26.25,25.98,178,5,170,5,,,,,
2026/08/26 18:53,2026-08-26T19:08:23+09:00,2026/08/27,2026/10/08,2026-10,PUT,75750,9895,,,,,,,,,,,,,
2026/08/26 18:53,2026-08-26T19:08:23+09:00,2026/08/27,2026/10/08,2026-10,CALL,75500,197,,,26.24,25.96,193,6,184,6,,,,,
2026/08/26 18:53,2026-08-26T19:08:23+09:00,2026/08/27,2026/10/08,2026-10,PUT,75500,9660,,,,,,,,,,,,,
2026/08/26 18:53,2026-08-26T19:08:23+09:00,2026/08/27,2026/10/08,2026-10,CALL,75250,214,,,26.3,25.94,211,5,199,5,,,,,
2026/08/26 18:53,2026-08-26T19:08:23+09:00,2026/08/27,2026/10/08,2026-10,PUT,75250,9430,,,,,,,,,,,,,
2026/08/26 18:53,2026-08-26T19:08:23+09:00,2026/08/27,2026/10/08,2026-10,CALL,75000,228,,1,26.28,26.03,228,8,219,8,26.15,-8,-3.51,220,08/26 17:00
2026/08/26 18:53,2026-08-26T19:08:23+09:00,2026/08/27,2026/10/08,2026-10,PUT,75000,9195,,,,,,,,,,,,,
2026/08/26 18:53,2026-08-26T19:08:23+09:00,2026/08/27,2026/10/08,2026-10,CALL,74750,247,,,26.21,25.94,244,5,234,5,,,,,
2026/08/26 18:53,2026-08-26T19:08:23+09:00,2026/08/27,2026/10/08,2026-10,PUT,74750,8965,,,,,,,,,,,,,
2026/08/26 18:53,2026-08-26T19:08:23+09:00,2026/08/27,2026/10/08,2026-10,CALL,74500,268,,,26.24,25.93,265,6,253,6,,,,,
2026/08/26 18:53,2026-08-26T19:08:23+09:00,2026/08/27,2026/10/08,2026-10,PUT,74500,8740,,,,,,,,,,,,,
2026/08/26 18:53,2026-08-26T19:08:23+09:00,2026/08/27,2026/10/08,2026-10,CALL,74250,291,,,26.26,25.96,287,5,275,5,,,,,
2026/08/26 18:53,2026-08-26T19:08:23+09:00,2026/08/27,2026/10/08,2026-10,PUT,74250,8510,,,,,,,,,,,,,
2026/08/26 18:53,2026-08-26T19:08:23+09:00,2026/08/27,2026/10/08,2026-10,CALL,74000,305,,1,26.14,26.03,305,2,300,2,26,-5,-1.64,300,08/26 18:37
2026/08/26 18:53,2026-08-26T19:08:23+09:00,2026/08/27,2026/10/08,2026-10,PUT,74000,8285,,,,,,,,,,,,,
2026/08/26 18:53,2026-08-26T19:08:23+09:00,2026/08/27,2026/10/08,2026-10,CALL,73750,335,,,26.27,25.94,335,14,320,2,,,,,
2026/08/26 18:53,2026-08-26T19:08:23+09:00,2026/08/27,2026/10/08,2026-10,PUT,73750,8060,,,,,,,,,,,,,
2026/08/26 18:53,2026-08-26T19:08:23+09:00,2026/08/27,2026/10/08,2026-10,CALL,73500,360,,,26.25,25.93,360,6,345,2,,,,,
2026/08/26 18:53,2026-08-26T19:08:23+09:00,2026/08/27,2026/10/08,2026-10,PUT,73500,7835,,,,,,,,,,,,,
2026/08/26 18:53,2026-08-26T19:08:23+09:00,2026/08/27,2026/10/08,2026-10,CALL,73250,395,,,26.19,25.99,385,2,375,5,,,,,
2026/08/26 18:53,2026-08-26T19:08:23+09:00,2026/08/27,2026/10/08,2026-10,PUT,73250,7615,,,,,,,,,,,,,
2026/08/26 18:53,2026-08-26T19:08:23+09:00,2026/08/27,2026/10/08,2026-10,CALL,73000,420,,,26.2,26.01,415,6,405,2,,,,,
2026/08/26 18:53,2026-08-26T19:08:23+09:00,2026/08/27,2026/10/08,2026-10,PUT,73000,7395,,,,,,,,,,,,,
2026/08/26 18:53,2026-08-26T19:08:23+09:00,2026/08/27,2026/10/08,2026-10,CALL,72750,450,,,26.18,25.99,445,2,435,4,,,,,
2026/08/26 18:53,2026-08-26T19:08:23+09:00,2026/08/27,2026/10/08,2026-10,PUT,72750,7175,,,,,,,,,,,,,
2026/08/26 18:53,2026-08-26T19:08:23+09:00,2026/08/27,2026/10/08,2026-10,CALL,72500,490,,,26.21,25.93,480,5,465,17,,,,,
2026/08/26 18:53,2026-08-26T19:08:23+09:00,2026/08/27,2026/10/08,2026-10,PUT,72500,6965,,,,,,,,,,,,,
2026/08/26 18:53,2026-08-26T19:08:23+09:00,2026/08/27,2026/10/08,2026-10,CALL,72250,515,,,26.2,26.02,515,2,505,4,,,,,
2026/08/26 18:53,2026-08-26T19:08:23+09:00,2026/08/27,2026/10/08,2026-10,PUT,72250,6750,,,,,,,,,,,,,
2026/08/26 18:53,2026-08-26T19:08:23+09:00,2026/08/27,2026/10/08,2026-10,CALL,72125,545,,,27.06,24.91,585,25,460,25,,,,,
2026/08/26 18:53,2026-08-26T19:08:23+09:00,2026/08/27,2026/10/08,2026-10,PUT,72125,6635,,,,,,,,,,,,,
2026/08/26 18:53,2026-08-26T19:08:23+09:00,2026/08/27,2026/10/08,2026-10,CALL,72000,565,,,26.24,25.98,555,6,540,6,,,,,
2026/08/26 18:53,2026-08-26T19:08:23+09:00,2026/08/27,2026/10/08,2026-10,PUT,72000,6540,,,,,,,,,,,,,
2026/08/26 18:53,2026-08-26T19:08:23+09:00,2026/08/27,2026/10/08,2026-10,CALL,71875,585,,,27.05,25.41,625,25,525,10,,,,,
2026/08/26 18:53,2026-08-26T19:08:23+09:00,2026/08/27,2026/10/08,2026-10,PUT,71875,6425,,,,,,,,,,,,,
2026/08/26 18:53,2026-08-26T19:08:23+09:00,2026/08/27,2026/10/08,2026-10,CALL,71750,600,,,26.24,25.91,595,4,575,12,,,,,
2026/08/26 18:53,2026-08-26T19:08:23+09:00,2026/08/27,2026/10/08,2026-10,PUT,71750,6330,,,,,,,,,,,,,
2026/08/26 18:53,2026-08-26T19:08:23+09:00,2026/08/27,2026/10/08,2026-10,CALL,71625,635,,,27.01,25.42,665,25,565,10,,,,,
2026/08/26 18:53,2026-08-26T19:08:23+09:00,2026/08/27,2026/10/08,2026-10,PUT,71625,6225,,,30.79,18.87,6620,3,5920,3,,,,,
2026/08/26 18:53,2026-08-26T19:08:23+09:00,2026/08/27,2026/10/08,2026-10,CALL,71500,645,,,26.2,26.04,635,2,625,3,,,,,
2026/08/26 18:53,2026-08-26T19:08:23+09:00,2026/08/27,2026/10/08,2026-10,PUT,71500,6120,,,30.64,19.15,6510,4,5820,4,,,,,
2026/08/26 18:53,2026-08-26T19:08:23+09:00,2026/08/27,2026/10/08,2026-10,CALL,71375,670,,,27.01,25.47,710,25,610,10,,,,,
2026/08/26 18:53,2026-08-26T19:08:23+09:00,2026/08/27,2026/10/08,2026-10,PUT,71375,6010,,,29.85,18.18,6355,3,5665,3,,,,,
2026/08/26 18:53,2026-08-26T19:08:23+09:00,2026/08/27,2026/10/08,2026-10,CALL,71250,690,,,26.2,25.97,680,2,665,12,,,,,
2026/08/26 18:53,2026-08-26T19:08:23+09:00,2026/08/27,2026/10/08,2026-10,PUT,71250,5915,,,29.77,18.46,6250,3,5565,3,,,,,
2026/08/26 18:53,2026-08-26T19:08:23+09:00,2026/08/27,2026/10/08,2026-10,CALL,71125,720,,,27.04,25.4,760,24,650,9,,,,,
2026/08/26 18:53,2026-08-26T19:08:23+09:00,2026/08/27,2026/10/08,2026-10,PUT,71125,5810,,,29.53,18.49,6135,3,5455,3,,,,,
2026/08/26 18:53,2026-08-26T19:08:23+09:00,2026/08/27,2026/10/08,2026-10,CALL,71000,740,,,26.17,25.95,725,2,710,38,,,,,
2026/08/26 18:53,2026-08-26T19:08:23+09:00,2026/08/27,2026/10/08,2026-10,PUT,71000,5720,,,29.3,19.01,6020,6,5370,6,,,,,
2026/08/26 18:53,2026-08-26T19:08:23+09:00,2026/08/27,2026/10/08,2026-10,CALL,70875,775,,,26.97,25.51,805,23,705,8,,,,,
2026/08/26 18:53,2026-08-26T19:08:23+09:00,2026/08/27,2026/10/08,2026-10,PUT,70875,5610,,,29.4,19.09,5930,3,5265,3,,,,,
2026/08/26 18:53,2026-08-26T19:08:23+09:00,2026/08/27,2026/10/08,2026-10,CALL,70750,790,,,26.24,25.95,780,3,760,10,,,,,
2026/08/26 18:53,2026-08-26T19:08:23+09:00,2026/08/27,2026/10/08,2026-10,PUT,70750,5515,,,29.29,23.96,5825,3,5450,1,,,,,
2026/08/26 18:53,2026-08-26T19:08:23+09:00,2026/08/27,2026/10/08,2026-10,CALL,70625,825,,,27,25.59,860,23,760,8,,,,,
2026/08/26 18:53,2026-08-26T19:08:23+09:00,2026/08/27,2026/10/08,2026-10,PUT,70625,5415,,,26.23,24.79,5505,3,5405,3,,,,,
2026/08/26 18:53,2026-08-26T19:08:23+09:00,2026/08/27,2026/10/08,2026-10,CALL,70500,845,,,26.27,25.99,835,3,815,13,,,,,
2026/08/26 18:53,2026-08-26T19:08:23+09:00,2026/08/27,2026/10/08,2026-10,PUT,70500,5315,,,26.27,25.22,5410,2,5335,1,,,,,
2026/08/26 18:53,2026-08-26T19:08:23+09:00,2026/08/27,2026/10/08,2026-10,CALL,70375,885,,,26.99,25.48,915,23,805,8,,,,,
2026/08/26 18:53,2026-08-26T19:08:23+09:00,2026/08/27,2026/10/08,2026-10,PUT,70375,5225,,,26.17,25.27,5305,1,5240,1,,,,,
2026/08/26 18:53,2026-08-26T19:08:23+09:00,2026/08/27,2026/10/08,2026-10,CALL,70250,905,,,26.26,25.99,890,3,870,10,,,,,
2026/08/26 18:53,2026-08-26T19:08:23+09:00,2026/08/27,2026/10/08,2026-10,PUT,70250,5130,,,26.12,25.23,5205,1,5140,1,,,,,
2026/08/26 18:53,2026-08-26T19:08:23+09:00,2026/08/27,2026/10/08,2026-10,CALL,70125,940,,,27.01,25.53,975,23,865,8,,,,,
2026/08/26 18:53,2026-08-26T19:08:23+09:00,2026/08/27,2026/10/08,2026-10,PUT,70125,5035,,,26.27,24.92,5120,3,5020,3,,,,,
2026/08/26 18:53,2026-08-26T19:08:23+09:00,2026/08/27,2026/10/08,2026-10,CALL,70000,950,,,26.34,26.01,955,29,930,29,,,,,
2026/08/26 18:53,2026-08-26T19:08:23+09:00,2026/08/27,2026/10/08,2026-10,PUT,70000,4945,,,26.28,25.28,5025,8,4950,2,,,,,
2026/08/26 18:53,2026-08-26T19:08:23+09:00,2026/08/27,2026/10/08,2026-10,CALL,69875,1000,,,26.99,25.55,1035,22,925,7,,,,,
2026/08/26 18:53,2026-08-26T19:08:23+09:00,2026/08/27,2026/10/08,2026-10,PUT,69875,4840,,,26.34,25.35,4935,3,4860,1,,,,,
2026/08/26 18:53,2026-08-26T19:08:23+09:00,2026/08/27,2026/10/08,2026-10,CALL,69750,1030,,,26.32,25.93,1015,3,985,10,,,,,
2026/08/26 18:53,2026-08-26T19:08:23+09:00,2026/08/27,2026/10/08,2026-10,PUT,69750,4755,,,26.25,25.21,4835,1,4755,1,,,,,
2026/08/26 18:53,2026-08-26T19:08:23+09:00,2026/08/27,2026/10/08,2026-10,CALL,69625,1075,,,27.12,25.59,1110,22,990,7,,,,,
2026/08/26 18:53,2026-08-26T19:08:23+09:00,2026/08/27,2026/10/08,2026-10,PUT,69625,4665,,,26.29,25.39,4745,1,4675,1,,,,,
2026/08/26 18:53,2026-08-26T19:08:23+09:00,2026/08/27,2026/10/08,2026-10,CALL,69500,1085,,,26.32,26.07,1080,3,1060,22,,,,,
2026/08/26 18:53,2026-08-26T19:08:23+09:00,2026/08/27,2026/10/08,2026-10,PUT,69500,4570,,,26.38,25.3,4660,2,4575,1,,,,,
2026/08/26 18:53,2026-08-26T19:08:23+09:00,2026/08/27,2026/10/08,2026-10,CALL,69375,1150,,,27.08,25.77,1175,22,1070,7,,,,,
2026/08/26 18:53,2026-08-26T19:08:23+09:00,2026/08/27,2026/10/08,2026-10,PUT,69375,4490,,,26.4,25.39,4570,3,4490,1,,,,,
2026/08/26 18:53,2026-08-26T19:08:23+09:00,2026/08/27,2026/10/08,2026-10,CALL,69250,1170,,,26.46,26.03,1160,9,1125,20,,,,,
2026/08/26 18:53,2026-08-26T19:08:23+09:00,2026/08/27,2026/10/08,2026-10,PUT,69250,4395,,,26.28,25.47,4470,1,4405,1,,,,,
2026/08/26 18:53,2026-08-26T19:08:23+09:00,2026/08/27,2026/10/08,2026-10,CALL,69125,1220,,,27.13,25.91,1250,22,1150,1,,,,,
2026/08/26 18:53,2026-08-26T19:08:23+09:00,2026/08/27,2026/10/08,2026-10,PUT,69125,4315,,,26.4,25.48,4390,1,4315,1,,,,,
2026/08/26 18:53,2026-08-26T19:08:23+09:00,2026/08/27,2026/10/08,2026-10,CALL,69000,1245,,,26.5,26.14,1235,27,1205,16,,,,,
2026/08/26 18:53,2026-08-26T19:08:23+09:00,2026/08/27,2026/10/08,2026-10,PUT,69000,4230,,,26.38,25.59,4300,10,4235,2,,,,,
2026/08/26 18:53,2026-08-26T19:08:23+09:00,2026/08/27,2026/10/08,2026-10,CALL,68875,1305,,,26.96,25.88,1310,22,1220,6,,,,,
2026/08/26 18:53,2026-08-26T19:08:23+09:00,2026/08/27,2026/10/08,2026-10,PUT,68875,4145,,,26.42,25.51,4215,1,4140,1,,,,,
2026/08/26 18:53,2026-08-26T19:08:23+09:00,2026/08/27,2026/10/08,2026-10,CALL,68750,1330,,,26.5,26.14,1310,9,1280,9,,,,,
2026/08/26 18:53,2026-08-26T19:08:23+09:00,2026/08/27,2026/10/08,2026-10,PUT,68750,4050,,,26.38,25.6,4125,3,4060,6,,,,,
2026/08/26 18:53,2026-08-26T19:08:23+09:00,2026/08/27,2026/10/08,2026-10,CALL,68625,1385,,,26.99,26.04,1390,21,1310,1,,,,,
2026/08/26 18:53,2026-08-26T19:08:23+09:00,2026/08/27,2026/10/08,2026-10,PUT,68625,3975,,,26.46,25.62,4045,1,3975,1,,,,,
2026/08/26 18:53,2026-08-26T19:08:23+09:00,2026/08/27,2026/10/08,2026-10,CALL,68500,1415,,,26.58,26.22,1395,3,1365,10,,,,,
2026/08/26 18:53,2026-08-26T19:08:23+09:00,2026/08/27,2026/10/08,2026-10,PUT,68500,3885,,,26.52,25.75,3965,2,3900,6,,,,,
2026/08/26 18:53,2026-08-26T19:08:23+09:00,2026/08/27,2026/10/08,2026-10,CALL,68375,1465,,,26.8,25.98,1455,6,1385,6,,,,,
2026/08/26 18:53,2026-08-26T19:08:23+09:00,2026/08/27,2026/10/08,2026-10,PUT,68375,3805,,,26.51,25.46,3880,1,3790,3,,,,,
2026/08/26 18:53,2026-08-26T19:08:23+09:00,2026/08/27,2026/10/08,2026-10,CALL,68250,1500,,,26.61,26.14,1480,2,1440,2,,,,,
2026/08/26 18:53,2026-08-26T19:08:23+09:00,2026/08/27,2026/10/08,2026-10,PUT,68250,3725,,,26.61,25.79,3805,20,3735,5,,,,,
2026/08/26 18:53,2026-08-26T19:08:23+09:00,2026/08/27,2026/10/08,2026-10,CALL,68125,1550,,,26.92,26.12,1550,6,1480,6,,,,,
2026/08/26 18:53,2026-08-26T19:08:23+09:00,2026/08/27,2026/10/08,2026-10,PUT,68125,3650,,,26.75,25.77,3735,19,3650,4,,,,,
2026/08/26 18:53,2026-08-26T19:08:23+09:00,2026/08/27,2026/10/08,2026-10,CALL,68000,1595,,,26.82,26.31,1585,13,1540,3,,,,,
2026/08/26 18:53,2026-08-26T19:08:23+09:00,2026/08/27,2026/10/08,2026-10,PUT,68000,3565,,,26.65,25.85,3645,24,3575,9,,,,,
2026/08/26 18:53,2026-08-26T19:08:23+09:00,2026/08/27,2026/10/08,2026-10,CALL,67875,1650,,,27,26.09,1645,6,1565,21,,,,,
2026/08/26 18:53,2026-08-26T19:08:23+09:00,2026/08/27,2026/10/08,2026-10,PUT,67875,3495,,,26.89,25.86,3585,19,3495,4,,,,,
2026/08/26 18:53,2026-08-26T19:08:23+09:00,2026/08/27,2026/10/08,2026-10,CALL,67750,1690,,,26.94,26.37,1685,7,1635,2,,,,,
2026/08/26 18:53,2026-08-26T19:08:23+09:00,2026/08/27,2026/10/08,2026-10,PUT,67750,3415,,,26.71,25.81,3490,20,3410,5,,,,,
2026/08/26 18:53,2026-08-26T19:08:23+09:00,2026/08/27,2026/10/08,2026-10,CALL,67625,1745,,,27.09,26.02,1745,5,1650,20,,,,,
2026/08/26 18:53,2026-08-26T19:08:23+09:00,2026/08/27,2026/10/08,2026-10,PUT,67625,3345,,,27.2,25.91,3455,19,3340,4,,,,,
2026/08/26 18:53,2026-08-26T19:08:23+09:00,2026/08/27,2026/10/08,2026-10,CALL,67500,1800,,,27.01,26.28,1785,8,1720,8,,,,,
2026/08/26 18:53,2026-08-26T19:08:23+09:00,2026/08/27,2026/10/08,2026-10,PUT,67500,3270,,,27.01,26,3360,21,3270,6,,,,,
2026/08/26 18:53,2026-08-26T19:08:23+09:00,2026/08/27,2026/10/08,2026-10,CALL,67375,1850,,,27.14,25.97,1845,5,1740,20,,,,,
2026/08/26 18:53,2026-08-26T19:08:23+09:00,2026/08/27,2026/10/08,2026-10,PUT,67375,3195,,,27.19,25.97,3300,19,3190,4,,,,,
2026/08/26 18:53,2026-08-26T19:08:23+09:00,2026/08/27,2026/10/08,2026-10,CALL,67250,1900,,,27.15,26.37,1895,6,1825,6,,,,,
2026/08/26 18:53,2026-08-26T19:08:23+09:00,2026/08/27,2026/10/08,2026-10,PUT,67250,3120,,,26.98,25.92,3205,20,3110,5,,,,,
2026/08/26 18:53,2026-08-26T19:08:23+09:00,2026/08/27,2026/10/08,2026-10,CALL,67125,1960,,,27.25,26.15,1955,20,1855,20,,,,,
2026/08/26 18:53,2026-08-26T19:08:23+09:00,2026/08/27,2026/10/08,2026-10,PUT,67125,3055,,,27.03,25.92,3135,19,3035,19,,,,,
2026/08/26 18:53,2026-08-26T19:08:23+09:00,2026/08/27,2026/10/08,2026-10,CALL,67000,2010,,,27.24,26.58,2005,31,1945,3,,,,,
2026/08/26 18:53,2026-08-26T19:08:23+09:00,2026/08/27,2026/10/08,2026-10,PUT,67000,2990,,,27.02,26.25,3060,26,2990,3,,,,,
2026/08/26 18:53,2026-08-26T19:08:23+09:00,2026/08/27,2026/10/08,2026-10,CALL,66875,2070,,,27.38,26.39,2070,5,1980,20,,,,,
2026/08/26 18:53,2026-08-26T19:08:23+09:00,2026/08/27,2026/10/08,2026-10,PUT,66875,2915,,,27.27,26.06,3010,20,2900,5,,,,,
2026/08/26 18:53,2026-08-26T19:08:23+09:00,2026/08/27,2026/10/08,2026-10,CALL,66750,2125,,,27.29,26.52,2115,6,2045,6,,,,,
2026/08/26 18:53,2026-08-26T19:08:23+09:00,2026/08/27,2026/10/08,2026-10,PUT,66750,2855,,,27.13,26.14,2925,21,2835,6,,,,,
2026/08/26 18:53,2026-08-26T19:08:23+09:00,2026/08/27,2026/10/08,2026-10,CALL,66625,2190,,,27.47,26.26,2185,20,2075,20,,,,,
2026/08/26 18:53,2026-08-26T19:08:23+09:00,2026/08/27,2026/10/08,2026-10,PUT,66625,2785,,,27.19,26.15,2860,20,2765,5,,,,,
2026/08/26 18:53,2026-08-26T19:08:23+09:00,2026/08/27,2026/10/08,2026-10,CALL,66500,2245,,,27.52,26.75,2245,8,2175,2,,,,,
2026/08/26 18:53,2026-08-26T19:08:23+09:00,2026/08/27,2026/10/08,2026-10,PUT,66500,2725,,,27.3,26.26,2800,23,2705,8,,,,,
2026/08/26 18:53,2026-08-26T19:08:23+09:00,2026/08/27,2026/10/08,2026-10,CALL,66375,2315,,,27.67,26.58,2315,20,2215,20,,,,,
2026/08/26 18:53,2026-08-26T19:08:23+09:00,2026/08/27,2026/10/08,2026-10,PUT,66375,2660,,,27.4,26.36,2740,20,2645,5,,,,,
2026/08/26 18:53,2026-08-26T19:08:23+09:00,2026/08/27,2026/10/08,2026-10,CALL,66250,2370,,,27.65,26.72,2370,6,2285,21,,,,,
2026/08/26 18:53,2026-08-26T19:08:23+09:00,2026/08/27,2026/10/08,2026-10,PUT,66250,2600,,,27.38,26.44,2670,41,2585,6,,,,,
2026/08/26 18:53,2026-08-26T19:08:23+09:00,2026/08/27,2026/10/08,2026-10,CALL,66125,2440,,,27.78,26.58,2440,20,2330,20,,,,,
2026/08/26 18:53,2026-08-26T19:08:23+09:00,2026/08/27,2026/10/08,2026-10,PUT,66125,2535,,,27.56,26.47,2620,20,2520,5,,,,,
2026/08/26 18:53,2026-08-26T19:08:23+09:00,2026/08/27,2026/10/08,2026-10,CALL,66000,2460,,,27.41,26.97,2465,1,2425,3,,,,,
2026/08/26 18:53,2026-08-26T19:08:23+09:00,2026/08/27,2026/10/08,2026-10,PUT,66000,2490,,,27.41,26.59,2540,11,2465,31,,,,,
2026/08/26 18:53,2026-08-26T19:08:23+09:00,2026/08/27,2026/10/08,2026-10,CALL,65875,2570,,,27.9,26.69,2570,20,2460,20,,,,,
2026/08/26 18:53,2026-08-26T19:08:23+09:00,2026/08/27,2026/10/08,2026-10,PUT,65875,2440,,,27.68,26.58,2500,20,2400,5,,,,,
2026/08/26 18:53,2026-08-26T19:08:23+09:00,2026/08/27,2026/10/08,2026-10,CALL,65750,2635,,,27.84,26.85,2625,6,2535,21,,,,,
2026/08/26 18:53,2026-08-26T19:08:23+09:00,2026/08/27,2026/10/08,2026-10,PUT,65750,2380,,,27.51,26.79,2420,2,2355,6,,,,,
2026/08/26 18:53,2026-08-26T19:08:23+09:00,2026/08/27,2026/10/08,2026-10,CALL,65625,2705,,,27.87,26.77,2690,5,2590,20,,,,,
2026/08/26 18:53,2026-08-26T19:08:23+09:00,2026/08/27,2026/10/08,2026-10,PUT,65625,2325,,,27.59,26.71,2365,4,2285,5,,,,,
2026/08/26 18:53,2026-08-26T19:08:23+09:00,2026/08/27,2026/10/08,2026-10,CALL,65500,2770,,,27.95,27.01,2760,6,2675,6,,,,,
2026/08/26 18:53,2026-08-26T19:08:23+09:00,2026/08/27,2026/10/08,2026-10,PUT,65500,2270,,21,27.62,26.95,2305,2,2245,8,27.23,20,0.88,2295,08/26 17:25
2026/08/26 18:53,2026-08-26T19:08:23+09:00,2026/08/27,2026/10/08,2026-10,CALL,65375,2845,,,27.96,27.02,2825,4,2740,19,,,,,
2026/08/26 18:53,2026-08-26T19:08:23+09:00,2026/08/27,2026/10/08,2026-10,PUT,65375,2215,,,27.9,26.85,2270,20,2175,5,,,,,
2026/08/26 18:53,2026-08-26T19:08:23+09:00,2026/08/27,2026/10/08,2026-10,CALL,65250,2920,,,27.96,27.24,2890,5,2825,2,,,,,
2026/08/26 18:53,2026-08-26T19:08:23+09:00,2026/08/27,2026/10/08,2026-10,PUT,65250,2160,,,27.79,27.18,2200,2,2145,2,,,,,
2026/08/26 18:53,2026-08-26T19:08:23+09:00,2026/08/27,2026/10/08,2026-10,CALL,65125,3010,,,28.06,27.06,2965,4,2875,19,,,,,
2026/08/26 18:53,2026-08-26T19:08:23+09:00,2026/08/27,2026/10/08,2026-10,PUT,65125,2110,,,28.06,27.01,2165,20,2070,5,,,,,
2026/08/26 18:53,2026-08-26T19:08:23+09:00,2026/08/27,2026/10/08,2026-10,CALL,65000,3070,,,28.27,27.37,3050,9,2970,3,,,,,
2026/08/26 18:53,2026-08-26T19:08:23+09:00,2026/08/27,2026/10/08,2026-10,PUT,65000,2050,,,27.71,27.2,2075,3,2030,3,,,,,
2026/08/26 18:53,2026-08-26T19:08:23+09:00,2026/08/27,2026/10/08,2026-10,CALL,64875,3145,,,28.46,27.06,3135,4,3010,19,,,,,
2026/08/26 18:53,2026-08-26T19:08:23+09:00,2026/08/27,2026/10/08,2026-10,PUT,64875,2005,,,27.95,27.17,2040,4,1970,5,,,,,
2026/08/26 18:53,2026-08-26T19:08:23+09:00,2026/08/27,2026/10/08,2026-10,CALL,64750,3210,,,28.42,27.4,3200,5,3110,20,,,,,
2026/08/26 18:53,2026-08-26T19:08:23+09:00,2026/08/27,2026/10/08,2026-10,PUT,64750,1960,,,27.97,27.46,1985,2,1940,2,,,,,
2026/08/26 18:53,2026-08-26T19:08:23+09:00,2026/08/27,2026/10/08,2026-10,CALL,64625,3305,,,28.42,27.35,3270,4,3175,19,,,,,
2026/08/26 18:53,2026-08-26T19:08:23+09:00,2026/08/27,2026/10/08,2026-10,PUT,64625,1905,,,28.08,27.29,1940,5,1870,6,,,,,
2026/08/26 18:53,2026-08-26T19:08:23+09:00,2026/08/27,2026/10/08,2026-10,CALL,64500,3370,,,28.53,27.45,3350,6,3255,21,,,,,
2026/08/26 18:53,2026-08-26T19:08:23+09:00,2026/08/27,2026/10/08,2026-10,PUT,64500,1860,,,28.02,27.51,1880,2,1835,2,,,,,
2026/08/26 18:53,2026-08-26T19:08:23+09:00,2026/08/27,2026/10/08,2026-10,CALL,64375,3455,,,28.8,27.37,3445,19,3320,19,,,,,
2026/08/26 18:53,2026-08-26T19:08:23+09:00,2026/08/27,2026/10/08,2026-10,PUT,64375,1810,,,28.23,27.31,1845,6,1765,21,,,,,
2026/08/26 18:53,2026-08-26T19:08:23+09:00,2026/08/27,2026/10/08,2026-10,CALL,64250,3540,,,28.6,27.56,3500,5,3410,20,,,,,
2026/08/26 18:53,2026-08-26T19:08:23+09:00,2026/08/27,2026/10/08,2026-10,PUT,64250,1760,,,28.25,27.45,1795,2,1725,2,,,,,
2026/08/26 18:53,2026-08-26T19:08:23+09:00,2026/08/27,2026/10/08,2026-10,CALL,64125,3615,,,28.79,27.34,3590,4,3465,19,,,,,
2026/08/26 18:53,2026-08-26T19:08:23+09:00,2026/08/27,2026/10/08,2026-10,PUT,64125,1725,,,28.45,27.52,1760,26,1680,6,,,,,
2026/08/26 18:53,2026-08-26T19:08:23+09:00,2026/08/27,2026/10/08,2026-10,CALL,64000,3690,,,28.63,27.87,3650,3,3585,13,,,,,
2026/08/26 18:53,2026-08-26T19:08:23+09:00,2026/08/27,2026/10/08,2026-10,PUT,64000,1670,,,28.28,27.93,1695,25,1665,14,,,,,
2026/08/26 18:53,2026-08-26T19:08:23+09:00,2026/08/27,2026/10/08,2026-10,CALL,63875,3790,,,28.92,27.98,3750,1,3670,1,,,,,
2026/08/26 18:53,2026-08-26T19:08:23+09:00,2026/08/27,2026/10/08,2026-10,PUT,63875,1640,,,28.62,27.68,1675,7,1595,6,,,,,
2026/08/26 18:53,2026-08-26T19:08:23+09:00,2026/08/27,2026/10/08,2026-10,CALL,63750,3860,,,28.79,28.2,3815,5,3765,6,,,,,
2026/08/26 18:53,2026-08-26T19:08:23+09:00,2026/08/27,2026/10/08,2026-10,PUT,63750,1590,,,28.55,28.14,1620,3,1585,2,,,,,
2026/08/26 18:53,2026-08-26T19:08:23+09:00,2026/08/27,2026/10/08,2026-10,CALL,63625,3960,,,29,28.17,3910,1,3840,1,,,,,
2026/08/26 18:53,2026-08-26T19:08:23+09:00,2026/08/27,2026/10/08,2026-10,PUT,63625,1555,,,28.64,27.81,1580,7,1510,22,,,,,
2026/08/26 18:53,2026-08-26T19:08:23+09:00,2026/08/27,2026/10/08,2026-10,CALL,63500,4030,,,29.15,28.37,4000,7,3935,3,,,,,
2026/08/26 18:53,2026-08-26T19:08:23+09:00,2026/08/27,2026/10/08,2026-10,PUT,63500,1515,,,28.67,28.25,1535,26,1500,3,,,,,
2026/08/26 18:53,2026-08-26T19:08:23+09:00,2026/08/27,2026/10/08,2026-10,CALL,63375,4130,,,29.22,28.32,4085,1,4010,1,,,,,
2026/08/26 18:53,2026-08-26T19:08:23+09:00,2026/08/27,2026/10/08,2026-10,PUT,63375,1480,,,29.1,27.65,1525,22,1405,22,,,,,
2026/08/26 18:53,2026-08-26T19:08:23+09:00,2026/08/27,2026/10/08,2026-10,CALL,63250,4200,,,29.17,28.5,4160,1,4105,1,,,,,
2026/08/26 18:53,2026-08-26T19:08:23+09:00,2026/08/27,2026/10/08,2026-10,PUT,63250,1435,,,28.8,28.44,1455,9,1425,2,,,,,
2026/08/26 18:53,2026-08-26T19:08:23+09:00,2026/08/27,2026/10/08,2026-10,CALL,63125,4305,,,29.47,28.49,4265,1,4185,1,,,,,
2026/08/26 18:53,2026-08-26T19:08:23+09:00,2026/08/27,2026/10/08,2026-10,PUT,63125,1405,,,29.22,28.11,1445,7,1355,22,,,,,
2026/08/26 18:53,2026-08-26T19:08:23+09:00,2026/08/27,2026/10/08,2026-10,CALL,63000,4385,,,29.46,28.52,4345,8,4270,8,,,,,
2026/08/26 18:53,2026-08-26T19:08:23+09:00,2026/08/27,2026/10/08,2026-10,PUT,63000,1360,,,28.77,28.59,1365,2,1350,4,,,,,
2026/08/26 18:53,2026-08-26T19:08:23+09:00,2026/08/27,2026/10/08,2026-10,CALL,62875,4480,,,29.56,28.68,4435,1,4365,1,,,,,
2026/08/26 18:53,2026-08-26T19:08:23+09:00,2026/08/27,2026/10/08,2026-10,PUT,62875,1330,,,29.56,28.3,1385,22,1285,7,,,,,
2026/08/26 18:53,2026-08-26T19:08:23+09:00,2026/08/27,2026/10/08,2026-10,CALL,62750,4570,,,29.71,28.76,4530,1,4455,1,,,,,
2026/08/26 18:53,2026-08-26T19:08:23+09:00,2026/08/27,2026/10/08,2026-10,PUT,62750,1295,,,29.14,28.76,1310,9,1280,3,,,,,
2026/08/26 18:53,2026-08-26T19:08:23+09:00,2026/08/27,2026/10/08,2026-10,CALL,62625,4655,,,29.66,28.9,4610,1,4550,1,,,,,
2026/08/26 18:53,2026-08-26T19:08:23+09:00,2026/08/27,2026/10/08,2026-10,PUT,62625,1255,,,29.73,28.45,1315,23,1215,22,,,,,
2026/08/26 18:53,2026-08-26T19:08:23+09:00,2026/08/27,2026/10/08,2026-10,CALL,62500,4750,,,29.86,28.96,4710,1,4640,1,,,,,
2026/08/26 18:53,2026-08-26T19:08:23+09:00,2026/08/27,2026/10/08,2026-10,PUT,62500,1220,,,29.15,28.96,1230,3,1215,3,,,,,
2026/08/26 18:53,2026-08-26T19:08:23+09:00,2026/08/27,2026/10/08,2026-10,CALL,62375,4840,,,29.92,29.01,4800,1,4730,1,,,,,
2026/08/26 18:53,2026-08-26T19:08:23+09:00,2026/08/27,2026/10/08,2026-10,PUT,62375,1190,,,29.86,28.29,1245,23,1125,23,,,,,
2026/08/26 18:53,2026-08-26T19:08:23+09:00,2026/08/27,2026/10/08,2026-10,CALL,62250,4940,,,30.11,29.12,4900,1,4825,1,,,,,
2026/08/26 18:53,2026-08-26T19:08:23+09:00,2026/08/27,2026/10/08,2026-10,PUT,62250,1165,,,29.32,29.12,1165,3,1150,3,,,,,
2026/08/26 18:53,2026-08-26T19:08:23+09:00,2026/08/27,2026/10/08,2026-10,CALL,62125,5030,,,30.22,29.15,4995,1,4915,1,,,,,
2026/08/26 18:53,2026-08-26T19:08:23+09:00,2026/08/27,2026/10/08,2026-10,PUT,62125,1130,,,30.08,28.54,1185,23,1070,23,,,,,
2026/08/26 18:53,2026-08-26T19:08:23+09:00,2026/08/27,2026/10/08,2026-10,CALL,62000,5125,,,30.25,29.31,5085,8,5015,8,,,,,
2026/08/26 18:53,2026-08-26T19:08:23+09:00,2026/08/27,2026/10/08,2026-10,PUT,62000,1100,,,29.58,29.31,1110,34,1090,4,,,,,
2026/08/26 18:53,2026-08-26T19:08:23+09:00,2026/08/27,2026/10/08,2026-10,CALL,61875,5220,,,30.28,29.39,5175,1,5110,1,,,,,
2026/08/26 18:53,2026-08-26T19:08:23+09:00,2026/08/27,2026/10/08,2026-10,PUT,61875,1070,,,30.28,28.7,1125,23,1010,23,,,,,
2026/08/26 18:53,2026-08-26T19:08:23+09:00,2026/08/27,2026/10/08,2026-10,CALL,61750,5320,,,30.43,29.46,5275,1,5205,1,,,,,
2026/08/26 18:53,2026-08-26T19:08:23+09:00,2026/08/27,2026/10/08,2026-10,PUT,61750,1045,,,29.81,29.46,1055,10,1030,3,,,,,
2026/08/26 18:53,2026-08-26T19:08:23+09:00,2026/08/27,2026/10/08,2026-10,CALL,61625,5410,,,30.57,29.59,5375,1,5305,1,,,,,
2026/08/26 18:53,2026-08-26T19:08:23+09:00,2026/08/27,2026/10/08,2026-10,PUT,61625,1010,,,30.36,28.95,1060,23,960,23,,,,,
2026/08/26 18:53,2026-08-26T19:08:23+09:00,2026/08/27,2026/10/08,2026-10,CALL,61500,5515,,,30.56,29.64,5465,1,5400,1,,,,,
2026/08/26 18:53,2026-08-26T19:08:23+09:00,2026/08/27,2026/10/08,2026-10,PUT,61500,985,,,29.86,29.71,990,2,980,3,,,,,
2026/08/26 18:53,2026-08-26T19:08:23+09:00,2026/08/27,2026/10/08,2026-10,CALL,61375,5620,,,35.99,28.96,5950,3,5445,1,,,,,
2026/08/26 18:53,2026-08-26T19:08:23+09:00,2026/08/27,2026/10/08,2026-10,PUT,61375,970,,,30.62,29.1,1010,23,905,23,,,,,
2026/08/26 18:53,2026-08-26T19:08:23+09:00,2026/08/27,2026/10/08,2026-10,CALL,61250,5705,,,36.1,25.99,6045,3,5345,3,,,,,
2026/08/26 18:53,2026-08-26T19:08:23+09:00,2026/08/27,2026/10/08,2026-10,PUT,61250,910,,,30.15,29.86,945,10,925,10,,,,,
2026/08/26 18:53,2026-08-26T19:08:23+09:00,2026/08/27,2026/10/08,2026-10,CALL,61125,5815,,,36.27,26.02,6145,3,5445,3,,,,,
2026/08/26 18:53,2026-08-26T19:08:23+09:00,2026/08/27,2026/10/08,2026-10,PUT,61125,915,,,30.77,29.29,955,25,855,25,,,,,
2026/08/26 18:53,2026-08-26T19:08:23+09:00,2026/08/27,2026/10/08,2026-10,CALL,61000,5910,,,36.49,26.29,6250,6,5560,6,,,,,
2026/08/26 18:53,2026-08-26T19:08:23+09:00,2026/08/27,2026/10/08,2026-10,PUT,61000,880,,,30.27,30.12,890,6,880,2,,,,,
2026/08/26 18:53,2026-08-26T19:08:23+09:00,2026/08/27,2026/10/08,2026-10,CALL,60875,6015,,,36.72,25.97,6355,3,5640,3,,,,,
2026/08/26 18:53,2026-08-26T19:08:23+09:00,2026/08/27,2026/10/08,2026-10,PUT,60875,870,,,31.03,29.43,910,25,805,25,,,,,
2026/08/26 18:53,2026-08-26T19:08:23+09:00,2026/08/27,2026/10/08,2026-10,CALL,60750,6115,,,37.08,26.14,6470,3,5750,3,,,,,
2026/08/26 18:53,2026-08-26T19:08:23+09:00,2026/08/27,2026/10/08,2026-10,PUT,60750,835,,,30.58,30.27,850,12,830,12,,,,,
2026/08/26 18:53,2026-08-26T19:08:23+09:00,2026/08/27,2026/10/08,2026-10,CALL,60625,6215,,,37.29,26.12,6575,3,5850,3,,,,,
2026/08/26 18:53,2026-08-26T19:08:23+09:00,2026/08/27,2026/10/08,2026-10,PUT,60625,820,,,31.27,29.46,865,10,750,25,,,,,
2026/08/26 18:53,2026-08-26T19:08:23+09:00,2026/08/27,2026/10/08,2026-10,CALL,60500,6320,,,37.29,26,6665,4,5945,4,,,,,
2026/08/26 18:53,2026-08-26T19:08:23+09:00,2026/08/27,2026/10/08,2026-10,PUT,60500,795,,,30.78,30.54,805,5,790,5,,,,,
2026/08/26 18:53,2026-08-26T19:08:23+09:00,2026/08/27,2026/10/08,2026-10,CALL,60375,6425,,,37.7,26.05,6785,3,6050,3,,,,,
2026/08/26 18:53,2026-08-26T19:08:23+09:00,2026/08/27,2026/10/08,2026-10,PUT,60375,775,,,31.86,29.85,845,25,720,25,,,,,
2026/08/26 18:53,2026-08-26T19:08:23+09:00,2026/08/27,2026/10/08,2026-10,CALL,60250,6525,,,37.97,26.08,6895,3,6155,3,,,,,
2026/08/26 18:53,2026-08-26T19:08:23+09:00,2026/08/27,2026/10/08,2026-10,PUT,60250,750,,,30.95,30.7,760,2,745,4,,,,,
2026/08/26 18:53,2026-08-26T19:08:23+09:00,2026/08/27,2026/10/08,2026-10,CALL,60125,6635,,,38.02,25.91,6990,3,6250,3,,,,,
2026/08/26 18:53,2026-08-26T19:08:23+09:00,2026/08/27,2026/10/08,2026-10,PUT,60125,735,,,31.8,30.05,785,25,680,25,,,,,
2026/08/26 18:53,2026-08-26T19:08:23+09:00,2026/08/27,2026/10/08,2026-10,CALL,60000,6735,,,38.14,26.11,7090,6,6365,6,,,,,
2026/08/26 18:53,2026-08-26T19:08:23+09:00,2026/08/27,2026/10/08,2026-10,PUT,60000,715,,,31.25,30.91,725,33,705,6,,,,,
2026/08/26 18:53,2026-08-26T19:08:23+09:00,2026/08/27,2026/10/08,2026-10,CALL,59875,6850,,,38.62,26.1,7215,3,6470,3,,,,,
2026/08/26 18:53,2026-08-26T19:08:23+09:00,2026/08/27,2026/10/08,2026-10,PUT,59875,705,,,32.35,30.22,765,25,640,25,,,,,
2026/08/26 18:53,2026-08-26T19:08:23+09:00,2026/08/27,2026/10/08,2026-10,CALL,59750,6950,,,38.87,26.08,7325,3,6575,3,,,,,
2026/08/26 18:53,2026-08-26T19:08:23+09:00,2026/08/27,2026/10/08,2026-10,PUT,59750,675,,,31.43,31.17,685,2,670,4,,,,,
2026/08/26 18:53,2026-08-26T19:08:23+09:00,2026/08/27,2026/10/08,2026-10,CALL,59625,7060,,,39.04,26.04,7430,3,6680,3,,,,,
2026/08/26 18:53,2026-08-26T19:08:23+09:00,2026/08/27,2026/10/08,2026-10,PUT,59625,665,,,32.64,30.44,730,25,605,25,,,,,
2026/08/26 18:53,2026-08-26T19:08:23+09:00,2026/08/27,2026/10/08,2026-10,CALL,59500,7165,,,39.29,26.1,7540,4,6790,4,,,,,
2026/08/26 18:53,2026-08-26T19:08:23+09:00,2026/08/27,2026/10/08,2026-10,PUT,59500,645,,,31.67,31.4,650,2,635,5,,,,,
2026/08/26 18:53,2026-08-26T19:08:23+09:00,2026/08/27,2026/10/08,2026-10,CALL,59375,7280,,,39.45,25.8,7645,3,6885,3,,,,,
2026/08/26 18:53,2026-08-26T19:08:23+09:00,2026/08/27,2026/10/08,2026-10,PUT,59375,635,,,32.89,30.62,695,25,570,25,,,,,
2026/08/26 18:53,2026-08-26T19:08:23+09:00,2026/08/27,2026/10/08,2026-10,CALL,59250,7385,,,39.85,25.94,7765,3,7000,3,,,,,
2026/08/26 18:53,2026-08-26T19:08:23+09:00,2026/08/27,2026/10/08,2026-10,PUT,59250,615,,,31.97,31.69,620,12,605,4,,,,,
2026/08/26 18:53,2026-08-26T19:08:23+09:00,2026/08/27,2026/10/08,2026-10,CALL,59125,7490,,,40.08,25.96,7875,3,7110,3,,,,,
2026/08/26 18:53,2026-08-26T19:08:23+09:00,2026/08/27,2026/10/08,2026-10,PUT,59125,595,,,33.21,30.87,665,27,540,27,,,,,
2026/08/26 18:53,2026-08-26T19:08:23+09:00,2026/08/27,2026/10/08,2026-10,CALL,59000,7600,,,40.15,26.08,7975,6,7225,6,,,,,
2026/08/26 18:53,2026-08-26T19:08:23+09:00,2026/08/27,2026/10/08,2026-10,PUT,59000,580,,,32.15,31.95,585,8,575,8,,,,,
2026/08/26 18:53,2026-08-26T19:08:23+09:00,2026/08/27,2026/10/08,2026-10,CALL,58875,7720,,,40.54,25.94,8095,3,7330,3,,,,,
2026/08/26 18:53,2026-08-26T19:08:23+09:00,2026/08/27,2026/10/08,2026-10,PUT,58875,575,,,33.5,31.09,635,27,510,27,,,,,
2026/08/26 18:53,2026-08-26T19:08:23+09:00,2026/08/27,2026/10/08,2026-10,CALL,58750,7825,,,40.68,25.65,8200,3,7430,3,,,,,
2026/08/26 18:53,2026-08-26T19:08:23+09:00,2026/08/27,2026/10/08,2026-10,PUT,58750,555,,,32.49,32.19,560,14,545,5,,,,,
2026/08/26 18:53,2026-08-26T19:08:23+09:00,2026/08/27,2026/10/08,2026-10,CALL,58625,7940,,,41.06,25.86,8320,3,7550,3,,,,,
2026/08/26 18:53,2026-08-26T19:08:23+09:00,2026/08/27,2026/10/08,2026-10,PUT,58625,545,,,33.77,31.27,605,27,480,27,,,,,
2026/08/26 18:53,2026-08-26T19:08:23+09:00,2026/08/27,2026/10/08,2026-10,CALL,58500,8045,,,41.27,25.94,8430,4,7665,4,,,,,
2026/08/26 18:53,2026-08-26T19:08:23+09:00,2026/08/27,2026/10/08,2026-10,PUT,58500,525,,,32.7,32.5,530,2,520,6,,,,,
2026/08/26 18:53,2026-08-26T19:08:23+09:00,2026/08/27,2026/10/08,2026-10,CALL,58375,8150,,,41.57,25.71,8545,3,7770,3,,,,,
2026/08/26 18:53,2026-08-26T19:08:23+09:00,2026/08/27,2026/10/08,2026-10,PUT,58375,495,,,34.01,31.53,575,12,455,12,,,,,
2026/08/26 18:53,2026-08-26T19:08:23+09:00,2026/08/27,2026/10/08,2026-10,CALL,58250,8265,,,41.69,25.6,8650,3,7880,3,,,,,
2026/08/26 18:53,2026-08-26T19:08:23+09:00,2026/08/27,2026/10/08,2026-10,PUT,58250,500,,,32.99,32.78,505,2,495,2,,,,,
2026/08/26 18:53,2026-08-26T19:08:23+09:00,2026/08/27,2026/10/08,2026-10,CALL,58000,8495,,,,,,,,,,,,,
2026/08/26 18:53,2026-08-26T19:08:23+09:00,2026/08/27,2026/10/08,2026-10,PUT,58000,460,,,33.26,33.04,480,2,470,2,,,,,
2026/08/26 18:53,2026-08-26T19:08:23+09:00,2026/08/27,2026/10/08,2026-10,CALL,57750,8720,,,,,,,,,,,,,
2026/08/26 18:53,2026-08-26T19:08:23+09:00,2026/08/27,2026/10/08,2026-10,PUT,57750,455,,,33.6,33.27,460,2,445,14,,,,,
2026/08/26 18:53,2026-08-26T19:08:23+09:00,2026/08/27,2026/10/08,2026-10,CALL,57500,8950,,,,,,,,,,,,,
2026/08/26 18:53,2026-08-26T19:08:23+09:00,2026/08/27,2026/10/08,2026-10,PUT,57500,415,,,33.82,33.59,435,2,425,2,,,,,
2026/08/26 18:53,2026-08-26T19:08:23+09:00,2026/08/27,2026/10/08,2026-10,CALL,57250,9180,,,,,,,,,,,,,
2026/08/26 18:53,2026-08-26T19:08:23+09:00,2026/08/27,2026/10/08,2026-10,PUT,57250,395,,,34.12,33.88,415,2,405,5,,,,,
2026/08/26 18:53,2026-08-26T19:08:23+09:00,2026/08/27,2026/10/08,2026-10,CALL,57000,9410,,,,,,,,,,,,,
2026/08/26 18:53,2026-08-26T19:08:23+09:00,2026/08/27,2026/10/08,2026-10,PUT,57000,390,,,34.4,34.15,395,2,385,46,,,,,
2026/08/26 18:53,2026-08-26T19:08:23+09:00,2026/08/27,2026/10/08,2026-10,CALL,56750,9645,,,,,,,,,,,,,
2026/08/26 18:53,2026-08-26T19:08:23+09:00,2026/08/27,2026/10/08,2026-10,PUT,56750,365,,,34.79,34.53,380,5,370,5,,,,,
2026/08/26 18:53,2026-08-26T19:08:23+09:00,2026/08/27,2026/10/08,2026-10,CALL,56500,9875,,,,,,,,,,,,,
2026/08/26 18:53,2026-08-26T19:08:23+09:00,2026/08/27,2026/10/08,2026-10,PUT,56500,355,,,35.02,34.75,360,2,350,39,,,,,
2026/08/26 18:53,2026-08-26T19:08:23+09:00,2026/08/27,2026/10/08,2026-10,CALL,56250,10110,,,,,,,,,,,,,
2026/08/26 18:53,2026-08-26T19:08:23+09:00,2026/08/27,2026/10/08,2026-10,PUT,56250,340,,,35.37,35.09,345,5,335,14,,,,,
2026/08/26 18:53,2026-08-26T19:08:23+09:00,2026/08/27,2026/10/08,2026-10,CALL,56000,10340,,,,,,,,,,,,,
2026/08/26 18:53,2026-08-26T19:08:23+09:00,2026/08/27,2026/10/08,2026-10,PUT,56000,315,,,35.69,35.41,330,8,320,46,,,,,
2026/08/26 18:53,2026-08-26T19:08:23+09:00,2026/08/27,2026/10/08,2026-10,CALL,55750,10575,,,,,,,,,,,,,
2026/08/26 18:53,2026-08-26T19:08:23+09:00,2026/08/27,2026/10/08,2026-10,PUT,55750,310,,,36,35.85,315,2,310,5,,,,,
2026/08/26 18:53,2026-08-26T19:08:23+09:00,2026/08/27,2026/10/08,2026-10,CALL,55500,10815,,,,,,,,,,,,,
2026/08/26 18:53,2026-08-26T19:08:23+09:00,2026/08/27,2026/10/08,2026-10,PUT,55500,299,,,36.44,36.16,305,2,296,6,,,,,
2026/08/26 18:53,2026-08-26T19:08:23+09:00,2026/08/27,2026/10/08,2026-10,CALL,55250,11055,,,,,,,,,,,,,
2026/08/26 18:53,2026-08-26T19:08:23+09:00,2026/08/27,2026/10/08,2026-10,PUT,55250,287,,,36.8,36.52,293,5,284,5,,,,,
2026/08/26 18:53,2026-08-26T19:08:23+09:00,2026/08/27,2026/10/08,2026-10,CALL,55000,11295,,,,,,,,,,,,,
2026/08/26 18:53,2026-08-26T19:08:23+09:00,2026/08/27,2026/10/08,2026-10,PUT,55000,276,,,37.15,36.86,281,10,272,10,,,,,
2026/08/26 18:53,2026-08-26T19:08:23+09:00,2026/08/27,2026/10/08,2026-10,CALL,54750,11530,,,,,,,,,,,,,
2026/08/26 18:53,2026-08-26T19:08:23+09:00,2026/08/27,2026/10/08,2026-10,PUT,54750,265,,,37.54,37.18,271,20,260,6,,,,,
2026/08/26 18:53,2026-08-26T19:08:23+09:00,2026/08/27,2026/10/08,2026-10,CALL,54500,11770,,,,,,,,,,,,,
2026/08/26 18:53,2026-08-26T19:08:23+09:00,2026/08/27,2026/10/08,2026-10,PUT,54500,252,,,37.89,37.58,260,12,251,8,,,,,
2026/08/26 18:53,2026-08-26T19:08:23+09:00,2026/08/27,2026/10/08,2026-10,CALL,54250,12005,,,,,,,,,,,,,
2026/08/26 18:53,2026-08-26T19:08:23+09:00,2026/08/27,2026/10/08,2026-10,PUT,54250,241,,,38.19,37.9,248,6,240,6,,,,,
2026/08/26 18:53,2026-08-26T19:08:23+09:00,2026/08/27,2026/10/08,2026-10,CALL,54000,12250,,,,,,,,,,,,,
2026/08/26 18:53,2026-08-26T19:08:23+09:00,2026/08/27,2026/10/08,2026-10,PUT,54000,233,,,38.61,38.24,240,36,230,10,,,,,
2026/08/26 18:53,2026-08-26T19:08:23+09:00,2026/08/27,2026/10/08,2026-10,CALL,53750,12485,,,,,,,,,,,,,
2026/08/26 18:53,2026-08-26T19:08:23+09:00,2026/08/27,2026/10/08,2026-10,PUT,53750,222,,,38.91,38.6,229,6,221,6,,,,,
2026/08/26 18:53,2026-08-26T19:08:23+09:00,2026/08/27,2026/10/08,2026-10,CALL,53500,12730,,,,,,,,,,,,,
2026/08/26 18:53,2026-08-26T19:08:23+09:00,2026/08/27,2026/10/08,2026-10,PUT,53500,216,,,39.31,38.95,221,9,212,8,,,,,
2026/08/26 18:53,2026-08-26T19:08:23+09:00,2026/08/27,2026/10/08,2026-10,CALL,53250,12970,,,,,,,,,,,,,
2026/08/26 18:53,2026-08-26T19:08:23+09:00,2026/08/27,2026/10/08,2026-10,PUT,53250,207,,,39.65,39.33,212,6,204,6,,,,,
2026/08/26 18:53,2026-08-26T19:08:23+09:00,2026/08/27,2026/10/08,2026-10,CALL,53000,13215,,,,,,,,,,,,,
2026/08/26 18:53,2026-08-26T19:08:23+09:00,2026/08/27,2026/10/08,2026-10,PUT,53000,199,,3,40.07,39.77,205,8,198,8,40.08,2,1.01,200,08/26 17:40
2026/08/26 18:53,2026-08-26T19:08:23+09:00,2026/08/27,2026/10/08,2026-10,CALL,52750,13455,,,,,,,,,,,,,
2026/08/26 18:53,2026-08-26T19:08:23+09:00,2026/08/27,2026/10/08,2026-10,PUT,52750,190,,,40.43,40.12,197,4,190,4,,,,,
2026/08/26 18:53,2026-08-26T19:08:23+09:00,2026/08/27,2026/10/08,2026-10,CALL,52500,13695,,,,,,,,,,,,,
2026/08/26 18:53,2026-08-26T19:08:23+09:00,2026/08/27,2026/10/08,2026-10,PUT,52500,184,,,40.82,40.54,190,6,184,6,,,,,
2026/08/26 18:53,2026-08-26T19:08:23+09:00,2026/08/27,2026/10/08,2026-10,CALL,52250,13940,,,,,,,,,,,,,
2026/08/26 18:53,2026-08-26T19:08:23+09:00,2026/08/27,2026/10/08,2026-10,PUT,52250,177,,,41.19,40.86,183,4,176,4,,,,,
2026/08/26 18:53,2026-08-26T19:08:23+09:00,2026/08/27,2026/10/08,2026-10,CALL,52000,14185,,,,,,,,,,,,,
2026/08/26 18:53,2026-08-26T19:08:23+09:00,2026/08/27,2026/10/08,2026-10,PUT,52000,171,,,41.65,41.27,178,10,170,8,,,,,
2026/08/26 18:53,2026-08-26T19:08:23+09:00,2026/08/27,2026/10/08,2026-10,CALL,51750,14425,,,,,,,,,,,,,
2026/08/26 18:53,2026-08-26T19:08:23+09:00,2026/08/27,2026/10/08,2026-10,PUT,51750,165,,,42,41.66,171,4,164,4,,,,,
2026/08/26 18:53,2026-08-26T19:08:23+09:00,2026/08/27,2026/10/08,2026-10,CALL,51500,14670,,,,,,,,,,,,,
2026/08/26 18:53,2026-08-26T19:08:23+09:00,2026/08/27,2026/10/08,2026-10,PUT,51500,158,,,42.45,42.04,166,10,158,6,,,,,
2026/08/26 18:53,2026-08-26T19:08:23+09:00,2026/08/27,2026/10/08,2026-10,CALL,51250,14915,,,,,,,,,,,,,
2026/08/26 18:53,2026-08-26T19:08:23+09:00,2026/08/27,2026/10/08,2026-10,PUT,51250,152,,,42.77,42.4,159,4,152,4,,,,,
2026/08/26 18:53,2026-08-26T19:08:23+09:00,2026/08/27,2026/10/08,2026-10,CALL,51000,15160,,,,,,,,,,,,,
2026/08/26 18:53,2026-08-26T19:08:23+09:00,2026/08/27,2026/10/08,2026-10,PUT,51000,148,,,43.14,42.81,153,8,147,8,,,,,
2026/08/26 18:53,2026-08-26T19:08:23+09:00,2026/08/27,2026/10/08,2026-10,CALL,50750,15405,,,,,,,,,,,,,
2026/08/26 18:53,2026-08-26T19:08:23+09:00,2026/08/27,2026/10/08,2026-10,PUT,50750,144,,,43.55,43.21,148,4,142,4,,,,,
2026/08/26 18:53,2026-08-26T19:08:23+09:00,2026/08/27,2026/10/08,2026-10,CALL,50500,15650,,,,,,,,,,,,,
2026/08/26 18:53,2026-08-26T19:08:23+09:00,2026/08/27,2026/10/08,2026-10,PUT,50500,137,,,43.95,43.54,143,6,136,6,,,,,
2026/08/26 18:53,2026-08-26T19:08:23+09:00,2026/08/27,2026/10/08,2026-10,CALL,50250,15895,,,,,,,,,,,,,
2026/08/26 18:53,2026-08-26T19:08:23+09:00,2026/08/27,2026/10/08,2026-10,PUT,50250,134,,,44.34,43.98,138,4,132,4,,,,,
2026/08/26 18:53,2026-08-26T19:08:23+09:00,2026/08/27,2026/10/08,2026-10,CALL,50000,16135,,,,,,,,,,,,,
2026/08/26 18:53,2026-08-26T19:08:23+09:00,2026/08/27,2026/10/08,2026-10,PUT,50000,128,,,44.78,44.28,134,8,126,34,,,,,
2026/08/26 18:53,2026-08-26T19:08:23+09:00,2026/08/27,2026/10/08,2026-10,CALL,49750,16385,,,,,,,,,,,,,
2026/08/26 18:53,2026-08-26T19:08:23+09:00,2026/08/27,2026/10/08,2026-10,PUT,49750,125,,,45.21,44.7,130,4,122,4,,,,,
2026/08/26 18:53,2026-08-26T19:08:23+09:00,2026/08/27,2026/10/08,2026-10,CALL,49500,16630,,,,,,,,,,,,,
2026/08/26 18:53,2026-08-26T19:08:23+09:00,2026/08/27,2026/10/08,2026-10,PUT,49500,122,,,45.57,45.11,125,6,118,6,,,,,
2026/08/26 18:53,2026-08-26T19:08:23+09:00,2026/08/27,2026/10/08,2026-10,CALL,49250,16875,,,,,,,,,,,,,
2026/08/26 18:53,2026-08-26T19:08:23+09:00,2026/08/27,2026/10/08,2026-10,PUT,49250,118,,,46.06,45.58,122,8,115,4,,,,,
2026/08/26 18:53,2026-08-26T19:08:23+09:00,2026/08/27,2026/10/08,2026-10,CALL,49000,17120,,,,,,,,,,,,,
2026/08/26 18:53,2026-08-26T19:08:23+09:00,2026/08/27,2026/10/08,2026-10,PUT,49000,112,,2,46.46,45.9,118,12,110,34,46.13,,,113,08/26 18:18
2026/08/26 18:53,2026-08-26T19:08:23+09:00,2026/08/27,2026/10/08,2026-10,CALL,48750,17370,,,,,,,,,,,,,
2026/08/26 18:53,2026-08-26T19:08:23+09:00,2026/08/27,2026/10/08,2026-10,PUT,48750,110,,,46.93,46.35,115,8,107,4,,,,,
2026/08/26 18:53,2026-08-26T19:08:23+09:00,2026/08/27,2026/10/08,2026-10,CALL,48500,17615,,,,,,,,,,,,,
2026/08/26 18:53,2026-08-26T19:08:23+09:00,2026/08/27,2026/10/08,2026-10,PUT,48500,107,,,47.32,46.8,111,10,104,6,,,,,
2026/08/26 18:53,2026-08-26T19:08:23+09:00,2026/08/27,2026/10/08,2026-10,CALL,48250,17860,,,,,,,,,,,,,
2026/08/26 18:53,2026-08-26T19:08:23+09:00,2026/08/27,2026/10/08,2026-10,PUT,48250,103,,,47.7,47.08,107,8,99,4,,,,,
2026/08/26 18:53,2026-08-26T19:08:23+09:00,2026/08/27,2026/10/08,2026-10,CALL,48000,18105,,,,,,,,,,,,,
2026/08/26 18:53,2026-08-26T19:08:23+09:00,2026/08/27,2026/10/08,2026-10,PUT,48000,99,,,48.07,47.51,103,8,96,8,,,,,
2026/08/26 18:53,2026-08-26T19:08:23+09:00,2026/08/27,2026/10/08,2026-10,CALL,47750,18350,,,,,,,,,,,,,
2026/08/26 18:53,2026-08-26T19:08:23+09:00,2026/08/27,2026/10/08,2026-10,PUT,47750,95,,,48.59,47.93,101,8,93,4,,,,,
2026/08/26 18:53,2026-08-26T19:08:23+09:00,2026/08/27,2026/10/08,2026-10,CALL,47500,18600,,,,,,,,,,,,,
2026/08/26 18:53,2026-08-26T19:08:23+09:00,2026/08/27,2026/10/08,2026-10,PUT,47500,93,,,49.03,48.26,98,8,89,29,,,,,
2026/08/26 18:53,2026-08-26T19:08:23+09:00,2026/08/27,2026/10/08,2026-10,CALL,47250,18845,,,,,,,,,,,,,
2026/08/26 18:53,2026-08-26T19:08:23+09:00,2026/08/27,2026/10/08,2026-10,PUT,47250,88,,,49.54,48.66,96,8,86,21,,,,,
2026/08/26 18:53,2026-08-26T19:08:23+09:00,2026/08/27,2026/10/08,2026-10,CALL,47000,19090,,,,,,,,,,,,,
2026/08/26 18:53,2026-08-26T19:08:23+09:00,2026/08/27,2026/10/08,2026-10,PUT,47000,86,,1,49.7,49.15,90,1,84,8,49.73,4,4.65,90,08/26 17:02
2026/08/26 18:53,2026-08-26T19:08:23+09:00,2026/08/27,2026/10/08,2026-10,CALL,46750,19340,,,,,,,,,,,,,
2026/08/26 18:53,2026-08-26T19:08:23+09:00,2026/08/27,2026/10/08,2026-10,PUT,46750,85,,,50.46,49.54,91,8,81,17,,,,,
2026/08/26 18:53,2026-08-26T19:08:23+09:00,2026/08/27,2026/10/08,2026-10,CALL,46500,19585,,,,,,,,,,,,,
2026/08/26 18:53,2026-08-26T19:08:23+09:00,2026/08/27,2026/10/08,2026-10,PUT,46500,82,,,50.69,49.91,86,2,78,29,,,,,
2026/08/26 18:53,2026-08-26T19:08:23+09:00,2026/08/27,2026/10/08,2026-10,CALL,46250,19835,,,,,,,,,,,,,
2026/08/26 18:53,2026-08-26T19:08:23+09:00,2026/08/27,2026/10/08,2026-10,PUT,46250,80,,,51.27,50.48,85,8,77,4,,,,,
2026/08/26 18:53,2026-08-26T19:08:23+09:00,2026/08/27,2026/10/08,2026-10,CALL,46000,20080,,,,,,,,,,,,,
2026/08/26 18:53,2026-08-26T19:08:23+09:00,2026/08/27,2026/10/08,2026-10,PUT,46000,76,,,51.56,50.74,81,2,73,38,,,,,
2026/08/26 18:53,2026-08-26T19:08:23+09:00,2026/08/27,2026/10/08,2026-10,CALL,45750,20330,,,,,,,,,,,,,
2026/08/26 18:53,2026-08-26T19:08:23+09:00,2026/08/27,2026/10/08,2026-10,PUT,45750,76,,,52.34,50.75,82,2,67,2,,,,,
2026/08/26 18:53,2026-08-26T19:08:23+09:00,2026/08/27,2026/10/08,2026-10,CALL,45500,20575,,,,,,,,,,,,,
2026/08/26 18:53,2026-08-26T19:08:23+09:00,2026/08/27,2026/10/08,2026-10,PUT,45500,74,,,52.72,51.3,79,2,66,2,,,,,
2026/08/26 18:53,2026-08-26T19:08:23+09:00,2026/08/27,2026/10/08,2026-10,CALL,45250,20820,,,,,,,,,,,,,
2026/08/26 18:53,2026-08-26T19:08:23+09:00,2026/08/27,2026/10/08,2026-10,PUT,45250,69,,,53.2,51.74,77,2,64,2,,,,,
2026/08/26 18:53,2026-08-26T19:08:23+09:00,2026/08/27,2026/10/08,2026-10,CALL,45000,21070,,,,,,,,,,,,,
2026/08/26 18:53,2026-08-26T19:08:23+09:00,2026/08/27,2026/10/08,2026-10,PUT,45000,68,,,53.67,52.04,75,2,61,2,,,,,
2026/08/26 18:53,2026-08-26T19:08:23+09:00,2026/08/27,2026/10/08,2026-10,CALL,44750,21320,,,,,,,,,,,,,
2026/08/26 18:53,2026-08-26T19:08:23+09:00,2026/08/27,2026/10/08,2026-10,PUT,44750,67,,,54.13,52.58,73,2,60,2,,,,,
2026/08/26 18:53,2026-08-26T19:08:23+09:00,2026/08/27,2026/10/08,2026-10,CALL,44500,21565,,,,,,,,,,,,,
2026/08/26 18:53,2026-08-26T19:08:23+09:00,2026/08/27,2026/10/08,2026-10,PUT,44500,64,,,54.59,53,71,2,58,2,,,,,
2026/08/26 18:53,2026-08-26T19:08:23+09:00,2026/08/27,2026/10/08,2026-10,CALL,44250,21815,,,,,,,,,,,,,
2026/08/26 18:53,2026-08-26T19:08:23+09:00,2026/08/27,2026/10/08,2026-10,PUT,44250,63,,,55.05,53.4,69,2,56,2,,,,,
2026/08/26 18:53,2026-08-26T19:08:23+09:00,2026/08/27,2026/10/08,2026-10,CALL,44000,22060,,,,,,,,,,,,,
2026/08/26 18:53,2026-08-26T19:08:23+09:00,2026/08/27,2026/10/08,2026-10,PUT,44000,60,,,55.49,53.8,67,2,54,2,,,,,
2026/08/26 18:53,2026-08-26T19:08:23+09:00,2026/08/27,2026/10/08,2026-10,CALL,43750,22310,,,,,,,,,,,,,
2026/08/26 18:53,2026-08-26T19:08:23+09:00,2026/08/27,2026/10/08,2026-10,PUT,43750,60,,,55.94,54.18,65,2,52,2,,,,,
2026/08/26 18:53,2026-08-26T19:08:23+09:00,2026/08/27,2026/10/08,2026-10,CALL,43500,22555,,,,,,,,,,,,,
2026/08/26 18:53,2026-08-26T19:08:23+09:00,2026/08/27,2026/10/08,2026-10,PUT,43500,57,,,56.37,54.56,63,2,50,2,,,,,
2026/08/26 18:53,2026-08-26T19:08:23+09:00,2026/08/27,2026/10/08,2026-10,CALL,43250,22805,,,,,,,,,,,,,
2026/08/26 18:53,2026-08-26T19:08:23+09:00,2026/08/27,2026/10/08,2026-10,PUT,43250,56,,,56.93,55.08,62,2,49,2,,,,,
2026/08/26 18:53,2026-08-26T19:08:23+09:00,2026/08/27,2026/10/08,2026-10,CALL,43000,23055,,,,,,,,,,,,,
2026/08/26 18:53,2026-08-26T19:08:23+09:00,2026/08/27,2026/10/08,2026-10,PUT,43000,55,,,57.36,55.44,60,2,47,2,,,,,
2026/08/26 18:53,2026-08-26T19:08:23+09:00,2026/08/27,2026/10/08,2026-10,CALL,42750,23305,,,,,,,,,,,,,
2026/08/26 18:53,2026-08-26T19:08:23+09:00,2026/08/27,2026/10/08,2026-10,PUT,42750,53,,,57.77,55.95,58,2,46,2,,,,,
2026/08/26 18:53,2026-08-26T19:08:23+09:00,2026/08/27,2026/10/08,2026-10,CALL,42000,24050,,,,,,,,,,,,,
2026/08/26 18:53,2026-08-26T19:08:23+09:00,2026/08/27,2026/10/08,2026-10,PUT,42000,49,,,59.28,57.3,54,2,42,2,,,,,
2026/08/26 18:53,2026-08-26T19:08:23+09:00,2026/08/27,2026/10/08,2026-10,CALL,41000,25040,,,,,,,,,,,,,
2026/08/26 18:53,2026-08-26T19:08:23+09:00,2026/08/27,2026/10/08,2026-10,PUT,41000,43,,1,60.95,59.66,47,2,40,12,60.25,,,43,08/26 18:18
2026/08/26 18:53,2026-08-26T19:08:23+09:00,2026/08/27,2026/10/08,2026-10,CALL,40000,26035,,,,,,,,,,,,,
2026/08/26 18:53,2026-08-26T19:08:23+09:00,2026/08/27,2026/10/08,2026-10,PUT,40000,39,,,64.32,49.85,50,8,5,10,,,,,
2026/08/26 18:53,2026-08-26T19:08:23+09:00,2026/08/27,2026/10/08,2026-10,CALL,39000,27030,,,,,,,,,,,,,
2026/08/26 18:53,2026-08-26T19:08:23+09:00,2026/08/27,2026/10/08,2026-10,PUT,39000,36,,,77.23,45.75,128,6,1,26,,,,,
2026/08/26 18:53,2026-08-26T19:08:23+09:00,2026/08/27,2026/10/08,2026-10,CALL,38000,28025,,,,,,,,,,,,,
2026/08/26 18:53,2026-08-26T19:08:23+09:00,2026/08/27,2026/10/08,2026-10,PUT,38000,32,,,68.88,47.89,43,7,1,26,,,,,
2026/08/26 18:53,2026-08-26T19:08:23+09:00,2026/08/27,2026/10/08,2026-10,CALL,37000,29020,,,,,,,,,,,,,
2026/08/26 18:53,2026-08-26T19:08:23+09:00,2026/08/27,2026/10/08,2026-10,PUT,37000,29,,,83.41,54.59,122,6,3,7,,,,,
2026/08/26 18:53,2026-08-26T19:08:23+09:00,2026/08/27,2026/10/08,2026-10,CALL,36000,30015,,,,,,,,,,,,,
2026/08/26 18:53,2026-08-26T19:08:23+09:00,2026/08/27,2026/10/08,2026-10,PUT,36000,25,,,86.59,52.34,119,6,1,26,,,,,
2026/08/26 18:53,2026-08-26T19:08:23+09:00,2026/08/27,2026/10/08,2026-10,CALL,35000,31010,,,,,,,,,,,,,
2026/08/26 18:53,2026-08-26T19:08:23+09:00,2026/08/27,2026/10/08,2026-10,PUT,35000,23,,,74.82,71.8,30,7,21,1,,,,,
2026/08/26 18:53,2026-08-26T19:08:23+09:00,2026/08/27,2026/10/08,2026-10,CALL,34000,32010,,,,,,,,,,,,,
2026/08/26 18:53,2026-08-26T19:08:23+09:00,2026/08/27,2026/10/08,2026-10,PUT,34000,20,,,93.15,60.1,113,6,2,3,,,,,
2026/08/26 18:53,2026-08-26T19:08:23+09:00,2026/08/27,2026/10/08,2026-10,CALL,33000,33005,,,,,,,,,,,,,
2026/08/26 18:53,2026-08-26T19:08:23+09:00,2026/08/27,2026/10/08,2026-10,PUT,33000,17,,,82.72,71.43,35,12,9,26,,,,,
2026/08/26 18:53,2026-08-26T19:08:23+09:00,2026/08/27,2026/10/08,2026-10,CALL,32000,34000,,,,,,,,,,,,,
2026/08/26 18:53,2026-08-26T19:08:23+09:00,2026/08/27,2026/10/08,2026-10,PUT,32000,15,,,80.76,65.31,20,1,2,3,,,,,
2026/08/26 18:53,2026-08-26T19:08:23+09:00,2026/08/27,2026/10/08,2026-10,CALL,31000,34995,,,,,,,,,,,,,
2026/08/26 18:53,2026-08-26T19:08:23+09:00,2026/08/27,2026/10/08,2026-10,PUT,31000,14,,,104,77.48,107,6,9,2,,,,,
2026/08/26 18:53,2026-08-26T19:08:23+09:00,2026/08/27,2026/10/08,2026-10,CALL,30000,35995,,,,,,,,,,,,,
2026/08/26 18:53,2026-08-26T19:08:23+09:00,2026/08/27,2026/10/08,2026-10,PUT,30000,12,,1,83.62,82.23,13,1,11,8,82.97,0,0,12,08/26 17:32
2026/08/26 18:53,2026-08-26T19:08:23+09:00,2026/08/27,2026/10/08,2026-10,CALL,29000,36990,,,,,,,,,,,,,
2026/08/26 18:53,2026-08-26T19:08:23+09:00,2026/08/27,2026/10/08,2026-10,PUT,29000,10,,,111.91,73.76,104,6,2,3,,,,,
2026/08/26 18:53,2026-08-26T19:08:23+09:00,2026/08/27,2026/10/08,2026-10,CALL,28000,37990,,,,,,,,,,,,,
2026/08/26 18:53,2026-08-26T19:08:23+09:00,2026/08/27,2026/10/08,2026-10,PUT,28000,9,,,91.19,82.77,14,15,5,15,,,,,
2026/08/26 18:53,2026-08-26T19:08:23+09:00,2026/08/27,2026/10/08,2026-10,CALL,27000,38985,,,,,,,,,,,,,
2026/08/26 18:53,2026-08-26T19:08:23+09:00,2026/08/27,2026/10/08,2026-10,PUT,27000,8,,,94.14,84.48,13,15,4,15,,,,,
2026/08/26 18:53,2026-08-26T19:08:23+09:00,2026/08/27,2026/10/08,2026-10,CALL,26000,39985,,,,,,,,,,,,,
2026/08/26 18:53,2026-08-26T19:08:23+09:00,2026/08/27,2026/10/08,2026-10,PUT,26000,8,,,95.43,85.83,10,19,3,15,,,,,
2026/08/26 18:53,2026-08-26T19:08:23+09:00,2026/08/27,2026/10/08,2026-10,CALL,25000,40975,,,,,,,,,,,,,
2026/08/26 18:53,2026-08-26T19:08:23+09:00,2026/08/27,2026/10/08,2026-10,PUT,25000,6,,,99.25,94.69,10,20,6,1,,,,,
2026/08/26 18:53,2026-08-26T19:08:23+09:00,2026/08/27,2026/10/08,2026-10,CALL,22500,43470,,,,,,,,,,,,,
2026/08/26 18:53,2026-08-26T19:08:23+09:00,2026/08/27,2026/10/08,2026-10,PUT,22500,4,,,107.28,100.97,8,15,4,6,,,,,
2026/08/26 18:53,2026-08-26T19:08:23+09:00,2026/08/27,2026/10/08,2026-10,CALL,20000,45970,,,,,,,,,,,,,
2026/08/26 18:53,2026-08-26T19:08:23+09:00,2026/08/27,2026/10/08,2026-10,PUT,20000,2,,2,111.64,105.67,4,67,2,181,105.79,,,2,08/26 17:46
2026/08/26 18:53,2026-08-26T19:08:23+09:00,2026/08/27,2026/12/10,2026-12,CALL,68500,2840,,,26.9,26.04,2830,20,2710,20,,,,,
2026/08/26 18:53,2026-08-26T19:08:23+09:00,2026/08/27,2026/12/10,2026-12,PUT,68500,5100,,,,,,,,,,,,,
2026/08/26 18:53,2026-08-26T19:08:23+09:00,2026/08/27,2026/12/10,2026-12,CALL,68250,2945,,,26.96,26.11,2935,20,2815,20,,,,,
2026/08/26 18:53,2026-08-26T19:08:23+09:00,2026/08/27,2026/12/10,2026-12,PUT,68250,4955,,,26.82,25.97,5045,20,4925,20,,,,,
2026/08/26 18:53,2026-08-26T19:08:23+09:00,2026/08/27,2026/12/10,2026-12,CALL,68000,3050,,,27.02,26.17,3040,20,2920,20,,,,,
2026/08/26 18:53,2026-08-26T19:08:23+09:00,2026/08/27,2026/12/10,2026-12,PUT,68000,4815,,,26.91,26.06,4905,20,4785,20,,,,,
2026/08/26 18:53,2026-08-26T19:08:23+09:00,2026/08/27,2026/12/10,2026-12,CALL,67750,3160,,,27.09,26.24,3150,20,3030,20,,,,,
2026/08/26 18:53,2026-08-26T19:08:23+09:00,2026/08/27,2026/12/10,2026-12,PUT,67750,4670,,,27.02,26.17,4770,20,4650,20,,,,,
2026/08/26 18:53,2026-08-26T19:08:23+09:00,2026/08/27,2026/12/10,2026-12,CALL,67500,3280,,,27.14,26.3,3260,20,3140,20,,,,,
2026/08/26 18:53,2026-08-26T19:08:23+09:00,2026/08/27,2026/12/10,2026-12,PUT,67500,4540,,,27.1,26.26,4635,20,4515,20,,,,,
2026/08/26 18:53,2026-08-26T19:08:23+09:00,2026/08/27,2026/12/10,2026-12,CALL,67250,3385,,,27.21,26.37,3375,20,3255,20,,,,,
2026/08/26 18:53,2026-08-26T19:08:23+09:00,2026/08/27,2026/12/10,2026-12,PUT,67250,4405,,,27.17,26.33,4500,20,4380,20,,,,,
2026/08/26 18:53,2026-08-26T19:08:23+09:00,2026/08/27,2026/12/10,2026-12,CALL,67000,3500,,,27.3,26.45,3495,20,3375,20,,,,,
2026/08/26 18:53,2026-08-26T19:08:23+09:00,2026/08/27,2026/12/10,2026-12,PUT,67000,4270,,,27.26,26.42,4370,20,4250,20,,,,,
2026/08/26 18:53,2026-08-26T19:08:23+09:00,2026/08/27,2026/12/10,2026-12,CALL,66750,3620,,,27.16,26.31,3585,20,3465,20,,,,,
2026/08/26 18:53,2026-08-26T19:08:23+09:00,2026/08/27,2026/12/10,2026-12,PUT,66750,4145,,,27.33,26.49,4240,20,4120,20,,,,,
2026/08/26 18:53,2026-08-26T19:08:23+09:00,2026/08/27,2026/12/10,2026-12,CALL,66500,3755,,,27.49,26.65,3745,20,3625,20,,,,,
2026/08/26 18:53,2026-08-26T19:08:23+09:00,2026/08/27,2026/12/10,2026-12,PUT,66500,4015,,,27.38,26.54,4110,20,3990,20,,,,,
2026/08/26 18:53,2026-08-26T19:08:23+09:00,2026/08/27,2026/12/10,2026-12,CALL,66250,3880,,,27.31,26.47,3835,20,3715,20,,,,,
2026/08/26 18:53,2026-08-26T19:08:23+09:00,2026/08/27,2026/12/10,2026-12,PUT,66250,3900,,,27.45,26.61,3985,20,3865,20,,,,,
2026/08/26 18:53,2026-08-26T19:08:23+09:00,2026/08/27,2026/12/10,2026-12,CALL,66000,4005,,,27.65,26.84,4000,20,3885,1,,,,,
2026/08/26 18:53,2026-08-26T19:08:23+09:00,2026/08/27,2026/12/10,2026-12,PUT,66000,3780,,,27.54,26.7,3865,20,3745,20,,,,,
2026/08/26 18:53,2026-08-26T19:08:23+09:00,2026/08/27,2026/12/10,2026-12,CALL,65750,4140,,,27.47,26.62,4095,20,3975,20,,,,,
2026/08/26 18:53,2026-08-26T19:08:23+09:00,2026/08/27,2026/12/10,2026-12,PUT,65750,3660,,,27.65,26.8,3750,20,3630,20,,,,,
2026/08/26 18:53,2026-08-26T19:08:23+09:00,2026/08/27,2026/12/10,2026-12,CALL,65500,4295,,,,,,,,,,,,,
2026/08/26 18:53,2026-08-26T19:08:23+09:00,2026/08/27,2026/12/10,2026-12,PUT,65500,3545,,,27.77,26.92,3640,20,3520,20,,,,,
2026/08/26 18:53,2026-08-26T19:08:23+09:00,2026/08/27,2026/12/10,2026-12,CALL,65250,4430,,,,,,,,,,,,,
2026/08/26 18:53,2026-08-26T19:08:23+09:00,2026/08/27,2026/12/10,2026-12,PUT,65250,3435,,,27.8,26.95,3520,20,3400,20,,,,,
2026/08/26 18:53,2026-08-26T19:08:23+09:00,2026/08/27,2026/12/10,2026-12,CALL,65000,4570,,,,,,,,,,,,,
2026/08/26 18:53,2026-08-26T19:08:23+09:00,2026/08/27,2026/12/10,2026-12,PUT,65000,3330,,,27.96,27.11,3420,20,3300,20,,,,,
2026/08/26 18:53,2026-08-26T19:08:23+09:00,2026/08/27,2026/12/10,2026-12,CALL,64750,4715,,,,,,,,,,,,,
2026/08/26 18:53,2026-08-26T19:08:23+09:00,2026/08/27,2026/12/10,2026-12,PUT,64750,3225,,,28.07,27.21,3315,20,3195,20,,,,,
2026/08/26 18:53,2026-08-26T19:08:23+09:00,2026/08/27,2026/12/10,2026-12,CALL,64500,4865,,,,,,,,,,,,,
2026/08/26 18:53,2026-08-26T19:08:23+09:00,2026/08/27,2026/12/10,2026-12,PUT,64500,3120,,,28.16,27.3,3210,20,3090,20,,,,,
2026/08/26 18:53,2026-08-26T19:08:23+09:00,2026/08/27,2026/12/10,2026-12,CALL,64250,5010,,,,,,,,,,,,,
2026/08/26 18:53,2026-08-26T19:08:23+09:00,2026/08/27,2026/12/10,2026-12,PUT,64250,3020,,,28.24,27.37,3105,20,2985,20,,,,,
2026/08/26 18:53,2026-08-26T19:08:23+09:00,2026/08/27,2026/12/10,2026-12,CALL,64000,5170,,,,,,,,,,,,,
2026/08/26 18:53,2026-08-26T19:08:23+09:00,2026/08/27,2026/12/10,2026-12,PUT,64000,2935,,,28.33,27.45,3005,20,2885,20,,,,,
2026/08/26 18:53,2026-08-26T19:08:23+09:00,2026/08/27,2026/12/10,2026-12,CALL,63750,5325,,,,,,,,,,,,,
2026/08/26 18:53,2026-08-26T19:08:23+09:00,2026/08/27,2026/12/10,2026-12,PUT,63750,2840,,,28.44,27.56,2910,20,2790,20,,,,,
2026/08/26 18:53,2026-08-26T19:08:23+09:00,2026/08/27,2026/12/10,2026-12,CALL,63500,5480,,,,,,,,,,,,,
2026/08/26 18:53,2026-08-26T19:08:23+09:00,2026/08/27,2026/12/10,2026-12,PUT,63500,2745,,,28.57,27.68,2820,20,2700,20,,,,,
2026/08/26 20:36,2026-08-26T20:51:12+09:00,2026/08/27,2026/09/10,2026-09,CALL,82500,1,,1,32.87,,1,4,,,32.78,0,0,1,08/26 17:36
2026/08/26 20:36,2026-08-26T20:51:12+09:00,2026/08/27,2026/09/10,2026-09,PUT,82500,16085,,,,,,,,,,,,,
2026/08/26 20:36,2026-08-26T20:51:12+09:00,2026/08/27,2026/09/10,2026-09,CALL,82000,2,,1,33.92,32.04,2,60,1,75,33.87,,,2,08/26 20:34
2026/08/26 20:36,2026-08-26T20:51:12+09:00,2026/08/27,2026/09/10,2026-09,PUT,82000,15585,,,,,,,,,,,,,
2026/08/26 20:36,2026-08-26T20:51:12+09:00,2026/08/27,2026/09/10,2026-09,CALL,81500,2,,,33.04,31.2,2,8,1,35,,,,,
2026/08/26 20:36,2026-08-26T20:51:12+09:00,2026/08/27,2026/09/10,2026-09,PUT,81500,15085,,,,,,,,,,,,,
2026/08/26 20:36,2026-08-26T20:51:12+09:00,2026/08/27,2026/09/10,2026-09,CALL,81000,2,,,32.15,30.35,2,41,1,66,,,,,
2026/08/26 20:36,2026-08-26T20:51:12+09:00,2026/08/27,2026/09/10,2026-09,PUT,81000,14585,,,,,,,,,,,,,
2026/08/26 20:36,2026-08-26T20:51:12+09:00,2026/08/27,2026/09/10,2026-09,CALL,80500,3,,,37.4,31.25,12,21,2,2,,,,,
2026/08/26 20:36,2026-08-26T20:51:12+09:00,2026/08/27,2026/09/10,2026-09,PUT,80500,14085,,,,,,,,,,,,,
2026/08/26 20:36,2026-08-26T20:51:12+09:00,2026/08/27,2026/09/10,2026-09,CALL,80000,3,,84,31.48,28.63,3,47,1,167,30.27,-1,-33.33,2,08/26 20:27
2026/08/26 20:36,2026-08-26T20:51:12+09:00,2026/08/27,2026/09/10,2026-09,PUT,80000,13590,,,,,,,,,,,,,
2026/08/26 20:36,2026-08-26T20:51:12+09:00,2026/08/27,2026/09/10,2026-09,CALL,79500,3,,2,36.53,27.76,16,6,1,78,30.63,0,0,3,08/26 17:17
2026/08/26 20:36,2026-08-26T20:51:12+09:00,2026/08/27,2026/09/10,2026-09,PUT,79500,13090,,,,,,,,,,,,,
2026/08/26 20:36,2026-08-26T20:51:12+09:00,2026/08/27,2026/09/10,2026-09,CALL,79000,3,,46,30.41,29.58,4,23,3,8,30.31,1,33.33,4,08/26 20:08
2026/08/26 20:36,2026-08-26T20:51:12+09:00,2026/08/27,2026/09/10,2026-09,PUT,79000,12590,,,,,,,,,,,,,
2026/08/26 20:36,2026-08-26T20:51:12+09:00,2026/08/27,2026/09/10,2026-09,CALL,78500,5,,,30.1,28.62,5,25,3,15,,,,,
2026/08/26 20:36,2026-08-26T20:51:12+09:00,2026/08/27,2026/09/10,2026-09,PUT,78500,12090,,,,,,,,,,,,,
2026/08/26 20:36,2026-08-26T20:51:12+09:00,2026/08/27,2026/09/10,2026-09,CALL,78000,5,,10,29.65,28.44,6,28,4,41,29.03,0,0,5,08/26 20:34
2026/08/26 20:36,2026-08-26T20:51:12+09:00,2026/08/27,2026/09/10,2026-09,PUT,78000,11590,,,,,,,,,,,,,
2026/08/26 20:36,2026-08-26T20:51:12+09:00,2026/08/27,2026/09/10,2026-09,CALL,77500,6,,1,29.52,28.61,8,21,6,2,29.59,2,33.33,8,08/26 18:32
2026/08/26 20:36,2026-08-26T20:51:12+09:00,2026/08/27,2026/09/10,2026-09,PUT,77500,11095,,,,,,,,,,,,,
2026/08/26 20:36,2026-08-26T20:51:12+09:00,2026/08/27,2026/09/10,2026-09,CALL,77000,9,,30,29.19,28.45,10,23,8,12,28.63,1,12.5,9,08/26 20:04
2026/08/26 20:36,2026-08-26T20:51:12+09:00,2026/08/27,2026/09/10,2026-09,PUT,77000,10595,,,,,,,,,,,,,
2026/08/26 20:36,2026-08-26T20:51:12+09:00,2026/08/27,2026/09/10,2026-09,CALL,76500,12,,3,28.99,28.08,13,33,10,1,28.41,0,0,11,08/26 17:16
2026/08/26 20:36,2026-08-26T20:51:12+09:00,2026/08/27,2026/09/10,2026-09,PUT,76500,10100,,,,,,,,,,,,,
2026/08/26 20:36,2026-08-26T20:51:12+09:00,2026/08/27,2026/09/10,2026-09,CALL,76000,13,,24,28.35,27.56,15,9,12,8,27.43,-1,-7.69,12,08/26 20:06
2026/08/26 20:36,2026-08-26T20:51:12+09:00,2026/08/27,2026/09/10,2026-09,PUT,76000,9600,,,,,,,,,,,,,
2026/08/26 20:36,2026-08-26T20:51:12+09:00,2026/08/27,2026/09/10,2026-09,CALL,75500,18,,1,28.23,27.61,20,6,17,2,27.68,0,0,18,08/26 20:06
2026/08/26 20:36,2026-08-26T20:51:12+09:00,2026/08/27,2026/09/10,2026-09,PUT,75500,9105,,,,,,,,,,,,,
2026/08/26 20:36,2026-08-26T20:51:12+09:00,2026/08/27,2026/09/10,2026-09,CALL,75375,21,,,28.97,26.63,26,23,14,23,,,,,
2026/08/26 20:36,2026-08-26T20:51:12+09:00,2026/08/27,2026/09/10,2026-09,PUT,75375,8985,,,,,,,,,,,,,
2026/08/26 20:36,2026-08-26T20:51:12+09:00,2026/08/27,2026/09/10,2026-09,CALL,75250,21,,1,27.98,26.08,22,4,13,23,27.84,1,4.76,22,08/26 17:32
2026/08/26 20:36,2026-08-26T20:51:12+09:00,2026/08/27,2026/09/10,2026-09,PUT,75250,8860,,,,,,,,,,,,,
2026/08/26 20:36,2026-08-26T20:51:12+09:00,2026/08/27,2026/09/10,2026-09,CALL,75125,23,,,28.8,26.03,29,23,14,23,,,,,
2026/08/26 20:36,2026-08-26T20:51:12+09:00,2026/08/27,2026/09/10,2026-09,PUT,75125,8735,,,,,,,,,,,,,
2026/08/26 20:36,2026-08-26T20:51:12+09:00,2026/08/27,2026/09/10,2026-09,CALL,75000,23,,85,27.7,27.36,24,8,22,8,27.34,1,4.55,23,08/26 20:13
2026/08/26 20:36,2026-08-26T20:51:12+09:00,2026/08/27,2026/09/10,2026-09,PUT,75000,8615,,,,,,,,,,,,,
2026/08/26 20:36,2026-08-26T20:51:12+09:00,2026/08/27,2026/09/10,2026-09,CALL,74875,26,,,28.44,26.1,31,23,17,23,,,,,
2026/08/26 20:36,2026-08-26T20:51:12+09:00,2026/08/27,2026/09/10,2026-09,PUT,74875,8490,,,,,,,,,,,,,
2026/08/26 20:36,2026-08-26T20:51:12+09:00,2026/08/27,2026/09/10,2026-09,CALL,74750,28,,,30.35,26.73,50,23,22,17,,,,,
2026/08/26 20:36,2026-08-26T20:51:12+09:00,2026/08/27,2026/09/10,2026-09,PUT,74750,8365,,,,,,,,,,,,,
2026/08/26 20:36,2026-08-26T20:51:12+09:00,2026/08/27,2026/09/10,2026-09,CALL,74625,30,,,30.21,,52,23,,,,,,,
2026/08/26 20:36,2026-08-26T20:51:12+09:00,2026/08/27,2026/09/10,2026-09,PUT,74625,8240,,,,,,,,,,,,,
2026/08/26 20:36,2026-08-26T20:51:12+09:00,2026/08/27,2026/09/10,2026-09,CALL,74500,30,,2,28.22,26.74,37,31,26,6,27.36,0,0,31,08/26 17:54
2026/08/26 20:36,2026-08-26T20:51:12+09:00,2026/08/27,2026/09/10,2026-09,PUT,74500,8120,,,,,,,,,,,,,
2026/08/26 20:36,2026-08-26T20:51:12+09:00,2026/08/27,2026/09/10,2026-09,CALL,74375,34,,,29.8,20.91,55,23,4,23,,,,,
2026/08/26 20:36,2026-08-26T20:51:12+09:00,2026/08/27,2026/09/10,2026-09,PUT,74375,7995,,,,,,,,,,,,,
2026/08/26 20:36,2026-08-26T20:51:12+09:00,2026/08/27,2026/09/10,2026-09,CALL,74250,37,,,29.72,23.19,58,23,11,23,,,,,
2026/08/26 20:36,2026-08-26T20:51:12+09:00,2026/08/27,2026/09/10,2026-09,PUT,74250,7875,,,,,,,,,,,,,
2026/08/26 20:36,2026-08-26T20:51:12+09:00,2026/08/27,2026/09/10,2026-09,CALL,74125,38,,,29.88,21.67,64,23,7,22,,,,,
2026/08/26 20:36,2026-08-26T20:51:12+09:00,2026/08/27,2026/09/10,2026-09,PUT,74125,7750,,,,,,,,,,,,,
2026/08/26 20:36,2026-08-26T20:51:12+09:00,2026/08/27,2026/09/10,2026-09,CALL,74000,38,,223,27.21,27.1,40,14,39,8,27.13,2,5.26,40,08/26 20:34
2026/08/26 20:36,2026-08-26T20:51:12+09:00,2026/08/27,2026/09/10,2026-09,PUT,74000,7630,,,,,,,,,,,,,
2026/08/26 20:36,2026-08-26T20:51:12+09:00,2026/08/27,2026/09/10,2026-09,CALL,73875,44,,,27.3,26.76,44,4,39,7,,,,,
2026/08/26 20:36,2026-08-26T20:51:12+09:00,2026/08/27,2026/09/10,2026-09,PUT,73875,7510,,,,,,,,,,,,,
2026/08/26 20:36,2026-08-26T20:51:12+09:00,2026/08/27,2026/09/10,2026-09,CALL,73750,47,,,27.25,26.84,47,16,43,4,,,,,
2026/08/26 20:36,2026-08-26T20:51:12+09:00,2026/08/27,2026/09/10,2026-09,PUT,73750,7385,,,,,,,,,,,,,
2026/08/26 20:36,2026-08-26T20:51:12+09:00,2026/08/27,2026/09/10,2026-09,CALL,73625,49,,,27.19,26.8,50,16,46,4,,,,,
2026/08/26 20:36,2026-08-26T20:51:12+09:00,2026/08/27,2026/09/10,2026-09,PUT,73625,7265,,,,,,,,,,,,,
2026/08/26 20:36,2026-08-26T20:51:12+09:00,2026/08/27,2026/09/10,2026-09,CALL,73500,50,,20,27.1,26.73,53,6,49,6,26.93,3,6.12,52,08/26 20:35
2026/08/26 20:36,2026-08-26T20:51:12+09:00,2026/08/27,2026/09/10,2026-09,PUT,73500,7145,,,,,,,,,,,,,
2026/08/26 20:36,2026-08-26T20:51:12+09:00,2026/08/27,2026/09/10,2026-09,CALL,73375,56,,,27.09,26.65,57,16,52,4,,,,,
2026/08/26 20:36,2026-08-26T20:51:12+09:00,2026/08/27,2026/09/10,2026-09,PUT,73375,7025,,,,,,,,,,,,,
2026/08/26 20:36,2026-08-26T20:51:12+09:00,2026/08/27,2026/09/10,2026-09,CALL,73250,60,,,26.98,26.55,60,4,55,19,,,,,
2026/08/26 20:36,2026-08-26T20:51:12+09:00,2026/08/27,2026/09/10,2026-09,PUT,73250,6905,,,,,,,,,,,,,
2026/08/26 20:36,2026-08-26T20:51:12+09:00,2026/08/27,2026/09/10,2026-09,CALL,73125,62,,,27.01,26.61,65,15,60,4,,,,,
2026/08/26 20:36,2026-08-26T20:51:12+09:00,2026/08/27,2026/09/10,2026-09,PUT,73125,6785,,,,,,,,,,,,,
2026/08/26 20:36,2026-08-26T20:51:12+09:00,2026/08/27,2026/09/10,2026-09,CALL,73000,64,,17,26.94,26.47,69,30,63,32,26.78,4,6.25,68,08/26 20:35
2026/08/26 20:36,2026-08-26T20:51:12+09:00,2026/08/27,2026/09/10,2026-09,PUT,73000,6665,,,,,,,,,,,,,
2026/08/26 20:36,2026-08-26T20:51:12+09:00,2026/08/27,2026/09/10,2026-09,CALL,72875,70,,,26.92,26.55,74,17,69,4,,,,,
2026/08/26 20:36,2026-08-26T20:51:12+09:00,2026/08/27,2026/09/10,2026-09,PUT,72875,6545,,,,,,,,,,,,,
2026/08/26 20:36,2026-08-26T20:51:12+09:00,2026/08/27,2026/09/10,2026-09,CALL,72750,76,,,26.81,26.39,78,4,72,19,,,,,
2026/08/26 20:36,2026-08-26T20:51:12+09:00,2026/08/27,2026/09/10,2026-09,PUT,72750,6425,,,35.77,,6745,3,6275,3,,,,,
2026/08/26 20:36,2026-08-26T20:51:12+09:00,2026/08/27,2026/09/10,2026-09,CALL,72625,82,,,26.82,26.49,84,14,79,4,,,,,
2026/08/26 20:36,2026-08-26T20:51:12+09:00,2026/08/27,2026/09/10,2026-09,PUT,72625,6305,,,35.49,,6625,3,6160,3,,,,,
2026/08/26 20:36,2026-08-26T20:51:12+09:00,2026/08/27,2026/09/10,2026-09,CALL,72500,81,,3,26.74,26.36,89,6,83,6,26.64,5,6.17,86,08/26 19:18
2026/08/26 20:36,2026-08-26T20:51:12+09:00,2026/08/27,2026/09/10,2026-09,PUT,72500,6185,,,35.2,,6505,4,6040,4,,,,,
2026/08/26 20:36,2026-08-26T20:51:12+09:00,2026/08/27,2026/09/10,2026-09,CALL,72375,93,,,26.7,26.4,95,4,90,3,,,,,
2026/08/26 20:36,2026-08-26T20:51:12+09:00,2026/08/27,2026/09/10,2026-09,PUT,72375,6070,,,35.08,,6390,3,5920,3,,,,,
2026/08/26 20:36,2026-08-26T20:51:12+09:00,2026/08/27,2026/09/10,2026-09,CALL,72250,99,,2,26.65,26.36,101,3,96,3,26.24,-8,-7.41,100,08/26 20:15
2026/08/26 20:36,2026-08-26T20:51:12+09:00,2026/08/27,2026/09/10,2026-09,PUT,72250,5950,,,34.77,,6270,3,5805,3,,,,,
2026/08/26 20:36,2026-08-26T20:51:12+09:00,2026/08/27,2026/09/10,2026-09,CALL,72125,106,,,26.62,26.29,108,3,102,12,,,,,
2026/08/26 20:36,2026-08-26T20:51:12+09:00,2026/08/27,2026/09/10,2026-09,PUT,72125,5835,,,34.63,,6155,3,5685,3,,,,,
2026/08/26 20:36,2026-08-26T20:51:12+09:00,2026/08/27,2026/09/10,2026-09,CALL,72000,111,,15,26.58,26.31,115,6,110,6,26.34,3,2.7,114,08/26 20:06
2026/08/26 20:36,2026-08-26T20:51:12+09:00,2026/08/27,2026/09/10,2026-09,PUT,72000,5715,,,34.31,,6035,6,5570,6,,,,,
2026/08/26 20:36,2026-08-26T20:51:12+09:00,2026/08/27,2026/09/10,2026-09,CALL,71875,120,,,26.61,26.26,124,15,117,12,,,,,
2026/08/26 20:36,2026-08-26T20:51:12+09:00,2026/08/27,2026/09/10,2026-09,PUT,71875,5600,,,34.15,,5920,3,5450,3,,,,,
2026/08/26 20:36,2026-08-26T20:51:12+09:00,2026/08/27,2026/09/10,2026-09,CALL,71750,129,,,26.57,26.28,132,5,126,3,,,,,
2026/08/26 20:36,2026-08-26T20:51:12+09:00,2026/08/27,2026/09/10,2026-09,PUT,71750,5485,,,33.98,,5805,3,5335,3,,,,,
2026/08/26 20:36,2026-08-26T20:51:12+09:00,2026/08/27,2026/09/10,2026-09,CALL,71625,139,,,26.56,26.28,141,5,135,3,,,,,
2026/08/26 20:36,2026-08-26T20:51:12+09:00,2026/08/27,2026/09/10,2026-09,PUT,71625,5370,,,26.28,23.03,5490,1,5430,1,,,,,
2026/08/26 20:36,2026-08-26T20:51:12+09:00,2026/08/27,2026/09/10,2026-09,CALL,71500,151,,14,26.52,26.16,150,4,142,17,26.28,0,0,151,08/26 20:20
2026/08/26 20:36,2026-08-26T20:51:12+09:00,2026/08/27,2026/09/10,2026-09,PUT,71500,5280,,,26.07,22.62,5370,1,5305,2,,,,,
2026/08/26 20:36,2026-08-26T20:51:12+09:00,2026/08/27,2026/09/10,2026-09,CALL,71375,159,,,26.5,26.24,160,3,154,3,,,,,
2026/08/26 20:36,2026-08-26T20:51:12+09:00,2026/08/27,2026/09/10,2026-09,PUT,71375,5140,,,26.28,22.82,5260,1,5190,3,,,,,
2026/08/26 20:36,2026-08-26T20:51:12+09:00,2026/08/27,2026/09/10,2026-09,CALL,71250,169,,,26.54,26.21,172,6,164,3,,,,,
2026/08/26 20:36,2026-08-26T20:51:12+09:00,2026/08/27,2026/09/10,2026-09,PUT,71250,5060,,,27.06,23.49,5165,2,5085,1,,,,,
2026/08/26 20:36,2026-08-26T20:51:12+09:00,2026/08/27,2026/09/10,2026-09,CALL,71125,183,,,26.47,26.23,182,3,176,3,,,,,
2026/08/26 20:36,2026-08-26T20:51:12+09:00,2026/08/27,2026/09/10,2026-09,PUT,71125,4915,,,26.39,23.31,5035,1,4965,1,,,,,
2026/08/26 20:36,2026-08-26T20:51:12+09:00,2026/08/27,2026/09/10,2026-09,CALL,71000,193,,16,26.45,26.19,194,6,187,18,26.17,-5,-2.56,190,08/26 20:26
2026/08/26 20:36,2026-08-26T20:51:12+09:00,2026/08/27,2026/09/10,2026-09,PUT,71000,4835,,,26.11,23.11,4915,2,4845,12,,,,,
2026/08/26 20:36,2026-08-26T20:51:12+09:00,2026/08/27,2026/09/10,2026-09,CALL,70875,208,,,26.45,26.16,207,3,199,12,,,,,
2026/08/26 20:36,2026-08-26T20:51:12+09:00,2026/08/27,2026/09/10,2026-09,PUT,70875,4695,,,26.19,23.58,4805,1,4740,1,,,,,
2026/08/26 20:36,2026-08-26T20:51:12+09:00,2026/08/27,2026/09/10,2026-09,CALL,70750,222,,,26.46,26.18,221,3,213,12,,,,,
2026/08/26 20:36,2026-08-26T20:51:12+09:00,2026/08/27,2026/09/10,2026-09,PUT,70750,4590,,,26.6,23.76,4705,1,4630,1,,,,,
2026/08/26 20:36,2026-08-26T20:51:12+09:00,2026/08/27,2026/09/10,2026-09,CALL,70625,236,,,26.47,26.17,236,3,227,12,,,,,
2026/08/26 20:36,2026-08-26T20:51:12+09:00,2026/08/27,2026/09/10,2026-09,PUT,70625,4475,,,26.27,23.7,4585,1,4515,1,,,,,
2026/08/26 20:36,2026-08-26T20:51:12+09:00,2026/08/27,2026/09/10,2026-09,CALL,70500,246,,7,26.49,26.2,252,3,243,3,26.13,-1,-0.41,245,08/26 20:28
2026/08/26 20:36,2026-08-26T20:51:12+09:00,2026/08/27,2026/09/10,2026-09,PUT,70500,4380,,,26.26,23.99,4475,1,4410,1,,,,,
2026/08/26 20:36,2026-08-26T20:51:12+09:00,2026/08/27,2026/09/10,2026-09,CALL,70375,270,,,26.52,26.14,269,3,257,2,,,,,
2026/08/26 20:36,2026-08-26T20:51:12+09:00,2026/08/27,2026/09/10,2026-09,PUT,70375,4260,,,26.39,24.04,4370,1,4300,1,,,,,
2026/08/26 20:36,2026-08-26T20:51:12+09:00,2026/08/27,2026/09/10,2026-09,CALL,70250,286,,3,26.52,26.18,286,3,275,2,26.12,,,280,08/26 19:49
2026/08/26 20:36,2026-08-26T20:51:12+09:00,2026/08/27,2026/09/10,2026-09,PUT,70250,4170,,,26.18,24.07,4255,1,4190,1,,,,,
2026/08/26 20:36,2026-08-26T20:51:12+09:00,2026/08/27,2026/09/10,2026-09,CALL,70125,305,,1,26.55,26.19,305,2,293,8,26.47,-5,-1.61,305,08/26 18:12
2026/08/26 20:36,2026-08-26T20:51:12+09:00,2026/08/27,2026/09/10,2026-09,PUT,70125,4050,,,26.4,24.22,4155,1,4085,1,,,,,
2026/08/26 20:36,2026-08-26T20:51:12+09:00,2026/08/27,2026/09/10,2026-09,CALL,70000,310,,60,26.43,26.29,320,4,315,1,26.24,15,4.84,325,08/26 20:21
2026/08/26 20:36,2026-08-26T20:51:12+09:00,2026/08/27,2026/09/10,2026-09,PUT,70000,3960,,,26.29,24.18,4045,8,3975,8,,,,,
2026/08/26 20:36,2026-08-26T20:51:12+09:00,2026/08/27,2026/09/10,2026-09,CALL,69875,345,,,26.44,26.16,340,2,330,12,,,,,
2026/08/26 20:36,2026-08-26T20:51:12+09:00,2026/08/27,2026/09/10,2026-09,PUT,69875,3840,,,26.44,24.41,3945,1,3875,1,,,,,
2026/08/26 20:36,2026-08-26T20:51:12+09:00,2026/08/27,2026/09/10,2026-09,CALL,69750,365,,,26.55,26.14,365,6,350,14,,,,,
2026/08/26 20:36,2026-08-26T20:51:12+09:00,2026/08/27,2026/09/10,2026-09,PUT,69750,3745,,,26.28,24.46,3835,1,3770,1,,,,,
2026/08/26 20:36,2026-08-26T20:51:12+09:00,2026/08/27,2026/09/10,2026-09,CALL,69625,390,,,26.5,26.24,385,2,375,12,,,,,
2026/08/26 20:36,2026-08-26T20:51:12+09:00,2026/08/27,2026/09/10,2026-09,PUT,69625,3635,,,26.37,24.47,3735,1,3665,1,,,,,
2026/08/26 20:36,2026-08-26T20:51:12+09:00,2026/08/27,2026/09/10,2026-09,CALL,69500,415,,5,26.55,26.3,410,4,400,7,26.17,-10,-2.41,405,08/26 20:00
2026/08/26 20:36,2026-08-26T20:51:12+09:00,2026/08/27,2026/09/10,2026-09,PUT,69500,3545,,,26.3,24.45,3630,1,3560,1,,,,,
2026/08/26 20:36,2026-08-26T20:51:12+09:00,2026/08/27,2026/09/10,2026-09,CALL,69375,440,,,26.58,26.33,435,3,425,2,,,,,
2026/08/26 20:36,2026-08-26T20:51:12+09:00,2026/08/27,2026/09/10,2026-09,PUT,69375,3435,,,26.33,24.54,3530,1,3460,1,,,,,
2026/08/26 20:36,2026-08-26T20:51:12+09:00,2026/08/27,2026/09/10,2026-09,CALL,69250,465,,,26.69,26.33,465,12,450,5,,,,,
2026/08/26 20:36,2026-08-26T20:51:12+09:00,2026/08/27,2026/09/10,2026-09,PUT,69250,3345,,,26.33,24.71,3430,1,3365,1,,,,,
2026/08/26 20:36,2026-08-26T20:51:12+09:00,2026/08/27,2026/09/10,2026-09,CALL,69125,495,,,26.66,26.3,490,10,475,3,,,,,
2026/08/26 20:36,2026-08-26T20:51:12+09:00,2026/08/27,2026/09/10,2026-09,PUT,69125,3245,,,26.42,24.73,3335,1,3265,1,,,,,
2026/08/26 20:36,2026-08-26T20:51:12+09:00,2026/08/27,2026/09/10,2026-09,CALL,69000,520,,19,26.71,26.36,520,20,505,20,26.29,5,0.98,515,08/26 20:31
2026/08/26 20:36,2026-08-26T20:51:12+09:00,2026/08/27,2026/09/10,2026-09,PUT,69000,3155,,1,26.25,24.83,3230,8,3170,8,26.71,,,3250,08/26 18:49
2026/08/26 20:36,2026-08-26T20:51:12+09:00,2026/08/27,2026/09/10,2026-09,CALL,68875,555,,,26.73,26.39,550,10,535,3,,,,,
2026/08/26 20:36,2026-08-26T20:51:12+09:00,2026/08/27,2026/09/10,2026-09,PUT,68875,3055,,,26.28,25.02,3135,1,3080,1,,,,,
2026/08/26 20:36,2026-08-26T20:51:12+09:00,2026/08/27,2026/09/10,2026-09,CALL,68750,585,,,26.84,26.4,585,12,565,5,,,,,
2026/08/26 20:36,2026-08-26T20:51:12+09:00,2026/08/27,2026/09/10,2026-09,PUT,68750,2975,,24,26.29,24.94,3040,1,2980,2,27.1,,,3055,08/26 17:29
2026/08/26 20:36,2026-08-26T20:51:12+09:00,2026/08/27,2026/09/10,2026-09,CALL,68625,620,,,26.8,26.48,615,9,600,2,,,,,
2026/08/26 20:36,2026-08-26T20:51:12+09:00,2026/08/27,2026/09/10,2026-09,PUT,68625,2875,,,26.48,25.17,2955,1,2895,1,,,,,
2026/08/26 20:36,2026-08-26T20:51:12+09:00,2026/08/27,2026/09/10,2026-09,CALL,68500,650,,,26.85,26.53,650,4,635,4,,,,,
2026/08/26 20:36,2026-08-26T20:51:12+09:00,2026/08/27,2026/09/10,2026-09,PUT,68500,2785,,,26.53,25.14,2865,1,2800,1,,,,,
2026/08/26 20:36,2026-08-26T20:51:12+09:00,2026/08/27,2026/09/10,2026-09,CALL,68375,695,,,26.97,26.55,690,9,670,2,,,,,
2026/08/26 20:36,2026-08-26T20:51:12+09:00,2026/08/27,2026/09/10,2026-09,PUT,68375,2700,,,26.55,25.08,2775,1,2705,3,,,,,
2026/08/26 20:36,2026-08-26T20:51:12+09:00,2026/08/27,2026/09/10,2026-09,CALL,68250,730,,,27.06,26.54,730,11,705,5,,,,,
2026/08/26 20:36,2026-08-26T20:51:12+09:00,2026/08/27,2026/09/10,2026-09,PUT,68250,2625,,,26.65,25.2,2690,1,2620,1,,,,,
2026/08/26 20:36,2026-08-26T20:51:12+09:00,2026/08/27,2026/09/10,2026-09,CALL,68125,775,,,27.01,26.61,765,9,745,9,,,,,
2026/08/26 20:36,2026-08-26T20:51:12+09:00,2026/08/27,2026/09/10,2026-09,PUT,68125,2530,,,26.61,25.19,2600,1,2530,3,,,,,
2026/08/26 20:36,2026-08-26T20:51:12+09:00,2026/08/27,2026/09/10,2026-09,CALL,68000,780,,4,26.94,26.64,800,6,785,18,26.58,15,1.92,795,08/26 19:48
2026/08/26 20:36,2026-08-26T20:51:12+09:00,2026/08/27,2026/09/10,2026-09,PUT,68000,2445,,,26.74,25.45,2520,8,2455,8,,,,,
2026/08/26 20:36,2026-08-26T20:51:12+09:00,2026/08/27,2026/09/10,2026-09,CALL,67875,860,,,27.14,26.65,850,8,825,8,,,,,
2026/08/26 20:36,2026-08-26T20:51:12+09:00,2026/08/27,2026/09/10,2026-09,PUT,67875,2365,,,26.84,25.37,2440,1,2365,3,,,,,
2026/08/26 20:36,2026-08-26T20:51:12+09:00,2026/08/27,2026/09/10,2026-09,CALL,67750,885,,,27.3,26.72,900,10,870,10,,,,,
2026/08/26 20:36,2026-08-26T20:51:12+09:00,2026/08/27,2026/09/10,2026-09,PUT,67750,2275,,,26.82,25.66,2355,1,2295,1,,,,,
2026/08/26 20:36,2026-08-26T20:51:12+09:00,2026/08/27,2026/09/10,2026-09,CALL,67625,950,,,27.15,26.76,935,8,915,8,,,,,
2026/08/26 20:36,2026-08-26T20:51:12+09:00,2026/08/27,2026/09/10,2026-09,PUT,67625,2215,,,26.96,24.94,2280,8,2175,23,,,,,
2026/08/26 20:36,2026-08-26T20:51:12+09:00,2026/08/27,2026/09/10,2026-09,CALL,67500,1005,,8,27.44,26.87,995,10,965,10,26.94,-25,-2.49,980,08/26 20:28
2026/08/26 20:36,2026-08-26T20:51:12+09:00,2026/08/27,2026/09/10,2026-09,PUT,67500,2140,,,27.15,25.07,2210,9,2100,24,,,,,
2026/08/26 20:36,2026-08-26T20:51:12+09:00,2026/08/27,2026/09/10,2026-09,CALL,67375,1050,,,27.42,26.95,1040,8,1015,3,,,,,
2026/08/26 20:36,2026-08-26T20:51:12+09:00,2026/08/27,2026/09/10,2026-09,PUT,67375,2070,,,26.85,25.92,2115,8,2065,8,,,,,
2026/08/26 20:36,2026-08-26T20:51:12+09:00,2026/08/27,2026/09/10,2026-09,CALL,67250,1100,,,27.55,26.99,1095,7,1065,7,,,,,
2026/08/26 20:36,2026-08-26T20:51:12+09:00,2026/08/27,2026/09/10,2026-09,PUT,67250,1990,,,26.9,25.97,2040,8,1990,8,,,,,
2026/08/26 20:36,2026-08-26T20:51:12+09:00,2026/08/27,2026/09/10,2026-09,CALL,67125,1155,,,27.93,27.01,1165,7,1115,7,,,,,
2026/08/26 20:36,2026-08-26T20:51:12+09:00,2026/08/27,2026/09/10,2026-09,PUT,67125,1925,,,27.01,26.09,1970,8,1920,8,,,,,
2026/08/26 20:36,2026-08-26T20:51:12+09:00,2026/08/27,2026/09/10,2026-09,CALL,67000,1170,,4,27.73,27.09,1205,4,1170,12,27.11,25,2.14,1195,08/26 20:23
2026/08/26 20:36,2026-08-26T20:51:12+09:00,2026/08/27,2026/09/10,2026-09,PUT,67000,1850,,1,27.09,25.9,1900,12,1835,12,26.78,40,2.15,1900,08/26 17:30
2026/08/26 20:36,2026-08-26T20:51:12+09:00,2026/08/27,2026/09/10,2026-09,CALL,66875,1265,,,27.77,27.14,1260,7,1225,7,,,,,
2026/08/26 20:36,2026-08-26T20:51:12+09:00,2026/08/27,2026/09/10,2026-09,PUT,66875,1790,,,27.14,26.5,1830,8,1795,9,,,,,
2026/08/26 20:36,2026-08-26T20:51:12+09:00,2026/08/27,2026/09/10,2026-09,CALL,66750,1325,,1,27.88,27.25,1320,7,1285,7,27.29,,,1320,08/26 17:38
2026/08/26 20:36,2026-08-26T20:51:12+09:00,2026/08/27,2026/09/10,2026-09,PUT,66750,1725,,,27.06,26.34,1755,4,1715,9,,,,,
2026/08/26 20:36,2026-08-26T20:51:12+09:00,2026/08/27,2026/09/10,2026-09,CALL,66625,1385,,,28.05,27.14,1385,7,1335,7,,,,,
2026/08/26 20:36,2026-08-26T20:51:12+09:00,2026/08/27,2026/09/10,2026-09,PUT,66625,1660,,,27.24,26.06,1695,9,1630,24,,,,,
2026/08/26 20:36,2026-08-26T20:51:12+09:00,2026/08/27,2026/09/10,2026-09,CALL,66500,1425,,7,27.74,27.38,1425,3,1405,9,27.43,-5,-0.35,1420,08/26 20:34
2026/08/26 20:36,2026-08-26T20:51:12+09:00,2026/08/27,2026/09/10,2026-09,PUT,66500,1600,,2,27.38,26.2,1635,11,1570,11,27.83,-25,-1.5,1645,08/26 17:29
2026/08/26 20:36,2026-08-26T20:51:12+09:00,2026/08/27,2026/09/10,2026-09,CALL,66375,1510,,,28.12,27.49,1505,7,1470,7,,,,,
2026/08/26 20:36,2026-08-26T20:51:12+09:00,2026/08/27,2026/09/10,2026-09,PUT,66375,1540,,1,27.31,26.94,1565,4,1545,9,27.4,,,1570,08/26 18:52
2026/08/26 20:36,2026-08-26T20:51:12+09:00,2026/08/27,2026/09/10,2026-09,CALL,66250,1575,,,28.38,27.48,1580,9,1530,9,,,,,
2026/08/26 20:36,2026-08-26T20:51:12+09:00,2026/08/27,2026/09/10,2026-09,PUT,66250,1480,,,27.48,26.93,1510,7,1480,7,,,,,
2026/08/26 20:36,2026-08-26T20:51:12+09:00,2026/08/27,2026/09/10,2026-09,CALL,66125,1640,,,28.16,27.62,1630,9,1600,9,,,,,
2026/08/26 20:36,2026-08-26T20:51:12+09:00,2026/08/27,2026/09/10,2026-09,PUT,66125,1425,,,27.53,26.89,1450,7,1415,7,,,,,
2026/08/26 20:36,2026-08-26T20:51:12+09:00,2026/08/27,2026/09/10,2026-09,CALL,66000,1750,,1,28.1,27.73,1690,6,1670,14,27.79,15,0.89,1700,08/26 20:33
2026/08/26 20:36,2026-08-26T20:51:12+09:00,2026/08/27,2026/09/10,2026-09,PUT,66000,1370,,37,27.64,27.01,1395,12,1360,12,27.77,-50,-3.52,1370,08/26 17:46
2026/08/26 20:36,2026-08-26T20:51:12+09:00,2026/08/27,2026/09/10,2026-09,CALL,65875,1815,,1,28.55,27.27,1780,8,1710,8,27.77,,,1765,08/26 20:33
2026/08/26 20:36,2026-08-26T20:51:12+09:00,2026/08/27,2026/09/10,2026-09,PUT,65875,1315,,,27.73,27.27,1340,7,1315,7,,,,,
2026/08/26 20:36,2026-08-26T20:51:12+09:00,2026/08/27,2026/09/10,2026-09,CALL,65750,1865,,,28.79,27.87,1860,8,1810,8,,,,,
2026/08/26 20:36,2026-08-26T20:51:12+09:00,2026/08/27,2026/09/10,2026-09,PUT,65750,1260,,,27.78,27.23,1285,7,1255,7,,,,,
2026/08/26 20:36,2026-08-26T20:51:12+09:00,2026/08/27,2026/09/10,2026-09,CALL,65625,1935,,,28.82,27.9,1930,8,1880,8,,,,,
2026/08/26 20:36,2026-08-26T20:51:12+09:00,2026/08/27,2026/09/10,2026-09,PUT,65625,1205,,,27.9,27.35,1235,7,1205,7,,,,,
2026/08/26 20:36,2026-08-26T20:51:12+09:00,2026/08/27,2026/09/10,2026-09,CALL,65500,2015,,,28.91,27.34,2005,9,1920,24,,,,,
2026/08/26 20:36,2026-08-26T20:51:12+09:00,2026/08/27,2026/09/10,2026-09,PUT,65500,1165,,1,27.99,27.52,1185,9,1160,10,28.49,-20,-1.64,1200,08/26 17:29
2026/08/26 20:36,2026-08-26T20:51:12+09:00,2026/08/27,2026/09/10,2026-09,CALL,65375,2095,,,29.82,28.14,2125,23,2035,8,,,,,
2026/08/26 20:36,2026-08-26T20:51:12+09:00,2026/08/27,2026/09/10,2026-09,PUT,65375,1115,,,28.05,27.67,1135,2,1115,8,,,,,
2026/08/26 20:36,2026-08-26T20:51:12+09:00,2026/08/27,2026/09/10,2026-09,CALL,65250,2170,,,29.87,27.89,2200,23,2095,8,,,,,
2026/08/26 20:36,2026-08-26T20:51:12+09:00,2026/08/27,2026/09/10,2026-09,PUT,65250,1065,,2,28.18,27.7,1090,8,1065,8,28.21,-255,-19.32,1065,08/26 17:46
2026/08/26 20:36,2026-08-26T20:51:12+09:00,2026/08/27,2026/09/10,2026-09,CALL,65125,2255,,,29.7,27.89,2265,23,2170,8,,,,,
2026/08/26 20:36,2026-08-26T20:51:12+09:00,2026/08/27,2026/09/10,2026-09,PUT,65125,1070,,,28.27,27.89,1045,3,1025,8,,,,,
2026/08/26 20:36,2026-08-26T20:51:12+09:00,2026/08/27,2026/09/10,2026-09,CALL,65000,2335,,,29.5,28.34,2330,8,2270,8,,,,,
2026/08/26 20:36,2026-08-26T20:51:12+09:00,2026/08/27,2026/09/10,2026-09,PUT,65000,980,,11,28.34,27.96,1000,4,980,16,28.43,10,1.02,990,08/26 18:58
2026/08/26 20:36,2026-08-26T20:51:12+09:00,2026/08/27,2026/09/10,2026-09,CALL,64875,2465,,,29.65,28.48,2415,1,2355,1,,,,,
2026/08/26 20:36,2026-08-26T20:51:12+09:00,2026/08/27,2026/09/10,2026-09,PUT,64875,940,,,28.48,27.8,960,3,925,8,,,,,
2026/08/26 20:36,2026-08-26T20:51:12+09:00,2026/08/27,2026/09/10,2026-09,CALL,64750,2520,,,29.78,28.6,2500,1,2440,1,,,,,
2026/08/26 20:36,2026-08-26T20:51:12+09:00,2026/08/27,2026/09/10,2026-09,PUT,64750,905,,,28.6,28.1,920,4,895,11,,,,,
2026/08/26 20:36,2026-08-26T20:51:12+09:00,2026/08/27,2026/09/10,2026-09,CALL,64625,2640,,,29.88,28.68,2585,1,2525,1,,,,,
2026/08/26 20:36,2026-08-26T20:51:12+09:00,2026/08/27,2026/09/10,2026-09,PUT,64625,860,,,28.68,28.38,880,2,865,9,,,,,
2026/08/26 20:36,2026-08-26T20:51:12+09:00,2026/08/27,2026/09/10,2026-09,CALL,64500,2695,,,30.05,28.74,2675,1,2610,1,,,,,
2026/08/26 20:36,2026-08-26T20:51:12+09:00,2026/08/27,2026/09/10,2026-09,PUT,64500,830,,1,28.84,28.13,845,14,810,14,28.83,5,0.6,835,08/26 17:54
2026/08/26 20:36,2026-08-26T20:51:12+09:00,2026/08/27,2026/09/10,2026-09,CALL,64375,2820,,,30.1,28.97,2760,1,2705,1,,,,,
2026/08/26 20:36,2026-08-26T20:51:12+09:00,2026/08/27,2026/09/10,2026-09,PUT,64375,785,,,28.97,28.67,810,3,795,3,,,,,
2026/08/26 20:36,2026-08-26T20:51:12+09:00,2026/08/27,2026/09/10,2026-09,CALL,64250,2875,,,30.33,28.56,2855,1,2770,1,,,,,
2026/08/26 20:36,2026-08-26T20:51:12+09:00,2026/08/27,2026/09/10,2026-09,PUT,64250,760,,,29.08,28.45,775,11,745,11,,,,,
2026/08/26 20:36,2026-08-26T20:51:12+09:00,2026/08/27,2026/09/10,2026-09,CALL,64125,3005,,,30.64,29.06,2955,3,2880,1,,,,,
2026/08/26 20:36,2026-08-26T20:51:12+09:00,2026/08/27,2026/09/10,2026-09,PUT,64125,725,,,29.16,28.84,740,2,725,9,,,,,
2026/08/26 20:36,2026-08-26T20:51:12+09:00,2026/08/27,2026/09/10,2026-09,CALL,64000,3045,,,30.72,29.22,3045,12,2975,8,,,,,
2026/08/26 20:36,2026-08-26T20:51:12+09:00,2026/08/27,2026/09/10,2026-09,PUT,64000,680,,4,29.33,28.68,710,20,680,30,29.41,15,2.21,695,08/26 17:46
2026/08/26 20:36,2026-08-26T20:51:12+09:00,2026/08/27,2026/09/10,2026-09,CALL,63875,3195,,,30.67,28.91,3130,1,3050,1,,,,,
2026/08/26 20:36,2026-08-26T20:51:12+09:00,2026/08/27,2026/09/10,2026-09,PUT,63875,665,,,29.46,29.13,680,10,665,3,,,,,
2026/08/26 20:36,2026-08-26T20:51:12+09:00,2026/08/27,2026/09/10,2026-09,CALL,63750,3245,,,30.8,29.58,3225,1,3170,1,,,,,
2026/08/26 20:36,2026-08-26T20:51:12+09:00,2026/08/27,2026/09/10,2026-09,PUT,63750,635,,,29.58,29.24,650,12,635,4,,,,,
2026/08/26 20:36,2026-08-26T20:51:12+09:00,2026/08/27,2026/09/10,2026-09,CALL,63625,3390,,,31.14,29.55,3330,3,3260,1,,,,,
2026/08/26 20:36,2026-08-26T20:51:12+09:00,2026/08/27,2026/09/10,2026-09,PUT,63625,605,,,29.66,29.44,620,2,610,3,,,,,
2026/08/26 20:36,2026-08-26T20:51:12+09:00,2026/08/27,2026/09/10,2026-09,CALL,63500,3445,,,31.23,29.26,3425,1,3340,1,,,,,
2026/08/26 20:36,2026-08-26T20:51:12+09:00,2026/08/27,2026/09/10,2026-09,PUT,63500,585,,,29.84,29.37,595,5,575,25,,,,,
2026/08/26 20:36,2026-08-26T20:51:12+09:00,2026/08/27,2026/09/10,2026-09,CALL,63375,3585,,,31.29,29.76,3520,1,3455,1,,,,,
2026/08/26 20:36,2026-08-26T20:51:12+09:00,2026/08/27,2026/09/10,2026-09,PUT,63375,550,,,30,29.64,570,3,555,10,,,,,
2026/08/26 20:36,2026-08-26T20:51:12+09:00,2026/08/27,2026/09/10,2026-09,CALL,63250,3630,,,31.57,30.01,3625,1,3560,1,,,,,
2026/08/26 20:36,2026-08-26T20:51:12+09:00,2026/08/27,2026/09/10,2026-09,PUT,63250,530,,,30.13,29.52,545,5,520,12,,,,,
2026/08/26 20:36,2026-08-26T20:51:12+09:00,2026/08/27,2026/09/10,2026-09,CALL,63125,3785,,,31.71,30.24,3725,1,3665,1,,,,,
2026/08/26 20:36,2026-08-26T20:51:12+09:00,2026/08/27,2026/09/10,2026-09,PUT,63125,505,,,30.24,29.86,520,12,505,9,,,,,
2026/08/26 20:36,2026-08-26T20:51:12+09:00,2026/08/27,2026/09/10,2026-09,CALL,63000,3850,,,31.83,30.32,3825,8,3765,2,,,,,
2026/08/26 20:36,2026-08-26T20:51:12+09:00,2026/08/27,2026/09/10,2026-09,PUT,63000,495,,21,30.32,29.81,495,4,475,34,30.4,-10,-2.02,485,08/26 20:01
2026/08/26 20:36,2026-08-26T20:51:12+09:00,2026/08/27,2026/09/10,2026-09,CALL,62875,3995,,,32.05,30.11,3930,1,3855,1,,,,,
2026/08/26 20:36,2026-08-26T20:51:12+09:00,2026/08/27,2026/09/10,2026-09,PUT,62875,460,,,30.51,30.25,475,12,465,4,,,,,
2026/08/26 20:36,2026-08-26T20:51:12+09:00,2026/08/27,2026/09/10,2026-09,CALL,62750,4045,,,32.25,30.54,4035,1,3970,1,,,,,
2026/08/26 20:36,2026-08-26T20:51:12+09:00,2026/08/27,2026/09/10,2026-09,PUT,62750,440,,,30.67,30.14,455,6,435,14,,,,,
2026/08/26 20:36,2026-08-26T20:51:12+09:00,2026/08/27,2026/09/10,2026-09,CALL,62625,4205,,,32.43,30.41,4140,1,4065,1,,,,,
2026/08/26 20:36,2026-08-26T20:51:12+09:00,2026/08/27,2026/09/10,2026-09,PUT,62625,420,,,30.82,30.41,435,12,420,12,,,,,
2026/08/26 20:36,2026-08-26T20:51:12+09:00,2026/08/27,2026/09/10,2026-09,CALL,62500,4260,,,32.86,30.52,4255,2,4170,1,,,,,
2026/08/26 20:36,2026-08-26T20:51:12+09:00,2026/08/27,2026/09/10,2026-09,PUT,62500,405,,1,30.94,30.66,415,3,405,7,30.98,10,2.44,420,08/26 19:17
2026/08/26 20:36,2026-08-26T20:51:12+09:00,2026/08/27,2026/09/10,2026-09,CALL,62375,4415,,,32.86,31.04,4355,1,4290,1,,,,,
2026/08/26 20:36,2026-08-26T20:51:12+09:00,2026/08/27,2026/09/10,2026-09,PUT,62375,385,,,31.18,30.75,400,12,385,12,,,,,
2026/08/26 20:36,2026-08-26T20:51:12+09:00,2026/08/27,2026/09/10,2026-09,CALL,62250,4485,,,33.13,31.11,4465,1,4395,1,,,,,
2026/08/26 20:36,2026-08-26T20:51:12+09:00,2026/08/27,2026/09/10,2026-09,PUT,62250,365,,,31.26,30.82,380,10,365,14,,,,,
2026/08/26 20:36,2026-08-26T20:51:12+09:00,2026/08/27,2026/09/10,2026-09,CALL,62125,4635,,,33.09,31.16,4565,1,4500,1,,,,,
2026/08/26 20:36,2026-08-26T20:51:12+09:00,2026/08/27,2026/09/10,2026-09,PUT,62125,350,,,31.46,31.16,365,12,355,2,,,,,
2026/08/26 20:36,2026-08-26T20:51:12+09:00,2026/08/27,2026/09/10,2026-09,CALL,62000,4695,,,33.46,31.49,4680,8,4615,8,,,,,
2026/08/26 20:36,2026-08-26T20:51:12+09:00,2026/08/27,2026/09/10,2026-09,PUT,62000,335,,56,31.65,31.34,350,8,340,8,31.61,-10,-2.82,345,08/26 20:25
2026/08/26 20:36,2026-08-26T20:51:12+09:00,2026/08/27,2026/09/10,2026-09,CALL,61875,4855,,,33.52,31.66,4785,1,4725,1,,,,,
2026/08/26 20:36,2026-08-26T20:51:12+09:00,2026/08/27,2026/09/10,2026-09,PUT,61875,320,,,31.82,31.34,335,12,320,12,,,,,
2026/08/26 20:36,2026-08-26T20:51:12+09:00,2026/08/27,2026/09/10,2026-09,CALL,61750,4920,,,33.86,31.8,4900,1,4835,1,,,,,
2026/08/26 20:36,2026-08-26T20:51:12+09:00,2026/08/27,2026/09/10,2026-09,PUT,61750,305,,,31.96,31.63,320,7,310,4,,,,,
2026/08/26 20:36,2026-08-26T20:51:12+09:00,2026/08/27,2026/09/10,2026-09,CALL,61625,5075,,,34.04,28.27,5010,1,4845,2,,,,,
2026/08/26 20:36,2026-08-26T20:51:12+09:00,2026/08/27,2026/09/10,2026-09,PUT,61625,291,,,32.09,31.75,305,3,295,14,,,,,
2026/08/26 20:36,2026-08-26T20:51:12+09:00,2026/08/27,2026/09/10,2026-09,CALL,61500,5145,,,34.36,32.02,5125,1,5055,1,,,,,
2026/08/26 20:36,2026-08-26T20:51:12+09:00,2026/08/27,2026/09/10,2026-09,PUT,61500,280,,1,32.26,32.02,292,4,285,1,32.58,-19,-6.23,286,08/26 17:42
2026/08/26 20:36,2026-08-26T20:51:12+09:00,2026/08/27,2026/09/10,2026-09,CALL,61375,5300,,,34.5,31.73,5235,1,5155,3,,,,,
2026/08/26 20:36,2026-08-26T20:51:12+09:00,2026/08/27,2026/09/10,2026-09,PUT,61375,268,,,32.45,32.16,280,3,272,4,,,,,
2026/08/26 20:36,2026-08-26T20:51:12+09:00,2026/08/27,2026/09/10,2026-09,CALL,61250,5365,,,34.8,32.69,5350,1,5290,1,,,,,
2026/08/26 20:36,2026-08-26T20:51:12+09:00,2026/08/27,2026/09/10,2026-09,PUT,61250,251,,,32.62,32.36,268,3,261,2,,,,,
2026/08/26 20:36,2026-08-26T20:51:12+09:00,2026/08/27,2026/09/10,2026-09,CALL,61125,5530,,,35.08,32.55,5465,1,5395,1,,,,,
2026/08/26 20:36,2026-08-26T20:51:12+09:00,2026/08/27,2026/09/10,2026-09,PUT,61125,244,,,32.81,32.55,257,3,250,5,,,,,
2026/08/26 20:36,2026-08-26T20:51:12+09:00,2026/08/27,2026/09/10,2026-09,CALL,61000,5645,,,41.9,21.82,5785,6,5310,6,,,,,
2026/08/26 20:36,2026-08-26T20:51:12+09:00,2026/08/27,2026/09/10,2026-09,PUT,61000,238,,60,32.95,32.71,245,6,239,9,33.18,7,2.94,245,08/26 20:31
2026/08/26 20:36,2026-08-26T20:51:12+09:00,2026/08/27,2026/09/10,2026-09,CALL,60875,5760,,,42.43,21.19,5905,3,5425,3,,,,,
2026/08/26 20:36,2026-08-26T20:51:12+09:00,2026/08/27,2026/09/10,2026-09,PUT,60875,226,,,33.26,32.9,238,3,229,6,,,,,
2026/08/26 20:36,2026-08-26T20:51:12+09:00,2026/08/27,2026/09/10,2026-09,CALL,60750,5875,,,42.8,19.43,6020,3,5535,3,,,,,
2026/08/26 20:36,2026-08-26T20:51:12+09:00,2026/08/27,2026/09/10,2026-09,PUT,60750,216,,,33.36,33.11,226,3,220,2,,,,,
2026/08/26 20:36,2026-08-26T20:51:12+09:00,2026/08/27,2026/09/10,2026-09,CALL,60625,5995,,,43.16,18.76,6135,3,5655,3,,,,,
2026/08/26 20:36,2026-08-26T20:51:12+09:00,2026/08/27,2026/09/10,2026-09,PUT,60625,208,,,33.56,33.3,217,3,211,2,,,,,
2026/08/26 20:36,2026-08-26T20:51:12+09:00,2026/08/27,2026/09/10,2026-09,CALL,60500,6105,,,43.52,0,6250,4,5770,4,,,,,
2026/08/26 20:36,2026-08-26T20:51:12+09:00,2026/08/27,2026/09/10,2026-09,PUT,60500,203,,,33.79,33.48,209,17,202,8,,,,,
2026/08/26 20:36,2026-08-26T20:51:12+09:00,2026/08/27,2026/09/10,2026-09,CALL,60375,6225,,,44.18,0,6375,3,5895,3,,,,,
2026/08/26 20:36,2026-08-26T20:51:12+09:00,2026/08/27,2026/09/10,2026-09,PUT,60375,192,,,34.01,33.69,201,12,194,5,,,,,
2026/08/26 20:36,2026-08-26T20:51:12+09:00,2026/08/27,2026/09/10,2026-09,CALL,60250,6340,,,44.36,,6485,3,6005,3,,,,,
2026/08/26 20:36,2026-08-26T20:51:12+09:00,2026/08/27,2026/09/10,2026-09,PUT,60250,183,,,34.21,33.88,193,12,186,2,,,,,
2026/08/26 20:36,2026-08-26T20:51:12+09:00,2026/08/27,2026/09/10,2026-09,CALL,60125,6460,,,44.86,,6605,3,6125,3,,,,,
2026/08/26 20:36,2026-08-26T20:51:12+09:00,2026/08/27,2026/09/10,2026-09,PUT,60125,177,,,34.39,34.11,185,3,179,2,,,,,
2026/08/26 20:36,2026-08-26T20:51:12+09:00,2026/08/27,2026/09/10,2026-09,CALL,60000,6580,,,45.18,,6720,6,6245,6,,,,,
2026/08/26 20:36,2026-08-26T20:51:12+09:00,2026/08/27,2026/09/10,2026-09,PUT,60000,169,,65,34.61,34.42,178,2,174,1,34.51,3,1.78,172,08/26 20:24
2026/08/26 20:36,2026-08-26T20:51:12+09:00,2026/08/27,2026/09/10,2026-09,CALL,59875,6695,,,45.66,,6840,3,6360,3,,,,,
2026/08/26 20:36,2026-08-26T20:51:12+09:00,2026/08/27,2026/09/10,2026-09,PUT,59875,163,,,34.87,34.51,172,12,165,2,,,,,
2026/08/26 20:36,2026-08-26T20:51:12+09:00,2026/08/27,2026/09/10,2026-09,CALL,59750,6815,,,45.98,,6955,3,6480,3,,,,,
2026/08/26 20:36,2026-08-26T20:51:12+09:00,2026/08/27,2026/09/10,2026-09,PUT,59750,156,,,35.01,34.75,164,3,159,2,,,,,
2026/08/26 20:36,2026-08-26T20:51:12+09:00,2026/08/27,2026/09/10,2026-09,CALL,59625,6935,,,46.45,,7075,3,6600,3,,,,,
2026/08/26 20:36,2026-08-26T20:51:12+09:00,2026/08/27,2026/09/10,2026-09,PUT,59625,151,,,35.24,34.97,158,3,153,2,,,,,
2026/08/26 20:36,2026-08-26T20:51:12+09:00,2026/08/27,2026/09/10,2026-09,CALL,59500,7050,,,46.74,,7190,3,6720,3,,,,,
2026/08/26 20:36,2026-08-26T20:51:12+09:00,2026/08/27,2026/09/10,2026-09,PUT,59500,143,,4,35.51,35.23,153,17,148,1,35.32,5,3.5,148,08/26 20:25
2026/08/26 20:36,2026-08-26T20:51:12+09:00,2026/08/27,2026/09/10,2026-09,CALL,59375,7175,,,47.21,,7310,3,6840,3,,,,,
2026/08/26 20:36,2026-08-26T20:51:12+09:00,2026/08/27,2026/09/10,2026-09,PUT,59375,140,,,35.77,35.37,148,4,141,5,,,,,
2026/08/26 20:36,2026-08-26T20:51:12+09:00,2026/08/27,2026/09/10,2026-09,CALL,59250,7290,,,47.67,,7430,2,6960,2,,,,,
2026/08/26 20:36,2026-08-26T20:51:12+09:00,2026/08/27,2026/09/10,2026-09,PUT,59250,133,,,36.01,35.61,143,14,136,7,,,,,
2026/08/26 20:36,2026-08-26T20:51:12+09:00,2026/08/27,2026/09/10,2026-09,CALL,59125,7415,,,48.12,,7550,3,7080,3,,,,,
2026/08/26 20:36,2026-08-26T20:51:12+09:00,2026/08/27,2026/09/10,2026-09,PUT,59125,130,,,36.19,35.83,137,4,131,2,,,,,
2026/08/26 20:36,2026-08-26T20:51:12+09:00,2026/08/27,2026/09/10,2026-09,CALL,59000,7530,,,48.57,,7670,6,7200,6,,,,,
2026/08/26 20:36,2026-08-26T20:51:12+09:00,2026/08/27,2026/09/10,2026-09,PUT,59000,121,,2,36.42,36.23,132,8,129,1,36.4,9,7.44,130,08/26 19:57
2026/08/26 20:36,2026-08-26T20:51:12+09:00,2026/08/27,2026/09/10,2026-09,CALL,58875,7655,,,49.02,,7790,3,7320,3,,,,,
2026/08/26 20:36,2026-08-26T20:51:12+09:00,2026/08/27,2026/09/10,2026-09,PUT,58875,120,,,36.76,36.31,129,14,122,4,,,,,
2026/08/26 20:36,2026-08-26T20:51:12+09:00,2026/08/27,2026/09/10,2026-09,CALL,58750,7775,,,49.46,,7910,3,7440,3,,,,,
2026/08/26 20:36,2026-08-26T20:51:12+09:00,2026/08/27,2026/09/10,2026-09,PUT,58750,115,,,36.9,36.5,123,4,117,18,,,,,
2026/08/26 20:36,2026-08-26T20:51:12+09:00,2026/08/27,2026/09/10,2026-09,CALL,58625,7895,,,49.71,,8025,3,7560,3,,,,,
2026/08/26 20:36,2026-08-26T20:51:12+09:00,2026/08/27,2026/09/10,2026-09,PUT,58625,111,,,37.15,36.75,119,4,113,7,,,,,
2026/08/26 20:36,2026-08-26T20:51:12+09:00,2026/08/27,2026/09/10,2026-09,CALL,58500,8015,,,,,,,,,,,,,
2026/08/26 20:36,2026-08-26T20:51:12+09:00,2026/08/27,2026/09/10,2026-09,PUT,58500,107,,2,37.33,36.98,114,6,109,10,37.07,3,2.8,110,08/26 17:56
2026/08/26 20:36,2026-08-26T20:51:12+09:00,2026/08/27,2026/09/10,2026-09,CALL,58375,8135,,,,,,,,,,,,,
2026/08/26 20:36,2026-08-26T20:51:12+09:00,2026/08/27,2026/09/10,2026-09,PUT,58375,104,,,37.63,37.2,111,4,105,19,,,,,
2026/08/26 20:36,2026-08-26T20:51:12+09:00,2026/08/27,2026/09/10,2026-09,CALL,58250,8255,,,,,,,,,,,,,
2026/08/26 20:36,2026-08-26T20:51:12+09:00,2026/08/27,2026/09/10,2026-09,PUT,58250,99,,1,37.86,37.49,107,4,102,2,37.73,,,103,08/26 20:24
2026/08/26 20:36,2026-08-26T20:51:12+09:00,2026/08/27,2026/09/10,2026-09,CALL,58000,8500,,,,,,,,,,,,,
2026/08/26 20:36,2026-08-26T20:51:12+09:00,2026/08/27,2026/09/10,2026-09,PUT,58000,93,,21,38.27,37.96,99,1,95,33,38.13,2,2.15,95,08/26 20:33
2026/08/26 20:36,2026-08-26T20:51:12+09:00,2026/08/27,2026/09/10,2026-09,CALL,57750,8745,,,,,,,,,,,,,
2026/08/26 20:36,2026-08-26T20:51:12+09:00,2026/08/27,2026/09/10,2026-09,PUT,57750,87,,,38.88,38.47,94,4,89,7,,,,,
2026/08/26 20:36,2026-08-26T20:51:12+09:00,2026/08/27,2026/09/10,2026-09,CALL,57500,8990,,,,,,,,,,,,,
2026/08/26 20:36,2026-08-26T20:51:12+09:00,2026/08/27,2026/09/10,2026-09,PUT,57500,81,,,39.38,38.94,88,6,83,27,,,,,
2026/08/26 20:36,2026-08-26T20:51:12+09:00,2026/08/27,2026/09/10,2026-09,CALL,57250,9235,,,,,,,,,,,,,
2026/08/26 20:36,2026-08-26T20:51:12+09:00,2026/08/27,2026/09/10,2026-09,PUT,57250,80,,,39.92,39.47,83,4,78,21,,,,,
2026/08/26 20:36,2026-08-26T20:51:12+09:00,2026/08/27,2026/09/10,2026-09,CALL,57000,9480,,,,,,,,,,,,,
2026/08/26 20:36,2026-08-26T20:51:12+09:00,2026/08/27,2026/09/10,2026-09,PUT,57000,71,,4,40.44,40.06,78,8,74,8,40.53,4,5.63,75,08/26 20:16
2026/08/26 20:36,2026-08-26T20:51:12+09:00,2026/08/27,2026/09/10,2026-09,CALL,56750,9725,,,,,,,,,,,,,
2026/08/26 20:36,2026-08-26T20:51:12+09:00,2026/08/27,2026/09/10,2026-09,PUT,56750,68,,1,41.03,40.52,74,4,69,7,40.82,-4,-5.33,71,08/26 20:11
2026/08/26 20:36,2026-08-26T20:51:12+09:00,2026/08/27,2026/09/10,2026-09,CALL,56500,9970,,,,,,,,,,,,,
2026/08/26 20:36,2026-08-26T20:51:12+09:00,2026/08/27,2026/09/10,2026-09,PUT,56500,64,,,41.59,41.05,70,25,65,29,,,,,
2026/08/26 20:36,2026-08-26T20:51:12+09:00,2026/08/27,2026/09/10,2026-09,CALL,56250,10215,,,,,,,,,,,,,
2026/08/26 20:36,2026-08-26T20:51:12+09:00,2026/08/27,2026/09/10,2026-09,PUT,56250,60,,,42.12,41.67,66,4,62,17,,,,,
2026/08/26 20:36,2026-08-26T20:51:12+09:00,2026/08/27,2026/09/10,2026-09,CALL,56000,10465,,,,,,,,,,,,,
2026/08/26 20:36,2026-08-26T20:51:12+09:00,2026/08/27,2026/09/10,2026-09,PUT,56000,59,,17,42.62,42.27,62,8,59,8,42.54,1,1.69,60,08/26 20:06
2026/08/26 20:36,2026-08-26T20:51:12+09:00,2026/08/27,2026/09/10,2026-09,CALL,55750,10710,,,,,,,,,,,,,
2026/08/26 20:36,2026-08-26T20:51:12+09:00,2026/08/27,2026/09/10,2026-09,PUT,55750,55,,,43.34,42.84,60,17,56,4,,,,,
2026/08/26 20:36,2026-08-26T20:51:12+09:00,2026/08/27,2026/09/10,2026-09,CALL,55500,10960,,,,,,,,,,,,,
2026/08/26 20:36,2026-08-26T20:51:12+09:00,2026/08/27,2026/09/10,2026-09,PUT,55500,53,,4,43.79,43.26,56,6,52,31,43.77,2,3.77,55,08/26 20:30
2026/08/26 20:36,2026-08-26T20:51:12+09:00,2026/08/27,2026/09/10,2026-09,CALL,55250,11205,,,,,,,,,,,,,
2026/08/26 20:36,2026-08-26T20:51:12+09:00,2026/08/27,2026/09/10,2026-09,PUT,55250,49,,,44.47,43.92,54,17,50,4,,,,,
2026/08/26 20:36,2026-08-26T20:51:12+09:00,2026/08/27,2026/09/10,2026-09,CALL,55000,11455,,,,,,,,,,,,,
2026/08/26 20:36,2026-08-26T20:51:12+09:00,2026/08/27,2026/09/10,2026-09,PUT,55000,47,,12,45,44.57,51,34,48,8,44.93,3,6.38,50,08/26 20:35
2026/08/26 20:36,2026-08-26T20:51:12+09:00,2026/08/27,2026/09/10,2026-09,CALL,54750,11700,,,,,,,,,,,,,
2026/08/26 20:36,2026-08-26T20:51:12+09:00,2026/08/27,2026/09/10,2026-09,PUT,54750,44,,,45.5,44.89,48,4,44,27,,,,,
2026/08/26 20:36,2026-08-26T20:51:12+09:00,2026/08/27,2026/09/10,2026-09,CALL,54500,11950,,,,,,,,,,,,,
2026/08/26 20:36,2026-08-26T20:51:12+09:00,2026/08/27,2026/09/10,2026-09,PUT,54500,42,,1,46.13,45.66,46,6,43,6,45.63,0,0,43,08/26 18:39
2026/08/26 20:36,2026-08-26T20:51:12+09:00,2026/08/27,2026/09/10,2026-09,CALL,54250,12195,,,,,,,,,,,,,
2026/08/26 20:36,2026-08-26T20:51:12+09:00,2026/08/27,2026/09/10,2026-09,PUT,54250,40,,,46.75,46.25,44,4,41,4,,,,,
2026/08/26 20:36,2026-08-26T20:51:12+09:00,2026/08/27,2026/09/10,2026-09,CALL,54000,12445,,,,,,,,,,,,,
2026/08/26 20:36,2026-08-26T20:51:12+09:00,2026/08/27,2026/09/10,2026-09,PUT,54000,38,,6,47.51,46.82,43,37,39,34,47.16,0,0,40,08/26 20:22
2026/08/26 20:36,2026-08-26T20:51:12+09:00,2026/08/27,2026/09/10,2026-09,CALL,53750,12695,,,,,,,,,,,,,
2026/08/26 20:36,2026-08-26T20:51:12+09:00,2026/08/27,2026/09/10,2026-09,PUT,53750,37,,,50.6,43.25,57,24,19,24,,,,,
2026/08/26 20:36,2026-08-26T20:51:12+09:00,2026/08/27,2026/09/10,2026-09,CALL,53500,12940,,,,,,,,,,,,,
2026/08/26 20:36,2026-08-26T20:51:12+09:00,2026/08/27,2026/09/10,2026-09,PUT,53500,35,,1,49.02,47.5,41,27,33,27,48.35,2,5.56,38,08/26 18:26
2026/08/26 20:36,2026-08-26T20:51:12+09:00,2026/08/27,2026/09/10,2026-09,CALL,53250,13190,,,,,,,,,,,,,
2026/08/26 20:36,2026-08-26T20:51:12+09:00,2026/08/27,2026/09/10,2026-09,PUT,53250,34,,,51.94,44.33,53,24,17,24,,,,,
2026/08/26 20:36,2026-08-26T20:51:12+09:00,2026/08/27,2026/09/10,2026-09,CALL,53000,13435,,,,,,,,,,,,,
2026/08/26 20:36,2026-08-26T20:51:12+09:00,2026/08/27,2026/09/10,2026-09,PUT,53000,32,,2,49.73,48.89,35,8,31,8,49.13,0,0,32,08/26 18:55
2026/08/26 20:36,2026-08-26T20:51:12+09:00,2026/08/27,2026/09/10,2026-09,CALL,52750,13685,,,,,,,,,,,,,
2026/08/26 20:36,2026-08-26T20:51:12+09:00,2026/08/27,2026/09/10,2026-09,PUT,52750,31,,,53.38,44.55,50,24,13,7,,,,,
2026/08/26 20:36,2026-08-26T20:51:12+09:00,2026/08/27,2026/09/10,2026-09,CALL,52500,13935,,,,,,,,,,,,,
2026/08/26 20:36,2026-08-26T20:51:12+09:00,2026/08/27,2026/09/10,2026-09,PUT,52500,31,,,51.57,49.76,35,6,27,30,,,,,
2026/08/26 20:36,2026-08-26T20:51:12+09:00,2026/08/27,2026/09/10,2026-09,CALL,52250,14185,,,,,,,,,,,,,
2026/08/26 20:36,2026-08-26T20:51:12+09:00,2026/08/27,2026/09/10,2026-09,PUT,52250,31,,,54.62,44.85,46,24,10,24,,,,,
2026/08/26 20:36,2026-08-26T20:51:12+09:00,2026/08/27,2026/09/10,2026-09,CALL,52000,14430,,,,,,,,,,,,,
2026/08/26 20:36,2026-08-26T20:51:12+09:00,2026/08/27,2026/09/10,2026-09,PUT,52000,28,,5,52.29,51.56,30,9,27,8,52.16,1,3.57,29,08/26 20:29
2026/08/26 20:36,2026-08-26T20:51:12+09:00,2026/08/27,2026/09/10,2026-09,CALL,51750,14680,,,,,,,,,,,,,
2026/08/26 20:36,2026-08-26T20:51:12+09:00,2026/08/27,2026/09/10,2026-09,PUT,51750,26,,,56.17,45.36,44,24,8,7,,,,,
2026/08/26 20:36,2026-08-26T20:51:12+09:00,2026/08/27,2026/09/10,2026-09,CALL,51500,14930,,,,,,,,,,,,,
2026/08/26 20:36,2026-08-26T20:51:12+09:00,2026/08/27,2026/09/10,2026-09,PUT,51500,25,,,54.37,51.65,31,30,21,33,,,,,
2026/08/26 20:36,2026-08-26T20:51:12+09:00,2026/08/27,2026/09/10,2026-09,CALL,51250,15180,,,,,,,,,,,,,
2026/08/26 20:36,2026-08-26T20:51:12+09:00,2026/08/27,2026/09/10,2026-09,PUT,51250,25,,,55.05,51.54,30,21,18,24,,,,,
2026/08/26 20:36,2026-08-26T20:51:12+09:00,2026/08/27,2026/09/10,2026-09,CALL,51000,15425,,,,,,,,,,,,,
2026/08/26 20:36,2026-08-26T20:51:12+09:00,2026/08/27,2026/09/10,2026-09,PUT,51000,24,,3,54.64,54.05,25,8,23,38,54.29,0,0,24,08/26 19:33
2026/08/26 20:36,2026-08-26T20:51:12+09:00,2026/08/27,2026/09/10,2026-09,CALL,50750,15675,,,,,,,,,,,,,
2026/08/26 20:36,2026-08-26T20:51:12+09:00,2026/08/27,2026/09/10,2026-09,PUT,50750,22,,,56.9,52.54,30,24,16,24,,,,,
2026/08/26 20:36,2026-08-26T20:51:12+09:00,2026/08/27,2026/09/10,2026-09,CALL,50500,15925,,,,,,,,,,,,,
2026/08/26 20:36,2026-08-26T20:51:12+09:00,2026/08/27,2026/09/10,2026-09,PUT,50500,21,,,56.16,54.18,24,6,18,33,,,,,
2026/08/26 20:36,2026-08-26T20:51:12+09:00,2026/08/27,2026/09/10,2026-09,CALL,50250,16175,,,,,,,,,,,,,
2026/08/26 20:36,2026-08-26T20:51:12+09:00,2026/08/27,2026/09/10,2026-09,PUT,50250,20,,,58.23,53.88,28,24,15,24,,,,,
2026/08/26 20:36,2026-08-26T20:51:12+09:00,2026/08/27,2026/09/10,2026-09,CALL,50000,16425,,,,,,,,,,,,,
2026/08/26 20:36,2026-08-26T20:51:12+09:00,2026/08/27,2026/09/10,2026-09,PUT,50000,20,,34,57.35,56.32,22,8,19,35,57.48,2,10,22,08/26 20:00
2026/08/26 20:36,2026-08-26T20:51:12+09:00,2026/08/27,2026/09/10,2026-09,CALL,49750,16670,,,,,,,,,,,,,
2026/08/26 20:36,2026-08-26T20:51:12+09:00,2026/08/27,2026/09/10,2026-09,PUT,49750,19,,1,59.81,54.71,27,24,13,24,57.93,,,21,08/26 19:42
2026/08/26 20:36,2026-08-26T20:51:12+09:00,2026/08/27,2026/09/10,2026-09,CALL,49500,16920,,,,,,,,,,,,,
2026/08/26 20:36,2026-08-26T20:51:12+09:00,2026/08/27,2026/09/10,2026-09,PUT,49500,18,,,58.83,56.05,21,6,14,33,,,,,
2026/08/26 20:36,2026-08-26T20:51:12+09:00,2026/08/27,2026/09/10,2026-09,CALL,49250,17170,,,,,,,,,,,,,
2026/08/26 20:36,2026-08-26T20:51:12+09:00,2026/08/27,2026/09/10,2026-09,PUT,49250,18,,,60.43,55.94,23,24,12,24,,,,,
2026/08/26 20:36,2026-08-26T20:51:12+09:00,2026/08/27,2026/09/10,2026-09,CALL,49000,17420,,,,,,,,,,,,,
2026/08/26 20:36,2026-08-26T20:51:12+09:00,2026/08/27,2026/09/10,2026-09,PUT,49000,17,,7,60.3,58.71,20,36,16,8,60.47,3,17.65,20,08/26 20:32
2026/08/26 20:36,2026-08-26T20:51:12+09:00,2026/08/27,2026/09/10,2026-09,CALL,48750,17670,,,,,,,,,,,,,
2026/08/26 20:36,2026-08-26T20:51:12+09:00,2026/08/27,2026/09/10,2026-09,PUT,48750,17,,,61.58,56.54,21,24,10,24,,,,,
2026/08/26 20:36,2026-08-26T20:51:12+09:00,2026/08/27,2026/09/10,2026-09,CALL,48500,17920,,,,,,,,,,,,,
2026/08/26 20:36,2026-08-26T20:51:12+09:00,2026/08/27,2026/09/10,2026-09,PUT,48500,17,,,62.51,58.56,21,33,12,33,,,,,
2026/08/26 20:36,2026-08-26T20:51:12+09:00,2026/08/27,2026/09/10,2026-09,CALL,48250,18170,,,,,,,,,,,,,
2026/08/26 20:36,2026-08-26T20:51:12+09:00,2026/08/27,2026/09/10,2026-09,PUT,48250,16,,,61.85,57.61,17,4,9,24,,,,,
2026/08/26 20:36,2026-08-26T20:51:12+09:00,2026/08/27,2026/09/10,2026-09,CALL,48000,18420,,,,,,,,,,,,,
2026/08/26 20:36,2026-08-26T20:51:12+09:00,2026/08/27,2026/09/10,2026-09,PUT,48000,15,,8,61.85,61.37,15,2,14,10,61.29,-1,-6.67,14,08/26 19:10
2026/08/26 20:36,2026-08-26T20:51:12+09:00,2026/08/27,2026/09/10,2026-09,CALL,47750,18665,,,,,,,,,,,,,
2026/08/26 20:36,2026-08-26T20:51:12+09:00,2026/08/27,2026/09/10,2026-09,PUT,47750,15,,,65.3,56.93,21,24,6,24,,,,,
2026/08/26 20:36,2026-08-26T20:51:12+09:00,2026/08/27,2026/09/10,2026-09,CALL,47500,18915,,,,,,,,,,,,,
2026/08/26 20:36,2026-08-26T20:51:12+09:00,2026/08/27,2026/09/10,2026-09,PUT,47500,14,,,64.14,62.09,16,6,12,27,,,,,
2026/08/26 20:36,2026-08-26T20:51:12+09:00,2026/08/27,2026/09/10,2026-09,CALL,47250,19165,,,,,,,,,,,,,
2026/08/26 20:36,2026-08-26T20:51:12+09:00,2026/08/27,2026/09/10,2026-09,PUT,47250,14,,,66.79,58.6,20,24,6,24,,,,,
2026/08/26 20:36,2026-08-26T20:51:12+09:00,2026/08/27,2026/09/10,2026-09,CALL,47000,19415,,,,,,,,,,,,,
2026/08/26 20:36,2026-08-26T20:51:12+09:00,2026/08/27,2026/09/10,2026-09,PUT,47000,13,,2,64.45,63.28,13,1,11,36,63.29,-2,-15.38,11,08/26 17:56
2026/08/26 20:36,2026-08-26T20:51:12+09:00,2026/08/27,2026/09/10,2026-09,CALL,46750,19665,,,,,,,,,,,,,
2026/08/26 20:36,2026-08-26T20:51:12+09:00,2026/08/27,2026/09/10,2026-09,PUT,46750,13,,,68.26,60.29,19,24,6,24,,,,,
2026/08/26 20:36,2026-08-26T20:51:12+09:00,2026/08/27,2026/09/10,2026-09,CALL,46500,19915,,,,,,,,,,,,,
2026/08/26 20:36,2026-08-26T20:51:12+09:00,2026/08/27,2026/09/10,2026-09,PUT,46500,12,,,66.82,64.41,14,6,10,6,,,,,
2026/08/26 20:36,2026-08-26T20:51:12+09:00,2026/08/27,2026/09/10,2026-09,CALL,46250,20165,,,,,,,,,,,,,
2026/08/26 20:36,2026-08-26T20:51:12+09:00,2026/08/27,2026/09/10,2026-09,PUT,46250,11,,,67.19,65.31,13,4,10,4,,,,,
2026/08/26 20:36,2026-08-26T20:51:12+09:00,2026/08/27,2026/09/10,2026-09,CALL,46000,20410,,,,,,,,,,,,,
2026/08/26 20:36,2026-08-26T20:51:12+09:00,2026/08/27,2026/09/10,2026-09,PUT,46000,11,,36,66.88,66.21,11,5,10,21,67,0,0,11,08/26 20:00
2026/08/26 20:36,2026-08-26T20:51:12+09:00,2026/08/27,2026/09/10,2026-09,CALL,45750,20665,,,,,,,,,,,,,
2026/08/26 20:36,2026-08-26T20:51:12+09:00,2026/08/27,2026/09/10,2026-09,PUT,45750,11,,,71.15,66.37,17,24,9,18,,,,,
2026/08/26 20:36,2026-08-26T20:51:12+09:00,2026/08/27,2026/09/10,2026-09,CALL,45500,20910,,,,,,,,,,,,,
2026/08/26 20:36,2026-08-26T20:51:12+09:00,2026/08/27,2026/09/10,2026-09,PUT,45500,11,,,69.35,67.27,12,21,9,21,,,,,
2026/08/26 20:36,2026-08-26T20:51:12+09:00,2026/08/27,2026/09/10,2026-09,CALL,45250,21160,,,,,,,,,,,,,
2026/08/26 20:36,2026-08-26T20:51:12+09:00,2026/08/27,2026/09/10,2026-09,PUT,45250,10,,,69.63,68.18,11,19,9,19,,,,,
2026/08/26 20:36,2026-08-26T20:51:12+09:00,2026/08/27,2026/09/10,2026-09,CALL,45000,21410,,,,,,,,,,,,,
2026/08/26 20:36,2026-08-26T20:51:12+09:00,2026/08/27,2026/09/10,2026-09,PUT,45000,9,,4,69.84,69.08,10,22,9,24,69.33,-1,-10,9,08/26 20:18
2026/08/26 20:36,2026-08-26T20:51:12+09:00,2026/08/27,2026/09/10,2026-09,CALL,44750,21660,,,,,,,,,,,,,
2026/08/26 20:36,2026-08-26T20:51:12+09:00,2026/08/27,2026/09/10,2026-09,PUT,44750,9,,,70.76,69.16,10,15,8,19,,,,,
2026/08/26 20:36,2026-08-26T20:51:12+09:00,2026/08/27,2026/09/10,2026-09,CALL,44500,21910,,,,,,,,,,,,,
2026/08/26 20:36,2026-08-26T20:51:12+09:00,2026/08/27,2026/09/10,2026-09,PUT,44500,9,,1,71.69,70.07,10,21,8,21,70.05,-4,-33.33,8,08/26 17:57
2026/08/26 20:36,2026-08-26T20:51:12+09:00,2026/08/27,2026/09/10,2026-09,CALL,44250,22160,,,,,,,,,,,,,
2026/08/26 20:36,2026-08-26T20:51:12+09:00,2026/08/27,2026/09/10,2026-09,PUT,44250,8,,1,72.62,70.98,10,19,8,19,70.96,,,8,08/26 17:57
2026/08/26 20:36,2026-08-26T20:51:12+09:00,2026/08/27,2026/09/10,2026-09,CALL,44000,22410,,,,,,,,,,,,,
2026/08/26 20:36,2026-08-26T20:51:12+09:00,2026/08/27,2026/09/10,2026-09,PUT,44000,8,,5,72.76,70.94,9,15,7,66,72.01,0,0,8,08/26 20:00
2026/08/26 20:36,2026-08-26T20:51:12+09:00,2026/08/27,2026/09/10,2026-09,CALL,43750,22660,,,,,,,,,,,,,
2026/08/26 20:36,2026-08-26T20:51:12+09:00,2026/08/27,2026/09/10,2026-09,PUT,43750,8,,,73.69,71.85,9,19,7,19,,,,,
2026/08/26 20:36,2026-08-26T20:51:12+09:00,2026/08/27,2026/09/10,2026-09,CALL,43500,22910,,,,,,,,,,,,,
2026/08/26 20:36,2026-08-26T20:51:12+09:00,2026/08/27,2026/09/10,2026-09,PUT,43500,8,,,74.62,71.69,9,21,6,42,,,,,
2026/08/26 20:36,2026-08-26T20:51:12+09:00,2026/08/27,2026/09/10,2026-09,CALL,43250,23160,,,,,,,,,,,,,
2026/08/26 20:36,2026-08-26T20:51:12+09:00,2026/08/27,2026/09/10,2026-09,PUT,43250,7,,,75.56,73.69,9,33,7,19,,,,,
2026/08/26 20:36,2026-08-26T20:51:12+09:00,2026/08/27,2026/09/10,2026-09,CALL,43000,23405,,,,,,,,,,,,,
2026/08/26 20:36,2026-08-26T20:51:12+09:00,2026/08/27,2026/09/10,2026-09,PUT,43000,7,,3,75.6,73.51,8,23,6,80,74.59,0,0,7,08/26 17:12
2026/08/26 20:36,2026-08-26T20:51:12+09:00,2026/08/27,2026/09/10,2026-09,CALL,42750,23655,,,,,,,,,,,,,
2026/08/26 20:36,2026-08-26T20:51:12+09:00,2026/08/27,2026/09/10,2026-09,PUT,42750,7,,,76.54,74.42,8,19,6,19,,,,,
2026/08/26 20:36,2026-08-26T20:51:12+09:00,2026/08/27,2026/09/10,2026-09,CALL,42500,23905,,,,,,,,,,,,,
2026/08/26 20:36,2026-08-26T20:51:12+09:00,2026/08/27,2026/09/10,2026-09,PUT,42500,7,,,77.49,75.35,8,21,6,21,,,,,
2026/08/26 20:36,2026-08-26T20:51:12+09:00,2026/08/27,2026/09/10,2026-09,CALL,42250,24155,,,,,,,,,,,,,
2026/08/26 20:36,2026-08-26T20:51:12+09:00,2026/08/27,2026/09/10,2026-09,PUT,42250,6,,,78.44,76.27,8,33,6,19,,,,,
2026/08/26 20:36,2026-08-26T20:51:12+09:00,2026/08/27,2026/09/10,2026-09,CALL,42000,24405,,,,,,,,,,,,,
2026/08/26 20:36,2026-08-26T20:51:12+09:00,2026/08/27,2026/09/10,2026-09,PUT,42000,6,,3,78.36,75.9,7,25,5,66,77.32,0,0,6,08/26 20:00
2026/08/26 20:36,2026-08-26T20:51:12+09:00,2026/08/27,2026/09/10,2026-09,CALL,41750,24655,,,,,,,,,,,,,
2026/08/26 20:36,2026-08-26T20:51:12+09:00,2026/08/27,2026/09/10,2026-09,PUT,41750,6,,,79.31,76.82,7,19,5,33,,,,,
2026/08/26 20:36,2026-08-26T20:51:12+09:00,2026/08/27,2026/09/10,2026-09,CALL,41500,24905,,,,,,,,,,,,,
2026/08/26 20:36,2026-08-26T20:51:12+09:00,2026/08/27,2026/09/10,2026-09,PUT,41500,6,,,80.26,77.75,7,21,5,21,,,,,
2026/08/26 20:36,2026-08-26T20:51:12+09:00,2026/08/27,2026/09/10,2026-09,CALL,41250,25155,,,,,,,,,,,,,
2026/08/26 20:36,2026-08-26T20:51:12+09:00,2026/08/27,2026/09/10,2026-09,PUT,41250,6,,,81.22,78.68,7,33,5,19,,,,,
2026/08/26 20:36,2026-08-26T20:51:12+09:00,2026/08/27,2026/09/10,2026-09,CALL,41000,25405,,,,,,,,,,,,,
2026/08/26 20:36,2026-08-26T20:51:12+09:00,2026/08/27,2026/09/10,2026-09,PUT,41000,6,,2,80.98,79.62,6,15,5,19,80.94,1,20,6,08/26 18:17
2026/08/26 20:36,2026-08-26T20:51:12+09:00,2026/08/27,2026/09/10,2026-09,CALL,40750,25655,,,,,,,,,,,,,
2026/08/26 20:36,2026-08-26T20:51:12+09:00,2026/08/27,2026/09/10,2026-09,PUT,40750,6,,,81.94,80.56,6,34,5,1,,,,,
2026/08/26 20:36,2026-08-26T20:51:12+09:00,2026/08/27,2026/09/10,2026-09,CALL,40500,25905,,,,,,,,,,,,,
2026/08/26 20:36,2026-08-26T20:51:12+09:00,2026/08/27,2026/09/10,2026-09,PUT,40500,5,,,81.51,79.89,5,2,4,42,,,,,
2026/08/26 20:36,2026-08-26T20:51:12+09:00,2026/08/27,2026/09/10,2026-09,CALL,40250,26155,,,,,,,,,,,,,
2026/08/26 20:36,2026-08-26T20:51:12+09:00,2026/08/27,2026/09/10,2026-09,PUT,40250,5,,,82.47,80.82,5,4,4,33,,,,,
2026/08/26 20:36,2026-08-26T20:51:12+09:00,2026/08/27,2026/09/10,2026-09,CALL,40000,26405,,,,,,,,,,,,,
2026/08/26 20:36,2026-08-26T20:51:12+09:00,2026/08/27,2026/09/10,2026-09,PUT,40000,5,,20,83.43,81.77,5,25,4,58,81.88,-1,-20,4,08/26 20:00
2026/08/26 20:36,2026-08-26T20:51:12+09:00,2026/08/27,2026/09/10,2026-09,CALL,39750,26655,,,,,,,,,,,,,
2026/08/26 20:36,2026-08-26T20:51:12+09:00,2026/08/27,2026/09/10,2026-09,PUT,39750,5,,,85.83,82.72,6,33,4,19,,,,,
2026/08/26 20:36,2026-08-26T20:51:12+09:00,2026/08/27,2026/09/10,2026-09,CALL,39500,26905,,,,,,,,,,,,,
2026/08/26 20:36,2026-08-26T20:51:12+09:00,2026/08/27,2026/09/10,2026-09,PUT,39500,5,,,86.81,83.67,6,43,4,6,,,,,
2026/08/26 20:36,2026-08-26T20:51:12+09:00,2026/08/27,2026/09/10,2026-09,CALL,39250,27155,,,,,,,,,,,,,
2026/08/26 20:36,2026-08-26T20:51:12+09:00,2026/08/27,2026/09/10,2026-09,PUT,39250,4,,,86.34,82.55,5,19,3,33,,,,,
2026/08/26 20:36,2026-08-26T20:51:12+09:00,2026/08/27,2026/09/10,2026-09,CALL,39000,27400,,,,,,,,,,,,,
2026/08/26 20:36,2026-08-26T20:51:12+09:00,2026/08/27,2026/09/10,2026-09,PUT,39000,4,,2,87.32,83.49,5,66,3,62,85.7,0,0,4,08/26 20:00
2026/08/26 20:36,2026-08-26T20:51:12+09:00,2026/08/27,2026/09/10,2026-09,CALL,38750,27650,,,,,,,,,,,,,
2026/08/26 20:36,2026-08-26T20:51:12+09:00,2026/08/27,2026/09/10,2026-09,PUT,38750,4,,,88.31,84.44,5,33,3,33,,,,,
2026/08/26 20:36,2026-08-26T20:51:12+09:00,2026/08/27,2026/09/10,2026-09,CALL,38500,27900,,,,,,,,,,,,,
2026/08/26 20:36,2026-08-26T20:51:12+09:00,2026/08/27,2026/09/10,2026-09,PUT,38500,4,,,89.31,85.4,5,43,3,42,,,,,
2026/08/26 20:36,2026-08-26T20:51:12+09:00,2026/08/27,2026/09/10,2026-09,CALL,38250,28150,,,,,,,,,,,,,
2026/08/26 20:36,2026-08-26T20:51:12+09:00,2026/08/27,2026/09/10,2026-09,PUT,38250,4,,,90.31,86.36,5,33,3,19,,,,,
2026/08/26 20:36,2026-08-26T20:51:12+09:00,2026/08/27,2026/09/10,2026-09,CALL,38000,28400,,,,,,,,,,,,,
2026/08/26 20:36,2026-08-26T20:51:12+09:00,2026/08/27,2026/09/10,2026-09,PUT,38000,4,,15,89.52,87.33,4,15,3,23,87.57,-1,-25,3,08/26 17:44
2026/08/26 20:36,2026-08-26T20:51:12+09:00,2026/08/27,2026/09/10,2026-09,CALL,37750,28650,,,,,,,,,,,,,
2026/08/26 20:36,2026-08-26T20:51:12+09:00,2026/08/27,2026/09/10,2026-09,PUT,37750,4,,2,92.33,88.3,5,33,3,15,88.27,,,3,08/26 18:34
2026/08/26 20:36,2026-08-26T20:51:12+09:00,2026/08/27,2026/09/10,2026-09,CALL,37500,28900,,,,,,,,,,,,,
2026/08/26 20:36,2026-08-26T20:51:12+09:00,2026/08/27,2026/09/10,2026-09,PUT,37500,4,,3,91.51,86.37,4,21,2,49,89.39,-1,-25,3,08/26 20:00
2026/08/26 20:36,2026-08-26T20:51:12+09:00,2026/08/27,2026/09/10,2026-09,CALL,37250,29150,,,,,,,,,,,,,
2026/08/26 20:36,2026-08-26T20:51:12+09:00,2026/08/27,2026/09/10,2026-09,PUT,37250,4,,1,90.27,87.32,3,2,2,32,87.29,,,2,08/26 19:23
2026/08/26 20:36,2026-08-26T20:51:12+09:00,2026/08/27,2026/09/10,2026-09,CALL,37000,29400,,,,,,,,,,,,,
2026/08/26 20:36,2026-08-26T20:51:12+09:00,2026/08/27,2026/09/10,2026-09,PUT,37000,4,,,91.26,88.29,3,4,2,87,,,,,
2026/08/26 20:36,2026-08-26T20:51:12+09:00,2026/08/27,2026/09/10,2026-09,CALL,36750,29650,,,,,,,,,,,,,
2026/08/26 20:36,2026-08-26T20:51:12+09:00,2026/08/27,2026/09/10,2026-09,PUT,36750,4,,,103.99,89.26,11,14,2,18,,,,,
2026/08/26 20:36,2026-08-26T20:51:12+09:00,2026/08/27,2026/09/10,2026-09,CALL,36500,29900,,,,,,,,,,,,,
2026/08/26 20:36,2026-08-26T20:51:12+09:00,2026/08/27,2026/09/10,2026-09,PUT,36500,3,,,93.27,90.23,3,2,2,27,,,,,
2026/08/26 20:36,2026-08-26T20:51:12+09:00,2026/08/27,2026/09/10,2026-09,CALL,36250,30150,,,,,,,,,,,,,
2026/08/26 20:36,2026-08-26T20:51:12+09:00,2026/08/27,2026/09/10,2026-09,PUT,36250,3,,,94.28,91.21,3,2,2,20,,,,,
2026/08/26 20:36,2026-08-26T20:51:12+09:00,2026/08/27,2026/09/10,2026-09,CALL,36000,30400,,,,,,,,,,,,,
2026/08/26 20:36,2026-08-26T20:51:12+09:00,2026/08/27,2026/09/10,2026-09,PUT,36000,3,,,95.3,92.2,3,1,2,54,,,,,
2026/08/26 20:36,2026-08-26T20:51:12+09:00,2026/08/27,2026/09/10,2026-09,CALL,35750,30650,,,,,,,,,,,,,
2026/08/26 20:36,2026-08-26T20:51:12+09:00,2026/08/27,2026/09/10,2026-09,PUT,35750,3,,,107.48,93.2,10,14,2,18,,,,,
2026/08/26 20:36,2026-08-26T20:51:12+09:00,2026/08/27,2026/09/10,2026-09,CALL,35500,30900,,,,,,,,,,,,,
2026/08/26 20:36,2026-08-26T20:51:12+09:00,2026/08/27,2026/09/10,2026-09,PUT,35500,3,,,108.62,94.2,10,21,2,15,,,,,
2026/08/26 20:36,2026-08-26T20:51:12+09:00,2026/08/27,2026/09/10,2026-09,CALL,35250,31150,,,,,,,,,,,,,
2026/08/26 20:36,2026-08-26T20:51:12+09:00,2026/08/27,2026/09/10,2026-09,PUT,35250,3,,,109.76,95.21,10,14,2,4,,,,,
2026/08/26 20:36,2026-08-26T20:51:12+09:00,2026/08/27,2026/09/10,2026-09,CALL,35000,31400,,,,,,,,,,,,,
2026/08/26 20:36,2026-08-26T20:51:12+09:00,2026/08/27,2026/09/10,2026-09,PUT,35000,3,,,99.44,96.22,3,12,2,76,,,,,
2026/08/26 20:36,2026-08-26T20:51:12+09:00,2026/08/27,2026/09/10,2026-09,CALL,34750,31650,,,,,,,,,,,,,
2026/08/26 20:36,2026-08-26T20:51:12+09:00,2026/08/27,2026/09/10,2026-09,PUT,34750,3,,,112.08,92.29,10,14,1,28,,,,,
2026/08/26 20:36,2026-08-26T20:51:12+09:00,2026/08/27,2026/09/10,2026-09,CALL,34500,31900,,,,,,,,,,,,,
2026/08/26 20:36,2026-08-26T20:51:12+09:00,2026/08/27,2026/09/10,2026-09,PUT,34500,2,,,113.25,98.28,10,21,2,1,,,,,
2026/08/26 20:36,2026-08-26T20:51:12+09:00,2026/08/27,2026/09/10,2026-09,CALL,34250,32150,,,,,,,,,,,,,
2026/08/26 20:36,2026-08-26T20:51:12+09:00,2026/08/27,2026/09/10,2026-09,PUT,34250,2,,,114.43,99.32,10,14,2,3,,,,,
2026/08/26 20:36,2026-08-26T20:51:12+09:00,2026/08/27,2026/09/10,2026-09,CALL,34000,32395,,,,,,,,,,,,,
2026/08/26 20:36,2026-08-26T20:51:12+09:00,2026/08/27,2026/09/10,2026-09,PUT,34000,2,,,103.7,100.36,3,10,2,13,,,,,
2026/08/26 20:36,2026-08-26T20:51:12+09:00,2026/08/27,2026/09/10,2026-09,CALL,33750,32645,,,,,,,,,,,,,
2026/08/26 20:36,2026-08-26T20:51:12+09:00,2026/08/27,2026/09/10,2026-09,PUT,33750,2,,,116.82,96.26,10,14,1,28,,,,,
2026/08/26 20:36,2026-08-26T20:51:12+09:00,2026/08/27,2026/09/10,2026-09,CALL,33500,32895,,,,,,,,,,,,,
2026/08/26 20:36,2026-08-26T20:51:12+09:00,2026/08/27,2026/09/10,2026-09,PUT,33500,2,,,116.81,97.27,9,21,1,38,,,,,
2026/08/26 20:36,2026-08-26T20:51:12+09:00,2026/08/27,2026/09/10,2026-09,CALL,33250,33145,,,,,,,,,,,,,
2026/08/26 20:36,2026-08-26T20:51:12+09:00,2026/08/27,2026/09/10,2026-09,PUT,33250,1,,,118.02,98.29,9,14,1,28,,,,,
2026/08/26 20:36,2026-08-26T20:51:12+09:00,2026/08/27,2026/09/10,2026-09,CALL,33000,33395,,,,,,,,,,,,,
2026/08/26 20:36,2026-08-26T20:51:12+09:00,2026/08/27,2026/09/10,2026-09,PUT,33000,2,,38,104.62,99.31,2,10,1,208,104.83,0,0,2,08/26 20:18
2026/08/26 20:36,2026-08-26T20:51:12+09:00,2026/08/27,2026/09/10,2026-09,CALL,32750,33645,,,,,,,,,,,,,
2026/08/26 20:36,2026-08-26T20:51:12+09:00,2026/08/27,2026/09/10,2026-09,PUT,32750,1,,,120.45,,9,14,,,,,,,
2026/08/26 20:36,2026-08-26T20:51:12+09:00,2026/08/27,2026/09/10,2026-09,CALL,32500,33895,,,,,,,,,,,,,
2026/08/26 20:36,2026-08-26T20:51:12+09:00,2026/08/27,2026/09/10,2026-09,PUT,32500,1,,,121.68,101.38,9,21,1,44,,,,,
2026/08/26 20:36,2026-08-26T20:51:12+09:00,2026/08/27,2026/09/10,2026-09,CALL,32250,34145,,,,,,,,,,,,,
2026/08/26 20:36,2026-08-26T20:51:12+09:00,2026/08/27,2026/09/10,2026-09,PUT,32250,1,,,122.91,102.43,9,14,1,5,,,,,
2026/08/26 20:36,2026-08-26T20:51:12+09:00,2026/08/27,2026/09/10,2026-09,CALL,32000,34395,,,,,,,,,,,,,
2026/08/26 20:36,2026-08-26T20:51:12+09:00,2026/08/27,2026/09/10,2026-09,PUT,32000,1,,1,109,103.49,2,21,1,94,109.1,0,0,2,08/26 17:32
2026/08/26 20:36,2026-08-26T20:51:12+09:00,2026/08/27,2026/09/10,2026-09,CALL,31750,34645,,,,,,,,,,,,,
2026/08/26 20:36,2026-08-26T20:51:12+09:00,2026/08/27,2026/09/10,2026-09,PUT,31750,1,,,125.42,,9,14,,,,,,,
2026/08/26 20:36,2026-08-26T20:51:12+09:00,2026/08/27,2026/09/10,2026-09,CALL,31500,34895,,,,,,,,,,,,,
2026/08/26 20:36,2026-08-26T20:51:12+09:00,2026/08/27,2026/09/10,2026-09,PUT,31500,1,,,111.24,105.63,2,8,1,11,,,,,
2026/08/26 20:36,2026-08-26T20:51:12+09:00,2026/08/27,2026/09/10,2026-09,CALL,31250,35145,,,,,,,,,,,,,
2026/08/26 20:36,2026-08-26T20:51:12+09:00,2026/08/27,2026/09/10,2026-09,PUT,31250,1,,,127.96,,9,14,,,,,,,
2026/08/26 20:36,2026-08-26T20:51:12+09:00,2026/08/27,2026/09/10,2026-09,CALL,31000,35395,,,,,,,,,,,,,
2026/08/26 20:36,2026-08-26T20:51:12+09:00,2026/08/27,2026/09/10,2026-09,PUT,31000,1,,2,113.52,107.8,2,36,1,112,113.51,0,0,2,08/26 17:57
2026/08/26 20:36,2026-08-26T20:51:12+09:00,2026/08/27,2026/09/10,2026-09,CALL,30750,35645,,,,,,,,,,,,,
2026/08/26 20:36,2026-08-26T20:51:12+09:00,2026/08/27,2026/09/10,2026-09,PUT,30750,1,,,123.7,,5,4,,,,,,,
2026/08/26 20:36,2026-08-26T20:51:12+09:00,2026/08/27,2026/09/10,2026-09,CALL,30500,35895,,,,,,,,,,,,,
2026/08/26 20:36,2026-08-26T20:51:12+09:00,2026/08/27,2026/09/10,2026-09,PUT,30500,1,,,131.86,,9,21,,,,,,,
2026/08/26 20:36,2026-08-26T20:51:12+09:00,2026/08/27,2026/09/10,2026-09,CALL,30250,36145,,,,,,,,,,,,,
2026/08/26 20:36,2026-08-26T20:51:12+09:00,2026/08/27,2026/09/10,2026-09,PUT,30250,1,,,117.01,,2,5,,,,,,,
2026/08/26 20:36,2026-08-26T20:51:12+09:00,2026/08/27,2026/09/10,2026-09,CALL,30000,36395,,,,,,,,,,,,,
2026/08/26 20:36,2026-08-26T20:51:12+09:00,2026/08/27,2026/09/10,2026-09,PUT,30000,1,,20,118.19,112.25,2,66,1,72,112.3,0,0,1,08/26 20:35
2026/08/26 20:36,2026-08-26T20:51:12+09:00,2026/08/27,2026/09/10,2026-09,CALL,29750,36645,,,,,,,,,,,,,
2026/08/26 20:36,2026-08-26T20:51:12+09:00,2026/08/27,2026/09/10,2026-09,PUT,29750,1,,,113.38,,1,1,,,,,,,
2026/08/26 20:36,2026-08-26T20:51:12+09:00,2026/08/27,2026/09/10,2026-09,CALL,29500,36895,,,,,,,,,,,,,
2026/08/26 20:36,2026-08-26T20:51:12+09:00,2026/08/27,2026/09/10,2026-09,PUT,29500,1,,5,120.58,,2,32,,,114.61,,,1,08/26 17:35
2026/08/26 20:36,2026-08-26T20:51:12+09:00,2026/08/27,2026/09/10,2026-09,CALL,29250,37145,,,,,,,,,,,,,
2026/08/26 20:36,2026-08-26T20:51:12+09:00,2026/08/27,2026/09/10,2026-09,PUT,29250,1,,,121.79,,2,22,,,,,,,
2026/08/26 20:36,2026-08-26T20:51:12+09:00,2026/08/27,2026/09/10,2026-09,CALL,29000,37395,,,,,,,,,,,,,
2026/08/26 20:36,2026-08-26T20:51:12+09:00,2026/08/27,2026/09/10,2026-09,PUT,29000,1,,2,116.85,,1,3,,,116.97,0,0,1,08/26 17:33
2026/08/26 20:36,2026-08-26T20:51:12+09:00,2026/08/27,2026/10/08,2026-10,CALL,90000,4,,1,30.51,29.75,4,31,3,3,29.74,0,0,3,08/26 17:38
2026/08/26 20:36,2026-08-26T20:51:12+09:00,2026/08/27,2026/10/08,2026-10,PUT,90000,23940,,,,,,,,,,,,,
2026/08/26 20:36,2026-08-26T20:51:12+09:00,2026/08/27,2026/10/08,2026-10,CALL,87500,6,,,29.1,28.6,6,2,5,2,,,,,
2026/08/26 20:36,2026-08-26T20:51:12+09:00,2026/08/27,2026/10/08,2026-10,PUT,87500,21450,,,,,,,,,,,,,
2026/08/26 20:36,2026-08-26T20:51:12+09:00,2026/08/27,2026/10/08,2026-10,CALL,85000,10,,,28.65,26.42,13,1,6,1,,,,,
2026/08/26 20:36,2026-08-26T20:51:12+09:00,2026/08/27,2026/10/08,2026-10,PUT,85000,18955,,,,,,,,,,,,,
2026/08/26 20:36,2026-08-26T20:51:12+09:00,2026/08/27,2026/10/08,2026-10,CALL,84500,13,,,37.34,22.14,105,6,1,26,,,,,
2026/08/26 20:36,2026-08-26T20:51:12+09:00,2026/08/27,2026/10/08,2026-10,PUT,84500,18460,,,,,,,,,,,,,
2026/08/26 20:36,2026-08-26T20:51:12+09:00,2026/08/27,2026/10/08,2026-10,CALL,84000,14,,,28.14,24.35,16,1,4,12,,,,,
2026/08/26 20:36,2026-08-26T20:51:12+09:00,2026/08/27,2026/10/08,2026-10,PUT,84000,17960,,,,,,,,,,,,,
2026/08/26 20:36,2026-08-26T20:51:12+09:00,2026/08/27,2026/10/08,2026-10,CALL,83500,18,,,36.1,21.16,109,6,1,26,,,,,
2026/08/26 20:36,2026-08-26T20:51:12+09:00,2026/08/27,2026/10/08,2026-10,PUT,83500,17465,,,,,,,,,,,,,
2026/08/26 20:36,2026-08-26T20:51:12+09:00,2026/08/27,2026/10/08,2026-10,CALL,83000,19,,,27.65,25.79,20,1,11,7,,,,,
2026/08/26 20:36,2026-08-26T20:51:12+09:00,2026/08/27,2026/10/08,2026-10,PUT,83000,16965,,,,,,,,,,,,,
2026/08/26 20:36,2026-08-26T20:51:12+09:00,2026/08/27,2026/10/08,2026-10,CALL,82500,22,,,36.65,25.89,150,7,14,7,,,,,
2026/08/26 20:36,2026-08-26T20:51:12+09:00,2026/08/27,2026/10/08,2026-10,PUT,82500,16470,,,,,,,,,,,,,
2026/08/26 20:36,2026-08-26T20:51:12+09:00,2026/08/27,2026/10/08,2026-10,CALL,82000,25,,,31.07,26.22,65,7,19,2,,,,,
2026/08/26 20:36,2026-08-26T20:51:12+09:00,2026/08/27,2026/10/08,2026-10,PUT,82000,15975,,,,,,,,,,,,,
2026/08/26 20:36,2026-08-26T20:51:12+09:00,2026/08/27,2026/10/08,2026-10,CALL,81500,35,,,29.73,25.74,57,6,20,6,,,,,
2026/08/26 20:36,2026-08-26T20:51:12+09:00,2026/08/27,2026/10/08,2026-10,PUT,81500,15485,,,,,,,,,,,,,
2026/08/26 20:36,2026-08-26T20:51:12+09:00,2026/08/27,2026/10/08,2026-10,CALL,81000,36,,,27.53,26.08,40,34,27,34,,,,,
2026/08/26 20:36,2026-08-26T20:51:12+09:00,2026/08/27,2026/10/08,2026-10,PUT,81000,14985,,,,,,,,,,,,,
2026/08/26 20:36,2026-08-26T20:51:12+09:00,2026/08/27,2026/10/08,2026-10,CALL,80500,41,,,27.29,25.99,45,25,32,6,,,,,
2026/08/26 20:36,2026-08-26T20:51:12+09:00,2026/08/27,2026/10/08,2026-10,PUT,80500,14495,,,,,,,,,,,,,
2026/08/26 20:36,2026-08-26T20:51:12+09:00,2026/08/27,2026/10/08,2026-10,CALL,80000,47,,,26.83,26.21,48,8,41,8,,,,,
2026/08/26 20:36,2026-08-26T20:51:12+09:00,2026/08/27,2026/10/08,2026-10,PUT,80000,14000,,,,,,,,,,,,,
2026/08/26 20:36,2026-08-26T20:51:12+09:00,2026/08/27,2026/10/08,2026-10,CALL,79500,56,,,26.72,26.09,56,6,48,6,,,,,
2026/08/26 20:36,2026-08-26T20:51:12+09:00,2026/08/27,2026/10/08,2026-10,PUT,79500,13510,,,,,,,,,,,,,
2026/08/26 20:36,2026-08-26T20:51:12+09:00,2026/08/27,2026/10/08,2026-10,CALL,79000,67,,1,26.6,26.04,65,8,57,8,26.44,8,14.55,63,08/26 17:39
2026/08/26 20:36,2026-08-26T20:51:12+09:00,2026/08/27,2026/10/08,2026-10,PUT,79000,13020,,,,,,,,,,,,,
2026/08/26 20:36,2026-08-26T20:51:12+09:00,2026/08/27,2026/10/08,2026-10,CALL,78500,77,,,26.39,26.02,74,2,68,6,,,,,
2026/08/26 20:36,2026-08-26T20:51:12+09:00,2026/08/27,2026/10/08,2026-10,PUT,78500,12530,,,,,,,,,,,,,
2026/08/26 20:36,2026-08-26T20:51:12+09:00,2026/08/27,2026/10/08,2026-10,CALL,78000,90,,1,26.43,25.94,89,8,80,8,26.32,-2,-2.22,88,08/26 17:40
2026/08/26 20:36,2026-08-26T20:51:12+09:00,2026/08/27,2026/10/08,2026-10,PUT,78000,12045,,,,,,,,,,,,,
2026/08/26 20:36,2026-08-26T20:51:12+09:00,2026/08/27,2026/10/08,2026-10,CALL,77500,105,,,26.3,25.96,103,7,96,1,,,,,
2026/08/26 20:36,2026-08-26T20:51:12+09:00,2026/08/27,2026/10/08,2026-10,PUT,77500,11565,,,,,,,,,,,,,
2026/08/26 20:36,2026-08-26T20:51:12+09:00,2026/08/27,2026/10/08,2026-10,CALL,77000,118,,1,26.25,25.95,121,10,114,2,26.22,-1,-0.85,117,08/26 17:05
2026/08/26 20:36,2026-08-26T20:51:12+09:00,2026/08/27,2026/10/08,2026-10,PUT,77000,11085,,,,,,,,,,,,,
2026/08/26 20:36,2026-08-26T20:51:12+09:00,2026/08/27,2026/10/08,2026-10,CALL,76500,144,,,26.2,25.85,142,8,133,8,,,,,
2026/08/26 20:36,2026-08-26T20:51:12+09:00,2026/08/27,2026/10/08,2026-10,PUT,76500,10605,,,,,,,,,,,,,
2026/08/26 20:36,2026-08-26T20:51:12+09:00,2026/08/27,2026/10/08,2026-10,CALL,76250,155,,,26.19,25.9,154,5,146,5,,,,,
2026/08/26 20:36,2026-08-26T20:51:12+09:00,2026/08/27,2026/10/08,2026-10,PUT,76250,10370,,,,,,,,,,,,,
2026/08/26 20:36,2026-08-26T20:51:12+09:00,2026/08/27,2026/10/08,2026-10,CALL,76000,167,,,26.18,25.9,167,8,159,2,,,,,
2026/08/26 20:36,2026-08-26T20:51:12+09:00,2026/08/27,2026/10/08,2026-10,PUT,76000,10130,,,,,,,,,,,,,
2026/08/26 20:36,2026-08-26T20:51:12+09:00,2026/08/27,2026/10/08,2026-10,CALL,75750,183,,,26.11,25.88,179,5,172,5,,,,,
2026/08/26 20:36,2026-08-26T20:51:12+09:00,2026/08/27,2026/10/08,2026-10,PUT,75750,9895,,,,,,,,,,,,,
2026/08/26 20:36,2026-08-26T20:51:12+09:00,2026/08/27,2026/10/08,2026-10,CALL,75500,197,,,26.1,25.88,194,6,187,2,,,,,
2026/08/26 20:36,2026-08-26T20:51:12+09:00,2026/08/27,2026/10/08,2026-10,PUT,75500,9660,,,,,,,,,,,,,
2026/08/26 20:36,2026-08-26T20:51:12+09:00,2026/08/27,2026/10/08,2026-10,CALL,75250,214,,,26.09,25.85,210,5,202,5,,,,,
2026/08/26 20:36,2026-08-26T20:51:12+09:00,2026/08/27,2026/10/08,2026-10,PUT,75250,9430,,,,,,,,,,,,,
2026/08/26 20:36,2026-08-26T20:51:12+09:00,2026/08/27,2026/10/08,2026-10,CALL,75000,228,,2,26.1,25.88,228,8,220,8,26.11,-10,-4.39,218,08/26 19:30
2026/08/26 20:36,2026-08-26T20:51:12+09:00,2026/08/27,2026/10/08,2026-10,PUT,75000,9195,,,,,,,,,,,,,
2026/08/26 20:36,2026-08-26T20:51:12+09:00,2026/08/27,2026/10/08,2026-10,CALL,74750,247,,,26.14,25.87,248,9,238,2,,,,,
2026/08/26 20:36,2026-08-26T20:51:12+09:00,2026/08/27,2026/10/08,2026-10,PUT,74750,8965,,,,,,,,,,,,,
2026/08/26 20:36,2026-08-26T20:51:12+09:00,2026/08/27,2026/10/08,2026-10,CALL,74500,268,,,26.13,25.85,268,10,257,6,,,,,
2026/08/26 20:36,2026-08-26T20:51:12+09:00,2026/08/27,2026/10/08,2026-10,PUT,74500,8740,,,,,,,,,,,,,
2026/08/26 20:36,2026-08-26T20:51:12+09:00,2026/08/27,2026/10/08,2026-10,CALL,74250,291,,,26.09,25.85,288,5,278,5,,,,,
2026/08/26 20:36,2026-08-26T20:51:12+09:00,2026/08/27,2026/10/08,2026-10,PUT,74250,8510,,,,,,,,,,,,,
2026/08/26 20:36,2026-08-26T20:51:12+09:00,2026/08/27,2026/10/08,2026-10,CALL,74000,305,,1,26.07,25.83,310,8,300,2,26,-5,-1.64,300,08/26 18:37
2026/08/26 20:36,2026-08-26T20:51:12+09:00,2026/08/27,2026/10/08,2026-10,PUT,74000,8285,,,,,,,,,,,,,
2026/08/26 20:36,2026-08-26T20:51:12+09:00,2026/08/27,2026/10/08,2026-10,CALL,73750,335,,,26.08,25.85,335,5,325,2,,,,,
2026/08/26 20:36,2026-08-26T20:51:12+09:00,2026/08/27,2026/10/08,2026-10,PUT,73750,8060,,,,,,,,,,,,,
2026/08/26 20:36,2026-08-26T20:51:12+09:00,2026/08/27,2026/10/08,2026-10,CALL,73500,360,,,26.05,25.84,360,6,350,2,,,,,
2026/08/26 20:36,2026-08-26T20:51:12+09:00,2026/08/27,2026/10/08,2026-10,PUT,73500,7835,,,,,,,,,,,,,
2026/08/26 20:36,2026-08-26T20:51:12+09:00,2026/08/27,2026/10/08,2026-10,CALL,73250,395,,,26.09,25.79,390,5,375,5,,,,,
2026/08/26 20:36,2026-08-26T20:51:12+09:00,2026/08/27,2026/10/08,2026-10,PUT,73250,7615,,,,,,,,,,,,,
2026/08/26 20:36,2026-08-26T20:51:12+09:00,2026/08/27,2026/10/08,2026-10,CALL,73000,420,,,26,25.8,415,6,405,33,,,,,
2026/08/26 20:36,2026-08-26T20:51:12+09:00,2026/08/27,2026/10/08,2026-10,PUT,73000,7395,,,,,,,,,,,,,
2026/08/26 20:36,2026-08-26T20:51:12+09:00,2026/08/27,2026/10/08,2026-10,CALL,72750,450,,,25.97,25.78,445,2,435,4,,,,,
2026/08/26 20:36,2026-08-26T20:51:12+09:00,2026/08/27,2026/10/08,2026-10,PUT,72750,7175,,,,,,,,,,,,,
2026/08/26 20:36,2026-08-26T20:51:12+09:00,2026/08/27,2026/10/08,2026-10,CALL,72500,490,,,26.08,25.81,485,5,470,2,,,,,
2026/08/26 20:36,2026-08-26T20:51:12+09:00,2026/08/27,2026/10/08,2026-10,PUT,72500,6965,,,,,,,,,,,,,
2026/08/26 20:36,2026-08-26T20:51:12+09:00,2026/08/27,2026/10/08,2026-10,CALL,72250,515,,,25.98,25.8,515,2,505,2,,,,,
2026/08/26 20:36,2026-08-26T20:51:12+09:00,2026/08/27,2026/10/08,2026-10,PUT,72250,6750,,,,,,,,,,,,,
2026/08/26 20:36,2026-08-26T20:51:12+09:00,2026/08/27,2026/10/08,2026-10,CALL,72125,545,,,26.75,24.78,580,25,465,25,,,,,
2026/08/26 20:36,2026-08-26T20:51:12+09:00,2026/08/27,2026/10/08,2026-10,PUT,72125,6635,,,,,,,,,,,,,
2026/08/26 20:36,2026-08-26T20:51:12+09:00,2026/08/27,2026/10/08,2026-10,CALL,72000,565,,,26.01,25.85,555,6,545,6,,,,,
2026/08/26 20:36,2026-08-26T20:51:12+09:00,2026/08/27,2026/10/08,2026-10,PUT,72000,6540,,,,,,,,,,,,,
2026/08/26 20:36,2026-08-26T20:51:12+09:00,2026/08/27,2026/10/08,2026-10,CALL,71875,585,,,26.74,25.27,620,25,530,10,,,,,
2026/08/26 20:36,2026-08-26T20:51:12+09:00,2026/08/27,2026/10/08,2026-10,PUT,71875,6425,,,,,,,,,,,,,
2026/08/26 20:36,2026-08-26T20:51:12+09:00,2026/08/27,2026/10/08,2026-10,CALL,71750,600,,,26.01,25.77,595,4,580,12,,,,,
2026/08/26 20:36,2026-08-26T20:51:12+09:00,2026/08/27,2026/10/08,2026-10,PUT,71750,6330,,,,,,,,,,,,,
2026/08/26 20:36,2026-08-26T20:51:12+09:00,2026/08/27,2026/10/08,2026-10,CALL,71625,635,,,26.7,25.27,660,25,570,25,,,,,
2026/08/26 20:36,2026-08-26T20:51:12+09:00,2026/08/27,2026/10/08,2026-10,PUT,71625,6225,,,,,,,,,,,,,
2026/08/26 20:36,2026-08-26T20:51:12+09:00,2026/08/27,2026/10/08,2026-10,CALL,71500,645,,,26.04,25.81,640,5,625,5,,,,,
2026/08/26 20:36,2026-08-26T20:51:12+09:00,2026/08/27,2026/10/08,2026-10,PUT,71500,6120,,,,,,,,,,,,,
2026/08/26 20:36,2026-08-26T20:51:12+09:00,2026/08/27,2026/10/08,2026-10,CALL,71375,670,,,26.69,25.31,705,25,615,10,,,,,
2026/08/26 20:36,2026-08-26T20:51:12+09:00,2026/08/27,2026/10/08,2026-10,PUT,71375,6010,,,,,,,,,,,,,
2026/08/26 20:36,2026-08-26T20:51:12+09:00,2026/08/27,2026/10/08,2026-10,CALL,71250,690,,,26.04,25.81,685,4,670,4,,,,,
2026/08/26 20:36,2026-08-26T20:51:12+09:00,2026/08/27,2026/10/08,2026-10,PUT,71250,5915,,,,,,,,,,,,,
2026/08/26 20:36,2026-08-26T20:51:12+09:00,2026/08/27,2026/10/08,2026-10,CALL,71125,720,,,26.72,25.23,755,25,655,25,,,,,
2026/08/26 20:36,2026-08-26T20:51:12+09:00,2026/08/27,2026/10/08,2026-10,PUT,71125,5810,,,,,,,,,,,,,
2026/08/26 20:36,2026-08-26T20:51:12+09:00,2026/08/27,2026/10/08,2026-10,CALL,71000,740,,,26,25.78,730,2,715,4,,,,,
2026/08/26 20:36,2026-08-26T20:51:12+09:00,2026/08/27,2026/10/08,2026-10,PUT,71000,5720,,,30.67,20.84,6065,6,5405,6,,,,,
2026/08/26 20:36,2026-08-26T20:51:12+09:00,2026/08/27,2026/10/08,2026-10,CALL,70875,775,,,26.64,25.34,800,23,710,8,,,,,
2026/08/26 20:36,2026-08-26T20:51:12+09:00,2026/08/27,2026/10/08,2026-10,PUT,70875,5610,,,30.75,20.78,5975,3,5295,3,,,,,
2026/08/26 20:36,2026-08-26T20:51:12+09:00,2026/08/27,2026/10/08,2026-10,CALL,70750,790,,,26.06,25.78,785,10,765,3,,,,,
2026/08/26 20:36,2026-08-26T20:51:12+09:00,2026/08/27,2026/10/08,2026-10,PUT,70750,5515,,,30.62,20.95,5870,3,5200,3,,,,,
2026/08/26 20:36,2026-08-26T20:51:12+09:00,2026/08/27,2026/10/08,2026-10,CALL,70625,825,,,26.67,25.41,855,23,765,1,,,,,
2026/08/26 20:36,2026-08-26T20:51:12+09:00,2026/08/27,2026/10/08,2026-10,PUT,70625,5415,,,26.6,25.48,5475,1,5395,1,,,,,
2026/08/26 20:36,2026-08-26T20:51:12+09:00,2026/08/27,2026/10/08,2026-10,CALL,70500,845,,,26.08,25.81,840,3,820,3,,,,,
2026/08/26 20:36,2026-08-26T20:51:12+09:00,2026/08/27,2026/10/08,2026-10,PUT,70500,5315,,,26.63,25.39,5380,1,5290,1,,,,,
2026/08/26 20:36,2026-08-26T20:51:12+09:00,2026/08/27,2026/10/08,2026-10,CALL,70375,885,,,26.66,25.29,910,23,810,23,,,,,
2026/08/26 20:36,2026-08-26T20:51:12+09:00,2026/08/27,2026/10/08,2026-10,PUT,70375,5225,,,26.66,25.5,5285,1,5200,1,,,,,
2026/08/26 20:36,2026-08-26T20:51:12+09:00,2026/08/27,2026/10/08,2026-10,CALL,70250,905,,,26.07,25.8,895,3,875,3,,,,,
2026/08/26 20:36,2026-08-26T20:51:12+09:00,2026/08/27,2026/10/08,2026-10,PUT,70250,5130,,,26.6,25.46,5185,1,5100,2,,,,,
2026/08/26 20:36,2026-08-26T20:51:12+09:00,2026/08/27,2026/10/08,2026-10,CALL,70125,940,,,26.67,25.34,970,23,870,23,,,,,
2026/08/26 20:36,2026-08-26T20:51:12+09:00,2026/08/27,2026/10/08,2026-10,PUT,70125,5035,,,26.61,25.41,5090,1,5000,3,,,,,
2026/08/26 20:36,2026-08-26T20:51:12+09:00,2026/08/27,2026/10/08,2026-10,CALL,70000,950,,,26.01,25.88,950,4,940,2,,,,,
2026/08/26 20:36,2026-08-26T20:51:12+09:00,2026/08/27,2026/10/08,2026-10,PUT,70000,4945,,,26.6,25.55,4995,6,4915,8,,,,,
2026/08/26 20:36,2026-08-26T20:51:12+09:00,2026/08/27,2026/10/08,2026-10,CALL,69875,1000,,,26.65,25.35,1030,23,930,23,,,,,
2026/08/26 20:36,2026-08-26T20:51:12+09:00,2026/08/27,2026/10/08,2026-10,PUT,69875,4840,,,26.45,25.54,4890,1,4820,1,,,,,
2026/08/26 20:36,2026-08-26T20:51:12+09:00,2026/08/27,2026/10/08,2026-10,CALL,69750,1030,,,26.17,25.85,1025,3,1000,3,,,,,
2026/08/26 20:36,2026-08-26T20:51:12+09:00,2026/08/27,2026/10/08,2026-10,PUT,69750,4755,,,26.43,25.59,4795,1,4730,1,,,,,
2026/08/26 20:36,2026-08-26T20:51:12+09:00,2026/08/27,2026/10/08,2026-10,CALL,69625,1075,,,26.9,25.38,1115,22,995,22,,,,,
2026/08/26 20:36,2026-08-26T20:51:12+09:00,2026/08/27,2026/10/08,2026-10,PUT,69625,4665,,,26.46,25.44,4705,1,4625,3,,,,,
2026/08/26 20:36,2026-08-26T20:51:12+09:00,2026/08/27,2026/10/08,2026-10,CALL,69500,1085,,,26.16,25.91,1090,25,1070,3,,,,,
2026/08/26 20:36,2026-08-26T20:51:12+09:00,2026/08/27,2026/10/08,2026-10,PUT,69500,4570,,,26.48,25.53,4615,1,4540,1,,,,,
2026/08/26 20:36,2026-08-26T20:51:12+09:00,2026/08/27,2026/10/08,2026-10,CALL,69375,1150,,,26.73,25.24,1170,22,1050,22,,,,,
2026/08/26 20:36,2026-08-26T20:51:12+09:00,2026/08/27,2026/10/08,2026-10,PUT,69375,4490,,,26.48,25.68,4525,1,4460,1,,,,,
2026/08/26 20:36,2026-08-26T20:51:12+09:00,2026/08/27,2026/10/08,2026-10,CALL,69250,1170,,,26.24,25.93,1165,3,1140,3,,,,,
2026/08/26 20:36,2026-08-26T20:51:12+09:00,2026/08/27,2026/10/08,2026-10,PUT,69250,4395,,,26.6,25.68,4445,1,4370,1,,,,,
2026/08/26 20:36,2026-08-26T20:51:12+09:00,2026/08/27,2026/10/08,2026-10,CALL,69125,1220,,,26.77,25.31,1245,22,1125,22,,,,,
2026/08/26 20:36,2026-08-26T20:51:12+09:00,2026/08/27,2026/10/08,2026-10,PUT,69125,4315,,,26.53,25.68,4350,1,4280,1,,,,,
2026/08/26 20:36,2026-08-26T20:51:12+09:00,2026/08/27,2026/10/08,2026-10,CALL,69000,1245,,,26.15,25.97,1230,4,1215,4,,,,,
2026/08/26 20:36,2026-08-26T20:51:12+09:00,2026/08/27,2026/10/08,2026-10,PUT,69000,4230,,,26.45,25.78,4255,2,4200,10,,,,,
2026/08/26 20:36,2026-08-26T20:51:12+09:00,2026/08/27,2026/10/08,2026-10,CALL,68875,1305,,,26.6,25.34,1305,7,1200,22,,,,,
2026/08/26 20:36,2026-08-26T20:51:12+09:00,2026/08/27,2026/10/08,2026-10,PUT,68875,4145,,,26.54,25.7,4175,1,4105,1,,,,,
2026/08/26 20:36,2026-08-26T20:51:12+09:00,2026/08/27,2026/10/08,2026-10,CALL,68750,1330,,,26.31,26.02,1320,9,1295,3,,,,,
2026/08/26 20:36,2026-08-26T20:51:12+09:00,2026/08/27,2026/10/08,2026-10,PUT,68750,4050,,,26.49,25.84,4085,2,4030,6,,,,,
2026/08/26 20:36,2026-08-26T20:51:12+09:00,2026/08/27,2026/10/08,2026-10,CALL,68625,1385,,,26.62,25.5,1385,1,1290,21,,,,,
2026/08/26 20:36,2026-08-26T20:51:12+09:00,2026/08/27,2026/10/08,2026-10,PUT,68625,3975,,,26.62,25.73,4010,1,3935,1,,,,,
2026/08/26 20:36,2026-08-26T20:51:12+09:00,2026/08/27,2026/10/08,2026-10,CALL,68500,1415,,,26.38,26.03,1405,10,1375,22,,,,,
2026/08/26 20:36,2026-08-26T20:51:12+09:00,2026/08/27,2026/10/08,2026-10,PUT,68500,3885,,,26.55,25.91,3920,2,3865,2,,,,,
2026/08/26 20:36,2026-08-26T20:51:12+09:00,2026/08/27,2026/10/08,2026-10,CALL,68375,1465,,,26.83,25.55,1485,21,1375,21,,,,,
2026/08/26 20:36,2026-08-26T20:51:12+09:00,2026/08/27,2026/10/08,2026-10,PUT,68375,3805,,,26.71,25.9,3850,1,3780,1,,,,,
2026/08/26 20:36,2026-08-26T20:51:12+09:00,2026/08/27,2026/10/08,2026-10,CALL,68250,1500,,,26.46,26.11,1495,2,1465,2,,,,,
2026/08/26 20:36,2026-08-26T20:51:12+09:00,2026/08/27,2026/10/08,2026-10,PUT,68250,3725,,,26.57,25.82,3755,1,3690,5,,,,,
2026/08/26 20:36,2026-08-26T20:51:12+09:00,2026/08/27,2026/10/08,2026-10,CALL,68125,1550,,,26.88,25.62,1575,21,1465,21,,,,,
2026/08/26 20:36,2026-08-26T20:51:12+09:00,2026/08/27,2026/10/08,2026-10,PUT,68125,3650,,,27.05,25.79,3715,19,3605,19,,,,,
2026/08/26 20:36,2026-08-26T20:51:12+09:00,2026/08/27,2026/10/08,2026-10,CALL,68000,1595,,,26.72,26.15,1605,13,1555,3,,,,,
2026/08/26 20:36,2026-08-26T20:51:12+09:00,2026/08/27,2026/10/08,2026-10,PUT,68000,3565,,,26.66,25.58,3600,3,3505,24,,,,,
2026/08/26 20:36,2026-08-26T20:51:12+09:00,2026/08/27,2026/10/08,2026-10,CALL,67875,1650,,,26.94,25.7,1670,21,1560,21,,,,,
2026/08/26 20:36,2026-08-26T20:51:12+09:00,2026/08/27,2026/10/08,2026-10,PUT,67875,3495,,,27.11,25.59,3560,19,3425,19,,,,,
2026/08/26 20:36,2026-08-26T20:51:12+09:00,2026/08/27,2026/10/08,2026-10,CALL,67750,1690,,,26.6,26.14,1685,2,1645,2,,,,,
2026/08/26 20:36,2026-08-26T20:51:12+09:00,2026/08/27,2026/10/08,2026-10,PUT,67750,3415,,,26.71,26.14,3445,1,3395,2,,,,,
2026/08/26 20:36,2026-08-26T20:51:12+09:00,2026/08/27,2026/10/08,2026-10,CALL,67625,1745,,,26.97,25.79,1765,20,1660,20,,,,,
2026/08/26 20:36,2026-08-26T20:51:12+09:00,2026/08/27,2026/10/08,2026-10,PUT,67625,3345,,,27.02,25.96,3395,4,3300,19,,,,,
2026/08/26 20:36,2026-08-26T20:51:12+09:00,2026/08/27,2026/10/08,2026-10,CALL,67500,1800,,,26.82,26.32,1800,2,1755,2,,,,,
2026/08/26 20:36,2026-08-26T20:51:12+09:00,2026/08/27,2026/10/08,2026-10,PUT,67500,3270,,,26.77,25.76,3295,1,3205,21,,,,,
2026/08/26 20:36,2026-08-26T20:51:12+09:00,2026/08/27,2026/10/08,2026-10,CALL,67375,1850,,,27.06,25.83,1870,20,1760,20,,,,,
2026/08/26 20:36,2026-08-26T20:51:12+09:00,2026/08/27,2026/10/08,2026-10,PUT,67375,3195,,,27.17,26.06,3255,19,3155,19,,,,,
2026/08/26 20:36,2026-08-26T20:51:12+09:00,2026/08/27,2026/10/08,2026-10,CALL,67250,1900,,,26.84,26.28,1900,2,1850,2,,,,,
2026/08/26 20:36,2026-08-26T20:51:12+09:00,2026/08/27,2026/10/08,2026-10,PUT,67250,3120,,,26.84,25.9,3150,1,3065,20,,,,,
2026/08/26 20:36,2026-08-26T20:51:12+09:00,2026/08/27,2026/10/08,2026-10,CALL,67125,1960,,,27.16,25.95,1980,20,1870,20,,,,,
2026/08/26 20:36,2026-08-26T20:51:12+09:00,2026/08/27,2026/10/08,2026-10,PUT,67125,3055,,,27.22,25.95,3110,4,2995,19,,,,,
2026/08/26 20:36,2026-08-26T20:51:12+09:00,2026/08/27,2026/10/08,2026-10,CALL,67000,2010,,,27.14,26.48,2030,11,1970,3,,,,,
2026/08/26 20:36,2026-08-26T20:51:12+09:00,2026/08/27,2026/10/08,2026-10,PUT,67000,2990,,,26.92,26.26,3010,1,2950,26,,,,,
2026/08/26 20:36,2026-08-26T20:51:12+09:00,2026/08/27,2026/10/08,2026-10,CALL,66875,2070,,,27.22,26.01,2090,20,1980,20,,,,,
2026/08/26 20:36,2026-08-26T20:51:12+09:00,2026/08/27,2026/10/08,2026-10,PUT,66875,2915,,,27.44,26.23,2985,20,2875,20,,,,,
2026/08/26 20:36,2026-08-26T20:51:12+09:00,2026/08/27,2026/10/08,2026-10,CALL,66750,2125,,,27.29,26.52,2150,41,2080,2,,,,,
2026/08/26 20:36,2026-08-26T20:51:12+09:00,2026/08/27,2026/10/08,2026-10,PUT,66750,2855,,,27.02,26.36,2875,1,2815,6,,,,,
2026/08/26 20:36,2026-08-26T20:51:12+09:00,2026/08/27,2026/10/08,2026-10,CALL,66625,2190,,,27.35,26.14,2210,20,2100,20,,,,,
2026/08/26 20:36,2026-08-26T20:51:12+09:00,2026/08/27,2026/10/08,2026-10,PUT,66625,2785,,,27.57,26.36,2855,20,2745,5,,,,,
2026/08/26 20:36,2026-08-26T20:51:12+09:00,2026/08/27,2026/10/08,2026-10,CALL,66500,2245,,,27.34,26.57,2265,43,2195,2,,,,,
2026/08/26 20:36,2026-08-26T20:51:12+09:00,2026/08/27,2026/10/08,2026-10,PUT,66500,2725,,,27.23,26.46,2755,2,2685,23,,,,,
2026/08/26 20:36,2026-08-26T20:51:12+09:00,2026/08/27,2026/10/08,2026-10,CALL,66375,2315,,,27.43,26.28,2330,20,2225,20,,,,,
2026/08/26 20:36,2026-08-26T20:51:12+09:00,2026/08/27,2026/10/08,2026-10,PUT,66375,2660,,,27.65,26.45,2725,20,2615,5,,,,,
2026/08/26 20:36,2026-08-26T20:51:12+09:00,2026/08/27,2026/10/08,2026-10,CALL,66250,2370,,,27.4,26.75,2385,6,2325,2,,,,,
2026/08/26 20:36,2026-08-26T20:51:12+09:00,2026/08/27,2026/10/08,2026-10,PUT,66250,2600,,,27.35,26.53,2630,6,2555,6,,,,,
2026/08/26 20:36,2026-08-26T20:51:12+09:00,2026/08/27,2026/10/08,2026-10,CALL,66125,2440,,,27.53,26.32,2455,20,2345,20,,,,,
2026/08/26 20:36,2026-08-26T20:51:12+09:00,2026/08/27,2026/10/08,2026-10,PUT,66125,2535,,,27.58,26.54,2585,5,2490,20,,,,,
2026/08/26 20:36,2026-08-26T20:51:12+09:00,2026/08/27,2026/10/08,2026-10,CALL,66000,2460,,,27.53,26.87,2515,26,2455,1,,,,,
2026/08/26 20:36,2026-08-26T20:51:12+09:00,2026/08/27,2026/10/08,2026-10,PUT,66000,2490,,,27.31,26.65,2495,3,2435,11,,,,,
2026/08/26 20:36,2026-08-26T20:51:12+09:00,2026/08/27,2026/10/08,2026-10,CALL,65875,2570,,,27.63,26.43,2585,20,2475,20,,,,,
2026/08/26 20:36,2026-08-26T20:51:12+09:00,2026/08/27,2026/10/08,2026-10,PUT,65875,2440,,,27.63,26.65,2460,5,2370,20,,,,,
2026/08/26 20:36,2026-08-26T20:51:12+09:00,2026/08/27,2026/10/08,2026-10,CALL,65750,2635,,,27.62,26.85,2645,2,2575,6,,,,,
2026/08/26 20:36,2026-08-26T20:51:12+09:00,2026/08/27,2026/10/08,2026-10,PUT,65750,2380,,,27.56,26.79,2390,2,2320,6,,,,,
2026/08/26 20:36,2026-08-26T20:51:12+09:00,2026/08/27,2026/10/08,2026-10,CALL,65625,2705,,,27.64,26.65,2710,5,2620,20,,,,,
2026/08/26 20:36,2026-08-26T20:51:12+09:00,2026/08/27,2026/10/08,2026-10,PUT,65625,2325,,,27.75,26.76,2345,1,2255,20,,,,,
2026/08/26 20:36,2026-08-26T20:51:12+09:00,2026/08/27,2026/10/08,2026-10,CALL,65500,2770,,,27.99,26.94,2805,21,2710,6,,,,,
2026/08/26 20:36,2026-08-26T20:51:12+09:00,2026/08/27,2026/10/08,2026-10,PUT,65500,2270,,21,27.55,27.16,2265,2,2230,2,27.23,20,0.88,2295,08/26 17:25
2026/08/26 20:36,2026-08-26T20:51:12+09:00,2026/08/27,2026/10/08,2026-10,CALL,65375,2845,,,27.88,26.67,2860,19,2750,19,,,,,
2026/08/26 20:36,2026-08-26T20:51:12+09:00,2026/08/27,2026/10/08,2026-10,PUT,65375,2215,,,28.11,26.89,2255,20,2145,20,,,,,
2026/08/26 20:36,2026-08-26T20:51:12+09:00,2026/08/27,2026/10/08,2026-10,CALL,65250,2920,,,28.16,26.88,2950,20,2835,5,,,,,
2026/08/26 20:36,2026-08-26T20:51:12+09:00,2026/08/27,2026/10/08,2026-10,PUT,65250,2160,,,27.66,27.1,2155,2,2105,6,,,,,
2026/08/26 20:36,2026-08-26T20:51:12+09:00,2026/08/27,2026/10/08,2026-10,CALL,65125,3010,,,28.14,26.75,3015,19,2890,19,,,,,
2026/08/26 20:36,2026-08-26T20:51:12+09:00,2026/08/27,2026/10/08,2026-10,PUT,65125,2110,,,28.25,27.03,2150,20,2040,5,,,,,
2026/08/26 20:36,2026-08-26T20:51:12+09:00,2026/08/27,2026/10/08,2026-10,CALL,65000,3070,,,28.28,27.28,3095,24,3005,3,,,,,
2026/08/26 20:36,2026-08-26T20:51:12+09:00,2026/08/27,2026/10/08,2026-10,PUT,65000,2050,,,28,27.22,2070,31,2000,11,,,,,
2026/08/26 20:36,2026-08-26T20:51:12+09:00,2026/08/27,2026/10/08,2026-10,CALL,64875,3145,,,28.19,26.79,3155,19,3030,19,,,,,
2026/08/26 20:36,2026-08-26T20:51:12+09:00,2026/08/27,2026/10/08,2026-10,PUT,64875,2005,,,28.19,27.18,2030,5,1940,20,,,,,
2026/08/26 20:36,2026-08-26T20:51:12+09:00,2026/08/27,2026/10/08,2026-10,CALL,64750,3210,,,28.09,27.41,3215,5,3155,1,,,,,
2026/08/26 20:36,2026-08-26T20:51:12+09:00,2026/08/27,2026/10/08,2026-10,PUT,64750,1960,,,28.03,27.58,1960,2,1920,2,,,,,
2026/08/26 20:36,2026-08-26T20:51:12+09:00,2026/08/27,2026/10/08,2026-10,CALL,64625,3305,,,28.53,27.12,3325,19,3200,4,,,,,
2026/08/26 20:36,2026-08-26T20:51:12+09:00,2026/08/27,2026/10/08,2026-10,PUT,64625,1905,,,28.53,27.29,1950,21,1840,21,,,,,
2026/08/26 20:36,2026-08-26T20:51:12+09:00,2026/08/27,2026/10/08,2026-10,CALL,64500,3370,,,28.64,27.55,3405,21,3310,1,,,,,
2026/08/26 20:36,2026-08-26T20:51:12+09:00,2026/08/27,2026/10/08,2026-10,PUT,64500,1860,,,28.07,27.67,1855,2,1820,2,,,,,
2026/08/26 20:36,2026-08-26T20:51:12+09:00,2026/08/27,2026/10/08,2026-10,CALL,64375,3455,,,28.5,27.18,3465,19,3350,19,,,,,
2026/08/26 20:36,2026-08-26T20:51:12+09:00,2026/08/27,2026/10/08,2026-10,PUT,64375,1810,,,28.5,27.52,1840,6,1755,6,,,,,
2026/08/26 20:36,2026-08-26T20:51:12+09:00,2026/08/27,2026/10/08,2026-10,CALL,64250,3540,,,28.52,27.66,3540,20,3465,1,,,,,
2026/08/26 20:36,2026-08-26T20:51:12+09:00,2026/08/27,2026/10/08,2026-10,PUT,64250,1760,,,28.29,27.71,1770,2,1720,2,,,,,
2026/08/26 20:36,2026-08-26T20:51:12+09:00,2026/08/27,2026/10/08,2026-10,CALL,64125,3615,,,28.42,27.66,3605,4,3540,1,,,,,
2026/08/26 20:36,2026-08-26T20:51:12+09:00,2026/08/27,2026/10/08,2026-10,PUT,64125,1725,,,28.82,27.66,1765,21,1665,6,,,,,
2026/08/26 20:36,2026-08-26T20:51:12+09:00,2026/08/27,2026/10/08,2026-10,CALL,64000,3690,,,28.48,27.72,3685,9,3620,9,,,,,
2026/08/26 20:36,2026-08-26T20:51:12+09:00,2026/08/27,2026/10/08,2026-10,PUT,64000,1670,,,28.36,28.13,1675,14,1655,14,,,,,
2026/08/26 20:36,2026-08-26T20:51:12+09:00,2026/08/27,2026/10/08,2026-10,CALL,63875,3790,,,28.58,27.76,3770,1,3700,1,,,,,
2026/08/26 20:36,2026-08-26T20:51:12+09:00,2026/08/27,2026/10/08,2026-10,PUT,63875,1640,,,28.88,27.46,1670,21,1550,21,,,,,
2026/08/26 20:36,2026-08-26T20:51:12+09:00,2026/08/27,2026/10/08,2026-10,CALL,63750,3860,,,28.62,27.91,3850,6,3790,6,,,,,
2026/08/26 20:36,2026-08-26T20:51:12+09:00,2026/08/27,2026/10/08,2026-10,PUT,63750,1590,,,28.5,28.09,1590,3,1555,20,,,,,
2026/08/26 20:36,2026-08-26T20:51:12+09:00,2026/08/27,2026/10/08,2026-10,CALL,63625,3960,,,28.77,27.93,3940,1,3870,1,,,,,
2026/08/26 20:36,2026-08-26T20:51:12+09:00,2026/08/27,2026/10/08,2026-10,PUT,63625,1555,,,29.25,27.81,1605,22,1485,7,,,,,
2026/08/26 20:36,2026-08-26T20:51:12+09:00,2026/08/27,2026/10/08,2026-10,CALL,63500,4030,,,28.79,28.06,4020,7,3960,3,,,,,
2026/08/26 20:36,2026-08-26T20:51:12+09:00,2026/08/27,2026/10/08,2026-10,PUT,63500,1515,,,28.67,28.37,1510,3,1485,25,,,,,
2026/08/26 20:36,2026-08-26T20:51:12+09:00,2026/08/27,2026/10/08,2026-10,CALL,63375,4130,,,28.92,28.06,4110,1,4040,1,,,,,
2026/08/26 20:36,2026-08-26T20:51:12+09:00,2026/08/27,2026/10/08,2026-10,PUT,63375,1480,,,29.34,28,1520,22,1410,22,,,,,
2026/08/26 20:36,2026-08-26T20:51:12+09:00,2026/08/27,2026/10/08,2026-10,CALL,63250,4200,,,28.97,28.05,4195,1,4120,1,,,,,
2026/08/26 20:36,2026-08-26T20:51:12+09:00,2026/08/27,2026/10/08,2026-10,PUT,63250,1435,,,28.79,28.48,1430,2,1405,9,,,,,
2026/08/26 20:36,2026-08-26T20:51:12+09:00,2026/08/27,2026/10/08,2026-10,CALL,63125,4305,,,29.08,28.15,4285,1,4210,1,,,,,
2026/08/26 20:36,2026-08-26T20:51:12+09:00,2026/08/27,2026/10/08,2026-10,PUT,63125,1405,,,29.58,27.97,1450,22,1320,22,,,,,
2026/08/26 20:36,2026-08-26T20:51:12+09:00,2026/08/27,2026/10/08,2026-10,CALL,63000,4385,,,29.18,28.18,4375,8,4295,6,,,,,
2026/08/26 20:36,2026-08-26T20:51:12+09:00,2026/08/27,2026/10/08,2026-10,PUT,63000,1360,,,29,28.81,1360,4,1345,4,,,,,
2026/08/26 20:36,2026-08-26T20:51:12+09:00,2026/08/27,2026/10/08,2026-10,CALL,62875,4480,,,29.27,28.39,4465,1,4395,1,,,,,
2026/08/26 20:36,2026-08-26T20:51:12+09:00,2026/08/27,2026/10/08,2026-10,PUT,62875,1330,,,29.53,28.01,1360,22,1240,22,,,,,
2026/08/26 20:36,2026-08-26T20:51:12+09:00,2026/08/27,2026/10/08,2026-10,CALL,62750,4570,,,29.29,28.33,4550,1,4475,1,,,,,
2026/08/26 20:36,2026-08-26T20:51:12+09:00,2026/08/27,2026/10/08,2026-10,PUT,62750,1295,,,29.16,28.91,1290,3,1270,9,,,,,
2026/08/26 20:36,2026-08-26T20:51:12+09:00,2026/08/27,2026/10/08,2026-10,CALL,62625,4655,,,29.43,28.4,4645,1,4565,1,,,,,
2026/08/26 20:36,2026-08-26T20:51:12+09:00,2026/08/27,2026/10/08,2026-10,PUT,62625,1255,,,29.94,28.27,1310,22,1180,22,,,,,
2026/08/26 20:36,2026-08-26T20:51:12+09:00,2026/08/27,2026/10/08,2026-10,CALL,62500,4750,,,29.49,28.64,4735,1,4670,1,,,,,
2026/08/26 20:36,2026-08-26T20:51:12+09:00,2026/08/27,2026/10/08,2026-10,PUT,62500,1220,,,29.29,29.1,1220,2,1205,3,,,,,
2026/08/26 20:36,2026-08-26T20:51:12+09:00,2026/08/27,2026/10/08,2026-10,CALL,62375,4840,,,29.61,28.55,4830,1,4750,1,,,,,
2026/08/26 20:36,2026-08-26T20:51:12+09:00,2026/08/27,2026/10/08,2026-10,PUT,62375,1190,,,30.07,28.62,1240,23,1130,23,,,,,
2026/08/26 20:36,2026-08-26T20:51:12+09:00,2026/08/27,2026/10/08,2026-10,CALL,62250,4940,,,29.72,28.65,4925,1,4845,1,,,,,
2026/08/26 20:36,2026-08-26T20:51:12+09:00,2026/08/27,2026/10/08,2026-10,PUT,62250,1165,,,29.52,29.18,1160,3,1135,22,,,,,
2026/08/26 20:36,2026-08-26T20:51:12+09:00,2026/08/27,2026/10/08,2026-10,CALL,62125,5030,,,29.75,28.67,5015,1,4935,1,,,,,
2026/08/26 20:36,2026-08-26T20:51:12+09:00,2026/08/27,2026/10/08,2026-10,PUT,62125,1130,,,30.35,28.87,1185,23,1075,23,,,,,
2026/08/26 20:36,2026-08-26T20:51:12+09:00,2026/08/27,2026/10/08,2026-10,CALL,62000,5125,,,29.91,28.88,5115,8,5040,2,,,,,
2026/08/26 20:36,2026-08-26T20:51:12+09:00,2026/08/27,2026/10/08,2026-10,PUT,62000,1100,,,29.7,29.5,1100,4,1085,2,,,,,
2026/08/26 20:36,2026-08-26T20:51:12+09:00,2026/08/27,2026/10/08,2026-10,CALL,61875,5220,,,29.99,28.88,5210,1,5130,1,,,,,
2026/08/26 20:36,2026-08-26T20:51:12+09:00,2026/08/27,2026/10/08,2026-10,PUT,61875,1070,,,30.47,29.02,1120,23,1015,8,,,,,
2026/08/26 20:36,2026-08-26T20:51:12+09:00,2026/08/27,2026/10/08,2026-10,CALL,61750,5320,,,30.2,29.01,5315,2,5230,1,,,,,
2026/08/26 20:36,2026-08-26T20:51:12+09:00,2026/08/27,2026/10/08,2026-10,PUT,61750,1045,,,29.85,29.64,1040,2,1025,3,,,,,
2026/08/26 20:36,2026-08-26T20:51:12+09:00,2026/08/27,2026/10/08,2026-10,CALL,61625,5410,,,30.19,29.2,5405,1,5335,1,,,,,
2026/08/26 20:36,2026-08-26T20:51:12+09:00,2026/08/27,2026/10/08,2026-10,PUT,61625,1010,,,30.54,28.92,1055,23,940,23,,,,,
2026/08/26 20:36,2026-08-26T20:51:12+09:00,2026/08/27,2026/10/08,2026-10,CALL,61500,5515,,,30.25,29.03,5500,1,5415,1,,,,,
2026/08/26 20:36,2026-08-26T20:51:12+09:00,2026/08/27,2026/10/08,2026-10,PUT,61500,985,,,30.03,29.89,985,2,975,3,,,,,
2026/08/26 20:36,2026-08-26T20:51:12+09:00,2026/08/27,2026/10/08,2026-10,CALL,61375,5620,,,34.5,24.5,5895,3,5215,3,,,,,
2026/08/26 20:36,2026-08-26T20:51:12+09:00,2026/08/27,2026/10/08,2026-10,PUT,61375,970,,,30.8,29.05,1005,23,885,23,,,,,
2026/08/26 20:36,2026-08-26T20:51:12+09:00,2026/08/27,2026/10/08,2026-10,CALL,61250,5705,,,34.72,24.42,6000,3,5310,3,,,,,
2026/08/26 20:36,2026-08-26T20:51:12+09:00,2026/08/27,2026/10/08,2026-10,PUT,61250,910,,,30.25,30.03,935,3,920,3,,,,,
2026/08/26 20:36,2026-08-26T20:51:12+09:00,2026/08/27,2026/10/08,2026-10,CALL,61125,5815,,,34.87,24.42,6100,3,5410,3,,,,,
2026/08/26 20:36,2026-08-26T20:51:12+09:00,2026/08/27,2026/10/08,2026-10,PUT,61125,915,,,30.94,29.22,950,10,835,25,,,,,
2026/08/26 20:36,2026-08-26T20:51:12+09:00,2026/08/27,2026/10/08,2026-10,CALL,61000,5910,,,34.94,24.57,6195,6,5520,6,,,,,
2026/08/26 20:36,2026-08-26T20:51:12+09:00,2026/08/27,2026/10/08,2026-10,PUT,61000,880,,,30.51,30.29,890,6,875,6,,,,,
2026/08/26 20:36,2026-08-26T20:51:12+09:00,2026/08/27,2026/10/08,2026-10,CALL,60875,6015,,,35.29,24.27,6310,3,5605,3,,,,,
2026/08/26 20:36,2026-08-26T20:51:12+09:00,2026/08/27,2026/10/08,2026-10,PUT,60875,870,,,31.2,29.36,905,25,785,25,,,,,
2026/08/26 20:36,2026-08-26T20:51:12+09:00,2026/08/27,2026/10/08,2026-10,CALL,60750,6115,,,35.49,24.22,6415,3,5705,3,,,,,
2026/08/26 20:36,2026-08-26T20:51:12+09:00,2026/08/27,2026/10/08,2026-10,PUT,60750,835,,,30.66,30.51,840,2,830,2,,,,,
2026/08/26 20:36,2026-08-26T20:51:12+09:00,2026/08/27,2026/10/08,2026-10,CALL,60625,6215,,,35.68,24.14,6520,3,5805,3,,,,,
2026/08/26 20:36,2026-08-26T20:51:12+09:00,2026/08/27,2026/10/08,2026-10,PUT,60625,820,,,31.43,29.77,860,25,755,25,,,,,
2026/08/26 20:36,2026-08-26T20:51:12+09:00,2026/08/27,2026/10/08,2026-10,CALL,60500,6320,,,35.8,24.15,6620,4,5910,4,,,,,
2026/08/26 20:36,2026-08-26T20:51:12+09:00,2026/08/27,2026/10/08,2026-10,PUT,60500,795,,,30.93,30.7,800,5,785,5,,,,,
2026/08/26 20:36,2026-08-26T20:51:12+09:00,2026/08/27,2026/10/08,2026-10,CALL,60375,6425,,,36.13,24.04,6735,3,6010,3,,,,,
2026/08/26 20:36,2026-08-26T20:51:12+09:00,2026/08/27,2026/10/08,2026-10,PUT,60375,775,,,31.54,30.16,810,10,725,25,,,,,
2026/08/26 20:36,2026-08-26T20:51:12+09:00,2026/08/27,2026/10/08,2026-10,CALL,60250,6525,,,36.31,23.91,6840,3,6110,3,,,,,
2026/08/26 20:36,2026-08-26T20:51:12+09:00,2026/08/27,2026/10/08,2026-10,PUT,60250,750,,,31.09,30.93,755,2,745,4,,,,,
2026/08/26 20:36,2026-08-26T20:51:12+09:00,2026/08/27,2026/10/08,2026-10,CALL,60125,6635,,,36.48,23.86,6945,3,6215,3,,,,,
2026/08/26 20:36,2026-08-26T20:51:12+09:00,2026/08/27,2026/10/08,2026-10,PUT,60125,735,,,31.94,30.36,780,25,685,10,,,,,
2026/08/26 20:36,2026-08-26T20:51:12+09:00,2026/08/27,2026/10/08,2026-10,CALL,60000,6735,,,36.57,24.02,7045,6,6330,6,,,,,
2026/08/26 20:36,2026-08-26T20:51:12+09:00,2026/08/27,2026/10/08,2026-10,PUT,60000,715,,,31.3,31.13,715,4,705,6,,,,,
2026/08/26 20:36,2026-08-26T20:51:12+09:00,2026/08/27,2026/10/08,2026-10,CALL,59875,6850,,,36.89,23.71,7160,3,6425,3,,,,,
2026/08/26 20:36,2026-08-26T20:51:12+09:00,2026/08/27,2026/10/08,2026-10,PUT,59875,705,,,32.49,30.52,760,25,645,25,,,,,
2026/08/26 20:36,2026-08-26T20:51:12+09:00,2026/08/27,2026/10/08,2026-10,CALL,59750,6950,,,37.12,23.6,7270,3,6530,3,,,,,
2026/08/26 20:36,2026-08-26T20:51:12+09:00,2026/08/27,2026/10/08,2026-10,PUT,59750,675,,,31.56,31.39,680,4,670,4,,,,,
2026/08/26 20:36,2026-08-26T20:51:12+09:00,2026/08/27,2026/10/08,2026-10,CALL,59625,7060,,,37.35,23.47,7380,3,6635,3,,,,,
2026/08/26 20:36,2026-08-26T20:51:12+09:00,2026/08/27,2026/10/08,2026-10,PUT,59625,665,,,32.77,30.74,725,25,610,25,,,,,
2026/08/26 20:36,2026-08-26T20:51:12+09:00,2026/08/27,2026/10/08,2026-10,CALL,59500,7165,,,37.5,23.44,7485,4,6745,4,,,,,
2026/08/26 20:36,2026-08-26T20:51:12+09:00,2026/08/27,2026/10/08,2026-10,PUT,59500,645,,,31.79,31.61,645,5,635,5,,,,,
2026/08/26 20:36,2026-08-26T20:51:12+09:00,2026/08/27,2026/10/08,2026-10,CALL,59375,7280,,,37.8,23.12,7600,3,6845,3,,,,,
2026/08/26 20:36,2026-08-26T20:51:12+09:00,2026/08/27,2026/10/08,2026-10,PUT,59375,635,,,33.02,30.93,690,25,575,25,,,,,
2026/08/26 20:36,2026-08-26T20:51:12+09:00,2026/08/27,2026/10/08,2026-10,CALL,59250,7385,,,38.01,23.05,7710,3,6955,3,,,,,
2026/08/26 20:36,2026-08-26T20:51:12+09:00,2026/08/27,2026/10/08,2026-10,PUT,59250,615,,,32.09,31.81,615,12,600,4,,,,,
2026/08/26 20:36,2026-08-26T20:51:12+09:00,2026/08/27,2026/10/08,2026-10,CALL,59125,7490,,,38.23,22.95,7820,3,7065,3,,,,,
2026/08/26 20:36,2026-08-26T20:51:12+09:00,2026/08/27,2026/10/08,2026-10,PUT,59125,595,,,33.33,31.17,660,26,545,26,,,,,
2026/08/26 20:36,2026-08-26T20:51:12+09:00,2026/08/27,2026/10/08,2026-10,CALL,59000,7600,,,38.27,22.98,7920,6,7180,6,,,,,
2026/08/26 20:36,2026-08-26T20:51:12+09:00,2026/08/27,2026/10/08,2026-10,PUT,59000,580,,,32.35,32.16,585,26,575,2,,,,,
2026/08/26 20:36,2026-08-26T20:51:12+09:00,2026/08/27,2026/10/08,2026-10,CALL,58875,7720,,,38.64,22.5,8040,3,7280,3,,,,,
2026/08/26 20:36,2026-08-26T20:51:12+09:00,2026/08/27,2026/10/08,2026-10,PUT,58875,575,,,33.62,31.39,630,27,515,27,,,,,
2026/08/26 20:36,2026-08-26T20:51:12+09:00,2026/08/27,2026/10/08,2026-10,CALL,58750,7825,,,38.92,22.3,8155,3,7390,3,,,,,
2026/08/26 20:36,2026-08-26T20:51:12+09:00,2026/08/27,2026/10/08,2026-10,PUT,58750,555,,,32.59,32.3,555,2,540,5,,,,,
2026/08/26 20:36,2026-08-26T20:51:12+09:00,2026/08/27,2026/10/08,2026-10,CALL,58625,7940,,,39.12,22.06,8265,3,7500,3,,,,,
2026/08/26 20:36,2026-08-26T20:51:12+09:00,2026/08/27,2026/10/08,2026-10,PUT,58625,545,,,33.88,31.58,600,27,485,27,,,,,
2026/08/26 20:36,2026-08-26T20:51:12+09:00,2026/08/27,2026/10/08,2026-10,CALL,58500,8045,,,39.31,21.98,8375,4,7615,4,,,,,
2026/08/26 20:36,2026-08-26T20:51:12+09:00,2026/08/27,2026/10/08,2026-10,PUT,58500,525,,,32.9,32.6,530,6,515,6,,,,,
2026/08/26 20:36,2026-08-26T20:51:12+09:00,2026/08/27,2026/10/08,2026-10,CALL,58375,8150,,,39.58,21.65,8490,3,7725,3,,,,,
2026/08/26 20:36,2026-08-26T20:51:12+09:00,2026/08/27,2026/10/08,2026-10,PUT,58375,495,,,34.9,30.62,610,9,405,9,,,,,
2026/08/26 20:36,2026-08-26T20:51:12+09:00,2026/08/27,2026/10/08,2026-10,CALL,58250,8265,,,39.85,21.25,8605,3,7835,3,,,,,
2026/08/26 20:36,2026-08-26T20:51:12+09:00,2026/08/27,2026/10/08,2026-10,PUT,58250,500,,,33.09,32.87,500,3,490,5,,,,,
2026/08/26 20:36,2026-08-26T20:51:12+09:00,2026/08/27,2026/10/08,2026-10,CALL,58000,8495,,,,,,,,,,,,,
2026/08/26 20:36,2026-08-26T20:51:12+09:00,2026/08/27,2026/10/08,2026-10,PUT,58000,460,,,33.45,33.23,480,8,470,2,,,,,
2026/08/26 20:36,2026-08-26T20:51:12+09:00,2026/08/27,2026/10/08,2026-10,CALL,57750,8720,,,,,,,,,,,,,
2026/08/26 20:36,2026-08-26T20:51:12+09:00,2026/08/27,2026/10/08,2026-10,PUT,57750,455,,,33.69,33.46,455,2,445,5,,,,,
2026/08/26 20:36,2026-08-26T20:51:12+09:00,2026/08/27,2026/10/08,2026-10,CALL,57500,8950,,,,,,,,,,,,,
2026/08/26 20:36,2026-08-26T20:51:12+09:00,2026/08/27,2026/10/08,2026-10,PUT,57500,415,,,34.01,33.78,435,6,425,6,,,,,
2026/08/26 20:36,2026-08-26T20:51:12+09:00,2026/08/27,2026/10/08,2026-10,CALL,57250,9180,,,,,,,,,,,,,
2026/08/26 20:36,2026-08-26T20:51:12+09:00,2026/08/27,2026/10/08,2026-10,PUT,57250,395,,,34.31,34.07,415,14,405,5,,,,,
2026/08/26 20:36,2026-08-26T20:51:12+09:00,2026/08/27,2026/10/08,2026-10,CALL,57000,9410,,,,,,,,,,,,,
2026/08/26 20:36,2026-08-26T20:51:12+09:00,2026/08/27,2026/10/08,2026-10,PUT,57000,390,,,34.59,34.34,395,2,385,8,,,,,
2026/08/26 20:36,2026-08-26T20:51:12+09:00,2026/08/27,2026/10/08,2026-10,CALL,56750,9645,,,,,,,,,,,,,
2026/08/26 20:36,2026-08-26T20:51:12+09:00,2026/08/27,2026/10/08,2026-10,PUT,56750,365,,,34.97,34.58,380,14,365,28,,,,,
2026/08/26 20:36,2026-08-26T20:51:12+09:00,2026/08/27,2026/10/08,2026-10,CALL,56500,9875,,,,,,,,,,,,,
2026/08/26 20:36,2026-08-26T20:51:12+09:00,2026/08/27,2026/10/08,2026-10,PUT,56500,355,,,35.2,34.94,360,2,350,6,,,,,
2026/08/26 20:36,2026-08-26T20:51:12+09:00,2026/08/27,2026/10/08,2026-10,CALL,56250,10110,,,,,,,,,,,,,
2026/08/26 20:36,2026-08-26T20:51:12+09:00,2026/08/27,2026/10/08,2026-10,PUT,56250,340,,,35.55,35.27,345,2,335,5,,,,,
2026/08/26 20:36,2026-08-26T20:51:12+09:00,2026/08/27,2026/10/08,2026-10,CALL,56000,10340,,,,,,,,,,,,,
2026/08/26 20:36,2026-08-26T20:51:12+09:00,2026/08/27,2026/10/08,2026-10,PUT,56000,315,,,35.87,35.59,330,8,320,45,,,,,
2026/08/26 20:36,2026-08-26T20:51:12+09:00,2026/08/27,2026/10/08,2026-10,CALL,55750,10575,,,,,,,,,,,,,
2026/08/26 20:36,2026-08-26T20:51:12+09:00,2026/08/27,2026/10/08,2026-10,PUT,55750,310,,,36.18,35.88,315,2,305,26,,,,,
2026/08/26 20:36,2026-08-26T20:51:12+09:00,2026/08/27,2026/10/08,2026-10,CALL,55500,10815,,,,,,,,,,,,,
2026/08/26 20:36,2026-08-26T20:51:12+09:00,2026/08/27,2026/10/08,2026-10,PUT,55500,299,,,36.61,36.31,305,39,295,6,,,,,
2026/08/26 20:36,2026-08-26T20:51:12+09:00,2026/08/27,2026/10/08,2026-10,CALL,55250,11055,,,,,,,,,,,,,
2026/08/26 20:36,2026-08-26T20:51:12+09:00,2026/08/27,2026/10/08,2026-10,PUT,55250,287,,,36.91,36.59,291,5,281,14,,,,,
2026/08/26 20:36,2026-08-26T20:51:12+09:00,2026/08/27,2026/10/08,2026-10,CALL,55000,11295,,,,,,,,,,,,,
2026/08/26 20:36,2026-08-26T20:51:12+09:00,2026/08/27,2026/10/08,2026-10,PUT,55000,276,,,37.25,37.03,279,10,272,10,,,,,
2026/08/26 20:36,2026-08-26T20:51:12+09:00,2026/08/27,2026/10/08,2026-10,CALL,54750,11530,,,,,,,,,,,,,
2026/08/26 20:36,2026-08-26T20:51:12+09:00,2026/08/27,2026/10/08,2026-10,PUT,54750,265,,,37.61,37.28,268,6,258,16,,,,,
2026/08/26 20:36,2026-08-26T20:51:12+09:00,2026/08/27,2026/10/08,2026-10,CALL,54500,11770,,,,,,,,,,,,,
2026/08/26 20:36,2026-08-26T20:51:12+09:00,2026/08/27,2026/10/08,2026-10,PUT,54500,252,,,37.92,37.64,256,8,248,8,,,,,
2026/08/26 20:36,2026-08-26T20:51:12+09:00,2026/08/27,2026/10/08,2026-10,CALL,54250,12005,,,,,,,,,,,,,
2026/08/26 20:36,2026-08-26T20:51:12+09:00,2026/08/27,2026/10/08,2026-10,PUT,54250,241,,,38.32,37.99,247,6,238,6,,,,,
2026/08/26 20:36,2026-08-26T20:51:12+09:00,2026/08/27,2026/10/08,2026-10,CALL,54000,12250,,,,,,,,,,,,,
2026/08/26 20:36,2026-08-26T20:51:12+09:00,2026/08/27,2026/10/08,2026-10,PUT,54000,233,,,38.63,38.37,236,10,229,10,,,,,
2026/08/26 20:36,2026-08-26T20:51:12+09:00,2026/08/27,2026/10/08,2026-10,CALL,53750,12485,,,,,,,,,,,,,
2026/08/26 20:36,2026-08-26T20:51:12+09:00,2026/08/27,2026/10/08,2026-10,PUT,53750,222,,,39.04,38.77,228,2,221,6,,,,,
2026/08/26 20:36,2026-08-26T20:51:12+09:00,2026/08/27,2026/10/08,2026-10,CALL,53500,12730,,,,,,,,,,,,,
2026/08/26 20:36,2026-08-26T20:51:12+09:00,2026/08/27,2026/10/08,2026-10,PUT,53500,216,,,39.39,39.11,219,8,212,8,,,,,
2026/08/26 20:36,2026-08-26T20:51:12+09:00,2026/08/27,2026/10/08,2026-10,CALL,53250,12970,,,,,,,,,,,,,
2026/08/26 20:36,2026-08-26T20:51:12+09:00,2026/08/27,2026/10/08,2026-10,PUT,53250,207,,,39.86,39.44,213,6,203,6,,,,,
2026/08/26 20:36,2026-08-26T20:51:12+09:00,2026/08/27,2026/10/08,2026-10,CALL,53000,13215,,,,,,,,,,,,,
2026/08/26 20:36,2026-08-26T20:51:12+09:00,2026/08/27,2026/10/08,2026-10,PUT,53000,199,,3,40.23,39.8,205,8,195,8,40.08,2,1.01,200,08/26 17:40
2026/08/26 20:36,2026-08-26T20:51:12+09:00,2026/08/27,2026/10/08,2026-10,CALL,52750,13455,,,,,,,,,,,,,
2026/08/26 20:36,2026-08-26T20:51:12+09:00,2026/08/27,2026/10/08,2026-10,PUT,52750,190,,,40.63,40.19,198,4,188,4,,,,,
2026/08/26 20:36,2026-08-26T20:51:12+09:00,2026/08/27,2026/10/08,2026-10,CALL,52500,13695,,,,,,,,,,,,,
2026/08/26 20:36,2026-08-26T20:51:12+09:00,2026/08/27,2026/10/08,2026-10,PUT,52500,184,,,41.02,40.56,191,6,181,6,,,,,
2026/08/26 20:36,2026-08-26T20:51:12+09:00,2026/08/27,2026/10/08,2026-10,CALL,52250,13940,,,,,,,,,,,,,
2026/08/26 20:36,2026-08-26T20:51:12+09:00,2026/08/27,2026/10/08,2026-10,PUT,52250,177,,,41.39,40.97,184,4,175,4,,,,,
2026/08/26 20:36,2026-08-26T20:51:12+09:00,2026/08/27,2026/10/08,2026-10,CALL,52000,14185,,,,,,,,,,,,,
2026/08/26 20:36,2026-08-26T20:51:12+09:00,2026/08/27,2026/10/08,2026-10,PUT,52000,171,,,41.81,41.32,178,32,168,12,,,,,
2026/08/26 20:36,2026-08-26T20:51:12+09:00,2026/08/27,2026/10/08,2026-10,CALL,51750,14425,,,,,,,,,,,,,
2026/08/26 20:36,2026-08-26T20:51:12+09:00,2026/08/27,2026/10/08,2026-10,PUT,51750,165,,,42.21,41.71,172,4,162,4,,,,,
2026/08/26 20:36,2026-08-26T20:51:12+09:00,2026/08/27,2026/10/08,2026-10,CALL,51500,14670,,,,,,,,,,,,,
2026/08/26 20:36,2026-08-26T20:51:12+09:00,2026/08/27,2026/10/08,2026-10,PUT,51500,158,,,42.55,42.08,165,6,156,10,,,,,
2026/08/26 20:36,2026-08-26T20:51:12+09:00,2026/08/27,2026/10/08,2026-10,CALL,51250,14915,,,,,,,,,,,,,
2026/08/26 20:36,2026-08-26T20:51:12+09:00,2026/08/27,2026/10/08,2026-10,PUT,51250,152,,,42.93,42.5,159,4,151,4,,,,,
2026/08/26 20:36,2026-08-26T20:51:12+09:00,2026/08/27,2026/10/08,2026-10,CALL,51000,15160,,,,,,,,,,,,,
2026/08/26 20:36,2026-08-26T20:51:12+09:00,2026/08/27,2026/10/08,2026-10,PUT,51000,148,,,43.35,42.9,154,8,146,8,,,,,
2026/08/26 20:36,2026-08-26T20:51:12+09:00,2026/08/27,2026/10/08,2026-10,CALL,50750,15405,,,,,,,,,,,,,
2026/08/26 20:36,2026-08-26T20:51:12+09:00,2026/08/27,2026/10/08,2026-10,PUT,50750,144,,,43.76,43.24,149,4,140,8,,,,,
2026/08/26 20:36,2026-08-26T20:51:12+09:00,2026/08/27,2026/10/08,2026-10,CALL,50500,15650,,,,,,,,,,,,,
2026/08/26 20:36,2026-08-26T20:51:12+09:00,2026/08/27,2026/10/08,2026-10,PUT,50500,137,,,44.16,43.69,144,6,136,6,,,,,
2026/08/26 20:36,2026-08-26T20:51:12+09:00,2026/08/27,2026/10/08,2026-10,CALL,50250,15895,,,,,,,,,,,,,
2026/08/26 20:36,2026-08-26T20:51:12+09:00,2026/08/27,2026/10/08,2026-10,PUT,50250,134,,,44.55,44,139,4,130,20,,,,,
2026/08/26 20:36,2026-08-26T20:51:12+09:00,2026/08/27,2026/10/08,2026-10,CALL,50000,16135,,,,,,,,,,,,,
2026/08/26 20:36,2026-08-26T20:51:12+09:00,2026/08/27,2026/10/08,2026-10,PUT,50000,128,,,44.93,44.49,134,8,127,8,,,,,
2026/08/26 20:36,2026-08-26T20:51:12+09:00,2026/08/27,2026/10/08,2026-10,CALL,49750,16385,,,,,,,,,,,,,
2026/08/26 20:36,2026-08-26T20:51:12+09:00,2026/08/27,2026/10/08,2026-10,PUT,49750,125,,,45.36,44.78,130,4,121,21,,,,,
2026/08/26 20:36,2026-08-26T20:51:12+09:00,2026/08/27,2026/10/08,2026-10,CALL,49500,16630,,,,,,,,,,,,,
2026/08/26 20:36,2026-08-26T20:51:12+09:00,2026/08/27,2026/10/08,2026-10,PUT,49500,122,,,45.72,45.18,125,6,117,29,,,,,
2026/08/26 20:36,2026-08-26T20:51:12+09:00,2026/08/27,2026/10/08,2026-10,CALL,49250,16875,,,,,,,,,,,,,
2026/08/26 20:36,2026-08-26T20:51:12+09:00,2026/08/27,2026/10/08,2026-10,PUT,49250,118,,,46.13,45.65,121,4,114,4,,,,,
2026/08/26 20:36,2026-08-26T20:51:12+09:00,2026/08/27,2026/10/08,2026-10,CALL,49000,17120,,,,,,,,,,,,,
2026/08/26 20:36,2026-08-26T20:51:12+09:00,2026/08/27,2026/10/08,2026-10,PUT,49000,112,,2,46.54,45.97,117,8,109,38,46.13,,,113,08/26 18:18
2026/08/26 20:36,2026-08-26T20:51:12+09:00,2026/08/27,2026/10/08,2026-10,CALL,48750,17370,,,,,,,,,,,,,
2026/08/26 20:36,2026-08-26T20:51:12+09:00,2026/08/27,2026/10/08,2026-10,PUT,48750,110,,,47,46.42,114,4,106,19,,,,,
2026/08/26 20:36,2026-08-26T20:51:12+09:00,2026/08/27,2026/10/08,2026-10,CALL,48500,17615,,,,,,,,,,,,,
2026/08/26 20:36,2026-08-26T20:51:12+09:00,2026/08/27,2026/10/08,2026-10,PUT,48500,107,,,47.46,46.86,111,10,103,2,,,,,
2026/08/26 20:36,2026-08-26T20:51:12+09:00,2026/08/27,2026/10/08,2026-10,CALL,48250,17860,,,,,,,,,,,,,
2026/08/26 20:36,2026-08-26T20:51:12+09:00,2026/08/27,2026/10/08,2026-10,PUT,48250,103,,,47.84,47.22,107,2,99,21,,,,,
2026/08/26 20:36,2026-08-26T20:51:12+09:00,2026/08/27,2026/10/08,2026-10,CALL,48000,18105,,,,,,,,,,,,,
2026/08/26 20:36,2026-08-26T20:51:12+09:00,2026/08/27,2026/10/08,2026-10,PUT,48000,99,,,48.29,47.57,104,12,95,38,,,,,
2026/08/26 20:36,2026-08-26T20:51:12+09:00,2026/08/27,2026/10/08,2026-10,CALL,47750,18350,,,,,,,,,,,,,
2026/08/26 20:36,2026-08-26T20:51:12+09:00,2026/08/27,2026/10/08,2026-10,PUT,47750,95,,,48.73,47.98,101,4,92,19,,,,,
2026/08/26 20:36,2026-08-26T20:51:12+09:00,2026/08/27,2026/10/08,2026-10,CALL,47500,18600,,,,,,,,,,,,,
2026/08/26 20:36,2026-08-26T20:51:12+09:00,2026/08/27,2026/10/08,2026-10,PUT,47500,93,,,49.16,48.4,98,2,89,29,,,,,
2026/08/26 20:36,2026-08-26T20:51:12+09:00,2026/08/27,2026/10/08,2026-10,CALL,47250,18845,,,,,,,,,,,,,
2026/08/26 20:36,2026-08-26T20:51:12+09:00,2026/08/27,2026/10/08,2026-10,PUT,47250,88,,,49.59,48.89,95,2,87,17,,,,,
2026/08/26 20:36,2026-08-26T20:51:12+09:00,2026/08/27,2026/10/08,2026-10,CALL,47000,19090,,,,,,,,,,,,,
2026/08/26 20:36,2026-08-26T20:51:12+09:00,2026/08/27,2026/10/08,2026-10,PUT,47000,86,,3,50.01,49.28,92,4,84,34,49.7,4,4.65,90,08/26 19:45
2026/08/26 20:36,2026-08-26T20:51:12+09:00,2026/08/27,2026/10/08,2026-10,CALL,46750,19340,,,,,,,,,,,,,
2026/08/26 20:36,2026-08-26T20:51:12+09:00,2026/08/27,2026/10/08,2026-10,PUT,46750,85,,,50.42,49.77,89,4,82,4,,,,,
2026/08/26 20:36,2026-08-26T20:51:12+09:00,2026/08/27,2026/10/08,2026-10,CALL,46500,19585,,,,,,,,,,,,,
2026/08/26 20:36,2026-08-26T20:51:12+09:00,2026/08/27,2026/10/08,2026-10,PUT,46500,82,,,50.91,50.14,87,4,79,25,,,,,
2026/08/26 20:36,2026-08-26T20:51:12+09:00,2026/08/27,2026/10/08,2026-10,CALL,46250,19835,,,,,,,,,,,,,
2026/08/26 20:36,2026-08-26T20:51:12+09:00,2026/08/27,2026/10/08,2026-10,PUT,46250,80,,,51.31,50.62,84,2,77,4,,,,,
2026/08/26 20:36,2026-08-26T20:51:12+09:00,2026/08/27,2026/10/08,2026-10,CALL,46000,20080,,,,,,,,,,,,,
2026/08/26 20:36,2026-08-26T20:51:12+09:00,2026/08/27,2026/10/08,2026-10,PUT,46000,76,,,51.69,50.87,81,2,73,38,,,,,
2026/08/26 20:36,2026-08-26T20:51:12+09:00,2026/08/27,2026/10/08,2026-10,CALL,45750,20330,,,,,,,,,,,,,
2026/08/26 20:36,2026-08-26T20:51:12+09:00,2026/08/27,2026/10/08,2026-10,PUT,45750,76,,,52.17,51.44,79,2,72,4,,,,,
2026/08/26 20:36,2026-08-26T20:51:12+09:00,2026/08/27,2026/10/08,2026-10,CALL,45500,20575,,,,,,,,,,,,,
2026/08/26 20:36,2026-08-26T20:51:12+09:00,2026/08/27,2026/10/08,2026-10,PUT,45500,74,,,52.85,51.43,79,2,66,2,,,,,
2026/08/26 20:36,2026-08-26T20:51:12+09:00,2026/08/27,2026/10/08,2026-10,CALL,45250,20820,,,,,,,,,,,,,
2026/08/26 20:36,2026-08-26T20:51:12+09:00,2026/08/27,2026/10/08,2026-10,PUT,45250,69,,,53.33,51.87,77,2,64,2,,,,,
2026/08/26 20:36,2026-08-26T20:51:12+09:00,2026/08/27,2026/10/08,2026-10,CALL,45000,21070,,,,,,,,,,,,,
2026/08/26 20:36,2026-08-26T20:51:12+09:00,2026/08/27,2026/10/08,2026-10,PUT,45000,68,,,53.8,52.17,75,2,61,2,,,,,
2026/08/26 20:36,2026-08-26T20:51:12+09:00,2026/08/27,2026/10/08,2026-10,CALL,44750,21320,,,,,,,,,,,,,
2026/08/26 20:36,2026-08-26T20:51:12+09:00,2026/08/27,2026/10/08,2026-10,PUT,44750,67,,,54.26,52.71,73,2,60,2,,,,,
2026/08/26 20:36,2026-08-26T20:51:12+09:00,2026/08/27,2026/10/08,2026-10,CALL,44500,21565,,,,,,,,,,,,,
2026/08/26 20:36,2026-08-26T20:51:12+09:00,2026/08/27,2026/10/08,2026-10,PUT,44500,64,,,54.72,53.12,71,2,58,2,,,,,
2026/08/26 20:36,2026-08-26T20:51:12+09:00,2026/08/27,2026/10/08,2026-10,CALL,44250,21815,,,,,,,,,,,,,
2026/08/26 20:36,2026-08-26T20:51:12+09:00,2026/08/27,2026/10/08,2026-10,PUT,44250,63,,,55.18,53.53,69,2,56,2,,,,,
2026/08/26 20:36,2026-08-26T20:51:12+09:00,2026/08/27,2026/10/08,2026-10,CALL,44000,22060,,,,,,,,,,,,,
2026/08/26 20:36,2026-08-26T20:51:12+09:00,2026/08/27,2026/10/08,2026-10,PUT,44000,60,,,55.62,53.92,67,2,54,2,,,,,
2026/08/26 20:36,2026-08-26T20:51:12+09:00,2026/08/27,2026/10/08,2026-10,CALL,43750,22310,,,,,,,,,,,,,
2026/08/26 20:36,2026-08-26T20:51:12+09:00,2026/08/27,2026/10/08,2026-10,PUT,43750,60,,,56.06,54.31,65,2,52,2,,,,,
2026/08/26 20:36,2026-08-26T20:51:12+09:00,2026/08/27,2026/10/08,2026-10,CALL,43500,22555,,,,,,,,,,,,,
2026/08/26 20:36,2026-08-26T20:51:12+09:00,2026/08/27,2026/10/08,2026-10,PUT,43500,57,,,56.63,54.83,64,2,51,2,,,,,
2026/08/26 20:36,2026-08-26T20:51:12+09:00,2026/08/27,2026/10/08,2026-10,CALL,43250,22805,,,,,,,,,,,,,
2026/08/26 20:36,2026-08-26T20:51:12+09:00,2026/08/27,2026/10/08,2026-10,PUT,43250,56,,,57.06,55.2,62,2,49,2,,,,,
2026/08/26 20:36,2026-08-26T20:51:12+09:00,2026/08/27,2026/10/08,2026-10,CALL,43000,23055,,,,,,,,,,,,,
2026/08/26 20:36,2026-08-26T20:51:12+09:00,2026/08/27,2026/10/08,2026-10,PUT,43000,55,,,57.48,55.72,60,2,48,2,,,,,
2026/08/26 20:36,2026-08-26T20:51:12+09:00,2026/08/27,2026/10/08,2026-10,CALL,42750,23305,,,,,,,,,,,,,
2026/08/26 20:36,2026-08-26T20:51:12+09:00,2026/08/27,2026/10/08,2026-10,PUT,42750,53,,,58.04,56.07,59,2,46,2,,,,,
2026/08/26 20:36,2026-08-26T20:51:12+09:00,2026/08/27,2026/10/08,2026-10,CALL,42000,24050,,,,,,,,,,,,,
2026/08/26 20:36,2026-08-26T20:51:12+09:00,2026/08/27,2026/10/08,2026-10,PUT,42000,49,,,59.55,57.42,55,2,42,2,,,,,
2026/08/26 20:36,2026-08-26T20:51:12+09:00,2026/08/27,2026/10/08,2026-10,CALL,41000,25040,,,,,,,,,,,,,
2026/08/26 20:36,2026-08-26T20:51:12+09:00,2026/08/27,2026/10/08,2026-10,PUT,41000,43,,1,61.07,59.98,47,2,41,8,60.25,,,43,08/26 18:18
2026/08/26 20:36,2026-08-26T20:51:12+09:00,2026/08/27,2026/10/08,2026-10,CALL,40000,26035,,,,,,,,,,,,,
2026/08/26 20:36,2026-08-26T20:51:12+09:00,2026/08/27,2026/10/08,2026-10,PUT,40000,39,,,64.44,49.95,50,8,5,10,,,,,
2026/08/26 20:36,2026-08-26T20:51:12+09:00,2026/08/27,2026/10/08,2026-10,CALL,39000,27030,,,,,,,,,,,,,
2026/08/26 20:36,2026-08-26T20:51:12+09:00,2026/08/27,2026/10/08,2026-10,PUT,39000,36,,,77.36,45.84,128,6,1,26,,,,,
2026/08/26 20:36,2026-08-26T20:51:12+09:00,2026/08/27,2026/10/08,2026-10,CALL,38000,28025,,,,,,,,,,,,,
2026/08/26 20:36,2026-08-26T20:51:12+09:00,2026/08/27,2026/10/08,2026-10,PUT,38000,32,,,69,47.98,43,7,1,26,,,,,
2026/08/26 20:36,2026-08-26T20:51:12+09:00,2026/08/27,2026/10/08,2026-10,CALL,37000,29020,,,,,,,,,,,,,
2026/08/26 20:36,2026-08-26T20:51:12+09:00,2026/08/27,2026/10/08,2026-10,PUT,37000,29,,,83.54,54.69,122,6,3,7,,,,,
2026/08/26 20:36,2026-08-26T20:51:12+09:00,2026/08/27,2026/10/08,2026-10,CALL,36000,30015,,,,,,,,,,,,,
2026/08/26 20:36,2026-08-26T20:51:12+09:00,2026/08/27,2026/10/08,2026-10,PUT,36000,25,,,86.72,52.43,119,6,1,26,,,,,
2026/08/26 20:36,2026-08-26T20:51:12+09:00,2026/08/27,2026/10/08,2026-10,CALL,35000,31010,,,,,,,,,,,,,
2026/08/26 20:36,2026-08-26T20:51:12+09:00,2026/08/27,2026/10/08,2026-10,PUT,35000,23,,,73.68,71.91,26,1,21,1,,,,,
2026/08/26 20:36,2026-08-26T20:51:12+09:00,2026/08/27,2026/10/08,2026-10,CALL,34000,32010,,,,,,,,,,,,,
2026/08/26 20:36,2026-08-26T20:51:12+09:00,2026/08/27,2026/10/08,2026-10,PUT,34000,20,,,93.28,60.19,113,6,2,3,,,,,
2026/08/26 20:36,2026-08-26T20:51:12+09:00,2026/08/27,2026/10/08,2026-10,CALL,33000,33005,,,,,,,,,,,,,
2026/08/26 20:36,2026-08-26T20:51:12+09:00,2026/08/27,2026/10/08,2026-10,PUT,33000,17,,,82.83,71.53,35,12,9,26,,,,,
2026/08/26 20:36,2026-08-26T20:51:12+09:00,2026/08/27,2026/10/08,2026-10,CALL,32000,34000,,,,,,,,,,,,,
2026/08/26 20:36,2026-08-26T20:51:12+09:00,2026/08/27,2026/10/08,2026-10,PUT,32000,15,,,80.86,65.4,20,1,2,3,,,,,
2026/08/26 20:36,2026-08-26T20:51:12+09:00,2026/08/27,2026/10/08,2026-10,CALL,31000,34995,,,,,,,,,,,,,
2026/08/26 20:36,2026-08-26T20:51:12+09:00,2026/08/27,2026/10/08,2026-10,PUT,31000,14,,,104.12,77.58,107,6,9,2,,,,,
2026/08/26 20:36,2026-08-26T20:51:12+09:00,2026/08/27,2026/10/08,2026-10,CALL,30000,35995,,,,,,,,,,,,,
2026/08/26 20:36,2026-08-26T20:51:12+09:00,2026/08/27,2026/10/08,2026-10,PUT,30000,12,,1,83.72,82.34,13,1,11,8,82.97,0,0,12,08/26 17:32
2026/08/26 20:36,2026-08-26T20:51:12+09:00,2026/08/27,2026/10/08,2026-10,CALL,29000,36990,,,,,,,,,,,,,
2026/08/26 20:36,2026-08-26T20:51:12+09:00,2026/08/27,2026/10/08,2026-10,PUT,29000,10,,,112.03,73.85,104,6,2,3,,,,,
2026/08/26 20:36,2026-08-26T20:51:12+09:00,2026/08/27,2026/10/08,2026-10,CALL,28000,37990,,,,,,,,,,,,,
2026/08/26 20:36,2026-08-26T20:51:12+09:00,2026/08/27,2026/10/08,2026-10,PUT,28000,9,,,91.93,82.86,15,15,5,15,,,,,
2026/08/26 20:36,2026-08-26T20:51:12+09:00,2026/08/27,2026/10/08,2026-10,CALL,27000,38985,,,,,,,,,,,,,
2026/08/26 20:36,2026-08-26T20:51:12+09:00,2026/08/27,2026/10/08,2026-10,PUT,27000,8,,,94.94,84.58,14,15,4,15,,,,,
2026/08/26 20:36,2026-08-26T20:51:12+09:00,2026/08/27,2026/10/08,2026-10,CALL,26000,39985,,,,,,,,,,,,,
2026/08/26 20:36,2026-08-26T20:51:12+09:00,2026/08/27,2026/10/08,2026-10,PUT,26000,8,,,95.53,85.92,10,19,3,15,,,,,
2026/08/26 20:36,2026-08-26T20:51:12+09:00,2026/08/27,2026/10/08,2026-10,CALL,25000,40975,,,,,,,,,,,,,
2026/08/26 20:36,2026-08-26T20:51:12+09:00,2026/08/27,2026/10/08,2026-10,PUT,25000,6,,,99.35,94.79,10,20,6,1,,,,,
2026/08/26 20:36,2026-08-26T20:51:12+09:00,2026/08/27,2026/10/08,2026-10,CALL,22500,43470,,,,,,,,,,,,,
2026/08/26 20:36,2026-08-26T20:51:12+09:00,2026/08/27,2026/10/08,2026-10,PUT,22500,4,,,107.38,101.06,8,15,4,6,,,,,
2026/08/26 20:36,2026-08-26T20:51:12+09:00,2026/08/27,2026/10/08,2026-10,CALL,20000,45970,,,,,,,,,,,,,
2026/08/26 20:36,2026-08-26T20:51:12+09:00,2026/08/27,2026/10/08,2026-10,PUT,20000,2,,2,111.73,105.76,4,9,2,192,105.79,,,2,08/26 17:46
2026/08/26 20:36,2026-08-26T20:51:12+09:00,2026/08/27,2026/12/10,2026-12,CALL,68750,2740,,,26.92,26.06,2745,20,2625,20,,,,,
2026/08/26 20:36,2026-08-26T20:51:12+09:00,2026/08/27,2026/12/10,2026-12,PUT,68750,5250,,,,,,,,,,,,,
2026/08/26 20:36,2026-08-26T20:51:12+09:00,2026/08/27,2026/12/10,2026-12,CALL,68500,2840,,,26.97,26.12,2845,20,2725,20,,,,,
2026/08/26 20:36,2026-08-26T20:51:12+09:00,2026/08/27,2026/12/10,2026-12,PUT,68500,5100,,,,,,,,,,,,,
2026/08/26 20:36,2026-08-26T20:51:12+09:00,2026/08/27,2026/12/10,2026-12,CALL,68250,2945,,,27,26.15,2945,20,2825,20,,,,,
2026/08/26 20:36,2026-08-26T20:51:12+09:00,2026/08/27,2026/12/10,2026-12,PUT,68250,4955,,,26.79,25.94,5035,20,4915,20,,,,,
2026/08/26 20:36,2026-08-26T20:51:12+09:00,2026/08/27,2026/12/10,2026-12,CALL,68000,3050,,,27.05,26.21,3050,20,2930,20,,,,,
2026/08/26 20:36,2026-08-26T20:51:12+09:00,2026/08/27,2026/12/10,2026-12,PUT,68000,4815,,,26.84,26,4890,20,4770,20,,,,,
2026/08/26 20:36,2026-08-26T20:51:12+09:00,2026/08/27,2026/12/10,2026-12,CALL,67750,3160,,,27.12,26.28,3160,20,3040,20,,,,,
2026/08/26 20:36,2026-08-26T20:51:12+09:00,2026/08/27,2026/12/10,2026-12,PUT,67750,4670,,,26.91,26.07,4750,20,4630,20,,,,,
2026/08/26 20:36,2026-08-26T20:51:12+09:00,2026/08/27,2026/12/10,2026-12,CALL,67500,3280,,,27.21,26.37,3275,20,3155,20,,,,,
2026/08/26 20:36,2026-08-26T20:51:12+09:00,2026/08/27,2026/12/10,2026-12,PUT,67500,4540,,,27,26.16,4615,20,4495,20,,,,,
2026/08/26 20:36,2026-08-26T20:51:12+09:00,2026/08/27,2026/12/10,2026-12,CALL,67250,3385,,,27.28,26.44,3390,20,3270,20,,,,,
2026/08/26 20:36,2026-08-26T20:51:12+09:00,2026/08/27,2026/12/10,2026-12,PUT,67250,4405,,,27.07,26.23,4480,20,4360,20,,,,,
2026/08/26 20:36,2026-08-26T20:51:12+09:00,2026/08/27,2026/12/10,2026-12,CALL,67000,3500,,,27.33,26.49,3505,20,3385,20,,,,,
2026/08/26 20:36,2026-08-26T20:51:12+09:00,2026/08/27,2026/12/10,2026-12,PUT,67000,4270,,,27.12,26.28,4345,20,4225,20,,,,,
2026/08/26 20:36,2026-08-26T20:51:12+09:00,2026/08/27,2026/12/10,2026-12,CALL,66750,3620,,,27.4,26.56,3625,20,3505,20,,,,,
2026/08/26 20:36,2026-08-26T20:51:12+09:00,2026/08/27,2026/12/10,2026-12,PUT,66750,4145,,,27.22,26.38,4220,20,4100,20,,,,,
2026/08/26 20:36,2026-08-26T20:51:12+09:00,2026/08/27,2026/12/10,2026-12,CALL,66500,3755,,,27.49,26.65,3750,20,3630,20,,,,,
2026/08/26 20:36,2026-08-26T20:51:12+09:00,2026/08/27,2026/12/10,2026-12,PUT,66500,4015,,,27.28,26.44,4090,20,3970,20,,,,,
2026/08/26 20:36,2026-08-26T20:51:12+09:00,2026/08/27,2026/12/10,2026-12,CALL,66250,3880,,,27.56,26.71,3875,20,3755,20,,,,,
2026/08/26 20:36,2026-08-26T20:51:12+09:00,2026/08/27,2026/12/10,2026-12,PUT,66250,3900,,,27.38,26.54,3970,20,3850,20,,,,,
2026/08/26 20:36,2026-08-26T20:51:12+09:00,2026/08/27,2026/12/10,2026-12,CALL,66000,4005,,,27.64,26.8,4005,20,3885,20,,,,,
2026/08/26 20:36,2026-08-26T20:51:12+09:00,2026/08/27,2026/12/10,2026-12,PUT,66000,3780,,,27.47,26.62,3850,20,3730,20,,,,,
2026/08/26 20:36,2026-08-26T20:51:12+09:00,2026/08/27,2026/12/10,2026-12,CALL,65750,4140,,,27.71,26.87,4135,20,4015,20,,,,,
2026/08/26 20:36,2026-08-26T20:51:12+09:00,2026/08/27,2026/12/10,2026-12,PUT,65750,3660,,,27.54,26.69,3730,20,3610,20,,,,,
2026/08/26 20:36,2026-08-26T20:51:12+09:00,2026/08/27,2026/12/10,2026-12,CALL,65500,4295,,,,,,,,,,,,,
2026/08/26 20:36,2026-08-26T20:51:12+09:00,2026/08/27,2026/12/10,2026-12,PUT,65500,3545,,,27.62,26.77,3615,20,3495,20,,,,,
2026/08/26 20:36,2026-08-26T20:51:12+09:00,2026/08/27,2026/12/10,2026-12,CALL,65250,4430,,,,,,,,,,,,,
2026/08/26 20:36,2026-08-26T20:51:12+09:00,2026/08/27,2026/12/10,2026-12,PUT,65250,3435,,,27.73,26.88,3505,20,3385,20,,,,,
2026/08/26 20:36,2026-08-26T20:51:12+09:00,2026/08/27,2026/12/10,2026-12,CALL,65000,4570,,,,,,,,,,,,,
2026/08/26 20:36,2026-08-26T20:51:12+09:00,2026/08/27,2026/12/10,2026-12,PUT,65000,3330,,,27.82,26.96,3395,20,3275,20,,,,,
2026/08/26 20:36,2026-08-26T20:51:12+09:00,2026/08/27,2026/12/10,2026-12,CALL,64750,4715,,,,,,,,,,,,,
2026/08/26 20:36,2026-08-26T20:51:12+09:00,2026/08/27,2026/12/10,2026-12,PUT,64750,3225,,,27.92,27.06,3290,20,3170,20,,,,,
2026/08/26 20:36,2026-08-26T20:51:12+09:00,2026/08/27,2026/12/10,2026-12,CALL,64500,4865,,,,,,,,,,,,,
2026/08/26 20:36,2026-08-26T20:51:12+09:00,2026/08/27,2026/12/10,2026-12,PUT,64500,3120,,,28.01,27.15,3185,20,3065,20,,,,,
2026/08/26 20:36,2026-08-26T20:51:12+09:00,2026/08/27,2026/12/10,2026-12,CALL,64250,5010,,,,,,,,,,,,,
2026/08/26 20:36,2026-08-26T20:51:12+09:00,2026/08/27,2026/12/10,2026-12,PUT,64250,3020,,,28.12,27.25,3085,20,2965,20,,,,,
2026/08/26 20:36,2026-08-26T20:51:12+09:00,2026/08/27,2026/12/10,2026-12,CALL,64000,5170,,,,,,,,,,,,,
2026/08/26 20:36,2026-08-26T20:51:12+09:00,2026/08/27,2026/12/10,2026-12,PUT,64000,2935,,,28.21,27.33,2985,20,2865,20,,,,,
2026/08/26 20:36,2026-08-26T20:51:12+09:00,2026/08/27,2026/12/10,2026-12,CALL,63750,5325,,,,,,,,,,,,,
2026/08/26 20:36,2026-08-26T20:51:12+09:00,2026/08/27,2026/12/10,2026-12,PUT,63750,2840,,,28.32,27.44,2890,20,2770,20,,,,,
