qri_update_time,collected_at,trading_day,last_trading_day,contract,option_type,strike,settlement,open_interest,volume,ask_iv,bid_iv,ask_price,ask_quantity,bid_price,bid_quantity,iv,change,change_percent,last_price,trade_time
2026/09/07 18:57,2026-09-07T19:12:44+09:00,2026/09/08,2026/09/10,2026-09,CALL,80000,1,,2,57.84,,1,384,,,57.77,0,0,1,09/07 18:26
2026/09/07 18:57,2026-09-07T19:12:44+09:00,2026/09/08,2026/09/10,2026-09,PUT,80000,13510,,,,,,,,,,,,,
2026/09/07 18:57,2026-09-07T19:12:44+09:00,2026/09/08,2026/09/10,2026-09,CALL,79500,1,,,56.1,,1,90,,,,,,,
2026/09/07 18:57,2026-09-07T19:12:44+09:00,2026/09/08,2026/09/10,2026-09,PUT,79500,13010,,,,,,,,,,,,,
2026/09/07 18:57,2026-09-07T19:12:44+09:00,2026/09/08,2026/09/10,2026-09,CALL,79000,1,,,54.34,,1,165,,,,,,,
2026/09/07 18:57,2026-09-07T19:12:44+09:00,2026/09/08,2026/09/10,2026-09,PUT,79000,12510,,,,,,,,,,,,,
2026/09/07 18:57,2026-09-07T19:12:44+09:00,2026/09/08,2026/09/10,2026-09,CALL,78500,1,,,52.57,,1,139,,,,,,,
2026/09/07 18:57,2026-09-07T19:12:44+09:00,2026/09/08,2026/09/10,2026-09,PUT,78500,12010,,,,,,,,,,,,,
2026/09/07 18:57,2026-09-07T19:12:44+09:00,2026/09/08,2026/09/10,2026-09,CALL,78000,1,,,50.78,,1,153,,,,,,,
2026/09/07 18:57,2026-09-07T19:12:44+09:00,2026/09/08,2026/09/10,2026-09,PUT,78000,11510,,,,,,,,,,,,,
2026/09/07 18:57,2026-09-07T19:12:44+09:00,2026/09/08,2026/09/10,2026-09,CALL,77500,1,,,48.97,,1,142,,,,,,,
2026/09/07 18:57,2026-09-07T19:12:44+09:00,2026/09/08,2026/09/10,2026-09,PUT,77500,11010,,,,,,,,,,,,,
2026/09/07 18:57,2026-09-07T19:12:44+09:00,2026/09/08,2026/09/10,2026-09,CALL,77000,1,,1,47.14,,1,170,,,46.82,0,0,1,09/07 17:20
2026/09/07 18:57,2026-09-07T19:12:44+09:00,2026/09/08,2026/09/10,2026-09,PUT,77000,10510,,,,,,,,,,,,,
2026/09/07 18:57,2026-09-07T19:12:44+09:00,2026/09/08,2026/09/10,2026-09,CALL,76500,1,,,45.3,,1,94,,,,,,,
2026/09/07 18:57,2026-09-07T19:12:44+09:00,2026/09/08,2026/09/10,2026-09,PUT,76500,10010,,,,,,,,,,,,,
2026/09/07 18:57,2026-09-07T19:12:44+09:00,2026/09/08,2026/09/10,2026-09,CALL,76000,1,,,43.44,,1,84,,,,,,,
2026/09/07 18:57,2026-09-07T19:12:44+09:00,2026/09/08,2026/09/10,2026-09,PUT,76000,9510,,,,,,,,,,,,,
2026/09/07 18:57,2026-09-07T19:12:44+09:00,2026/09/08,2026/09/10,2026-09,CALL,75500,1,,,41.56,,1,107,,,,,,,
2026/09/07 18:57,2026-09-07T19:12:44+09:00,2026/09/08,2026/09/10,2026-09,PUT,75500,9010,,,,,,,,,,,,,
2026/09/07 18:57,2026-09-07T19:12:44+09:00,2026/09/08,2026/09/10,2026-09,CALL,75375,1,,,51.79,,10,14,,,,,,,
2026/09/07 18:57,2026-09-07T19:12:44+09:00,2026/09/08,2026/09/10,2026-09,PUT,75375,8885,,,,,,,,,,,,,
2026/09/07 18:57,2026-09-07T19:12:44+09:00,2026/09/08,2026/09/10,2026-09,CALL,75250,1,,,40.61,,1,55,,,,,,,
2026/09/07 18:57,2026-09-07T19:12:44+09:00,2026/09/08,2026/09/10,2026-09,PUT,75250,8760,,,,,,,,,,,,,
2026/09/07 18:57,2026-09-07T19:12:44+09:00,2026/09/08,2026/09/10,2026-09,CALL,75125,1,,,50.64,,10,14,,,,,,,
2026/09/07 18:57,2026-09-07T19:12:44+09:00,2026/09/08,2026/09/10,2026-09,PUT,75125,8635,,,,,,,,,,,,,
2026/09/07 18:57,2026-09-07T19:12:44+09:00,2026/09/08,2026/09/10,2026-09,CALL,75000,1,,1,39.66,,1,199,,,38.52,0,0,1,09/07 17:00
2026/09/07 18:57,2026-09-07T19:12:44+09:00,2026/09/08,2026/09/10,2026-09,PUT,75000,8510,,,,,,,,,,,,,
2026/09/07 18:57,2026-09-07T19:12:44+09:00,2026/09/08,2026/09/10,2026-09,CALL,74875,1,,,49.48,,10,14,,,,,,,
2026/09/07 18:57,2026-09-07T19:12:44+09:00,2026/09/08,2026/09/10,2026-09,PUT,74875,8385,,,,,,,,,,,,,
2026/09/07 18:57,2026-09-07T19:12:44+09:00,2026/09/08,2026/09/10,2026-09,CALL,74750,1,,,49.48,,11,17,,,,,,,
2026/09/07 18:57,2026-09-07T19:12:44+09:00,2026/09/08,2026/09/10,2026-09,PUT,74750,8260,,,,,,,,,,,,,
2026/09/07 18:57,2026-09-07T19:12:44+09:00,2026/09/08,2026/09/10,2026-09,CALL,74625,1,,,38.22,,1,4,,,,,,,
2026/09/07 18:57,2026-09-07T19:12:44+09:00,2026/09/08,2026/09/10,2026-09,PUT,74625,8135,,,,,,,,,,,,,
2026/09/07 18:57,2026-09-07T19:12:44+09:00,2026/09/08,2026/09/10,2026-09,CALL,74500,1,,2,37.73,,1,50,,,37.25,,,1,09/07 17:38
2026/09/07 18:57,2026-09-07T19:12:44+09:00,2026/09/08,2026/09/10,2026-09,PUT,74500,8010,,,,,,,,,,,,,
2026/09/07 18:57,2026-09-07T19:12:44+09:00,2026/09/08,2026/09/10,2026-09,CALL,74375,1,,,47.15,,10,14,,,,,,,
2026/09/07 18:57,2026-09-07T19:12:44+09:00,2026/09/08,2026/09/10,2026-09,PUT,74375,7885,,,,,,,,,,,,,
2026/09/07 18:57,2026-09-07T19:12:44+09:00,2026/09/08,2026/09/10,2026-09,CALL,74250,1,,,47.12,,11,17,,,,,,,
2026/09/07 18:57,2026-09-07T19:12:44+09:00,2026/09/08,2026/09/10,2026-09,PUT,74250,7760,,,,,,,,,,,,,
2026/09/07 18:57,2026-09-07T19:12:44+09:00,2026/09/08,2026/09/10,2026-09,CALL,74125,1,,,46.52,,11,14,,,,,,,
2026/09/07 18:57,2026-09-07T19:12:44+09:00,2026/09/08,2026/09/10,2026-09,PUT,74125,7635,,,,,,,,,,,,,
2026/09/07 18:57,2026-09-07T19:12:44+09:00,2026/09/08,2026/09/10,2026-09,CALL,74000,1,,6,35.79,,1,232,,,35.59,0,0,1,09/07 18:19
2026/09/07 18:57,2026-09-07T19:12:44+09:00,2026/09/08,2026/09/10,2026-09,PUT,74000,7510,,,,,,,,,,,,,
2026/09/07 18:57,2026-09-07T19:12:44+09:00,2026/09/08,2026/09/10,2026-09,CALL,73875,1,,,45.32,,11,14,,,,,,,
2026/09/07 18:57,2026-09-07T19:12:44+09:00,2026/09/08,2026/09/10,2026-09,PUT,73875,7385,,,,,,,,,,,,,
2026/09/07 18:57,2026-09-07T19:12:44+09:00,2026/09/08,2026/09/10,2026-09,CALL,73750,1,,,34.81,,1,50,,,,,,,
2026/09/07 18:57,2026-09-07T19:12:44+09:00,2026/09/08,2026/09/10,2026-09,PUT,73750,7260,,,,,,,,,,,,,
2026/09/07 18:57,2026-09-07T19:12:44+09:00,2026/09/08,2026/09/10,2026-09,CALL,73625,1,,,44.12,,11,14,,,,,,,
2026/09/07 18:57,2026-09-07T19:12:44+09:00,2026/09/08,2026/09/10,2026-09,PUT,73625,7140,,,,,,,,,,,,,
2026/09/07 18:57,2026-09-07T19:12:44+09:00,2026/09/08,2026/09/10,2026-09,CALL,73500,1,,210,33.82,,1,227,,,33.35,0,0,1,09/07 17:34
2026/09/07 18:57,2026-09-07T19:12:44+09:00,2026/09/08,2026/09/10,2026-09,PUT,73500,7015,,,,,,,,,,,,,
2026/09/07 18:57,2026-09-07T19:12:44+09:00,2026/09/08,2026/09/10,2026-09,CALL,73375,2,,,43.39,,12,18,,,,,,,
2026/09/07 18:57,2026-09-07T19:12:44+09:00,2026/09/08,2026/09/10,2026-09,PUT,73375,6890,,,,,,,,,,,,,
2026/09/07 18:57,2026-09-07T19:12:44+09:00,2026/09/08,2026/09/10,2026-09,CALL,73250,2,,,34.99,,2,49,,,,,,,
2026/09/07 18:57,2026-09-07T19:12:44+09:00,2026/09/08,2026/09/10,2026-09,PUT,73250,6765,,,,,,,,,,,,,
2026/09/07 18:57,2026-09-07T19:12:44+09:00,2026/09/08,2026/09/10,2026-09,CALL,73125,2,,,34.46,,2,4,,,,,,,
2026/09/07 18:57,2026-09-07T19:12:44+09:00,2026/09/08,2026/09/10,2026-09,PUT,73125,6640,,,,,,,,,,,,,
2026/09/07 18:57,2026-09-07T19:12:44+09:00,2026/09/08,2026/09/10,2026-09,CALL,73000,2,,9,33.93,31.83,2,56,1,43,31.9,-1,-50,1,09/07 18:51
2026/09/07 18:57,2026-09-07T19:12:44+09:00,2026/09/08,2026/09/10,2026-09,PUT,73000,6515,,,,,,,,,,,,,
2026/09/07 18:57,2026-09-07T19:12:44+09:00,2026/09/08,2026/09/10,2026-09,CALL,72875,2,,,40.45,,11,4,,,,,,,
2026/09/07 18:57,2026-09-07T19:12:44+09:00,2026/09/08,2026/09/10,2026-09,PUT,72875,6390,,,,,,,,,,,,,
2026/09/07 18:57,2026-09-07T19:12:44+09:00,2026/09/08,2026/09/10,2026-09,CALL,72750,2,,,32.87,30.82,2,50,1,72,,,,,
2026/09/07 18:57,2026-09-07T19:12:44+09:00,2026/09/08,2026/09/10,2026-09,PUT,72750,6265,,,,,,,,,,,,,
2026/09/07 18:57,2026-09-07T19:12:44+09:00,2026/09/08,2026/09/10,2026-09,CALL,72625,3,,,32.34,,2,1,,,,,,,
2026/09/07 18:57,2026-09-07T19:12:44+09:00,2026/09/08,2026/09/10,2026-09,PUT,72625,6140,,,,,,,,,,,,,
2026/09/07 18:57,2026-09-07T19:12:44+09:00,2026/09/08,2026/09/10,2026-09,CALL,72500,2,,5,33.14,31.81,3,40,2,6,31.4,0,0,2,09/07 17:11
2026/09/07 18:57,2026-09-07T19:12:44+09:00,2026/09/08,2026/09/10,2026-09,PUT,72500,6015,,,,,,,,,,,,,
2026/09/07 18:57,2026-09-07T19:12:44+09:00,2026/09/08,2026/09/10,2026-09,CALL,72375,3,,,38.41,31.27,12,4,2,4,,,,,
2026/09/07 18:57,2026-09-07T19:12:44+09:00,2026/09/08,2026/09/10,2026-09,PUT,72375,5890,,,,,,,,,,,,,
2026/09/07 18:57,2026-09-07T19:12:44+09:00,2026/09/08,2026/09/10,2026-09,CALL,72250,3,,9,33.04,30.73,4,40,2,6,32.05,0,0,3,09/07 18:44
2026/09/07 18:57,2026-09-07T19:12:44+09:00,2026/09/08,2026/09/10,2026-09,PUT,72250,5765,,,,,,,,,,,,,
2026/09/07 18:57,2026-09-07T19:12:44+09:00,2026/09/08,2026/09/10,2026-09,CALL,72125,4,,,33.3,30.19,5,33,2,35,,,,,
2026/09/07 18:57,2026-09-07T19:12:44+09:00,2026/09/08,2026/09/10,2026-09,PUT,72125,5640,,,,,,,,,,,,,
2026/09/07 18:57,2026-09-07T19:12:44+09:00,2026/09/08,2026/09/10,2026-09,CALL,72000,3,,99,31.89,30.91,4,40,3,99,31.66,1,33.33,4,09/07 18:21
2026/09/07 18:57,2026-09-07T19:12:44+09:00,2026/09/08,2026/09/10,2026-09,PUT,72000,5515,,,,,,,,,,,,,
2026/09/07 18:57,2026-09-07T19:12:44+09:00,2026/09/08,2026/09/10,2026-09,CALL,71875,4,,,32.82,30.35,6,33,3,94,,,,,
2026/09/07 18:57,2026-09-07T19:12:44+09:00,2026/09/08,2026/09/10,2026-09,PUT,71875,5390,,,,,,,,,,,,,
2026/09/07 18:57,2026-09-07T19:12:44+09:00,2026/09/08,2026/09/10,2026-09,CALL,71750,6,,,32.22,30.74,6,16,4,5,,,,,
2026/09/07 18:57,2026-09-07T19:12:44+09:00,2026/09/08,2026/09/10,2026-09,PUT,71750,5265,,,,,,,,,,,,,
2026/09/07 18:57,2026-09-07T19:12:44+09:00,2026/09/08,2026/09/10,2026-09,CALL,71625,6,,,32.76,30.15,8,33,4,33,,,,,
2026/09/07 18:57,2026-09-07T19:12:44+09:00,2026/09/08,2026/09/10,2026-09,PUT,71625,5145,,,72.55,,5885,2,5100,2,,,,,
2026/09/07 18:57,2026-09-07T19:12:44+09:00,2026/09/08,2026/09/10,2026-09,CALL,71500,6,,15,31.6,31.01,7,17,6,4,30.98,1,16.67,7,09/07 17:45
2026/09/07 18:57,2026-09-07T19:12:44+09:00,2026/09/08,2026/09/10,2026-09,PUT,71500,5020,,,50.76,,5480,1,4690,1,,,,,
2026/09/07 18:57,2026-09-07T19:12:44+09:00,2026/09/08,2026/09/10,2026-09,CALL,71375,8,,,32.87,28.98,11,33,4,33,,,,,
2026/09/07 18:57,2026-09-07T19:12:44+09:00,2026/09/08,2026/09/10,2026-09,PUT,71375,4895,,,49.9,,5355,2,4570,2,,,,,
2026/09/07 18:57,2026-09-07T19:12:44+09:00,2026/09/08,2026/09/10,2026-09,CALL,71250,9,,,32.61,30.36,12,37,7,5,,,,,
2026/09/07 18:57,2026-09-07T19:12:44+09:00,2026/09/08,2026/09/10,2026-09,PUT,71250,4770,,,49.02,,5230,1,4445,1,,,,,
2026/09/07 18:57,2026-09-07T19:12:44+09:00,2026/09/08,2026/09/10,2026-09,CALL,71125,10,,,32.65,29.74,14,33,7,35,,,,,
2026/09/07 18:57,2026-09-07T19:12:44+09:00,2026/09/08,2026/09/10,2026-09,PUT,71125,4645,,,48.64,,5110,2,4320,2,,,,,
2026/09/07 18:57,2026-09-07T19:12:44+09:00,2026/09/08,2026/09/10,2026-09,CALL,71000,11,,118,30.91,30.51,11,1,10,98,30.59,-1,-9.09,10,09/07 18:51
2026/09/07 18:57,2026-09-07T19:12:44+09:00,2026/09/08,2026/09/10,2026-09,PUT,71000,4525,,,47.75,,4985,4,4195,4,,,,,
2026/09/07 18:57,2026-09-07T19:12:44+09:00,2026/09/08,2026/09/10,2026-09,CALL,70875,12,,1,33.04,29.86,20,24,10,4,30.22,-1,-8.33,11,09/07 18:54
2026/09/07 18:57,2026-09-07T19:12:44+09:00,2026/09/08,2026/09/10,2026-09,PUT,70875,4400,,,46.86,,4860,2,4070,2,,,,,
2026/09/07 18:57,2026-09-07T19:12:44+09:00,2026/09/08,2026/09/10,2026-09,CALL,70750,14,,21,30.63,30.3,14,1,13,1,29.55,-2,-14.29,12,09/07 17:13
2026/09/07 18:57,2026-09-07T19:12:44+09:00,2026/09/08,2026/09/10,2026-09,PUT,70750,4275,,,46.43,,4740,1,3950,1,,,,,
2026/09/07 18:57,2026-09-07T19:12:44+09:00,2026/09/08,2026/09/10,2026-09,CALL,70625,17,,,32.57,28.13,24,23,9,23,,,,,
2026/09/07 18:57,2026-09-07T19:12:44+09:00,2026/09/08,2026/09/10,2026-09,PUT,70625,4155,,,42.09,,4580,2,4170,2,,,,,
2026/09/07 18:57,2026-09-07T19:12:44+09:00,2026/09/08,2026/09/10,2026-09,CALL,70500,20,,5,30.4,29.85,18,1,16,2,30.19,-3,-15,17,09/07 18:47
2026/09/07 18:57,2026-09-07T19:12:44+09:00,2026/09/08,2026/09/10,2026-09,PUT,70500,4030,,,60.58,,4720,1,4280,13,,,,,
2026/09/07 18:57,2026-09-07T19:12:44+09:00,2026/09/08,2026/09/10,2026-09,CALL,70375,22,,,32.13,28.57,29,23,14,23,,,,,
2026/09/07 18:57,2026-09-07T19:12:44+09:00,2026/09/08,2026/09/10,2026-09,PUT,70375,3910,,,41.84,,4345,7,4160,8,,,,,
2026/09/07 18:57,2026-09-07T19:12:44+09:00,2026/09/08,2026/09/10,2026-09,CALL,70250,26,,15,30.37,29.47,24,1,20,1,30.06,1,4.55,23,09/07 18:38
2026/09/07 18:57,2026-09-07T19:12:44+09:00,2026/09/08,2026/09/10,2026-09,PUT,70250,3790,,,47.53,,4300,7,4040,8,,,,,
2026/09/07 18:57,2026-09-07T19:12:44+09:00,2026/09/08,2026/09/10,2026-09,CALL,70125,32,,1,30.8,29.2,30,5,22,17,30.67,5,20,30,09/07 18:36
2026/09/07 18:57,2026-09-07T19:12:44+09:00,2026/09/08,2026/09/10,2026-09,PUT,70125,3670,,,39.56,,4090,6,3920,8,,,,,
2026/09/07 18:57,2026-09-07T19:12:44+09:00,2026/09/08,2026/09/10,2026-09,CALL,70000,35,,40,29.85,29.48,29,5,27,1,29.57,-7,-20,28,09/07 18:56
2026/09/07 18:57,2026-09-07T19:12:44+09:00,2026/09/08,2026/09/10,2026-09,PUT,70000,3550,,,48.95,,4100,22,3610,22,,,,,
2026/09/07 18:57,2026-09-07T19:12:44+09:00,2026/09/08,2026/09/10,2026-09,CALL,69875,42,,,30.58,27.72,38,19,22,22,,,,,
2026/09/07 18:57,2026-09-07T19:12:44+09:00,2026/09/08,2026/09/10,2026-09,PUT,69875,3430,,,37.27,,3835,3,3680,7,,,,,
2026/09/07 18:57,2026-09-07T19:12:44+09:00,2026/09/08,2026/09/10,2026-09,CALL,69750,46,,5,29.93,29.16,39,1,34,1,29.35,-6,-13.04,40,09/07 17:39
2026/09/07 18:57,2026-09-07T19:12:44+09:00,2026/09/08,2026/09/10,2026-09,PUT,69750,3310,,,43.87,,3805,2,3560,8,,,,,
2026/09/07 18:57,2026-09-07T19:12:44+09:00,2026/09/08,2026/09/10,2026-09,CALL,69625,55,,,29.97,28.98,45,16,38,20,,,,,
2026/09/07 18:57,2026-09-07T19:12:44+09:00,2026/09/08,2026/09/10,2026-09,PUT,69625,3190,,,38.03,,3615,3,3440,8,,,,,
2026/09/07 18:57,2026-09-07T19:12:44+09:00,2026/09/08,2026/09/10,2026-09,CALL,69500,60,,13,29.78,29.14,50,1,45,1,29.54,-13,-21.67,47,09/07 18:45
2026/09/07 18:57,2026-09-07T19:12:44+09:00,2026/09/08,2026/09/10,2026-09,PUT,69500,3075,,,37.06,,3490,3,3325,11,,,,,
2026/09/07 18:57,2026-09-07T19:12:44+09:00,2026/09/08,2026/09/10,2026-09,CALL,69375,73,,,29.77,28.93,57,14,50,6,,,,,
2026/09/07 18:57,2026-09-07T19:12:44+09:00,2026/09/08,2026/09/10,2026-09,PUT,69375,2960,,,39.05,,3405,7,3210,8,,,,,
2026/09/07 18:57,2026-09-07T19:12:44+09:00,2026/09/08,2026/09/10,2026-09,CALL,69250,79,,4,29.45,28.89,62,1,57,1,29.37,-4,-6.06,62,09/07 18:24
2026/09/07 18:57,2026-09-07T19:12:44+09:00,2026/09/08,2026/09/10,2026-09,PUT,69250,2845,,,38.37,,3285,2,3095,8,,,,,
2026/09/07 18:57,2026-09-07T19:12:44+09:00,2026/09/08,2026/09/10,2026-09,CALL,69125,101,,,29.77,28.77,74,2,64,3,,,,,
2026/09/07 18:57,2026-09-07T19:12:44+09:00,2026/09/08,2026/09/10,2026-09,PUT,69125,2740,,,38.96,0,3185,3,2990,8,,,,,
2026/09/07 18:57,2026-09-07T19:12:44+09:00,2026/09/08,2026/09/10,2026-09,CALL,69000,102,,61,29.41,28.85,80,1,74,10,28.75,-29,-28.43,73,09/07 18:53
2026/09/07 18:57,2026-09-07T19:12:44+09:00,2026/09/08,2026/09/10,2026-09,PUT,69000,2620,,,35.94,,3030,4,2850,22,,,,,
2026/09/07 18:57,2026-09-07T19:12:44+09:00,2026/09/08,2026/09/10,2026-09,CALL,68875,116,,,29.43,27.15,91,11,66,11,,,,,
2026/09/07 18:57,2026-09-07T19:12:44+09:00,2026/09/08,2026/09/10,2026-09,PUT,68875,2505,,,39.76,20.21,2985,3,2755,8,,,,,
2026/09/07 18:57,2026-09-07T19:12:44+09:00,2026/09/08,2026/09/10,2026-09,CALL,68750,131,,2,29.27,28.62,101,1,93,1,28.52,-21,-16.03,110,09/07 17:49
2026/09/07 18:57,2026-09-07T19:12:44+09:00,2026/09/08,2026/09/10,2026-09,PUT,68750,2395,,,35.69,22.77,2810,10,2650,5,,,,,
2026/09/07 18:57,2026-09-07T19:12:44+09:00,2026/09/08,2026/09/10,2026-09,CALL,68625,148,,,29.47,28.58,117,9,105,3,,,,,
2026/09/07 18:57,2026-09-07T19:12:44+09:00,2026/09/08,2026/09/10,2026-09,PUT,68625,2285,,,40.67,23.14,2795,3,2535,8,,,,,
2026/09/07 18:57,2026-09-07T19:12:44+09:00,2026/09/08,2026/09/10,2026-09,CALL,68500,165,,13,29.35,28.66,130,4,120,1,28.62,-43,-26.06,122,09/07 18:55
2026/09/07 18:57,2026-09-07T19:12:44+09:00,2026/09/08,2026/09/10,2026-09,PUT,68500,2185,,,34.9,25.16,2585,5,2440,4,,,,,
2026/09/07 18:57,2026-09-07T19:12:44+09:00,2026/09/08,2026/09/10,2026-09,CALL,68375,185,,,29.21,28.36,144,11,131,3,,,,,
2026/09/07 18:57,2026-09-07T19:12:44+09:00,2026/09/08,2026/09/10,2026-09,PUT,68375,2075,,,41.65,,2615,3,1985,3,,,,,
2026/09/07 18:57,2026-09-07T19:12:44+09:00,2026/09/08,2026/09/10,2026-09,CALL,68250,206,,,29.23,28.56,162,2,151,2,,,,,
2026/09/07 18:57,2026-09-07T19:12:44+09:00,2026/09/08,2026/09/10,2026-09,PUT,68250,1975,,,32.83,22.36,2340,6,2180,5,,,,,
2026/09/07 18:57,2026-09-07T19:12:44+09:00,2026/09/08,2026/09/10,2026-09,CALL,68125,228,,,29.21,27.87,181,2,158,12,,,,,
2026/09/07 18:57,2026-09-07T19:12:44+09:00,2026/09/08,2026/09/10,2026-09,PUT,68125,1870,,,35.95,22.62,2300,8,2070,8,,,,,
2026/09/07 18:57,2026-09-07T19:12:44+09:00,2026/09/08,2026/09/10,2026-09,CALL,68000,255,,56,28.98,28.49,198,7,189,1,28.36,-71,-27.84,184,09/07 18:51
2026/09/07 18:57,2026-09-07T19:12:44+09:00,2026/09/08,2026/09/10,2026-09,PUT,68000,1780,,,32.71,24.4,2135,8,1985,8,,,,,
2026/09/07 18:57,2026-09-07T19:12:44+09:00,2026/09/08,2026/09/10,2026-09,CALL,67875,279,,,28.98,28.31,221,2,208,2,,,,,
2026/09/07 18:57,2026-09-07T19:12:44+09:00,2026/09/08,2026/09/10,2026-09,PUT,67875,1675,,,31.68,24.22,2015,7,1875,8,,,,,
2026/09/07 18:57,2026-09-07T19:12:44+09:00,2026/09/08,2026/09/10,2026-09,CALL,67750,310,,1,28.88,28.39,244,1,234,1,28.56,11,4.37,263,09/07 17:30
2026/09/07 18:57,2026-09-07T19:12:44+09:00,2026/09/08,2026/09/10,2026-09,PUT,67750,1580,,,32.72,25.06,1940,6,1785,5,,,,,
2026/09/07 18:57,2026-09-07T19:12:44+09:00,2026/09/08,2026/09/10,2026-09,CALL,67625,345,,,28.88,28.17,271,1,256,3,,,,,
2026/09/07 18:57,2026-09-07T19:12:44+09:00,2026/09/08,2026/09/10,2026-09,PUT,67625,1490,,,30.91,25.42,1805,7,1690,8,,,,,
2026/09/07 18:57,2026-09-07T19:12:44+09:00,2026/09/08,2026/09/10,2026-09,CALL,67500,400,,4,28.86,28.14,300,1,284,2,28.85,-104,-26,296,09/07 18:51
2026/09/07 18:57,2026-09-07T19:12:44+09:00,2026/09/08,2026/09/10,2026-09,PUT,67500,1405,,,29.76,27.03,1685,16,1625,4,,,,,
2026/09/07 18:57,2026-09-07T19:12:44+09:00,2026/09/08,2026/09/10,2026-09,CALL,67375,420,,,28.78,28.13,330,2,315,3,,,,,
2026/09/07 18:57,2026-09-07T19:12:44+09:00,2026/09/08,2026/09/10,2026-09,PUT,67375,1315,,,36.29,10.69,1750,3,1255,3,,,,,
2026/09/07 18:57,2026-09-07T19:12:44+09:00,2026/09/08,2026/09/10,2026-09,CALL,67250,450,,,28.6,28.39,360,1,355,1,,,,,
2026/09/07 18:57,2026-09-07T19:12:44+09:00,2026/09/08,2026/09/10,2026-09,PUT,67250,1235,,,31.71,27.12,1550,9,1440,4,,,,,
2026/09/07 18:57,2026-09-07T19:12:44+09:00,2026/09/08,2026/09/10,2026-09,CALL,67125,515,,,28.74,27.72,400,11,375,2,,,,,
2026/09/07 18:57,2026-09-07T19:12:44+09:00,2026/09/08,2026/09/10,2026-09,PUT,67125,1155,,,32.74,21.77,1490,3,1225,8,,,,,
2026/09/07 18:57,2026-09-07T19:12:44+09:00,2026/09/08,2026/09/10,2026-09,CALL,67000,550,,17,28.56,28.16,435,1,425,4,28.56,-120,-21.82,430,09/07 18:51
2026/09/07 18:57,2026-09-07T19:12:44+09:00,2026/09/08,2026/09/10,2026-09,PUT,67000,1075,,,29.54,27.17,1325,22,1265,4,,,,,
2026/09/07 18:57,2026-09-07T19:12:44+09:00,2026/09/08,2026/09/10,2026-09,CALL,66875,595,,,29.05,27.7,490,10,455,10,,,,,
2026/09/07 18:57,2026-09-07T19:12:44+09:00,2026/09/08,2026/09/10,2026-09,PUT,66875,1000,,,30.01,24.77,1255,9,1120,10,,,,,
2026/09/07 18:57,2026-09-07T19:12:44+09:00,2026/09/08,2026/09/10,2026-09,CALL,66750,625,,,28.47,28.09,520,1,510,2,,,,,
2026/09/07 18:57,2026-09-07T19:12:44+09:00,2026/09/08,2026/09/10,2026-09,PUT,66750,925,,,29.23,26.19,1155,4,1075,15,,,,,
2026/09/07 18:57,2026-09-07T19:12:44+09:00,2026/09/08,2026/09/10,2026-09,CALL,66625,715,,,28.73,27.24,575,2,535,2,,,,,
2026/09/07 18:57,2026-09-07T19:12:44+09:00,2026/09/08,2026/09/10,2026-09,PUT,66625,870,,,30.03,26.68,1100,8,1010,10,,,,,
2026/09/07 18:57,2026-09-07T19:12:44+09:00,2026/09/08,2026/09/10,2026-09,CALL,66500,735,,4,28.5,27.95,620,3,605,17,28.19,-130,-17.69,605,09/07 18:41
2026/09/07 18:57,2026-09-07T19:12:44+09:00,2026/09/08,2026/09/10,2026-09,PUT,66500,805,,2,29.24,27.22,1005,16,950,6,27.64,100,11.49,970,09/07 18:31
2026/09/07 18:57,2026-09-07T19:12:44+09:00,2026/09/08,2026/09/10,2026-09,CALL,66375,850,,,29.26,26.89,695,2,630,2,,,,,
2026/09/07 18:57,2026-09-07T19:12:44+09:00,2026/09/08,2026/09/10,2026-09,PUT,66375,735,,,28.9,26.53,925,4,860,10,,,,,
2026/09/07 18:57,2026-09-07T19:12:44+09:00,2026/09/08,2026/09/10,2026-09,CALL,66250,900,,,28.63,27.91,735,5,715,5,,,,,
2026/09/07 18:57,2026-09-07T19:12:44+09:00,2026/09/08,2026/09/10,2026-09,PUT,66250,720,,2,28.63,27.36,850,10,815,2,28.11,60,8.33,780,09/07 18:12
2026/09/07 18:57,2026-09-07T19:12:44+09:00,2026/09/08,2026/09/10,2026-09,CALL,66125,990,,,28.98,27.17,805,4,755,4,,,,,
2026/09/07 18:57,2026-09-07T19:12:44+09:00,2026/09/08,2026/09/10,2026-09,PUT,66125,625,,,28.98,27.17,795,2,745,9,,,,,
2026/09/07 18:57,2026-09-07T19:12:44+09:00,2026/09/08,2026/09/10,2026-09,CALL,66000,1050,,4,29.21,27.58,875,25,830,25,28.36,-40,-4.28,895,09/07 18:15
2026/09/07 18:57,2026-09-07T19:12:44+09:00,2026/09/08,2026/09/10,2026-09,PUT,66000,610,,16,27.94,27.58,705,1,695,2,27.94,95,15.57,705,09/07 18:43
2026/09/07 18:57,2026-09-07T19:12:44+09:00,2026/09/08,2026/09/10,2026-09,CALL,65875,1140,,,30.25,27.14,970,14,885,10,,,,,
2026/09/07 18:57,2026-09-07T19:12:44+09:00,2026/09/08,2026/09/10,2026-09,PUT,65875,525,,,28.6,27.32,665,2,630,9,,,,,
2026/09/07 18:57,2026-09-07T19:12:44+09:00,2026/09/08,2026/09/10,2026-09,CALL,65750,1215,,,30.46,27.13,1045,15,955,11,,,,,
2026/09/07 18:57,2026-09-07T19:12:44+09:00,2026/09/08,2026/09/10,2026-09,PUT,65750,480,,1,28.24,27.68,600,3,585,4,28.6,40,7.62,565,09/07 18:12
2026/09/07 18:57,2026-09-07T19:12:44+09:00,2026/09/08,2026/09/10,2026-09,CALL,65625,1300,,,29.81,25.48,1100,10,985,4,,,,,
2026/09/07 18:57,2026-09-07T19:12:44+09:00,2026/09/08,2026/09/10,2026-09,PUT,65625,435,,,28.87,27.74,565,10,535,2,,,,,
2026/09/07 18:57,2026-09-07T19:12:44+09:00,2026/09/08,2026/09/10,2026-09,CALL,65500,1390,,3,29.41,27.3,1165,4,1110,17,27.67,-120,-9.76,1110,09/07 18:51
2026/09/07 18:57,2026-09-07T19:12:44+09:00,2026/09/08,2026/09/10,2026-09,PUT,65500,405,,,28.26,27.88,500,1,490,5,,,,,
2026/09/07 18:57,2026-09-07T19:12:44+09:00,2026/09/08,2026/09/10,2026-09,CALL,65375,1470,,,40.2,25.31,1525,3,1140,3,,,,,
2026/09/07 18:57,2026-09-07T19:12:44+09:00,2026/09/08,2026/09/10,2026-09,PUT,65375,370,,,28.88,27.9,470,10,445,2,,,,,
2026/09/07 18:57,2026-09-07T19:12:44+09:00,2026/09/08,2026/09/10,2026-09,CALL,65250,1565,,,32.19,25.12,1395,5,1220,12,,,,,
2026/09/07 18:57,2026-09-07T19:12:44+09:00,2026/09/08,2026/09/10,2026-09,PUT,65250,325,,4,28.6,28.2,420,4,410,5,29.25,,,400,09/07 17:30
2026/09/07 18:57,2026-09-07T19:12:44+09:00,2026/09/08,2026/09/10,2026-09,CALL,65125,1665,,,31.69,24.12,1465,8,1285,7,,,,,
2026/09/07 18:57,2026-09-07T19:12:44+09:00,2026/09/08,2026/09/10,2026-09,PUT,65125,300,,,29.02,28.18,390,11,370,2,,,,,
2026/09/07 18:57,2026-09-07T19:12:44+09:00,2026/09/08,2026/09/10,2026-09,CALL,65000,1755,,8,30.19,27.61,1515,4,1455,22,28.3,-105,-6.71,1460,09/07 18:51
2026/09/07 18:57,2026-09-07T19:12:44+09:00,2026/09/08,2026/09/10,2026-09,PUT,65000,275,,29,29.13,28.48,355,7,340,32,28.73,75,27.27,350,09/07 18:51
2026/09/07 18:57,2026-09-07T19:12:44+09:00,2026/09/08,2026/09/10,2026-09,CALL,64875,1860,,,32.62,24.49,1660,8,1480,3,,,,,
2026/09/07 18:57,2026-09-07T19:12:44+09:00,2026/09/08,2026/09/10,2026-09,PUT,64875,245,,,29.35,28.68,325,12,310,2,,,,,
2026/09/07 18:57,2026-09-07T19:12:44+09:00,2026/09/08,2026/09/10,2026-09,CALL,64750,1970,,,34.83,25.88,1800,5,1605,5,,,,,
2026/09/07 18:57,2026-09-07T19:12:44+09:00,2026/09/08,2026/09/10,2026-09,PUT,64750,245,,,29.37,28.72,293,2,279,1,,,,,
2026/09/07 18:57,2026-09-07T19:12:44+09:00,2026/09/08,2026/09/10,2026-09,CALL,64625,2070,,,46.11,13.53,2155,8,1530,7,,,,,
2026/09/07 18:57,2026-09-07T19:12:44+09:00,2026/09/08,2026/09/10,2026-09,PUT,64625,203,,,29.67,28.89,269,2,253,1,,,,,
2026/09/07 18:57,2026-09-07T19:12:44+09:00,2026/09/08,2026/09/10,2026-09,CALL,64500,2180,,1,31.12,28.33,1905,4,1850,16,29.98,-80,-3.94,1950,09/07 17:14
2026/09/07 18:57,2026-09-07T19:12:44+09:00,2026/09/08,2026/09/10,2026-09,PUT,64500,189,,10,29.56,29.05,239,1,229,1,29.72,53,28.04,242,09/07 18:53
2026/09/07 18:57,2026-09-07T19:12:44+09:00,2026/09/08,2026/09/10,2026-09,CALL,64375,2280,,,47.72,26.57,2365,3,1920,7,,,,,
2026/09/07 18:57,2026-09-07T19:12:44+09:00,2026/09/08,2026/09/10,2026-09,PUT,64375,164,,,30.02,29.16,222,2,206,3,,,,,
2026/09/07 18:57,2026-09-07T19:12:44+09:00,2026/09/08,2026/09/10,2026-09,CALL,64250,1570,,,35.88,24.6,2195,5,1995,5,,,,,
2026/09/07 18:57,2026-09-07T19:12:44+09:00,2026/09/08,2026/09/10,2026-09,PUT,64250,153,,1,29.96,29.39,197,1,187,3,29.77,14,7.61,198,09/07 18:52
2026/09/07 18:57,2026-09-07T19:12:44+09:00,2026/09/08,2026/09/10,2026-09,CALL,64125,2505,,,33.9,,2255,8,1970,7,,,,,
2026/09/07 18:57,2026-09-07T19:12:44+09:00,2026/09/08,2026/09/10,2026-09,PUT,64125,137,,,30.42,29.65,183,2,170,2,,,,,
2026/09/07 18:57,2026-09-07T19:12:44+09:00,2026/09/08,2026/09/10,2026-09,CALL,64000,2620,,,34.66,21.8,2370,8,2185,11,,,,,
2026/09/07 18:57,2026-09-07T19:12:44+09:00,2026/09/08,2026/09/10,2026-09,PUT,64000,129,,19,30.5,30.06,164,1,157,5,30.36,32,24.81,161,09/07 18:54
2026/09/07 18:57,2026-09-07T19:12:44+09:00,2026/09/08,2026/09/10,2026-09,CALL,63875,2735,,,35.39,25.63,2485,8,2340,7,,,,,
2026/09/07 18:57,2026-09-07T19:12:44+09:00,2026/09/08,2026/09/10,2026-09,PUT,63875,116,,,30.94,30.14,152,4,140,11,,,,,
2026/09/07 18:57,2026-09-07T19:12:44+09:00,2026/09/08,2026/09/10,2026-09,CALL,63750,2845,,,52.16,23.22,2915,2,2430,2,,,,,
2026/09/07 18:57,2026-09-07T19:12:44+09:00,2026/09/08,2026/09/10,2026-09,PUT,63750,105,,7,30.89,30.46,134,1,128,1,30.79,6,4.76,132,09/07 18:35
2026/09/07 18:57,2026-09-07T19:12:44+09:00,2026/09/08,2026/09/10,2026-09,CALL,63625,2960,,,36.42,,2710,8,2425,7,,,,,
2026/09/07 18:57,2026-09-07T19:12:44+09:00,2026/09/08,2026/09/10,2026-09,PUT,63625,95,,,32.68,29.12,143,1,96,1,,,,,
2026/09/07 18:57,2026-09-07T19:12:44+09:00,2026/09/08,2026/09/10,2026-09,CALL,63500,3075,,,37.01,,2825,13,2575,3,,,,,
2026/09/07 18:57,2026-09-07T19:12:44+09:00,2026/09/08,2026/09/10,2026-09,PUT,63500,92,,8,31.43,30.95,111,1,105,1,31.52,18,19.57,110,09/07 18:36
2026/09/07 18:57,2026-09-07T19:12:44+09:00,2026/09/08,2026/09/10,2026-09,CALL,63375,3195,,,37.89,25.45,2945,8,2800,3,,,,,
2026/09/07 18:57,2026-09-07T19:12:44+09:00,2026/09/08,2026/09/10,2026-09,PUT,63375,78,,,31.87,31.28,103,3,96,3,,,,,
2026/09/07 18:57,2026-09-07T19:12:44+09:00,2026/09/08,2026/09/10,2026-09,CALL,63250,3310,,,38.41,,3060,8,2820,7,,,,,
2026/09/07 18:57,2026-09-07T19:12:44+09:00,2026/09/08,2026/09/10,2026-09,PUT,63250,75,,1,32.08,31.54,93,1,87,1,32.17,10,13.33,85,09/07 17:25
2026/09/07 18:57,2026-09-07T19:12:44+09:00,2026/09/08,2026/09/10,2026-09,CALL,63125,3430,,,39.24,,3180,8,2905,7,,,,,
2026/09/07 18:57,2026-09-07T19:12:44+09:00,2026/09/08,2026/09/10,2026-09,PUT,63125,66,,,32.68,31.81,88,14,79,14,,,,,
2026/09/07 18:57,2026-09-07T19:12:44+09:00,2026/09/08,2026/09/10,2026-09,CALL,63000,3550,,,50.45,,3465,22,2980,4,,,,,
2026/09/07 18:57,2026-09-07T19:12:44+09:00,2026/09/08,2026/09/10,2026-09,PUT,63000,60,,60,32.43,32.22,75,1,73,1,32.62,18,30,78,09/07 18:51
2026/09/07 18:57,2026-09-07T19:12:44+09:00,2026/09/08,2026/09/10,2026-09,CALL,62875,3670,,,40.83,,3420,7,3200,3,,,,,
2026/09/07 18:57,2026-09-07T19:12:44+09:00,2026/09/08,2026/09/10,2026-09,PUT,62875,55,,,33.34,32.35,74,18,65,17,,,,,
2026/09/07 18:57,2026-09-07T19:12:44+09:00,2026/09/08,2026/09/10,2026-09,CALL,62750,3790,,,41.59,,3540,7,3245,7,,,,,
2026/09/07 18:57,2026-09-07T19:12:44+09:00,2026/09/08,2026/09/10,2026-09,PUT,62750,52,,1,33.34,32.87,65,1,61,1,32.95,10,19.23,62,09/07 18:50
2026/09/07 18:57,2026-09-07T19:12:44+09:00,2026/09/08,2026/09/10,2026-09,CALL,62625,3915,,,42.73,,3665,8,3455,3,,,,,
2026/09/07 18:57,2026-09-07T19:12:44+09:00,2026/09/08,2026/09/10,2026-09,PUT,62625,46,,,33.97,33.1,62,16,55,16,,,,,
2026/09/07 18:57,2026-09-07T19:12:44+09:00,2026/09/08,2026/09/10,2026-09,CALL,62500,4035,,,43.45,,3785,13,3415,3,,,,,
2026/09/07 18:57,2026-09-07T19:12:44+09:00,2026/09/08,2026/09/10,2026-09,PUT,62500,44,,54,34.19,33.66,56,1,52,1,33.88,11,25,55,09/07 18:46
2026/09/07 18:57,2026-09-07T19:12:44+09:00,2026/09/08,2026/09/10,2026-09,CALL,62375,4155,,,44.16,,3905,8,3735,3,,,,,
2026/09/07 18:57,2026-09-07T19:12:44+09:00,2026/09/08,2026/09/10,2026-09,PUT,62375,40,,,34.6,33.9,52,4,47,4,,,,,
2026/09/07 18:57,2026-09-07T19:12:44+09:00,2026/09/08,2026/09/10,2026-09,CALL,62250,4275,,,44.84,,4025,8,3790,8,,,,,
2026/09/07 18:57,2026-09-07T19:12:44+09:00,2026/09/08,2026/09/10,2026-09,PUT,62250,38,,6,34.68,34.38,46,2,44,1,34.58,8,21.05,46,09/07 18:41
2026/09/07 18:57,2026-09-07T19:12:44+09:00,2026/09/08,2026/09/10,2026-09,CALL,62125,4400,,,45.94,,4150,8,3890,7,,,,,
2026/09/07 18:57,2026-09-07T19:12:44+09:00,2026/09/08,2026/09/10,2026-09,PUT,62125,34,,1,35.45,34.65,45,17,40,4,35.54,-10,-22.22,35,09/07 17:03
2026/09/07 18:57,2026-09-07T19:12:44+09:00,2026/09/08,2026/09/10,2026-09,CALL,62000,4525,,,47.04,,4275,22,4070,4,,,,,
2026/09/07 18:57,2026-09-07T19:12:44+09:00,2026/09/08,2026/09/10,2026-09,PUT,62000,30,,50,36.06,35.22,43,52,38,13,35.29,9,30,39,09/07 18:51
2026/09/07 18:57,2026-09-07T19:12:44+09:00,2026/09/08,2026/09/10,2026-09,CALL,61875,4645,,,47.68,,4395,8,4140,7,,,,,
2026/09/07 18:57,2026-09-07T19:12:44+09:00,2026/09/08,2026/09/10,2026-09,PUT,61875,30,,,37.3,34.4,45,23,29,23,,,,,
2026/09/07 18:57,2026-09-07T19:12:44+09:00,2026/09/08,2026/09/10,2026-09,CALL,61750,4770,,,48.77,,4520,8,4350,2,,,,,
2026/09/07 18:57,2026-09-07T19:12:44+09:00,2026/09/08,2026/09/10,2026-09,PUT,61750,28,,11,36.46,36.08,35,1,33,1,36.11,4,13.33,34,09/07 18:52
2026/09/07 18:57,2026-09-07T19:12:44+09:00,2026/09/08,2026/09/10,2026-09,CALL,61625,4890,,,49.37,,4640,8,4385,6,,,,,
2026/09/07 18:57,2026-09-07T19:12:44+09:00,2026/09/08,2026/09/10,2026-09,PUT,61625,26,,,38.1,34.76,39,23,23,23,,,,,
2026/09/07 18:57,2026-09-07T19:12:44+09:00,2026/09/08,2026/09/10,2026-09,CALL,61500,5015,,,50.45,,4765,1,4505,1,,,,,
2026/09/07 18:57,2026-09-07T19:12:44+09:00,2026/09/08,2026/09/10,2026-09,PUT,61500,24,,30,37.22,36.78,30,14,28,9,36.9,5,20.83,29,09/07 18:51
2026/09/07 18:57,2026-09-07T19:12:44+09:00,2026/09/08,2026/09/10,2026-09,CALL,61375,5140,,,88.72,,5465,2,4670,2,,,,,
2026/09/07 18:57,2026-09-07T19:12:44+09:00,2026/09/08,2026/09/10,2026-09,PUT,61375,21,,,38.72,35.35,33,24,19,23,,,,,
2026/09/07 18:57,2026-09-07T19:12:44+09:00,2026/09/08,2026/09/10,2026-09,CALL,61250,5260,,,89.92,,5585,1,4795,1,,,,,
2026/09/07 18:57,2026-09-07T19:12:44+09:00,2026/09/08,2026/09/10,2026-09,PUT,61250,21,,1,38.03,37.53,26,1,24,1,37.87,0,0,25,09/07 18:26
2026/09/07 18:57,2026-09-07T19:12:44+09:00,2026/09/08,2026/09/10,2026-09,CALL,61125,5385,,,91.37,,5710,2,4920,2,,,,,
2026/09/07 18:57,2026-09-07T19:12:44+09:00,2026/09/08,2026/09/10,2026-09,PUT,61125,20,,,39.59,35.34,29,24,14,24,,,,,
2026/09/07 18:57,2026-09-07T19:12:44+09:00,2026/09/08,2026/09/10,2026-09,CALL,61000,5510,,,92.55,,5830,4,5040,4,,,,,
2026/09/07 18:57,2026-09-07T19:12:44+09:00,2026/09/08,2026/09/10,2026-09,PUT,61000,19,,56,38.68,38.39,22,3,21,1,38.39,2,10.53,21,09/07 18:39
2026/09/07 18:57,2026-09-07T19:12:44+09:00,2026/09/08,2026/09/10,2026-09,CALL,60875,5630,,,90.71,,5895,2,5105,2,,,,,
2026/09/07 18:57,2026-09-07T19:12:44+09:00,2026/09/08,2026/09/10,2026-09,PUT,60875,15,,,40.57,35.7,26,24,11,24,,,,,
2026/09/07 18:57,2026-09-07T19:12:44+09:00,2026/09/08,2026/09/10,2026-09,CALL,60750,5755,,,83.72,,5875,1,5090,1,,,,,
2026/09/07 18:57,2026-09-07T19:12:44+09:00,2026/09/08,2026/09/10,2026-09,PUT,60750,15,,,39.75,36.01,20,1,10,28,,,,,
2026/09/07 18:57,2026-09-07T19:12:44+09:00,2026/09/08,2026/09/10,2026-09,CALL,60625,5880,,,,,,,,,,,,,
2026/09/07 18:57,2026-09-07T19:12:44+09:00,2026/09/08,2026/09/10,2026-09,PUT,60625,15,,,41.73,36.26,24,24,9,24,,,,,
2026/09/07 18:57,2026-09-07T19:12:44+09:00,2026/09/08,2026/09/10,2026-09,CALL,60500,6005,,,,,,,3,10,,,,,
2026/09/07 18:57,2026-09-07T19:12:44+09:00,2026/09/08,2026/09/10,2026-09,PUT,60500,12,,3,40.74,39.68,18,1,15,36,40.52,5,41.67,17,09/07 18:36
2026/09/07 18:57,2026-09-07T19:12:44+09:00,2026/09/08,2026/09/10,2026-09,CALL,60375,6130,,,,,,,,,,,,,
2026/09/07 18:57,2026-09-07T19:12:44+09:00,2026/09/08,2026/09/10,2026-09,PUT,60375,12,,2,42.53,36.59,21,24,7,24,39.94,,,14,09/07 18:52
2026/09/07 18:57,2026-09-07T19:12:44+09:00,2026/09/08,2026/09/10,2026-09,CALL,60250,6255,,,,,,,3,10,,,,,
2026/09/07 18:57,2026-09-07T19:12:44+09:00,2026/09/08,2026/09/10,2026-09,PUT,60250,12,,,40.87,40.45,14,1,13,1,,,,,
2026/09/07 18:57,2026-09-07T19:12:44+09:00,2026/09/08,2026/09/10,2026-09,CALL,60125,6375,,,,,,,1,10,,,,,
2026/09/07 18:57,2026-09-07T19:12:44+09:00,2026/09/08,2026/09/10,2026-09,PUT,60125,11,,,43.86,40.32,20,24,11,18,,,,,
2026/09/07 18:57,2026-09-07T19:12:44+09:00,2026/09/08,2026/09/10,2026-09,CALL,60000,6500,,,,,,,350,2,,,,,
2026/09/07 18:57,2026-09-07T19:12:44+09:00,2026/09/08,2026/09/10,2026-09,PUT,60000,11,,72,42.45,41.56,14,57,12,9,42.47,3,27.27,14,09/07 18:34
2026/09/07 18:57,2026-09-07T19:12:44+09:00,2026/09/08,2026/09/10,2026-09,CALL,59875,6625,,,,,,,,,,,,,
2026/09/07 18:57,2026-09-07T19:12:44+09:00,2026/09/08,2026/09/10,2026-09,PUT,59875,9,,2,44.8,40.78,18,24,9,21,42.43,0,0,11,09/07 17:19
2026/09/07 18:57,2026-09-07T19:12:44+09:00,2026/09/08,2026/09/10,2026-09,CALL,59750,6750,,,,,,,3,10,,,,,
2026/09/07 18:57,2026-09-07T19:12:44+09:00,2026/09/08,2026/09/10,2026-09,PUT,59750,9,,,43.58,41.53,13,45,9,40,,,,,
2026/09/07 18:57,2026-09-07T19:12:44+09:00,2026/09/08,2026/09/10,2026-09,CALL,59625,6875,,,,,,,,,,,,,
2026/09/07 18:57,2026-09-07T19:12:44+09:00,2026/09/08,2026/09/10,2026-09,PUT,59625,9,,,43.89,42.29,12,33,9,18,,,,,
2026/09/07 18:57,2026-09-07T19:12:44+09:00,2026/09/08,2026/09/10,2026-09,CALL,59500,7000,,,,,,,3,10,,,,,
2026/09/07 18:57,2026-09-07T19:12:44+09:00,2026/09/08,2026/09/10,2026-09,PUT,59500,9,,2,43.62,43.04,10,16,9,1,43.75,1,11.11,10,09/07 18:23
2026/09/07 18:57,2026-09-07T19:12:44+09:00,2026/09/08,2026/09/10,2026-09,CALL,59375,7125,,,,,,,,,,,,,
2026/09/07 18:57,2026-09-07T19:12:44+09:00,2026/09/08,2026/09/10,2026-09,PUT,59375,8,,,44.93,43.16,11,33,8,18,,,,,
2026/09/07 18:57,2026-09-07T19:12:44+09:00,2026/09/08,2026/09/10,2026-09,CALL,59250,7250,,,,,,,,,,,,,
2026/09/07 18:57,2026-09-07T19:12:44+09:00,2026/09/08,2026/09/10,2026-09,PUT,59250,7,,,45.14,42.43,10,37,6,37,,,,,
2026/09/07 18:57,2026-09-07T19:12:44+09:00,2026/09/08,2026/09/10,2026-09,CALL,59125,7375,,,,,,,,,,,,,
2026/09/07 18:57,2026-09-07T19:12:44+09:00,2026/09/08,2026/09/10,2026-09,PUT,59125,7,,,45.3,42.27,9,19,5,33,,,,,
2026/09/07 18:57,2026-09-07T19:12:44+09:00,2026/09/08,2026/09/10,2026-09,CALL,59000,7500,,,,,,,,,,,,,
2026/09/07 18:57,2026-09-07T19:12:44+09:00,2026/09/08,2026/09/10,2026-09,PUT,59000,6,,14,45.4,44.68,8,25,7,2,44.75,0,0,7,09/07 18:56
2026/09/07 18:57,2026-09-07T19:12:44+09:00,2026/09/08,2026/09/10,2026-09,CALL,58875,7625,,,,,,,,,,,,,
2026/09/07 18:57,2026-09-07T19:12:44+09:00,2026/09/08,2026/09/10,2026-09,PUT,58875,6,,,46.14,43.69,8,19,5,34,,,,,
2026/09/07 18:57,2026-09-07T19:12:44+09:00,2026/09/08,2026/09/10,2026-09,CALL,58750,7745,,,,,,,,,,,,,
2026/09/07 18:57,2026-09-07T19:12:44+09:00,2026/09/08,2026/09/10,2026-09,PUT,58750,6,,1,46.89,44.41,8,37,5,37,45.87,0,0,6,09/07 18:13
2026/09/07 18:57,2026-09-07T19:12:44+09:00,2026/09/08,2026/09/10,2026-09,CALL,58625,7870,,,,,,,,,,,,,
2026/09/07 18:57,2026-09-07T19:12:44+09:00,2026/09/08,2026/09/10,2026-09,PUT,58625,6,,,46.89,45.12,7,20,5,15,,,,,
2026/09/07 18:57,2026-09-07T19:12:44+09:00,2026/09/08,2026/09/10,2026-09,CALL,58500,7995,,,,,,,,,,,,,
2026/09/07 18:57,2026-09-07T19:12:44+09:00,2026/09/08,2026/09/10,2026-09,PUT,58500,6,,,46.79,45.84,6,16,5,8,,,,,
2026/09/07 18:57,2026-09-07T19:12:44+09:00,2026/09/08,2026/09/10,2026-09,CALL,58375,8120,,,,,,,,,,,,,
2026/09/07 18:57,2026-09-07T19:12:44+09:00,2026/09/08,2026/09/10,2026-09,PUT,58375,5,,,47.52,45.44,6,15,4,33,,,,,
2026/09/07 18:57,2026-09-07T19:12:44+09:00,2026/09/08,2026/09/10,2026-09,CALL,58250,8245,,,,,,,,,,,,,
2026/09/07 18:57,2026-09-07T19:12:44+09:00,2026/09/08,2026/09/10,2026-09,PUT,58250,5,,7,48.24,46.15,6,20,4,37,47.27,1,25,5,09/07 18:53
2026/09/07 18:57,2026-09-07T19:12:44+09:00,2026/09/08,2026/09/10,2026-09,CALL,58000,8495,,,,,,,,,,,,,
2026/09/07 18:57,2026-09-07T19:12:44+09:00,2026/09/08,2026/09/10,2026-09,PUT,58000,5,,11,48.71,47.55,5,24,4,12,48.01,-1,-20,4,09/07 17:47
2026/09/07 18:57,2026-09-07T19:12:44+09:00,2026/09/08,2026/09/10,2026-09,CALL,57750,8745,,,,,,,,,,,,,
2026/09/07 18:57,2026-09-07T19:12:44+09:00,2026/09/08,2026/09/10,2026-09,PUT,57750,4,,,50.14,47.54,5,20,3,38,,,,,
2026/09/07 18:57,2026-09-07T19:12:44+09:00,2026/09/08,2026/09/10,2026-09,CALL,57500,8995,,,,,,,,,,,,,
2026/09/07 18:57,2026-09-07T19:12:44+09:00,2026/09/08,2026/09/10,2026-09,PUT,57500,3,,8,50.37,48.92,4,17,3,31,49.22,-1,-25,3,09/07 17:12
2026/09/07 18:57,2026-09-07T19:12:44+09:00,2026/09/08,2026/09/10,2026-09,CALL,57250,9245,,,,,,,,,,,,,
2026/09/07 18:57,2026-09-07T19:12:44+09:00,2026/09/08,2026/09/10,2026-09,PUT,57250,3,,,51.79,50.3,4,15,3,5,,,,,
2026/09/07 18:57,2026-09-07T19:12:44+09:00,2026/09/08,2026/09/10,2026-09,CALL,57000,9495,,,,,,,,,,,,,
2026/09/07 18:57,2026-09-07T19:12:44+09:00,2026/09/08,2026/09/10,2026-09,PUT,57000,3,,7,53.21,51.68,4,57,3,7,51.8,0,0,3,09/07 18:37
2026/09/07 18:57,2026-09-07T19:12:44+09:00,2026/09/08,2026/09/10,2026-09,CALL,56750,9745,,,,,,,,,,,,,
2026/09/07 18:57,2026-09-07T19:12:44+09:00,2026/09/08,2026/09/10,2026-09,PUT,56750,3,,7,58.03,51.05,7,5,2,22,62.22,9,300,12,09/07 17:18
2026/09/07 18:57,2026-09-07T19:12:44+09:00,2026/09/08,2026/09/10,2026-09,CALL,56500,9995,,,,,,,,,,,,,
2026/09/07 18:57,2026-09-07T19:12:44+09:00,2026/09/08,2026/09/10,2026-09,PUT,56500,2,,1,58.52,52.39,6,8,2,8,54.48,1,50,3,09/07 18:54
2026/09/07 18:57,2026-09-07T19:12:44+09:00,2026/09/08,2026/09/10,2026-09,CALL,56250,10245,,,,,,,,,,,,,
2026/09/07 18:57,2026-09-07T19:12:44+09:00,2026/09/08,2026/09/10,2026-09,PUT,56250,2,,,57.48,50.57,4,5,1,33,,,,,
2026/09/07 18:57,2026-09-07T19:12:44+09:00,2026/09/08,2026/09/10,2026-09,CALL,56000,10490,,,,,,,,,,,,,
2026/09/07 18:57,2026-09-07T19:12:44+09:00,2026/09/08,2026/09/10,2026-09,PUT,56000,2,,24,55.1,51.86,2,4,1,115,55.07,0,0,2,09/07 18:32
2026/09/07 18:57,2026-09-07T19:12:44+09:00,2026/09/08,2026/09/10,2026-09,CALL,55750,10740,,,,,,,,,,,,,
2026/09/07 18:57,2026-09-07T19:12:44+09:00,2026/09/08,2026/09/10,2026-09,PUT,55750,1,,,67.47,,11,5,,,,,,,
2026/09/07 18:57,2026-09-07T19:12:44+09:00,2026/09/08,2026/09/10,2026-09,CALL,55500,10990,,,,,,,,,,,,,
2026/09/07 18:57,2026-09-07T19:12:44+09:00,2026/09/08,2026/09/10,2026-09,PUT,55500,1,,,60.06,54.44,3,8,1,9,,,,,
2026/09/07 18:57,2026-09-07T19:12:44+09:00,2026/09/08,2026/09/10,2026-09,CALL,55250,11240,,,,,,,,,,,,,
2026/09/07 18:57,2026-09-07T19:12:44+09:00,2026/09/08,2026/09/10,2026-09,PUT,55250,1,,,61.46,,3,5,,,,,,,
2026/09/07 18:57,2026-09-07T19:12:44+09:00,2026/09/08,2026/09/10,2026-09,CALL,55000,11490,,,,,,,,,,,,,
2026/09/07 18:57,2026-09-07T19:12:44+09:00,2026/09/08,2026/09/10,2026-09,PUT,55000,1,,24,60.54,57.03,2,60,1,95,57.48,-1,-50,1,09/07 17:25
2026/09/07 18:57,2026-09-07T19:12:44+09:00,2026/09/08,2026/09/10,2026-09,CALL,54750,11740,,,,,,,,,,,,,
2026/09/07 18:57,2026-09-07T19:12:44+09:00,2026/09/08,2026/09/10,2026-09,PUT,54750,1,,,61.92,,2,4,,,,,,,
2026/09/07 18:57,2026-09-07T19:12:44+09:00,2026/09/08,2026/09/10,2026-09,CALL,54500,11990,,,,,,,,,,,,,
2026/09/07 18:57,2026-09-07T19:12:44+09:00,2026/09/08,2026/09/10,2026-09,PUT,54500,1,,,63.29,,2,13,,,,,,,
2026/09/07 18:57,2026-09-07T19:12:44+09:00,2026/09/08,2026/09/10,2026-09,CALL,54250,12240,,,,,,,,,,,,,
2026/09/07 18:57,2026-09-07T19:12:44+09:00,2026/09/08,2026/09/10,2026-09,PUT,54250,1,,,64.67,,2,10,,,,,,,
2026/09/07 18:57,2026-09-07T19:12:44+09:00,2026/09/08,2026/09/10,2026-09,CALL,54000,12490,,,,,,,,,,,,,
2026/09/07 18:57,2026-09-07T19:12:44+09:00,2026/09/08,2026/09/10,2026-09,PUT,54000,1,,19,66.06,62.27,2,47,1,5,62.25,0,0,1,09/07 18:44
2026/09/07 18:57,2026-09-07T19:12:44+09:00,2026/09/08,2026/09/10,2026-09,CALL,53750,12740,,,,,,,,,,,,,
2026/09/07 18:57,2026-09-07T19:12:44+09:00,2026/09/08,2026/09/10,2026-09,PUT,53750,1,,,80.22,63.59,11,17,1,1,,,,,
2026/09/07 18:57,2026-09-07T19:12:44+09:00,2026/09/08,2026/09/10,2026-09,CALL,53500,12990,,,,,,,,,,,,,
2026/09/07 18:57,2026-09-07T19:12:44+09:00,2026/09/08,2026/09/10,2026-09,PUT,53500,1,,5,68.84,64.91,2,8,1,8,65.21,0,0,1,09/07 18:17
2026/09/07 18:57,2026-09-07T19:12:44+09:00,2026/09/08,2026/09/10,2026-09,CALL,53250,13240,,,,,,,,,,,,,
2026/09/07 18:57,2026-09-07T19:12:44+09:00,2026/09/08,2026/09/10,2026-09,PUT,53250,1,,,83.46,,11,17,,,,,,,
2026/09/07 18:57,2026-09-07T19:12:44+09:00,2026/09/08,2026/09/10,2026-09,CALL,53000,13490,,,,,,,,,,,,,
2026/09/07 18:57,2026-09-07T19:12:44+09:00,2026/09/08,2026/09/10,2026-09,PUT,53000,1,,4,67.58,,1,45,,,67.87,0,0,1,09/07 18:16
2026/09/07 18:57,2026-09-07T19:12:44+09:00,2026/09/08,2026/09/10,2026-09,CALL,52750,13740,,,,,,,,,,,,,
2026/09/07 18:57,2026-09-07T19:12:44+09:00,2026/09/08,2026/09/10,2026-09,PUT,52750,1,,,86.71,,11,17,,,,,,,
2026/09/07 18:57,2026-09-07T19:12:44+09:00,2026/09/08,2026/09/10,2026-09,CALL,52500,13990,,,,,,,,,,,,,
2026/09/07 18:57,2026-09-07T19:12:44+09:00,2026/09/08,2026/09/10,2026-09,PUT,52500,1,,3,70.26,,1,37,,,70.8,0,0,1,09/07 17:57
2026/09/07 18:57,2026-09-07T19:12:44+09:00,2026/09/08,2026/09/10,2026-09,CALL,52250,14240,,,,,,,,,,,,,
2026/09/07 18:57,2026-09-07T19:12:44+09:00,2026/09/08,2026/09/10,2026-09,PUT,52250,1,,,89.99,,11,17,,,,,,,
2026/09/07 18:57,2026-09-07T19:12:44+09:00,2026/09/08,2026/09/10,2026-09,CALL,52000,14490,,,,,,,,,,,,,
2026/09/07 18:57,2026-09-07T19:12:44+09:00,2026/09/08,2026/09/10,2026-09,PUT,52000,1,,3,72.96,,1,108,,,74.09,0,0,1,09/07 17:01
2026/09/07 18:57,2026-09-07T19:12:44+09:00,2026/09/08,2026/09/10,2026-09,CALL,51750,14740,,,,,,,,,,,,,
2026/09/07 18:57,2026-09-07T19:12:44+09:00,2026/09/08,2026/09/10,2026-09,PUT,51750,1,,,93.29,,11,17,,,,,,,
2026/09/07 18:57,2026-09-07T19:12:44+09:00,2026/09/08,2026/09/10,2026-09,CALL,51500,14990,,,,,,,,,,,,,
2026/09/07 18:57,2026-09-07T19:12:44+09:00,2026/09/08,2026/09/10,2026-09,PUT,51500,1,,3,75.69,,1,47,,,75.77,0,0,1,09/07 18:36
2026/09/07 18:57,2026-09-07T19:12:44+09:00,2026/09/08,2026/09/10,2026-09,CALL,51250,15240,,,,,,,,,,,,,
2026/09/07 18:57,2026-09-07T19:12:44+09:00,2026/09/08,2026/09/10,2026-09,PUT,51250,1,,,96.61,,11,17,,,,,,,
2026/09/07 18:57,2026-09-07T19:12:44+09:00,2026/09/08,2026/09/10,2026-09,CALL,51000,15490,,,,,,,,,,,,,
2026/09/07 18:57,2026-09-07T19:12:44+09:00,2026/09/08,2026/09/10,2026-09,PUT,51000,1,,2,78.43,,1,154,,,78.72,0,0,1,09/07 18:16
2026/09/07 18:57,2026-09-07T19:12:44+09:00,2026/09/08,2026/09/10,2026-09,CALL,50750,15740,,,,,,,,,,,,,
2026/09/07 18:57,2026-09-07T19:12:44+09:00,2026/09/08,2026/09/10,2026-09,PUT,50750,1,,,99.95,,11,17,,,,,,,
2026/09/07 18:57,2026-09-07T19:12:44+09:00,2026/09/08,2026/09/10,2026-09,CALL,50500,15990,,,,,,,,,,,,,
2026/09/07 18:57,2026-09-07T19:12:44+09:00,2026/09/08,2026/09/10,2026-09,PUT,50500,1,,1,81.2,,1,107,,,81.63,0,0,1,09/07 17:40
2026/09/07 18:57,2026-09-07T19:12:44+09:00,2026/09/08,2026/09/10,2026-09,CALL,50250,16240,,,,,,,,,,,,,
2026/09/07 18:57,2026-09-07T19:12:44+09:00,2026/09/08,2026/09/10,2026-09,PUT,50250,1,,,82.59,,1,6,,,,,,,
2026/09/07 18:57,2026-09-07T19:12:44+09:00,2026/09/08,2026/09/10,2026-09,CALL,50000,16490,,,,,,,,,,,,,
2026/09/07 18:57,2026-09-07T19:12:44+09:00,2026/09/08,2026/09/10,2026-09,PUT,50000,1,,3,83.99,,1,380,,,84.07,0,0,1,09/07 18:36
2026/09/07 18:57,2026-09-07T19:12:44+09:00,2026/09/08,2026/09/10,2026-09,CALL,49750,16740,,,,,,,,,,,,,
2026/09/07 18:57,2026-09-07T19:12:44+09:00,2026/09/08,2026/09/10,2026-09,PUT,49750,1,,6,85.39,,1,105,,,85.83,0,0,1,09/07 17:34
2026/09/07 18:57,2026-09-07T19:12:44+09:00,2026/09/08,2026/09/10,2026-09,CALL,49500,16990,,,,,,,,,,,,,
2026/09/07 18:57,2026-09-07T19:12:44+09:00,2026/09/08,2026/09/10,2026-09,PUT,49500,1,,,86.8,,1,11,,,,,,,
2026/09/07 18:57,2026-09-07T19:12:44+09:00,2026/09/08,2026/09/10,2026-09,CALL,49250,17240,,,,,,,,,,,,,
2026/09/07 18:57,2026-09-07T19:12:44+09:00,2026/09/08,2026/09/10,2026-09,PUT,49250,1,,,88.22,,1,6,,,,,,,
2026/09/07 18:57,2026-09-07T19:12:44+09:00,2026/09/08,2026/09/10,2026-09,CALL,49000,17490,,,,,,,,,,,,,
2026/09/07 18:57,2026-09-07T19:12:44+09:00,2026/09/08,2026/09/10,2026-09,PUT,49000,1,,1,89.64,,1,73,,,89.93,0,0,1,09/07 17:18
2026/09/07 18:57,2026-09-07T19:12:44+09:00,2026/09/08,2026/09/10,2026-09,CALL,48750,17740,,,,,,,,,,,,,
2026/09/07 18:57,2026-09-07T19:12:44+09:00,2026/09/08,2026/09/10,2026-09,PUT,48750,1,,,91.07,,1,6,,,,,,,
2026/09/07 18:57,2026-09-07T19:12:44+09:00,2026/09/08,2026/09/10,2026-09,CALL,48500,17990,,,,,,,,,,,,,
2026/09/07 18:57,2026-09-07T19:12:44+09:00,2026/09/08,2026/09/10,2026-09,PUT,48500,1,,2,92.5,,1,60,,,92.48,0,0,1,09/07 18:27
2026/09/07 18:57,2026-09-07T19:12:44+09:00,2026/09/08,2026/09/10,2026-09,CALL,48250,18240,,,,,,,,,,,,,
2026/09/07 18:57,2026-09-07T19:12:44+09:00,2026/09/08,2026/09/10,2026-09,PUT,48250,1,,,93.94,,1,55,,,,,,,
2026/09/07 18:57,2026-09-07T19:12:44+09:00,2026/09/08,2026/09/10,2026-09,CALL,48000,18490,,,,,,,,,,,,,
2026/09/07 18:57,2026-09-07T19:12:44+09:00,2026/09/08,2026/09/10,2026-09,PUT,48000,1,,,95.39,,1,65,,,,,,,
2026/09/07 18:57,2026-09-07T19:12:44+09:00,2026/09/08,2026/09/10,2026-09,CALL,47750,18740,,,,,,,,,,,,,
2026/09/07 18:57,2026-09-07T19:12:44+09:00,2026/09/08,2026/09/10,2026-09,PUT,47750,1,,,96.84,,1,55,,,,,,,
2026/09/07 18:57,2026-09-07T19:12:44+09:00,2026/09/08,2026/09/10,2026-09,CALL,47500,18990,,,,,,,,,,,,,
2026/09/07 18:57,2026-09-07T19:12:44+09:00,2026/09/08,2026/09/10,2026-09,PUT,47500,1,,,98.3,,1,58,,,,,,,
2026/09/07 18:57,2026-09-07T19:12:44+09:00,2026/09/08,2026/09/10,2026-09,CALL,47250,19240,,,,,,,,,,,,,
2026/09/07 18:57,2026-09-07T19:12:44+09:00,2026/09/08,2026/09/10,2026-09,PUT,47250,1,,,99.76,,1,55,,,,,,,
2026/09/07 18:57,2026-09-07T19:12:44+09:00,2026/09/08,2026/09/10,2026-09,CALL,47000,19490,,,,,,,,,,,,,
2026/09/07 18:57,2026-09-07T19:12:44+09:00,2026/09/08,2026/09/10,2026-09,PUT,47000,1,,2,101.24,,1,87,,,101.69,0,0,1,09/07 17:41
2026/09/07 18:57,2026-09-07T19:12:44+09:00,2026/09/08,2026/09/10,2026-09,CALL,46750,19740,,,,,,,,,,,,,
2026/09/07 18:57,2026-09-07T19:12:44+09:00,2026/09/08,2026/09/10,2026-09,PUT,46750,1,,,102.72,,1,55,,,,,,,
2026/09/07 18:57,2026-09-07T19:12:44+09:00,2026/09/08,2026/09/10,2026-09,CALL,46500,19990,,,,,,,,,,,,,
2026/09/07 18:57,2026-09-07T19:12:44+09:00,2026/09/08,2026/09/10,2026-09,PUT,46500,1,,,104.2,,1,58,,,,,,,
2026/09/07 18:57,2026-09-07T19:12:44+09:00,2026/09/08,2026/09/10,2026-09,CALL,46250,20240,,,,,,,,,,,,,
2026/09/07 18:57,2026-09-07T19:12:44+09:00,2026/09/08,2026/09/10,2026-09,PUT,46250,1,,,105.7,,1,55,,,,,,,
2026/09/07 18:57,2026-09-07T19:12:44+09:00,2026/09/08,2026/09/10,2026-09,CALL,46000,20490,,,,,,,,,,,,,
2026/09/07 18:57,2026-09-07T19:12:44+09:00,2026/09/08,2026/09/10,2026-09,PUT,46000,1,,,107.2,,1,106,,,,,,,
2026/09/07 18:57,2026-09-07T19:12:44+09:00,2026/09/08,2026/09/10,2026-09,CALL,45750,20740,,,,,,,,,,,,,
2026/09/07 18:57,2026-09-07T19:12:44+09:00,2026/09/08,2026/09/10,2026-09,PUT,45750,1,,,108.71,,1,55,,,,,,,
2026/09/07 18:57,2026-09-07T19:12:44+09:00,2026/09/08,2026/09/10,2026-09,CALL,45500,20990,,,,,,,,,,,,,
2026/09/07 18:57,2026-09-07T19:12:44+09:00,2026/09/08,2026/09/10,2026-09,PUT,45500,1,,,110.22,,1,9,,,,,,,
2026/09/07 18:57,2026-09-07T19:12:44+09:00,2026/09/08,2026/09/10,2026-09,CALL,45250,21240,,,,,,,,,,,,,
2026/09/07 18:57,2026-09-07T19:12:44+09:00,2026/09/08,2026/09/10,2026-09,PUT,45250,1,,,111.75,,1,55,,,,,,,
2026/09/07 18:57,2026-09-07T19:12:44+09:00,2026/09/08,2026/09/10,2026-09,CALL,45000,21490,,,,,,,,,,,,,
2026/09/07 18:57,2026-09-07T19:12:44+09:00,2026/09/08,2026/09/10,2026-09,PUT,45000,1,,,113.28,,1,228,,,,,,,
2026/09/07 18:57,2026-09-07T19:12:44+09:00,2026/09/08,2026/09/10,2026-09,CALL,44750,21740,,,,,,,,,,,,,
2026/09/07 18:57,2026-09-07T19:12:44+09:00,2026/09/08,2026/09/10,2026-09,PUT,44750,1,,,114.82,,1,55,,,,,,,
2026/09/07 18:57,2026-09-07T19:12:44+09:00,2026/09/08,2026/09/10,2026-09,CALL,44500,21990,,,,,,,,,,,,,
2026/09/07 18:57,2026-09-07T19:12:44+09:00,2026/09/08,2026/09/10,2026-09,PUT,44500,1,,,116.36,,1,58,,,,,,,
2026/09/07 18:57,2026-09-07T19:12:44+09:00,2026/09/08,2026/09/10,2026-09,CALL,44250,22240,,,,,,,,,,,,,
2026/09/07 18:57,2026-09-07T19:12:44+09:00,2026/09/08,2026/09/10,2026-09,PUT,44250,1,,,144.59,,10,17,,,,,,,
2026/09/07 18:57,2026-09-07T19:12:44+09:00,2026/09/08,2026/09/10,2026-09,CALL,44000,22490,,,,,,,,,,,,,
2026/09/07 18:57,2026-09-07T19:12:44+09:00,2026/09/08,2026/09/10,2026-09,PUT,44000,1,,,119.48,,1,172,,,,,,,
2026/09/07 18:57,2026-09-07T19:12:44+09:00,2026/09/08,2026/09/10,2026-09,CALL,43750,22740,,,,,,,,,,,,,
2026/09/07 18:57,2026-09-07T19:12:44+09:00,2026/09/08,2026/09/10,2026-09,PUT,43750,1,,,121.05,,1,10,,,,,,,
2026/09/07 18:57,2026-09-07T19:12:44+09:00,2026/09/08,2026/09/10,2026-09,CALL,43500,22990,,,,,,,,,,,,,
2026/09/07 18:57,2026-09-07T19:12:44+09:00,2026/09/08,2026/09/10,2026-09,PUT,43500,1,,,122.63,,1,41,,,,,,,
2026/09/07 18:57,2026-09-07T19:12:44+09:00,2026/09/08,2026/09/10,2026-09,CALL,43250,23240,,,,,,,,,,,,,
2026/09/07 18:57,2026-09-07T19:12:44+09:00,2026/09/08,2026/09/10,2026-09,PUT,43250,1,,,152.13,,10,17,,,,,,,
2026/09/07 18:57,2026-09-07T19:12:44+09:00,2026/09/08,2026/09/10,2026-09,CALL,43000,23490,,,,,,,,,,,,,
2026/09/07 18:57,2026-09-07T19:12:44+09:00,2026/09/08,2026/09/10,2026-09,PUT,43000,1,,,125.81,,1,165,,,,,,,
2026/09/07 18:57,2026-09-07T19:12:44+09:00,2026/09/08,2026/09/10,2026-09,CALL,42750,23740,,,,,,,,,,,,,
2026/09/07 18:57,2026-09-07T19:12:44+09:00,2026/09/08,2026/09/10,2026-09,PUT,42750,1,,,127.42,,1,5,,,,,,,
2026/09/07 18:57,2026-09-07T19:12:44+09:00,2026/09/08,2026/09/10,2026-09,CALL,42500,23990,,,,,,,,,,,,,
2026/09/07 18:57,2026-09-07T19:12:44+09:00,2026/09/08,2026/09/10,2026-09,PUT,42500,1,,,129.03,,1,9,,,,,,,
2026/09/07 18:57,2026-09-07T19:12:44+09:00,2026/09/08,2026/09/10,2026-09,CALL,42250,24240,,,,,,,,,,,,,
2026/09/07 18:57,2026-09-07T19:12:44+09:00,2026/09/08,2026/09/10,2026-09,PUT,42250,1,,,130.65,,1,6,,,,,,,
2026/09/07 18:57,2026-09-07T19:12:44+09:00,2026/09/08,2026/09/10,2026-09,CALL,42000,24490,,,,,,,,,,,,,
2026/09/07 18:57,2026-09-07T19:12:44+09:00,2026/09/08,2026/09/10,2026-09,PUT,42000,1,,,132.28,,1,208,,,,,,,
2026/09/07 18:57,2026-09-07T19:12:44+09:00,2026/09/08,2026/09/10,2026-09,CALL,41750,24740,,,,,,,,,,,,,
2026/09/07 18:57,2026-09-07T19:12:44+09:00,2026/09/08,2026/09/10,2026-09,PUT,41750,1,,,133.92,,1,6,,,,,,,
2026/09/07 18:57,2026-09-07T19:12:44+09:00,2026/09/08,2026/09/10,2026-09,CALL,41500,24990,,,,,,,,,,,,,
2026/09/07 18:57,2026-09-07T19:12:44+09:00,2026/09/08,2026/09/10,2026-09,PUT,41500,1,,,135.57,,1,10,,,,,,,
2026/09/07 18:57,2026-09-07T19:12:44+09:00,2026/09/08,2026/09/10,2026-09,CALL,41250,25240,,,,,,,,,,,,,
2026/09/07 18:57,2026-09-07T19:12:44+09:00,2026/09/08,2026/09/10,2026-09,PUT,41250,1,,2,137.22,,1,7,,,137.28,0,0,1,09/07 18:26
2026/09/07 18:57,2026-09-07T19:12:44+09:00,2026/09/08,2026/10/08,2026-10,CALL,85000,2,,2,28.31,26.77,2,10,1,17,28.09,0,0,2,09/07 17:53
2026/09/07 18:57,2026-09-07T19:12:44+09:00,2026/09/08,2026/10/08,2026-10,PUT,85000,18820,,,,,,,,,,,,,
2026/09/07 18:57,2026-09-07T19:12:44+09:00,2026/09/08,2026/10/08,2026-10,CALL,84500,3,,,29.47,,4,1,,,,,,,
2026/09/07 18:57,2026-09-07T19:12:44+09:00,2026/09/08,2026/10/08,2026-10,PUT,84500,18320,,,,,,,,,,,,,
2026/09/07 18:57,2026-09-07T19:12:44+09:00,2026/09/08,2026/10/08,2026-10,CALL,84000,4,,,28.84,25.64,4,41,1,24,,,,,
2026/09/07 18:57,2026-09-07T19:12:44+09:00,2026/09/08,2026/10/08,2026-10,PUT,84000,17820,,,,,,,,,,,,,
2026/09/07 18:57,2026-09-07T19:12:44+09:00,2026/09/08,2026/10/08,2026-10,CALL,83500,5,,,28.2,25.06,4,16,1,17,,,,,
2026/09/07 18:57,2026-09-07T19:12:44+09:00,2026/09/08,2026/10/08,2026-10,PUT,83500,17325,,,,,,,,,,,,,
2026/09/07 18:57,2026-09-07T19:12:44+09:00,2026/09/08,2026/10/08,2026-10,CALL,83000,5,,,28.16,24.49,5,56,1,40,,,,,
2026/09/07 18:57,2026-09-07T19:12:44+09:00,2026/09/08,2026/10/08,2026-10,PUT,83000,16825,,,,,,,,,,,,,
2026/09/07 18:57,2026-09-07T19:12:44+09:00,2026/09/08,2026/10/08,2026-10,CALL,82500,6,,,28.01,25.3,6,16,2,15,,,,,
2026/09/07 18:57,2026-09-07T19:12:44+09:00,2026/09/08,2026/10/08,2026-10,PUT,82500,16325,,,,,,,,,,,,,
2026/09/07 18:57,2026-09-07T19:12:44+09:00,2026/09/08,2026/10/08,2026-10,CALL,82000,6,,1,27.33,26.84,6,25,5,1,26.56,-1,-16.67,5,09/07 17:50
2026/09/07 18:57,2026-09-07T19:12:44+09:00,2026/09/08,2026/10/08,2026-10,PUT,82000,15825,,,,,,,,,,,,,
2026/09/07 18:57,2026-09-07T19:12:44+09:00,2026/09/08,2026/10/08,2026-10,CALL,81500,8,,,28.14,24.06,10,15,2,16,,,,,
2026/09/07 18:57,2026-09-07T19:12:44+09:00,2026/09/08,2026/10/08,2026-10,PUT,81500,15330,,,,,,,,,,,,,
2026/09/07 18:57,2026-09-07T19:12:44+09:00,2026/09/08,2026/10/08,2026-10,CALL,81000,9,,,27.42,25.5,10,17,5,16,,,,,
2026/09/07 18:57,2026-09-07T19:12:44+09:00,2026/09/08,2026/10/08,2026-10,PUT,81000,14830,,,,,,,,,,,,,
2026/09/07 18:57,2026-09-07T19:12:44+09:00,2026/09/08,2026/10/08,2026-10,CALL,80500,12,,,27.26,24.82,12,19,5,17,,,,,
2026/09/07 18:57,2026-09-07T19:12:44+09:00,2026/09/08,2026/10/08,2026-10,PUT,80500,14335,,,,,,,,,,,,,
2026/09/07 18:57,2026-09-07T19:12:44+09:00,2026/09/08,2026/10/08,2026-10,CALL,80000,12,,5,26.26,24.59,11,1,6,28,26.32,-1,-8.33,11,09/07 18:46
2026/09/07 18:57,2026-09-07T19:12:44+09:00,2026/09/08,2026/10/08,2026-10,PUT,80000,13835,,,,,,,,,,,,,
2026/09/07 18:57,2026-09-07T19:12:44+09:00,2026/09/08,2026/10/08,2026-10,CALL,79500,17,,,28.23,24.28,25,6,7,1,,,,,
2026/09/07 18:57,2026-09-07T19:12:44+09:00,2026/09/08,2026/10/08,2026-10,PUT,79500,13340,,,,,,,,,,,,,
2026/09/07 18:57,2026-09-07T19:12:44+09:00,2026/09/08,2026/10/08,2026-10,CALL,79000,18,,,26.28,24.5,18,1,10,1,,,,,
2026/09/07 18:57,2026-09-07T19:12:44+09:00,2026/09/08,2026/10/08,2026-10,PUT,79000,12840,,,,,,,,,,,,,
2026/09/07 18:57,2026-09-07T19:12:44+09:00,2026/09/08,2026/10/08,2026-10,CALL,78500,22,,2,26.61,24.49,25,16,13,17,25.44,-4,-18.18,18,09/07 18:20
2026/09/07 18:57,2026-09-07T19:12:44+09:00,2026/09/08,2026/10/08,2026-10,PUT,78500,12345,,,,,,,,,,,,,
2026/09/07 18:57,2026-09-07T19:12:44+09:00,2026/09/08,2026/10/08,2026-10,CALL,78000,26,,1,26.18,24.51,28,1,17,29,25.31,-2,-7.69,24,09/07 17:50
2026/09/07 18:57,2026-09-07T19:12:44+09:00,2026/09/08,2026/10/08,2026-10,PUT,78000,11850,,,,,,,,,,,,,
2026/09/07 18:57,2026-09-07T19:12:44+09:00,2026/09/08,2026/10/08,2026-10,CALL,77500,34,,,26.16,25.34,35,16,28,3,,,,,
2026/09/07 18:57,2026-09-07T19:12:44+09:00,2026/09/08,2026/10/08,2026-10,PUT,77500,11360,,,,,,,,,,,,,
2026/09/07 18:57,2026-09-07T19:12:44+09:00,2026/09/08,2026/10/08,2026-10,CALL,77000,41,,,25.79,24.84,40,1,31,21,,,,,
2026/09/07 18:57,2026-09-07T19:12:44+09:00,2026/09/08,2026/10/08,2026-10,PUT,77000,10865,,,,,,,,,,,,,
2026/09/07 18:57,2026-09-07T19:12:44+09:00,2026/09/08,2026/10/08,2026-10,CALL,76500,50,,,25.78,25.08,50,14,42,14,,,,,
2026/09/07 18:57,2026-09-07T19:12:44+09:00,2026/09/08,2026/10/08,2026-10,PUT,76500,10375,,,,,,,,,,,,,
2026/09/07 18:57,2026-09-07T19:12:44+09:00,2026/09/08,2026/10/08,2026-10,CALL,76250,57,,,25.64,24.89,54,8,45,2,,,,,
2026/09/07 18:57,2026-09-07T19:12:44+09:00,2026/09/08,2026/10/08,2026-10,PUT,76250,10135,,,,,,,,,,,,,
2026/09/07 18:57,2026-09-07T19:12:44+09:00,2026/09/08,2026/10/08,2026-10,CALL,76000,61,,1,25.61,25.16,60,18,54,1,25.31,-6,-9.84,55,09/07 18:32
2026/09/07 18:57,2026-09-07T19:12:44+09:00,2026/09/08,2026/10/08,2026-10,PUT,76000,9890,,,,,,,,,,,,,
2026/09/07 18:57,2026-09-07T19:12:44+09:00,2026/09/08,2026/10/08,2026-10,CALL,75750,70,,,25.61,24.84,67,7,56,11,,,,,
2026/09/07 18:57,2026-09-07T19:12:44+09:00,2026/09/08,2026/10/08,2026-10,PUT,75750,9645,,,,,,,,,,,,,
2026/09/07 18:57,2026-09-07T19:12:44+09:00,2026/09/08,2026/10/08,2026-10,CALL,75500,75,,,25.5,24.92,73,1,64,1,,,,,
2026/09/07 18:57,2026-09-07T19:12:44+09:00,2026/09/08,2026/10/08,2026-10,PUT,75500,9400,,,,,,,,,,,,,
2026/09/07 18:57,2026-09-07T19:12:44+09:00,2026/09/08,2026/10/08,2026-10,CALL,75250,85,,,25.48,24.82,81,6,70,6,,,,,
2026/09/07 18:57,2026-09-07T19:12:44+09:00,2026/09/08,2026/10/08,2026-10,PUT,75250,9160,,,,,,,,,,,,,
2026/09/07 18:57,2026-09-07T19:12:44+09:00,2026/09/08,2026/10/08,2026-10,CALL,75000,88,,15,25.36,25.2,88,1,85,1,25.21,-4,-4.55,84,09/07 18:48
2026/09/07 18:57,2026-09-07T19:12:44+09:00,2026/09/08,2026/10/08,2026-10,PUT,75000,8920,,,,,,,,,,,,,
2026/09/07 18:57,2026-09-07T19:12:44+09:00,2026/09/08,2026/10/08,2026-10,CALL,74750,105,,,25.71,24.84,105,3,88,6,,,,,
2026/09/07 18:57,2026-09-07T19:12:44+09:00,2026/09/08,2026/10/08,2026-10,PUT,74750,8685,,,,,,,,,,,,,
2026/09/07 18:57,2026-09-07T19:12:44+09:00,2026/09/08,2026/10/08,2026-10,CALL,74500,112,,2,25.27,25.13,107,1,104,1,24.76,-3,-2.86,102,09/07 17:19
2026/09/07 18:57,2026-09-07T19:12:44+09:00,2026/09/08,2026/10/08,2026-10,PUT,74500,8440,,,,,,,,,,,,,
2026/09/07 18:57,2026-09-07T19:12:44+09:00,2026/09/08,2026/10/08,2026-10,CALL,74250,123,,1,25.36,24.92,121,5,111,5,25.09,,,120,09/07 17:37
2026/09/07 18:57,2026-09-07T19:12:44+09:00,2026/09/08,2026/10/08,2026-10,PUT,74250,8200,,,30.87,,8700,1,7950,7,,,,,
2026/09/07 18:57,2026-09-07T19:12:44+09:00,2026/09/08,2026/10/08,2026-10,CALL,74000,138,,15,25.23,25.06,131,1,127,1,25.09,-3,-2.31,127,09/07 18:28
2026/09/07 18:57,2026-09-07T19:12:44+09:00,2026/09/08,2026/10/08,2026-10,PUT,74000,7970,,,28.9,,8405,15,7720,18,,,,,
2026/09/07 18:57,2026-09-07T19:12:44+09:00,2026/09/08,2026/10/08,2026-10,CALL,73750,152,,,25.26,24.87,146,5,136,5,,,,,
2026/09/07 18:57,2026-09-07T19:12:44+09:00,2026/09/08,2026/10/08,2026-10,PUT,73750,7730,,,33.21,,8340,6,7480,7,,,,,
2026/09/07 18:57,2026-09-07T19:12:44+09:00,2026/09/08,2026/10/08,2026-10,CALL,73500,168,,1,25.2,25.02,160,1,155,3,24.84,1,0.65,156,09/07 17:41
2026/09/07 18:57,2026-09-07T19:12:44+09:00,2026/09/08,2026/10/08,2026-10,PUT,73500,7500,,,27.52,,7900,2,7250,12,,,,,
2026/09/07 18:57,2026-09-07T19:12:44+09:00,2026/09/08,2026/10/08,2026-10,CALL,73250,186,,,25.2,24.79,177,3,165,5,,,,,
2026/09/07 18:57,2026-09-07T19:12:44+09:00,2026/09/08,2026/10/08,2026-10,PUT,73250,7265,,,29.91,,7760,6,7015,7,,,,,
2026/09/07 18:57,2026-09-07T19:12:44+09:00,2026/09/08,2026/10/08,2026-10,CALL,73000,197,,,25.12,24.99,193,1,189,3,,,,,
2026/09/07 18:57,2026-09-07T19:12:44+09:00,2026/09/08,2026/10/08,2026-10,PUT,73000,7035,,,32.05,,7630,18,7130,18,,,,,
2026/09/07 18:57,2026-09-07T19:12:44+09:00,2026/09/08,2026/10/08,2026-10,CALL,72750,225,,,25.24,24.82,217,5,203,5,,,,,
2026/09/07 18:57,2026-09-07T19:12:44+09:00,2026/09/08,2026/10/08,2026-10,PUT,72750,6805,,,29.87,,7315,1,6555,7,,,,,
2026/09/07 18:57,2026-09-07T19:12:44+09:00,2026/09/08,2026/10/08,2026-10,CALL,72500,248,,3,25.1,24.96,234,1,229,3,24.99,-2,-0.87,228,09/07 18:44
2026/09/07 18:57,2026-09-07T19:12:44+09:00,2026/09/08,2026/10/08,2026-10,PUT,72500,6580,,,29.29,,7070,10,6330,12,,,,,
2026/09/07 18:57,2026-09-07T19:12:44+09:00,2026/09/08,2026/10/08,2026-10,CALL,72250,274,,,25.19,24.75,261,5,245,9,,,,,
2026/09/07 18:57,2026-09-07T19:12:44+09:00,2026/09/08,2026/10/08,2026-10,PUT,72250,6355,,,29.46,,6860,1,6105,7,,,,,
2026/09/07 18:57,2026-09-07T19:12:44+09:00,2026/09/08,2026/10/08,2026-10,CALL,72125,288,,,25.46,24.67,284,2,254,2,,,,,
2026/09/07 18:57,2026-09-07T19:12:44+09:00,2026/09/08,2026/10/08,2026-10,PUT,72125,6245,,,31.68,,6860,4,5995,6,,,,,
2026/09/07 18:57,2026-09-07T19:12:44+09:00,2026/09/08,2026/10/08,2026-10,CALL,72000,305,,1,25.07,25.04,282,1,281,1,25.05,7,2.55,282,09/07 18:56
2026/09/07 18:57,2026-09-07T19:12:44+09:00,2026/09/08,2026/10/08,2026-10,PUT,72000,6130,,,28.19,,6585,15,5880,18,,,,,
2026/09/07 18:57,2026-09-07T19:12:44+09:00,2026/09/08,2026/10/08,2026-10,CALL,71875,320,,,25.42,24.75,310,3,283,3,,,,,
2026/09/07 18:57,2026-09-07T19:12:44+09:00,2026/09/08,2026/10/08,2026-10,PUT,71875,6020,,,27.39,,6440,1,5770,6,,,,,
2026/09/07 18:57,2026-09-07T19:12:44+09:00,2026/09/08,2026/10/08,2026-10,CALL,71750,335,,,25.19,24.83,315,18,300,5,,,,,
2026/09/07 18:57,2026-09-07T19:12:44+09:00,2026/09/08,2026/10/08,2026-10,PUT,71750,5910,,,29.34,,6425,1,5660,7,,,,,
2026/09/07 18:57,2026-09-07T19:12:44+09:00,2026/09/08,2026/10/08,2026-10,CALL,71625,340,,,25.54,24.23,345,1,290,1,,,,,
2026/09/07 18:57,2026-09-07T19:12:44+09:00,2026/09/08,2026/10/08,2026-10,PUT,71625,5795,,,28.35,,6270,5,5555,4,,,,,
2026/09/07 18:57,2026-09-07T19:12:44+09:00,2026/09/08,2026/10/08,2026-10,CALL,71500,365,,,25.07,24.84,340,1,330,3,,,,,
2026/09/07 18:57,2026-09-07T19:12:44+09:00,2026/09/08,2026/10/08,2026-10,PUT,71500,5695,,,28.08,,6150,12,5445,12,,,,,
2026/09/07 18:57,2026-09-07T19:12:44+09:00,2026/09/08,2026/10/08,2026-10,CALL,71375,375,,,25.38,24.25,370,2,320,3,,,,,
2026/09/07 18:57,2026-09-07T19:12:44+09:00,2026/09/08,2026/10/08,2026-10,PUT,71375,5580,,,27.39,,6010,1,5330,6,,,,,
2026/09/07 18:57,2026-09-07T19:12:44+09:00,2026/09/08,2026/10/08,2026-10,CALL,71250,400,,,25.12,24.8,375,4,360,2,,,,,
2026/09/07 18:57,2026-09-07T19:12:44+09:00,2026/09/08,2026/10/08,2026-10,PUT,71250,5480,,,26.91,,5880,6,5230,7,,,,,
2026/09/07 18:57,2026-09-07T19:12:44+09:00,2026/09/08,2026/10/08,2026-10,CALL,71125,410,,,25.29,24.32,400,2,355,2,,,,,
2026/09/07 18:57,2026-09-07T19:12:44+09:00,2026/09/08,2026/10/08,2026-10,PUT,71125,5365,,,28.85,,5875,5,5120,5,,,,,
2026/09/07 18:57,2026-09-07T19:12:44+09:00,2026/09/08,2026/10/08,2026-10,CALL,71000,435,,3,25.12,24.81,410,9,395,3,24.8,-5,-1.19,415,09/07 17:48
2026/09/07 18:57,2026-09-07T19:12:44+09:00,2026/09/08,2026/10/08,2026-10,PUT,71000,5265,,,26.54,,5650,3,5110,18,,,,,
2026/09/07 18:57,2026-09-07T19:12:44+09:00,2026/09/08,2026/10/08,2026-10,CALL,70875,450,,,25.35,24.32,440,2,390,3,,,,,
2026/09/07 18:57,2026-09-07T19:12:44+09:00,2026/09/08,2026/10/08,2026-10,PUT,70875,5155,,,27.2,,5580,7,4915,8,,,,,
2026/09/07 18:57,2026-09-07T19:12:44+09:00,2026/09/08,2026/10/08,2026-10,CALL,70750,480,,,25.26,24.76,455,2,430,2,,,,,
2026/09/07 18:57,2026-09-07T19:12:44+09:00,2026/09/08,2026/10/08,2026-10,PUT,70750,5060,,,29.95,,5630,2,4815,2,,,,,
2026/09/07 18:57,2026-09-07T19:12:44+09:00,2026/09/08,2026/10/08,2026-10,CALL,70625,490,,,25.36,24.38,480,2,430,2,,,,,
2026/09/07 18:57,2026-09-07T19:12:44+09:00,2026/09/08,2026/10/08,2026-10,PUT,70625,4945,,,29.78,,5520,7,4710,8,,,,,
2026/09/07 18:57,2026-09-07T19:12:44+09:00,2026/09/08,2026/10/08,2026-10,CALL,70500,520,,,25.05,24.86,485,1,475,3,,,,,
2026/09/07 18:57,2026-09-07T19:12:44+09:00,2026/09/08,2026/10/08,2026-10,PUT,70500,4850,,,27.44,,5285,3,4615,3,,,,,
2026/09/07 18:57,2026-09-07T19:12:44+09:00,2026/09/08,2026/10/08,2026-10,CALL,70375,540,,,25.31,24.37,520,2,470,3,,,,,
2026/09/07 18:57,2026-09-07T19:12:44+09:00,2026/09/08,2026/10/08,2026-10,PUT,70375,4745,,,28.83,,5265,7,4515,8,,,,,
2026/09/07 18:57,2026-09-07T19:12:44+09:00,2026/09/08,2026/10/08,2026-10,CALL,70250,565,,,25.08,24.8,530,2,515,2,,,,,
2026/09/07 18:57,2026-09-07T19:12:44+09:00,2026/09/08,2026/10/08,2026-10,PUT,70250,4645,,,29.48,,5205,2,4410,8,,,,,
2026/09/07 18:57,2026-09-07T19:12:44+09:00,2026/09/08,2026/10/08,2026-10,CALL,70125,585,,,25.38,24.3,570,2,510,3,,,,,
2026/09/07 18:57,2026-09-07T19:12:44+09:00,2026/09/08,2026/10/08,2026-10,PUT,70125,4540,,,27.71,11.24,5000,8,4320,8,,,,,
2026/09/07 18:57,2026-09-07T19:12:44+09:00,2026/09/08,2026/10/08,2026-10,CALL,70000,620,,11,25.14,24.87,580,6,565,6,25.07,5,0.88,570,09/07 18:51
2026/09/07 18:57,2026-09-07T19:12:44+09:00,2026/09/08,2026/10/08,2026-10,PUT,70000,4450,,,27.85,20.91,4910,22,4525,22,,,,,
2026/09/07 18:57,2026-09-07T19:12:44+09:00,2026/09/08,2026/10/08,2026-10,CALL,69875,640,,,25.4,24.36,620,1,560,1,,,,,
2026/09/07 18:57,2026-09-07T19:12:44+09:00,2026/09/08,2026/10/08,2026-10,PUT,69875,4345,,,30.12,13.66,4955,3,4130,8,,,,,
2026/09/07 18:57,2026-09-07T19:12:44+09:00,2026/09/08,2026/10/08,2026-10,CALL,69750,670,,,25.13,24.71,630,3,605,14,,,,,
2026/09/07 18:57,2026-09-07T19:12:44+09:00,2026/09/08,2026/10/08,2026-10,PUT,69750,4250,,,27.76,14.2,4710,2,4030,8,,,,,
2026/09/07 18:57,2026-09-07T19:12:44+09:00,2026/09/08,2026/10/08,2026-10,CALL,69625,695,,,25.44,24.52,675,1,620,1,,,,,
2026/09/07 18:57,2026-09-07T19:12:44+09:00,2026/09/08,2026/10/08,2026-10,PUT,69625,4150,,,27.94,15.19,4625,8,3950,8,,,,,
2026/09/07 18:57,2026-09-07T19:12:44+09:00,2026/09/08,2026/10/08,2026-10,CALL,69500,735,,,25.15,24.91,685,5,670,3,,,,,
2026/09/07 18:57,2026-09-07T19:12:44+09:00,2026/09/08,2026/10/08,2026-10,PUT,69500,4065,,,26.12,15.36,4415,3,3845,3,,,,,
2026/09/07 18:57,2026-09-07T19:12:44+09:00,2026/09/08,2026/10/08,2026-10,CALL,69375,760,,,25.42,24.45,730,1,670,1,,,,,
2026/09/07 18:57,2026-09-07T19:12:44+09:00,2026/09/08,2026/10/08,2026-10,PUT,69375,3965,,,26.92,16.08,4370,7,3765,8,,,,,
2026/09/07 18:57,2026-09-07T19:12:44+09:00,2026/09/08,2026/10/08,2026-10,CALL,69250,800,,,25.2,24.72,745,3,715,3,,,,,
2026/09/07 18:57,2026-09-07T19:12:44+09:00,2026/09/08,2026/10/08,2026-10,PUT,69250,3885,,,27.29,16.37,4300,7,3670,8,,,,,
2026/09/07 18:57,2026-09-07T19:12:44+09:00,2026/09/08,2026/10/08,2026-10,CALL,69125,825,,,25.43,24.49,790,1,730,1,,,,,
2026/09/07 18:57,2026-09-07T19:12:44+09:00,2026/09/08,2026/10/08,2026-10,PUT,69125,3785,,,29.28,17.02,4340,3,3595,8,,,,,
2026/09/07 18:57,2026-09-07T19:12:44+09:00,2026/09/08,2026/10/08,2026-10,CALL,69000,860,,1,25.18,24.95,805,3,790,1,25.06,0,0,800,09/07 18:38
2026/09/07 18:57,2026-09-07T19:12:44+09:00,2026/09/08,2026/10/08,2026-10,PUT,69000,3705,,,26.62,18.6,4070,7,3575,22,,,,,
2026/09/07 18:57,2026-09-07T19:12:44+09:00,2026/09/08,2026/10/08,2026-10,CALL,68875,895,,,25.45,24.62,855,1,800,1,,,,,
2026/09/07 18:57,2026-09-07T19:12:44+09:00,2026/09/08,2026/10/08,2026-10,PUT,68875,3600,,,28.85,17.72,4130,7,3425,8,,,,,
2026/09/07 18:57,2026-09-07T19:12:44+09:00,2026/09/08,2026/10/08,2026-10,CALL,68750,930,,,25.33,24.58,880,2,830,2,,,,,
2026/09/07 18:57,2026-09-07T19:12:44+09:00,2026/09/08,2026/10/08,2026-10,PUT,68750,3510,,,25.92,24.66,3840,3,3755,2,,,,,
2026/09/07 18:57,2026-09-07T19:12:44+09:00,2026/09/08,2026/10/08,2026-10,CALL,68625,975,,,25.34,24.6,915,1,865,9,,,,,
2026/09/07 18:57,2026-09-07T19:12:44+09:00,2026/09/08,2026/10/08,2026-10,PUT,68625,3430,,,30.15,18.33,4045,3,3260,8,,,,,
2026/09/07 18:57,2026-09-07T19:12:44+09:00,2026/09/08,2026/10/08,2026-10,CALL,68500,995,,,25.27,24.98,945,5,925,3,,,,,
2026/09/07 18:57,2026-09-07T19:12:44+09:00,2026/09/08,2026/10/08,2026-10,PUT,68500,3340,,,26.14,24.39,3675,7,3555,4,,,,,
2026/09/07 18:57,2026-09-07T19:12:44+09:00,2026/09/08,2026/10/08,2026-10,CALL,68375,1050,,,25.32,24.96,985,9,960,1,,,,,
2026/09/07 18:57,2026-09-07T19:12:44+09:00,2026/09/08,2026/10/08,2026-10,PUT,68375,3260,,,27.03,18.96,3650,7,3105,8,,,,,
2026/09/07 18:57,2026-09-07T19:12:44+09:00,2026/09/08,2026/10/08,2026-10,CALL,68250,1095,,,25.29,24.87,1020,1,990,2,,,,,
2026/09/07 18:57,2026-09-07T19:12:44+09:00,2026/09/08,2026/10/08,2026-10,PUT,68250,3180,,,26.14,24.72,3500,6,3400,2,,,,,
2026/09/07 18:57,2026-09-07T19:12:44+09:00,2026/09/08,2026/10/08,2026-10,CALL,68125,1125,,,25.67,24.82,1085,1,1025,1,,,,,
2026/09/07 18:57,2026-09-07T19:12:44+09:00,2026/09/08,2026/10/08,2026-10,PUT,68125,3085,,,29.74,19.52,3675,1,2955,5,,,,,
2026/09/07 18:57,2026-09-07T19:12:44+09:00,2026/09/08,2026/10/08,2026-10,CALL,68000,1180,,,25.33,25.05,1100,5,1080,5,,,,,
2026/09/07 18:57,2026-09-07T19:12:44+09:00,2026/09/08,2026/10/08,2026-10,PUT,68000,3025,,4,25.81,24.77,3305,20,3230,5,25.03,,,3190,09/07 17:38
2026/09/07 18:57,2026-09-07T19:12:44+09:00,2026/09/08,2026/10/08,2026-10,CALL,67875,1225,,,25.66,24.77,1165,1,1100,8,,,,,
2026/09/07 18:57,2026-09-07T19:12:44+09:00,2026/09/08,2026/10/08,2026-10,PUT,67875,2930,,,27.58,19.97,3350,1,2805,5,,,,,
2026/09/07 18:57,2026-09-07T19:12:44+09:00,2026/09/08,2026/10/08,2026-10,CALL,67750,1260,,,25.5,24.89,1195,2,1150,2,,,,,
2026/09/07 18:57,2026-09-07T19:12:44+09:00,2026/09/08,2026/10/08,2026-10,PUT,67750,2840,,,25.98,24.82,3150,2,3065,2,,,,,
2026/09/07 18:57,2026-09-07T19:12:44+09:00,2026/09/08,2026/10/08,2026-10,CALL,67625,1305,,,25.74,24.86,1255,1,1190,8,,,,,
2026/09/07 18:57,2026-09-07T19:12:44+09:00,2026/09/08,2026/10/08,2026-10,PUT,67625,2785,,,25.53,24.31,3035,6,2945,6,,,,,
2026/09/07 18:57,2026-09-07T19:12:44+09:00,2026/09/08,2026/10/08,2026-10,CALL,67500,1355,,11,25.41,25.15,1275,2,1255,1,25.23,-25,-1.96,1250,09/07 18:50
2026/09/07 18:57,2026-09-07T19:12:44+09:00,2026/09/08,2026/10/08,2026-10,PUT,67500,2715,,,25.68,24.81,2965,13,2900,3,,,,,
2026/09/07 18:57,2026-09-07T19:12:44+09:00,2026/09/08,2026/10/08,2026-10,CALL,67375,1420,,,25.81,24.95,1350,1,1285,8,,,,,
2026/09/07 18:57,2026-09-07T19:12:44+09:00,2026/09/08,2026/10/08,2026-10,PUT,67375,2635,,,25.68,24.34,2885,6,2785,6,,,,,
2026/09/07 18:57,2026-09-07T19:12:44+09:00,2026/09/08,2026/10/08,2026-10,CALL,67250,1465,,,25.8,25,1395,2,1335,2,,,,,
2026/09/07 18:57,2026-09-07T19:12:44+09:00,2026/09/08,2026/10/08,2026-10,PUT,67250,2580,,,25.73,24.67,2810,2,2730,8,,,,,
2026/09/07 18:57,2026-09-07T19:12:44+09:00,2026/09/08,2026/10/08,2026-10,CALL,67125,1520,,,25.9,24.97,1450,7,1380,7,,,,,
2026/09/07 18:57,2026-09-07T19:12:44+09:00,2026/09/08,2026/10/08,2026-10,PUT,67125,2490,,,25.83,24.44,2740,6,2635,10,,,,,
2026/09/07 18:57,2026-09-07T19:12:44+09:00,2026/09/08,2026/10/08,2026-10,CALL,67000,1535,,15,25.58,25.26,1475,2,1450,23,25.4,-55,-3.58,1480,09/07 17:13
2026/09/07 18:57,2026-09-07T19:12:44+09:00,2026/09/08,2026/10/08,2026-10,PUT,67000,2440,,,25.85,24.8,2665,4,2585,4,,,,,
2026/09/07 18:57,2026-09-07T19:12:44+09:00,2026/09/08,2026/10/08,2026-10,CALL,66875,1635,,,25.91,25.07,1550,1,1485,7,,,,,
2026/09/07 18:57,2026-09-07T19:12:44+09:00,2026/09/08,2026/10/08,2026-10,PUT,66875,2345,,,25.91,23.89,2595,6,2440,10,,,,,
2026/09/07 18:57,2026-09-07T19:12:44+09:00,2026/09/08,2026/10/08,2026-10,CALL,66750,1690,,,25.96,24.86,1605,1,1520,1,,,,,
2026/09/07 18:57,2026-09-07T19:12:44+09:00,2026/09/08,2026/10/08,2026-10,PUT,66750,2305,,,25.9,25.12,2520,2,2460,2,,,,,
2026/09/07 18:57,2026-09-07T19:12:44+09:00,2026/09/08,2026/10/08,2026-10,CALL,66625,1750,,,26,25.03,1660,1,1585,7,,,,,
2026/09/07 18:57,2026-09-07T19:12:44+09:00,2026/09/08,2026/10/08,2026-10,PUT,66625,2215,,,26.13,24.7,2465,6,2355,11,,,,,
2026/09/07 18:57,2026-09-07T19:12:44+09:00,2026/09/08,2026/10/08,2026-10,CALL,66500,1810,,4,25.7,25.44,1690,1,1670,3,25.68,655,60.37,1740,09/07 17:58
2026/09/07 18:57,2026-09-07T19:12:44+09:00,2026/09/08,2026/10/08,2026-10,PUT,66500,2205,,,25.96,25.18,2380,3,2320,3,,,,,
2026/09/07 18:57,2026-09-07T19:12:44+09:00,2026/09/08,2026/10/08,2026-10,CALL,66375,1875,,,26.35,24.93,1795,11,1685,7,,,,,
2026/09/07 18:57,2026-09-07T19:12:44+09:00,2026/09/08,2026/10/08,2026-10,PUT,66375,2100,,,26.28,24.86,2335,7,2225,7,,,,,
2026/09/07 18:57,2026-09-07T19:12:44+09:00,2026/09/08,2026/10/08,2026-10,CALL,66250,1935,,,25.95,25.24,1820,2,1765,2,,,,,
2026/09/07 18:57,2026-09-07T19:12:44+09:00,2026/09/08,2026/10/08,2026-10,PUT,66250,2055,,,26.01,25.31,2245,2,2190,2,,,,,
2026/09/07 18:57,2026-09-07T19:12:44+09:00,2026/09/08,2026/10/08,2026-10,CALL,66125,2000,,,26.37,25.28,1910,7,1825,1,,,,,
2026/09/07 18:57,2026-09-07T19:12:44+09:00,2026/09/08,2026/10/08,2026-10,PUT,66125,1980,,,26.05,24.96,2180,7,2095,7,,,,,
2026/09/07 18:57,2026-09-07T19:12:44+09:00,2026/09/08,2026/10/08,2026-10,CALL,66000,2070,,,25.88,25.62,1930,1,1910,1,,,,,
2026/09/07 18:57,2026-09-07T19:12:44+09:00,2026/09/08,2026/10/08,2026-10,PUT,66000,1935,,7,26.01,25.43,2110,4,2065,4,25.56,65,3.21,2090,09/07 18:48
2026/09/07 18:57,2026-09-07T19:12:44+09:00,2026/09/08,2026/10/08,2026-10,CALL,65875,2130,,,26.53,25.37,2040,7,1950,1,,,,,
2026/09/07 18:57,2026-09-07T19:12:44+09:00,2026/09/08,2026/10/08,2026-10,PUT,65875,1860,,,26.21,25.11,2060,7,1975,7,,,,,
2026/09/07 18:57,2026-09-07T19:12:44+09:00,2026/09/08,2026/10/08,2026-10,CALL,65750,2195,,,26.13,25.3,2070,2,2005,2,,,,,
2026/09/07 18:57,2026-09-07T19:12:44+09:00,2026/09/08,2026/10/08,2026-10,PUT,65750,1815,,,26.13,25.49,1990,2,1940,2,,,,,
2026/09/07 18:57,2026-09-07T19:12:44+09:00,2026/09/08,2026/10/08,2026-10,CALL,65625,2260,,,26.62,25.27,2170,7,2065,6,,,,,
2026/09/07 18:57,2026-09-07T19:12:44+09:00,2026/09/08,2026/10/08,2026-10,PUT,65625,1740,,,26.3,25.27,1940,7,1860,7,,,,,
2026/09/07 18:57,2026-09-07T19:12:44+09:00,2026/09/08,2026/10/08,2026-10,CALL,65500,2345,,,26.65,25.23,2235,21,2125,1,,,,,
2026/09/07 18:57,2026-09-07T19:12:44+09:00,2026/09/08,2026/10/08,2026-10,PUT,65500,1720,,1,26.07,25.74,1860,3,1835,2,25.85,0,0,1780,09/07 17:52
2026/09/07 18:57,2026-09-07T19:12:44+09:00,2026/09/08,2026/10/08,2026-10,CALL,65375,2415,,,26.59,25.17,2295,6,2185,6,,,,,
2026/09/07 18:57,2026-09-07T19:12:44+09:00,2026/09/08,2026/10/08,2026-10,PUT,65375,1635,,,26.4,25.43,1825,6,1750,7,,,,,
2026/09/07 18:57,2026-09-07T19:12:44+09:00,2026/09/08,2026/10/08,2026-10,CALL,65250,2485,,,26.78,25.48,2375,8,2275,2,,,,,
2026/09/07 18:57,2026-09-07T19:12:44+09:00,2026/09/08,2026/10/08,2026-10,PUT,65250,1600,,,26.33,25.74,1760,2,1715,2,,,,,
2026/09/07 18:57,2026-09-07T19:12:44+09:00,2026/09/08,2026/10/08,2026-10,CALL,65125,2560,,,29.57,25.06,2655,5,2310,6,,,,,
2026/09/07 18:57,2026-09-07T19:12:44+09:00,2026/09/08,2026/10/08,2026-10,PUT,65125,1535,,,26.5,25.65,1715,6,1650,1,,,,,
2026/09/07 18:57,2026-09-07T19:12:44+09:00,2026/09/08,2026/10/08,2026-10,CALL,65000,2650,,,26.59,25.87,2495,4,2440,4,,,,,
2026/09/07 18:57,2026-09-07T19:12:44+09:00,2026/09/08,2026/10/08,2026-10,PUT,65000,1525,,5,26.33,26.06,1645,2,1625,1,26.37,35,2.3,1560,09/07 17:00
2026/09/07 18:57,2026-09-07T19:12:44+09:00,2026/09/08,2026/10/08,2026-10,CALL,64875,2715,,,29.89,25.41,2815,6,2475,1,,,,,
2026/09/07 18:57,2026-09-07T19:12:44+09:00,2026/09/08,2026/10/08,2026-10,PUT,64875,1440,,,26.6,25.81,1610,7,1550,1,,,,,
2026/09/07 18:57,2026-09-07T19:12:44+09:00,2026/09/08,2026/10/08,2026-10,CALL,64750,2800,,,26.86,25.67,2655,8,2565,2,,,,,
2026/09/07 18:57,2026-09-07T19:12:44+09:00,2026/09/08,2026/10/08,2026-10,PUT,64750,1425,,,26.66,26.13,1560,3,1520,3,,,,,
2026/09/07 18:57,2026-09-07T19:12:44+09:00,2026/09/08,2026/10/08,2026-10,CALL,64625,2875,,,30.24,25.64,2980,8,2635,3,,,,,
2026/09/07 18:57,2026-09-07T19:12:44+09:00,2026/09/08,2026/10/08,2026-10,PUT,64625,1335,,,26.78,25.91,1515,8,1450,1,,,,,
2026/09/07 18:57,2026-09-07T19:12:44+09:00,2026/09/08,2026/10/08,2026-10,CALL,64500,2965,,,27.55,25.86,2850,18,2725,3,,,,,
2026/09/07 18:57,2026-09-07T19:12:44+09:00,2026/09/08,2026/10/08,2026-10,PUT,64500,1335,,,26.6,26.34,1450,5,1430,3,,,,,
2026/09/07 18:57,2026-09-07T19:12:44+09:00,2026/09/08,2026/10/08,2026-10,CALL,64375,3050,,,30.6,25.87,3150,8,2800,6,,,,,
2026/09/07 18:57,2026-09-07T19:12:44+09:00,2026/09/08,2026/10/08,2026-10,PUT,64375,1260,,,26.96,26.01,1425,8,1355,1,,,,,
2026/09/07 18:57,2026-09-07T19:12:44+09:00,2026/09/08,2026/10/08,2026-10,CALL,64250,3125,,,27.09,26,2965,2,2885,2,,,,,
2026/09/07 18:57,2026-09-07T19:12:44+09:00,2026/09/08,2026/10/08,2026-10,PUT,64250,1255,,,26.82,26.41,1365,11,1335,11,,,,,
2026/09/07 18:57,2026-09-07T19:12:44+09:00,2026/09/08,2026/10/08,2026-10,CALL,64125,3225,,,30.84,26.18,3315,8,2975,6,,,,,
2026/09/07 18:57,2026-09-07T19:12:44+09:00,2026/09/08,2026/10/08,2026-10,PUT,64125,1185,,,27.01,26.18,1330,9,1270,1,,,,,
2026/09/07 18:57,2026-09-07T19:12:44+09:00,2026/09/08,2026/10/08,2026-10,CALL,64000,3310,,,31.32,26.28,3425,22,3060,18,,,,,
2026/09/07 18:57,2026-09-07T19:12:44+09:00,2026/09/08,2026/10/08,2026-10,PUT,64000,1175,,12,26.91,26.63,1275,6,1255,6,26.85,20,1.61,1260,09/07 18:23
2026/09/07 18:57,2026-09-07T19:12:44+09:00,2026/09/08,2026/10/08,2026-10,CALL,63875,3390,,,33.17,26.3,3635,3,3140,6,,,,,
2026/09/07 18:57,2026-09-07T19:12:44+09:00,2026/09/08,2026/10/08,2026-10,PUT,63875,1110,,,27.28,26.3,1255,9,1185,1,,,,,
2026/09/07 18:57,2026-09-07T19:12:44+09:00,2026/09/08,2026/10/08,2026-10,CALL,63750,3475,,,33.29,26.37,3720,2,3225,7,,,,,
2026/09/07 18:57,2026-09-07T19:12:44+09:00,2026/09/08,2026/10/08,2026-10,PUT,63750,1085,,,27.22,26.79,1205,13,1175,3,,,,,
2026/09/07 18:57,2026-09-07T19:12:44+09:00,2026/09/08,2026/10/08,2026-10,CALL,63625,3570,,,33.55,26.57,3815,3,3320,6,,,,,
2026/09/07 18:57,2026-09-07T19:12:44+09:00,2026/09/08,2026/10/08,2026-10,PUT,63625,1030,,,27.57,26.49,1185,1,1110,1,,,,,
2026/09/07 18:57,2026-09-07T19:12:44+09:00,2026/09/08,2026/10/08,2026-10,CALL,63500,3660,,,33.59,26.68,3895,3,3410,12,,,,,
2026/09/07 18:57,2026-09-07T19:12:44+09:00,2026/09/08,2026/10/08,2026-10,PUT,63500,1025,,1,27.26,27.04,1120,5,1105,1,27.18,,,1090,09/07 17:42
2026/09/07 18:57,2026-09-07T19:12:44+09:00,2026/09/08,2026/10/08,2026-10,CALL,63375,3750,,,33.89,26.78,3995,3,3500,6,,,,,
2026/09/07 18:57,2026-09-07T19:12:44+09:00,2026/09/08,2026/10/08,2026-10,PUT,63375,965,,,27.8,26.63,1115,9,1035,1,,,,,
2026/09/07 18:57,2026-09-07T19:12:44+09:00,2026/09/08,2026/10/08,2026-10,CALL,63250,3845,,,34.12,25.36,4090,2,3490,2,,,,,
2026/09/07 18:57,2026-09-07T19:12:44+09:00,2026/09/08,2026/10/08,2026-10,PUT,63250,955,,,27.53,27.16,1055,13,1030,3,,,,,
2026/09/07 18:57,2026-09-07T19:12:44+09:00,2026/09/08,2026/10/08,2026-10,CALL,63125,3940,,,34.34,24.41,4185,3,3515,7,,,,,
2026/09/07 18:57,2026-09-07T19:12:44+09:00,2026/09/08,2026/10/08,2026-10,PUT,63125,900,,,27.84,27.24,1035,2,995,1,,,,,
2026/09/07 18:57,2026-09-07T19:12:44+09:00,2026/09/08,2026/10/08,2026-10,CALL,63000,4035,,,32.8,24.66,4160,22,3620,7,,,,,
2026/09/07 18:57,2026-09-07T19:12:44+09:00,2026/09/08,2026/10/08,2026-10,PUT,63000,905,,12,27.6,27.37,980,6,965,1,27.5,25,2.63,975,09/07 18:35
2026/09/07 18:57,2026-09-07T19:12:44+09:00,2026/09/08,2026/10/08,2026-10,CALL,62875,4130,,,34.74,22.54,4375,3,3580,7,,,,,
2026/09/07 18:57,2026-09-07T19:12:44+09:00,2026/09/08,2026/10/08,2026-10,PUT,62875,850,,,28.03,27.34,970,2,925,1,,,,,
2026/09/07 18:57,2026-09-07T19:12:44+09:00,2026/09/08,2026/10/08,2026-10,CALL,62750,4230,,,35,26.02,4475,2,3885,7,,,,,
2026/09/07 18:57,2026-09-07T19:12:44+09:00,2026/09/08,2026/10/08,2026-10,PUT,62750,845,,,27.92,27.53,925,3,900,3,,,,,
2026/09/07 18:57,2026-09-07T19:12:44+09:00,2026/09/08,2026/10/08,2026-10,CALL,62625,4325,,,35.18,24.28,4570,3,3870,7,,,,,
2026/09/07 18:57,2026-09-07T19:12:44+09:00,2026/09/08,2026/10/08,2026-10,PUT,62625,790,,,28.18,27.54,905,1,865,1,,,,,
2026/09/07 18:57,2026-09-07T19:12:44+09:00,2026/09/08,2026/10/08,2026-10,CALL,62500,4425,,,35.43,23.87,4670,3,3940,3,,,,,
2026/09/07 18:57,2026-09-07T19:12:44+09:00,2026/09/08,2026/10/08,2026-10,PUT,62500,785,,21,27.94,27.78,855,4,845,1,27.84,,,825,09/07 18:12
2026/09/07 18:57,2026-09-07T19:12:44+09:00,2026/09/08,2026/10/08,2026-10,CALL,62375,4525,,,35.67,22.24,4770,3,3945,7,,,,,
2026/09/07 18:57,2026-09-07T19:12:44+09:00,2026/09/08,2026/10/08,2026-10,PUT,62375,735,,,28.42,27.77,850,1,810,1,,,,,
2026/09/07 18:57,2026-09-07T19:12:44+09:00,2026/09/08,2026/10/08,2026-10,CALL,62250,4625,,,35.9,25.09,4870,2,4200,7,,,,,
2026/09/07 18:57,2026-09-07T19:12:44+09:00,2026/09/08,2026/10/08,2026-10,PUT,62250,735,,,28.32,27.91,810,14,785,3,,,,,
2026/09/07 18:57,2026-09-07T19:12:44+09:00,2026/09/08,2026/10/08,2026-10,CALL,62125,4725,,,36.12,25.34,4970,3,4310,7,,,,,
2026/09/07 18:57,2026-09-07T19:12:44+09:00,2026/09/08,2026/10/08,2026-10,PUT,62125,690,,,28.62,27.86,795,1,750,11,,,,,
2026/09/07 18:57,2026-09-07T19:12:44+09:00,2026/09/08,2026/10/08,2026-10,CALL,62000,4830,,,34.45,25.13,4950,22,4395,7,,,,,
2026/09/07 18:57,2026-09-07T19:12:44+09:00,2026/09/08,2026/10/08,2026-10,PUT,62000,690,,12,28.4,28.23,750,2,740,1,28.28,5,0.67,750,09/07 18:51
2026/09/07 18:57,2026-09-07T19:12:44+09:00,2026/09/08,2026/10/08,2026-10,CALL,61875,4925,,,36.53,23.93,5170,3,4430,3,,,,,
2026/09/07 18:57,2026-09-07T19:12:44+09:00,2026/09/08,2026/10/08,2026-10,PUT,61875,655,,,28.93,28.24,750,3,710,2,,,,,
2026/09/07 18:57,2026-09-07T19:12:44+09:00,2026/09/08,2026/10/08,2026-10,CALL,61750,5035,,,36.88,26.04,5280,2,4640,7,,,,,
2026/09/07 18:57,2026-09-07T19:12:44+09:00,2026/09/08,2026/10/08,2026-10,PUT,61750,645,,,28.68,28.32,705,4,685,4,,,,,
2026/09/07 18:57,2026-09-07T19:12:44+09:00,2026/09/08,2026/10/08,2026-10,CALL,61625,5140,,,37.15,25.29,5385,3,4700,7,,,,,
2026/09/07 18:57,2026-09-07T19:12:44+09:00,2026/09/08,2026/10/08,2026-10,PUT,61625,605,,,29.2,28.4,705,3,660,2,,,,,
2026/09/07 18:57,2026-09-07T19:12:44+09:00,2026/09/08,2026/10/08,2026-10,CALL,61500,5245,,,37.25,25.28,5480,3,4800,1,,,,,
2026/09/07 18:57,2026-09-07T19:12:44+09:00,2026/09/08,2026/10/08,2026-10,PUT,61500,605,,,28.91,28.64,660,3,645,3,,,,,
2026/09/07 18:57,2026-09-07T19:12:44+09:00,2026/09/08,2026/10/08,2026-10,CALL,61375,5345,,,37.59,23.54,5590,3,4820,3,,,,,
2026/09/07 18:57,2026-09-07T19:12:44+09:00,2026/09/08,2026/10/08,2026-10,PUT,61375,565,,,29.43,28.69,660,3,620,2,,,,,
2026/09/07 18:57,2026-09-07T19:12:44+09:00,2026/09/08,2026/10/08,2026-10,CALL,61250,5460,,,38,27.35,5705,2,5105,7,,,,,
2026/09/07 18:57,2026-09-07T19:12:44+09:00,2026/09/08,2026/10/08,2026-10,PUT,61250,565,,,29.1,28.81,615,2,600,4,,,,,
2026/09/07 18:57,2026-09-07T19:12:44+09:00,2026/09/08,2026/10/08,2026-10,CALL,61125,5560,,,38.16,25.78,5805,3,5130,7,,,,,
2026/09/07 18:57,2026-09-07T19:12:44+09:00,2026/09/08,2026/10/08,2026-10,PUT,61125,525,,,29.7,28.83,620,3,575,2,,,,,
2026/09/07 18:57,2026-09-07T19:12:44+09:00,2026/09/08,2026/10/08,2026-10,CALL,61000,5670,,,30.49,21.71,5465,22,5065,7,,,,,
2026/09/07 18:57,2026-09-07T19:12:44+09:00,2026/09/08,2026/10/08,2026-10,PUT,61000,535,,10,29.33,29.13,575,2,565,3,29.16,10,1.79,570,09/07 18:33
2026/09/07 18:57,2026-09-07T19:12:44+09:00,2026/09/08,2026/10/08,2026-10,CALL,60875,5780,,,38.87,27.78,6030,6,5430,1,,,,,
2026/09/07 18:57,2026-09-07T19:12:44+09:00,2026/09/08,2026/10/08,2026-10,PUT,60875,505,,,30.02,29.12,585,3,540,2,,,,,
2026/09/07 18:57,2026-09-07T19:12:44+09:00,2026/09/08,2026/10/08,2026-10,CALL,60750,5890,,,39.18,26.05,6140,7,5455,1,,,,,
2026/09/07 18:57,2026-09-07T19:12:44+09:00,2026/09/08,2026/10/08,2026-10,PUT,60750,500,,,29.61,29.31,540,4,525,4,,,,,
2026/09/07 18:57,2026-09-07T19:12:44+09:00,2026/09/08,2026/10/08,2026-10,CALL,60625,5995,,,39.39,26.27,6245,6,5570,1,,,,,
2026/09/07 18:57,2026-09-07T19:12:44+09:00,2026/09/08,2026/10/08,2026-10,PUT,60625,465,,,30.31,29.37,550,3,505,2,,,,,
2026/09/07 18:57,2026-09-07T19:12:44+09:00,2026/09/08,2026/10/08,2026-10,CALL,60500,6110,,,39.77,27.54,6360,12,5730,2,,,,,
2026/09/07 18:57,2026-09-07T19:12:44+09:00,2026/09/08,2026/10/08,2026-10,PUT,60500,465,,,29.85,29.64,505,6,495,3,,,,,
2026/09/07 18:57,2026-09-07T19:12:44+09:00,2026/09/08,2026/10/08,2026-10,CALL,60375,6220,,,40.07,27.17,6470,6,5820,6,,,,,
2026/09/07 18:57,2026-09-07T19:12:44+09:00,2026/09/08,2026/10/08,2026-10,PUT,60375,435,,,30.44,29.57,510,2,470,2,,,,,
2026/09/07 18:57,2026-09-07T19:12:44+09:00,2026/09/08,2026/10/08,2026-10,CALL,60250,6330,,,40.35,25.86,6580,7,5875,1,,,,,
2026/09/07 18:57,2026-09-07T19:12:44+09:00,2026/09/08,2026/10/08,2026-10,PUT,60250,430,,,30.16,29.83,475,2,460,2,,,,,
2026/09/07 18:57,2026-09-07T19:12:44+09:00,2026/09/08,2026/10/08,2026-10,CALL,60125,6440,,,40.63,21.35,6690,6,5840,1,,,,,
2026/09/07 18:57,2026-09-07T19:12:44+09:00,2026/09/08,2026/10/08,2026-10,PUT,60125,410,,,30.74,29.61,480,4,430,3,,,,,
2026/09/07 18:57,2026-09-07T19:12:44+09:00,2026/09/08,2026/10/08,2026-10,CALL,60000,6550,,,40.91,22.99,6800,18,6000,3,,,,,
2026/09/07 18:57,2026-09-07T19:12:44+09:00,2026/09/08,2026/10/08,2026-10,PUT,60000,415,,6,30.42,30.19,445,22,435,3,30.29,25,6.02,440,09/07 18:35
2026/09/07 18:57,2026-09-07T19:12:44+09:00,2026/09/08,2026/10/08,2026-10,CALL,59875,6670,,,41.36,25.46,6920,6,6190,5,,,,,
2026/09/07 18:57,2026-09-07T19:12:44+09:00,2026/09/08,2026/10/08,2026-10,PUT,59875,385,,,31,29.95,450,3,405,3,,,,,
2026/09/07 18:57,2026-09-07T19:12:44+09:00,2026/09/08,2026/10/08,2026-10,CALL,59750,6780,,,41.62,27.45,7030,7,6370,1,,,,,
2026/09/07 18:57,2026-09-07T19:12:44+09:00,2026/09/08,2026/10/08,2026-10,PUT,59750,385,,,30.76,30.4,420,5,405,2,,,,,
2026/09/07 18:57,2026-09-07T19:12:44+09:00,2026/09/08,2026/10/08,2026-10,CALL,59625,6885,,,41.79,28.15,7135,6,6505,5,,,,,
2026/09/07 18:57,2026-09-07T19:12:44+09:00,2026/09/08,2026/10/08,2026-10,PUT,59625,355,,,31.34,30.24,425,3,380,3,,,,,
2026/09/07 18:57,2026-09-07T19:12:44+09:00,2026/09/08,2026/10/08,2026-10,CALL,59500,7005,,,42.23,21.5,7255,12,6425,2,,,,,
2026/09/07 18:57,2026-09-07T19:12:44+09:00,2026/09/08,2026/10/08,2026-10,PUT,59500,360,,,30.94,30.82,390,2,385,1,,,,,
2026/09/07 18:57,2026-09-07T19:12:44+09:00,2026/09/08,2026/10/08,2026-10,CALL,59375,7120,,,42.58,24.94,7370,6,6625,1,,,,,
2026/09/07 18:57,2026-09-07T19:12:44+09:00,2026/09/08,2026/10/08,2026-10,PUT,59375,340,,,31.64,30.5,400,3,355,3,,,,,
2026/09/07 18:57,2026-09-07T19:12:44+09:00,2026/09/08,2026/10/08,2026-10,CALL,59250,7235,,,42.92,25.33,7485,7,6750,1,,,,,
2026/09/07 18:57,2026-09-07T19:12:44+09:00,2026/09/08,2026/10/08,2026-10,PUT,59250,340,,,31.33,30.94,370,5,355,2,,,,,
2026/09/07 18:57,2026-09-07T19:12:44+09:00,2026/09/08,2026/10/08,2026-10,CALL,59125,7350,,,43.26,26.61,7600,6,6900,6,,,,,
2026/09/07 18:57,2026-09-07T19:12:44+09:00,2026/09/08,2026/10/08,2026-10,PUT,59125,320,,,32.04,30.71,380,4,330,3,,,,,
2026/09/07 18:57,2026-09-07T19:12:44+09:00,2026/09/08,2026/10/08,2026-10,CALL,59000,7465,,,43.59,26.48,7715,18,7010,3,,,,,
2026/09/07 18:57,2026-09-07T19:12:44+09:00,2026/09/08,2026/10/08,2026-10,PUT,59000,320,,,31.56,31.28,345,2,335,3,,,,,
2026/09/07 18:57,2026-09-07T19:12:44+09:00,2026/09/08,2026/10/08,2026-10,CALL,58875,7575,,,43.83,22.2,7825,6,7030,5,,,,,
2026/09/07 18:57,2026-09-07T19:12:44+09:00,2026/09/08,2026/10/08,2026-10,PUT,58875,293,,,32.4,31.02,360,4,310,3,,,,,
2026/09/07 18:57,2026-09-07T19:12:44+09:00,2026/09/08,2026/10/08,2026-10,CALL,58750,7695,,,44.25,,7945,7,7075,1,,,,,
2026/09/07 18:57,2026-09-07T19:12:44+09:00,2026/09/08,2026/10/08,2026-10,PUT,58750,298,,,31.88,31.59,325,5,315,2,,,,,
2026/09/07 18:57,2026-09-07T19:12:44+09:00,2026/09/08,2026/10/08,2026-10,CALL,58625,7820,,,44.78,26.08,8070,6,7345,5,,,,,
2026/09/07 18:57,2026-09-07T19:12:44+09:00,2026/09/08,2026/10/08,2026-10,PUT,58625,288,,,32.74,31.35,340,4,292,3,,,,,
2026/09/07 18:57,2026-09-07T19:12:44+09:00,2026/09/08,2026/10/08,2026-10,CALL,58500,7930,,,45,25.34,8180,12,7445,10,,,,,
2026/09/07 18:57,2026-09-07T19:12:44+09:00,2026/09/08,2026/10/08,2026-10,PUT,58500,285,,,32.17,31.99,305,2,299,1,,,,,
2026/09/07 18:57,2026-09-07T19:12:44+09:00,2026/09/08,2026/10/08,2026-10,CALL,58375,8045,,,45.32,28.82,8295,6,7645,5,,,,,
2026/09/07 18:57,2026-09-07T19:12:44+09:00,2026/09/08,2026/10/08,2026-10,PUT,58375,273,,,32.36,31.96,297,1,284,3,,,,,
2026/09/07 18:57,2026-09-07T19:12:44+09:00,2026/09/08,2026/10/08,2026-10,CALL,58250,8165,,,45.73,28.25,8415,7,7745,1,,,,,
2026/09/07 18:57,2026-09-07T19:12:44+09:00,2026/09/08,2026/10/08,2026-10,PUT,58250,265,,,32.54,32.14,289,5,276,18,,,,,
2026/09/07 18:57,2026-09-07T19:12:44+09:00,2026/09/08,2026/10/08,2026-10,CALL,58000,8400,,,46.46,27.75,8650,18,7965,15,,,,,
2026/09/07 18:57,2026-09-07T19:12:44+09:00,2026/09/08,2026/10/08,2026-10,PUT,58000,254,,4,32.85,32.63,272,12,265,1,32.65,-3,-1.13,263,09/07 18:21
2026/09/07 18:57,2026-09-07T19:12:44+09:00,2026/09/08,2026/10/08,2026-10,CALL,57750,8635,,,47.17,29.59,8885,7,8240,1,,,,,
2026/09/07 18:57,2026-09-07T19:12:44+09:00,2026/09/08,2026/10/08,2026-10,PUT,57750,234,,,33.2,32.89,257,5,248,5,,,,,
2026/09/07 18:57,2026-09-07T19:12:44+09:00,2026/09/08,2026/10/08,2026-10,CALL,57500,8870,,,47.88,,9120,12,8320,10,,,,,
2026/09/07 18:57,2026-09-07T19:12:44+09:00,2026/09/08,2026/10/08,2026-10,PUT,57500,224,,,33.55,33.3,243,9,236,1,,,,,
2026/09/07 18:57,2026-09-07T19:12:44+09:00,2026/09/08,2026/10/08,2026-10,CALL,57250,9110,,,48.68,26,9360,7,8645,6,,,,,
2026/09/07 18:57,2026-09-07T19:12:44+09:00,2026/09/08,2026/10/08,2026-10,PUT,57250,208,,,33.94,33.43,231,5,217,18,,,,,
2026/09/07 18:57,2026-09-07T19:12:44+09:00,2026/09/08,2026/10/08,2026-10,CALL,57000,9350,,,,,,,,,,,,,
2026/09/07 18:57,2026-09-07T19:12:44+09:00,2026/09/08,2026/10/08,2026-10,PUT,57000,201,,,34.24,34.01,217,3,211,1,,,,,
2026/09/07 18:57,2026-09-07T19:12:44+09:00,2026/09/08,2026/10/08,2026-10,CALL,56750,9590,,,,,,,,,,,,,
2026/09/07 18:57,2026-09-07T19:12:44+09:00,2026/09/08,2026/10/08,2026-10,PUT,56750,187,,1,34.7,34.18,208,7,195,7,34.19,,,195,09/07 18:26
2026/09/07 18:57,2026-09-07T19:12:44+09:00,2026/09/08,2026/10/08,2026-10,CALL,56500,9830,,,,,,,,,,,,,
2026/09/07 18:57,2026-09-07T19:12:44+09:00,2026/09/08,2026/10/08,2026-10,PUT,56500,180,,,34.97,34.76,195,3,190,1,,,,,
2026/09/07 18:57,2026-09-07T19:12:44+09:00,2026/09/08,2026/10/08,2026-10,CALL,56250,10070,,,,,,,,,,,,,
2026/09/07 18:57,2026-09-07T19:12:44+09:00,2026/09/08,2026/10/08,2026-10,PUT,56250,169,,,35.52,34.86,189,8,174,24,,,,,
2026/09/07 18:57,2026-09-07T19:12:44+09:00,2026/09/08,2026/10/08,2026-10,CALL,56000,10310,,,,,,,,,,,,,
2026/09/07 18:57,2026-09-07T19:12:44+09:00,2026/09/08,2026/10/08,2026-10,PUT,56000,163,,,35.69,35.51,175,3,171,1,,,,,
2026/09/07 18:57,2026-09-07T19:12:44+09:00,2026/09/08,2026/10/08,2026-10,CALL,55750,10555,,,,,,,,,,,,,
2026/09/07 18:57,2026-09-07T19:12:44+09:00,2026/09/08,2026/10/08,2026-10,PUT,55750,152,,,36.11,35.63,167,8,157,8,,,,,
2026/09/07 18:57,2026-09-07T19:12:44+09:00,2026/09/08,2026/10/08,2026-10,CALL,55500,10795,,,,,,,,,,,,,
2026/09/07 18:57,2026-09-07T19:12:44+09:00,2026/09/08,2026/10/08,2026-10,PUT,55500,147,,,36.45,36.26,158,2,154,1,,,,,
2026/09/07 18:57,2026-09-07T19:12:44+09:00,2026/09/08,2026/10/08,2026-10,CALL,55250,11040,,,,,,,,,,,,,
2026/09/07 18:57,2026-09-07T19:12:44+09:00,2026/09/08,2026/10/08,2026-10,PUT,55250,137,,,36.93,36.31,152,2,140,30,,,,,
2026/09/07 18:57,2026-09-07T19:12:44+09:00,2026/09/08,2026/10/08,2026-10,CALL,55000,11280,,,,,,,,,,,,,
2026/09/07 18:57,2026-09-07T19:12:44+09:00,2026/09/08,2026/10/08,2026-10,PUT,55000,140,,2,37.23,37.01,143,2,139,1,37.09,2,1.43,142,09/07 18:46
2026/09/07 18:57,2026-09-07T19:12:44+09:00,2026/09/08,2026/10/08,2026-10,CALL,54750,11525,,,,,,,,,,,,,
2026/09/07 18:57,2026-09-07T19:12:44+09:00,2026/09/08,2026/10/08,2026-10,PUT,54750,133,,,37.67,37.16,137,9,128,9,,,,,
2026/09/07 18:57,2026-09-07T19:12:44+09:00,2026/09/08,2026/10/08,2026-10,CALL,54500,11770,,,,,,,,,,,,,
2026/09/07 18:57,2026-09-07T19:12:44+09:00,2026/09/08,2026/10/08,2026-10,PUT,54500,121,,,38.03,37.8,130,3,126,1,,,,,
2026/09/07 18:57,2026-09-07T19:12:44+09:00,2026/09/08,2026/10/08,2026-10,CALL,54250,12015,,,,,,,,,,,,,
2026/09/07 18:57,2026-09-07T19:12:44+09:00,2026/09/08,2026/10/08,2026-10,PUT,54250,120,,,38.56,38.01,126,10,117,10,,,,,
2026/09/07 18:57,2026-09-07T19:12:44+09:00,2026/09/08,2026/10/08,2026-10,CALL,54000,12260,,,,,,,,,,,,,
2026/09/07 18:57,2026-09-07T19:12:44+09:00,2026/09/08,2026/10/08,2026-10,PUT,54000,115,,,38.82,38.63,118,3,115,1,,,,,
2026/09/07 18:57,2026-09-07T19:12:44+09:00,2026/09/08,2026/10/08,2026-10,CALL,53750,12505,,,,,,,,,,,,,
2026/09/07 18:57,2026-09-07T19:12:44+09:00,2026/09/08,2026/10/08,2026-10,PUT,53750,104,,,39.25,38.78,113,2,106,10,,,,,
2026/09/07 18:57,2026-09-07T19:12:44+09:00,2026/09/08,2026/10/08,2026-10,CALL,53500,12750,,,,,,,,,,,,,
2026/09/07 18:57,2026-09-07T19:12:44+09:00,2026/09/08,2026/10/08,2026-10,PUT,53500,101,,,39.66,39.46,108,2,105,1,,,,,
2026/09/07 18:57,2026-09-07T19:12:44+09:00,2026/09/08,2026/10/08,2026-10,CALL,53250,12995,,,,,,,,,,,,,
2026/09/07 18:57,2026-09-07T19:12:44+09:00,2026/09/08,2026/10/08,2026-10,PUT,53250,94,,,40.13,39.7,104,9,98,9,,,,,
2026/09/07 18:57,2026-09-07T19:12:44+09:00,2026/09/08,2026/10/08,2026-10,CALL,53000,13240,,,,,,,,,,,,,
2026/09/07 18:57,2026-09-07T19:12:44+09:00,2026/09/08,2026/10/08,2026-10,PUT,53000,92,,1,40.59,40.06,100,5,93,22,40.43,0,0,97,09/07 18:19
2026/09/07 18:57,2026-09-07T19:12:44+09:00,2026/09/08,2026/10/08,2026-10,CALL,52750,13490,,,,,,,,,,,,,
2026/09/07 18:57,2026-09-07T19:12:44+09:00,2026/09/08,2026/10/08,2026-10,PUT,52750,86,,,41.03,40.32,96,8,87,29,,,,,
2026/09/07 18:57,2026-09-07T19:12:44+09:00,2026/09/08,2026/10/08,2026-10,CALL,52500,13735,,,,,,,,,,,,,
2026/09/07 18:57,2026-09-07T19:12:44+09:00,2026/09/08,2026/10/08,2026-10,PUT,52500,82,,,41.54,40.72,93,16,83,16,,,,,
2026/09/07 18:57,2026-09-07T19:12:44+09:00,2026/09/08,2026/10/08,2026-10,CALL,52250,13980,,,,,,,,,,,,,
2026/09/07 18:57,2026-09-07T19:12:44+09:00,2026/09/08,2026/10/08,2026-10,PUT,52250,80,,,41.87,41.28,88,10,81,10,,,,,
2026/09/07 18:57,2026-09-07T19:12:44+09:00,2026/09/08,2026/10/08,2026-10,CALL,52000,14225,,,,,,,,,,,,,
2026/09/07 18:57,2026-09-07T19:12:44+09:00,2026/09/08,2026/10/08,2026-10,PUT,52000,76,,,42.27,41.65,84,1,77,24,,,,,
2026/09/07 18:57,2026-09-07T19:12:44+09:00,2026/09/08,2026/10/08,2026-10,CALL,51750,14475,,,,,,,,,,,,,
2026/09/07 18:57,2026-09-07T19:12:44+09:00,2026/09/08,2026/10/08,2026-10,PUT,51750,73,,,42.91,42.01,83,14,73,31,,,,,
2026/09/07 18:57,2026-09-07T19:12:44+09:00,2026/09/08,2026/10/08,2026-10,CALL,51500,14720,,,,,,,,,,,,,
2026/09/07 18:57,2026-09-07T19:12:44+09:00,2026/09/08,2026/10/08,2026-10,PUT,51500,72,,3,43.38,42.44,80,20,70,16,43.08,-2,-2.6,75,09/07 17:11
2026/09/07 18:57,2026-09-07T19:12:44+09:00,2026/09/08,2026/10/08,2026-10,CALL,51250,14970,,,,,,,,,,,,,
2026/09/07 18:57,2026-09-07T19:12:44+09:00,2026/09/08,2026/10/08,2026-10,PUT,51250,67,,,43.84,42.96,77,13,68,10,,,,,
2026/09/07 18:57,2026-09-07T19:12:44+09:00,2026/09/08,2026/10/08,2026-10,CALL,51000,15215,,,,,,,,,,,,,
2026/09/07 18:57,2026-09-07T19:12:44+09:00,2026/09/08,2026/10/08,2026-10,PUT,51000,65,,,44.18,43.26,73,24,64,24,,,,,
2026/09/07 18:57,2026-09-07T19:12:44+09:00,2026/09/08,2026/10/08,2026-10,CALL,50750,15460,,,,,,,,,,,,,
2026/09/07 18:57,2026-09-07T19:12:44+09:00,2026/09/08,2026/10/08,2026-10,PUT,50750,62,,,44.61,43.76,70,10,62,10,,,,,
2026/09/07 18:57,2026-09-07T19:12:44+09:00,2026/09/08,2026/10/08,2026-10,CALL,50500,15710,,,,,,,,,,,,,
2026/09/07 18:57,2026-09-07T19:12:44+09:00,2026/09/08,2026/10/08,2026-10,PUT,50500,61,,,45.13,44.13,68,2,59,16,,,,,
2026/09/07 18:57,2026-09-07T19:12:44+09:00,2026/09/08,2026/10/08,2026-10,CALL,50250,15960,,,,,,,,,,,,,
2026/09/07 18:57,2026-09-07T19:12:44+09:00,2026/09/08,2026/10/08,2026-10,PUT,50250,58,,,45.53,44.49,65,2,56,14,,,,,
2026/09/07 18:57,2026-09-07T19:12:44+09:00,2026/09/08,2026/10/08,2026-10,CALL,50000,16205,,,,,,,,,,,,,
2026/09/07 18:57,2026-09-07T19:12:44+09:00,2026/09/08,2026/10/08,2026-10,PUT,50000,57,,,46.03,44.96,63,2,54,24,,,,,
2026/09/07 18:57,2026-09-07T19:12:44+09:00,2026/09/08,2026/10/08,2026-10,CALL,49750,16450,,,,,,,,,,,,,
2026/09/07 18:57,2026-09-07T19:12:44+09:00,2026/09/08,2026/10/08,2026-10,PUT,49750,54,,,46.76,44.88,63,2,48,2,,,,,
2026/09/07 18:57,2026-09-07T19:12:44+09:00,2026/09/08,2026/10/08,2026-10,CALL,49500,16700,,,,,,,,,,,,,
2026/09/07 18:57,2026-09-07T19:12:44+09:00,2026/09/08,2026/10/08,2026-10,PUT,49500,52,,,47.25,45.31,61,2,46,2,,,,,
2026/09/07 18:57,2026-09-07T19:12:44+09:00,2026/09/08,2026/10/08,2026-10,CALL,49250,16950,,,,,,,,,,,,,
2026/09/07 18:57,2026-09-07T19:12:44+09:00,2026/09/08,2026/10/08,2026-10,PUT,49250,51,,,47.74,45.72,59,2,44,2,,,,,
2026/09/07 18:57,2026-09-07T19:12:44+09:00,2026/09/08,2026/10/08,2026-10,CALL,49000,17195,,,,,,,,,,,,,
2026/09/07 18:57,2026-09-07T19:12:44+09:00,2026/09/08,2026/10/08,2026-10,PUT,49000,49,,1,47.83,46.57,54,5,45,28,47.69,0,0,53,09/07 18:35
2026/09/07 18:57,2026-09-07T19:12:44+09:00,2026/09/08,2026/10/08,2026-10,CALL,48750,17445,,,,,,,,,,,,,
2026/09/07 18:57,2026-09-07T19:12:44+09:00,2026/09/08,2026/10/08,2026-10,PUT,48750,47,,,48.68,46.5,55,2,40,2,,,,,
2026/09/07 18:57,2026-09-07T19:12:44+09:00,2026/09/08,2026/10/08,2026-10,CALL,48500,17690,,,,,,,,,,,,,
2026/09/07 18:57,2026-09-07T19:12:44+09:00,2026/09/08,2026/10/08,2026-10,PUT,48500,44,,,49.14,47.04,53,2,39,2,,,,,
2026/09/07 18:57,2026-09-07T19:12:44+09:00,2026/09/08,2026/10/08,2026-10,CALL,48250,17940,,,,,,,,,,,,,
2026/09/07 18:57,2026-09-07T19:12:44+09:00,2026/09/08,2026/10/08,2026-10,PUT,48250,43,,,49.59,47.4,51,2,37,2,,,,,
2026/09/07 18:57,2026-09-07T19:12:44+09:00,2026/09/08,2026/10/08,2026-10,CALL,48000,18190,,,,,,,,,,,,,
2026/09/07 18:57,2026-09-07T19:12:44+09:00,2026/09/08,2026/10/08,2026-10,PUT,48000,42,,,50.17,47.92,50,3,36,2,,,,,
2026/09/07 18:57,2026-09-07T19:12:44+09:00,2026/09/08,2026/10/08,2026-10,CALL,47750,18435,,,,,,,,,,,,,
2026/09/07 18:57,2026-09-07T19:12:44+09:00,2026/09/08,2026/10/08,2026-10,PUT,47750,40,,,50.61,48.25,48,2,34,2,,,,,
2026/09/07 18:57,2026-09-07T19:12:44+09:00,2026/09/08,2026/10/08,2026-10,CALL,47500,18685,,,,,,,,,,,,,
2026/09/07 18:57,2026-09-07T19:12:44+09:00,2026/09/08,2026/10/08,2026-10,PUT,47500,37,,,52.21,46.8,54,7,24,6,,,,,
2026/09/07 18:57,2026-09-07T19:12:44+09:00,2026/09/08,2026/10/08,2026-10,CALL,47250,18930,,,,,,,,,,,,,
2026/09/07 18:57,2026-09-07T19:12:44+09:00,2026/09/08,2026/10/08,2026-10,PUT,47250,36,,,52.81,46.97,53,7,22,7,,,,,
2026/09/07 18:57,2026-09-07T19:12:44+09:00,2026/09/08,2026/10/08,2026-10,CALL,47000,19180,,,,,,,,,,,,,
2026/09/07 18:57,2026-09-07T19:12:44+09:00,2026/09/08,2026/10/08,2026-10,PUT,47000,35,,,51.3,49.75,39,1,31,1,,,,,
2026/09/07 18:57,2026-09-07T19:12:44+09:00,2026/09/08,2026/10/08,2026-10,CALL,46750,19430,,,,,,,,,,,,,
2026/09/07 18:57,2026-09-07T19:12:44+09:00,2026/09/08,2026/10/08,2026-10,PUT,46750,34,,,53.85,47.48,50,7,19,7,,,,,
2026/09/07 18:57,2026-09-07T19:12:44+09:00,2026/09/08,2026/10/08,2026-10,CALL,46500,19680,,,,,,,,,,,,,
2026/09/07 18:57,2026-09-07T19:12:44+09:00,2026/09/08,2026/10/08,2026-10,PUT,46500,33,,,54.28,47.84,48,6,18,6,,,,,
2026/09/07 18:57,2026-09-07T19:12:44+09:00,2026/09/08,2026/10/08,2026-10,CALL,46250,19915,,,,,,,,,,,,,
2026/09/07 18:57,2026-09-07T19:12:44+09:00,2026/09/08,2026/10/08,2026-10,PUT,46250,21,,,54.86,47.85,47,7,16,7,,,,,
2026/09/07 18:57,2026-09-07T19:12:44+09:00,2026/09/08,2026/10/08,2026-10,CALL,46000,20165,,,,,,,,,,,,,
2026/09/07 18:57,2026-09-07T19:12:44+09:00,2026/09/08,2026/10/08,2026-10,PUT,46000,29,,,55.44,51.42,46,7,26,1,,,,,
2026/09/07 18:57,2026-09-07T19:12:44+09:00,2026/09/08,2026/10/08,2026-10,CALL,45750,20415,,,,,,,,,,,,,
2026/09/07 18:57,2026-09-07T19:12:44+09:00,2026/09/08,2026/10/08,2026-10,PUT,45750,20,,,56.01,48.45,45,7,14,7,,,,,
2026/09/07 18:57,2026-09-07T19:12:44+09:00,2026/09/08,2026/10/08,2026-10,CALL,45500,20665,,,,,,,,,,,,,
2026/09/07 18:57,2026-09-07T19:12:44+09:00,2026/09/08,2026/10/08,2026-10,PUT,45500,25,,,56.41,48.71,43,6,13,6,,,,,
2026/09/07 18:57,2026-09-07T19:12:44+09:00,2026/09/08,2026/10/08,2026-10,CALL,45250,20910,,,,,,,,,,,,,
2026/09/07 18:57,2026-09-07T19:12:44+09:00,2026/09/08,2026/10/08,2026-10,PUT,45250,18,,,56.97,48.94,42,7,12,6,,,,,
2026/09/07 18:57,2026-09-07T19:12:44+09:00,2026/09/08,2026/10/08,2026-10,CALL,45000,21160,,,,,,,,,,,,,
2026/09/07 18:57,2026-09-07T19:12:44+09:00,2026/09/08,2026/10/08,2026-10,PUT,45000,27,,1,56.75,54.24,37,33,26,1,54.75,0,0,27,09/07 18:11
2026/09/07 18:57,2026-09-07T19:12:44+09:00,2026/09/08,2026/10/08,2026-10,CALL,44750,21410,,,,,,,,,,,,,
2026/09/07 18:57,2026-09-07T19:12:44+09:00,2026/09/08,2026/10/08,2026-10,PUT,44750,24,,,56.86,52.93,34,7,19,12,,,,,
2026/09/07 18:57,2026-09-07T19:12:44+09:00,2026/09/08,2026/10/08,2026-10,CALL,44500,21660,,,,,,,,,,,,,
2026/09/07 18:57,2026-09-07T19:12:44+09:00,2026/09/08,2026/10/08,2026-10,PUT,44500,21,,,57.38,51.79,33,7,14,7,,,,,
2026/09/07 18:57,2026-09-07T19:12:44+09:00,2026/09/08,2026/10/08,2026-10,CALL,44250,21905,,,,,,,,,,,,,
2026/09/07 18:57,2026-09-07T19:12:44+09:00,2026/09/08,2026/10/08,2026-10,PUT,44250,15,,,57.89,52.05,32,7,13,7,,,,,
2026/09/07 18:57,2026-09-07T19:12:44+09:00,2026/09/08,2026/10/08,2026-10,CALL,44000,22155,,,,,,,,,,,,,
2026/09/07 18:57,2026-09-07T19:12:44+09:00,2026/09/08,2026/10/08,2026-10,PUT,44000,20,,,57.39,52.27,27,1,12,7,,,,,
2026/09/07 18:57,2026-09-07T19:12:44+09:00,2026/09/08,2026/10/08,2026-10,CALL,43750,22405,,,,,,,,,,,,,
2026/09/07 18:57,2026-09-07T19:12:44+09:00,2026/09/08,2026/10/08,2026-10,PUT,43750,14,,,58.89,52.94,30,6,12,6,,,,,
2026/09/07 18:57,2026-09-07T19:12:44+09:00,2026/09/08,2026/10/08,2026-10,CALL,43500,22655,,,,,,,,,,,,,
2026/09/07 18:57,2026-09-07T19:12:44+09:00,2026/09/08,2026/10/08,2026-10,PUT,43500,18,,,59.64,53.13,30,7,11,7,,,,,
2026/09/07 18:57,2026-09-07T19:12:44+09:00,2026/09/08,2026/10/08,2026-10,CALL,43250,22900,,,,,,,,,,,,,
2026/09/07 18:57,2026-09-07T19:12:44+09:00,2026/09/08,2026/10/08,2026-10,PUT,43250,12,,,60.13,53.27,29,7,10,7,,,,,
2026/09/07 18:57,2026-09-07T19:12:44+09:00,2026/09/08,2026/10/08,2026-10,CALL,43000,23150,,,,,,,,,,,,,
2026/09/07 18:57,2026-09-07T19:12:44+09:00,2026/09/08,2026/10/08,2026-10,PUT,43000,18,,,59.18,53.37,23,1,9,7,,,,,
2026/09/07 18:57,2026-09-07T19:12:44+09:00,2026/09/08,2026/10/08,2026-10,CALL,42750,23400,,,,,,,,,,,,,
2026/09/07 18:57,2026-09-07T19:12:44+09:00,2026/09/08,2026/10/08,2026-10,PUT,42750,11,,,61.09,53.4,27,13,8,7,,,,,
2026/09/07 18:57,2026-09-07T19:12:44+09:00,2026/09/08,2026/10/08,2026-10,CALL,42000,24145,,,,,,,,,,,,,
2026/09/07 18:57,2026-09-07T19:12:44+09:00,2026/09/08,2026/10/08,2026-10,PUT,42000,15,,,61.14,56.68,20,1,10,7,,,,,
2026/09/07 18:57,2026-09-07T19:12:44+09:00,2026/09/08,2026/10/08,2026-10,CALL,41000,25140,,,,,,,,,,,,,
2026/09/07 18:57,2026-09-07T19:12:44+09:00,2026/09/08,2026/10/08,2026-10,PUT,41000,14,,,65.17,54.49,23,7,4,7,,,,,
2026/09/07 18:57,2026-09-07T19:12:44+09:00,2026/09/08,2026/10/08,2026-10,CALL,40000,26140,,,,,,,,,,,,,
2026/09/07 18:57,2026-09-07T19:12:44+09:00,2026/09/08,2026/10/08,2026-10,PUT,40000,13,,,67.55,62.34,21,8,10,1,,,,,
2026/09/07 18:57,2026-09-07T19:12:44+09:00,2026/09/08,2026/10/08,2026-10,CALL,39000,27140,,,,,,,,,,,,,
2026/09/07 18:57,2026-09-07T19:12:44+09:00,2026/09/08,2026/10/08,2026-10,PUT,39000,11,,,68.09,65.9,15,1,11,20,,,,,
2026/09/07 18:57,2026-09-07T19:12:44+09:00,2026/09/08,2026/10/08,2026-10,CALL,38000,28135,,,,,,,,,,,,,
2026/09/07 18:57,2026-09-07T19:12:44+09:00,2026/09/08,2026/10/08,2026-10,PUT,38000,8,,,70.13,66.77,13,15,8,19,,,,,
2026/09/07 18:57,2026-09-07T19:12:44+09:00,2026/09/08,2026/10/08,2026-10,CALL,37000,29135,,,,,,,,,,,,,
2026/09/07 18:57,2026-09-07T19:12:44+09:00,2026/09/08,2026/10/08,2026-10,PUT,37000,5,,,72.02,67.9,11,15,6,15,,,,,
2026/09/07 18:57,2026-09-07T19:12:44+09:00,2026/09/08,2026/10/08,2026-10,CALL,36000,30135,,,,,,,,,,,,,
2026/09/07 18:57,2026-09-07T19:12:44+09:00,2026/09/08,2026/10/08,2026-10,PUT,36000,6,,,74.48,69.75,10,15,5,15,,,,,
2026/09/07 18:57,2026-09-07T19:12:44+09:00,2026/09/08,2026/10/08,2026-10,CALL,35000,31135,,,,,,,,,,,,,
2026/09/07 18:57,2026-09-07T19:12:44+09:00,2026/09/08,2026/10/08,2026-10,PUT,35000,6,,8,76.05,72.81,8,15,5,15,76.17,2,33.33,8,09/07 17:17
2026/09/07 18:57,2026-09-07T19:12:44+09:00,2026/09/08,2026/10/08,2026-10,CALL,34000,32130,,,,,,,,,,,,,
2026/09/07 18:57,2026-09-07T19:12:44+09:00,2026/09/08,2026/10/08,2026-10,PUT,34000,5,,2,78.31,74.47,7,60,4,42,76.2,0,0,5,09/07 18:01
2026/09/07 18:57,2026-09-07T19:12:44+09:00,2026/09/08,2026/12/10,2026-12,CALL,68500,2295,,,24.43,23.51,2240,20,2120,21,,,,,
2026/09/07 18:57,2026-09-07T19:12:44+09:00,2026/09/08,2026/12/10,2026-12,PUT,68500,4455,,,,,,,,,,,,,
2026/09/07 18:57,2026-09-07T19:12:44+09:00,2026/09/08,2026/12/10,2026-12,CALL,68250,2395,,,24.46,23.55,2335,20,2215,21,,,,,
2026/09/07 18:57,2026-09-07T19:12:44+09:00,2026/09/08,2026/12/10,2026-12,PUT,68250,4315,,,,,,,,,,,,,
2026/09/07 18:57,2026-09-07T19:12:44+09:00,2026/09/08,2026/12/10,2026-12,CALL,68000,2500,,,24.54,23.63,2440,20,2320,20,,,,,
2026/09/07 18:57,2026-09-07T19:12:44+09:00,2026/09/08,2026/12/10,2026-12,PUT,68000,4170,,,,,,,1,1,,,,,
2026/09/07 18:57,2026-09-07T19:12:44+09:00,2026/09/08,2026/12/10,2026-12,CALL,67750,2605,,,24.64,23.74,2550,20,2430,20,,,,,
2026/09/07 18:57,2026-09-07T19:12:44+09:00,2026/09/08,2026/12/10,2026-12,PUT,67750,4020,,,24.68,23.77,4300,20,4180,20,,,,,
2026/09/07 18:57,2026-09-07T19:12:44+09:00,2026/09/08,2026/12/10,2026-12,CALL,67500,2710,,,24.68,23.78,2655,20,2535,20,,,,,
2026/09/07 18:57,2026-09-07T19:12:44+09:00,2026/09/08,2026/12/10,2026-12,PUT,67500,3890,,,24.72,23.82,4155,20,4035,20,,,,,
2026/09/07 18:57,2026-09-07T19:12:44+09:00,2026/09/08,2026/12/10,2026-12,CALL,67250,2825,,,24.77,23.88,2770,20,2650,20,,,,,
2026/09/07 18:57,2026-09-07T19:12:44+09:00,2026/09/08,2026/12/10,2026-12,PUT,67250,3745,,,24.81,23.91,4020,20,3900,20,,,,,
2026/09/07 18:57,2026-09-07T19:12:44+09:00,2026/09/08,2026/12/10,2026-12,CALL,67000,2945,,,24.84,23.95,2885,20,2765,20,,,,,
2026/09/07 18:57,2026-09-07T19:12:44+09:00,2026/09/08,2026/12/10,2026-12,PUT,67000,3615,,,24.88,23.99,3885,20,3765,20,,,,,
2026/09/07 18:57,2026-09-07T19:12:44+09:00,2026/09/08,2026/12/10,2026-12,CALL,66750,3065,,,24.89,24,3000,20,2880,20,,,,,
2026/09/07 18:57,2026-09-07T19:12:44+09:00,2026/09/08,2026/12/10,2026-12,PUT,66750,3490,,,24.71,23.81,3720,20,3600,20,,,,,
2026/09/07 18:57,2026-09-07T19:12:44+09:00,2026/09/08,2026/12/10,2026-12,CALL,66500,3185,,,24.7,23.84,3085,1,2970,20,,,,,
2026/09/07 18:57,2026-09-07T19:12:44+09:00,2026/09/08,2026/12/10,2026-12,PUT,66500,3355,,,24.77,23.88,3590,20,3470,20,,,,,
2026/09/07 18:57,2026-09-07T19:12:44+09:00,2026/09/08,2026/12/10,2026-12,CALL,66250,3320,,,25.04,24.14,3245,20,3125,20,,,,,
2026/09/07 18:57,2026-09-07T19:12:44+09:00,2026/09/08,2026/12/10,2026-12,PUT,66250,3235,,,24.89,23.99,3470,20,3350,20,,,,,
2026/09/07 18:57,2026-09-07T19:12:44+09:00,2026/09/08,2026/12/10,2026-12,CALL,66000,3450,,,25.09,24.2,3370,20,3250,20,,,,,
2026/09/07 18:57,2026-09-07T19:12:44+09:00,2026/09/08,2026/12/10,2026-12,PUT,66000,3120,,,24.98,24.09,3350,20,3230,20,,,,,
2026/09/07 18:57,2026-09-07T19:12:44+09:00,2026/09/08,2026/12/10,2026-12,CALL,65750,3580,,,25.17,24.27,3500,20,3380,20,,,,,
2026/09/07 18:57,2026-09-07T19:12:44+09:00,2026/09/08,2026/12/10,2026-12,PUT,65750,3000,,,25.02,24.12,3225,20,3105,20,,,,,
2026/09/07 18:57,2026-09-07T19:12:44+09:00,2026/09/08,2026/12/10,2026-12,CALL,65500,3720,,,24.99,24.09,3600,20,3480,20,,,,,
2026/09/07 18:57,2026-09-07T19:12:44+09:00,2026/09/08,2026/12/10,2026-12,PUT,65500,2885,,,25.11,24.21,3110,20,2990,20,,,,,
2026/09/07 18:57,2026-09-07T19:12:44+09:00,2026/09/08,2026/12/10,2026-12,CALL,65250,3860,,,,,,,,,,,,,
2026/09/07 18:57,2026-09-07T19:12:44+09:00,2026/09/08,2026/12/10,2026-12,PUT,65250,2780,,,25.21,24.31,3000,20,2880,20,,,,,
2026/09/07 18:57,2026-09-07T19:12:44+09:00,2026/09/08,2026/12/10,2026-12,CALL,65000,4015,,,,,,,,,,,,,
2026/09/07 18:57,2026-09-07T19:12:44+09:00,2026/09/08,2026/12/10,2026-12,PUT,65000,2670,,,25.37,24.46,2900,20,2780,20,,,,,
2026/09/07 18:57,2026-09-07T19:12:44+09:00,2026/09/08,2026/12/10,2026-12,CALL,64750,4165,,,,,,,,,,,,,
2026/09/07 18:57,2026-09-07T19:12:44+09:00,2026/09/08,2026/12/10,2026-12,PUT,64750,2575,,,25.43,24.52,2790,20,2670,20,,,,,
2026/09/07 18:57,2026-09-07T19:12:44+09:00,2026/09/08,2026/12/10,2026-12,CALL,64500,4315,,,,,,,,,,,,,
2026/09/07 18:57,2026-09-07T19:12:44+09:00,2026/09/08,2026/12/10,2026-12,PUT,64500,2490,,,25.55,24.63,2690,20,2570,20,,,,,
2026/09/07 18:57,2026-09-07T19:12:44+09:00,2026/09/08,2026/12/10,2026-12,CALL,64250,4465,,,,,,,,,,,,,
2026/09/07 18:57,2026-09-07T19:12:44+09:00,2026/09/08,2026/12/10,2026-12,PUT,64250,2380,,,25.65,24.72,2590,20,2470,20,,,,,
2026/09/07 18:57,2026-09-07T19:12:44+09:00,2026/09/08,2026/12/10,2026-12,CALL,64000,4620,,,,,,,,,,,,,
2026/09/07 18:57,2026-09-07T19:12:44+09:00,2026/09/08,2026/12/10,2026-12,PUT,64000,2290,,,25.76,24.82,2495,20,2375,20,,,,,
2026/09/07 18:57,2026-09-07T19:12:44+09:00,2026/09/08,2026/12/10,2026-12,CALL,63750,4780,,,,,,,,,,,,,
2026/09/07 18:57,2026-09-07T19:12:44+09:00,2026/09/08,2026/12/10,2026-12,PUT,63750,2200,,,25.89,24.95,2405,20,2285,20,,,,,
2026/09/07 18:57,2026-09-07T19:12:44+09:00,2026/09/08,2026/12/10,2026-12,CALL,63500,4945,,,,,,,,,,,,,
2026/09/07 18:57,2026-09-07T19:12:44+09:00,2026/09/08,2026/12/10,2026-12,PUT,63500,2110,,,26,25.05,2315,20,2195,20,,,,,
2026/09/07 18:57,2026-09-07T19:12:44+09:00,2026/09/08,2026/12/10,2026-12,CALL,63250,5110,,,,,,,,,,,,,
2026/09/07 18:57,2026-09-07T19:12:44+09:00,2026/09/08,2026/12/10,2026-12,PUT,63250,2030,,,26.13,25.17,2230,20,2110,20,,,,,
2026/09/07 18:57,2026-09-07T19:12:44+09:00,2026/09/08,2026/12/10,2026-12,CALL,63000,5290,,,,,,,,,,,,,
2026/09/07 18:57,2026-09-07T19:12:44+09:00,2026/09/08,2026/12/10,2026-12,PUT,63000,1945,,,26.28,25.31,2150,20,2030,20,,,,,
2026/09/07 18:57,2026-09-07T19:12:44+09:00,2026/09/08,2026/12/10,2026-12,CALL,62750,5465,,,,,,,,,,,,,
2026/09/07 18:57,2026-09-07T19:12:44+09:00,2026/09/08,2026/12/10,2026-12,PUT,62750,1870,,,26.09,25.14,2030,20,1915,1,,,,,
2026/09/07 18:57,2026-09-07T19:12:44+09:00,2026/09/08,2026/12/10,2026-12,CALL,62500,5630,,,,,,,,,,,,,
2026/09/07 18:57,2026-09-07T19:12:44+09:00,2026/09/08,2026/12/10,2026-12,PUT,62500,1785,,,26.19,25.27,1950,20,1840,1,,,,,
2026/09/07 18:57,2026-09-07T19:12:44+09:00,2026/09/08,2026/12/10,2026-12,CALL,62250,5810,,,,,,,,,,,,,
2026/09/07 18:57,2026-09-07T19:12:44+09:00,2026/09/08,2026/12/10,2026-12,PUT,62250,1720,,,26.36,25.34,1880,20,1760,21,,,,,
2026/09/07 18:57,2026-09-07T19:12:44+09:00,2026/09/08,2026/12/10,2026-12,CALL,62000,5985,,,,,,,,,,,,,
2026/09/07 18:57,2026-09-07T19:12:44+09:00,2026/09/08,2026/12/10,2026-12,PUT,62000,1640,,,26.64,25.61,1825,20,1705,20,,,,,
2026/09/07 18:57,2026-09-07T19:12:44+09:00,2026/09/08,2026/12/10,2026-12,CALL,61750,6165,,,,,,,,,,,,,
2026/09/07 18:57,2026-09-07T19:12:44+09:00,2026/09/08,2026/12/10,2026-12,PUT,61750,1575,,,26.95,25.55,1775,1,1615,1,,,,,
2026/09/07 18:57,2026-09-07T19:12:44+09:00,2026/09/08,2026/12/10,2026-12,CALL,61500,6350,,,,,,,,,,,,,
2026/09/07 18:57,2026-09-07T19:12:44+09:00,2026/09/08,2026/12/10,2026-12,PUT,61500,1510,,,27.07,25.69,1705,1,1550,1,,,,,
2026/09/07 18:57,2026-09-07T19:12:44+09:00,2026/09/08,2026/12/10,2026-12,CALL,61250,6535,,,,,,,,,,,,,
2026/09/07 18:57,2026-09-07T19:12:44+09:00,2026/09/08,2026/12/10,2026-12,PUT,61250,1445,,,27.21,25.77,1640,1,1480,1,,,,,
2026/09/07 18:57,2026-09-07T19:12:44+09:00,2026/09/08,2026/12/10,2026-12,CALL,61000,6740,,,,,,,1,10,,,,,
2026/09/07 18:57,2026-09-07T19:12:44+09:00,2026/09/08,2026/12/10,2026-12,PUT,61000,1405,,,27.33,25.91,1575,1,1420,1,,,,,
2026/09/07 18:57,2026-09-07T19:12:44+09:00,2026/09/08,2026/12/10,2026-12,CALL,60750,6915,,,,,,,1,10,,,,,
2026/09/07 18:57,2026-09-07T19:12:44+09:00,2026/09/08,2026/12/10,2026-12,PUT,60750,1330,,,27.48,26.03,1515,1,1360,1,,,,,
2026/09/07 18:57,2026-09-07T19:12:44+09:00,2026/09/08,2026/12/10,2026-12,CALL,60500,7110,,,,,,,1,10,,,,,
2026/09/07 18:57,2026-09-07T19:12:44+09:00,2026/09/08,2026/12/10,2026-12,PUT,60500,1275,,,27.62,26.14,1455,1,1300,1,,,,,
2026/09/07 18:57,2026-09-07T19:12:44+09:00,2026/09/08,2026/12/10,2026-12,CALL,60250,7310,,,,,,,,,,,,,
2026/09/07 18:57,2026-09-07T19:12:44+09:00,2026/09/08,2026/12/10,2026-12,PUT,60250,1225,,,27.78,26.27,1400,1,1245,1,,,,,
2026/09/07 18:57,2026-09-07T19:12:44+09:00,2026/09/08,2026/12/10,2026-12,CALL,60000,7540,,,,,,,,,,,,,
2026/09/07 18:57,2026-09-07T19:12:44+09:00,2026/09/08,2026/12/10,2026-12,PUT,60000,1220,,,27.92,26.78,1345,1,1230,1,,,,,
2026/09/07 18:57,2026-09-07T19:12:44+09:00,2026/09/08,2026/12/10,2026-12,CALL,59750,7710,,,,,,,,,,,,,
2026/09/07 18:57,2026-09-07T19:12:44+09:00,2026/09/08,2026/12/10,2026-12,PUT,59750,1125,,,28.09,26.52,1295,1,1140,1,,,,,
2026/09/07 18:57,2026-09-07T19:12:44+09:00,2026/09/08,2026/12/10,2026-12,CALL,59500,7910,,,,,,,,,,,,,
2026/09/07 18:57,2026-09-07T19:12:44+09:00,2026/09/08,2026/12/10,2026-12,PUT,59500,1075,,,28.25,26.65,1245,1,1090,1,,,,,
2026/09/07 18:57,2026-09-07T19:12:44+09:00,2026/09/08,2026/12/10,2026-12,CALL,59250,8115,,,,,,,,,,,,,
2026/09/07 18:57,2026-09-07T19:12:44+09:00,2026/09/08,2026/12/10,2026-12,PUT,59250,1035,,,28.44,26.81,1200,1,1045,1,,,,,
2026/09/07 18:57,2026-09-07T19:12:44+09:00,2026/09/08,2026/12/10,2026-12,CALL,59000,8320,,,,,,,,,,,,,
2026/09/07 18:57,2026-09-07T19:12:44+09:00,2026/09/08,2026/12/10,2026-12,PUT,59000,1005,,,28.62,26.95,1155,1,1000,1,,,,,
2026/09/07 18:57,2026-09-07T19:12:44+09:00,2026/09/08,2026/12/10,2026-12,CALL,58750,8530,,,,,,,,,,,,,
2026/09/07 18:57,2026-09-07T19:12:44+09:00,2026/09/08,2026/12/10,2026-12,PUT,58750,950,,,28.78,27.07,1110,1,955,1,,,,,
2026/09/07 18:57,2026-09-07T19:12:44+09:00,2026/09/08,2026/12/10,2026-12,CALL,58500,8725,,,,,,,,,,,,,
2026/09/07 18:57,2026-09-07T19:12:44+09:00,2026/09/08,2026/12/10,2026-12,PUT,58500,895,,,28.98,27.23,1070,1,915,1,,,,,
2026/09/07 18:57,2026-09-07T19:12:44+09:00,2026/09/08,2026/12/10,2026-12,CALL,58250,8935,,,,,,,,,,,,,
2026/09/07 18:57,2026-09-07T19:12:44+09:00,2026/09/08,2026/12/10,2026-12,PUT,58250,855,,,29.16,27.37,1030,1,875,1,,,,,
2026/09/07 18:57,2026-09-07T19:12:44+09:00,2026/09/08,2026/12/10,2026-12,CALL,58000,9150,,,,,,,,,,,,,
2026/09/07 18:57,2026-09-07T19:12:44+09:00,2026/09/08,2026/12/10,2026-12,PUT,58000,825,,,29.33,27.49,990,1,835,1,,,,,
2026/09/07 18:57,2026-09-07T19:12:44+09:00,2026/09/08,2026/12/10,2026-12,CALL,57750,9385,,,,,,,,,,,,,
2026/09/07 18:57,2026-09-07T19:12:44+09:00,2026/09/08,2026/12/10,2026-12,PUT,57750,810,,,29.54,27.65,955,1,800,1,,,,,
2026/09/07 18:57,2026-09-07T19:12:44+09:00,2026/09/08,2026/12/10,2026-12,CALL,57500,9600,,,,,,,,,,,,,
2026/09/07 18:57,2026-09-07T19:12:44+09:00,2026/09/08,2026/12/10,2026-12,PUT,57500,775,,,29.73,27.8,920,1,765,1,,,,,
2026/09/07 18:57,2026-09-07T19:12:44+09:00,2026/09/08,2026/12/10,2026-12,CALL,57250,9810,,,,,,,,,,,,,
2026/09/07 18:57,2026-09-07T19:12:44+09:00,2026/09/08,2026/12/10,2026-12,PUT,57250,740,,,29.98,28,890,1,735,1,,,,,
2026/09/07 18:57,2026-09-07T19:12:44+09:00,2026/09/08,2026/12/10,2026-12,CALL,57000,10055,,,,,,,,,,,,,
2026/09/07 18:57,2026-09-07T19:12:44+09:00,2026/09/08,2026/12/10,2026-12,PUT,57000,730,,,29.76,28.58,825,1,735,1,,,,,
2026/09/07 18:57,2026-09-07T19:12:44+09:00,2026/09/08,2026/12/10,2026-12,CALL,56750,10260,,,,,,,,,,,,,
2026/09/07 18:57,2026-09-07T19:12:44+09:00,2026/09/08,2026/12/10,2026-12,PUT,56750,690,,,29.97,28.76,795,1,705,1,,,,,
2026/09/07 18:57,2026-09-07T19:12:44+09:00,2026/09/08,2026/12/10,2026-12,CALL,56500,10475,,,,,,,,,,,,,
2026/09/07 18:57,2026-09-07T19:12:44+09:00,2026/09/08,2026/12/10,2026-12,PUT,56500,655,,,30.23,28.92,770,1,675,1,,,,,
2026/09/07 18:57,2026-09-07T19:12:44+09:00,2026/09/08,2026/12/10,2026-12,CALL,56250,10700,,,,,,,,,,,,,
2026/09/07 18:57,2026-09-07T19:12:44+09:00,2026/09/08,2026/12/10,2026-12,PUT,56250,630,,,30.41,29.07,740,1,645,1,,,,,
2026/09/07 18:57,2026-09-07T19:12:44+09:00,2026/09/08,2026/12/10,2026-12,CALL,56000,10945,,,,,,,,,,,,,
2026/09/07 18:57,2026-09-07T19:12:44+09:00,2026/09/08,2026/12/10,2026-12,PUT,56000,625,,,30.64,29.27,715,1,620,1,,,,,
2026/09/07 18:57,2026-09-07T19:12:44+09:00,2026/09/08,2026/12/10,2026-12,CALL,55750,11155,,,,,,,,,,,,,
2026/09/07 18:57,2026-09-07T19:12:44+09:00,2026/09/08,2026/12/10,2026-12,PUT,55750,590,,,30.87,29.45,690,1,595,1,,,,,
2026/09/07 18:57,2026-09-07T19:12:44+09:00,2026/09/08,2026/12/10,2026-12,CALL,55500,11400,,,,,,,,,,,,,
2026/09/07 18:57,2026-09-07T19:12:44+09:00,2026/09/08,2026/12/10,2026-12,PUT,55500,585,,,31.08,29.63,665,1,570,1,,,,,
2026/09/07 18:57,2026-09-07T19:12:44+09:00,2026/09/08,2026/12/10,2026-12,CALL,55250,11620,,,,,,,,,,,,,
2026/09/07 18:57,2026-09-07T19:12:44+09:00,2026/09/08,2026/12/10,2026-12,PUT,55250,555,,,31.27,29.86,640,1,550,1,,,,,
2026/09/07 18:57,2026-09-07T19:12:44+09:00,2026/09/08,2026/12/10,2026-12,CALL,55000,11850,,,,,,,,,,,,,
2026/09/07 18:57,2026-09-07T19:12:44+09:00,2026/09/08,2026/12/10,2026-12,PUT,55000,540,,,31.54,30.01,620,1,525,1,,,,,
2026/09/07 18:57,2026-09-07T19:12:44+09:00,2026/09/08,2026/12/10,2026-12,CALL,54750,12070,,,,,,,,,,,,,
2026/09/07 18:57,2026-09-07T19:12:44+09:00,2026/09/08,2026/12/10,2026-12,PUT,54750,510,,,31.79,30.22,600,1,505,1,,,,,
2026/09/07 18:57,2026-09-07T19:12:44+09:00,2026/09/08,2026/12/10,2026-12,CALL,54500,12315,,,,,,,,,,,,,
2026/09/07 18:57,2026-09-07T19:12:44+09:00,2026/09/08,2026/12/10,2026-12,PUT,54500,505,,,32.03,30.42,580,1,485,1,,,,,
2026/09/07 18:57,2026-09-07T19:12:44+09:00,2026/09/08,2026/12/10,2026-12,CALL,54250,12545,,,,,,,,,,,,,
2026/09/07 18:57,2026-09-07T19:12:44+09:00,2026/09/08,2026/12/10,2026-12,PUT,54250,485,,,32.26,30.69,560,1,470,1,,,,,
2026/09/07 18:57,2026-09-07T19:12:44+09:00,2026/09/08,2026/12/10,2026-12,CALL,54000,12775,,,,,,,,,,,,,
2026/09/07 18:57,2026-09-07T19:12:44+09:00,2026/09/08,2026/12/10,2026-12,PUT,54000,470,,,32.48,30.87,540,1,450,1,,,,,
2026/09/07 18:57,2026-09-07T19:12:44+09:00,2026/09/08,2026/12/10,2026-12,CALL,53750,13010,,,,,,,,,,,,,
2026/09/07 18:57,2026-09-07T19:12:44+09:00,2026/09/08,2026/12/10,2026-12,PUT,53750,455,,,32.77,31.03,525,1,430,1,,,,,
2026/09/07 18:57,2026-09-07T19:12:44+09:00,2026/09/08,2026/12/10,2026-12,CALL,53500,13250,,,,,,,,,,,,,
2026/09/07 18:57,2026-09-07T19:12:44+09:00,2026/09/08,2026/12/10,2026-12,PUT,53500,440,,,33.06,31.27,510,1,415,1,,,,,
2026/09/07 18:57,2026-09-07T19:12:44+09:00,2026/09/08,2026/12/10,2026-12,CALL,53250,13485,,,,,,,,,,,,,
2026/09/07 18:57,2026-09-07T19:12:44+09:00,2026/09/08,2026/12/10,2026-12,PUT,53250,425,,,33.24,31.5,490,1,400,1,,,,,
2026/09/07 18:57,2026-09-07T19:12:44+09:00,2026/09/08,2026/12/10,2026-12,CALL,53000,13720,,,,,,,,,,,,,
2026/09/07 18:57,2026-09-07T19:12:44+09:00,2026/09/08,2026/12/10,2026-12,PUT,53000,420,,85,33.13,32.44,455,9,420,9,33.1,-45,-9.09,450,09/07 18:21
