qri_update_time,collected_at,trading_day,last_trading_day,contract,option_type,strike,settlement,open_interest,volume,ask_iv,bid_iv,ask_price,ask_quantity,bid_price,bid_quantity,iv,change,change_percent,last_price,trade_time
2026/09/09 18:54,2026-09-09T19:09:07+09:00,2026/09/10,2026/09/10,2026-09,CALL,73500,1,,2,56.22,,1,224,,,53.34,,,1,09/09 17:03
2026/09/09 18:54,2026-09-09T19:09:07+09:00,2026/09/10,2026/09/10,2026-09,PUT,73500,8240,,,,,,,,,,,,,
2026/09/09 18:54,2026-09-09T19:09:07+09:00,2026/09/10,2026/09/10,2026-09,CALL,73375,1,,,55.53,,1,5,,,,,,,
2026/09/09 18:54,2026-09-09T19:09:07+09:00,2026/09/10,2026/09/10,2026-09,PUT,73375,8115,,,,,,,,,,,,,
2026/09/09 18:54,2026-09-09T19:09:07+09:00,2026/09/10,2026/09/10,2026-09,CALL,73250,1,,,54.84,,1,104,,,,,,,
2026/09/09 18:54,2026-09-09T19:09:07+09:00,2026/09/10,2026/09/10,2026-09,PUT,73250,7990,,,,,,,,,,,,,
2026/09/09 18:54,2026-09-09T19:09:07+09:00,2026/09/10,2026/09/10,2026-09,CALL,73125,1,,,54.14,,1,5,,,,,,,
2026/09/09 18:54,2026-09-09T19:09:07+09:00,2026/09/10,2026/09/10,2026-09,PUT,73125,7865,,,,,,,,,,,,,
2026/09/09 18:54,2026-09-09T19:09:07+09:00,2026/09/10,2026/09/10,2026-09,CALL,73000,1,,,53.45,,1,254,,,,,,,
2026/09/09 18:54,2026-09-09T19:09:07+09:00,2026/09/10,2026/09/10,2026-09,PUT,73000,7740,,,,,,,,,,,,,
2026/09/09 18:54,2026-09-09T19:09:07+09:00,2026/09/10,2026/09/10,2026-09,CALL,72875,1,,,52.75,,1,5,,,,,,,
2026/09/09 18:54,2026-09-09T19:09:07+09:00,2026/09/10,2026/09/10,2026-09,PUT,72875,7615,,,,,,,,,,,,,
2026/09/09 18:54,2026-09-09T19:09:07+09:00,2026/09/10,2026/09/10,2026-09,CALL,72750,1,,,52.04,,1,165,,,,,,,
2026/09/09 18:54,2026-09-09T19:09:07+09:00,2026/09/10,2026/09/10,2026-09,PUT,72750,7490,,,,,,,,,,,,,
2026/09/09 18:54,2026-09-09T19:09:07+09:00,2026/09/10,2026/09/10,2026-09,CALL,72625,1,,,51.34,,1,5,,,,,,,
2026/09/09 18:54,2026-09-09T19:09:07+09:00,2026/09/10,2026/09/10,2026-09,PUT,72625,7365,,,,,,,,,,,,,
2026/09/09 18:54,2026-09-09T19:09:07+09:00,2026/09/10,2026/09/10,2026-09,CALL,72500,1,,,50.63,,1,238,,,,,,,
2026/09/09 18:54,2026-09-09T19:09:07+09:00,2026/09/10,2026/09/10,2026-09,PUT,72500,7240,,,,,,,,,,,,,
2026/09/09 18:54,2026-09-09T19:09:07+09:00,2026/09/10,2026/09/10,2026-09,CALL,72375,1,,,49.93,,1,5,,,,,,,
2026/09/09 18:54,2026-09-09T19:09:07+09:00,2026/09/10,2026/09/10,2026-09,PUT,72375,7115,,,,,,,,,,,,,
2026/09/09 18:54,2026-09-09T19:09:07+09:00,2026/09/10,2026/09/10,2026-09,CALL,72250,1,,,49.22,,1,205,,,,,,,
2026/09/09 18:54,2026-09-09T19:09:07+09:00,2026/09/10,2026/09/10,2026-09,PUT,72250,6990,,,,,,,,,,,,,
2026/09/09 18:54,2026-09-09T19:09:07+09:00,2026/09/10,2026/09/10,2026-09,CALL,72125,1,,,48.5,,1,5,,,,,,,
2026/09/09 18:54,2026-09-09T19:09:07+09:00,2026/09/10,2026/09/10,2026-09,PUT,72125,6865,,,,,,,,,,,,,
2026/09/09 18:54,2026-09-09T19:09:07+09:00,2026/09/10,2026/09/10,2026-09,CALL,72000,1,,2,47.79,,1,277,,,44.58,0,0,1,09/09 17:05
2026/09/09 18:54,2026-09-09T19:09:07+09:00,2026/09/10,2026/09/10,2026-09,PUT,72000,6740,,,,,,,,,,,,,
2026/09/09 18:54,2026-09-09T19:09:07+09:00,2026/09/10,2026/09/10,2026-09,CALL,71875,1,,,60.66,,11,14,,,,,,,
2026/09/09 18:54,2026-09-09T19:09:07+09:00,2026/09/10,2026/09/10,2026-09,PUT,71875,6615,,,,,,,,,,,,,
2026/09/09 18:54,2026-09-09T19:09:07+09:00,2026/09/10,2026/09/10,2026-09,CALL,71750,1,,,46.35,,1,99,,,,,,,
2026/09/09 18:54,2026-09-09T19:09:07+09:00,2026/09/10,2026/09/10,2026-09,PUT,71750,6490,,,,,,,,,,,,,
2026/09/09 18:54,2026-09-09T19:09:07+09:00,2026/09/10,2026/09/10,2026-09,CALL,71625,1,,,58.18,,10,14,,,,,,,
2026/09/09 18:54,2026-09-09T19:09:07+09:00,2026/09/10,2026/09/10,2026-09,PUT,71625,6365,,,,,,,,,,,,,
2026/09/09 18:54,2026-09-09T19:09:07+09:00,2026/09/10,2026/09/10,2026-09,CALL,71500,1,,8,44.91,,1,146,,,41.65,0,0,1,09/09 17:34
2026/09/09 18:54,2026-09-09T19:09:07+09:00,2026/09/10,2026/09/10,2026-09,PUT,71500,6245,,,,,,,,,,,,,
2026/09/09 18:54,2026-09-09T19:09:07+09:00,2026/09/10,2026/09/10,2026-09,CALL,71375,1,,,57.11,,11,14,,,,,,,
2026/09/09 18:54,2026-09-09T19:09:07+09:00,2026/09/10,2026/09/10,2026-09,PUT,71375,6120,,,,,,,,,,,,,
2026/09/09 18:54,2026-09-09T19:09:07+09:00,2026/09/10,2026/09/10,2026-09,CALL,71250,1,,2,43.45,,1,140,,,40.8,0,0,1,09/09 17:00
2026/09/09 18:54,2026-09-09T19:09:07+09:00,2026/09/10,2026/09/10,2026-09,PUT,71250,5995,,,,,,,3,10,,,,,
2026/09/09 18:54,2026-09-09T19:09:07+09:00,2026/09/10,2026/09/10,2026-09,CALL,71125,1,,,55.32,,11,14,,,,,,,
2026/09/09 18:54,2026-09-09T19:09:07+09:00,2026/09/10,2026/09/10,2026-09,PUT,71125,5870,,,,,,,,,,,,,
2026/09/09 18:54,2026-09-09T19:09:07+09:00,2026/09/10,2026/09/10,2026-09,CALL,71000,1,,6,41.99,,1,260,,,39.1,0,0,1,09/09 17:36
2026/09/09 18:54,2026-09-09T19:09:07+09:00,2026/09/10,2026/09/10,2026-09,PUT,71000,5745,,,,,,,3,10,,,,,
2026/09/09 18:54,2026-09-09T19:09:07+09:00,2026/09/10,2026/09/10,2026-09,CALL,70875,2,,,53.51,,11,14,,,,,,,
2026/09/09 18:54,2026-09-09T19:09:07+09:00,2026/09/10,2026/09/10,2026-09,PUT,70875,5620,,,,,,,,,,,,,
2026/09/09 18:54,2026-09-09T19:09:07+09:00,2026/09/10,2026/09/10,2026-09,CALL,70750,1,,,40.52,,1,30,,,,,,,
2026/09/09 18:54,2026-09-09T19:09:07+09:00,2026/09/10,2026/09/10,2026-09,PUT,70750,5495,,,,,,,3,10,,,,,
2026/09/09 18:54,2026-09-09T19:09:07+09:00,2026/09/10,2026/09/10,2026-09,CALL,70625,2,,,51.69,,11,14,,,,,,,
2026/09/09 18:54,2026-09-09T19:09:07+09:00,2026/09/10,2026/09/10,2026-09,PUT,70625,5370,,,,,,,,,,,,,
2026/09/09 18:54,2026-09-09T19:09:07+09:00,2026/09/10,2026/09/10,2026-09,CALL,70500,1,,1,39.03,,1,101,,,37.11,0,0,1,09/09 18:28
2026/09/09 18:54,2026-09-09T19:09:07+09:00,2026/09/10,2026/09/10,2026-09,PUT,70500,5245,,,,,,,3,10,,,,,
2026/09/09 18:54,2026-09-09T19:09:07+09:00,2026/09/10,2026/09/10,2026-09,CALL,70375,2,,,42.66,,3,18,,,,,,,
2026/09/09 18:54,2026-09-09T19:09:07+09:00,2026/09/10,2026/09/10,2026-09,PUT,70375,5120,,,,,,,,,,,,,
2026/09/09 18:54,2026-09-09T19:09:07+09:00,2026/09/10,2026/09/10,2026-09,CALL,70250,2,,,40.11,,2,5,,,,,,,
2026/09/09 18:54,2026-09-09T19:09:07+09:00,2026/09/10,2026/09/10,2026-09,PUT,70250,4995,,,91.43,,5705,1,4925,1,,,,,
2026/09/09 18:54,2026-09-09T19:09:07+09:00,2026/09/10,2026/09/10,2026-09,CALL,70125,2,,3,39.32,,2,4,,,33.64,-3,-75,1,09/09 18:03
2026/09/09 18:54,2026-09-09T19:09:07+09:00,2026/09/10,2026/09/10,2026-09,PUT,70125,4870,,,90.02,,5580,2,4800,2,,,,,
2026/09/09 18:54,2026-09-09T19:09:07+09:00,2026/09/10,2026/09/10,2026-09,CALL,70000,2,,8,38.52,36.03,2,115,1,128,35.05,-1,-50,1,09/09 18:39
2026/09/09 18:54,2026-09-09T19:09:07+09:00,2026/09/10,2026/09/10,2026-09,PUT,70000,4745,,,88.6,,5455,4,4675,4,,,,,
2026/09/09 18:54,2026-09-09T19:09:07+09:00,2026/09/10,2026/09/10,2026-09,CALL,69875,4,,,44.89,35.28,9,14,1,1,,,,,
2026/09/09 18:54,2026-09-09T19:09:07+09:00,2026/09/10,2026/09/10,2026-09,PUT,69875,4620,,,86.17,,5320,2,4550,2,,,,,
2026/09/09 18:54,2026-09-09T19:09:07+09:00,2026/09/10,2026/09/10,2026-09,CALL,69750,4,,1,39.79,34.52,4,22,1,80,34.05,-1,-33.33,2,09/09 17:27
2026/09/09 18:54,2026-09-09T19:09:07+09:00,2026/09/10,2026/09/10,2026-09,PUT,69750,4495,,,84.74,,5195,1,4425,1,,,,,
2026/09/09 18:54,2026-09-09T19:09:07+09:00,2026/09/10,2026/09/10,2026-09,CALL,69625,4,,2,39.97,33.76,5,18,1,5,35.69,-1,-33.33,2,09/09 18:52
2026/09/09 18:54,2026-09-09T19:09:07+09:00,2026/09/10,2026/09/10,2026-09,PUT,69625,4370,,,84.29,,5080,2,4300,2,,,,,
2026/09/09 18:54,2026-09-09T19:09:07+09:00,2026/09/10,2026/09/10,2026-09,CALL,69500,5,,9,36.86,35.3,3,1,2,31,33.02,-3,-60,2,09/09 18:20
2026/09/09 18:54,2026-09-09T19:09:07+09:00,2026/09/10,2026/09/10,2026-09,PUT,69500,4250,,,82.83,,4955,1,4175,1,,,,,
2026/09/09 18:54,2026-09-09T19:09:07+09:00,2026/09/10,2026/09/10,2026-09,CALL,69375,6,,,40.54,32.22,8,18,1,5,,,,,
2026/09/09 18:54,2026-09-09T19:09:07+09:00,2026/09/10,2026/09/10,2026-09,PUT,69375,4125,,,81.37,,4830,2,4050,2,,,,,
2026/09/09 18:54,2026-09-09T19:09:07+09:00,2026/09/10,2026/09/10,2026-09,CALL,69250,6,,,36.34,33.67,4,22,2,55,,,,,
2026/09/09 18:54,2026-09-09T19:09:07+09:00,2026/09/10,2026/09/10,2026-09,PUT,69250,4000,,,79.89,,4705,1,3925,1,,,,,
2026/09/09 18:54,2026-09-09T19:09:07+09:00,2026/09/10,2026/09/10,2026-09,CALL,69125,6,,1,37.26,,6,33,,,33.45,-3,-50,3,09/09 18:40
2026/09/09 18:54,2026-09-09T19:09:07+09:00,2026/09/10,2026/09/10,2026-09,PUT,69125,3875,,,77.94,,4575,2,3800,2,,,,,
2026/09/09 18:54,2026-09-09T19:09:07+09:00,2026/09/10,2026/09/10,2026-09,CALL,69000,8,,77,35.54,34.6,5,19,4,2,34.45,-4,-50,4,09/09 18:53
2026/09/09 18:54,2026-09-09T19:09:07+09:00,2026/09/10,2026/09/10,2026-09,PUT,69000,3750,,,77.38,,4460,4,3680,4,,,,,
2026/09/09 18:54,2026-09-09T19:09:07+09:00,2026/09/10,2026/09/10,2026-09,CALL,68875,11,,,38.46,,11,33,,,,,,,
2026/09/09 18:54,2026-09-09T19:09:07+09:00,2026/09/10,2026/09/10,2026-09,PUT,68875,3630,,,75.86,,4335,2,3555,2,,,,,
2026/09/09 18:54,2026-09-09T19:09:07+09:00,2026/09/10,2026/09/10,2026-09,CALL,68750,10,,14,35.85,32.83,8,37,4,42,33.29,-2,-20,8,09/09 18:21
2026/09/09 18:54,2026-09-09T19:09:07+09:00,2026/09/10,2026/09/10,2026-09,PUT,68750,3505,,,74.79,,4215,1,3430,1,,,,,
2026/09/09 18:54,2026-09-09T19:09:07+09:00,2026/09/10,2026/09/10,2026-09,CALL,68625,13,,,36.97,29.54,12,32,2,33,,,,,
2026/09/09 18:54,2026-09-09T19:09:07+09:00,2026/09/10,2026/09/10,2026-09,PUT,68625,3385,,,55.28,,3920,2,3135,2,,,,,
2026/09/09 18:54,2026-09-09T19:09:07+09:00,2026/09/10,2026/09/10,2026-09,CALL,68500,15,,17,34.5,33.33,9,1,7,8,32.54,-5,-33.33,10,09/09 18:27
2026/09/09 18:54,2026-09-09T19:09:07+09:00,2026/09/10,2026/09/10,2026-09,PUT,68500,3260,,,56.52,,3815,1,3105,1,,,,,
2026/09/09 18:54,2026-09-09T19:09:07+09:00,2026/09/10,2026/09/10,2026-09,CALL,68375,24,,,35.38,32.98,13,35,8,18,,,,,
2026/09/09 18:54,2026-09-09T19:09:07+09:00,2026/09/10,2026/09/10,2026-09,PUT,68375,3140,,,52.63,,3670,2,3090,2,,,,,
2026/09/09 18:54,2026-09-09T19:09:07+09:00,2026/09/10,2026/09/10,2026-09,CALL,68250,27,,14,35.14,33.04,15,24,10,5,34.34,-6,-28.57,15,09/09 18:45
2026/09/09 18:54,2026-09-09T19:09:07+09:00,2026/09/10,2026/09/10,2026-09,PUT,68250,3020,,,52.56,,3555,1,3270,1,,,,,
2026/09/09 18:54,2026-09-09T19:09:07+09:00,2026/09/10,2026/09/10,2026-09,CALL,68125,23,,20,36.05,32.93,21,20,12,17,33.03,-8,-34.78,15,09/09 18:40
2026/09/09 18:54,2026-09-09T19:09:07+09:00,2026/09/10,2026/09/10,2026-09,PUT,68125,2900,,,38.42,,3350,3,3150,8,,,,,
2026/09/09 18:54,2026-09-09T19:09:07+09:00,2026/09/10,2026/09/10,2026-09,CALL,68000,31,,40,34.05,33.39,18,12,16,1,33.36,-13,-41.94,18,09/09 18:51
2026/09/09 18:54,2026-09-09T19:09:07+09:00,2026/09/10,2026/09/10,2026-09,PUT,68000,2775,,,55.3,,3355,7,2655,4,,,,,
2026/09/09 18:54,2026-09-09T19:09:07+09:00,2026/09/10,2026/09/10,2026-09,CALL,67875,37,,,35.65,32.32,28,3,16,3,,,,,
2026/09/09 18:54,2026-09-09T19:09:07+09:00,2026/09/10,2026/09/10,2026-09,PUT,67875,2660,,,46.59,,3165,3,2910,8,,,,,
2026/09/09 18:54,2026-09-09T19:09:07+09:00,2026/09/10,2026/09/10,2026-09,CALL,67750,42,,,35.18,31.57,31,24,17,26,,,,,
2026/09/09 18:54,2026-09-09T19:09:07+09:00,2026/09/10,2026/09/10,2026-09,PUT,67750,2545,,,54.25,,3125,2,2795,8,,,,,
2026/09/09 18:54,2026-09-09T19:09:07+09:00,2026/09/10,2026/09/10,2026-09,CALL,67625,50,,,37.55,30.17,50,18,16,3,,,,,
2026/09/09 18:54,2026-09-09T19:09:07+09:00,2026/09/10,2026/09/10,2026-09,PUT,67625,2420,,,60.45,,3090,8,2670,8,,,,,
2026/09/09 18:54,2026-09-09T19:09:07+09:00,2026/09/10,2026/09/10,2026-09,CALL,67500,59,,13,33.43,32.82,34,1,31,1,31.51,-6,-12.5,42,09/09 18:20
2026/09/09 18:54,2026-09-09T19:09:07+09:00,2026/09/10,2026/09/10,2026-09,PUT,67500,2310,,,59.97,,2980,13,2560,13,,,,,
2026/09/09 18:54,2026-09-09T19:09:07+09:00,2026/09/10,2026/09/10,2026-09,CALL,67375,68,,,33.51,31.21,41,4,29,15,,,,,
2026/09/09 18:54,2026-09-09T19:09:07+09:00,2026/09/10,2026/09/10,2026-09,PUT,67375,2195,,,58.65,,2860,7,2445,8,,,,,
2026/09/09 18:54,2026-09-09T19:09:07+09:00,2026/09/10,2026/09/10,2026-09,CALL,67250,75,,4,33.4,32.25,48,5,41,3,32.1,-27,-36,48,09/09 18:40
2026/09/09 18:54,2026-09-09T19:09:07+09:00,2026/09/10,2026/09/10,2026-09,PUT,67250,2080,,,50.16,,2650,7,2330,8,,,,,
2026/09/09 18:54,2026-09-09T19:09:07+09:00,2026/09/10,2026/09/10,2026-09,CALL,67125,91,,5,33.15,31.95,55,17,47,14,32.08,-29,-35.37,53,09/09 18:41
2026/09/09 18:54,2026-09-09T19:09:07+09:00,2026/09/10,2026/09/10,2026-09,PUT,67125,1970,,,46.83,,2505,3,2170,8,,,,,
2026/09/09 18:54,2026-09-09T19:09:07+09:00,2026/09/10,2026/09/10,2026-09,CALL,67000,98,,132,33.15,32.09,65,9,57,5,31.86,-41,-41.84,57,09/09 18:53
2026/09/09 18:54,2026-09-09T19:09:07+09:00,2026/09/10,2026/09/10,2026-09,PUT,67000,1885,,1,54.86,,2505,20,2115,4,31.97,-140,-6.83,1910,09/09 18:14
2026/09/09 18:54,2026-09-09T19:09:07+09:00,2026/09/10,2026/09/10,2026-09,CALL,66875,121,,1,32.75,31.51,73,3,63,3,32.67,-138,-63.59,79,09/09 18:42
2026/09/09 18:54,2026-09-09T19:09:07+09:00,2026/09/10,2026/09/10,2026-09,PUT,66875,1750,,,41.85,,2235,3,1950,8,,,,,
2026/09/09 18:54,2026-09-09T19:09:07+09:00,2026/09/10,2026/09/10,2026-09,CALL,66750,129,,7,32.67,31.55,85,4,75,3,30.89,-39,-30.23,90,09/09 18:36
2026/09/09 18:54,2026-09-09T19:09:07+09:00,2026/09/10,2026/09/10,2026-09,PUT,66750,1660,,,37.59,,2080,2,1865,1,,,,,
2026/09/09 18:54,2026-09-09T19:09:07+09:00,2026/09/10,2026/09/10,2026-09,CALL,66625,157,,10,32.42,31.29,97,2,86,3,32.37,-77,-42.31,105,09/09 18:48
2026/09/09 18:54,2026-09-09T19:09:07+09:00,2026/09/10,2026/09/10,2026-09,PUT,66625,1545,,,44.74,,2065,3,1745,8,,,,,
2026/09/09 18:54,2026-09-09T19:09:07+09:00,2026/09/10,2026/09/10,2026-09,CALL,66500,176,,19,32.31,31.65,112,2,105,1,31.39,-49,-31.82,105,09/09 18:53
2026/09/09 18:54,2026-09-09T19:09:07+09:00,2026/09/10,2026/09/10,2026-09,PUT,66500,1575,,,29.68,20.9,1780,4,1715,15,,,,,
2026/09/09 18:54,2026-09-09T19:09:07+09:00,2026/09/10,2026/09/10,2026-09,CALL,66375,204,,25,32.37,31.06,131,2,116,12,30.52,-165,-54.1,140,09/09 18:36
2026/09/09 18:54,2026-09-09T19:09:07+09:00,2026/09/10,2026/09/10,2026-09,PUT,66375,1345,,,38.57,,1780,7,1545,8,,,,,
2026/09/09 18:54,2026-09-09T19:09:07+09:00,2026/09/10,2026/09/10,2026-09,CALL,66250,219,,7,31.99,30.86,147,2,133,2,30.44,-79,-36.07,140,09/09 18:41
2026/09/09 18:54,2026-09-09T19:09:07+09:00,2026/09/10,2026/09/10,2026-09,PUT,66250,1250,,,30.61,22.85,1575,11,1495,12,,,,,
2026/09/09 18:54,2026-09-09T19:09:07+09:00,2026/09/10,2026/09/10,2026-09,CALL,66125,260,,16,31.78,30.72,167,3,153,2,30.21,-215,-57.33,160,09/09 18:50
2026/09/09 18:54,2026-09-09T19:09:07+09:00,2026/09/10,2026/09/10,2026-09,PUT,66125,1160,,,48.42,,1740,3,1120,8,,,,,
2026/09/09 18:54,2026-09-09T19:09:07+09:00,2026/09/10,2026/09/10,2026-09,CALL,66000,286,,40,31.82,30.68,193,1,177,3,30.5,-95,-33.22,191,09/09 18:49
2026/09/09 18:54,2026-09-09T19:09:07+09:00,2026/09/10,2026/09/10,2026-09,PUT,66000,1065,,,34.68,22.49,1430,11,1270,8,,,,,
2026/09/09 18:54,2026-09-09T19:09:07+09:00,2026/09/10,2026/09/10,2026-09,CALL,65875,330,,,31.92,25.93,223,5,137,1,,,,,
2026/09/09 18:54,2026-09-09T19:09:07+09:00,2026/09/10,2026/09/10,2026-09,PUT,65875,990,,,46.7,20.42,1535,7,1140,8,,,,,
2026/09/09 18:54,2026-09-09T19:09:07+09:00,2026/09/10,2026/09/10,2026-09,CALL,65750,355,,4,31.63,30.55,250,1,233,1,30.03,-110,-30.99,245,09/09 18:51
2026/09/09 18:54,2026-09-09T19:09:07+09:00,2026/09/10,2026/09/10,2026-09,PUT,65750,915,,,31,25.02,1185,11,1095,11,,,,,
2026/09/09 18:54,2026-09-09T19:09:07+09:00,2026/09/10,2026/09/10,2026-09,CALL,65625,420,,,31.65,28.6,285,5,235,1,,,,,
2026/09/09 18:54,2026-09-09T19:09:07+09:00,2026/09/10,2026/09/10,2026-09,PUT,65625,830,,1,40.09,18.76,1250,3,910,8,30.57,-15,-1.88,785,09/09 17:51
2026/09/09 18:54,2026-09-09T19:09:07+09:00,2026/09/10,2026/09/10,2026-09,CALL,65500,450,,7,31.17,30.3,315,5,300,22,30.5,-140,-31.11,310,09/09 18:53
2026/09/09 18:54,2026-09-09T19:09:07+09:00,2026/09/10,2026/09/10,2026-09,PUT,65500,760,,1,29.72,23.69,985,4,885,5,28.7,-5,-0.66,755,09/09 18:18
2026/09/09 18:54,2026-09-09T19:09:07+09:00,2026/09/10,2026/09/10,2026-09,CALL,65375,525,,,32.48,29.4,380,2,325,2,,,,,
2026/09/09 18:54,2026-09-09T19:09:07+09:00,2026/09/10,2026/09/10,2026-09,PUT,65375,690,,,37.71,22.45,1045,3,775,8,,,,,
2026/09/09 18:54,2026-09-09T19:09:07+09:00,2026/09/10,2026/09/10,2026-09,CALL,65250,590,,1,31.33,29.42,405,11,370,3,29.05,-125,-19.23,525,09/09 17:48
2026/09/09 18:54,2026-09-09T19:09:07+09:00,2026/09/10,2026/09/10,2026-09,PUT,65250,625,,1,29.7,25.29,820,4,740,4,29.46,-55,-8.8,570,09/09 17:53
2026/09/09 18:54,2026-09-09T19:09:07+09:00,2026/09/10,2026/09/10,2026-09,CALL,65125,635,,,32.43,29.76,475,9,425,2,,,,,
2026/09/09 18:54,2026-09-09T19:09:07+09:00,2026/09/10,2026/09/10,2026-09,PUT,65125,560,,,29.23,23.57,735,10,630,10,,,,,
2026/09/09 18:54,2026-09-09T19:09:07+09:00,2026/09/10,2026/09/10,2026-09,CALL,65000,700,,23,31.45,30.13,510,23,485,5,30,-190,-27.14,510,09/09 18:52
2026/09/09 18:54,2026-09-09T19:09:07+09:00,2026/09/10,2026/09/10,2026-09,PUT,65000,510,,96,30.66,28.55,690,15,650,1,28.81,-10,-1.96,500,09/09 18:30
2026/09/09 18:54,2026-09-09T19:09:07+09:00,2026/09/10,2026/09/10,2026-09,CALL,64875,800,,,33.67,28.96,610,2,520,2,,,,,
2026/09/09 18:54,2026-09-09T19:09:07+09:00,2026/09/10,2026/09/10,2026-09,PUT,64875,445,,2,29.48,26.08,600,5,535,4,29.57,-80,-16.67,400,09/09 17:36
2026/09/09 18:54,2026-09-09T19:09:07+09:00,2026/09/10,2026/09/10,2026-09,CALL,64750,870,,,33.06,28.87,660,12,580,4,,,,,
2026/09/09 18:54,2026-09-09T19:09:07+09:00,2026/09/10,2026/09/10,2026-09,PUT,64750,405,,5,29.65,26.51,540,2,480,10,27.71,-15,-3.49,415,09/09 18:33
2026/09/09 18:54,2026-09-09T19:09:07+09:00,2026/09/10,2026/09/10,2026-09,CALL,64625,995,,,34.34,29.33,750,4,655,4,,,,,
2026/09/09 18:54,2026-09-09T19:09:07+09:00,2026/09/10,2026/09/10,2026-09,PUT,64625,360,,,29.07,27.49,470,1,440,9,,,,,
2026/09/09 18:54,2026-09-09T19:09:07+09:00,2026/09/10,2026/09/10,2026-09,CALL,64500,1020,,,35.18,30.38,835,20,745,4,,,,,
2026/09/09 18:54,2026-09-09T19:09:07+09:00,2026/09/10,2026/09/10,2026-09,PUT,64500,325,,22,29.31,28.77,420,16,410,1,29.85,30,8.11,400,09/09 18:51
2026/09/09 18:54,2026-09-09T19:09:07+09:00,2026/09/10,2026/09/10,2026-09,CALL,64375,1180,,,35.31,28.21,910,4,780,5,,,,,
2026/09/09 18:54,2026-09-09T19:09:07+09:00,2026/09/10,2026/09/10,2026-09,PUT,64375,292,,,29.86,28.21,380,10,350,10,,,,,
2026/09/09 18:54,2026-09-09T19:09:07+09:00,2026/09/10,2026/09/10,2026-09,CALL,64250,1215,,,36.63,30.49,1010,5,900,4,,,,,
2026/09/09 18:54,2026-09-09T19:09:07+09:00,2026/09/10,2026/09/10,2026-09,PUT,64250,256,,3,29.93,27.7,335,5,296,15,30.22,54,21.09,310,09/09 18:45
2026/09/09 18:54,2026-09-09T19:09:07+09:00,2026/09/10,2026/09/10,2026-09,CALL,64125,1370,,,41.17,23.69,1170,8,870,3,,,,,
2026/09/09 18:54,2026-09-09T19:09:07+09:00,2026/09/10,2026/09/10,2026-09,PUT,64125,224,,,29.99,28.87,294,1,275,2,,,,,
2026/09/09 18:54,2026-09-09T19:09:07+09:00,2026/09/10,2026/09/10,2026-09,CALL,64000,1420,,8,35.36,31.17,1150,26,1080,4,29.48,-10,-0.78,1275,09/09 18:27
2026/09/09 18:54,2026-09-09T19:09:07+09:00,2026/09/10,2026/09/10,2026-09,PUT,64000,189,,16,30.31,28.82,261,3,237,5,29.7,43,22.75,232,09/09 18:41
2026/09/09 18:54,2026-09-09T19:09:07+09:00,2026/09/10,2026/09/10,2026-09,CALL,63875,1575,,,43.61,,1375,8,920,7,,,,,
2026/09/09 18:54,2026-09-09T19:09:07+09:00,2026/09/10,2026/09/10,2026-09,PUT,63875,198,,,30.42,29.38,228,1,212,1,,,,,
2026/09/09 18:54,2026-09-09T19:09:07+09:00,2026/09/10,2026/09/10,2026-09,CALL,63750,1630,,,41.51,27.47,1425,5,1210,6,,,,,
2026/09/09 18:54,2026-09-09T19:09:07+09:00,2026/09/10,2026/09/10,2026-09,PUT,63750,167,,4,32.87,29.4,233,1,182,2,32.08,37,39.36,131,09/09 17:14
2026/09/09 18:54,2026-09-09T19:09:07+09:00,2026/09/10,2026/09/10,2026-09,CALL,63625,1785,,,45.94,,1585,8,1170,3,,,,,
2026/09/09 18:54,2026-09-09T19:09:07+09:00,2026/09/10,2026/09/10,2026-09,PUT,63625,141,,,31.24,29.54,180,2,157,4,,,,,
2026/09/09 18:54,2026-09-09T19:09:07+09:00,2026/09/10,2026/09/10,2026-09,CALL,63500,1835,,,43.14,27.17,1630,5,1410,5,,,,,
2026/09/09 18:54,2026-09-09T19:09:07+09:00,2026/09/10,2026/09/10,2026-09,PUT,63500,120,,7,30.89,30.1,150,2,140,2,30.38,-28,-23.33,92,09/09 18:17
2026/09/09 18:54,2026-09-09T19:09:07+09:00,2026/09/10,2026/09/10,2026-09,CALL,63375,2005,,,45.29,19.61,1755,8,1455,3,,,,,
2026/09/09 18:54,2026-09-09T19:09:07+09:00,2026/09/10,2026/09/10,2026-09,PUT,63375,111,,,31.76,30.32,138,2,121,3,,,,,
2026/09/09 18:54,2026-09-09T19:09:07+09:00,2026/09/10,2026/09/10,2026-09,CALL,63250,2110,,,45.71,26.5,1855,5,1620,5,,,,,
2026/09/09 18:54,2026-09-09T19:09:07+09:00,2026/09/10,2026/09/10,2026-09,PUT,63250,100,,1,32.07,30.6,121,2,105,5,31.86,10,10,110,09/09 18:52
2026/09/09 18:54,2026-09-09T19:09:07+09:00,2026/09/10,2026/09/10,2026-09,CALL,63125,2230,,,47.76,,1980,8,1540,7,,,,,
2026/09/09 18:54,2026-09-09T19:09:07+09:00,2026/09/10,2026/09/10,2026-09,PUT,63125,91,,,32.29,31.3,105,3,95,3,,,,,
2026/09/09 18:54,2026-09-09T19:09:07+09:00,2026/09/10,2026/09/10,2026-09,CALL,63000,2345,,,46.9,,2065,22,1665,7,,,,,
2026/09/09 18:54,2026-09-09T19:09:07+09:00,2026/09/10,2026/09/10,2026-09,PUT,63000,73,,21,32.52,31.66,91,1,83,9,32.91,13,17.81,86,09/09 18:51
2026/09/09 18:54,2026-09-09T19:09:07+09:00,2026/09/10,2026/09/10,2026-09,CALL,62875,2465,,,50.71,,2215,6,1775,7,,,,,
2026/09/09 18:54,2026-09-09T19:09:07+09:00,2026/09/10,2026/09/10,2026-09,PUT,62875,74,,1,33.25,31.85,83,14,71,4,32.98,-18,-22.22,63,09/09 18:36
2026/09/09 18:54,2026-09-09T19:09:07+09:00,2026/09/10,2026/09/10,2026-09,CALL,62750,2580,,,51.93,,2330,8,1965,7,,,,,
2026/09/09 18:54,2026-09-09T19:09:07+09:00,2026/09/10,2026/09/10,2026-09,PUT,62750,67,,,33.87,32.62,75,13,65,3,,,,,
2026/09/09 18:54,2026-09-09T19:09:07+09:00,2026/09/10,2026/09/10,2026-09,CALL,62625,2700,,,53.48,,2450,8,2100,3,,,,,
2026/09/09 18:54,2026-09-09T19:09:07+09:00,2026/09/10,2026/09/10,2026-09,PUT,62625,62,,,34.12,33.02,65,3,57,3,,,,,
2026/09/09 18:54,2026-09-09T19:09:07+09:00,2026/09/10,2026/09/10,2026-09,CALL,62500,2820,,,54.61,,2565,1,2270,3,,,,,
2026/09/09 18:54,2026-09-09T19:09:07+09:00,2026/09/10,2026/09/10,2026-09,PUT,62500,54,,15,34.91,33.58,60,6,51,28,34.7,-5,-8.62,53,09/09 18:49
2026/09/09 18:54,2026-09-09T19:09:07+09:00,2026/09/10,2026/09/10,2026-09,CALL,62375,2940,,,56.49,28.89,2690,8,2450,7,,,,,
2026/09/09 18:54,2026-09-09T19:09:07+09:00,2026/09/10,2026/09/10,2026-09,PUT,62375,48,,,35.47,34.19,54,3,46,3,,,,,
2026/09/09 18:54,2026-09-09T19:09:07+09:00,2026/09/10,2026/09/10,2026-09,CALL,62250,3060,,,57.95,,2810,8,2380,7,,,,,
2026/09/09 18:54,2026-09-09T19:09:07+09:00,2026/09/10,2026/09/10,2026-09,PUT,62250,45,,,35.92,34.7,48,20,41,5,,,,,
2026/09/09 18:54,2026-09-09T19:09:07+09:00,2026/09/10,2026/09/10,2026-09,CALL,62125,3180,,,59.39,,2930,6,2675,3,,,,,
2026/09/09 18:54,2026-09-09T19:09:07+09:00,2026/09/10,2026/09/10,2026-09,PUT,62125,43,,1,36.43,34.9,43,16,35,19,35.56,-11,-26.83,30,09/09 18:35
2026/09/09 18:54,2026-09-09T19:09:07+09:00,2026/09/10,2026/09/10,2026-09,CALL,62000,3300,,,60.35,,3045,4,2685,22,,,,,
2026/09/09 18:54,2026-09-09T19:09:07+09:00,2026/09/10,2026/09/10,2026-09,PUT,62000,35,,49,37.23,35.8,40,36,33,12,37.34,2,5.71,37,09/09 18:50
2026/09/09 18:54,2026-09-09T19:09:07+09:00,2026/09/10,2026/09/10,2026-09,CALL,61875,3425,,,62.61,,3175,7,2755,7,,,,,
2026/09/09 18:54,2026-09-09T19:09:07+09:00,2026/09/10,2026/09/10,2026-09,PUT,61875,36,,7,37.55,35.95,35,13,28,17,37.7,12,57.14,33,09/09 18:52
2026/09/09 18:54,2026-09-09T19:09:07+09:00,2026/09/10,2026/09/10,2026-09,CALL,61750,3545,,,63.97,,3295,8,2875,6,,,,,
2026/09/09 18:54,2026-09-09T19:09:07+09:00,2026/09/10,2026/09/10,2026-09,PUT,61750,34,,12,38.42,36.72,33,21,26,5,37.91,-11,-26.83,30,09/09 18:53
2026/09/09 18:54,2026-09-09T19:09:07+09:00,2026/09/10,2026/09/10,2026-09,CALL,61625,3665,,,65.3,,3415,8,3005,7,,,,,
2026/09/09 18:54,2026-09-09T19:09:07+09:00,2026/09/10,2026/09/10,2026-09,PUT,61625,26,,3,38.76,35.62,29,13,18,20,37.81,3,15,23,09/09 18:50
2026/09/09 18:54,2026-09-09T19:09:07+09:00,2026/09/10,2026/09/10,2026-09,CALL,61500,3785,,,79.11,,3680,1,3175,3,,,,,
2026/09/09 18:54,2026-09-09T19:09:07+09:00,2026/09/10,2026/09/10,2026-09,PUT,61500,31,,52,39.51,37.48,27,11,20,11,38.44,-10,-32.26,21,09/09 18:41
2026/09/09 18:54,2026-09-09T19:09:07+09:00,2026/09/10,2026/09/10,2026-09,CALL,61375,3910,,,68.37,,3660,6,3260,7,,,,,
2026/09/09 18:54,2026-09-09T19:09:07+09:00,2026/09/10,2026/09/10,2026-09,PUT,61375,25,,10,39.93,35.67,24,17,12,21,40.52,-10,-40,15,09/09 17:56
2026/09/09 18:54,2026-09-09T19:09:07+09:00,2026/09/10,2026/09/10,2026-09,CALL,61250,4035,,,70.13,,3785,8,3390,2,,,,,
2026/09/09 18:54,2026-09-09T19:09:07+09:00,2026/09/10,2026/09/10,2026-09,PUT,61250,24,,8,40.55,38.48,22,21,16,24,41.45,-10,-41.67,14,09/09 17:53
2026/09/09 18:54,2026-09-09T19:09:07+09:00,2026/09/10,2026/09/10,2026-09,CALL,61125,4160,,,97.81,,4220,2,3435,2,,,,,
2026/09/09 18:54,2026-09-09T19:09:07+09:00,2026/09/10,2026/09/10,2026-09,PUT,61125,23,,,41.11,36.4,20,17,9,24,,,,,
2026/09/09 18:54,2026-09-09T19:09:07+09:00,2026/09/10,2026/09/10,2026-09,CALL,61000,4275,,,99.49,,4340,4,3565,4,,,,,
2026/09/09 18:54,2026-09-09T19:09:07+09:00,2026/09/10,2026/09/10,2026-09,PUT,61000,20,,83,41.6,40.83,18,12,16,12,41.83,-3,-15,17,09/09 18:50
2026/09/09 18:54,2026-09-09T19:09:07+09:00,2026/09/10,2026/09/10,2026-09,CALL,60875,4405,,,101.53,,4465,2,3685,2,,,,,
2026/09/09 18:54,2026-09-09T19:09:07+09:00,2026/09/10,2026/09/10,2026-09,PUT,60875,18,,,42.4,37.97,17,18,8,21,,,,,
2026/09/09 18:54,2026-09-09T19:09:07+09:00,2026/09/10,2026/09/10,2026-09,CALL,60750,4530,,,103.56,,4590,1,3810,1,,,,,
2026/09/09 18:54,2026-09-09T19:09:07+09:00,2026/09/10,2026/09/10,2026-09,PUT,60750,16,,4,42.74,39.69,15,22,9,25,43.23,-10,-52.63,9,09/09 17:38
2026/09/09 18:54,2026-09-09T19:09:07+09:00,2026/09/10,2026/09/10,2026-09,CALL,60625,4650,,,105.19,,4710,2,3930,2,,,,,
2026/09/09 18:54,2026-09-09T19:09:07+09:00,2026/09/10,2026/09/10,2026-09,PUT,60625,16,,4,43.9,39.44,15,21,7,21,45.48,-37,-78.72,10,09/09 17:29
2026/09/09 18:54,2026-09-09T19:09:07+09:00,2026/09/10,2026/09/10,2026-09,CALL,60500,4775,,,107.21,,4835,1,4060,1,,,,,
2026/09/09 18:54,2026-09-09T19:09:07+09:00,2026/09/10,2026/09/10,2026-09,PUT,60500,15,,14,44.11,42.49,13,36,10,8,42.44,-8,-47.06,9,09/09 18:41
2026/09/09 18:54,2026-09-09T19:09:07+09:00,2026/09/10,2026/09/10,2026-09,CALL,60375,4900,,,109.21,,4960,2,4175,2,,,,,
2026/09/09 18:54,2026-09-09T19:09:07+09:00,2026/09/10,2026/09/10,2026-09,PUT,60375,15,,,43.59,37.56,10,10,3,33,,,,,
2026/09/09 18:54,2026-09-09T19:09:07+09:00,2026/09/10,2026/09/10,2026-09,CALL,60250,5025,,,111.22,,5085,1,4305,1,,,,,
2026/09/09 18:54,2026-09-09T19:09:07+09:00,2026/09/10,2026/09/10,2026-09,PUT,60250,13,,1,45.29,41.81,11,37,6,40,44.67,-37,-86.05,6,09/09 17:48
2026/09/09 18:54,2026-09-09T19:09:07+09:00,2026/09/10,2026/09/10,2026-09,CALL,60125,5150,,,112.81,,5205,2,4435,2,,,,,
2026/09/09 18:54,2026-09-09T19:09:07+09:00,2026/09/10,2026/09/10,2026-09,PUT,60125,13,,,45.8,39.52,10,33,3,33,,,,,
2026/09/09 18:54,2026-09-09T19:09:07+09:00,2026/09/10,2026/09/10,2026-09,CALL,60000,5275,,,115.21,,5335,4,4560,4,,,,,
2026/09/09 18:54,2026-09-09T19:09:07+09:00,2026/09/10,2026/09/10,2026-09,PUT,60000,10,,76,45.53,43.9,8,7,6,120,46.12,-2,-20,8,09/09 18:51
2026/09/09 18:54,2026-09-09T19:09:07+09:00,2026/09/10,2026/09/10,2026-09,CALL,59875,5400,,,117.19,,5460,2,4675,2,,,,,
2026/09/09 18:54,2026-09-09T19:09:07+09:00,2026/09/10,2026/09/10,2026-09,PUT,59875,11,,,46.61,42.83,8,33,4,33,,,,,
2026/09/09 18:54,2026-09-09T19:09:07+09:00,2026/09/10,2026/09/10,2026-09,CALL,59750,5520,,,114.52,,5530,1,4755,1,,,,,
2026/09/09 18:54,2026-09-09T19:09:07+09:00,2026/09/10,2026/09/10,2026-09,PUT,59750,10,,,46.88,42.45,7,20,3,40,,,,,
2026/09/09 18:54,2026-09-09T19:09:07+09:00,2026/09/10,2026/09/10,2026-09,CALL,59625,5645,,,135.21,,5885,2,5100,2,,,,,
2026/09/09 18:54,2026-09-09T19:09:07+09:00,2026/09/10,2026/09/10,2026-09,PUT,59625,9,,,47.94,41.63,7,33,2,33,,,,,
2026/09/09 18:54,2026-09-09T19:09:07+09:00,2026/09/10,2026/09/10,2026-09,CALL,59500,5770,,,127.31,,5885,1,5100,1,,,,,
2026/09/09 18:54,2026-09-09T19:09:07+09:00,2026/09/10,2026/09/10,2026-09,PUT,59500,8,,8,48.08,45.85,6,91,4,23,49.36,-6,-60,4,09/09 17:30
2026/09/09 18:54,2026-09-09T19:09:07+09:00,2026/09/10,2026/09/10,2026-09,CALL,59375,5895,,,118.98,,5890,2,5110,2,,,,,
2026/09/09 18:54,2026-09-09T19:09:07+09:00,2026/09/10,2026/09/10,2026-09,PUT,59375,8,,6,49.13,43.52,6,33,2,33,48.39,-20,-86.96,3,09/09 17:24
2026/09/09 18:54,2026-09-09T19:09:07+09:00,2026/09/10,2026/09/10,2026-09,CALL,59250,6020,,,,,,,,,,,,,
2026/09/09 18:54,2026-09-09T19:09:07+09:00,2026/09/10,2026/09/10,2026-09,PUT,59250,7,,,49.1,46.37,5,20,3,5,,,,,
2026/09/09 18:54,2026-09-09T19:09:07+09:00,2026/09/10,2026/09/10,2026-09,CALL,59125,6145,,,,,,,,,,,,,
2026/09/09 18:54,2026-09-09T19:09:07+09:00,2026/09/10,2026/09/10,2026-09,PUT,59125,7,,,50.13,42.52,5,33,1,33,,,,,
2026/09/09 18:54,2026-09-09T19:09:07+09:00,2026/09/10,2026/09/10,2026-09,CALL,59000,6270,,,,,,,,,,,,,
2026/09/09 18:54,2026-09-09T19:09:07+09:00,2026/09/10,2026/09/10,2026-09,PUT,59000,5,,61,49.87,48.33,4,120,3,2,48.86,-2,-40,3,09/09 18:49
2026/09/09 18:54,2026-09-09T19:09:07+09:00,2026/09/10,2026/09/10,2026-09,CALL,58875,6395,,,,,,,,,,,,,
2026/09/09 18:54,2026-09-09T19:09:07+09:00,2026/09/10,2026/09/10,2026-09,PUT,58875,5,,4,50.88,47.31,4,33,2,33,50.59,-5,-71.43,2,09/09 17:19
2026/09/09 18:54,2026-09-09T19:09:07+09:00,2026/09/10,2026/09/10,2026-09,CALL,58750,6520,,,,,,,,,,,,,
2026/09/09 18:54,2026-09-09T19:09:07+09:00,2026/09/10,2026/09/10,2026-09,PUT,58750,5,,2,59.33,48.25,12,17,2,22,51.23,-5,-71.43,2,09/09 17:53
2026/09/09 18:54,2026-09-09T19:09:07+09:00,2026/09/10,2026/09/10,2026-09,CALL,58625,6645,,,,,,,,,,,,,
2026/09/09 18:54,2026-09-09T19:09:07+09:00,2026/09/10,2026/09/10,2026-09,PUT,58625,6,,4,59.76,49.2,11,14,2,16,52.57,-3,-60,2,09/09 17:05
2026/09/09 18:54,2026-09-09T19:09:07+09:00,2026/09/10,2026/09/10,2026-09,CALL,58500,6765,,,,,,,,,,,,,
2026/09/09 18:54,2026-09-09T19:09:07+09:00,2026/09/10,2026/09/10,2026-09,PUT,58500,4,,13,60.87,47,11,28,1,68,53.38,-3,-60,2,09/09 18:03
2026/09/09 18:54,2026-09-09T19:09:07+09:00,2026/09/10,2026/09/10,2026-09,CALL,58375,6890,,,,,,,,,,,,,
2026/09/09 18:54,2026-09-09T19:09:07+09:00,2026/09/10,2026/09/10,2026-09,PUT,58375,4,,,61.22,47.9,10,14,1,48,,,,,
2026/09/09 18:54,2026-09-09T19:09:07+09:00,2026/09/10,2026/09/10,2026-09,CALL,58250,7015,,,,,,,,,,,,,
2026/09/09 18:54,2026-09-09T19:09:07+09:00,2026/09/10,2026/09/10,2026-09,PUT,58250,4,,,63.09,48.8,11,17,1,33,,,,,
2026/09/09 18:54,2026-09-09T19:09:07+09:00,2026/09/10,2026/09/10,2026-09,CALL,58000,7265,,,,,,,,,,,,,
2026/09/09 18:54,2026-09-09T19:09:07+09:00,2026/09/10,2026/09/10,2026-09,PUT,58000,3,,19,53.95,50.6,2,37,1,157,54.39,-1,-33.33,2,09/09 18:42
2026/09/09 18:54,2026-09-09T19:09:07+09:00,2026/09/10,2026/09/10,2026-09,CALL,57750,7515,,,,,,,,,,,,,
2026/09/09 18:54,2026-09-09T19:09:07+09:00,2026/09/10,2026/09/10,2026-09,PUT,57750,3,,15,55.86,52.41,2,6,1,30,52.82,-2,-66.67,1,09/09 18:42
2026/09/09 18:54,2026-09-09T19:09:07+09:00,2026/09/10,2026/09/10,2026-09,CALL,57500,7765,,,,,,,,,,,,,
2026/09/09 18:54,2026-09-09T19:09:07+09:00,2026/09/10,2026/09/10,2026-09,PUT,57500,3,,9,57.77,,2,9,,,56.4,-1,-50,1,09/09 17:45
2026/09/09 18:54,2026-09-09T19:09:07+09:00,2026/09/10,2026/09/10,2026-09,CALL,57250,8015,,,,,,,,,,,,,
2026/09/09 18:54,2026-09-09T19:09:07+09:00,2026/09/10,2026/09/10,2026-09,PUT,57250,3,,3,71.15,,10,17,,,57.26,-1,-50,1,09/09 18:34
2026/09/09 18:54,2026-09-09T19:09:07+09:00,2026/09/10,2026/09/10,2026-09,CALL,57000,8265,,,,,,,,,,,,,
2026/09/09 18:54,2026-09-09T19:09:07+09:00,2026/09/10,2026/09/10,2026-09,PUT,57000,2,,46,57.84,,1,1,,,60.17,-1,-50,1,09/09 18:06
2026/09/09 18:54,2026-09-09T19:09:07+09:00,2026/09/10,2026/09/10,2026-09,CALL,56750,8515,,,,,,,,,,,,,
2026/09/09 18:54,2026-09-09T19:09:07+09:00,2026/09/10,2026/09/10,2026-09,PUT,56750,2,,5,72.42,,7,5,,,62.7,-2,-66.67,1,09/09 17:30
2026/09/09 18:54,2026-09-09T19:09:07+09:00,2026/09/10,2026/09/10,2026-09,CALL,56500,8765,,,,,,,,,,,,,
2026/09/09 18:54,2026-09-09T19:09:07+09:00,2026/09/10,2026/09/10,2026-09,PUT,56500,2,,1,61.48,,1,2,,,64.05,-1,-50,1,09/09 17:00
2026/09/09 18:54,2026-09-09T19:09:07+09:00,2026/09/10,2026/09/10,2026-09,CALL,56250,9015,,,,,,,,,,,,,
2026/09/09 18:54,2026-09-09T19:09:07+09:00,2026/09/10,2026/09/10,2026-09,PUT,56250,2,,,63.31,,1,2,,,,,,,
2026/09/09 18:54,2026-09-09T19:09:07+09:00,2026/09/10,2026/09/10,2026-09,CALL,56000,9265,,,,,,,,,,,,,
2026/09/09 18:54,2026-09-09T19:09:07+09:00,2026/09/10,2026/09/10,2026-09,PUT,56000,1,,17,65.15,,1,124,,,68.29,0,0,1,09/09 17:34
2026/09/09 18:54,2026-09-09T19:09:07+09:00,2026/09/10,2026/09/10,2026-09,CALL,55750,9515,,,,,,,,,,,,,
2026/09/09 18:54,2026-09-09T19:09:07+09:00,2026/09/10,2026/09/10,2026-09,PUT,55750,1,,2,66.98,,1,5,,,69.99,0,0,1,09/09 17:19
2026/09/09 18:54,2026-09-09T19:09:07+09:00,2026/09/10,2026/09/10,2026-09,CALL,55500,9765,,,,,,,,,,,,,
2026/09/09 18:54,2026-09-09T19:09:07+09:00,2026/09/10,2026/09/10,2026-09,PUT,55500,1,,,68.82,,1,55,,,,,,,
2026/09/09 18:54,2026-09-09T19:09:07+09:00,2026/09/10,2026/09/10,2026-09,CALL,55250,10015,,,,,,,,,,,,,
2026/09/09 18:54,2026-09-09T19:09:07+09:00,2026/09/10,2026/09/10,2026-09,PUT,55250,1,,,70.67,,1,9,,,,,,,
2026/09/09 18:54,2026-09-09T19:09:07+09:00,2026/09/10,2026/09/10,2026-09,CALL,55000,10265,,,,,,,,,,,,,
2026/09/09 18:54,2026-09-09T19:09:07+09:00,2026/09/10,2026/09/10,2026-09,PUT,55000,1,,2,72.52,,1,324,,,75.52,0,0,1,09/09 17:17
2026/09/09 18:54,2026-09-09T19:09:07+09:00,2026/09/10,2026/09/10,2026-09,CALL,54750,10510,,,,,,,,,,,,,
2026/09/09 18:54,2026-09-09T19:09:07+09:00,2026/09/10,2026/09/10,2026-09,PUT,54750,1,,,74.38,,1,8,,,,,,,
2026/09/09 18:54,2026-09-09T19:09:07+09:00,2026/09/10,2026/09/10,2026-09,CALL,54500,10760,,,,,,,,,,,,,
2026/09/09 18:54,2026-09-09T19:09:07+09:00,2026/09/10,2026/09/10,2026-09,PUT,54500,1,,4,76.25,,1,46,,,79.23,-1,-50,1,09/09 17:19
2026/09/09 18:54,2026-09-09T19:09:07+09:00,2026/09/10,2026/09/10,2026-09,CALL,54250,11010,,,,,,,,,,,,,
2026/09/09 18:54,2026-09-09T19:09:07+09:00,2026/09/10,2026/09/10,2026-09,PUT,54250,1,,,78.12,,1,29,,,,,,,
2026/09/09 18:54,2026-09-09T19:09:07+09:00,2026/09/10,2026/09/10,2026-09,CALL,54000,11260,,,,,,,,,,,,,
2026/09/09 18:54,2026-09-09T19:09:07+09:00,2026/09/10,2026/09/10,2026-09,PUT,54000,1,,,79.99,,1,43,,,,,,,
2026/09/09 18:54,2026-09-09T19:09:07+09:00,2026/09/10,2026/09/10,2026-09,CALL,53750,11510,,,,,,,,,,,,,
2026/09/09 18:54,2026-09-09T19:09:07+09:00,2026/09/10,2026/09/10,2026-09,PUT,53750,1,,,81.87,,1,6,,,,,,,
2026/09/09 18:54,2026-09-09T19:09:07+09:00,2026/09/10,2026/09/10,2026-09,CALL,53500,11760,,,,,,,,,,,,,
2026/09/09 18:54,2026-09-09T19:09:07+09:00,2026/09/10,2026/09/10,2026-09,PUT,53500,1,,,83.76,,1,105,,,,,,,
2026/09/09 18:54,2026-09-09T19:09:07+09:00,2026/09/10,2026/09/10,2026-09,CALL,53250,12010,,,,,,,,,,,,,
2026/09/09 18:54,2026-09-09T19:09:07+09:00,2026/09/10,2026/09/10,2026-09,PUT,53250,1,,,85.65,,1,55,,,,,,,
2026/09/09 18:54,2026-09-09T19:09:07+09:00,2026/09/10,2026/09/10,2026-09,CALL,53000,12260,,,,,,,,,,,,,
2026/09/09 18:54,2026-09-09T19:09:07+09:00,2026/09/10,2026/09/10,2026-09,PUT,53000,1,,5,87.55,,1,134,,,90.59,0,0,1,09/09 17:15
2026/09/09 18:54,2026-09-09T19:09:07+09:00,2026/09/10,2026/09/10,2026-09,CALL,52750,12510,,,,,,,,,,,,,
2026/09/09 18:54,2026-09-09T19:09:07+09:00,2026/09/10,2026/09/10,2026-09,PUT,52750,1,,,89.46,,1,80,,,,,,,
2026/09/09 18:54,2026-09-09T19:09:07+09:00,2026/09/10,2026/09/10,2026-09,CALL,52500,12760,,,,,,,,,,,,,
2026/09/09 18:54,2026-09-09T19:09:07+09:00,2026/09/10,2026/09/10,2026-09,PUT,52500,1,,,91.37,,1,81,,,,,,,
2026/09/09 18:54,2026-09-09T19:09:07+09:00,2026/09/10,2026/09/10,2026-09,CALL,52250,13010,,,,,,,,,,,,,
2026/09/09 18:54,2026-09-09T19:09:07+09:00,2026/09/10,2026/09/10,2026-09,PUT,52250,1,,,93.29,,1,55,,,,,,,
2026/09/09 18:54,2026-09-09T19:09:07+09:00,2026/09/10,2026/09/10,2026-09,CALL,52000,13260,,,,,,,,,,,,,
2026/09/09 18:54,2026-09-09T19:09:07+09:00,2026/09/10,2026/09/10,2026-09,PUT,52000,1,,3,95.22,,1,101,,,96.28,0,0,1,09/09 18:35
2026/09/09 18:54,2026-09-09T19:09:07+09:00,2026/09/10,2026/10/08,2026-10,CALL,85000,2,,2,32.52,31.41,3,41,2,1,30.85,-1,-33.33,2,09/09 18:15
2026/09/09 18:54,2026-09-09T19:09:07+09:00,2026/09/10,2026/10/08,2026-10,PUT,85000,19985,,,,,,,,,,,,,
2026/09/09 18:54,2026-09-09T19:09:07+09:00,2026/09/10,2026/10/08,2026-10,CALL,84500,2,,,35,30.8,8,1,2,1,,,,,
2026/09/09 18:54,2026-09-09T19:09:07+09:00,2026/09/10,2026/10/08,2026-10,PUT,84500,19485,,,,,,,,,,,,,
2026/09/09 18:54,2026-09-09T19:09:07+09:00,2026/09/10,2026/10/08,2026-10,CALL,84000,3,,,32.76,30.19,5,27,2,1,,,,,
2026/09/09 18:54,2026-09-09T19:09:07+09:00,2026/09/10,2026/10/08,2026-10,PUT,84000,18985,,,,,,,,,,,,,
2026/09/09 18:54,2026-09-09T19:09:07+09:00,2026/09/10,2026/10/08,2026-10,CALL,83500,4,,,34.05,29.57,9,1,2,1,,,,,
2026/09/09 18:54,2026-09-09T19:09:07+09:00,2026/09/10,2026/10/08,2026-10,PUT,83500,18485,,,,,,,,,,,,,
2026/09/09 18:54,2026-09-09T19:09:07+09:00,2026/09/10,2026/10/08,2026-10,CALL,83000,4,,,30.78,28.95,4,25,2,15,,,,,
2026/09/09 18:54,2026-09-09T19:09:07+09:00,2026/09/10,2026/10/08,2026-10,PUT,83000,17990,,,,,,,,,,,,,
2026/09/09 18:54,2026-09-09T19:09:07+09:00,2026/09/10,2026/10/08,2026-10,CALL,82500,6,,,30.76,28.32,5,1,2,15,,,,,
2026/09/09 18:54,2026-09-09T19:09:07+09:00,2026/09/10,2026/10/08,2026-10,PUT,82500,17490,,,,,,,,,,,,,
2026/09/09 18:54,2026-09-09T19:09:07+09:00,2026/09/10,2026/10/08,2026-10,CALL,82000,5,,1,30.09,29.45,5,20,4,1,28.83,-1,-20,4,09/09 17:49
2026/09/09 18:54,2026-09-09T19:09:07+09:00,2026/09/10,2026/10/08,2026-10,PUT,82000,16990,,,,,,,,,,,,,
2026/09/09 18:54,2026-09-09T19:09:07+09:00,2026/09/10,2026/10/08,2026-10,CALL,81500,6,,,31.22,27.05,9,15,2,36,,,,,
2026/09/09 18:54,2026-09-09T19:09:07+09:00,2026/09/10,2026/10/08,2026-10,PUT,81500,16490,,,,,,,,,,,,,
2026/09/09 18:54,2026-09-09T19:09:07+09:00,2026/09/10,2026/10/08,2026-10,CALL,81000,9,,,30.11,28.1,8,16,4,18,,,,,
2026/09/09 18:54,2026-09-09T19:09:07+09:00,2026/09/10,2026/10/08,2026-10,PUT,81000,15995,,,,,,,,,,,,,
2026/09/09 18:54,2026-09-09T19:09:07+09:00,2026/09/10,2026/10/08,2026-10,CALL,80500,9,,,30.72,28.02,12,15,5,16,,,,,
2026/09/09 18:54,2026-09-09T19:09:07+09:00,2026/09/10,2026/10/08,2026-10,PUT,80500,15495,,,,,,,,,,,,,
2026/09/09 18:54,2026-09-09T19:09:07+09:00,2026/09/10,2026/10/08,2026-10,CALL,80000,10,,2,29.03,27.82,9,13,6,16,28.51,-1,-11.11,8,09/09 18:45
2026/09/09 18:54,2026-09-09T19:09:07+09:00,2026/09/10,2026/10/08,2026-10,PUT,80000,14995,,,,,,,,,,,,,
2026/09/09 18:54,2026-09-09T19:09:07+09:00,2026/09/10,2026/10/08,2026-10,CALL,79500,12,,,29.73,26.61,14,15,5,15,,,,,
2026/09/09 18:54,2026-09-09T19:09:07+09:00,2026/09/10,2026/10/08,2026-10,PUT,79500,14500,,,,,,,,,,,,,
2026/09/09 18:54,2026-09-09T19:09:07+09:00,2026/09/10,2026/10/08,2026-10,CALL,79000,15,,,30.24,26.37,20,7,6,1,,,,,
2026/09/09 18:54,2026-09-09T19:09:07+09:00,2026/09/10,2026/10/08,2026-10,PUT,79000,14000,,,,,,,,,,,,,
2026/09/09 18:54,2026-09-09T19:09:07+09:00,2026/09/10,2026/10/08,2026-10,CALL,78500,17,,,29.78,25.64,22,7,6,6,,,,,
2026/09/09 18:54,2026-09-09T19:09:07+09:00,2026/09/10,2026/10/08,2026-10,PUT,78500,13505,,,,,,,,,,,,,
2026/09/09 18:54,2026-09-09T19:09:07+09:00,2026/09/10,2026/10/08,2026-10,CALL,78000,18,,4,28.59,26.87,20,30,12,1,27.45,-1,-5.88,16,09/09 18:34
2026/09/09 18:54,2026-09-09T19:09:07+09:00,2026/09/10,2026/10/08,2026-10,PUT,78000,13010,,,,,,,,,,,,,
2026/09/09 18:54,2026-09-09T19:09:07+09:00,2026/09/10,2026/10/08,2026-10,CALL,77500,26,,,28.88,25.53,27,6,10,12,,,,,
2026/09/09 18:54,2026-09-09T19:09:07+09:00,2026/09/10,2026/10/08,2026-10,PUT,77500,12515,,,,,,,,,,,,,
2026/09/09 18:54,2026-09-09T19:09:07+09:00,2026/09/10,2026/10/08,2026-10,CALL,77000,27,,,28.43,26.56,30,12,18,2,,,,,
2026/09/09 18:54,2026-09-09T19:09:07+09:00,2026/09/10,2026/10/08,2026-10,PUT,77000,12015,,,,,,,,,,,,,
2026/09/09 18:54,2026-09-09T19:09:07+09:00,2026/09/10,2026/10/08,2026-10,CALL,76500,32,,,28.15,25.53,35,12,17,14,,,,,
2026/09/09 18:54,2026-09-09T19:09:07+09:00,2026/09/10,2026/10/08,2026-10,PUT,76500,11525,,,,,,,,,,,,,
2026/09/09 18:54,2026-09-09T19:09:07+09:00,2026/09/10,2026/10/08,2026-10,CALL,76250,35,,,27.58,25.96,34,10,22,10,,,,,
2026/09/09 18:54,2026-09-09T19:09:07+09:00,2026/09/10,2026/10/08,2026-10,PUT,76250,11275,,,,,,,,,,,,,
2026/09/09 18:54,2026-09-09T19:09:07+09:00,2026/09/10,2026/10/08,2026-10,CALL,76000,38,,1,27.58,26.64,38,30,30,3,26.49,-3,-8.57,32,09/09 18:34
2026/09/09 18:54,2026-09-09T19:09:07+09:00,2026/09/10,2026/10/08,2026-10,PUT,76000,11030,,,,,,,,,,,,,
2026/09/09 18:54,2026-09-09T19:09:07+09:00,2026/09/10,2026/10/08,2026-10,CALL,75750,42,,,27.82,25.8,45,35,27,31,,,,,
2026/09/09 18:54,2026-09-09T19:09:07+09:00,2026/09/10,2026/10/08,2026-10,PUT,75750,10785,,,,,,,,,,,,,
2026/09/09 18:54,2026-09-09T19:09:07+09:00,2026/09/10,2026/10/08,2026-10,CALL,75500,43,,1,27.25,25.86,44,19,31,16,26.42,3,6.98,46,09/09 17:03
2026/09/09 18:54,2026-09-09T19:09:07+09:00,2026/09/10,2026/10/08,2026-10,PUT,75500,10540,,,,,,,,,,,,,
2026/09/09 18:54,2026-09-09T19:09:07+09:00,2026/09/10,2026/10/08,2026-10,CALL,75250,52,,,26.86,26.17,45,10,38,8,,,,,
2026/09/09 18:54,2026-09-09T19:09:07+09:00,2026/09/10,2026/10/08,2026-10,PUT,75250,10295,,,,,,,,,,,,,
2026/09/09 18:54,2026-09-09T19:09:07+09:00,2026/09/10,2026/10/08,2026-10,CALL,75000,54,,17,26.83,26,50,21,41,21,25.97,-9,-16.67,45,09/09 18:34
2026/09/09 18:54,2026-09-09T19:09:07+09:00,2026/09/10,2026/10/08,2026-10,PUT,75000,10050,,,,,,,,,,,,,
2026/09/09 18:54,2026-09-09T19:09:07+09:00,2026/09/10,2026/10/08,2026-10,CALL,74750,62,,,26.91,25.62,57,2,42,2,,,,,
2026/09/09 18:54,2026-09-09T19:09:07+09:00,2026/09/10,2026/10/08,2026-10,PUT,74750,9805,,,,,,,,,,,,,
2026/09/09 18:54,2026-09-09T19:09:07+09:00,2026/09/10,2026/10/08,2026-10,CALL,74500,67,,,26.71,25.84,61,18,50,14,,,,,
2026/09/09 18:54,2026-09-09T19:09:07+09:00,2026/09/10,2026/10/08,2026-10,PUT,74500,9560,,,,,,,,,,,,,
2026/09/09 18:54,2026-09-09T19:09:07+09:00,2026/09/10,2026/10/08,2026-10,CALL,74250,75,,,26.7,25.98,68,11,58,7,,,,,
2026/09/09 18:54,2026-09-09T19:09:07+09:00,2026/09/10,2026/10/08,2026-10,PUT,74250,9325,,,,,,,,,,,,,
2026/09/09 18:54,2026-09-09T19:09:07+09:00,2026/09/10,2026/10/08,2026-10,CALL,74000,84,,1,26.58,25.83,74,18,63,18,26.11,-6,-8,69,09/09 18:41
2026/09/09 18:54,2026-09-09T19:09:07+09:00,2026/09/10,2026/10/08,2026-10,PUT,74000,9080,,,,,,,,,,,,,
2026/09/09 18:54,2026-09-09T19:09:07+09:00,2026/09/10,2026/10/08,2026-10,CALL,73750,93,,,26.49,25.79,81,7,70,7,,,,,
2026/09/09 18:54,2026-09-09T19:09:07+09:00,2026/09/10,2026/10/08,2026-10,PUT,73750,8840,,,,,,,,,,,,,
2026/09/09 18:54,2026-09-09T19:09:07+09:00,2026/09/10,2026/10/08,2026-10,CALL,73500,101,,1,26.52,25.89,91,14,80,10,25.75,-8,-7.92,93,09/09 17:45
2026/09/09 18:54,2026-09-09T19:09:07+09:00,2026/09/10,2026/10/08,2026-10,PUT,73500,8605,,,,,,,,,,,,,
2026/09/09 18:54,2026-09-09T19:09:07+09:00,2026/09/10,2026/10/08,2026-10,CALL,73250,113,,,26.45,25.81,100,6,88,6,,,,,
2026/09/09 18:54,2026-09-09T19:09:07+09:00,2026/09/10,2026/10/08,2026-10,PUT,73250,8365,,,,,,,,,,,,,
2026/09/09 18:54,2026-09-09T19:09:07+09:00,2026/09/10,2026/10/08,2026-10,CALL,73000,122,,3,26.3,25.89,108,14,100,12,25.95,-17,-13.93,105,09/09 18:47
2026/09/09 18:54,2026-09-09T19:09:07+09:00,2026/09/10,2026/10/08,2026-10,PUT,73000,8130,,,,,,,,,,,,,
2026/09/09 18:54,2026-09-09T19:09:07+09:00,2026/09/10,2026/10/08,2026-10,CALL,72750,138,,,26.38,25.82,122,7,110,7,,,,,
2026/09/09 18:54,2026-09-09T19:09:07+09:00,2026/09/10,2026/10/08,2026-10,PUT,72750,7895,,,,,,,,,,,,,
2026/09/09 18:54,2026-09-09T19:09:07+09:00,2026/09/10,2026/10/08,2026-10,CALL,72500,148,,10,26.32,25.84,134,8,123,8,25.8,-8,-5.41,140,09/09 18:23
2026/09/09 18:54,2026-09-09T19:09:07+09:00,2026/09/10,2026/10/08,2026-10,PUT,72500,7660,,,32.58,,8330,2,7910,12,,,,,
2026/09/09 18:54,2026-09-09T19:09:07+09:00,2026/09/10,2026/10/08,2026-10,CALL,72250,170,,,26.33,25.8,149,5,136,5,,,,,
2026/09/09 18:54,2026-09-09T19:09:07+09:00,2026/09/10,2026/10/08,2026-10,PUT,72250,7430,,,36.31,,8255,1,7680,7,,,,,
2026/09/09 18:54,2026-09-09T19:09:07+09:00,2026/09/10,2026/10/08,2026-10,CALL,72125,180,,,26.38,25.87,158,14,145,3,,,,,
2026/09/09 18:54,2026-09-09T19:09:07+09:00,2026/09/10,2026/10/08,2026-10,PUT,72125,7315,,,34.52,,8070,1,7565,6,,,,,
2026/09/09 18:54,2026-09-09T19:09:07+09:00,2026/09/10,2026/10/08,2026-10,CALL,72000,179,,3,26.29,25.84,164,11,152,11,25.82,-24,-13.41,155,09/09 18:52
2026/09/09 18:54,2026-09-09T19:09:07+09:00,2026/09/10,2026/10/08,2026-10,PUT,72000,7200,,,34.52,,7960,3,7450,18,,,,,
2026/09/09 18:54,2026-09-09T19:09:07+09:00,2026/09/10,2026/10/08,2026-10,CALL,71875,200,,,26.42,25.87,176,18,161,3,,,,,
2026/09/09 18:54,2026-09-09T19:09:07+09:00,2026/09/10,2026/10/08,2026-10,PUT,71875,7085,,,34.97,,7870,5,7335,6,,,,,
2026/09/09 18:54,2026-09-09T19:09:07+09:00,2026/09/10,2026/10/08,2026-10,CALL,71750,210,,,26.38,25.85,184,5,169,5,,,,,
2026/09/09 18:54,2026-09-09T19:09:07+09:00,2026/09/10,2026/10/08,2026-10,PUT,71750,6970,,,35.84,,7800,1,7220,7,,,,,
2026/09/09 18:54,2026-09-09T19:09:07+09:00,2026/09/10,2026/10/08,2026-10,CALL,71625,221,,,26.4,25.64,194,18,172,11,,,,,
2026/09/09 18:54,2026-09-09T19:09:07+09:00,2026/09/10,2026/10/08,2026-10,PUT,71625,6855,,,30.29,,7460,1,7105,6,,,,,
2026/09/09 18:54,2026-09-09T19:09:07+09:00,2026/09/10,2026/10/08,2026-10,CALL,71500,228,,1,26.27,25.91,200,8,189,2,25.81,-42,-18.1,190,09/09 18:52
2026/09/09 18:54,2026-09-09T19:09:07+09:00,2026/09/10,2026/10/08,2026-10,PUT,71500,6745,,,34.74,,7535,2,6995,12,,,,,
2026/09/09 18:54,2026-09-09T19:09:07+09:00,2026/09/10,2026/10/08,2026-10,CALL,71375,243,,,26.4,25.88,214,18,198,3,,,,,
2026/09/09 18:54,2026-09-09T19:09:07+09:00,2026/09/10,2026/10/08,2026-10,PUT,71375,6630,,,28.92,,7185,1,6880,5,,,,,
2026/09/09 18:54,2026-09-09T19:09:07+09:00,2026/09/10,2026/10/08,2026-10,CALL,71250,257,,,26.34,25.65,223,18,201,4,,,,,
2026/09/09 18:54,2026-09-09T19:09:07+09:00,2026/09/10,2026/10/08,2026-10,PUT,71250,6520,,,33.86,14.98,7280,1,6770,7,,,,,
2026/09/09 18:54,2026-09-09T19:09:07+09:00,2026/09/10,2026/10/08,2026-10,CALL,71125,271,,,26.4,25.82,236,3,217,3,,,,,
2026/09/09 18:54,2026-09-09T19:09:07+09:00,2026/09/10,2026/10/08,2026-10,PUT,71125,6410,,,27.66,16.77,6915,1,6660,6,,,,,
2026/09/09 18:54,2026-09-09T19:09:07+09:00,2026/09/10,2026/10/08,2026-10,CALL,71000,270,,1,26.26,25.82,243,11,228,11,25.86,16,5.93,286,09/09 17:14
2026/09/09 18:54,2026-09-09T19:09:07+09:00,2026/09/10,2026/10/08,2026-10,PUT,71000,6300,,,30.37,17.83,6910,3,6550,18,,,,,
2026/09/09 18:54,2026-09-09T19:09:07+09:00,2026/09/10,2026/10/08,2026-10,CALL,70875,298,,,26.4,25.86,260,3,241,3,,,,,
2026/09/09 18:54,2026-09-09T19:09:07+09:00,2026/09/10,2026/10/08,2026-10,PUT,70875,6185,,,34.07,18.26,6970,6,6435,6,,,,,
2026/09/09 18:54,2026-09-09T19:09:07+09:00,2026/09/10,2026/10/08,2026-10,CALL,70750,310,,,26.28,25.8,268,5,251,5,,,,,
2026/09/09 18:54,2026-09-09T19:09:07+09:00,2026/09/10,2026/10/08,2026-10,PUT,70750,6080,,,30.88,19.16,6715,1,6330,7,,,,,
2026/09/09 18:54,2026-09-09T19:09:07+09:00,2026/09/10,2026/10/08,2026-10,CALL,70625,335,,,26.43,25.95,287,14,269,3,,,,,
2026/09/09 18:54,2026-09-09T19:09:07+09:00,2026/09/10,2026/10/08,2026-10,PUT,70625,5980,,,29.93,20.09,6565,1,6230,1,,,,,
2026/09/09 18:54,2026-09-09T19:09:07+09:00,2026/09/10,2026/10/08,2026-10,CALL,70500,340,,,26.34,25.86,297,8,279,8,,,,,
2026/09/09 18:54,2026-09-09T19:09:07+09:00,2026/09/10,2026/10/08,2026-10,PUT,70500,5860,,,33.56,20,6630,2,6110,12,,,,,
2026/09/09 18:54,2026-09-09T19:09:07+09:00,2026/09/10,2026/10/08,2026-10,CALL,70375,375,,,26.68,25.66,325,3,285,3,,,,,
2026/09/09 18:54,2026-09-09T19:09:07+09:00,2026/09/10,2026/10/08,2026-10,PUT,70375,5770,,,31.32,,6415,1,5520,6,,,,,
2026/09/09 18:54,2026-09-09T19:09:07+09:00,2026/09/10,2026/10/08,2026-10,CALL,70250,380,,,26.31,25.94,325,5,310,5,,,,,
2026/09/09 18:54,2026-09-09T19:09:07+09:00,2026/09/10,2026/10/08,2026-10,PUT,70250,5645,,,32.73,20.76,6380,1,5895,7,,,,,
2026/09/09 18:54,2026-09-09T19:09:07+09:00,2026/09/10,2026/10/08,2026-10,CALL,70125,405,,,26.78,25.81,360,2,320,2,,,,,
2026/09/09 18:54,2026-09-09T19:09:07+09:00,2026/09/10,2026/10/08,2026-10,PUT,70125,5555,,,29.99,,6140,1,5305,6,,,,,
2026/09/09 18:54,2026-09-09T19:09:07+09:00,2026/09/10,2026/10/08,2026-10,CALL,70000,405,,31,26.28,25.92,355,8,340,38,26.16,-55,-13.58,350,09/09 18:53
2026/09/09 18:54,2026-09-09T19:09:07+09:00,2026/09/10,2026/10/08,2026-10,PUT,70000,5440,,,30.71,21.61,6070,3,5690,3,,,,,
2026/09/09 18:54,2026-09-09T19:09:07+09:00,2026/09/10,2026/10/08,2026-10,CALL,69875,445,,,26.7,25.9,390,2,355,2,,,,,
2026/09/09 18:54,2026-09-09T19:09:07+09:00,2026/09/10,2026/10/08,2026-10,PUT,69875,5350,,,31.76,,6020,1,5100,6,,,,,
2026/09/09 18:54,2026-09-09T19:09:07+09:00,2026/09/10,2026/10/08,2026-10,CALL,69750,450,,,26.31,26.08,390,2,380,2,,,,,
2026/09/09 18:54,2026-09-09T19:09:07+09:00,2026/09/10,2026/10/08,2026-10,PUT,69750,5230,,,28.25,22.09,5740,1,5480,1,,,,,
2026/09/09 18:54,2026-09-09T19:09:07+09:00,2026/09/10,2026/10/08,2026-10,CALL,69625,480,,,26.79,26.02,430,2,395,2,,,,,
2026/09/09 18:54,2026-09-09T19:09:07+09:00,2026/09/10,2026/10/08,2026-10,PUT,69625,5130,,,32.95,,5880,1,4880,6,,,,,
2026/09/09 18:54,2026-09-09T19:09:07+09:00,2026/09/10,2026/10/08,2026-10,CALL,69500,495,,2,26.49,25.95,435,6,410,6,25.71,-10,-2.04,480,09/09 18:03
2026/09/09 18:54,2026-09-09T19:09:07+09:00,2026/09/10,2026/10/08,2026-10,PUT,69500,5025,,,28.54,,5545,3,4785,3,,,,,
2026/09/09 18:54,2026-09-09T19:09:07+09:00,2026/09/10,2026/10/08,2026-10,CALL,69375,535,,,26.91,25.87,475,3,425,2,,,,,
2026/09/09 18:54,2026-09-09T19:09:07+09:00,2026/09/10,2026/10/08,2026-10,PUT,69375,4945,,,33.03,,5685,3,4695,8,,,,,
2026/09/09 18:54,2026-09-09T19:09:07+09:00,2026/09/10,2026/10/08,2026-10,CALL,69250,545,,,26.39,26.08,470,4,455,4,,,,,
2026/09/09 18:54,2026-09-09T19:09:07+09:00,2026/09/10,2026/10/08,2026-10,PUT,69250,4825,,,30.34,,5435,2,4575,8,,,,,
2026/09/09 18:54,2026-09-09T19:09:07+09:00,2026/09/10,2026/10/08,2026-10,CALL,69125,585,,,26.77,26.07,510,2,475,2,,,,,
2026/09/09 18:54,2026-09-09T19:09:07+09:00,2026/09/10,2026/10/08,2026-10,PUT,69125,4755,,,30.17,,5325,3,4505,8,,,,,
2026/09/09 18:54,2026-09-09T19:09:07+09:00,2026/09/10,2026/10/08,2026-10,CALL,69000,580,,35,26.54,26.15,520,2,500,2,25.86,-5,-0.86,575,09/09 17:51
2026/09/09 18:54,2026-09-09T19:09:07+09:00,2026/09/10,2026/10/08,2026-10,PUT,69000,4630,,,32.85,,5380,20,4390,22,,,,,
2026/09/09 18:54,2026-09-09T19:09:07+09:00,2026/09/10,2026/10/08,2026-10,CALL,68875,630,,,26.97,26.01,565,2,515,2,,,,,
2026/09/09 18:54,2026-09-09T19:09:07+09:00,2026/09/10,2026/10/08,2026-10,PUT,68875,4550,,,28.08,,5010,3,4300,8,,,,,
2026/09/09 18:54,2026-09-09T19:09:07+09:00,2026/09/10,2026/10/08,2026-10,CALL,68750,650,,,26.62,26.15,570,4,545,2,,,,,
2026/09/09 18:54,2026-09-09T19:09:07+09:00,2026/09/10,2026/10/08,2026-10,PUT,68750,4435,,,31.06,,5080,2,4185,8,,,,,
2026/09/09 18:54,2026-09-09T19:09:07+09:00,2026/09/10,2026/10/08,2026-10,CALL,68625,685,,,27,26.17,615,1,570,1,,,,,
2026/09/09 18:54,2026-09-09T19:09:07+09:00,2026/09/10,2026/10/08,2026-10,PUT,68625,4360,,,30.16,,4930,3,4110,8,,,,,
2026/09/09 18:54,2026-09-09T19:09:07+09:00,2026/09/10,2026/10/08,2026-10,CALL,68500,705,,2,26.72,26.27,625,4,600,2,26.29,25,3.7,700,09/09 17:40
2026/09/09 18:54,2026-09-09T19:09:07+09:00,2026/09/10,2026/10/08,2026-10,PUT,68500,4240,,,27.96,,4705,3,4000,3,,,,,
2026/09/09 18:54,2026-09-09T19:09:07+09:00,2026/09/10,2026/10/08,2026-10,CALL,68375,750,,,27.06,25.9,670,1,605,1,,,,,
2026/09/09 18:54,2026-09-09T19:09:07+09:00,2026/09/10,2026/10/08,2026-10,PUT,68375,4180,,,30.12,12.18,4735,3,3930,8,,,,,
2026/09/09 18:54,2026-09-09T19:09:07+09:00,2026/09/10,2026/10/08,2026-10,CALL,68250,765,,,26.67,26.32,675,3,655,3,,,,,
2026/09/09 18:54,2026-09-09T19:09:07+09:00,2026/09/10,2026/10/08,2026-10,PUT,68250,4055,,,31.98,11.88,4755,8,3805,8,,,,,
2026/09/09 18:54,2026-09-09T19:09:07+09:00,2026/09/10,2026/10/08,2026-10,CALL,68125,805,,,27.22,26.28,735,2,680,1,,,,,
2026/09/09 18:54,2026-09-09T19:09:07+09:00,2026/09/10,2026/10/08,2026-10,PUT,68125,3995,,,27.31,14.17,4375,2,3745,8,,,,,
2026/09/09 18:54,2026-09-09T19:09:07+09:00,2026/09/10,2026/10/08,2026-10,CALL,68000,835,,4,26.9,26.48,745,52,720,3,26.2,0,0,790,09/09 17:46
2026/09/09 18:54,2026-09-09T19:09:07+09:00,2026/09/10,2026/10/08,2026-10,PUT,68000,3870,,,28.31,14.14,4340,7,3630,22,,,,,
2026/09/09 18:54,2026-09-09T19:09:07+09:00,2026/09/10,2026/10/08,2026-10,CALL,67875,875,,,27.32,26.08,800,1,725,1,,,,,
2026/09/09 18:54,2026-09-09T19:09:07+09:00,2026/09/10,2026/10/08,2026-10,PUT,67875,3820,,,30.13,15.58,4360,3,3570,8,,,,,
2026/09/09 18:54,2026-09-09T19:09:07+09:00,2026/09/10,2026/10/08,2026-10,CALL,67750,905,,,26.98,26.16,810,2,760,3,,,,,
2026/09/09 18:54,2026-09-09T19:09:07+09:00,2026/09/10,2026/10/08,2026-10,PUT,67750,3750,,,30.7,21.88,4305,2,3770,2,,,,,
2026/09/09 18:54,2026-09-09T19:09:07+09:00,2026/09/10,2026/10/08,2026-10,CALL,67625,945,,,27.27,26.15,860,1,790,1,,,,,
2026/09/09 18:54,2026-09-09T19:09:07+09:00,2026/09/10,2026/10/08,2026-10,PUT,67625,3630,,,28.77,16.21,4090,7,3380,8,,,,,
2026/09/09 18:54,2026-09-09T19:09:07+09:00,2026/09/10,2026/10/08,2026-10,CALL,67500,980,,2,27.15,26.6,885,40,850,2,26.48,25,2.67,960,09/09 17:42
2026/09/09 18:54,2026-09-09T19:09:07+09:00,2026/09/10,2026/10/08,2026-10,PUT,67500,3680,,,26.52,25.4,3855,2,3785,15,,,,,
2026/09/09 18:54,2026-09-09T19:09:07+09:00,2026/09/10,2026/10/08,2026-10,CALL,67375,1025,,,27.4,26.54,935,2,880,1,,,,,
2026/09/09 18:54,2026-09-09T19:09:07+09:00,2026/09/10,2026/10/08,2026-10,PUT,67375,3470,,,28.94,17.23,3920,3,3220,8,,,,,
2026/09/09 18:54,2026-09-09T19:09:07+09:00,2026/09/10,2026/10/08,2026-10,CALL,67250,1060,,,27.25,26.63,960,13,920,13,,,,,
2026/09/09 18:54,2026-09-09T19:09:07+09:00,2026/09/10,2026/10/08,2026-10,PUT,67250,3505,,,26.71,25.47,3685,2,3605,10,,,,,
2026/09/09 18:54,2026-09-09T19:09:07+09:00,2026/09/10,2026/10/08,2026-10,CALL,67125,1120,,,27.46,26.63,1010,9,955,8,,,,,
2026/09/09 18:54,2026-09-09T19:09:07+09:00,2026/09/10,2026/10/08,2026-10,PUT,67125,3270,,,30.53,20.34,3850,3,3195,8,,,,,
2026/09/09 18:54,2026-09-09T19:09:07+09:00,2026/09/10,2026/10/08,2026-10,CALL,67000,1145,,,27.13,26.76,1025,5,1000,29,,,,,
2026/09/09 18:54,2026-09-09T19:09:07+09:00,2026/09/10,2026/10/08,2026-10,PUT,67000,3245,,,27.66,25.62,3570,10,3435,24,,,,,
2026/09/09 18:54,2026-09-09T19:09:07+09:00,2026/09/10,2026/10/08,2026-10,CALL,66875,1200,,,27.69,26.65,1100,1,1030,1,,,,,
2026/09/09 18:54,2026-09-09T19:09:07+09:00,2026/09/10,2026/10/08,2026-10,PUT,66875,3110,,,30.62,20.63,3685,7,3025,8,,,,,
2026/09/09 18:54,2026-09-09T19:09:07+09:00,2026/09/10,2026/10/08,2026-10,CALL,66750,1235,,,27.63,26.37,1135,2,1050,1,,,,,
2026/09/09 18:54,2026-09-09T19:09:07+09:00,2026/09/10,2026/10/08,2026-10,PUT,66750,3085,,,27.48,25.26,3385,2,3235,8,,,,,
2026/09/09 18:54,2026-09-09T19:09:07+09:00,2026/09/10,2026/10/08,2026-10,CALL,66625,1290,,,27.91,26.67,1195,2,1110,1,,,,,
2026/09/09 18:54,2026-09-09T19:09:07+09:00,2026/09/10,2026/10/08,2026-10,PUT,66625,2965,,,30.51,21.21,3510,5,2880,5,,,,,
2026/09/09 18:54,2026-09-09T19:09:07+09:00,2026/09/10,2026/10/08,2026-10,CALL,66500,1330,,12,27.82,26.95,1230,3,1170,3,26.86,35,2.79,1290,09/09 17:45
2026/09/09 18:54,2026-09-09T19:09:07+09:00,2026/09/10,2026/10/08,2026-10,PUT,66500,2930,,,27.96,25.5,3250,5,3080,3,,,,,
2026/09/09 18:54,2026-09-09T19:09:07+09:00,2026/09/10,2026/10/08,2026-10,CALL,66375,1390,,,28,26.85,1285,2,1205,1,,,,,
2026/09/09 18:54,2026-09-09T19:09:07+09:00,2026/09/10,2026/10/08,2026-10,PUT,66375,2810,,,30.27,21.08,3330,5,2695,5,,,,,
2026/09/09 18:54,2026-09-09T19:09:07+09:00,2026/09/10,2026/10/08,2026-10,CALL,66250,1435,,,27.88,27.09,1320,1,1265,1,,,,,
2026/09/09 18:54,2026-09-09T19:09:07+09:00,2026/09/10,2026/10/08,2026-10,PUT,66250,2785,,,27.17,25.88,3030,2,2940,2,,,,,
2026/09/09 18:54,2026-09-09T19:09:07+09:00,2026/09/10,2026/10/08,2026-10,CALL,66125,1495,,,28.02,27.03,1375,1,1305,1,,,,,
2026/09/09 18:54,2026-09-09T19:09:07+09:00,2026/09/10,2026/10/08,2026-10,PUT,66125,2670,,,29.28,21.38,3100,5,2545,5,,,,,
2026/09/09 18:54,2026-09-09T19:09:07+09:00,2026/09/10,2026/10/08,2026-10,CALL,66000,1540,,4,28.08,27.03,1425,4,1350,42,27.28,-80,-5.44,1390,09/09 18:41
2026/09/09 18:54,2026-09-09T19:09:07+09:00,2026/09/10,2026/10/08,2026-10,PUT,66000,2635,,5,27.94,26.04,2925,5,2790,1,25.71,-170,-6.28,2535,09/09 17:42
2026/09/09 18:54,2026-09-09T19:09:07+09:00,2026/09/10,2026/10/08,2026-10,CALL,65875,1605,,,28.26,26.8,1485,1,1380,20,,,,,
2026/09/09 18:54,2026-09-09T19:09:07+09:00,2026/09/10,2026/10/08,2026-10,PUT,65875,2535,,,28.47,23.22,2885,1,2510,6,,,,,
2026/09/09 18:54,2026-09-09T19:09:07+09:00,2026/09/10,2026/10/08,2026-10,CALL,65750,1655,,,28.28,27.18,1535,2,1455,1,,,,,
2026/09/09 18:54,2026-09-09T19:09:07+09:00,2026/09/10,2026/10/08,2026-10,PUT,65750,2590,,,27.38,26.34,2730,2,2655,2,,,,,
2026/09/09 18:54,2026-09-09T19:09:07+09:00,2026/09/10,2026/10/08,2026-10,CALL,65625,1720,,,28.36,26.92,1590,1,1485,20,,,,,
2026/09/09 18:54,2026-09-09T19:09:07+09:00,2026/09/10,2026/10/08,2026-10,PUT,65625,2395,,,28.64,25.26,2745,5,2500,6,,,,,
2026/09/09 18:54,2026-09-09T19:09:07+09:00,2026/09/10,2026/10/08,2026-10,CALL,65500,1765,,,28.29,27.4,1635,3,1570,3,,,,,
2026/09/09 18:54,2026-09-09T19:09:07+09:00,2026/09/10,2026/10/08,2026-10,PUT,65500,2385,,,27.67,26.57,2600,3,2520,3,,,,,
2026/09/09 18:54,2026-09-09T19:09:07+09:00,2026/09/10,2026/10/08,2026-10,CALL,65375,1835,,,28.4,27.58,1695,1,1635,7,,,,,
2026/09/09 18:54,2026-09-09T19:09:07+09:00,2026/09/10,2026/10/08,2026-10,PUT,65375,2265,,,27.51,26.14,2515,1,2415,7,,,,,
2026/09/09 18:54,2026-09-09T19:09:07+09:00,2026/09/10,2026/10/08,2026-10,CALL,65250,1890,,,28.71,27.34,1770,2,1670,2,,,,,
2026/09/09 18:54,2026-09-09T19:09:07+09:00,2026/09/10,2026/10/08,2026-10,PUT,65250,2250,,,27.61,26.8,2450,2,2390,2,,,,,
2026/09/09 18:54,2026-09-09T19:09:07+09:00,2026/09/10,2026/10/08,2026-10,CALL,65125,1965,,,28.86,27.29,1835,7,1720,20,,,,,
2026/09/09 18:54,2026-09-09T19:09:07+09:00,2026/09/10,2026/10/08,2026-10,PUT,65125,2185,,,27.84,26.34,2395,7,2285,7,,,,,
2026/09/09 18:54,2026-09-09T19:09:07+09:00,2026/09/10,2026/10/08,2026-10,CALL,65000,2020,,,28.79,27.5,1885,4,1790,22,,,,,
2026/09/09 18:54,2026-09-09T19:09:07+09:00,2026/09/10,2026/10/08,2026-10,PUT,65000,2135,,1,27.77,27.02,2320,3,2265,4,27.48,15,0.71,2125,09/09 17:44
2026/09/09 18:54,2026-09-09T19:09:07+09:00,2026/09/10,2026/10/08,2026-10,CALL,64875,2090,,,28.97,27.48,1955,7,1845,7,,,,,
2026/09/09 18:54,2026-09-09T19:09:07+09:00,2026/09/10,2026/10/08,2026-10,PUT,64875,2055,,,28.02,26.46,2270,7,2155,27,,,,,
2026/09/09 18:54,2026-09-09T19:09:07+09:00,2026/09/10,2026/10/08,2026-10,CALL,64750,2145,,,29.01,27.85,2015,2,1930,2,,,,,
2026/09/09 18:54,2026-09-09T19:09:07+09:00,2026/09/10,2026/10/08,2026-10,PUT,64750,2010,,,27.99,27.18,2200,2,2140,2,,,,,
2026/09/09 18:54,2026-09-09T19:09:07+09:00,2026/09/10,2026/10/08,2026-10,CALL,64625,2225,,,29.16,27.67,2085,7,1975,7,,,,,
2026/09/09 18:54,2026-09-09T19:09:07+09:00,2026/09/10,2026/10/08,2026-10,PUT,64625,1940,,,28.08,26.72,2140,7,2040,7,,,,,
2026/09/09 18:54,2026-09-09T19:09:07+09:00,2026/09/10,2026/10/08,2026-10,CALL,64500,2285,,,29.1,27.81,2140,3,2045,3,,,,,
2026/09/09 18:54,2026-09-09T19:09:07+09:00,2026/09/10,2026/10/08,2026-10,PUT,64500,1905,,,28.15,27.26,2080,3,2015,3,,,,,
2026/09/09 18:54,2026-09-09T19:09:07+09:00,2026/09/10,2026/10/08,2026-10,CALL,64375,2365,,,29.36,27.93,2220,7,2115,7,,,,,
2026/09/09 18:54,2026-09-09T19:09:07+09:00,2026/09/10,2026/10/08,2026-10,PUT,64375,1840,,,28.34,26.77,2030,7,1915,27,,,,,
2026/09/09 18:54,2026-09-09T19:09:07+09:00,2026/09/10,2026/10/08,2026-10,CALL,64250,2425,,,29.33,27.97,2280,2,2180,2,,,,,
2026/09/09 18:54,2026-09-09T19:09:07+09:00,2026/09/10,2026/10/08,2026-10,PUT,64250,1790,,,28.31,27.36,1965,2,1895,2,,,,,
2026/09/09 18:54,2026-09-09T19:09:07+09:00,2026/09/10,2026/10/08,2026-10,CALL,64125,2515,,,29.49,27.99,2355,6,2245,6,,,,,
2026/09/09 18:54,2026-09-09T19:09:07+09:00,2026/09/10,2026/10/08,2026-10,PUT,64125,1735,,,28.6,27.31,1925,20,1830,7,,,,,
2026/09/09 18:54,2026-09-09T19:09:07+09:00,2026/09/10,2026/10/08,2026-10,CALL,64000,2575,,,29.7,28.4,2435,1,2340,1,,,,,
2026/09/09 18:54,2026-09-09T19:09:07+09:00,2026/09/10,2026/10/08,2026-10,PUT,64000,1690,,,28.4,27.72,1850,1,1800,4,,,,,
2026/09/09 18:54,2026-09-09T19:09:07+09:00,2026/09/10,2026/10/08,2026-10,CALL,63875,2660,,,31.96,28.46,2665,5,2410,6,,,,,
2026/09/09 18:54,2026-09-09T19:09:07+09:00,2026/09/10,2026/10/08,2026-10,PUT,63875,1635,,,28.74,27.23,1815,7,1705,7,,,,,
2026/09/09 18:54,2026-09-09T19:09:07+09:00,2026/09/10,2026/10/08,2026-10,CALL,63750,2730,,,29.75,28.57,2570,2,2485,1,,,,,
2026/09/09 18:54,2026-09-09T19:09:07+09:00,2026/09/10,2026/10/08,2026-10,PUT,63750,1595,,,28.57,27.68,1745,1,1680,2,,,,,
2026/09/09 18:54,2026-09-09T19:09:07+09:00,2026/09/10,2026/10/08,2026-10,CALL,63625,2885,,,32.89,26.66,2865,5,2415,1,,,,,
2026/09/09 18:54,2026-09-09T19:09:07+09:00,2026/09/10,2026/10/08,2026-10,PUT,63625,1535,,,28.74,27.7,1700,6,1625,1,,,,,
2026/09/09 18:54,2026-09-09T19:09:07+09:00,2026/09/10,2026/10/08,2026-10,CALL,63500,2900,,,29.93,28.26,2720,3,2600,1,,,,,
2026/09/09 18:54,2026-09-09T19:09:07+09:00,2026/09/10,2026/10/08,2026-10,PUT,63500,1500,,,28.82,27.92,1650,1,1585,15,,,,,
2026/09/09 18:54,2026-09-09T19:09:07+09:00,2026/09/10,2026/10/08,2026-10,CALL,63375,3045,,,33.01,25.45,3010,5,2470,5,,,,,
2026/09/09 18:54,2026-09-09T19:09:07+09:00,2026/09/10,2026/10/08,2026-10,PUT,63375,1445,,,28.89,27.91,1600,8,1530,1,,,,,
2026/09/09 18:54,2026-09-09T19:09:07+09:00,2026/09/10,2026/10/08,2026-10,CALL,63250,3060,,,29.99,28.44,2865,2,2755,1,,,,,
2026/09/09 18:54,2026-09-09T19:09:07+09:00,2026/09/10,2026/10/08,2026-10,PUT,63250,1415,,,28.94,28.23,1550,1,1500,2,,,,,
2026/09/09 18:54,2026-09-09T19:09:07+09:00,2026/09/10,2026/10/08,2026-10,CALL,63125,3215,,,30.39,27.33,2965,1,2750,1,,,,,
2026/09/09 18:54,2026-09-09T19:09:07+09:00,2026/09/10,2026/10/08,2026-10,PUT,63125,1365,,,29.11,27.98,1510,7,1430,2,,,,,
2026/09/09 18:54,2026-09-09T19:09:07+09:00,2026/09/10,2026/10/08,2026-10,CALL,63000,3225,,,30.27,28.7,3030,23,2920,1,,,,,
2026/09/09 18:54,2026-09-09T19:09:07+09:00,2026/09/10,2026/10/08,2026-10,PUT,63000,1330,,12,29.13,28.77,1460,2,1435,2,29.01,-20,-1.46,1350,09/09 18:30
2026/09/09 18:54,2026-09-09T19:09:07+09:00,2026/09/10,2026/10/08,2026-10,CALL,62875,3395,,,30.85,27.98,3145,8,2945,3,,,,,
2026/09/09 18:54,2026-09-09T19:09:07+09:00,2026/09/10,2026/10/08,2026-10,PUT,62875,1285,,,29.28,28.19,1420,1,1345,2,,,,,
2026/09/09 18:54,2026-09-09T19:09:07+09:00,2026/09/10,2026/10/08,2026-10,CALL,62750,3405,,,31.07,29.12,3235,3,3100,1,,,,,
2026/09/09 18:54,2026-09-09T19:09:07+09:00,2026/09/10,2026/10/08,2026-10,PUT,62750,1245,,,29.33,28.68,1375,2,1330,11,,,,,
2026/09/09 18:54,2026-09-09T19:09:07+09:00,2026/09/10,2026/10/08,2026-10,CALL,62625,3565,,,31.13,27.1,3315,8,3040,3,,,,,
2026/09/09 18:54,2026-09-09T19:09:07+09:00,2026/09/10,2026/10/08,2026-10,PUT,62625,1205,,,29.52,28.43,1340,7,1265,1,,,,,
2026/09/09 18:54,2026-09-09T19:09:07+09:00,2026/09/10,2026/10/08,2026-10,CALL,62500,3645,,,31.1,29.26,3390,7,3265,2,,,,,
2026/09/09 18:54,2026-09-09T19:09:07+09:00,2026/09/10,2026/10/08,2026-10,PUT,62500,1175,,2,29.48,29.04,1290,2,1260,38,29.23,-35,-2.92,1165,09/09 18:10
2026/09/09 18:54,2026-09-09T19:09:07+09:00,2026/09/10,2026/10/08,2026-10,CALL,62375,3745,,,31.5,25.57,3495,8,3100,8,,,,,
2026/09/09 18:54,2026-09-09T19:09:07+09:00,2026/09/10,2026/10/08,2026-10,PUT,62375,1130,,,29.72,28.6,1260,1,1185,1,,,,,
2026/09/09 18:54,2026-09-09T19:09:07+09:00,2026/09/10,2026/10/08,2026-10,CALL,62250,3830,,,31.59,24.74,3580,8,3130,7,,,,,
2026/09/09 18:54,2026-09-09T19:09:07+09:00,2026/09/10,2026/10/08,2026-10,PUT,62250,1100,,,29.72,29.34,1215,3,1190,13,,,,,
2026/09/09 18:54,2026-09-09T19:09:07+09:00,2026/09/10,2026/10/08,2026-10,CALL,62125,3870,,,35.69,28.32,3935,8,3445,3,,,,,
2026/09/09 18:54,2026-09-09T19:09:07+09:00,2026/09/10,2026/10/08,2026-10,PUT,62125,1060,,,29.85,28.86,1180,1,1115,1,,,,,
2026/09/09 18:54,2026-09-09T19:09:07+09:00,2026/09/10,2026/10/08,2026-10,CALL,62000,3995,,,35.87,24.7,4025,22,3300,4,,,,,
2026/09/09 18:54,2026-09-09T19:09:07+09:00,2026/09/10,2026/10/08,2026-10,PUT,62000,1035,,1,29.97,29.66,1145,2,1125,5,30.03,-45,-4.21,1025,09/09 17:24
2026/09/09 18:54,2026-09-09T19:09:07+09:00,2026/09/10,2026/10/08,2026-10,CALL,61875,4065,,,36.25,27.4,4130,8,3555,3,,,,,
2026/09/09 18:54,2026-09-09T19:09:07+09:00,2026/09/10,2026/10/08,2026-10,PUT,61875,985,,,30.08,29.06,1110,1,1045,1,,,,,
2026/09/09 18:54,2026-09-09T19:09:07+09:00,2026/09/10,2026/10/08,2026-10,CALL,61750,4185,,,32.04,25.83,3935,2,3545,2,,,,,
2026/09/09 18:54,2026-09-09T19:09:07+09:00,2026/09/10,2026/10/08,2026-10,PUT,61750,970,,,30.32,29.54,1085,3,1035,2,,,,,
2026/09/09 18:54,2026-09-09T19:09:07+09:00,2026/09/10,2026/10/08,2026-10,CALL,61625,4270,,,36.78,25.93,4325,8,3640,3,,,,,
2026/09/09 18:54,2026-09-09T19:09:07+09:00,2026/09/10,2026/10/08,2026-10,PUT,61625,935,,,30.48,29.2,1055,8,975,2,,,,,
2026/09/09 18:54,2026-09-09T19:09:07+09:00,2026/09/10,2026/10/08,2026-10,CALL,61500,4395,,,32.7,29.01,4145,13,3915,3,,,,,
2026/09/09 18:54,2026-09-09T19:09:07+09:00,2026/09/10,2026/10/08,2026-10,PUT,61500,915,,,30.39,30.07,1010,2,990,4,,,,,
2026/09/09 18:54,2026-09-09T19:09:07+09:00,2026/09/10,2026/10/08,2026-10,CALL,61375,4465,,,40.26,27.87,4715,8,3935,3,,,,,
2026/09/09 18:54,2026-09-09T19:09:07+09:00,2026/09/10,2026/10/08,2026-10,PUT,61375,870,,,30.52,29.7,980,1,930,1,,,,,
2026/09/09 18:54,2026-09-09T19:09:07+09:00,2026/09/10,2026/10/08,2026-10,CALL,61250,4585,,,33.01,27.43,4335,8,4000,2,,,,,
2026/09/09 18:54,2026-09-09T19:09:07+09:00,2026/09/10,2026/10/08,2026-10,PUT,61250,855,,,30.64,30.14,950,3,920,14,,,,,
2026/09/09 18:54,2026-09-09T19:09:07+09:00,2026/09/10,2026/10/08,2026-10,CALL,61125,4665,,,32.9,28.09,4415,3,4130,3,,,,,
2026/09/09 18:54,2026-09-09T19:09:07+09:00,2026/09/10,2026/10/08,2026-10,PUT,61125,825,,,30.74,29.98,920,1,875,1,,,,,
2026/09/09 18:54,2026-09-09T19:09:07+09:00,2026/09/10,2026/10/08,2026-10,CALL,61000,4705,,,40.02,28.14,4945,22,4225,7,,,,,
2026/09/09 18:54,2026-09-09T19:09:07+09:00,2026/09/10,2026/10/08,2026-10,PUT,61000,805,,2,30.83,30.57,890,5,875,3,30.67,-60,-7.27,765,09/09 17:34
2026/09/09 18:54,2026-09-09T19:09:07+09:00,2026/09/10,2026/10/08,2026-10,CALL,60875,4850,,,41.15,24.03,5100,8,4100,3,,,,,
2026/09/09 18:54,2026-09-09T19:09:07+09:00,2026/09/10,2026/10/08,2026-10,PUT,60875,770,,,31.34,30.21,885,1,820,1,,,,,
2026/09/09 18:54,2026-09-09T19:09:07+09:00,2026/09/10,2026/10/08,2026-10,CALL,60750,4970,,,33.55,29.1,4720,2,4465,2,,,,,
2026/09/09 18:54,2026-09-09T19:09:07+09:00,2026/09/10,2026/10/08,2026-10,PUT,60750,755,,,31.14,30.7,840,2,815,14,,,,,
2026/09/09 18:54,2026-09-09T19:09:07+09:00,2026/09/10,2026/10/08,2026-10,CALL,60625,5050,,,41.66,26.17,5300,8,4405,3,,,,,
2026/09/09 18:54,2026-09-09T19:09:07+09:00,2026/09/10,2026/10/08,2026-10,PUT,60625,740,,,31.28,30.48,815,1,770,1,,,,,
2026/09/09 18:54,2026-09-09T19:09:07+09:00,2026/09/10,2026/10/08,2026-10,CALL,60500,5170,,,33.89,27.09,4920,3,4550,3,,,,,
2026/09/09 18:54,2026-09-09T19:09:07+09:00,2026/09/10,2026/10/08,2026-10,PUT,60500,710,,,31.32,31.05,785,2,770,4,,,,,
2026/09/09 18:54,2026-09-09T19:09:07+09:00,2026/09/10,2026/10/08,2026-10,CALL,60375,5250,,,42.14,25.06,5500,8,4550,8,,,,,
2026/09/09 18:54,2026-09-09T19:09:07+09:00,2026/09/10,2026/10/08,2026-10,PUT,60375,680,,,31.52,30.6,765,2,715,2,,,,,
2026/09/09 18:54,2026-09-09T19:09:07+09:00,2026/09/10,2026/10/08,2026-10,CALL,60250,5370,,,34.17,28.65,5120,2,4825,2,,,,,
2026/09/09 18:54,2026-09-09T19:09:07+09:00,2026/09/10,2026/10/08,2026-10,PUT,60250,655,,,31.62,31.34,740,2,725,2,,,,,
2026/09/09 18:54,2026-09-09T19:09:07+09:00,2026/09/10,2026/10/08,2026-10,CALL,60125,5470,,,42.92,28.48,5720,8,4915,3,,,,,
2026/09/09 18:54,2026-09-09T19:09:07+09:00,2026/09/10,2026/10/08,2026-10,PUT,60125,635,,,31.8,30.85,720,2,670,3,,,,,
2026/09/09 18:54,2026-09-09T19:09:07+09:00,2026/09/10,2026/10/08,2026-10,CALL,60000,5590,,,34.78,23.77,5340,22,4805,7,,,,,
2026/09/09 18:54,2026-09-09T19:09:07+09:00,2026/09/10,2026/10/08,2026-10,PUT,60000,640,,42,31.88,31.59,695,8,680,2,31.63,-25,-3.91,615,09/09 18:09
2026/09/09 18:54,2026-09-09T19:09:07+09:00,2026/09/10,2026/10/08,2026-10,CALL,59875,5700,,,35.08,30.14,5450,8,5195,3,,,,,
2026/09/09 18:54,2026-09-09T19:09:07+09:00,2026/09/10,2026/10/08,2026-10,PUT,59875,600,,,32.14,31.25,680,2,635,2,,,,,
2026/09/09 18:54,2026-09-09T19:09:07+09:00,2026/09/10,2026/10/08,2026-10,CALL,59750,5820,,,35.55,26.06,5570,8,5110,2,,,,,
2026/09/09 18:54,2026-09-09T19:09:07+09:00,2026/09/10,2026/10/08,2026-10,PUT,59750,590,,,32.19,31.89,655,4,640,2,,,,,
2026/09/09 18:54,2026-09-09T19:09:07+09:00,2026/09/10,2026/10/08,2026-10,CALL,59625,5895,,,35.17,23.03,5645,1,5100,1,,,,,
2026/09/09 18:54,2026-09-09T19:09:07+09:00,2026/09/10,2026/10/08,2026-10,PUT,59625,560,,,32.52,31.4,645,2,590,3,,,,,
2026/09/09 18:54,2026-09-09T19:09:07+09:00,2026/09/10,2026/10/08,2026-10,CALL,59500,6015,,,35.63,28.44,5765,2,5420,2,,,,,
2026/09/09 18:54,2026-09-09T19:09:07+09:00,2026/09/10,2026/10/08,2026-10,PUT,59500,555,,,32.45,32.14,615,6,600,2,,,,,
2026/09/09 18:54,2026-09-09T19:09:07+09:00,2026/09/10,2026/10/08,2026-10,CALL,59375,6140,,,36.18,29.51,5890,6,5570,5,,,,,
2026/09/09 18:54,2026-09-09T19:09:07+09:00,2026/09/10,2026/10/08,2026-10,PUT,59375,530,,,32.77,31.82,605,2,560,2,,,,,
2026/09/09 18:54,2026-09-09T19:09:07+09:00,2026/09/10,2026/10/08,2026-10,CALL,59250,6260,,,36.64,22.47,6010,7,5415,6,,,,,
2026/09/09 18:54,2026-09-09T19:09:07+09:00,2026/09/10,2026/10/08,2026-10,PUT,59250,520,,,32.77,32.45,580,4,565,4,,,,,
2026/09/09 18:54,2026-09-09T19:09:07+09:00,2026/09/10,2026/10/08,2026-10,CALL,59125,6360,,,36.7,28.83,6110,6,5750,5,,,,,
2026/09/09 18:54,2026-09-09T19:09:07+09:00,2026/09/10,2026/10/08,2026-10,PUT,59125,495,,,33.18,31.98,575,2,520,3,,,,,
2026/09/09 18:54,2026-09-09T19:09:07+09:00,2026/09/10,2026/10/08,2026-10,CALL,59000,6485,,,37.24,30.41,6235,18,5920,3,,,,,
2026/09/09 18:54,2026-09-09T19:09:07+09:00,2026/09/10,2026/10/08,2026-10,PUT,59000,485,,4,33.04,32.71,545,8,530,2,32.99,45,9.28,530,09/09 18:45
2026/09/09 18:54,2026-09-09T19:09:07+09:00,2026/09/10,2026/10/08,2026-10,CALL,58875,6560,,,36.77,23.89,6310,5,5795,1,,,,,
2026/09/09 18:54,2026-09-09T19:09:07+09:00,2026/09/10,2026/10/08,2026-10,PUT,58875,470,,,33.45,32.31,540,2,490,2,,,,,
2026/09/09 18:54,2026-09-09T19:09:07+09:00,2026/09/10,2026/10/08,2026-10,CALL,58750,6680,,,37.2,23.78,6430,7,5905,1,,,,,
2026/09/09 18:54,2026-09-09T19:09:07+09:00,2026/09/10,2026/10/08,2026-10,PUT,58750,460,,,33.39,33.04,515,4,500,4,,,,,
2026/09/09 18:54,2026-09-09T19:09:07+09:00,2026/09/10,2026/10/08,2026-10,CALL,58625,6805,,,37.74,23.04,6555,6,6000,1,,,,,
2026/09/09 18:54,2026-09-09T19:09:07+09:00,2026/09/10,2026/10/08,2026-10,PUT,58625,445,,,33.66,32.72,505,2,465,3,,,,,
2026/09/09 18:54,2026-09-09T19:09:07+09:00,2026/09/10,2026/10/08,2026-10,CALL,58500,6930,,,38.27,31.1,6680,12,6370,2,,,,,
2026/09/09 18:54,2026-09-09T19:09:07+09:00,2026/09/10,2026/10/08,2026-10,PUT,58500,435,,,33.7,33.22,485,6,465,6,,,,,
2026/09/09 18:54,2026-09-09T19:09:07+09:00,2026/09/10,2026/10/08,2026-10,CALL,58375,7035,,,38.38,28.65,6785,5,6390,5,,,,,
2026/09/09 18:54,2026-09-09T19:09:07+09:00,2026/09/10,2026/10/08,2026-10,PUT,58375,420,,,34.07,33.1,480,3,440,3,,,,,
2026/09/09 18:54,2026-09-09T19:09:07+09:00,2026/09/10,2026/10/08,2026-10,CALL,58250,7155,,,38.8,31.38,6905,7,6595,1,,,,,
2026/09/09 18:54,2026-09-09T19:09:07+09:00,2026/09/10,2026/10/08,2026-10,PUT,58250,415,,,33.96,33.71,455,5,445,2,,,,,
2026/09/09 18:54,2026-09-09T19:09:07+09:00,2026/09/10,2026/10/08,2026-10,CALL,58000,7380,,,39.3,27.72,7130,15,6695,15,,,,,
2026/09/09 18:54,2026-09-09T19:09:07+09:00,2026/09/10,2026/10/08,2026-10,PUT,58000,400,,1,34.31,34.05,430,11,420,2,34.31,30,7.5,430,09/09 18:54
2026/09/09 18:54,2026-09-09T19:09:07+09:00,2026/09/10,2026/10/08,2026-10,CALL,57750,7610,,,39.9,31.96,7360,7,7050,1,,,,,
2026/09/09 18:54,2026-09-09T19:09:07+09:00,2026/09/10,2026/10/08,2026-10,PUT,57750,370,,,34.62,34.35,405,5,395,5,,,,,
2026/09/09 18:54,2026-09-09T19:09:07+09:00,2026/09/10,2026/10/08,2026-10,CALL,57500,7840,,,40.47,18.11,7590,12,7005,2,,,,,
2026/09/09 18:54,2026-09-09T19:09:07+09:00,2026/09/10,2026/10/08,2026-10,PUT,57500,345,,,35.03,34.61,385,8,370,2,,,,,
2026/09/09 18:54,2026-09-09T19:09:07+09:00,2026/09/10,2026/10/08,2026-10,CALL,57250,8070,,,41.02,25.7,7820,7,7340,1,,,,,
2026/09/09 18:54,2026-09-09T19:09:07+09:00,2026/09/10,2026/10/08,2026-10,PUT,57250,330,,,35.41,34.98,365,5,350,5,,,,,
2026/09/09 18:54,2026-09-09T19:09:07+09:00,2026/09/10,2026/10/08,2026-10,CALL,57000,8305,,,41.68,22.8,8055,15,7535,3,,,,,
2026/09/09 18:54,2026-09-09T19:09:07+09:00,2026/09/10,2026/10/08,2026-10,PUT,57000,310,,15,35.76,35.46,345,11,335,2,35.63,10,3.08,335,09/09 18:49
2026/09/09 18:54,2026-09-09T19:09:07+09:00,2026/09/10,2026/10/08,2026-10,CALL,56750,8535,,,42.19,29.01,8285,7,7875,1,,,,,
2026/09/09 18:54,2026-09-09T19:09:07+09:00,2026/09/10,2026/10/08,2026-10,PUT,56750,292,,,36.07,35.76,325,3,315,2,,,,,
2026/09/09 18:54,2026-09-09T19:09:07+09:00,2026/09/10,2026/10/08,2026-10,CALL,56500,8770,,,42.81,,8520,12,7900,2,,,,,
2026/09/09 18:54,2026-09-09T19:09:07+09:00,2026/09/10,2026/10/08,2026-10,PUT,56500,280,,1,36.51,36.19,310,8,300,2,36.64,-12,-4.17,276,09/09 17:23
2026/09/09 18:54,2026-09-09T19:09:07+09:00,2026/09/10,2026/10/08,2026-10,CALL,56250,9005,,,43.42,,8755,7,8230,1,,,,,
2026/09/09 18:54,2026-09-09T19:09:07+09:00,2026/09/10,2026/10/08,2026-10,PUT,56250,264,,,36.86,36.45,293,2,281,5,,,,,
2026/09/09 18:54,2026-09-09T19:09:07+09:00,2026/09/10,2026/10/08,2026-10,CALL,56000,9245,,,44.14,,8995,18,8400,3,,,,,
2026/09/09 18:54,2026-09-09T19:09:07+09:00,2026/09/10,2026/10/08,2026-10,PUT,56000,253,,2,37.21,36.89,277,9,268,11,37.09,2,0.79,255,09/09 18:31
2026/09/09 18:54,2026-09-09T19:09:07+09:00,2026/09/10,2026/10/08,2026-10,CALL,55750,9480,,,44.72,,9230,7,8650,1,,,,,
2026/09/09 18:54,2026-09-09T19:09:07+09:00,2026/09/10,2026/10/08,2026-10,PUT,55750,238,,3,37.63,37.19,264,2,252,18,37.81,18,8.22,237,09/09 18:07
2026/09/09 18:54,2026-09-09T19:09:07+09:00,2026/09/10,2026/10/08,2026-10,CALL,55500,9720,,,45.43,29.38,9470,12,9065,2,,,,,
2026/09/09 18:54,2026-09-09T19:09:07+09:00,2026/09/10,2026/10/08,2026-10,PUT,55500,230,,3,38.07,37.61,252,8,240,8,38.23,-4,-1.74,226,09/09 18:07
2026/09/09 18:54,2026-09-09T19:09:07+09:00,2026/09/10,2026/10/08,2026-10,CALL,55250,9955,,,45.98,,9705,7,9120,1,,,,,
2026/09/09 18:54,2026-09-09T19:09:07+09:00,2026/09/10,2026/10/08,2026-10,PUT,55250,227,,,38.44,38.05,239,2,229,5,,,,,
2026/09/09 18:54,2026-09-09T19:09:07+09:00,2026/09/10,2026/10/08,2026-10,CALL,55000,10195,,,46.66,27.75,9945,18,9530,3,,,,,
2026/09/09 18:54,2026-09-09T19:09:07+09:00,2026/09/10,2026/10/08,2026-10,PUT,55000,208,,4,38.87,38.58,228,11,221,3,39.05,-3,-1.44,205,09/09 18:07
2026/09/09 18:54,2026-09-09T19:09:07+09:00,2026/09/10,2026/10/08,2026-10,CALL,54750,10435,,,47.33,28.96,10185,7,9785,1,,,,,
2026/09/09 18:54,2026-09-09T19:09:07+09:00,2026/09/10,2026/10/08,2026-10,PUT,54750,195,,,39.23,38.76,216,3,205,11,,,,,
2026/09/09 18:54,2026-09-09T19:09:07+09:00,2026/09/10,2026/10/08,2026-10,CALL,54500,10675,,,,,,,,,,,,,
2026/09/09 18:54,2026-09-09T19:09:07+09:00,2026/09/10,2026/10/08,2026-10,PUT,54500,187,,,39.66,39.3,206,8,198,10,,,,,
2026/09/09 18:54,2026-09-09T19:09:07+09:00,2026/09/10,2026/10/08,2026-10,CALL,54250,10915,,,,,,,,,,,,,
2026/09/09 18:54,2026-09-09T19:09:07+09:00,2026/09/10,2026/10/08,2026-10,PUT,54250,177,,,40.1,39.69,197,7,188,7,,,,,
2026/09/09 18:54,2026-09-09T19:09:07+09:00,2026/09/10,2026/10/08,2026-10,CALL,54000,11160,,,,,,,,,,,,,
2026/09/09 18:54,2026-09-09T19:09:07+09:00,2026/09/10,2026/10/08,2026-10,PUT,54000,170,,,40.58,40.19,189,17,181,14,,,,,
2026/09/09 18:54,2026-09-09T19:09:07+09:00,2026/09/10,2026/10/08,2026-10,CALL,53750,11400,,,,,,,,,,,,,
2026/09/09 18:54,2026-09-09T19:09:07+09:00,2026/09/10,2026/10/08,2026-10,PUT,53750,162,,,41.03,40.48,181,8,170,12,,,,,
2026/09/09 18:54,2026-09-09T19:09:07+09:00,2026/09/10,2026/10/08,2026-10,CALL,53500,11645,,,,,,,,,,,,,
2026/09/09 18:54,2026-09-09T19:09:07+09:00,2026/09/10,2026/10/08,2026-10,PUT,53500,158,,,41.42,40.95,172,12,163,12,,,,,
2026/09/09 18:54,2026-09-09T19:09:07+09:00,2026/09/10,2026/10/08,2026-10,CALL,53250,11885,,,,,,,,,,,,,
2026/09/09 18:54,2026-09-09T19:09:07+09:00,2026/09/10,2026/10/08,2026-10,PUT,53250,148,,,41.88,41.34,165,2,155,12,,,,,
2026/09/09 18:54,2026-09-09T19:09:07+09:00,2026/09/10,2026/10/08,2026-10,CALL,53000,12130,,,,,,,,,,,,,
2026/09/09 18:54,2026-09-09T19:09:07+09:00,2026/09/10,2026/10/08,2026-10,PUT,53000,144,,5,42.28,41.88,157,18,150,2,42.28,10,6.94,154,09/09 18:50
2026/09/09 18:54,2026-09-09T19:09:07+09:00,2026/09/10,2026/10/08,2026-10,CALL,52750,12370,,,,,,,,,,,,,
2026/09/09 18:54,2026-09-09T19:09:07+09:00,2026/09/10,2026/10/08,2026-10,PUT,52750,133,,,42.7,42.24,150,7,142,13,,,,,
2026/09/09 18:54,2026-09-09T19:09:07+09:00,2026/09/10,2026/10/08,2026-10,CALL,52500,12615,,,,,,,,,,,,,
2026/09/09 18:54,2026-09-09T19:09:07+09:00,2026/09/10,2026/10/08,2026-10,PUT,52500,129,,,43.29,42.69,146,14,136,4,,,,,
2026/09/09 18:54,2026-09-09T19:09:07+09:00,2026/09/10,2026/10/08,2026-10,CALL,52250,12860,,,,,,,,,,,,,
2026/09/09 18:54,2026-09-09T19:09:07+09:00,2026/09/10,2026/10/08,2026-10,PUT,52250,124,,,43.63,43.06,138,7,129,13,,,,,
2026/09/09 18:54,2026-09-09T19:09:07+09:00,2026/09/10,2026/10/08,2026-10,CALL,52000,13105,,,,,,,,,,,,,
2026/09/09 18:54,2026-09-09T19:09:07+09:00,2026/09/10,2026/10/08,2026-10,PUT,52000,118,,,44.13,43.6,133,2,125,2,,,,,
2026/09/09 18:54,2026-09-09T19:09:07+09:00,2026/09/10,2026/10/08,2026-10,CALL,51750,13350,,,,,,,,,,,,,
2026/09/09 18:54,2026-09-09T19:09:07+09:00,2026/09/10,2026/10/08,2026-10,PUT,51750,112,,2,44.55,44.27,127,2,123,3,44.37,-1,-0.84,118,09/09 18:34
2026/09/09 18:54,2026-09-09T19:09:07+09:00,2026/09/10,2026/10/08,2026-10,CALL,51500,13595,,,,,,,,,,,,,
2026/09/09 18:54,2026-09-09T19:09:07+09:00,2026/09/10,2026/10/08,2026-10,PUT,51500,108,,,45.01,44.66,122,16,117,5,,,,,
2026/09/09 18:54,2026-09-09T19:09:07+09:00,2026/09/10,2026/10/08,2026-10,CALL,51250,13840,,,,,,,,,,,,,
2026/09/09 18:54,2026-09-09T19:09:07+09:00,2026/09/10,2026/10/08,2026-10,PUT,51250,104,,,45.4,44.88,116,8,109,6,,,,,
2026/09/09 18:54,2026-09-09T19:09:07+09:00,2026/09/10,2026/10/08,2026-10,CALL,51000,14085,,,,,,,,,,,,,
2026/09/09 18:54,2026-09-09T19:09:07+09:00,2026/09/10,2026/10/08,2026-10,PUT,51000,99,,2,45.91,45.29,112,23,104,6,45.96,-5,-4.76,100,09/09 18:06
2026/09/09 18:54,2026-09-09T19:09:07+09:00,2026/09/10,2026/10/08,2026-10,CALL,50750,14330,,,,,,,,,,,,,
2026/09/09 18:54,2026-09-09T19:09:07+09:00,2026/09/10,2026/10/08,2026-10,PUT,50750,95,,,46.33,45.77,107,8,100,4,,,,,
2026/09/09 18:54,2026-09-09T19:09:07+09:00,2026/09/10,2026/10/08,2026-10,CALL,50500,14575,,,,,,,,,,,,,
2026/09/09 18:54,2026-09-09T19:09:07+09:00,2026/09/10,2026/10/08,2026-10,PUT,50500,90,,,46.81,46.15,103,2,95,3,,,,,
2026/09/09 18:54,2026-09-09T19:09:07+09:00,2026/09/10,2026/10/08,2026-10,CALL,50250,14820,,,,,,,,,,,,,
2026/09/09 18:54,2026-09-09T19:09:07+09:00,2026/09/10,2026/10/08,2026-10,PUT,50250,88,,,47.2,46.68,98,8,92,13,,,,,
2026/09/09 18:54,2026-09-09T19:09:07+09:00,2026/09/10,2026/10/08,2026-10,CALL,50000,15070,,,,,,,,,,,,,
2026/09/09 18:54,2026-09-09T19:09:07+09:00,2026/09/10,2026/10/08,2026-10,PUT,50000,83,,7,47.99,47.11,98,22,88,25,47.71,0,0,91,09/09 18:39
2026/09/09 18:54,2026-09-09T19:09:07+09:00,2026/09/10,2026/10/08,2026-10,CALL,49750,15315,,,,,,,,,,,,,
2026/09/09 18:54,2026-09-09T19:09:07+09:00,2026/09/10,2026/10/08,2026-10,PUT,49750,81,,,48.36,47.53,93,8,84,12,,,,,
2026/09/09 18:54,2026-09-09T19:09:07+09:00,2026/09/10,2026/10/08,2026-10,CALL,49500,15560,,,,,,,,,,,,,
2026/09/09 18:54,2026-09-09T19:09:07+09:00,2026/09/10,2026/10/08,2026-10,PUT,49500,77,,,48.79,48.02,89,16,81,2,,,,,
2026/09/09 18:54,2026-09-09T19:09:07+09:00,2026/09/10,2026/10/08,2026-10,CALL,49250,15810,,,,,,,,,,,,,
2026/09/09 18:54,2026-09-09T19:09:07+09:00,2026/09/10,2026/10/08,2026-10,PUT,49250,75,,,49.39,48.51,87,10,78,8,,,,,
2026/09/09 18:54,2026-09-09T19:09:07+09:00,2026/09/10,2026/10/08,2026-10,CALL,49000,16055,,,,,,,,,,,,,
2026/09/09 18:54,2026-09-09T19:09:07+09:00,2026/09/10,2026/10/08,2026-10,PUT,49000,71,,1,49.7,48.87,82,24,74,2,49.31,14,22.58,76,09/09 18:40
2026/09/09 18:54,2026-09-09T19:09:07+09:00,2026/09/10,2026/10/08,2026-10,CALL,48750,16305,,,,,,,,,,,,,
2026/09/09 18:54,2026-09-09T19:09:07+09:00,2026/09/10,2026/10/08,2026-10,PUT,48750,69,,,50.08,49.33,78,10,71,14,,,,,
2026/09/09 18:54,2026-09-09T19:09:07+09:00,2026/09/10,2026/10/08,2026-10,CALL,48500,16550,,,,,,,,,,,,,
2026/09/09 18:54,2026-09-09T19:09:07+09:00,2026/09/10,2026/10/08,2026-10,PUT,48500,66,,,50.77,49.77,77,16,68,20,,,,,
2026/09/09 18:54,2026-09-09T19:09:07+09:00,2026/09/10,2026/10/08,2026-10,CALL,48250,16795,,,,,,,,,,,,,
2026/09/09 18:54,2026-09-09T19:09:07+09:00,2026/09/10,2026/10/08,2026-10,PUT,48250,63,,,51.12,50.31,73,10,66,2,,,,,
2026/09/09 18:54,2026-09-09T19:09:07+09:00,2026/09/10,2026/10/08,2026-10,CALL,48000,17045,,,,,,,,,,,,,
2026/09/09 18:54,2026-09-09T19:09:07+09:00,2026/09/10,2026/10/08,2026-10,PUT,48000,61,,,51.68,50.73,71,24,63,28,,,,,
2026/09/09 18:54,2026-09-09T19:09:07+09:00,2026/09/10,2026/10/08,2026-10,CALL,47750,17290,,,,,,,,,,,,,
2026/09/09 18:54,2026-09-09T19:09:07+09:00,2026/09/10,2026/10/08,2026-10,PUT,47750,58,,,52.12,51.25,68,10,61,10,,,,,
2026/09/09 18:54,2026-09-09T19:09:07+09:00,2026/09/10,2026/10/08,2026-10,CALL,47500,17540,,,,,,,,,,,,,
2026/09/09 18:54,2026-09-09T19:09:07+09:00,2026/09/10,2026/10/08,2026-10,PUT,47500,56,,,52.91,51.64,68,20,58,2,,,,,
2026/09/09 18:54,2026-09-09T19:09:07+09:00,2026/09/10,2026/10/08,2026-10,CALL,47250,17785,,,,,,,,,,,,,
2026/09/09 18:54,2026-09-09T19:09:07+09:00,2026/09/10,2026/10/08,2026-10,PUT,47250,54,,,53.33,52,65,36,55,10,,,,,
2026/09/09 18:54,2026-09-09T19:09:07+09:00,2026/09/10,2026/10/08,2026-10,CALL,47000,18035,,,,,,,,,,,,,
2026/09/09 18:54,2026-09-09T19:09:07+09:00,2026/09/10,2026/10/08,2026-10,PUT,47000,52,,,53.6,52.34,61,24,52,28,,,,,
2026/09/09 18:54,2026-09-09T19:09:07+09:00,2026/09/10,2026/10/08,2026-10,CALL,46750,18280,,,,,,,,,,,,,
2026/09/09 18:54,2026-09-09T19:09:07+09:00,2026/09/10,2026/10/08,2026-10,PUT,46750,50,,,54.39,52.97,61,12,51,14,,,,,
2026/09/09 18:54,2026-09-09T19:09:07+09:00,2026/09/10,2026/10/08,2026-10,CALL,46500,18530,,,,,,,,,,,,,
2026/09/09 18:54,2026-09-09T19:09:07+09:00,2026/09/10,2026/10/08,2026-10,PUT,46500,48,,,54.77,53.43,58,20,49,20,,,,,
2026/09/09 18:54,2026-09-09T19:09:07+09:00,2026/09/10,2026/10/08,2026-10,CALL,46250,18775,,,,,,,,,,,,,
2026/09/09 18:54,2026-09-09T19:09:07+09:00,2026/09/10,2026/10/08,2026-10,PUT,46250,45,,,55.27,53.89,56,2,47,2,,,,,
2026/09/09 18:54,2026-09-09T19:09:07+09:00,2026/09/10,2026/10/08,2026-10,CALL,46000,19025,,,,,,,,,,,,,
2026/09/09 18:54,2026-09-09T19:09:07+09:00,2026/09/10,2026/10/08,2026-10,PUT,46000,45,,,55.46,54.33,52,1,45,28,,,,,
2026/09/09 18:54,2026-09-09T19:09:07+09:00,2026/09/10,2026/10/08,2026-10,CALL,45750,19275,,,,,,,,,,,,,
2026/09/09 18:54,2026-09-09T19:09:07+09:00,2026/09/10,2026/10/08,2026-10,PUT,45750,42,,,56.7,54.21,55,2,40,2,,,,,
2026/09/09 18:54,2026-09-09T19:09:07+09:00,2026/09/10,2026/10/08,2026-10,CALL,45500,19520,,,,,,,,,,,,,
2026/09/09 18:54,2026-09-09T19:09:07+09:00,2026/09/10,2026/10/08,2026-10,PUT,45500,39,,,57.19,54.59,53,2,38,2,,,,,
2026/09/09 18:54,2026-09-09T19:09:07+09:00,2026/09/10,2026/10/08,2026-10,CALL,45250,19770,,,,,,,,,,,,,
2026/09/09 18:54,2026-09-09T19:09:07+09:00,2026/09/10,2026/10/08,2026-10,PUT,45250,39,,,57.67,55.16,51,2,37,2,,,,,
2026/09/09 18:54,2026-09-09T19:09:07+09:00,2026/09/10,2026/10/08,2026-10,CALL,45000,20020,,,,,,,,,,,,,
2026/09/09 18:54,2026-09-09T19:09:07+09:00,2026/09/10,2026/10/08,2026-10,PUT,45000,37,,,57.44,55.52,45,1,35,2,,,,,
2026/09/09 18:54,2026-09-09T19:09:07+09:00,2026/09/10,2026/10/08,2026-10,CALL,44750,20270,,,,,,,,,,,,,
2026/09/09 18:54,2026-09-09T19:09:07+09:00,2026/09/10,2026/10/08,2026-10,PUT,44750,37,,,58.76,56.07,48,2,34,2,,,,,
2026/09/09 18:54,2026-09-09T19:09:07+09:00,2026/09/10,2026/10/08,2026-10,CALL,44500,20515,,,,,,,,,,,,,
2026/09/09 18:54,2026-09-09T19:09:07+09:00,2026/09/10,2026/10/08,2026-10,PUT,44500,34,,,60.07,54.09,51,6,23,7,,,,,
2026/09/09 18:54,2026-09-09T19:09:07+09:00,2026/09/10,2026/10/08,2026-10,CALL,44250,20760,,,,,,,,,,,,,
2026/09/09 18:54,2026-09-09T19:09:07+09:00,2026/09/10,2026/10/08,2026-10,PUT,44250,33,,,60.53,54.23,49,6,21,7,,,,,
2026/09/09 18:54,2026-09-09T19:09:07+09:00,2026/09/10,2026/10/08,2026-10,CALL,44000,21010,,,,,,,,,,,,,
2026/09/09 18:54,2026-09-09T19:09:07+09:00,2026/09/10,2026/10/08,2026-10,PUT,44000,31,,,61.16,55.58,48,6,23,7,,,,,
2026/09/09 18:54,2026-09-09T19:09:07+09:00,2026/09/10,2026/10/08,2026-10,CALL,43750,21255,,,,,,,,,,,,,
2026/09/09 18:54,2026-09-09T19:09:07+09:00,2026/09/10,2026/10/08,2026-10,PUT,43750,26,,,61.79,55.06,47,6,19,7,,,,,
2026/09/09 18:54,2026-09-09T19:09:07+09:00,2026/09/10,2026/10/08,2026-10,CALL,43500,21505,,,,,,,,,,,,,
2026/09/09 18:54,2026-09-09T19:09:07+09:00,2026/09/10,2026/10/08,2026-10,PUT,43500,26,,,62.23,55.08,45,6,17,7,,,,,
2026/09/09 18:54,2026-09-09T19:09:07+09:00,2026/09/10,2026/10/08,2026-10,CALL,43250,21755,,,,,,,,,,,,,
2026/09/09 18:54,2026-09-09T19:09:07+09:00,2026/09/10,2026/10/08,2026-10,PUT,43250,24,,,63.42,55.43,47,7,16,7,,,,,
2026/09/09 18:54,2026-09-09T19:09:07+09:00,2026/09/10,2026/10/08,2026-10,CALL,43000,22000,,,,,,,,,,,,,
2026/09/09 18:54,2026-09-09T19:09:07+09:00,2026/09/10,2026/10/08,2026-10,PUT,43000,28,,1,61.28,58.28,33,1,22,33,60.94,3,10.71,31,09/09 18:47
2026/09/09 18:54,2026-09-09T19:09:07+09:00,2026/09/10,2026/10/08,2026-10,CALL,42750,22250,,,,,,,,,,,,,
2026/09/09 18:54,2026-09-09T19:09:07+09:00,2026/09/10,2026/10/08,2026-10,PUT,42750,22,,,64.67,56.05,45,7,14,7,,,,,
2026/09/09 18:54,2026-09-09T19:09:07+09:00,2026/09/10,2026/10/08,2026-10,CALL,42000,22995,,,,,,,,,,,,,
2026/09/09 18:54,2026-09-09T19:09:07+09:00,2026/09/10,2026/10/08,2026-10,PUT,42000,21,,,64.47,59.53,33,6,17,12,,,,,
2026/09/09 18:54,2026-09-09T19:09:07+09:00,2026/09/10,2026/10/08,2026-10,CALL,41000,23990,,,,,,,,,,,,,
2026/09/09 18:54,2026-09-09T19:09:07+09:00,2026/09/10,2026/10/08,2026-10,PUT,41000,20,,,66.64,63.74,29,6,20,1,,,,,
2026/09/09 18:54,2026-09-09T19:09:07+09:00,2026/09/10,2026/10/08,2026-10,CALL,40000,24985,,,,,,,,,,,,,
2026/09/09 18:54,2026-09-09T19:09:07+09:00,2026/09/10,2026/10/08,2026-10,PUT,40000,17,,2,66.91,65.24,20,2,16,1,66.85,0,0,18,09/09 18:00
2026/09/09 18:54,2026-09-09T19:09:07+09:00,2026/09/10,2026/10/08,2026-10,CALL,39000,25985,,,,,,,,,,,,,
2026/09/09 18:54,2026-09-09T19:09:07+09:00,2026/09/10,2026/10/08,2026-10,PUT,39000,14,,,71.64,65.73,24,6,11,20,,,,,
2026/09/09 18:54,2026-09-09T19:09:07+09:00,2026/09/10,2026/10/08,2026-10,CALL,38000,26980,,,,,,,,,,,,,
2026/09/09 18:54,2026-09-09T19:09:07+09:00,2026/09/10,2026/10/08,2026-10,PUT,38000,12,,,73.87,67.47,21,6,9,1,,,,,
2026/09/09 18:54,2026-09-09T19:09:07+09:00,2026/09/10,2026/10/08,2026-10,CALL,37000,27975,,,,,,,,,,,,,
2026/09/09 18:54,2026-09-09T19:09:07+09:00,2026/09/10,2026/10/08,2026-10,PUT,37000,10,,,74.45,69.81,15,3,8,1,,,,,
2026/09/09 18:54,2026-09-09T19:09:07+09:00,2026/09/10,2026/10/08,2026-10,CALL,36000,28975,,,,,,,,,,,,,
2026/09/09 18:54,2026-09-09T19:09:07+09:00,2026/09/10,2026/10/08,2026-10,PUT,36000,8,,,77.27,72.08,14,15,7,17,,,,,
2026/09/09 18:54,2026-09-09T19:09:07+09:00,2026/09/10,2026/10/08,2026-10,CALL,35000,29970,,,,,,,,,,,,,
2026/09/09 18:54,2026-09-09T19:09:07+09:00,2026/09/10,2026/10/08,2026-10,PUT,35000,7,,,77.99,76.3,10,17,8,1,,,,,
2026/09/09 18:54,2026-09-09T19:09:07+09:00,2026/09/10,2026/10/08,2026-10,CALL,34000,30970,,,,,,,,,,,,,
2026/09/09 18:54,2026-09-09T19:09:07+09:00,2026/09/10,2026/10/08,2026-10,PUT,34000,6,,,82.94,77.55,12,15,6,16,,,,,
2026/09/09 18:54,2026-09-09T19:09:07+09:00,2026/09/10,2026/10/08,2026-10,CALL,33000,31970,,,,,,,,,,,,,
2026/09/09 18:54,2026-09-09T19:09:07+09:00,2026/09/10,2026/10/08,2026-10,PUT,33000,5,,,85.79,76.19,11,15,3,43,,,,,
2026/09/09 18:54,2026-09-09T19:09:07+09:00,2026/09/10,2026/10/08,2026-10,CALL,32000,32970,,,,,,,,,,,,,
2026/09/09 18:54,2026-09-09T19:09:07+09:00,2026/09/10,2026/10/08,2026-10,PUT,32000,4,,,88.62,81.45,10,15,4,16,,,,,
2026/09/09 18:54,2026-09-09T19:09:07+09:00,2026/09/10,2026/10/08,2026-10,CALL,31000,33970,,,,,,,,,,,,,
2026/09/09 18:54,2026-09-09T19:09:07+09:00,2026/09/10,2026/10/08,2026-10,PUT,31000,4,,1,88.04,82.9,6,42,3,42,88.61,1,20,6,09/09 18:13
2026/09/09 18:54,2026-09-09T19:09:07+09:00,2026/09/10,2026/10/08,2026-10,CALL,30000,34965,,,,,,,,,,,,,
2026/09/09 18:54,2026-09-09T19:09:07+09:00,2026/09/10,2026/10/08,2026-10,PUT,30000,3,,,90.27,86.42,5,22,3,41,,,,,
2026/09/09 18:54,2026-09-09T19:09:07+09:00,2026/09/10,2026/10/08,2026-10,CALL,29000,35965,,,,,,,,,,,,,
2026/09/09 18:54,2026-09-09T19:09:07+09:00,2026/09/10,2026/10/08,2026-10,PUT,29000,2,,,94.05,87.19,5,16,2,26,,,,,
2026/09/09 18:54,2026-09-09T19:09:07+09:00,2026/09/10,2026/10/08,2026-10,CALL,28000,36965,,,,,,,,,,,,,
2026/09/09 18:54,2026-09-09T19:09:07+09:00,2026/09/10,2026/10/08,2026-10,PUT,28000,2,,,96.1,90.84,4,17,2,26,,,,,
2026/09/09 18:54,2026-09-09T19:09:07+09:00,2026/09/10,2026/10/08,2026-10,CALL,27000,37965,,,,,,,,,,,,,
2026/09/09 18:54,2026-09-09T19:09:07+09:00,2026/09/10,2026/10/08,2026-10,PUT,27000,2,,5,105.15,94.63,7,27,2,8,98.21,,,3,09/09 18:21
2026/09/09 18:54,2026-09-09T19:09:07+09:00,2026/09/10,2026/12/10,2026-12,CALL,67250,2515,,,26.84,25.97,2410,1,2300,20,,,,,
2026/09/09 18:54,2026-09-09T19:09:07+09:00,2026/09/10,2026/12/10,2026-12,PUT,67250,4655,,,,,,,,,,,,,
2026/09/09 18:54,2026-09-09T19:09:07+09:00,2026/09/10,2026/12/10,2026-12,CALL,67000,2620,,,26.87,26.04,2505,1,2400,20,,,,,
2026/09/09 18:54,2026-09-09T19:09:07+09:00,2026/09/10,2026/12/10,2026-12,PUT,67000,4510,,,,,,,,,,,,,
2026/09/09 18:54,2026-09-09T19:09:07+09:00,2026/09/10,2026/12/10,2026-12,CALL,66750,2725,,,26.95,26.17,2610,1,2510,1,,,,,
2026/09/09 18:54,2026-09-09T19:09:07+09:00,2026/09/10,2026/12/10,2026-12,PUT,66750,4375,,,26.37,25.43,4635,20,4515,20,,,,,
2026/09/09 18:54,2026-09-09T19:09:07+09:00,2026/09/10,2026/12/10,2026-12,CALL,66500,2835,,,27.06,26.24,2720,1,2615,1,,,,,
2026/09/09 18:54,2026-09-09T19:09:07+09:00,2026/09/10,2026/12/10,2026-12,PUT,66500,4230,,,26.44,25.51,4490,20,4370,20,,,,,
2026/09/09 18:54,2026-09-09T19:09:07+09:00,2026/09/10,2026/12/10,2026-12,CALL,66250,2945,,,27.1,26.29,2825,1,2720,1,,,,,
2026/09/09 18:54,2026-09-09T19:09:07+09:00,2026/09/10,2026/12/10,2026-12,PUT,66250,4090,,,26.52,25.59,4350,20,4230,20,,,,,
2026/09/09 18:54,2026-09-09T19:09:07+09:00,2026/09/10,2026/12/10,2026-12,CALL,66000,3060,,,27.2,26.39,2940,1,2835,1,,,,,
2026/09/09 18:54,2026-09-09T19:09:07+09:00,2026/09/10,2026/12/10,2026-12,PUT,66000,3965,,,26.59,25.66,4210,20,4090,20,,,,,
2026/09/09 18:54,2026-09-09T19:09:07+09:00,2026/09/10,2026/12/10,2026-12,CALL,65750,3185,,,27.28,26.48,3055,1,2950,1,,,,,
2026/09/09 18:54,2026-09-09T19:09:07+09:00,2026/09/10,2026/12/10,2026-12,PUT,65750,3835,,,26.71,25.78,4080,20,3960,20,,,,,
2026/09/09 18:54,2026-09-09T19:09:07+09:00,2026/09/10,2026/12/10,2026-12,CALL,65500,3310,,,27.42,26.54,3180,20,3065,1,,,,,
2026/09/09 18:54,2026-09-09T19:09:07+09:00,2026/09/10,2026/12/10,2026-12,PUT,65500,3705,,,26.77,25.84,3945,20,3825,20,,,,,
2026/09/09 18:54,2026-09-09T19:09:07+09:00,2026/09/10,2026/12/10,2026-12,CALL,65250,3425,,,27.5,26.61,3300,20,3185,1,,,,,
2026/09/09 18:54,2026-09-09T19:09:07+09:00,2026/09/10,2026/12/10,2026-12,PUT,65250,3575,,,26.88,25.96,3820,20,3700,20,,,,,
2026/09/09 18:54,2026-09-09T19:09:07+09:00,2026/09/10,2026/12/10,2026-12,CALL,65000,3555,,,27.59,26.7,3425,20,3310,1,,,,,
2026/09/09 18:54,2026-09-09T19:09:07+09:00,2026/09/10,2026/12/10,2026-12,PUT,65000,3465,,,26.97,26.05,3695,20,3575,20,,,,,
2026/09/09 18:54,2026-09-09T19:09:07+09:00,2026/09/10,2026/12/10,2026-12,CALL,64750,3690,,,27.7,26.81,3555,20,3440,1,,,,,
2026/09/09 18:54,2026-09-09T19:09:07+09:00,2026/09/10,2026/12/10,2026-12,PUT,64750,3345,,,27.05,26.12,3570,20,3450,20,,,,,
2026/09/09 18:54,2026-09-09T19:09:07+09:00,2026/09/10,2026/12/10,2026-12,CALL,64500,3830,,,27.79,26.9,3685,20,3570,1,,,,,
2026/09/09 18:54,2026-09-09T19:09:07+09:00,2026/09/10,2026/12/10,2026-12,PUT,64500,3235,,,27.17,26.25,3455,20,3335,20,,,,,
2026/09/09 18:54,2026-09-09T19:09:07+09:00,2026/09/10,2026/12/10,2026-12,CALL,64250,3965,,,27.9,27.01,3820,20,3705,1,,,,,
2026/09/09 18:54,2026-09-09T19:09:07+09:00,2026/09/10,2026/12/10,2026-12,PUT,64250,3125,,,27.28,26.35,3340,20,3220,20,,,,,
2026/09/09 18:54,2026-09-09T19:09:07+09:00,2026/09/10,2026/12/10,2026-12,CALL,64000,4100,,,,,,,,,,,,,
2026/09/09 18:54,2026-09-09T19:09:07+09:00,2026/09/10,2026/12/10,2026-12,PUT,64000,3010,,,27.36,26.43,3225,20,3105,20,,,,,
2026/09/09 18:54,2026-09-09T19:09:07+09:00,2026/09/10,2026/12/10,2026-12,CALL,63750,4250,,,,,,,,,,,,,
2026/09/09 18:54,2026-09-09T19:09:07+09:00,2026/09/10,2026/12/10,2026-12,PUT,63750,2905,,,27.47,26.53,3115,20,2995,20,,,,,
2026/09/09 18:54,2026-09-09T19:09:07+09:00,2026/09/10,2026/12/10,2026-12,CALL,63500,4400,,,,,,,,,,,,,
2026/09/09 18:54,2026-09-09T19:09:07+09:00,2026/09/10,2026/12/10,2026-12,PUT,63500,2805,,,27.59,26.65,3010,20,2890,20,,,,,
2026/09/09 18:54,2026-09-09T19:09:07+09:00,2026/09/10,2026/12/10,2026-12,CALL,63250,4550,,,,,,,,,,,,,
2026/09/09 18:54,2026-09-09T19:09:07+09:00,2026/09/10,2026/12/10,2026-12,PUT,63250,2710,,,27.69,26.74,2905,20,2785,20,,,,,
2026/09/09 18:54,2026-09-09T19:09:07+09:00,2026/09/10,2026/12/10,2026-12,CALL,63000,4695,,,,,,,,,,,,,
2026/09/09 18:54,2026-09-09T19:09:07+09:00,2026/09/10,2026/12/10,2026-12,PUT,63000,2605,,,27.81,26.85,2805,20,2685,20,,,,,
2026/09/09 18:54,2026-09-09T19:09:07+09:00,2026/09/10,2026/12/10,2026-12,CALL,62750,4855,,,,,,,,,,,,,
2026/09/09 18:54,2026-09-09T19:09:07+09:00,2026/09/10,2026/12/10,2026-12,PUT,62750,2515,,,27.94,26.98,2710,20,2590,20,,,,,
2026/09/09 18:54,2026-09-09T19:09:07+09:00,2026/09/10,2026/12/10,2026-12,CALL,62500,5015,,,,,,,,,,,,,
2026/09/09 18:54,2026-09-09T19:09:07+09:00,2026/09/10,2026/12/10,2026-12,PUT,62500,2430,,,28.06,27.09,2615,20,2495,20,,,,,
2026/09/09 18:54,2026-09-09T19:09:07+09:00,2026/09/10,2026/12/10,2026-12,CALL,62250,5170,,,,,,,,,,,,,
2026/09/09 18:54,2026-09-09T19:09:07+09:00,2026/09/10,2026/12/10,2026-12,PUT,62250,2330,,,28.2,27.22,2525,20,2405,20,,,,,
2026/09/09 18:54,2026-09-09T19:09:07+09:00,2026/09/10,2026/12/10,2026-12,CALL,62000,5340,,,,,,,,,,,,,
2026/09/09 18:54,2026-09-09T19:09:07+09:00,2026/09/10,2026/12/10,2026-12,PUT,62000,2250,,,28.32,27.33,2435,20,2315,20,,,,,
2026/09/09 18:54,2026-09-09T19:09:07+09:00,2026/09/10,2026/12/10,2026-12,CALL,61750,5505,,,,,,,,,,,,,
2026/09/09 18:54,2026-09-09T19:09:07+09:00,2026/09/10,2026/12/10,2026-12,PUT,61750,2170,,,28.46,27.46,2350,20,2230,20,,,,,
2026/09/09 18:54,2026-09-09T19:09:07+09:00,2026/09/10,2026/12/10,2026-12,CALL,61500,5680,,,,,,,,,,,,,
2026/09/09 18:54,2026-09-09T19:09:07+09:00,2026/09/10,2026/12/10,2026-12,PUT,61500,2095,,,28.62,27.61,2270,20,2150,20,,,,,
2026/09/09 18:54,2026-09-09T19:09:07+09:00,2026/09/10,2026/12/10,2026-12,CALL,61250,5845,,,,,,,,,,,,,
2026/09/09 18:54,2026-09-09T19:09:07+09:00,2026/09/10,2026/12/10,2026-12,PUT,61250,2010,,,28.76,27.74,2190,20,2070,20,,,,,
2026/09/09 18:54,2026-09-09T19:09:07+09:00,2026/09/10,2026/12/10,2026-12,CALL,61000,6020,,,,,,,1,10,,,,,
2026/09/09 18:54,2026-09-09T19:09:07+09:00,2026/09/10,2026/12/10,2026-12,PUT,61000,1940,,,28.88,27.85,2110,20,1990,20,,,,,
2026/09/09 18:54,2026-09-09T19:09:07+09:00,2026/09/10,2026/12/10,2026-12,CALL,60750,6205,,,,,,,1,10,,,,,
2026/09/09 18:54,2026-09-09T19:09:07+09:00,2026/09/10,2026/12/10,2026-12,PUT,60750,1870,,,29.2,27.8,2055,1,1895,1,,,,,
2026/09/09 18:54,2026-09-09T19:09:07+09:00,2026/09/10,2026/12/10,2026-12,CALL,60500,6345,,,,,,,1,10,,,,,
2026/09/09 18:54,2026-09-09T19:09:07+09:00,2026/09/10,2026/12/10,2026-12,PUT,60500,1765,,,29.33,27.91,1980,1,1820,1,,,,,
2026/09/09 18:54,2026-09-09T19:09:07+09:00,2026/09/10,2026/12/10,2026-12,CALL,60250,6530,,,,,,,,,,,,,
2026/09/09 18:54,2026-09-09T19:09:07+09:00,2026/09/10,2026/12/10,2026-12,PUT,60250,1700,,,29.48,28.05,1910,1,1750,1,,,,,
2026/09/09 18:54,2026-09-09T19:09:07+09:00,2026/09/10,2026/12/10,2026-12,CALL,60000,6715,,,,,,,,,,,,,
2026/09/09 18:54,2026-09-09T19:09:07+09:00,2026/09/10,2026/12/10,2026-12,PUT,60000,1725,,,29.62,28.2,1840,1,1685,1,,,,,
2026/09/09 18:54,2026-09-09T19:09:07+09:00,2026/09/10,2026/12/10,2026-12,CALL,59750,6900,,,,,,,,,,,,,
2026/09/09 18:54,2026-09-09T19:09:07+09:00,2026/09/10,2026/12/10,2026-12,PUT,59750,1570,,,29.78,28.34,1775,1,1620,1,,,,,
2026/09/09 18:54,2026-09-09T19:09:07+09:00,2026/09/10,2026/12/10,2026-12,CALL,59500,7090,,,,,,,,,,,,,
2026/09/09 18:54,2026-09-09T19:09:07+09:00,2026/09/10,2026/12/10,2026-12,PUT,59500,1510,,,29.92,28.46,1710,1,1555,1,,,,,
2026/09/09 18:54,2026-09-09T19:09:07+09:00,2026/09/10,2026/12/10,2026-12,CALL,59250,7280,,,,,,,,,,,,,
2026/09/09 18:54,2026-09-09T19:09:07+09:00,2026/09/10,2026/12/10,2026-12,PUT,59250,1455,,,30.1,28.61,1650,1,1495,1,,,,,
2026/09/09 18:54,2026-09-09T19:09:07+09:00,2026/09/10,2026/12/10,2026-12,CALL,59000,7475,,,,,,,,,,,,,
2026/09/09 18:54,2026-09-09T19:09:07+09:00,2026/09/10,2026/12/10,2026-12,PUT,59000,1400,,,30.25,28.74,1590,1,1435,1,,,,,
2026/09/09 18:54,2026-09-09T19:09:07+09:00,2026/09/10,2026/12/10,2026-12,CALL,58750,7670,,,,,,,,,,,,,
2026/09/09 18:54,2026-09-09T19:09:07+09:00,2026/09/10,2026/12/10,2026-12,PUT,58750,1345,,,30.44,28.9,1535,1,1380,1,,,,,
2026/09/09 18:54,2026-09-09T19:09:07+09:00,2026/09/10,2026/12/10,2026-12,CALL,58500,7875,,,,,,,,,,,,,
2026/09/09 18:54,2026-09-09T19:09:07+09:00,2026/09/10,2026/12/10,2026-12,PUT,58500,1300,,,30.61,29.04,1480,1,1325,1,,,,,
2026/09/09 18:54,2026-09-09T19:09:07+09:00,2026/09/10,2026/12/10,2026-12,CALL,58250,8065,,,,,,,,,,,,,
2026/09/09 18:54,2026-09-09T19:09:07+09:00,2026/09/10,2026/12/10,2026-12,PUT,58250,1245,,,30.81,29.21,1430,1,1275,1,,,,,
2026/09/09 18:54,2026-09-09T19:09:07+09:00,2026/09/10,2026/12/10,2026-12,CALL,58000,8265,,,,,,,,,,,,,
2026/09/09 18:54,2026-09-09T19:09:07+09:00,2026/09/10,2026/12/10,2026-12,PUT,58000,1235,,,30.94,29.32,1375,1,1220,1,,,,,
2026/09/09 18:54,2026-09-09T19:09:07+09:00,2026/09/10,2026/12/10,2026-12,CALL,57750,8470,,,,,,,,,,,,,
2026/09/09 18:54,2026-09-09T19:09:07+09:00,2026/09/10,2026/12/10,2026-12,PUT,57750,1150,,,31.17,29.51,1330,1,1175,1,,,,,
2026/09/09 18:54,2026-09-09T19:09:07+09:00,2026/09/10,2026/12/10,2026-12,CALL,57500,8675,,,,,,,,,,,,,
2026/09/09 18:54,2026-09-09T19:09:07+09:00,2026/09/10,2026/12/10,2026-12,PUT,57500,1105,,,31.32,29.63,1280,1,1125,1,,,,,
2026/09/09 18:54,2026-09-09T19:09:07+09:00,2026/09/10,2026/12/10,2026-12,CALL,57250,8880,,,,,,,,,,,,,
2026/09/09 18:54,2026-09-09T19:09:07+09:00,2026/09/10,2026/12/10,2026-12,PUT,57250,1060,,,31.57,29.78,1240,1,1080,1,,,,,
2026/09/09 18:54,2026-09-09T19:09:07+09:00,2026/09/10,2026/12/10,2026-12,CALL,57000,9090,,,,,,,,,,,,,
2026/09/09 18:54,2026-09-09T19:09:07+09:00,2026/09/10,2026/12/10,2026-12,PUT,57000,1020,,,31.74,29.98,1195,1,1040,1,,,,,
2026/09/09 18:54,2026-09-09T19:09:07+09:00,2026/09/10,2026/12/10,2026-12,CALL,56750,9300,,,,,,,,,,,,,
2026/09/09 18:54,2026-09-09T19:09:07+09:00,2026/09/10,2026/12/10,2026-12,PUT,56750,1020,,,31.96,30.16,1155,1,1000,1,,,,,
2026/09/09 18:54,2026-09-09T19:09:07+09:00,2026/09/10,2026/12/10,2026-12,CALL,56500,9510,,,,,,,,,,,,,
2026/09/09 18:54,2026-09-09T19:09:07+09:00,2026/09/10,2026/12/10,2026-12,PUT,56500,945,,,32.16,30.32,1115,1,960,1,,,,,
2026/09/09 18:54,2026-09-09T19:09:07+09:00,2026/09/10,2026/12/10,2026-12,CALL,56250,9760,,,,,,,,,,,,,
2026/09/09 18:54,2026-09-09T19:09:07+09:00,2026/09/10,2026/12/10,2026-12,PUT,56250,945,,,32.35,30.46,1075,1,920,1,,,,,
2026/09/09 18:54,2026-09-09T19:09:07+09:00,2026/09/10,2026/12/10,2026-12,CALL,56000,9935,,,,,,,,,,,,,
2026/09/09 18:54,2026-09-09T19:09:07+09:00,2026/09/10,2026/12/10,2026-12,PUT,56000,875,,,32.58,31.1,1040,1,920,3,,,,,
2026/09/09 18:54,2026-09-09T19:09:07+09:00,2026/09/10,2026/12/10,2026-12,CALL,55750,10150,,,,,,,,,,,,,
2026/09/09 18:54,2026-09-09T19:09:07+09:00,2026/09/10,2026/12/10,2026-12,PUT,55750,840,,,32.8,31.28,1005,1,885,3,,,,,
2026/09/09 18:54,2026-09-09T19:09:07+09:00,2026/09/10,2026/12/10,2026-12,CALL,55500,10370,,,,,,,,,,,,,
2026/09/09 18:54,2026-09-09T19:09:07+09:00,2026/09/10,2026/12/10,2026-12,PUT,55500,810,,,33,31.52,970,1,855,5,,,,,
2026/09/09 18:54,2026-09-09T19:09:07+09:00,2026/09/10,2026/12/10,2026-12,CALL,55250,10590,,,,,,,,,,,,,
2026/09/09 18:54,2026-09-09T19:09:07+09:00,2026/09/10,2026/12/10,2026-12,PUT,55250,780,,,33.26,31.74,940,1,825,5,,,,,
2026/09/09 18:54,2026-09-09T19:09:07+09:00,2026/09/10,2026/12/10,2026-12,CALL,55000,10840,,,,,,,,,,,,,
2026/09/09 18:54,2026-09-09T19:09:07+09:00,2026/09/10,2026/12/10,2026-12,PUT,55000,785,,,33.43,31.95,905,1,795,5,,,,,
2026/09/09 18:54,2026-09-09T19:09:07+09:00,2026/09/10,2026/12/10,2026-12,CALL,54750,11030,,,,,,,,,,,,,
2026/09/09 18:54,2026-09-09T19:09:07+09:00,2026/09/10,2026/12/10,2026-12,PUT,54750,720,,,33.73,31.57,880,1,725,1,,,,,
2026/09/09 18:54,2026-09-09T19:09:07+09:00,2026/09/10,2026/12/10,2026-12,CALL,54500,11250,,,,,,,,,,,,,
2026/09/09 18:54,2026-09-09T19:09:07+09:00,2026/09/10,2026/12/10,2026-12,PUT,54500,700,,,33.53,32.17,820,1,725,1,,,,,
2026/09/09 18:54,2026-09-09T19:09:07+09:00,2026/09/10,2026/12/10,2026-12,CALL,54250,11475,,,,,,,,,,,,,
2026/09/09 18:54,2026-09-09T19:09:07+09:00,2026/09/10,2026/12/10,2026-12,PUT,54250,675,,,33.72,32.41,790,1,700,1,,,,,
2026/09/09 18:54,2026-09-09T19:09:07+09:00,2026/09/10,2026/12/10,2026-12,CALL,54000,11695,,,,,,,,,,,,,
2026/09/09 18:54,2026-09-09T19:09:07+09:00,2026/09/10,2026/12/10,2026-12,PUT,54000,655,,,33.98,32.93,765,1,695,5,,,,,
2026/09/09 18:54,2026-09-09T19:09:07+09:00,2026/09/10,2026/12/10,2026-12,CALL,53750,11920,,,,,,,,,,,,,
2026/09/09 18:54,2026-09-09T19:09:07+09:00,2026/09/10,2026/12/10,2026-12,PUT,53750,630,,,34.22,33.15,740,1,670,3,,,,,
2026/09/09 18:54,2026-09-09T19:09:07+09:00,2026/09/10,2026/12/10,2026-12,CALL,53500,12150,,,,,,,,,,,,,
2026/09/09 18:54,2026-09-09T19:09:07+09:00,2026/09/10,2026/12/10,2026-12,PUT,53500,645,,,34.45,33.43,715,1,650,5,,,,,
2026/09/09 18:54,2026-09-09T19:09:07+09:00,2026/09/10,2026/12/10,2026-12,CALL,53250,12375,,,,,,,,,,,,,
2026/09/09 18:54,2026-09-09T19:09:07+09:00,2026/09/10,2026/12/10,2026-12,PUT,53250,590,,,34.74,33.7,695,1,630,5,,,,,
2026/09/09 18:54,2026-09-09T19:09:07+09:00,2026/09/10,2026/12/10,2026-12,CALL,53000,12625,,,,,,,,,,,,,
2026/09/09 18:54,2026-09-09T19:09:07+09:00,2026/09/10,2026/12/10,2026-12,PUT,53000,585,,,34.95,33.46,670,1,580,1,,,,,
2026/09/09 18:54,2026-09-09T19:09:07+09:00,2026/09/10,2026/12/10,2026-12,CALL,52750,12830,,,,,,,,,,,,,
2026/09/09 18:54,2026-09-09T19:09:07+09:00,2026/09/10,2026/12/10,2026-12,PUT,52750,555,,,35.22,34.22,650,1,590,3,,,,,
2026/09/09 18:54,2026-09-09T19:09:07+09:00,2026/09/10,2026/12/10,2026-12,CALL,52500,13060,,,,,,,,,,,,,
2026/09/09 18:54,2026-09-09T19:09:07+09:00,2026/09/10,2026/12/10,2026-12,PUT,52500,510,,,35.49,33.84,630,1,535,1,,,,,
2026/09/09 18:54,2026-09-09T19:09:07+09:00,2026/09/10,2026/12/10,2026-12,CALL,52250,13290,,,,,,,,,,,,,
2026/09/09 18:54,2026-09-09T19:09:07+09:00,2026/09/10,2026/12/10,2026-12,PUT,52250,525,,,35.74,34.78,610,1,555,3,,,,,
2026/09/09 18:54,2026-09-09T19:09:07+09:00,2026/09/10,2026/12/10,2026-12,CALL,52000,13525,,,,,,,,,,,,,
2026/09/09 18:54,2026-09-09T19:09:07+09:00,2026/09/10,2026/12/10,2026-12,PUT,52000,505,,,35.98,34.99,590,1,535,3,,,,,
2026/09/09 18:54,2026-09-09T19:09:07+09:00,2026/09/10,2026/12/10,2026-12,CALL,51750,13755,,,,,,,,,,,,,
2026/09/09 18:54,2026-09-09T19:09:07+09:00,2026/09/10,2026/12/10,2026-12,PUT,51750,490,,,36.31,35.29,575,1,520,3,,,,,
2026/09/09 18:54,2026-09-09T19:09:07+09:00,2026/09/10,2026/12/10,2026-12,CALL,51500,13985,,,,,,,,,,,,,
2026/09/09 18:54,2026-09-09T19:09:07+09:00,2026/09/10,2026/12/10,2026-12,PUT,51500,475,,,36.53,35.59,555,1,505,3,,,,,
2026/09/09 18:54,2026-09-09T19:09:07+09:00,2026/09/10,2026/12/10,2026-12,CALL,51250,14220,,,,,,,,,,,,,
2026/09/09 18:54,2026-09-09T19:09:07+09:00,2026/09/10,2026/12/10,2026-12,PUT,51250,425,,,36.83,34.96,540,1,445,1,,,,,
2026/09/09 18:54,2026-09-09T19:09:07+09:00,2026/09/10,2026/12/10,2026-12,CALL,51000,14455,,,,,,,,,,,,,
2026/09/09 18:54,2026-09-09T19:09:07+09:00,2026/09/10,2026/12/10,2026-12,PUT,51000,410,,85,36.84,35.53,510,9,445,9,36.54,,,460,09/09 18:04
2026/09/09 23:21,2026-09-09T23:36:57+09:00,2026/09/10,2026/09/10,2026-09,CALL,80000,1,1826,1,91.34,,1,309,,,92.02,,,1,09/09 21:39
2026/09/09 23:21,2026-09-09T23:36:57+09:00,2026/09/10,2026/09/10,2026-09,PUT,80000,14740,1,,,,,,,,,,,,
2026/09/09 23:21,2026-09-09T23:36:57+09:00,2026/09/10,2026/09/10,2026-09,CALL,79500,1,233,,88.9,,1,36,,,,,,,
2026/09/09 23:21,2026-09-09T23:36:57+09:00,2026/09/10,2026/09/10,2026-09,PUT,79500,14240,,,,,,,,,,,,,
2026/09/09 23:21,2026-09-09T23:36:57+09:00,2026/09/10,2026/09/10,2026-09,CALL,79000,1,204,,86.44,,1,104,,,,,,,
2026/09/09 23:21,2026-09-09T23:36:57+09:00,2026/09/10,2026/09/10,2026-09,PUT,79000,13740,,,,,,,,,,,,,
2026/09/09 23:21,2026-09-09T23:36:57+09:00,2026/09/10,2026/09/10,2026-09,CALL,78500,1,112,,83.95,,1,76,,,,,,,
2026/09/09 23:21,2026-09-09T23:36:57+09:00,2026/09/10,2026/09/10,2026-09,PUT,78500,13240,,,,,,,,,,,,,
2026/09/09 23:21,2026-09-09T23:36:57+09:00,2026/09/10,2026/09/10,2026-09,CALL,78000,1,2299,,81.44,,1,82,,,,,,,
2026/09/09 23:21,2026-09-09T23:36:57+09:00,2026/09/10,2026/09/10,2026-09,PUT,78000,12740,1,,,,,,,,,,,,
2026/09/09 23:21,2026-09-09T23:36:57+09:00,2026/09/10,2026/09/10,2026-09,CALL,77500,1,977,,78.91,,1,107,,,,,,,
2026/09/09 23:21,2026-09-09T23:36:57+09:00,2026/09/10,2026/09/10,2026-09,PUT,77500,12240,4,,,,,,,,,,,,
2026/09/09 23:21,2026-09-09T23:36:57+09:00,2026/09/10,2026/09/10,2026-09,CALL,77000,1,877,,76.36,,1,76,,,,,,,
2026/09/09 23:21,2026-09-09T23:36:57+09:00,2026/09/10,2026/09/10,2026-09,PUT,77000,11740,,,,,,,,,,,,,
2026/09/09 23:21,2026-09-09T23:36:57+09:00,2026/09/10,2026/09/10,2026-09,CALL,76500,1,79,,73.78,,1,59,,,,,,,
2026/09/09 23:21,2026-09-09T23:36:57+09:00,2026/09/10,2026/09/10,2026-09,PUT,76500,11240,,,,,,,,,,,,,
2026/09/09 23:21,2026-09-09T23:36:57+09:00,2026/09/10,2026/09/10,2026-09,CALL,76000,1,731,1,71.17,,1,24,,,71.89,0,0,1,09/09 21:37
2026/09/09 23:21,2026-09-09T23:36:57+09:00,2026/09/10,2026/09/10,2026-09,PUT,76000,10740,,,,,,,,,,,,,
2026/09/09 23:21,2026-09-09T23:36:57+09:00,2026/09/10,2026/09/10,2026-09,CALL,75500,1,268,,68.54,,1,65,,,,,,,
2026/09/09 23:21,2026-09-09T23:36:57+09:00,2026/09/10,2026/09/10,2026-09,PUT,75500,10240,,,,,,,,,,,,,
2026/09/09 23:21,2026-09-09T23:36:57+09:00,2026/09/10,2026/09/10,2026-09,CALL,75375,1,5,,67.88,,1,14,,,,,,,
2026/09/09 23:21,2026-09-09T23:36:57+09:00,2026/09/10,2026/09/10,2026-09,PUT,75375,10115,,,,,,,,,,,,,
2026/09/09 23:21,2026-09-09T23:36:57+09:00,2026/09/10,2026/09/10,2026-09,CALL,75250,1,106,,67.22,,1,65,,,,,,,
2026/09/09 23:21,2026-09-09T23:36:57+09:00,2026/09/10,2026/09/10,2026-09,PUT,75250,9990,,,,,,,,,,,,,
2026/09/09 23:21,2026-09-09T23:36:57+09:00,2026/09/10,2026/09/10,2026-09,CALL,75125,1,,,66.55,,1,14,,,,,,,
2026/09/09 23:21,2026-09-09T23:36:57+09:00,2026/09/10,2026/09/10,2026-09,PUT,75125,9865,,,,,,,,,,,,,
2026/09/09 23:21,2026-09-09T23:36:57+09:00,2026/09/10,2026/09/10,2026-09,CALL,75000,1,3459,,65.89,,1,350,,,,,,,
2026/09/09 23:21,2026-09-09T23:36:57+09:00,2026/09/10,2026/09/10,2026-09,PUT,75000,9740,,,,,,,,,,,,,
2026/09/09 23:21,2026-09-09T23:36:57+09:00,2026/09/10,2026/09/10,2026-09,CALL,74875,1,1,,65.22,,1,14,,,,,,,
2026/09/09 23:21,2026-09-09T23:36:57+09:00,2026/09/10,2026/09/10,2026-09,PUT,74875,9615,,,,,,,,,,,,,
2026/09/09 23:21,2026-09-09T23:36:57+09:00,2026/09/10,2026/09/10,2026-09,CALL,74750,1,69,,64.55,,1,15,,,,,,,
2026/09/09 23:21,2026-09-09T23:36:57+09:00,2026/09/10,2026/09/10,2026-09,PUT,74750,9490,,,,,,,,,,,,,
2026/09/09 23:21,2026-09-09T23:36:57+09:00,2026/09/10,2026/09/10,2026-09,CALL,74625,1,56,,63.88,,1,14,,,,,,,
2026/09/09 23:21,2026-09-09T23:36:57+09:00,2026/09/10,2026/09/10,2026-09,PUT,74625,9365,,,,,,,,,,,,,
2026/09/09 23:21,2026-09-09T23:36:57+09:00,2026/09/10,2026/09/10,2026-09,CALL,74500,1,134,,63.2,,1,66,,,,,,,
2026/09/09 23:21,2026-09-09T23:36:57+09:00,2026/09/10,2026/09/10,2026-09,PUT,74500,9240,,,,,,,,,,,,,
2026/09/09 23:21,2026-09-09T23:36:57+09:00,2026/09/10,2026/09/10,2026-09,CALL,74375,1,1,,62.53,,1,14,,,,,,,
2026/09/09 23:21,2026-09-09T23:36:57+09:00,2026/09/10,2026/09/10,2026-09,PUT,74375,9115,,,,,,,,,,,,,
2026/09/09 23:21,2026-09-09T23:36:57+09:00,2026/09/10,2026/09/10,2026-09,CALL,74250,1,6,,61.85,,1,10,,,,,,,
2026/09/09 23:21,2026-09-09T23:36:57+09:00,2026/09/10,2026/09/10,2026-09,PUT,74250,8990,,,,,,,,,,,,,
2026/09/09 23:21,2026-09-09T23:36:57+09:00,2026/09/10,2026/09/10,2026-09,CALL,74125,1,4,,61.17,,1,9,,,,,,,
2026/09/09 23:21,2026-09-09T23:36:57+09:00,2026/09/10,2026/09/10,2026-09,PUT,74125,8865,,,,,,,,,,,,,
2026/09/09 23:21,2026-09-09T23:36:57+09:00,2026/09/10,2026/09/10,2026-09,CALL,74000,1,1382,1,60.49,,1,230,,,60.55,0,0,1,09/09 20:05
2026/09/09 23:21,2026-09-09T23:36:57+09:00,2026/09/10,2026/09/10,2026-09,PUT,74000,8740,,,,,,,,,,,,,
2026/09/09 23:21,2026-09-09T23:36:57+09:00,2026/09/10,2026/09/10,2026-09,CALL,73875,1,18,,59.81,,1,9,,,,,,,
2026/09/09 23:21,2026-09-09T23:36:57+09:00,2026/09/10,2026/09/10,2026-09,PUT,73875,8615,,,,,,,,,,,,,
2026/09/09 23:21,2026-09-09T23:36:57+09:00,2026/09/10,2026/09/10,2026-09,CALL,73750,1,53,,59.12,,1,60,,,,,,,
2026/09/09 23:21,2026-09-09T23:36:57+09:00,2026/09/10,2026/09/10,2026-09,PUT,73750,8490,,,,,,,,,,,,,
2026/09/09 23:21,2026-09-09T23:36:57+09:00,2026/09/10,2026/09/10,2026-09,CALL,73625,1,4,,58.44,,1,9,,,,,,,
2026/09/09 23:21,2026-09-09T23:36:57+09:00,2026/09/10,2026/09/10,2026-09,PUT,73625,8365,,,,,,,,,,,,,
2026/09/09 23:21,2026-09-09T23:36:57+09:00,2026/09/10,2026/09/10,2026-09,CALL,73500,1,835,2,57.75,,1,183,,,53.34,,,1,09/09 17:03
2026/09/09 23:21,2026-09-09T23:36:57+09:00,2026/09/10,2026/09/10,2026-09,PUT,73500,8240,,,,,,,,,,,,,
2026/09/09 23:21,2026-09-09T23:36:57+09:00,2026/09/10,2026/09/10,2026-09,CALL,73375,1,5,,57.06,,1,9,,,,,,,
2026/09/09 23:21,2026-09-09T23:36:57+09:00,2026/09/10,2026/09/10,2026-09,PUT,73375,8115,,,,,,,,,,,,,
2026/09/09 23:21,2026-09-09T23:36:57+09:00,2026/09/10,2026/09/10,2026-09,CALL,73250,1,16,,56.37,,1,54,,,,,,,
2026/09/09 23:21,2026-09-09T23:36:57+09:00,2026/09/10,2026/09/10,2026-09,PUT,73250,7990,,,,,,,,,,,,,
2026/09/09 23:21,2026-09-09T23:36:57+09:00,2026/09/10,2026/09/10,2026-09,CALL,73125,1,8,,55.67,,1,9,,,,,,,
2026/09/09 23:21,2026-09-09T23:36:57+09:00,2026/09/10,2026/09/10,2026-09,PUT,73125,7865,,,,,,,,,,,,,
2026/09/09 23:21,2026-09-09T23:36:57+09:00,2026/09/10,2026/09/10,2026-09,CALL,73000,1,2369,1,54.97,,1,217,,,55.71,0,0,1,09/09 21:37
2026/09/09 23:21,2026-09-09T23:36:57+09:00,2026/09/10,2026/09/10,2026-09,PUT,73000,7740,3,,,,,,,,,,,,
2026/09/09 23:21,2026-09-09T23:36:57+09:00,2026/09/10,2026/09/10,2026-09,CALL,72875,1,34,,54.28,,1,9,,,,,,,
2026/09/09 23:21,2026-09-09T23:36:57+09:00,2026/09/10,2026/09/10,2026-09,PUT,72875,7615,,,,,,,,,,,,,
2026/09/09 23:21,2026-09-09T23:36:57+09:00,2026/09/10,2026/09/10,2026-09,CALL,72750,1,304,,53.58,,1,115,,,,,,,
2026/09/09 23:21,2026-09-09T23:36:57+09:00,2026/09/10,2026/09/10,2026-09,PUT,72750,7490,,,,,,,,,,,,,
2026/09/09 23:21,2026-09-09T23:36:57+09:00,2026/09/10,2026/09/10,2026-09,CALL,72625,1,4,,52.87,,1,9,,,,,,,
2026/09/09 23:21,2026-09-09T23:36:57+09:00,2026/09/10,2026/09/10,2026-09,PUT,72625,7365,,,,,,,,,,,,,
2026/09/09 23:21,2026-09-09T23:36:57+09:00,2026/09/10,2026/09/10,2026-09,CALL,72500,1,1764,1,52.17,,1,197,,,52.39,0,0,1,09/09 20:01
2026/09/09 23:21,2026-09-09T23:36:57+09:00,2026/09/10,2026/09/10,2026-09,PUT,72500,7240,,,,,,,,,,,,,
2026/09/09 23:21,2026-09-09T23:36:57+09:00,2026/09/10,2026/09/10,2026-09,CALL,72375,1,10,,51.46,,1,9,,,,,,,
2026/09/09 23:21,2026-09-09T23:36:57+09:00,2026/09/10,2026/09/10,2026-09,PUT,72375,7115,,,,,,,,,,,,,
2026/09/09 23:21,2026-09-09T23:36:57+09:00,2026/09/10,2026/09/10,2026-09,CALL,72250,1,307,,50.76,,1,160,,,,,,,
2026/09/09 23:21,2026-09-09T23:36:57+09:00,2026/09/10,2026/09/10,2026-09,PUT,72250,6990,,,,,,,,,,,,,
2026/09/09 23:21,2026-09-09T23:36:57+09:00,2026/09/10,2026/09/10,2026-09,CALL,72125,1,79,,50.04,,1,9,,,,,,,
2026/09/09 23:21,2026-09-09T23:36:57+09:00,2026/09/10,2026/09/10,2026-09,PUT,72125,6865,,,,,,,,,,,,,
2026/09/09 23:21,2026-09-09T23:36:57+09:00,2026/09/10,2026/09/10,2026-09,CALL,72000,1,2432,2,49.33,,1,242,,,44.58,0,0,1,09/09 17:05
2026/09/09 23:21,2026-09-09T23:36:57+09:00,2026/09/10,2026/09/10,2026-09,PUT,72000,6740,,,,,,,,,,,,,
2026/09/09 23:21,2026-09-09T23:36:57+09:00,2026/09/10,2026/09/10,2026-09,CALL,71875,1,100,1,63.94,,13,14,,,49.39,0,0,1,09/09 21:22
2026/09/09 23:21,2026-09-09T23:36:57+09:00,2026/09/10,2026/09/10,2026-09,PUT,71875,6615,,,,,,,,,,,,,
2026/09/09 23:21,2026-09-09T23:36:57+09:00,2026/09/10,2026/09/10,2026-09,CALL,71750,1,42,,47.9,,1,54,,,,,,,
2026/09/09 23:21,2026-09-09T23:36:57+09:00,2026/09/10,2026/09/10,2026-09,PUT,71750,6490,,,,,,,,,,,,,
2026/09/09 23:21,2026-09-09T23:36:57+09:00,2026/09/10,2026/09/10,2026-09,CALL,71625,1,4,,62.15,,13,14,,,,,,,
2026/09/09 23:21,2026-09-09T23:36:57+09:00,2026/09/10,2026/09/10,2026-09,PUT,71625,6365,,,,,,,,,,,,,
2026/09/09 23:21,2026-09-09T23:36:57+09:00,2026/09/10,2026/09/10,2026-09,CALL,71500,1,528,9,46.46,,1,101,,,47.4,0,0,1,09/09 21:02
2026/09/09 23:21,2026-09-09T23:36:57+09:00,2026/09/10,2026/09/10,2026-09,PUT,71500,6245,,,,,,,,,,,,,
2026/09/09 23:21,2026-09-09T23:36:57+09:00,2026/09/10,2026/09/10,2026-09,CALL,71375,1,18,6,60.35,,13,14,,,46.67,,,1,09/09 21:02
2026/09/09 23:21,2026-09-09T23:36:57+09:00,2026/09/10,2026/09/10,2026-09,PUT,71375,6120,,,,,,,,,,,,,
2026/09/09 23:21,2026-09-09T23:36:57+09:00,2026/09/10,2026/09/10,2026-09,CALL,71250,1,84,7,45.01,,1,85,,,45.92,0,0,1,09/09 20:43
2026/09/09 23:21,2026-09-09T23:36:57+09:00,2026/09/10,2026/09/10,2026-09,PUT,71250,5995,1,,,,,,3,10,,,,,
2026/09/09 23:21,2026-09-09T23:36:57+09:00,2026/09/10,2026/09/10,2026-09,CALL,71125,1,85,25,58.53,,13,14,,,44.8,0,0,1,09/09 20:53
2026/09/09 23:21,2026-09-09T23:36:57+09:00,2026/09/10,2026/09/10,2026-09,PUT,71125,5870,,,,,,,,,,,,,
2026/09/09 23:21,2026-09-09T23:36:57+09:00,2026/09/10,2026/09/10,2026-09,CALL,71000,1,2331,22,43.55,,1,208,,,41.05,0,0,1,09/09 23:00
2026/09/09 23:21,2026-09-09T23:36:57+09:00,2026/09/10,2026/09/10,2026-09,PUT,71000,5745,100,,,,,,3,10,,,,,
2026/09/09 23:21,2026-09-09T23:36:57+09:00,2026/09/10,2026/09/10,2026-09,CALL,70875,2,82,10,56.69,,13,14,,,43.4,0,0,1,09/09 20:17
2026/09/09 23:21,2026-09-09T23:36:57+09:00,2026/09/10,2026/09/10,2026-09,PUT,70875,5620,,,,,,,,,,,,,
2026/09/09 23:21,2026-09-09T23:36:57+09:00,2026/09/10,2026/09/10,2026-09,CALL,70750,1,51,1,42.08,,1,29,,,42.86,-1,-50,1,09/09 21:22
2026/09/09 23:21,2026-09-09T23:36:57+09:00,2026/09/10,2026/09/10,2026-09,PUT,70750,5495,,,,,,,3,10,,,,,
2026/09/09 23:21,2026-09-09T23:36:57+09:00,2026/09/10,2026/09/10,2026-09,CALL,70625,2,280,,55.41,,14,14,,,,,,,
2026/09/09 23:21,2026-09-09T23:36:57+09:00,2026/09/10,2026/09/10,2026-09,PUT,70625,5370,,,,,,,,,,,,,
2026/09/09 23:21,2026-09-09T23:36:57+09:00,2026/09/10,2026/09/10,2026-09,CALL,70500,1,401,7,40.6,,1,95,,,38.58,0,0,1,09/09 22:54
2026/09/09 23:21,2026-09-09T23:36:57+09:00,2026/09/10,2026/09/10,2026-09,PUT,70500,5245,2,,,,,,3,10,,,,,
2026/09/09 23:21,2026-09-09T23:36:57+09:00,2026/09/10,2026/09/10,2026-09,CALL,70375,2,4,2,52.99,,13,14,,,40.41,-3,-75,1,09/09 20:16
2026/09/09 23:21,2026-09-09T23:36:57+09:00,2026/09/10,2026/09/10,2026-09,PUT,70375,5120,,,,,,,,,,,,,
2026/09/09 23:21,2026-09-09T23:36:57+09:00,2026/09/10,2026/09/10,2026-09,CALL,70250,2,658,7,39.11,,1,4,,,36.72,-1,-50,1,09/09 22:59
2026/09/09 23:21,2026-09-09T23:36:57+09:00,2026/09/10,2026/09/10,2026-09,PUT,70250,4995,,,,,,,3,10,,,,,
2026/09/09 23:21,2026-09-09T23:36:57+09:00,2026/09/10,2026/09/10,2026-09,CALL,70125,2,20,4,51.11,,13,14,,,39.02,-3,-75,1,09/09 20:39
2026/09/09 23:21,2026-09-09T23:36:57+09:00,2026/09/10,2026/09/10,2026-09,PUT,70125,4870,,,,,,,,,,,,,
2026/09/09 23:21,2026-09-09T23:36:57+09:00,2026/09/10,2026/09/10,2026-09,CALL,70000,2,3942,172,37.61,,1,109,,,35.57,-1,-50,1,09/09 22:55
2026/09/09 23:21,2026-09-09T23:36:57+09:00,2026/09/10,2026/09/10,2026-09,PUT,70000,4745,1478,,69.35,,5520,4,4750,4,,,,,
2026/09/09 23:21,2026-09-09T23:36:57+09:00,2026/09/10,2026/09/10,2026-09,CALL,69875,4,54,3,49.21,,13,14,,,34.45,-4,-80,1,09/09 22:59
2026/09/09 23:21,2026-09-09T23:36:57+09:00,2026/09/10,2026/09/10,2026-09,PUT,69875,4620,,,84.36,,5515,2,4540,2,,,,,
2026/09/09 23:21,2026-09-09T23:36:57+09:00,2026/09/10,2026/09/10,2026-09,CALL,69750,4,1469,5,49.26,36.1,15,17,1,6,33.56,-2,-66.67,1,09/09 23:00
2026/09/09 23:21,2026-09-09T23:36:57+09:00,2026/09/10,2026/09/10,2026-09,PUT,69750,4495,,,85.17,,5410,1,4430,1,,,,,
2026/09/09 23:21,2026-09-09T23:36:57+09:00,2026/09/10,2026/09/10,2026-09,CALL,69625,4,86,2,37.79,35.34,2,2,1,1,35.69,-1,-33.33,2,09/09 18:52
2026/09/09 23:21,2026-09-09T23:36:57+09:00,2026/09/10,2026/09/10,2026-09,PUT,69625,4370,,,83.24,,5280,2,4295,2,,,,,
2026/09/09 23:21,2026-09-09T23:36:57+09:00,2026/09/10,2026/09/10,2026-09,CALL,69500,5,883,50,38.6,34.58,3,1,1,75,39.44,-2,-40,3,09/09 21:23
2026/09/09 23:21,2026-09-09T23:36:57+09:00,2026/09/10,2026/09/10,2026-09,PUT,69500,4250,5,,82.36,,5160,1,4180,1,,,,,
2026/09/09 23:21,2026-09-09T23:36:57+09:00,2026/09/10,2026/09/10,2026-09,CALL,69375,6,33,,47.61,33.82,18,14,1,1,,,,,
2026/09/09 23:21,2026-09-09T23:36:57+09:00,2026/09/10,2026/09/10,2026-09,PUT,69375,4125,,,80.94,,5035,2,4055,2,,,,,
2026/09/09 23:21,2026-09-09T23:36:57+09:00,2026/09/10,2026/09/10,2026-09,CALL,69250,6,204,8,39.16,33.05,5,22,1,68,37.4,-3,-50,3,09/09 19:46
2026/09/09 23:21,2026-09-09T23:36:57+09:00,2026/09/10,2026/09/10,2026-09,PUT,69250,4000,1,,79.52,,4910,1,3925,1,,,,,
2026/09/09 23:21,2026-09-09T23:36:57+09:00,2026/09/10,2026/09/10,2026-09,CALL,69125,6,147,1,38.27,34.55,5,18,2,3,33.45,-3,-50,3,09/09 18:40
2026/09/09 23:21,2026-09-09T23:36:57+09:00,2026/09/10,2026/09/10,2026-09,PUT,69125,3875,,,78.08,,4785,2,3790,2,,,,,
2026/09/09 23:21,2026-09-09T23:36:57+09:00,2026/09/10,2026/09/10,2026-09,CALL,69000,8,2326,274,36.4,33.73,4,1,2,51,34.5,-5,-62.5,3,09/09 23:18
2026/09/09 23:21,2026-09-09T23:36:57+09:00,2026/09/10,2026/09/10,2026-09,PUT,69000,3750,1118,,76.63,,4660,4,3665,4,,,,,
2026/09/09 23:21,2026-09-09T23:36:57+09:00,2026/09/10,2026/09/10,2026-09,CALL,68875,11,84,1,37.33,30.72,6,33,1,34,34.89,-7,-70,3,09/09 20:14
2026/09/09 23:21,2026-09-09T23:36:57+09:00,2026/09/10,2026/09/10,2026-09,PUT,68875,3630,,,75.18,,4535,2,3540,2,,,,,
2026/09/09 23:21,2026-09-09T23:36:57+09:00,2026/09/10,2026/09/10,2026-09,CALL,68750,10,572,23,39.5,33.52,11,37,3,3,32.79,-6,-60,4,09/09 23:14
2026/09/09 23:21,2026-09-09T23:36:57+09:00,2026/09/10,2026/09/10,2026-09,PUT,68750,3505,47,,73.71,,4410,1,3425,1,,,,,
2026/09/09 23:21,2026-09-09T23:36:57+09:00,2026/09/10,2026/09/10,2026-09,CALL,68625,13,47,2,36.86,33.77,8,33,4,2,32.75,-8,-61.54,5,09/09 23:12
2026/09/09 23:21,2026-09-09T23:36:57+09:00,2026/09/10,2026/09/10,2026-09,PUT,68625,3385,,,72.24,,4285,2,3310,2,,,,,
2026/09/09 23:21,2026-09-09T23:36:57+09:00,2026/09/10,2026/09/10,2026-09,CALL,68500,15,495,99,34.57,33.78,6,9,5,3,32.59,-9,-60,6,09/09 23:12
2026/09/09 23:21,2026-09-09T23:36:57+09:00,2026/09/10,2026/09/10,2026-09,PUT,68500,3260,169,,71.23,,4165,1,3185,1,,,,,
2026/09/09 23:21,2026-09-09T23:36:57+09:00,2026/09/10,2026/09/10,2026-09,CALL,68375,24,32,32,36.55,31.99,11,33,4,19,35.19,-9,-52.94,8,09/09 21:46
2026/09/09 23:21,2026-09-09T23:36:57+09:00,2026/09/10,2026/09/10,2026-09,PUT,68375,3140,1,,69.25,,4035,2,3045,2,,,,,
2026/09/09 23:21,2026-09-09T23:36:57+09:00,2026/09/10,2026/09/10,2026-09,CALL,68250,27,45,23,33.99,31.09,8,5,4,37,32.46,-12,-57.14,9,09/09 23:13
2026/09/09 23:21,2026-09-09T23:36:57+09:00,2026/09/10,2026/09/10,2026-09,PUT,68250,3020,109,,67.74,,3910,1,2940,1,,,,,
2026/09/09 23:21,2026-09-09T23:36:57+09:00,2026/09/10,2026/09/10,2026-09,CALL,68125,23,65,25,35.43,,13,33,,,32.32,-15,-65.22,8,09/09 23:19
2026/09/09 23:21,2026-09-09T23:36:57+09:00,2026/09/10,2026/09/10,2026-09,PUT,68125,2900,,,62.35,,3745,2,2870,2,,,,,
2026/09/09 23:21,2026-09-09T23:36:57+09:00,2026/09/10,2026/09/10,2026-09,CALL,68000,31,3650,216,33.08,32.59,10,12,9,1,32.36,-21,-67.74,10,09/09 23:19
2026/09/09 23:21,2026-09-09T23:36:57+09:00,2026/09/10,2026/09/10,2026-09,PUT,68000,2775,1880,,72.85,,3755,4,3010,4,,,,,
2026/09/09 23:21,2026-09-09T23:36:57+09:00,2026/09/10,2026/09/10,2026-09,CALL,67875,37,47,20,33.37,31.07,13,18,8,33,31.69,-46,-74.19,16,09/09 23:08
2026/09/09 23:21,2026-09-09T23:36:57+09:00,2026/09/10,2026/09/10,2026-09,PUT,67875,2660,,,38.47,,3340,2,2910,2,,,,,
2026/09/09 23:21,2026-09-09T23:36:57+09:00,2026/09/10,2026/09/10,2026-09,CALL,67750,42,519,6,34.39,30.6,19,27,9,27,34.62,-21,-55.26,17,09/09 21:43
2026/09/09 23:21,2026-09-09T23:36:57+09:00,2026/09/10,2026/09/10,2026-09,PUT,67750,2545,260,,71.51,,3530,1,2795,1,,,,,
2026/09/09 23:21,2026-09-09T23:36:57+09:00,2026/09/10,2026/09/10,2026-09,CALL,67625,50,18,5,34.16,28.56,22,23,7,23,32.38,-54,-72,21,09/09 22:37
2026/09/09 23:21,2026-09-09T23:36:57+09:00,2026/09/10,2026/09/10,2026-09,PUT,67625,2420,1,,65.88,,3355,3,2670,8,,,,,
2026/09/09 23:21,2026-09-09T23:36:57+09:00,2026/09/10,2026/09/10,2026-09,CALL,67500,59,1741,42,32.77,30.95,21,37,15,8,31.13,-29,-60.42,19,09/09 23:16
2026/09/09 23:21,2026-09-09T23:36:57+09:00,2026/09/10,2026/09/10,2026-09,PUT,67500,2310,520,,62.61,,3210,3,2560,13,,,,,
2026/09/09 23:21,2026-09-09T23:36:57+09:00,2026/09/10,2026/09/10,2026-09,CALL,67375,68,43,3,34.03,30.19,31,22,16,23,33.97,-37,-59.68,25,09/09 21:34
2026/09/09 23:21,2026-09-09T23:36:57+09:00,2026/09/10,2026/09/10,2026-09,PUT,67375,2195,,,61.34,,3090,3,2445,8,,,,,
2026/09/09 23:21,2026-09-09T23:36:57+09:00,2026/09/10,2026/09/10,2026-09,CALL,67250,75,47,11,33.25,29.97,33,26,19,26,30.17,-45,-60,30,09/09 23:14
2026/09/09 23:21,2026-09-09T23:36:57+09:00,2026/09/10,2026/09/10,2026-09,PUT,67250,2080,15,,57.66,,2940,2,2330,8,,,,,
2026/09/09 23:21,2026-09-09T23:36:57+09:00,2026/09/10,2026/09/10,2026-09,CALL,67125,91,11,6,34.22,29.87,45,21,23,19,33.3,-34,-41.46,48,09/09 19:03
2026/09/09 23:21,2026-09-09T23:36:57+09:00,2026/09/10,2026/09/10,2026-09,PUT,67125,1970,2,,65,,2935,7,2170,7,,,,,
2026/09/09 23:21,2026-09-09T23:36:57+09:00,2026/09/10,2026/09/10,2026-09,CALL,67000,98,3509,304,31.75,30.02,38,48,29,48,29.97,-58,-59.18,40,09/09 23:15
2026/09/09 23:21,2026-09-09T23:36:57+09:00,2026/09/10,2026/09/10,2026-09,PUT,67000,1885,2345,1,62.12,,2795,7,2330,5,31.97,-140,-6.83,1910,09/09 18:14
2026/09/09 23:21,2026-09-09T23:36:57+09:00,2026/09/10,2026/09/10,2026-09,CALL,66875,121,1,4,31.65,,45,17,,,31.67,-155,-71.43,62,09/09 22:35
2026/09/09 23:21,2026-09-09T23:36:57+09:00,2026/09/10,2026/09/10,2026-09,PUT,66875,1750,,,48.56,,2515,3,1950,8,,,,,
2026/09/09 23:21,2026-09-09T23:36:57+09:00,2026/09/10,2026/09/10,2026-09,CALL,66750,129,1656,21,31.1,30.03,50,2,43,1,32.89,-74,-57.36,55,09/09 21:43
2026/09/09 23:21,2026-09-09T23:36:57+09:00,2026/09/10,2026/09/10,2026-09,PUT,66750,1660,152,,62.53,,2605,7,1865,1,,,,,
2026/09/09 23:21,2026-09-09T23:36:57+09:00,2026/09/10,2026/09/10,2026-09,CALL,66625,157,1062,10,31.26,18.24,61,5,3,11,32.37,-77,-42.31,105,09/09 18:48
2026/09/09 23:21,2026-09-09T23:36:57+09:00,2026/09/10,2026/09/10,2026-09,PUT,66625,1545,9,,41,,2215,3,1745,8,,,,,
2026/09/09 23:21,2026-09-09T23:36:57+09:00,2026/09/10,2026/09/10,2026-09,CALL,66500,176,3177,72,30.96,29.99,70,1,62,1,29.61,-54,-35.06,100,09/09 23:07
2026/09/09 23:21,2026-09-09T23:36:57+09:00,2026/09/10,2026/09/10,2026-09,PUT,66500,1575,2169,4,28.41,,1985,12,1915,2,35.42,590,37.46,2165,09/09 21:27
2026/09/09 23:21,2026-09-09T23:36:57+09:00,2026/09/10,2026/09/10,2026-09,CALL,66375,204,10,37,30.75,29.64,81,1,71,3,32.62,-221,-72.46,84,09/09 21:26
2026/09/09 23:21,2026-09-09T23:36:57+09:00,2026/09/10,2026/09/10,2026-09,PUT,66375,1345,5,,48.33,,2105,3,1545,8,,,,,
2026/09/09 23:21,2026-09-09T23:36:57+09:00,2026/09/10,2026/09/10,2026-09,CALL,66250,219,118,29,30.87,29.46,97,3,83,3,29.15,-99,-45.21,120,09/09 23:10
2026/09/09 23:21,2026-09-09T23:36:57+09:00,2026/09/10,2026/09/10,2026-09,PUT,66250,1250,212,,34.78,,1825,5,1680,12,,,,,
2026/09/09 23:21,2026-09-09T23:36:57+09:00,2026/09/10,2026/09/10,2026-09,CALL,66125,260,42,25,30.42,29.49,109,2,99,2,29.5,-249,-66.4,126,09/09 22:39
2026/09/09 23:21,2026-09-09T23:36:57+09:00,2026/09/10,2026/09/10,2026-09,PUT,66125,1160,6,,37.82,,1760,3,1360,8,,,,,
2026/09/09 23:21,2026-09-09T23:36:57+09:00,2026/09/10,2026/09/10,2026-09,CALL,66000,286,2149,299,30.59,29.57,130,5,118,6,28.63,-136,-47.55,150,09/09 23:14
2026/09/09 23:21,2026-09-09T23:36:57+09:00,2026/09/10,2026/09/10,2026-09,PUT,66000,1065,2555,1,28.43,20.86,1540,4,1470,22,29.51,585,54.93,1650,09/09 21:37
2026/09/09 23:21,2026-09-09T23:36:57+09:00,2026/09/10,2026/09/10,2026-09,CALL,65875,330,,1,30.46,29.2,150,5,134,2,31.97,-160,-48.48,170,09/09 19:55
2026/09/09 23:21,2026-09-09T23:36:57+09:00,2026/09/10,2026/09/10,2026-09,PUT,65875,990,1,,45.97,,1690,3,1140,8,,,,,
2026/09/09 23:21,2026-09-09T23:36:57+09:00,2026/09/10,2026/09/10,2026-09,CALL,65750,355,126,34,30.58,29.34,176,3,159,12,28.53,-152,-42.82,203,09/09 23:14
2026/09/09 23:21,2026-09-09T23:36:57+09:00,2026/09/10,2026/09/10,2026-09,PUT,65750,915,695,1,28.67,22.45,1335,11,1260,11,32.84,325,31.55,1355,09/09 19:16
2026/09/09 23:21,2026-09-09T23:36:57+09:00,2026/09/10,2026/09/10,2026-09,CALL,65625,420,5,,30.41,25.95,201,2,138,1,,,,,
2026/09/09 23:21,2026-09-09T23:36:57+09:00,2026/09/10,2026/09/10,2026-09,PUT,65625,830,29,1,46.11,,1515,3,910,8,30.57,-15,-1.88,785,09/09 17:51
2026/09/09 23:21,2026-09-09T23:36:57+09:00,2026/09/10,2026/09/10,2026-09,CALL,65500,450,413,72,30.25,29.08,229,2,211,2,29.33,-226,-50.22,224,09/09 23:20
2026/09/09 23:21,2026-09-09T23:36:57+09:00,2026/09/10,2026/09/10,2026-09,PUT,65500,760,691,44,30.63,22.41,1170,5,1050,5,29.34,135,17.76,895,09/09 22:59
2026/09/09 23:21,2026-09-09T23:36:57+09:00,2026/09/10,2026/09/10,2026-09,CALL,65375,525,13,,30.32,24.84,264,7,177,1,,,,,
2026/09/09 23:21,2026-09-09T23:36:57+09:00,2026/09/10,2026/09/10,2026-09,PUT,65375,690,23,,33.97,,1135,3,775,8,,,,,
2026/09/09 23:21,2026-09-09T23:36:57+09:00,2026/09/10,2026/09/10,2026-09,CALL,65250,590,89,14,31.68,28.94,325,11,278,11,31.54,-390,-60,260,09/09 21:05
2026/09/09 23:21,2026-09-09T23:36:57+09:00,2026/09/10,2026/09/10,2026-09,PUT,65250,625,124,1,28.76,19.03,960,4,805,5,29.46,-55,-8.8,570,09/09 17:53
2026/09/09 23:21,2026-09-09T23:36:57+09:00,2026/09/10,2026/09/10,2026-09,CALL,65125,635,11,9,30.44,28.75,345,9,315,10,31.48,-275,-48.25,295,09/09 21:05
2026/09/09 23:21,2026-09-09T23:36:57+09:00,2026/09/10,2026/09/10,2026-09,PUT,65125,560,35,1,27.89,24.43,860,4,800,10,30.49,270,40,945,09/09 20:02
2026/09/09 23:21,2026-09-09T23:36:57+09:00,2026/09/10,2026/09/10,2026-09,CALL,65000,700,4814,128,31.24,27.95,405,36,345,2,28.18,-220,-31.43,480,09/09 23:08
2026/09/09 23:21,2026-09-09T23:36:57+09:00,2026/09/10,2026/09/10,2026-09,PUT,65000,510,4818,119,27.68,21.8,775,4,670,26,27.92,90,17.65,600,09/09 23:08
2026/09/09 23:21,2026-09-09T23:36:57+09:00,2026/09/10,2026/09/10,2026-09,CALL,64875,800,31,10,32.33,28.85,475,9,410,9,31.32,,,375,09/09 21:05
2026/09/09 23:21,2026-09-09T23:36:57+09:00,2026/09/10,2026/09/10,2026-09,PUT,64875,445,31,5,28.04,24.54,705,10,640,4,31.58,350,72.92,830,09/09 20:39
2026/09/09 23:21,2026-09-09T23:36:57+09:00,2026/09/10,2026/09/10,2026-09,CALL,64750,870,214,24,32.12,28.95,525,10,465,10,29.26,-195,-24.84,590,09/09 22:49
2026/09/09 23:21,2026-09-09T23:36:57+09:00,2026/09/10,2026/09/10,2026-09,PUT,64750,405,434,9,27.63,25.51,625,4,585,12,29.88,100,23.26,530,09/09 22:53
2026/09/09 23:21,2026-09-09T23:36:57+09:00,2026/09/10,2026/09/10,2026-09,CALL,64625,995,1,,33.01,26.72,600,4,480,4,,,,,
2026/09/09 23:21,2026-09-09T23:36:57+09:00,2026/09/10,2026/09/10,2026-09,PUT,64625,360,25,14,28.82,24.62,580,2,500,9,28.72,-15,-3.61,400,09/09 23:04
2026/09/09 23:21,2026-09-09T23:36:57+09:00,2026/09/10,2026/09/10,2026-09,CALL,64500,1020,145,13,32.12,26.34,645,22,535,8,28,-260,-26,740,09/09 23:09
2026/09/09 23:21,2026-09-09T23:36:57+09:00,2026/09/10,2026/09/10,2026-09,PUT,64500,325,873,75,28.71,25.82,515,2,460,16,29.07,10,2.7,380,09/09 22:56
2026/09/09 23:21,2026-09-09T23:36:57+09:00,2026/09/10,2026/09/10,2026-09,CALL,64375,1180,,1,33.66,29.15,740,10,655,10,30.47,,,615,09/09 21:20
2026/09/09 23:21,2026-09-09T23:36:57+09:00,2026/09/10,2026/09/10,2026-09,PUT,64375,292,50,2,28.36,25.7,450,2,400,2,32.31,215,58.9,580,09/09 21:20
2026/09/09 23:21,2026-09-09T23:36:57+09:00,2026/09/10,2026/09/10,2026-09,CALL,64250,1215,104,,34.48,24.76,825,4,645,4,,,,,
2026/09/09 23:21,2026-09-09T23:36:57+09:00,2026/09/10,2026/09/10,2026-09,PUT,64250,256,335,4,28.29,26.39,395,2,360,2,30.32,264,103.13,520,09/09 21:10
2026/09/09 23:21,2026-09-09T23:36:57+09:00,2026/09/10,2026/09/10,2026-09,CALL,64125,1370,,,49.15,12.53,1170,8,520,7,,,,,
2026/09/09 23:21,2026-09-09T23:36:57+09:00,2026/09/10,2026/09/10,2026-09,PUT,64125,224,24,,29.08,26.57,360,2,315,10,,,,,
2026/09/09 23:21,2026-09-09T23:36:57+09:00,2026/09/10,2026/09/10,2026-09,CALL,64000,1420,1698,9,33.06,29.67,950,22,890,4,33.02,-290,-22.57,995,09/09 19:13
2026/09/09 23:21,2026-09-09T23:36:57+09:00,2026/09/10,2026/09/10,2026-09,PUT,64000,189,2815,106,28.81,27.48,310,1,287,3,28.99,81,42.86,270,09/09 23:17
2026/09/09 23:21,2026-09-09T23:36:57+09:00,2026/09/10,2026/09/10,2026-09,CALL,63875,1575,,,52.33,11.27,1375,8,715,3,,,,,
2026/09/09 23:21,2026-09-09T23:36:57+09:00,2026/09/10,2026/09/10,2026-09,PUT,63875,198,54,,30.53,27.11,298,1,241,4,,,,,
2026/09/09 23:21,2026-09-09T23:36:57+09:00,2026/09/10,2026/09/10,2026-09,CALL,63750,1630,2,,37.74,28.67,1195,5,1045,4,,,,,
2026/09/09 23:21,2026-09-09T23:36:57+09:00,2026/09/10,2026/09/10,2026-09,PUT,63750,167,91,8,32.99,27.65,300,11,214,3,29.24,76,80.85,170,09/09 23:10
2026/09/09 23:21,2026-09-09T23:36:57+09:00,2026/09/10,2026/09/10,2026-09,CALL,63625,1785,,,55.43,,1585,8,880,3,,,,,
2026/09/09 23:21,2026-09-09T23:36:57+09:00,2026/09/10,2026/09/10,2026-09,PUT,63625,141,46,11,29.39,28.19,208,2,190,1,30.06,52,33.55,207,09/09 19:01
2026/09/09 23:21,2026-09-09T23:36:57+09:00,2026/09/10,2026/09/10,2026-09,CALL,63500,1835,4,,38.45,28.82,1380,5,1235,5,,,,,
2026/09/09 23:21,2026-09-09T23:36:57+09:00,2026/09/10,2026/09/10,2026-09,PUT,63500,120,679,49,32.15,28.39,218,20,164,2,29.97,48,40,168,09/09 23:19
2026/09/09 23:21,2026-09-09T23:36:57+09:00,2026/09/10,2026/09/10,2026-09,CALL,63375,2005,,,55.87,,1755,8,955,7,,,,,
2026/09/09 23:21,2026-09-09T23:36:57+09:00,2026/09/10,2026/09/10,2026-09,PUT,63375,111,68,1,30.33,28.58,164,10,141,2,31.38,58,52.25,169,09/09 22:08
2026/09/09 23:21,2026-09-09T23:36:57+09:00,2026/09/10,2026/09/10,2026-09,CALL,63250,2110,1,,43.8,29.95,1645,5,1450,4,,,,,
2026/09/09 23:21,2026-09-09T23:36:57+09:00,2026/09/10,2026/09/10,2026-09,PUT,63250,100,65,5,31.31,28.88,152,2,122,4,30.52,-2,-2,98,09/09 23:10
2026/09/09 23:21,2026-09-09T23:36:57+09:00,2026/09/10,2026/09/10,2026-09,CALL,63125,2230,,,59.18,,1980,8,1400,2,,,,,
2026/09/09 23:21,2026-09-09T23:36:57+09:00,2026/09/10,2026/09/10,2026-09,PUT,63125,91,111,,30.57,29.32,121,1,107,2,,,,,
2026/09/09 23:21,2026-09-09T23:36:57+09:00,2026/09/10,2026/09/10,2026-09,CALL,63000,2345,966,,59.05,,2065,22,1350,7,,,,,
2026/09/09 23:21,2026-09-09T23:36:57+09:00,2026/09/10,2026/09/10,2026-09,PUT,63000,73,2827,133,31.04,29.69,107,9,93,6,30.98,22,30.14,95,09/09 23:19
2026/09/09 23:21,2026-09-09T23:36:57+09:00,2026/09/10,2026/09/10,2026-09,CALL,62875,2465,,,62.89,,2215,8,1535,3,,,,,
2026/09/09 23:21,2026-09-09T23:36:57+09:00,2026/09/10,2026/09/10,2026-09,PUT,62875,74,44,6,31.24,29.98,92,2,80,16,34.57,47,58.02,128,09/09 20:05
2026/09/09 23:21,2026-09-09T23:36:57+09:00,2026/09/10,2026/09/10,2026-09,CALL,62750,2580,,,64.53,,2330,8,1755,2,,,,,
2026/09/09 23:21,2026-09-09T23:36:57+09:00,2026/09/10,2026/09/10,2026-09,PUT,62750,67,756,11,31.91,30.42,83,3,70,3,32.67,-16,-19.75,65,09/09 22:49
2026/09/09 23:21,2026-09-09T23:36:57+09:00,2026/09/10,2026/09/10,2026-09,CALL,62625,2700,,,66.45,,2450,8,1775,3,,,,,
2026/09/09 23:21,2026-09-09T23:36:57+09:00,2026/09/10,2026/09/10,2026-09,PUT,62625,62,92,29,32.09,31.35,71,3,65,1,33.05,,,75,09/09 22:12
2026/09/09 23:21,2026-09-09T23:36:57+09:00,2026/09/10,2026/09/10,2026-09,CALL,62500,2820,801,,68.01,,2565,1,2000,3,,,,,
2026/09/09 23:21,2026-09-09T23:36:57+09:00,2026/09/10,2026/09/10,2026-09,PUT,62500,54,1322,58,32.47,31.51,62,2,55,6,33.81,-11,-18.97,47,09/09 22:57
2026/09/09 23:21,2026-09-09T23:36:57+09:00,2026/09/10,2026/09/10,2026-09,CALL,62375,2940,,,70.2,,2690,8,1880,8,,,,,
2026/09/09 23:21,2026-09-09T23:36:57+09:00,2026/09/10,2026/09/10,2026-09,PUT,62375,48,192,2,33.12,31.77,56,11,47,3,33.79,10,20.83,58,09/09 22:14
2026/09/09 23:21,2026-09-09T23:36:57+09:00,2026/09/10,2026/09/10,2026-09,CALL,62250,3060,1,,72.03,,2810,8,2090,2,,,,,
2026/09/09 23:21,2026-09-09T23:36:57+09:00,2026/09/10,2026/09/10,2026-09,PUT,62250,45,163,2,33.51,32.36,49,9,42,3,35.5,16,31.37,67,09/09 20:50
2026/09/09 23:21,2026-09-09T23:36:57+09:00,2026/09/10,2026/09/10,2026-09,CALL,62125,3180,,,73.83,,2930,8,2235,3,,,,,
2026/09/09 23:21,2026-09-09T23:36:57+09:00,2026/09/10,2026/09/10,2026-09,PUT,62125,43,40,1,34.26,30.57,45,19,26,20,35.56,-11,-26.83,30,09/09 18:35
2026/09/09 23:21,2026-09-09T23:36:57+09:00,2026/09/10,2026/09/10,2026-09,CALL,62000,3300,2002,,75.26,,3045,4,2475,7,,,,,
2026/09/09 23:21,2026-09-09T23:36:57+09:00,2026/09/10,2026/09/10,2026-09,PUT,62000,35,4042,156,34.76,33.39,40,3,33,12,33.9,-5,-14.29,30,09/09 23:16
2026/09/09 23:21,2026-09-09T23:36:57+09:00,2026/09/10,2026/09/10,2026-09,CALL,61875,3425,2,,77.72,,3175,8,2395,7,,,,,
2026/09/09 23:21,2026-09-09T23:36:57+09:00,2026/09/10,2026/09/10,2026-09,PUT,61875,36,104,27,34.93,31.86,34,4,21,20,34.64,10,47.62,31,09/09 23:20
2026/09/09 23:21,2026-09-09T23:36:57+09:00,2026/09/10,2026/09/10,2026-09,CALL,61750,3545,,,79.46,,3295,8,2520,8,,,,,
2026/09/09 23:21,2026-09-09T23:36:57+09:00,2026/09/10,2026/09/10,2026-09,PUT,61750,34,266,31,36.26,32.52,34,24,19,27,37.13,-18,-43.9,23,09/09 23:02
2026/09/09 23:21,2026-09-09T23:36:57+09:00,2026/09/10,2026/09/10,2026-09,CALL,61625,3665,,,81.17,,3415,8,2905,3,,,,,
2026/09/09 23:21,2026-09-09T23:36:57+09:00,2026/09/10,2026/09/10,2026-09,PUT,61625,26,23,10,36.19,32.78,28,20,16,23,36.95,-1,-5,19,09/09 23:01
2026/09/09 23:21,2026-09-09T23:36:57+09:00,2026/09/10,2026/09/10,2026-09,CALL,61500,3785,1,,93.18,,3680,1,2785,1,,,,,
2026/09/09 23:21,2026-09-09T23:36:57+09:00,2026/09/10,2026/09/10,2026-09,PUT,61500,31,1642,98,36.7,34.97,25,11,19,37,36.66,-9,-29.03,22,09/09 23:19
2026/09/09 23:21,2026-09-09T23:36:57+09:00,2026/09/10,2026/09/10,2026-09,CALL,61375,3910,,,84.91,,3660,8,3065,7,,,,,
2026/09/09 23:21,2026-09-09T23:36:57+09:00,2026/09/10,2026/09/10,2026-09,PUT,61375,25,19,30,37.96,34.02,25,23,13,7,39.89,10,40,35,09/09 20:50
2026/09/09 23:21,2026-09-09T23:36:57+09:00,2026/09/10,2026/09/10,2026-09,CALL,61250,4035,22,,86.95,,3785,8,3240,2,,,,,
2026/09/09 23:21,2026-09-09T23:36:57+09:00,2026/09/10,2026/09/10,2026-09,PUT,61250,24,89,8,38.93,34.3,24,27,11,27,41.45,-10,-41.67,14,09/09 17:53
2026/09/09 23:21,2026-09-09T23:36:57+09:00,2026/09/10,2026/09/10,2026-09,CALL,61125,4160,,,88.6,,3905,2,3120,2,,,,,
2026/09/09 23:21,2026-09-09T23:36:57+09:00,2026/09/10,2026/09/10,2026-09,PUT,61125,23,34,,38.61,35.43,19,23,11,7,,,,,
2026/09/09 23:21,2026-09-09T23:36:57+09:00,2026/09/10,2026/09/10,2026-09,CALL,61000,4275,221,,89.45,,4015,4,3270,4,,,,,
2026/09/09 23:21,2026-09-09T23:36:57+09:00,2026/09/10,2026/09/10,2026-09,PUT,61000,20,2594,194,38.72,37.92,16,12,14,1,38.65,-6,-30,14,09/09 23:19
2026/09/09 23:21,2026-09-09T23:36:57+09:00,2026/09/10,2026/09/10,2026-09,CALL,60875,4405,,,92.22,,4150,2,3650,2,,,,,
2026/09/09 23:21,2026-09-09T23:36:57+09:00,2026/09/10,2026/09/10,2026-09,PUT,60875,18,82,,39.5,36.03,15,18,8,21,,,,,
2026/09/09 23:21,2026-09-09T23:36:57+09:00,2026/09/10,2026/09/10,2026-09,CALL,60750,4530,120,,94.22,34.91,4275,1,3820,1,,,,,
2026/09/09 23:21,2026-09-09T23:36:57+09:00,2026/09/10,2026/09/10,2026-09,PUT,60750,16,334,9,39.79,37.12,13,22,8,25,41.4,1,5.26,20,09/09 20:34
2026/09/09 23:21,2026-09-09T23:36:57+09:00,2026/09/10,2026/09/10,2026-09,CALL,60625,4650,,,95,,4385,2,3625,2,,,,,
2026/09/09 23:21,2026-09-09T23:36:57+09:00,2026/09/10,2026/09/10,2026-09,PUT,60625,16,42,4,40.45,37.53,12,33,7,33,45.48,-37,-78.72,10,09/09 17:29
2026/09/09 23:21,2026-09-09T23:36:57+09:00,2026/09/10,2026/09/10,2026-09,CALL,60500,4775,750,,96.96,,4510,1,4055,1,,,,,
2026/09/09 23:21,2026-09-09T23:36:57+09:00,2026/09/10,2026/09/10,2026-09,PUT,60500,15,1044,28,41.07,38.6,11,23,7,66,40.62,-8,-47.06,9,09/09 23:19
2026/09/09 23:21,2026-09-09T23:36:57+09:00,2026/09/10,2026/09/10,2026-09,CALL,60375,4900,,,98.92,,4635,2,3965,2,,,,,
2026/09/09 23:21,2026-09-09T23:36:57+09:00,2026/09/10,2026/09/10,2026-09,PUT,60375,15,2137,10,43.23,38.89,13,33,6,33,43.14,-4,-28.57,10,09/09 18:57
2026/09/09 23:21,2026-09-09T23:36:57+09:00,2026/09/10,2026/09/10,2026-09,CALL,60250,5025,,,125.42,,5080,1,4110,1,,,,,
2026/09/09 23:21,2026-09-09T23:36:57+09:00,2026/09/10,2026/09/10,2026-09,PUT,60250,13,108,7,42.13,39.95,9,5,6,37,41.5,-37,-86.05,6,09/09 23:15
2026/09/09 23:21,2026-09-09T23:36:57+09:00,2026/09/10,2026/09/10,2026-09,CALL,60125,5150,,,128.68,,5220,2,4230,2,,,,,
2026/09/09 23:21,2026-09-09T23:36:57+09:00,2026/09/10,2026/09/10,2026-09,PUT,60125,13,2,,42.55,40.09,8,4,5,33,,,,,
2026/09/09 23:21,2026-09-09T23:36:57+09:00,2026/09/10,2026/09/10,2026-09,CALL,60000,5275,786,,129.76,,5330,4,4350,4,,,,,
2026/09/09 23:21,2026-09-09T23:36:57+09:00,2026/09/10,2026/09/10,2026-09,PUT,60000,10,5746,189,43.63,42.05,8,98,6,1,43.97,-4,-40,6,09/09 23:12
2026/09/09 23:21,2026-09-09T23:36:57+09:00,2026/09/10,2026/09/10,2026-09,CALL,59875,5400,,,133.02,,5470,2,4485,2,,,,,
2026/09/09 23:21,2026-09-09T23:36:57+09:00,2026/09/10,2026/09/10,2026-09,PUT,59875,11,45,5,44.71,41.06,8,33,4,15,46.79,-8,-38.1,13,09/09 21:41
2026/09/09 23:21,2026-09-09T23:36:57+09:00,2026/09/10,2026/09/10,2026-09,CALL,59750,5520,,,134.44,,5585,1,4610,1,,,,,
2026/09/09 23:21,2026-09-09T23:36:57+09:00,2026/09/10,2026/09/10,2026-09,PUT,59750,10,128,1,45.01,42.07,7,37,4,20,46.36,0,0,10,09/09 20:20
2026/09/09 23:21,2026-09-09T23:36:57+09:00,2026/09/10,2026/09/10,2026-09,CALL,59625,5645,,,136.59,,5710,2,4725,2,,,,,
2026/09/09 23:21,2026-09-09T23:36:57+09:00,2026/09/10,2026/09/10,2026-09,PUT,59625,9,15,3,46.08,41.71,7,33,3,19,48.24,,,9,09/09 19:12
2026/09/09 23:21,2026-09-09T23:36:57+09:00,2026/09/10,2026/09/10,2026-09,CALL,59500,5770,,,139.11,,5840,1,4850,1,,,,,
2026/09/09 23:21,2026-09-09T23:36:57+09:00,2026/09/10,2026/09/10,2026-09,PUT,59500,8,969,20,45.25,42.7,5,23,3,101,48.66,0,0,10,09/09 21:36
2026/09/09 23:21,2026-09-09T23:36:57+09:00,2026/09/10,2026/09/10,2026-09,CALL,59375,5895,,,135.51,,5890,2,5110,2,,,,,
2026/09/09 23:21,2026-09-09T23:36:57+09:00,2026/09/10,2026/09/10,2026-09,PUT,59375,8,24,7,48.21,43.68,7,33,3,19,49.35,-15,-65.22,8,09/09 22:12
2026/09/09 23:21,2026-09-09T23:36:57+09:00,2026/09/10,2026/09/10,2026-09,CALL,59250,6020,,,127.55,,5890,1,5105,1,,,,,
2026/09/09 23:21,2026-09-09T23:36:57+09:00,2026/09/10,2026/09/10,2026-09,PUT,59250,7,142,1,48.35,42.81,6,37,2,50,46.27,-6,-66.67,3,09/09 22:34
2026/09/09 23:21,2026-09-09T23:36:57+09:00,2026/09/10,2026/09/10,2026-09,CALL,59125,6145,,,,,,,,,,,,,
2026/09/09 23:21,2026-09-09T23:36:57+09:00,2026/09/10,2026/09/10,2026-09,PUT,59125,7,36,,49.4,40.96,6,33,1,33,,,,,
2026/09/09 23:21,2026-09-09T23:36:57+09:00,2026/09/10,2026/09/10,2026-09,CALL,59000,6270,1096,,,,,,,,,,,,
2026/09/09 23:21,2026-09-09T23:36:57+09:00,2026/09/10,2026/09/10,2026-09,PUT,59000,5,3338,145,48.13,44.71,4,98,2,219,49.22,-2,-40,3,09/09 22:59
2026/09/09 23:21,2026-09-09T23:36:57+09:00,2026/09/10,2026/09/10,2026-09,CALL,58875,6395,,,,,,,,,,,,,
2026/09/09 23:21,2026-09-09T23:36:57+09:00,2026/09/10,2026/09/10,2026-09,PUT,58875,5,32,7,58.05,42.76,15,14,1,19,50.18,-2,-28.57,5,09/09 21:50
2026/09/09 23:21,2026-09-09T23:36:57+09:00,2026/09/10,2026/09/10,2026-09,CALL,58750,6520,,,,,,,,,,,,,
2026/09/09 23:21,2026-09-09T23:36:57+09:00,2026/09/10,2026/09/10,2026-09,PUT,58750,5,124,6,59.75,43.66,16,17,1,32,50.19,-4,-57.14,3,09/09 22:50
2026/09/09 23:21,2026-09-09T23:36:57+09:00,2026/09/10,2026/09/10,2026-09,CALL,58625,6645,,,,,,,,,,,,,
2026/09/09 23:21,2026-09-09T23:36:57+09:00,2026/09/10,2026/09/10,2026-09,PUT,58625,6,46,8,60.36,47.57,15,14,2,2,50.94,-1,-20,4,09/09 19:42
2026/09/09 23:21,2026-09-09T23:36:57+09:00,2026/09/10,2026/09/10,2026-09,CALL,58500,6765,,,,,,,,,,,,,
2026/09/09 23:21,2026-09-09T23:36:57+09:00,2026/09/10,2026/09/10,2026-09,PUT,58500,4,2680,13,53.5,48.52,5,8,2,2,53.38,-3,-60,2,09/09 18:03
2026/09/09 23:21,2026-09-09T23:36:57+09:00,2026/09/10,2026/09/10,2026-09,CALL,58375,6890,,,,,,,,,,,,,
2026/09/09 23:21,2026-09-09T23:36:57+09:00,2026/09/10,2026/09/10,2026-09,PUT,58375,4,49,1,62.67,46.36,15,14,1,34,51.84,-2,-40,3,09/09 22:04
2026/09/09 23:21,2026-09-09T23:36:57+09:00,2026/09/10,2026/09/10,2026-09,CALL,58250,7015,,,,,,,,,,,,,
2026/09/09 23:21,2026-09-09T23:36:57+09:00,2026/09/10,2026/09/10,2026-09,PUT,58250,4,326,,63.82,47.26,15,17,1,11,,,,,
2026/09/09 23:21,2026-09-09T23:36:57+09:00,2026/09/10,2026/09/10,2026-09,CALL,58000,7265,1101,,,,,,,,,,,,
2026/09/09 23:21,2026-09-09T23:36:57+09:00,2026/09/10,2026/09/10,2026-09,PUT,58000,3,2559,66,54.52,49.07,3,12,1,104,54.26,-1,-33.33,2,09/09 23:10
2026/09/09 23:21,2026-09-09T23:36:57+09:00,2026/09/10,2026/09/10,2026-09,CALL,57750,7515,,,,,,,,,,,,,
2026/09/09 23:21,2026-09-09T23:36:57+09:00,2026/09/10,2026/09/10,2026-09,PUT,57750,3,171,30,68.44,50.87,15,17,1,15,54.41,-1,-33.33,2,09/09 22:10
2026/09/09 23:21,2026-09-09T23:36:57+09:00,2026/09/10,2026/09/10,2026-09,CALL,57500,7765,384,,,,,,,,,,,,
2026/09/09 23:21,2026-09-09T23:36:57+09:00,2026/09/10,2026/09/10,2026-09,PUT,57500,3,699,58,56.16,52.69,2,8,1,4,56.02,0,0,2,09/09 21:52
2026/09/09 23:21,2026-09-09T23:36:57+09:00,2026/09/10,2026/09/10,2026-09,CALL,57250,8015,,,,,,,,,,,,,
2026/09/09 23:21,2026-09-09T23:36:57+09:00,2026/09/10,2026/09/10,2026-09,PUT,57250,3,199,34,58.07,54.5,2,6,1,3,57.84,0,0,2,09/09 21:59
2026/09/09 23:21,2026-09-09T23:36:57+09:00,2026/09/10,2026/09/10,2026-09,CALL,57000,8265,850,,,,,,,,,,,,
2026/09/09 23:21,2026-09-09T23:36:57+09:00,2026/09/10,2026/09/10,2026-09,PUT,57000,2,3130,67,59.99,56.32,2,69,1,8,59.19,0,0,2,09/09 21:41
2026/09/09 23:21,2026-09-09T23:36:57+09:00,2026/09/10,2026/09/10,2026-09,CALL,56750,8515,,,,,,,,,,,,,
2026/09/09 23:21,2026-09-09T23:36:57+09:00,2026/09/10,2026/09/10,2026-09,PUT,56750,2,214,9,76.25,,13,5,,,57.83,-2,-66.67,1,09/09 19:56
2026/09/09 23:21,2026-09-09T23:36:57+09:00,2026/09/10,2026/09/10,2026-09,CALL,56500,8765,75,,,,,,,,,,,,
2026/09/09 23:21,2026-09-09T23:36:57+09:00,2026/09/10,2026/09/10,2026-09,PUT,56500,2,1201,24,79.3,,14,28,,,61.92,-1,-50,1,09/09 23:08
2026/09/09 23:21,2026-09-09T23:36:57+09:00,2026/09/10,2026/09/10,2026-09,CALL,56250,9015,,,,,,,,,,,,,
2026/09/09 23:21,2026-09-09T23:36:57+09:00,2026/09/10,2026/09/10,2026-09,PUT,56250,2,41,2,61.8,,1,2,,,61.27,-1,-50,1,09/09 20:30
2026/09/09 23:21,2026-09-09T23:36:57+09:00,2026/09/10,2026/09/10,2026-09,CALL,56000,9265,1250,,,,,,,,,,,,
2026/09/09 23:21,2026-09-09T23:36:57+09:00,2026/09/10,2026/09/10,2026-09,PUT,56000,1,2229,57,63.64,,1,90,,,66.05,0,0,1,09/09 23:00
2026/09/09 23:21,2026-09-09T23:36:57+09:00,2026/09/10,2026/09/10,2026-09,CALL,55750,9515,,,,,,,,,,,,,
2026/09/09 23:21,2026-09-09T23:36:57+09:00,2026/09/10,2026/09/10,2026-09,PUT,55750,1,26,2,65.48,,1,2,,,69.99,0,0,1,09/09 17:19
2026/09/09 23:21,2026-09-09T23:36:57+09:00,2026/09/10,2026/09/10,2026-09,CALL,55500,9765,,,,,,,,,,,,,
2026/09/09 23:21,2026-09-09T23:36:57+09:00,2026/09/10,2026/09/10,2026-09,PUT,55500,1,795,,67.33,,1,50,,,,,,,
2026/09/09 23:21,2026-09-09T23:36:57+09:00,2026/09/10,2026/09/10,2026-09,CALL,55250,10015,,,,,,,,,,,,,
2026/09/09 23:21,2026-09-09T23:36:57+09:00,2026/09/10,2026/09/10,2026-09,PUT,55250,1,20,,69.18,,1,4,,,,,,,
2026/09/09 23:21,2026-09-09T23:36:57+09:00,2026/09/10,2026/09/10,2026-09,CALL,55000,10265,660,,,,,,,,,,,,
2026/09/09 23:21,2026-09-09T23:36:57+09:00,2026/09/10,2026/09/10,2026-09,PUT,55000,1,6012,6,71.03,,1,335,,,70.91,0,0,1,09/09 21:47
2026/09/09 23:21,2026-09-09T23:36:57+09:00,2026/09/10,2026/09/10,2026-09,CALL,54750,10510,90,,,,,,,,,,,,
2026/09/09 23:21,2026-09-09T23:36:57+09:00,2026/09/10,2026/09/10,2026-09,PUT,54750,1,285,,72.89,,1,8,,,,,,,
2026/09/09 23:21,2026-09-09T23:36:57+09:00,2026/09/10,2026/09/10,2026-09,CALL,54500,10760,200,,,,,,,,,,,,
2026/09/09 23:21,2026-09-09T23:36:57+09:00,2026/09/10,2026/09/10,2026-09,PUT,54500,1,706,4,74.76,,1,46,,,79.23,-1,-50,1,09/09 17:19
2026/09/09 23:21,2026-09-09T23:36:57+09:00,2026/09/10,2026/09/10,2026-09,CALL,54250,11010,50,,,,,,,,,,,,
2026/09/09 23:21,2026-09-09T23:36:57+09:00,2026/09/10,2026/09/10,2026-09,PUT,54250,1,159,,76.63,,1,7,,,,,,,
2026/09/09 23:21,2026-09-09T23:36:57+09:00,2026/09/10,2026/09/10,2026-09,CALL,54000,11260,1056,,,,,,,,,,,,
2026/09/09 23:21,2026-09-09T23:36:57+09:00,2026/09/10,2026/09/10,2026-09,PUT,54000,1,2912,6,78.51,,1,151,,,77.7,0,0,1,09/09 20:42
2026/09/09 23:21,2026-09-09T23:36:57+09:00,2026/09/10,2026/09/10,2026-09,CALL,53750,11510,150,,,,,,,,,,,,
2026/09/09 23:21,2026-09-09T23:36:57+09:00,2026/09/10,2026/09/10,2026-09,PUT,53750,1,255,,80.39,,1,6,,,,,,,
2026/09/09 23:21,2026-09-09T23:36:57+09:00,2026/09/10,2026/09/10,2026-09,CALL,53500,11760,400,,,,,,,,,,,,
2026/09/09 23:21,2026-09-09T23:36:57+09:00,2026/09/10,2026/09/10,2026-09,PUT,53500,1,1046,,82.28,,1,63,,,,,,,
2026/09/09 23:21,2026-09-09T23:36:57+09:00,2026/09/10,2026/09/10,2026-09,CALL,53250,12010,,,,,,,,,,,,,
2026/09/09 23:21,2026-09-09T23:36:57+09:00,2026/09/10,2026/09/10,2026-09,PUT,53250,1,93,,84.18,,1,5,,,,,,,
2026/09/09 23:21,2026-09-09T23:36:57+09:00,2026/09/10,2026/09/10,2026-09,CALL,53000,12260,1100,,,,,,,,,,,,
2026/09/09 23:21,2026-09-09T23:36:57+09:00,2026/09/10,2026/09/10,2026-09,PUT,53000,1,2819,6,86.08,,1,93,,,85.93,0,0,1,09/09 21:51
2026/09/09 23:21,2026-09-09T23:36:57+09:00,2026/09/10,2026/09/10,2026-09,CALL,52750,12510,,,,,,,,,,,,,
2026/09/09 23:21,2026-09-09T23:36:57+09:00,2026/09/10,2026/09/10,2026-09,PUT,52750,1,156,,87.99,,1,35,,,,,,,
2026/09/09 23:21,2026-09-09T23:36:57+09:00,2026/09/10,2026/09/10,2026-09,CALL,52500,12760,,,,,,,,,,,,,
2026/09/09 23:21,2026-09-09T23:36:57+09:00,2026/09/10,2026/09/10,2026-09,PUT,52500,1,901,,89.9,,1,39,,,,,,,
2026/09/09 23:21,2026-09-09T23:36:57+09:00,2026/09/10,2026/09/10,2026-09,CALL,52250,13010,,,,,,,,,,,,,
2026/09/09 23:21,2026-09-09T23:36:57+09:00,2026/09/10,2026/09/10,2026-09,PUT,52250,1,66,,91.83,,1,10,,,,,,,
2026/09/09 23:21,2026-09-09T23:36:57+09:00,2026/09/10,2026/09/10,2026-09,CALL,52000,13260,350,,,,,,,,,,,,
2026/09/09 23:21,2026-09-09T23:36:57+09:00,2026/09/10,2026/09/10,2026-09,PUT,52000,1,2516,47,93.76,,1,120,,,93.11,0,0,1,09/09 21:35
2026/09/09 23:21,2026-09-09T23:36:57+09:00,2026/09/10,2026/09/10,2026-09,CALL,51750,13510,,,,,,,,,,,,,
2026/09/09 23:21,2026-09-09T23:36:57+09:00,2026/09/10,2026/09/10,2026-09,PUT,51750,1,54,,95.69,,1,13,,,,,,,
2026/09/09 23:21,2026-09-09T23:36:57+09:00,2026/09/10,2026/09/10,2026-09,CALL,51500,13760,,,,,,,,,,,,,
2026/09/09 23:21,2026-09-09T23:36:57+09:00,2026/09/10,2026/09/10,2026-09,PUT,51500,1,289,,97.63,,1,38,,,,,,,
2026/09/09 23:21,2026-09-09T23:36:57+09:00,2026/09/10,2026/09/10,2026-09,CALL,51250,14010,210,,,,,,,,,,,,
2026/09/09 23:21,2026-09-09T23:36:57+09:00,2026/09/10,2026/09/10,2026-09,PUT,51250,1,222,,99.58,,1,10,,,,,,,
2026/09/09 23:21,2026-09-09T23:36:57+09:00,2026/09/10,2026/09/10,2026-09,CALL,51000,14260,141,,,,,,,,,,,,
2026/09/09 23:21,2026-09-09T23:36:57+09:00,2026/09/10,2026/09/10,2026-09,PUT,51000,1,1451,2,101.54,,1,65,,,101.3,0,0,1,09/09 20:28
2026/09/09 23:21,2026-09-09T23:36:57+09:00,2026/09/10,2026/09/10,2026-09,CALL,50750,14510,,,,,,,,,,,,,
2026/09/09 23:21,2026-09-09T23:36:57+09:00,2026/09/10,2026/09/10,2026-09,PUT,50750,1,175,,103.51,,1,10,,,,,,,
2026/09/09 23:21,2026-09-09T23:36:57+09:00,2026/09/10,2026/09/10,2026-09,CALL,50500,14760,50,,,,,,,,,,,,
2026/09/09 23:21,2026-09-09T23:36:57+09:00,2026/09/10,2026/09/10,2026-09,PUT,50500,1,1578,,105.48,,1,48,,,,,,,
2026/09/09 23:21,2026-09-09T23:36:57+09:00,2026/09/10,2026/09/10,2026-09,CALL,50250,15010,,,,,,,,,,,,,
2026/09/09 23:21,2026-09-09T23:36:57+09:00,2026/09/10,2026/09/10,2026-09,PUT,50250,1,143,,107.46,,1,10,,,,,,,
2026/09/09 23:21,2026-09-09T23:36:57+09:00,2026/09/10,2026/09/10,2026-09,CALL,50000,15260,4450,,,,,,,,,,,,
2026/09/09 23:21,2026-09-09T23:36:57+09:00,2026/09/10,2026/09/10,2026-09,PUT,50000,1,9726,1,109.45,,1,272,,,109.96,0,0,1,09/09 19:37
2026/09/09 23:21,2026-09-09T23:36:57+09:00,2026/09/10,2026/09/10,2026-09,CALL,49750,15510,,,,,,,,,,,,,
2026/09/09 23:21,2026-09-09T23:36:57+09:00,2026/09/10,2026/09/10,2026-09,PUT,49750,1,173,,111.45,,1,15,,,,,,,
2026/09/09 23:21,2026-09-09T23:36:57+09:00,2026/09/10,2026/09/10,2026-09,CALL,49500,15760,,,,,,,,,,,,,
2026/09/09 23:21,2026-09-09T23:36:57+09:00,2026/09/10,2026/09/10,2026-09,PUT,49500,1,274,,113.45,,1,38,,,,,,,
2026/09/09 23:21,2026-09-09T23:36:57+09:00,2026/09/10,2026/09/10,2026-09,CALL,49250,16010,,,,,,,,,,,,,
2026/09/09 23:21,2026-09-09T23:36:57+09:00,2026/09/10,2026/09/10,2026-09,PUT,49250,1,216,,115.46,,1,10,,,,,,,
2026/09/09 23:21,2026-09-09T23:36:57+09:00,2026/09/10,2026/09/10,2026-09,CALL,49000,16260,200,,,,,,,,,,,,
2026/09/09 23:21,2026-09-09T23:36:57+09:00,2026/09/10,2026/09/10,2026-09,PUT,49000,1,2280,1,117.49,,1,85,,,117.42,0,0,1,09/09 20:04
2026/09/09 23:21,2026-09-09T23:36:57+09:00,2026/09/10,2026/09/10,2026-09,CALL,48750,16510,,,,,,,,,,,,,
2026/09/09 23:21,2026-09-09T23:36:57+09:00,2026/09/10,2026/09/10,2026-09,PUT,48750,1,153,,119.51,,1,25,,,,,,,
2026/09/09 23:21,2026-09-09T23:36:57+09:00,2026/09/10,2026/09/10,2026-09,CALL,48500,16760,240,,,,,,,,,,,,
2026/09/09 23:21,2026-09-09T23:36:57+09:00,2026/09/10,2026/09/10,2026-09,PUT,48500,1,770,,121.55,,1,27,,,,,,,
2026/09/09 23:21,2026-09-09T23:36:57+09:00,2026/09/10,2026/09/10,2026-09,CALL,48250,17010,,,,,,,,,,,,,
2026/09/09 23:21,2026-09-09T23:36:57+09:00,2026/09/10,2026/09/10,2026-09,PUT,48250,1,124,,123.6,,1,25,,,,,,,
2026/09/09 23:21,2026-09-09T23:36:57+09:00,2026/09/10,2026/09/10,2026-09,CALL,48000,17260,400,,,,,,,,,,,,
2026/09/09 23:21,2026-09-09T23:36:57+09:00,2026/09/10,2026/09/10,2026-09,PUT,48000,1,2985,,125.66,,1,101,,,,,,,
2026/09/09 23:21,2026-09-09T23:36:57+09:00,2026/09/10,2026/09/10,2026-09,CALL,47750,17510,,,,,,,,,,,,,
2026/09/09 23:21,2026-09-09T23:36:57+09:00,2026/09/10,2026/09/10,2026-09,PUT,47750,1,137,,127.72,,1,15,,,,,,,
2026/09/09 23:21,2026-09-09T23:36:57+09:00,2026/09/10,2026/09/10,2026-09,CALL,47500,17760,,,,,,,,,,,,,
2026/09/09 23:21,2026-09-09T23:36:57+09:00,2026/09/10,2026/09/10,2026-09,PUT,47500,1,1065,,129.8,,1,48,,,,,,,
2026/09/09 23:21,2026-09-09T23:36:57+09:00,2026/09/10,2026/09/10,2026-09,CALL,47250,18010,,,,,,,,,,,,,
2026/09/09 23:21,2026-09-09T23:36:57+09:00,2026/09/10,2026/09/10,2026-09,PUT,47250,1,225,,131.88,,1,15,,,,,,,
2026/09/09 23:21,2026-09-09T23:36:57+09:00,2026/09/10,2026/09/10,2026-09,CALL,47000,18260,,,,,,,,,,,,,
2026/09/09 23:21,2026-09-09T23:36:57+09:00,2026/09/10,2026/09/10,2026-09,PUT,47000,1,1232,1,133.97,,1,63,,,135.31,0,0,1,09/09 22:48
2026/09/09 23:21,2026-09-09T23:36:57+09:00,2026/09/10,2026/09/10,2026-09,CALL,46750,18510,,,,,,,,,,,,,
2026/09/09 23:21,2026-09-09T23:36:57+09:00,2026/09/10,2026/09/10,2026-09,PUT,46750,1,66,,136.08,,1,20,,,,,,,
2026/09/09 23:21,2026-09-09T23:36:57+09:00,2026/09/10,2026/09/10,2026-09,CALL,46500,18760,,,,,,,,,,,,,
2026/09/09 23:21,2026-09-09T23:36:57+09:00,2026/09/10,2026/09/10,2026-09,PUT,46500,1,439,,138.19,,1,48,,,,,,,
2026/09/09 23:21,2026-09-09T23:36:57+09:00,2026/09/10,2026/09/10,2026-09,CALL,46250,19010,,,,,,,,,,,,,
2026/09/09 23:21,2026-09-09T23:36:57+09:00,2026/09/10,2026/09/10,2026-09,PUT,46250,1,68,,140.31,,1,16,,,,,,,
2026/09/09 23:21,2026-09-09T23:36:57+09:00,2026/09/10,2026/09/10,2026-09,CALL,46000,19260,,,,,,,,,,,,,
2026/09/09 23:21,2026-09-09T23:36:57+09:00,2026/09/10,2026/09/10,2026-09,PUT,46000,1,1868,,142.45,,1,39,,,,,,,
2026/09/09 23:21,2026-09-09T23:36:57+09:00,2026/09/10,2026/09/10,2026-09,CALL,45750,19510,,,,,,,,,,,,,
2026/09/09 23:21,2026-09-09T23:36:57+09:00,2026/09/10,2026/09/10,2026-09,PUT,45750,1,60,,144.59,,1,15,,,,,,,
2026/09/09 23:21,2026-09-09T23:36:57+09:00,2026/09/10,2026/09/10,2026-09,CALL,45500,19760,,,,,,,,,,,,,
2026/09/09 23:21,2026-09-09T23:36:57+09:00,2026/09/10,2026/09/10,2026-09,PUT,45500,1,160,,146.74,,1,18,,,,,,,
2026/09/09 23:21,2026-09-09T23:36:57+09:00,2026/09/10,2026/09/10,2026-09,CALL,45250,20010,,,,,,,,,,,,,
2026/09/09 23:21,2026-09-09T23:36:57+09:00,2026/09/10,2026/09/10,2026-09,PUT,45250,1,108,,148.91,,1,15,,,,,,,
2026/09/09 23:21,2026-09-09T23:36:57+09:00,2026/09/10,2026/09/10,2026-09,CALL,45000,20260,42,,,,,,,,,,,,
2026/09/09 23:21,2026-09-09T23:36:57+09:00,2026/09/10,2026/09/10,2026-09,PUT,45000,1,2540,,151.08,,1,69,,,,,,,
2026/09/09 23:21,2026-09-09T23:36:57+09:00,2026/09/10,2026/09/10,2026-09,CALL,44750,20510,,,,,,,,,,,,,
2026/09/09 23:21,2026-09-09T23:36:57+09:00,2026/09/10,2026/09/10,2026-09,PUT,44750,1,36,,153.26,,1,15,,,,,,,
2026/09/09 23:21,2026-09-09T23:36:57+09:00,2026/09/10,2026/09/10,2026-09,CALL,44500,20760,,,,,,,,,,,,,
2026/09/09 23:21,2026-09-09T23:36:57+09:00,2026/09/10,2026/09/10,2026-09,PUT,44500,1,212,,155.46,,1,18,,,,,,,
2026/09/09 23:21,2026-09-09T23:36:57+09:00,2026/09/10,2026/09/10,2026-09,CALL,44250,21010,,,,,,,,,,,,,
2026/09/09 23:21,2026-09-09T23:36:57+09:00,2026/09/10,2026/09/10,2026-09,PUT,44250,1,33,,157.67,,1,15,,,,,,,
2026/09/09 23:21,2026-09-09T23:36:57+09:00,2026/09/10,2026/09/10,2026-09,CALL,44000,21260,,,,,,,,,,,,,
2026/09/09 23:21,2026-09-09T23:36:57+09:00,2026/09/10,2026/09/10,2026-09,PUT,44000,1,1477,,159.89,,1,52,,,,,,,
2026/09/09 23:21,2026-09-09T23:36:57+09:00,2026/09/10,2026/09/10,2026-09,CALL,43750,21510,,,,,,,,,,,,,
2026/09/09 23:21,2026-09-09T23:36:57+09:00,2026/09/10,2026/09/10,2026-09,PUT,43750,1,16,,162.11,,1,15,,,,,,,
2026/09/09 23:21,2026-09-09T23:36:57+09:00,2026/09/10,2026/09/10,2026-09,CALL,43500,21760,57,,,,,,,,,,,,
2026/09/09 23:21,2026-09-09T23:36:57+09:00,2026/09/10,2026/09/10,2026-09,PUT,43500,1,887,,164.36,,1,18,,,,,,,
2026/09/09 23:21,2026-09-09T23:36:57+09:00,2026/09/10,2026/09/10,2026-09,CALL,43250,22010,,,,,,,,,,,,,
2026/09/09 23:21,2026-09-09T23:36:57+09:00,2026/09/10,2026/09/10,2026-09,PUT,43250,1,110,,166.61,,1,15,,,,,,,
2026/09/09 23:21,2026-09-09T23:36:57+09:00,2026/09/10,2026/09/10,2026-09,CALL,43000,22260,100,,,,,,,,,,,,
2026/09/09 23:21,2026-09-09T23:36:57+09:00,2026/09/10,2026/09/10,2026-09,PUT,43000,1,1382,1,168.87,,1,52,,,170.45,0,0,1,09/09 22:53
2026/09/09 23:21,2026-09-09T23:36:57+09:00,2026/09/10,2026/09/10,2026-09,CALL,42750,22510,,,,,,,,,,,,,
2026/09/09 23:21,2026-09-09T23:36:57+09:00,2026/09/10,2026/09/10,2026-09,PUT,42750,1,23,,171.15,,1,15,,,,,,,
2026/09/09 23:21,2026-09-09T23:36:57+09:00,2026/09/10,2026/09/10,2026-09,CALL,42500,22760,10,,,,,,,,,,,,
2026/09/09 23:21,2026-09-09T23:36:57+09:00,2026/09/10,2026/09/10,2026-09,PUT,42500,1,81,,173.44,,1,18,,,,,,,
2026/09/09 23:21,2026-09-09T23:36:57+09:00,2026/09/10,2026/09/10,2026-09,CALL,42250,23010,,,,,,,,,,,,,
2026/09/09 23:21,2026-09-09T23:36:57+09:00,2026/09/10,2026/09/10,2026-09,PUT,42250,1,24,,175.74,,1,15,,,,,,,
2026/09/09 23:21,2026-09-09T23:36:57+09:00,2026/09/10,2026/09/10,2026-09,CALL,42000,23260,101,,,,,,,,,,,,
2026/09/09 23:21,2026-09-09T23:36:57+09:00,2026/09/10,2026/09/10,2026-09,PUT,42000,1,2526,,178.05,,1,69,,,,,,,
2026/09/09 23:21,2026-09-09T23:36:57+09:00,2026/09/10,2026/09/10,2026-09,CALL,41750,23510,,,,,,,,,,,,,
2026/09/09 23:21,2026-09-09T23:36:57+09:00,2026/09/10,2026/09/10,2026-09,PUT,41750,1,17,,180.38,,1,25,,,,,,,
2026/09/09 23:21,2026-09-09T23:36:57+09:00,2026/09/10,2026/09/10,2026-09,CALL,41500,23760,,,,,,,,,,,,,
2026/09/09 23:21,2026-09-09T23:36:57+09:00,2026/09/10,2026/09/10,2026-09,PUT,41500,1,65,,182.72,,1,29,,,,,,,
2026/09/09 23:21,2026-09-09T23:36:57+09:00,2026/09/10,2026/09/10,2026-09,CALL,41250,24010,,,,,,,,,,,,,
2026/09/09 23:21,2026-09-09T23:36:57+09:00,2026/09/10,2026/09/10,2026-09,PUT,41250,1,30,,185.07,,1,26,,,,,,,
2026/09/09 23:21,2026-09-09T23:36:57+09:00,2026/09/10,2026/09/10,2026-09,CALL,41000,24260,,,,,,,,,,,,,
2026/09/09 23:21,2026-09-09T23:36:57+09:00,2026/09/10,2026/09/10,2026-09,PUT,41000,1,1012,,187.44,,1,78,,,,,,,
2026/09/09 23:21,2026-09-09T23:36:57+09:00,2026/09/10,2026/09/10,2026-09,CALL,40750,24510,,,,,,,,,,,,,
2026/09/09 23:21,2026-09-09T23:36:57+09:00,2026/09/10,2026/09/10,2026-09,PUT,40750,1,49,,189.81,,1,28,,,,,,,
2026/09/09 23:21,2026-09-09T23:36:57+09:00,2026/09/10,2026/09/10,2026-09,CALL,40500,24760,,,,,,,,,,,,,
2026/09/09 23:21,2026-09-09T23:36:57+09:00,2026/09/10,2026/09/10,2026-09,PUT,40500,1,181,,192.21,,1,30,,,,,,,
2026/09/09 23:21,2026-09-09T23:36:57+09:00,2026/09/10,2026/09/10,2026-09,CALL,40250,25010,,,,,,,,,,,,,
2026/09/09 23:21,2026-09-09T23:36:57+09:00,2026/09/10,2026/09/10,2026-09,PUT,40250,1,30,,194.61,,1,28,,,,,,,
2026/09/09 23:21,2026-09-09T23:36:57+09:00,2026/09/10,2026/09/10,2026-09,CALL,40000,25260,5,,,,,,,,,,,,
2026/09/09 23:21,2026-09-09T23:36:57+09:00,2026/09/10,2026/09/10,2026-09,PUT,40000,1,5021,1,197.03,,1,121,,,197.5,0,0,1,09/09 19:22
2026/09/09 23:22,2026-09-09T23:36:57+09:00,2026/09/10,2026/10/08,2026-10,CALL,90000,1,100,1,37.62,,2,10,,,35.69,,,1,09/09 20:05
2026/09/09 23:22,2026-09-09T23:36:57+09:00,2026/09/10,2026/10/08,2026-10,PUT,90000,24975,,,,,,,,,,,,,
2026/09/09 23:22,2026-09-09T23:36:57+09:00,2026/09/10,2026/10/08,2026-10,CALL,87500,2,118,,34.76,32.92,2,50,1,1,,,,,
2026/09/09 23:22,2026-09-09T23:36:57+09:00,2026/09/10,2026/10/08,2026-10,PUT,87500,22480,,,,,,,,,,,,,
2026/09/09 23:22,2026-09-09T23:36:57+09:00,2026/09/10,2026/10/08,2026-10,CALL,85000,2,228,3,32.91,30.08,3,41,1,80,31.72,-1,-33.33,2,09/09 19:17
2026/09/09 23:22,2026-09-09T23:36:57+09:00,2026/09/10,2026/10/08,2026-10,PUT,85000,19985,26,,,,,,,,,,,,
2026/09/09 23:22,2026-09-09T23:36:57+09:00,2026/09/10,2026/10/08,2026-10,CALL,84500,2,3,,,29.5,,,1,1,,,,,
2026/09/09 23:22,2026-09-09T23:36:57+09:00,2026/09/10,2026/10/08,2026-10,PUT,84500,19485,,,,,,,,,,,,,
2026/09/09 23:22,2026-09-09T23:36:57+09:00,2026/09/10,2026/10/08,2026-10,CALL,84000,3,58,,33.17,30.57,5,27,2,1,,,,,
2026/09/09 23:22,2026-09-09T23:36:57+09:00,2026/09/10,2026/10/08,2026-10,PUT,84000,18985,,,,,,,,,,,,,
2026/09/09 23:22,2026-09-09T23:36:57+09:00,2026/09/10,2026/10/08,2026-10,CALL,83500,4,9,,,29.95,,,2,1,,,,,
2026/09/09 23:22,2026-09-09T23:36:57+09:00,2026/09/10,2026/10/08,2026-10,PUT,83500,18485,,,,,,,,,,,,,
2026/09/09 23:22,2026-09-09T23:36:57+09:00,2026/09/10,2026/10/08,2026-10,CALL,83000,4,56,2,30.38,27.74,3,40,1,101,30.45,-2,-40,3,09/09 21:49
2026/09/09 23:22,2026-09-09T23:36:57+09:00,2026/09/10,2026/10/08,2026-10,PUT,83000,17990,,,,,,,,,,,,,
2026/09/09 23:22,2026-09-09T23:36:57+09:00,2026/09/10,2026/10/08,2026-10,CALL,82500,6,9,2,30.52,29.73,4,30,3,2,29.7,-3,-50,3,09/09 23:19
2026/09/09 23:22,2026-09-09T23:36:57+09:00,2026/09/10,2026/10/08,2026-10,PUT,82500,17490,,,,,,,,,,,,,
2026/09/09 23:22,2026-09-09T23:36:57+09:00,2026/09/10,2026/10/08,2026-10,CALL,82000,5,184,3,30.5,29.85,5,20,4,2,29.93,-1,-20,4,09/09 19:15
2026/09/09 23:22,2026-09-09T23:36:57+09:00,2026/09/10,2026/10/08,2026-10,PUT,82000,16990,,,,,,,,,,,,,
2026/09/09 23:22,2026-09-09T23:36:57+09:00,2026/09/10,2026/10/08,2026-10,CALL,81500,6,3,,32.01,27.43,10,15,2,36,,,,,
2026/09/09 23:22,2026-09-09T23:36:57+09:00,2026/09/10,2026/10/08,2026-10,PUT,81500,16490,,,,,,,,,,,,,
2026/09/09 23:22,2026-09-09T23:36:57+09:00,2026/09/10,2026/10/08,2026-10,CALL,81000,9,520,1,30.12,28.51,7,32,4,17,30.51,0,0,7,09/09 21:17
2026/09/09 23:22,2026-09-09T23:36:57+09:00,2026/09/10,2026/10/08,2026-10,PUT,81000,15995,,,,,,,,,,,,,
2026/09/09 23:22,2026-09-09T23:36:57+09:00,2026/09/10,2026/10/08,2026-10,CALL,80500,9,14,,31.17,28.43,12,15,5,16,,,,,
2026/09/09 23:22,2026-09-09T23:36:57+09:00,2026/09/10,2026/10/08,2026-10,PUT,80500,15495,,,,,,,,,,,,,
2026/09/09 23:22,2026-09-09T23:36:57+09:00,2026/09/10,2026/10/08,2026-10,CALL,80000,10,1695,53,29.8,29.09,10,39,8,4,29.69,1,11.11,10,09/09 22:26
2026/09/09 23:22,2026-09-09T23:36:57+09:00,2026/09/10,2026/10/08,2026-10,PUT,80000,14995,,,,,,,,,,,,,
2026/09/09 23:22,2026-09-09T23:36:57+09:00,2026/09/10,2026/10/08,2026-10,CALL,79500,12,1,,30.18,27.52,14,15,6,15,,,,,
2026/09/09 23:22,2026-09-09T23:36:57+09:00,2026/09/10,2026/10/08,2026-10,PUT,79500,14500,,,,,,,,,,,,,
2026/09/09 23:22,2026-09-09T23:36:57+09:00,2026/09/10,2026/10/08,2026-10,CALL,79000,15,111,2,29.88,26.79,16,1,6,28,29.7,3,25,15,09/09 20:05
2026/09/09 23:22,2026-09-09T23:36:57+09:00,2026/09/10,2026/10/08,2026-10,PUT,79000,14000,1,,,,,,,,,,,,
2026/09/09 23:22,2026-09-09T23:36:57+09:00,2026/09/10,2026/10/08,2026-10,CALL,78500,17,17,,37.15,26.06,88,7,6,7,,,,,
2026/09/09 23:22,2026-09-09T23:36:57+09:00,2026/09/10,2026/10/08,2026-10,PUT,78500,13505,,,,,,,,,,,,,
2026/09/09 23:22,2026-09-09T23:36:57+09:00,2026/09/10,2026/10/08,2026-10,CALL,78000,18,726,6,29.07,28.05,20,3,15,1,28.95,1,5.88,18,09/09 21:38
2026/09/09 23:22,2026-09-09T23:36:57+09:00,2026/09/10,2026/10/08,2026-10,PUT,78000,13010,,,,,,,,,,,,,
2026/09/09 23:22,2026-09-09T23:36:57+09:00,2026/09/10,2026/10/08,2026-10,CALL,77500,26,111,1,29.38,26.26,27,24,11,30,27.93,,,17,09/09 19:53
2026/09/09 23:22,2026-09-09T23:36:57+09:00,2026/09/10,2026/10/08,2026-10,PUT,77500,12515,,,,,,,,,,,,,
2026/09/09 23:22,2026-09-09T23:36:57+09:00,2026/09/10,2026/10/08,2026-10,CALL,77000,27,1262,,30.15,27.03,40,7,18,1,,,,,
2026/09/09 23:22,2026-09-09T23:36:57+09:00,2026/09/10,2026/10/08,2026-10,PUT,77000,12015,,,,,,,,,,,,,
2026/09/09 23:22,2026-09-09T23:36:57+09:00,2026/09/10,2026/10/08,2026-10,CALL,76500,32,13,,28.55,26.19,34,6,18,6,,,,,
2026/09/09 23:22,2026-09-09T23:36:57+09:00,2026/09/10,2026/10/08,2026-10,PUT,76500,11525,,,,,,,,,,,,,
2026/09/09 23:22,2026-09-09T23:36:57+09:00,2026/09/10,2026/10/08,2026-10,CALL,76250,35,9,,28.33,26.45,36,14,22,10,,,,,
2026/09/09 23:22,2026-09-09T23:36:57+09:00,2026/09/10,2026/10/08,2026-10,PUT,76250,11275,,,,,,,,,,,,,
2026/09/09 23:22,2026-09-09T23:36:57+09:00,2026/09/10,2026/10/08,2026-10,CALL,76000,38,1077,10,28.09,27.02,38,29,29,1,27.97,-1,-2.86,34,09/09 21:29
2026/09/09 23:22,2026-09-09T23:36:57+09:00,2026/09/10,2026/10/08,2026-10,PUT,76000,11030,,,,,,,,,,,,,
2026/09/09 23:22,2026-09-09T23:36:57+09:00,2026/09/10,2026/10/08,2026-10,CALL,75750,42,5,,27.95,26.16,41,15,26,15,,,,,
2026/09/09 23:22,2026-09-09T23:36:57+09:00,2026/09/10,2026/10/08,2026-10,PUT,75750,10785,,,,,,,,,,,,,
2026/09/09 23:22,2026-09-09T23:36:57+09:00,2026/09/10,2026/10/08,2026-10,CALL,75500,43,13,1,28.06,26.36,47,22,31,16,26.42,3,6.98,46,09/09 17:03
2026/09/09 23:22,2026-09-09T23:36:57+09:00,2026/09/10,2026/10/08,2026-10,PUT,75500,10540,,,,,,,,,,,,,
2026/09/09 23:22,2026-09-09T23:36:57+09:00,2026/09/10,2026/10/08,2026-10,CALL,75250,52,2,5,27.49,26.37,46,2,35,2,27.77,,,46,09/09 20:15
2026/09/09 23:22,2026-09-09T23:36:57+09:00,2026/09/10,2026/10/08,2026-10,PUT,75250,10295,,,,,,,,,,,,,
2026/09/09 23:22,2026-09-09T23:36:57+09:00,2026/09/10,2026/10/08,2026-10,CALL,75000,54,2347,140,27.37,26.82,50,25,44,1,26.82,-7,-12.96,47,09/09 23:16
2026/09/09 23:22,2026-09-09T23:36:57+09:00,2026/09/10,2026/10/08,2026-10,PUT,75000,10050,,,,,,,,,,,,,
2026/09/09 23:22,2026-09-09T23:36:57+09:00,2026/09/10,2026/10/08,2026-10,CALL,74750,62,3,1,27.22,26.34,54,12,44,8,26.72,-28,-33.73,55,09/09 22:50
2026/09/09 23:22,2026-09-09T23:36:57+09:00,2026/09/10,2026/10/08,2026-10,PUT,74750,9805,,,,,,,,,,,,,
2026/09/09 23:22,2026-09-09T23:36:57+09:00,2026/09/10,2026/10/08,2026-10,CALL,74500,67,74,2,27.12,26.47,59,2,51,1,27.26,-8,-11.94,59,09/09 20:02
2026/09/09 23:22,2026-09-09T23:36:57+09:00,2026/09/10,2026/10/08,2026-10,PUT,74500,9560,,,,,,,,,,,,,
2026/09/09 23:22,2026-09-09T23:36:57+09:00,2026/09/10,2026/10/08,2026-10,CALL,74250,75,10,29,27.13,26.22,66,12,54,8,27.05,,,60,09/09 21:21
2026/09/09 23:22,2026-09-09T23:36:57+09:00,2026/09/10,2026/10/08,2026-10,PUT,74250,9325,,,,,,,,,,,,,
2026/09/09 23:22,2026-09-09T23:36:57+09:00,2026/09/10,2026/10/08,2026-10,CALL,74000,84,548,5,27.02,26.1,72,22,59,18,26.45,-7,-9.33,68,09/09 23:16
2026/09/09 23:22,2026-09-09T23:36:57+09:00,2026/09/10,2026/10/08,2026-10,PUT,74000,9080,,,,,,,,,,,,,
2026/09/09 23:22,2026-09-09T23:36:57+09:00,2026/09/10,2026/10/08,2026-10,CALL,73750,93,3,,26.82,26.09,77,7,66,7,,,,,
2026/09/09 23:22,2026-09-09T23:36:57+09:00,2026/09/10,2026/10/08,2026-10,PUT,73750,8840,,,,,,,,,,,,,
2026/09/09 23:22,2026-09-09T23:36:57+09:00,2026/09/10,2026/10/08,2026-10,CALL,73500,101,32,5,26.83,26.03,86,16,73,12,26.46,-15,-14.85,86,09/09 22:30
2026/09/09 23:22,2026-09-09T23:36:57+09:00,2026/09/10,2026/10/08,2026-10,PUT,73500,8605,,,,,,,,,,,,,
2026/09/09 23:22,2026-09-09T23:36:57+09:00,2026/09/10,2026/10/08,2026-10,CALL,73250,113,3,,26.73,26.05,94,6,82,6,,,,,
2026/09/09 23:22,2026-09-09T23:36:57+09:00,2026/09/10,2026/10/08,2026-10,PUT,73250,8365,,,,,,,,,,,,,
2026/09/09 23:22,2026-09-09T23:36:57+09:00,2026/09/10,2026/10/08,2026-10,CALL,73000,122,1530,15,26.65,26.29,103,16,96,1,26.18,-16,-13.11,106,09/09 22:49
2026/09/09 23:22,2026-09-09T23:36:57+09:00,2026/09/10,2026/10/08,2026-10,PUT,73000,8130,10,,,,,,,,,,,,
2026/09/09 23:22,2026-09-09T23:36:57+09:00,2026/09/10,2026/10/08,2026-10,CALL,72750,138,15,2,26.58,25.99,113,7,101,7,26.7,,,112,09/09 20:02
2026/09/09 23:22,2026-09-09T23:36:57+09:00,2026/09/10,2026/10/08,2026-10,PUT,72750,7895,,,,,,,,,,,,,
2026/09/09 23:22,2026-09-09T23:36:57+09:00,2026/09/10,2026/10/08,2026-10,CALL,72500,148,590,19,26.51,25.91,124,10,111,10,27.04,-25,-16.89,123,09/09 21:17
2026/09/09 23:22,2026-09-09T23:36:57+09:00,2026/09/10,2026/10/08,2026-10,PUT,72500,7660,1,,,,,,,,,,,,
2026/09/09 23:22,2026-09-09T23:36:57+09:00,2026/09/10,2026/10/08,2026-10,CALL,72250,170,87,,26.45,26.01,136,5,126,5,,,,,
2026/09/09 23:22,2026-09-09T23:36:57+09:00,2026/09/10,2026/10/08,2026-10,PUT,72250,7430,,,36.99,,8480,1,7680,6,,,,,
2026/09/09 23:22,2026-09-09T23:36:57+09:00,2026/09/10,2026/10/08,2026-10,CALL,72125,180,,,26.44,25.89,143,3,130,3,,,,,
2026/09/09 23:22,2026-09-09T23:36:57+09:00,2026/09/10,2026/10/08,2026-10,PUT,72125,7315,,,36.51,,8350,1,7565,6,,,,,
2026/09/09 23:22,2026-09-09T23:36:57+09:00,2026/09/10,2026/10/08,2026-10,CALL,72000,179,1972,8,26.45,25.97,151,11,139,11,25.97,-19,-10.61,160,09/09 22:52
2026/09/09 23:22,2026-09-09T23:36:57+09:00,2026/09/10,2026/10/08,2026-10,PUT,72000,7200,,,37.18,,8270,3,7450,18,,,,,
2026/09/09 23:22,2026-09-09T23:36:57+09:00,2026/09/10,2026/10/08,2026-10,CALL,71875,200,,,26.42,25.83,158,3,143,14,,,,,
2026/09/09 23:22,2026-09-09T23:36:57+09:00,2026/09/10,2026/10/08,2026-10,PUT,71875,7085,,,35.77,,8100,1,7335,6,,,,,
2026/09/09 23:22,2026-09-09T23:36:57+09:00,2026/09/10,2026/10/08,2026-10,CALL,71750,210,,,26.41,25.95,166,5,154,5,,,,,
2026/09/09 23:22,2026-09-09T23:36:57+09:00,2026/09/10,2026/10/08,2026-10,PUT,71750,6970,,,34.58,,7940,1,7220,7,,,,,
2026/09/09 23:22,2026-09-09T23:36:57+09:00,2026/09/10,2026/10/08,2026-10,CALL,71625,221,,,26.46,25.76,176,7,157,14,,,,,
2026/09/09 23:22,2026-09-09T23:36:57+09:00,2026/09/10,2026/10/08,2026-10,PUT,71625,6855,,,31.45,,7705,1,7105,6,,,,,
2026/09/09 23:22,2026-09-09T23:36:57+09:00,2026/09/10,2026/10/08,2026-10,CALL,71500,228,275,2,26.38,25.81,183,2,167,8,26.11,-55,-23.71,177,09/09 23:19
2026/09/09 23:22,2026-09-09T23:36:57+09:00,2026/09/10,2026/10/08,2026-10,PUT,71500,6745,,,34.54,,7720,2,6995,12,,,,,
2026/09/09 23:22,2026-09-09T23:36:57+09:00,2026/09/10,2026/10/08,2026-10,CALL,71375,243,,1,26.37,25.82,192,3,176,3,26.17,,,200,09/09 22:33
2026/09/09 23:22,2026-09-09T23:36:57+09:00,2026/09/10,2026/10/08,2026-10,PUT,71375,6630,,,33.93,,7585,1,6880,6,,,,,
2026/09/09 23:22,2026-09-09T23:36:57+09:00,2026/09/10,2026/10/08,2026-10,CALL,71250,257,128,,26.38,25.81,202,2,185,2,,,,,
2026/09/09 23:22,2026-09-09T23:36:57+09:00,2026/09/10,2026/10/08,2026-10,PUT,71250,6520,,,33.9,,7475,1,6770,7,,,,,
2026/09/09 23:22,2026-09-09T23:36:57+09:00,2026/09/10,2026/10/08,2026-10,CALL,71125,271,,,26.37,25.82,212,3,195,3,,,,,
2026/09/09 23:22,2026-09-09T23:36:57+09:00,2026/09/10,2026/10/08,2026-10,PUT,71125,6410,,,30.91,,7240,1,6660,5,,,,,
2026/09/09 23:22,2026-09-09T23:36:57+09:00,2026/09/10,2026/10/08,2026-10,CALL,71000,270,1108,22,26.38,25.88,223,11,207,11,26.07,-45,-16.67,225,09/09 23:16
2026/09/09 23:22,2026-09-09T23:36:57+09:00,2026/09/10,2026/10/08,2026-10,PUT,71000,6300,,,35.1,,7315,3,6550,18,,,,,
2026/09/09 23:22,2026-09-09T23:36:57+09:00,2026/09/10,2026/10/08,2026-10,CALL,70875,298,1,,26.4,25.76,235,3,214,3,,,,,
2026/09/09 23:22,2026-09-09T23:36:57+09:00,2026/09/10,2026/10/08,2026-10,PUT,70875,6185,,,33.2,,7120,1,6435,6,,,,,
2026/09/09 23:22,2026-09-09T23:36:57+09:00,2026/09/10,2026/10/08,2026-10,CALL,70750,310,3,2,26.36,25.82,245,5,227,5,26.28,,,250,09/09 19:18
2026/09/09 23:22,2026-09-09T23:36:57+09:00,2026/09/10,2026/10/08,2026-10,PUT,70750,6080,,,36.15,,7155,1,6330,7,,,,,
2026/09/09 23:22,2026-09-09T23:36:57+09:00,2026/09/10,2026/10/08,2026-10,CALL,70625,335,,,26.38,25.78,258,3,237,3,,,,,
2026/09/09 23:22,2026-09-09T23:36:57+09:00,2026/09/10,2026/10/08,2026-10,PUT,70625,5980,,,32.85,,6890,1,6230,6,,,,,
2026/09/09 23:22,2026-09-09T23:36:57+09:00,2026/09/10,2026/10/08,2026-10,CALL,70500,340,321,1,26.39,25.92,271,8,254,8,26.03,-79,-21.64,286,09/09 22:49
2026/09/09 23:22,2026-09-09T23:36:57+09:00,2026/09/10,2026/10/08,2026-10,PUT,70500,5860,,,31.26,,6710,10,6110,10,,,,,
2026/09/09 23:22,2026-09-09T23:36:57+09:00,2026/09/10,2026/10/08,2026-10,CALL,70375,375,124,,26.39,25.62,284,3,256,2,,,,,
2026/09/09 23:22,2026-09-09T23:36:57+09:00,2026/09/10,2026/10/08,2026-10,PUT,70375,5770,,,32.06,,6640,5,6020,6,,,,,
2026/09/09 23:22,2026-09-09T23:36:57+09:00,2026/09/10,2026/10/08,2026-10,CALL,70250,380,12,,26.37,25.89,297,2,279,5,,,,,
2026/09/09 23:22,2026-09-09T23:36:57+09:00,2026/09/10,2026/10/08,2026-10,PUT,70250,5645,,,32.29,,6545,1,5895,7,,,,,
2026/09/09 23:22,2026-09-09T23:36:57+09:00,2026/09/10,2026/10/08,2026-10,CALL,70125,405,,,30.3,24.69,480,10,248,3,,,,,
2026/09/09 23:22,2026-09-09T23:36:57+09:00,2026/09/10,2026/10/08,2026-10,PUT,70125,5555,,,35.23,,6590,1,5805,5,,,,,
2026/09/09 23:22,2026-09-09T23:36:57+09:00,2026/09/10,2026/10/08,2026-10,CALL,70000,405,1893,60,26.34,25.97,325,2,310,8,26.02,-45,-11.11,360,09/09 23:07
2026/09/09 23:22,2026-09-09T23:36:57+09:00,2026/09/10,2026/10/08,2026-10,PUT,70000,5440,105,,32.88,,6365,3,5690,18,,,,,
2026/09/09 23:22,2026-09-09T23:36:57+09:00,2026/09/10,2026/10/08,2026-10,CALL,69875,445,107,,29.5,25.47,480,12,305,2,,,,,
2026/09/09 23:22,2026-09-09T23:36:57+09:00,2026/09/10,2026/10/08,2026-10,PUT,69875,5350,,,31.57,,6195,1,5600,6,,,,,
2026/09/09 23:22,2026-09-09T23:36:57+09:00,2026/09/10,2026/10/08,2026-10,CALL,69750,450,82,2,26.43,26.07,360,2,345,2,26.24,-70,-15.91,370,09/09 19:03
2026/09/09 23:22,2026-09-09T23:36:57+09:00,2026/09/10,2026/10/08,2026-10,PUT,69750,5230,,,33.66,,6200,1,5480,7,,,,,
2026/09/09 23:22,2026-09-09T23:36:57+09:00,2026/09/10,2026/10/08,2026-10,CALL,69625,480,95,,26.84,25.57,395,2,340,2,,,,,
2026/09/09 23:22,2026-09-09T23:36:57+09:00,2026/09/10,2026/10/08,2026-10,PUT,69625,5130,,,31.9,13.14,6005,1,5380,6,,,,,
2026/09/09 23:22,2026-09-09T23:36:57+09:00,2026/09/10,2026/10/08,2026-10,CALL,69500,495,298,4,26.45,26.11,395,2,380,4,26.24,-85,-17.35,405,09/09 19:03
2026/09/09 23:22,2026-09-09T23:36:57+09:00,2026/09/10,2026/10/08,2026-10,PUT,69500,5025,,,31.09,14.74,5860,2,5275,12,,,,,
2026/09/09 23:22,2026-09-09T23:36:57+09:00,2026/09/10,2026/10/08,2026-10,CALL,69375,535,,,30.47,23.96,610,10,305,10,,,,,
2026/09/09 23:22,2026-09-09T23:36:57+09:00,2026/09/10,2026/10/08,2026-10,PUT,69375,4945,,,32.9,16.97,5855,3,5195,8,,,,,
2026/09/09 23:22,2026-09-09T23:36:57+09:00,2026/09/10,2026/10/08,2026-10,CALL,69250,545,7,,26.51,26.08,435,4,415,2,,,,,
2026/09/09 23:22,2026-09-09T23:36:57+09:00,2026/09/10,2026/10/08,2026-10,PUT,69250,4825,,,31.45,16.88,5675,2,5075,8,,,,,
2026/09/09 23:22,2026-09-09T23:36:57+09:00,2026/09/10,2026/10/08,2026-10,CALL,69125,585,,,29.41,24.24,600,12,350,2,,,,,
2026/09/09 23:22,2026-09-09T23:36:57+09:00,2026/09/10,2026/10/08,2026-10,PUT,69125,4755,,,32.36,18.62,5625,3,5005,8,,,,,
2026/09/09 23:22,2026-09-09T23:36:57+09:00,2026/09/10,2026/10/08,2026-10,CALL,69000,580,3983,49,26.52,26.31,475,2,465,1,26.21,-65,-11.21,515,09/09 22:53
2026/09/09 23:22,2026-09-09T23:36:57+09:00,2026/09/10,2026/10/08,2026-10,PUT,69000,4630,210,,33.92,18.28,5615,7,4880,22,,,,,
2026/09/09 23:22,2026-09-09T23:36:57+09:00,2026/09/10,2026/10/08,2026-10,CALL,68875,630,85,,30.65,26,715,10,470,12,,,,,
2026/09/09 23:22,2026-09-09T23:36:57+09:00,2026/09/10,2026/10/08,2026-10,PUT,68875,4550,,,31.98,19.31,5405,3,4800,8,,,,,
2026/09/09 23:22,2026-09-09T23:36:57+09:00,2026/09/10,2026/10/08,2026-10,CALL,68750,650,114,,26.66,26.07,525,2,495,2,,,,,
2026/09/09 23:22,2026-09-09T23:36:57+09:00,2026/09/10,2026/10/08,2026-10,PUT,68750,4435,,,31.17,19.23,5260,2,4685,8,,,,,
2026/09/09 23:22,2026-09-09T23:36:57+09:00,2026/09/10,2026/10/08,2026-10,CALL,68625,685,,,30.44,24.94,755,9,460,2,,,,,
2026/09/09 23:22,2026-09-09T23:36:57+09:00,2026/09/10,2026/10/08,2026-10,PUT,68625,4360,,,33.01,20.18,5270,3,4610,8,,,,,
2026/09/09 23:22,2026-09-09T23:36:57+09:00,2026/09/10,2026/10/08,2026-10,CALL,68500,705,1252,2,26.83,26.26,580,4,550,4,26.29,25,3.7,700,09/09 17:40
2026/09/09 23:22,2026-09-09T23:36:57+09:00,2026/09/10,2026/10/08,2026-10,PUT,68500,4240,3,,30.92,19.92,5050,3,4490,13,,,,,
2026/09/09 23:22,2026-09-09T23:36:57+09:00,2026/09/10,2026/10/08,2026-10,CALL,68375,750,,,28.01,23.69,670,10,440,1,,,,,
2026/09/09 23:22,2026-09-09T23:36:57+09:00,2026/09/10,2026/10/08,2026-10,PUT,68375,4180,,,30.78,21.05,4945,3,4430,8,,,,,
2026/09/09 23:22,2026-09-09T23:36:57+09:00,2026/09/10,2026/10/08,2026-10,CALL,68250,765,8,,26.83,26.11,630,3,590,2,,,,,
2026/09/09 23:22,2026-09-09T23:36:57+09:00,2026/09/10,2026/10/08,2026-10,PUT,68250,4055,,,29.79,20.64,4790,2,4305,8,,,,,
2026/09/09 23:22,2026-09-09T23:36:57+09:00,2026/09/10,2026/10/08,2026-10,CALL,68125,805,8,,30.56,26.28,875,10,625,10,,,,,
2026/09/09 23:22,2026-09-09T23:36:57+09:00,2026/09/10,2026/10/08,2026-10,PUT,68125,3995,,,30.15,21.61,4715,3,4245,8,,,,,
2026/09/09 23:22,2026-09-09T23:36:57+09:00,2026/09/10,2026/10/08,2026-10,CALL,68000,835,982,10,26.78,26.43,680,5,660,3,26.78,-100,-12.66,690,09/09 22:25
2026/09/09 23:22,2026-09-09T23:36:57+09:00,2026/09/10,2026/10/08,2026-10,PUT,68000,3870,542,,30.15,21.18,4620,7,4120,22,,,,,
2026/09/09 23:22,2026-09-09T23:36:57+09:00,2026/09/10,2026/10/08,2026-10,CALL,67875,875,,,28.66,23.73,820,10,535,1,,,,,
2026/09/09 23:22,2026-09-09T23:36:57+09:00,2026/09/10,2026/10/08,2026-10,PUT,67875,3820,,,31.18,22.23,4590,3,4070,8,,,,,
2026/09/09 23:22,2026-09-09T23:36:57+09:00,2026/09/10,2026/10/08,2026-10,CALL,67750,905,1011,,27,26.33,750,2,710,2,,,,,
2026/09/09 23:22,2026-09-09T23:36:57+09:00,2026/09/10,2026/10/08,2026-10,PUT,67750,3750,9,,32.48,22.9,4580,7,4005,1,,,,,
2026/09/09 23:22,2026-09-09T23:36:57+09:00,2026/09/10,2026/10/08,2026-10,CALL,67625,945,85,,27.66,23.95,820,10,600,1,,,,,
2026/09/09 23:22,2026-09-09T23:36:57+09:00,2026/09/10,2026/10/08,2026-10,PUT,67625,3630,6,,29.2,22.44,4280,3,3880,8,,,,,
2026/09/09 23:22,2026-09-09T23:36:57+09:00,2026/09/10,2026/10/08,2026-10,CALL,67500,980,219,8,26.99,26.58,810,4,785,4,27.04,-125,-13.37,810,09/09 22:03
2026/09/09 23:22,2026-09-09T23:36:57+09:00,2026/09/10,2026/10/08,2026-10,PUT,67500,3680,38,,28.84,25.09,4165,3,3935,1,,,,,
2026/09/09 23:22,2026-09-09T23:36:57+09:00,2026/09/10,2026/10/08,2026-10,CALL,67375,1025,74,,30.73,25.75,1080,8,765,1,,,,,
2026/09/09 23:22,2026-09-09T23:36:57+09:00,2026/09/10,2026/10/08,2026-10,PUT,67375,3470,,,32.94,23.07,4340,3,3720,8,,,,,
2026/09/09 23:22,2026-09-09T23:36:57+09:00,2026/09/10,2026/10/08,2026-10,CALL,67250,1060,,,27.08,26.68,880,3,855,11,,,,,
2026/09/09 23:22,2026-09-09T23:36:57+09:00,2026/09/10,2026/10/08,2026-10,PUT,67250,3505,,,27.32,24.91,3885,3,3735,4,,,,,
2026/09/09 23:22,2026-09-09T23:36:57+09:00,2026/09/10,2026/10/08,2026-10,CALL,67125,1120,,,28.19,24.08,985,9,725,8,,,,,
2026/09/09 23:22,2026-09-09T23:36:57+09:00,2026/09/10,2026/10/08,2026-10,PUT,67125,3270,,,32.05,22.93,4105,3,3520,8,,,,,
2026/09/09 23:22,2026-09-09T23:36:57+09:00,2026/09/10,2026/10/08,2026-10,CALL,67000,1145,1174,7,27.26,26.8,960,5,930,29,26.97,-30,-2.78,1050,09/09 22:59
2026/09/09 23:22,2026-09-09T23:36:57+09:00,2026/09/10,2026/10/08,2026-10,PUT,67000,3245,511,,27.33,25,3705,2,3555,10,,,,,
2026/09/09 23:22,2026-09-09T23:36:57+09:00,2026/09/10,2026/10/08,2026-10,CALL,66875,1200,,,27.32,26.86,1000,9,970,1,,,,,
2026/09/09 23:22,2026-09-09T23:36:57+09:00,2026/09/10,2026/10/08,2026-10,PUT,66875,3110,,,32.75,23.36,3980,1,3360,6,,,,,
2026/09/09 23:22,2026-09-09T23:36:57+09:00,2026/09/10,2026/10/08,2026-10,CALL,66750,1235,123,,27.74,26.84,1065,1,1005,2,,,,,
2026/09/09 23:22,2026-09-09T23:36:57+09:00,2026/09/10,2026/10/08,2026-10,PUT,66750,3085,,,26.99,25.32,3505,2,3395,2,,,,,
2026/09/09 23:22,2026-09-09T23:36:57+09:00,2026/09/10,2026/10/08,2026-10,CALL,66625,1290,,,28.06,26.35,1125,8,1010,20,,,,,
2026/09/09 23:22,2026-09-09T23:36:57+09:00,2026/09/10,2026/10/08,2026-10,PUT,66625,2965,,,31.65,23.92,3735,1,3215,6,,,,,
2026/09/09 23:22,2026-09-09T23:36:57+09:00,2026/09/10,2026/10/08,2026-10,CALL,66500,1330,15,12,27.78,26.97,1145,3,1090,17,26.86,35,2.79,1290,09/09 17:45
2026/09/09 23:22,2026-09-09T23:36:57+09:00,2026/09/10,2026/10/08,2026-10,PUT,66500,2930,94,,27.78,25.55,3385,2,3235,5,,,,,
2026/09/09 23:22,2026-09-09T23:36:57+09:00,2026/09/10,2026/10/08,2026-10,CALL,66375,1390,1,,28.13,26.45,1210,8,1095,20,,,,,
2026/09/09 23:22,2026-09-09T23:36:57+09:00,2026/09/10,2026/10/08,2026-10,PUT,66375,2810,1,,29.08,24.23,3390,1,3060,6,,,,,
2026/09/09 23:22,2026-09-09T23:36:57+09:00,2026/09/10,2026/10/08,2026-10,CALL,66250,1435,4,,27.89,27.03,1235,1,1175,1,,,,,
2026/09/09 23:22,2026-09-09T23:36:57+09:00,2026/09/10,2026/10/08,2026-10,PUT,66250,2785,1,,27.75,25.79,3215,1,3080,1,,,,,
2026/09/09 23:22,2026-09-09T23:36:57+09:00,2026/09/10,2026/10/08,2026-10,CALL,66125,1495,1,,28.14,26.63,1295,8,1190,20,,,,,
2026/09/09 23:22,2026-09-09T23:36:57+09:00,2026/09/10,2026/10/08,2026-10,PUT,66125,2670,,,32.04,24.68,3435,1,2920,6,,,,,
2026/09/09 23:22,2026-09-09T23:36:57+09:00,2026/09/10,2026/10/08,2026-10,CALL,66000,1540,1222,6,28.02,26.88,1330,4,1250,4,27.43,-35,-2.38,1435,09/09 23:06
2026/09/09 23:22,2026-09-09T23:36:57+09:00,2026/09/10,2026/10/08,2026-10,PUT,66000,2635,1047,5,27.8,25.88,3055,1,2920,1,25.71,-170,-6.28,2535,09/09 17:42
2026/09/09 23:22,2026-09-09T23:36:57+09:00,2026/09/10,2026/10/08,2026-10,CALL,65875,1605,2,,28.44,26.74,1405,20,1285,20,,,,,
2026/09/09 23:22,2026-09-09T23:36:57+09:00,2026/09/10,2026/10/08,2026-10,PUT,65875,2535,,,29.29,25.11,3080,1,2785,6,,,,,
2026/09/09 23:22,2026-09-09T23:36:57+09:00,2026/09/10,2026/10/08,2026-10,CALL,65750,1655,56,,28.14,27.09,1430,1,1355,1,,,,,
2026/09/09 23:22,2026-09-09T23:36:57+09:00,2026/09/10,2026/10/08,2026-10,PUT,65750,2590,116,,27.51,26.53,2875,1,2805,2,,,,,
2026/09/09 23:22,2026-09-09T23:36:57+09:00,2026/09/10,2026/10/08,2026-10,CALL,65625,1720,,,28.6,26.93,1510,20,1390,20,,,,,
2026/09/09 23:22,2026-09-09T23:36:57+09:00,2026/09/10,2026/10/08,2026-10,PUT,65625,2395,,,31.45,25.38,3080,5,2645,6,,,,,
2026/09/09 23:22,2026-09-09T23:36:57+09:00,2026/09/10,2026/10/08,2026-10,CALL,65500,1765,127,,28.21,27.1,1530,3,1450,1,,,,,
2026/09/09 23:22,2026-09-09T23:36:57+09:00,2026/09/10,2026/10/08,2026-10,PUT,65500,2385,144,,27.86,26.26,2745,1,2630,13,,,,,
2026/09/09 23:22,2026-09-09T23:36:57+09:00,2026/09/10,2026/10/08,2026-10,CALL,65375,1835,,,28.77,27.11,1620,20,1500,20,,,,,
2026/09/09 23:22,2026-09-09T23:36:57+09:00,2026/09/10,2026/10/08,2026-10,PUT,65375,2265,231,,29.11,25.72,2760,5,2515,6,,,,,
2026/09/09 23:22,2026-09-09T23:36:57+09:00,2026/09/10,2026/10/08,2026-10,CALL,65250,1890,1,,28.48,27.45,1650,2,1575,1,,,,,
2026/09/09 23:22,2026-09-09T23:36:57+09:00,2026/09/10,2026/10/08,2026-10,PUT,65250,2250,3,,27.73,26.76,2585,1,2515,1,,,,,
2026/09/09 23:22,2026-09-09T23:36:57+09:00,2026/09/10,2026/10/08,2026-10,CALL,65125,1965,,,28.87,27.22,1730,20,1610,20,,,,,
2026/09/09 23:22,2026-09-09T23:36:57+09:00,2026/09/10,2026/10/08,2026-10,PUT,65125,2185,,,28.32,26.67,2555,20,2435,27,,,,,
2026/09/09 23:22,2026-09-09T23:36:57+09:00,2026/09/10,2026/10/08,2026-10,CALL,65000,2020,365,1,28.69,27.46,1770,4,1680,4,28.32,-235,-12.02,1720,09/09 19:42
2026/09/09 23:22,2026-09-09T23:36:57+09:00,2026/09/10,2026/10/08,2026-10,PUT,65000,2135,2438,1,27.87,26.98,2450,1,2385,1,27.48,15,0.71,2125,09/09 17:44
2026/09/09 23:22,2026-09-09T23:36:57+09:00,2026/09/10,2026/10/08,2026-10,CALL,64875,2090,,,28.98,27.41,1845,7,1730,20,,,,,
2026/09/09 23:22,2026-09-09T23:36:57+09:00,2026/09/10,2026/10/08,2026-10,PUT,64875,2055,,,28.5,26.86,2425,20,2305,27,,,,,
2026/09/09 23:22,2026-09-09T23:36:57+09:00,2026/09/10,2026/10/08,2026-10,CALL,64750,2145,,,28.84,28.02,1890,2,1830,8,,,,,
2026/09/09 23:22,2026-09-09T23:36:57+09:00,2026/09/10,2026/10/08,2026-10,PUT,64750,2010,3,,28.02,27.27,2320,1,2265,2,,,,,
2026/09/09 23:22,2026-09-09T23:36:57+09:00,2026/09/10,2026/10/08,2026-10,CALL,64625,2225,,,29.02,28,1960,7,1885,7,,,,,
2026/09/09 23:22,2026-09-09T23:36:57+09:00,2026/09/10,2026/10/08,2026-10,PUT,64625,1940,,,28.61,26.98,2295,20,2175,20,,,,,
2026/09/09 23:22,2026-09-09T23:36:57+09:00,2026/09/10,2026/10/08,2026-10,CALL,64500,2285,22,2,28.98,28.1,2015,3,1950,3,28.27,,,1860,09/09 21:17
2026/09/09 23:22,2026-09-09T23:36:57+09:00,2026/09/10,2026/10/08,2026-10,PUT,64500,1905,464,2,28.17,27.28,2195,1,2130,3,28.54,210,10.45,2220,09/09 20:07
2026/09/09 23:22,2026-09-09T23:36:57+09:00,2026/09/10,2026/10/08,2026-10,CALL,64375,2365,,,29.41,27.78,2105,20,1985,20,,,,,
2026/09/09 23:22,2026-09-09T23:36:57+09:00,2026/09/10,2026/10/08,2026-10,PUT,64375,1840,,,28.8,27.16,2175,20,2055,20,,,,,
2026/09/09 23:22,2026-09-09T23:36:57+09:00,2026/09/10,2026/10/08,2026-10,CALL,64250,2425,,,29.27,28.12,2155,2,2070,9,,,,,
2026/09/09 23:22,2026-09-09T23:36:57+09:00,2026/09/10,2026/10/08,2026-10,PUT,64250,1790,105,1,28.39,27.57,2080,2,2020,2,28.29,,,2025,09/09 22:31
2026/09/09 23:22,2026-09-09T23:36:57+09:00,2026/09/10,2026/10/08,2026-10,CALL,64125,2515,,,29.53,27.96,2235,7,2120,20,,,,,
2026/09/09 23:22,2026-09-09T23:36:57+09:00,2026/09/10,2026/10/08,2026-10,PUT,64125,1735,1030,,28.99,27.35,2060,20,1940,20,,,,,
2026/09/09 23:22,2026-09-09T23:36:57+09:00,2026/09/10,2026/10/08,2026-10,CALL,64000,2575,243,7,29.37,28,2285,4,2185,42,28.74,-600,-22.22,2100,09/09 21:14
2026/09/09 23:22,2026-09-09T23:36:57+09:00,2026/09/10,2026/10/08,2026-10,PUT,64000,1690,1601,2,28.55,27.59,1965,1,1895,42,28.85,345,20.06,2065,09/09 20:44
2026/09/09 23:22,2026-09-09T23:36:57+09:00,2026/09/10,2026/10/08,2026-10,CALL,63875,2660,50,,30.21,27.33,2410,6,2200,1,,,,,
2026/09/09 23:22,2026-09-09T23:36:57+09:00,2026/09/10,2026/10/08,2026-10,PUT,63875,1635,55,,29.18,27.61,1950,20,1835,7,,,,,
2026/09/09 23:22,2026-09-09T23:36:57+09:00,2026/09/10,2026/10/08,2026-10,CALL,63750,2730,,,29.6,28.29,2430,1,2335,1,,,,,
2026/09/09 23:22,2026-09-09T23:36:57+09:00,2026/09/10,2026/10/08,2026-10,PUT,63750,1595,31,,28.98,27.88,1875,1,1795,2,,,,,
2026/09/09 23:22,2026-09-09T23:36:57+09:00,2026/09/10,2026/10/08,2026-10,CALL,63625,2885,,,31.52,26.14,2635,6,2245,1,,,,,
2026/09/09 23:22,2026-09-09T23:36:57+09:00,2026/09/10,2026/10/08,2026-10,PUT,63625,1535,,,29.38,27.87,1845,20,1735,7,,,,,
2026/09/09 23:22,2026-09-09T23:36:57+09:00,2026/09/10,2026/10/08,2026-10,CALL,63500,2900,1,1,29.91,28.53,2585,3,2485,3,29.14,,,2455,09/09 20:39
2026/09/09 23:22,2026-09-09T23:36:57+09:00,2026/09/10,2026/10/08,2026-10,PUT,63500,1500,191,,29.29,27.97,1780,1,1685,1,,,,,
2026/09/09 23:22,2026-09-09T23:36:57+09:00,2026/09/10,2026/10/08,2026-10,CALL,63375,3045,,,31.89,27.79,2795,6,2500,1,,,,,
2026/09/09 23:22,2026-09-09T23:36:57+09:00,2026/09/10,2026/10/08,2026-10,PUT,63375,1445,232,,29.59,28.2,1745,20,1645,1,,,,,
2026/09/09 23:22,2026-09-09T23:36:57+09:00,2026/09/10,2026/10/08,2026-10,CALL,63250,3060,,,30.03,28.14,2730,1,2595,2,,,,,
2026/09/09 23:22,2026-09-09T23:36:57+09:00,2026/09/10,2026/10/08,2026-10,PUT,63250,1415,110,1,29.05,28.49,1650,1,1610,2,29.12,,,1615,09/09 22:31
2026/09/09 23:22,2026-09-09T23:36:57+09:00,2026/09/10,2026/10/08,2026-10,CALL,63125,3215,,,32.34,25.8,2965,8,2500,3,,,,,
2026/09/09 23:22,2026-09-09T23:36:57+09:00,2026/09/10,2026/10/08,2026-10,PUT,63125,1365,,,29.81,28.2,1650,20,1535,8,,,,,
2026/09/09 23:22,2026-09-09T23:36:57+09:00,2026/09/10,2026/10/08,2026-10,CALL,63000,3225,5,,31,28.88,2940,9,2790,1,,,,,
2026/09/09 23:22,2026-09-09T23:36:57+09:00,2026/09/10,2026/10/08,2026-10,PUT,63000,1330,1252,12,29.51,28.95,1575,2,1535,2,29.01,-20,-1.46,1350,09/09 18:30
2026/09/09 23:22,2026-09-09T23:36:57+09:00,2026/09/10,2026/10/08,2026-10,CALL,62875,3395,,,32.88,24.32,3145,8,2545,3,,,,,
2026/09/09 23:22,2026-09-09T23:36:57+09:00,2026/09/10,2026/10/08,2026-10,PUT,62875,1285,86,,29.83,28.48,1545,8,1450,8,,,,,
2026/09/09 23:22,2026-09-09T23:36:57+09:00,2026/09/10,2026/10/08,2026-10,CALL,62750,3405,,,30.93,28.63,3080,2,2920,2,,,,,
2026/09/09 23:22,2026-09-09T23:36:57+09:00,2026/09/10,2026/10/08,2026-10,PUT,62750,1245,196,,29.78,28.7,1490,2,1415,22,,,,,
2026/09/09 23:22,2026-09-09T23:36:57+09:00,2026/09/10,2026/10/08,2026-10,CALL,62625,3565,,,33.24,24.9,3315,8,2740,3,,,,,
2026/09/09 23:22,2026-09-09T23:36:57+09:00,2026/09/10,2026/10/08,2026-10,PUT,62625,1205,130,,30.22,28.56,1470,20,1355,8,,,,,
2026/09/09 23:22,2026-09-09T23:36:57+09:00,2026/09/10,2026/10/08,2026-10,CALL,62500,3645,,,30.94,28.75,3230,6,3080,6,,,,,
2026/09/09 23:22,2026-09-09T23:36:57+09:00,2026/09/10,2026/10/08,2026-10,PUT,62500,1175,1611,3,29.7,28.97,1385,2,1335,38,29.48,90,7.5,1290,09/09 18:54
2026/09/09 23:22,2026-09-09T23:36:57+09:00,2026/09/10,2026/10/08,2026-10,CALL,62375,3745,,,33.68,25.59,3495,8,2945,3,,,,,
2026/09/09 23:22,2026-09-09T23:36:57+09:00,2026/09/10,2026/10/08,2026-10,PUT,62375,1130,6,,30.4,28.71,1385,20,1270,9,,,,,
2026/09/09 23:22,2026-09-09T23:36:57+09:00,2026/09/10,2026/10/08,2026-10,CALL,62250,3830,,,33.82,24.27,3580,8,2940,8,,,,,
2026/09/09 23:22,2026-09-09T23:36:57+09:00,2026/09/10,2026/10/08,2026-10,PUT,62250,1100,63,,29.92,29.4,1305,2,1270,13,,,,,
2026/09/09 23:22,2026-09-09T23:36:57+09:00,2026/09/10,2026/10/08,2026-10,CALL,62125,3870,,,33.28,26.07,3620,8,3140,3,,,,,
2026/09/09 23:22,2026-09-09T23:36:57+09:00,2026/09/10,2026/10/08,2026-10,PUT,62125,1060,,,31.2,27.07,1345,8,1070,9,,,,,
2026/09/09 23:22,2026-09-09T23:36:57+09:00,2026/09/10,2026/10/08,2026-10,CALL,62000,3995,49,,33.9,27.11,3740,4,3290,7,,,,,
2026/09/09 23:22,2026-09-09T23:36:57+09:00,2026/09/10,2026/10/08,2026-10,PUT,62000,1035,1179,4,30.08,29.48,1225,5,1185,48,30.45,130,12.15,1200,09/09 22:44
2026/09/09 23:22,2026-09-09T23:36:57+09:00,2026/09/10,2026/10/08,2026-10,CALL,61875,4065,,,33.85,25.79,3815,8,3290,3,,,,,
2026/09/09 23:22,2026-09-09T23:36:57+09:00,2026/09/10,2026/10/08,2026-10,PUT,61875,985,22,,30.98,29.37,1240,1,1135,1,,,,,
2026/09/09 23:22,2026-09-09T23:36:57+09:00,2026/09/10,2026/10/08,2026-10,CALL,61750,4185,,,34.45,27.69,3935,8,3495,2,,,,,
2026/09/09 23:22,2026-09-09T23:36:57+09:00,2026/09/10,2026/10/08,2026-10,PUT,61750,970,298,,30.34,29.72,1155,2,1115,2,,,,,
2026/09/09 23:22,2026-09-09T23:36:57+09:00,2026/09/10,2026/10/08,2026-10,CALL,61625,4270,,,34.53,24.67,4020,8,3395,3,,,,,
2026/09/09 23:22,2026-09-09T23:36:57+09:00,2026/09/10,2026/10/08,2026-10,PUT,61625,935,136,,32.07,26.72,1225,8,885,8,,,,,
2026/09/09 23:22,2026-09-09T23:36:57+09:00,2026/09/10,2026/10/08,2026-10,CALL,61500,4395,,,35.2,26.27,4145,13,3580,3,,,,,
2026/09/09 23:22,2026-09-09T23:36:57+09:00,2026/09/10,2026/10/08,2026-10,PUT,61500,915,243,,30.54,29.83,1085,4,1040,40,,,,,
2026/09/09 23:22,2026-09-09T23:36:57+09:00,2026/09/10,2026/10/08,2026-10,CALL,61375,4465,,,35.02,27.12,4215,8,3720,3,,,,,
2026/09/09 23:22,2026-09-09T23:36:57+09:00,2026/09/10,2026/10/08,2026-10,PUT,61375,870,118,,31.33,27.37,1095,1,850,10,,,,,
2026/09/09 23:22,2026-09-09T23:36:57+09:00,2026/09/10,2026/10/08,2026-10,CALL,61250,4585,,,35.6,24.46,4335,8,3655,2,,,,,
2026/09/09 23:22,2026-09-09T23:36:57+09:00,2026/09/10,2026/10/08,2026-10,PUT,61250,855,106,,30.76,30.27,1020,2,990,14,,,,,
2026/09/09 23:22,2026-09-09T23:36:57+09:00,2026/09/10,2026/10/08,2026-10,CALL,61125,4665,,,35.55,28.65,4415,8,3990,3,,,,,
2026/09/09 23:22,2026-09-09T23:36:57+09:00,2026/09/10,2026/10/08,2026-10,PUT,61125,825,1061,,32.92,27.04,1115,1,760,9,,,,,
2026/09/09 23:22,2026-09-09T23:36:57+09:00,2026/09/10,2026/10/08,2026-10,CALL,61000,4705,201,,34.84,27.71,4455,22,4025,4,,,,,
2026/09/09 23:22,2026-09-09T23:36:57+09:00,2026/09/10,2026/10/08,2026-10,PUT,61000,805,700,29,31.01,30.35,960,5,920,52,31,95,11.52,920,09/09 22:39
2026/09/09 23:22,2026-09-09T23:36:57+09:00,2026/09/10,2026/10/08,2026-10,CALL,60875,4850,,,35.8,27.85,4600,8,4125,3,,,,,
2026/09/09 23:22,2026-09-09T23:36:57+09:00,2026/09/10,2026/10/08,2026-10,PUT,60875,770,4,,33.28,29.68,1060,1,845,10,,,,,
2026/09/09 23:22,2026-09-09T23:36:57+09:00,2026/09/10,2026/10/08,2026-10,CALL,60750,4970,,,36.36,23.78,4720,8,4000,2,,,,,
2026/09/09 23:22,2026-09-09T23:36:57+09:00,2026/09/10,2026/10/08,2026-10,PUT,60750,755,183,,31.21,30.7,900,2,870,2,,,,,
2026/09/09 23:22,2026-09-09T23:36:57+09:00,2026/09/10,2026/10/08,2026-10,CALL,60625,5050,,,36.25,22.88,4800,8,4055,3,,,,,
2026/09/09 23:22,2026-09-09T23:36:57+09:00,2026/09/10,2026/10/08,2026-10,PUT,60625,740,85,,32.49,27.45,940,1,655,9,,,,,
2026/09/09 23:22,2026-09-09T23:36:57+09:00,2026/09/10,2026/10/08,2026-10,CALL,60500,5170,100,,36.8,22.53,4920,13,4140,3,,,,,
2026/09/09 23:22,2026-09-09T23:36:57+09:00,2026/09/10,2026/10/08,2026-10,PUT,60500,710,302,,31.53,30.82,850,2,810,42,,,,,
2026/09/09 23:22,2026-09-09T23:36:57+09:00,2026/09/10,2026/10/08,2026-10,CALL,60375,5250,,,36.67,24.32,5000,8,4325,3,,,,,
2026/09/09 23:22,2026-09-09T23:36:57+09:00,2026/09/10,2026/10/08,2026-10,PUT,60375,680,592,,31.76,29.12,830,10,685,10,,,,,
2026/09/09 23:22,2026-09-09T23:36:57+09:00,2026/09/10,2026/10/08,2026-10,CALL,60250,5370,,,37.2,28.64,5120,8,4640,2,,,,,
2026/09/09 23:22,2026-09-09T23:36:57+09:00,2026/09/10,2026/10/08,2026-10,PUT,60250,655,42,,31.71,31.25,795,2,770,14,,,,,
2026/09/09 23:22,2026-09-09T23:36:57+09:00,2026/09/10,2026/10/08,2026-10,CALL,60125,5470,,,37.38,26.29,5220,8,4620,3,,,,,
2026/09/09 23:22,2026-09-09T23:36:57+09:00,2026/09/10,2026/10/08,2026-10,PUT,60125,635,5,,34.34,27.81,910,2,560,10,,,,,
2026/09/09 23:22,2026-09-09T23:36:57+09:00,2026/09/10,2026/10/08,2026-10,CALL,60000,5590,1,,37.91,28.54,5340,22,4830,7,,,,,
2026/09/09 23:22,2026-09-09T23:36:57+09:00,2026/09/10,2026/10/08,2026-10,PUT,60000,640,10033,51,32.02,31.64,750,8,730,2,32.11,45,7.03,685,09/09 23:03
2026/09/09 23:22,2026-09-09T23:36:57+09:00,2026/09/10,2026/10/08,2026-10,CALL,59875,5700,,,38.25,24.43,5450,8,4740,3,,,,,
2026/09/09 23:22,2026-09-09T23:36:57+09:00,2026/09/10,2026/10/08,2026-10,PUT,59875,600,41,,34.25,28.05,840,2,520,10,,,,,
2026/09/09 23:22,2026-09-09T23:36:57+09:00,2026/09/10,2026/10/08,2026-10,CALL,59750,5820,,,38.77,27.62,5570,8,4985,2,,,,,
2026/09/09 23:22,2026-09-09T23:36:57+09:00,2026/09/10,2026/10/08,2026-10,PUT,59750,590,60,20,32.28,31.99,705,2,690,2,32.58,105,18.26,680,09/09 22:34
2026/09/09 23:22,2026-09-09T23:36:57+09:00,2026/09/10,2026/10/08,2026-10,CALL,59625,5895,,,38.48,25.27,5645,8,4985,3,,,,,
2026/09/09 23:22,2026-09-09T23:36:57+09:00,2026/09/10,2026/10/08,2026-10,PUT,59625,560,20,,32.44,29.62,685,2,545,12,,,,,
2026/09/09 23:22,2026-09-09T23:36:57+09:00,2026/09/10,2026/10/08,2026-10,CALL,59500,6015,,,38.89,28.3,5760,1,5220,3,,,,,
2026/09/09 23:22,2026-09-09T23:36:57+09:00,2026/09/10,2026/10/08,2026-10,PUT,59500,555,103,,32.69,32.09,670,2,640,6,,,,,
2026/09/09 23:22,2026-09-09T23:36:57+09:00,2026/09/10,2026/10/08,2026-10,CALL,59375,6140,,,39.57,28.13,5890,6,5315,1,,,,,
2026/09/09 23:22,2026-09-09T23:36:57+09:00,2026/09/10,2026/10/08,2026-10,PUT,59375,530,2,,35.39,30.34,780,12,530,12,,,,,
2026/09/09 23:22,2026-09-09T23:36:57+09:00,2026/09/10,2026/10/08,2026-10,CALL,59250,6260,,,40.07,28.51,6010,7,5435,1,,,,,
2026/09/09 23:22,2026-09-09T23:36:57+09:00,2026/09/10,2026/10/08,2026-10,PUT,59250,520,160,,32.86,32.55,625,2,610,2,,,,,
2026/09/09 23:22,2026-09-09T23:36:57+09:00,2026/09/10,2026/10/08,2026-10,CALL,59125,6360,,,40.2,26.29,6110,6,5450,1,,,,,
2026/09/09 23:22,2026-09-09T23:36:57+09:00,2026/09/10,2026/10/08,2026-10,PUT,59125,495,63,,34.82,28.77,695,2,415,10,,,,,
2026/09/09 23:22,2026-09-09T23:36:57+09:00,2026/09/10,2026/10/08,2026-10,CALL,59000,6485,,,40.78,23.12,6235,18,5450,3,,,,,
2026/09/09 23:22,2026-09-09T23:36:57+09:00,2026/09/10,2026/10/08,2026-10,PUT,59000,485,744,13,33.08,32.87,585,2,575,8,33.15,65,13.4,550,09/09 23:12
2026/09/09 23:22,2026-09-09T23:36:57+09:00,2026/09/10,2026/10/08,2026-10,CALL,58875,6560,,,40.42,24.03,6310,6,5590,1,,,,,
2026/09/09 23:22,2026-09-09T23:36:57+09:00,2026/09/10,2026/10/08,2026-10,PUT,58875,470,3,,34.46,29.02,625,12,385,10,,,,,
2026/09/09 23:22,2026-09-09T23:36:57+09:00,2026/09/10,2026/10/08,2026-10,CALL,58750,6680,,,40.9,26.57,6430,7,5785,1,,,,,
2026/09/09 23:22,2026-09-09T23:36:57+09:00,2026/09/10,2026/10/08,2026-10,PUT,58750,460,47,,33.47,32.92,555,4,530,16,,,,,
2026/09/09 23:22,2026-09-09T23:36:57+09:00,2026/09/10,2026/10/08,2026-10,CALL,58625,6805,,,41.48,28.82,6555,6,5975,1,,,,,
2026/09/09 23:22,2026-09-09T23:36:57+09:00,2026/09/10,2026/10/08,2026-10,PUT,58625,445,60,,33.76,30.48,545,12,405,12,,,,,
2026/09/09 23:22,2026-09-09T23:36:57+09:00,2026/09/10,2026/10/08,2026-10,CALL,58500,6930,,,42.05,23.75,6680,12,5920,2,,,,,
2026/09/09 23:22,2026-09-09T23:36:57+09:00,2026/09/10,2026/10/08,2026-10,PUT,58500,435,300,,33.71,33.37,520,2,505,6,,,,,
2026/09/09 23:22,2026-09-09T23:36:57+09:00,2026/09/10,2026/10/08,2026-10,CALL,58375,7035,,,42.23,20.39,6785,6,5960,1,,,,,
2026/09/09 23:22,2026-09-09T23:36:57+09:00,2026/09/10,2026/10/08,2026-10,PUT,58375,420,483,,34.22,29.49,520,12,330,2,,,,,
2026/09/09 23:22,2026-09-09T23:36:57+09:00,2026/09/10,2026/10/08,2026-10,CALL,58250,7155,,,42.7,26.18,6905,7,6215,1,,,,,
2026/09/09 23:22,2026-09-09T23:36:57+09:00,2026/09/10,2026/10/08,2026-10,PUT,58250,415,117,,34.02,33.66,490,2,475,5,,,,,
2026/09/09 23:22,2026-09-09T23:36:57+09:00,2026/09/10,2026/10/08,2026-10,CALL,58000,7380,,,43.32,25.78,7130,15,6430,3,,,,,
2026/09/09 23:22,2026-09-09T23:36:57+09:00,2026/09/10,2026/10/08,2026-10,PUT,58000,400,2613,9,34.29,34.04,460,2,450,2,34.48,25,6.25,425,09/09 23:01
2026/09/09 23:22,2026-09-09T23:36:57+09:00,2026/09/10,2026/10/08,2026-10,CALL,57750,7610,,,44.04,28.06,7360,7,6720,1,,,,,
2026/09/09 23:22,2026-09-09T23:36:57+09:00,2026/09/10,2026/10/08,2026-10,PUT,57750,370,76,,34.65,34.26,435,2,420,5,,,,,
2026/09/09 23:22,2026-09-09T23:36:57+09:00,2026/09/10,2026/10/08,2026-10,CALL,57500,7840,,,44.73,17.63,7590,12,6775,2,,,,,
2026/09/09 23:22,2026-09-09T23:36:57+09:00,2026/09/10,2026/10/08,2026-10,PUT,57500,345,335,10,34.96,34.7,410,2,400,8,35.15,30,8.33,390,09/09 22:51
2026/09/09 23:22,2026-09-09T23:36:57+09:00,2026/09/10,2026/10/08,2026-10,CALL,57250,8070,,,45.41,24.28,7820,7,7095,1,,,,,
2026/09/09 23:22,2026-09-09T23:36:57+09:00,2026/09/10,2026/10/08,2026-10,PUT,57250,330,107,,35.38,34.96,390,2,375,5,,,,,
2026/09/09 23:22,2026-09-09T23:36:57+09:00,2026/09/10,2026/10/08,2026-10,CALL,57000,8305,1,,46.18,27.59,8055,18,7395,3,,,,,
2026/09/09 23:22,2026-09-09T23:36:57+09:00,2026/09/10,2026/10/08,2026-10,PUT,57000,310,881,22,35.77,35.48,370,2,360,1,35.59,55,16.92,380,09/09 21:26
2026/09/09 23:22,2026-09-09T23:36:57+09:00,2026/09/10,2026/10/08,2026-10,CALL,56750,8535,,,46.83,22.49,8285,7,7550,1,,,,,
2026/09/09 23:22,2026-09-09T23:36:57+09:00,2026/09/10,2026/10/08,2026-10,PUT,56750,292,99,,36.12,35.67,350,2,335,2,,,,,
2026/09/09 23:22,2026-09-09T23:36:57+09:00,2026/09/10,2026/10/08,2026-10,CALL,56500,8770,,,47.58,,8520,12,7710,2,,,,,
2026/09/09 23:22,2026-09-09T23:36:57+09:00,2026/09/10,2026/10/08,2026-10,PUT,56500,280,435,1,36.44,36.13,330,2,320,8,36.64,-12,-4.17,276,09/09 17:23
2026/09/09 23:22,2026-09-09T23:36:57+09:00,2026/09/10,2026/10/08,2026-10,CALL,56250,9005,,,48.32,,8755,7,7990,1,,,,,
2026/09/09 23:22,2026-09-09T23:36:57+09:00,2026/09/10,2026/10/08,2026-10,PUT,56250,264,61,,36.89,36.33,315,2,298,5,,,,,
2026/09/09 23:22,2026-09-09T23:36:57+09:00,2026/09/10,2026/10/08,2026-10,CALL,56000,9245,,,49.16,,8995,18,8110,3,,,,,
2026/09/09 23:22,2026-09-09T23:36:57+09:00,2026/09/10,2026/10/08,2026-10,PUT,56000,253,1172,4,37.31,36.66,300,11,281,44,37.12,22,8.7,275,09/09 23:13
2026/09/09 23:22,2026-09-09T23:36:57+09:00,2026/09/10,2026/10/08,2026-10,CALL,55750,9480,,,49.87,,9230,7,8475,1,,,,,
2026/09/09 23:22,2026-09-09T23:36:57+09:00,2026/09/10,2026/10/08,2026-10,PUT,55750,238,92,3,37.67,37.03,284,5,266,18,37.81,18,8.22,237,09/09 18:07
2026/09/09 23:22,2026-09-09T23:36:57+09:00,2026/09/10,2026/10/08,2026-10,CALL,55500,9720,,,50.7,,9470,12,8755,2,,,,,
2026/09/09 23:22,2026-09-09T23:36:57+09:00,2026/09/10,2026/10/08,2026-10,PUT,55500,230,264,6,38.03,37.4,269,2,252,8,38.16,16,6.96,246,09/09 23:07
2026/09/09 23:22,2026-09-09T23:36:57+09:00,2026/09/10,2026/10/08,2026-10,CALL,55250,9955,,,51.39,,9705,7,8795,1,,,,,
2026/09/09 23:22,2026-09-09T23:36:57+09:00,2026/09/10,2026/10/08,2026-10,PUT,55250,227,69,,38.36,37.86,254,2,241,18,,,,,
2026/09/09 23:22,2026-09-09T23:36:57+09:00,2026/09/10,2026/10/08,2026-10,CALL,55000,10195,4,,52.2,,9945,18,9195,3,,,,,
2026/09/09 23:22,2026-09-09T23:36:57+09:00,2026/09/10,2026/10/08,2026-10,PUT,55000,208,3510,11,38.7,38.18,240,3,227,48,38.94,27,12.98,235,09/09 22:42
2026/09/09 23:22,2026-09-09T23:36:57+09:00,2026/09/10,2026/10/08,2026-10,CALL,54750,10435,,,53.01,,10185,7,9255,1,,,,,
2026/09/09 23:22,2026-09-09T23:36:57+09:00,2026/09/10,2026/10/08,2026-10,PUT,54750,195,61,,39.26,38.59,232,2,216,22,,,,,
2026/09/09 23:22,2026-09-09T23:36:57+09:00,2026/09/10,2026/10/08,2026-10,CALL,54500,10675,,,,,,,,,,,,,
2026/09/09 23:22,2026-09-09T23:36:57+09:00,2026/09/10,2026/10/08,2026-10,PUT,54500,187,633,1,39.67,39.07,221,10,207,10,39.75,33,17.01,227,09/09 19:56
2026/09/09 23:22,2026-09-09T23:36:57+09:00,2026/09/10,2026/10/08,2026-10,CALL,54250,10915,,,,,,,,,,,,,
2026/09/09 23:22,2026-09-09T23:36:57+09:00,2026/09/10,2026/10/08,2026-10,PUT,54250,177,68,,40.15,39.52,212,7,198,7,,,,,
2026/09/09 23:22,2026-09-09T23:36:57+09:00,2026/09/10,2026/10/08,2026-10,CALL,54000,11160,,,,,,,,,,,,,
2026/09/09 23:22,2026-09-09T23:36:57+09:00,2026/09/10,2026/10/08,2026-10,PUT,54000,170,890,11,40.56,39.91,202,14,188,14,40.33,29,16.02,210,09/09 21:33
2026/09/09 23:22,2026-09-09T23:36:57+09:00,2026/09/10,2026/10/08,2026-10,CALL,53750,11400,,,,,,,,,,,,,
2026/09/09 23:22,2026-09-09T23:36:57+09:00,2026/09/10,2026/10/08,2026-10,PUT,53750,162,20,,40.85,40.42,190,2,181,8,,,,,
2026/09/09 23:22,2026-09-09T23:36:57+09:00,2026/09/10,2026/10/08,2026-10,CALL,53500,11645,,,,,,,,,,,,,
2026/09/09 23:22,2026-09-09T23:36:57+09:00,2026/09/10,2026/10/08,2026-10,PUT,53500,158,352,,41.36,40.81,183,12,172,12,,,,,
2026/09/09 23:22,2026-09-09T23:36:57+09:00,2026/09/10,2026/10/08,2026-10,CALL,53250,11885,,,,,,,,,,,,,
2026/09/09 23:22,2026-09-09T23:36:57+09:00,2026/09/10,2026/10/08,2026-10,PUT,53250,148,73,,41.75,41.23,174,2,164,8,,,,,
2026/09/09 23:22,2026-09-09T23:36:57+09:00,2026/09/10,2026/10/08,2026-10,CALL,53000,12130,34,,,,,,,,,,,,
2026/09/09 23:22,2026-09-09T23:36:57+09:00,2026/09/10,2026/10/08,2026-10,PUT,53000,144,1335,11,42.22,41.62,167,20,156,17,42.43,16,11.11,160,09/09 23:13
2026/09/09 23:22,2026-09-09T23:36:57+09:00,2026/09/10,2026/10/08,2026-10,CALL,52750,12370,,,,,,,,,,,,,
2026/09/09 23:22,2026-09-09T23:36:57+09:00,2026/09/10,2026/10/08,2026-10,PUT,52750,133,122,,42.73,42.11,161,9,150,13,,,,,
2026/09/09 23:22,2026-09-09T23:36:57+09:00,2026/09/10,2026/10/08,2026-10,CALL,52500,12615,,,,,,,,,,,,,
2026/09/09 23:22,2026-09-09T23:36:57+09:00,2026/09/10,2026/10/08,2026-10,PUT,52500,129,314,5,43.17,42.59,154,2,144,14,43.02,15,11.03,151,09/09 22:06
2026/09/09 23:22,2026-09-09T23:36:57+09:00,2026/09/10,2026/10/08,2026-10,CALL,52250,12860,,,,,,,,,,,,,
2026/09/09 23:22,2026-09-09T23:36:57+09:00,2026/09/10,2026/10/08,2026-10,PUT,52250,124,46,,43.77,43.05,150,9,138,9,,,,,
2026/09/09 23:22,2026-09-09T23:36:57+09:00,2026/09/10,2026/10/08,2026-10,CALL,52000,13105,,,,,,,,,,,,,
2026/09/09 23:22,2026-09-09T23:36:57+09:00,2026/09/10,2026/10/08,2026-10,PUT,52000,118,1820,3,44.11,43.49,142,2,132,20,43.92,22,17.89,145,09/09 21:20
2026/09/09 23:22,2026-09-09T23:36:57+09:00,2026/09/10,2026/10/08,2026-10,CALL,51750,13350,,,,,,,,,,,,,
2026/09/09 23:22,2026-09-09T23:36:57+09:00,2026/09/10,2026/10/08,2026-10,PUT,51750,112,75,2,44.56,43.97,136,9,127,9,44.37,-1,-0.84,118,09/09 18:34
2026/09/09 23:22,2026-09-09T23:36:57+09:00,2026/09/10,2026/10/08,2026-10,CALL,51500,13595,,,,,,,,,,,,,
2026/09/09 23:22,2026-09-09T23:36:57+09:00,2026/09/10,2026/10/08,2026-10,PUT,51500,108,438,,45.06,44.38,131,2,121,6,,,,,
2026/09/09 23:22,2026-09-09T23:36:57+09:00,2026/09/10,2026/10/08,2026-10,CALL,51250,13840,,,,,,,,,,,,,
2026/09/09 23:22,2026-09-09T23:36:57+09:00,2026/09/10,2026/10/08,2026-10,PUT,51250,104,83,5,45.61,44.84,127,10,116,14,45.66,5,4.5,116,09/09 23:03
2026/09/09 23:22,2026-09-09T23:36:57+09:00,2026/09/10,2026/10/08,2026-10,CALL,51000,14085,,,,,,,,,,,,,
2026/09/09 23:22,2026-09-09T23:36:57+09:00,2026/09/10,2026/10/08,2026-10,PUT,51000,99,437,9,45.86,45.27,119,21,111,4,46.23,9,8.57,114,09/09 23:08
2026/09/09 23:22,2026-09-09T23:36:57+09:00,2026/09/10,2026/10/08,2026-10,CALL,50750,14330,,,,,,,,,,,,,
2026/09/09 23:22,2026-09-09T23:36:57+09:00,2026/09/10,2026/10/08,2026-10,PUT,50750,95,51,,46.53,45.7,117,10,106,4,,,,,
2026/09/09 23:22,2026-09-09T23:36:57+09:00,2026/09/10,2026/10/08,2026-10,CALL,50500,14575,,,,,,,,,,,,,
2026/09/09 23:22,2026-09-09T23:36:57+09:00,2026/09/10,2026/10/08,2026-10,PUT,50500,90,417,1,47.04,46.18,113,2,102,6,46.66,9,8.82,111,09/09 20:53
2026/09/09 23:22,2026-09-09T23:36:57+09:00,2026/09/10,2026/10/08,2026-10,CALL,50250,14820,,,,,,,,,,,,,
2026/09/09 23:22,2026-09-09T23:36:57+09:00,2026/09/10,2026/10/08,2026-10,PUT,50250,88,65,2,47.31,46.65,106,9,98,14,47.32,,,102,09/09 22:36
2026/09/09 23:22,2026-09-09T23:36:57+09:00,2026/09/10,2026/10/08,2026-10,CALL,50000,15070,,,,,,,,,,,,,
2026/09/09 23:22,2026-09-09T23:36:57+09:00,2026/09/10,2026/10/08,2026-10,PUT,50000,83,1117,36,47.79,47.11,102,1,94,6,47.74,7,7.69,98,09/09 23:16
2026/09/09 23:22,2026-09-09T23:36:57+09:00,2026/09/10,2026/10/08,2026-10,CALL,49750,15315,,,,,,,,,,,,,
2026/09/09 23:22,2026-09-09T23:36:57+09:00,2026/09/10,2026/10/08,2026-10,PUT,49750,81,63,2,48.43,47.55,100,1,90,5,48.03,27,36.99,100,09/09 20:47
2026/09/09 23:22,2026-09-09T23:36:57+09:00,2026/09/10,2026/10/08,2026-10,CALL,49500,15560,,,,,,,,,,,,,
2026/09/09 23:22,2026-09-09T23:36:57+09:00,2026/09/10,2026/10/08,2026-10,PUT,49500,77,204,1,48.71,47.97,94,16,86,2,48.74,1,1.05,96,09/09 20:29
2026/09/09 23:22,2026-09-09T23:36:57+09:00,2026/09/10,2026/10/08,2026-10,CALL,49250,15810,,,,,,,,,,,,,
2026/09/09 23:22,2026-09-09T23:36:57+09:00,2026/09/10,2026/10/08,2026-10,PUT,49250,75,75,,49.51,48.48,94,14,83,12,,,,,
2026/09/09 23:22,2026-09-09T23:36:57+09:00,2026/09/10,2026/10/08,2026-10,CALL,49000,16055,,,,,,,,,,,,,
2026/09/09 23:22,2026-09-09T23:36:57+09:00,2026/09/10,2026/10/08,2026-10,PUT,49000,71,253,2,49.76,48.87,88,24,79,2,50.04,22,35.48,84,09/09 22:52
2026/09/09 23:22,2026-09-09T23:36:57+09:00,2026/09/10,2026/10/08,2026-10,CALL,48750,16305,,,,,,,,,,,,,
2026/09/09 23:22,2026-09-09T23:36:57+09:00,2026/09/10,2026/10/08,2026-10,PUT,48750,69,24,,50.17,49.35,84,10,76,2,,,,,
2026/09/09 23:22,2026-09-09T23:36:57+09:00,2026/09/10,2026/10/08,2026-10,CALL,48500,16550,,,,,,,,,,,,,
2026/09/09 23:22,2026-09-09T23:36:57+09:00,2026/09/10,2026/10/08,2026-10,PUT,48500,66,198,1,50.77,49.82,82,16,73,2,50.02,20,34.48,78,09/09 21:26
2026/09/09 23:22,2026-09-09T23:36:57+09:00,2026/09/10,2026/10/08,2026-10,CALL,48250,16795,,,,,,,,,,,,,
2026/09/09 23:22,2026-09-09T23:36:57+09:00,2026/09/10,2026/10/08,2026-10,PUT,48250,63,52,,51.15,50.38,78,10,71,2,,,,,
2026/09/09 23:22,2026-09-09T23:36:57+09:00,2026/09/10,2026/10/08,2026-10,CALL,48000,17045,,,,,,,,,,,,,
2026/09/09 23:22,2026-09-09T23:36:57+09:00,2026/09/10,2026/10/08,2026-10,PUT,48000,61,751,4,51.73,50.7,76,24,67,28,51.71,14,23.73,73,09/09 22:40
2026/09/09 23:22,2026-09-09T23:36:57+09:00,2026/09/10,2026/10/08,2026-10,CALL,47750,17290,,,,,,,,,,,,,
2026/09/09 23:22,2026-09-09T23:36:57+09:00,2026/09/10,2026/10/08,2026-10,PUT,47750,58,40,,52.3,51.25,74,10,65,2,,,,,
2026/09/09 23:22,2026-09-09T23:36:57+09:00,2026/09/10,2026/10/08,2026-10,CALL,47500,17540,34,,,,,,,,,,,,
2026/09/09 23:22,2026-09-09T23:36:57+09:00,2026/09/10,2026/10/08,2026-10,PUT,47500,56,30,,52.87,51.66,72,16,62,2,,,,,
2026/09/09 23:22,2026-09-09T23:36:57+09:00,2026/09/10,2026/10/08,2026-10,CALL,47250,17785,,,,,,,,,,,,,
2026/09/09 23:22,2026-09-09T23:36:57+09:00,2026/09/10,2026/10/08,2026-10,PUT,47250,54,26,,53.19,52.18,68,10,60,2,,,,,
2026/09/09 23:22,2026-09-09T23:36:57+09:00,2026/09/10,2026/10/08,2026-10,CALL,47000,18035,,,,,,,,,,,,,
2026/09/09 23:22,2026-09-09T23:36:57+09:00,2026/09/10,2026/10/08,2026-10,PUT,47000,52,405,2,53.74,52.7,66,24,58,2,53.37,13,24.07,67,09/09 21:05
2026/09/09 23:22,2026-09-09T23:36:57+09:00,2026/09/10,2026/10/08,2026-10,CALL,46750,18280,,,,,,,,,,,,,
2026/09/09 23:22,2026-09-09T23:36:57+09:00,2026/09/10,2026/10/08,2026-10,PUT,46750,50,131,,54.28,53.06,64,10,55,2,,,,,
2026/09/09 23:22,2026-09-09T23:36:57+09:00,2026/09/10,2026/10/08,2026-10,CALL,46500,18530,,,,,,,,,,,,,
2026/09/09 23:22,2026-09-09T23:36:57+09:00,2026/09/10,2026/10/08,2026-10,PUT,46500,48,157,2,54.82,53.25,62,16,51,4,54.36,11,22,61,09/09 20:34
2026/09/09 23:22,2026-09-09T23:36:57+09:00,2026/09/10,2026/10/08,2026-10,CALL,46250,18775,,,,,,,,,,,,,
2026/09/09 23:22,2026-09-09T23:36:57+09:00,2026/09/10,2026/10/08,2026-10,PUT,46250,45,13,,55.34,53.88,60,12,50,2,,,,,
2026/09/09 23:22,2026-09-09T23:36:57+09:00,2026/09/10,2026/10/08,2026-10,CALL,46000,19025,,,,,,,,,,,,,
2026/09/09 23:22,2026-09-09T23:36:57+09:00,2026/09/10,2026/10/08,2026-10,PUT,46000,45,362,4,55.86,54.5,58,2,49,2,55.62,8,16.33,57,09/09 21:48
2026/09/09 23:22,2026-09-09T23:36:57+09:00,2026/09/10,2026/10/08,2026-10,CALL,45750,19275,,,,,,,,,,,,,
2026/09/09 23:22,2026-09-09T23:36:57+09:00,2026/09/10,2026/10/08,2026-10,PUT,45750,42,43,,56.8,54.45,59,2,44,2,,,,,
2026/09/09 23:22,2026-09-09T23:36:57+09:00,2026/09/10,2026/10/08,2026-10,CALL,45500,19520,,,,,,,,,,,,,
2026/09/09 23:22,2026-09-09T23:36:57+09:00,2026/09/10,2026/10/08,2026-10,PUT,45500,39,212,,57.31,54.87,57,2,42,2,,,,,
2026/09/09 23:22,2026-09-09T23:36:57+09:00,2026/09/10,2026/10/08,2026-10,CALL,45250,19770,,,,,,,,,,,,,
2026/09/09 23:22,2026-09-09T23:36:57+09:00,2026/09/10,2026/10/08,2026-10,PUT,45250,39,29,,57.34,55.27,52,2,40,2,,,,,
2026/09/09 23:22,2026-09-09T23:36:57+09:00,2026/09/10,2026/10/08,2026-10,CALL,45000,20020,2,,,,,,,,,,,,
2026/09/09 23:22,2026-09-09T23:36:57+09:00,2026/09/10,2026/10/08,2026-10,PUT,45000,37,2322,7,57.31,56.42,47,3,42,28,57.72,6,15,46,09/09 22:55
2026/09/09 23:22,2026-09-09T23:36:57+09:00,2026/09/10,2026/10/08,2026-10,CALL,44750,20270,,,,,,,,,,,,,
2026/09/09 23:22,2026-09-09T23:36:57+09:00,2026/09/10,2026/10/08,2026-10,PUT,44750,37,37,,58.95,56.23,52,2,37,4,,,,,
2026/09/09 23:22,2026-09-09T23:36:57+09:00,2026/09/10,2026/10/08,2026-10,CALL,44500,20515,,,,,,,,,,,,,
2026/09/09 23:22,2026-09-09T23:36:57+09:00,2026/09/10,2026/10/08,2026-10,PUT,44500,34,1,,59.42,56.59,50,2,35,2,,,,,
2026/09/09 23:22,2026-09-09T23:36:57+09:00,2026/09/10,2026/10/08,2026-10,CALL,44250,20760,,,,,,,,,,,,,
2026/09/09 23:22,2026-09-09T23:36:57+09:00,2026/09/10,2026/10/08,2026-10,PUT,44250,33,36,,59.53,56.92,46,2,33,2,,,,,
2026/09/09 23:22,2026-09-09T23:36:57+09:00,2026/09/10,2026/10/08,2026-10,CALL,44000,21010,,,,,,,,,,,,,
2026/09/09 23:22,2026-09-09T23:36:57+09:00,2026/09/10,2026/10/08,2026-10,PUT,44000,31,253,,67.79,55.13,100,8,23,7,,,,,
2026/09/09 23:22,2026-09-09T23:36:57+09:00,2026/09/10,2026/10/08,2026-10,CALL,43750,21255,,,,,,,,,,,,,
2026/09/09 23:22,2026-09-09T23:36:57+09:00,2026/09/10,2026/10/08,2026-10,PUT,43750,26,13,,72.14,45.29,134,6,3,26,,,,,
2026/09/09 23:22,2026-09-09T23:36:57+09:00,2026/09/10,2026/10/08,2026-10,CALL,43500,21505,,,,,,,,,,,,,
2026/09/09 23:22,2026-09-09T23:36:57+09:00,2026/09/10,2026/10/08,2026-10,PUT,43500,26,15,,72.97,45.91,133,6,3,26,,,,,
2026/09/09 23:22,2026-09-09T23:36:57+09:00,2026/09/10,2026/10/08,2026-10,CALL,43250,21755,,,,,,,,,,,,,
2026/09/09 23:22,2026-09-09T23:36:57+09:00,2026/09/10,2026/10/08,2026-10,PUT,43250,24,15,,73.81,46.55,132,6,3,26,,,,,
2026/09/09 23:22,2026-09-09T23:36:57+09:00,2026/09/10,2026/10/08,2026-10,CALL,43000,22000,,,,,,,,,,,,,
2026/09/09 23:22,2026-09-09T23:36:57+09:00,2026/09/10,2026/10/08,2026-10,PUT,43000,28,178,11,61.29,59.57,35,1,28,27,61.28,5,17.86,33,09/09 23:12
2026/09/09 23:22,2026-09-09T23:36:57+09:00,2026/09/10,2026/10/08,2026-10,CALL,42750,22250,,,,,,,,,,,,,
2026/09/09 23:22,2026-09-09T23:36:57+09:00,2026/09/10,2026/10/08,2026-10,PUT,42750,22,31,,75.38,47.82,129,6,3,26,,,,,
2026/09/09 23:22,2026-09-09T23:36:57+09:00,2026/09/10,2026/10/08,2026-10,CALL,42000,22995,,,,,,,,,,,,,
2026/09/09 23:22,2026-09-09T23:36:57+09:00,2026/09/10,2026/10/08,2026-10,PUT,42000,21,165,1,64.5,60.9,35,2,22,33,62.92,4,15.38,30,09/09 20:47
2026/09/09 23:22,2026-09-09T23:36:57+09:00,2026/09/10,2026/10/08,2026-10,CALL,41000,23990,,,,,,,,,,,,,
2026/09/09 23:22,2026-09-09T23:36:57+09:00,2026/09/10,2026/10/08,2026-10,PUT,41000,20,143,1,68.27,63.31,37,33,20,1,63.58,0,0,20,09/09 22:47
2026/09/09 23:22,2026-09-09T23:36:57+09:00,2026/09/10,2026/10/08,2026-10,CALL,40000,24985,,,,,,,,,,,,,
2026/09/09 23:22,2026-09-09T23:36:57+09:00,2026/09/10,2026/10/08,2026-10,PUT,40000,17,4195,6,67.22,65.26,22,1,17,1,67.26,4,22.22,22,09/09 23:20
2026/09/09 23:22,2026-09-09T23:36:57+09:00,2026/09/10,2026/10/08,2026-10,CALL,39000,25985,,,,,,,,,,,,,
2026/09/09 23:22,2026-09-09T23:36:57+09:00,2026/09/10,2026/10/08,2026-10,PUT,39000,14,105,,71.55,65.32,25,7,11,26,,,,,
2026/09/09 23:22,2026-09-09T23:36:57+09:00,2026/09/10,2026/10/08,2026-10,CALL,38000,26980,,,,,,,,,,,,,
2026/09/09 23:22,2026-09-09T23:36:57+09:00,2026/09/10,2026/10/08,2026-10,PUT,38000,12,28,4,73.03,67.79,20,1,10,27,71.12,5,45.45,16,09/09 20:28
2026/09/09 23:22,2026-09-09T23:36:57+09:00,2026/09/10,2026/10/08,2026-10,CALL,37000,27975,,,,,,,,,,,,,
2026/09/09 23:22,2026-09-09T23:36:57+09:00,2026/09/10,2026/10/08,2026-10,PUT,37000,10,188,,74.04,69.42,15,3,8,1,,,,,
2026/09/09 23:22,2026-09-09T23:36:57+09:00,2026/09/10,2026/10/08,2026-10,CALL,36000,28975,,,,,,,,,,,,,
2026/09/09 23:22,2026-09-09T23:36:57+09:00,2026/09/10,2026/10/08,2026-10,PUT,36000,8,42,,75.63,68.12,12,1,4,6,,,,,
2026/09/09 23:22,2026-09-09T23:36:57+09:00,2026/09/10,2026/10/08,2026-10,CALL,35000,29970,24,,,,,,,,,,,,
2026/09/09 23:22,2026-09-09T23:36:57+09:00,2026/09/10,2026/10/08,2026-10,PUT,35000,7,2033,12,77.59,75.91,10,5,8,15,76.53,1,14.29,8,09/09 23:04
2026/09/09 23:22,2026-09-09T23:36:57+09:00,2026/09/10,2026/10/08,2026-10,CALL,34000,30970,,,,,,,,,,,,,
2026/09/09 23:22,2026-09-09T23:36:57+09:00,2026/09/10,2026/10/08,2026-10,PUT,34000,6,26,,84.48,77.17,15,15,6,16,,,,,
2026/09/09 23:22,2026-09-09T23:36:57+09:00,2026/09/10,2026/10/08,2026-10,CALL,33000,31970,,,,,,,,,,,,,
2026/09/09 23:22,2026-09-09T23:36:57+09:00,2026/09/10,2026/10/08,2026-10,PUT,33000,5,2721,10,84.58,80.56,10,42,6,1,83.74,3,50,9,09/09 23:20
2026/09/09 23:22,2026-09-09T23:36:57+09:00,2026/09/10,2026/10/08,2026-10,CALL,32000,32970,,,,,,,,,,,,,
2026/09/09 23:22,2026-09-09T23:36:57+09:00,2026/09/10,2026/10/08,2026-10,PUT,32000,4,51,,90.59,81.08,13,15,4,16,,,,,
2026/09/09 23:22,2026-09-09T23:36:57+09:00,2026/09/10,2026/10/08,2026-10,CALL,31000,33970,,,,,,,,,,,,,
2026/09/09 23:22,2026-09-09T23:36:57+09:00,2026/09/10,2026/10/08,2026-10,PUT,31000,4,20,16,90.04,84.57,8,60,4,15,89.56,2,40,7,09/09 23:05
2026/09/09 23:22,2026-09-09T23:36:57+09:00,2026/09/10,2026/10/08,2026-10,CALL,30000,34965,,,,,,,,,,,,,
2026/09/09 23:22,2026-09-09T23:36:57+09:00,2026/09/10,2026/10/08,2026-10,PUT,30000,3,6017,9,91.38,88.17,6,16,4,1,89.69,2,66.67,5,09/09 21:23
2026/09/09 23:22,2026-09-09T23:36:57+09:00,2026/09/10,2026/10/08,2026-10,CALL,29000,35965,,,,,,,,,,,,,
2026/09/09 23:22,2026-09-09T23:36:57+09:00,2026/09/10,2026/10/08,2026-10,PUT,29000,2,13,,93.69,86.84,5,1,2,26,,,,,
2026/09/09 23:22,2026-09-09T23:36:57+09:00,2026/09/10,2026/10/08,2026-10,CALL,28000,36965,,,,,,,,,,,,,
2026/09/09 23:22,2026-09-09T23:36:57+09:00,2026/09/10,2026/10/08,2026-10,PUT,28000,2,18,1,97.6,93.47,5,42,3,1,95.58,,,4,09/09 20:00
2026/09/09 23:22,2026-09-09T23:36:57+09:00,2026/09/10,2026/10/08,2026-10,CALL,27000,37965,,,,,,,,,,,,,
2026/09/09 23:22,2026-09-09T23:36:57+09:00,2026/09/10,2026/10/08,2026-10,PUT,27000,2,38,6,99.73,94.28,4,27,2,34,97.34,,,3,09/09 20:04
2026/09/09 23:22,2026-09-09T23:36:57+09:00,2026/09/10,2026/10/08,2026-10,CALL,26000,38960,,,,,,,,,,,,,
2026/09/09 23:22,2026-09-09T23:36:57+09:00,2026/09/10,2026/10/08,2026-10,PUT,26000,1,36,,103.87,98.21,4,2,2,1,,,,,
2026/09/09 23:22,2026-09-09T23:36:57+09:00,2026/09/10,2026/10/08,2026-10,CALL,25000,39960,,,,,,,,,,,,,
2026/09/09 23:22,2026-09-09T23:36:57+09:00,2026/09/10,2026/10/08,2026-10,PUT,25000,1,1483,,105.62,102.29,3,1,2,2,,,,,
2026/09/09 23:22,2026-09-09T23:36:57+09:00,2026/09/10,2026/10/08,2026-10,CALL,22500,42460,,,,,,,,,,,,,
2026/09/09 23:22,2026-09-09T23:36:57+09:00,2026/09/10,2026/10/08,2026-10,PUT,22500,1,49,,113.27,107.65,2,3,1,58,,,,,
2026/09/09 23:22,2026-09-09T23:36:57+09:00,2026/09/10,2026/10/08,2026-10,CALL,20000,44955,,,,,,,,,,,,,
2026/09/09 23:22,2026-09-09T23:36:57+09:00,2026/09/10,2026/10/08,2026-10,PUT,20000,1,691,3,125.55,119.35,2,120,1,119,119.27,0,0,1,09/09 19:56
2026/09/09 23:22,2026-09-09T23:36:57+09:00,2026/09/10,2026/12/10,2026-12,CALL,71000,1275,2249,1,27.73,24.18,1360,3,995,3,25.93,,,1180,09/09 19:01
2026/09/09 23:22,2026-09-09T23:36:57+09:00,2026/09/10,2026/12/10,2026-12,PUT,71000,7150,31,,,,,,,,,,,,
2026/09/09 23:22,2026-09-09T23:36:57+09:00,2026/09/10,2026/12/10,2026-12,CALL,70750,1335,,,,,,,,,,,,,
2026/09/09 23:22,2026-09-09T23:36:57+09:00,2026/09/10,2026/12/10,2026-12,PUT,70750,6965,,,,,,,,,,,,,
2026/09/09 23:22,2026-09-09T23:36:57+09:00,2026/09/10,2026/12/10,2026-12,CALL,70500,1400,,,,,,,,,,,,,
2026/09/09 23:22,2026-09-09T23:36:57+09:00,2026/09/10,2026/12/10,2026-12,PUT,70500,6780,,,,,,,,,,,,,
2026/09/09 23:22,2026-09-09T23:36:57+09:00,2026/09/10,2026/12/10,2026-12,CALL,70250,1465,,,,,,,,,,,,,
2026/09/09 23:22,2026-09-09T23:36:57+09:00,2026/09/10,2026/12/10,2026-12,PUT,70250,6595,,,,,,,,,,,,,
2026/09/09 23:22,2026-09-09T23:36:57+09:00,2026/09/10,2026/12/10,2026-12,CALL,70000,1550,5481,,,15.66,,,400,1,,,,,
2026/09/09 23:22,2026-09-09T23:36:57+09:00,2026/09/10,2026/12/10,2026-12,PUT,70000,6430,1653,,,,,,,,,,,,
2026/09/09 23:22,2026-09-09T23:36:57+09:00,2026/09/10,2026/12/10,2026-12,CALL,69750,1635,158,,26.48,25.41,1520,20,1400,20,,,,,
2026/09/09 23:22,2026-09-09T23:36:57+09:00,2026/09/10,2026/12/10,2026-12,PUT,69750,6265,,,,,,,,,,,,,
2026/09/09 23:22,2026-09-09T23:36:57+09:00,2026/09/10,2026/12/10,2026-12,CALL,69500,1710,,,26.48,25.43,1585,20,1465,20,,,,,
2026/09/09 23:22,2026-09-09T23:36:57+09:00,2026/09/10,2026/12/10,2026-12,PUT,69500,6095,,,,,,,,,,,,,
2026/09/09 23:22,2026-09-09T23:36:57+09:00,2026/09/10,2026/12/10,2026-12,CALL,69250,1800,50,,26.51,25.47,1655,20,1535,20,,,,,
2026/09/09 23:22,2026-09-09T23:36:57+09:00,2026/09/10,2026/12/10,2026-12,PUT,69250,5930,,,,,,,,,,,,,
2026/09/09 23:22,2026-09-09T23:36:57+09:00,2026/09/10,2026/12/10,2026-12,CALL,69000,1875,1620,,26.56,25.54,1730,20,1610,20,,,,,
2026/09/09 23:22,2026-09-09T23:36:57+09:00,2026/09/10,2026/12/10,2026-12,PUT,69000,5760,1570,,,,,,,,,,,,
2026/09/09 23:22,2026-09-09T23:36:57+09:00,2026/09/10,2026/12/10,2026-12,CALL,68750,1960,,,26.59,25.58,1805,20,1685,20,,,,,
2026/09/09 23:22,2026-09-09T23:36:57+09:00,2026/09/10,2026/12/10,2026-12,PUT,68750,5600,100,,,,,,,,,,,,
2026/09/09 23:22,2026-09-09T23:36:57+09:00,2026/09/10,2026/12/10,2026-12,CALL,68500,2045,437,,26.65,25.64,1885,20,1765,20,,,,,
2026/09/09 23:22,2026-09-09T23:36:57+09:00,2026/09/10,2026/12/10,2026-12,PUT,68500,5435,203,,,,,,,,,,,,
2026/09/09 23:22,2026-09-09T23:36:57+09:00,2026/09/10,2026/12/10,2026-12,CALL,68250,2135,,,26.68,25.69,1965,20,1845,20,,,,,
2026/09/09 23:22,2026-09-09T23:36:57+09:00,2026/09/10,2026/12/10,2026-12,PUT,68250,5270,,,,,,,,,,,,,
2026/09/09 23:22,2026-09-09T23:36:57+09:00,2026/09/10,2026/12/10,2026-12,CALL,68000,2220,3448,,26.73,25.75,2050,20,1930,20,,,,,
2026/09/09 23:22,2026-09-09T23:36:57+09:00,2026/09/10,2026/12/10,2026-12,PUT,68000,5115,1900,,,,,,1,1,,,,,
2026/09/09 23:22,2026-09-09T23:36:57+09:00,2026/09/10,2026/12/10,2026-12,CALL,67750,2315,,,26.8,25.83,2140,20,2020,20,,,,,
2026/09/09 23:22,2026-09-09T23:36:57+09:00,2026/09/10,2026/12/10,2026-12,PUT,67750,4960,,,,,,,,,,,,,
2026/09/09 23:22,2026-09-09T23:36:57+09:00,2026/09/10,2026/12/10,2026-12,CALL,67500,2420,25,,26.85,25.89,2230,20,2110,20,,,,,
2026/09/09 23:22,2026-09-09T23:36:57+09:00,2026/09/10,2026/12/10,2026-12,PUT,67500,4810,25,,,,,,,,,,,,
2026/09/09 23:22,2026-09-09T23:36:57+09:00,2026/09/10,2026/12/10,2026-12,CALL,67250,2515,25,,26.92,25.97,2325,20,2205,20,,,,,
2026/09/09 23:22,2026-09-09T23:36:57+09:00,2026/09/10,2026/12/10,2026-12,PUT,67250,4655,25,,,,,,,,,,,,
2026/09/09 23:22,2026-09-09T23:36:57+09:00,2026/09/10,2026/12/10,2026-12,CALL,67000,2620,1430,,26.97,26.06,2420,20,2305,1,,,,,
2026/09/09 23:22,2026-09-09T23:36:57+09:00,2026/09/10,2026/12/10,2026-12,PUT,67000,4510,1590,,,,,,,,,,,,
2026/09/09 23:22,2026-09-09T23:36:57+09:00,2026/09/10,2026/12/10,2026-12,CALL,66750,2725,,,27.04,26.13,2520,20,2405,1,,,,,
2026/09/09 23:22,2026-09-09T23:36:57+09:00,2026/09/10,2026/12/10,2026-12,PUT,66750,4375,,,,,,,,,,,,,
2026/09/09 23:22,2026-09-09T23:36:57+09:00,2026/09/10,2026/12/10,2026-12,CALL,66500,2835,2750,,27.09,26.19,2620,20,2505,1,,,,,
2026/09/09 23:22,2026-09-09T23:36:57+09:00,2026/09/10,2026/12/10,2026-12,PUT,66500,4230,750,,26.58,25.64,4640,20,4520,20,,,,,
2026/09/09 23:22,2026-09-09T23:36:57+09:00,2026/09/10,2026/12/10,2026-12,CALL,66250,2945,15,,27.15,26.25,2725,20,2610,1,,,,,
2026/09/09 23:22,2026-09-09T23:36:57+09:00,2026/09/10,2026/12/10,2026-12,PUT,66250,4090,,,26.64,25.71,4495,20,4375,20,,,,,
2026/09/09 23:22,2026-09-09T23:36:57+09:00,2026/09/10,2026/12/10,2026-12,CALL,66000,3060,1057,,27.23,26.34,2835,20,2720,1,,,,,
2026/09/09 23:22,2026-09-09T23:36:57+09:00,2026/09/10,2026/12/10,2026-12,PUT,66000,3965,1038,,26.73,25.8,4355,20,4235,20,,,,,
2026/09/09 23:22,2026-09-09T23:36:57+09:00,2026/09/10,2026/12/10,2026-12,CALL,65750,3185,15,,27.29,26.4,2945,20,2830,1,,,,,
2026/09/09 23:22,2026-09-09T23:36:57+09:00,2026/09/10,2026/12/10,2026-12,PUT,65750,3835,15,,26.83,25.9,4220,20,4100,20,,,,,
2026/09/09 23:22,2026-09-09T23:36:57+09:00,2026/09/10,2026/12/10,2026-12,CALL,65500,3310,734,,27.37,26.48,3060,20,2945,1,,,,,
2026/09/09 23:22,2026-09-09T23:36:57+09:00,2026/09/10,2026/12/10,2026-12,PUT,65500,3705,605,,26.87,25.94,4080,20,3960,20,,,,,
2026/09/09 23:22,2026-09-09T23:36:57+09:00,2026/09/10,2026/12/10,2026-12,CALL,65250,3425,,,27.47,26.58,3180,20,3065,1,,,,,
2026/09/09 23:22,2026-09-09T23:36:57+09:00,2026/09/10,2026/12/10,2026-12,PUT,65250,3575,,,27.01,26.08,3955,20,3835,20,,,,,
2026/09/09 23:22,2026-09-09T23:36:57+09:00,2026/09/10,2026/12/10,2026-12,CALL,65000,3555,3392,,27.54,26.66,3300,20,3185,1,,,,,
2026/09/09 23:22,2026-09-09T23:36:57+09:00,2026/09/10,2026/12/10,2026-12,PUT,65000,3465,4262,,27.08,26.16,3825,20,3705,20,,,,,
2026/09/09 23:22,2026-09-09T23:36:57+09:00,2026/09/10,2026/12/10,2026-12,CALL,64750,3690,,,27.64,26.75,3425,20,3310,1,,,,,
2026/09/09 23:22,2026-09-09T23:36:57+09:00,2026/09/10,2026/12/10,2026-12,PUT,64750,3345,,,27.17,26.25,3700,20,3580,20,,,,,
2026/09/09 23:22,2026-09-09T23:36:57+09:00,2026/09/10,2026/12/10,2026-12,CALL,64500,3830,96,,27.75,26.86,3555,20,3440,1,,,,,
2026/09/09 23:22,2026-09-09T23:36:57+09:00,2026/09/10,2026/12/10,2026-12,PUT,64500,3235,2,,27.28,26.36,3580,20,3460,20,,,,,
2026/09/09 23:22,2026-09-09T23:36:57+09:00,2026/09/10,2026/12/10,2026-12,CALL,64250,3965,,,27.84,26.95,3685,20,3570,1,,,,,
2026/09/09 23:22,2026-09-09T23:36:57+09:00,2026/09/10,2026/12/10,2026-12,PUT,64250,3125,,,27.37,26.44,3460,20,3340,20,,,,,
2026/09/09 23:22,2026-09-09T23:36:57+09:00,2026/09/10,2026/12/10,2026-12,CALL,64000,4100,2240,,27.87,27.01,3810,1,3700,1,,,,,
2026/09/09 23:22,2026-09-09T23:36:57+09:00,2026/09/10,2026/12/10,2026-12,PUT,64000,3010,1956,,27.48,26.55,3345,20,3225,20,,,,,
2026/09/09 23:22,2026-09-09T23:36:57+09:00,2026/09/10,2026/12/10,2026-12,CALL,63750,4250,,,,,,,,,,,,,
2026/09/09 23:22,2026-09-09T23:36:57+09:00,2026/09/10,2026/12/10,2026-12,PUT,63750,2905,23,,27.56,26.63,3230,20,3110,20,,,,,
2026/09/09 23:22,2026-09-09T23:36:57+09:00,2026/09/10,2026/12/10,2026-12,CALL,63500,4400,300,,,,,,,,,,,,
2026/09/09 23:22,2026-09-09T23:36:57+09:00,2026/09/10,2026/12/10,2026-12,PUT,63500,2805,600,,27.7,26.76,3125,20,3005,20,,,,,
2026/09/09 23:22,2026-09-09T23:36:57+09:00,2026/09/10,2026/12/10,2026-12,CALL,63250,4550,,,,,,,,,,,,,
2026/09/09 23:22,2026-09-09T23:36:57+09:00,2026/09/10,2026/12/10,2026-12,PUT,63250,2710,23,,27.78,26.84,3015,20,2895,20,,,,,
2026/09/09 23:22,2026-09-09T23:36:57+09:00,2026/09/10,2026/12/10,2026-12,CALL,63000,4695,1615,,,,,,,,,,,,
2026/09/09 23:22,2026-09-09T23:36:57+09:00,2026/09/10,2026/12/10,2026-12,PUT,63000,2605,2493,,27.92,26.97,2915,20,2795,20,,,,,
2026/09/09 23:22,2026-09-09T23:36:57+09:00,2026/09/10,2026/12/10,2026-12,CALL,62750,4855,,,,,,,,,,,,,
2026/09/09 23:22,2026-09-09T23:36:57+09:00,2026/09/10,2026/12/10,2026-12,PUT,62750,2515,,,28.04,27.09,2815,20,2695,20,,,,,
2026/09/09 23:22,2026-09-09T23:36:57+09:00,2026/09/10,2026/12/10,2026-12,CALL,62500,5015,812,,,,,,,,,,,,
2026/09/09 23:22,2026-09-09T23:36:57+09:00,2026/09/10,2026/12/10,2026-12,PUT,62500,2430,1087,,28.14,27.18,2715,20,2595,20,,,,,
2026/09/09 23:22,2026-09-09T23:36:57+09:00,2026/09/10,2026/12/10,2026-12,CALL,62250,5170,,,,,,,,,,,,,
2026/09/09 23:22,2026-09-09T23:36:57+09:00,2026/09/10,2026/12/10,2026-12,PUT,62250,2330,250,,28.3,27.33,2625,20,2505,20,,,,,
2026/09/09 23:22,2026-09-09T23:36:57+09:00,2026/09/10,2026/12/10,2026-12,CALL,62000,5340,1450,,,,,,,,,,,,
2026/09/09 23:22,2026-09-09T23:36:57+09:00,2026/09/10,2026/12/10,2026-12,PUT,62000,2250,2961,,28.4,27.42,2530,20,2410,20,,,,,
2026/09/09 23:22,2026-09-09T23:36:57+09:00,2026/09/10,2026/12/10,2026-12,CALL,61750,5505,,,,,,,,,,,,,
2026/09/09 23:22,2026-09-09T23:36:57+09:00,2026/09/10,2026/12/10,2026-12,PUT,61750,2170,,,28.56,27.57,2445,20,2325,20,,,,,
2026/09/09 23:22,2026-09-09T23:36:57+09:00,2026/09/10,2026/12/10,2026-12,CALL,61500,5680,1,,,,,,,,,,,,
2026/09/09 23:22,2026-09-09T23:36:57+09:00,2026/09/10,2026/12/10,2026-12,PUT,61500,2095,1,,28.7,27.69,2360,20,2240,20,,,,,
2026/09/09 23:22,2026-09-09T23:36:57+09:00,2026/09/10,2026/12/10,2026-12,CALL,61250,5845,,,,,,,,,,,,,
2026/09/09 23:22,2026-09-09T23:36:57+09:00,2026/09/10,2026/12/10,2026-12,PUT,61250,2010,42,,28.82,27.8,2275,20,2155,20,,,,,
2026/09/09 23:22,2026-09-09T23:36:57+09:00,2026/09/10,2026/12/10,2026-12,CALL,61000,6020,813,,,,,,1,10,,,,,
2026/09/09 23:22,2026-09-09T23:36:57+09:00,2026/09/10,2026/12/10,2026-12,PUT,61000,1940,1336,,28.96,27.93,2195,20,2075,20,,,,,
2026/09/09 23:22,2026-09-09T23:36:57+09:00,2026/09/10,2026/12/10,2026-12,CALL,60750,6205,,,,,,,1,10,,,,,
2026/09/09 23:22,2026-09-09T23:36:57+09:00,2026/09/10,2026/12/10,2026-12,PUT,60750,1870,,,29.12,28.09,2120,20,2000,20,,,,,
2026/09/09 23:22,2026-09-09T23:36:57+09:00,2026/09/10,2026/12/10,2026-12,CALL,60500,6345,102,,,,,,1,10,,,,,
2026/09/09 23:22,2026-09-09T23:36:57+09:00,2026/09/10,2026/12/10,2026-12,PUT,60500,1765,200,,,,,,,,,,,,
2026/09/09 23:22,2026-09-09T23:36:57+09:00,2026/09/10,2026/12/10,2026-12,CALL,60250,6530,,,,,,,,,,,,,
2026/09/09 23:22,2026-09-09T23:36:57+09:00,2026/09/10,2026/12/10,2026-12,PUT,60250,1700,36,,,,,,,,,,,,
2026/09/09 23:22,2026-09-09T23:36:57+09:00,2026/09/10,2026/12/10,2026-12,CALL,60000,6715,7264,,,,,,,,,,,,
2026/09/09 23:22,2026-09-09T23:36:57+09:00,2026/09/10,2026/12/10,2026-12,PUT,60000,1725,9531,,,23.36,,,1230,1,,,,,
2026/09/09 23:22,2026-09-09T23:36:57+09:00,2026/09/10,2026/12/10,2026-12,CALL,59750,6900,,,,,,,,,,,,,
2026/09/09 23:22,2026-09-09T23:36:57+09:00,2026/09/10,2026/12/10,2026-12,PUT,59750,1570,,,,,,,,,,,,,
2026/09/09 23:22,2026-09-09T23:36:57+09:00,2026/09/10,2026/12/10,2026-12,CALL,59500,7090,100,,,,,,,,,,,,
2026/09/09 23:22,2026-09-09T23:36:57+09:00,2026/09/10,2026/12/10,2026-12,PUT,59500,1510,250,,,,,,,,,,,,
2026/09/09 23:22,2026-09-09T23:36:57+09:00,2026/09/10,2026/12/10,2026-12,CALL,59250,7280,,,,,,,,,,,,,
2026/09/09 23:22,2026-09-09T23:36:57+09:00,2026/09/10,2026/12/10,2026-12,PUT,59250,1455,60,,,,,,,,,,,,
2026/09/09 23:22,2026-09-09T23:36:57+09:00,2026/09/10,2026/12/10,2026-12,CALL,59000,7475,1900,,,,,,,,,,,,
2026/09/09 23:22,2026-09-09T23:36:57+09:00,2026/09/10,2026/12/10,2026-12,PUT,59000,1400,2405,,,7.72,,,10,1,,,,,
2026/09/09 23:22,2026-09-09T23:36:57+09:00,2026/09/10,2026/12/10,2026-12,CALL,58750,7670,,,,,,,,,,,,,
2026/09/09 23:22,2026-09-09T23:36:57+09:00,2026/09/10,2026/12/10,2026-12,PUT,58750,1345,,,,,,,,,,,,,
2026/09/09 23:22,2026-09-09T23:36:57+09:00,2026/09/10,2026/12/10,2026-12,CALL,58500,7875,350,,,,,,,,,,,,
2026/09/09 23:22,2026-09-09T23:36:57+09:00,2026/09/10,2026/12/10,2026-12,PUT,58500,1300,850,,,6.52,,,1,1,,,,,
2026/09/09 23:22,2026-09-09T23:36:57+09:00,2026/09/10,2026/12/10,2026-12,CALL,58250,8065,,,,,,,,,,,,,
2026/09/09 23:22,2026-09-09T23:36:57+09:00,2026/09/10,2026/12/10,2026-12,PUT,58250,1245,65,,,,,,,,,,,,
2026/09/09 23:22,2026-09-09T23:36:57+09:00,2026/09/10,2026/12/10,2026-12,CALL,58000,8265,2603,,,,,,,,,,,,
2026/09/09 23:22,2026-09-09T23:36:57+09:00,2026/09/10,2026/12/10,2026-12,PUT,58000,1235,1935,,,9.02,,,10,1,,,,,
2026/09/09 23:22,2026-09-09T23:36:57+09:00,2026/09/10,2026/12/10,2026-12,CALL,57750,8470,,,,,,,,,,,,,
2026/09/09 23:22,2026-09-09T23:36:57+09:00,2026/09/10,2026/12/10,2026-12,PUT,57750,1150,,,,,,,,,,,,,
2026/09/09 23:22,2026-09-09T23:36:57+09:00,2026/09/10,2026/12/10,2026-12,CALL,57500,8675,80,,,,,,,,,,,,
2026/09/09 23:22,2026-09-09T23:36:57+09:00,2026/09/10,2026/12/10,2026-12,PUT,57500,1105,850,,,,,,,,,,,,
2026/09/09 23:22,2026-09-09T23:36:57+09:00,2026/09/10,2026/12/10,2026-12,CALL,57250,8880,113,,,,,,,,,,,,
2026/09/09 23:22,2026-09-09T23:36:57+09:00,2026/09/10,2026/12/10,2026-12,PUT,57250,1060,25,,,,,,,,,,,,
2026/09/09 23:22,2026-09-09T23:36:57+09:00,2026/09/10,2026/12/10,2026-12,CALL,57000,9090,500,,,,,,,,,,,,
2026/09/09 23:22,2026-09-09T23:36:57+09:00,2026/09/10,2026/12/10,2026-12,PUT,57000,1020,2381,,,10.32,,,10,1,,,,,
2026/09/09 23:22,2026-09-09T23:36:57+09:00,2026/09/10,2026/12/10,2026-12,CALL,56750,9300,,,,,,,,,,,,,
2026/09/09 23:22,2026-09-09T23:36:57+09:00,2026/09/10,2026/12/10,2026-12,PUT,56750,1020,1,,,,,,,,,,,,
2026/09/09 23:22,2026-09-09T23:36:57+09:00,2026/09/10,2026/12/10,2026-12,CALL,56500,9510,283,,,,,,,,,,,,
2026/09/09 23:22,2026-09-09T23:36:57+09:00,2026/09/10,2026/12/10,2026-12,PUT,56500,945,171,,,,,,,,,,,,
2026/09/09 23:22,2026-09-09T23:36:57+09:00,2026/09/10,2026/12/10,2026-12,CALL,56250,9760,,,,,,,,,,,,,
2026/09/09 23:22,2026-09-09T23:36:57+09:00,2026/09/10,2026/12/10,2026-12,PUT,56250,945,6,,,,,,,,,,,,
2026/09/09 23:22,2026-09-09T23:36:57+09:00,2026/09/10,2026/12/10,2026-12,CALL,56000,9935,791,,,,,,,,,,,,
2026/09/09 23:22,2026-09-09T23:36:57+09:00,2026/09/10,2026/12/10,2026-12,PUT,56000,875,2628,,,11.63,,,10,1,,,,,
2026/09/09 23:22,2026-09-09T23:36:57+09:00,2026/09/10,2026/12/10,2026-12,CALL,55750,10150,,,,,,,,,,,,,
2026/09/09 23:22,2026-09-09T23:36:57+09:00,2026/09/10,2026/12/10,2026-12,PUT,55750,840,22,,,,,,,,,,,,
2026/09/09 23:22,2026-09-09T23:36:57+09:00,2026/09/10,2026/12/10,2026-12,CALL,55500,10370,300,,,,,,,,,,,,
2026/09/09 23:22,2026-09-09T23:36:57+09:00,2026/09/10,2026/12/10,2026-12,PUT,55500,810,100,,,,,,,,,,,,
2026/09/09 23:22,2026-09-09T23:36:57+09:00,2026/09/10,2026/12/10,2026-12,CALL,55250,10590,,,,,,,,,,,,,
2026/09/09 23:22,2026-09-09T23:36:57+09:00,2026/09/10,2026/12/10,2026-12,PUT,55250,780,,,,,,,,,,,,,
2026/09/09 23:22,2026-09-09T23:36:57+09:00,2026/09/10,2026/12/10,2026-12,CALL,55000,10840,1829,,,,,,,,,,,,
2026/09/09 23:22,2026-09-09T23:36:57+09:00,2026/09/10,2026/12/10,2026-12,PUT,55000,785,4826,,,12.95,,,10,1,,,,,
2026/09/09 23:22,2026-09-09T23:36:57+09:00,2026/09/10,2026/12/10,2026-12,CALL,54750,11030,,,,,,,,,,,,,
2026/09/09 23:22,2026-09-09T23:36:57+09:00,2026/09/10,2026/12/10,2026-12,PUT,54750,720,32,,,10.55,,,1,1,,,,,
2026/09/09 23:22,2026-09-09T23:36:57+09:00,2026/09/10,2026/12/10,2026-12,CALL,54500,11250,540,,,,,,,,,,,,
2026/09/09 23:22,2026-09-09T23:36:57+09:00,2026/09/10,2026/12/10,2026-12,PUT,54500,700,780,,,,,,,,,,,,
2026/09/09 23:22,2026-09-09T23:36:57+09:00,2026/09/10,2026/12/10,2026-12,CALL,54250,11475,,,,,,,,,,,,,
2026/09/09 23:22,2026-09-09T23:36:57+09:00,2026/09/10,2026/12/10,2026-12,PUT,54250,675,,,,,,,,,,,,,
2026/09/09 23:22,2026-09-09T23:36:57+09:00,2026/09/10,2026/12/10,2026-12,CALL,54000,11695,1941,,,,,,,,,,,,
2026/09/09 23:22,2026-09-09T23:36:57+09:00,2026/09/10,2026/12/10,2026-12,PUT,54000,655,2683,,,14.28,,,10,1,,,,,
2026/09/09 23:22,2026-09-09T23:36:57+09:00,2026/09/10,2026/12/10,2026-12,CALL,53750,11920,,,,,,,,,,,,,
2026/09/09 23:22,2026-09-09T23:36:57+09:00,2026/09/10,2026/12/10,2026-12,PUT,53750,630,4,,,,,,,,,,,,
2026/09/09 23:22,2026-09-09T23:36:57+09:00,2026/09/10,2026/12/10,2026-12,CALL,53500,12150,106,,,,,,,,,,,,
2026/09/09 23:22,2026-09-09T23:36:57+09:00,2026/09/10,2026/12/10,2026-12,PUT,53500,645,206,,,,,,,,,,,,
2026/09/09 23:22,2026-09-09T23:36:57+09:00,2026/09/10,2026/12/10,2026-12,CALL,53250,12375,,,,,,,,,,,,,
2026/09/09 23:22,2026-09-09T23:36:57+09:00,2026/09/10,2026/12/10,2026-12,PUT,53250,590,187,,,,,,,,,,,,
2026/09/09 23:22,2026-09-09T23:36:57+09:00,2026/09/10,2026/12/10,2026-12,CALL,53000,12625,1135,,,,,,,,,,,,
2026/09/09 23:22,2026-09-09T23:36:57+09:00,2026/09/10,2026/12/10,2026-12,PUT,53000,585,1712,,38.06,15.63,905,1,10,1,,,,,
2026/09/09 23:22,2026-09-09T23:36:57+09:00,2026/09/10,2026/12/10,2026-12,CALL,52750,12830,,,,,,,,,,,,,
2026/09/09 23:22,2026-09-09T23:36:57+09:00,2026/09/10,2026/12/10,2026-12,PUT,52750,555,,,,,,,,,,,,,
2026/09/09 23:22,2026-09-09T23:36:57+09:00,2026/09/10,2026/12/10,2026-12,CALL,52500,13060,50,,,,,,,,,,,,
2026/09/09 23:22,2026-09-09T23:36:57+09:00,2026/09/10,2026/12/10,2026-12,PUT,52500,510,600,,,,,,,,,,,,
2026/09/09 23:22,2026-09-09T23:36:57+09:00,2026/09/10,2026/12/10,2026-12,CALL,52250,13290,250,,,,,,,,,,,,
2026/09/09 23:22,2026-09-09T23:36:57+09:00,2026/09/10,2026/12/10,2026-12,PUT,52250,525,525,,,,,,,,,,,,
2026/09/09 23:22,2026-09-09T23:36:57+09:00,2026/09/10,2026/12/10,2026-12,CALL,52000,13525,802,,,,,,,,,,,,
2026/09/09 23:22,2026-09-09T23:36:57+09:00,2026/09/10,2026/12/10,2026-12,PUT,52000,505,2766,,,23.65,,,100,1,,,,,
2026/09/09 23:22,2026-09-09T23:36:57+09:00,2026/09/10,2026/12/10,2026-12,CALL,51750,13755,,,,,,,,,,,,,
2026/09/09 23:22,2026-09-09T23:36:57+09:00,2026/09/10,2026/12/10,2026-12,PUT,51750,490,,,,,,,,,,,,,
2026/09/09 23:22,2026-09-09T23:36:57+09:00,2026/09/10,2026/12/10,2026-12,CALL,51500,13985,,,,,,,,,,,,,
2026/09/09 23:22,2026-09-09T23:36:57+09:00,2026/09/10,2026/12/10,2026-12,PUT,51500,475,20,,,,,,,,,,,,
2026/09/09 23:22,2026-09-09T23:36:57+09:00,2026/09/10,2026/12/10,2026-12,CALL,51250,14220,,,,,,,,,,,,,
2026/09/09 23:22,2026-09-09T23:36:57+09:00,2026/09/10,2026/12/10,2026-12,PUT,51250,425,2,,,,,,,,,,,,
2026/09/09 23:22,2026-09-09T23:36:57+09:00,2026/09/10,2026/12/10,2026-12,CALL,51000,14455,731,,,,,,,,,,,,
2026/09/09 23:22,2026-09-09T23:36:57+09:00,2026/09/10,2026/12/10,2026-12,PUT,51000,410,1565,85,37.4,34.4,560,42,410,9,36.54,,,460,09/09 18:04
2026/09/09 23:22,2026-09-09T23:36:57+09:00,2026/09/10,2026/12/10,2026-12,CALL,50750,14690,45,,,,,,,,,,,,
2026/09/09 23:22,2026-09-09T23:36:57+09:00,2026/09/10,2026/12/10,2026-12,PUT,50750,395,47,,,,,,,,,,,,
2026/09/09 23:22,2026-09-09T23:36:57+09:00,2026/09/10,2026/12/10,2026-12,CALL,50500,14935,600,,,,,,,,,,,,
2026/09/09 23:22,2026-09-09T23:36:57+09:00,2026/09/10,2026/12/10,2026-12,PUT,50500,400,1176,,,,,,,,,,,,
2026/09/09 23:22,2026-09-09T23:36:57+09:00,2026/09/10,2026/12/10,2026-12,CALL,50250,15160,58,,,,,,,,,,,,
2026/09/09 23:22,2026-09-09T23:36:57+09:00,2026/09/10,2026/12/10,2026-12,PUT,50250,370,16,,,,,,,,,,,,
2026/09/09 23:22,2026-09-09T23:36:57+09:00,2026/09/10,2026/12/10,2026-12,CALL,50000,15395,5442,,,,,,,,,,,,
2026/09/09 23:22,2026-09-09T23:36:57+09:00,2026/09/10,2026/12/10,2026-12,PUT,50000,355,8597,,42.02,32.63,680,4,250,1,,,,,
2026/09/09 23:22,2026-09-09T23:36:57+09:00,2026/09/10,2026/12/10,2026-12,CALL,49750,15630,,,,,,,,,,,,,
2026/09/09 23:22,2026-09-09T23:36:57+09:00,2026/09/10,2026/12/10,2026-12,PUT,49750,345,73,,,,,,,,,,,,
2026/09/09 23:22,2026-09-09T23:36:57+09:00,2026/09/10,2026/12/10,2026-12,CALL,49500,15870,260,,,,,,,,,,,,
2026/09/09 23:22,2026-09-09T23:36:57+09:00,2026/09/10,2026/12/10,2026-12,PUT,49500,335,2719,,,,,,,,,,,,
2026/09/09 23:22,2026-09-09T23:36:57+09:00,2026/09/10,2026/12/10,2026-12,CALL,49250,16105,,,,,,,,,,,,,
2026/09/09 23:22,2026-09-09T23:36:57+09:00,2026/09/10,2026/12/10,2026-12,PUT,49250,320,202,,,,,,,,,,,,
2026/09/09 23:22,2026-09-09T23:36:57+09:00,2026/09/10,2026/12/10,2026-12,CALL,49000,16345,1000,,,,,,,,,,,,
2026/09/09 23:22,2026-09-09T23:36:57+09:00,2026/09/10,2026/12/10,2026-12,PUT,49000,350,3279,,,,,,,,,,,,
2026/09/09 23:22,2026-09-09T23:36:57+09:00,2026/09/10,2026/12/10,2026-12,CALL,48750,16585,,,,,,,,,,,,,
2026/09/09 23:22,2026-09-09T23:36:57+09:00,2026/09/10,2026/12/10,2026-12,PUT,48750,300,2,,,,,,,,,,,,
2026/09/09 23:22,2026-09-09T23:36:57+09:00,2026/09/10,2026/12/10,2026-12,CALL,48500,16825,,,,,,,,,,,,,
2026/09/09 23:22,2026-09-09T23:36:57+09:00,2026/09/10,2026/12/10,2026-12,PUT,48500,292,302,,,25.02,,,30,1,,,,,
2026/09/09 23:22,2026-09-09T23:36:57+09:00,2026/09/10,2026/12/10,2026-12,CALL,48250,17060,,,,,,,,,,,,,
2026/09/09 23:22,2026-09-09T23:36:57+09:00,2026/09/10,2026/12/10,2026-12,PUT,48250,282,3,,,,,,,,,,,,
2026/09/09 23:22,2026-09-09T23:36:57+09:00,2026/09/10,2026/12/10,2026-12,CALL,48000,17300,750,,,,,,,,,,,,
2026/09/09 23:22,2026-09-09T23:36:57+09:00,2026/09/10,2026/12/10,2026-12,PUT,48000,273,4137,,,35.19,,,200,1,,,,,
2026/09/09 23:22,2026-09-09T23:36:57+09:00,2026/09/10,2026/12/10,2026-12,CALL,47750,17540,,,,,,,,,,,,,
2026/09/09 23:22,2026-09-09T23:36:57+09:00,2026/09/10,2026/12/10,2026-12,PUT,47750,264,2,,,,,,,,,,,,
2026/09/09 23:22,2026-09-09T23:36:57+09:00,2026/09/10,2026/12/10,2026-12,CALL,47500,17785,200,,,,,,,,,,,,
2026/09/09 23:22,2026-09-09T23:36:57+09:00,2026/09/10,2026/12/10,2026-12,PUT,47500,255,1121,,,,,,,,,,,,
2026/09/09 23:22,2026-09-09T23:36:57+09:00,2026/09/10,2026/12/10,2026-12,CALL,47250,18025,,,,,,,,,,,,,
2026/09/09 23:22,2026-09-09T23:36:57+09:00,2026/09/10,2026/12/10,2026-12,PUT,47250,247,,,,,,,,,,,,,
2026/09/09 23:22,2026-09-09T23:36:57+09:00,2026/09/10,2026/12/10,2026-12,CALL,47000,18265,350,,,,,,,,,,,,
2026/09/09 23:22,2026-09-09T23:36:57+09:00,2026/09/10,2026/12/10,2026-12,PUT,47000,239,2846,,,19.52,,,1,1,,,,,
2026/09/09 23:22,2026-09-09T23:36:57+09:00,2026/09/10,2026/12/10,2026-12,CALL,46750,18505,,,,,,,,,,,,,
2026/09/09 23:22,2026-09-09T23:36:57+09:00,2026/09/10,2026/12/10,2026-12,PUT,46750,231,,,,,,,,,,,,,
2026/09/09 23:22,2026-09-09T23:36:57+09:00,2026/09/10,2026/12/10,2026-12,CALL,46500,18745,,,,,,,,,,,,,
2026/09/09 23:22,2026-09-09T23:36:57+09:00,2026/09/10,2026/12/10,2026-12,PUT,46500,224,,,,,,,,,,,,,
2026/09/09 23:22,2026-09-09T23:36:57+09:00,2026/09/10,2026/12/10,2026-12,CALL,46250,18990,315,,,,,,,,,,,,
2026/09/09 23:22,2026-09-09T23:36:57+09:00,2026/09/10,2026/12/10,2026-12,PUT,46250,217,,,,,,,,,,,,,
2026/09/09 23:22,2026-09-09T23:36:57+09:00,2026/09/10,2026/12/10,2026-12,CALL,46000,19230,2300,,,,,,,,,,,,
2026/09/09 23:22,2026-09-09T23:36:57+09:00,2026/09/10,2026/12/10,2026-12,PUT,46000,210,3857,,,20.76,,,1,1,,,,,
2026/09/09 23:22,2026-09-09T23:36:57+09:00,2026/09/10,2026/12/10,2026-12,CALL,45750,19475,,,,,,,,,,,,,
2026/09/09 23:22,2026-09-09T23:36:57+09:00,2026/09/10,2026/12/10,2026-12,PUT,45750,203,,,,,,,,,,,,,
2026/09/09 23:22,2026-09-09T23:36:57+09:00,2026/09/10,2026/12/10,2026-12,CALL,45500,19715,200,,,,,,,,,,,,
2026/09/09 23:22,2026-09-09T23:36:57+09:00,2026/09/10,2026/12/10,2026-12,PUT,45500,196,350,,,,,,,,,,,,
2026/09/09 23:22,2026-09-09T23:36:57+09:00,2026/09/10,2026/12/10,2026-12,CALL,45250,19960,413,,,,,,,,,,,,
2026/09/09 23:22,2026-09-09T23:36:57+09:00,2026/09/10,2026/12/10,2026-12,PUT,45250,190,51,,,,,,,,,,,,
2026/09/09 23:22,2026-09-09T23:36:57+09:00,2026/09/10,2026/12/10,2026-12,CALL,45000,20205,1842,,,,,,,,,,,,
2026/09/09 23:22,2026-09-09T23:36:57+09:00,2026/09/10,2026/12/10,2026-12,PUT,45000,184,2725,,50.7,24.11,500,1,3,1,,,,,
2026/09/09 23:22,2026-09-09T23:36:57+09:00,2026/09/10,2026/12/10,2026-12,CALL,44750,20445,,,,,,,,,,,,,
2026/09/09 23:22,2026-09-09T23:36:57+09:00,2026/09/10,2026/12/10,2026-12,PUT,44750,178,,,,,,,,,,,,,
2026/09/09 23:22,2026-09-09T23:36:57+09:00,2026/09/10,2026/12/10,2026-12,CALL,44500,20690,,,,,,,,,,,,,
2026/09/09 23:22,2026-09-09T23:36:57+09:00,2026/09/10,2026/12/10,2026-12,PUT,44500,172,,,,,,,,,,,,,
2026/09/09 23:22,2026-09-09T23:36:57+09:00,2026/09/10,2026/12/10,2026-12,CALL,44250,20935,,,,,,,,,,,,,
2026/09/09 23:22,2026-09-09T23:36:57+09:00,2026/09/10,2026/12/10,2026-12,PUT,44250,167,,,,,,,,,,,,,
2026/09/09 23:22,2026-09-09T23:36:57+09:00,2026/09/10,2026/12/10,2026-12,CALL,44000,21175,600,,,,,,,,,,,,
2026/09/09 23:22,2026-09-09T23:36:57+09:00,2026/09/10,2026/12/10,2026-12,PUT,44000,161,2900,,,23.32,,,1,10,,,,,
2026/09/09 23:22,2026-09-09T23:36:57+09:00,2026/09/10,2026/12/10,2026-12,CALL,43750,21420,131,,,,,,,,,,,,
2026/09/09 23:22,2026-09-09T23:36:57+09:00,2026/09/10,2026/12/10,2026-12,PUT,43750,156,9,,,,,,,,,,,,
2026/09/09 23:22,2026-09-09T23:36:57+09:00,2026/09/10,2026/12/10,2026-12,CALL,43500,21665,,,,,,,,,,,,,
2026/09/09 23:22,2026-09-09T23:36:57+09:00,2026/09/10,2026/12/10,2026-12,PUT,43500,151,100,,,,,,,,,,,,
2026/09/09 23:22,2026-09-09T23:36:57+09:00,2026/09/10,2026/12/10,2026-12,CALL,43250,21910,,,,,,,,,,,,,
2026/09/09 23:22,2026-09-09T23:36:57+09:00,2026/09/10,2026/12/10,2026-12,PUT,43250,147,,,,,,,,,,,,,
2026/09/09 23:22,2026-09-09T23:36:57+09:00,2026/09/10,2026/12/10,2026-12,CALL,43000,22155,1400,,,,,,,,,,,,
2026/09/09 23:22,2026-09-09T23:36:57+09:00,2026/09/10,2026/12/10,2026-12,PUT,43000,142,1682,,,24.64,,,1,10,,,,,
2026/09/09 23:22,2026-09-09T23:36:57+09:00,2026/09/10,2026/12/10,2026-12,CALL,42750,22400,,,,,,,,,,,,,
2026/09/09 23:22,2026-09-09T23:36:57+09:00,2026/09/10,2026/12/10,2026-12,PUT,42750,138,,,,,,,,,,,,,
2026/09/09 23:22,2026-09-09T23:36:57+09:00,2026/09/10,2026/12/10,2026-12,CALL,42500,22645,250,,,,,,,,,,,,
2026/09/09 23:22,2026-09-09T23:36:57+09:00,2026/09/10,2026/12/10,2026-12,PUT,42500,134,300,,,,,,,,,,,,
2026/09/09 23:22,2026-09-09T23:36:57+09:00,2026/09/10,2026/12/10,2026-12,CALL,42250,22890,,,,,,,,,,,,,
2026/09/09 23:22,2026-09-09T23:36:57+09:00,2026/09/10,2026/12/10,2026-12,PUT,42250,130,,,,,,,,,,,,,
2026/09/09 23:22,2026-09-09T23:36:57+09:00,2026/09/10,2026/12/10,2026-12,CALL,42000,23135,1071,,,,,,,,,,,,
2026/09/09 23:22,2026-09-09T23:36:57+09:00,2026/09/10,2026/12/10,2026-12,PUT,42000,126,3702,,,25.98,,,1,10,,,,,
2026/09/09 23:22,2026-09-09T23:36:57+09:00,2026/09/10,2026/12/10,2026-12,CALL,41750,23380,,,,,,,,,,,,,
2026/09/09 23:22,2026-09-09T23:36:57+09:00,2026/09/10,2026/12/10,2026-12,PUT,41750,122,,,,,,,,,,,,,
2026/09/09 23:22,2026-09-09T23:36:57+09:00,2026/09/10,2026/12/10,2026-12,CALL,41500,23625,100,,,,,,,,,,,,
2026/09/09 23:22,2026-09-09T23:36:57+09:00,2026/09/10,2026/12/10,2026-12,PUT,41500,119,101,,,,,,,,,,,,
2026/09/09 23:22,2026-09-09T23:36:57+09:00,2026/09/10,2026/12/10,2026-12,CALL,41250,23870,,,,,,,,,,,,,
2026/09/09 23:22,2026-09-09T23:36:57+09:00,2026/09/10,2026/12/10,2026-12,PUT,41250,115,3,,,,,,,,,,,,
2026/09/09 23:22,2026-09-09T23:36:57+09:00,2026/09/10,2026/12/10,2026-12,CALL,41000,24115,1300,,,,,,,,,,,,
2026/09/09 23:22,2026-09-09T23:36:57+09:00,2026/09/10,2026/12/10,2026-12,PUT,41000,112,1927,,,27.36,,,1,10,,,,,
2026/09/09 23:22,2026-09-09T23:36:57+09:00,2026/09/10,2026/12/10,2026-12,CALL,40750,24360,,,,,,,,,,,,,
2026/09/09 23:22,2026-09-09T23:36:57+09:00,2026/09/10,2026/12/10,2026-12,PUT,40750,116,,,,,,,,,,,,,
2026/09/09 23:22,2026-09-09T23:36:57+09:00,2026/09/10,2026/12/10,2026-12,CALL,40500,24610,400,,,,,,,,,,,,
2026/09/09 23:22,2026-09-09T23:36:57+09:00,2026/09/10,2026/12/10,2026-12,PUT,40500,112,1399,,,,,,,,,,,,
2026/09/09 23:22,2026-09-09T23:36:57+09:00,2026/09/10,2026/12/10,2026-12,CALL,40250,24855,,,,,,,,,,,,,
2026/09/09 23:22,2026-09-09T23:36:57+09:00,2026/09/10,2026/12/10,2026-12,PUT,40250,109,5,,,,,,,,,,,,
2026/09/09 23:22,2026-09-09T23:36:57+09:00,2026/09/10,2026/12/10,2026-12,CALL,40000,25100,1200,,,,,,,,,,,,
2026/09/09 23:22,2026-09-09T23:36:57+09:00,2026/09/10,2026/12/10,2026-12,PUT,40000,105,5302,,,45.48,,,80,1,,,,,
2026/09/09 23:22,2026-09-09T23:36:57+09:00,2026/09/10,2026/12/10,2026-12,CALL,39750,25345,,,,,,,,,,,,,
2026/09/09 23:22,2026-09-09T23:36:57+09:00,2026/09/10,2026/12/10,2026-12,PUT,39750,102,,,,,,,,,,,,,
2026/09/09 23:22,2026-09-09T23:36:57+09:00,2026/09/10,2026/12/10,2026-12,CALL,39500,25590,500,,,,,,,,,,,,
2026/09/09 23:22,2026-09-09T23:36:57+09:00,2026/09/10,2026/12/10,2026-12,PUT,39500,99,1008,,,29.48,,,1,10,,,,,
2026/09/09 23:22,2026-09-09T23:36:57+09:00,2026/09/10,2026/12/10,2026-12,CALL,39250,25840,,,,,,,,,,,,,
2026/09/09 23:22,2026-09-09T23:36:57+09:00,2026/09/10,2026/12/10,2026-12,PUT,39250,95,650,,,,,,,,,,,,
2026/09/09 23:22,2026-09-09T23:36:57+09:00,2026/09/10,2026/12/10,2026-12,CALL,39000,26085,750,,,,,,,,,,,,
2026/09/09 23:22,2026-09-09T23:36:57+09:00,2026/09/10,2026/12/10,2026-12,PUT,39000,92,2405,,,30.21,,,1,10,,,,,
2026/09/09 23:22,2026-09-09T23:36:57+09:00,2026/09/10,2026/12/10,2026-12,CALL,38750,26330,50,,,,,,,,,,,,
2026/09/09 23:22,2026-09-09T23:36:57+09:00,2026/09/10,2026/12/10,2026-12,PUT,38750,89,50,,,,,,,,,,,,
2026/09/09 23:22,2026-09-09T23:36:57+09:00,2026/09/10,2026/12/10,2026-12,CALL,38500,26575,700,,,,,,,,,,,,
2026/09/09 23:22,2026-09-09T23:36:57+09:00,2026/09/10,2026/12/10,2026-12,PUT,38500,86,1150,,,,,,,,,,,,
2026/09/09 23:22,2026-09-09T23:36:57+09:00,2026/09/10,2026/12/10,2026-12,CALL,38250,26825,,,,,,,,,,,,,
2026/09/09 23:22,2026-09-09T23:36:57+09:00,2026/09/10,2026/12/10,2026-12,PUT,38250,83,,,,,,,,,,,,,
2026/09/09 23:22,2026-09-09T23:36:57+09:00,2026/09/10,2026/12/10,2026-12,CALL,38000,27070,1225,,,,,,,,,,,,
2026/09/09 23:22,2026-09-09T23:36:57+09:00,2026/09/10,2026/12/10,2026-12,PUT,38000,80,2686,,,34.57,,,3,1,,,,,
2026/09/09 23:22,2026-09-09T23:36:57+09:00,2026/09/10,2026/12/10,2026-12,CALL,37750,27315,100,,,,,,,,,,,,
2026/09/09 23:22,2026-09-09T23:36:57+09:00,2026/09/10,2026/12/10,2026-12,PUT,37750,78,100,,,,,,,,,,,,
2026/09/09 23:22,2026-09-09T23:36:57+09:00,2026/09/10,2026/12/10,2026-12,CALL,37500,27565,88,,,,,,,,,,,,
2026/09/09 23:22,2026-09-09T23:36:57+09:00,2026/09/10,2026/12/10,2026-12,PUT,37500,75,188,,,,,,,,,,,,
2026/09/09 23:22,2026-09-09T23:36:57+09:00,2026/09/10,2026/12/10,2026-12,CALL,37250,27810,,,,,,,,,,,,,
2026/09/09 23:22,2026-09-09T23:36:57+09:00,2026/09/10,2026/12/10,2026-12,PUT,37250,72,,,,,,,,,,,,,
2026/09/09 23:22,2026-09-09T23:36:57+09:00,2026/09/10,2026/12/10,2026-12,CALL,37000,28055,450,,,,,,,,,,,,
2026/09/09 23:22,2026-09-09T23:36:57+09:00,2026/09/10,2026/12/10,2026-12,PUT,37000,70,2635,,,33.2,,,1,10,,,,,
2026/09/09 23:22,2026-09-09T23:36:57+09:00,2026/09/10,2026/12/10,2026-12,CALL,36750,28305,,,,,,,,,,,,,
2026/09/09 23:22,2026-09-09T23:36:57+09:00,2026/09/10,2026/12/10,2026-12,PUT,36750,67,400,,,,,,,,,,,,
2026/09/09 23:22,2026-09-09T23:36:57+09:00,2026/09/10,2026/12/10,2026-12,CALL,36500,28550,252,,,,,,,,,,,,
2026/09/09 23:22,2026-09-09T23:36:57+09:00,2026/09/10,2026/12/10,2026-12,PUT,36500,65,225,,,,,,,,,,,,
2026/09/09 23:22,2026-09-09T23:36:57+09:00,2026/09/10,2026/12/10,2026-12,CALL,36250,28800,,,,,,,,,,,,,
2026/09/09 23:22,2026-09-09T23:36:57+09:00,2026/09/10,2026/12/10,2026-12,PUT,36250,63,,,,,,,,,,,,,
2026/09/09 23:22,2026-09-09T23:36:57+09:00,2026/09/10,2026/12/10,2026-12,CALL,36000,29045,975,,,,,,,,,,,,
2026/09/09 23:22,2026-09-09T23:36:57+09:00,2026/09/10,2026/12/10,2026-12,PUT,36000,61,2905,,,34.75,,,1,10,,,,,
2026/09/09 23:22,2026-09-09T23:36:57+09:00,2026/09/10,2026/12/10,2026-12,CALL,35750,29290,,,,,,,,,,,,,
2026/09/09 23:22,2026-09-09T23:36:57+09:00,2026/09/10,2026/12/10,2026-12,PUT,35750,59,,,,,,,,,,,,,
2026/09/09 23:22,2026-09-09T23:36:57+09:00,2026/09/10,2026/12/10,2026-12,CALL,35500,29540,,,,,,,,,,,,,
2026/09/09 23:22,2026-09-09T23:36:57+09:00,2026/09/10,2026/12/10,2026-12,PUT,35500,57,,,,,,,,,,,,,
2026/09/09 23:22,2026-09-09T23:36:57+09:00,2026/09/10,2026/12/10,2026-12,CALL,35250,29785,,,,,,,,,,,,,
2026/09/09 23:22,2026-09-09T23:36:57+09:00,2026/09/10,2026/12/10,2026-12,PUT,35250,55,,,,,,,,,,,,,
2026/09/09 23:22,2026-09-09T23:36:57+09:00,2026/09/10,2026/12/10,2026-12,CALL,35000,30035,435,,,,,,,,,,,,
2026/09/09 23:22,2026-09-09T23:36:57+09:00,2026/09/10,2026/12/10,2026-12,PUT,35000,54,5037,2,56.73,52.44,80,10,45,1,52.52,,,45,09/09 22:26
2026/09/09 23:22,2026-09-09T23:36:57+09:00,2026/09/10,2026/12/10,2026-12,CALL,34750,30280,,,,,,,,,,,,,
2026/09/09 23:22,2026-09-09T23:36:57+09:00,2026/09/10,2026/12/10,2026-12,PUT,34750,52,1,,,,,,,,,,,,
2026/09/09 23:22,2026-09-09T23:36:57+09:00,2026/09/10,2026/12/10,2026-12,CALL,34500,30530,400,,,,,,,,,,,,
2026/09/09 23:22,2026-09-09T23:36:57+09:00,2026/09/10,2026/12/10,2026-12,PUT,34500,50,560,,,,,,,,,,,,
2026/09/09 23:22,2026-09-09T23:36:57+09:00,2026/09/10,2026/12/10,2026-12,CALL,34250,30775,,,,,,,,,,,,,
2026/09/09 23:22,2026-09-09T23:36:57+09:00,2026/09/10,2026/12/10,2026-12,PUT,34250,49,,,,,,,,,,,,,
2026/09/09 23:22,2026-09-09T23:36:57+09:00,2026/09/10,2026/12/10,2026-12,CALL,34000,31025,280,,,,,,,,,,,,
2026/09/09 23:22,2026-09-09T23:36:57+09:00,2026/09/10,2026/12/10,2026-12,PUT,34000,47,2820,,,37.99,,,1,10,,,,,
2026/09/09 23:22,2026-09-09T23:36:57+09:00,2026/09/10,2026/12/10,2026-12,CALL,33750,31270,,,,,,,,,,,,,
2026/09/09 23:22,2026-09-09T23:36:57+09:00,2026/09/10,2026/12/10,2026-12,PUT,33750,45,,,,,,,,,,,,,
2026/09/09 23:22,2026-09-09T23:36:57+09:00,2026/09/10,2026/12/10,2026-12,CALL,33500,31520,,,,,,,,,,,,,
2026/09/09 23:22,2026-09-09T23:36:57+09:00,2026/09/10,2026/12/10,2026-12,PUT,33500,44,72,,,,,,,,,,,,
2026/09/09 23:22,2026-09-09T23:36:57+09:00,2026/09/10,2026/12/10,2026-12,CALL,33250,31765,,,,,,,,,,,,,
2026/09/09 23:22,2026-09-09T23:36:57+09:00,2026/09/10,2026/12/10,2026-12,PUT,33250,42,37,,,,,,,,,,,,
2026/09/09 23:22,2026-09-09T23:36:57+09:00,2026/09/10,2026/12/10,2026-12,CALL,33000,32015,1950,,,,,,,,,,,,
2026/09/09 23:22,2026-09-09T23:36:57+09:00,2026/09/10,2026/12/10,2026-12,PUT,33000,41,3362,,,50.23,,,15,1,,,,,
2026/09/09 23:22,2026-09-09T23:36:57+09:00,2026/09/10,2026/12/10,2026-12,CALL,32750,32260,,,,,,,,,,,,,
2026/09/09 23:22,2026-09-09T23:36:57+09:00,2026/09/10,2026/12/10,2026-12,PUT,32750,40,,,,,,,,,,,,,
2026/09/09 23:22,2026-09-09T23:36:57+09:00,2026/09/10,2026/12/10,2026-12,CALL,32500,32510,250,,,,,,,,,,,,
2026/09/09 23:22,2026-09-09T23:36:57+09:00,2026/09/10,2026/12/10,2026-12,PUT,32500,38,900,,,,,,,,,,,,
2026/09/09 23:22,2026-09-09T23:36:57+09:00,2026/09/10,2026/12/10,2026-12,CALL,32250,32755,,,,,,,,,,,,,
2026/09/09 23:22,2026-09-09T23:36:57+09:00,2026/09/10,2026/12/10,2026-12,PUT,32250,37,600,,,,,,,,,,,,
2026/09/09 23:22,2026-09-09T23:36:57+09:00,2026/09/10,2026/12/10,2026-12,CALL,32000,33005,700,,,,,,,,,,,,
2026/09/09 23:22,2026-09-09T23:36:57+09:00,2026/09/10,2026/12/10,2026-12,PUT,32000,35,4655,,,41.41,,,1,10,,,,,
2026/09/09 23:22,2026-09-09T23:36:57+09:00,2026/09/10,2026/12/10,2026-12,CALL,31750,33250,,,,,,,,,,,,,
2026/09/09 23:22,2026-09-09T23:36:57+09:00,2026/09/10,2026/12/10,2026-12,PUT,31750,34,,,,,,,,,,,,,
2026/09/09 23:22,2026-09-09T23:36:57+09:00,2026/09/10,2026/12/10,2026-12,CALL,31500,33500,50,,,,,,,,,,,,
2026/09/09 23:22,2026-09-09T23:36:57+09:00,2026/09/10,2026/12/10,2026-12,PUT,31500,33,350,,,,,,,,,,,,
2026/09/09 23:22,2026-09-09T23:36:57+09:00,2026/09/10,2026/12/10,2026-12,CALL,31250,33745,,,,,,,,,,,,,
2026/09/09 23:22,2026-09-09T23:36:57+09:00,2026/09/10,2026/12/10,2026-12,PUT,31250,32,,,,,,,,,,,,,
2026/09/09 23:22,2026-09-09T23:36:57+09:00,2026/09/10,2026/12/10,2026-12,CALL,31000,33995,241,,,,,,,,,,,,
2026/09/09 23:22,2026-09-09T23:36:57+09:00,2026/09/10,2026/12/10,2026-12,PUT,31000,31,2037,,,43.2,,,1,10,,,,,
2026/09/09 23:22,2026-09-09T23:36:57+09:00,2026/09/10,2026/12/10,2026-12,CALL,30750,34240,,,,,,,,,,,,,
2026/09/09 23:22,2026-09-09T23:36:57+09:00,2026/09/10,2026/12/10,2026-12,PUT,30750,29,,,,,,,,,,,,,
2026/09/09 23:22,2026-09-09T23:36:57+09:00,2026/09/10,2026/12/10,2026-12,CALL,30500,34490,50,,,,,,,,,,,,
2026/09/09 23:22,2026-09-09T23:36:57+09:00,2026/09/10,2026/12/10,2026-12,PUT,30500,28,51,,79.98,,220,1,,,,,,,
2026/09/09 23:22,2026-09-09T23:36:57+09:00,2026/09/10,2026/12/10,2026-12,CALL,30250,34740,,,,,,,,,,,,,
2026/09/09 23:22,2026-09-09T23:36:57+09:00,2026/09/10,2026/12/10,2026-12,PUT,30250,27,,,,,,,,,,,,,
2026/09/09 23:22,2026-09-09T23:36:57+09:00,2026/09/10,2026/12/10,2026-12,CALL,30000,34985,2303,,,,,,,,,,,,
2026/09/09 23:22,2026-09-09T23:36:57+09:00,2026/09/10,2026/12/10,2026-12,PUT,30000,31,7703,,65.37,61.41,50,3,30,1,,,,,
2026/09/09 23:22,2026-09-09T23:36:57+09:00,2026/09/10,2026/12/10,2026-12,CALL,29750,35235,,,,,,,,,,,,,
2026/09/09 23:22,2026-09-09T23:36:57+09:00,2026/09/10,2026/12/10,2026-12,PUT,29750,25,,,,,,,,,,,,,
2026/09/09 23:22,2026-09-09T23:36:57+09:00,2026/09/10,2026/12/10,2026-12,CALL,29500,35480,,,,,,,,,,,,,
2026/09/09 23:22,2026-09-09T23:36:57+09:00,2026/09/10,2026/12/10,2026-12,PUT,29500,24,,,,,,,,,,,,,
2026/09/09 23:22,2026-09-09T23:36:57+09:00,2026/09/10,2026/12/10,2026-12,CALL,29250,35730,,,,,,,,,,,,,
2026/09/09 23:22,2026-09-09T23:36:57+09:00,2026/09/10,2026/12/10,2026-12,PUT,29250,23,,,,,,,,,,,,,
2026/09/09 23:22,2026-09-09T23:36:57+09:00,2026/09/10,2026/12/10,2026-12,CALL,29000,35975,150,,,,,,,,,,,,
2026/09/09 23:22,2026-09-09T23:36:57+09:00,2026/09/10,2026/12/10,2026-12,PUT,29000,22,1450,,,53.35,,,5,1,,,,,
2026/09/09 23:22,2026-09-09T23:36:57+09:00,2026/09/10,2026/12/10,2026-12,CALL,28750,36225,,,,,,,,,,,,,
2026/09/09 23:22,2026-09-09T23:36:57+09:00,2026/09/10,2026/12/10,2026-12,PUT,28750,21,,,,,,,,,,,,,
2026/09/09 23:22,2026-09-09T23:36:57+09:00,2026/09/10,2026/12/10,2026-12,CALL,28500,36475,125,,,,,,,,,,,,
2026/09/09 23:22,2026-09-09T23:36:57+09:00,2026/09/10,2026/12/10,2026-12,PUT,28500,21,400,,,,,,,,,,,,
2026/09/09 23:22,2026-09-09T23:36:57+09:00,2026/09/10,2026/12/10,2026-12,CALL,28250,36720,,,,,,,,,,,,,
2026/09/09 23:22,2026-09-09T23:36:57+09:00,2026/09/10,2026/12/10,2026-12,PUT,28250,20,,,,,,,,,,,,,
2026/09/09 23:22,2026-09-09T23:36:57+09:00,2026/09/10,2026/12/10,2026-12,CALL,28000,36970,75,,,,,,,,,,,,
2026/09/09 23:22,2026-09-09T23:36:57+09:00,2026/09/10,2026/12/10,2026-12,PUT,28000,19,1331,,,60.32,,,12,1,,,,,
2026/09/09 23:22,2026-09-09T23:36:57+09:00,2026/09/10,2026/12/10,2026-12,CALL,27750,37220,,,,,,,,,,,,,
2026/09/09 23:22,2026-09-09T23:36:57+09:00,2026/09/10,2026/12/10,2026-12,PUT,27750,18,72,,,,,,,,,,,,
2026/09/09 23:22,2026-09-09T23:36:57+09:00,2026/09/10,2026/12/10,2026-12,CALL,27500,37465,,,,,,,,,,,,,
2026/09/09 23:22,2026-09-09T23:36:57+09:00,2026/09/10,2026/12/10,2026-12,PUT,27500,17,25,,,,,,,,,,,,
2026/09/09 23:22,2026-09-09T23:36:57+09:00,2026/09/10,2026/12/10,2026-12,CALL,27250,37715,,,,,,,,,,,,,
2026/09/09 23:22,2026-09-09T23:36:57+09:00,2026/09/10,2026/12/10,2026-12,PUT,27250,16,,,,,,,,,,,,,
2026/09/09 23:22,2026-09-09T23:36:57+09:00,2026/09/10,2026/12/10,2026-12,CALL,27000,37960,250,,,,,,,,,,,,
2026/09/09 23:22,2026-09-09T23:36:57+09:00,2026/09/10,2026/12/10,2026-12,PUT,27000,15,2630,,,56.78,,,4,5,,,,,
2026/09/09 23:22,2026-09-09T23:36:57+09:00,2026/09/10,2026/12/10,2026-12,CALL,26750,38210,,,,,,,,,,,,,
2026/09/09 23:22,2026-09-09T23:36:57+09:00,2026/09/10,2026/12/10,2026-12,PUT,26750,14,,,,,,,,,,,,,
2026/09/09 23:22,2026-09-09T23:36:57+09:00,2026/09/10,2026/12/10,2026-12,CALL,26500,38460,,,,,,,,,,,,,
2026/09/09 23:22,2026-09-09T23:36:57+09:00,2026/09/10,2026/12/10,2026-12,PUT,26500,14,1,,,62.95,,,10,3,,,,,
2026/09/09 23:22,2026-09-09T23:36:57+09:00,2026/09/10,2026/12/10,2026-12,CALL,26250,38705,,,,,,,,,,,,,
2026/09/09 23:22,2026-09-09T23:36:57+09:00,2026/09/10,2026/12/10,2026-12,PUT,26250,13,,,,,,,,,,,,,
2026/09/09 23:22,2026-09-09T23:36:57+09:00,2026/09/10,2026/12/10,2026-12,CALL,26000,38955,350,,,,,,,,,,,,
2026/09/09 23:22,2026-09-09T23:36:57+09:00,2026/09/10,2026/12/10,2026-12,PUT,26000,12,1425,,76.67,53.12,50,1,1,10,,,,,
2026/09/09 23:22,2026-09-09T23:36:57+09:00,2026/09/10,2026/12/10,2026-12,CALL,25750,39205,,,,,,,,,,,,,
2026/09/09 23:22,2026-09-09T23:36:57+09:00,2026/09/10,2026/12/10,2026-12,PUT,25750,12,,,,,,,,,,,,,
2026/09/09 23:22,2026-09-09T23:36:57+09:00,2026/09/10,2026/12/10,2026-12,CALL,25500,39450,,,,,,,,,,,,,
2026/09/09 23:22,2026-09-09T23:36:57+09:00,2026/09/10,2026/12/10,2026-12,PUT,25500,11,2,,,,,,,,,,,,
2026/09/09 23:22,2026-09-09T23:36:57+09:00,2026/09/10,2026/12/10,2026-12,CALL,25250,39700,,,,,,,,,,,,,
2026/09/09 23:22,2026-09-09T23:36:57+09:00,2026/09/10,2026/12/10,2026-12,PUT,25250,10,1,,,,,,,,,,,,
2026/09/09 23:22,2026-09-09T23:36:57+09:00,2026/09/10,2026/12/10,2026-12,CALL,25000,39950,300,,,,,,,,,,,,
2026/09/09 23:22,2026-09-09T23:36:57+09:00,2026/09/10,2026/12/10,2026-12,PUT,25000,10,2014,,75.03,63.78,30,1,6,8,,,,,
2026/09/09 23:22,2026-09-09T23:36:57+09:00,2026/09/10,2026/12/10,2026-12,CALL,24750,40195,,,,,,,,,,,,,
2026/09/09 23:22,2026-09-09T23:36:57+09:00,2026/09/10,2026/12/10,2026-12,PUT,24750,12,1,,,,,,,,,,,,
2026/09/09 23:22,2026-09-09T23:36:57+09:00,2026/09/10,2026/12/10,2026-12,CALL,24500,40445,,,,,,,,,,,,,
2026/09/09 23:22,2026-09-09T23:36:57+09:00,2026/09/10,2026/12/10,2026-12,PUT,24500,11,250,,,,,,,,,,,,
2026/09/09 23:22,2026-09-09T23:36:57+09:00,2026/09/10,2026/12/10,2026-12,CALL,24250,40695,,,,,,,,,,,,,
2026/09/09 23:22,2026-09-09T23:36:57+09:00,2026/09/10,2026/12/10,2026-12,PUT,24250,11,,,,,,,,,,,,,
2026/09/09 23:22,2026-09-09T23:36:57+09:00,2026/09/10,2026/12/10,2026-12,CALL,24000,40945,,,,,,,,,,,,,
2026/09/09 23:22,2026-09-09T23:36:57+09:00,2026/09/10,2026/12/10,2026-12,PUT,24000,10,405,,80.76,,40,1,,,,,,,
2026/09/09 23:22,2026-09-09T23:36:57+09:00,2026/09/10,2026/12/10,2026-12,CALL,23750,41190,,,,,,,,,,,,,
2026/09/09 23:22,2026-09-09T23:36:57+09:00,2026/09/10,2026/12/10,2026-12,PUT,23750,9,,,,,,,,,,,,,
2026/09/09 23:22,2026-09-09T23:36:57+09:00,2026/09/10,2026/12/10,2026-12,CALL,23500,41440,,,,,,,,,,,,,
2026/09/09 23:22,2026-09-09T23:36:57+09:00,2026/09/10,2026/12/10,2026-12,PUT,23500,8,127,,,,,,,,,,,,
2026/09/09 23:22,2026-09-09T23:36:57+09:00,2026/09/10,2026/12/10,2026-12,CALL,23250,41690,,,,,,,,,,,,,
2026/09/09 23:22,2026-09-09T23:36:57+09:00,2026/09/10,2026/12/10,2026-12,PUT,23250,8,,,,69.4,,,7,1,,,,,
2026/09/09 23:22,2026-09-09T23:36:57+09:00,2026/09/10,2026/12/10,2026-12,CALL,23000,41935,,,,,,,,,,,,,
2026/09/09 23:22,2026-09-09T23:36:57+09:00,2026/09/10,2026/12/10,2026-12,PUT,23000,7,2106,,,63.16,,,2,1,,,,,
2026/09/09 23:22,2026-09-09T23:36:57+09:00,2026/09/10,2026/12/10,2026-12,CALL,22750,42185,,,,,,,,,,,,,
2026/09/09 23:22,2026-09-09T23:36:57+09:00,2026/09/10,2026/12/10,2026-12,PUT,22750,6,,,,,,,,,,,,,
2026/09/09 23:22,2026-09-09T23:36:57+09:00,2026/09/10,2026/12/10,2026-12,CALL,22500,42435,,,,,,,,,,,,,
2026/09/09 23:22,2026-09-09T23:36:57+09:00,2026/09/10,2026/12/10,2026-12,PUT,22500,6,150,,,,,,,,,,,,
2026/09/09 23:22,2026-09-09T23:36:57+09:00,2026/09/10,2026/12/10,2026-12,CALL,22250,42685,,,,,,,,,,,,,
2026/09/09 23:22,2026-09-09T23:36:57+09:00,2026/09/10,2026/12/10,2026-12,PUT,22250,5,,,,,,,,,,,,,
2026/09/09 23:22,2026-09-09T23:36:57+09:00,2026/09/10,2026/12/10,2026-12,CALL,22000,42930,100,,,,,,,,,,,,
2026/09/09 23:22,2026-09-09T23:36:57+09:00,2026/09/10,2026/12/10,2026-12,PUT,22000,4,1716,,98.57,62.53,100,1,1,2,,,,,
2026/09/09 23:22,2026-09-09T23:36:57+09:00,2026/09/10,2026/12/10,2026-12,CALL,21750,43180,,,,,,,,,,,,,
2026/09/09 23:22,2026-09-09T23:36:57+09:00,2026/09/10,2026/12/10,2026-12,PUT,21750,4,,,,,,,,,,,,,
2026/09/09 23:22,2026-09-09T23:36:57+09:00,2026/09/10,2026/12/10,2026-12,CALL,21500,43430,,,,,,,,,,,,,
2026/09/09 23:22,2026-09-09T23:36:57+09:00,2026/09/10,2026/12/10,2026-12,PUT,21500,4,500,,,,,,,,,,,,
2026/09/09 23:22,2026-09-09T23:36:57+09:00,2026/09/10,2026/12/10,2026-12,CALL,21250,43680,,,,,,,,,,,,,
2026/09/09 23:22,2026-09-09T23:36:57+09:00,2026/09/10,2026/12/10,2026-12,PUT,21250,4,,,,,,,,,,,,,
2026/09/09 23:22,2026-09-09T23:36:57+09:00,2026/09/10,2026/12/10,2026-12,CALL,21000,43925,,,,,,,,,,,,,
2026/09/09 23:22,2026-09-09T23:36:57+09:00,2026/09/10,2026/12/10,2026-12,PUT,21000,3,350,,,,,,,,,,,,
2026/09/09 23:22,2026-09-09T23:36:57+09:00,2026/09/10,2026/12/10,2026-12,CALL,20750,44175,,,,,,,,,,,,,
2026/09/09 23:22,2026-09-09T23:36:57+09:00,2026/09/10,2026/12/10,2026-12,PUT,20750,2,,,,,,,,,,,,,
2026/09/09 23:22,2026-09-09T23:36:57+09:00,2026/09/10,2026/12/10,2026-12,CALL,20500,44420,,,,,,,,,,,,,
2026/09/09 23:22,2026-09-09T23:36:57+09:00,2026/09/10,2026/12/10,2026-12,PUT,20500,1,,,,,,,,,,,,,
2026/09/09 23:22,2026-09-09T23:36:57+09:00,2026/09/10,2026/12/10,2026-12,CALL,20250,44670,,,,,,,,,,,,,
2026/09/09 23:22,2026-09-09T23:36:57+09:00,2026/09/10,2026/12/10,2026-12,PUT,20250,1,3,,,,,,,,,,,,
2026/09/09 23:22,2026-09-09T23:36:57+09:00,2026/09/10,2026/12/10,2026-12,CALL,20000,44920,150,,,,,,,,,,,,
2026/09/09 23:22,2026-09-09T23:36:57+09:00,2026/09/10,2026/12/10,2026-12,PUT,20000,9,2419,2,86.81,80.2,18,1,8,1,81.06,-5,-35.71,9,09/09 21:56
2026/09/09 23:22,2026-09-09T23:36:57+09:00,2026/09/10,2026/12/10,2026-12,CALL,19750,45170,,,,,,,,,,,,,
2026/09/09 23:22,2026-09-09T23:36:57+09:00,2026/09/10,2026/12/10,2026-12,PUT,19750,1,,,,,,,,,,,,,
2026/09/09 23:22,2026-09-09T23:36:57+09:00,2026/09/10,2026/12/10,2026-12,CALL,19500,45420,,,,,,,,,,,,,
2026/09/09 23:22,2026-09-09T23:36:57+09:00,2026/09/10,2026/12/10,2026-12,PUT,19500,1,,,,,,,,,,,,,
2026/09/09 23:22,2026-09-09T23:36:57+09:00,2026/09/10,2026/12/10,2026-12,CALL,19250,45665,,,,,,,,,,,,,
2026/09/09 23:22,2026-09-09T23:36:57+09:00,2026/09/10,2026/12/10,2026-12,PUT,19250,1,,,,,,,,,,,,,
2026/09/09 23:22,2026-09-09T23:36:57+09:00,2026/09/10,2026/12/10,2026-12,CALL,19000,45915,,,,,,,,,,,,,
2026/09/09 23:22,2026-09-09T23:36:57+09:00,2026/09/10,2026/12/10,2026-12,PUT,19000,1,650,,,70.81,,,1,1,,,,,
2026/09/09 23:22,2026-09-09T23:36:57+09:00,2026/09/10,2026/12/10,2026-12,CALL,18750,46165,,,,,,,,,,,,,
2026/09/09 23:22,2026-09-09T23:36:57+09:00,2026/09/10,2026/12/10,2026-12,PUT,18750,1,,,,,,,,,,,,,
2026/09/09 23:22,2026-09-09T23:36:57+09:00,2026/09/10,2026/12/10,2026-12,CALL,18500,46415,,,,,,,,,,,,,
2026/09/09 23:22,2026-09-09T23:36:57+09:00,2026/09/10,2026/12/10,2026-12,PUT,18500,1,,,,,,,,,,,,,
2026/09/09 23:22,2026-09-09T23:36:57+09:00,2026/09/10,2026/12/10,2026-12,CALL,18250,46665,,,,,,,,,,,,,
2026/09/09 23:22,2026-09-09T23:36:57+09:00,2026/09/10,2026/12/10,2026-12,PUT,18250,1,,,,,,,,,,,,,
2026/09/09 23:22,2026-09-09T23:36:57+09:00,2026/09/10,2026/12/10,2026-12,CALL,18000,46910,,,,,,,,,,,,,
2026/09/09 23:22,2026-09-09T23:36:57+09:00,2026/09/10,2026/12/10,2026-12,PUT,18000,2,153,,,77.69,,,2,1,,,,,
2026/09/09 23:22,2026-09-09T23:36:57+09:00,2026/09/10,2026/12/10,2026-12,CALL,17750,47160,,,,,,,,,,,,,
2026/09/09 23:22,2026-09-09T23:36:57+09:00,2026/09/10,2026/12/10,2026-12,PUT,17750,1,,,,,,,,,,,,,
2026/09/09 23:22,2026-09-09T23:36:57+09:00,2026/09/10,2026/12/10,2026-12,CALL,17500,47410,,,,,,,,,,,,,
2026/09/09 23:22,2026-09-09T23:36:57+09:00,2026/09/10,2026/12/10,2026-12,PUT,17500,1,,,,,,,,,,,,,
2026/09/09 23:22,2026-09-09T23:36:57+09:00,2026/09/10,2026/12/10,2026-12,CALL,17250,47660,,,,,,,,,,,,,
2026/09/09 23:22,2026-09-09T23:36:57+09:00,2026/09/10,2026/12/10,2026-12,PUT,17250,1,,,,,,,,,,,,,
2026/09/09 23:22,2026-09-09T23:36:57+09:00,2026/09/10,2026/12/10,2026-12,CALL,17000,47910,,,,,,,,,,,,,
2026/09/09 23:22,2026-09-09T23:36:57+09:00,2026/09/10,2026/12/10,2026-12,PUT,17000,1,3,,,,,,,,,,,,
2026/09/09 23:22,2026-09-09T23:36:57+09:00,2026/09/10,2026/12/10,2026-12,CALL,16750,48155,,,,,,,,,,,,,
2026/09/09 23:22,2026-09-09T23:36:57+09:00,2026/09/10,2026/12/10,2026-12,PUT,16750,1,,,,,,,,,,,,,
2026/09/09 23:22,2026-09-09T23:36:57+09:00,2026/09/10,2026/12/10,2026-12,CALL,16500,48405,,,,,,,,,,,,,
2026/09/09 23:22,2026-09-09T23:36:57+09:00,2026/09/10,2026/12/10,2026-12,PUT,16500,1,1,,,,,,,,,,,,
2026/09/09 23:22,2026-09-09T23:36:57+09:00,2026/09/10,2026/12/10,2026-12,CALL,16250,48655,,,,,,,,,,,,,
2026/09/09 23:22,2026-09-09T23:36:57+09:00,2026/09/10,2026/12/10,2026-12,PUT,16250,1,,,,,,,,,,,,,
2026/09/09 23:22,2026-09-09T23:36:57+09:00,2026/09/10,2026/12/10,2026-12,CALL,16000,48905,,,,,,,,,,,,,
2026/09/09 23:22,2026-09-09T23:36:57+09:00,2026/09/10,2026/12/10,2026-12,PUT,16000,1,3,,,80.55,,,1,1,,,,,
2026/09/09 23:22,2026-09-09T23:36:57+09:00,2026/09/10,2026/12/10,2026-12,CALL,15750,49150,,,,,,,,,,,,,
2026/09/09 23:22,2026-09-09T23:36:57+09:00,2026/09/10,2026/12/10,2026-12,PUT,15750,1,,,,,,,,,,,,,
2026/09/09 23:22,2026-09-09T23:36:57+09:00,2026/09/10,2026/12/10,2026-12,CALL,15500,49400,,,,,,,,,,,,,
2026/09/09 23:22,2026-09-09T23:36:57+09:00,2026/09/10,2026/12/10,2026-12,PUT,15500,1,,,,,,,,,,,,,
2026/09/09 23:22,2026-09-09T23:36:57+09:00,2026/09/10,2026/12/10,2026-12,CALL,15250,49650,,,,,,,,,,,,,
2026/09/09 23:22,2026-09-09T23:36:57+09:00,2026/09/10,2026/12/10,2026-12,PUT,15250,1,,,,,,,,,,,,,
2026/09/09 23:22,2026-09-09T23:36:57+09:00,2026/09/10,2026/12/10,2026-12,CALL,15000,49900,,,,,,,,,,,,,
2026/09/09 23:22,2026-09-09T23:36:57+09:00,2026/09/10,2026/12/10,2026-12,PUT,15000,2,4,,,88.55,,,2,1,,,,,
2026/09/09 23:22,2026-09-09T23:36:57+09:00,2026/09/10,2026/12/10,2026-12,CALL,14750,50150,,,,,,,,,,,,,
2026/09/09 23:22,2026-09-09T23:36:57+09:00,2026/09/10,2026/12/10,2026-12,PUT,14750,1,1,,,,,,,,,,,,
2026/09/09 23:22,2026-09-09T23:36:57+09:00,2026/09/10,2026/12/10,2026-12,CALL,14500,50395,,,,,,,,,,,,,
2026/09/09 23:22,2026-09-09T23:36:57+09:00,2026/09/10,2026/12/10,2026-12,PUT,14500,1,1,,,,,,,,,,,,
2026/09/09 23:22,2026-09-09T23:36:57+09:00,2026/09/10,2026/12/10,2026-12,CALL,14250,50645,,,,,,,,,,,,,
2026/09/09 23:22,2026-09-09T23:36:57+09:00,2026/09/10,2026/12/10,2026-12,PUT,14250,1,,,,,,,,,,,,,
2026/09/09 23:22,2026-09-09T23:36:57+09:00,2026/09/10,2026/12/10,2026-12,CALL,14000,50895,,,,,,,,,,,,,
2026/09/09 23:22,2026-09-09T23:36:57+09:00,2026/09/10,2026/12/10,2026-12,PUT,14000,2,11,,,92.67,,,2,1,,,,,
2026/09/09 23:22,2026-09-09T23:36:57+09:00,2026/09/10,2026/12/10,2026-12,CALL,13750,51145,,,,,,,,,,,,,
2026/09/09 23:22,2026-09-09T23:36:57+09:00,2026/09/10,2026/12/10,2026-12,PUT,13750,1,,,,,,,,,,,,,
2026/09/09 23:22,2026-09-09T23:36:57+09:00,2026/09/10,2026/12/10,2026-12,CALL,13500,51395,,,,,,,,,,,,,
2026/09/09 23:22,2026-09-09T23:36:57+09:00,2026/09/10,2026/12/10,2026-12,PUT,13500,1,100,,,90.21,,,1,100,,,,,
2026/09/09 23:22,2026-09-09T23:36:57+09:00,2026/09/10,2026/12/10,2026-12,CALL,13250,51640,,,,,,,,,,,,,
2026/09/09 23:22,2026-09-09T23:36:57+09:00,2026/09/10,2026/12/10,2026-12,PUT,13250,1,,,,,,,,,,,,,
2026/09/09 23:22,2026-09-09T23:36:57+09:00,2026/09/10,2026/12/10,2026-12,CALL,13000,51890,,,,,,,,,,,,,
2026/09/09 23:22,2026-09-09T23:36:57+09:00,2026/09/10,2026/12/10,2026-12,PUT,13000,3,5,,,100.21,,,3,4,,,,,
2026/09/09 23:22,2026-09-09T23:36:57+09:00,2026/09/10,2026/12/10,2026-12,CALL,12750,52140,,,,,,,,,,,,,
2026/09/09 23:22,2026-09-09T23:36:57+09:00,2026/09/10,2026/12/10,2026-12,PUT,12750,1,,,,93.47,,,1,1,,,,,
2026/09/09 23:22,2026-09-09T23:36:57+09:00,2026/09/10,2026/12/10,2026-12,CALL,12500,52390,84,,,,,,,,,,,,
2026/09/09 23:22,2026-09-09T23:36:57+09:00,2026/09/10,2026/12/10,2026-12,PUT,12500,3,850,2,107.04,102.64,5,3,3,5,105.18,-1,-20,4,09/09 19:20
