qri_update_time,collected_at,trading_day,last_trading_day,contract,option_type,strike,settlement,open_interest,volume,ask_iv,bid_iv,ask_price,ask_quantity,bid_price,bid_quantity,iv,change,change_percent,last_price,trade_time
2026/09/24 20:42,2026-09-24T20:57:07+09:00,2026/09/25,2026/10/08,2026-10,CALL,79000,2,,11,32.2,30.38,2,35,1,4,30.46,-1,-50,1,09/24 17:58
2026/09/24 20:42,2026-09-24T20:57:07+09:00,2026/09/25,2026/10/08,2026-10,PUT,79000,13655,,,,,,,,,,,,,
2026/09/24 20:42,2026-09-24T20:57:07+09:00,2026/09/25,2026/10/08,2026-10,CALL,78500,2,,,31.24,29.47,2,10,1,27,,,,,
2026/09/24 20:42,2026-09-24T20:57:07+09:00,2026/09/25,2026/10/08,2026-10,PUT,78500,13155,,,,,,,,,,,,,
2026/09/24 20:42,2026-09-24T20:57:07+09:00,2026/09/25,2026/10/08,2026-10,CALL,78000,2,,1,30.28,28.56,2,25,1,42,28.56,-1,-50,1,09/24 18:02
2026/09/24 20:42,2026-09-24T20:57:07+09:00,2026/09/25,2026/10/08,2026-10,PUT,78000,12655,,,,,,,,,,,,,
2026/09/24 20:42,2026-09-24T20:57:07+09:00,2026/09/25,2026/10/08,2026-10,CALL,77500,2,,,29.31,27.63,2,8,1,5,,,,,
2026/09/24 20:42,2026-09-24T20:57:07+09:00,2026/09/25,2026/10/08,2026-10,PUT,77500,12155,,,,,,,,,,,,,
2026/09/24 20:42,2026-09-24T20:57:07+09:00,2026/09/25,2026/10/08,2026-10,CALL,77000,3,,,29.4,28.32,3,27,2,9,,,,,
2026/09/24 20:42,2026-09-24T20:57:07+09:00,2026/09/25,2026/10/08,2026-10,PUT,77000,11655,,,,,,,,,,,,,
2026/09/24 20:42,2026-09-24T20:57:07+09:00,2026/09/25,2026/10/08,2026-10,CALL,76500,3,,,28.38,27.33,3,8,2,5,,,,,
2026/09/24 20:42,2026-09-24T20:57:07+09:00,2026/09/25,2026/10/08,2026-10,PUT,76500,11155,,,,,,,,,,,,,
2026/09/24 20:42,2026-09-24T20:57:07+09:00,2026/09/25,2026/10/08,2026-10,CALL,76250,3,,,28.66,25.27,4,5,1,126,,,,,
2026/09/24 20:42,2026-09-24T20:57:07+09:00,2026/09/25,2026/10/08,2026-10,PUT,76250,10905,,,,,,,,,,,,,
2026/09/24 20:42,2026-09-24T20:57:07+09:00,2026/09/25,2026/10/08,2026-10,CALL,76000,3,,3,28.13,27.34,4,29,3,6,27.52,0,0,3,09/24 18:48
2026/09/24 20:42,2026-09-24T20:57:07+09:00,2026/09/25,2026/10/08,2026-10,PUT,76000,10655,,,,,,,,,,,,,
2026/09/24 20:42,2026-09-24T20:57:07+09:00,2026/09/25,2026/10/08,2026-10,CALL,75750,4,,,28.24,26.82,5,31,3,15,,,,,
2026/09/24 20:42,2026-09-24T20:57:07+09:00,2026/09/25,2026/10/08,2026-10,PUT,75750,10405,,,,,,,,,,,,,
2026/09/24 20:42,2026-09-24T20:57:07+09:00,2026/09/25,2026/10/08,2026-10,CALL,75500,4,,,27.69,26.3,5,23,3,15,,,,,
2026/09/24 20:42,2026-09-24T20:57:07+09:00,2026/09/25,2026/10/08,2026-10,PUT,75500,10155,,,,,,,,,,,,,
2026/09/24 20:42,2026-09-24T20:57:07+09:00,2026/09/25,2026/10/08,2026-10,CALL,75250,5,,1,27.67,25.77,6,31,3,20,26.66,-3,-42.86,4,09/24 17:27
2026/09/24 20:42,2026-09-24T20:57:07+09:00,2026/09/25,2026/10/08,2026-10,PUT,75250,9905,,,,,,,,,,,,,
2026/09/24 20:42,2026-09-24T20:57:07+09:00,2026/09/25,2026/10/08,2026-10,CALL,75000,6,,28,27.11,26.59,6,27,5,1,26.48,0,0,5,09/24 20:14
2026/09/24 20:42,2026-09-24T20:57:07+09:00,2026/09/25,2026/10/08,2026-10,PUT,75000,9660,,,,,,,,,,,,,
2026/09/24 20:42,2026-09-24T20:57:07+09:00,2026/09/25,2026/10/08,2026-10,CALL,74750,6,,,27.01,26.03,7,15,5,16,,,,,
2026/09/24 20:42,2026-09-24T20:57:07+09:00,2026/09/25,2026/10/08,2026-10,PUT,74750,9410,,,,,,,,,,,,,
2026/09/24 20:42,2026-09-24T20:57:07+09:00,2026/09/25,2026/10/08,2026-10,CALL,74500,7,,2,26.84,25.47,8,16,5,23,25.99,-2,-25,6,09/24 18:58
2026/09/24 20:42,2026-09-24T20:57:07+09:00,2026/09/25,2026/10/08,2026-10,PUT,74500,9160,,,,,,,,,,,,,
2026/09/24 20:42,2026-09-24T20:57:07+09:00,2026/09/25,2026/10/08,2026-10,CALL,74250,9,,,26.61,25.41,9,20,6,20,,,,,
2026/09/24 20:42,2026-09-24T20:57:07+09:00,2026/09/25,2026/10/08,2026-10,PUT,74250,8910,,,,,,,,,,,,,
2026/09/24 20:42,2026-09-24T20:57:07+09:00,2026/09/25,2026/10/08,2026-10,CALL,74000,9,,44,26.02,25.66,9,1,8,17,25.73,-2,-20,8,09/24 20:12
2026/09/24 20:42,2026-09-24T20:57:07+09:00,2026/09/25,2026/10/08,2026-10,PUT,74000,8665,,,,,,,,,,,,,
2026/09/24 20:42,2026-09-24T20:57:07+09:00,2026/09/25,2026/10/08,2026-10,CALL,73750,11,,,26.33,25.07,12,31,8,20,,,,,
2026/09/24 20:42,2026-09-24T20:57:07+09:00,2026/09/25,2026/10/08,2026-10,PUT,73750,8415,,,,,,,,,,,,,
2026/09/24 20:42,2026-09-24T20:57:07+09:00,2026/09/25,2026/10/08,2026-10,CALL,73500,13,,1,26.23,24.81,14,11,9,11,25.83,-3,-20,12,09/24 19:20
2026/09/24 20:42,2026-09-24T20:57:07+09:00,2026/09/25,2026/10/08,2026-10,PUT,73500,8165,,,,,,,,,,,,,
2026/09/24 20:42,2026-09-24T20:57:07+09:00,2026/09/25,2026/10/08,2026-10,CALL,73250,16,,1,26.05,25.09,16,8,12,5,25.32,-5,-27.78,13,09/24 20:09
2026/09/24 20:42,2026-09-24T20:57:07+09:00,2026/09/25,2026/10/08,2026-10,PUT,73250,7920,,,,,,,,,,,,,
2026/09/24 20:42,2026-09-24T20:57:07+09:00,2026/09/25,2026/10/08,2026-10,CALL,73000,17,,28,25.61,25.18,17,16,15,4,25.28,-2,-11.11,16,09/24 20:14
2026/09/24 20:42,2026-09-24T20:57:07+09:00,2026/09/25,2026/10/08,2026-10,PUT,73000,7670,,,,,,,,,,,,,
2026/09/24 20:42,2026-09-24T20:57:07+09:00,2026/09/25,2026/10/08,2026-10,CALL,72750,21,,,25.88,23.56,22,22,11,8,,,,,
2026/09/24 20:42,2026-09-24T20:57:07+09:00,2026/09/25,2026/10/08,2026-10,PUT,72750,7425,,,,,,,,,,,,,
2026/09/24 20:42,2026-09-24T20:57:07+09:00,2026/09/25,2026/10/08,2026-10,CALL,72500,23,,7,25.53,24.68,24,32,19,8,25.4,-2,-8.7,21,09/24 18:41
2026/09/24 20:42,2026-09-24T20:57:07+09:00,2026/09/25,2026/10/08,2026-10,PUT,72500,7180,,,,,,,,,,,,,
2026/09/24 20:42,2026-09-24T20:57:07+09:00,2026/09/25,2026/10/08,2026-10,CALL,72250,28,,1,25.56,24,29,8,19,8,24.94,-6,-19.35,25,09/24 17:16
2026/09/24 20:42,2026-09-24T20:57:07+09:00,2026/09/25,2026/10/08,2026-10,PUT,72250,6930,,,40.22,,7425,3,6715,3,,,,,
2026/09/24 20:42,2026-09-24T20:57:07+09:00,2026/09/25,2026/10/08,2026-10,CALL,72125,31,,1,25.47,21.11,31,7,8,16,24.42,-15,-34.09,29,09/24 17:02
2026/09/24 20:42,2026-09-24T20:57:07+09:00,2026/09/25,2026/10/08,2026-10,PUT,72125,6810,,,36.69,,7230,1,6595,3,,,,,
2026/09/24 20:42,2026-09-24T20:57:07+09:00,2026/09/25,2026/10/08,2026-10,CALL,72000,33,,223,24.98,24.85,30,72,29,20,24.89,-3,-9.09,30,09/24 19:40
2026/09/24 20:42,2026-09-24T20:57:07+09:00,2026/09/25,2026/10/08,2026-10,PUT,72000,6685,,,44.57,,7320,3,6450,9,,,,,
2026/09/24 20:42,2026-09-24T20:57:07+09:00,2026/09/25,2026/10/08,2026-10,CALL,71875,38,,,25.7,23.94,39,4,25,3,,,,,
2026/09/24 20:42,2026-09-24T20:57:07+09:00,2026/09/25,2026/10/08,2026-10,PUT,71875,6565,,,36.23,,6990,1,6355,2,,,,,
2026/09/24 20:42,2026-09-24T20:57:07+09:00,2026/09/25,2026/10/08,2026-10,CALL,71750,40,,8,25.33,24,39,8,28,22,24.88,-6,-14.29,36,09/24 18:27
2026/09/24 20:42,2026-09-24T20:57:07+09:00,2026/09/25,2026/10/08,2026-10,PUT,71750,6445,,,35.76,,6865,1,6225,3,,,,,
2026/09/24 20:42,2026-09-24T20:57:07+09:00,2026/09/25,2026/10/08,2026-10,CALL,71625,43,,,25.28,22.62,42,7,21,16,,,,,
2026/09/24 20:42,2026-09-24T20:57:07+09:00,2026/09/25,2026/10/08,2026-10,PUT,71625,6320,,,46.03,,7040,1,6100,3,,,,,
2026/09/24 20:42,2026-09-24T20:57:07+09:00,2026/09/25,2026/10/08,2026-10,CALL,71500,46,,4,25.2,24.02,45,27,34,8,24.65,-7,-14.89,40,09/24 20:19
2026/09/24 20:42,2026-09-24T20:57:07+09:00,2026/09/25,2026/10/08,2026-10,PUT,71500,6200,,,41.99,,6805,2,5970,6,,,,,
2026/09/24 20:42,2026-09-24T20:57:07+09:00,2026/09/25,2026/10/08,2026-10,CALL,71375,51,,,24.81,24.21,45,5,39,4,,,,,
2026/09/24 20:42,2026-09-24T20:57:07+09:00,2026/09/25,2026/10/08,2026-10,PUT,71375,6080,,,34.99,,6505,1,5855,3,,,,,
2026/09/24 20:42,2026-09-24T20:57:07+09:00,2026/09/25,2026/10/08,2026-10,CALL,71250,52,,,24.81,24.13,49,10,42,5,,,,,
2026/09/24 20:42,2026-09-24T20:57:07+09:00,2026/09/25,2026/10/08,2026-10,PUT,71250,5960,,,36.51,,6430,1,5735,3,,,,,
2026/09/24 20:42,2026-09-24T20:57:07+09:00,2026/09/25,2026/10/08,2026-10,CALL,71125,60,,,24.68,24.23,52,6,47,4,,,,,
2026/09/24 20:42,2026-09-24T20:57:07+09:00,2026/09/25,2026/10/08,2026-10,PUT,71125,5840,,,44.13,,6550,1,5615,3,,,,,
2026/09/24 20:42,2026-09-24T20:57:07+09:00,2026/09/25,2026/10/08,2026-10,CALL,71000,63,,15,24.54,24.29,55,12,52,1,24.47,-9,-14.29,54,09/24 20:08
2026/09/24 20:42,2026-09-24T20:57:07+09:00,2026/09/25,2026/10/08,2026-10,PUT,71000,5720,,,40.35,,6320,3,5475,9,,,,,
2026/09/24 20:42,2026-09-24T20:57:07+09:00,2026/09/25,2026/10/08,2026-10,CALL,70875,71,,,24.54,24.06,60,4,54,4,,,,,
2026/09/24 20:42,2026-09-24T20:57:07+09:00,2026/09/25,2026/10/08,2026-10,PUT,70875,5600,,,43.3,,6310,1,5370,3,,,,,
2026/09/24 20:42,2026-09-24T20:57:07+09:00,2026/09/25,2026/10/08,2026-10,CALL,70750,74,,2,24.52,23.98,65,10,58,5,24.79,-7,-9.09,70,09/24 18:28
2026/09/24 20:42,2026-09-24T20:57:07+09:00,2026/09/25,2026/10/08,2026-10,PUT,70750,5480,,,37.14,,6005,1,5250,3,,,,,
2026/09/24 20:42,2026-09-24T20:57:07+09:00,2026/09/25,2026/10/08,2026-10,CALL,70625,78,,,25.78,23.73,90,12,60,1,,,,,
2026/09/24 20:42,2026-09-24T20:57:07+09:00,2026/09/25,2026/10/08,2026-10,PUT,70625,5355,,,40.25,,5995,1,5130,4,,,,,
2026/09/24 20:42,2026-09-24T20:57:07+09:00,2026/09/25,2026/10/08,2026-10,CALL,70500,86,,5,24.39,24.05,75,13,70,1,24.33,-13,-15.12,73,09/24 20:35
2026/09/24 20:42,2026-09-24T20:57:07+09:00,2026/09/25,2026/10/08,2026-10,PUT,70500,5245,,,35.74,,5745,3,5090,3,,,,,
2026/09/24 20:42,2026-09-24T20:57:07+09:00,2026/09/25,2026/10/08,2026-10,CALL,70375,96,,,24.35,23.9,81,6,74,4,,,,,
2026/09/24 20:42,2026-09-24T20:57:07+09:00,2026/09/25,2026/10/08,2026-10,PUT,70375,5125,,,41.15,,5815,3,4980,3,,,,,
2026/09/24 20:42,2026-09-24T20:57:07+09:00,2026/09/25,2026/10/08,2026-10,CALL,70250,102,,3,24.23,23.79,86,3,79,7,24.87,-22,-19.13,93,09/24 17:53
2026/09/24 20:42,2026-09-24T20:57:07+09:00,2026/09/25,2026/10/08,2026-10,PUT,70250,5005,,,33.14,,5450,2,4860,2,,,,,
2026/09/24 20:42,2026-09-24T20:57:07+09:00,2026/09/25,2026/10/08,2026-10,CALL,70125,111,,,24.26,23.79,94,1,86,1,,,,,
2026/09/24 20:42,2026-09-24T20:57:07+09:00,2026/09/25,2026/10/08,2026-10,PUT,70125,4890,,,40.54,,5585,3,4745,3,,,,,
2026/09/24 20:42,2026-09-24T20:57:07+09:00,2026/09/25,2026/10/08,2026-10,CALL,70000,113,,113,24.1,23.82,99,9,94,9,24.14,-15,-13.27,98,09/24 20:37
2026/09/24 20:42,2026-09-24T20:57:07+09:00,2026/09/25,2026/10/08,2026-10,PUT,70000,4775,,,38.27,,5400,7,4600,7,,,,,
2026/09/24 20:42,2026-09-24T20:57:07+09:00,2026/09/25,2026/10/08,2026-10,CALL,69875,129,,2,24.13,23.75,108,3,101,3,23.98,,,115,09/24 19:49
2026/09/24 20:42,2026-09-24T20:57:07+09:00,2026/09/25,2026/10/08,2026-10,PUT,69875,4660,,,36.09,,5220,3,4515,3,,,,,
2026/09/24 20:42,2026-09-24T20:57:07+09:00,2026/09/25,2026/10/08,2026-10,CALL,69750,138,,3,24.12,23.67,117,3,108,7,24.69,-18,-12.16,130,09/24 18:17
2026/09/24 20:42,2026-09-24T20:57:07+09:00,2026/09/25,2026/10/08,2026-10,PUT,69750,4545,,,35.22,,5085,2,4400,2,,,,,
2026/09/24 20:42,2026-09-24T20:57:07+09:00,2026/09/25,2026/10/08,2026-10,CALL,69625,149,,1,24.04,23.65,125,3,117,1,24.51,-76,-36.89,130,09/24 17:28
2026/09/24 20:42,2026-09-24T20:57:07+09:00,2026/09/25,2026/10/08,2026-10,PUT,69625,4430,,,34.64,,4960,5,4285,3,,,,,
2026/09/24 20:42,2026-09-24T20:57:07+09:00,2026/09/25,2026/10/08,2026-10,CALL,69500,158,,11,23.98,23.8,134,6,130,1,23.93,-22,-13.92,136,09/24 20:32
2026/09/24 20:42,2026-09-24T20:57:07+09:00,2026/09/25,2026/10/08,2026-10,PUT,69500,4315,,,35.34,,4880,3,4160,3,,,,,
2026/09/24 20:42,2026-09-24T20:57:07+09:00,2026/09/25,2026/10/08,2026-10,CALL,69375,173,,,23.98,23.59,145,3,136,8,,,,,
2026/09/24 20:42,2026-09-24T20:57:07+09:00,2026/09/25,2026/10/08,2026-10,PUT,69375,4205,,,36.1,,4805,2,4065,3,,,,,
2026/09/24 20:42,2026-09-24T20:57:07+09:00,2026/09/25,2026/10/08,2026-10,CALL,69250,185,,,23.91,23.57,155,3,147,3,,,,,
2026/09/24 20:42,2026-09-24T20:57:07+09:00,2026/09/25,2026/10/08,2026-10,PUT,69250,4090,,,34.41,,4640,2,3950,2,,,,,
2026/09/24 20:42,2026-09-24T20:57:07+09:00,2026/09/25,2026/10/08,2026-10,CALL,69125,199,,,23.89,23.57,167,3,159,3,,,,,
2026/09/24 20:42,2026-09-24T20:57:07+09:00,2026/09/25,2026/10/08,2026-10,PUT,69125,3980,,,34.47,,4540,3,3840,3,,,,,
2026/09/24 20:42,2026-09-24T20:57:07+09:00,2026/09/25,2026/10/08,2026-10,CALL,69000,209,,25,23.92,23.58,181,9,172,9,23.78,-34,-16.27,175,09/24 20:40
2026/09/24 20:42,2026-09-24T20:57:07+09:00,2026/09/25,2026/10/08,2026-10,PUT,69000,3870,,,29.67,,4265,7,3730,7,,,,,
2026/09/24 20:42,2026-09-24T20:57:07+09:00,2026/09/25,2026/10/08,2026-10,CALL,68875,231,,,23.95,23.44,196,4,182,1,,,,,
2026/09/24 20:42,2026-09-24T20:57:07+09:00,2026/09/25,2026/10/08,2026-10,PUT,68875,3760,,,36.16,,4405,5,3625,3,,,,,
2026/09/24 20:42,2026-09-24T20:57:07+09:00,2026/09/25,2026/10/08,2026-10,CALL,68750,245,,,23.84,23.49,208,3,198,3,,,,,
2026/09/24 20:42,2026-09-24T20:57:07+09:00,2026/09/25,2026/10/08,2026-10,PUT,68750,3655,,,34.26,,4230,2,3560,2,,,,,
2026/09/24 20:42,2026-09-24T20:57:07+09:00,2026/09/25,2026/10/08,2026-10,CALL,68625,264,,,24.21,22.95,235,10,198,3,,,,,
2026/09/24 20:42,2026-09-24T20:57:07+09:00,2026/09/25,2026/10/08,2026-10,PUT,68625,3550,,,34.11,,4125,3,3365,3,,,,,
2026/09/24 20:42,2026-09-24T20:57:07+09:00,2026/09/25,2026/10/08,2026-10,CALL,68500,276,,4,23.81,23.45,240,4,229,4,24.5,-16,-5.8,260,09/24 18:57
2026/09/24 20:42,2026-09-24T20:57:07+09:00,2026/09/25,2026/10/08,2026-10,PUT,68500,3440,,,35.86,,4100,9,3255,3,,,,,
2026/09/24 20:42,2026-09-24T20:57:07+09:00,2026/09/25,2026/10/08,2026-10,CALL,68375,305,,2,23.78,23.44,257,2,246,2,24.41,-60,-18.18,270,09/24 17:26
2026/09/24 20:42,2026-09-24T20:57:07+09:00,2026/09/25,2026/10/08,2026-10,PUT,68375,3335,,,28.98,,3725,3,3160,3,,,,,
2026/09/24 20:42,2026-09-24T20:57:07+09:00,2026/09/25,2026/10/08,2026-10,CALL,68250,320,,4,23.81,23.42,277,2,264,2,24.71,-10,-3.13,310,09/24 18:32
2026/09/24 20:42,2026-09-24T20:57:07+09:00,2026/09/25,2026/10/08,2026-10,PUT,68250,3235,,,25.22,11.18,3485,2,3170,2,,,,,
2026/09/24 20:42,2026-09-24T20:57:07+09:00,2026/09/25,2026/10/08,2026-10,CALL,68125,350,,,23.75,23.43,295,2,284,2,,,,,
2026/09/24 20:42,2026-09-24T20:57:07+09:00,2026/09/25,2026/10/08,2026-10,PUT,68125,3130,,,25.17,12.58,3380,3,3060,3,,,,,
2026/09/24 20:42,2026-09-24T20:57:07+09:00,2026/09/25,2026/10/08,2026-10,CALL,68000,360,,47,23.71,23.43,315,4,305,4,23.67,-50,-13.89,310,09/24 20:36
2026/09/24 20:42,2026-09-24T20:57:07+09:00,2026/09/25,2026/10/08,2026-10,PUT,68000,3030,,,29.9,,3465,7,2760,4,,,,,
2026/09/24 20:42,2026-09-24T20:57:07+09:00,2026/09/25,2026/10/08,2026-10,CALL,67875,400,,,23.78,23.37,340,2,325,2,,,,,
2026/09/24 20:42,2026-09-24T20:57:07+09:00,2026/09/25,2026/10/08,2026-10,PUT,67875,2930,,,25.24,14.87,3180,3,2860,3,,,,,
2026/09/24 20:42,2026-09-24T20:57:07+09:00,2026/09/25,2026/10/08,2026-10,CALL,67750,425,,6,23.81,23.41,365,4,350,6,24.7,-55,-12.22,395,09/24 17:45
2026/09/24 20:42,2026-09-24T20:57:07+09:00,2026/09/25,2026/10/08,2026-10,PUT,67750,2835,,,25.35,15.5,3085,5,2760,2,,,,,
2026/09/24 20:42,2026-09-24T20:57:07+09:00,2026/09/25,2026/10/08,2026-10,CALL,67625,455,,,23.8,23.42,390,3,375,2,,,,,
2026/09/24 20:42,2026-09-24T20:57:07+09:00,2026/09/25,2026/10/08,2026-10,PUT,67625,2735,,,25.3,15.58,2985,6,2650,3,,,,,
2026/09/24 20:42,2026-09-24T20:57:07+09:00,2026/09/25,2026/10/08,2026-10,CALL,67500,485,,14,23.76,23.39,415,4,400,6,23.75,-75,-15.46,410,09/24 20:36
2026/09/24 20:42,2026-09-24T20:57:07+09:00,2026/09/25,2026/10/08,2026-10,PUT,67500,2645,,,25.47,16.47,2895,9,2565,3,,,,,
2026/09/24 20:42,2026-09-24T20:57:07+09:00,2026/09/25,2026/10/08,2026-10,CALL,67375,515,,5,23.81,23.33,445,2,425,3,24.01,-30,-5.83,485,09/24 19:49
2026/09/24 20:42,2026-09-24T20:57:07+09:00,2026/09/25,2026/10/08,2026-10,PUT,67375,2545,,,25.36,16.39,2795,6,2455,3,,,,,
2026/09/24 20:42,2026-09-24T20:57:07+09:00,2026/09/25,2026/10/08,2026-10,CALL,67250,535,,2,23.82,23.47,475,4,460,5,24.36,-55,-10.28,480,09/24 19:30
2026/09/24 20:42,2026-09-24T20:57:07+09:00,2026/09/25,2026/10/08,2026-10,PUT,67250,2460,,,25.33,17.01,2700,2,2370,2,,,,,
2026/09/24 20:42,2026-09-24T20:57:07+09:00,2026/09/25,2026/10/08,2026-10,CALL,67125,585,,4,23.8,23.46,505,3,490,3,23.55,-555,-51.63,520,09/24 20:15
2026/09/24 20:42,2026-09-24T20:57:07+09:00,2026/09/25,2026/10/08,2026-10,PUT,67125,2370,,,25.28,17.51,2605,3,2285,3,,,,,
2026/09/24 20:42,2026-09-24T20:57:07+09:00,2026/09/25,2026/10/08,2026-10,CALL,67000,630,,24,23.86,23.52,540,35,525,7,23.79,-100,-15.87,530,09/24 20:37
2026/09/24 20:42,2026-09-24T20:57:07+09:00,2026/09/25,2026/10/08,2026-10,PUT,67000,2280,,1,31.06,18.05,2785,7,2205,7,18.7,-120,-5.17,2200,09/24 18:19
2026/09/24 20:42,2026-09-24T20:57:07+09:00,2026/09/25,2026/10/08,2026-10,CALL,66875,660,,9,23.98,23.44,580,4,555,3,23.58,-565,-48.92,590,09/24 20:15
2026/09/24 20:42,2026-09-24T20:57:07+09:00,2026/09/25,2026/10/08,2026-10,PUT,66875,2190,,,30.76,12.26,2685,5,1900,6,,,,,
2026/09/24 20:42,2026-09-24T20:57:07+09:00,2026/09/25,2026/10/08,2026-10,CALL,66750,695,,15,23.86,23.54,610,4,595,5,23.88,-180,-22.93,605,09/24 20:35
2026/09/24 20:42,2026-09-24T20:57:07+09:00,2026/09/25,2026/10/08,2026-10,PUT,66750,2115,,,25.56,18.96,2350,2,2050,2,,,,,
2026/09/24 20:42,2026-09-24T20:57:07+09:00,2026/09/25,2026/10/08,2026-10,CALL,66625,745,,,24.02,23.28,655,3,620,2,,,,,
2026/09/24 20:42,2026-09-24T20:57:07+09:00,2026/09/25,2026/10/08,2026-10,PUT,66625,2025,,,25.48,19.25,2260,3,1970,3,,,,,
2026/09/24 20:42,2026-09-24T20:57:07+09:00,2026/09/25,2026/10/08,2026-10,CALL,66500,770,,9,23.93,23.51,690,4,670,26,24.3,-45,-5.84,725,09/24 19:54
2026/09/24 20:42,2026-09-24T20:57:07+09:00,2026/09/25,2026/10/08,2026-10,PUT,66500,1975,,,25.47,22.05,2175,3,2010,7,,,,,
2026/09/24 20:42,2026-09-24T20:57:07+09:00,2026/09/25,2026/10/08,2026-10,CALL,66375,835,,1,24.22,23.6,745,3,715,3,24.27,-75,-8.77,780,09/24 17:10
2026/09/24 20:42,2026-09-24T20:57:07+09:00,2026/09/25,2026/10/08,2026-10,PUT,66375,1870,,,25.03,20.07,2070,6,1830,3,,,,,
2026/09/24 20:42,2026-09-24T20:57:07+09:00,2026/09/25,2026/10/08,2026-10,CALL,66250,875,,3,24.16,23.65,785,3,760,3,24.79,-650,-44.83,800,09/24 17:26
2026/09/24 20:42,2026-09-24T20:57:07+09:00,2026/09/25,2026/10/08,2026-10,PUT,66250,1800,,,28.24,18.41,2150,2,1665,5,,,,,
2026/09/24 20:42,2026-09-24T20:57:07+09:00,2026/09/25,2026/10/08,2026-10,CALL,66125,935,,,24.26,23.77,835,3,810,3,,,,,
2026/09/24 20:42,2026-09-24T20:57:07+09:00,2026/09/25,2026/10/08,2026-10,PUT,66125,1740,,,29.09,22.27,2115,5,1770,6,,,,,
2026/09/24 20:42,2026-09-24T20:57:07+09:00,2026/09/25,2026/10/08,2026-10,CALL,66000,980,,12,24.14,23.74,875,2,855,5,24.16,-100,-10.2,880,09/24 20:23
2026/09/24 20:42,2026-09-24T20:57:07+09:00,2026/09/25,2026/10/08,2026-10,PUT,66000,1670,,2,25.02,23.45,1830,16,1750,12,25.06,185,11.01,1865,09/24 17:53
2026/09/24 20:42,2026-09-24T20:57:07+09:00,2026/09/25,2026/10/08,2026-10,CALL,65875,1035,,,24.36,23.78,935,3,905,3,,,,,
2026/09/24 20:42,2026-09-24T20:57:07+09:00,2026/09/25,2026/10/08,2026-10,PUT,65875,1590,,,25.72,22.8,1790,6,1640,7,,,,,
2026/09/24 20:42,2026-09-24T20:57:07+09:00,2026/09/25,2026/10/08,2026-10,CALL,65750,1090,,4,24.46,23.88,990,3,960,3,25.17,-190,-15.83,1010,09/24 18:00
2026/09/24 20:42,2026-09-24T20:57:07+09:00,2026/09/25,2026/10/08,2026-10,PUT,65750,1540,,,25.81,22.91,1720,5,1570,6,,,,,
2026/09/24 20:42,2026-09-24T20:57:07+09:00,2026/09/25,2026/10/08,2026-10,CALL,65625,1160,,1,24.51,23.93,1045,3,1015,3,24.69,60,5.8,1095,09/24 17:10
2026/09/24 20:42,2026-09-24T20:57:07+09:00,2026/09/25,2026/10/08,2026-10,PUT,65625,1455,,,25.66,23.45,1640,6,1525,5,,,,,
2026/09/24 20:42,2026-09-24T20:57:07+09:00,2026/09/25,2026/10/08,2026-10,CALL,65500,1195,,5,24.53,23.96,1100,4,1070,4,24.65,-70,-5.86,1125,09/24 20:14
2026/09/24 20:42,2026-09-24T20:57:07+09:00,2026/09/25,2026/10/08,2026-10,PUT,65500,1420,,4,25.96,23.57,1585,7,1460,7,25.59,160,11.43,1560,09/24 18:31
2026/09/24 20:42,2026-09-24T20:57:07+09:00,2026/09/25,2026/10/08,2026-10,CALL,65375,1280,,,24.89,23.37,1175,2,1095,17,,,,,
2026/09/24 20:42,2026-09-24T20:57:07+09:00,2026/09/25,2026/10/08,2026-10,PUT,65375,1350,,,25.94,24.42,1515,7,1435,1,,,,,
2026/09/24 20:42,2026-09-24T20:57:07+09:00,2026/09/25,2026/10/08,2026-10,CALL,65250,1340,,,24.93,23.7,1235,2,1170,2,,,,,
2026/09/24 20:42,2026-09-24T20:57:07+09:00,2026/09/25,2026/10/08,2026-10,PUT,65250,1300,,,25.22,24.08,1410,4,1350,5,,,,,
2026/09/24 20:42,2026-09-24T20:57:07+09:00,2026/09/25,2026/10/08,2026-10,CALL,65125,1420,,,25.22,24.18,1310,9,1255,5,,,,,
2026/09/24 20:42,2026-09-24T20:57:07+09:00,2026/09/25,2026/10/08,2026-10,PUT,65125,1230,,,25.32,23.8,1350,3,1270,22,,,,,
2026/09/24 20:42,2026-09-24T20:57:07+09:00,2026/09/25,2026/10/08,2026-10,CALL,65000,1440,,15,24.9,23.95,1355,15,1305,15,25.61,-40,-2.78,1400,09/24 18:17
2026/09/24 20:42,2026-09-24T20:57:07+09:00,2026/09/25,2026/10/08,2026-10,PUT,65000,1215,,7,25.19,24.43,1280,5,1240,5,25.75,85,7,1300,09/24 18:59
2026/09/24 20:42,2026-09-24T20:57:07+09:00,2026/09/25,2026/10/08,2026-10,CALL,64875,1575,,,25.89,24.07,1470,7,1375,5,,,,,
2026/09/24 20:42,2026-09-24T20:57:07+09:00,2026/09/25,2026/10/08,2026-10,PUT,64875,1120,,,25.22,24.46,1220,3,1180,3,,,,,
2026/09/24 20:42,2026-09-24T20:57:07+09:00,2026/09/25,2026/10/08,2026-10,CALL,64750,1635,,,25.98,24.06,1540,6,1440,5,,,,,
2026/09/24 20:42,2026-09-24T20:57:07+09:00,2026/09/25,2026/10/08,2026-10,PUT,64750,1080,,1,25.31,24.83,1165,3,1140,3,25.27,130,12.26,1190,09/24 17:34
2026/09/24 20:42,2026-09-24T20:57:07+09:00,2026/09/25,2026/10/08,2026-10,CALL,64625,1725,,,26.32,24.4,1625,7,1525,1,,,,,
2026/09/24 20:42,2026-09-24T20:57:07+09:00,2026/09/25,2026/10/08,2026-10,PUT,64625,1020,,,25.65,24.78,1125,3,1080,3,,,,,
2026/09/24 20:42,2026-09-24T20:57:07+09:00,2026/09/25,2026/10/08,2026-10,CALL,64500,1805,,,26.35,23.73,1695,5,1560,5,,,,,
2026/09/24 20:42,2026-09-24T20:57:07+09:00,2026/09/25,2026/10/08,2026-10,PUT,64500,1000,,2,25.47,24.99,1060,4,1035,4,25.98,105,10.5,1105,09/24 17:49
2026/09/24 20:42,2026-09-24T20:57:07+09:00,2026/09/25,2026/10/08,2026-10,CALL,64375,1890,,,26.53,23.69,1775,7,1630,6,,,,,
2026/09/24 20:42,2026-09-24T20:57:07+09:00,2026/09/25,2026/10/08,2026-10,PUT,64375,930,,,25.85,24.97,1025,3,980,3,,,,,
2026/09/24 20:42,2026-09-24T20:57:07+09:00,2026/09/25,2026/10/08,2026-10,CALL,64250,1965,,,30.22,22.23,2035,2,1630,2,,,,,
2026/09/24 20:42,2026-09-24T20:57:07+09:00,2026/09/25,2026/10/08,2026-10,PUT,64250,915,,,25.7,25.01,965,3,930,3,,,,,
2026/09/24 20:42,2026-09-24T20:57:07+09:00,2026/09/25,2026/10/08,2026-10,CALL,64125,2045,,,35.09,22.5,2355,2,1720,3,,,,,
2026/09/24 20:42,2026-09-24T20:57:07+09:00,2026/09/25,2026/10/08,2026-10,PUT,64125,845,,1,25.81,25.11,920,3,885,3,26.31,110,13.17,945,09/24 17:14
2026/09/24 20:42,2026-09-24T20:57:07+09:00,2026/09/25,2026/10/08,2026-10,CALL,64000,2115,,2,25.99,24.37,1970,3,1890,20,26.4,-345,-14.71,2000,09/24 17:46
2026/09/24 20:42,2026-09-24T20:57:07+09:00,2026/09/25,2026/10/08,2026-10,PUT,64000,805,,19,25.89,25.28,875,5,845,5,25.5,50,6.29,845,09/24 20:20
2026/09/24 20:42,2026-09-24T20:57:07+09:00,2026/09/25,2026/10/08,2026-10,CALL,63875,2220,,,29.38,24.39,2215,3,1970,6,,,,,
2026/09/24 20:42,2026-09-24T20:57:07+09:00,2026/09/25,2026/10/08,2026-10,PUT,63875,765,,,26.13,25.31,840,3,800,2,,,,,
2026/09/24 20:42,2026-09-24T20:57:07+09:00,2026/09/25,2026/10/08,2026-10,CALL,63750,2310,,,29.64,24.58,2305,2,2060,5,,,,,
2026/09/24 20:42,2026-09-24T20:57:07+09:00,2026/09/25,2026/10/08,2026-10,PUT,63750,730,,,26.25,25.52,800,4,765,4,,,,,
2026/09/24 20:42,2026-09-24T20:57:07+09:00,2026/09/25,2026/10/08,2026-10,CALL,63625,2400,,,29.97,24.74,2400,3,2150,6,,,,,
2026/09/24 20:42,2026-09-24T20:57:07+09:00,2026/09/25,2026/10/08,2026-10,PUT,63625,690,,,26.43,25.7,765,3,730,3,,,,,
2026/09/24 20:42,2026-09-24T20:57:07+09:00,2026/09/25,2026/10/08,2026-10,CALL,63500,2490,,,30.18,23.89,2490,5,2195,5,,,,,
2026/09/24 20:42,2026-09-24T20:57:07+09:00,2026/09/25,2026/10/08,2026-10,PUT,63500,690,,,26.27,25.95,715,6,700,4,,,,,
2026/09/24 20:42,2026-09-24T20:57:07+09:00,2026/09/25,2026/10/08,2026-10,CALL,63375,2585,,,30.57,25.07,2590,3,2335,1,,,,,
2026/09/24 20:42,2026-09-24T20:57:07+09:00,2026/09/25,2026/10/08,2026-10,PUT,63375,625,,,26.39,25.95,680,3,660,3,,,,,
2026/09/24 20:42,2026-09-24T20:57:07+09:00,2026/09/25,2026/10/08,2026-10,CALL,63250,2680,,,30.84,25.25,2685,2,2430,1,,,,,
2026/09/24 20:42,2026-09-24T20:57:07+09:00,2026/09/25,2026/10/08,2026-10,PUT,63250,610,,,26.48,26.14,645,5,630,4,,,,,
2026/09/24 20:42,2026-09-24T20:57:07+09:00,2026/09/25,2026/10/08,2026-10,CALL,63125,2775,,,32.91,18.37,2865,3,2240,3,,,,,
2026/09/24 20:42,2026-09-24T20:57:07+09:00,2026/09/25,2026/10/08,2026-10,PUT,63125,565,,,26.87,26.19,625,3,595,3,,,,,
2026/09/24 20:42,2026-09-24T20:57:07+09:00,2026/09/25,2026/10/08,2026-10,CALL,63000,2870,,,28.73,22.1,2760,7,2480,7,,,,,
2026/09/24 20:42,2026-09-24T20:57:07+09:00,2026/09/25,2026/10/08,2026-10,PUT,63000,545,,19,26.67,26.44,580,7,570,4,26.32,25,4.59,570,09/24 20:35
2026/09/24 20:42,2026-09-24T20:57:07+09:00,2026/09/25,2026/10/08,2026-10,CALL,62875,2970,,,33.49,18.48,3060,3,2445,5,,,,,
2026/09/24 20:42,2026-09-24T20:57:07+09:00,2026/09/25,2026/10/08,2026-10,PUT,62875,510,,,26.89,26.3,555,2,530,3,,,,,
2026/09/24 20:42,2026-09-24T20:57:07+09:00,2026/09/25,2026/10/08,2026-10,CALL,62750,3070,,,33.8,20.19,3160,2,2605,2,,,,,
2026/09/24 20:42,2026-09-24T20:57:07+09:00,2026/09/25,2026/10/08,2026-10,PUT,62750,485,,,26.97,26.61,525,5,510,4,,,,,
2026/09/24 20:42,2026-09-24T20:57:07+09:00,2026/09/25,2026/10/08,2026-10,CALL,62625,3175,,,34.1,14.59,3260,3,2550,5,,,,,
2026/09/24 20:42,2026-09-24T20:57:07+09:00,2026/09/25,2026/10/08,2026-10,PUT,62625,460,,7,27.14,26.64,500,2,480,2,27.44,,,525,09/24 17:27
2026/09/24 20:42,2026-09-24T20:57:07+09:00,2026/09/25,2026/10/08,2026-10,CALL,62500,3275,,,34.25,18.34,3355,3,2755,7,,,,,
2026/09/24 20:42,2026-09-24T20:57:07+09:00,2026/09/25,2026/10/08,2026-10,PUT,62500,450,,8,27.28,26.9,475,4,460,4,26.83,5,1.11,455,09/24 20:21
2026/09/24 20:42,2026-09-24T20:57:07+09:00,2026/09/25,2026/10/08,2026-10,CALL,62375,3380,,,34.51,18.78,3455,3,2875,3,,,,,
2026/09/24 20:42,2026-09-24T20:57:07+09:00,2026/09/25,2026/10/08,2026-10,PUT,62375,415,,,27.26,27,445,2,435,2,,,,,
2026/09/24 20:42,2026-09-24T20:57:07+09:00,2026/09/25,2026/10/08,2026-10,CALL,62250,3480,,,34.5,15.49,3545,2,2910,2,,,,,
2026/09/24 20:42,2026-09-24T20:57:07+09:00,2026/09/25,2026/10/08,2026-10,PUT,62250,395,,1,27.47,27.07,425,4,410,6,28.3,95,26.39,455,09/24 17:38
2026/09/24 20:42,2026-09-24T20:57:07+09:00,2026/09/25,2026/10/08,2026-10,CALL,62125,3585,,,34.95,11.1,3655,3,2975,3,,,,,
2026/09/24 20:42,2026-09-24T20:57:07+09:00,2026/09/25,2026/10/08,2026-10,PUT,62125,370,,,27.8,27.11,410,2,385,2,,,,,
2026/09/24 20:42,2026-09-24T20:57:07+09:00,2026/09/25,2026/10/08,2026-10,CALL,62000,3690,,,34.89,17.6,3745,7,3180,7,,,,,
2026/09/24 20:42,2026-09-24T20:57:07+09:00,2026/09/25,2026/10/08,2026-10,PUT,62000,370,,9,27.68,27.4,380,4,370,10,28.59,50,13.51,420,09/24 19:14
2026/09/24 20:42,2026-09-24T20:57:07+09:00,2026/09/25,2026/10/08,2026-10,CALL,61875,3800,,,35.56,22.34,3865,3,3405,3,,,,,
2026/09/24 20:42,2026-09-24T20:57:07+09:00,2026/09/25,2026/10/08,2026-10,PUT,61875,335,,,27.96,27.52,365,2,350,4,,,,,
2026/09/24 20:42,2026-09-24T20:57:07+09:00,2026/09/25,2026/10/08,2026-10,CALL,61750,3910,,,35.97,19.44,3975,2,3445,1,,,,,
2026/09/24 20:42,2026-09-24T20:57:07+09:00,2026/09/25,2026/10/08,2026-10,PUT,61750,320,,,28.07,27.61,345,4,330,4,,,,,
2026/09/24 20:42,2026-09-24T20:57:07+09:00,2026/09/25,2026/10/08,2026-10,CALL,61625,4020,,,36.23,,4080,3,3455,3,,,,,
2026/09/24 20:42,2026-09-24T20:57:07+09:00,2026/09/25,2026/10/08,2026-10,PUT,61625,298,,2,28.14,27.83,325,2,315,4,27.86,-105,-24.71,320,09/24 20:37
2026/09/24 20:42,2026-09-24T20:57:07+09:00,2026/09/25,2026/10/08,2026-10,CALL,61500,4125,,,36.48,,4185,3,3520,7,,,,,
2026/09/24 20:42,2026-09-24T20:57:07+09:00,2026/09/25,2026/10/08,2026-10,PUT,61500,291,,32,28.35,27.96,310,4,298,8,28.05,1,0.34,296,09/24 20:20
2026/09/24 20:42,2026-09-24T20:57:07+09:00,2026/09/25,2026/10/08,2026-10,CALL,61375,4240,,,36.98,,4300,3,3565,3,,,,,
2026/09/24 20:42,2026-09-24T20:57:07+09:00,2026/09/25,2026/10/08,2026-10,PUT,61375,269,,1,28.47,28.13,293,2,283,2,28.94,-80,-21.05,300,09/24 19:42
2026/09/24 20:42,2026-09-24T20:57:07+09:00,2026/09/25,2026/10/08,2026-10,CALL,61250,4350,,,37.06,19.05,4400,2,3900,2,,,,,
2026/09/24 20:42,2026-09-24T20:57:07+09:00,2026/09/25,2026/10/08,2026-10,PUT,61250,262,,1,28.59,28.28,277,2,268,2,28.76,13,5.08,269,09/24 20:15
2026/09/24 20:42,2026-09-24T20:57:07+09:00,2026/09/25,2026/10/08,2026-10,CALL,61125,4460,,,37.53,,4515,3,3755,3,,,,,
2026/09/24 20:42,2026-09-24T20:57:07+09:00,2026/09/25,2026/10/08,2026-10,PUT,61125,248,,,28.75,28.44,263,3,254,3,,,,,
2026/09/24 20:42,2026-09-24T20:57:07+09:00,2026/09/25,2026/10/08,2026-10,CALL,61000,4580,,,37.71,,4620,7,4015,7,,,,,
2026/09/24 20:42,2026-09-24T20:57:07+09:00,2026/09/25,2026/10/08,2026-10,PUT,61000,244,,25,28.93,28.57,250,9,240,9,29.48,16,6.56,260,09/24 19:41
2026/09/24 20:42,2026-09-24T20:57:07+09:00,2026/09/25,2026/10/08,2026-10,CALL,60875,4690,,,38.44,,4745,3,4055,3,,,,,
2026/09/24 20:42,2026-09-24T20:57:07+09:00,2026/09/25,2026/10/08,2026-10,PUT,60875,224,,,29.16,28.78,239,3,229,3,,,,,
2026/09/24 20:42,2026-09-24T20:57:07+09:00,2026/09/25,2026/10/08,2026-10,CALL,60750,4805,,,38.89,,4860,2,4320,2,,,,,
2026/09/24 20:42,2026-09-24T20:57:07+09:00,2026/09/25,2026/10/08,2026-10,PUT,60750,218,,4,29.33,28.94,227,3,217,3,29.45,5,2.29,223,09/24 19:58
2026/09/24 20:42,2026-09-24T20:57:07+09:00,2026/09/25,2026/10/08,2026-10,CALL,60625,4910,,,39.02,,4965,3,4415,3,,,,,
2026/09/24 20:42,2026-09-24T20:57:07+09:00,2026/09/25,2026/10/08,2026-10,PUT,60625,203,,3,29.52,29.12,216,3,206,3,29.58,,,211,09/24 19:58
2026/09/24 20:42,2026-09-24T20:57:07+09:00,2026/09/25,2026/10/08,2026-10,CALL,60500,5035,,,44.59,,5260,9,4580,3,,,,,
2026/09/24 20:42,2026-09-24T20:57:07+09:00,2026/09/25,2026/10/08,2026-10,PUT,60500,194,,37,29.68,29.31,205,6,196,6,29.78,4,2.03,201,09/24 19:58
2026/09/24 20:42,2026-09-24T20:57:07+09:00,2026/09/25,2026/10/08,2026-10,CALL,60375,5150,,,44.79,,5365,6,4460,3,,,,,
2026/09/24 20:42,2026-09-24T20:57:07+09:00,2026/09/25,2026/10/08,2026-10,PUT,60375,183,,3,29.83,29.44,194,3,185,5,29.96,,,191,09/24 19:58
2026/09/24 20:42,2026-09-24T20:57:07+09:00,2026/09/25,2026/10/08,2026-10,CALL,60250,5265,,,45.26,,5480,5,4760,2,,,,,
2026/09/24 20:42,2026-09-24T20:57:07+09:00,2026/09/25,2026/10/08,2026-10,PUT,60250,176,,3,30.03,29.68,185,3,177,3,30.16,20,12.35,182,09/24 19:58
2026/09/24 20:42,2026-09-24T20:57:07+09:00,2026/09/25,2026/10/08,2026-10,CALL,60125,5380,,,45.87,,5600,6,4740,3,,,,,
2026/09/24 20:42,2026-09-24T20:57:07+09:00,2026/09/25,2026/10/08,2026-10,PUT,60125,163,,,30.22,29.85,176,3,168,3,,,,,
2026/09/24 20:42,2026-09-24T20:57:07+09:00,2026/09/25,2026/10/08,2026-10,CALL,60000,5465,,,44.57,,5655,7,4860,7,,,,,
2026/09/24 20:42,2026-09-24T20:57:07+09:00,2026/09/25,2026/10/08,2026-10,PUT,60000,164,,70,30.43,30.05,168,9,160,9,30.21,1,0.61,165,09/24 20:35
2026/09/24 20:42,2026-09-24T20:57:07+09:00,2026/09/25,2026/10/08,2026-10,CALL,59875,5610,,,46.78,,5830,3,4985,6,,,,,
2026/09/24 20:42,2026-09-24T20:57:07+09:00,2026/09/25,2026/10/08,2026-10,PUT,59875,152,,,30.63,30.28,160,3,153,3,,,,,
2026/09/24 20:42,2026-09-24T20:57:07+09:00,2026/09/25,2026/10/08,2026-10,CALL,59750,5725,,,47.67,,5960,5,5295,2,,,,,
2026/09/24 20:42,2026-09-24T20:57:07+09:00,2026/09/25,2026/10/08,2026-10,PUT,59750,145,,,30.96,30.34,155,4,143,1,,,,,
2026/09/24 20:42,2026-09-24T20:57:07+09:00,2026/09/25,2026/10/08,2026-10,CALL,59625,5840,,,48.11,,6075,2,5255,1,,,,,
2026/09/24 20:42,2026-09-24T20:57:07+09:00,2026/09/25,2026/10/08,2026-10,PUT,59625,139,,,31.07,30.64,146,3,138,3,,,,,
2026/09/24 20:42,2026-09-24T20:57:07+09:00,2026/09/25,2026/10/08,2026-10,CALL,59500,5955,,,48.99,,6205,8,5525,2,,,,,
2026/09/24 20:42,2026-09-24T20:57:07+09:00,2026/09/25,2026/10/08,2026-10,PUT,59500,140,,5,31.31,30.87,140,6,132,9,32.01,12,8.57,152,09/24 18:05
2026/09/24 20:42,2026-09-24T20:57:07+09:00,2026/09/25,2026/10/08,2026-10,CALL,59375,6075,,,49.27,,6315,3,5385,1,,,,,
2026/09/24 20:42,2026-09-24T20:57:07+09:00,2026/09/25,2026/10/08,2026-10,PUT,59375,126,,1,31.49,31.09,133,3,126,3,31.93,20,16,145,09/24 19:32
2026/09/24 20:42,2026-09-24T20:57:07+09:00,2026/09/25,2026/10/08,2026-10,CALL,59250,6190,,,49.85,,6435,3,5750,1,,,,,
2026/09/24 20:42,2026-09-24T20:57:07+09:00,2026/09/25,2026/10/08,2026-10,PUT,59250,122,,1,31.76,31.29,128,3,120,4,31.82,7,5.79,128,09/24 19:55
2026/09/24 20:42,2026-09-24T20:57:07+09:00,2026/09/25,2026/10/08,2026-10,CALL,59125,6305,,,50.42,,6555,4,5805,1,,,,,
2026/09/24 20:42,2026-09-24T20:57:07+09:00,2026/09/25,2026/10/08,2026-10,PUT,59125,114,,,32.02,31.53,123,6,115,6,,,,,
2026/09/24 20:42,2026-09-24T20:57:07+09:00,2026/09/25,2026/10/08,2026-10,CALL,59000,6425,,,50.99,,6675,12,5890,3,,,,,
2026/09/24 20:42,2026-09-24T20:57:07+09:00,2026/09/25,2026/10/08,2026-10,PUT,59000,114,,32,32.2,31.76,117,12,110,15,32.6,7,6.14,121,09/24 19:43
2026/09/24 20:42,2026-09-24T20:57:07+09:00,2026/09/25,2026/10/08,2026-10,CALL,58875,6540,,,51.39,,6790,4,6050,1,,,,,
2026/09/24 20:42,2026-09-24T20:57:07+09:00,2026/09/25,2026/10/08,2026-10,PUT,58875,106,,,32.49,32.04,113,17,106,4,,,,,
2026/09/24 20:42,2026-09-24T20:57:07+09:00,2026/09/25,2026/10/08,2026-10,CALL,58750,6660,,,51.95,,6910,4,6120,1,,,,,
2026/09/24 20:42,2026-09-24T20:57:07+09:00,2026/09/25,2026/10/08,2026-10,PUT,58750,102,,1,32.71,32.24,108,15,101,10,32.73,17,19.32,105,09/24 19:58
2026/09/24 20:42,2026-09-24T20:57:07+09:00,2026/09/25,2026/10/08,2026-10,CALL,58625,6780,,,52.51,,7030,4,6345,1,,,,,
2026/09/24 20:42,2026-09-24T20:57:07+09:00,2026/09/25,2026/10/08,2026-10,PUT,58625,100,,,32.98,32.42,104,6,96,9,,,,,
2026/09/24 20:42,2026-09-24T20:57:07+09:00,2026/09/25,2026/10/08,2026-10,CALL,58500,6900,,,53.06,,7150,8,6415,2,,,,,
2026/09/24 20:42,2026-09-24T20:57:07+09:00,2026/09/25,2026/10/08,2026-10,PUT,58500,94,,6,33.16,32.73,99,8,93,8,33.42,13,14.94,100,09/24 19:02
2026/09/24 20:42,2026-09-24T20:57:07+09:00,2026/09/25,2026/10/08,2026-10,CALL,58375,7060,,,53.77,,7275,3,6500,1,,,,,
2026/09/24 20:42,2026-09-24T20:57:07+09:00,2026/09/25,2026/10/08,2026-10,PUT,58375,90,,,33.48,32.96,96,12,89,8,,,,,
2026/09/24 20:42,2026-09-24T20:57:07+09:00,2026/09/25,2026/10/08,2026-10,CALL,58250,7180,,,54.32,,7395,3,6645,3,,,,,
2026/09/24 20:42,2026-09-24T20:57:07+09:00,2026/09/25,2026/10/08,2026-10,PUT,58250,86,,,33.71,33.17,92,5,85,1,,,,,
2026/09/24 20:42,2026-09-24T20:57:07+09:00,2026/09/25,2026/10/08,2026-10,CALL,58000,7425,,,56.08,,7655,9,6725,3,,,,,
2026/09/24 20:42,2026-09-24T20:57:07+09:00,2026/09/25,2026/10/08,2026-10,PUT,58000,82,,70,34.21,33.71,85,12,79,5,34.02,0,0,82,09/24 20:29
2026/09/24 20:42,2026-09-24T20:57:07+09:00,2026/09/25,2026/10/08,2026-10,CALL,57750,7670,,,56.64,,7880,3,6945,3,,,,,
2026/09/24 20:42,2026-09-24T20:57:07+09:00,2026/09/25,2026/10/08,2026-10,PUT,57750,74,,1,34.74,34.22,79,5,73,5,34.52,0,0,75,09/24 20:31
2026/09/24 20:42,2026-09-24T20:57:07+09:00,2026/09/25,2026/10/08,2026-10,CALL,57500,7915,,,58.23,,8135,6,7225,6,,,,,
2026/09/24 20:42,2026-09-24T20:57:07+09:00,2026/09/25,2026/10/08,2026-10,PUT,57500,69,,1,35.23,34.67,73,8,67,13,35.52,12,17.91,79,09/24 18:48
2026/09/24 20:42,2026-09-24T20:57:07+09:00,2026/09/25,2026/10/08,2026-10,CALL,57250,8160,,,58.92,,8365,3,7700,1,,,,,
2026/09/24 20:42,2026-09-24T20:57:07+09:00,2026/09/25,2026/10/08,2026-10,PUT,57250,68,,,35.97,35.28,70,10,63,5,,,,,
2026/09/24 20:42,2026-09-24T20:57:07+09:00,2026/09/25,2026/10/08,2026-10,CALL,57000,8405,,,60.87,,8630,9,7810,9,,,,,
2026/09/24 20:42,2026-09-24T20:57:07+09:00,2026/09/25,2026/10/08,2026-10,PUT,57000,60,,15,36.48,35.74,65,17,58,1,36.16,2,3.45,60,09/24 20:00
2026/09/24 20:42,2026-09-24T20:57:07+09:00,2026/09/25,2026/10/08,2026-10,CALL,56750,8650,,,61.35,,8855,3,7965,3,,,,,
2026/09/24 20:42,2026-09-24T20:57:07+09:00,2026/09/25,2026/10/08,2026-10,PUT,56750,56,,,36.84,36.27,59,5,54,1,,,,,
2026/09/24 20:42,2026-09-24T20:57:07+09:00,2026/09/25,2026/10/08,2026-10,CALL,56500,8895,,,63.13,,9115,6,8390,2,,,,,
2026/09/24 20:42,2026-09-24T20:57:07+09:00,2026/09/25,2026/10/08,2026-10,PUT,56500,53,,3,37.6,36.89,57,31,51,8,37.45,4,8,54,09/24 18:26
2026/09/24 20:42,2026-09-24T20:57:07+09:00,2026/09/25,2026/10/08,2026-10,CALL,56250,9145,,,62.38,,9310,3,8495,4,,,,,
2026/09/24 20:42,2026-09-24T20:57:07+09:00,2026/09/25,2026/10/08,2026-10,PUT,56250,49,,,37.99,37.35,52,5,47,1,,,,,
2026/09/24 20:42,2026-09-24T20:57:07+09:00,2026/09/25,2026/10/08,2026-10,CALL,56000,9390,,,,,,,,,,,,,
2026/09/24 20:42,2026-09-24T20:57:07+09:00,2026/09/25,2026/10/08,2026-10,PUT,56000,43,,12,38.71,37.91,50,44,44,1,38.1,3,6.98,46,09/24 20:39
2026/09/24 20:42,2026-09-24T20:57:07+09:00,2026/09/25,2026/10/08,2026-10,CALL,55750,9635,,,,,,,,,,,,,
2026/09/24 20:42,2026-09-24T20:57:07+09:00,2026/09/25,2026/10/08,2026-10,PUT,55750,44,,,39.14,38.43,46,5,41,21,,,,,
2026/09/24 20:42,2026-09-24T20:57:07+09:00,2026/09/25,2026/10/08,2026-10,CALL,55500,9885,,,,,,,,,,,,,
2026/09/24 20:42,2026-09-24T20:57:07+09:00,2026/09/25,2026/10/08,2026-10,PUT,55500,41,,,39.68,38.91,43,8,38,31,,,,,
2026/09/24 20:42,2026-09-24T20:57:07+09:00,2026/09/25,2026/10/08,2026-10,CALL,55250,10130,,,,,,,,,,,,,
2026/09/24 20:42,2026-09-24T20:57:07+09:00,2026/09/25,2026/10/08,2026-10,PUT,55250,38,,,42.17,39.36,54,22,35,5,,,,,
2026/09/24 20:42,2026-09-24T20:57:07+09:00,2026/09/25,2026/10/08,2026-10,CALL,55000,10380,,,,,,,,,,,,,
2026/09/24 20:42,2026-09-24T20:57:07+09:00,2026/09/25,2026/10/08,2026-10,PUT,55000,34,,23,40.64,40.47,37,12,36,20,40.59,4,11.76,38,09/24 19:30
2026/09/24 20:42,2026-09-24T20:57:07+09:00,2026/09/25,2026/10/08,2026-10,CALL,54750,10625,,,,,,,,,,,,,
2026/09/24 20:42,2026-09-24T20:57:07+09:00,2026/09/25,2026/10/08,2026-10,PUT,54750,34,,1,41.75,39.7,38,5,27,8,41.43,,,32,09/24 17:02
2026/09/24 20:42,2026-09-24T20:57:07+09:00,2026/09/25,2026/10/08,2026-10,CALL,54500,10875,,,,,,,,,,,,,
2026/09/24 20:42,2026-09-24T20:57:07+09:00,2026/09/25,2026/10/08,2026-10,PUT,54500,33,,,43.36,40.61,42,11,27,29,,,,,
2026/09/24 20:42,2026-09-24T20:57:07+09:00,2026/09/25,2026/10/08,2026-10,CALL,54250,11120,,,,,,,,,,,,,
2026/09/24 20:42,2026-09-24T20:57:07+09:00,2026/09/25,2026/10/08,2026-10,PUT,54250,30,,12,43.12,40.62,35,8,23,8,43.31,,,34,09/24 17:07
2026/09/24 20:42,2026-09-24T20:57:07+09:00,2026/09/25,2026/10/08,2026-10,CALL,54000,11370,,,,,,,,,,,,,
2026/09/24 20:42,2026-09-24T20:57:07+09:00,2026/09/25,2026/10/08,2026-10,PUT,54000,29,,6,43.09,42.66,30,12,28,4,42.91,2,7.41,29,09/24 20:23
2026/09/24 20:42,2026-09-24T20:57:07+09:00,2026/09/25,2026/10/08,2026-10,CALL,53750,11620,,,,,,,,,,,,,
2026/09/24 20:42,2026-09-24T20:57:07+09:00,2026/09/25,2026/10/08,2026-10,PUT,53750,28,,,45.01,41.9,35,8,21,8,,,,,
2026/09/24 20:42,2026-09-24T20:57:07+09:00,2026/09/25,2026/10/08,2026-10,CALL,53500,11865,,,,,,,,,,,,,
2026/09/24 20:42,2026-09-24T20:57:07+09:00,2026/09/25,2026/10/08,2026-10,PUT,53500,26,,,44.95,43.07,30,32,22,26,,,,,
2026/09/24 20:42,2026-09-24T20:57:07+09:00,2026/09/25,2026/10/08,2026-10,CALL,53250,12115,,,,,,,,,,,,,
2026/09/24 20:42,2026-09-24T20:57:07+09:00,2026/09/25,2026/10/08,2026-10,PUT,53250,26,,,45.44,43.42,28,8,20,8,,,,,
2026/09/24 20:42,2026-09-24T20:57:07+09:00,2026/09/25,2026/10/08,2026-10,CALL,53000,12365,,,,,,,,,,,,,
2026/09/24 20:42,2026-09-24T20:57:07+09:00,2026/09/25,2026/10/08,2026-10,PUT,53000,23,,,45.15,44.6,23,12,21,12,,,,,
2026/09/24 20:42,2026-09-24T20:57:07+09:00,2026/09/25,2026/10/08,2026-10,CALL,52750,12615,,,,,,,,,,,,,
2026/09/24 20:42,2026-09-24T20:57:07+09:00,2026/09/25,2026/10/08,2026-10,PUT,52750,21,,1,46.32,43.95,24,8,16,8,47.45,8,40,28,09/24 19:02
2026/09/24 20:42,2026-09-24T20:57:07+09:00,2026/09/25,2026/10/08,2026-10,CALL,52500,12860,,,,,,,,,,,,,
2026/09/24 20:42,2026-09-24T20:57:07+09:00,2026/09/25,2026/10/08,2026-10,PUT,52500,21,,,46.42,45.5,21,2,18,29,,,,,
2026/09/24 20:42,2026-09-24T20:57:07+09:00,2026/09/25,2026/10/08,2026-10,CALL,52250,13110,,,,,,,,,,,,,
2026/09/24 20:42,2026-09-24T20:57:07+09:00,2026/09/25,2026/10/08,2026-10,PUT,52250,20,,,47.89,45.72,23,8,16,8,,,,,
2026/09/24 20:42,2026-09-24T20:57:07+09:00,2026/09/25,2026/10/08,2026-10,CALL,52000,13360,,,,,,,,,,,,,
2026/09/24 20:42,2026-09-24T20:57:07+09:00,2026/09/25,2026/10/08,2026-10,PUT,52000,18,,10,47.94,46.61,20,12,16,15,47.28,1,5.88,18,09/24 20:08
2026/09/24 20:42,2026-09-24T20:57:07+09:00,2026/09/25,2026/10/08,2026-10,CALL,51750,13610,,,,,,,,,,,,,
2026/09/24 20:42,2026-09-24T20:57:07+09:00,2026/09/25,2026/10/08,2026-10,PUT,51750,18,,,49.45,46.33,22,8,13,8,,,,,
2026/09/24 20:42,2026-09-24T20:57:07+09:00,2026/09/25,2026/10/08,2026-10,CALL,51500,13860,,,,,,,,,,,,,
2026/09/24 20:42,2026-09-24T20:57:07+09:00,2026/09/25,2026/10/08,2026-10,PUT,51500,17,,,50.38,45.26,22,11,9,11,,,,,
2026/09/24 20:42,2026-09-24T20:57:07+09:00,2026/09/25,2026/10/08,2026-10,CALL,51250,14105,,,,,,,,,,,,,
2026/09/24 20:42,2026-09-24T20:57:07+09:00,2026/09/25,2026/10/08,2026-10,PUT,51250,16,,1,50.68,46.11,20,8,9,8,49.66,3,21.43,17,09/24 18:16
2026/09/24 20:42,2026-09-24T20:57:07+09:00,2026/09/25,2026/10/08,2026-10,CALL,51000,14355,,,,,,,,,,,,,
2026/09/24 20:42,2026-09-24T20:57:07+09:00,2026/09/25,2026/10/08,2026-10,PUT,51000,15,,6,50.19,48.96,16,12,13,15,49.81,1,7.14,15,09/24 19:10
2026/09/24 20:42,2026-09-24T20:57:07+09:00,2026/09/25,2026/10/08,2026-10,CALL,50750,14605,,,,,,,,,,,,,
2026/09/24 20:42,2026-09-24T20:57:07+09:00,2026/09/25,2026/10/08,2026-10,PUT,50750,15,,,51.47,47.2,17,8,8,8,,,,,
2026/09/24 20:42,2026-09-24T20:57:07+09:00,2026/09/25,2026/10/08,2026-10,CALL,50500,14855,,,,,,,,,,,,,
2026/09/24 20:42,2026-09-24T20:57:07+09:00,2026/09/25,2026/10/08,2026-10,PUT,50500,14,,,52.75,49.24,18,11,10,11,,,,,
2026/09/24 20:42,2026-09-24T20:57:07+09:00,2026/09/25,2026/10/08,2026-10,CALL,50250,15105,,,,,,,,,,,,,
2026/09/24 20:42,2026-09-24T20:57:07+09:00,2026/09/25,2026/10/08,2026-10,PUT,50250,13,,,53.3,48.21,17,8,7,8,,,,,
2026/09/24 20:42,2026-09-24T20:57:07+09:00,2026/09/25,2026/10/08,2026-10,CALL,50000,15350,,,,,,,,,,,,,
2026/09/24 20:42,2026-09-24T20:57:07+09:00,2026/09/25,2026/10/08,2026-10,PUT,50000,13,,16,52.04,51.52,12,9,11,7,51.56,-2,-15.38,11,09/24 20:27
2026/09/24 20:42,2026-09-24T20:57:07+09:00,2026/09/25,2026/10/08,2026-10,CALL,49750,15600,,,,,,,,,,,,,
2026/09/24 20:42,2026-09-24T20:57:07+09:00,2026/09/25,2026/10/08,2026-10,PUT,49750,12,,,54.74,50.61,16,8,8,8,,,,,
2026/09/24 20:42,2026-09-24T20:57:07+09:00,2026/09/25,2026/10/08,2026-10,CALL,49500,15850,,,,,,,,,,,,,
2026/09/24 20:42,2026-09-24T20:57:07+09:00,2026/09/25,2026/10/08,2026-10,PUT,49500,11,,,56.06,52.73,17,11,10,8,,,,,
2026/09/24 20:42,2026-09-24T20:57:07+09:00,2026/09/25,2026/10/08,2026-10,CALL,49250,16100,,,,,,,,,,,,,
2026/09/24 20:42,2026-09-24T20:57:07+09:00,2026/09/25,2026/10/08,2026-10,PUT,49250,11,,,54.72,53,12,31,9,20,,,,,
2026/09/24 20:42,2026-09-24T20:57:07+09:00,2026/09/25,2026/10/08,2026-10,CALL,49000,16350,,,,,,,,,,,,,
2026/09/24 20:42,2026-09-24T20:57:07+09:00,2026/09/25,2026/10/08,2026-10,PUT,49000,10,,10,54.5,53.88,10,2,9,27,54.18,0,0,10,09/24 18:45
2026/09/24 20:42,2026-09-24T20:57:07+09:00,2026/09/25,2026/10/08,2026-10,CALL,48750,16600,,,,,,,,,,,,,
2026/09/24 20:42,2026-09-24T20:57:07+09:00,2026/09/25,2026/10/08,2026-10,PUT,48750,10,,,55.39,54.08,10,17,8,20,,,,,
2026/09/24 20:42,2026-09-24T20:57:07+09:00,2026/09/25,2026/10/08,2026-10,CALL,48500,16850,,,,,,,,,,,,,
2026/09/24 20:42,2026-09-24T20:57:07+09:00,2026/09/25,2026/10/08,2026-10,PUT,48500,9,,,56.28,54.95,10,24,8,23,,,,,
2026/09/24 20:42,2026-09-24T20:57:07+09:00,2026/09/25,2026/10/08,2026-10,CALL,48250,17095,,,,,,,,,,,,,
2026/09/24 20:42,2026-09-24T20:57:07+09:00,2026/09/25,2026/10/08,2026-10,PUT,48250,8,,,57.18,55.06,10,31,7,31,,,,,
2026/09/24 20:42,2026-09-24T20:57:07+09:00,2026/09/25,2026/10/08,2026-10,CALL,48000,17345,,,,,,,,,,,,,
2026/09/24 20:42,2026-09-24T20:57:07+09:00,2026/09/25,2026/10/08,2026-10,PUT,48000,8,,,57.42,55.93,9,16,7,27,,,,,
2026/09/24 20:42,2026-09-24T20:57:07+09:00,2026/09/25,2026/10/08,2026-10,CALL,47750,17595,,,,,,,,,,,,,
2026/09/24 20:42,2026-09-24T20:57:07+09:00,2026/09/25,2026/10/08,2026-10,PUT,47750,6,,,58.32,56.81,9,20,7,20,,,,,
2026/09/24 20:42,2026-09-24T20:57:07+09:00,2026/09/25,2026/10/08,2026-10,CALL,47500,17845,,,,,,,,,,,,,
2026/09/24 20:42,2026-09-24T20:57:07+09:00,2026/09/25,2026/10/08,2026-10,PUT,47500,8,,,59.22,57.69,9,41,7,23,,,,,
2026/09/24 20:42,2026-09-24T20:57:07+09:00,2026/09/25,2026/10/08,2026-10,CALL,47250,18095,,,,,,,,,,,,,
2026/09/24 20:42,2026-09-24T20:57:07+09:00,2026/09/25,2026/10/08,2026-10,PUT,47250,6,,,59.38,57.67,8,15,6,20,,,,,
2026/09/24 20:42,2026-09-24T20:57:07+09:00,2026/09/25,2026/10/08,2026-10,CALL,47000,18340,,,,,,,,,,,,,
2026/09/24 20:42,2026-09-24T20:57:07+09:00,2026/09/25,2026/10/08,2026-10,PUT,47000,8,,4,59.46,58.55,7,16,6,28,60.17,0,0,8,09/24 17:37
2026/09/24 20:42,2026-09-24T20:57:07+09:00,2026/09/25,2026/10/08,2026-10,CALL,46750,18590,,,,,,,,,,,,,
2026/09/24 20:42,2026-09-24T20:57:07+09:00,2026/09/25,2026/10/08,2026-10,PUT,46750,5,,,61.18,59.43,8,31,6,20,,,,,
2026/09/24 20:42,2026-09-24T20:57:07+09:00,2026/09/25,2026/10/08,2026-10,CALL,46500,18840,,,,,,,,,,,,,
2026/09/24 20:42,2026-09-24T20:57:07+09:00,2026/09/25,2026/10/08,2026-10,PUT,46500,6,,1,62.09,59.25,8,41,5,47,61.15,1,16.67,7,09/24 18:50
2026/09/24 20:42,2026-09-24T20:57:07+09:00,2026/09/25,2026/10/08,2026-10,CALL,46250,19090,,,,,,,,,,,,,
2026/09/24 20:42,2026-09-24T20:57:07+09:00,2026/09/25,2026/10/08,2026-10,PUT,46250,6,,,62.14,60.12,7,15,5,20,,,,,
2026/09/24 20:42,2026-09-24T20:57:07+09:00,2026/09/25,2026/10/08,2026-10,CALL,46000,19340,,,,,,,,,,,,,
2026/09/24 20:42,2026-09-24T20:57:07+09:00,2026/09/25,2026/10/08,2026-10,PUT,46000,6,,4,62.09,61,6,17,5,27,62.23,0,0,6,09/24 17:32
2026/09/24 20:42,2026-09-24T20:57:07+09:00,2026/09/25,2026/10/08,2026-10,CALL,45750,19590,,,,,,,,,,,,,
2026/09/24 20:42,2026-09-24T20:57:07+09:00,2026/09/25,2026/10/08,2026-10,PUT,45750,5,,,63.95,61.88,7,20,5,20,,,,,
2026/09/24 20:42,2026-09-24T20:57:07+09:00,2026/09/25,2026/10/08,2026-10,CALL,45500,19840,,,,,,,,,,,,,
2026/09/24 20:42,2026-09-24T20:57:07+09:00,2026/09/25,2026/10/08,2026-10,PUT,45500,5,,,64.87,62.77,7,41,5,23,,,,,
2026/09/24 20:42,2026-09-24T20:57:07+09:00,2026/09/25,2026/10/08,2026-10,CALL,45250,20090,,,,,,,,,,,,,
2026/09/24 20:42,2026-09-24T20:57:07+09:00,2026/09/25,2026/10/08,2026-10,PUT,45250,4,,,64.79,62.34,6,15,4,31,,,,,
2026/09/24 20:42,2026-09-24T20:57:07+09:00,2026/09/25,2026/10/08,2026-10,CALL,45000,20340,,,,,,,,,,,,,
2026/09/24 20:42,2026-09-24T20:57:07+09:00,2026/09/25,2026/10/08,2026-10,PUT,45000,5,,17,64.55,63.22,5,1,4,70,64.41,0,0,5,09/24 17:34
2026/09/24 20:42,2026-09-24T20:57:07+09:00,2026/09/25,2026/10/08,2026-10,CALL,44750,20590,,,,,,,,,,,,,
2026/09/24 20:42,2026-09-24T20:57:07+09:00,2026/09/25,2026/10/08,2026-10,PUT,44750,4,,,66.61,64.1,6,20,4,20,,,,,
2026/09/24 20:42,2026-09-24T20:57:07+09:00,2026/09/25,2026/10/08,2026-10,CALL,44500,20840,,,,,,,,,,,,,
2026/09/24 20:42,2026-09-24T20:57:07+09:00,2026/09/25,2026/10/08,2026-10,PUT,44500,4,,,67.52,64.99,6,23,4,23,,,,,
2026/09/24 20:42,2026-09-24T20:57:07+09:00,2026/09/25,2026/10/08,2026-10,CALL,44250,21090,,,,,,,,,,,,,
2026/09/24 20:42,2026-09-24T20:57:07+09:00,2026/09/25,2026/10/08,2026-10,PUT,44250,4,,,68.45,64.2,6,31,3,31,,,,,
2026/09/24 20:42,2026-09-24T20:57:07+09:00,2026/09/25,2026/10/08,2026-10,CALL,44000,21340,,,,,,,,,,,,,
2026/09/24 20:42,2026-09-24T20:57:07+09:00,2026/09/25,2026/10/08,2026-10,PUT,44000,4,,,68.17,65.08,5,17,3,70,,,,,
2026/09/24 20:42,2026-09-24T20:57:07+09:00,2026/09/25,2026/10/08,2026-10,CALL,43750,21590,,,,,,,,,,,,,
2026/09/24 20:42,2026-09-24T20:57:07+09:00,2026/09/25,2026/10/08,2026-10,PUT,43750,4,,,69.09,65.96,5,15,3,20,,,,,
2026/09/24 20:42,2026-09-24T20:57:07+09:00,2026/09/25,2026/10/08,2026-10,CALL,43500,21840,,,,,,,,,,,,,
2026/09/24 20:42,2026-09-24T20:57:07+09:00,2026/09/25,2026/10/08,2026-10,PUT,43500,4,,,70.01,66.84,5,23,3,23,,,,,
2026/09/24 20:42,2026-09-24T20:57:07+09:00,2026/09/25,2026/10/08,2026-10,CALL,43250,22090,,,,,,,,,,,,,
2026/09/24 20:42,2026-09-24T20:57:07+09:00,2026/09/25,2026/10/08,2026-10,PUT,43250,2,,,70.94,67.73,5,20,3,20,,,,,
2026/09/24 20:42,2026-09-24T20:57:07+09:00,2026/09/25,2026/10/08,2026-10,CALL,43000,22340,,,,,,,,,,,,,
2026/09/24 20:42,2026-09-24T20:57:07+09:00,2026/09/25,2026/10/08,2026-10,PUT,43000,3,,36,70.4,68.63,4,17,3,30,68.72,-1,-25,3,09/24 19:41
2026/09/24 20:42,2026-09-24T20:57:07+09:00,2026/09/25,2026/10/08,2026-10,CALL,42750,22590,,,,,,,,,,,,,
2026/09/24 20:42,2026-09-24T20:57:07+09:00,2026/09/25,2026/10/08,2026-10,PUT,42750,3,,3,72.8,69.52,5,31,3,17,69.57,0,0,3,09/24 20:25
2026/09/24 20:42,2026-09-24T20:57:07+09:00,2026/09/25,2026/10/08,2026-10,CALL,42000,23340,,,,,,,,,,,,,
2026/09/24 20:42,2026-09-24T20:57:07+09:00,2026/09/25,2026/10/08,2026-10,PUT,42000,3,,,74.11,69.82,4,29,2,80,,,,,
2026/09/24 20:42,2026-09-24T20:57:07+09:00,2026/09/25,2026/10/08,2026-10,CALL,41000,24340,,,,,,,,,,,,,
2026/09/24 20:42,2026-09-24T20:57:07+09:00,2026/09/25,2026/10/08,2026-10,PUT,41000,2,,,77.9,73.41,4,12,2,16,,,,,
2026/09/24 20:42,2026-09-24T20:57:07+09:00,2026/09/25,2026/10/08,2026-10,CALL,40000,25335,,,,,,,,,,,,,
2026/09/24 20:42,2026-09-24T20:57:07+09:00,2026/09/25,2026/10/08,2026-10,PUT,40000,2,,4,79.74,77.09,3,7,2,42,77.09,0,0,2,09/24 17:40
2026/09/24 20:42,2026-09-24T20:57:07+09:00,2026/09/25,2026/10/08,2026-10,CALL,39000,26335,,,,,,,,,,,,,
2026/09/24 20:42,2026-09-24T20:57:07+09:00,2026/09/25,2026/10/08,2026-10,PUT,39000,2,,1,83.62,80.85,3,17,2,1,80.81,0,0,2,09/24 20:40
2026/09/24 20:42,2026-09-24T20:57:07+09:00,2026/09/25,2026/10/08,2026-10,CALL,38000,27335,,,,,,,,,,,,,
2026/09/24 20:42,2026-09-24T20:57:07+09:00,2026/09/25,2026/10/08,2026-10,PUT,38000,2,,,84.7,80.31,2,4,1,98,,,,,
2026/09/24 20:42,2026-09-24T20:57:07+09:00,2026/09/25,2026/10/08,2026-10,CALL,37000,28335,,,,,,,,,,,,,
2026/09/24 20:42,2026-09-24T20:57:07+09:00,2026/09/25,2026/10/08,2026-10,PUT,37000,1,,,88.65,84.07,2,7,1,57,,,,,
2026/09/24 20:42,2026-09-24T20:57:07+09:00,2026/09/25,2026/10/08,2026-10,CALL,36000,29335,,,,,,,,,,,,,
2026/09/24 20:42,2026-09-24T20:57:07+09:00,2026/09/25,2026/10/08,2026-10,PUT,36000,1,,,92.71,87.93,2,33,1,9,,,,,
2026/09/24 20:42,2026-09-24T20:57:07+09:00,2026/09/25,2026/10/08,2026-10,CALL,35000,30335,,,,,,,,,,,,,
2026/09/24 20:42,2026-09-24T20:57:07+09:00,2026/09/25,2026/10/08,2026-10,PUT,35000,1,,71,96.87,91.9,2,51,1,21,91.89,0,0,1,09/24 20:41
2026/09/24 20:42,2026-09-24T20:57:07+09:00,2026/09/25,2026/10/08,2026-10,CALL,34000,31335,,,,,,,,,,,,,
2026/09/24 20:42,2026-09-24T20:57:07+09:00,2026/09/25,2026/10/08,2026-10,PUT,34000,1,,40,95.98,,1,10,,,96.09,0,0,1,09/24 18:10
2026/09/24 20:42,2026-09-24T20:57:07+09:00,2026/09/25,2026/10/08,2026-10,CALL,33000,32335,,,,,,,,,,,,,
2026/09/24 20:42,2026-09-24T20:57:07+09:00,2026/09/25,2026/10/08,2026-10,PUT,33000,1,,2,100.18,,1,105,,,100.17,0,0,1,09/24 20:08
2026/09/24 20:42,2026-09-24T20:57:07+09:00,2026/09/25,2026/11/12,2026-11,CALL,85000,8,,3,26.35,25.95,7,2,6,16,26.3,0,0,7,09/24 19:18
2026/09/24 20:42,2026-09-24T20:57:07+09:00,2026/09/25,2026/11/12,2026-11,PUT,85000,19645,,,,,,,,,,,,,
2026/09/24 20:42,2026-09-24T20:57:07+09:00,2026/09/25,2026/11/12,2026-11,CALL,82500,15,,,26.32,25.11,18,3,12,1,,,,,
2026/09/24 20:42,2026-09-24T20:57:07+09:00,2026/09/25,2026/11/12,2026-11,PUT,82500,17155,,,,,,,,,,,,,
2026/09/24 20:42,2026-09-24T20:57:07+09:00,2026/09/25,2026/11/12,2026-11,CALL,80000,32,,,25.13,24.44,32,1,26,57,,,,,
2026/09/24 20:42,2026-09-24T20:57:07+09:00,2026/09/25,2026/11/12,2026-11,PUT,80000,14675,,,,,,,,,,,,,
2026/09/24 20:42,2026-09-24T20:57:07+09:00,2026/09/25,2026/11/12,2026-11,CALL,79500,40,,1,25.26,24.37,40,16,31,43,24.91,-1,-2.56,38,09/24 20:35
2026/09/24 20:42,2026-09-24T20:57:07+09:00,2026/09/25,2026/11/12,2026-11,PUT,79500,14185,,,,,,,,,,,,,
2026/09/24 20:42,2026-09-24T20:57:07+09:00,2026/09/25,2026/11/12,2026-11,CALL,79000,44,,,25.26,24.58,48,26,40,26,,,,,
2026/09/24 20:42,2026-09-24T20:57:07+09:00,2026/09/25,2026/11/12,2026-11,PUT,79000,13690,,,,,,,,,,,,,
2026/09/24 20:42,2026-09-24T20:57:07+09:00,2026/09/25,2026/11/12,2026-11,CALL,78500,53,,1,25.08,24.56,55,14,48,2,24.72,-9,-14.75,52,09/24 17:24
2026/09/24 20:42,2026-09-24T20:57:07+09:00,2026/09/25,2026/11/12,2026-11,PUT,78500,13200,,,,,,,,,,,,,
2026/09/24 20:42,2026-09-24T20:57:07+09:00,2026/09/25,2026/11/12,2026-11,CALL,78000,62,,1,25.09,24.5,66,23,57,21,24.5,-6,-9.23,59,09/24 17:24
2026/09/24 20:42,2026-09-24T20:57:07+09:00,2026/09/25,2026/11/12,2026-11,PUT,78000,12710,,,,,,,,,,,,,
2026/09/24 20:42,2026-09-24T20:57:07+09:00,2026/09/25,2026/11/12,2026-11,CALL,77500,74,,,24.94,24.47,76,12,68,12,,,,,
2026/09/24 20:42,2026-09-24T20:57:07+09:00,2026/09/25,2026/11/12,2026-11,PUT,77500,12225,,,,,,,,,,,,,
2026/09/24 20:42,2026-09-24T20:57:07+09:00,2026/09/25,2026/11/12,2026-11,CALL,77000,87,,4,24.81,24.5,88,18,82,1,24.64,-9,-9.68,84,09/24 18:50
2026/09/24 20:42,2026-09-24T20:57:07+09:00,2026/09/25,2026/11/12,2026-11,PUT,77000,11735,,,,,,,,,,,,,
2026/09/24 20:42,2026-09-24T20:57:07+09:00,2026/09/25,2026/11/12,2026-11,CALL,76500,104,,,24.77,24.36,104,11,95,11,,,,,
2026/09/24 20:42,2026-09-24T20:57:07+09:00,2026/09/25,2026/11/12,2026-11,PUT,76500,11255,,,,,,,,,,,,,
2026/09/24 20:42,2026-09-24T20:57:07+09:00,2026/09/25,2026/11/12,2026-11,CALL,76250,117,,,24.76,24.41,113,8,105,8,,,,,
2026/09/24 20:42,2026-09-24T20:57:07+09:00,2026/09/25,2026/11/12,2026-11,PUT,76250,11015,,,,,,,,,,,,,
2026/09/24 20:42,2026-09-24T20:57:07+09:00,2026/09/25,2026/11/12,2026-11,CALL,76000,127,,,24.63,24.43,120,4,115,2,,,,,
2026/09/24 20:42,2026-09-24T20:57:07+09:00,2026/09/25,2026/11/12,2026-11,PUT,76000,10775,,,,,,,,,,,,,
2026/09/24 20:42,2026-09-24T20:57:07+09:00,2026/09/25,2026/11/12,2026-11,CALL,75750,131,,,24.68,24.25,132,7,121,9,,,,,
2026/09/24 20:42,2026-09-24T20:57:07+09:00,2026/09/25,2026/11/12,2026-11,PUT,75750,10535,,,26.5,,10785,4,10285,4,,,,,
2026/09/24 20:42,2026-09-24T20:57:07+09:00,2026/09/25,2026/11/12,2026-11,CALL,75500,143,,,24.69,24.37,144,8,135,2,,,,,
2026/09/24 20:42,2026-09-24T20:57:07+09:00,2026/09/25,2026/11/12,2026-11,PUT,75500,10295,,,26.36,,10545,8,10045,8,,,,,
2026/09/24 20:42,2026-09-24T20:57:07+09:00,2026/09/25,2026/11/12,2026-11,CALL,75250,156,,,24.6,24.36,154,5,147,2,,,,,
2026/09/24 20:42,2026-09-24T20:57:07+09:00,2026/09/25,2026/11/12,2026-11,PUT,75250,10060,,,26.35,,10310,4,9810,3,,,,,
2026/09/24 20:42,2026-09-24T20:57:07+09:00,2026/09/25,2026/11/12,2026-11,CALL,75000,174,,1,24.62,24.36,168,11,160,11,24.31,-7,-4.02,167,09/24 17:11
2026/09/24 20:42,2026-09-24T20:57:07+09:00,2026/09/25,2026/11/12,2026-11,PUT,75000,9820,,,26.17,,10070,12,9570,12,,,,,
2026/09/24 20:42,2026-09-24T20:57:07+09:00,2026/09/25,2026/11/12,2026-11,CALL,74750,184,,,24.61,24.33,182,5,173,5,,,,,
2026/09/24 20:42,2026-09-24T20:57:07+09:00,2026/09/25,2026/11/12,2026-11,PUT,74750,9590,,,26.25,,9840,4,9340,4,,,,,
2026/09/24 20:42,2026-09-24T20:57:07+09:00,2026/09/25,2026/11/12,2026-11,CALL,74500,199,,1,24.54,24.33,195,8,188,8,24.19,,,193,09/24 17:12
2026/09/24 20:42,2026-09-24T20:57:07+09:00,2026/09/25,2026/11/12,2026-11,PUT,74500,9355,,,26.16,,9605,8,9105,8,,,,,
2026/09/24 20:42,2026-09-24T20:57:07+09:00,2026/09/25,2026/11/12,2026-11,CALL,74250,216,,,24.57,24.3,213,2,203,2,,,,,
2026/09/24 20:42,2026-09-24T20:57:07+09:00,2026/09/25,2026/11/12,2026-11,PUT,74250,9120,,,26.05,,9370,4,8870,3,,,,,
2026/09/24 20:42,2026-09-24T20:57:07+09:00,2026/09/25,2026/11/12,2026-11,CALL,74000,234,,1,24.47,24.31,227,2,221,11,24.35,-31,-11.83,231,09/24 18:31
2026/09/24 20:42,2026-09-24T20:57:07+09:00,2026/09/25,2026/11/12,2026-11,PUT,74000,8890,,,26.03,,9140,12,8640,12,,,,,
2026/09/24 20:42,2026-09-24T20:57:07+09:00,2026/09/25,2026/11/12,2026-11,CALL,73750,255,,,24.55,24.25,249,5,237,5,,,,,
2026/09/24 20:42,2026-09-24T20:57:07+09:00,2026/09/25,2026/11/12,2026-11,PUT,73750,8660,,,25.99,,8910,4,8410,4,,,,,
2026/09/24 20:42,2026-09-24T20:57:07+09:00,2026/09/25,2026/11/12,2026-11,CALL,73500,277,,10,24.51,24.23,268,8,256,8,24.22,-31,-10.69,259,09/24 17:15
2026/09/24 20:42,2026-09-24T20:57:07+09:00,2026/09/25,2026/11/12,2026-11,PUT,73500,8430,,,25.91,,8680,8,8180,8,,,,,
2026/09/24 20:42,2026-09-24T20:57:07+09:00,2026/09/25,2026/11/12,2026-11,CALL,73250,300,,,24.52,24.24,290,5,278,5,,,,,
2026/09/24 20:42,2026-09-24T20:57:07+09:00,2026/09/25,2026/11/12,2026-11,PUT,73250,8200,,,25.82,,8450,4,7950,4,,,,,
2026/09/24 20:42,2026-09-24T20:57:07+09:00,2026/09/25,2026/11/12,2026-11,CALL,73000,325,,5,24.44,24.22,310,2,300,22,23.98,-42,-12.35,298,09/24 17:21
2026/09/24 20:42,2026-09-24T20:57:07+09:00,2026/09/25,2026/11/12,2026-11,PUT,73000,7975,,,25.79,,8225,12,7725,12,,,,,
2026/09/24 20:42,2026-09-24T20:57:07+09:00,2026/09/25,2026/11/12,2026-11,CALL,72750,345,,,24.44,24.24,335,2,325,5,,,,,
2026/09/24 20:42,2026-09-24T20:57:07+09:00,2026/09/25,2026/11/12,2026-11,PUT,72750,7750,,,25.74,,8000,4,7500,4,,,,,
2026/09/24 20:42,2026-09-24T20:57:07+09:00,2026/09/25,2026/11/12,2026-11,CALL,72500,375,,,24.41,24.21,360,2,350,2,,,,,
2026/09/24 20:42,2026-09-24T20:57:07+09:00,2026/09/25,2026/11/12,2026-11,PUT,72500,7525,,,25.66,,7775,8,7275,8,,,,,
2026/09/24 20:42,2026-09-24T20:57:07+09:00,2026/09/25,2026/11/12,2026-11,CALL,72250,405,,,24.44,24.25,390,2,380,5,,,,,
2026/09/24 20:42,2026-09-24T20:57:07+09:00,2026/09/25,2026/11/12,2026-11,PUT,72250,7305,,,25.64,,7555,4,7055,4,,,,,
2026/09/24 20:42,2026-09-24T20:57:07+09:00,2026/09/25,2026/11/12,2026-11,CALL,72125,420,,,25.88,22.79,485,24,320,24,,,,,
2026/09/24 20:42,2026-09-24T20:57:07+09:00,2026/09/25,2026/11/12,2026-11,PUT,72125,7205,,,25.8,,7455,4,6955,4,,,,,
2026/09/24 20:42,2026-09-24T20:57:07+09:00,2026/09/25,2026/11/12,2026-11,CALL,72000,435,,4,24.44,24.26,420,2,410,8,24.36,-10,-2.27,430,09/24 18:23
2026/09/24 20:42,2026-09-24T20:57:07+09:00,2026/09/25,2026/11/12,2026-11,PUT,72000,7090,,,25.68,,7340,12,6840,12,,,,,
2026/09/24 20:42,2026-09-24T20:57:07+09:00,2026/09/25,2026/11/12,2026-11,CALL,71875,450,,,25.98,22.84,525,24,350,24,,,,,
2026/09/24 20:42,2026-09-24T20:57:07+09:00,2026/09/25,2026/11/12,2026-11,PUT,71875,6980,,,25.64,10.53,7230,4,6730,4,,,,,
2026/09/24 20:42,2026-09-24T20:57:07+09:00,2026/09/25,2026/11/12,2026-11,CALL,71750,470,,,24.4,24.22,450,2,440,4,,,,,
2026/09/24 20:42,2026-09-24T20:57:07+09:00,2026/09/25,2026/11/12,2026-11,PUT,71750,6875,,,25.68,12.81,7125,4,6625,4,,,,,
2026/09/24 20:42,2026-09-24T20:57:07+09:00,2026/09/25,2026/11/12,2026-11,CALL,71625,480,,,25.95,23.22,560,24,400,9,,,,,
2026/09/24 20:42,2026-09-24T20:57:07+09:00,2026/09/25,2026/11/12,2026-11,PUT,71625,6765,,,25.63,13.62,7015,4,6515,4,,,,,
2026/09/24 20:42,2026-09-24T20:57:07+09:00,2026/09/25,2026/11/12,2026-11,CALL,71500,505,,,24.41,24.24,485,2,475,6,,,,,
2026/09/24 20:42,2026-09-24T20:57:07+09:00,2026/09/25,2026/11/12,2026-11,PUT,71500,6660,,,25.65,14.43,6910,8,6410,8,,,,,
2026/09/24 20:42,2026-09-24T20:57:07+09:00,2026/09/25,2026/11/12,2026-11,CALL,71375,515,,,25.97,23.17,600,24,430,24,,,,,
2026/09/24 20:42,2026-09-24T20:57:07+09:00,2026/09/25,2026/11/12,2026-11,PUT,71375,6550,,,25.58,14.84,6800,4,6300,4,,,,,
2026/09/24 20:42,2026-09-24T20:57:07+09:00,2026/09/25,2026/11/12,2026-11,CALL,71250,545,,,24.39,24.23,520,2,510,4,,,,,
2026/09/24 20:42,2026-09-24T20:57:07+09:00,2026/09/25,2026/11/12,2026-11,PUT,71250,6445,,,25.58,15.35,6695,4,6195,4,,,,,
2026/09/24 20:42,2026-09-24T20:57:07+09:00,2026/09/25,2026/11/12,2026-11,CALL,71125,560,,,25.96,22.84,640,24,445,24,,,,,
2026/09/24 20:42,2026-09-24T20:57:07+09:00,2026/09/25,2026/11/12,2026-11,PUT,71125,6340,,,25.58,15.76,6590,4,6090,4,,,,,
2026/09/24 20:42,2026-09-24T20:57:07+09:00,2026/09/25,2026/11/12,2026-11,CALL,71000,585,,,24.41,24.26,560,2,550,6,,,,,
2026/09/24 20:42,2026-09-24T20:57:07+09:00,2026/09/25,2026/11/12,2026-11,PUT,71000,6240,,,25.64,16.24,6490,12,5990,12,,,,,
2026/09/24 20:42,2026-09-24T20:57:07+09:00,2026/09/25,2026/11/12,2026-11,CALL,70875,610,,,25.77,23.15,670,24,500,24,,,,,
2026/09/24 20:42,2026-09-24T20:57:07+09:00,2026/09/25,2026/11/12,2026-11,PUT,70875,6145,,,25.77,16.78,6395,4,5895,4,,,,,
2026/09/24 20:42,2026-09-24T20:57:07+09:00,2026/09/25,2026/11/12,2026-11,CALL,70750,625,,,24.4,24.24,600,2,590,2,,,,,
2026/09/24 20:42,2026-09-24T20:57:07+09:00,2026/09/25,2026/11/12,2026-11,PUT,70750,6030,,,25.59,16.77,6280,4,5780,4,,,,,
2026/09/24 20:42,2026-09-24T20:57:07+09:00,2026/09/25,2026/11/12,2026-11,CALL,70625,650,,,25.69,22.92,710,24,525,24,,,,,
2026/09/24 20:42,2026-09-24T20:57:07+09:00,2026/09/25,2026/11/12,2026-11,PUT,70625,5935,,,25.69,17.19,6185,4,5685,4,,,,,
2026/09/24 20:42,2026-09-24T20:57:07+09:00,2026/09/25,2026/11/12,2026-11,CALL,70500,670,,,24.42,24.2,645,2,630,2,,,,,
2026/09/24 20:42,2026-09-24T20:57:07+09:00,2026/09/25,2026/11/12,2026-11,PUT,70500,5825,,,25.57,17.25,6075,8,5575,8,,,,,
2026/09/24 20:42,2026-09-24T20:57:07+09:00,2026/09/25,2026/11/12,2026-11,CALL,70375,700,,,25.73,23.28,760,24,590,24,,,,,
2026/09/24 20:42,2026-09-24T20:57:07+09:00,2026/09/25,2026/11/12,2026-11,PUT,70375,5735,,,25.73,17.7,5985,4,5485,4,,,,,
2026/09/24 20:42,2026-09-24T20:57:07+09:00,2026/09/25,2026/11/12,2026-11,CALL,70250,720,,,24.47,24.19,695,4,675,4,,,,,
2026/09/24 20:42,2026-09-24T20:57:07+09:00,2026/09/25,2026/11/12,2026-11,PUT,70250,5620,,,25.52,17.61,5870,4,5370,4,,,,,
2026/09/24 20:42,2026-09-24T20:57:07+09:00,2026/09/25,2026/11/12,2026-11,CALL,70125,730,,,25.72,23.35,810,22,640,22,,,,,
2026/09/24 20:42,2026-09-24T20:57:07+09:00,2026/09/25,2026/11/12,2026-11,PUT,70125,5520,,,25.52,17.8,5770,4,5270,4,,,,,
2026/09/24 20:42,2026-09-24T20:57:07+09:00,2026/09/25,2026/11/12,2026-11,CALL,70000,775,,5,24.49,24.21,745,5,725,5,24.48,-10,-1.29,765,09/24 18:14
2026/09/24 20:42,2026-09-24T20:57:07+09:00,2026/09/25,2026/11/12,2026-11,PUT,70000,5425,,,25.58,18.23,5675,12,5185,3,,,,,
2026/09/24 20:42,2026-09-24T20:57:07+09:00,2026/09/25,2026/11/12,2026-11,CALL,69875,785,,,25.55,23.38,850,22,690,22,,,,,
2026/09/24 20:42,2026-09-24T20:57:07+09:00,2026/09/25,2026/11/12,2026-11,PUT,69875,5320,,,25.29,18.53,5555,3,5095,3,,,,,
2026/09/24 20:42,2026-09-24T20:57:07+09:00,2026/09/25,2026/11/12,2026-11,CALL,69750,815,,,24.47,24.2,795,3,775,3,,,,,
2026/09/24 20:42,2026-09-24T20:57:07+09:00,2026/09/25,2026/11/12,2026-11,PUT,69750,5230,,,25.39,18.8,5465,2,5005,2,,,,,
2026/09/24 20:42,2026-09-24T20:57:07+09:00,2026/09/25,2026/11/12,2026-11,CALL,69625,860,,,25.55,23.24,905,22,730,22,,,,,
2026/09/24 20:42,2026-09-24T20:57:07+09:00,2026/09/25,2026/11/12,2026-11,PUT,69625,5145,,,25.55,19.12,5380,3,4920,3,,,,,
2026/09/24 20:42,2026-09-24T20:57:07+09:00,2026/09/25,2026/11/12,2026-11,CALL,69500,875,,,24.54,24.15,855,2,825,2,,,,,
2026/09/24 20:42,2026-09-24T20:57:07+09:00,2026/09/25,2026/11/12,2026-11,PUT,69500,5030,,,25.31,18.95,5265,3,4805,3,,,,,
2026/09/24 20:42,2026-09-24T20:57:07+09:00,2026/09/25,2026/11/12,2026-11,CALL,69375,915,,,25.45,23.06,955,22,770,22,,,,,
2026/09/24 20:42,2026-09-24T20:57:07+09:00,2026/09/25,2026/11/12,2026-11,PUT,69375,4955,,,25.58,19.38,5190,3,4730,3,,,,,
2026/09/24 20:42,2026-09-24T20:57:07+09:00,2026/09/25,2026/11/12,2026-11,CALL,69250,935,,,24.44,24.25,905,2,890,3,,,,,
2026/09/24 20:42,2026-09-24T20:57:07+09:00,2026/09/25,2026/11/12,2026-11,PUT,69250,4845,,,25.39,19.26,5080,2,4620,2,,,,,
2026/09/24 20:42,2026-09-24T20:57:07+09:00,2026/09/25,2026/11/12,2026-11,CALL,69125,970,,,25.75,23.31,1040,22,845,22,,,,,
2026/09/24 20:42,2026-09-24T20:57:07+09:00,2026/09/25,2026/11/12,2026-11,PUT,69125,4760,,,25.5,19.49,4995,3,4535,3,,,,,
2026/09/24 20:42,2026-09-24T20:57:07+09:00,2026/09/25,2026/11/12,2026-11,CALL,69000,1010,,,24.5,24.25,970,5,950,5,,,,,
2026/09/24 20:42,2026-09-24T20:57:07+09:00,2026/09/25,2026/11/12,2026-11,PUT,69000,4660,,,25.3,19.49,4885,7,4435,7,,,,,
2026/09/24 20:42,2026-09-24T20:57:07+09:00,2026/09/25,2026/11/12,2026-11,CALL,68875,1045,,,25.63,23.31,1095,22,905,22,,,,,
2026/09/24 20:42,2026-09-24T20:57:07+09:00,2026/09/25,2026/11/12,2026-11,PUT,68875,4585,,,25.63,19.82,4820,3,4360,3,,,,,
2026/09/24 20:42,2026-09-24T20:57:07+09:00,2026/09/25,2026/11/12,2026-11,CALL,68750,1065,,,24.63,24.27,1045,3,1015,3,,,,,
2026/09/24 20:42,2026-09-24T20:57:07+09:00,2026/09/25,2026/11/12,2026-11,PUT,68750,4475,,,25.41,21.42,4710,2,4385,2,,,,,
2026/09/24 20:42,2026-09-24T20:57:07+09:00,2026/09/25,2026/11/12,2026-11,CALL,68625,1120,,,25.6,23.39,1160,22,975,22,,,,,
2026/09/24 20:42,2026-09-24T20:57:07+09:00,2026/09/25,2026/11/12,2026-11,PUT,68625,4405,,,25.66,20.01,4640,3,4180,3,,,,,
2026/09/24 20:42,2026-09-24T20:57:07+09:00,2026/09/25,2026/11/12,2026-11,CALL,68500,1150,,,24.55,24.19,1105,4,1075,4,,,,,
2026/09/24 20:42,2026-09-24T20:57:07+09:00,2026/09/25,2026/11/12,2026-11,PUT,68500,4305,,,25.66,23.3,4550,3,4350,3,,,,,
2026/09/24 20:42,2026-09-24T20:57:07+09:00,2026/09/25,2026/11/12,2026-11,CALL,68375,1190,,,24.9,23.19,1170,6,1025,15,,,,,
2026/09/24 20:42,2026-09-24T20:57:07+09:00,2026/09/25,2026/11/12,2026-11,PUT,68375,4230,,,25.71,20.21,4465,3,4005,3,,,,,
2026/09/24 20:42,2026-09-24T20:57:07+09:00,2026/09/25,2026/11/12,2026-11,CALL,68250,1215,,,24.66,24.31,1185,3,1155,3,,,,,
2026/09/24 20:42,2026-09-24T20:57:07+09:00,2026/09/25,2026/11/12,2026-11,PUT,68250,4130,,,24.6,23.32,4280,3,4170,4,,,,,
2026/09/24 20:42,2026-09-24T20:57:07+09:00,2026/09/25,2026/11/12,2026-11,CALL,68125,1260,,,25.5,23.54,1295,21,1125,21,,,,,
2026/09/24 20:42,2026-09-24T20:57:07+09:00,2026/09/25,2026/11/12,2026-11,PUT,68125,4050,,,25.67,21.78,4285,3,3950,3,,,,,
2026/09/24 20:42,2026-09-24T20:57:07+09:00,2026/09/25,2026/11/12,2026-11,CALL,68000,1295,,4,24.78,24.27,1270,5,1225,5,24.74,-40,-3.03,1280,09/24 19:58
2026/09/24 20:42,2026-09-24T20:57:07+09:00,2026/09/25,2026/11/12,2026-11,PUT,68000,3960,,,24.61,23.24,4105,5,3985,22,,,,,
2026/09/24 20:42,2026-09-24T20:57:07+09:00,2026/09/25,2026/11/12,2026-11,CALL,67875,1345,,,25.59,24.01,1380,21,1240,6,,,,,
2026/09/24 20:42,2026-09-24T20:57:07+09:00,2026/09/25,2026/11/12,2026-11,PUT,67875,3885,,,25.76,21.95,4120,3,3785,3,,,,,
2026/09/24 20:42,2026-09-24T20:57:07+09:00,2026/09/25,2026/11/12,2026-11,CALL,67750,1390,,,24.64,24.25,1335,2,1300,3,,,,,
2026/09/24 20:42,2026-09-24T20:57:07+09:00,2026/09/25,2026/11/12,2026-11,PUT,67750,3805,,,24.64,23.52,3935,1,3835,3,,,,,
2026/09/24 20:42,2026-09-24T20:57:07+09:00,2026/09/25,2026/11/12,2026-11,CALL,67625,1425,,,25.08,23.86,1415,6,1305,6,,,,,
2026/09/24 20:42,2026-09-24T20:57:07+09:00,2026/09/25,2026/11/12,2026-11,PUT,67625,3715,,,25.75,21.83,3950,3,3600,3,,,,,
2026/09/24 20:42,2026-09-24T20:57:07+09:00,2026/09/25,2026/11/12,2026-11,CALL,67500,1475,,,24.74,24.41,1425,3,1395,3,,,,,
2026/09/24 20:42,2026-09-24T20:57:07+09:00,2026/09/25,2026/11/12,2026-11,PUT,67500,3640,,,24.9,23.35,3790,4,3650,8,,,,,
2026/09/24 20:42,2026-09-24T20:57:07+09:00,2026/09/25,2026/11/12,2026-11,CALL,67375,1515,,,25.15,24.28,1505,6,1425,6,,,,,
2026/09/24 20:42,2026-09-24T20:57:07+09:00,2026/09/25,2026/11/12,2026-11,PUT,67375,3555,,,25.64,21.9,3775,3,3435,3,,,,,
2026/09/24 20:42,2026-09-24T20:57:07+09:00,2026/09/25,2026/11/12,2026-11,CALL,67250,1560,,,24.85,24.47,1520,2,1485,2,,,,,
2026/09/24 20:42,2026-09-24T20:57:07+09:00,2026/09/25,2026/11/12,2026-11,PUT,67250,3480,,,24.96,23.7,3630,2,3515,3,,,,,
2026/09/24 20:42,2026-09-24T20:57:07+09:00,2026/09/25,2026/11/12,2026-11,CALL,67125,1605,,,25.18,23.99,1595,6,1485,6,,,,,
2026/09/24 20:42,2026-09-24T20:57:07+09:00,2026/09/25,2026/11/12,2026-11,PUT,67125,3400,,,25.78,24.26,3625,3,3485,1,,,,,
2026/09/24 20:42,2026-09-24T20:57:07+09:00,2026/09/25,2026/11/12,2026-11,CALL,67000,1645,,,25.07,24.37,1630,1,1565,1,,,,,
2026/09/24 20:42,2026-09-24T20:57:07+09:00,2026/09/25,2026/11/12,2026-11,PUT,67000,3315,,,25.18,23.67,3490,5,3350,9,,,,,
2026/09/24 20:42,2026-09-24T20:57:07+09:00,2026/09/25,2026/11/12,2026-11,CALL,66875,1705,,,25.22,24.05,1690,6,1580,6,,,,,
2026/09/24 20:42,2026-09-24T20:57:07+09:00,2026/09/25,2026/11/12,2026-11,PUT,66875,3245,,,25.44,24.26,3435,7,3325,4,,,,,
2026/09/24 20:42,2026-09-24T20:57:07+09:00,2026/09/25,2026/11/12,2026-11,CALL,66750,1760,,,25.2,24.51,1735,2,1670,2,,,,,
2026/09/24 20:42,2026-09-24T20:57:07+09:00,2026/09/25,2026/11/12,2026-11,PUT,66750,3180,,,24.88,24.14,3305,2,3235,2,,,,,
2026/09/24 20:42,2026-09-24T20:57:07+09:00,2026/09/25,2026/11/12,2026-11,CALL,66625,1810,,,25.28,24.16,1790,5,1685,20,,,,,
2026/09/24 20:42,2026-09-24T20:57:07+09:00,2026/09/25,2026/11/12,2026-11,PUT,66625,3100,,,25.01,23.37,3240,1,3085,7,,,,,
2026/09/24 20:42,2026-09-24T20:57:07+09:00,2026/09/25,2026/11/12,2026-11,CALL,66500,1870,,,25.24,24.6,1835,3,1775,3,,,,,
2026/09/24 20:42,2026-09-24T20:57:07+09:00,2026/09/25,2026/11/12,2026-11,PUT,66500,3025,,,24.87,24.29,3150,3,3095,9,,,,,
2026/09/24 20:42,2026-09-24T20:57:07+09:00,2026/09/25,2026/11/12,2026-11,CALL,66375,1910,,,25.34,24.61,1895,5,1825,1,,,,,
2026/09/24 20:42,2026-09-24T20:57:07+09:00,2026/09/25,2026/11/12,2026-11,PUT,66375,2955,,,25.76,23.55,3160,7,2950,7,,,,,
2026/09/24 20:42,2026-09-24T20:57:07+09:00,2026/09/25,2026/11/12,2026-11,CALL,66250,1975,,,25.33,24.7,1945,2,1885,2,,,,,
2026/09/24 20:42,2026-09-24T20:57:07+09:00,2026/09/25,2026/11/12,2026-11,PUT,66250,2895,,,24.97,24.02,3010,1,2920,6,,,,,
2026/09/24 20:42,2026-09-24T20:57:07+09:00,2026/09/25,2026/11/12,2026-11,CALL,66125,2030,,,25.47,24.22,2010,20,1890,20,,,,,
2026/09/24 20:42,2026-09-24T20:57:07+09:00,2026/09/25,2026/11/12,2026-11,PUT,66125,2825,,,25.42,24.32,2980,7,2875,5,,,,,
2026/09/24 20:42,2026-09-24T20:57:07+09:00,2026/09/25,2026/11/12,2026-11,CALL,66000,2095,,,25.23,24.76,2040,4,1995,4,,,,,
2026/09/24 20:42,2026-09-24T20:57:07+09:00,2026/09/25,2026/11/12,2026-11,PUT,66000,2765,,,25.13,24.35,2880,1,2805,21,,,,,
2026/09/24 20:42,2026-09-24T20:57:07+09:00,2026/09/25,2026/11/12,2026-11,CALL,65875,2145,,,25.45,24.31,2115,5,2005,5,,,,,
2026/09/24 20:42,2026-09-24T20:57:07+09:00,2026/09/25,2026/11/12,2026-11,PUT,65875,2685,,,25.51,24.46,2845,3,2745,1,,,,,
2026/09/24 20:42,2026-09-24T20:57:07+09:00,2026/09/25,2026/11/12,2026-11,CALL,65750,2210,,,25.46,24.88,2170,2,2115,2,,,,,
2026/09/24 20:42,2026-09-24T20:57:07+09:00,2026/09/25,2026/11/12,2026-11,PUT,65750,2630,,,25.14,24.52,2740,2,2680,2,,,,,
2026/09/24 20:42,2026-09-24T20:57:07+09:00,2026/09/25,2026/11/12,2026-11,CALL,65625,2275,,,25.55,24.82,2235,5,2165,1,,,,,
2026/09/24 20:42,2026-09-24T20:57:07+09:00,2026/09/25,2026/11/12,2026-11,PUT,65625,2570,,,25.66,24.51,2720,11,2610,5,,,,,
2026/09/24 20:42,2026-09-24T20:57:07+09:00,2026/09/25,2026/11/12,2026-11,CALL,65500,2340,,,25.53,24.96,2290,3,2235,3,,,,,
2026/09/24 20:42,2026-09-24T20:57:07+09:00,2026/09/25,2026/11/12,2026-11,PUT,65500,2510,,2,25.17,24.6,2605,3,2550,3,24.7,,,2565,09/24 19:50
2026/09/24 20:42,2026-09-24T20:57:07+09:00,2026/09/25,2026/11/12,2026-11,CALL,65375,2410,,,25.61,24.52,2355,5,2250,3,,,,,
2026/09/24 20:42,2026-09-24T20:57:07+09:00,2026/09/25,2026/11/12,2026-11,PUT,65375,2455,,,25.71,24.57,2590,5,2480,5,,,,,
2026/09/24 20:42,2026-09-24T20:57:07+09:00,2026/09/25,2026/11/12,2026-11,CALL,65250,2465,,,25.62,25.05,2415,2,2360,2,,,,,
2026/09/24 20:42,2026-09-24T20:57:07+09:00,2026/09/25,2026/11/12,2026-11,PUT,65250,2390,,,25.31,24.68,2485,2,2425,2,,,,,
2026/09/24 20:42,2026-09-24T20:57:07+09:00,2026/09/25,2026/11/12,2026-11,CALL,65125,2540,,,25.67,24.63,2480,1,2380,3,,,,,
2026/09/24 20:42,2026-09-24T20:57:07+09:00,2026/09/25,2026/11/12,2026-11,PUT,65125,2340,,,25.83,24.68,2470,5,2360,5,,,,,
2026/09/24 20:42,2026-09-24T20:57:07+09:00,2026/09/25,2026/11/12,2026-11,CALL,65000,2595,,2,25.72,25.14,2545,4,2490,4,25.36,-95,-3.66,2500,09/24 18:41
2026/09/24 20:42,2026-09-24T20:57:07+09:00,2026/09/25,2026/11/12,2026-11,PUT,65000,2275,,7,25.4,24.78,2365,4,2305,4,25.44,195,9.05,2350,09/24 19:55
2026/09/24 20:42,2026-09-24T20:57:07+09:00,2026/09/25,2026/11/12,2026-11,CALL,64875,2675,,,25.8,25.02,2615,5,2540,1,,,,,
2026/09/24 20:42,2026-09-24T20:57:07+09:00,2026/09/25,2026/11/12,2026-11,PUT,64875,2225,,,25.91,24.76,2350,5,2240,5,,,,,
2026/09/24 20:42,2026-09-24T20:57:07+09:00,2026/09/25,2026/11/12,2026-11,CALL,64750,2735,,,25.98,25.25,2695,2,2625,2,,,,,
2026/09/24 20:42,2026-09-24T20:57:07+09:00,2026/09/25,2026/11/12,2026-11,PUT,64750,2160,,,25.67,24.78,2265,1,2180,47,,,,,
2026/09/24 20:42,2026-09-24T20:57:07+09:00,2026/09/25,2026/11/12,2026-11,CALL,64625,2815,,,26.68,24.58,2825,7,2625,7,,,,,
2026/09/24 20:42,2026-09-24T20:57:07+09:00,2026/09/25,2026/11/12,2026-11,PUT,64625,2110,,,26.05,24.89,2240,5,2130,5,,,,,
2026/09/24 20:42,2026-09-24T20:57:07+09:00,2026/09/25,2026/11/12,2026-11,CALL,64500,2880,,,25.89,25.37,2815,3,2765,3,,,,,
2026/09/24 20:42,2026-09-24T20:57:07+09:00,2026/09/25,2026/11/12,2026-11,PUT,64500,2055,,3,25.58,25.05,2135,3,2085,3,25.65,160,8.14,2125,09/24 19:55
2026/09/24 20:42,2026-09-24T20:57:07+09:00,2026/09/25,2026/11/12,2026-11,CALL,64375,2960,,,26.62,24.67,2950,7,2765,7,,,,,
2026/09/24 20:42,2026-09-24T20:57:07+09:00,2026/09/25,2026/11/12,2026-11,PUT,64375,2005,,,25.99,24.99,2115,5,2020,5,,,,,
2026/09/24 20:42,2026-09-24T20:57:07+09:00,2026/09/25,2026/11/12,2026-11,CALL,64250,3030,,,26.02,25.39,2960,2,2900,2,,,,,
2026/09/24 20:42,2026-09-24T20:57:07+09:00,2026/09/25,2026/11/12,2026-11,PUT,64250,1950,,,25.7,25.17,2030,2,1980,2,,,,,
2026/09/24 20:42,2026-09-24T20:57:07+09:00,2026/09/25,2026/11/12,2026-11,CALL,64125,3105,,,26.74,24.82,3095,7,2915,7,,,,,
2026/09/24 20:42,2026-09-24T20:57:07+09:00,2026/09/25,2026/11/12,2026-11,PUT,64125,1900,,,26.26,25.09,2025,5,1915,5,,,,,
2026/09/24 20:42,2026-09-24T20:57:07+09:00,2026/09/25,2026/11/12,2026-11,CALL,64000,3180,,,26.54,25.52,3145,17,3050,1,,,,,
2026/09/24 20:42,2026-09-24T20:57:07+09:00,2026/09/25,2026/11/12,2026-11,PUT,64000,1850,,27,25.74,25.26,1920,1,1875,4,25.93,140,7.95,1900,09/24 20:04
2026/09/24 20:42,2026-09-24T20:57:07+09:00,2026/09/25,2026/11/12,2026-11,CALL,63875,3255,,,28.9,24.88,3435,3,3060,3,,,,,
2026/09/24 20:42,2026-09-24T20:57:07+09:00,2026/09/25,2026/11/12,2026-11,PUT,63875,1805,,,26.38,25.2,1925,6,1815,6,,,,,
2026/09/24 20:42,2026-09-24T20:57:07+09:00,2026/09/25,2026/11/12,2026-11,CALL,63750,3335,,,26.81,25.57,3310,3,3195,2,,,,,
2026/09/24 20:42,2026-09-24T20:57:07+09:00,2026/09/25,2026/11/12,2026-11,PUT,63750,1760,,,25.94,25.35,1830,2,1775,2,,,,,
2026/09/24 20:42,2026-09-24T20:57:07+09:00,2026/09/25,2026/11/12,2026-11,CALL,63625,3415,,,28.47,24.78,3535,3,3195,3,,,,,
2026/09/24 20:42,2026-09-24T20:57:07+09:00,2026/09/25,2026/11/12,2026-11,PUT,63625,1715,,,26.52,25.33,1830,6,1720,6,,,,,
2026/09/24 20:42,2026-09-24T20:57:07+09:00,2026/09/25,2026/11/12,2026-11,CALL,63500,3495,,,26.55,25.73,3430,3,3355,3,,,,,
2026/09/24 20:42,2026-09-24T20:57:07+09:00,2026/09/25,2026/11/12,2026-11,PUT,63500,1670,,,26.33,25.62,1760,1,1695,1,,,,,
2026/09/24 20:42,2026-09-24T20:57:07+09:00,2026/09/25,2026/11/12,2026-11,CALL,63375,3565,,,28.43,24.8,3675,3,3345,3,,,,,
2026/09/24 20:42,2026-09-24T20:57:07+09:00,2026/09/25,2026/11/12,2026-11,PUT,63375,1615,,,26.62,25.41,1735,21,1625,6,,,,,
2026/09/24 20:42,2026-09-24T20:57:07+09:00,2026/09/25,2026/11/12,2026-11,CALL,63250,3660,,,27.07,25.85,3625,3,3515,2,,,,,
2026/09/24 20:42,2026-09-24T20:57:07+09:00,2026/09/25,2026/11/12,2026-11,PUT,63250,1585,,,26.4,25.63,1665,2,1595,2,,,,,
2026/09/24 20:42,2026-09-24T20:57:07+09:00,2026/09/25,2026/11/12,2026-11,CALL,63125,3730,,,28.56,24.95,3835,3,3510,3,,,,,
2026/09/24 20:42,2026-09-24T20:57:07+09:00,2026/09/25,2026/11/12,2026-11,PUT,63125,1525,,,27.01,25.23,1670,21,1510,21,,,,,
2026/09/24 20:42,2026-09-24T20:57:07+09:00,2026/09/25,2026/11/12,2026-11,CALL,63000,3825,,,26.66,25.99,3740,5,3680,5,,,,,
2026/09/24 20:42,2026-09-24T20:57:07+09:00,2026/09/25,2026/11/12,2026-11,PUT,63000,1505,,,26.44,25.82,1570,5,1515,5,,,,,
2026/09/24 20:42,2026-09-24T20:57:07+09:00,2026/09/25,2026/11/12,2026-11,CALL,62875,3915,,,28.83,25.28,4010,3,3695,3,,,,,
2026/09/24 20:42,2026-09-24T20:57:07+09:00,2026/09/25,2026/11/12,2026-11,PUT,62875,1465,,,26.35,25.22,1515,1,1415,21,,,,,
2026/09/24 20:42,2026-09-24T20:57:07+09:00,2026/09/25,2026/11/12,2026-11,CALL,62750,4005,,,27.4,26.09,3960,4,3845,3,,,,,
2026/09/24 20:42,2026-09-24T20:57:07+09:00,2026/09/25,2026/11/12,2026-11,PUT,62750,1430,,,26.43,26.14,1475,3,1450,3,,,,,
2026/09/24 20:42,2026-09-24T20:57:07+09:00,2026/09/25,2026/11/12,2026-11,CALL,62625,4095,,,29.12,25.34,4190,3,3860,3,,,,,
2026/09/24 20:42,2026-09-24T20:57:07+09:00,2026/09/25,2026/11/12,2026-11,PUT,62625,1395,,,26.61,25.57,1445,6,1355,6,,,,,
2026/09/24 20:42,2026-09-24T20:57:07+09:00,2026/09/25,2026/11/12,2026-11,CALL,62500,4170,,,27.42,26.08,4120,15,4005,4,,,,,
2026/09/24 20:42,2026-09-24T20:57:07+09:00,2026/09/25,2026/11/12,2026-11,PUT,62500,1345,,,26.72,26.2,1410,4,1365,4,,,,,
2026/09/24 20:42,2026-09-24T20:57:07+09:00,2026/09/25,2026/11/12,2026-11,CALL,62375,4250,,,30.13,25.41,4435,3,4030,3,,,,,
2026/09/24 20:42,2026-09-24T20:57:07+09:00,2026/09/25,2026/11/12,2026-11,PUT,62375,1305,,,27.47,25.59,1430,22,1270,22,,,,,
2026/09/24 20:42,2026-09-24T20:57:07+09:00,2026/09/25,2026/11/12,2026-11,CALL,62250,4350,,,31.06,25.74,4595,2,4140,2,,,,,
2026/09/24 20:42,2026-09-24T20:57:07+09:00,2026/09/25,2026/11/12,2026-11,PUT,62250,1275,,,26.81,26.45,1330,3,1300,3,,,,,
2026/09/24 20:42,2026-09-24T20:57:07+09:00,2026/09/25,2026/11/12,2026-11,CALL,62125,4425,,,30.49,25.51,4625,3,4205,3,,,,,
2026/09/24 20:42,2026-09-24T20:57:07+09:00,2026/09/25,2026/11/12,2026-11,PUT,62125,1225,,,27.55,25.39,1350,22,1170,22,,,,,
2026/09/24 20:42,2026-09-24T20:57:07+09:00,2026/09/25,2026/11/12,2026-11,CALL,62000,4535,,,30.66,25.75,4720,7,4310,7,,,,,
2026/09/24 20:42,2026-09-24T20:57:07+09:00,2026/09/25,2026/11/12,2026-11,PUT,62000,1200,,,26.79,26.6,1245,5,1230,5,,,,,
2026/09/24 20:42,2026-09-24T20:57:07+09:00,2026/09/25,2026/11/12,2026-11,CALL,61875,4610,,,30.88,25.5,4820,3,4375,3,,,,,
2026/09/24 20:42,2026-09-24T20:57:07+09:00,2026/09/25,2026/11/12,2026-11,PUT,61875,1160,,,27.64,25.62,1275,22,1110,22,,,,,
2026/09/24 20:42,2026-09-24T20:57:07+09:00,2026/09/25,2026/11/12,2026-11,CALL,61750,4715,,,31.03,25.72,4915,2,4480,2,,,,,
2026/09/24 20:42,2026-09-24T20:57:07+09:00,2026/09/25,2026/11/12,2026-11,PUT,61750,1140,,,27.09,26.72,1190,3,1160,3,,,,,
2026/09/24 20:42,2026-09-24T20:57:07+09:00,2026/09/25,2026/11/12,2026-11,CALL,61625,4800,,,31.18,25.69,5010,3,4565,3,,,,,
2026/09/24 20:42,2026-09-24T20:57:07+09:00,2026/09/25,2026/11/12,2026-11,PUT,61625,1105,,,28.07,26.01,1230,22,1065,22,,,,,
2026/09/24 20:42,2026-09-24T20:57:07+09:00,2026/09/25,2026/11/12,2026-11,CALL,61500,4905,,,31.44,25.9,5115,3,4670,3,,,,,
2026/09/24 20:42,2026-09-24T20:57:07+09:00,2026/09/25,2026/11/12,2026-11,PUT,61500,1085,,,27.18,26.8,1120,2,1090,2,,,,,
2026/09/24 20:42,2026-09-24T20:57:07+09:00,2026/09/25,2026/11/12,2026-11,CALL,61375,5015,,,31.57,26.17,5210,3,4780,3,,,,,
2026/09/24 20:42,2026-09-24T20:57:07+09:00,2026/09/25,2026/11/12,2026-11,PUT,61375,1065,,,28.6,26.17,1195,22,1005,22,,,,,
2026/09/24 20:42,2026-09-24T20:57:07+09:00,2026/09/25,2026/11/12,2026-11,CALL,61250,5095,,,31.76,26.04,5310,2,4860,2,,,,,
2026/09/24 20:42,2026-09-24T20:57:07+09:00,2026/09/25,2026/11/12,2026-11,PUT,61250,1020,,,27.22,27.03,1050,3,1035,3,,,,,
2026/09/24 20:42,2026-09-24T20:57:07+09:00,2026/09/25,2026/11/12,2026-11,CALL,61125,5210,,,31.94,26.37,5410,3,4975,3,,,,,
2026/09/24 20:42,2026-09-24T20:57:07+09:00,2026/09/25,2026/11/12,2026-11,PUT,61125,975,,,28.33,26.03,1100,22,925,22,,,,,
2026/09/24 20:42,2026-09-24T20:57:07+09:00,2026/09/25,2026/11/12,2026-11,CALL,61000,5290,,,32.18,26.35,5515,7,5065,7,,,,,
2026/09/24 20:42,2026-09-24T20:57:07+09:00,2026/09/25,2026/11/12,2026-11,PUT,61000,950,,3,27.55,27.22,1005,5,980,2,27.59,60,6.32,1010,09/24 19:24
2026/09/24 20:42,2026-09-24T20:57:07+09:00,2026/09/25,2026/11/12,2026-11,CALL,60875,5405,,,32.29,26.39,5610,3,5160,3,,,,,
2026/09/24 20:42,2026-09-24T20:57:07+09:00,2026/09/25,2026/11/12,2026-11,PUT,60875,960,,,28.61,26.25,1050,22,875,22,,,,,
2026/09/24 20:42,2026-09-24T20:57:07+09:00,2026/09/25,2026/11/12,2026-11,CALL,60750,5485,,,32.46,26.34,5710,2,5250,2,,,,,
2026/09/24 20:42,2026-09-24T20:57:07+09:00,2026/09/25,2026/11/12,2026-11,PUT,60750,900,,,27.58,27.24,940,2,915,3,,,,,
2026/09/24 20:42,2026-09-24T20:57:07+09:00,2026/09/25,2026/11/12,2026-11,CALL,60625,5600,,,32.93,26.64,5835,3,5365,3,,,,,
2026/09/24 20:42,2026-09-24T20:57:07+09:00,2026/09/25,2026/11/12,2026-11,PUT,60625,900,,,28.78,26.5,995,22,830,22,,,,,
2026/09/24 20:42,2026-09-24T20:57:07+09:00,2026/09/25,2026/11/12,2026-11,CALL,60500,5685,,,33.09,26.29,5935,8,5435,8,,,,,
2026/09/24 20:42,2026-09-24T20:57:07+09:00,2026/09/25,2026/11/12,2026-11,PUT,60500,860,,,27.85,27.43,895,2,865,2,,,,,
2026/09/24 20:42,2026-09-24T20:57:07+09:00,2026/09/25,2026/11/12,2026-11,CALL,60250,5885,,,33.38,26.41,6135,4,5635,4,,,,,
2026/09/24 20:42,2026-09-24T20:57:07+09:00,2026/09/25,2026/11/12,2026-11,PUT,60250,815,,,27.87,27.58,835,4,815,4,,,,,
2026/09/24 20:42,2026-09-24T20:57:07+09:00,2026/09/25,2026/11/12,2026-11,CALL,60000,6090,,,33.71,26.56,6340,12,5840,12,,,,,
2026/09/24 20:42,2026-09-24T20:57:07+09:00,2026/09/25,2026/11/12,2026-11,PUT,60000,765,,1,28.07,27.85,790,2,775,2,27.75,30,4.05,770,09/24 19:49
2026/09/24 20:42,2026-09-24T20:57:07+09:00,2026/09/25,2026/11/12,2026-11,CALL,59750,6300,,,34.09,26.76,6550,4,6050,4,,,,,
2026/09/24 20:42,2026-09-24T20:57:07+09:00,2026/09/25,2026/11/12,2026-11,PUT,59750,725,,,28.24,28.01,745,2,730,4,,,,,
2026/09/24 20:42,2026-09-24T20:57:07+09:00,2026/09/25,2026/11/12,2026-11,CALL,59500,6510,,,34.45,26.92,6760,8,6260,8,,,,,
2026/09/24 20:42,2026-09-24T20:57:07+09:00,2026/09/25,2026/11/12,2026-11,PUT,59500,685,,,28.37,28.13,700,2,685,6,,,,,
2026/09/24 20:42,2026-09-24T20:57:07+09:00,2026/09/25,2026/11/12,2026-11,CALL,59250,6720,,,34.78,27.04,6970,4,6470,4,,,,,
2026/09/24 20:42,2026-09-24T20:57:07+09:00,2026/09/25,2026/11/12,2026-11,PUT,59250,650,,,28.63,28.3,665,4,645,4,,,,,
2026/09/24 20:42,2026-09-24T20:57:07+09:00,2026/09/25,2026/11/12,2026-11,CALL,59000,6935,,,35.17,27.22,7185,12,6685,12,,,,,
2026/09/24 20:42,2026-09-24T20:57:07+09:00,2026/09/25,2026/11/12,2026-11,PUT,59000,610,,1,28.77,28.6,625,2,615,2,28.87,40,6.84,625,09/24 17:43
2026/09/24 20:42,2026-09-24T20:57:07+09:00,2026/09/25,2026/11/12,2026-11,CALL,58750,7150,,,35.53,27.35,7400,4,6900,4,,,,,
2026/09/24 20:42,2026-09-24T20:57:07+09:00,2026/09/25,2026/11/12,2026-11,PUT,58750,580,,,28.97,28.79,590,2,580,2,,,,,
2026/09/24 20:42,2026-09-24T20:57:07+09:00,2026/09/25,2026/11/12,2026-11,CALL,58500,7370,,,35.96,27.55,7620,8,7120,8,,,,,
2026/09/24 20:42,2026-09-24T20:57:07+09:00,2026/09/25,2026/11/12,2026-11,PUT,58500,550,,,29.22,28.95,560,2,545,2,,,,,
2026/09/24 20:42,2026-09-24T20:57:07+09:00,2026/09/25,2026/11/12,2026-11,CALL,58250,7590,,,36.36,27.71,7840,4,7340,4,,,,,
2026/09/24 20:42,2026-09-24T20:57:07+09:00,2026/09/25,2026/11/12,2026-11,PUT,58250,505,,,29.35,29.17,525,5,515,5,,,,,
2026/09/24 20:42,2026-09-24T20:57:07+09:00,2026/09/25,2026/11/12,2026-11,CALL,58000,7810,,,36.75,27.84,8060,12,7560,12,,,,,
2026/09/24 20:42,2026-09-24T20:57:07+09:00,2026/09/25,2026/11/12,2026-11,PUT,58000,490,,,29.55,29.35,495,2,485,2,,,,,
2026/09/24 20:42,2026-09-24T20:57:07+09:00,2026/09/25,2026/11/12,2026-11,CALL,57750,8035,,,37.21,28.03,8285,4,7785,4,,,,,
2026/09/24 20:42,2026-09-24T20:57:07+09:00,2026/09/25,2026/11/12,2026-11,PUT,57750,465,,,29.81,29.61,470,2,460,5,,,,,
2026/09/24 20:42,2026-09-24T20:57:07+09:00,2026/09/25,2026/11/12,2026-11,CALL,57500,8260,,,37.65,28.2,8510,8,8010,8,,,,,
2026/09/24 20:42,2026-09-24T20:57:07+09:00,2026/09/25,2026/11/12,2026-11,PUT,57500,440,,2,30.04,29.84,445,2,435,8,30.26,25,6.02,440,09/24 17:12
2026/09/24 20:42,2026-09-24T20:57:07+09:00,2026/09/25,2026/11/12,2026-11,CALL,57250,8490,,,38.16,28.45,8740,4,8240,3,,,,,
2026/09/24 20:42,2026-09-24T20:57:07+09:00,2026/09/25,2026/11/12,2026-11,PUT,57250,415,,1,30.25,30.04,420,2,410,2,30.14,-55,-11.7,415,09/24 20:38
2026/09/24 20:42,2026-09-24T20:57:07+09:00,2026/09/25,2026/11/12,2026-11,CALL,57000,8715,,,38.57,28.55,8965,12,8465,12,,,,,
2026/09/24 20:42,2026-09-24T20:57:07+09:00,2026/09/25,2026/11/12,2026-11,PUT,57000,395,,2,30.55,30.21,400,11,385,2,30.61,30,8,405,09/24 18:43
2026/09/24 20:42,2026-09-24T20:57:07+09:00,2026/09/25,2026/11/12,2026-11,CALL,56750,8940,,,38.96,28.6,9190,4,8690,4,,,,,
2026/09/24 20:42,2026-09-24T20:57:07+09:00,2026/09/25,2026/11/12,2026-11,PUT,56750,375,,,30.81,30.46,380,5,365,2,,,,,
2026/09/24 20:42,2026-09-24T20:57:07+09:00,2026/09/25,2026/11/12,2026-11,CALL,56500,9175,,,39.52,28.89,9425,8,8925,6,,,,,
2026/09/24 20:42,2026-09-24T20:57:07+09:00,2026/09/25,2026/11/12,2026-11,PUT,56500,355,,2,30.94,30.82,355,2,350,3,31.12,15,4.48,350,09/24 17:11
2026/09/24 20:42,2026-09-24T20:57:07+09:00,2026/09/25,2026/11/12,2026-11,CALL,56250,9405,,,39.98,29.01,9655,4,9155,4,,,,,
2026/09/24 20:42,2026-09-24T20:57:07+09:00,2026/09/25,2026/11/12,2026-11,PUT,56250,340,,,31.28,31.03,340,5,330,2,,,,,
2026/09/24 20:42,2026-09-24T20:57:07+09:00,2026/09/25,2026/11/12,2026-11,CALL,56000,9640,,,40.53,29.24,9890,9,9390,12,,,,,
2026/09/24 20:42,2026-09-24T20:57:07+09:00,2026/09/25,2026/11/12,2026-11,PUT,56000,320,,2,31.47,31.21,320,2,310,2,31.63,0,0,315,09/24 17:11
2026/09/24 20:42,2026-09-24T20:57:07+09:00,2026/09/25,2026/11/12,2026-11,CALL,55750,9870,,,40.97,29.29,10120,4,9620,4,,,,,
2026/09/24 20:42,2026-09-24T20:57:07+09:00,2026/09/25,2026/11/12,2026-11,PUT,55750,305,,,31.77,31.52,305,2,296,5,,,,,
2026/09/24 20:42,2026-09-24T20:57:07+09:00,2026/09/25,2026/11/12,2026-11,CALL,55500,10105,,,41.49,29.46,10355,8,9855,6,,,,,
2026/09/24 20:42,2026-09-24T20:57:07+09:00,2026/09/25,2026/11/12,2026-11,PUT,55500,290,,3,32.02,31.82,289,2,282,8,32.25,29,10.74,299,09/24 18:45
2026/09/24 20:42,2026-09-24T20:57:07+09:00,2026/09/25,2026/11/12,2026-11,CALL,55250,10340,,,42.01,29.59,10590,4,10090,4,,,,,
2026/09/24 20:42,2026-09-24T20:57:07+09:00,2026/09/25,2026/11/12,2026-11,PUT,55250,276,,,32.3,32.04,275,2,266,5,,,,,
2026/09/24 20:42,2026-09-24T20:57:07+09:00,2026/09/25,2026/11/12,2026-11,CALL,55000,10580,,,42.61,29.88,10830,12,10330,12,,,,,
2026/09/24 20:42,2026-09-24T20:57:07+09:00,2026/09/25,2026/11/12,2026-11,PUT,55000,259,,195,32.57,32.39,261,2,255,11,32.67,6,2.32,265,09/24 19:24
2026/09/24 20:42,2026-09-24T20:57:07+09:00,2026/09/25,2026/11/12,2026-11,CALL,54750,10815,,,43.11,29.95,11065,4,10565,4,,,,,
2026/09/24 20:42,2026-09-24T20:57:07+09:00,2026/09/25,2026/11/12,2026-11,PUT,54750,251,,,32.87,32.62,249,7,241,7,,,,,
2026/09/24 20:42,2026-09-24T20:57:07+09:00,2026/09/25,2026/11/12,2026-11,CALL,54500,11055,,,43.71,30.18,11305,8,10805,8,,,,,
2026/09/24 20:42,2026-09-24T20:57:07+09:00,2026/09/25,2026/11/12,2026-11,PUT,54500,239,,,33.16,32.86,237,2,228,10,,,,,
2026/09/24 20:42,2026-09-24T20:57:07+09:00,2026/09/25,2026/11/12,2026-11,CALL,54250,11295,,,,,,,,,,,,,
2026/09/24 20:42,2026-09-24T20:57:07+09:00,2026/09/25,2026/11/12,2026-11,PUT,54250,228,,,33.46,33.19,226,2,218,7,,,,,
2026/09/24 20:42,2026-09-24T20:57:07+09:00,2026/09/25,2026/11/12,2026-11,CALL,54000,11535,,,,,,,,,,,,,
2026/09/24 20:42,2026-09-24T20:57:07+09:00,2026/09/25,2026/11/12,2026-11,PUT,54000,216,,,33.74,33.46,215,2,207,17,,,,,
2026/09/24 20:42,2026-09-24T20:57:07+09:00,2026/09/25,2026/11/12,2026-11,CALL,53750,11770,,,,,,,,,,,,,
2026/09/24 20:42,2026-09-24T20:57:07+09:00,2026/09/25,2026/11/12,2026-11,PUT,53750,208,,,34.04,33.75,205,2,197,8,,,,,
2026/09/24 20:42,2026-09-24T20:57:07+09:00,2026/09/25,2026/11/12,2026-11,CALL,53500,12015,,,,,,,,,,,,,
2026/09/24 20:42,2026-09-24T20:57:07+09:00,2026/09/25,2026/11/12,2026-11,PUT,53500,199,,,34.32,34.13,195,2,190,12,,,,,
2026/09/24 20:42,2026-09-24T20:57:07+09:00,2026/09/25,2026/11/12,2026-11,CALL,53250,12255,,,,,,,,,,,,,
2026/09/24 20:42,2026-09-24T20:57:07+09:00,2026/09/25,2026/11/12,2026-11,PUT,53250,188,,,34.67,34.39,187,8,180,8,,,,,
2026/09/24 20:42,2026-09-24T20:57:07+09:00,2026/09/25,2026/11/12,2026-11,CALL,53000,12495,,,,,,,,,,,,,
2026/09/24 20:42,2026-09-24T20:57:07+09:00,2026/09/25,2026/11/12,2026-11,PUT,53000,181,,,34.99,34.7,179,2,172,20,,,,,
2026/09/24 20:42,2026-09-24T20:57:07+09:00,2026/09/25,2026/11/12,2026-11,CALL,52750,12735,,,,,,,,,,,,,
2026/09/24 20:42,2026-09-24T20:57:07+09:00,2026/09/25,2026/11/12,2026-11,PUT,52750,174,,,35.31,35.05,171,9,165,9,,,,,
2026/09/24 20:42,2026-09-24T20:57:07+09:00,2026/09/25,2026/11/12,2026-11,CALL,52500,12980,,,,,,,,,,,,,
2026/09/24 20:42,2026-09-24T20:57:07+09:00,2026/09/25,2026/11/12,2026-11,PUT,52500,162,,,35.65,35.33,164,12,157,1,,,,,
2026/09/24 20:42,2026-09-24T20:57:07+09:00,2026/09/25,2026/11/12,2026-11,CALL,52250,13220,,,,,,,,,,,,,
2026/09/24 20:42,2026-09-24T20:57:07+09:00,2026/09/25,2026/11/12,2026-11,PUT,52250,162,,,35.97,35.65,157,7,150,9,,,,,
2026/09/24 20:42,2026-09-24T20:57:07+09:00,2026/09/25,2026/11/12,2026-11,CALL,52000,13465,,,,,,,,,,,,,
2026/09/24 20:42,2026-09-24T20:57:07+09:00,2026/09/25,2026/11/12,2026-11,PUT,52000,153,,1,36.33,35.99,151,18,144,20,36.44,12,8.45,154,09/24 18:43
2026/09/24 20:42,2026-09-24T20:57:07+09:00,2026/09/25,2026/11/12,2026-11,CALL,51750,13705,,,,,,,,,,,,,
2026/09/24 20:42,2026-09-24T20:57:07+09:00,2026/09/25,2026/11/12,2026-11,PUT,51750,147,,,36.68,36.33,145,8,138,10,,,,,
2026/09/24 20:42,2026-09-24T20:57:07+09:00,2026/09/25,2026/11/12,2026-11,CALL,51500,13950,,,,,,,,,,,,,
2026/09/24 20:42,2026-09-24T20:57:07+09:00,2026/09/25,2026/11/12,2026-11,PUT,51500,142,,,37.07,36.65,140,14,132,1,,,,,
2026/09/24 20:42,2026-09-24T20:57:07+09:00,2026/09/25,2026/11/12,2026-11,CALL,51250,14195,,,,,,,,,,,,,
2026/09/24 20:42,2026-09-24T20:57:07+09:00,2026/09/25,2026/11/12,2026-11,PUT,51250,133,,,37.39,37.01,134,8,127,10,,,,,
2026/09/24 20:42,2026-09-24T20:57:07+09:00,2026/09/25,2026/11/12,2026-11,CALL,51000,14435,,,,,,,,,,,,,
2026/09/24 20:42,2026-09-24T20:57:07+09:00,2026/09/25,2026/11/12,2026-11,PUT,51000,126,,,37.75,37.31,129,21,121,1,,,,,
2026/09/24 20:42,2026-09-24T20:57:07+09:00,2026/09/25,2026/11/12,2026-11,CALL,50750,14685,,,,,,,,,,,,,
2026/09/24 20:42,2026-09-24T20:57:07+09:00,2026/09/25,2026/11/12,2026-11,PUT,50750,126,,,38.05,37.7,123,8,117,1,,,,,
2026/09/24 20:42,2026-09-24T20:57:07+09:00,2026/09/25,2026/11/12,2026-11,CALL,50500,14925,,,,,,,,,,,,,
2026/09/24 20:42,2026-09-24T20:57:07+09:00,2026/09/25,2026/11/12,2026-11,PUT,50500,121,,,38.45,38.03,119,14,112,16,,,,,
2026/09/24 20:42,2026-09-24T20:57:07+09:00,2026/09/25,2026/11/12,2026-11,CALL,50250,15170,,,,,,,,,,,,,
2026/09/24 20:42,2026-09-24T20:57:07+09:00,2026/09/25,2026/11/12,2026-11,PUT,50250,115,,,38.77,38.4,114,8,108,1,,,,,
2026/09/24 20:42,2026-09-24T20:57:07+09:00,2026/09/25,2026/11/12,2026-11,CALL,50000,15415,,,,,,,,,,,,,
2026/09/24 20:42,2026-09-24T20:57:07+09:00,2026/09/25,2026/11/12,2026-11,PUT,50000,111,,,39.09,38.77,109,21,104,1,,,,,
2026/09/24 20:42,2026-09-24T20:57:07+09:00,2026/09/25,2026/11/12,2026-11,CALL,49750,15660,,,,,,,,,,,,,
2026/09/24 20:42,2026-09-24T20:57:07+09:00,2026/09/25,2026/11/12,2026-11,PUT,49750,109,,,39.52,39.12,106,10,100,1,,,,,
2026/09/24 20:42,2026-09-24T20:57:07+09:00,2026/09/25,2026/11/12,2026-11,CALL,49500,15905,,,,,,,,,,,,,
2026/09/24 20:42,2026-09-24T20:57:07+09:00,2026/09/25,2026/11/12,2026-11,PUT,49500,100,,8,39.95,39.47,103,16,96,1,40.09,11,12.36,100,09/24 17:09
2026/09/24 20:42,2026-09-24T20:57:07+09:00,2026/09/25,2026/11/12,2026-11,CALL,49250,16150,,,,,,,,,,,,,
2026/09/24 20:42,2026-09-24T20:57:07+09:00,2026/09/25,2026/11/12,2026-11,PUT,49250,99,,,40.23,39.8,98,10,92,1,,,,,
2026/09/24 20:42,2026-09-24T20:57:07+09:00,2026/09/25,2026/11/12,2026-11,CALL,49000,16400,,,,,,,,,,,,,
2026/09/24 20:42,2026-09-24T20:57:07+09:00,2026/09/25,2026/11/12,2026-11,PUT,49000,95,,,40.71,40.19,96,24,89,1,,,,,
2026/09/24 20:42,2026-09-24T20:57:07+09:00,2026/09/25,2026/11/12,2026-11,CALL,48750,16645,,,,,,,,,,,,,
2026/09/24 20:42,2026-09-24T20:57:07+09:00,2026/09/25,2026/11/12,2026-11,PUT,48750,94,,1,41.04,40.5,92,10,85,12,41.18,-12,-11.54,92,09/24 17:37
2026/09/24 20:42,2026-09-24T20:57:07+09:00,2026/09/25,2026/12/10,2026-12,CALL,90000,10,,1,26.61,24.99,13,1,7,13,25.04,-6,-46.15,7,09/24 17:21
2026/09/24 20:42,2026-09-24T20:57:07+09:00,2026/09/25,2026/12/10,2026-12,PUT,90000,24465,,,,,,,,,,,,,
2026/09/24 20:42,2026-09-24T20:57:07+09:00,2026/09/25,2026/12/10,2026-12,CALL,87500,22,,,32.1,24.95,100,1,15,1,,,,,
2026/09/24 20:42,2026-09-24T20:57:07+09:00,2026/09/25,2026/12/10,2026-12,PUT,87500,21985,,,,,,,,,,,,,
2026/09/24 20:42,2026-09-24T20:57:07+09:00,2026/09/25,2026/12/10,2026-12,CALL,85000,34,,,25.73,21.8,40,1,10,2,,,,,
2026/09/24 20:42,2026-09-24T20:57:07+09:00,2026/09/25,2026/12/10,2026-12,PUT,85000,19505,,,,,,,,,,,,,
2026/09/24 20:42,2026-09-24T20:57:07+09:00,2026/09/25,2026/12/10,2026-12,CALL,84000,45,,,26.72,22.65,68,12,20,39,,,,,
2026/09/24 20:42,2026-09-24T20:57:07+09:00,2026/09/25,2026/12/10,2026-12,PUT,84000,18520,,,,,,,,,,,,,
2026/09/24 20:42,2026-09-24T20:57:07+09:00,2026/09/25,2026/12/10,2026-12,CALL,83000,52,,,26.44,23.76,82,12,40,12,,,,,
2026/09/24 20:42,2026-09-24T20:57:07+09:00,2026/09/25,2026/12/10,2026-12,PUT,83000,17530,,,,,,,,,,,,,
2026/09/24 20:42,2026-09-24T20:57:07+09:00,2026/09/25,2026/12/10,2026-12,CALL,82500,53,,,24.6,22.17,59,1,28,26,,,,,
2026/09/24 20:42,2026-09-24T20:57:07+09:00,2026/09/25,2026/12/10,2026-12,PUT,82500,17035,,,,,,,,,,,,,
2026/09/24 20:42,2026-09-24T20:57:07+09:00,2026/09/25,2026/12/10,2026-12,CALL,82000,67,,1,25.87,22.98,93,39,43,39,24.63,,,68,09/24 17:23
2026/09/24 20:42,2026-09-24T20:57:07+09:00,2026/09/25,2026/12/10,2026-12,PUT,82000,16550,,,,,,,,,,,,,
2026/09/24 20:42,2026-09-24T20:57:07+09:00,2026/09/25,2026/12/10,2026-12,CALL,81000,81,,1,25.13,22.56,102,36,52,36,24.01,-5,-6.1,77,09/24 17:23
2026/09/24 20:42,2026-09-24T20:57:07+09:00,2026/09/25,2026/12/10,2026-12,PUT,81000,15570,,,,,,,,,,,,,
2026/09/24 20:42,2026-09-24T20:57:07+09:00,2026/09/25,2026/12/10,2026-12,CALL,80000,109,,,25.91,22.99,156,12,80,1,,,,,
2026/09/24 20:42,2026-09-24T20:57:07+09:00,2026/09/25,2026/12/10,2026-12,PUT,80000,14600,,,,,,,,,,,,,
2026/09/24 20:42,2026-09-24T20:57:07+09:00,2026/09/25,2026/12/10,2026-12,CALL,79000,138,,,25.76,23.11,194,12,111,36,,,,,
2026/09/24 20:42,2026-09-24T20:57:07+09:00,2026/09/25,2026/12/10,2026-12,PUT,79000,13630,,,,,,,,,,,,,
2026/09/24 20:42,2026-09-24T20:57:07+09:00,2026/09/25,2026/12/10,2026-12,CALL,78000,199,,,24.32,22.63,190,1,133,9,,,,,
2026/09/24 20:42,2026-09-24T20:57:07+09:00,2026/09/25,2026/12/10,2026-12,PUT,78000,12695,,,,,,,,,,,,,
2026/09/24 20:42,2026-09-24T20:57:07+09:00,2026/09/25,2026/12/10,2026-12,CALL,77500,211,,,25.67,22.4,274,6,146,6,,,,,
2026/09/24 20:42,2026-09-24T20:57:07+09:00,2026/09/25,2026/12/10,2026-12,PUT,77500,12210,,,,,,,,,,,,,
2026/09/24 20:42,2026-09-24T20:57:07+09:00,2026/09/25,2026/12/10,2026-12,CALL,77000,235,,,25.41,22.7,296,9,180,9,,,,,
2026/09/24 20:42,2026-09-24T20:57:07+09:00,2026/09/25,2026/12/10,2026-12,PUT,77000,11735,,,,,,,,,,,,,
2026/09/24 20:42,2026-09-24T20:57:07+09:00,2026/09/25,2026/12/10,2026-12,CALL,76250,291,,,25.63,22.48,365,3,213,3,,,,,
2026/09/24 20:42,2026-09-24T20:57:07+09:00,2026/09/25,2026/12/10,2026-12,PUT,76250,11045,,,,,,,,,,,,,
2026/09/24 20:42,2026-09-24T20:57:07+09:00,2026/09/25,2026/12/10,2026-12,CALL,76000,310,,,25.33,23.6,370,9,280,30,,,,,
2026/09/24 20:42,2026-09-24T20:57:07+09:00,2026/09/25,2026/12/10,2026-12,PUT,76000,10815,,,,,,,,,,,,,
2026/09/24 20:42,2026-09-24T20:57:07+09:00,2026/09/25,2026/12/10,2026-12,CALL,75750,330,,,25.56,22.53,405,3,247,3,,,,,
2026/09/24 20:42,2026-09-24T20:57:07+09:00,2026/09/25,2026/12/10,2026-12,PUT,75750,10585,,,,,,,,,,,,,
2026/09/24 20:42,2026-09-24T20:57:07+09:00,2026/09/25,2026/12/10,2026-12,CALL,75500,350,,,25.49,22.56,425,6,266,6,,,,,
2026/09/24 20:42,2026-09-24T20:57:07+09:00,2026/09/25,2026/12/10,2026-12,PUT,75500,10355,,,31.61,,11125,2,10105,8,,,,,
2026/09/24 20:42,2026-09-24T20:57:07+09:00,2026/09/25,2026/12/10,2026-12,CALL,75250,370,,,25.5,22.52,450,3,283,3,,,,,
2026/09/24 20:42,2026-09-24T20:57:07+09:00,2026/09/25,2026/12/10,2026-12,PUT,75250,10125,,,28.7,,10690,1,9875,4,,,,,
2026/09/24 20:42,2026-09-24T20:57:07+09:00,2026/09/25,2026/12/10,2026-12,CALL,75000,395,,,25.32,23.21,465,9,340,30,,,,,
2026/09/24 20:42,2026-09-24T20:57:07+09:00,2026/09/25,2026/12/10,2026-12,PUT,75000,9900,,,30.63,,10620,3,9650,12,,,,,
2026/09/24 20:42,2026-09-24T20:57:07+09:00,2026/09/25,2026/12/10,2026-12,CALL,74750,420,,,25.52,22.54,505,3,325,3,,,,,
2026/09/24 20:42,2026-09-24T20:57:07+09:00,2026/09/25,2026/12/10,2026-12,PUT,74750,9680,,,31.04,,10440,1,9430,4,,,,,
2026/09/24 20:42,2026-09-24T20:57:07+09:00,2026/09/25,2026/12/10,2026-12,CALL,74500,445,,,25.47,22.59,530,6,350,6,,,,,
2026/09/24 20:42,2026-09-24T20:57:07+09:00,2026/09/25,2026/12/10,2026-12,PUT,74500,9455,,,29.14,,10075,2,9205,8,,,,,
2026/09/24 20:42,2026-09-24T20:57:07+09:00,2026/09/25,2026/12/10,2026-12,CALL,74250,475,,,25.39,22.61,555,2,375,11,,,,,
2026/09/24 20:42,2026-09-24T20:57:07+09:00,2026/09/25,2026/12/10,2026-12,PUT,74250,9235,,,29.24,,9870,1,8985,4,,,,,
2026/09/24 20:42,2026-09-24T20:57:07+09:00,2026/09/25,2026/12/10,2026-12,CALL,74000,500,,,25.17,22.93,570,6,420,6,,,,,
2026/09/24 20:42,2026-09-24T20:57:07+09:00,2026/09/25,2026/12/10,2026-12,PUT,74000,9010,,,28.33,,9585,3,8760,12,,,,,
2026/09/24 20:42,2026-09-24T20:57:07+09:00,2026/09/25,2026/12/10,2026-12,CALL,73750,540,,,25.41,22.58,620,2,425,2,,,,,
2026/09/24 20:42,2026-09-24T20:57:07+09:00,2026/09/25,2026/12/10,2026-12,PUT,73750,8800,,,31.21,12.57,9620,1,8550,4,,,,,
2026/09/24 20:42,2026-09-24T20:57:07+09:00,2026/09/25,2026/12/10,2026-12,CALL,73500,575,,,25.35,22.68,650,4,460,4,,,,,
2026/09/24 20:42,2026-09-24T20:57:07+09:00,2026/09/25,2026/12/10,2026-12,PUT,73500,8585,,,28.58,14.13,9185,2,8335,8,,,,,
2026/09/24 20:42,2026-09-24T20:57:07+09:00,2026/09/25,2026/12/10,2026-12,CALL,73250,610,,,25.4,22.68,690,2,490,2,,,,,
2026/09/24 20:42,2026-09-24T20:57:07+09:00,2026/09/25,2026/12/10,2026-12,PUT,73250,8370,,,30.48,15.05,9145,1,8120,4,,,,,
2026/09/24 20:42,2026-09-24T20:57:07+09:00,2026/09/25,2026/12/10,2026-12,CALL,73000,655,,,25.11,22.94,705,6,540,6,,,,,
2026/09/24 20:42,2026-09-24T20:57:07+09:00,2026/09/25,2026/12/10,2026-12,PUT,73000,8170,,,27.71,16.08,8695,3,7920,12,,,,,
2026/09/24 20:42,2026-09-24T20:57:07+09:00,2026/09/25,2026/12/10,2026-12,CALL,72750,685,,,25.43,22.75,770,2,560,10,,,,,
2026/09/24 20:42,2026-09-24T20:57:07+09:00,2026/09/25,2026/12/10,2026-12,PUT,72750,7950,,,30.57,16.4,8750,1,7700,4,,,,,
2026/09/24 20:42,2026-09-24T20:57:07+09:00,2026/09/25,2026/12/10,2026-12,CALL,72500,730,,,25.3,22.88,800,4,605,18,,,,,
2026/09/24 20:42,2026-09-24T20:57:07+09:00,2026/09/25,2026/12/10,2026-12,PUT,72500,7750,,,30.04,17.04,8500,2,7500,8,,,,,
2026/09/24 20:42,2026-09-24T20:57:07+09:00,2026/09/25,2026/12/10,2026-12,CALL,72250,755,,,25.38,22.72,850,2,630,10,,,,,
2026/09/24 20:42,2026-09-24T20:57:07+09:00,2026/09/25,2026/12/10,2026-12,PUT,72250,7520,,,27.24,17.01,8040,1,7270,4,,,,,
2026/09/24 20:42,2026-09-24T20:57:07+09:00,2026/09/25,2026/12/10,2026-12,CALL,72000,815,,,25.16,22.98,875,6,690,6,,,,,
2026/09/24 20:42,2026-09-24T20:57:07+09:00,2026/09/25,2026/12/10,2026-12,PUT,72000,7335,,,29.52,17.72,8055,3,7085,12,,,,,
2026/09/24 20:42,2026-09-24T20:57:07+09:00,2026/09/25,2026/12/10,2026-12,CALL,71750,850,,,25.31,22.78,935,1,715,1,,,,,
2026/09/24 20:42,2026-09-24T20:57:07+09:00,2026/09/25,2026/12/10,2026-12,PUT,71750,7115,,,27.09,17.75,7625,1,6865,4,,,,,
2026/09/24 20:42,2026-09-24T20:57:07+09:00,2026/09/25,2026/12/10,2026-12,CALL,71500,895,,,25.21,22.91,975,2,770,2,,,,,
2026/09/24 20:42,2026-09-24T20:57:07+09:00,2026/09/25,2026/12/10,2026-12,PUT,71500,6915,,,29.72,18.05,7685,2,6665,8,,,,,
2026/09/24 20:42,2026-09-24T20:57:07+09:00,2026/09/25,2026/12/10,2026-12,CALL,71250,960,,,25.31,22.85,1035,1,810,8,,,,,
2026/09/24 20:42,2026-09-24T20:57:07+09:00,2026/09/25,2026/12/10,2026-12,PUT,71250,6730,,,29.78,18.5,7500,1,6480,4,,,,,
2026/09/24 20:42,2026-09-24T20:57:07+09:00,2026/09/25,2026/12/10,2026-12,CALL,71000,1000,,,25.07,23.58,1065,3,925,21,,,,,
2026/09/24 20:42,2026-09-24T20:57:07+09:00,2026/09/25,2026/12/10,2026-12,PUT,71000,6520,,,27.32,18.55,7060,3,6270,12,,,,,
2026/09/24 20:42,2026-09-24T20:57:07+09:00,2026/09/25,2026/12/10,2026-12,CALL,70750,1055,,,25.38,22.82,1150,1,905,1,,,,,
2026/09/24 20:42,2026-09-24T20:57:07+09:00,2026/09/25,2026/12/10,2026-12,PUT,70750,6330,,,28.35,18.81,6975,1,6080,4,,,,,
2026/09/24 20:42,2026-09-24T20:57:07+09:00,2026/09/25,2026/12/10,2026-12,CALL,70500,1120,,,25.3,22.95,1200,2,970,2,,,,,
2026/09/24 20:42,2026-09-24T20:57:07+09:00,2026/09/25,2026/12/10,2026-12,PUT,70500,6140,,,28.28,19.02,6780,2,5890,8,,,,,
2026/09/24 20:42,2026-09-24T20:57:07+09:00,2026/09/25,2026/12/10,2026-12,CALL,70250,1180,,,25.4,22.84,1270,1,1015,1,,,,,
2026/09/24 20:42,2026-09-24T20:57:07+09:00,2026/09/25,2026/12/10,2026-12,PUT,70250,5955,,,27.19,19.24,6480,1,5705,4,,,,,
2026/09/24 20:42,2026-09-24T20:57:07+09:00,2026/09/25,2026/12/10,2026-12,CALL,70000,1275,,,27,23.52,1500,21,1140,3,,,,,
2026/09/24 20:42,2026-09-24T20:57:07+09:00,2026/09/25,2026/12/10,2026-12,PUT,70000,5800,,,24.84,19.75,6050,3,5550,12,,,,,
2026/09/24 20:42,2026-09-24T20:57:07+09:00,2026/09/25,2026/12/10,2026-12,CALL,69750,1315,,,25.47,22.87,1405,1,1135,1,,,,,
2026/09/24 20:42,2026-09-24T20:57:07+09:00,2026/09/25,2026/12/10,2026-12,PUT,69750,5590,,,24.62,19.61,5840,1,5340,4,,,,,
2026/09/24 20:42,2026-09-24T20:57:07+09:00,2026/09/25,2026/12/10,2026-12,CALL,69500,1385,,,25.36,22.99,1460,2,1210,2,,,,,
2026/09/24 20:42,2026-09-24T20:57:07+09:00,2026/09/25,2026/12/10,2026-12,PUT,69500,5410,,,24.65,19.76,5660,2,5160,8,,,,,
2026/09/24 20:42,2026-09-24T20:57:07+09:00,2026/09/25,2026/12/10,2026-12,CALL,69250,1460,,,25.54,22.93,1550,1,1270,1,,,,,
2026/09/24 20:42,2026-09-24T20:57:07+09:00,2026/09/25,2026/12/10,2026-12,PUT,69250,5235,,,24.71,19.92,5485,1,4985,4,,,,,
2026/09/24 20:42,2026-09-24T20:57:07+09:00,2026/09/25,2026/12/10,2026-12,CALL,69000,1535,,,25.25,23.22,1590,3,1370,3,,,,,
2026/09/24 20:42,2026-09-24T20:57:07+09:00,2026/09/25,2026/12/10,2026-12,PUT,69000,5065,,,24.79,20.09,5315,3,4815,12,,,,,
2026/09/24 20:42,2026-09-24T20:57:07+09:00,2026/09/25,2026/12/10,2026-12,CALL,68750,1625,,,25.56,23.07,1700,1,1425,7,,,,,
2026/09/24 20:42,2026-09-24T20:57:07+09:00,2026/09/25,2026/12/10,2026-12,PUT,68750,4900,,,24.89,20.28,5150,1,4650,4,,,,,
2026/09/24 20:42,2026-09-24T20:57:07+09:00,2026/09/25,2026/12/10,2026-12,CALL,68500,1710,,,25.49,23.16,1770,2,1510,12,,,,,
2026/09/24 20:42,2026-09-24T20:57:07+09:00,2026/09/25,2026/12/10,2026-12,PUT,68500,4735,,,24.96,20.42,4985,8,4485,8,,,,,
2026/09/24 20:42,2026-09-24T20:57:07+09:00,2026/09/25,2026/12/10,2026-12,CALL,68250,1790,,,25.09,23.19,1805,7,1590,7,,,,,
2026/09/24 20:42,2026-09-24T20:57:07+09:00,2026/09/25,2026/12/10,2026-12,PUT,68250,4575,,,25.04,20.57,4825,4,4325,4,,,,,
2026/09/24 20:42,2026-09-24T20:57:07+09:00,2026/09/25,2026/12/10,2026-12,CALL,68125,1830,,,24.68,23.72,1800,6,1690,6,,,,,
2026/09/24 20:42,2026-09-24T20:57:07+09:00,2026/09/25,2026/12/10,2026-12,PUT,68125,4485,,,24.99,20.55,4735,4,4235,4,,,,,
2026/09/24 20:42,2026-09-24T20:57:07+09:00,2026/09/25,2026/12/10,2026-12,CALL,68000,1875,,,24.71,23.75,1845,18,1735,18,,,,,
2026/09/24 20:42,2026-09-24T20:57:07+09:00,2026/09/25,2026/12/10,2026-12,PUT,68000,4405,,,25.02,20.6,4655,12,4155,12,,,,,
2026/09/24 20:42,2026-09-24T20:57:07+09:00,2026/09/25,2026/12/10,2026-12,CALL,67875,1925,,,24.73,23.78,1890,6,1780,6,,,,,
2026/09/24 20:42,2026-09-24T20:57:07+09:00,2026/09/25,2026/12/10,2026-12,PUT,67875,4330,,,25.08,20.7,4580,4,4080,4,,,,,
2026/09/24 20:42,2026-09-24T20:57:07+09:00,2026/09/25,2026/12/10,2026-12,CALL,67750,1975,,,24.75,23.8,1935,7,1825,7,,,,,
2026/09/24 20:42,2026-09-24T20:57:07+09:00,2026/09/25,2026/12/10,2026-12,PUT,67750,4260,,,25.18,20.82,4510,4,4010,4,,,,,
2026/09/24 20:42,2026-09-24T20:57:07+09:00,2026/09/25,2026/12/10,2026-12,CALL,67625,2025,,,24.76,23.81,1980,6,1870,6,,,,,
2026/09/24 20:42,2026-09-24T20:57:07+09:00,2026/09/25,2026/12/10,2026-12,PUT,67625,4180,,,25.19,20.85,4430,4,3930,4,,,,,
2026/09/24 20:42,2026-09-24T20:57:07+09:00,2026/09/25,2026/12/10,2026-12,CALL,67500,2075,,,24.8,23.86,2030,10,1920,10,,,,,
2026/09/24 20:42,2026-09-24T20:57:07+09:00,2026/09/25,2026/12/10,2026-12,PUT,67500,4105,,,25.23,20.92,4355,8,3855,8,,,,,
2026/09/24 20:42,2026-09-24T20:57:07+09:00,2026/09/25,2026/12/10,2026-12,CALL,67375,2120,,,24.8,23.86,2075,5,1965,5,,,,,
2026/09/24 20:42,2026-09-24T20:57:07+09:00,2026/09/25,2026/12/10,2026-12,PUT,67375,4030,,,25.27,21.41,4280,4,3830,1,,,,,
2026/09/24 20:42,2026-09-24T20:57:07+09:00,2026/09/25,2026/12/10,2026-12,CALL,67250,2175,,,24.83,23.9,2125,6,2015,6,,,,,
2026/09/24 20:42,2026-09-24T20:57:07+09:00,2026/09/25,2026/12/10,2026-12,PUT,67250,3955,,,25.3,21.03,4205,4,3705,4,,,,,
2026/09/24 20:42,2026-09-24T20:57:07+09:00,2026/09/25,2026/12/10,2026-12,CALL,67125,2225,,,24.86,23.92,2175,5,2065,5,,,,,
2026/09/24 20:42,2026-09-24T20:57:07+09:00,2026/09/25,2026/12/10,2026-12,PUT,67125,3885,,,25.37,21.11,4135,4,3635,4,,,,,
2026/09/24 20:42,2026-09-24T20:57:07+09:00,2026/09/25,2026/12/10,2026-12,CALL,67000,2275,,,24.88,23.95,2225,15,2115,15,,,,,
2026/09/24 20:42,2026-09-24T20:57:07+09:00,2026/09/25,2026/12/10,2026-12,PUT,67000,3805,,,25.59,20.37,4085,3,3470,12,,,,,
2026/09/24 20:42,2026-09-24T20:57:07+09:00,2026/09/25,2026/12/10,2026-12,CALL,66875,2330,,,24.93,24,2280,5,2170,5,,,,,
2026/09/24 20:42,2026-09-24T20:57:07+09:00,2026/09/25,2026/12/10,2026-12,PUT,66875,3740,,,25.44,22.31,3990,4,3620,1,,,,,
2026/09/24 20:42,2026-09-24T20:57:07+09:00,2026/09/25,2026/12/10,2026-12,CALL,66750,2380,,,24.98,24.05,2335,6,2225,6,,,,,
2026/09/24 20:42,2026-09-24T20:57:07+09:00,2026/09/25,2026/12/10,2026-12,PUT,66750,3665,,,25.44,22.24,3915,4,3535,1,,,,,
2026/09/24 20:42,2026-09-24T20:57:07+09:00,2026/09/25,2026/12/10,2026-12,CALL,66625,2435,,,24.98,24.05,2385,5,2275,5,,,,,
2026/09/24 20:42,2026-09-24T20:57:07+09:00,2026/09/25,2026/12/10,2026-12,PUT,66625,3595,,,25.48,23.8,3845,5,3645,5,,,,,
2026/09/24 20:42,2026-09-24T20:57:07+09:00,2026/09/25,2026/12/10,2026-12,CALL,66500,2495,,,24.97,24.05,2435,10,2325,10,,,,,
2026/09/24 20:42,2026-09-24T20:57:07+09:00,2026/09/25,2026/12/10,2026-12,PUT,66500,3530,,,25.05,24.13,3720,10,3610,2,,,,,
2026/09/24 20:42,2026-09-24T20:57:07+09:00,2026/09/25,2026/12/10,2026-12,CALL,66375,2545,,,25,24.08,2490,5,2380,5,,,,,
2026/09/24 20:42,2026-09-24T20:57:07+09:00,2026/09/25,2026/12/10,2026-12,PUT,66375,3460,,,25,24.16,3640,1,3540,1,,,,,
2026/09/24 20:42,2026-09-24T20:57:07+09:00,2026/09/25,2026/12/10,2026-12,CALL,66250,2605,,,25.06,24.14,2550,6,2440,6,,,,,
2026/09/24 20:42,2026-09-24T20:57:07+09:00,2026/09/25,2026/12/10,2026-12,PUT,66250,3395,,,25.1,24.18,3580,6,3470,6,,,,,
2026/09/24 20:42,2026-09-24T20:57:07+09:00,2026/09/25,2026/12/10,2026-12,CALL,66125,2660,,,25.07,24.4,2605,5,2525,1,,,,,
2026/09/24 20:42,2026-09-24T20:57:07+09:00,2026/09/25,2026/12/10,2026-12,PUT,66125,3325,,,25.15,24.24,3515,5,3405,5,,,,,
2026/09/24 20:42,2026-09-24T20:57:07+09:00,2026/09/25,2026/12/10,2026-12,CALL,66000,2725,,,25.12,24.2,2665,15,2555,15,,,,,
2026/09/24 20:42,2026-09-24T20:57:07+09:00,2026/09/25,2026/12/10,2026-12,PUT,66000,3265,,,25.16,24.25,3445,15,3335,15,,,,,
2026/09/24 20:42,2026-09-24T20:57:07+09:00,2026/09/25,2026/12/10,2026-12,CALL,65875,2795,,,25.12,24.2,2720,5,2610,5,,,,,
2026/09/24 20:42,2026-09-24T20:57:07+09:00,2026/09/25,2026/12/10,2026-12,PUT,65875,3205,,,25.2,24.29,3380,5,3270,5,,,,,
2026/09/24 20:42,2026-09-24T20:57:07+09:00,2026/09/25,2026/12/10,2026-12,CALL,65750,2860,,,25.16,24.24,2780,6,2670,6,,,,,
2026/09/24 20:42,2026-09-24T20:57:07+09:00,2026/09/25,2026/12/10,2026-12,PUT,65750,3150,,,25.24,24.32,3315,6,3205,6,,,,,
2026/09/24 20:42,2026-09-24T20:57:07+09:00,2026/09/25,2026/12/10,2026-12,CALL,65625,2920,,,25.22,24.31,2845,5,2735,5,,,,,
2026/09/24 20:42,2026-09-24T20:57:07+09:00,2026/09/25,2026/12/10,2026-12,PUT,65625,3085,,,25.27,24.35,3250,5,3140,5,,,,,
2026/09/24 20:42,2026-09-24T20:57:07+09:00,2026/09/25,2026/12/10,2026-12,CALL,65500,2985,,,25.25,24.33,2905,10,2795,10,,,,,
2026/09/24 20:42,2026-09-24T20:57:07+09:00,2026/09/25,2026/12/10,2026-12,PUT,65500,3025,,,25.29,24.37,3185,10,3075,10,,,,,
2026/09/24 20:42,2026-09-24T20:57:07+09:00,2026/09/25,2026/12/10,2026-12,CALL,65375,3045,,,25.3,24.35,2970,25,2855,5,,,,,
2026/09/24 20:42,2026-09-24T20:57:07+09:00,2026/09/25,2026/12/10,2026-12,PUT,65375,2960,,,25.34,24.43,3125,5,3015,5,,,,,
2026/09/24 20:42,2026-09-24T20:57:07+09:00,2026/09/25,2026/12/10,2026-12,CALL,65250,3110,,,25.31,24.52,3030,1,2935,1,,,,,
2026/09/24 20:42,2026-09-24T20:57:07+09:00,2026/09/25,2026/12/10,2026-12,PUT,65250,2900,,,25.39,24.48,3065,6,2955,6,,,,,
2026/09/24 20:42,2026-09-24T20:57:07+09:00,2026/09/25,2026/12/10,2026-12,CALL,65125,3180,,,27.15,23.98,3310,1,2930,5,,,,,
2026/09/24 20:42,2026-09-24T20:57:07+09:00,2026/09/25,2026/12/10,2026-12,PUT,65125,2845,,,25.44,24.52,3005,5,2895,5,,,,,
2026/09/24 20:42,2026-09-24T20:57:07+09:00,2026/09/25,2026/12/10,2026-12,CALL,65000,3245,,,27.1,24.01,3365,3,2995,15,,,,,
2026/09/24 20:42,2026-09-24T20:57:07+09:00,2026/09/25,2026/12/10,2026-12,PUT,65000,2785,,,25.47,24.56,2945,15,2835,15,,,,,
2026/09/24 20:42,2026-09-24T20:57:07+09:00,2026/09/25,2026/12/10,2026-12,CALL,64875,3310,,,27.55,24.04,3480,1,3060,4,,,,,
2026/09/24 20:42,2026-09-24T20:57:07+09:00,2026/09/25,2026/12/10,2026-12,PUT,64875,2725,,,25.5,24.58,2885,5,2775,5,,,,,
2026/09/24 20:42,2026-09-24T20:57:07+09:00,2026/09/25,2026/12/10,2026-12,CALL,64750,3385,,,28.33,24.15,3635,4,3135,4,,,,,
2026/09/24 20:42,2026-09-24T20:57:07+09:00,2026/09/25,2026/12/10,2026-12,PUT,64750,2675,,,25.57,24.65,2830,6,2720,6,,,,,
2026/09/24 20:42,2026-09-24T20:57:07+09:00,2026/09/25,2026/12/10,2026-12,CALL,64625,3455,,,28.4,24.2,3705,4,3205,4,,,,,
2026/09/24 20:42,2026-09-24T20:57:07+09:00,2026/09/25,2026/12/10,2026-12,PUT,64625,2625,,,25.63,24.7,2775,5,2665,5,,,,,
2026/09/24 20:42,2026-09-24T20:57:07+09:00,2026/09/25,2026/12/10,2026-12,CALL,64500,3515,,,28.37,24.16,3765,8,3265,8,,,,,
2026/09/24 20:42,2026-09-24T20:57:07+09:00,2026/09/25,2026/12/10,2026-12,PUT,64500,2555,,,25.68,24.75,2720,10,2610,10,,,,,
2026/09/24 20:42,2026-09-24T20:57:07+09:00,2026/09/25,2026/12/10,2026-12,CALL,64375,3590,,,28.47,24.25,3840,4,3340,4,,,,,
2026/09/24 20:42,2026-09-24T20:57:07+09:00,2026/09/25,2026/12/10,2026-12,PUT,64375,2510,,,25.72,24.8,2665,5,2555,5,,,,,
2026/09/24 20:42,2026-09-24T20:57:07+09:00,2026/09/25,2026/12/10,2026-12,CALL,64250,3665,,,28.55,24.32,3915,4,3415,4,,,,,
2026/09/24 20:42,2026-09-24T20:57:07+09:00,2026/09/25,2026/12/10,2026-12,PUT,64250,2460,,,25.76,24.83,2610,6,2500,6,,,,,
2026/09/24 20:42,2026-09-24T20:57:07+09:00,2026/09/25,2026/12/10,2026-12,CALL,64125,3735,,,28.51,24.35,3975,1,3485,4,,,,,
2026/09/24 20:42,2026-09-24T20:57:07+09:00,2026/09/25,2026/12/10,2026-12,PUT,64125,2405,,,25.79,24.86,2555,6,2445,6,,,,,
2026/09/24 20:42,2026-09-24T20:57:07+09:00,2026/09/25,2026/12/10,2026-12,CALL,64000,3805,,,28.63,24.37,4055,12,3555,12,,,,,
2026/09/24 20:42,2026-09-24T20:57:07+09:00,2026/09/25,2026/12/10,2026-12,PUT,64000,2350,,,25.86,24.93,2505,18,2395,18,,,,,
2026/09/24 20:42,2026-09-24T20:57:07+09:00,2026/09/25,2026/12/10,2026-12,CALL,63875,3880,,,28.7,24.43,4130,4,3630,4,,,,,
2026/09/24 20:42,2026-09-24T20:57:07+09:00,2026/09/25,2026/12/10,2026-12,PUT,63875,2300,,,25.92,24.98,2455,6,2345,6,,,,,
2026/09/24 20:42,2026-09-24T20:57:07+09:00,2026/09/25,2026/12/10,2026-12,CALL,63750,3960,,,28.81,24.52,4210,4,3710,4,,,,,
2026/09/24 20:42,2026-09-24T20:57:07+09:00,2026/09/25,2026/12/10,2026-12,PUT,63750,2255,,,25.94,24.99,2400,7,2290,7,,,,,
2026/09/24 20:42,2026-09-24T20:57:07+09:00,2026/09/25,2026/12/10,2026-12,CALL,63625,4035,,,28.87,24.56,4285,4,3785,4,,,,,
2026/09/24 20:42,2026-09-24T20:57:07+09:00,2026/09/25,2026/12/10,2026-12,PUT,63625,2205,,,26.03,25.08,2355,6,2245,6,,,,,
2026/09/24 20:42,2026-09-24T20:57:07+09:00,2026/09/25,2026/12/10,2026-12,CALL,63500,4105,,,28.88,24.55,4355,8,3855,8,,,,,
2026/09/24 20:42,2026-09-24T20:57:07+09:00,2026/09/25,2026/12/10,2026-12,PUT,63500,2160,,,26.63,24.29,2370,2,2100,2,,,,,
2026/09/24 20:42,2026-09-24T20:57:07+09:00,2026/09/25,2026/12/10,2026-12,CALL,63375,4185,,,28.97,24.62,4435,4,3935,4,,,,,
2026/09/24 20:42,2026-09-24T20:57:07+09:00,2026/09/25,2026/12/10,2026-12,PUT,63375,2105,,,26.84,24.23,2340,1,2040,1,,,,,
2026/09/24 20:42,2026-09-24T20:57:07+09:00,2026/09/25,2026/12/10,2026-12,CALL,63250,4280,,,29.18,24.82,4530,4,4030,1,,,,,
2026/09/24 20:42,2026-09-24T20:57:07+09:00,2026/09/25,2026/12/10,2026-12,PUT,63250,2075,,,26.87,24.29,2290,1,1995,1,,,,,
2026/09/24 20:42,2026-09-24T20:57:07+09:00,2026/09/25,2026/12/10,2026-12,CALL,63125,4365,,,29.31,24.92,4615,4,4115,1,,,,,
2026/09/24 20:42,2026-09-24T20:57:07+09:00,2026/09/25,2026/12/10,2026-12,PUT,63125,2040,,,26.9,24.39,2240,1,1955,1,,,,,
2026/09/24 20:42,2026-09-24T20:57:07+09:00,2026/09/25,2026/12/10,2026-12,CALL,63000,4425,,,29.2,24.8,4675,12,4175,12,,,,,
2026/09/24 20:42,2026-09-24T20:57:07+09:00,2026/09/25,2026/12/10,2026-12,PUT,63000,1970,,,26.39,23.55,2130,3,1810,18,,,,,
2026/09/24 20:42,2026-09-24T20:57:07+09:00,2026/09/25,2026/12/10,2026-12,CALL,62875,4495,,,29.18,24.75,4745,4,4245,4,,,,,
2026/09/24 20:42,2026-09-24T20:57:07+09:00,2026/09/25,2026/12/10,2026-12,PUT,62875,1920,,,26.75,24.48,2120,6,1865,1,,,,,
2026/09/24 20:42,2026-09-24T20:57:07+09:00,2026/09/25,2026/12/10,2026-12,CALL,62750,4595,,,29.42,24.97,4845,4,4345,1,,,,,
2026/09/24 20:42,2026-09-24T20:57:07+09:00,2026/09/25,2026/12/10,2026-12,PUT,62750,1895,,,26.98,24.56,2095,7,1825,1,,,,,
2026/09/24 20:42,2026-09-24T20:57:07+09:00,2026/09/25,2026/12/10,2026-12,CALL,62625,4675,,,29.48,25,4925,4,4425,1,,,,,
2026/09/24 20:42,2026-09-24T20:57:07+09:00,2026/09/25,2026/12/10,2026-12,PUT,62625,1850,,,27.03,24.64,2050,6,1785,1,,,,,
2026/09/24 20:42,2026-09-24T20:57:07+09:00,2026/09/25,2026/12/10,2026-12,CALL,62500,4760,,,29.58,25.07,5010,8,4510,2,,,,,
2026/09/24 20:42,2026-09-24T20:57:07+09:00,2026/09/25,2026/12/10,2026-12,PUT,62500,1810,,,27.06,24.8,2005,2,1755,2,,,,,
2026/09/24 20:42,2026-09-24T20:57:07+09:00,2026/09/25,2026/12/10,2026-12,CALL,62375,4845,,,29.67,25.13,5095,4,4595,1,,,,,
2026/09/24 20:42,2026-09-24T20:57:07+09:00,2026/09/25,2026/12/10,2026-12,PUT,62375,1775,,,27.23,24.76,1975,6,1705,1,,,,,
2026/09/24 20:42,2026-09-24T20:57:07+09:00,2026/09/25,2026/12/10,2026-12,CALL,62250,4930,,,29.75,25.19,5180,4,4680,1,,,,,
2026/09/24 20:42,2026-09-24T20:57:07+09:00,2026/09/25,2026/12/10,2026-12,PUT,62250,1730,,,27.25,24.77,1930,7,1660,1,,,,,
2026/09/24 20:42,2026-09-24T20:57:07+09:00,2026/09/25,2026/12/10,2026-12,CALL,62125,5025,,,29.92,25.33,5275,4,4775,1,,,,,
2026/09/24 20:42,2026-09-24T20:57:07+09:00,2026/09/25,2026/12/10,2026-12,PUT,62125,1705,,,27.32,24.86,1890,1,1625,1,,,,,
2026/09/24 20:42,2026-09-24T20:57:07+09:00,2026/09/25,2026/12/10,2026-12,CALL,62000,5120,,,30.09,25.47,5370,12,4870,3,,,,,
2026/09/24 20:42,2026-09-24T20:57:07+09:00,2026/09/25,2026/12/10,2026-12,PUT,62000,1670,,,27.15,25.19,1825,3,1615,3,,,,,
2026/09/24 20:42,2026-09-24T20:57:07+09:00,2026/09/25,2026/12/10,2026-12,CALL,61875,5190,,,30.02,25.36,5440,4,4940,1,,,,,
2026/09/24 20:42,2026-09-24T20:57:07+09:00,2026/09/25,2026/12/10,2026-12,PUT,61875,1620,,,27.48,24.98,1815,1,1550,1,,,,,
2026/09/24 20:42,2026-09-24T20:57:07+09:00,2026/09/25,2026/12/10,2026-12,CALL,61750,5285,,,30.18,25.49,5535,4,5035,1,,,,,
2026/09/24 20:42,2026-09-24T20:57:07+09:00,2026/09/25,2026/12/10,2026-12,PUT,61750,1585,,,27.52,25.06,1775,1,1515,1,,,,,
2026/09/24 20:42,2026-09-24T20:57:07+09:00,2026/09/25,2026/12/10,2026-12,CALL,61625,5375,,,30.29,25.56,5625,4,5125,1,,,,,
2026/09/24 20:42,2026-09-24T20:57:07+09:00,2026/09/25,2026/12/10,2026-12,PUT,61625,1555,,,27.61,25.13,1740,1,1480,1,,,,,
2026/09/24 20:42,2026-09-24T20:57:07+09:00,2026/09/25,2026/12/10,2026-12,CALL,61500,5475,,,30.48,23.07,5725,8,4955,2,,,,,
2026/09/24 20:42,2026-09-24T20:57:07+09:00,2026/09/25,2026/12/10,2026-12,PUT,61500,1525,,,27.55,25.28,1690,2,1455,2,,,,,
2026/09/24 20:42,2026-09-24T20:57:07+09:00,2026/09/25,2026/12/10,2026-12,CALL,61375,5560,,,30.53,22.95,5810,4,5030,1,,,,,
2026/09/24 20:42,2026-09-24T20:57:07+09:00,2026/09/25,2026/12/10,2026-12,PUT,61375,1490,,,27.72,25.24,1665,1,1410,1,,,,,
2026/09/24 20:42,2026-09-24T20:57:07+09:00,2026/09/25,2026/12/10,2026-12,CALL,61250,5630,,,30.43,25.59,5880,4,5380,1,,,,,
2026/09/24 20:42,2026-09-24T20:57:07+09:00,2026/09/25,2026/12/10,2026-12,PUT,61250,1435,,,27.79,25.34,1630,1,1380,1,,,,,
2026/09/24 20:42,2026-09-24T20:57:07+09:00,2026/09/25,2026/12/10,2026-12,CALL,61125,5750,,,30.8,23.4,6000,4,5250,1,,,,,
2026/09/24 20:42,2026-09-24T20:57:07+09:00,2026/09/25,2026/12/10,2026-12,PUT,61125,1430,,,27.85,25.38,1595,1,1345,1,,,,,
2026/09/24 20:42,2026-09-24T20:57:07+09:00,2026/09/25,2026/12/10,2026-12,CALL,61000,5825,,,30.74,25.82,6075,12,5575,3,,,,,
2026/09/24 20:42,2026-09-24T20:57:07+09:00,2026/09/25,2026/12/10,2026-12,PUT,61000,1380,,,27.37,25.57,1505,3,1325,21,,,,,
2026/09/24 20:42,2026-09-24T20:57:07+09:00,2026/09/25,2026/12/10,2026-12,CALL,60875,5950,,,31.15,23.57,6200,4,5445,1,,,,,
2026/09/24 20:42,2026-09-24T20:57:07+09:00,2026/09/25,2026/12/10,2026-12,PUT,60875,1380,,,28.01,25.54,1530,1,1285,1,,,,,
2026/09/24 20:42,2026-09-24T20:57:07+09:00,2026/09/25,2026/12/10,2026-12,CALL,60750,6045,,,31.27,23.52,6295,4,5530,1,,,,,
2026/09/24 20:42,2026-09-24T20:57:07+09:00,2026/09/25,2026/12/10,2026-12,PUT,60750,1355,,,28.06,25.57,1495,1,1250,1,,,,,
2026/09/24 20:42,2026-09-24T20:57:07+09:00,2026/09/25,2026/12/10,2026-12,CALL,60625,6145,,,31.44,22.35,6395,4,5515,1,,,,,
2026/09/24 20:42,2026-09-24T20:57:07+09:00,2026/09/25,2026/12/10,2026-12,PUT,60625,1330,,,28.15,25.63,1465,1,1220,1,,,,,
2026/09/24 20:42,2026-09-24T20:57:07+09:00,2026/09/25,2026/12/10,2026-12,CALL,60500,6240,,,31.55,23.54,6490,8,5715,2,,,,,
2026/09/24 20:42,2026-09-24T20:57:07+09:00,2026/09/25,2026/12/10,2026-12,PUT,60500,1295,,,28.08,25.85,1420,2,1205,2,,,,,
2026/09/24 20:42,2026-09-24T20:57:07+09:00,2026/09/25,2026/12/10,2026-12,CALL,60250,6425,,,31.71,20.84,6675,4,5670,1,,,,,
2026/09/24 20:42,2026-09-24T20:57:07+09:00,2026/09/25,2026/12/10,2026-12,PUT,60250,1210,,,28.34,25.85,1370,1,1135,1,,,,,
2026/09/24 20:42,2026-09-24T20:57:07+09:00,2026/09/25,2026/12/10,2026-12,CALL,60000,6615,,,31.9,23.19,6865,12,6060,3,,,,,
2026/09/24 20:42,2026-09-24T20:57:07+09:00,2026/09/25,2026/12/10,2026-12,PUT,60000,1175,,,28.2,26.31,1285,3,1110,3,,,,,
2026/09/24 20:42,2026-09-24T20:57:07+09:00,2026/09/25,2026/12/10,2026-12,CALL,59750,6820,,,32.23,22.04,7070,4,6160,1,,,,,
2026/09/24 20:42,2026-09-24T20:57:07+09:00,2026/09/25,2026/12/10,2026-12,PUT,59750,1130,,,28.68,26.08,1260,2,1025,2,,,,,
2026/09/24 20:42,2026-09-24T20:57:07+09:00,2026/09/25,2026/12/10,2026-12,CALL,59500,7020,,,32.49,22.69,7270,8,6410,2,,,,,
2026/09/24 20:42,2026-09-24T20:57:07+09:00,2026/09/25,2026/12/10,2026-12,PUT,59500,1085,,,28.77,26.33,1200,4,985,4,,,,,
2026/09/24 20:42,2026-09-24T20:57:07+09:00,2026/09/25,2026/12/10,2026-12,CALL,59250,7220,,,32.73,23.02,7470,4,6635,1,,,,,
2026/09/24 20:42,2026-09-24T20:57:07+09:00,2026/09/25,2026/12/10,2026-12,PUT,59250,1035,,,28.03,26.39,1070,2,930,2,,,,,
2026/09/24 20:42,2026-09-24T20:57:07+09:00,2026/09/25,2026/12/10,2026-12,CALL,59000,7410,,,32.85,21.37,7660,12,6720,3,,,,,
2026/09/24 20:42,2026-09-24T20:57:07+09:00,2026/09/25,2026/12/10,2026-12,PUT,59000,975,,,28.86,26.78,1080,6,905,6,,,,,
2026/09/24 20:42,2026-09-24T20:57:07+09:00,2026/09/25,2026/12/10,2026-12,CALL,58750,7605,,,33,20.02,7855,4,6845,1,,,,,
2026/09/24 20:42,2026-09-24T20:57:07+09:00,2026/09/25,2026/12/10,2026-12,PUT,58750,915,,,29.34,26.73,1060,2,845,2,,,,,
2026/09/24 20:42,2026-09-24T20:57:07+09:00,2026/09/25,2026/12/10,2026-12,CALL,58500,7810,,,33.25,20.6,8060,8,7095,2,,,,,
2026/09/24 20:42,2026-09-24T20:57:07+09:00,2026/09/25,2026/12/10,2026-12,PUT,58500,875,,,29.39,26.96,1005,4,810,4,,,,,
2026/09/24 20:42,2026-09-24T20:57:07+09:00,2026/09/25,2026/12/10,2026-12,CALL,58250,8015,,,33.48,22.1,8265,4,7400,1,,,,,
2026/09/24 20:42,2026-09-24T20:57:07+09:00,2026/09/25,2026/12/10,2026-12,PUT,58250,830,,,29.66,27.03,970,2,765,2,,,,,
2026/09/24 20:42,2026-09-24T20:57:07+09:00,2026/09/25,2026/12/10,2026-12,CALL,58000,8240,,,33.92,21.31,8490,12,7570,3,,,,,
2026/09/24 20:42,2026-09-24T20:57:07+09:00,2026/09/25,2026/12/10,2026-12,PUT,58000,805,,,29.53,27.43,905,6,745,6,,,,,
2026/09/24 20:42,2026-09-24T20:57:07+09:00,2026/09/25,2026/12/10,2026-12,CALL,57750,8455,,,34.24,20.54,8705,4,7750,1,,,,,
2026/09/24 20:42,2026-09-24T20:57:07+09:00,2026/09/25,2026/12/10,2026-12,PUT,57750,770,,,29.96,27.39,885,2,695,2,,,,,
2026/09/24 20:42,2026-09-24T20:57:07+09:00,2026/09/25,2026/12/10,2026-12,CALL,57500,8675,,,34.61,22.72,8925,8,8085,2,,,,,
2026/09/24 20:42,2026-09-24T20:57:07+09:00,2026/09/25,2026/12/10,2026-12,PUT,57500,745,,,30.11,27.61,845,4,665,4,,,,,
2026/09/24 20:42,2026-09-24T20:57:07+09:00,2026/09/25,2026/12/10,2026-12,CALL,57250,8895,,,34.97,22.14,9145,4,8275,1,,,,,
2026/09/24 20:42,2026-09-24T20:57:07+09:00,2026/09/25,2026/12/10,2026-12,PUT,57250,715,,,30.44,27.66,820,3,625,3,,,,,
2026/09/24 20:42,2026-09-24T20:57:07+09:00,2026/09/25,2026/12/10,2026-12,CALL,57000,9100,,,35.12,23.19,9350,12,8550,3,,,,,
2026/09/24 20:42,2026-09-24T20:57:07+09:00,2026/09/25,2026/12/10,2026-12,PUT,57000,670,,,30.41,28.06,770,9,610,9,,,,,
2026/09/24 20:42,2026-09-24T20:57:07+09:00,2026/09/25,2026/12/10,2026-12,CALL,56750,9325,,,35.52,21.83,9575,4,8710,1,,,,,
2026/09/24 20:42,2026-09-24T20:57:07+09:00,2026/09/25,2026/12/10,2026-12,PUT,56750,645,,,30.78,27.99,750,3,565,3,,,,,
2026/09/24 20:42,2026-09-24T20:57:07+09:00,2026/09/25,2026/12/10,2026-12,CALL,56500,9555,,,35.97,19.69,9805,8,8860,2,,,,,
2026/09/24 20:42,2026-09-24T20:57:07+09:00,2026/09/25,2026/12/10,2026-12,PUT,56500,625,,,31,28.2,720,6,540,6,,,,,
2026/09/24 20:42,2026-09-24T20:57:07+09:00,2026/09/25,2026/12/10,2026-12,CALL,56250,9760,,,36.08,22.53,10010,4,9195,1,,,,,
2026/09/24 20:42,2026-09-24T20:57:07+09:00,2026/09/25,2026/12/10,2026-12,PUT,56250,580,,,31.2,28.4,690,3,515,3,,,,,
2026/09/24 20:42,2026-09-24T20:57:07+09:00,2026/09/25,2026/12/10,2026-12,CALL,56000,10005,,,,,,,,,,,,,
2026/09/24 20:42,2026-09-24T20:57:07+09:00,2026/09/25,2026/12/10,2026-12,PUT,56000,575,,,31.22,28.83,650,9,505,9,,,,,
2026/09/24 20:42,2026-09-24T20:57:07+09:00,2026/09/25,2026/12/10,2026-12,CALL,55750,10220,,,,,,,,,,,,,
2026/09/24 20:42,2026-09-24T20:57:07+09:00,2026/09/25,2026/12/10,2026-12,PUT,55750,545,,,30.97,28.82,595,3,470,3,,,,,
2026/09/24 20:42,2026-09-24T20:57:07+09:00,2026/09/25,2026/12/10,2026-12,CALL,55500,10455,,,,,,,,,,,,,
2026/09/24 20:42,2026-09-24T20:57:07+09:00,2026/09/25,2026/12/10,2026-12,PUT,55500,530,,,31.85,29.05,610,6,450,6,,,,,
2026/09/24 20:42,2026-09-24T20:57:07+09:00,2026/09/25,2026/12/10,2026-12,CALL,55250,10685,,,,,,,,,,,,,
2026/09/24 20:42,2026-09-24T20:57:07+09:00,2026/09/25,2026/12/10,2026-12,PUT,55250,510,,,32.06,29.27,585,3,430,3,,,,,
2026/09/24 20:42,2026-09-24T20:57:07+09:00,2026/09/25,2026/12/10,2026-12,CALL,55000,10920,,,,,,,,,,,,,
2026/09/24 20:42,2026-09-24T20:57:07+09:00,2026/09/25,2026/12/10,2026-12,PUT,55000,495,,,32.08,29.76,550,9,425,9,,,,,
2026/09/24 20:42,2026-09-24T20:57:07+09:00,2026/09/25,2026/12/10,2026-12,CALL,54750,11145,,,,,,,,,,,,,
2026/09/24 20:42,2026-09-24T20:57:07+09:00,2026/09/25,2026/12/10,2026-12,PUT,54750,475,,,32.52,29.75,540,3,395,3,,,,,
2026/09/24 20:42,2026-09-24T20:57:07+09:00,2026/09/25,2026/12/10,2026-12,CALL,54500,11360,,,,,,,,,,,,,
2026/09/24 20:42,2026-09-24T20:57:07+09:00,2026/09/25,2026/12/10,2026-12,PUT,54500,440,,,32.68,29.91,515,6,375,6,,,,,
2026/09/24 20:42,2026-09-24T20:57:07+09:00,2026/09/25,2026/12/10,2026-12,CALL,54250,11605,,,,,,,,,,,,,
2026/09/24 20:42,2026-09-24T20:57:07+09:00,2026/09/25,2026/12/10,2026-12,PUT,54250,435,,,33.01,30.17,500,3,360,3,,,,,
2026/09/24 20:42,2026-09-24T20:57:07+09:00,2026/09/25,2026/12/10,2026-12,CALL,54000,11825,,,,,,,,,,,,,
2026/09/24 20:42,2026-09-24T20:57:07+09:00,2026/09/25,2026/12/10,2026-12,PUT,54000,405,,,33.04,30.63,470,30,355,9,,,,,
2026/09/24 20:42,2026-09-24T20:57:07+09:00,2026/09/25,2026/12/10,2026-12,CALL,53750,12070,,,,,,,,,,,,,
2026/09/24 20:42,2026-09-24T20:57:07+09:00,2026/09/25,2026/12/10,2026-12,PUT,53750,400,,,33.44,30.64,460,3,330,3,,,,,
2026/09/24 20:42,2026-09-24T20:57:07+09:00,2026/09/25,2026/12/10,2026-12,CALL,53500,12310,,,,,,,,,,,,,
2026/09/24 20:42,2026-09-24T20:57:07+09:00,2026/09/25,2026/12/10,2026-12,PUT,53500,395,,,33.74,30.85,445,6,315,6,,,,,
2026/09/24 20:42,2026-09-24T20:57:07+09:00,2026/09/25,2026/12/10,2026-12,CALL,53250,12540,,,,,,,,,,,,,
2026/09/24 20:42,2026-09-24T20:57:07+09:00,2026/09/25,2026/12/10,2026-12,PUT,53250,375,,,34.03,31.04,430,3,300,3,,,,,
2026/09/24 20:42,2026-09-24T20:57:07+09:00,2026/09/25,2026/12/10,2026-12,CALL,53000,12780,,,,,,,,,,,,,
2026/09/24 20:42,2026-09-24T20:57:07+09:00,2026/09/25,2026/12/10,2026-12,PUT,53000,360,,,34.08,31.61,405,9,300,9,,,,,
2026/09/24 20:42,2026-09-24T20:57:07+09:00,2026/09/25,2026/12/10,2026-12,CALL,52750,13020,,,,,,,,,,,,,
2026/09/24 20:42,2026-09-24T20:57:07+09:00,2026/09/25,2026/12/10,2026-12,PUT,52750,355,,,34.68,31.41,405,5,271,5,,,,,
2026/09/24 20:42,2026-09-24T20:57:07+09:00,2026/09/25,2026/12/10,2026-12,CALL,52500,13250,,,,,,,,,,,,,
2026/09/24 20:42,2026-09-24T20:57:07+09:00,2026/09/25,2026/12/10,2026-12,PUT,52500,340,,,34.81,31.71,385,8,262,8,,,,,
2026/09/24 20:42,2026-09-24T20:57:07+09:00,2026/09/25,2026/12/10,2026-12,CALL,52250,13495,,,,,,,,,,,,,
2026/09/24 20:42,2026-09-24T20:57:07+09:00,2026/09/25,2026/12/10,2026-12,PUT,52250,330,,,35.17,31.87,375,5,248,5,,,,,
2026/09/24 20:42,2026-09-24T20:57:07+09:00,2026/09/25,2026/12/10,2026-12,CALL,52000,13730,,,,,,,,,,,,,
2026/09/24 20:42,2026-09-24T20:57:07+09:00,2026/09/25,2026/12/10,2026-12,PUT,52000,315,,,35.15,32.45,350,12,249,12,,,,,
2026/09/24 20:42,2026-09-24T20:57:07+09:00,2026/09/25,2026/12/10,2026-12,CALL,51750,13965,,,,,,,,,,,,,
2026/09/24 20:42,2026-09-24T20:57:07+09:00,2026/09/25,2026/12/10,2026-12,PUT,51750,305,,,35.74,32.37,350,5,228,5,,,,,
2026/09/24 20:42,2026-09-24T20:57:07+09:00,2026/09/25,2026/12/10,2026-12,CALL,51500,14195,,,,,,,,,,,,,
2026/09/24 20:42,2026-09-24T20:57:07+09:00,2026/09/25,2026/12/10,2026-12,PUT,51500,282,,,35.94,32.66,335,8,220,8,,,,,
2026/09/24 20:42,2026-09-24T20:57:07+09:00,2026/09/25,2026/12/10,2026-12,CALL,51250,14445,,,,,,,,,,,,,
2026/09/24 20:42,2026-09-24T20:57:07+09:00,2026/09/25,2026/12/10,2026-12,PUT,51250,266,,,36.26,32.84,325,5,209,5,,,,,
2026/09/24 20:42,2026-09-24T20:57:07+09:00,2026/09/25,2026/12/10,2026-12,CALL,51000,14670,,,,,,,,,,,,,
2026/09/24 20:42,2026-09-24T20:57:07+09:00,2026/09/25,2026/12/10,2026-12,PUT,51000,261,,,36.3,33.45,305,12,211,12,,,,,
2026/09/24 20:42,2026-09-24T20:57:07+09:00,2026/09/25,2026/12/10,2026-12,CALL,50750,14915,,,,,,,,,,,,,
2026/09/24 20:42,2026-09-24T20:57:07+09:00,2026/09/25,2026/12/10,2026-12,PUT,50750,257,,,36.88,33.34,305,5,192,5,,,,,
2026/09/24 20:42,2026-09-24T20:57:07+09:00,2026/09/25,2026/12/10,2026-12,CALL,50500,15160,,,,,,,,,,,,,
2026/09/24 20:42,2026-09-24T20:57:07+09:00,2026/09/25,2026/12/10,2026-12,PUT,50500,235,,,37.05,33.66,291,8,186,8,,,,,
2026/09/24 20:42,2026-09-24T20:57:07+09:00,2026/09/25,2026/12/10,2026-12,CALL,50250,15400,,,,,,,,,,,,,
2026/09/24 20:42,2026-09-24T20:57:07+09:00,2026/09/25,2026/12/10,2026-12,PUT,50250,239,,,37.39,33.82,283,5,176,5,,,,,
2026/09/24 20:42,2026-09-24T20:57:07+09:00,2026/09/25,2026/12/10,2026-12,CALL,50000,15645,,,,,,,,,,,,,
2026/09/24 20:42,2026-09-24T20:57:07+09:00,2026/09/25,2026/12/10,2026-12,PUT,50000,226,,,37.23,34.55,259,12,181,12,,,,,
2026/09/24 20:42,2026-09-24T20:57:07+09:00,2026/09/25,2026/12/10,2026-12,CALL,49750,15880,,,,,,,,,,,,,
2026/09/24 20:42,2026-09-24T20:57:07+09:00,2026/09/25,2026/12/10,2026-12,PUT,49750,222,,,37.99,34.33,265,5,162,5,,,,,
2026/09/24 20:42,2026-09-24T20:57:07+09:00,2026/09/25,2026/12/10,2026-12,CALL,49500,16120,,,,,,,,,,,,,
2026/09/24 20:42,2026-09-24T20:57:07+09:00,2026/09/25,2026/12/10,2026-12,PUT,49500,214,,,37.75,34.65,240,24,157,8,,,,,
2026/09/24 20:42,2026-09-24T20:57:07+09:00,2026/09/25,2026/12/10,2026-12,CALL,49250,16360,,,,,,,,,,,,,
2026/09/24 20:42,2026-09-24T20:57:07+09:00,2026/09/25,2026/12/10,2026-12,PUT,49250,207,,,38.11,34.84,234,15,149,5,,,,,
2026/09/24 20:42,2026-09-24T20:57:07+09:00,2026/09/25,2026/12/10,2026-12,CALL,49000,16595,,,,,,,,,,,,,
2026/09/24 20:42,2026-09-24T20:57:07+09:00,2026/09/25,2026/12/10,2026-12,PUT,49000,192,,,38.43,35.5,227,36,152,12,,,,,
2026/09/24 20:42,2026-09-24T20:57:07+09:00,2026/09/25,2026/12/10,2026-12,CALL,48750,16840,,,,,,,,,,,,,
2026/09/24 20:42,2026-09-24T20:57:07+09:00,2026/09/25,2026/12/10,2026-12,PUT,48750,186,,,39.21,35.34,233,5,137,5,,,,,
2026/09/24 20:42,2026-09-24T20:57:07+09:00,2026/09/25,2026/12/10,2026-12,CALL,48500,17085,,,,,,,,,,,,,
2026/09/24 20:42,2026-09-24T20:57:07+09:00,2026/09/25,2026/12/10,2026-12,PUT,48500,182,,,39.42,35.68,223,8,133,8,,,,,
2026/09/24 20:42,2026-09-24T20:57:07+09:00,2026/09/25,2026/12/10,2026-12,CALL,48250,17325,,,,,,,,,,,,,
2026/09/24 20:42,2026-09-24T20:57:07+09:00,2026/09/25,2026/12/10,2026-12,PUT,48250,174,,,39.8,35.85,218,5,126,5,,,,,
2026/09/24 20:42,2026-09-24T20:57:07+09:00,2026/09/25,2026/12/10,2026-12,CALL,48000,17570,,,,,,,,,,,,,
2026/09/24 20:42,2026-09-24T20:57:07+09:00,2026/09/25,2026/12/10,2026-12,PUT,48000,167,,,39.8,36.53,203,12,129,12,,,,,
2026/09/24 20:42,2026-09-24T20:57:07+09:00,2026/09/25,2026/12/10,2026-12,CALL,47750,17810,,,,,,,,,,,,,
2026/09/24 20:42,2026-09-24T20:57:07+09:00,2026/09/25,2026/12/10,2026-12,PUT,47750,162,,,40.44,36.37,205,5,116,5,,,,,
2026/09/24 20:42,2026-09-24T20:57:07+09:00,2026/09/25,2026/12/10,2026-12,CALL,47500,18055,,,,,,,,,,,,,
2026/09/24 20:42,2026-09-24T20:57:07+09:00,2026/09/25,2026/12/10,2026-12,PUT,47500,157,,,40.68,36.73,197,8,113,8,,,,,
2026/09/24 20:42,2026-09-24T20:57:07+09:00,2026/09/25,2026/12/10,2026-12,CALL,47250,18300,,,,,,,,,,,,,
2026/09/24 20:42,2026-09-24T20:57:07+09:00,2026/09/25,2026/12/10,2026-12,PUT,47250,152,,,41.08,36.9,193,5,107,5,,,,,
2026/09/24 20:42,2026-09-24T20:57:07+09:00,2026/09/25,2026/12/10,2026-12,CALL,47000,18545,,,,,,,,,,,,,
2026/09/24 20:42,2026-09-24T20:57:07+09:00,2026/09/25,2026/12/10,2026-12,PUT,47000,148,,,41.05,37.6,179,12,110,12,,,,,
2026/09/24 20:42,2026-09-24T20:57:07+09:00,2026/09/25,2026/12/10,2026-12,CALL,46750,18795,,,,,,,,,,,,,
2026/09/24 20:42,2026-09-24T20:57:07+09:00,2026/09/25,2026/12/10,2026-12,PUT,46750,147,,,41.7,37.4,181,5,98,5,,,,,
2026/09/24 20:42,2026-09-24T20:57:07+09:00,2026/09/25,2026/12/10,2026-12,CALL,46500,19040,,,,,,,,,,,,,
2026/09/24 20:42,2026-09-24T20:57:07+09:00,2026/09/25,2026/12/10,2026-12,PUT,46500,143,,,42,37.79,175,8,96,8,,,,,
2026/09/24 20:42,2026-09-24T20:57:07+09:00,2026/09/25,2026/12/10,2026-12,CALL,46250,19280,,,,,,,,,,,,,
2026/09/24 20:42,2026-09-24T20:57:07+09:00,2026/09/25,2026/12/10,2026-12,PUT,46250,137,,,42.38,37.91,171,5,90,5,,,,,
2026/09/24 20:42,2026-09-24T20:57:07+09:00,2026/09/25,2026/12/10,2026-12,CALL,46000,19525,,,,,,,,,,,,,
2026/09/24 20:42,2026-09-24T20:57:07+09:00,2026/09/25,2026/12/10,2026-12,PUT,46000,131,,,42.37,38.7,159,12,94,12,,,,,
2026/09/24 20:42,2026-09-24T20:57:07+09:00,2026/09/25,2026/12/10,2026-12,CALL,45750,19770,,,,,,,,,,,,,
2026/09/24 20:42,2026-09-24T20:57:07+09:00,2026/09/25,2026/12/10,2026-12,PUT,45750,128,,,43.03,38.45,161,5,83,5,,,,,
2026/09/24 20:42,2026-09-24T20:57:07+09:00,2026/09/25,2026/12/10,2026-12,CALL,45500,20015,,,,,,,,,,,,,
2026/09/24 20:42,2026-09-24T20:57:07+09:00,2026/09/25,2026/12/10,2026-12,PUT,45500,122,,,43.35,38.81,156,8,81,8,,,,,
2026/09/24 20:42,2026-09-24T20:57:07+09:00,2026/09/25,2026/12/10,2026-12,CALL,45250,20260,,,,,,,,,,,,,
2026/09/24 20:42,2026-09-24T20:57:07+09:00,2026/09/25,2026/12/10,2026-12,PUT,45250,119,,,43.76,38.95,153,5,76,5,,,,,
2026/09/24 20:42,2026-09-24T20:57:07+09:00,2026/09/25,2026/12/10,2026-12,CALL,45000,20505,,,,,,,,,,,,,
2026/09/24 20:42,2026-09-24T20:57:07+09:00,2026/09/25,2026/12/10,2026-12,PUT,45000,113,,,43.74,39.78,142,12,80,12,,,,,
2026/09/24 20:42,2026-09-24T20:57:07+09:00,2026/09/25,2026/12/10,2026-12,CALL,44750,20750,,,,,,,,,,,,,
2026/09/24 20:42,2026-09-24T20:57:07+09:00,2026/09/25,2026/12/10,2026-12,PUT,44750,111,,,44.41,39.48,144,5,70,5,,,,,
2026/09/24 20:42,2026-09-24T20:57:07+09:00,2026/09/25,2026/12/10,2026-12,CALL,44500,20995,,,,,,,,,,,,,
2026/09/24 20:42,2026-09-24T20:57:07+09:00,2026/09/25,2026/12/10,2026-12,PUT,44500,107,,,44.7,39.83,139,8,68,8,,,,,
2026/09/24 20:42,2026-09-24T20:57:07+09:00,2026/09/25,2026/12/10,2026-12,CALL,44250,21240,,,,,,,,,,,,,
2026/09/24 20:42,2026-09-24T20:57:07+09:00,2026/09/25,2026/12/10,2026-12,PUT,44250,104,,,45.15,39.98,137,5,64,5,,,,,
2026/09/24 20:42,2026-09-24T20:57:07+09:00,2026/09/25,2026/12/10,2026-12,CALL,44000,21490,,,,,,,,,,,,,
2026/09/24 20:42,2026-09-24T20:57:07+09:00,2026/09/25,2026/12/10,2026-12,PUT,44000,103,,,44.82,41.21,122,39,72,39,,,,,
2026/09/24 20:42,2026-09-24T20:57:07+09:00,2026/09/25,2026/12/10,2026-12,CALL,43750,21740,,,,,,,,,,,,,
2026/09/24 20:42,2026-09-24T20:57:07+09:00,2026/09/25,2026/12/10,2026-12,PUT,43750,102,,,45.88,40.53,130,5,59,5,,,,,
2026/09/24 20:42,2026-09-24T20:57:07+09:00,2026/09/25,2026/12/10,2026-12,CALL,43500,21985,,,,,,,,,,,,,
2026/09/24 20:42,2026-09-24T20:57:07+09:00,2026/09/25,2026/12/10,2026-12,PUT,43500,98,,,45.5,41.63,115,26,65,26,,,,,
2026/09/24 20:42,2026-09-24T20:57:07+09:00,2026/09/25,2026/12/10,2026-12,CALL,43250,22230,,,,,,,,,,,,,
2026/09/24 20:42,2026-09-24T20:57:07+09:00,2026/09/25,2026/12/10,2026-12,PUT,43250,96,,,,27.29,,,1,1,,,,,
2026/09/24 20:42,2026-09-24T20:57:07+09:00,2026/09/25,2026/12/10,2026-12,CALL,43000,22465,,,,,,,,,,,,,
2026/09/24 20:42,2026-09-24T20:57:07+09:00,2026/09/25,2026/12/10,2026-12,PUT,43000,82,,,,27.66,,,1,20,,,,,
2026/09/24 20:42,2026-09-24T20:57:07+09:00,2026/09/25,2026/12/10,2026-12,CALL,42750,22710,,,,,,,,,,,,,
2026/09/24 20:42,2026-09-24T20:57:07+09:00,2026/09/25,2026/12/10,2026-12,PUT,42750,76,,,,,,,,,,,,,
2026/09/24 20:42,2026-09-24T20:57:07+09:00,2026/09/25,2026/12/10,2026-12,CALL,42500,22955,,,,,,,,,,,,,
2026/09/24 20:42,2026-09-24T20:57:07+09:00,2026/09/25,2026/12/10,2026-12,PUT,42500,76,,,,43.74,,,65,1,,,,,
2026/09/24 20:42,2026-09-24T20:57:07+09:00,2026/09/25,2026/12/10,2026-12,CALL,42250,23200,,,,,,,,,,,,,
2026/09/24 20:42,2026-09-24T20:57:07+09:00,2026/09/25,2026/12/10,2026-12,PUT,42250,71,,,,,,,,,,,,,
2026/09/24 20:42,2026-09-24T20:57:07+09:00,2026/09/25,2026/12/10,2026-12,CALL,42000,23450,,,,,,,,,,,,,
2026/09/24 20:42,2026-09-24T20:57:07+09:00,2026/09/25,2026/12/10,2026-12,PUT,42000,68,,,,29.12,,,1,20,,,,,
2026/09/24 20:42,2026-09-24T20:57:07+09:00,2026/09/25,2026/12/10,2026-12,CALL,41750,23695,,,,,,,,,,,,,
2026/09/24 20:42,2026-09-24T20:57:07+09:00,2026/09/25,2026/12/10,2026-12,PUT,41750,67,,,,,,,,,,,,,
2026/09/24 20:42,2026-09-24T20:57:07+09:00,2026/09/25,2026/12/10,2026-12,CALL,41500,23945,,,,,,,,,,,,,
2026/09/24 20:42,2026-09-24T20:57:07+09:00,2026/09/25,2026/12/10,2026-12,PUT,41500,66,,,,,,,,,,,,,
2026/09/24 20:42,2026-09-24T20:57:07+09:00,2026/09/25,2026/12/10,2026-12,CALL,41250,24190,,,,,,,,,,,,,
2026/09/24 20:42,2026-09-24T20:57:07+09:00,2026/09/25,2026/12/10,2026-12,PUT,41250,61,,,,,,,,,,,,,
2026/09/24 20:42,2026-09-24T20:57:07+09:00,2026/09/25,2026/12/10,2026-12,CALL,41000,24435,,,,,,,,,,,,,
2026/09/24 20:42,2026-09-24T20:57:07+09:00,2026/09/25,2026/12/10,2026-12,PUT,41000,59,,,,30.62,,,1,20,,,,,
2026/09/24 20:42,2026-09-24T20:57:07+09:00,2026/09/25,2026/12/10,2026-12,CALL,40750,24680,,,,,,,,,,,,,
2026/09/24 20:42,2026-09-24T20:57:07+09:00,2026/09/25,2026/12/10,2026-12,PUT,40750,57,,,,,,,,,,,,,
2026/09/24 20:42,2026-09-24T20:57:07+09:00,2026/09/25,2026/12/10,2026-12,CALL,40500,24930,,,,,,,,,,,,,
2026/09/24 20:42,2026-09-24T20:57:07+09:00,2026/09/25,2026/12/10,2026-12,PUT,40500,55,,,,,,,,,,,,,
2026/09/24 20:42,2026-09-24T20:57:07+09:00,2026/09/25,2026/12/10,2026-12,CALL,40250,25175,,,,,,,,,,,,,
2026/09/24 20:42,2026-09-24T20:57:07+09:00,2026/09/25,2026/12/10,2026-12,PUT,40250,53,,,,,,,,,,,,,
2026/09/24 20:42,2026-09-24T20:57:07+09:00,2026/09/25,2026/12/10,2026-12,CALL,40000,25425,,,,,,,,,,,,,
2026/09/24 20:42,2026-09-24T20:57:07+09:00,2026/09/25,2026/12/10,2026-12,PUT,40000,53,,,52.47,43.46,100,1,25,2,,,,,
2026/09/24 20:42,2026-09-24T20:57:07+09:00,2026/09/25,2026/12/10,2026-12,CALL,39750,25670,,,,,,,,,,,,,
2026/09/24 20:42,2026-09-24T20:57:07+09:00,2026/09/25,2026/12/10,2026-12,PUT,39750,49,,,,,,,,,,,,,
2026/09/24 20:42,2026-09-24T20:57:07+09:00,2026/09/25,2026/12/10,2026-12,CALL,39500,25920,,,,,,,,,,,,,
2026/09/24 20:42,2026-09-24T20:57:07+09:00,2026/09/25,2026/12/10,2026-12,PUT,39500,47,,,,32.94,,,1,10,,,,,
2026/09/24 20:42,2026-09-24T20:57:07+09:00,2026/09/25,2026/12/10,2026-12,CALL,39250,26165,,,,,,,,,,,,,
2026/09/24 20:42,2026-09-24T20:57:07+09:00,2026/09/25,2026/12/10,2026-12,PUT,39250,46,,,,,,,,,,,,,
2026/09/24 20:42,2026-09-24T20:57:07+09:00,2026/09/25,2026/12/10,2026-12,CALL,39000,26415,,,,,,,,,,,,,
2026/09/24 20:42,2026-09-24T20:57:07+09:00,2026/09/25,2026/12/10,2026-12,PUT,39000,44,,,,33.73,,,1,20,,,,,
2026/09/24 20:42,2026-09-24T20:57:07+09:00,2026/09/25,2026/12/10,2026-12,CALL,38750,26660,,,,,,,,,,,,,
2026/09/24 20:42,2026-09-24T20:57:07+09:00,2026/09/25,2026/12/10,2026-12,PUT,38750,42,,,,,,,,,,,,,
2026/09/24 20:42,2026-09-24T20:57:07+09:00,2026/09/25,2026/12/10,2026-12,CALL,38500,26910,,,,,,,,,,,,,
2026/09/24 20:42,2026-09-24T20:57:07+09:00,2026/09/25,2026/12/10,2026-12,PUT,38500,41,,,,34.53,,,1,1,,,,,
2026/09/24 20:42,2026-09-24T20:57:07+09:00,2026/09/25,2026/12/10,2026-12,CALL,38250,27155,,,,,,,,,,,,,
2026/09/24 20:42,2026-09-24T20:57:07+09:00,2026/09/25,2026/12/10,2026-12,PUT,38250,39,,,,,,,,,,,,,
2026/09/24 20:42,2026-09-24T20:57:07+09:00,2026/09/25,2026/12/10,2026-12,CALL,38000,27405,,,,,,,,,,,,,
2026/09/24 20:42,2026-09-24T20:57:07+09:00,2026/09/25,2026/12/10,2026-12,PUT,38000,38,,,,38.54,,,3,1,,,,,
2026/09/24 20:42,2026-09-24T20:57:07+09:00,2026/09/25,2026/12/10,2026-12,CALL,37750,27650,,,,,,,,,,,,,
2026/09/24 20:42,2026-09-24T20:57:07+09:00,2026/09/25,2026/12/10,2026-12,PUT,37750,36,,,,,,,,,,,,,
2026/09/24 20:42,2026-09-24T20:57:07+09:00,2026/09/25,2026/12/10,2026-12,CALL,37500,27900,,,,,,,,,,,,,
2026/09/24 20:42,2026-09-24T20:57:07+09:00,2026/09/25,2026/12/10,2026-12,PUT,37500,35,,,,,,,,,,,,,
2026/09/24 20:42,2026-09-24T20:57:07+09:00,2026/09/25,2026/12/10,2026-12,CALL,37250,28145,,,,,,,,,,,,,
2026/09/24 20:42,2026-09-24T20:57:07+09:00,2026/09/25,2026/12/10,2026-12,PUT,37250,34,,,,,,,,,,,,,
2026/09/24 20:42,2026-09-24T20:57:07+09:00,2026/09/25,2026/12/10,2026-12,CALL,37000,28395,,,,,,,,,,,,,
2026/09/24 20:42,2026-09-24T20:57:07+09:00,2026/09/25,2026/12/10,2026-12,PUT,37000,32,,,,42.17,,,5,1,,,,,
2026/09/24 20:42,2026-09-24T20:57:07+09:00,2026/09/25,2026/12/10,2026-12,CALL,36750,28640,,,,,,,,,,,,,
2026/09/24 20:42,2026-09-24T20:57:07+09:00,2026/09/25,2026/12/10,2026-12,PUT,36750,31,,,,,,,,,,,,,
2026/09/24 20:42,2026-09-24T20:57:07+09:00,2026/09/25,2026/12/10,2026-12,CALL,36500,28890,,,,,,,,,,,,,
2026/09/24 20:42,2026-09-24T20:57:07+09:00,2026/09/25,2026/12/10,2026-12,PUT,36500,30,,,,,,,,,,,,,
2026/09/24 20:42,2026-09-24T20:57:07+09:00,2026/09/25,2026/12/10,2026-12,CALL,36250,29140,,,,,,,,,,,,,
2026/09/24 20:42,2026-09-24T20:57:07+09:00,2026/09/25,2026/12/10,2026-12,PUT,36250,29,,,,,,,,,,,,,
2026/09/24 20:42,2026-09-24T20:57:07+09:00,2026/09/25,2026/12/10,2026-12,CALL,36000,29385,,,,,,,,,,,,,
2026/09/24 20:42,2026-09-24T20:57:07+09:00,2026/09/25,2026/12/10,2026-12,PUT,36000,27,,,55,38.68,40,1,1,20,,,,,
2026/09/24 20:42,2026-09-24T20:57:07+09:00,2026/09/25,2026/12/10,2026-12,CALL,35750,29635,,,,,,,,,,,,,
2026/09/24 20:42,2026-09-24T20:57:07+09:00,2026/09/25,2026/12/10,2026-12,PUT,35750,26,,,,,,,,,,,,,
2026/09/24 20:42,2026-09-24T20:57:07+09:00,2026/09/25,2026/12/10,2026-12,CALL,35500,29880,,,,,,,,,,,,,
2026/09/24 20:42,2026-09-24T20:57:07+09:00,2026/09/25,2026/12/10,2026-12,PUT,35500,25,,,,,,,,,,,,,
2026/09/24 20:42,2026-09-24T20:57:07+09:00,2026/09/25,2026/12/10,2026-12,CALL,35250,30130,,,,,,,,,,,,,
2026/09/24 20:42,2026-09-24T20:57:07+09:00,2026/09/25,2026/12/10,2026-12,PUT,35250,24,,,,,,,,,,,,,
2026/09/24 20:42,2026-09-24T20:57:07+09:00,2026/09/25,2026/12/10,2026-12,CALL,35000,30380,,,,,,,,,,,,,
2026/09/24 20:42,2026-09-24T20:57:07+09:00,2026/09/25,2026/12/10,2026-12,PUT,35000,23,,1,55.82,53.15,32,1,21,12,55.46,0,0,30,09/24 19:44
2026/09/24 20:42,2026-09-24T20:57:07+09:00,2026/09/25,2026/12/10,2026-12,CALL,34750,30625,,,,,,,,,,,,,
2026/09/24 20:42,2026-09-24T20:57:07+09:00,2026/09/25,2026/12/10,2026-12,PUT,34750,22,,,,,,,,,,,,,
2026/09/24 20:42,2026-09-24T20:57:07+09:00,2026/09/25,2026/12/10,2026-12,CALL,34500,30875,,,,,,,,,,,,,
2026/09/24 20:42,2026-09-24T20:57:07+09:00,2026/09/25,2026/12/10,2026-12,PUT,34500,21,,,,,,,,,,,,,
2026/09/24 20:42,2026-09-24T20:57:07+09:00,2026/09/25,2026/12/10,2026-12,CALL,34250,31125,,,,,,,,,,,,,
2026/09/24 20:42,2026-09-24T20:57:07+09:00,2026/09/25,2026/12/10,2026-12,PUT,34250,20,,,,,,,,,,,,,
2026/09/24 20:42,2026-09-24T20:57:07+09:00,2026/09/25,2026/12/10,2026-12,CALL,34000,31370,,,,,,,,,,,,,
2026/09/24 20:42,2026-09-24T20:57:07+09:00,2026/09/25,2026/12/10,2026-12,PUT,34000,19,,,,42.21,,,1,20,,,,,
2026/09/24 20:42,2026-09-24T20:57:07+09:00,2026/09/25,2026/12/10,2026-12,CALL,33750,31620,,,,,,,,,,,,,
2026/09/24 20:42,2026-09-24T20:57:07+09:00,2026/09/25,2026/12/10,2026-12,PUT,33750,19,,,,,,,,,,,,,
2026/09/24 20:42,2026-09-24T20:57:07+09:00,2026/09/25,2026/12/10,2026-12,CALL,33500,31865,,,,,,,,,,,,,
2026/09/24 20:42,2026-09-24T20:57:07+09:00,2026/09/25,2026/12/10,2026-12,PUT,33500,18,,,,,,,,,,,,,
2026/09/24 20:42,2026-09-24T20:57:07+09:00,2026/09/25,2026/12/10,2026-12,CALL,33250,32115,,,,,,,,,,,,,
2026/09/24 20:42,2026-09-24T20:57:07+09:00,2026/09/25,2026/12/10,2026-12,PUT,33250,17,,,,,,,,,,,,,
2026/09/24 20:42,2026-09-24T20:57:07+09:00,2026/09/25,2026/12/10,2026-12,CALL,33000,32365,,,,,,,,,,,,,
2026/09/24 20:42,2026-09-24T20:57:07+09:00,2026/09/25,2026/12/10,2026-12,PUT,33000,16,,,,55.73,,,15,1,,,,,
2026/09/24 20:42,2026-09-24T20:57:07+09:00,2026/09/25,2026/12/10,2026-12,CALL,32750,32610,,,,,,,,,,,,,
2026/09/24 20:42,2026-09-24T20:57:07+09:00,2026/09/25,2026/12/10,2026-12,PUT,32750,15,,,,,,,,,,,,,
2026/09/24 20:42,2026-09-24T20:57:07+09:00,2026/09/25,2026/12/10,2026-12,CALL,32500,32860,,,,,,,,,,,,,
2026/09/24 20:42,2026-09-24T20:57:07+09:00,2026/09/25,2026/12/10,2026-12,PUT,32500,15,,,,,,,,,,,,,
2026/09/24 20:42,2026-09-24T20:57:07+09:00,2026/09/25,2026/12/10,2026-12,CALL,32250,33110,,,,,,,,,,,,,
2026/09/24 20:42,2026-09-24T20:57:07+09:00,2026/09/25,2026/12/10,2026-12,PUT,32250,14,,,,,,,,,,,,,
2026/09/24 20:42,2026-09-24T20:57:07+09:00,2026/09/25,2026/12/10,2026-12,CALL,32000,33360,,,,,,,,,,,,,
2026/09/24 20:42,2026-09-24T20:57:07+09:00,2026/09/25,2026/12/10,2026-12,PUT,32000,13,,,,45.95,,,1,20,,,,,
2026/09/24 20:42,2026-09-24T20:57:07+09:00,2026/09/25,2026/12/10,2026-12,CALL,31750,33605,,,,,,,,,,,,,
2026/09/24 20:42,2026-09-24T20:57:07+09:00,2026/09/25,2026/12/10,2026-12,PUT,31750,13,,,,,,,,,,,,,
2026/09/24 20:42,2026-09-24T20:57:07+09:00,2026/09/25,2026/12/10,2026-12,CALL,31500,33855,,,,,,,,,,,,,
2026/09/24 20:42,2026-09-24T20:57:07+09:00,2026/09/25,2026/12/10,2026-12,PUT,31500,12,,,,,,,,,,,,,
2026/09/24 20:42,2026-09-24T20:57:07+09:00,2026/09/25,2026/12/10,2026-12,CALL,31250,34105,,,,,,,,,,,,,
2026/09/24 20:42,2026-09-24T20:57:07+09:00,2026/09/25,2026/12/10,2026-12,PUT,31250,11,,,,,,,,,,,,,
2026/09/24 20:42,2026-09-24T20:57:07+09:00,2026/09/25,2026/12/10,2026-12,CALL,31000,34350,,,,,,,,,,,,,
2026/09/24 20:42,2026-09-24T20:57:07+09:00,2026/09/25,2026/12/10,2026-12,PUT,31000,11,,,,47.9,,,1,20,,,,,
2026/09/24 20:42,2026-09-24T20:57:07+09:00,2026/09/25,2026/12/10,2026-12,CALL,30750,34600,,,,,,,,,,,,,
2026/09/24 20:42,2026-09-24T20:57:07+09:00,2026/09/25,2026/12/10,2026-12,PUT,30750,10,,,,,,,,,,,,,
2026/09/24 20:42,2026-09-24T20:57:07+09:00,2026/09/25,2026/12/10,2026-12,CALL,30500,34850,,,,,,,,,,,,,
2026/09/24 20:42,2026-09-24T20:57:07+09:00,2026/09/25,2026/12/10,2026-12,PUT,30500,10,,,88.44,,220,1,,,,,,,
2026/09/24 20:42,2026-09-24T20:57:07+09:00,2026/09/25,2026/12/10,2026-12,CALL,30250,35100,,,,,,,,,,,,,
2026/09/24 20:42,2026-09-24T20:57:07+09:00,2026/09/25,2026/12/10,2026-12,PUT,30250,9,,,,,,,,,,,,,
2026/09/24 20:42,2026-09-24T20:57:07+09:00,2026/09/25,2026/12/10,2026-12,CALL,30000,35345,,,,,,,,,,,,,
2026/09/24 20:42,2026-09-24T20:57:07+09:00,2026/09/25,2026/12/10,2026-12,PUT,30000,15,,5,63.41,62.99,16,5,15,1,63.45,1,6.67,16,09/24 20:09
2026/09/25 01:46,2026-09-25T02:01:27+09:00,2026/09/25,2026/10/08,2026-10,CALL,79000,2,153,12,30.96,29.2,2,35,1,3,30.35,-1,-50,1,09/24 21:40
2026/09/25 01:46,2026-09-25T02:01:27+09:00,2026/09/25,2026/10/08,2026-10,PUT,79000,13655,1,,,,,,,,,,,,
2026/09/25 01:46,2026-09-25T02:01:27+09:00,2026/09/25,2026/10/08,2026-10,CALL,78500,2,62,,30,28.29,2,2,1,27,,,,,
2026/09/25 01:46,2026-09-25T02:01:27+09:00,2026/09/25,2026/10/08,2026-10,PUT,78500,13155,,,,,,,,,,,,,
2026/09/25 01:46,2026-09-25T02:01:27+09:00,2026/09/25,2026/10/08,2026-10,CALL,78000,2,740,1,29.03,27.37,2,13,1,45,28.56,-1,-50,1,09/24 18:02
2026/09/25 01:46,2026-09-25T02:01:27+09:00,2026/09/25,2026/10/08,2026-10,PUT,78000,12655,,,,,,,,,,,,,
2026/09/25 01:46,2026-09-25T02:01:27+09:00,2026/09/25,2026/10/08,2026-10,CALL,77500,2,117,,29.12,26.44,3,9,1,5,,,,,
2026/09/25 01:46,2026-09-25T02:01:27+09:00,2026/09/25,2026/10/08,2026-10,PUT,77500,12155,,,,,,,,,,,,,
2026/09/25 01:46,2026-09-25T02:01:27+09:00,2026/09/25,2026/10/08,2026-10,CALL,77000,3,1411,,28.11,27.07,3,37,2,9,,,,,
2026/09/25 01:46,2026-09-25T02:01:27+09:00,2026/09/25,2026/10/08,2026-10,PUT,77000,11655,,,,,,,,,,,,,
2026/09/25 01:46,2026-09-25T02:01:27+09:00,2026/09/25,2026/10/08,2026-10,CALL,76500,3,70,1,27.86,26.07,4,11,2,5,27.92,0,0,3,09/24 23:26
2026/09/25 01:46,2026-09-25T02:01:27+09:00,2026/09/25,2026/10/08,2026-10,PUT,76500,11155,,,,,,,,,,,,,
2026/09/25 01:46,2026-09-25T02:01:27+09:00,2026/09/25,2026/10/08,2026-10,CALL,76250,3,45,,26.56,24.07,3,1,1,126,,,,,
2026/09/25 01:46,2026-09-25T02:01:27+09:00,2026/09/25,2026/10/08,2026-10,PUT,76250,10905,,,,,,,,,,,,,
2026/09/25 01:46,2026-09-25T02:01:27+09:00,2026/09/25,2026/10/08,2026-10,CALL,76000,3,929,10,26.79,25.06,4,3,2,80,27.18,0,0,3,09/25 00:05
2026/09/25 01:46,2026-09-25T02:01:27+09:00,2026/09/25,2026/10/08,2026-10,PUT,76000,10655,,,,,,,,,,,,,
2026/09/25 01:46,2026-09-25T02:01:27+09:00,2026/09/25,2026/10/08,2026-10,CALL,75750,4,25,,26.87,24.55,5,20,2,122,,,,,
2026/09/25 01:46,2026-09-25T02:01:27+09:00,2026/09/25,2026/10/08,2026-10,PUT,75750,10405,,,,,,,,,,,,,
2026/09/25 01:46,2026-09-25T02:01:27+09:00,2026/09/25,2026/10/08,2026-10,CALL,75500,4,66,,26.84,24.04,6,23,2,112,,,,,
2026/09/25 01:46,2026-09-25T02:01:27+09:00,2026/09/25,2026/10/08,2026-10,PUT,75500,10155,,,,,,,,,,,,,
2026/09/25 01:46,2026-09-25T02:01:27+09:00,2026/09/25,2026/10/08,2026-10,CALL,75250,5,16,2,25.77,24.46,5,1,3,5,26.96,-2,-28.57,5,09/24 21:42
2026/09/25 01:46,2026-09-25T02:01:27+09:00,2026/09/25,2026/10/08,2026-10,PUT,75250,9905,,,,,,,,,,,,,
2026/09/25 01:46,2026-09-25T02:01:27+09:00,2026/09/25,2026/10/08,2026-10,CALL,75000,6,2433,67,25.72,25.21,6,12,5,10,25.03,0,0,5,09/25 01:40
2026/09/25 01:46,2026-09-25T02:01:27+09:00,2026/09/25,2026/10/08,2026-10,PUT,75000,9660,,,,,,,,,,,,,
2026/09/25 01:46,2026-09-25T02:01:27+09:00,2026/09/25,2026/10/08,2026-10,CALL,74750,6,18,1,26.99,24.65,11,31,5,1,25.99,-2,-25,6,09/24 22:12
2026/09/25 01:46,2026-09-25T02:01:27+09:00,2026/09/25,2026/10/08,2026-10,PUT,74750,9410,,,,,,,,,,,,,
2026/09/25 01:46,2026-09-25T02:01:27+09:00,2026/09/25,2026/10/08,2026-10,CALL,74500,7,143,4,25.01,24.09,7,1,5,2,25.78,-2,-25,6,09/25 00:00
2026/09/25 01:46,2026-09-25T02:01:27+09:00,2026/09/25,2026/10/08,2026-10,PUT,74500,9160,,,,,,,,,,,,,
2026/09/25 01:46,2026-09-25T02:01:27+09:00,2026/09/25,2026/10/08,2026-10,CALL,74250,9,38,,26.32,24,13,31,6,5,,,,,
2026/09/25 01:46,2026-09-25T02:01:27+09:00,2026/09/25,2026/10/08,2026-10,PUT,74250,8910,,,,,,,,,,,,,
2026/09/25 01:46,2026-09-25T02:01:27+09:00,2026/09/25,2026/10/08,2026-10,CALL,74000,9,1049,77,24.87,23.84,10,17,7,13,24.3,-1,-10,9,09/25 01:41
2026/09/25 01:46,2026-09-25T02:01:27+09:00,2026/09/25,2026/10/08,2026-10,PUT,74000,8665,,,,,,,,,,,,,
2026/09/25 01:46,2026-09-25T02:01:27+09:00,2026/09/25,2026/10/08,2026-10,CALL,73750,11,6,,24.55,23.61,11,16,8,5,,,,,
2026/09/25 01:46,2026-09-25T02:01:27+09:00,2026/09/25,2026/10/08,2026-10,PUT,73750,8415,,,,,,,,,,,,,
2026/09/25 01:46,2026-09-25T02:01:27+09:00,2026/09/25,2026/10/08,2026-10,CALL,73500,13,89,5,24.45,23.64,13,8,10,1,24.47,-3,-20,12,09/25 01:16
2026/09/25 01:46,2026-09-25T02:01:27+09:00,2026/09/25,2026/10/08,2026-10,PUT,73500,8165,,,,,,,,,,,,,
2026/09/25 01:46,2026-09-25T02:01:27+09:00,2026/09/25,2026/10/08,2026-10,CALL,73250,16,15,1,24.27,23.03,15,5,10,5,25.32,-5,-27.78,13,09/24 20:09
2026/09/25 01:46,2026-09-25T02:01:27+09:00,2026/09/25,2026/10/08,2026-10,PUT,73250,7920,,,,,,,,,,,,,
2026/09/25 01:46,2026-09-25T02:01:27+09:00,2026/09/25,2026/10/08,2026-10,CALL,73000,17,1733,59,23.83,23.4,16,12,14,2,23.98,-2,-11.11,16,09/25 01:28
2026/09/25 01:46,2026-09-25T02:01:27+09:00,2026/09/25,2026/10/08,2026-10,PUT,73000,7670,10,,,,,,,,,,,,
2026/09/25 01:46,2026-09-25T02:01:27+09:00,2026/09/25,2026/10/08,2026-10,CALL,72750,21,23,,24.41,22.29,23,8,12,8,,,,,
2026/09/25 01:46,2026-09-25T02:01:27+09:00,2026/09/25,2026/10/08,2026-10,PUT,72750,7425,,,,,,,,,,,,,
2026/09/25 01:46,2026-09-25T02:01:27+09:00,2026/09/25,2026/10/08,2026-10,CALL,72500,23,432,26,23.87,22.88,24,11,18,8,24.01,0,0,23,09/25 01:16
2026/09/25 01:46,2026-09-25T02:01:27+09:00,2026/09/25,2026/10/08,2026-10,PUT,72500,7180,1,,,,,,,,,,,,
2026/09/25 01:46,2026-09-25T02:01:27+09:00,2026/09/25,2026/10/08,2026-10,CALL,72250,28,89,1,23.73,21.65,28,8,15,8,24.94,-6,-19.35,25,09/24 17:16
2026/09/25 01:46,2026-09-25T02:01:27+09:00,2026/09/25,2026/10/08,2026-10,PUT,72250,6930,,,47.44,,7180,4,6340,1,,,,,
2026/09/25 01:46,2026-09-25T02:01:27+09:00,2026/09/25,2026/10/08,2026-10,CALL,72125,31,1,1,23.76,21.69,31,16,17,7,24.42,-15,-34.09,29,09/24 17:02
2026/09/25 01:46,2026-09-25T02:01:27+09:00,2026/09/25,2026/10/08,2026-10,PUT,72125,6810,,,47.04,,7060,4,6215,3,,,,,
2026/09/25 01:46,2026-09-25T02:01:27+09:00,2026/09/25,2026/10/08,2026-10,CALL,72000,33,3059,367,23.27,23.02,30,93,28,1,23.29,-4,-12.12,29,09/25 01:27
2026/09/25 01:46,2026-09-25T02:01:27+09:00,2026/09/25,2026/10/08,2026-10,PUT,72000,6685,1,,46.49,,6935,12,6200,3,,,,,
2026/09/25 01:46,2026-09-25T02:01:27+09:00,2026/09/25,2026/10/08,2026-10,CALL,71875,38,2,,23.93,21.67,39,1,21,9,,,,,
2026/09/25 01:46,2026-09-25T02:01:27+09:00,2026/09/25,2026/10/08,2026-10,PUT,71875,6565,,,46.08,,6815,4,6070,1,,,,,
2026/09/25 01:46,2026-09-25T02:01:27+09:00,2026/09/25,2026/10/08,2026-10,CALL,71750,40,20,8,23.66,22.17,40,8,27,8,24.88,-6,-14.29,36,09/24 18:27
2026/09/25 01:46,2026-09-25T02:01:27+09:00,2026/09/25,2026/10/08,2026-10,PUT,71750,6445,,,45.67,,6695,3,5830,3,,,,,
2026/09/25 01:46,2026-09-25T02:01:27+09:00,2026/09/25,2026/10/08,2026-10,CALL,71625,43,7,,24.48,20.97,53,7,21,15,,,,,
2026/09/25 01:46,2026-09-25T02:01:27+09:00,2026/09/25,2026/10/08,2026-10,PUT,71625,6320,,,45.11,,6570,3,5865,2,,,,,
2026/09/25 01:46,2026-09-25T02:01:27+09:00,2026/09/25,2026/10/08,2026-10,CALL,71500,46,370,10,23.38,22.59,45,8,37,16,23.42,-5,-10.64,42,09/25 01:16
2026/09/25 01:46,2026-09-25T02:01:27+09:00,2026/09/25,2026/10/08,2026-10,PUT,71500,6200,,,44.69,,6450,8,5675,6,,,,,
2026/09/25 01:46,2026-09-25T02:01:27+09:00,2026/09/25,2026/10/08,2026-10,CALL,71375,51,,,23.35,22.61,49,1,41,8,,,,,
2026/09/25 01:46,2026-09-25T02:01:27+09:00,2026/09/25,2026/10/08,2026-10,PUT,71375,6080,,,44.26,,6330,4,5605,1,,,,,
2026/09/25 01:46,2026-09-25T02:01:27+09:00,2026/09/25,2026/10/08,2026-10,CALL,71250,52,140,2,23.29,22.69,53,1,46,5,24.05,-10,-19.23,42,09/25 01:00
2026/09/25 01:46,2026-09-25T02:01:27+09:00,2026/09/25,2026/10/08,2026-10,PUT,71250,5960,,,43.82,,6210,4,5455,1,,,,,
2026/09/25 01:46,2026-09-25T02:01:27+09:00,2026/09/25,2026/10/08,2026-10,CALL,71125,60,1,,23.29,22.56,58,1,49,8,,,,,
2026/09/25 01:46,2026-09-25T02:01:27+09:00,2026/09/25,2026/10/08,2026-10,PUT,71125,5840,,,43.38,,6090,4,5300,3,,,,,
2026/09/25 01:46,2026-09-25T02:01:27+09:00,2026/09/25,2026/10/08,2026-10,CALL,71000,63,1768,27,23.19,22.65,62,12,55,12,23.15,-2,-3.17,61,09/25 01:44
2026/09/25 01:46,2026-09-25T02:01:27+09:00,2026/09/25,2026/10/08,2026-10,PUT,71000,5720,,,40.41,,5880,7,5285,7,,,,,
2026/09/25 01:46,2026-09-25T02:01:27+09:00,2026/09/25,2026/10/08,2026-10,CALL,70875,71,1,1,23.34,22.4,70,9,57,4,23.68,,,57,09/24 22:56
2026/09/25 01:46,2026-09-25T02:01:27+09:00,2026/09/25,2026/10/08,2026-10,PUT,70875,5600,,,42.21,,5840,3,5155,5,,,,,
2026/09/25 01:46,2026-09-25T02:01:27+09:00,2026/09/25,2026/10/08,2026-10,CALL,70750,74,11,2,23.25,22.43,75,3,63,3,24.79,-7,-9.09,70,09/24 18:28
2026/09/25 01:46,2026-09-25T02:01:27+09:00,2026/09/25,2026/10/08,2026-10,PUT,70750,5480,,,41.76,,5720,2,5055,2,,,,,
2026/09/25 01:46,2026-09-25T02:01:27+09:00,2026/09/25,2026/10/08,2026-10,CALL,70625,78,22,,23.38,22.22,84,1,66,1,,,,,
2026/09/25 01:46,2026-09-25T02:01:27+09:00,2026/09/25,2026/10/08,2026-10,PUT,70625,5355,,,41.16,,5595,3,4915,5,,,,,
2026/09/25 01:46,2026-09-25T02:01:27+09:00,2026/09/25,2026/10/08,2026-10,CALL,70500,86,346,15,23.24,22.45,89,6,76,6,22.86,-8,-9.3,78,09/25 01:35
2026/09/25 01:46,2026-09-25T02:01:27+09:00,2026/09/25,2026/10/08,2026-10,PUT,70500,5245,,,40.96,,5485,3,4765,3,,,,,
2026/09/25 01:46,2026-09-25T02:01:27+09:00,2026/09/25,2026/10/08,2026-10,CALL,70375,96,127,1,23.3,22.5,98,15,84,3,23.41,-35,-31.82,75,09/24 23:25
2026/09/25 01:46,2026-09-25T02:01:27+09:00,2026/09/25,2026/10/08,2026-10,PUT,70375,5125,,,40.49,,5365,3,4575,5,,,,,
2026/09/25 01:46,2026-09-25T02:01:27+09:00,2026/09/25,2026/10/08,2026-10,CALL,70250,102,22,3,23.32,22.41,107,8,90,3,24.87,-22,-19.13,93,09/24 17:53
2026/09/25 01:46,2026-09-25T02:01:27+09:00,2026/09/25,2026/10/08,2026-10,PUT,70250,5005,,,40.01,,5245,2,4445,4,,,,,
2026/09/25 01:46,2026-09-25T02:01:27+09:00,2026/09/25,2026/10/08,2026-10,CALL,70125,111,4,,23.26,22.55,115,6,101,3,,,,,
2026/09/25 01:46,2026-09-25T02:01:27+09:00,2026/09/25,2026/10/08,2026-10,PUT,70125,4890,,,39.65,,5130,3,4415,3,,,,,
2026/09/25 01:46,2026-09-25T02:01:27+09:00,2026/09/25,2026/10/08,2026-10,CALL,70000,113,2476,205,23.27,22.54,125,9,110,9,22.98,6,5.31,119,09/25 01:39
2026/09/25 01:46,2026-09-25T02:01:27+09:00,2026/09/25,2026/10/08,2026-10,PUT,70000,4775,105,,39.28,,5015,7,4330,7,,,,,
2026/09/25 01:46,2026-09-25T02:01:27+09:00,2026/09/25,2026/10/08,2026-10,CALL,69875,129,107,2,23.24,22.46,135,3,118,7,23.98,,,115,09/24 19:49
2026/09/25 01:46,2026-09-25T02:01:27+09:00,2026/09/25,2026/10/08,2026-10,PUT,69875,4660,,,38.91,,4900,3,4185,3,,,,,
2026/09/25 01:46,2026-09-25T02:01:27+09:00,2026/09/25,2026/10/08,2026-10,CALL,69750,138,93,3,23.23,22.49,146,5,129,3,24.69,-18,-12.16,130,09/24 18:17
2026/09/25 01:46,2026-09-25T02:01:27+09:00,2026/09/25,2026/10/08,2026-10,PUT,69750,4545,,,38.52,,4785,2,4095,2,,,,,
2026/09/25 01:46,2026-09-25T02:01:27+09:00,2026/09/25,2026/10/08,2026-10,CALL,69625,149,96,1,23.23,22.48,158,13,140,7,24.51,-76,-36.89,130,09/24 17:28
2026/09/25 01:46,2026-09-25T02:01:27+09:00,2026/09/25,2026/10/08,2026-10,PUT,69625,4430,,,38.12,,4670,3,3905,5,,,,,
2026/09/25 01:46,2026-09-25T02:01:27+09:00,2026/09/25,2026/10/08,2026-10,CALL,69500,158,530,21,23.15,22.44,169,6,151,6,23.43,-30,-18.99,128,09/25 01:14
2026/09/25 01:46,2026-09-25T02:01:27+09:00,2026/09/25,2026/10/08,2026-10,PUT,69500,4315,,,37.72,13.16,4555,3,3890,7,,,,,
2026/09/25 01:46,2026-09-25T02:01:27+09:00,2026/09/25,2026/10/08,2026-10,CALL,69375,173,,,23.2,22.44,184,4,164,3,,,,,
2026/09/25 01:46,2026-09-25T02:01:27+09:00,2026/09/25,2026/10/08,2026-10,PUT,69375,4205,,,37.42,,4445,3,3675,5,,,,,
2026/09/25 01:46,2026-09-25T02:01:27+09:00,2026/09/25,2026/10/08,2026-10,CALL,69250,185,15,4,23.21,22.42,199,8,177,8,23.15,-28,-14.51,165,09/24 23:10
2026/09/25 01:46,2026-09-25T02:01:27+09:00,2026/09/25,2026/10/08,2026-10,PUT,69250,4090,,,37,,4330,2,3590,4,,,,,
2026/09/25 01:46,2026-09-25T02:01:27+09:00,2026/09/25,2026/10/08,2026-10,CALL,69125,199,1,1,23.12,22.39,212,3,191,3,23.1,,,170,09/24 22:54
2026/09/25 01:46,2026-09-25T02:01:27+09:00,2026/09/25,2026/10/08,2026-10,PUT,69125,3980,,,36.68,,4220,3,3480,5,,,,,
2026/09/25 01:46,2026-09-25T02:01:27+09:00,2026/09/25,2026/10/08,2026-10,CALL,69000,209,2531,48,23.13,22.67,229,9,215,1,22.89,11,5.26,220,09/25 01:44
2026/09/25 01:46,2026-09-25T02:01:27+09:00,2026/09/25,2026/10/08,2026-10,PUT,69000,3870,200,,36.35,17.01,4110,7,3455,7,,,,,
2026/09/25 01:46,2026-09-25T02:01:27+09:00,2026/09/25,2026/10/08,2026-10,CALL,68875,231,146,,23.11,22.35,246,2,222,2,,,,,
2026/09/25 01:46,2026-09-25T02:01:27+09:00,2026/09/25,2026/10/08,2026-10,PUT,68875,3760,,,36.01,17.05,4000,3,3340,5,,,,,
2026/09/25 01:46,2026-09-25T02:01:27+09:00,2026/09/25,2026/10/08,2026-10,CALL,68750,245,149,3,23.06,22.39,263,2,241,8,23.24,-14,-5.91,223,09/24 22:40
2026/09/25 01:46,2026-09-25T02:01:27+09:00,2026/09/25,2026/10/08,2026-10,PUT,68750,3655,,,35.76,,3895,2,3020,2,,,,,
2026/09/25 01:46,2026-09-25T02:01:27+09:00,2026/09/25,2026/10/08,2026-10,CALL,68625,264,,,23.1,22.3,284,2,257,2,,,,,
2026/09/25 01:46,2026-09-25T02:01:27+09:00,2026/09/25,2026/10/08,2026-10,PUT,68625,3550,,,35.51,14.22,3790,3,3055,5,,,,,
2026/09/25 01:46,2026-09-25T02:01:27+09:00,2026/09/25,2026/10/08,2026-10,CALL,68500,276,1187,14,23.38,22.18,315,28,273,4,22.9,39,14.13,315,09/25 01:41
2026/09/25 01:46,2026-09-25T02:01:27+09:00,2026/09/25,2026/10/08,2026-10,PUT,68500,3440,3,,35.12,13.76,3680,3,2930,7,,,,,
2026/09/25 01:46,2026-09-25T02:01:27+09:00,2026/09/25,2026/10/08,2026-10,CALL,68375,305,4,2,22.9,22.34,320,2,300,4,24.41,-60,-18.18,270,09/24 17:26
2026/09/25 01:46,2026-09-25T02:01:27+09:00,2026/09/25,2026/10/08,2026-10,PUT,68375,3335,,,34.83,16.18,3575,3,2865,5,,,,,
2026/09/25 01:46,2026-09-25T02:01:27+09:00,2026/09/25,2026/10/08,2026-10,CALL,68250,320,104,5,22.81,22.27,340,4,320,6,23.52,-26,-8.13,294,09/24 22:07
2026/09/25 01:46,2026-09-25T02:01:27+09:00,2026/09/25,2026/10/08,2026-10,PUT,68250,3235,,,34.53,16.05,3470,2,2750,2,,,,,
2026/09/25 01:46,2026-09-25T02:01:27+09:00,2026/09/25,2026/10/08,2026-10,CALL,68125,350,20,,22.82,22.3,365,2,345,2,,,,,
2026/09/25 01:46,2026-09-25T02:01:27+09:00,2026/09/25,2026/10/08,2026-10,PUT,68125,3130,,,34.21,14.1,3365,3,2590,5,,,,,
2026/09/25 01:46,2026-09-25T02:01:27+09:00,2026/09/25,2026/10/08,2026-10,CALL,68000,360,2156,73,22.79,22.29,390,7,370,4,22.77,50,13.89,410,09/25 01:41
2026/09/25 01:46,2026-09-25T02:01:27+09:00,2026/09/25,2026/10/08,2026-10,PUT,68000,3030,560,1,35.24,,3325,7,2375,5,24.13,955,44.52,3100,09/24 21:58
2026/09/25 01:46,2026-09-25T02:01:27+09:00,2026/09/25,2026/10/08,2026-10,CALL,67875,400,1,,22.86,22.25,420,3,395,2,,,,,
2026/09/25 01:46,2026-09-25T02:01:27+09:00,2026/09/25,2026/10/08,2026-10,PUT,67875,2930,,,33.73,13.29,3165,3,2345,5,,,,,
2026/09/25 01:46,2026-09-25T02:01:27+09:00,2026/09/25,2026/10/08,2026-10,CALL,67750,425,1134,6,22.88,22.29,450,4,425,5,24.7,-55,-12.22,395,09/24 17:45
2026/09/25 01:46,2026-09-25T02:01:27+09:00,2026/09/25,2026/10/08,2026-10,PUT,67750,2835,9,,33.56,16.87,3070,2,2345,2,,,,,
2026/09/25 01:46,2026-09-25T02:01:27+09:00,2026/09/25,2026/10/08,2026-10,CALL,67625,455,88,,22.87,22.29,480,2,455,2,,,,,
2026/09/25 01:46,2026-09-25T02:01:27+09:00,2026/09/25,2026/10/08,2026-10,PUT,67625,2735,6,,33.28,19.17,2970,3,2330,3,,,,,
2026/09/25 01:46,2026-09-25T02:01:27+09:00,2026/09/25,2026/10/08,2026-10,CALL,67500,485,716,22,22.82,22.37,510,4,490,2,22.84,15,3.09,500,09/25 01:17
2026/09/25 01:46,2026-09-25T02:01:27+09:00,2026/09/25,2026/10/08,2026-10,PUT,67500,2645,36,,33.17,20.3,2880,3,2280,9,,,,,
2026/09/25 01:46,2026-09-25T02:01:27+09:00,2026/09/25,2026/10/08,2026-10,CALL,67375,515,75,7,22.85,22.3,545,3,520,8,23.9,-55,-10.68,460,09/24 21:02
2026/09/25 01:46,2026-09-25T02:01:27+09:00,2026/09/25,2026/10/08,2026-10,PUT,67375,2545,,,32.85,19.59,2780,3,2155,3,,,,,
2026/09/25 01:46,2026-09-25T02:01:27+09:00,2026/09/25,2026/10/08,2026-10,CALL,67250,535,24,4,22.84,22.3,580,4,555,4,23.9,-45,-8.41,490,09/24 21:02
2026/09/25 01:46,2026-09-25T02:01:27+09:00,2026/09/25,2026/10/08,2026-10,PUT,67250,2460,,,32.8,20.77,2695,2,2115,2,,,,,
2026/09/25 01:46,2026-09-25T02:01:27+09:00,2026/09/25,2026/10/08,2026-10,CALL,67125,585,28,8,23.21,22.37,635,3,595,2,22.92,-545,-50.7,530,09/24 22:50
2026/09/25 01:46,2026-09-25T02:01:27+09:00,2026/09/25,2026/10/08,2026-10,PUT,67125,2370,,,32.63,18.58,2605,3,1925,3,,,,,
2026/09/25 01:46,2026-09-25T02:01:27+09:00,2026/09/25,2026/10/08,2026-10,CALL,67000,630,1482,49,23.03,22.41,665,4,635,5,23.08,-130,-20.63,500,09/25 01:13
2026/09/25 01:46,2026-09-25T02:01:27+09:00,2026/09/25,2026/10/08,2026-10,PUT,67000,2280,508,1,25.48,21.26,2165,20,1960,20,18.7,-120,-5.17,2200,09/24 18:19
2026/09/25 01:46,2026-09-25T02:01:27+09:00,2026/09/25,2026/10/08,2026-10,CALL,66875,660,22,14,23.11,22.4,710,3,675,3,23.01,-550,-47.62,605,09/24 22:50
2026/09/25 01:46,2026-09-25T02:01:27+09:00,2026/09/25,2026/10/08,2026-10,PUT,66875,2190,1,,29.58,21.17,2290,3,1870,3,,,,,
2026/09/25 01:46,2026-09-25T02:01:27+09:00,2026/09/25,2026/10/08,2026-10,CALL,66750,695,196,17,23.06,22.35,750,5,715,5,23.04,-140,-17.83,645,09/24 22:50
2026/09/25 01:46,2026-09-25T02:01:27+09:00,2026/09/25,2026/10/08,2026-10,PUT,66750,2115,10,,29.07,22.76,2185,5,1865,1,,,,,
2026/09/25 01:46,2026-09-25T02:01:27+09:00,2026/09/25,2026/10/08,2026-10,CALL,66625,745,66,,23.36,22.37,810,3,760,3,,,,,
2026/09/25 01:46,2026-09-25T02:01:27+09:00,2026/09/25,2026/10/08,2026-10,PUT,66625,2025,,,28.63,22.57,2085,6,1775,4,,,,,
2026/09/25 01:46,2026-09-25T02:01:27+09:00,2026/09/25,2026/10/08,2026-10,CALL,66500,770,185,14,23.43,22.55,860,4,815,4,23.46,120,15.58,890,09/25 01:43
2026/09/25 01:46,2026-09-25T02:01:27+09:00,2026/09/25,2026/10/08,2026-10,PUT,66500,1975,97,,24.3,21.77,1785,8,1655,5,,,,,
2026/09/25 01:46,2026-09-25T02:01:27+09:00,2026/09/25,2026/10/08,2026-10,CALL,66375,835,96,1,23.36,22.59,905,7,865,3,24.27,-75,-8.77,780,09/24 17:10
2026/09/25 01:46,2026-09-25T02:01:27+09:00,2026/09/25,2026/10/08,2026-10,PUT,66375,1870,1,,24.23,22.01,1705,1,1590,6,,,,,
2026/09/25 01:46,2026-09-25T02:01:27+09:00,2026/09/25,2026/10/08,2026-10,CALL,66250,875,85,3,23.26,22.68,950,3,920,8,24.79,-650,-44.83,800,09/24 17:26
2026/09/25 01:46,2026-09-25T02:01:27+09:00,2026/09/25,2026/10/08,2026-10,PUT,66250,1800,53,,24.41,22.2,1640,1,1525,6,,,,,
2026/09/25 01:46,2026-09-25T02:01:27+09:00,2026/09/25,2026/10/08,2026-10,CALL,66125,935,35,,23.88,22.74,1035,3,975,2,,,,,
2026/09/25 01:46,2026-09-25T02:01:27+09:00,2026/09/25,2026/10/08,2026-10,PUT,66125,1740,18,,24.73,22.55,1585,1,1470,7,,,,,
2026/09/25 01:46,2026-09-25T02:01:27+09:00,2026/09/25,2026/10/08,2026-10,CALL,66000,980,2965,28,23.7,22.85,1080,5,1035,2,23.65,130,13.27,1110,09/25 01:43
2026/09/25 01:46,2026-09-25T02:01:27+09:00,2026/09/25,2026/10/08,2026-10,PUT,66000,1670,1054,2,25.03,22.09,1530,8,1375,8,25.06,185,11.01,1865,09/24 17:53
2026/09/25 01:46,2026-09-25T02:01:27+09:00,2026/09/25,2026/10/08,2026-10,CALL,65875,1035,16,,23.87,22.92,1145,3,1095,2,,,,,
2026/09/25 01:46,2026-09-25T02:01:27+09:00,2026/09/25,2026/10/08,2026-10,PUT,65875,1590,18,,24.71,22.64,1445,1,1335,7,,,,,
2026/09/25 01:46,2026-09-25T02:01:27+09:00,2026/09/25,2026/10/08,2026-10,CALL,65750,1090,112,4,23.99,22.96,1210,8,1155,2,25.17,-190,-15.83,1010,09/24 18:00
2026/09/25 01:46,2026-09-25T02:01:27+09:00,2026/09/25,2026/10/08,2026-10,PUT,65750,1540,127,,24.27,23.33,1355,4,1305,10,,,,,
2026/09/25 01:46,2026-09-25T02:01:27+09:00,2026/09/25,2026/10/08,2026-10,CALL,65625,1160,18,1,24.46,22.95,1295,15,1215,5,24.69,60,5.8,1095,09/24 17:10
2026/09/25 01:46,2026-09-25T02:01:27+09:00,2026/09/25,2026/10/08,2026-10,PUT,65625,1455,5,,24.36,23.33,1295,3,1240,3,,,,,
2026/09/25 01:46,2026-09-25T02:01:27+09:00,2026/09/25,2026/10/08,2026-10,CALL,65500,1195,226,8,24.89,22.81,1380,7,1270,2,22.23,-5,-0.42,1190,09/25 01:16
2026/09/25 01:46,2026-09-25T02:01:27+09:00,2026/09/25,2026/10/08,2026-10,PUT,65500,1420,150,4,24.61,23.57,1245,2,1190,2,25.59,160,11.43,1560,09/24 18:31
2026/09/25 01:46,2026-09-25T02:01:27+09:00,2026/09/25,2026/10/08,2026-10,CALL,65375,1280,6,,25.19,22.83,1460,7,1335,1,,,,,
2026/09/25 01:46,2026-09-25T02:01:27+09:00,2026/09/25,2026/10/08,2026-10,PUT,65375,1350,231,15,24.53,24.25,1180,3,1165,1,23.75,,,1190,09/25 01:34
2026/09/25 01:46,2026-09-25T02:01:27+09:00,2026/09/25,2026/10/08,2026-10,CALL,65250,1340,20,2,25.18,22.99,1525,9,1410,1,24.14,-585,-30.63,1325,09/24 22:28
2026/09/25 01:46,2026-09-25T02:01:27+09:00,2026/09/25,2026/10/08,2026-10,PUT,65250,1300,5,1,24.8,23.66,1135,2,1075,2,24.4,210,17.95,1380,09/24 21:38
2026/09/25 01:46,2026-09-25T02:01:27+09:00,2026/09/25,2026/10/08,2026-10,CALL,65125,1420,4,,25.32,22.83,1600,10,1470,1,,,,,
2026/09/25 01:46,2026-09-25T02:01:27+09:00,2026/09/25,2026/10/08,2026-10,PUT,65125,1230,,3,24.74,23.79,1075,3,1025,3,23.89,,,1130,09/24 23:06
2026/09/25 01:46,2026-09-25T02:01:27+09:00,2026/09/25,2026/10/08,2026-10,CALL,65000,1440,1412,16,24.17,22.91,1610,3,1545,12,24.33,-30,-2.08,1410,09/24 23:21
2026/09/25 01:46,2026-09-25T02:01:27+09:00,2026/09/25,2026/10/08,2026-10,PUT,65000,1215,1997,12,24.85,24.07,1025,5,985,5,24.27,-70,-5.76,1145,09/24 23:26
2026/09/25 01:46,2026-09-25T02:01:27+09:00,2026/09/25,2026/10/08,2026-10,CALL,64875,1575,7,,25.5,23.16,1750,7,1630,1,,,,,
2026/09/25 01:46,2026-09-25T02:01:27+09:00,2026/09/25,2026/10/08,2026-10,PUT,64875,1120,,,24.91,23.84,975,3,920,8,,,,,
2026/09/25 01:46,2026-09-25T02:01:27+09:00,2026/09/25,2026/10/08,2026-10,CALL,64750,1635,755,,25.73,21.88,1835,5,1640,2,,,,,
2026/09/25 01:46,2026-09-25T02:01:27+09:00,2026/09/25,2026/10/08,2026-10,PUT,64750,1080,7,1,25.34,24.26,945,2,890,2,25.27,130,12.26,1190,09/24 17:34
2026/09/25 01:46,2026-09-25T02:01:27+09:00,2026/09/25,2026/10/08,2026-10,CALL,64625,1725,687,,26.03,20.52,1925,6,1650,3,,,,,
2026/09/25 01:46,2026-09-25T02:01:27+09:00,2026/09/25,2026/10/08,2026-10,PUT,64625,1020,25,,25.14,24.34,885,3,845,3,,,,,
2026/09/25 01:46,2026-09-25T02:01:27+09:00,2026/09/25,2026/10/08,2026-10,CALL,64500,1805,212,,25.91,22.98,1995,5,1850,4,,,,,
2026/09/25 01:46,2026-09-25T02:01:27+09:00,2026/09/25,2026/10/08,2026-10,PUT,64500,1000,614,9,25.1,24.6,835,4,810,4,24.82,-90,-9,910,09/24 22:47
2026/09/25 01:46,2026-09-25T02:01:27+09:00,2026/09/25,2026/10/08,2026-10,CALL,64375,1890,61,,26.25,18.09,2090,6,1700,3,,,,,
2026/09/25 01:46,2026-09-25T02:01:27+09:00,2026/09/25,2026/10/08,2026-10,PUT,64375,930,1,1,25.33,24.31,800,3,750,8,24.97,,,900,09/24 22:34
2026/09/25 01:46,2026-09-25T02:01:27+09:00,2026/09/25,2026/10/08,2026-10,CALL,64250,1965,6,,28.71,18.59,2290,2,1810,2,,,,,
2026/09/25 01:46,2026-09-25T02:01:27+09:00,2026/09/25,2026/10/08,2026-10,PUT,64250,915,120,,25.43,24.6,760,4,720,4,,,,,
2026/09/25 01:46,2026-09-25T02:01:27+09:00,2026/09/25,2026/10/08,2026-10,CALL,64125,2045,1,,38.73,13.01,2865,6,1675,5,,,,,
2026/09/25 01:46,2026-09-25T02:01:27+09:00,2026/09/25,2026/10/08,2026-10,PUT,64125,845,1030,1,25.8,24.64,735,2,680,2,26.31,110,13.17,945,09/24 17:14
2026/09/25 01:46,2026-09-25T02:01:27+09:00,2026/09/25,2026/10/08,2026-10,CALL,64000,2115,730,2,28.59,22.35,2445,11,2155,20,26.4,-345,-14.71,2000,09/24 17:46
2026/09/25 01:46,2026-09-25T02:01:27+09:00,2026/09/25,2026/10/08,2026-10,PUT,64000,805,1612,45,25.52,24.87,680,7,650,35,24.79,-135,-16.98,660,09/25 01:18
2026/09/25 01:46,2026-09-25T02:01:27+09:00,2026/09/25,2026/10/08,2026-10,CALL,63875,2220,50,,27.35,15.9,2470,6,1980,3,,,,,
2026/09/25 01:46,2026-09-25T02:01:27+09:00,2026/09/25,2026/10/08,2026-10,PUT,63875,765,489,,25.73,24.96,650,2,615,2,,,,,
2026/09/25 01:46,2026-09-25T02:01:27+09:00,2026/09/25,2026/10/08,2026-10,CALL,63750,2310,4,,27.45,15.6,2560,5,2070,2,,,,,
2026/09/25 01:46,2026-09-25T02:01:27+09:00,2026/09/25,2026/10/08,2026-10,PUT,63750,730,128,,25.8,25.01,615,4,580,4,,,,,
2026/09/25 01:46,2026-09-25T02:01:27+09:00,2026/09/25,2026/10/08,2026-10,CALL,63625,2400,,,27.52,15.2,2650,6,2160,3,,,,,
2026/09/25 01:46,2026-09-25T02:01:27+09:00,2026/09/25,2026/10/08,2026-10,PUT,63625,690,,,25.83,25.03,580,2,545,2,,,,,
2026/09/25 01:46,2026-09-25T02:01:27+09:00,2026/09/25,2026/10/08,2026-10,CALL,63500,2490,11,,32.01,18.95,2940,3,2390,3,,,,,
2026/09/25 01:46,2026-09-25T02:01:27+09:00,2026/09/25,2026/10/08,2026-10,PUT,63500,690,326,1,26.07,25.36,555,4,525,4,26.01,30,4.35,720,09/24 20:51
2026/09/25 01:46,2026-09-25T02:01:27+09:00,2026/09/25,2026/10/08,2026-10,CALL,63375,2585,,,27.68,14.12,2835,6,2345,3,,,,,
2026/09/25 01:46,2026-09-25T02:01:27+09:00,2026/09/25,2026/10/08,2026-10,PUT,63375,625,302,,26.04,25.44,520,2,495,3,,,,,
2026/09/25 01:46,2026-09-25T02:01:27+09:00,2026/09/25,2026/10/08,2026-10,CALL,63250,2680,6,,27.78,13.36,2930,5,2440,2,,,,,
2026/09/25 01:46,2026-09-25T02:01:27+09:00,2026/09/25,2026/10/08,2026-10,PUT,63250,610,231,,26.21,25.6,495,5,470,4,,,,,
2026/09/25 01:46,2026-09-25T02:01:27+09:00,2026/09/25,2026/10/08,2026-10,CALL,63125,2775,,,27.84,12.21,3025,6,2535,3,,,,,
2026/09/25 01:46,2026-09-25T02:01:27+09:00,2026/09/25,2026/10/08,2026-10,PUT,63125,565,1,,26.36,25.6,470,3,440,9,,,,,
2026/09/25 01:46,2026-09-25T02:01:27+09:00,2026/09/25,2026/10/08,2026-10,CALL,63000,2870,157,,34.28,17.8,3390,5,2770,16,,,,,
2026/09/25 01:46,2026-09-25T02:01:27+09:00,2026/09/25,2026/10/08,2026-10,PUT,63000,545,1915,29,26.47,25.96,445,31,425,4,25.91,-110,-20.18,435,09/25 01:29
2026/09/25 01:46,2026-09-25T02:01:27+09:00,2026/09/25,2026/10/08,2026-10,CALL,62875,2970,,,27.99,,3220,6,2730,3,,,,,
2026/09/25 01:46,2026-09-25T02:01:27+09:00,2026/09/25,2026/10/08,2026-10,PUT,62875,510,86,1,26.56,25.9,420,4,395,4,26.29,-10,-2.08,470,09/24 22:19
2026/09/25 01:46,2026-09-25T02:01:27+09:00,2026/09/25,2026/10/08,2026-10,CALL,62750,3070,,,28.08,,3320,5,2830,2,,,,,
2026/09/25 01:46,2026-09-25T02:01:27+09:00,2026/09/25,2026/10/08,2026-10,PUT,62750,485,296,40,26.75,26.34,400,6,385,5,26.35,5,1.14,445,09/24 23:12
2026/09/25 01:46,2026-09-25T02:01:27+09:00,2026/09/25,2026/10/08,2026-10,CALL,62625,3175,,,28.28,,3425,6,2935,3,,,,,
2026/09/25 01:46,2026-09-25T02:01:27+09:00,2026/09/25,2026/10/08,2026-10,PUT,62625,460,692,7,26.92,26.21,380,2,355,2,27.44,,,525,09/24 17:27
2026/09/25 01:46,2026-09-25T02:01:27+09:00,2026/09/25,2026/10/08,2026-10,CALL,62500,3275,,,28.32,,3525,9,3035,3,,,,,
2026/09/25 01:46,2026-09-25T02:01:27+09:00,2026/09/25,2026/10/08,2026-10,PUT,62500,450,1692,10,27.05,26.48,360,4,340,4,26.63,-95,-21.11,355,09/25 01:29
2026/09/25 01:46,2026-09-25T02:01:27+09:00,2026/09/25,2026/10/08,2026-10,CALL,62375,3380,,,28.47,,3630,6,3140,3,,,,,
2026/09/25 01:46,2026-09-25T02:01:27+09:00,2026/09/25,2026/10/08,2026-10,PUT,62375,415,6,,27.16,26.57,340,2,320,2,,,,,
2026/09/25 01:46,2026-09-25T02:01:27+09:00,2026/09/25,2026/10/08,2026-10,CALL,62250,3480,,,28.44,,3730,5,3240,2,,,,,
2026/09/25 01:46,2026-09-25T02:01:27+09:00,2026/09/25,2026/10/08,2026-10,PUT,62250,395,111,1,27.24,26.78,320,4,305,4,28.3,95,26.39,455,09/24 17:38
2026/09/25 01:46,2026-09-25T02:01:27+09:00,2026/09/25,2026/10/08,2026-10,CALL,62125,3585,,,28.53,,3835,3,3345,3,,,,,
2026/09/25 01:46,2026-09-25T02:01:27+09:00,2026/09/25,2026/10/08,2026-10,PUT,62125,370,9,,29.13,26.72,360,9,282,2,,,,,
2026/09/25 01:46,2026-09-25T02:01:27+09:00,2026/09/25,2026/10/08,2026-10,CALL,62000,3690,49,,28.59,,3940,7,3450,7,,,,,
2026/09/25 01:46,2026-09-25T02:01:27+09:00,2026/09/25,2026/10/08,2026-10,PUT,62000,370,1563,18,27.5,26.94,286,6,269,6,27.07,-81,-21.89,289,09/25 01:31
2026/09/25 01:46,2026-09-25T02:01:27+09:00,2026/09/25,2026/10/08,2026-10,CALL,61875,3800,,,28.78,,4050,3,3560,3,,,,,
2026/09/25 01:46,2026-09-25T02:01:27+09:00,2026/09/25,2026/10/08,2026-10,PUT,61875,335,88,,27.69,27.01,272,3,252,3,,,,,
2026/09/25 01:46,2026-09-25T02:01:27+09:00,2026/09/25,2026/10/08,2026-10,CALL,61750,3910,,,28.94,,4160,2,3670,2,,,,,
2026/09/25 01:46,2026-09-25T02:01:27+09:00,2026/09/25,2026/10/08,2026-10,PUT,61750,320,305,2,27.89,27.19,259,3,239,3,27.61,17,5.9,305,09/24 22:08
2026/09/25 01:46,2026-09-25T02:01:27+09:00,2026/09/25,2026/10/08,2026-10,CALL,61625,4020,,,29.08,,4270,3,3780,3,,,,,
2026/09/25 01:46,2026-09-25T02:01:27+09:00,2026/09/25,2026/10/08,2026-10,PUT,61625,298,136,5,28.21,27.41,250,3,228,3,27.53,-154,-36.24,271,09/24 22:50
2026/09/25 01:46,2026-09-25T02:01:27+09:00,2026/09/25,2026/10/08,2026-10,CALL,61500,4125,,,29.02,,4375,3,3885,3,,,,,
2026/09/25 01:46,2026-09-25T02:01:27+09:00,2026/09/25,2026/10/08,2026-10,PUT,61500,291,414,48,28.4,27.58,238,6,216,6,27.8,-37,-12.54,258,09/24 22:45
2026/09/25 01:46,2026-09-25T02:01:27+09:00,2026/09/25,2026/10/08,2026-10,CALL,61375,4240,,,29.29,,4490,3,4000,3,,,,,
2026/09/25 01:46,2026-09-25T02:01:27+09:00,2026/09/25,2026/10/08,2026-10,PUT,61375,269,127,5,28.58,27.69,226,3,203,6,27.87,-136,-35.79,244,09/24 22:50
2026/09/25 01:46,2026-09-25T02:01:27+09:00,2026/09/25,2026/10/08,2026-10,CALL,61250,4350,,,29.35,,4600,2,4110,2,,,,,
2026/09/25 01:46,2026-09-25T02:01:27+09:00,2026/09/25,2026/10/08,2026-10,PUT,61250,262,106,1,28.65,27.97,212,8,195,3,28.76,13,5.08,269,09/24 20:15
2026/09/25 01:46,2026-09-25T02:01:27+09:00,2026/09/25,2026/10/08,2026-10,CALL,61125,4460,,,29.38,,4710,3,4220,3,,,,,
2026/09/25 01:46,2026-09-25T02:01:27+09:00,2026/09/25,2026/10/08,2026-10,PUT,61125,248,1230,,28.77,28.15,200,3,185,3,,,,,
2026/09/25 01:46,2026-09-25T02:01:27+09:00,2026/09/25,2026/10/08,2026-10,CALL,61000,4580,201,,29.78,,4830,7,4340,7,,,,,
2026/09/25 01:46,2026-09-25T02:01:27+09:00,2026/09/25,2026/10/08,2026-10,PUT,61000,244,1421,32,29.04,28.26,192,9,174,14,28.6,-69,-28.28,175,09/25 01:43
2026/09/25 01:46,2026-09-25T02:01:27+09:00,2026/09/25,2026/10/08,2026-10,CALL,60875,4690,,,29.76,,4940,3,4450,3,,,,,
2026/09/25 01:46,2026-09-25T02:01:27+09:00,2026/09/25,2026/10/08,2026-10,PUT,60875,224,469,4,29.33,28.44,185,3,165,5,28.63,,,199,09/24 22:50
2026/09/25 01:46,2026-09-25T02:01:27+09:00,2026/09/25,2026/10/08,2026-10,CALL,60750,4805,,,29.92,,5055,2,4565,2,,,,,
2026/09/25 01:46,2026-09-25T02:01:27+09:00,2026/09/25,2026/10/08,2026-10,PUT,60750,218,490,8,29.39,28.65,173,3,157,3,28.81,-29,-13.3,189,09/24 22:50
2026/09/25 01:46,2026-09-25T02:01:27+09:00,2026/09/25,2026/10/08,2026-10,CALL,60625,4910,,,36,,5320,5,4670,3,,,,,
2026/09/25 01:46,2026-09-25T02:01:27+09:00,2026/09/25,2026/10/08,2026-10,PUT,60625,203,155,4,29.6,28.88,165,3,150,3,29.02,,,180,09/24 22:50
2026/09/25 01:46,2026-09-25T02:01:27+09:00,2026/09/25,2026/10/08,2026-10,CALL,60500,5035,100,,30.17,,5285,3,4795,3,,,,,
2026/09/25 01:46,2026-09-25T02:01:27+09:00,2026/09/25,2026/10/08,2026-10,PUT,60500,194,500,43,29.89,29.15,159,20,144,6,29.04,-47,-23.86,150,09/25 01:23
2026/09/25 01:46,2026-09-25T02:01:27+09:00,2026/09/25,2026/10/08,2026-10,CALL,60375,5150,,,35.63,,5525,5,4910,3,,,,,
2026/09/25 01:46,2026-09-25T02:01:27+09:00,2026/09/25,2026/10/08,2026-10,PUT,60375,183,660,6,30.11,29.29,152,3,136,3,29.41,,,163,09/24 22:50
2026/09/25 01:46,2026-09-25T02:01:27+09:00,2026/09/25,2026/10/08,2026-10,CALL,60250,5265,,,38.85,,5720,2,5025,2,,,,,
2026/09/25 01:46,2026-09-25T02:01:27+09:00,2026/09/25,2026/10/08,2026-10,PUT,60250,176,170,7,30.32,29.53,145,3,130,3,29.65,-6,-3.7,156,09/24 22:50
2026/09/25 01:46,2026-09-25T02:01:27+09:00,2026/09/25,2026/10/08,2026-10,CALL,60125,5380,,,38.96,,5830,1,5130,4,,,,,
2026/09/25 01:46,2026-09-25T02:01:27+09:00,2026/09/25,2026/10/08,2026-10,PUT,60125,163,50,,30.52,29.69,138,3,123,3,,,,,
2026/09/25 01:46,2026-09-25T02:01:27+09:00,2026/09/25,2026/10/08,2026-10,CALL,60000,5465,5,,41.92,,6020,3,5215,12,,,,,
2026/09/25 01:46,2026-09-25T02:01:27+09:00,2026/09/25,2026/10/08,2026-10,PUT,60000,164,11776,189,30.69,30.24,131,9,123,9,29.91,-46,-28.05,118,09/25 01:44
2026/09/25 01:46,2026-09-25T02:01:27+09:00,2026/09/25,2026/10/08,2026-10,CALL,59875,5610,,,45.43,,6230,3,5360,4,,,,,
2026/09/25 01:46,2026-09-25T02:01:27+09:00,2026/09/25,2026/10/08,2026-10,PUT,59875,152,53,,31.18,30.13,130,5,112,5,,,,,
2026/09/25 01:46,2026-09-25T02:01:27+09:00,2026/09/25,2026/10/08,2026-10,CALL,59750,5725,,,43.78,,6285,3,5475,4,,,,,
2026/09/25 01:46,2026-09-25T02:01:27+09:00,2026/09/25,2026/10/08,2026-10,PUT,59750,145,104,,31.45,30.48,125,5,109,5,,,,,
2026/09/25 01:46,2026-09-25T02:01:27+09:00,2026/09/25,2026/10/08,2026-10,CALL,59625,5840,,,39.6,,6280,1,5590,4,,,,,
2026/09/25 01:46,2026-09-25T02:01:27+09:00,2026/09/25,2026/10/08,2026-10,PUT,59625,139,139,,31.64,28.1,119,5,68,8,,,,,
2026/09/25 01:46,2026-09-25T02:01:27+09:00,2026/09/25,2026/10/08,2026-10,CALL,59500,5955,14,,43.32,,6485,2,5705,8,,,,,
2026/09/25 01:46,2026-09-25T02:01:27+09:00,2026/09/25,2026/10/08,2026-10,PUT,59500,140,428,5,31.74,30.83,112,8,98,5,32.01,12,8.57,152,09/24 18:05
2026/09/25 01:46,2026-09-25T02:01:27+09:00,2026/09/25,2026/10/08,2026-10,CALL,59375,6075,,,48.2,,6730,1,5825,3,,,,,
2026/09/25 01:46,2026-09-25T02:01:27+09:00,2026/09/25,2026/10/08,2026-10,PUT,59375,126,2,1,31.96,31.15,107,4,95,17,31.93,20,16,145,09/24 19:32
2026/09/25 01:46,2026-09-25T02:01:27+09:00,2026/09/25,2026/10/08,2026-10,CALL,59250,6190,,,39.98,,6620,1,5940,4,,,,,
2026/09/25 01:46,2026-09-25T02:01:27+09:00,2026/09/25,2026/10/08,2026-10,PUT,59250,122,201,2,32.09,31.39,101,10,91,5,31.61,-8,-6.61,113,09/24 23:42
2026/09/25 01:46,2026-09-25T02:01:27+09:00,2026/09/25,2026/10/08,2026-10,CALL,59125,6305,,,42.72,,6795,3,6055,4,,,,,
2026/09/25 01:46,2026-09-25T02:01:27+09:00,2026/09/25,2026/10/08,2026-10,PUT,59125,114,112,,32.34,31.69,97,8,88,4,,,,,
2026/09/25 01:46,2026-09-25T02:01:27+09:00,2026/09/25,2026/10/08,2026-10,CALL,59000,6425,,,39.82,,6840,3,6175,12,,,,,
2026/09/25 01:46,2026-09-25T02:01:27+09:00,2026/09/25,2026/10/08,2026-10,PUT,59000,114,1137,40,32.58,31.9,93,24,84,41,32.41,-23,-20.18,91,09/25 01:37
2026/09/25 01:46,2026-09-25T02:01:27+09:00,2026/09/25,2026/10/08,2026-10,CALL,58875,6540,,,46,,7095,1,6290,4,,,,,
2026/09/25 01:46,2026-09-25T02:01:27+09:00,2026/09/25,2026/10/08,2026-10,PUT,58875,106,10,1,32.95,32.26,91,4,82,4,32.34,25,28.41,113,09/24 20:56
2026/09/25 01:46,2026-09-25T02:01:27+09:00,2026/09/25,2026/10/08,2026-10,CALL,58750,6660,,,42.88,,7130,1,6410,4,,,,,
2026/09/25 01:46,2026-09-25T02:01:27+09:00,2026/09/25,2026/10/08,2026-10,PUT,58750,102,64,1,33.16,32.53,87,10,79,5,32.73,17,19.32,105,09/24 19:58
2026/09/25 01:46,2026-09-25T02:01:27+09:00,2026/09/25,2026/10/08,2026-10,CALL,58625,6780,,,44.81,,7285,1,6530,4,,,,,
2026/09/25 01:46,2026-09-25T02:01:27+09:00,2026/09/25,2026/10/08,2026-10,PUT,58625,100,58,,33.36,32.7,83,4,75,4,,,,,
2026/09/25 01:46,2026-09-25T02:01:27+09:00,2026/09/25,2026/10/08,2026-10,CALL,58500,6900,,,46.51,,7435,6,6650,8,,,,,
2026/09/25 01:46,2026-09-25T02:01:27+09:00,2026/09/25,2026/10/08,2026-10,PUT,58500,94,786,8,33.63,32.95,80,24,72,8,33.02,10,11.49,97,09/25 00:47
2026/09/25 01:46,2026-09-25T02:01:27+09:00,2026/09/25,2026/10/08,2026-10,CALL,58375,7060,,,50.37,,7640,1,6810,4,,,,,
2026/09/25 01:46,2026-09-25T02:01:27+09:00,2026/09/25,2026/10/08,2026-10,PUT,58375,90,483,1,33.97,33.18,78,4,69,17,32.89,20,28.17,91,09/24 20:48
2026/09/25 01:46,2026-09-25T02:01:27+09:00,2026/09/25,2026/10/08,2026-10,CALL,58250,7180,,,42.89,,7580,3,6930,4,,,,,
2026/09/25 01:46,2026-09-25T02:01:27+09:00,2026/09/25,2026/10/08,2026-10,PUT,58250,86,127,,34.13,33.5,74,5,67,9,,,,,
2026/09/25 01:46,2026-09-25T02:01:27+09:00,2026/09/25,2026/10/08,2026-10,CALL,58000,7425,,,45.34,,7855,3,7175,12,,,,,
2026/09/25 01:46,2026-09-25T02:01:27+09:00,2026/09/25,2026/10/08,2026-10,PUT,58000,82,2432,87,34.87,34,71,12,62,43,34.56,-18,-21.95,64,09/25 01:42
2026/09/25 01:46,2026-09-25T02:01:27+09:00,2026/09/25,2026/10/08,2026-10,CALL,57750,7670,,,46.04,,8095,1,7420,4,,,,,
2026/09/25 01:46,2026-09-25T02:01:27+09:00,2026/09/25,2026/10/08,2026-10,PUT,57750,74,82,2,35.19,34.57,64,5,58,6,34.73,-1,-1.33,74,09/24 21:31
2026/09/25 01:46,2026-09-25T02:01:27+09:00,2026/09/25,2026/10/08,2026-10,CALL,57500,7915,,,51.79,,8440,6,7665,8,,,,,
2026/09/25 01:46,2026-09-25T02:01:27+09:00,2026/09/25,2026/10/08,2026-10,PUT,57500,69,505,3,35.87,35.11,61,8,54,12,35.39,3,4.48,70,09/24 21:17
2026/09/25 01:46,2026-09-25T02:01:27+09:00,2026/09/25,2026/10/08,2026-10,CALL,57250,8160,,,48.16,,8590,1,7910,4,,,,,
2026/09/25 01:46,2026-09-25T02:01:27+09:00,2026/09/25,2026/10/08,2026-10,PUT,57250,68,163,1,36.42,35.72,57,5,51,5,35.57,0,0,68,09/25 00:30
2026/09/25 01:46,2026-09-25T02:01:27+09:00,2026/09/25,2026/10/08,2026-10,CALL,57000,8405,1,,,,,,,,,,,,
2026/09/25 01:46,2026-09-25T02:01:27+09:00,2026/09/25,2026/10/08,2026-10,PUT,57000,60,1558,36,37.28,36.57,56,12,50,5,36.61,-7,-12.07,51,09/25 01:45
2026/09/25 01:46,2026-09-25T02:01:27+09:00,2026/09/25,2026/10/08,2026-10,CALL,56750,8650,,,,,,,,,,,,,
2026/09/25 01:46,2026-09-25T02:01:27+09:00,2026/09/25,2026/10/08,2026-10,PUT,56750,56,132,,37.65,36.74,51,5,44,7,,,,,
2026/09/25 01:46,2026-09-25T02:01:27+09:00,2026/09/25,2026/10/08,2026-10,CALL,56500,8895,,,,,,,,,,,,,
2026/09/25 01:46,2026-09-25T02:01:27+09:00,2026/09/25,2026/10/08,2026-10,PUT,56500,53,660,5,38.23,37.27,48,8,41,13,37.35,1,2,51,09/24 23:47
2026/09/25 01:46,2026-09-25T02:01:27+09:00,2026/09/25,2026/10/08,2026-10,CALL,56250,9145,,,,,,,,,,,,,
2026/09/25 01:46,2026-09-25T02:01:27+09:00,2026/09/25,2026/10/08,2026-10,PUT,56250,49,77,,38.64,37.91,44,5,39,21,,,,,
2026/09/25 01:46,2026-09-25T02:01:27+09:00,2026/09/25,2026/10/08,2026-10,CALL,56000,9390,,,,,,,,,,,,,
2026/09/25 01:46,2026-09-25T02:01:27+09:00,2026/09/25,2026/10/08,2026-10,PUT,56000,43,2039,30,39.3,38.37,42,12,36,17,38.4,5,11.63,48,09/25 00:15
2026/09/25 01:46,2026-09-25T02:01:27+09:00,2026/09/25,2026/10/08,2026-10,CALL,55750,9635,,,,,,,,,,,,,
2026/09/25 01:46,2026-09-25T02:01:27+09:00,2026/09/25,2026/10/08,2026-10,PUT,55750,44,80,,43.71,36.11,69,22,20,8,,,,,
2026/09/25 01:46,2026-09-25T02:01:27+09:00,2026/09/25,2026/10/08,2026-10,CALL,55500,9885,,,,,,,,,,,,,
2026/09/25 01:46,2026-09-25T02:01:27+09:00,2026/09/25,2026/10/08,2026-10,PUT,55500,41,286,,41.34,39.34,43,11,31,26,,,,,
2026/09/25 01:46,2026-09-25T02:01:27+09:00,2026/09/25,2026/10/08,2026-10,CALL,55250,10130,,,,,,,,,,,,,
2026/09/25 01:46,2026-09-25T02:01:27+09:00,2026/09/25,2026/10/08,2026-10,PUT,55250,38,157,,42.14,40.06,42,8,30,5,,,,,
2026/09/25 01:46,2026-09-25T02:01:27+09:00,2026/09/25,2026/10/08,2026-10,CALL,55000,10380,4,,,,,,,,,,,,
2026/09/25 01:46,2026-09-25T02:01:27+09:00,2026/09/25,2026/10/08,2026-10,PUT,55000,34,3344,137,42.44,40.98,38,15,30,1,41.49,-3,-8.82,31,09/25 01:42
2026/09/25 01:46,2026-09-25T02:01:27+09:00,2026/09/25,2026/10/08,2026-10,CALL,54750,10625,,,,,,,,,,,,,
2026/09/25 01:46,2026-09-25T02:01:27+09:00,2026/09/25,2026/10/08,2026-10,PUT,54750,34,66,1,43.21,41.05,37,8,26,16,41.43,,,32,09/24 17:02
2026/09/25 01:46,2026-09-25T02:01:27+09:00,2026/09/25,2026/10/08,2026-10,CALL,54500,10875,,,,,,,,,,,,,
2026/09/25 01:46,2026-09-25T02:01:27+09:00,2026/09/25,2026/10/08,2026-10,PUT,54500,33,542,3,44.15,41.96,37,11,26,8,42.6,-1,-3.45,28,09/25 01:40
2026/09/25 01:46,2026-09-25T02:01:27+09:00,2026/09/25,2026/10/08,2026-10,CALL,54250,11120,,,,,,,,,,,,,
2026/09/25 01:46,2026-09-25T02:01:27+09:00,2026/09/25,2026/10/08,2026-10,PUT,54250,30,222,12,44.34,42.15,33,8,23,5,43.31,,,34,09/24 17:07
2026/09/25 01:46,2026-09-25T02:01:27+09:00,2026/09/25,2026/10/08,2026-10,CALL,54000,11370,,,,,,,,,,,,,
2026/09/25 01:46,2026-09-25T02:01:27+09:00,2026/09/25,2026/10/08,2026-10,PUT,54000,29,1272,13,44.45,43.05,29,15,23,12,43.16,3,11.11,30,09/25 00:46
2026/09/25 01:46,2026-09-25T02:01:27+09:00,2026/09/25,2026/10/08,2026-10,CALL,53750,11620,,,,,,,,,,,,,
2026/09/25 01:46,2026-09-25T02:01:27+09:00,2026/09/25,2026/10/08,2026-10,PUT,53750,28,160,,45.8,42.25,31,8,17,8,,,,,
2026/09/25 01:46,2026-09-25T02:01:27+09:00,2026/09/25,2026/10/08,2026-10,CALL,53500,11865,,,,,,,,,,,,,
2026/09/25 01:46,2026-09-25T02:01:27+09:00,2026/09/25,2026/10/08,2026-10,PUT,53500,26,1327,,45.6,43.74,26,11,19,11,,,,,
2026/09/25 01:46,2026-09-25T02:01:27+09:00,2026/09/25,2026/10/08,2026-10,CALL,53250,12115,,,,,,,,,,,,,
2026/09/25 01:46,2026-09-25T02:01:27+09:00,2026/09/25,2026/10/08,2026-10,PUT,53250,26,132,,46.99,43.32,28,8,15,8,,,,,
2026/09/25 01:46,2026-09-25T02:01:27+09:00,2026/09/25,2026/10/08,2026-10,CALL,53000,12365,34,,,,,,,,,,,,
2026/09/25 01:46,2026-09-25T02:01:27+09:00,2026/09/25,2026/10/08,2026-10,PUT,53000,23,1672,6,46.11,45.2,21,12,18,12,46.01,-2,-9.09,20,09/25 01:40
2026/09/25 01:46,2026-09-25T02:01:27+09:00,2026/09/25,2026/10/08,2026-10,CALL,52750,12615,,,,,,,,,,,,,
2026/09/25 01:46,2026-09-25T02:01:27+09:00,2026/09/25,2026/10/08,2026-10,PUT,52750,21,121,1,47.29,43.42,22,8,11,8,47.45,8,40,28,09/24 19:02
2026/09/25 01:46,2026-09-25T02:01:27+09:00,2026/09/25,2026/10/08,2026-10,CALL,52500,12860,,,,,,,,,,,,,
2026/09/25 01:46,2026-09-25T02:01:27+09:00,2026/09/25,2026/10/08,2026-10,PUT,52500,21,521,,47.61,46.29,20,8,16,8,,,,,
2026/09/25 01:46,2026-09-25T02:01:27+09:00,2026/09/25,2026/10/08,2026-10,CALL,52250,13110,,,,,,,,,,,,,
2026/09/25 01:46,2026-09-25T02:01:27+09:00,2026/09/25,2026/10/08,2026-10,PUT,52250,20,64,,49.68,44.63,24,8,10,8,,,,,
2026/09/25 01:46,2026-09-25T02:01:27+09:00,2026/09/25,2026/10/08,2026-10,CALL,52000,13360,,,,,,,,,,,,,
2026/09/25 01:46,2026-09-25T02:01:27+09:00,2026/09/25,2026/10/08,2026-10,PUT,52000,18,1417,16,48.76,47.68,18,12,15,1,47.58,-2,-11.76,15,09/25 01:17
2026/09/25 01:46,2026-09-25T02:01:27+09:00,2026/09/25,2026/10/08,2026-10,CALL,51750,13610,,,,,,,,,,,,,
2026/09/25 01:46,2026-09-25T02:01:27+09:00,2026/09/25,2026/10/08,2026-10,PUT,51750,18,145,,50.33,47.75,20,8,13,5,,,,,
2026/09/25 01:46,2026-09-25T02:01:27+09:00,2026/09/25,2026/10/08,2026-10,CALL,51500,13860,,,,,,,,,,,,,
2026/09/25 01:46,2026-09-25T02:01:27+09:00,2026/09/25,2026/10/08,2026-10,PUT,51500,17,413,1,50.21,48.17,17,11,12,8,48.85,1,6.25,17,09/25 00:06
2026/09/25 01:46,2026-09-25T02:01:27+09:00,2026/09/25,2026/10/08,2026-10,CALL,51250,14105,,,,,,,,,,,,,
2026/09/25 01:46,2026-09-25T02:01:27+09:00,2026/09/25,2026/10/08,2026-10,PUT,51250,16,293,1,50.73,48.55,16,8,11,5,49.66,3,21.43,17,09/24 18:16
2026/09/25 01:46,2026-09-25T02:01:27+09:00,2026/09/25,2026/10/08,2026-10,CALL,51000,14355,,,,,,,,,,,,,
2026/09/25 01:46,2026-09-25T02:01:27+09:00,2026/09/25,2026/10/08,2026-10,PUT,51000,15,554,10,51.23,49.91,15,12,12,2,50.27,-1,-7.14,13,09/25 01:17
2026/09/25 01:46,2026-09-25T02:01:27+09:00,2026/09/25,2026/10/08,2026-10,CALL,50750,14605,,,,,,,,,,,,,
2026/09/25 01:46,2026-09-25T02:01:27+09:00,2026/09/25,2026/10/08,2026-10,PUT,50750,15,165,,53.29,49.75,18,8,10,5,,,,,
2026/09/25 01:46,2026-09-25T02:01:27+09:00,2026/09/25,2026/10/08,2026-10,CALL,50500,14855,,,,,,,,,,,,,
2026/09/25 01:46,2026-09-25T02:01:27+09:00,2026/09/25,2026/10/08,2026-10,PUT,50500,14,305,,52.59,50.61,14,11,10,8,,,,,
2026/09/25 01:46,2026-09-25T02:01:27+09:00,2026/09/25,2026/10/08,2026-10,CALL,50250,15105,,,,,,,,,,,,,
2026/09/25 01:46,2026-09-25T02:01:27+09:00,2026/09/25,2026/10/08,2026-10,PUT,50250,13,73,,53.92,50.89,15,19,9,5,,,,,
2026/09/25 01:46,2026-09-25T02:01:27+09:00,2026/09/25,2026/10/08,2026-10,CALL,50000,15350,1,,,,,,,,,,,,
2026/09/25 01:46,2026-09-25T02:01:27+09:00,2026/09/25,2026/10/08,2026-10,PUT,50000,13,2694,43,53.43,51.75,12,1,9,14,51.71,-2,-15.38,11,09/25 00:52
2026/09/25 01:46,2026-09-25T02:01:27+09:00,2026/09/25,2026/10/08,2026-10,CALL,49750,15600,,,,,,,,,,,,,
2026/09/25 01:46,2026-09-25T02:01:27+09:00,2026/09/25,2026/10/08,2026-10,PUT,49750,12,67,,59.36,49.52,25,31,5,31,,,,,
2026/09/25 01:46,2026-09-25T02:01:27+09:00,2026/09/25,2026/10/08,2026-10,CALL,49500,15850,,,,,,,,,,,,,
2026/09/25 01:46,2026-09-25T02:01:27+09:00,2026/09/25,2026/10/08,2026-10,PUT,49500,11,311,4,60.32,53.48,25,41,9,1,53.09,0,0,10,09/24 21:30
2026/09/25 01:46,2026-09-25T02:01:27+09:00,2026/09/25,2026/10/08,2026-10,CALL,49250,16100,,,,,,,,,,,,,
2026/09/25 01:46,2026-09-25T02:01:27+09:00,2026/09/25,2026/10/08,2026-10,PUT,49250,11,80,6,54.98,52.11,10,2,6,16,53.59,-1,-10,9,09/24 22:23
2026/09/25 01:46,2026-09-25T02:01:27+09:00,2026/09/25,2026/10/08,2026-10,CALL,49000,16350,,,,,,,,,,,,,
2026/09/25 01:46,2026-09-25T02:01:27+09:00,2026/09/25,2026/10/08,2026-10,PUT,49000,10,478,13,55.86,53.79,10,12,7,12,54.42,-1,-10,9,09/24 23:16
2026/09/25 01:46,2026-09-25T02:01:27+09:00,2026/09/25,2026/10/08,2026-10,CALL,48750,16600,,,,,,,,,,,,,
2026/09/25 01:46,2026-09-25T02:01:27+09:00,2026/09/25,2026/10/08,2026-10,PUT,48750,10,275,,56.75,53.8,10,2,6,5,,,,,
2026/09/25 01:46,2026-09-25T02:01:27+09:00,2026/09/25,2026/10/08,2026-10,CALL,48500,16850,,,,,,,,,,,,,
2026/09/25 01:46,2026-09-25T02:01:27+09:00,2026/09/25,2026/10/08,2026-10,PUT,48500,9,207,1,57.64,53.68,10,8,5,26,55.61,-1,-11.11,8,09/24 22:36
2026/09/25 01:46,2026-09-25T02:01:27+09:00,2026/09/25,2026/10/08,2026-10,CALL,48250,17095,,,,,,,,,,,,,
2026/09/25 01:46,2026-09-25T02:01:27+09:00,2026/09/25,2026/10/08,2026-10,PUT,48250,8,53,,64.49,54.52,23,31,5,5,,,,,
2026/09/25 01:46,2026-09-25T02:01:27+09:00,2026/09/25,2026/10/08,2026-10,CALL,48000,17345,,,,,,,,,,,,,
2026/09/25 01:46,2026-09-25T02:01:27+09:00,2026/09/25,2026/10/08,2026-10,PUT,48000,8,946,1,58.76,57.25,9,12,7,1,55.9,-1,-12.5,7,09/25 00:15
2026/09/25 01:46,2026-09-25T02:01:27+09:00,2026/09/25,2026/10/08,2026-10,CALL,47750,17595,,,,,,,,,,,,,
2026/09/25 01:46,2026-09-25T02:01:27+09:00,2026/09/25,2026/10/08,2026-10,PUT,47750,6,46,1,59.66,55.03,9,5,4,16,56.77,0,0,7,09/25 00:15
2026/09/25 01:46,2026-09-25T02:01:27+09:00,2026/09/25,2026/10/08,2026-10,CALL,47500,17845,34,,,,,,,,,,,,
2026/09/25 01:46,2026-09-25T02:01:27+09:00,2026/09/25,2026/10/08,2026-10,PUT,47500,8,56,1,59.81,55.87,8,1,4,26,57.6,-1,-12.5,7,09/25 00:27
2026/09/25 01:46,2026-09-25T02:01:27+09:00,2026/09/25,2026/10/08,2026-10,CALL,47250,18095,,,,,,,,,,,,,
2026/09/25 01:46,2026-09-25T02:01:27+09:00,2026/09/25,2026/10/08,2026-10,PUT,47250,6,152,,59.88,56.71,7,1,4,5,,,,,
2026/09/25 01:46,2026-09-25T02:01:27+09:00,2026/09/25,2026/10/08,2026-10,CALL,47000,18340,,,,,,,,,,,,,
2026/09/25 01:46,2026-09-25T02:01:27+09:00,2026/09/25,2026/10/08,2026-10,PUT,47000,8,503,4,60.76,59.83,7,2,6,1,60.17,0,0,8,09/24 17:37
2026/09/25 01:46,2026-09-25T02:01:27+09:00,2026/09/25,2026/10/08,2026-10,CALL,46750,18590,,,,,,,,,,,,,
2026/09/25 01:46,2026-09-25T02:01:27+09:00,2026/09/25,2026/10/08,2026-10,PUT,46750,5,133,,69.62,58.4,21,31,4,5,,,,,
2026/09/25 01:46,2026-09-25T02:01:27+09:00,2026/09/25,2026/10/08,2026-10,CALL,46500,18840,,,,,,,,,,,,,
2026/09/25 01:46,2026-09-25T02:01:27+09:00,2026/09/25,2026/10/08,2026-10,PUT,46500,6,260,1,70.61,59.26,21,41,4,8,61.15,1,16.67,7,09/24 18:50
2026/09/25 01:46,2026-09-25T02:01:27+09:00,2026/09/25,2026/10/08,2026-10,CALL,46250,19090,,,,,,,,,,,,,
2026/09/25 01:46,2026-09-25T02:01:27+09:00,2026/09/25,2026/10/08,2026-10,PUT,46250,6,13,,71.6,60.11,21,31,4,1,,,,,
2026/09/25 01:46,2026-09-25T02:01:27+09:00,2026/09/25,2026/10/08,2026-10,CALL,46000,19340,,,,,,,,,,,,,
2026/09/25 01:46,2026-09-25T02:01:27+09:00,2026/09/25,2026/10/08,2026-10,PUT,46000,6,555,4,63.37,60.97,6,3,4,62,62.23,0,0,6,09/24 17:32
2026/09/25 01:46,2026-09-25T02:01:27+09:00,2026/09/25,2026/10/08,2026-10,CALL,45750,19590,,,,,,,,,,,,,
2026/09/25 01:46,2026-09-25T02:01:27+09:00,2026/09/25,2026/10/08,2026-10,PUT,45750,5,132,,73.18,60.25,20,31,3,25,,,,,
2026/09/25 01:46,2026-09-25T02:01:27+09:00,2026/09/25,2026/10/08,2026-10,CALL,45500,19840,,,,,,,,,,,,,
2026/09/25 01:46,2026-09-25T02:01:27+09:00,2026/09/25,2026/10/08,2026-10,PUT,45500,5,805,,65.16,61.1,6,1,3,29,,,,,
2026/09/25 01:46,2026-09-25T02:01:27+09:00,2026/09/25,2026/10/08,2026-10,CALL,45250,20090,,,,,,,,,,,,,
2026/09/25 01:46,2026-09-25T02:01:27+09:00,2026/09/25,2026/10/08,2026-10,PUT,45250,4,29,,66.06,61.95,6,2,3,25,,,,,
2026/09/25 01:46,2026-09-25T02:01:27+09:00,2026/09/25,2026/10/08,2026-10,CALL,45000,20340,2,,,,,,,,,,,,
2026/09/25 01:46,2026-09-25T02:01:27+09:00,2026/09/25,2026/10/08,2026-10,PUT,45000,5,2074,20,66.97,64.45,6,13,4,1,65.62,0,0,5,09/25 01:30
2026/09/25 01:46,2026-09-25T02:01:27+09:00,2026/09/25,2026/10/08,2026-10,CALL,44750,20590,,,,,,,,,,,,,
2026/09/25 01:46,2026-09-25T02:01:27+09:00,2026/09/25,2026/10/08,2026-10,PUT,44750,4,37,,77.22,61.51,20,31,2,55,,,,,
2026/09/25 01:46,2026-09-25T02:01:27+09:00,2026/09/25,2026/10/08,2026-10,CALL,44500,20840,,,,,,,,,,,,,
2026/09/25 01:46,2026-09-25T02:01:27+09:00,2026/09/25,2026/10/08,2026-10,PUT,44500,4,24,8,77.77,64.54,19,41,3,8,65.36,0,0,4,09/24 21:55
2026/09/25 01:46,2026-09-25T02:01:27+09:00,2026/09/25,2026/10/08,2026-10,CALL,44250,21090,,,,,,,,,,,,,
2026/09/25 01:46,2026-09-25T02:01:27+09:00,2026/09/25,2026/10/08,2026-10,PUT,44250,4,37,,78.79,63.19,19,31,2,55,,,,,
2026/09/25 01:46,2026-09-25T02:01:27+09:00,2026/09/25,2026/10/08,2026-10,CALL,44000,21340,,,,,,,,,,,,,
2026/09/25 01:46,2026-09-25T02:01:27+09:00,2026/09/25,2026/10/08,2026-10,PUT,44000,4,314,,69.42,64.04,5,2,2,66,,,,,
2026/09/25 01:46,2026-09-25T02:01:27+09:00,2026/09/25,2026/10/08,2026-10,CALL,43750,21590,,,,,,,,,,,,,
2026/09/25 01:46,2026-09-25T02:01:27+09:00,2026/09/25,2026/10/08,2026-10,PUT,43750,4,25,,80.85,64.89,19,31,2,5,,,,,
2026/09/25 01:46,2026-09-25T02:01:27+09:00,2026/09/25,2026/10/08,2026-10,CALL,43500,21840,,,,,,,,,,,,,
2026/09/25 01:46,2026-09-25T02:01:27+09:00,2026/09/25,2026/10/08,2026-10,PUT,43500,4,45,,81.89,65.75,19,41,2,8,,,,,
2026/09/25 01:46,2026-09-25T02:01:27+09:00,2026/09/25,2026/10/08,2026-10,CALL,43250,22090,,,,,,,,,,,,,
2026/09/25 01:46,2026-09-25T02:01:27+09:00,2026/09/25,2026/10/08,2026-10,PUT,43250,2,19,,82.93,66.61,19,31,2,5,,,,,
2026/09/25 01:46,2026-09-25T02:01:27+09:00,2026/09/25,2026/10/08,2026-10,CALL,43000,22340,,,,,,,,,,,,,
2026/09/25 01:46,2026-09-25T02:01:27+09:00,2026/09/25,2026/10/08,2026-10,PUT,43000,3,422,36,71.63,69.83,4,2,3,3,68.72,-1,-25,3,09/24 19:41
2026/09/25 01:46,2026-09-25T02:01:27+09:00,2026/09/25,2026/10/08,2026-10,CALL,42750,22590,3,,,,,,,,,,,,
2026/09/25 01:46,2026-09-25T02:01:27+09:00,2026/09/25,2026/10/08,2026-10,PUT,42750,3,31,3,84.51,64.72,18,31,1,15,69.57,0,0,3,09/24 20:25
2026/09/25 01:46,2026-09-25T02:01:27+09:00,2026/09/25,2026/10/08,2026-10,CALL,42000,23340,,,,,,,,,,,,,
2026/09/25 01:46,2026-09-25T02:01:27+09:00,2026/09/25,2026/10/08,2026-10,PUT,42000,3,292,7,73.44,70.98,3,1,2,5,72.27,0,0,3,09/25 00:10
2026/09/25 01:46,2026-09-25T02:01:27+09:00,2026/09/25,2026/10/08,2026-10,CALL,41000,24340,,,,,,,,,,,,,
2026/09/25 01:46,2026-09-25T02:01:27+09:00,2026/09/25,2026/10/08,2026-10,PUT,41000,2,227,1,77.14,74.57,3,2,2,4,77.8,1,33.33,4,09/24 20:54
2026/09/25 01:46,2026-09-25T02:01:27+09:00,2026/09/25,2026/10/08,2026-10,CALL,40000,25335,,,,,,,,,,,,,
2026/09/25 01:46,2026-09-25T02:01:27+09:00,2026/09/25,2026/10/08,2026-10,PUT,40000,2,4464,6,80.93,78.24,3,7,2,28,77.38,0,0,2,09/24 21:28
2026/09/25 01:46,2026-09-25T02:01:27+09:00,2026/09/25,2026/10/08,2026-10,CALL,39000,26335,,,,,,,,,,,,,
2026/09/25 01:46,2026-09-25T02:01:27+09:00,2026/09/25,2026/10/08,2026-10,PUT,39000,2,160,2,82,77.73,2,6,1,61,80.88,0,0,2,09/24 21:04
2026/09/25 01:46,2026-09-25T02:01:27+09:00,2026/09/25,2026/10/08,2026-10,CALL,38000,27335,,,,,,,,,,,,,
2026/09/25 01:46,2026-09-25T02:01:27+09:00,2026/09/25,2026/10/08,2026-10,PUT,38000,2,214,2,85.85,81.4,2,8,1,76,84.81,1,100,2,09/24 21:00
2026/09/25 01:46,2026-09-25T02:01:27+09:00,2026/09/25,2026/10/08,2026-10,CALL,37000,28335,,,,,,,,,,,,,
2026/09/25 01:46,2026-09-25T02:01:27+09:00,2026/09/25,2026/10/08,2026-10,PUT,37000,1,329,,89.8,85.16,2,7,1,46,,,,,
2026/09/25 01:46,2026-09-25T02:01:27+09:00,2026/09/25,2026/10/08,2026-10,CALL,36000,29335,,,,,,,,,,,,,
2026/09/25 01:46,2026-09-25T02:01:27+09:00,2026/09/25,2026/10/08,2026-10,PUT,36000,1,86,1,93.84,89.02,2,20,1,8,88.08,0,0,1,09/25 00:04
2026/09/25 01:46,2026-09-25T02:01:27+09:00,2026/09/25,2026/10/08,2026-10,CALL,35000,30335,24,,,,,,,,,,,,
2026/09/25 01:46,2026-09-25T02:01:27+09:00,2026/09/25,2026/10/08,2026-10,PUT,35000,1,2229,89,98,92.99,2,40,1,6,92.39,0,0,1,09/24 22:51
2026/09/25 01:46,2026-09-25T02:01:27+09:00,2026/09/25,2026/10/08,2026-10,CALL,34000,31335,,,,,,,,,,,,,
2026/09/25 01:46,2026-09-25T02:01:27+09:00,2026/09/25,2026/10/08,2026-10,PUT,34000,1,177,40,97.06,,1,98,,,96.09,0,0,1,09/24 18:10
2026/09/25 01:46,2026-09-25T02:01:27+09:00,2026/09/25,2026/10/08,2026-10,CALL,33000,32335,,,,,,,,,,,,,
2026/09/25 01:46,2026-09-25T02:01:27+09:00,2026/09/25,2026/10/08,2026-10,PUT,33000,1,2929,2,101.26,,1,105,,,100.17,0,0,1,09/24 20:08
2026/09/25 01:46,2026-09-25T02:01:27+09:00,2026/09/25,2026/11/12,2026-11,CALL,85000,8,123,6,25.8,25.06,8,3,6,1,25.65,-1,-14.29,6,09/25 00:01
2026/09/25 01:46,2026-09-25T02:01:27+09:00,2026/09/25,2026/11/12,2026-11,PUT,85000,19645,,,,,,,,,,,,,
2026/09/25 01:46,2026-09-25T02:01:27+09:00,2026/09/25,2026/11/12,2026-11,CALL,82500,15,125,,25.33,24.16,18,3,12,1,,,,,
2026/09/25 01:46,2026-09-25T02:01:27+09:00,2026/09/25,2026/11/12,2026-11,PUT,82500,17155,,,,,,,,,,,,,
2026/09/25 01:46,2026-09-25T02:01:27+09:00,2026/09/25,2026/11/12,2026-11,CALL,80000,32,169,11,24.65,23.63,38,33,28,24,24.43,-2,-5.56,34,09/25 01:17
2026/09/25 01:46,2026-09-25T02:01:27+09:00,2026/09/25,2026/11/12,2026-11,PUT,80000,14675,,,,,,,,,,,,,
2026/09/25 01:46,2026-09-25T02:01:27+09:00,2026/09/25,2026/11/12,2026-11,CALL,79500,40,11,1,24.25,23.41,41,1,32,38,24.91,-1,-2.56,38,09/24 20:35
2026/09/25 01:46,2026-09-25T02:01:27+09:00,2026/09/25,2026/11/12,2026-11,PUT,79500,14185,2,,,,,,,,,,,,
2026/09/25 01:46,2026-09-25T02:01:27+09:00,2026/09/25,2026/11/12,2026-11,CALL,79000,44,39,2,24.28,23.82,50,1,44,21,24.65,-3,-6.12,46,09/24 22:15
2026/09/25 01:46,2026-09-25T02:01:27+09:00,2026/09/25,2026/11/12,2026-11,PUT,79000,13690,,,,,,,,,,,,,
2026/09/25 01:46,2026-09-25T02:01:27+09:00,2026/09/25,2026/11/12,2026-11,CALL,78500,53,2,1,24.2,23.65,59,1,51,14,24.72,-9,-14.75,52,09/24 17:24
2026/09/25 01:46,2026-09-25T02:01:27+09:00,2026/09/25,2026/11/12,2026-11,PUT,78500,13200,,,,,,,,,,,,,
2026/09/25 01:46,2026-09-25T02:01:27+09:00,2026/09/25,2026/11/12,2026-11,CALL,78000,62,145,1,24.09,23.73,69,20,63,18,24.5,-6,-9.23,59,09/24 17:24
2026/09/25 01:46,2026-09-25T02:01:27+09:00,2026/09/25,2026/11/12,2026-11,PUT,78000,12710,,,,,,,,,,,,,
2026/09/25 01:46,2026-09-25T02:01:27+09:00,2026/09/25,2026/11/12,2026-11,CALL,77500,74,1,,24.1,23.62,83,1,74,12,,,,,
2026/09/25 01:46,2026-09-25T02:01:27+09:00,2026/09/25,2026/11/12,2026-11,PUT,77500,12225,,,,,,,,,,,,,
2026/09/25 01:46,2026-09-25T02:01:27+09:00,2026/09/25,2026/11/12,2026-11,CALL,77000,87,130,5,23.99,23.62,97,1,89,15,23.81,0,0,93,09/25 01:44
2026/09/25 01:46,2026-09-25T02:01:27+09:00,2026/09/25,2026/11/12,2026-11,PUT,77000,11735,,,,,,,,,,,,,
2026/09/25 01:46,2026-09-25T02:01:27+09:00,2026/09/25,2026/11/12,2026-11,CALL,76500,104,282,,23.88,23.59,113,4,106,26,,,,,
2026/09/25 01:46,2026-09-25T02:01:27+09:00,2026/09/25,2026/11/12,2026-11,PUT,76500,11255,,,,,,,,,,,,,
2026/09/25 01:46,2026-09-25T02:01:27+09:00,2026/09/25,2026/11/12,2026-11,CALL,76250,117,1,2,23.86,23.59,123,2,116,10,23.98,4,3.42,121,09/25 01:18
2026/09/25 01:46,2026-09-25T02:01:27+09:00,2026/09/25,2026/11/12,2026-11,PUT,76250,11015,,,29.49,,10765,3,10265,1,,,,,
2026/09/25 01:46,2026-09-25T02:01:27+09:00,2026/09/25,2026/11/12,2026-11,CALL,76000,127,42,2,23.85,23.63,134,2,128,9,24.66,-7,-5.51,120,09/24 20:59
2026/09/25 01:46,2026-09-25T02:01:27+09:00,2026/09/25,2026/11/12,2026-11,PUT,76000,10775,,,29.24,,10525,12,10035,1,,,,,
2026/09/25 01:46,2026-09-25T02:01:27+09:00,2026/09/25,2026/11/12,2026-11,CALL,75750,131,1,,23.85,23.53,146,4,137,5,,,,,
2026/09/25 01:46,2026-09-25T02:01:27+09:00,2026/09/25,2026/11/12,2026-11,PUT,75750,10535,,,28.99,,10285,4,9925,1,,,,,
2026/09/25 01:46,2026-09-25T02:01:27+09:00,2026/09/25,2026/11/12,2026-11,CALL,75500,143,77,,23.81,23.58,158,3,151,6,,,,,
2026/09/25 01:46,2026-09-25T02:01:27+09:00,2026/09/25,2026/11/12,2026-11,PUT,75500,10295,,,28.72,,10045,8,9685,1,,,,,
2026/09/25 01:46,2026-09-25T02:01:27+09:00,2026/09/25,2026/11/12,2026-11,CALL,75250,156,,,23.84,23.56,173,2,164,5,,,,,
2026/09/25 01:46,2026-09-25T02:01:27+09:00,2026/09/25,2026/11/12,2026-11,PUT,75250,10060,,,28.55,,9810,4,9405,1,,,,,
2026/09/25 01:46,2026-09-25T02:01:27+09:00,2026/09/25,2026/11/12,2026-11,CALL,75000,174,403,4,23.83,23.54,188,11,178,11,24.13,-4,-2.3,170,09/24 22:14
2026/09/25 01:46,2026-09-25T02:01:27+09:00,2026/09/25,2026/11/12,2026-11,PUT,75000,9820,,,28.26,,9570,12,9045,1,,,,,
2026/09/25 01:46,2026-09-25T02:01:27+09:00,2026/09/25,2026/11/12,2026-11,CALL,74750,184,,,23.82,23.57,204,7,195,3,,,,,
2026/09/25 01:46,2026-09-25T02:01:27+09:00,2026/09/25,2026/11/12,2026-11,PUT,74750,9590,,,28.16,21.19,9340,4,9070,1,,,,,
2026/09/25 01:46,2026-09-25T02:01:27+09:00,2026/09/25,2026/11/12,2026-11,CALL,74500,199,117,1,23.83,23.46,222,2,208,8,24.19,,,193,09/24 17:12
2026/09/25 01:46,2026-09-25T02:01:27+09:00,2026/09/25,2026/11/12,2026-11,PUT,74500,9355,,,27.95,17,9105,8,8740,1,,,,,
2026/09/25 01:46,2026-09-25T02:01:27+09:00,2026/09/25,2026/11/12,2026-11,CALL,74250,216,1,,23.81,23.53,240,3,229,2,,,,,
2026/09/25 01:46,2026-09-25T02:01:27+09:00,2026/09/25,2026/11/12,2026-11,PUT,74250,9120,,,27.71,16.27,8870,4,8485,1,,,,,
2026/09/25 01:46,2026-09-25T02:01:27+09:00,2026/09/25,2026/11/12,2026-11,CALL,74000,234,116,4,23.77,23.53,259,11,249,11,23.79,-52,-19.85,210,09/25 00:31
2026/09/25 01:46,2026-09-25T02:01:27+09:00,2026/09/25,2026/11/12,2026-11,PUT,74000,8890,,,27.56,20.7,8640,12,8345,1,,,,,
2026/09/25 01:46,2026-09-25T02:01:27+09:00,2026/09/25,2026/11/12,2026-11,CALL,73750,255,2,,23.78,23.46,281,5,267,5,,,,,
2026/09/25 01:46,2026-09-25T02:01:27+09:00,2026/09/25,2026/11/12,2026-11,PUT,73750,8660,,,27.39,21.94,8410,4,8155,1,,,,,
2026/09/25 01:46,2026-09-25T02:01:27+09:00,2026/09/25,2026/11/12,2026-11,CALL,73500,277,10,10,23.79,23.47,305,2,290,2,24.22,-31,-10.69,259,09/24 17:15
2026/09/25 01:46,2026-09-25T02:01:27+09:00,2026/09/25,2026/11/12,2026-11,PUT,73500,8430,,,27.2,20.79,8180,8,7880,1,,,,,
2026/09/25 01:46,2026-09-25T02:01:27+09:00,2026/09/25,2026/11/12,2026-11,CALL,73250,300,,,23.79,23.48,330,2,315,5,,,,,
2026/09/25 01:46,2026-09-25T02:01:27+09:00,2026/09/25,2026/11/12,2026-11,PUT,73250,8200,,,26.99,13,7950,1,7465,1,,,,,
2026/09/25 01:46,2026-09-25T02:01:27+09:00,2026/09/25,2026/11/12,2026-11,CALL,73000,325,128,7,23.76,23.46,355,2,340,11,23.7,-40,-11.76,300,09/25 00:06
2026/09/25 01:46,2026-09-25T02:01:27+09:00,2026/09/25,2026/11/12,2026-11,PUT,73000,7975,,,26.84,22.21,7725,3,7480,1,,,,,
2026/09/25 01:46,2026-09-25T02:01:27+09:00,2026/09/25,2026/11/12,2026-11,CALL,72750,345,,,23.79,23.5,385,2,370,2,,,,,
2026/09/25 01:46,2026-09-25T02:01:27+09:00,2026/09/25,2026/11/12,2026-11,PUT,72750,7750,,,34.02,17.11,8000,4,7055,1,,,,,
2026/09/25 01:46,2026-09-25T02:01:27+09:00,2026/09/25,2026/11/12,2026-11,CALL,72500,375,608,,23.78,23.51,415,2,400,2,,,,,
2026/09/25 01:46,2026-09-25T02:01:27+09:00,2026/09/25,2026/11/12,2026-11,PUT,72500,7525,330,,33.7,17.6,7775,8,6835,1,,,,,
2026/09/25 01:46,2026-09-25T02:01:27+09:00,2026/09/25,2026/11/12,2026-11,CALL,72250,405,2,,23.74,23.47,445,2,430,2,,,,,
2026/09/25 01:46,2026-09-25T02:01:27+09:00,2026/09/25,2026/11/12,2026-11,PUT,72250,7305,,,33.42,20.83,7555,4,6740,1,,,,,
2026/09/25 01:46,2026-09-25T02:01:27+09:00,2026/09/25,2026/11/12,2026-11,CALL,72125,420,,,24.46,22.2,505,9,375,24,,,,,
2026/09/25 01:46,2026-09-25T02:01:27+09:00,2026/09/25,2026/11/12,2026-11,PUT,72125,7205,,,33.41,22.48,7455,4,6715,1,,,,,
2026/09/25 01:46,2026-09-25T02:01:27+09:00,2026/09/25,2026/11/12,2026-11,CALL,72000,435,519,5,23.66,23.41,475,2,460,8,24,0,0,440,09/24 22:31
2026/09/25 01:46,2026-09-25T02:01:27+09:00,2026/09/25,2026/11/12,2026-11,PUT,72000,7090,,,33.19,16.78,7340,12,6340,1,,,,,
2026/09/25 01:46,2026-09-25T02:01:27+09:00,2026/09/25,2026/11/12,2026-11,CALL,71875,450,,,24.5,21.81,545,9,385,24,,,,,
2026/09/25 01:46,2026-09-25T02:01:27+09:00,2026/09/25,2026/11/12,2026-11,PUT,71875,6980,,,33.04,19.91,7230,4,6360,1,,,,,
2026/09/25 01:46,2026-09-25T02:01:27+09:00,2026/09/25,2026/11/12,2026-11,CALL,71750,470,,,23.72,23.47,515,4,500,2,,,,,
2026/09/25 01:46,2026-09-25T02:01:27+09:00,2026/09/25,2026/11/12,2026-11,PUT,71750,6875,,,32.95,18.26,7125,4,6170,1,,,,,
2026/09/25 01:46,2026-09-25T02:01:27+09:00,2026/09/25,2026/11/12,2026-11,CALL,71625,480,8,,24.27,22.01,570,9,430,24,,,,,
2026/09/25 01:46,2026-09-25T02:01:27+09:00,2026/09/25,2026/11/12,2026-11,PUT,71625,6765,,,32.78,19.46,7015,4,6115,1,,,,,
2026/09/25 01:46,2026-09-25T02:01:27+09:00,2026/09/25,2026/11/12,2026-11,CALL,71500,505,356,1,23.65,23.42,550,6,535,2,23.8,-65,-11.02,525,09/25 01:16
2026/09/25 01:46,2026-09-25T02:01:27+09:00,2026/09/25,2026/11/12,2026-11,PUT,71500,6660,,,32.68,18.99,6910,8,5980,1,,,,,
2026/09/25 01:46,2026-09-25T02:01:27+09:00,2026/09/25,2026/11/12,2026-11,CALL,71375,515,,,24.55,22.16,630,9,475,24,,,,,
2026/09/25 01:46,2026-09-25T02:01:27+09:00,2026/09/25,2026/11/12,2026-11,PUT,71375,6550,,,32.51,20.65,6800,4,5960,1,,,,,
2026/09/25 01:46,2026-09-25T02:01:27+09:00,2026/09/25,2026/11/12,2026-11,CALL,71250,545,5,,23.63,23.41,590,4,575,2,,,,,
2026/09/25 01:46,2026-09-25T02:01:27+09:00,2026/09/25,2026/11/12,2026-11,PUT,71250,6445,,,32.4,19.56,6695,4,5790,1,,,,,
2026/09/25 01:46,2026-09-25T02:01:27+09:00,2026/09/25,2026/11/12,2026-11,CALL,71125,560,2,,24.63,22.1,680,24,510,24,,,,,
2026/09/25 01:46,2026-09-25T02:01:27+09:00,2026/09/25,2026/11/12,2026-11,PUT,71125,6340,,,32.28,22.94,6590,4,5890,1,,,,,
2026/09/25 01:46,2026-09-25T02:01:27+09:00,2026/09/25,2026/11/12,2026-11,CALL,71000,585,625,2,23.65,23.43,635,2,620,2,23.94,15,2.34,655,09/25 01:43
2026/09/25 01:46,2026-09-25T02:01:27+09:00,2026/09/25,2026/11/12,2026-11,PUT,71000,6240,,,32.22,18.52,6490,12,5515,3,,,,,
2026/09/25 01:46,2026-09-25T02:01:27+09:00,2026/09/25,2026/11/12,2026-11,CALL,70875,610,,,24.52,22.15,720,7,555,24,,,,,
2026/09/25 01:46,2026-09-25T02:01:27+09:00,2026/09/25,2026/11/12,2026-11,PUT,70875,6145,,,32.21,20.53,6395,4,5525,1,,,,,
2026/09/25 01:46,2026-09-25T02:01:27+09:00,2026/09/25,2026/11/12,2026-11,CALL,70750,625,4,,23.63,23.42,680,3,665,2,,,,,
2026/09/25 01:46,2026-09-25T02:01:27+09:00,2026/09/25,2026/11/12,2026-11,PUT,70750,6030,160,,31.96,19.97,6280,4,5385,1,,,,,
2026/09/25 01:46,2026-09-25T02:01:27+09:00,2026/09/25,2026/11/12,2026-11,CALL,70625,650,,,24.46,22.52,765,7,625,22,,,,,
2026/09/25 01:46,2026-09-25T02:01:27+09:00,2026/09/25,2026/11/12,2026-11,PUT,70625,5935,,,31.94,20.06,6185,4,5285,1,,,,,
2026/09/25 01:46,2026-09-25T02:01:27+09:00,2026/09/25,2026/11/12,2026-11,CALL,70500,670,30,,23.64,23.37,730,4,710,2,,,,,
2026/09/25 01:46,2026-09-25T02:01:27+09:00,2026/09/25,2026/11/12,2026-11,PUT,70500,5825,,,31.73,21.83,6075,8,5300,2,,,,,
2026/09/25 01:46,2026-09-25T02:01:27+09:00,2026/09/25,2026/11/12,2026-11,CALL,70375,700,,,24.49,22.61,820,22,680,22,,,,,
2026/09/25 01:46,2026-09-25T02:01:27+09:00,2026/09/25,2026/11/12,2026-11,PUT,70375,5735,,,30.52,18.64,5880,3,4985,3,,,,,
2026/09/25 01:46,2026-09-25T02:01:27+09:00,2026/09/25,2026/11/12,2026-11,CALL,70250,720,4,,23.68,23.41,785,3,765,2,,,,,
2026/09/25 01:46,2026-09-25T02:01:27+09:00,2026/09/25,2026/11/12,2026-11,PUT,70250,5620,,,31.37,22.27,5860,2,5130,2,,,,,
2026/09/25 01:46,2026-09-25T02:01:27+09:00,2026/09/25,2026/11/12,2026-11,CALL,70125,730,,,24.1,22.66,845,7,735,7,,,,,
2026/09/25 01:46,2026-09-25T02:01:27+09:00,2026/09/25,2026/11/12,2026-11,PUT,70125,5520,,,31.27,20.82,5760,3,4925,3,,,,,
2026/09/25 01:46,2026-09-25T02:01:27+09:00,2026/09/25,2026/11/12,2026-11,CALL,70000,775,1032,6,23.68,23.36,840,5,815,5,23.77,25,3.23,800,09/25 01:16
2026/09/25 01:46,2026-09-25T02:01:27+09:00,2026/09/25,2026/11/12,2026-11,PUT,70000,5425,460,,31.11,20.83,5655,7,4825,7,,,,,
2026/09/25 01:46,2026-09-25T02:01:27+09:00,2026/09/25,2026/11/12,2026-11,CALL,69875,785,16,,24.2,22.8,910,7,800,7,,,,,
2026/09/25 01:46,2026-09-25T02:01:27+09:00,2026/09/25,2026/11/12,2026-11,PUT,69875,5320,,,30.94,20.14,5550,3,4675,5,,,,,
2026/09/25 01:46,2026-09-25T02:01:27+09:00,2026/09/25,2026/11/12,2026-11,CALL,69750,815,1,,23.64,23.39,895,3,875,2,,,,,
2026/09/25 01:46,2026-09-25T02:01:27+09:00,2026/09/25,2026/11/12,2026-11,PUT,69750,5230,,,30.7,23.01,5440,2,4795,2,,,,,
2026/09/25 01:46,2026-09-25T02:01:27+09:00,2026/09/25,2026/11/12,2026-11,CALL,69625,860,,,24.55,22.32,1000,22,820,22,,,,,
2026/09/25 01:46,2026-09-25T02:01:27+09:00,2026/09/25,2026/11/12,2026-11,PUT,69625,5145,,,30.75,21.1,5355,3,4550,5,,,,,
2026/09/25 01:46,2026-09-25T02:01:27+09:00,2026/09/25,2026/11/12,2026-11,CALL,69500,875,16,,23.8,23.32,970,2,930,2,,,,,
2026/09/25 01:46,2026-09-25T02:01:27+09:00,2026/09/25,2026/11/12,2026-11,PUT,69500,5030,1,,30.45,21.7,5240,3,4500,3,,,,,
2026/09/25 01:46,2026-09-25T02:01:27+09:00,2026/09/25,2026/11/12,2026-11,CALL,69375,915,,,24.44,22.5,1055,22,895,22,,,,,
2026/09/25 01:46,2026-09-25T02:01:27+09:00,2026/09/25,2026/11/12,2026-11,PUT,69375,4955,,,30.6,22.81,5165,3,4495,5,,,,,
2026/09/25 01:46,2026-09-25T02:01:27+09:00,2026/09/25,2026/11/12,2026-11,CALL,69250,935,1,,23.63,23.39,1020,3,1000,2,,,,,
2026/09/25 01:46,2026-09-25T02:01:27+09:00,2026/09/25,2026/11/12,2026-11,PUT,69250,4845,,,30.34,21.44,5055,2,4290,4,,,,,
2026/09/25 01:46,2026-09-25T02:01:27+09:00,2026/09/25,2026/11/12,2026-11,CALL,69125,970,,,24.35,22.87,1115,7,990,7,,,,,
2026/09/25 01:46,2026-09-25T02:01:27+09:00,2026/09/25,2026/11/12,2026-11,PUT,69125,4760,,,30.36,22.1,4970,3,4250,3,,,,,
2026/09/25 01:46,2026-09-25T02:01:27+09:00,2026/09/25,2026/11/12,2026-11,CALL,69000,1010,3467,5,23.77,23.42,1100,5,1070,2,23.88,80,7.77,1110,09/25 01:43
2026/09/25 01:46,2026-09-25T02:01:27+09:00,2026/09/25,2026/11/12,2026-11,PUT,69000,4660,450,,30.09,22.36,4860,7,4180,4,,,,,
2026/09/25 01:46,2026-09-25T02:01:27+09:00,2026/09/25,2026/11/12,2026-11,CALL,68875,1045,,,24.4,22.49,1190,21,1025,21,,,,,
2026/09/25 01:46,2026-09-25T02:01:27+09:00,2026/09/25,2026/11/12,2026-11,PUT,68875,4585,,,30.31,21.6,4795,3,4025,3,,,,,
2026/09/25 01:46,2026-09-25T02:01:27+09:00,2026/09/25,2026/11/12,2026-11,CALL,68750,1065,10,,23.69,23.35,1165,3,1135,3,,,,,
2026/09/25 01:46,2026-09-25T02:01:27+09:00,2026/09/25,2026/11/12,2026-11,PUT,68750,4475,,,25.28,24.2,4255,2,4160,3,,,,,
2026/09/25 01:46,2026-09-25T02:01:27+09:00,2026/09/25,2026/11/12,2026-11,CALL,68625,1120,,,24.29,22.53,1255,6,1100,21,,,,,
2026/09/25 01:46,2026-09-25T02:01:27+09:00,2026/09/25,2026/11/12,2026-11,PUT,68625,4405,,,30.08,21.08,4605,3,3800,3,,,,,
2026/09/25 01:46,2026-09-25T02:01:27+09:00,2026/09/25,2026/11/12,2026-11,CALL,68500,1150,14,,23.91,23.41,1260,4,1215,2,,,,,
2026/09/25 01:46,2026-09-25T02:01:27+09:00,2026/09/25,2026/11/12,2026-11,PUT,68500,4305,478,,25.14,23.8,4070,2,3950,7,,,,,
2026/09/25 01:46,2026-09-25T02:01:27+09:00,2026/09/25,2026/11/12,2026-11,CALL,68375,1190,16,,24.2,23.03,1325,6,1220,6,,,,,
2026/09/25 01:46,2026-09-25T02:01:27+09:00,2026/09/25,2026/11/12,2026-11,PUT,68375,4230,16,,29.76,23.2,4410,3,3810,3,,,,,
2026/09/25 01:46,2026-09-25T02:01:27+09:00,2026/09/25,2026/11/12,2026-11,CALL,68250,1215,,,23.93,23.43,1340,3,1295,2,,,,,
2026/09/25 01:46,2026-09-25T02:01:27+09:00,2026/09/25,2026/11/12,2026-11,PUT,68250,4130,,,25.35,23.81,3920,2,3780,2,,,,,
2026/09/25 01:46,2026-09-25T02:01:27+09:00,2026/09/25,2026/11/12,2026-11,CALL,68125,1260,,,24.24,23.42,1410,1,1335,20,,,,,
2026/09/25 01:46,2026-09-25T02:01:27+09:00,2026/09/25,2026/11/12,2026-11,PUT,68125,4050,,,29.47,21.32,4220,3,3470,3,,,,,
2026/09/25 01:46,2026-09-25T02:01:27+09:00,2026/09/25,2026/11/12,2026-11,CALL,68000,1295,510,4,23.84,23.46,1415,4,1380,1,24.74,-40,-3.03,1280,09/24 19:58
2026/09/25 01:46,2026-09-25T02:01:27+09:00,2026/09/25,2026/11/12,2026-11,PUT,68000,3960,,,25.14,24.38,3735,1,3665,5,,,,,
2026/09/25 01:46,2026-09-25T02:01:27+09:00,2026/09/25,2026/11/12,2026-11,CALL,67875,1345,2,,24.35,23.43,1505,5,1420,20,,,,,
2026/09/25 01:46,2026-09-25T02:01:27+09:00,2026/09/25,2026/11/12,2026-11,PUT,67875,3885,,,29.31,22.46,4045,6,3405,3,,,,,
2026/09/25 01:46,2026-09-25T02:01:27+09:00,2026/09/25,2026/11/12,2026-11,CALL,67750,1390,35,,23.88,23.5,1505,2,1470,1,,,,,
2026/09/25 01:46,2026-09-25T02:01:27+09:00,2026/09/25,2026/11/12,2026-11,PUT,67750,3805,,,25.16,24.41,3575,1,3505,2,,,,,
2026/09/25 01:46,2026-09-25T02:01:27+09:00,2026/09/25,2026/11/12,2026-11,CALL,67625,1425,,,24.41,23.51,1600,1,1515,1,,,,,
2026/09/25 01:46,2026-09-25T02:01:27+09:00,2026/09/25,2026/11/12,2026-11,PUT,67625,3715,,,29.01,23.56,3860,6,3345,3,,,,,
2026/09/25 01:46,2026-09-25T02:01:27+09:00,2026/09/25,2026/11/12,2026-11,CALL,67500,1475,939,,24.14,23.55,1620,3,1565,1,,,,,
2026/09/25 01:46,2026-09-25T02:01:27+09:00,2026/09/25,2026/11/12,2026-11,PUT,67500,3640,4,,25.35,24.19,3435,3,3325,6,,,,,
2026/09/25 01:46,2026-09-25T02:01:27+09:00,2026/09/25,2026/11/12,2026-11,CALL,67375,1515,,,24.49,23.54,1700,20,1610,1,,,,,
2026/09/25 01:46,2026-09-25T02:01:27+09:00,2026/09/25,2026/11/12,2026-11,PUT,67375,3555,,,25.44,23.59,3365,1,3190,5,,,,,
2026/09/25 01:46,2026-09-25T02:01:27+09:00,2026/09/25,2026/11/12,2026-11,CALL,67250,1560,,,24.09,23.56,1710,2,1660,2,,,,,
2026/09/25 01:46,2026-09-25T02:01:27+09:00,2026/09/25,2026/11/12,2026-11,PUT,67250,3480,,,25.35,24.61,3280,2,3210,1,,,,,
2026/09/25 01:46,2026-09-25T02:01:27+09:00,2026/09/25,2026/11/12,2026-11,CALL,67125,1605,,,24.57,23.58,1805,20,1710,1,,,,,
2026/09/25 01:46,2026-09-25T02:01:27+09:00,2026/09/25,2026/11/12,2026-11,PUT,67125,3400,,,25.88,23.79,3255,6,3055,6,,,,,
2026/09/25 01:46,2026-09-25T02:01:27+09:00,2026/09/25,2026/11/12,2026-11,CALL,67000,1645,1235,,24.31,23.58,1830,4,1760,1,,,,,
2026/09/25 01:46,2026-09-25T02:01:27+09:00,2026/09/25,2026/11/12,2026-11,PUT,67000,3315,870,,25.41,24.52,3135,1,3050,5,,,,,
2026/09/25 01:46,2026-09-25T02:01:27+09:00,2026/09/25,2026/11/12,2026-11,CALL,66875,1705,,,24.56,23.63,1905,20,1815,1,,,,,
2026/09/25 01:46,2026-09-25T02:01:27+09:00,2026/09/25,2026/11/12,2026-11,PUT,66875,3245,,,25.91,23.89,3110,6,2915,6,,,,,
2026/09/25 01:46,2026-09-25T02:01:27+09:00,2026/09/25,2026/11/12,2026-11,CALL,66750,1760,6,,24.23,23.66,1925,2,1870,1,,,,,
2026/09/25 01:46,2026-09-25T02:01:27+09:00,2026/09/25,2026/11/12,2026-11,PUT,66750,3180,,,25.32,24.8,2980,2,2930,2,,,,,
2026/09/25 01:46,2026-09-25T02:01:27+09:00,2026/09/25,2026/11/12,2026-11,CALL,66625,1810,,,24.57,23.63,2010,20,1920,20,,,,,
2026/09/25 01:46,2026-09-25T02:01:27+09:00,2026/09/25,2026/11/12,2026-11,PUT,66625,3100,,,25.34,24.72,2910,1,2850,5,,,,,
2026/09/25 01:46,2026-09-25T02:01:27+09:00,2026/09/25,2026/11/12,2026-11,CALL,66500,1870,3,,24.21,23.7,2030,1,1980,1,,,,,
2026/09/25 01:46,2026-09-25T02:01:27+09:00,2026/09/25,2026/11/12,2026-11,PUT,66500,3025,239,,25.4,24.63,2845,1,2770,2,,,,,
2026/09/25 01:46,2026-09-25T02:01:27+09:00,2026/09/25,2026/11/12,2026-11,CALL,66375,1910,,,24.42,23.24,2105,20,1990,5,,,,,
2026/09/25 01:46,2026-09-25T02:01:27+09:00,2026/09/25,2026/11/12,2026-11,PUT,66375,2955,,,25.4,24.68,2775,1,2705,7,,,,,
2026/09/25 01:46,2026-09-25T02:01:27+09:00,2026/09/25,2026/11/12,2026-11,CALL,66250,1975,,,24.31,23.79,2150,2,2100,1,,,,,
2026/09/25 01:46,2026-09-25T02:01:27+09:00,2026/09/25,2026/11/12,2026-11,PUT,66250,2895,,,25.85,24.87,2750,2,2655,2,,,,,
2026/09/25 01:46,2026-09-25T02:01:27+09:00,2026/09/25,2026/11/12,2026-11,CALL,66125,2030,4,,24.85,23.67,2260,15,2145,20,,,,,
2026/09/25 01:46,2026-09-25T02:01:27+09:00,2026/09/25,2026/11/12,2026-11,PUT,66125,2825,,,25.42,24.75,2640,1,2575,7,,,,,
2026/09/25 01:46,2026-09-25T02:01:27+09:00,2026/09/25,2026/11/12,2026-11,CALL,66000,2095,509,,24.1,23.84,2245,1,2220,1,,,,,
2026/09/25 01:46,2026-09-25T02:01:27+09:00,2026/09/25,2026/11/12,2026-11,PUT,66000,2765,2025,,25.49,24.72,2580,21,2505,5,,,,,
2026/09/25 01:46,2026-09-25T02:01:27+09:00,2026/09/25,2026/11/12,2026-11,CALL,65875,2145,50,,24.94,23.8,2385,11,2275,5,,,,,
2026/09/25 01:46,2026-09-25T02:01:27+09:00,2026/09/25,2026/11/12,2026-11,PUT,65875,2685,,,25.5,24.68,2515,5,2435,5,,,,,
2026/09/25 01:46,2026-09-25T02:01:27+09:00,2026/09/25,2026/11/12,2026-11,CALL,65750,2210,1,,24.47,23.9,2400,2,2345,1,,,,,
2026/09/25 01:46,2026-09-25T02:01:27+09:00,2026/09/25,2026/11/12,2026-11,PUT,65750,2630,,,25.55,24.78,2455,1,2380,7,,,,,
2026/09/25 01:46,2026-09-25T02:01:27+09:00,2026/09/25,2026/11/12,2026-11,CALL,65625,2275,,,24.97,23.84,2510,11,2400,5,,,,,
2026/09/25 01:46,2026-09-25T02:01:27+09:00,2026/09/25,2026/11/12,2026-11,PUT,65625,2570,,,25.59,24.41,2395,20,2280,15,,,,,
2026/09/25 01:46,2026-09-25T02:01:27+09:00,2026/09/25,2026/11/12,2026-11,CALL,65500,2340,172,,24.59,23.81,2535,1,2460,2,,,,,
2026/09/25 01:46,2026-09-25T02:01:27+09:00,2026/09/25,2026/11/12,2026-11,PUT,65500,2510,100,2,25.62,25.11,2335,11,2285,1,24.7,,,2565,09/24 19:50
2026/09/25 01:46,2026-09-25T02:01:27+09:00,2026/09/25,2026/11/12,2026-11,CALL,65375,2410,11,,25.23,23.88,2660,10,2530,1,,,,,
2026/09/25 01:46,2026-09-25T02:01:27+09:00,2026/09/25,2026/11/12,2026-11,PUT,65375,2455,30,,25.64,24.92,2275,5,2205,5,,,,,
2026/09/25 01:46,2026-09-25T02:01:27+09:00,2026/09/25,2026/11/12,2026-11,CALL,65250,2465,,,24.72,23.94,2675,3,2600,1,,,,,
2026/09/25 01:46,2026-09-25T02:01:27+09:00,2026/09/25,2026/11/12,2026-11,PUT,65250,2390,,,25.71,25.13,2220,21,2165,7,,,,,
2026/09/25 01:46,2026-09-25T02:01:27+09:00,2026/09/25,2026/11/12,2026-11,CALL,65125,2540,,,25.39,23.93,2805,10,2665,1,,,,,
2026/09/25 01:46,2026-09-25T02:01:27+09:00,2026/09/25,2026/11/12,2026-11,PUT,65125,2340,,,25.71,24.98,2160,1,2090,5,,,,,
2026/09/25 01:46,2026-09-25T02:01:27+09:00,2026/09/25,2026/11/12,2026-11,CALL,65000,2595,425,5,24.7,24.13,2805,4,2750,1,24.83,115,4.43,2710,09/25 01:16
2026/09/25 01:46,2026-09-25T02:01:27+09:00,2026/09/25,2026/11/12,2026-11,PUT,65000,2275,1107,9,25.75,25.28,2105,3,2060,4,25.35,-5,-0.23,2150,09/25 01:16
2026/09/25 01:46,2026-09-25T02:01:27+09:00,2026/09/25,2026/11/12,2026-11,CALL,64875,2675,,,25.25,23.94,2925,10,2800,1,,,,,
2026/09/25 01:46,2026-09-25T02:01:27+09:00,2026/09/25,2026/11/12,2026-11,PUT,64875,2225,,,25.83,24.99,2055,5,1975,5,,,,,
2026/09/25 01:46,2026-09-25T02:01:27+09:00,2026/09/25,2026/11/12,2026-11,CALL,64750,2735,,,25.17,24.22,2985,6,2895,1,,,,,
2026/09/25 01:46,2026-09-25T02:01:27+09:00,2026/09/25,2026/11/12,2026-11,PUT,64750,2160,4,,25.85,25.48,2000,1,1965,2,,,,,
2026/09/25 01:46,2026-09-25T02:01:27+09:00,2026/09/25,2026/11/12,2026-11,CALL,64625,2815,1,,25.28,23.64,3065,10,2910,7,,,,,
2026/09/25 01:46,2026-09-25T02:01:27+09:00,2026/09/25,2026/11/12,2026-11,PUT,64625,2110,494,,25.92,24.96,1950,6,1860,6,,,,,
2026/09/25 01:46,2026-09-25T02:01:27+09:00,2026/09/25,2026/11/12,2026-11,CALL,64500,2880,201,,25.12,24.27,3120,8,3040,1,,,,,
2026/09/25 01:46,2026-09-25T02:01:27+09:00,2026/09/25,2026/11/12,2026-11,PUT,64500,2055,316,3,25.97,25.6,1900,13,1865,1,25.65,160,8.14,2125,09/24 19:55
2026/09/25 01:46,2026-09-25T02:01:27+09:00,2026/09/25,2026/11/12,2026-11,CALL,64375,2960,2,,25.32,22.79,3210,6,2975,3,,,,,
2026/09/25 01:46,2026-09-25T02:01:27+09:00,2026/09/25,2026/11/12,2026-11,PUT,64375,2005,2,,26.01,25.16,1850,6,1770,5,,,,,
2026/09/25 01:46,2026-09-25T02:01:27+09:00,2026/09/25,2026/11/12,2026-11,CALL,64250,3030,,,25.29,24.16,3280,6,3175,2,,,,,
2026/09/25 01:46,2026-09-25T02:01:27+09:00,2026/09/25,2026/11/12,2026-11,PUT,64250,1950,,,26.05,25.51,1800,1,1750,8,,,,,
2026/09/25 01:46,2026-09-25T02:01:27+09:00,2026/09/25,2026/11/12,2026-11,CALL,64125,3105,,,25.31,21.33,3355,6,2990,3,,,,,
2026/09/25 01:46,2026-09-25T02:01:27+09:00,2026/09/25,2026/11/12,2026-11,PUT,64125,1900,,,26.12,25.53,1755,6,1700,6,,,,,
2026/09/25 01:46,2026-09-25T02:01:27+09:00,2026/09/25,2026/11/12,2026-11,CALL,64000,3180,131,,25.32,24.12,3430,17,3320,4,,,,,
2026/09/25 01:46,2026-09-25T02:01:27+09:00,2026/09/25,2026/11/12,2026-11,PUT,64000,1850,516,27,26.14,25.7,1705,1,1665,1,25.93,140,7.95,1900,09/24 20:04
2026/09/25 01:46,2026-09-25T02:01:27+09:00,2026/09/25,2026/11/12,2026-11,CALL,63875,3255,,,25.32,19.97,3505,6,3025,3,,,,,
2026/09/25 01:46,2026-09-25T02:01:27+09:00,2026/09/25,2026/11/12,2026-11,PUT,63875,1805,,,26.47,25.59,1685,6,1605,6,,,,,
2026/09/25 01:46,2026-09-25T02:01:27+09:00,2026/09/25,2026/11/12,2026-11,CALL,63750,3335,,,25.36,24.36,3585,6,3495,1,,,,,
2026/09/25 01:46,2026-09-25T02:01:27+09:00,2026/09/25,2026/11/12,2026-11,PUT,63750,1760,,,26.35,25.91,1625,2,1585,2,,,,,
2026/09/25 01:46,2026-09-25T02:01:27+09:00,2026/09/25,2026/11/12,2026-11,CALL,63625,3415,,,25.39,19.87,3665,6,3180,3,,,,,
2026/09/25 01:46,2026-09-25T02:01:27+09:00,2026/09/25,2026/11/12,2026-11,PUT,63625,1715,,,27,25.67,1635,21,1515,6,,,,,
2026/09/25 01:46,2026-09-25T02:01:27+09:00,2026/09/25,2026/11/12,2026-11,CALL,63500,3495,17,,25.41,24.56,3745,5,3670,2,,,,,
2026/09/25 01:46,2026-09-25T02:01:27+09:00,2026/09/25,2026/11/12,2026-11,PUT,63500,1670,14,,26.47,25.91,1540,2,1490,4,,,,,
2026/09/25 01:46,2026-09-25T02:01:27+09:00,2026/09/25,2026/11/12,2026-11,CALL,63375,3565,,,25.3,20.13,3815,1,3370,3,,,,,
2026/09/25 01:46,2026-09-25T02:01:27+09:00,2026/09/25,2026/11/12,2026-11,PUT,63375,1615,,,27.11,25.64,1550,21,1420,6,,,,,
2026/09/25 01:46,2026-09-25T02:01:27+09:00,2026/09/25,2026/11/12,2026-11,CALL,63250,3660,15,,25.47,24.66,3910,4,3840,2,,,,,
2026/09/25 01:46,2026-09-25T02:01:27+09:00,2026/09/25,2026/11/12,2026-11,PUT,63250,1585,15,,26.5,26.1,1450,3,1415,3,,,,,
2026/09/25 01:46,2026-09-25T02:01:27+09:00,2026/09/25,2026/11/12,2026-11,CALL,63125,3730,,,28.67,20.04,4270,3,3535,3,,,,,
2026/09/25 01:46,2026-09-25T02:01:27+09:00,2026/09/25,2026/11/12,2026-11,PUT,63125,1525,,,27.47,25.63,1490,21,1330,21,,,,,
2026/09/25 01:46,2026-09-25T02:01:27+09:00,2026/09/25,2026/11/12,2026-11,CALL,63000,3825,,,25.49,24.55,4075,9,3995,5,,,,,
2026/09/25 01:46,2026-09-25T02:01:27+09:00,2026/09/25,2026/11/12,2026-11,PUT,63000,1505,710,,26.6,26.19,1370,5,1335,5,,,,,
2026/09/25 01:46,2026-09-25T02:01:27+09:00,2026/09/25,2026/11/12,2026-11,CALL,62875,3915,,,25.57,19.63,4165,3,3680,3,,,,,
2026/09/25 01:46,2026-09-25T02:01:27+09:00,2026/09/25,2026/11/12,2026-11,PUT,62875,1465,4,,27.69,25.75,1420,22,1255,7,,,,,
2026/09/25 01:46,2026-09-25T02:01:27+09:00,2026/09/25,2026/11/12,2026-11,CALL,62750,4005,,,25.65,23.59,4255,2,4085,2,,,,,
2026/09/25 01:46,2026-09-25T02:01:27+09:00,2026/09/25,2026/11/12,2026-11,PUT,62750,1430,,,26.84,26.36,1305,3,1265,3,,,,,
2026/09/25 01:46,2026-09-25T02:01:27+09:00,2026/09/25,2026/11/12,2026-11,CALL,62625,4095,,,25.71,19.66,4345,3,3865,3,,,,,
2026/09/25 01:46,2026-09-25T02:01:27+09:00,2026/09/25,2026/11/12,2026-11,PUT,62625,1395,3,,27.33,25.71,1305,7,1170,22,,,,,
2026/09/25 01:46,2026-09-25T02:01:27+09:00,2026/09/25,2026/11/12,2026-11,CALL,62500,4170,40,,28.42,21.29,4655,7,4080,3,,,,,
2026/09/25 01:46,2026-09-25T02:01:27+09:00,2026/09/25,2026/11/12,2026-11,PUT,62500,1345,425,,26.86,26.43,1225,2,1190,4,,,,,
2026/09/25 01:46,2026-09-25T02:01:27+09:00,2026/09/25,2026/11/12,2026-11,CALL,62375,4250,,,29.81,19.42,4855,3,4035,3,,,,,
2026/09/25 01:46,2026-09-25T02:01:27+09:00,2026/09/25,2026/11/12,2026-11,PUT,62375,1305,,,27.95,25.99,1275,22,1115,7,,,,,
2026/09/25 01:46,2026-09-25T02:01:27+09:00,2026/09/25,2026/11/12,2026-11,CALL,62250,4350,,,28.06,19.27,4795,4,4120,2,,,,,
2026/09/25 01:46,2026-09-25T02:01:27+09:00,2026/09/25,2026/11/12,2026-11,PUT,62250,1275,6,,27.02,26.71,1160,3,1135,2,,,,,
2026/09/25 01:46,2026-09-25T02:01:27+09:00,2026/09/25,2026/11/12,2026-11,CALL,62125,4425,,,27.56,19.09,4840,3,4205,3,,,,,
2026/09/25 01:46,2026-09-25T02:01:27+09:00,2026/09/25,2026/11/12,2026-11,PUT,62125,1225,,,27.99,26.05,1200,22,1045,7,,,,,
2026/09/25 01:46,2026-09-25T02:01:27+09:00,2026/09/25,2026/11/12,2026-11,CALL,62000,4535,,,29.64,19.2,5095,7,4310,7,,,,,
2026/09/25 01:46,2026-09-25T02:01:27+09:00,2026/09/25,2026/11/12,2026-11,PUT,62000,1200,1142,4,27.15,26.77,1095,2,1065,5,26.7,-5,-0.42,1195,09/24 21:25
2026/09/25 01:46,2026-09-25T02:01:27+09:00,2026/09/25,2026/11/12,2026-11,CALL,61875,4610,,,29.38,18.74,5160,5,4380,3,,,,,
2026/09/25 01:46,2026-09-25T02:01:27+09:00,2026/09/25,2026/11/12,2026-11,PUT,61875,1160,,,28.12,26.32,1135,22,995,7,,,,,
2026/09/25 01:46,2026-09-25T02:01:27+09:00,2026/09/25,2026/11/12,2026-11,CALL,61750,4715,,,30.6,18.73,5345,4,4480,2,,,,,
2026/09/25 01:46,2026-09-25T02:01:27+09:00,2026/09/25,2026/11/12,2026-11,PUT,61750,1140,8,,27.3,26.91,1035,3,1005,3,,,,,
2026/09/25 01:46,2026-09-25T02:01:27+09:00,2026/09/25,2026/11/12,2026-11,CALL,61625,4800,,,27.56,18.45,5195,5,4565,3,,,,,
2026/09/25 01:46,2026-09-25T02:01:27+09:00,2026/09/25,2026/11/12,2026-11,PUT,61625,1105,,,28.27,26.17,1075,22,915,22,,,,,
2026/09/25 01:46,2026-09-25T02:01:27+09:00,2026/09/25,2026/11/12,2026-11,CALL,61500,4905,,,30.73,18.47,5530,3,4670,3,,,,,
2026/09/25 01:46,2026-09-25T02:01:27+09:00,2026/09/25,2026/11/12,2026-11,PUT,61500,1085,512,,27.55,27.15,985,2,955,2,,,,,
2026/09/25 01:46,2026-09-25T02:01:27+09:00,2026/09/25,2026/11/12,2026-11,CALL,61375,5015,,,28.33,18.58,5435,5,4780,3,,,,,
2026/09/25 01:46,2026-09-25T02:01:27+09:00,2026/09/25,2026/11/12,2026-11,PUT,61375,1065,,,28.59,26.44,1030,22,870,7,,,,,
2026/09/25 01:46,2026-09-25T02:01:27+09:00,2026/09/25,2026/11/12,2026-11,CALL,61250,5095,,,27.63,18.11,5475,4,4860,2,,,,,
2026/09/25 01:46,2026-09-25T02:01:27+09:00,2026/09/25,2026/11/12,2026-11,PUT,61250,1020,18,,27.56,27.29,920,3,900,3,,,,,
2026/09/25 01:46,2026-09-25T02:01:27+09:00,2026/09/25,2026/11/12,2026-11,CALL,61125,5210,,,29.16,18.27,5680,5,4975,3,,,,,
2026/09/25 01:46,2026-09-25T02:01:27+09:00,2026/09/25,2026/11/12,2026-11,PUT,61125,975,5,,28.68,26.67,970,23,825,8,,,,,
2026/09/25 01:46,2026-09-25T02:01:27+09:00,2026/09/25,2026/11/12,2026-11,CALL,61000,5290,200,,27.88,17.61,5680,3,5050,3,,,,,
2026/09/25 01:46,2026-09-25T02:01:27+09:00,2026/09/25,2026/11/12,2026-11,PUT,61000,950,962,6,27.74,27.46,870,8,850,2,27.03,0,0,950,09/24 21:17
2026/09/25 01:46,2026-09-25T02:01:27+09:00,2026/09/25,2026/11/12,2026-11,CALL,60875,5405,,,28.66,17.52,5830,1,5155,4,,,,,
2026/09/25 01:46,2026-09-25T02:01:27+09:00,2026/09/25,2026/11/12,2026-11,PUT,60875,960,,,28.87,27.31,920,24,810,9,,,,,
2026/09/25 01:46,2026-09-25T02:01:27+09:00,2026/09/25,2026/11/12,2026-11,CALL,60750,5485,,,28.24,16.81,5895,1,5235,4,,,,,
2026/09/25 01:46,2026-09-25T02:01:27+09:00,2026/09/25,2026/11/12,2026-11,PUT,60750,900,31,,27.88,27.59,820,4,800,4,,,,,
2026/09/25 01:46,2026-09-25T02:01:27+09:00,2026/09/25,2026/11/12,2026-11,CALL,60625,5600,,,29.32,16.88,6065,1,5350,4,,,,,
2026/09/25 01:46,2026-09-25T02:01:27+09:00,2026/09/25,2026/11/12,2026-11,PUT,60625,900,,,29.18,27.28,880,24,750,9,,,,,
2026/09/25 01:46,2026-09-25T02:01:27+09:00,2026/09/25,2026/11/12,2026-11,CALL,60500,5685,100,,28.22,16.1,6085,2,5435,8,,,,,
2026/09/25 01:46,2026-09-25T02:01:27+09:00,2026/09/25,2026/11/12,2026-11,PUT,60500,860,107,,28.07,27.84,775,2,760,2,,,,,
2026/09/25 01:46,2026-09-25T02:01:27+09:00,2026/09/25,2026/11/12,2026-11,CALL,60250,5885,,,29.88,15.05,6390,3,5635,4,,,,,
2026/09/25 01:46,2026-09-25T02:01:27+09:00,2026/09/25,2026/11/12,2026-11,PUT,60250,815,21,,28.22,27.91,730,4,710,2,,,,,
2026/09/25 01:46,2026-09-25T02:01:27+09:00,2026/09/25,2026/11/12,2026-11,CALL,60000,6090,100,,31.39,13.52,6685,9,5840,12,,,,,
2026/09/25 01:46,2026-09-25T02:01:27+09:00,2026/09/25,2026/11/12,2026-11,PUT,60000,765,1380,2,28.33,28.09,685,6,670,2,27.92,30,4.05,770,09/24 21:35
2026/09/25 01:46,2026-09-25T02:01:27+09:00,2026/09/25,2026/11/12,2026-11,CALL,59750,6300,,,32.17,0,6930,1,6050,4,,,,,
2026/09/25 01:46,2026-09-25T02:01:27+09:00,2026/09/25,2026/11/12,2026-11,PUT,59750,725,6,,28.57,28.32,650,4,635,2,,,,,
2026/09/25 01:46,2026-09-25T02:01:27+09:00,2026/09/25,2026/11/12,2026-11,CALL,59500,6510,,,30.51,,7020,6,6260,8,,,,,
2026/09/25 01:46,2026-09-25T02:01:27+09:00,2026/09/25,2026/11/12,2026-11,PUT,59500,685,1979,,28.7,28.52,610,4,600,2,,,,,
2026/09/25 01:46,2026-09-25T02:01:27+09:00,2026/09/25,2026/11/12,2026-11,CALL,59250,6720,,,31.57,,7285,1,6470,4,,,,,
2026/09/25 01:46,2026-09-25T02:01:27+09:00,2026/09/25,2026/11/12,2026-11,PUT,59250,650,17,,28.96,28.7,580,4,565,2,,,,,
2026/09/25 01:46,2026-09-25T02:01:27+09:00,2026/09/25,2026/11/12,2026-11,CALL,59000,6935,,,31.39,,7475,3,6685,12,,,,,
2026/09/25 01:46,2026-09-25T02:01:27+09:00,2026/09/25,2026/11/12,2026-11,PUT,59000,610,1863,1,29.11,28.93,545,9,535,2,28.87,40,6.84,625,09/24 17:43
2026/09/25 01:46,2026-09-25T02:01:27+09:00,2026/09/25,2026/11/12,2026-11,CALL,58750,7150,,,32.44,,7740,1,6900,4,,,,,
2026/09/25 01:46,2026-09-25T02:01:27+09:00,2026/09/25,2026/11/12,2026-11,PUT,58750,580,35,,29.32,29.13,515,5,505,2,,,,,
2026/09/25 01:46,2026-09-25T02:01:27+09:00,2026/09/25,2026/11/12,2026-11,CALL,58500,7370,,,32.01,,7920,2,7120,8,,,,,
2026/09/25 01:46,2026-09-25T02:01:27+09:00,2026/09/25,2026/11/12,2026-11,PUT,58500,550,358,,29.49,29.3,485,6,475,2,,,,,
2026/09/25 01:46,2026-09-25T02:01:27+09:00,2026/09/25,2026/11/12,2026-11,CALL,58250,7590,,,31.21,,8085,1,7340,4,,,,,
2026/09/25 01:46,2026-09-25T02:01:27+09:00,2026/09/25,2026/11/12,2026-11,PUT,58250,505,113,,29.74,29.54,460,5,450,2,,,,,
2026/09/25 01:46,2026-09-25T02:01:27+09:00,2026/09/25,2026/11/12,2026-11,CALL,58000,7810,1,,30.68,,8270,3,7560,12,,,,,
2026/09/25 01:46,2026-09-25T02:01:27+09:00,2026/09/25,2026/11/12,2026-11,PUT,58000,490,839,,29.96,29.75,435,11,425,2,,,,,
2026/09/25 01:46,2026-09-25T02:01:27+09:00,2026/09/25,2026/11/12,2026-11,CALL,57750,8035,,,31.22,,8510,1,7785,4,,,,,
2026/09/25 01:46,2026-09-25T02:01:27+09:00,2026/09/25,2026/11/12,2026-11,PUT,57750,465,127,,30.15,29.93,410,5,400,2,,,,,
2026/09/25 01:46,2026-09-25T02:01:27+09:00,2026/09/25,2026/11/12,2026-11,CALL,57500,8260,100,,34.19,,8870,6,8010,8,,,,,
2026/09/25 01:46,2026-09-25T02:01:27+09:00,2026/09/25,2026/11/12,2026-11,PUT,57500,440,470,2,30.43,30.2,390,2,380,2,30.26,25,6.02,440,09/24 17:12
2026/09/25 01:46,2026-09-25T02:01:27+09:00,2026/09/25,2026/11/12,2026-11,CALL,57250,8490,,,32.7,,9010,3,8240,4,,,,,
2026/09/25 01:46,2026-09-25T02:01:27+09:00,2026/09/25,2026/11/12,2026-11,PUT,57250,415,105,1,30.68,30.33,370,5,355,2,30.14,-55,-11.7,415,09/24 20:38
2026/09/25 01:46,2026-09-25T02:01:27+09:00,2026/09/25,2026/11/12,2026-11,CALL,57000,8715,,,36.32,,9400,3,8465,12,,,,,
2026/09/25 01:46,2026-09-25T02:01:27+09:00,2026/09/25,2026/11/12,2026-11,PUT,57000,395,710,5,30.91,30.67,350,32,340,2,30.34,-10,-2.67,365,09/24 22:52
2026/09/25 01:46,2026-09-25T02:01:27+09:00,2026/09/25,2026/11/12,2026-11,CALL,56750,8940,,,35.25,,9560,1,8690,4,,,,,
2026/09/25 01:46,2026-09-25T02:01:27+09:00,2026/09/25,2026/11/12,2026-11,PUT,56750,375,93,,31.11,30.86,330,5,320,2,,,,,
2026/09/25 01:46,2026-09-25T02:01:27+09:00,2026/09/25,2026/11/12,2026-11,CALL,56500,9175,,,35.79,,9800,2,8925,8,,,,,
2026/09/25 01:46,2026-09-25T02:01:27+09:00,2026/09/25,2026/11/12,2026-11,PUT,56500,355,412,3,31.42,31.15,315,2,305,2,30.97,15,4.48,350,09/24 21:02
2026/09/25 01:46,2026-09-25T02:01:27+09:00,2026/09/25,2026/11/12,2026-11,CALL,56250,9405,,,37.51,,10095,1,9155,4,,,,,
2026/09/25 01:46,2026-09-25T02:01:27+09:00,2026/09/25,2026/11/12,2026-11,PUT,56250,340,112,,31.62,31.38,297,2,288,5,,,,,
2026/09/25 01:46,2026-09-25T02:01:27+09:00,2026/09/25,2026/11/12,2026-11,CALL,56000,9640,34,,32.67,24.89,10110,3,9890,3,,,,,
2026/09/25 01:46,2026-09-25T02:01:27+09:00,2026/09/25,2026/11/12,2026-11,PUT,56000,320,1068,4,31.86,31.6,281,9,272,13,31.56,-10,-3.17,305,09/24 23:54
2026/09/25 01:46,2026-09-25T02:01:27+09:00,2026/09/25,2026/11/12,2026-11,CALL,55750,9870,,,34.69,24.33,10410,1,10120,4,,,,,
2026/09/25 01:46,2026-09-25T02:01:27+09:00,2026/09/25,2026/11/12,2026-11,PUT,55750,305,80,,32.16,31.89,268,2,259,5,,,,,
2026/09/25 01:46,2026-09-25T02:01:27+09:00,2026/09/25,2026/11/12,2026-11,CALL,55500,10105,,,35.66,23.88,10670,2,10355,6,,,,,
2026/09/25 01:46,2026-09-25T02:01:27+09:00,2026/09/25,2026/11/12,2026-11,PUT,55500,290,213,3,32.44,32.16,255,10,246,3,32.25,29,10.74,299,09/24 18:45
2026/09/25 01:46,2026-09-25T02:01:27+09:00,2026/09/25,2026/11/12,2026-11,CALL,55250,10340,,,36.11,,10910,1,10090,4,,,,,
2026/09/25 01:46,2026-09-25T02:01:27+09:00,2026/09/25,2026/11/12,2026-11,PUT,55250,276,38,,32.76,32.41,244,7,233,7,,,,,
2026/09/25 01:46,2026-09-25T02:01:27+09:00,2026/09/25,2026/11/12,2026-11,CALL,55000,10580,,,,,,,,,,,,,
2026/09/25 01:46,2026-09-25T02:01:27+09:00,2026/09/25,2026/11/12,2026-11,PUT,55000,259,1029,196,32.97,32.67,230,14,221,16,32.54,-6,-2.32,253,09/25 00:25
2026/09/25 01:46,2026-09-25T02:01:27+09:00,2026/09/25,2026/11/12,2026-11,CALL,54750,10815,,,,,,,,,,,,,
2026/09/25 01:46,2026-09-25T02:01:27+09:00,2026/09/25,2026/11/12,2026-11,PUT,54750,251,16,,33.32,33.01,221,2,212,8,,,,,
2026/09/25 01:46,2026-09-25T02:01:27+09:00,2026/09/25,2026/11/12,2026-11,CALL,54500,11055,,,,,,,,,,,,,
2026/09/25 01:46,2026-09-25T02:01:27+09:00,2026/09/25,2026/11/12,2026-11,PUT,54500,239,702,,33.63,33.3,211,2,202,12,,,,,
2026/09/25 01:46,2026-09-25T02:01:27+09:00,2026/09/25,2026/11/12,2026-11,CALL,54250,11295,,,,,,,,,,,,,
2026/09/25 01:46,2026-09-25T02:01:27+09:00,2026/09/25,2026/11/12,2026-11,PUT,54250,228,5,,33.84,33.54,199,2,191,10,,,,,
2026/09/25 01:46,2026-09-25T02:01:27+09:00,2026/09/25,2026/11/12,2026-11,CALL,54000,11535,,,,,,,,,,,,,
2026/09/25 01:46,2026-09-25T02:01:27+09:00,2026/09/25,2026/11/12,2026-11,PUT,54000,216,656,,34.15,33.87,190,2,183,17,,,,,
2026/09/25 01:46,2026-09-25T02:01:27+09:00,2026/09/25,2026/11/12,2026-11,CALL,53750,11770,,,,,,,,,,,,,
2026/09/25 01:46,2026-09-25T02:01:27+09:00,2026/09/25,2026/11/12,2026-11,PUT,53750,208,50,,34.51,34.19,183,9,175,9,,,,,
2026/09/25 01:46,2026-09-25T02:01:27+09:00,2026/09/25,2026/11/12,2026-11,CALL,53500,12015,,,,,,,,,,,,,
2026/09/25 01:46,2026-09-25T02:01:27+09:00,2026/09/25,2026/11/12,2026-11,PUT,53500,199,529,,34.79,34.45,174,14,166,3,,,,,
2026/09/25 01:46,2026-09-25T02:01:27+09:00,2026/09/25,2026/11/12,2026-11,CALL,53250,12255,,,,,,,,,,,,,
2026/09/25 01:46,2026-09-25T02:01:27+09:00,2026/09/25,2026/11/12,2026-11,PUT,53250,188,41,2,35.09,34.73,166,7,158,9,34.63,-1,-0.53,187,09/24 20:50
2026/09/25 01:46,2026-09-25T02:01:27+09:00,2026/09/25,2026/11/12,2026-11,CALL,53000,12495,,,,,,,,,,,,,
2026/09/25 01:46,2026-09-25T02:01:27+09:00,2026/09/25,2026/11/12,2026-11,PUT,53000,181,465,,35.41,35.05,159,18,151,20,,,,,
2026/09/25 01:46,2026-09-25T02:01:27+09:00,2026/09/25,2026/11/12,2026-11,CALL,52750,12735,,,,,,,,,,,,,
2026/09/25 01:46,2026-09-25T02:01:27+09:00,2026/09/25,2026/11/12,2026-11,PUT,52750,174,18,,35.77,35.39,153,7,145,9,,,,,
2026/09/25 01:46,2026-09-25T02:01:27+09:00,2026/09/25,2026/11/12,2026-11,CALL,52500,12980,,,,,,,,,,,,,
2026/09/25 01:46,2026-09-25T02:01:27+09:00,2026/09/25,2026/11/12,2026-11,PUT,52500,162,739,,36.12,35.73,147,14,139,16,,,,,
2026/09/25 01:46,2026-09-25T02:01:27+09:00,2026/09/25,2026/11/12,2026-11,CALL,52250,13220,,,,,,,,,,,,,
2026/09/25 01:46,2026-09-25T02:01:27+09:00,2026/09/25,2026/11/12,2026-11,PUT,52250,162,7,,36.45,36.05,141,8,133,10,,,,,
2026/09/25 01:46,2026-09-25T02:01:27+09:00,2026/09/25,2026/11/12,2026-11,CALL,52000,13465,,,,,,,,,,,,,
2026/09/25 01:46,2026-09-25T02:01:27+09:00,2026/09/25,2026/11/12,2026-11,PUT,52000,153,1872,1,36.72,36.4,134,21,128,23,36.44,12,8.45,154,09/24 18:43
2026/09/25 01:46,2026-09-25T02:01:27+09:00,2026/09/25,2026/11/12,2026-11,CALL,51750,13705,,,,,,,,,,,,,
2026/09/25 01:46,2026-09-25T02:01:27+09:00,2026/09/25,2026/11/12,2026-11,PUT,51750,147,57,,37.13,36.7,130,8,122,1,,,,,
2026/09/25 01:46,2026-09-25T02:01:27+09:00,2026/09/25,2026/11/12,2026-11,CALL,51500,13950,,,,,,,,,,,,,
2026/09/25 01:46,2026-09-25T02:01:27+09:00,2026/09/25,2026/11/12,2026-11,PUT,51500,142,666,,37.43,37.03,124,14,117,1,,,,,
2026/09/25 01:46,2026-09-25T02:01:27+09:00,2026/09/25,2026/11/12,2026-11,CALL,51250,14195,,,,,,,,,,,,,
2026/09/25 01:46,2026-09-25T02:01:27+09:00,2026/09/25,2026/11/12,2026-11,PUT,51250,133,20,,37.76,37.35,119,8,112,1,,,,,
2026/09/25 01:46,2026-09-25T02:01:27+09:00,2026/09/25,2026/11/12,2026-11,CALL,51000,14435,,,,,,,,,,,,,
2026/09/25 01:46,2026-09-25T02:01:27+09:00,2026/09/25,2026/11/12,2026-11,PUT,51000,126,613,,38.09,37.72,114,21,108,23,,,,,
2026/09/25 01:46,2026-09-25T02:01:27+09:00,2026/09/25,2026/11/12,2026-11,CALL,50750,14685,,,,,,,,,,,,,
2026/09/25 01:46,2026-09-25T02:01:27+09:00,2026/09/25,2026/11/12,2026-11,PUT,50750,126,194,,38.52,38.08,111,10,104,1,,,,,
2026/09/25 01:46,2026-09-25T02:01:27+09:00,2026/09/25,2026/11/12,2026-11,CALL,50500,14925,,,,,,,,,,,,,
2026/09/25 01:46,2026-09-25T02:01:27+09:00,2026/09/25,2026/11/12,2026-11,PUT,50500,121,189,,38.83,38.37,106,16,99,1,,,,,
2026/09/25 01:46,2026-09-25T02:01:27+09:00,2026/09/25,2026/11/12,2026-11,CALL,50250,15170,35,,,,,,,,,,,,
2026/09/25 01:46,2026-09-25T02:01:27+09:00,2026/09/25,2026/11/12,2026-11,PUT,50250,115,77,,39.18,38.77,102,10,96,12,,,,,
2026/09/25 01:46,2026-09-25T02:01:27+09:00,2026/09/25,2026/11/12,2026-11,CALL,50000,15415,,,,,,,,,,,,,
2026/09/25 01:46,2026-09-25T02:01:27+09:00,2026/09/25,2026/11/12,2026-11,PUT,50000,111,1962,3,39.59,39.1,99,24,92,26,39.19,-7,-6.67,98,09/25 01:16
2026/09/25 01:46,2026-09-25T02:01:27+09:00,2026/09/25,2026/11/12,2026-11,CALL,49750,15660,,,,,,,,,,,,,
2026/09/25 01:46,2026-09-25T02:01:27+09:00,2026/09/25,2026/11/12,2026-11,PUT,49750,109,63,,39.93,39.49,95,10,89,1,,,,,
2026/09/25 01:46,2026-09-25T02:01:27+09:00,2026/09/25,2026/11/12,2026-11,CALL,49500,15905,,,,,,,,,,,,,
2026/09/25 01:46,2026-09-25T02:01:27+09:00,2026/09/25,2026/11/12,2026-11,PUT,49500,100,409,8,40.25,39.87,91,16,86,1,40.09,11,12.36,100,09/24 17:09
2026/09/25 01:46,2026-09-25T02:01:27+09:00,2026/09/25,2026/11/12,2026-11,CALL,49250,16150,,,,,,,,,,,,,
2026/09/25 01:46,2026-09-25T02:01:27+09:00,2026/09/25,2026/11/12,2026-11,PUT,49250,99,160,,40.71,40.17,89,10,82,1,,,,,
2026/09/25 01:46,2026-09-25T02:01:27+09:00,2026/09/25,2026/11/12,2026-11,CALL,49000,16400,,,,,,,,,,,,,
2026/09/25 01:46,2026-09-25T02:01:27+09:00,2026/09/25,2026/11/12,2026-11,PUT,49000,95,377,,41.09,40.53,86,24,79,26,,,,,
2026/09/25 01:46,2026-09-25T02:01:27+09:00,2026/09/25,2026/11/12,2026-11,CALL,48750,16645,,,,,,,,,,,,,
2026/09/25 01:46,2026-09-25T02:01:27+09:00,2026/09/25,2026/11/12,2026-11,PUT,48750,94,140,1,41.47,40.88,83,10,76,1,41.18,-12,-11.54,92,09/24 17:37
2026/09/25 01:46,2026-09-25T02:01:27+09:00,2026/09/25,2026/11/12,2026-11,CALL,48500,16890,,,,,,,,,,,,,
2026/09/25 01:46,2026-09-25T02:01:27+09:00,2026/09/25,2026/11/12,2026-11,PUT,48500,90,202,,41.83,41.31,80,16,74,1,,,,,
2026/09/25 01:46,2026-09-25T02:01:27+09:00,2026/09/25,2026/11/12,2026-11,CALL,48250,17140,,,,,,,,,,,,,
2026/09/25 01:46,2026-09-25T02:01:27+09:00,2026/09/25,2026/11/12,2026-11,PUT,48250,85,32,,42.18,41.65,77,10,71,1,,,,,
2026/09/25 01:46,2026-09-25T02:01:27+09:00,2026/09/25,2026/11/12,2026-11,CALL,48000,17385,,,,,,,,,,,,,
2026/09/25 01:46,2026-09-25T02:01:27+09:00,2026/09/25,2026/11/12,2026-11,PUT,48000,83,207,4,42.53,42.07,74,24,69,24,41.96,-6,-7.69,72,09/25 01:40
2026/09/25 01:46,2026-09-25T02:01:27+09:00,2026/09/25,2026/11/12,2026-11,CALL,47750,17630,,,,,,,,,,,,,
2026/09/25 01:46,2026-09-25T02:01:27+09:00,2026/09/25,2026/11/12,2026-11,PUT,47750,79,98,,43.41,41.98,77,1,62,1,,,,,
2026/09/25 01:46,2026-09-25T02:01:27+09:00,2026/09/25,2026/11/12,2026-11,CALL,47500,17875,,,,,,,,,,,,,
2026/09/25 01:46,2026-09-25T02:01:27+09:00,2026/09/25,2026/11/12,2026-11,PUT,47500,77,231,1,43.38,42.79,70,16,64,17,42.59,,,72,09/24 21:15
2026/09/25 01:46,2026-09-25T02:01:27+09:00,2026/09/25,2026/11/12,2026-11,CALL,47250,18120,,,,,,,,,,,,,
2026/09/25 01:46,2026-09-25T02:01:27+09:00,2026/09/25,2026/11/12,2026-11,PUT,47250,74,34,,44.09,42.76,71,1,58,2,,,,,
2026/09/25 01:46,2026-09-25T02:01:27+09:00,2026/09/25,2026/11/12,2026-11,CALL,47000,18370,,,,,,,,,,,,,
2026/09/25 01:46,2026-09-25T02:01:27+09:00,2026/09/25,2026/11/12,2026-11,PUT,47000,72,1260,,44.51,43.14,69,1,56,2,,,,,
2026/09/25 01:46,2026-09-25T02:01:27+09:00,2026/09/25,2026/11/12,2026-11,CALL,46750,18615,,,,,,,,,,,,,
2026/09/25 01:46,2026-09-25T02:01:27+09:00,2026/09/25,2026/11/12,2026-11,PUT,46750,70,105,,44.92,43.51,67,1,54,2,,,,,
2026/09/25 01:46,2026-09-25T02:01:27+09:00,2026/09/25,2026/11/12,2026-11,CALL,46500,18865,,,,,,,,,,,,,
2026/09/25 01:46,2026-09-25T02:01:27+09:00,2026/09/25,2026/11/12,2026-11,PUT,46500,68,200,,45.33,43.75,65,1,51,1,,,,,
2026/09/25 01:46,2026-09-25T02:01:27+09:00,2026/09/25,2026/11/12,2026-11,CALL,46250,19110,,,,,,,,,,,,,
2026/09/25 01:46,2026-09-25T02:01:27+09:00,2026/09/25,2026/11/12,2026-11,PUT,46250,65,5,,45.73,44.22,63,1,50,1,,,,,
2026/09/25 01:46,2026-09-25T02:01:27+09:00,2026/09/25,2026/11/12,2026-11,CALL,46000,19360,,,,,,,,,,,,,
2026/09/25 01:46,2026-09-25T02:01:27+09:00,2026/09/25,2026/11/12,2026-11,PUT,46000,63,967,,46.13,44.57,61,1,48,1,,,,,
2026/09/25 01:46,2026-09-25T02:01:27+09:00,2026/09/25,2026/11/12,2026-11,CALL,45750,19605,,,,,,,,,,,,,
2026/09/25 01:46,2026-09-25T02:01:27+09:00,2026/09/25,2026/11/12,2026-11,PUT,45750,62,13,,46.63,44.9,60,1,46,1,,,,,
2026/09/25 01:46,2026-09-25T02:01:27+09:00,2026/09/25,2026/11/12,2026-11,CALL,45500,19855,,,,,,,,,,,,,
2026/09/25 01:46,2026-09-25T02:01:27+09:00,2026/09/25,2026/11/12,2026-11,PUT,45500,62,201,,46.9,45.36,57,1,45,1,,,,,
2026/09/25 01:46,2026-09-25T02:01:27+09:00,2026/09/25,2026/11/12,2026-11,CALL,45250,20100,,,,,,,,,,,,,
2026/09/25 01:46,2026-09-25T02:01:27+09:00,2026/09/25,2026/11/12,2026-11,PUT,45250,58,105,,47.4,45.53,56,1,42,1,,,,,
2026/09/25 01:46,2026-09-25T02:01:27+09:00,2026/09/25,2026/11/12,2026-11,CALL,45000,20350,,,,,,,,,,,,,
2026/09/25 01:46,2026-09-25T02:01:27+09:00,2026/09/25,2026/11/12,2026-11,PUT,45000,53,1152,,47.77,45.98,54,1,41,1,,,,,
2026/09/25 01:46,2026-09-25T02:01:27+09:00,2026/09/25,2026/11/12,2026-11,CALL,44750,20600,,,,,,,,,,,,,
2026/09/25 01:46,2026-09-25T02:01:27+09:00,2026/09/25,2026/11/12,2026-11,PUT,44750,55,7,,48.13,46.43,52,1,40,2,,,,,
2026/09/25 01:46,2026-09-25T02:01:27+09:00,2026/09/25,2026/11/12,2026-11,CALL,44500,20845,2,,,,,,,,,,,,
2026/09/25 01:46,2026-09-25T02:01:27+09:00,2026/09/25,2026/11/12,2026-11,PUT,44500,52,127,,48.62,46.71,51,1,38,1,,,,,
2026/09/25 01:46,2026-09-25T02:01:27+09:00,2026/09/25,2026/11/12,2026-11,CALL,44000,21340,,,,,,,,,,,,,
2026/09/25 01:46,2026-09-25T02:01:27+09:00,2026/09/25,2026/11/12,2026-11,PUT,44000,48,1115,,49.59,47.4,49,1,35,1,,,,,
2026/09/25 01:46,2026-09-25T02:01:27+09:00,2026/09/25,2026/11/12,2026-11,CALL,43000,22330,,,,,,,,,,,,,
2026/09/25 01:46,2026-09-25T02:01:27+09:00,2026/09/25,2026/11/12,2026-11,PUT,43000,43,379,,50.87,35.2,41,1,1,26,,,,,
2026/09/25 01:46,2026-09-25T02:01:27+09:00,2026/09/25,2026/11/12,2026-11,CALL,42000,23325,,,,,,,,,,,,,
2026/09/25 01:46,2026-09-25T02:01:27+09:00,2026/09/25,2026/11/12,2026-11,PUT,42000,38,381,,56.63,37.03,63,7,1,26,,,,,
2026/09/25 01:46,2026-09-25T02:01:27+09:00,2026/09/25,2026/11/12,2026-11,CALL,41000,24320,,,,,,,,,,,,,
2026/09/25 01:46,2026-09-25T02:01:27+09:00,2026/09/25,2026/11/12,2026-11,PUT,41000,34,236,,54.63,38.91,34,5,1,26,,,,,
2026/09/25 01:46,2026-09-25T02:01:27+09:00,2026/09/25,2026/11/12,2026-11,CALL,40000,25315,,,,,,,,,,,,,
2026/09/25 01:46,2026-09-25T02:01:27+09:00,2026/09/25,2026/11/12,2026-11,PUT,40000,30,1423,,55.86,53.69,28,1,20,1,,,,,
2026/09/25 01:46,2026-09-25T02:01:27+09:00,2026/09/25,2026/11/12,2026-11,CALL,39000,26310,,,,,,,,,,,,,
2026/09/25 01:46,2026-09-25T02:01:27+09:00,2026/09/25,2026/11/12,2026-11,PUT,39000,26,104,,58.69,42.78,29,7,1,26,,,,,
2026/09/25 01:46,2026-09-25T02:01:27+09:00,2026/09/25,2026/11/12,2026-11,CALL,38000,27295,,,,,,,,,,,,,
2026/09/25 01:46,2026-09-25T02:01:27+09:00,2026/09/25,2026/11/12,2026-11,PUT,38000,16,13,,70.79,44.79,85,7,1,26,,,,,
2026/09/25 01:46,2026-09-25T02:01:27+09:00,2026/09/25,2026/11/12,2026-11,CALL,37000,28290,,,,,,,,,,,,,
2026/09/25 01:46,2026-09-25T02:01:27+09:00,2026/09/25,2026/11/12,2026-11,PUT,37000,17,12,1,62.35,57.58,23,27,11,63,60.05,-1,-5.26,18,09/24 23:58
2026/09/25 01:46,2026-09-25T02:01:27+09:00,2026/09/25,2026/11/12,2026-11,CALL,36000,29285,,,,,,,,,,,,,
2026/09/25 01:46,2026-09-25T02:01:27+09:00,2026/09/25,2026/11/12,2026-11,PUT,36000,8,1,,79.82,48.96,108,6,1,26,,,,,
2026/09/25 01:46,2026-09-25T02:01:27+09:00,2026/09/25,2026/11/12,2026-11,CALL,35000,30280,,,,,,,,,,,,,
2026/09/25 01:46,2026-09-25T02:01:27+09:00,2026/09/25,2026/11/12,2026-11,PUT,35000,13,1038,1,65.22,63.29,16,34,12,28,63.72,0,0,14,09/24 23:53
2026/09/25 01:46,2026-09-25T02:01:27+09:00,2026/09/25,2026/11/12,2026-11,CALL,34000,31275,,,,,,,,,,,,,
2026/09/25 01:46,2026-09-25T02:01:27+09:00,2026/09/25,2026/11/12,2026-11,PUT,34000,8,5,,86.34,63.41,106,6,8,5,,,,,
2026/09/25 01:46,2026-09-25T02:01:27+09:00,2026/09/25,2026/11/12,2026-11,CALL,33000,32270,,,,,,,,,,,,,
2026/09/25 01:46,2026-09-25T02:01:27+09:00,2026/09/25,2026/11/12,2026-11,PUT,33000,7,,,78.2,58.64,38,15,2,16,,,,,
2026/09/25 01:46,2026-09-25T02:01:27+09:00,2026/09/25,2026/11/12,2026-11,CALL,32000,33270,,,,,,,,,,,,,
2026/09/25 01:46,2026-09-25T02:01:27+09:00,2026/09/25,2026/11/12,2026-11,PUT,32000,8,,,81.14,61.12,37,15,2,15,,,,,
2026/09/25 01:46,2026-09-25T02:01:27+09:00,2026/09/25,2026/11/12,2026-11,CALL,31000,34270,,,,,,,,,,,,,
2026/09/25 01:46,2026-09-25T02:01:27+09:00,2026/09/25,2026/11/12,2026-11,PUT,31000,7,,,75.2,60.46,13,3,1,60,,,,,
2026/09/25 01:46,2026-09-25T02:01:27+09:00,2026/09/25,2026/11/12,2026-11,CALL,30000,35265,,,,,,,,,,,,,
2026/09/25 01:46,2026-09-25T02:01:27+09:00,2026/09/25,2026/11/12,2026-11,PUT,30000,8,5503,,76.27,71.54,10,7,5,3,,,,,
2026/09/25 01:46,2026-09-25T02:01:27+09:00,2026/09/25,2026/11/12,2026-11,CALL,29000,36265,,,,,,,,,,,,,
2026/09/25 01:46,2026-09-25T02:01:27+09:00,2026/09/25,2026/11/12,2026-11,PUT,29000,8,306,,90.46,65.59,34,15,1,60,,,,,
2026/09/25 01:46,2026-09-25T02:01:27+09:00,2026/09/25,2026/11/12,2026-11,CALL,28000,37265,,,,,,,,,,,,,
2026/09/25 01:46,2026-09-25T02:01:27+09:00,2026/09/25,2026/11/12,2026-11,PUT,28000,6,44,,82.58,68.28,10,2,1,70,,,,,
2026/09/25 01:46,2026-09-25T02:01:27+09:00,2026/09/25,2026/11/12,2026-11,CALL,27000,38260,,,,,,,,,,,,,
2026/09/25 01:46,2026-09-25T02:01:27+09:00,2026/09/25,2026/11/12,2026-11,PUT,27000,5,17,,97.13,71.07,32,15,1,60,,,,,
2026/09/25 01:46,2026-09-25T02:01:27+09:00,2026/09/25,2026/11/12,2026-11,CALL,26000,39260,,,,,,,,,,,,,
2026/09/25 01:46,2026-09-25T02:01:27+09:00,2026/09/25,2026/11/12,2026-11,PUT,26000,4,2,,101,73.97,32,15,1,60,,,,,
2026/09/25 01:46,2026-09-25T02:01:27+09:00,2026/09/25,2026/11/12,2026-11,CALL,25000,40255,,,,,,,,,,,,,
2026/09/25 01:46,2026-09-25T02:01:27+09:00,2026/09/25,2026/11/12,2026-11,PUT,25000,3,200,,85.63,83.62,4,1,3,6,,,,,
2026/09/25 01:46,2026-09-25T02:01:27+09:00,2026/09/25,2026/11/12,2026-11,CALL,22500,42755,,,,,,,,,,,,,
2026/09/25 01:46,2026-09-25T02:01:27+09:00,2026/09/25,2026/11/12,2026-11,PUT,22500,2,52,,92.37,85.07,3,6,1,20,,,,,
2026/09/25 01:46,2026-09-25T02:01:27+09:00,2026/09/25,2026/11/12,2026-11,CALL,20000,45245,,,,,,,,,,,,,
2026/09/25 01:46,2026-09-25T02:01:27+09:00,2026/09/25,2026/11/12,2026-11,PUT,20000,1,228,3,102.16,94.12,3,6,1,131,98.3,0,0,2,09/25 00:12
2026/09/25 01:46,2026-09-25T02:01:27+09:00,2026/09/25,2026/12/10,2026-12,CALL,100000,3,509,1,29.29,26.92,3,1,1,30,28.62,-1,-33.33,2,09/24 23:03
2026/09/25 01:46,2026-09-25T02:01:27+09:00,2026/09/25,2026/12/10,2026-12,PUT,100000,34425,,,,,,,,,,,,,
2026/09/25 01:46,2026-09-25T02:01:27+09:00,2026/09/25,2026/12/10,2026-12,CALL,95000,5,1078,,29.85,25.18,13,1,2,20,,,,,
2026/09/25 01:46,2026-09-25T02:01:27+09:00,2026/09/25,2026/12/10,2026-12,PUT,95000,29445,,,,,,,,,,,,,
2026/09/25 01:46,2026-09-25T02:01:27+09:00,2026/09/25,2026/12/10,2026-12,CALL,90000,10,1799,2,25.96,24.37,13,1,7,1,26.79,2,15.38,15,09/24 22:41
2026/09/25 01:46,2026-09-25T02:01:27+09:00,2026/09/25,2026/12/10,2026-12,PUT,90000,24465,3,,,,,,,,,,,,
2026/09/25 01:46,2026-09-25T02:01:27+09:00,2026/09/25,2026/12/10,2026-12,CALL,87500,22,2457,,31.28,24.28,100,1,15,1,,,,,
2026/09/25 01:46,2026-09-25T02:01:27+09:00,2026/09/25,2026/12/10,2026-12,PUT,87500,21985,,,,,,,,,,,,,
2026/09/25 01:46,2026-09-25T02:01:27+09:00,2026/09/25,2026/12/10,2026-12,CALL,85000,34,1009,,24.98,21.15,40,1,10,2,,,,,
2026/09/25 01:46,2026-09-25T02:01:27+09:00,2026/09/25,2026/12/10,2026-12,PUT,85000,19505,,,,,,,,,,,,,
2026/09/25 01:46,2026-09-25T02:01:27+09:00,2026/09/25,2026/12/10,2026-12,CALL,84000,45,523,,26.04,21.95,70,39,20,39,,,,,
2026/09/25 01:46,2026-09-25T02:01:27+09:00,2026/09/25,2026/12/10,2026-12,PUT,84000,18520,,,,,,,,,,,,,
2026/09/25 01:46,2026-09-25T02:01:27+09:00,2026/09/25,2026/12/10,2026-12,CALL,83000,52,121,,26.01,23,90,39,40,12,,,,,
2026/09/25 01:46,2026-09-25T02:01:27+09:00,2026/09/25,2026/12/10,2026-12,PUT,83000,17530,,,,,,,,,,,,,
2026/09/25 01:46,2026-09-25T02:01:27+09:00,2026/09/25,2026/12/10,2026-12,CALL,82500,53,1126,,24.39,21.44,69,8,28,26,,,,,
2026/09/25 01:46,2026-09-25T02:01:27+09:00,2026/09/25,2026/12/10,2026-12,PUT,82500,17035,,,,,,,,,,,,,
2026/09/25 01:46,2026-09-25T02:01:27+09:00,2026/09/25,2026/12/10,2026-12,CALL,82000,67,1,3,24.32,20.95,78,12,28,39,23.4,,,53,09/24 21:59
2026/09/25 01:46,2026-09-25T02:01:27+09:00,2026/09/25,2026/12/10,2026-12,PUT,82000,16550,,,,,,,,,,,,,
2026/09/25 01:46,2026-09-25T02:01:27+09:00,2026/09/25,2026/12/10,2026-12,CALL,81000,81,4,1,24.28,21.77,102,12,52,36,24.01,-5,-6.1,77,09/24 17:23
2026/09/25 01:46,2026-09-25T02:01:27+09:00,2026/09/25,2026/12/10,2026-12,PUT,81000,15570,,,,,,,,,,,,,
2026/09/25 01:46,2026-09-25T02:01:27+09:00,2026/09/25,2026/12/10,2026-12,CALL,80000,109,7260,,25.84,22.15,184,12,80,1,,,,,
2026/09/25 01:46,2026-09-25T02:01:27+09:00,2026/09/25,2026/12/10,2026-12,PUT,80000,14600,3700,,,,,,,,,,,,
2026/09/25 01:46,2026-09-25T02:01:27+09:00,2026/09/25,2026/12/10,2026-12,CALL,79000,138,209,,25.66,22.23,227,12,111,36,,,,,
2026/09/25 01:46,2026-09-25T02:01:27+09:00,2026/09/25,2026/12/10,2026-12,PUT,79000,13630,,,,,,,,,,,,,
2026/09/25 01:46,2026-09-25T02:01:27+09:00,2026/09/25,2026/12/10,2026-12,CALL,78000,199,385,1,24.6,21.94,240,30,140,30,23.74,-107,-36.03,190,09/24 23:06
2026/09/25 01:46,2026-09-25T02:01:27+09:00,2026/09/25,2026/12/10,2026-12,PUT,78000,12695,,,,,,,,,,,,,
2026/09/25 01:46,2026-09-25T02:01:27+09:00,2026/09/25,2026/12/10,2026-12,CALL,77500,211,1055,,25.39,21.2,310,20,137,6,,,,,
2026/09/25 01:46,2026-09-25T02:01:27+09:00,2026/09/25,2026/12/10,2026-12,PUT,77500,12210,,,,,,,,,,,,,
2026/09/25 01:46,2026-09-25T02:01:27+09:00,2026/09/25,2026/12/10,2026-12,CALL,77000,235,410,,25.14,21.74,335,30,180,9,,,,,
2026/09/25 01:46,2026-09-25T02:01:27+09:00,2026/09/25,2026/12/10,2026-12,PUT,77000,11735,,,,,,,,,,,,,
2026/09/25 01:46,2026-09-25T02:01:27+09:00,2026/09/25,2026/12/10,2026-12,CALL,76250,291,12,,24.98,21.3,390,11,205,3,,,,,
2026/09/25 01:46,2026-09-25T02:01:27+09:00,2026/09/25,2026/12/10,2026-12,PUT,76250,11045,,,,,,,,,,,,,
2026/09/25 01:46,2026-09-25T02:01:27+09:00,2026/09/25,2026/12/10,2026-12,CALL,76000,310,460,,25.18,22.55,425,9,280,30,,,,,
2026/09/25 01:46,2026-09-25T02:01:27+09:00,2026/09/25,2026/12/10,2026-12,PUT,76000,10815,300,,31.35,,11065,12,10095,3,,,,,
2026/09/25 01:46,2026-09-25T02:01:27+09:00,2026/09/25,2026/12/10,2026-12,CALL,75750,330,,,24.85,21.35,430,11,240,3,,,,,
2026/09/25 01:46,2026-09-25T02:01:27+09:00,2026/09/25,2026/12/10,2026-12,PUT,75750,10585,,,31.15,,10835,4,9810,1,,,,,
2026/09/25 01:46,2026-09-25T02:01:27+09:00,2026/09/25,2026/12/10,2026-12,CALL,75500,350,1,,24.77,21.49,450,20,265,6,,,,,
2026/09/25 01:46,2026-09-25T02:01:27+09:00,2026/09/25,2026/12/10,2026-12,PUT,75500,10355,,,30.94,,10605,8,9540,2,,,,,
2026/09/25 01:46,2026-09-25T02:01:27+09:00,2026/09/25,2026/12/10,2026-12,CALL,75250,370,,,24.66,21.41,470,11,280,3,,,,,
2026/09/25 01:46,2026-09-25T02:01:27+09:00,2026/09/25,2026/12/10,2026-12,PUT,75250,10125,,,30.72,,10375,4,9325,1,,,,,
2026/09/25 01:46,2026-09-25T02:01:27+09:00,2026/09/25,2026/12/10,2026-12,CALL,75000,395,3825,,25.14,22.12,530,9,340,30,,,,,
2026/09/25 01:46,2026-09-25T02:01:27+09:00,2026/09/25,2026/12/10,2026-12,PUT,75000,9900,,,30.55,,10150,12,9070,3,,,,,
2026/09/25 01:46,2026-09-25T02:01:27+09:00,2026/09/25,2026/12/10,2026-12,CALL,74750,420,1,,24.56,21.45,520,11,325,3,,,,,
2026/09/25 01:46,2026-09-25T02:01:27+09:00,2026/09/25,2026/12/10,2026-12,PUT,74750,9680,,,30.42,,9930,4,8850,1,,,,,
2026/09/25 01:46,2026-09-25T02:01:27+09:00,2026/09/25,2026/12/10,2026-12,CALL,74500,445,1,,24.48,21.73,545,18,365,4,,,,,
2026/09/25 01:46,2026-09-25T02:01:27+09:00,2026/09/25,2026/12/10,2026-12,PUT,74500,9455,,,30.23,,9705,8,8540,2,,,,,
2026/09/25 01:46,2026-09-25T02:01:27+09:00,2026/09/25,2026/12/10,2026-12,CALL,74250,475,,,24.46,21.56,575,10,380,2,,,,,
2026/09/25 01:46,2026-09-25T02:01:27+09:00,2026/09/25,2026/12/10,2026-12,PUT,74250,9235,,,30.08,13.31,9485,4,8495,1,,,,,
2026/09/25 01:46,2026-09-25T02:01:27+09:00,2026/09/25,2026/12/10,2026-12,CALL,74000,500,1550,,24.68,22.08,625,27,440,6,,,,,
2026/09/25 01:46,2026-09-25T02:01:27+09:00,2026/09/25,2026/12/10,2026-12,PUT,74000,9010,101,,29.87,,9260,12,8080,3,,,,,
2026/09/25 01:46,2026-09-25T02:01:27+09:00,2026/09/25,2026/12/10,2026-12,CALL,73750,540,,,24.74,21.57,665,10,435,2,,,,,
2026/09/25 01:46,2026-09-25T02:01:27+09:00,2026/09/25,2026/12/10,2026-12,PUT,73750,8800,,,29.81,,9050,4,7905,1,,,,,
2026/09/25 01:46,2026-09-25T02:01:27+09:00,2026/09/25,2026/12/10,2026-12,CALL,73500,575,400,,24.71,21.79,700,18,480,4,,,,,
2026/09/25 01:46,2026-09-25T02:01:27+09:00,2026/09/25,2026/12/10,2026-12,PUT,73500,8585,,,29.68,,8835,8,7670,2,,,,,
2026/09/25 01:46,2026-09-25T02:01:27+09:00,2026/09/25,2026/12/10,2026-12,CALL,73250,610,,,24.66,21.62,735,10,500,2,,,,,
2026/09/25 01:46,2026-09-25T02:01:27+09:00,2026/09/25,2026/12/10,2026-12,PUT,73250,8370,,,29.54,17.48,8620,4,7695,1,,,,,
2026/09/25 01:46,2026-09-25T02:01:27+09:00,2026/09/25,2026/12/10,2026-12,CALL,73000,655,805,,24.72,22.17,780,27,575,6,,,,,
2026/09/25 01:46,2026-09-25T02:01:27+09:00,2026/09/25,2026/12/10,2026-12,PUT,73000,8170,4,,29.54,16.5,8420,12,7415,3,,,,,
2026/09/25 01:46,2026-09-25T02:01:27+09:00,2026/09/25,2026/12/10,2026-12,CALL,72750,685,,,24.57,21.63,810,10,570,2,,,,,
2026/09/25 01:46,2026-09-25T02:01:27+09:00,2026/09/25,2026/12/10,2026-12,PUT,72750,7950,,,29.31,13.42,8200,4,7050,1,,,,,
2026/09/25 01:46,2026-09-25T02:01:27+09:00,2026/09/25,2026/12/10,2026-12,CALL,72500,730,2913,,24.58,21.85,855,18,625,4,,,,,
2026/09/25 01:46,2026-09-25T02:01:27+09:00,2026/09/25,2026/12/10,2026-12,PUT,72500,7750,420,,29.28,16.69,8000,8,6970,2,,,,,
2026/09/25 01:46,2026-09-25T02:01:27+09:00,2026/09/25,2026/12/10,2026-12,CALL,72250,755,2,,24.34,21.79,880,9,660,1,,,,,
2026/09/25 01:46,2026-09-25T02:01:27+09:00,2026/09/25,2026/12/10,2026-12,PUT,72250,7520,,,28.93,15.28,7770,4,6665,1,,,,,
2026/09/25 01:46,2026-09-25T02:01:27+09:00,2026/09/25,2026/12/10,2026-12,CALL,72000,815,3210,,24.74,22.35,965,21,750,3,,,,,
2026/09/25 01:46,2026-09-25T02:01:27+09:00,2026/09/25,2026/12/10,2026-12,PUT,72000,7335,120,,29.01,15.76,7585,12,6465,3,,,,,
2026/09/25 01:46,2026-09-25T02:01:27+09:00,2026/09/25,2026/12/10,2026-12,CALL,71750,850,24,,24.58,21.83,1000,8,750,1,,,,,
2026/09/25 01:46,2026-09-25T02:01:27+09:00,2026/09/25,2026/12/10,2026-12,PUT,71750,7115,,,28.73,17.73,7365,4,6375,1,,,,,
2026/09/25 01:46,2026-09-25T02:01:27+09:00,2026/09/25,2026/12/10,2026-12,CALL,71500,895,1,,24.5,22.04,1045,14,815,2,,,,,
2026/09/25 01:46,2026-09-25T02:01:27+09:00,2026/09/25,2026/12/10,2026-12,PUT,71500,6915,,,28.64,16.49,7165,8,6070,2,,,,,
2026/09/25 01:46,2026-09-25T02:01:27+09:00,2026/09/25,2026/12/10,2026-12,CALL,71250,960,,,24.6,21.88,1110,8,850,1,,,,,
2026/09/25 01:46,2026-09-25T02:01:27+09:00,2026/09/25,2026/12/10,2026-12,PUT,71250,6730,,,28.67,16.51,6980,4,5855,1,,,,,
2026/09/25 01:46,2026-09-25T02:01:27+09:00,2026/09/25,2026/12/10,2026-12,CALL,71000,1000,1314,,24.78,22.39,1185,3,950,3,,,,,
2026/09/25 01:46,2026-09-25T02:01:27+09:00,2026/09/25,2026/12/10,2026-12,PUT,71000,6520,31,,28.44,17.33,6770,12,5705,3,,,,,
2026/09/25 01:46,2026-09-25T02:01:27+09:00,2026/09/25,2026/12/10,2026-12,CALL,70750,1055,,,24.88,21.88,1255,8,955,1,,,,,
2026/09/25 01:46,2026-09-25T02:01:27+09:00,2026/09/25,2026/12/10,2026-12,PUT,70750,6330,,,28.39,17.55,6580,4,5515,1,,,,,
2026/09/25 01:46,2026-09-25T02:01:27+09:00,2026/09/25,2026/12/10,2026-12,CALL,70500,1120,,,24.9,22.11,1320,14,1035,2,,,,,
2026/09/25 01:46,2026-09-25T02:01:27+09:00,2026/09/25,2026/12/10,2026-12,PUT,70500,6140,,,28.31,20.06,6390,8,5540,2,,,,,
2026/09/25 01:46,2026-09-25T02:01:27+09:00,2026/09/25,2026/12/10,2026-12,CALL,70250,1180,,,24.85,21.97,1380,8,1080,1,,,,,
2026/09/25 01:46,2026-09-25T02:01:27+09:00,2026/09/25,2026/12/10,2026-12,PUT,70250,5955,,,28.26,18.44,6205,4,5190,1,,,,,
2026/09/25 01:46,2026-09-25T02:01:27+09:00,2026/09/25,2026/12/10,2026-12,CALL,70000,1275,5961,,25.34,22.62,1500,21,1210,3,,,,,
2026/09/25 01:46,2026-09-25T02:01:27+09:00,2026/09/25,2026/12/10,2026-12,PUT,70000,5800,1653,,28.46,19.93,6050,12,5140,3,,,,,
2026/09/25 01:46,2026-09-25T02:01:27+09:00,2026/09/25,2026/12/10,2026-12,CALL,69750,1315,158,,24.83,21.95,1515,7,1205,1,,,,,
2026/09/25 01:46,2026-09-25T02:01:27+09:00,2026/09/25,2026/12/10,2026-12,PUT,69750,5590,,,28.15,18.69,5840,4,4825,1,,,,,
2026/09/25 01:46,2026-09-25T02:01:27+09:00,2026/09/25,2026/12/10,2026-12,CALL,69500,1385,,,24.8,22.2,1585,12,1300,2,,,,,
2026/09/25 01:46,2026-09-25T02:01:27+09:00,2026/09/25,2026/12/10,2026-12,PUT,69500,5410,,,28.09,19.27,5660,8,4695,2,,,,,
2026/09/25 01:46,2026-09-25T02:01:27+09:00,2026/09/25,2026/12/10,2026-12,CALL,69250,1460,50,,24.66,22.14,1645,7,1365,1,,,,,
2026/09/25 01:46,2026-09-25T02:01:27+09:00,2026/09/25,2026/12/10,2026-12,PUT,69250,5235,,,28.05,19.97,5485,4,4585,1,,,,,
2026/09/25 01:46,2026-09-25T02:01:27+09:00,2026/09/25,2026/12/10,2026-12,CALL,69000,1535,1646,,24.42,23.62,1695,15,1605,18,,,,,
2026/09/25 01:46,2026-09-25T02:01:27+09:00,2026/09/25,2026/12/10,2026-12,PUT,69000,5065,1570,,28.03,21.29,5315,12,4550,3,,,,,
2026/09/25 01:46,2026-09-25T02:01:27+09:00,2026/09/25,2026/12/10,2026-12,CALL,68750,1625,,,24.59,23.63,1795,6,1685,20,,,,,
2026/09/25 01:46,2026-09-25T02:01:27+09:00,2026/09/25,2026/12/10,2026-12,PUT,68750,4900,100,,28.04,20.79,5150,4,4320,1,,,,,
2026/09/25 01:46,2026-09-25T02:01:27+09:00,2026/09/25,2026/12/10,2026-12,CALL,68500,1710,437,,24.3,23.61,1845,2,1765,2,,,,,
2026/09/25 01:46,2026-09-25T02:01:27+09:00,2026/09/25,2026/12/10,2026-12,PUT,68500,4735,203,,28.02,20.72,4985,8,4140,2,,,,,
2026/09/25 01:46,2026-09-25T02:01:27+09:00,2026/09/25,2026/12/10,2026-12,CALL,68250,1790,,,24.33,23.6,1935,1,1850,1,,,,,
2026/09/25 01:46,2026-09-25T02:01:27+09:00,2026/09/25,2026/12/10,2026-12,PUT,68250,4575,,,28.02,22.05,4825,4,4125,3,,,,,
2026/09/25 01:46,2026-09-25T02:01:27+09:00,2026/09/25,2026/12/10,2026-12,CALL,68125,1830,,,24.68,23.74,2020,4,1910,20,,,,,
2026/09/25 01:46,2026-09-25T02:01:27+09:00,2026/09/25,2026/12/10,2026-12,PUT,68125,4485,,,27.93,22.5,4735,4,4095,3,,,,,
2026/09/25 01:46,2026-09-25T02:01:27+09:00,2026/09/25,2026/12/10,2026-12,CALL,68000,1875,4264,,24.59,23.78,2055,12,1960,15,,,,,
2026/09/25 01:46,2026-09-25T02:01:27+09:00,2026/09/25,2026/12/10,2026-12,PUT,68000,4405,1900,,27.92,23.7,4655,12,4155,3,,,,,
2026/09/25 01:46,2026-09-25T02:01:27+09:00,2026/09/25,2026/12/10,2026-12,CALL,67875,1925,,,24.67,23.74,2110,1,2000,5,,,,,
2026/09/25 01:46,2026-09-25T02:01:27+09:00,2026/09/25,2026/12/10,2026-12,PUT,67875,4330,,,27.94,23.74,4580,4,4080,1,,,,,
2026/09/25 01:46,2026-09-25T02:01:27+09:00,2026/09/25,2026/12/10,2026-12,CALL,67750,1975,,,24.74,23.77,2165,26,2050,6,,,,,
2026/09/25 01:46,2026-09-25T02:01:27+09:00,2026/09/25,2026/12/10,2026-12,PUT,67750,4260,,,28,23.81,4510,4,4010,1,,,,,
2026/09/25 01:46,2026-09-25T02:01:27+09:00,2026/09/25,2026/12/10,2026-12,CALL,67625,2025,,,24.71,23.83,2210,4,2105,1,,,,,
2026/09/25 01:46,2026-09-25T02:01:27+09:00,2026/09/25,2026/12/10,2026-12,PUT,67625,4180,,,27.97,23.79,4430,4,3930,1,,,,,
2026/09/25 01:46,2026-09-25T02:01:27+09:00,2026/09/25,2026/12/10,2026-12,CALL,67500,2075,25,,24.73,23.85,2260,2,2155,10,,,,,
2026/09/25 01:46,2026-09-25T02:01:27+09:00,2026/09/25,2026/12/10,2026-12,PUT,67500,4105,25,,27.69,23.81,4320,2,3855,2,,,,,
2026/09/25 01:46,2026-09-25T02:01:27+09:00,2026/09/25,2026/12/10,2026-12,CALL,67375,2120,,,24.78,23.86,2315,5,2205,5,,,,,
2026/09/25 01:46,2026-09-25T02:01:27+09:00,2026/09/25,2026/12/10,2026-12,PUT,67375,4030,,,27.73,23.82,4250,1,3780,1,,,,,
2026/09/25 01:46,2026-09-25T02:01:27+09:00,2026/09/25,2026/12/10,2026-12,CALL,67250,2175,25,,24.82,23.91,2370,6,2260,1,,,,,
2026/09/25 01:46,2026-09-25T02:01:27+09:00,2026/09/25,2026/12/10,2026-12,PUT,67250,3955,25,,27.56,23.82,4155,1,3705,1,,,,,
2026/09/25 01:46,2026-09-25T02:01:27+09:00,2026/09/25,2026/12/10,2026-12,CALL,67125,2225,,,24.82,23.86,2420,5,2305,25,,,,,
2026/09/25 01:46,2026-09-25T02:01:27+09:00,2026/09/25,2026/12/10,2026-12,PUT,67125,3885,,,24.82,23.86,3750,1,3635,1,,,,,
2026/09/25 01:46,2026-09-25T02:01:27+09:00,2026/09/25,2026/12/10,2026-12,CALL,67000,2275,1587,,24.85,23.93,2475,15,2365,15,,,,,
2026/09/25 01:46,2026-09-25T02:01:27+09:00,2026/09/25,2026/12/10,2026-12,PUT,67000,3805,1591,,24.93,23.93,3690,20,3570,20,,,,,
2026/09/25 01:46,2026-09-25T02:01:27+09:00,2026/09/25,2026/12/10,2026-12,CALL,66875,2330,,,24.87,23.96,2530,5,2420,5,,,,,
2026/09/25 01:46,2026-09-25T02:01:27+09:00,2026/09/25,2026/12/10,2026-12,PUT,66875,3740,,,24.79,23.88,3600,20,3490,5,,,,,
2026/09/25 01:46,2026-09-25T02:01:27+09:00,2026/09/25,2026/12/10,2026-12,CALL,66750,2380,,,24.93,23.98,2590,6,2475,20,,,,,
2026/09/25 01:46,2026-09-25T02:01:27+09:00,2026/09/25,2026/12/10,2026-12,PUT,66750,3665,,,24.8,23.85,3530,20,3415,6,,,,,
2026/09/25 01:46,2026-09-25T02:01:27+09:00,2026/09/25,2026/12/10,2026-12,CALL,66625,2435,,,24.94,24.03,2645,5,2535,1,,,,,
2026/09/25 01:46,2026-09-25T02:01:27+09:00,2026/09/25,2026/12/10,2026-12,PUT,66625,3595,,,24.85,23.94,3465,1,3355,5,,,,,
2026/09/25 01:46,2026-09-25T02:01:27+09:00,2026/09/25,2026/12/10,2026-12,CALL,66500,2495,2784,,25.02,24.03,2710,20,2590,20,,,,,
2026/09/25 01:46,2026-09-25T02:01:27+09:00,2026/09/25,2026/12/10,2026-12,PUT,66500,3530,750,,24.86,23.91,3395,10,3280,30,,,,,
2026/09/25 01:46,2026-09-25T02:01:27+09:00,2026/09/25,2026/12/10,2026-12,CALL,66375,2545,,,24.98,24.07,2760,5,2650,5,,,,,
2026/09/25 01:46,2026-09-25T02:01:27+09:00,2026/09/25,2026/12/10,2026-12,PUT,66375,3460,,,24.89,23.99,3330,5,3220,5,,,,,
2026/09/25 01:46,2026-09-25T02:01:27+09:00,2026/09/25,2026/12/10,2026-12,CALL,66250,2605,15,,25.01,24.1,2820,6,2710,1,,,,,
2026/09/25 01:46,2026-09-25T02:01:27+09:00,2026/09/25,2026/12/10,2026-12,PUT,66250,3395,,,24.92,24.02,3265,6,3155,6,,,,,
2026/09/25 01:46,2026-09-25T02:01:27+09:00,2026/09/25,2026/12/10,2026-12,CALL,66125,2660,,,25.03,24.08,2880,5,2765,20,,,,,
2026/09/25 01:46,2026-09-25T02:01:27+09:00,2026/09/25,2026/12/10,2026-12,PUT,66125,3325,,,24.95,24.04,3200,5,3090,5,,,,,
2026/09/25 01:46,2026-09-25T02:01:27+09:00,2026/09/25,2026/12/10,2026-12,CALL,66000,2725,1042,,25.09,24.14,2945,15,2830,20,,,,,
2026/09/25 01:46,2026-09-25T02:01:27+09:00,2026/09/25,2026/12/10,2026-12,PUT,66000,3265,1038,,24.97,24.06,3135,15,3025,15,,,,,
2026/09/25 01:46,2026-09-25T02:01:27+09:00,2026/09/25,2026/12/10,2026-12,CALL,65875,2795,,,25.14,24.19,3010,5,2895,20,,,,,
2026/09/25 01:46,2026-09-25T02:01:27+09:00,2026/09/25,2026/12/10,2026-12,PUT,65875,3205,,,25.02,24.11,3075,5,2965,5,,,,,
2026/09/25 01:46,2026-09-25T02:01:27+09:00,2026/09/25,2026/12/10,2026-12,CALL,65750,2860,15,,25.15,24.2,3070,6,2955,20,,,,,
2026/09/25 01:46,2026-09-25T02:01:27+09:00,2026/09/25,2026/12/10,2026-12,PUT,65750,3150,15,,25.06,24.11,3015,6,2900,26,,,,,
2026/09/25 01:46,2026-09-25T02:01:27+09:00,2026/09/25,2026/12/10,2026-12,CALL,65625,2920,,,25.47,23.82,3170,5,2970,1,,,,,
2026/09/25 01:46,2026-09-25T02:01:27+09:00,2026/09/25,2026/12/10,2026-12,PUT,65625,3085,,,25.1,24.19,2955,5,2845,5,,,,,
2026/09/25 01:46,2026-09-25T02:01:27+09:00,2026/09/25,2026/12/10,2026-12,CALL,65500,2985,734,,25.51,21.74,3235,10,2780,2,,,,,
2026/09/25 01:46,2026-09-25T02:01:27+09:00,2026/09/25,2026/12/10,2026-12,PUT,65500,3025,605,,25.13,24.22,2895,10,2785,10,,,,,
2026/09/25 01:46,2026-09-25T02:01:27+09:00,2026/09/25,2026/12/10,2026-12,CALL,65375,3045,,,25.49,21.43,3295,4,2805,1,,,,,
2026/09/25 01:46,2026-09-25T02:01:27+09:00,2026/09/25,2026/12/10,2026-12,PUT,65375,2960,,,25.16,24.25,2835,1,2725,5,,,,,
2026/09/25 01:46,2026-09-25T02:01:27+09:00,2026/09/25,2026/12/10,2026-12,CALL,65250,3110,,,25.51,21.35,3360,4,2860,4,,,,,
2026/09/25 01:46,2026-09-25T02:01:27+09:00,2026/09/25,2026/12/10,2026-12,PUT,65250,2900,,,25.22,24.31,2780,6,2670,6,,,,,
2026/09/25 01:46,2026-09-25T02:01:27+09:00,2026/09/25,2026/12/10,2026-12,CALL,65125,3180,,,25.57,21.4,3430,4,2930,4,,,,,
2026/09/25 01:46,2026-09-25T02:01:27+09:00,2026/09/25,2026/12/10,2026-12,PUT,65125,2845,,,25.27,24.36,2725,5,2615,5,,,,,
2026/09/25 01:46,2026-09-25T02:01:27+09:00,2026/09/25,2026/12/10,2026-12,CALL,65000,3245,3593,,25.57,21.39,3495,12,2995,12,,,,,
2026/09/25 01:46,2026-09-25T02:01:27+09:00,2026/09/25,2026/12/10,2026-12,PUT,65000,2785,4548,,25.36,24.65,2675,3,2590,15,,,,,
2026/09/25 01:46,2026-09-25T02:01:27+09:00,2026/09/25,2026/12/10,2026-12,CALL,64875,3310,,,25.57,21.38,3560,1,3060,4,,,,,
2026/09/25 01:46,2026-09-25T02:01:27+09:00,2026/09/25,2026/12/10,2026-12,PUT,64875,2725,,,25.44,24.69,2625,1,2535,5,,,,,
2026/09/25 01:46,2026-09-25T02:01:27+09:00,2026/09/25,2026/12/10,2026-12,CALL,64750,3385,,,25.65,21.44,3635,1,3135,4,,,,,
2026/09/25 01:46,2026-09-25T02:01:27+09:00,2026/09/25,2026/12/10,2026-12,PUT,64750,2675,,,25.39,24.47,2560,6,2450,6,,,,,
2026/09/25 01:46,2026-09-25T02:01:27+09:00,2026/09/25,2026/12/10,2026-12,CALL,64625,3455,,,25.68,21.45,3705,1,3205,4,,,,,
2026/09/25 01:46,2026-09-25T02:01:27+09:00,2026/09/25,2026/12/10,2026-12,PUT,64625,2625,25,,25.42,24.49,2505,20,2395,5,,,,,
2026/09/25 01:46,2026-09-25T02:01:27+09:00,2026/09/25,2026/12/10,2026-12,CALL,64500,3515,296,,25.61,21.37,3765,2,3265,8,,,,,
2026/09/25 01:46,2026-09-25T02:01:27+09:00,2026/09/25,2026/12/10,2026-12,PUT,64500,2555,175,,25.44,24.64,2450,2,2355,2,,,,,
2026/09/25 01:46,2026-09-25T02:01:27+09:00,2026/09/25,2026/12/10,2026-12,CALL,64375,3590,,,25.67,21.41,3840,1,3340,4,,,,,
2026/09/25 01:46,2026-09-25T02:01:27+09:00,2026/09/25,2026/12/10,2026-12,PUT,64375,2510,,,25.54,24.61,2405,20,2295,6,,,,,
2026/09/25 01:46,2026-09-25T02:01:27+09:00,2026/09/25,2026/12/10,2026-12,CALL,64250,3665,,,25.72,21.44,3915,1,3415,4,,,,,
2026/09/25 01:46,2026-09-25T02:01:27+09:00,2026/09/25,2026/12/10,2026-12,PUT,64250,2460,,,25.59,24.65,2355,20,2245,6,,,,,
2026/09/25 01:46,2026-09-25T02:01:27+09:00,2026/09/25,2026/12/10,2026-12,CALL,64125,3735,,,28.41,21.42,4300,1,3485,4,,,,,
2026/09/25 01:46,2026-09-25T02:01:27+09:00,2026/09/25,2026/12/10,2026-12,PUT,64125,2405,,,25.81,24.86,2325,6,2215,6,,,,,
2026/09/25 01:46,2026-09-25T02:01:27+09:00,2026/09/25,2026/12/10,2026-12,CALL,64000,3805,2242,,27.43,21.39,4255,9,3555,12,,,,,
2026/09/25 01:46,2026-09-25T02:01:27+09:00,2026/09/25,2026/12/10,2026-12,PUT,64000,2350,2031,,26.23,24.34,2320,18,2100,18,,,,,
2026/09/25 01:46,2026-09-25T02:01:27+09:00,2026/09/25,2026/12/10,2026-12,CALL,63875,3880,,,28.63,21.39,4465,1,3630,4,,,,,
2026/09/25 01:46,2026-09-25T02:01:27+09:00,2026/09/25,2026/12/10,2026-12,PUT,63875,2300,,,27.25,24.36,2385,1,2050,6,,,,,
2026/09/25 01:46,2026-09-25T02:01:27+09:00,2026/09/25,2026/12/10,2026-12,CALL,63750,3960,32,,27.24,21.44,4375,3,3710,4,,,,,
2026/09/25 01:46,2026-09-25T02:01:27+09:00,2026/09/25,2026/12/10,2026-12,PUT,63750,2255,55,,27.33,24.42,2340,1,2005,7,,,,,
2026/09/25 01:46,2026-09-25T02:01:27+09:00,2026/09/25,2026/12/10,2026-12,CALL,63625,4035,,,28.01,21.43,4535,3,3785,4,,,,,
2026/09/25 01:46,2026-09-25T02:01:27+09:00,2026/09/25,2026/12/10,2026-12,PUT,63625,2205,,,27.35,24.43,2290,1,1955,6,,,,,
2026/09/25 01:46,2026-09-25T02:01:27+09:00,2026/09/25,2026/12/10,2026-12,CALL,63500,4105,300,,28.25,21.36,4635,6,3855,8,,,,,
2026/09/25 01:46,2026-09-25T02:01:27+09:00,2026/09/25,2026/12/10,2026-12,PUT,63500,2160,600,,27.2,24.47,2220,2,1910,12,,,,,
2026/09/25 01:46,2026-09-25T02:01:27+09:00,2026/09/25,2026/12/10,2026-12,CALL,63375,4185,,,29.66,21.38,4870,3,3935,4,,,,,
2026/09/25 01:46,2026-09-25T02:01:27+09:00,2026/09/25,2026/12/10,2026-12,PUT,63375,2105,,,27.47,24.42,2200,1,1855,6,,,,,
2026/09/25 01:46,2026-09-25T02:01:27+09:00,2026/09/25,2026/12/10,2026-12,CALL,63250,4280,,,29.42,21.52,4915,1,4030,4,,,,,
2026/09/25 01:46,2026-09-25T02:01:27+09:00,2026/09/25,2026/12/10,2026-12,PUT,63250,2075,55,,27.57,24.59,2160,1,1825,7,,,,,
2026/09/25 01:46,2026-09-25T02:01:27+09:00,2026/09/25,2026/12/10,2026-12,CALL,63125,4365,,,29.03,21.57,4945,1,4115,4,,,,,
2026/09/25 01:46,2026-09-25T02:01:27+09:00,2026/09/25,2026/12/10,2026-12,PUT,63125,2040,,,27.57,24.7,2110,1,1790,6,,,,,
2026/09/25 01:46,2026-09-25T02:01:27+09:00,2026/09/25,2026/12/10,2026-12,CALL,63000,4425,1417,,27.96,21.38,4900,3,4175,12,,,,,
2026/09/25 01:46,2026-09-25T02:01:27+09:00,2026/09/25,2026/12/10,2026-12,PUT,63000,1970,2956,,27.07,25.31,2005,3,1810,18,,,,,
2026/09/25 01:46,2026-09-25T02:01:27+09:00,2026/09/25,2026/12/10,2026-12,CALL,62875,4495,,,29.7,21.26,5170,1,4245,4,,,,,
2026/09/25 01:46,2026-09-25T02:01:27+09:00,2026/09/25,2026/12/10,2026-12,PUT,62875,1920,,,27.68,24.92,2025,1,1720,6,,,,,
2026/09/25 01:46,2026-09-25T02:01:27+09:00,2026/09/25,2026/12/10,2026-12,CALL,62750,4595,,,30.81,21.42,5370,1,4345,4,,,,,
2026/09/25 01:46,2026-09-25T02:01:27+09:00,2026/09/25,2026/12/10,2026-12,PUT,62750,1895,,,27.71,25.11,1980,1,1695,7,,,,,
2026/09/25 01:46,2026-09-25T02:01:27+09:00,2026/09/25,2026/12/10,2026-12,CALL,62625,4675,,,30.98,21.39,5465,1,4425,4,,,,,
2026/09/25 01:46,2026-09-25T02:01:27+09:00,2026/09/25,2026/12/10,2026-12,PUT,62625,1850,,,27.77,25.11,1940,1,1650,7,,,,,
2026/09/25 01:46,2026-09-25T02:01:27+09:00,2026/09/25,2026/12/10,2026-12,CALL,62500,4760,812,,30.02,21.39,5435,6,4510,8,,,,,
2026/09/25 01:46,2026-09-25T02:01:27+09:00,2026/09/25,2026/12/10,2026-12,PUT,62500,1810,1087,,27.65,25.15,1880,2,1610,14,,,,,
2026/09/25 01:46,2026-09-25T02:01:27+09:00,2026/09/25,2026/12/10,2026-12,CALL,62375,4845,,,29.81,21.39,5490,1,4595,4,,,,,
2026/09/25 01:46,2026-09-25T02:01:27+09:00,2026/09/25,2026/12/10,2026-12,PUT,62375,1775,,,27.88,25.22,1860,1,1575,7,,,,,
2026/09/25 01:46,2026-09-25T02:01:27+09:00,2026/09/25,2026/12/10,2026-12,CALL,62250,4930,,,29.97,21.37,5585,1,4680,4,,,,,
2026/09/25 01:46,2026-09-25T02:01:27+09:00,2026/09/25,2026/12/10,2026-12,PUT,62250,1730,250,,28.02,25.2,1830,1,1530,8,,,,,
2026/09/25 01:46,2026-09-25T02:01:27+09:00,2026/09/25,2026/12/10,2026-12,CALL,62125,5025,,,29.88,21.45,5655,1,4775,4,,,,,
2026/09/25 01:46,2026-09-25T02:01:27+09:00,2026/09/25,2026/12/10,2026-12,PUT,62125,1705,,,28.02,25.36,1785,1,1505,7,,,,,
2026/09/25 01:46,2026-09-25T02:01:27+09:00,2026/09/25,2026/12/10,2026-12,CALL,62000,5120,1850,,31.19,21.52,5875,3,4870,12,,,,,
2026/09/25 01:46,2026-09-25T02:01:27+09:00,2026/09/25,2026/12/10,2026-12,PUT,62000,1670,3460,,27.63,25.43,1700,3,1470,21,,,,,
2026/09/25 01:46,2026-09-25T02:01:27+09:00,2026/09/25,2026/12/10,2026-12,CALL,61875,5190,,,30.26,21.32,5855,1,4940,4,,,,,
2026/09/25 01:46,2026-09-25T02:01:27+09:00,2026/09/25,2026/12/10,2026-12,PUT,61875,1620,,,28.18,25.33,1715,1,1420,7,,,,,
2026/09/25 01:46,2026-09-25T02:01:27+09:00,2026/09/25,2026/12/10,2026-12,CALL,61750,5285,,,31.33,21.37,6050,1,5035,4,,,,,
2026/09/25 01:46,2026-09-25T02:01:27+09:00,2026/09/25,2026/12/10,2026-12,PUT,61750,1585,,,28.2,25.38,1675,1,1385,8,,,,,
2026/09/25 01:46,2026-09-25T02:01:27+09:00,2026/09/25,2026/12/10,2026-12,CALL,61625,5375,,,31.8,21.37,6180,1,5125,4,,,,,
2026/09/25 01:46,2026-09-25T02:01:27+09:00,2026/09/25,2026/12/10,2026-12,PUT,61625,1555,,,28.26,25.47,1640,1,1355,7,,,,,
2026/09/25 01:46,2026-09-25T02:01:27+09:00,2026/09/25,2026/12/10,2026-12,CALL,61500,5475,1,,31.07,21.45,6185,2,5225,8,,,,,
2026/09/25 01:46,2026-09-25T02:01:27+09:00,2026/09/25,2026/12/10,2026-12,PUT,61500,1525,1,,28.13,25.55,1585,2,1325,14,,,,,
2026/09/25 01:46,2026-09-25T02:01:27+09:00,2026/09/25,2026/12/10,2026-12,CALL,61375,5560,,,30.57,21.37,6215,1,5310,4,,,,,
2026/09/25 01:46,2026-09-25T02:01:27+09:00,2026/09/25,2026/12/10,2026-12,PUT,61375,1490,,,28.43,25.58,1575,1,1290,7,,,,,
2026/09/25 01:46,2026-09-25T02:01:27+09:00,2026/09/25,2026/12/10,2026-12,CALL,61250,5630,,,31.07,21.11,6350,1,5380,4,,,,,
2026/09/25 01:46,2026-09-25T02:01:27+09:00,2026/09/25,2026/12/10,2026-12,PUT,61250,1435,10,,28.47,25.39,1540,1,1235,8,,,,,
2026/09/25 01:46,2026-09-25T02:01:27+09:00,2026/09/25,2026/12/10,2026-12,CALL,61125,5750,,,30.45,21.4,6370,1,5500,4,,,,,
2026/09/25 01:46,2026-09-25T02:01:27+09:00,2026/09/25,2026/12/10,2026-12,PUT,61125,1430,,,28.57,25.71,1510,1,1230,7,,,,,
2026/09/25 01:46,2026-09-25T02:01:27+09:00,2026/09/25,2026/12/10,2026-12,CALL,61000,5825,813,,30.55,21.17,6465,3,5575,12,,,,,
2026/09/25 01:46,2026-09-25T02:01:27+09:00,2026/09/25,2026/12/10,2026-12,PUT,61000,1380,1342,,27.07,25.72,1325,3,1195,3,,,,,
2026/09/25 01:46,2026-09-25T02:01:27+09:00,2026/09/25,2026/12/10,2026-12,CALL,60875,5950,,,31.6,21.51,6655,1,5700,4,,,,,
2026/09/25 01:46,2026-09-25T02:01:27+09:00,2026/09/25,2026/12/10,2026-12,PUT,60875,1380,,,28.68,25.93,1445,1,1180,7,,,,,
2026/09/25 01:46,2026-09-25T02:01:27+09:00,2026/09/25,2026/12/10,2026-12,CALL,60750,6045,,,32.49,21.49,6830,1,5795,4,,,,,
2026/09/25 01:46,2026-09-25T02:01:27+09:00,2026/09/25,2026/12/10,2026-12,PUT,60750,1355,,,28.76,26.03,1415,1,1155,8,,,,,
2026/09/25 01:46,2026-09-25T02:01:27+09:00,2026/09/25,2026/12/10,2026-12,CALL,60625,6145,,,33.39,21.53,7005,1,5895,4,,,,,
2026/09/25 01:46,2026-09-25T02:01:27+09:00,2026/09/25,2026/12/10,2026-12,PUT,60625,1330,,,28.83,26.13,1385,1,1130,7,,,,,
2026/09/25 01:46,2026-09-25T02:01:27+09:00,2026/09/25,2026/12/10,2026-12,CALL,60500,6240,102,,32.64,21.49,7015,2,5990,8,,,,,
2026/09/25 01:46,2026-09-25T02:01:27+09:00,2026/09/25,2026/12/10,2026-12,PUT,60500,1295,200,,28.68,26.11,1335,2,1095,14,,,,,
2026/09/25 01:46,2026-09-25T02:01:27+09:00,2026/09/25,2026/12/10,2026-12,CALL,60250,6425,,,33.48,21.32,7270,1,6175,4,,,,,
2026/09/25 01:46,2026-09-25T02:01:27+09:00,2026/09/25,2026/12/10,2026-12,PUT,60250,1210,48,,29.11,25.87,1305,2,1010,9,,,,,
2026/09/25 01:46,2026-09-25T02:01:27+09:00,2026/09/25,2026/12/10,2026-12,CALL,60000,6615,7478,,31.88,21.17,7290,3,6365,12,,,,,
2026/09/25 01:46,2026-09-25T02:01:27+09:00,2026/09/25,2026/12/10,2026-12,PUT,60000,1175,9987,,28.82,26.81,1210,6,1030,27,,,,,
2026/09/25 01:46,2026-09-25T02:01:27+09:00,2026/09/25,2026/12/10,2026-12,CALL,59750,6820,,,33.5,21.17,7620,1,6570,4,,,,,
2026/09/25 01:46,2026-09-25T02:01:27+09:00,2026/09/25,2026/12/10,2026-12,PUT,59750,1130,,,29.44,26.34,1200,2,930,10,,,,,
2026/09/25 01:46,2026-09-25T02:01:27+09:00,2026/09/25,2026/12/10,2026-12,CALL,59500,7020,100,,33.03,21.05,7755,2,6770,8,,,,,
2026/09/25 01:46,2026-09-25T02:01:27+09:00,2026/09/25,2026/12/10,2026-12,PUT,59500,1085,250,,29.43,26.49,1135,4,885,18,,,,,
2026/09/25 01:46,2026-09-25T02:01:27+09:00,2026/09/25,2026/12/10,2026-12,CALL,59250,7220,,,32.41,20.88,7880,1,6970,4,,,,,
2026/09/25 01:46,2026-09-25T02:01:27+09:00,2026/09/25,2026/12/10,2026-12,PUT,59250,1035,61,,29.39,26.1,1070,10,800,2,,,,,
2026/09/25 01:46,2026-09-25T02:01:27+09:00,2026/09/25,2026/12/10,2026-12,CALL,59000,7410,1900,,34.93,20.49,8290,3,7160,12,,,,,
2026/09/25 01:46,2026-09-25T02:01:27+09:00,2026/09/25,2026/12/10,2026-12,PUT,59000,975,2405,,29.5,27.09,1020,6,825,27,,,,,
2026/09/25 01:46,2026-09-25T02:01:27+09:00,2026/09/25,2026/12/10,2026-12,CALL,58750,7605,,,34.79,20.08,8460,1,7355,4,,,,,
2026/09/25 01:46,2026-09-25T02:01:27+09:00,2026/09/25,2026/12/10,2026-12,PUT,58750,915,,,30.07,26.97,1010,2,765,10,,,,,
2026/09/25 01:46,2026-09-25T02:01:27+09:00,2026/09/25,2026/12/10,2026-12,CALL,58500,7810,350,,34.85,19.76,8650,2,7560,8,,,,,
2026/09/25 01:46,2026-09-25T02:01:27+09:00,2026/09/25,2026/12/10,2026-12,PUT,58500,875,862,,30.08,27.09,955,4,725,18,,,,,
2026/09/25 01:46,2026-09-25T02:01:27+09:00,2026/09/25,2026/12/10,2026-12,CALL,58250,8015,,,34.19,19.34,8780,1,7765,4,,,,,
2026/09/25 01:46,2026-09-25T02:01:27+09:00,2026/09/25,2026/12/10,2026-12,PUT,58250,830,65,,30.39,27.11,925,2,680,10,,,,,
2026/09/25 01:46,2026-09-25T02:01:27+09:00,2026/09/25,2026/12/10,2026-12,CALL,58000,8240,2603,,34.67,19.28,9010,3,7990,12,,,,,
2026/09/25 01:46,2026-09-25T02:01:27+09:00,2026/09/25,2026/12/10,2026-12,PUT,58000,805,1976,,30.15,27.39,855,6,655,27,,,,,
2026/09/25 01:46,2026-09-25T02:01:27+09:00,2026/09/25,2026/12/10,2026-12,CALL,57750,8455,,,33.79,18.9,9130,1,8205,4,,,,,
2026/09/25 01:46,2026-09-25T02:01:27+09:00,2026/09/25,2026/12/10,2026-12,PUT,57750,770,1,,30.88,27.87,860,3,645,11,,,,,
2026/09/25 01:46,2026-09-25T02:01:27+09:00,2026/09/25,2026/12/10,2026-12,CALL,57500,8675,80,,35.62,18.53,9470,2,8425,8,,,,,
2026/09/25 01:46,2026-09-25T02:01:27+09:00,2026/09/25,2026/12/10,2026-12,PUT,57500,745,986,,30.94,28.13,815,6,620,20,,,,,
2026/09/25 01:46,2026-09-25T02:01:27+09:00,2026/09/25,2026/12/10,2026-12,CALL,57250,8895,113,,37.81,18.01,9840,1,8645,4,,,,,
2026/09/25 01:46,2026-09-25T02:01:27+09:00,2026/09/25,2026/12/10,2026-12,PUT,57250,715,28,,31.25,28.29,790,3,590,11,,,,,
2026/09/25 01:46,2026-09-25T02:01:27+09:00,2026/09/25,2026/12/10,2026-12,CALL,57000,9100,500,,36.92,16.55,9960,3,8850,12,,,,,
2026/09/25 01:46,2026-09-25T02:01:27+09:00,2026/09/25,2026/12/10,2026-12,PUT,57000,670,2434,,31.04,28.19,730,9,545,30,,,,,
2026/09/25 01:46,2026-09-25T02:01:27+09:00,2026/09/25,2026/12/10,2026-12,CALL,56750,9325,,,37.76,15.41,10220,1,9075,4,,,,,
2026/09/25 01:46,2026-09-25T02:01:27+09:00,2026/09/25,2026/12/10,2026-12,PUT,56750,645,12,,31.61,28.38,725,3,520,11,,,,,
2026/09/25 01:46,2026-09-25T02:01:27+09:00,2026/09/25,2026/12/10,2026-12,CALL,56500,9555,283,,,,,,,,,,,,
2026/09/25 01:46,2026-09-25T02:01:27+09:00,2026/09/25,2026/12/10,2026-12,PUT,56500,625,321,,31.72,28.65,690,6,500,20,,,,,
2026/09/25 01:46,2026-09-25T02:01:27+09:00,2026/09/25,2026/12/10,2026-12,CALL,56250,9760,,,,,,,,,,,,,
2026/09/25 01:46,2026-09-25T02:01:27+09:00,2026/09/25,2026/12/10,2026-12,PUT,56250,580,46,,32.05,28.44,670,3,455,11,,,,,
2026/09/25 01:46,2026-09-25T02:01:27+09:00,2026/09/25,2026/12/10,2026-12,CALL,56000,10005,791,,,,,,,,,,,,
2026/09/25 01:46,2026-09-25T02:01:27+09:00,2026/09/25,2026/12/10,2026-12,PUT,56000,575,2644,,31.06,28.76,570,30,440,9,,,,,
2026/09/25 01:46,2026-09-25T02:01:27+09:00,2026/09/25,2026/12/10,2026-12,CALL,55750,10220,,,,,,,,,,,,,
2026/09/25 01:46,2026-09-25T02:01:27+09:00,2026/09/25,2026/12/10,2026-12,PUT,55750,545,23,,31.42,28.47,555,11,395,3,,,,,
2026/09/25 01:46,2026-09-25T02:01:27+09:00,2026/09/25,2026/12/10,2026-12,CALL,55500,10455,300,,,,,,,,,,,,
2026/09/25 01:46,2026-09-25T02:01:27+09:00,2026/09/25,2026/12/10,2026-12,PUT,55500,530,101,,32.63,29.25,590,6,405,20,,,,,
2026/09/25 01:46,2026-09-25T02:01:27+09:00,2026/09/25,2026/12/10,2026-12,CALL,55250,10685,,,,,,,,,,,,,
2026/09/25 01:46,2026-09-25T02:01:27+09:00,2026/09/25,2026/12/10,2026-12,PUT,55250,510,1,,32.91,29.42,570,3,385,11,,,,,
2026/09/25 01:46,2026-09-25T02:01:27+09:00,2026/09/25,2026/12/10,2026-12,CALL,55000,10920,1829,,,,,,,,,,,,
2026/09/25 01:46,2026-09-25T02:01:27+09:00,2026/09/25,2026/12/10,2026-12,PUT,55000,495,4912,,32.72,29.79,525,9,375,30,,,,,
2026/09/25 01:46,2026-09-25T02:01:27+09:00,2026/09/25,2026/12/10,2026-12,CALL,54750,11145,,,,,,,,,,,,,
2026/09/25 01:46,2026-09-25T02:01:27+09:00,2026/09/25,2026/12/10,2026-12,PUT,54750,475,32,,33.42,30.36,530,3,375,11,,,,,
2026/09/25 01:46,2026-09-25T02:01:27+09:00,2026/09/25,2026/12/10,2026-12,CALL,54500,11360,540,,,,,,,,,,,,
2026/09/25 01:46,2026-09-25T02:01:27+09:00,2026/09/25,2026/12/10,2026-12,PUT,54500,440,784,,33.56,30.17,505,6,340,20,,,,,
2026/09/25 01:46,2026-09-25T02:01:27+09:00,2026/09/25,2026/12/10,2026-12,CALL,54250,11605,,,,,,,,,,,,,
2026/09/25 01:46,2026-09-25T02:01:27+09:00,2026/09/25,2026/12/10,2026-12,PUT,54250,435,3,,33.88,30.62,490,3,335,11,,,,,
2026/09/25 01:46,2026-09-25T02:01:27+09:00,2026/09/25,2026/12/10,2026-12,CALL,54000,11825,1941,,,,,,,,,,,,
2026/09/25 01:46,2026-09-25T02:01:27+09:00,2026/09/25,2026/12/10,2026-12,PUT,54000,405,3605,,33.79,30.47,455,9,305,9,,,,,
2026/09/25 01:46,2026-09-25T02:01:27+09:00,2026/09/25,2026/12/10,2026-12,CALL,53750,12070,,,,,,,,,,,,,
2026/09/25 01:46,2026-09-25T02:01:27+09:00,2026/09/25,2026/12/10,2026-12,PUT,53750,400,45,,34.39,30.9,455,3,300,11,,,,,
2026/09/25 01:46,2026-09-25T02:01:27+09:00,2026/09/25,2026/12/10,2026-12,CALL,53500,12310,106,,,,,,,,,,,,
2026/09/25 01:46,2026-09-25T02:01:27+09:00,2026/09/25,2026/12/10,2026-12,PUT,53500,395,207,,34.56,31.33,435,6,295,20,,,,,
2026/09/25 01:46,2026-09-25T02:01:27+09:00,2026/09/25,2026/12/10,2026-12,CALL,53250,12540,,,,,,,,,,,,,
2026/09/25 01:46,2026-09-25T02:01:27+09:00,2026/09/25,2026/12/10,2026-12,PUT,53250,375,188,,35.16,31.36,435,5,275,15,,,,,
2026/09/25 01:46,2026-09-25T02:01:27+09:00,2026/09/25,2026/12/10,2026-12,CALL,53000,12780,1135,,,,,,,,,,,,
2026/09/25 01:46,2026-09-25T02:01:27+09:00,2026/09/25,2026/12/10,2026-12,PUT,53000,360,2011,,34.98,31.5,400,12,260,36,,,,,
2026/09/25 01:46,2026-09-25T02:01:27+09:00,2026/09/25,2026/12/10,2026-12,CALL,52750,13020,,,,,,,,,,,,,
2026/09/25 01:46,2026-09-25T02:01:27+09:00,2026/09/25,2026/12/10,2026-12,PUT,52750,355,,,35.68,31.91,405,5,255,15,,,,,
2026/09/25 01:46,2026-09-25T02:01:27+09:00,2026/09/25,2026/12/10,2026-12,CALL,52500,13250,50,,,,,,,,,,,,
2026/09/25 01:46,2026-09-25T02:01:27+09:00,2026/09/25,2026/12/10,2026-12,PUT,52500,340,734,,35.81,32.02,385,8,240,24,,,,,
2026/09/25 01:46,2026-09-25T02:01:27+09:00,2026/09/25,2026/12/10,2026-12,CALL,52250,13495,250,,,,,,,,,,,,
2026/09/25 01:46,2026-09-25T02:01:27+09:00,2026/09/25,2026/12/10,2026-12,PUT,52250,330,525,,36.28,32.26,380,5,230,15,,,,,
2026/09/25 01:46,2026-09-25T02:01:27+09:00,2026/09/25,2026/12/10,2026-12,CALL,52000,13730,802,,,,,,,,,,,,
2026/09/25 01:46,2026-09-25T02:01:27+09:00,2026/09/25,2026/12/10,2026-12,PUT,52000,315,2906,,36,32.33,345,12,215,36,,,,,
2026/09/25 01:46,2026-09-25T02:01:27+09:00,2026/09/25,2026/12/10,2026-12,CALL,51750,13965,,,,,,,,,,,,,
2026/09/25 01:46,2026-09-25T02:01:27+09:00,2026/09/25,2026/12/10,2026-12,PUT,51750,305,3,,36.84,32.54,355,5,205,15,,,,,
2026/09/25 01:46,2026-09-25T02:01:27+09:00,2026/09/25,2026/12/10,2026-12,CALL,51500,14195,,,,,,,,,,,,,
2026/09/25 01:46,2026-09-25T02:01:27+09:00,2026/09/25,2026/12/10,2026-12,PUT,51500,282,270,,36.91,32.27,335,8,182,24,,,,,
2026/09/25 01:46,2026-09-25T02:01:27+09:00,2026/09/25,2026/12/10,2026-12,CALL,51250,14445,,,,,,,,,,,,,
2026/09/25 01:46,2026-09-25T02:01:27+09:00,2026/09/25,2026/12/10,2026-12,PUT,51250,266,11,,37.35,32.24,330,5,167,5,,,,,
2026/09/25 01:46,2026-09-25T02:01:27+09:00,2026/09/25,2026/12/10,2026-12,CALL,51000,14670,731,,,,,,,,,,,,
2026/09/25 01:46,2026-09-25T02:01:27+09:00,2026/09/25,2026/12/10,2026-12,PUT,51000,261,1885,,37.24,33.14,305,12,177,12,,,,,
2026/09/25 01:46,2026-09-25T02:01:27+09:00,2026/09/25,2026/12/10,2026-12,CALL,50750,14915,45,,,,,,,,,,,,
2026/09/25 01:46,2026-09-25T02:01:27+09:00,2026/09/25,2026/12/10,2026-12,PUT,50750,257,49,,37.96,32.89,310,5,157,15,,,,,
2026/09/25 01:46,2026-09-25T02:01:27+09:00,2026/09/25,2026/12/10,2026-12,CALL,50500,15160,600,,,,,,,,,,,,
2026/09/25 01:46,2026-09-25T02:01:27+09:00,2026/09/25,2026/12/10,2026-12,PUT,50500,235,1709,,38.08,33.16,294,8,151,8,,,,,
2026/09/25 01:46,2026-09-25T02:01:27+09:00,2026/09/25,2026/12/10,2026-12,CALL,50250,15400,58,,,,,,,,,,,,
2026/09/25 01:46,2026-09-25T02:01:27+09:00,2026/09/25,2026/12/10,2026-12,PUT,50250,239,16,,38.5,33.16,289,5,139,5,,,,,
2026/09/25 01:46,2026-09-25T02:01:27+09:00,2026/09/25,2026/12/10,2026-12,CALL,50000,15645,5692,,,,,,,,,,,,
2026/09/25 01:46,2026-09-25T02:01:27+09:00,2026/09/25,2026/12/10,2026-12,PUT,50000,226,9253,,38.15,35.42,259,12,181,12,,,,,
2026/09/25 01:46,2026-09-25T02:01:27+09:00,2026/09/25,2026/12/10,2026-12,CALL,49750,15880,,,,,,,,,,,,,
2026/09/25 01:46,2026-09-25T02:01:27+09:00,2026/09/25,2026/12/10,2026-12,PUT,49750,222,78,,39.13,33.63,272,5,127,5,,,,,
2026/09/25 01:46,2026-09-25T02:01:27+09:00,2026/09/25,2026/12/10,2026-12,CALL,49500,16120,260,,,,,,,,,,,,
2026/09/25 01:46,2026-09-25T02:01:27+09:00,2026/09/25,2026/12/10,2026-12,PUT,49500,214,2325,,38.65,34.75,240,24,140,24,,,,,
2026/09/25 01:46,2026-09-25T02:01:27+09:00,2026/09/25,2026/12/10,2026-12,CALL,49250,16360,,,,,,,,,,,,,
2026/09/25 01:46,2026-09-25T02:01:27+09:00,2026/09/25,2026/12/10,2026-12,PUT,49250,207,210,,39.01,34.99,234,16,134,16,,,,,
2026/09/25 01:46,2026-09-25T02:01:27+09:00,2026/09/25,2026/12/10,2026-12,CALL,49000,16595,1000,,,,,,,,,,,,
2026/09/25 01:46,2026-09-25T02:01:27+09:00,2026/09/25,2026/12/10,2026-12,PUT,49000,192,3639,,39.32,35.17,227,39,127,39,,,,,
2026/09/25 01:46,2026-09-25T02:01:27+09:00,2026/09/25,2026/12/10,2026-12,CALL,48750,16840,,,,,,,,,,,,,
2026/09/25 01:46,2026-09-25T02:01:27+09:00,2026/09/25,2026/12/10,2026-12,PUT,48750,186,4,,40.21,36.13,236,16,136,16,,,,,
2026/09/25 01:46,2026-09-25T02:01:27+09:00,2026/09/25,2026/12/10,2026-12,CALL,48500,17085,,,,,,,,,,,,,
2026/09/25 01:46,2026-09-25T02:01:27+09:00,2026/09/25,2026/12/10,2026-12,PUT,48500,182,309,,40.52,36.46,229,8,132,26,,,,,
2026/09/25 01:46,2026-09-25T02:01:27+09:00,2026/09/25,2026/12/10,2026-12,CALL,48250,17325,,,,,,,,,,,,,
2026/09/25 01:46,2026-09-25T02:01:27+09:00,2026/09/25,2026/12/10,2026-12,PUT,48250,174,10,,40.91,36.57,224,16,124,16,,,,,
2026/09/25 01:46,2026-09-25T02:01:27+09:00,2026/09/25,2026/12/10,2026-12,CALL,48000,17570,750,,,,,,,,,,,,
2026/09/25 01:46,2026-09-25T02:01:27+09:00,2026/09/25,2026/12/10,2026-12,PUT,48000,167,4326,,40.74,36.72,205,12,117,39,,,,,
2026/09/25 01:46,2026-09-25T02:01:27+09:00,2026/09/25,2026/12/10,2026-12,CALL,47750,17810,,,,,,,,,,,,,
2026/09/25 01:46,2026-09-25T02:01:27+09:00,2026/09/25,2026/12/10,2026-12,PUT,47750,162,5,,41.58,36.96,212,16,112,16,,,,,
2026/09/25 01:46,2026-09-25T02:01:27+09:00,2026/09/25,2026/12/10,2026-12,CALL,47500,18055,200,,,,,,,,,,,,
2026/09/25 01:46,2026-09-25T02:01:27+09:00,2026/09/25,2026/12/10,2026-12,PUT,47500,157,1121,,41.79,37.19,203,8,107,26,,,,,
2026/09/25 01:46,2026-09-25T02:01:27+09:00,2026/09/25,2026/12/10,2026-12,CALL,47250,18300,,,,,,,,,,,,,
2026/09/25 01:46,2026-09-25T02:01:27+09:00,2026/09/25,2026/12/10,2026-12,PUT,47250,152,,,42.27,37.4,201,5,102,16,,,,,
2026/09/25 01:46,2026-09-25T02:01:27+09:00,2026/09/25,2026/12/10,2026-12,CALL,47000,18545,350,,,,,,,,,,,,
2026/09/25 01:46,2026-09-25T02:01:27+09:00,2026/09/25,2026/12/10,2026-12,PUT,47000,148,2828,,42.03,37.67,182,12,98,39,,,,,
2026/09/25 01:46,2026-09-25T02:01:27+09:00,2026/09/25,2026/12/10,2026-12,CALL,46750,18795,,,,,,,,,,,,,
2026/09/25 01:46,2026-09-25T02:01:27+09:00,2026/09/25,2026/12/10,2026-12,PUT,46750,147,24,,42.94,38.12,190,5,97,16,,,,,
2026/09/25 01:46,2026-09-25T02:01:27+09:00,2026/09/25,2026/12/10,2026-12,CALL,46500,19040,,,,,,,,,,,,,
2026/09/25 01:46,2026-09-25T02:01:27+09:00,2026/09/25,2026/12/10,2026-12,PUT,46500,143,119,,43.11,38.37,181,8,93,26,,,,,
2026/09/25 01:46,2026-09-25T02:01:27+09:00,2026/09/25,2026/12/10,2026-12,CALL,46250,19280,315,,,,,,,,,,,,
2026/09/25 01:46,2026-09-25T02:01:27+09:00,2026/09/25,2026/12/10,2026-12,PUT,46250,137,71,,43.63,38.47,180,5,87,16,,,,,
2026/09/25 01:46,2026-09-25T02:01:27+09:00,2026/09/25,2026/12/10,2026-12,CALL,46000,19525,2300,,,,,,,,,,,,
2026/09/25 01:46,2026-09-25T02:01:27+09:00,2026/09/25,2026/12/10,2026-12,PUT,46000,131,3957,,43.39,38.55,163,12,81,39,,,,,
2026/09/25 01:46,2026-09-25T02:01:27+09:00,2026/09/25,2026/12/10,2026-12,CALL,45750,19770,,,,,,,,,,,,,
2026/09/25 01:46,2026-09-25T02:01:27+09:00,2026/09/25,2026/12/10,2026-12,PUT,45750,128,,,44.34,38.84,171,5,78,16,,,,,
2026/09/25 01:46,2026-09-25T02:01:27+09:00,2026/09/25,2026/12/10,2026-12,CALL,45500,20015,200,,,,,,,,,,,,
2026/09/25 01:46,2026-09-25T02:01:27+09:00,2026/09/25,2026/12/10,2026-12,PUT,45500,122,350,,44.52,38.87,163,8,72,26,,,,,
2026/09/25 01:46,2026-09-25T02:01:27+09:00,2026/09/25,2026/12/10,2026-12,CALL,45250,20260,413,,,,,,,,,,,,
2026/09/25 01:46,2026-09-25T02:01:27+09:00,2026/09/25,2026/12/10,2026-12,PUT,45250,119,52,,45.04,39.13,162,5,69,16,,,,,
2026/09/25 01:46,2026-09-25T02:01:27+09:00,2026/09/25,2026/12/10,2026-12,CALL,45000,20505,1842,,,,,,,,,,,,
2026/09/25 01:46,2026-09-25T02:01:27+09:00,2026/09/25,2026/12/10,2026-12,PUT,45000,113,2736,,44.77,39.1,146,12,63,39,,,,,
2026/09/25 01:46,2026-09-25T02:01:27+09:00,2026/09/25,2026/12/10,2026-12,CALL,44750,20750,,,,,,,,,,,,,
2026/09/25 01:46,2026-09-25T02:01:27+09:00,2026/09/25,2026/12/10,2026-12,PUT,44750,111,1,,45.76,39.42,154,5,61,16,,,,,
2026/09/25 01:46,2026-09-25T02:01:27+09:00,2026/09/25,2026/12/10,2026-12,CALL,44500,20995,,,,,,,,,,,,,
2026/09/25 01:46,2026-09-25T02:01:27+09:00,2026/09/25,2026/12/10,2026-12,PUT,44500,107,101,,45.95,39.54,147,8,57,26,,,,,
2026/09/25 01:46,2026-09-25T02:01:27+09:00,2026/09/25,2026/12/10,2026-12,CALL,44250,21240,,,,,,,,,,,,,
2026/09/25 01:46,2026-09-25T02:01:27+09:00,2026/09/25,2026/12/10,2026-12,PUT,44250,104,,,46.52,39.74,147,5,54,16,,,,,
2026/09/25 01:46,2026-09-25T02:01:27+09:00,2026/09/25,2026/12/10,2026-12,CALL,44000,21490,600,,,,,,,,,,,,
2026/09/25 01:46,2026-09-25T02:01:27+09:00,2026/09/25,2026/12/10,2026-12,PUT,44000,103,2803,,45.61,41.96,122,39,72,39,,,,,
2026/09/25 01:46,2026-09-25T02:01:27+09:00,2026/09/25,2026/12/10,2026-12,CALL,43750,21740,131,,,,,,,,,,,,
2026/09/25 01:46,2026-09-25T02:01:27+09:00,2026/09/25,2026/12/10,2026-12,PUT,43750,102,9,,,,,,,,,,,,
2026/09/25 01:46,2026-09-25T02:01:27+09:00,2026/09/25,2026/12/10,2026-12,CALL,43500,21985,,,,,,,,,,,,,
2026/09/25 01:46,2026-09-25T02:01:27+09:00,2026/09/25,2026/12/10,2026-12,PUT,43500,98,102,,,,,,,,,,,,
2026/09/25 01:46,2026-09-25T02:01:27+09:00,2026/09/25,2026/12/10,2026-12,CALL,43250,22230,4,,,,,,,,,,,,
2026/09/25 01:46,2026-09-25T02:01:27+09:00,2026/09/25,2026/12/10,2026-12,PUT,43250,96,,,,27.82,,,1,1,,,,,
2026/09/25 01:46,2026-09-25T02:01:27+09:00,2026/09/25,2026/12/10,2026-12,CALL,43000,22465,1400,,,,,,,,,,,,
2026/09/25 01:46,2026-09-25T02:01:27+09:00,2026/09/25,2026/12/10,2026-12,PUT,43000,82,2191,,,28.18,,,1,20,,,,,
2026/09/25 01:46,2026-09-25T02:01:27+09:00,2026/09/25,2026/12/10,2026-12,CALL,42750,22710,,,,,,,,,,,,,
2026/09/25 01:46,2026-09-25T02:01:27+09:00,2026/09/25,2026/12/10,2026-12,PUT,42750,76,,,,,,,,,,,,,
2026/09/25 01:46,2026-09-25T02:01:27+09:00,2026/09/25,2026/12/10,2026-12,CALL,42500,22955,250,,,,,,,,,,,,
2026/09/25 01:46,2026-09-25T02:01:27+09:00,2026/09/25,2026/12/10,2026-12,PUT,42500,76,302,,,44.47,,,65,1,,,,,
2026/09/25 01:46,2026-09-25T02:01:27+09:00,2026/09/25,2026/12/10,2026-12,CALL,42250,23200,,,,,,,,,,,,,
2026/09/25 01:46,2026-09-25T02:01:27+09:00,2026/09/25,2026/12/10,2026-12,PUT,42250,71,,,,,,,,,,,,,
2026/09/25 01:46,2026-09-25T02:01:27+09:00,2026/09/25,2026/12/10,2026-12,CALL,42000,23450,1071,,,,,,,,,,,,
2026/09/25 01:46,2026-09-25T02:01:27+09:00,2026/09/25,2026/12/10,2026-12,PUT,42000,68,3702,,,29.65,,,1,20,,,,,
2026/09/25 01:46,2026-09-25T02:01:27+09:00,2026/09/25,2026/12/10,2026-12,CALL,41750,23695,,,,,,,,,,,,,
2026/09/25 01:46,2026-09-25T02:01:27+09:00,2026/09/25,2026/12/10,2026-12,PUT,41750,67,,,,,,,,,,,,,
2026/09/25 01:46,2026-09-25T02:01:27+09:00,2026/09/25,2026/12/10,2026-12,CALL,41500,23945,100,,,,,,,,,,,,
2026/09/25 01:46,2026-09-25T02:01:27+09:00,2026/09/25,2026/12/10,2026-12,PUT,41500,66,101,,,,,,,,,,,,
2026/09/25 01:46,2026-09-25T02:01:27+09:00,2026/09/25,2026/12/10,2026-12,CALL,41250,24190,,,,,,,,,,,,,
2026/09/25 01:46,2026-09-25T02:01:27+09:00,2026/09/25,2026/12/10,2026-12,PUT,41250,61,3,,,,,,,,,,,,
2026/09/25 01:46,2026-09-25T02:01:27+09:00,2026/09/25,2026/12/10,2026-12,CALL,41000,24435,1300,,,,,,,,,,,,
2026/09/25 01:46,2026-09-25T02:01:27+09:00,2026/09/25,2026/12/10,2026-12,PUT,41000,59,1929,,,31.14,,,1,20,,,,,
2026/09/25 01:46,2026-09-25T02:01:27+09:00,2026/09/25,2026/12/10,2026-12,CALL,40750,24680,,,,,,,,,,,,,
2026/09/25 01:46,2026-09-25T02:01:27+09:00,2026/09/25,2026/12/10,2026-12,PUT,40750,57,1,,,,,,,,,,,,
2026/09/25 01:46,2026-09-25T02:01:27+09:00,2026/09/25,2026/12/10,2026-12,CALL,40500,24930,400,,,,,,,,,,,,
2026/09/25 01:46,2026-09-25T02:01:27+09:00,2026/09/25,2026/12/10,2026-12,PUT,40500,55,1399,,,,,,,,,,,,
2026/09/25 01:46,2026-09-25T02:01:27+09:00,2026/09/25,2026/12/10,2026-12,CALL,40250,25175,,,,,,,,,,,,,
2026/09/25 01:46,2026-09-25T02:01:27+09:00,2026/09/25,2026/12/10,2026-12,PUT,40250,53,5,,,,,,,,,,,,
2026/09/25 01:46,2026-09-25T02:01:27+09:00,2026/09/25,2026/12/10,2026-12,CALL,40000,25425,1200,,,,,,,,,,,,
2026/09/25 01:46,2026-09-25T02:01:27+09:00,2026/09/25,2026/12/10,2026-12,PUT,40000,53,6036,,53.22,44.11,100,1,25,2,,,,,
2026/09/25 01:46,2026-09-25T02:01:27+09:00,2026/09/25,2026/12/10,2026-12,CALL,39750,25670,,,,,,,,,,,,,
2026/09/25 01:46,2026-09-25T02:01:27+09:00,2026/09/25,2026/12/10,2026-12,PUT,39750,49,,,,,,,,,,,,,
2026/09/25 01:46,2026-09-25T02:01:27+09:00,2026/09/25,2026/12/10,2026-12,CALL,39500,25920,500,,,,,,,,,,,,
2026/09/25 01:46,2026-09-25T02:01:27+09:00,2026/09/25,2026/12/10,2026-12,PUT,39500,47,1008,,,33.46,,,1,10,,,,,
2026/09/25 01:46,2026-09-25T02:01:27+09:00,2026/09/25,2026/12/10,2026-12,CALL,39250,26165,,,,,,,,,,,,,
2026/09/25 01:46,2026-09-25T02:01:27+09:00,2026/09/25,2026/12/10,2026-12,PUT,39250,46,650,,,,,,,,,,,,
2026/09/25 01:46,2026-09-25T02:01:27+09:00,2026/09/25,2026/12/10,2026-12,CALL,39000,26415,750,,,,,,,,,,,,
2026/09/25 01:46,2026-09-25T02:01:27+09:00,2026/09/25,2026/12/10,2026-12,PUT,39000,44,2311,,,34.25,,,1,20,,,,,
2026/09/25 01:46,2026-09-25T02:01:27+09:00,2026/09/25,2026/12/10,2026-12,CALL,38750,26660,50,,,,,,,,,,,,
2026/09/25 01:46,2026-09-25T02:01:27+09:00,2026/09/25,2026/12/10,2026-12,PUT,38750,42,50,,,,,,,,,,,,
2026/09/25 01:46,2026-09-25T02:01:27+09:00,2026/09/25,2026/12/10,2026-12,CALL,38500,26910,700,,,,,,,,,,,,
2026/09/25 01:46,2026-09-25T02:01:27+09:00,2026/09/25,2026/12/10,2026-12,PUT,38500,41,1150,,,35.05,,,1,1,,,,,
2026/09/25 01:46,2026-09-25T02:01:27+09:00,2026/09/25,2026/12/10,2026-12,CALL,38250,27155,,,,,,,,,,,,,
2026/09/25 01:46,2026-09-25T02:01:27+09:00,2026/09/25,2026/12/10,2026-12,PUT,38250,39,,,,,,,,,,,,,
2026/09/25 01:46,2026-09-25T02:01:27+09:00,2026/09/25,2026/12/10,2026-12,CALL,38000,27405,1225,,,,,,,,,,,,
2026/09/25 01:46,2026-09-25T02:01:27+09:00,2026/09/25,2026/12/10,2026-12,PUT,38000,38,2587,,,39.09,,,3,1,,,,,
2026/09/25 01:46,2026-09-25T02:01:27+09:00,2026/09/25,2026/12/10,2026-12,CALL,37750,27650,100,,,,,,,,,,,,
2026/09/25 01:46,2026-09-25T02:01:27+09:00,2026/09/25,2026/12/10,2026-12,PUT,37750,36,100,,,,,,,,,,,,
2026/09/25 01:46,2026-09-25T02:01:27+09:00,2026/09/25,2026/12/10,2026-12,CALL,37500,27900,88,,,,,,,,,,,,
2026/09/25 01:46,2026-09-25T02:01:27+09:00,2026/09/25,2026/12/10,2026-12,PUT,37500,35,188,,,,,,,,,,,,
2026/09/25 01:46,2026-09-25T02:01:27+09:00,2026/09/25,2026/12/10,2026-12,CALL,37250,28145,,,,,,,,,,,,,
2026/09/25 01:46,2026-09-25T02:01:27+09:00,2026/09/25,2026/12/10,2026-12,PUT,37250,34,,,,,,,,,,,,,
2026/09/25 01:46,2026-09-25T02:01:27+09:00,2026/09/25,2026/12/10,2026-12,CALL,37000,28395,450,,,,,,,,,,,,
2026/09/25 01:46,2026-09-25T02:01:27+09:00,2026/09/25,2026/12/10,2026-12,PUT,37000,32,2635,,,42.74,,,5,1,,,,,
2026/09/25 01:46,2026-09-25T02:01:27+09:00,2026/09/25,2026/12/10,2026-12,CALL,36750,28640,,,,,,,,,,,,,
2026/09/25 01:46,2026-09-25T02:01:27+09:00,2026/09/25,2026/12/10,2026-12,PUT,36750,31,400,,,,,,,,,,,,
2026/09/25 01:46,2026-09-25T02:01:27+09:00,2026/09/25,2026/12/10,2026-12,CALL,36500,28890,252,,,,,,,,,,,,
2026/09/25 01:46,2026-09-25T02:01:27+09:00,2026/09/25,2026/12/10,2026-12,PUT,36500,30,225,,,,,,,,,,,,
2026/09/25 01:46,2026-09-25T02:01:27+09:00,2026/09/25,2026/12/10,2026-12,CALL,36250,29140,,,,,,,,,,,,,
2026/09/25 01:46,2026-09-25T02:01:27+09:00,2026/09/25,2026/12/10,2026-12,PUT,36250,29,,,,,,,,,,,,,
2026/09/25 01:46,2026-09-25T02:01:27+09:00,2026/09/25,2026/12/10,2026-12,CALL,36000,29385,975,,,,,,,,,,,,
2026/09/25 01:46,2026-09-25T02:01:27+09:00,2026/09/25,2026/12/10,2026-12,PUT,36000,27,2905,,55.67,39.2,40,1,1,20,,,,,
2026/09/25 01:46,2026-09-25T02:01:27+09:00,2026/09/25,2026/12/10,2026-12,CALL,35750,29635,,,,,,,,,,,,,
2026/09/25 01:46,2026-09-25T02:01:27+09:00,2026/09/25,2026/12/10,2026-12,PUT,35750,26,,,,,,,,,,,,,
2026/09/25 01:46,2026-09-25T02:01:27+09:00,2026/09/25,2026/12/10,2026-12,CALL,35500,29880,,,,,,,,,,,,,
2026/09/25 01:46,2026-09-25T02:01:27+09:00,2026/09/25,2026/12/10,2026-12,PUT,35500,25,,,,,,,,,,,,,
2026/09/25 01:46,2026-09-25T02:01:27+09:00,2026/09/25,2026/12/10,2026-12,CALL,35250,30130,,,,,,,,,,,,,
2026/09/25 01:46,2026-09-25T02:01:27+09:00,2026/09/25,2026/12/10,2026-12,PUT,35250,24,,,,,,,,,,,,,
2026/09/25 01:46,2026-09-25T02:01:27+09:00,2026/09/25,2026/12/10,2026-12,CALL,35000,30380,435,,,,,,,,,,,,
2026/09/25 01:46,2026-09-25T02:01:27+09:00,2026/09/25,2026/12/10,2026-12,PUT,35000,23,5052,6,57.86,53.79,39,12,21,12,56.8,7,23.33,37,09/24 20:48
2026/09/25 01:46,2026-09-25T02:01:27+09:00,2026/09/25,2026/12/10,2026-12,CALL,34750,30625,,,,,,,,,,,,,
2026/09/25 01:46,2026-09-25T02:01:27+09:00,2026/09/25,2026/12/10,2026-12,PUT,34750,22,1,,,,,,,,,,,,
2026/09/25 01:46,2026-09-25T02:01:27+09:00,2026/09/25,2026/12/10,2026-12,CALL,34500,30875,400,,,,,,,,,,,,
2026/09/25 01:46,2026-09-25T02:01:27+09:00,2026/09/25,2026/12/10,2026-12,PUT,34500,21,560,,,,,,,,,,,,
2026/09/25 01:46,2026-09-25T02:01:27+09:00,2026/09/25,2026/12/10,2026-12,CALL,34250,31125,,,,,,,,,,,,,
2026/09/25 01:46,2026-09-25T02:01:27+09:00,2026/09/25,2026/12/10,2026-12,PUT,34250,20,,,,,,,,,,,,,
2026/09/25 01:46,2026-09-25T02:01:27+09:00,2026/09/25,2026/12/10,2026-12,CALL,34000,31370,280,,,,,,,,,,,,
2026/09/25 01:46,2026-09-25T02:01:27+09:00,2026/09/25,2026/12/10,2026-12,PUT,34000,19,2820,,,42.72,,,1,20,,,,,
2026/09/25 01:46,2026-09-25T02:01:27+09:00,2026/09/25,2026/12/10,2026-12,CALL,33750,31620,,,,,,,,,,,,,
2026/09/25 01:46,2026-09-25T02:01:27+09:00,2026/09/25,2026/12/10,2026-12,PUT,33750,19,,,,,,,,,,,,,
2026/09/25 01:46,2026-09-25T02:01:27+09:00,2026/09/25,2026/12/10,2026-12,CALL,33500,31865,,,,,,,,,,,,,
2026/09/25 01:46,2026-09-25T02:01:27+09:00,2026/09/25,2026/12/10,2026-12,PUT,33500,18,72,,,,,,,,,,,,
2026/09/25 01:46,2026-09-25T02:01:27+09:00,2026/09/25,2026/12/10,2026-12,CALL,33250,32115,,,,,,,,,,,,,
2026/09/25 01:46,2026-09-25T02:01:27+09:00,2026/09/25,2026/12/10,2026-12,PUT,33250,17,37,,,,,,,,,,,,
2026/09/25 01:46,2026-09-25T02:01:27+09:00,2026/09/25,2026/12/10,2026-12,CALL,33000,32365,1950,,,,,,,,,,,,
2026/09/25 01:46,2026-09-25T02:01:27+09:00,2026/09/25,2026/12/10,2026-12,PUT,33000,16,3362,,,56.34,,,15,1,,,,,
2026/09/25 01:46,2026-09-25T02:01:27+09:00,2026/09/25,2026/12/10,2026-12,CALL,32750,32610,,,,,,,,,,,,,
2026/09/25 01:46,2026-09-25T02:01:27+09:00,2026/09/25,2026/12/10,2026-12,PUT,32750,15,,,,,,,,,,,,,
2026/09/25 01:46,2026-09-25T02:01:27+09:00,2026/09/25,2026/12/10,2026-12,CALL,32500,32860,250,,,,,,,,,,,,
2026/09/25 01:46,2026-09-25T02:01:27+09:00,2026/09/25,2026/12/10,2026-12,PUT,32500,15,900,,,,,,,,,,,,
2026/09/25 01:46,2026-09-25T02:01:27+09:00,2026/09/25,2026/12/10,2026-12,CALL,32250,33110,,,,,,,,,,,,,
2026/09/25 01:46,2026-09-25T02:01:27+09:00,2026/09/25,2026/12/10,2026-12,PUT,32250,14,600,,,,,,,,,,,,
2026/09/25 01:46,2026-09-25T02:01:27+09:00,2026/09/25,2026/12/10,2026-12,CALL,32000,33360,700,,,,,,,,,,,,
2026/09/25 01:46,2026-09-25T02:01:27+09:00,2026/09/25,2026/12/10,2026-12,PUT,32000,13,4655,,,46.45,,,1,20,,,,,
2026/09/25 01:46,2026-09-25T02:01:27+09:00,2026/09/25,2026/12/10,2026-12,CALL,31750,33605,,,,,,,,,,,,,
2026/09/25 01:46,2026-09-25T02:01:27+09:00,2026/09/25,2026/12/10,2026-12,PUT,31750,13,,,,,,,,,,,,,
2026/09/25 01:46,2026-09-25T02:01:27+09:00,2026/09/25,2026/12/10,2026-12,CALL,31500,33855,50,,,,,,,,,,,,
2026/09/25 01:46,2026-09-25T02:01:27+09:00,2026/09/25,2026/12/10,2026-12,PUT,31500,12,350,,,,,,,,,,,,
2026/09/25 01:46,2026-09-25T02:01:27+09:00,2026/09/25,2026/12/10,2026-12,CALL,31250,34105,,,,,,,,,,,,,
2026/09/25 01:46,2026-09-25T02:01:27+09:00,2026/09/25,2026/12/10,2026-12,PUT,31250,11,,,,,,,,,,,,,
2026/09/25 01:46,2026-09-25T02:01:27+09:00,2026/09/25,2026/12/10,2026-12,CALL,31000,34350,241,,,,,,,,,,,,
2026/09/25 01:46,2026-09-25T02:01:27+09:00,2026/09/25,2026/12/10,2026-12,PUT,31000,11,2037,,,48.41,,,1,20,,,,,
2026/09/25 01:46,2026-09-25T02:01:27+09:00,2026/09/25,2026/12/10,2026-12,CALL,30750,34600,,,,,,,,,,,,,
2026/09/25 01:46,2026-09-25T02:01:27+09:00,2026/09/25,2026/12/10,2026-12,PUT,30750,10,,,,,,,,,,,,,
2026/09/25 01:46,2026-09-25T02:01:27+09:00,2026/09/25,2026/12/10,2026-12,CALL,30500,34850,50,,,,,,,,,,,,
2026/09/25 01:46,2026-09-25T02:01:27+09:00,2026/09/25,2026/12/10,2026-12,PUT,30500,10,51,,89.22,,220,1,,,,,,,
2026/09/25 01:46,2026-09-25T02:01:27+09:00,2026/09/25,2026/12/10,2026-12,CALL,30250,35100,,,,,,,,,,,,,
2026/09/25 01:46,2026-09-25T02:01:27+09:00,2026/09/25,2026/12/10,2026-12,PUT,30250,9,1,,,,,,,,,,,,
2026/09/25 01:46,2026-09-25T02:01:27+09:00,2026/09/25,2026/12/10,2026-12,CALL,30000,35345,2553,,,,,,,,,,,,
2026/09/25 01:46,2026-09-25T02:01:27+09:00,2026/09/25,2026/12/10,2026-12,PUT,30000,15,7971,6,64.02,61.63,16,5,11,12,63.07,0,0,15,09/24 21:10
2026/09/25 01:46,2026-09-25T02:01:27+09:00,2026/09/25,2026/12/10,2026-12,CALL,29750,35595,,,,,,,,,,,,,
2026/09/25 01:46,2026-09-25T02:01:27+09:00,2026/09/25,2026/12/10,2026-12,PUT,29750,8,,,,,,,,,,,,,
2026/09/25 01:46,2026-09-25T02:01:27+09:00,2026/09/25,2026/12/10,2026-12,CALL,29500,35845,,,,,,,,,,,,,
2026/09/25 01:46,2026-09-25T02:01:27+09:00,2026/09/25,2026/12/10,2026-12,PUT,29500,8,,,,,,,,,,,,,
2026/09/25 01:46,2026-09-25T02:01:27+09:00,2026/09/25,2026/12/10,2026-12,CALL,29250,36090,,,,,,,,,,,,,
2026/09/25 01:46,2026-09-25T02:01:27+09:00,2026/09/25,2026/12/10,2026-12,PUT,29250,7,,,,,,,,,,,,,
2026/09/25 01:46,2026-09-25T02:01:27+09:00,2026/09/25,2026/12/10,2026-12,CALL,29000,36340,150,,,,,,,,,,,,
2026/09/25 01:46,2026-09-25T02:01:27+09:00,2026/09/25,2026/12/10,2026-12,PUT,29000,7,1450,,,57.09,,,3,1,,,,,
2026/09/25 01:46,2026-09-25T02:01:27+09:00,2026/09/25,2026/12/10,2026-12,CALL,28750,36590,,,,,,,,,,,,,
2026/09/25 01:46,2026-09-25T02:01:27+09:00,2026/09/25,2026/12/10,2026-12,PUT,28750,7,,,,,,,,,,,,,
2026/09/25 01:46,2026-09-25T02:01:27+09:00,2026/09/25,2026/12/10,2026-12,CALL,28500,36840,125,,,,,,,,,,,,
2026/09/25 01:46,2026-09-25T02:01:27+09:00,2026/09/25,2026/12/10,2026-12,PUT,28500,6,400,,,,,,,,,,,,
2026/09/25 01:46,2026-09-25T02:01:27+09:00,2026/09/25,2026/12/10,2026-12,CALL,28250,37085,,,,,,,,,,,,,
2026/09/25 01:46,2026-09-25T02:01:27+09:00,2026/09/25,2026/12/10,2026-12,PUT,28250,6,,,,,,,,,,,,,
2026/09/25 01:46,2026-09-25T02:01:27+09:00,2026/09/25,2026/12/10,2026-12,CALL,28000,37335,75,,,,,,,,,,,,
2026/09/25 01:46,2026-09-25T02:01:27+09:00,2026/09/25,2026/12/10,2026-12,PUT,28000,5,1334,,72.38,62.04,24,20,5,4,,,,,
2026/09/25 01:46,2026-09-25T02:01:27+09:00,2026/09/25,2026/12/10,2026-12,CALL,27750,37585,,,,,,,,,,,,,
2026/09/25 01:46,2026-09-25T02:01:27+09:00,2026/09/25,2026/12/10,2026-12,PUT,27750,5,72,,,,,,,,,,,,
2026/09/25 01:46,2026-09-25T02:01:27+09:00,2026/09/25,2026/12/10,2026-12,CALL,27500,37835,,,,,,,,,,,,,
2026/09/25 01:46,2026-09-25T02:01:27+09:00,2026/09/25,2026/12/10,2026-12,PUT,27500,5,25,,,,,,,,,,,,
2026/09/25 01:46,2026-09-25T02:01:27+09:00,2026/09/25,2026/12/10,2026-12,CALL,27250,38080,,,,,,,,,,,,,
2026/09/25 01:46,2026-09-25T02:01:27+09:00,2026/09/25,2026/12/10,2026-12,PUT,27250,5,,,,,,,,,,,,,
2026/09/25 01:46,2026-09-25T02:01:27+09:00,2026/09/25,2026/12/10,2026-12,CALL,27000,38330,250,,,,,,,,,,,,
2026/09/25 01:46,2026-09-25T02:01:27+09:00,2026/09/25,2026/12/10,2026-12,PUT,27000,5,2631,,70.01,63.33,12,5,4,5,,,,,
2026/09/25 01:46,2026-09-25T02:01:27+09:00,2026/09/25,2026/12/10,2026-12,CALL,26750,38580,,,,,,,,,,,,,
2026/09/25 01:46,2026-09-25T02:01:27+09:00,2026/09/25,2026/12/10,2026-12,PUT,26750,3,,,,,,,,,,,,,
2026/09/25 01:46,2026-09-25T02:01:27+09:00,2026/09/25,2026/12/10,2026-12,CALL,26500,38825,,,,,,,,,,,,,
2026/09/25 01:46,2026-09-25T02:01:27+09:00,2026/09/25,2026/12/10,2026-12,PUT,26500,10,1,,,70.14,,,10,2,,,,,
2026/09/25 01:46,2026-09-25T02:01:27+09:00,2026/09/25,2026/12/10,2026-12,CALL,26250,39075,,,,,,,,,,,,,
2026/09/25 01:46,2026-09-25T02:01:27+09:00,2026/09/25,2026/12/10,2026-12,PUT,26250,2,,,,,,,,,,,,,
2026/09/25 01:46,2026-09-25T02:01:27+09:00,2026/09/25,2026/12/10,2026-12,CALL,26000,39325,350,,,,,,,,,,,,
2026/09/25 01:46,2026-09-25T02:01:27+09:00,2026/09/25,2026/12/10,2026-12,PUT,26000,2,1425,,85.32,59.22,50,1,1,20,,,,,
2026/09/25 01:46,2026-09-25T02:01:27+09:00,2026/09/25,2026/12/10,2026-12,CALL,25750,39575,,,,,,,,,,,,,
2026/09/25 01:46,2026-09-25T02:01:27+09:00,2026/09/25,2026/12/10,2026-12,PUT,25750,2,,,,,,,,,,,,,
2026/09/25 01:46,2026-09-25T02:01:27+09:00,2026/09/25,2026/12/10,2026-12,CALL,25500,39825,,,,,,,,,,,,,
2026/09/25 01:46,2026-09-25T02:01:27+09:00,2026/09/25,2026/12/10,2026-12,PUT,25500,2,2,,,,,,,,,,,,
2026/09/25 01:46,2026-09-25T02:01:27+09:00,2026/09/25,2026/12/10,2026-12,CALL,25250,40070,,,,,,,,,,,,,
2026/09/25 01:46,2026-09-25T02:01:27+09:00,2026/09/25,2026/12/10,2026-12,PUT,25250,2,1,,,,,,,,,,,,
2026/09/25 01:46,2026-09-25T02:01:27+09:00,2026/09/25,2026/12/10,2026-12,CALL,25000,40320,300,,,,,,,,,,,,
2026/09/25 01:46,2026-09-25T02:01:27+09:00,2026/09/25,2026/12/10,2026-12,PUT,25000,6,2015,,79.81,70.99,20,1,6,8,,,,,
2026/09/25 01:46,2026-09-25T02:01:27+09:00,2026/09/25,2026/12/10,2026-12,CALL,24750,40570,,,,,,,,,,,,,
2026/09/25 01:46,2026-09-25T02:01:27+09:00,2026/09/25,2026/12/10,2026-12,PUT,24750,2,1,,,,,,,,,,,,
2026/09/25 01:46,2026-09-25T02:01:27+09:00,2026/09/25,2026/12/10,2026-12,CALL,24500,40820,,,,,,,,,,,,,
2026/09/25 01:46,2026-09-25T02:01:27+09:00,2026/09/25,2026/12/10,2026-12,PUT,24500,2,250,,,,,,,,,,,,
2026/09/25 01:46,2026-09-25T02:01:27+09:00,2026/09/25,2026/12/10,2026-12,CALL,24250,41070,,,,,,,,,,,,,
2026/09/25 01:46,2026-09-25T02:01:27+09:00,2026/09/25,2026/12/10,2026-12,PUT,24250,2,,,,,,,,,,,,,
2026/09/25 01:46,2026-09-25T02:01:27+09:00,2026/09/25,2026/12/10,2026-12,CALL,24000,41320,,,,,,,,,,,,,
2026/09/25 01:46,2026-09-25T02:01:27+09:00,2026/09/25,2026/12/10,2026-12,PUT,24000,2,405,,89.74,,40,1,,,,,,,
2026/09/25 01:46,2026-09-25T02:01:27+09:00,2026/09/25,2026/12/10,2026-12,CALL,23750,41565,,,,,,,,,,,,,
2026/09/25 01:46,2026-09-25T02:01:27+09:00,2026/09/25,2026/12/10,2026-12,PUT,23750,2,,,,,,,,,,,,,
2026/09/25 01:46,2026-09-25T02:01:27+09:00,2026/09/25,2026/12/10,2026-12,CALL,23500,41815,,,,,,,,,,,,,
2026/09/25 01:46,2026-09-25T02:01:27+09:00,2026/09/25,2026/12/10,2026-12,PUT,23500,2,127,,,,,,,,,,,,
2026/09/25 01:46,2026-09-25T02:01:27+09:00,2026/09/25,2026/12/10,2026-12,CALL,23250,42065,,,,,,,,,,,,,
2026/09/25 01:46,2026-09-25T02:01:27+09:00,2026/09/25,2026/12/10,2026-12,PUT,23250,2,1,,,,,,,,,,,,
2026/09/25 01:46,2026-09-25T02:01:27+09:00,2026/09/25,2026/12/10,2026-12,CALL,23000,42315,,,,,,,,,,,,,
2026/09/25 01:46,2026-09-25T02:01:27+09:00,2026/09/25,2026/12/10,2026-12,PUT,23000,2,2106,,,70.22,,,2,1,,,,,
2026/09/25 01:46,2026-09-25T02:01:27+09:00,2026/09/25,2026/12/10,2026-12,CALL,22750,42565,,,,,,,,,,,,,
2026/09/25 01:46,2026-09-25T02:01:27+09:00,2026/09/25,2026/12/10,2026-12,PUT,22750,1,,,,,,,,,,,,,
2026/09/25 01:46,2026-09-25T02:01:27+09:00,2026/09/25,2026/12/10,2026-12,CALL,22500,42810,,,,,,,,,,,,,
2026/09/25 01:46,2026-09-25T02:01:27+09:00,2026/09/25,2026/12/10,2026-12,PUT,22500,1,150,,,,,,,,,,,,
2026/09/25 01:46,2026-09-25T02:01:27+09:00,2026/09/25,2026/12/10,2026-12,CALL,22250,43060,,,,,,,,,,,,,
2026/09/25 01:46,2026-09-25T02:01:27+09:00,2026/09/25,2026/12/10,2026-12,PUT,22250,1,,,,,,,,,,,,,
2026/09/25 01:46,2026-09-25T02:01:27+09:00,2026/09/25,2026/12/10,2026-12,CALL,22000,43310,100,,,,,,,,,,,,
2026/09/25 01:46,2026-09-25T02:01:27+09:00,2026/09/25,2026/12/10,2026-12,PUT,22000,1,1716,,109.31,69.48,100,1,1,2,,,,,
2026/09/25 01:46,2026-09-25T02:01:27+09:00,2026/09/25,2026/12/10,2026-12,CALL,21750,43560,,,,,,,,,,,,,
2026/09/25 01:46,2026-09-25T02:01:27+09:00,2026/09/25,2026/12/10,2026-12,PUT,21750,1,,,,,,,,,,,,,
2026/09/25 01:46,2026-09-25T02:01:27+09:00,2026/09/25,2026/12/10,2026-12,CALL,21500,43810,,,,,,,,,,,,,
2026/09/25 01:46,2026-09-25T02:01:27+09:00,2026/09/25,2026/12/10,2026-12,PUT,21500,1,500,,,,,,,,,,,,
2026/09/25 01:46,2026-09-25T02:01:27+09:00,2026/09/25,2026/12/10,2026-12,CALL,21250,44060,,,,,,,,,,,,,
2026/09/25 01:46,2026-09-25T02:01:27+09:00,2026/09/25,2026/12/10,2026-12,PUT,21250,1,,,,,,,,,,,,,
2026/09/25 01:46,2026-09-25T02:01:27+09:00,2026/09/25,2026/12/10,2026-12,CALL,21000,44305,,,,,,,,,,,,,
2026/09/25 01:46,2026-09-25T02:01:27+09:00,2026/09/25,2026/12/10,2026-12,PUT,21000,1,350,,,,,,,,,,,,
2026/09/25 01:46,2026-09-25T02:01:27+09:00,2026/09/25,2026/12/10,2026-12,CALL,20750,44555,,,,,,,,,,,,,
2026/09/25 01:46,2026-09-25T02:01:27+09:00,2026/09/25,2026/12/10,2026-12,PUT,20750,1,,,,,,,,,,,,,
2026/09/25 01:46,2026-09-25T02:01:27+09:00,2026/09/25,2026/12/10,2026-12,CALL,20500,44805,,,,,,,,,,,,,
2026/09/25 01:46,2026-09-25T02:01:27+09:00,2026/09/25,2026/12/10,2026-12,PUT,20500,1,,,,,,,,,,,,,
2026/09/25 01:46,2026-09-25T02:01:27+09:00,2026/09/25,2026/12/10,2026-12,CALL,20250,45055,,,,,,,,,,,,,
2026/09/25 01:46,2026-09-25T02:01:27+09:00,2026/09/25,2026/12/10,2026-12,PUT,20250,1,3,,,,,,,,,,,,
2026/09/25 01:46,2026-09-25T02:01:27+09:00,2026/09/25,2026/12/10,2026-12,CALL,20000,45305,150,,,,,,,,,,,,
2026/09/25 01:46,2026-09-25T02:01:27+09:00,2026/09/25,2026/12/10,2026-12,PUT,20000,4,2558,1,85.32,83.73,5,1,4,3,83.33,0,0,4,09/24 23:54
2026/09/25 05:10,2026-09-25T05:25:03+09:00,2026/09/25,2026/10/08,2026-10,CALL,79000,2,153,12,31.51,29.73,2,23,1,3,30.35,-1,-50,1,09/24 21:40
2026/09/25 05:10,2026-09-25T05:25:03+09:00,2026/09/25,2026/10/08,2026-10,PUT,79000,13655,1,,,,,,,,,,,,
2026/09/25 05:10,2026-09-25T05:25:03+09:00,2026/09/25,2026/10/08,2026-10,CALL,78500,2,62,,30.55,28.81,2,2,1,27,,,,,
2026/09/25 05:10,2026-09-25T05:25:03+09:00,2026/09/25,2026/10/08,2026-10,PUT,78500,13155,,,,,,,,,,,,,
2026/09/25 05:10,2026-09-25T05:25:03+09:00,2026/09/25,2026/10/08,2026-10,CALL,78000,2,740,1,29.58,27.89,2,13,1,45,28.56,-1,-50,1,09/24 18:02
2026/09/25 05:10,2026-09-25T05:25:03+09:00,2026/09/25,2026/10/08,2026-10,PUT,78000,12655,,,,,,,,,,,,,
2026/09/25 05:10,2026-09-25T05:25:03+09:00,2026/09/25,2026/10/08,2026-10,CALL,77500,2,117,,29.7,26.97,3,1,1,5,,,,,
2026/09/25 05:10,2026-09-25T05:25:03+09:00,2026/09/25,2026/10/08,2026-10,PUT,77500,12155,,,,,,,,,,,,,
2026/09/25 05:10,2026-09-25T05:25:03+09:00,2026/09/25,2026/10/08,2026-10,CALL,77000,3,1411,,28.68,27.62,3,25,2,9,,,,,
2026/09/25 05:10,2026-09-25T05:25:03+09:00,2026/09/25,2026/10/08,2026-10,PUT,77000,11655,,,,,,,,,,,,,
2026/09/25 05:10,2026-09-25T05:25:03+09:00,2026/09/25,2026/10/08,2026-10,CALL,76500,3,70,1,27.65,26.63,3,6,2,5,27.92,0,0,3,09/24 23:26
2026/09/25 05:10,2026-09-25T05:25:03+09:00,2026/09/25,2026/10/08,2026-10,PUT,76500,11155,,,,,,,,,,,,,
2026/09/25 05:10,2026-09-25T05:25:03+09:00,2026/09/25,2026/10/08,2026-10,CALL,76250,3,45,,27.14,24.6,3,1,1,121,,,,,
2026/09/25 05:10,2026-09-25T05:25:03+09:00,2026/09/25,2026/10/08,2026-10,PUT,76250,10905,,,,,,,,,,,,,
2026/09/25 05:10,2026-09-25T05:25:03+09:00,2026/09/25,2026/10/08,2026-10,CALL,76000,3,929,10,27.38,25.62,4,3,2,80,27.18,0,0,3,09/25 00:05
2026/09/25 05:10,2026-09-25T05:25:03+09:00,2026/09/25,2026/10/08,2026-10,PUT,76000,10655,,,,,,,,,,,,,
2026/09/25 05:10,2026-09-25T05:25:03+09:00,2026/09/25,2026/10/08,2026-10,CALL,75750,4,25,,28.01,25.12,6,15,2,122,,,,,
2026/09/25 05:10,2026-09-25T05:25:03+09:00,2026/09/25,2026/10/08,2026-10,PUT,75750,10405,,,,,,,,,,,,,
2026/09/25 05:10,2026-09-25T05:25:03+09:00,2026/09/25,2026/10/08,2026-10,CALL,75500,4,66,,27.46,24.61,6,15,2,127,,,,,
2026/09/25 05:10,2026-09-25T05:25:03+09:00,2026/09/25,2026/10/08,2026-10,PUT,75500,10155,,,,,,,,,,,,,
2026/09/25 05:10,2026-09-25T05:25:03+09:00,2026/09/25,2026/10/08,2026-10,CALL,75250,5,16,2,26.38,25.04,5,1,3,15,26.96,-2,-28.57,5,09/24 21:42
2026/09/25 05:10,2026-09-25T05:25:03+09:00,2026/09/25,2026/10/08,2026-10,PUT,75250,9905,,,,,,,,,,,,,
2026/09/25 05:10,2026-09-25T05:25:03+09:00,2026/09/25,2026/10/08,2026-10,CALL,75000,6,2433,71,26.33,25.82,6,1,5,10,26.03,1,20,6,09/25 03:27
2026/09/25 05:10,2026-09-25T05:25:03+09:00,2026/09/25,2026/10/08,2026-10,PUT,75000,9660,,,,,,,,,,,,,
2026/09/25 05:10,2026-09-25T05:25:03+09:00,2026/09/25,2026/10/08,2026-10,CALL,74750,6,18,1,28.22,25.26,13,15,5,1,25.99,-2,-25,6,09/24 22:12
2026/09/25 05:10,2026-09-25T05:25:03+09:00,2026/09/25,2026/10/08,2026-10,PUT,74750,9410,,,,,,,,,,,,,
2026/09/25 05:10,2026-09-25T05:25:03+09:00,2026/09/25,2026/10/08,2026-10,CALL,74500,7,143,6,26.4,24.7,9,22,5,1,25.15,-1,-12.5,7,09/25 03:38
2026/09/25 05:10,2026-09-25T05:25:03+09:00,2026/09/25,2026/10/08,2026-10,PUT,74500,9160,,,,,,,,,,,,,
2026/09/25 05:10,2026-09-25T05:25:03+09:00,2026/09/25,2026/10/08,2026-10,CALL,74250,9,38,,27.5,24.14,15,15,5,15,,,,,
2026/09/25 05:10,2026-09-25T05:25:03+09:00,2026/09/25,2026/10/08,2026-10,PUT,74250,8910,,,,,,,,,,,,,
2026/09/25 05:10,2026-09-25T05:25:03+09:00,2026/09/25,2026/10/08,2026-10,CALL,74000,9,1049,77,25.52,24.47,10,1,7,13,24.3,-1,-10,9,09/25 01:41
2026/09/25 05:10,2026-09-25T05:25:03+09:00,2026/09/25,2026/10/08,2026-10,PUT,74000,8665,,,,,,,,,,,,,
2026/09/25 05:10,2026-09-25T05:25:03+09:00,2026/09/25,2026/10/08,2026-10,CALL,73750,11,6,,25.21,23,11,1,5,17,,,,,
2026/09/25 05:10,2026-09-25T05:25:03+09:00,2026/09/25,2026/10/08,2026-10,PUT,73750,8415,,,,,,,,,,,,,
2026/09/25 05:10,2026-09-25T05:25:03+09:00,2026/09/25,2026/10/08,2026-10,CALL,73500,13,89,5,26.03,24.3,17,12,10,1,24.47,-3,-20,12,09/25 01:16
2026/09/25 05:10,2026-09-25T05:25:03+09:00,2026/09/25,2026/10/08,2026-10,PUT,73500,8165,,,,,,,,,,,,,
2026/09/25 05:10,2026-09-25T05:25:03+09:00,2026/09/25,2026/10/08,2026-10,CALL,73250,16,15,1,25.59,23.38,18,15,9,12,25.32,-5,-27.78,13,09/24 20:09
2026/09/25 05:10,2026-09-25T05:25:03+09:00,2026/09/25,2026/10/08,2026-10,PUT,73250,7920,,,,,,,,,,,,,
2026/09/25 05:10,2026-09-25T05:25:03+09:00,2026/09/25,2026/10/08,2026-10,CALL,73000,17,1733,64,24.31,24.09,15,1,14,2,24.02,-3,-16.67,15,09/25 04:35
2026/09/25 05:10,2026-09-25T05:25:03+09:00,2026/09/25,2026/10/08,2026-10,PUT,73000,7670,10,,,,,,,,,,,,
2026/09/25 05:10,2026-09-25T05:25:03+09:00,2026/09/25,2026/10/08,2026-10,CALL,72750,21,23,,25.29,22.15,24,3,9,3,,,,,
2026/09/25 05:10,2026-09-25T05:25:03+09:00,2026/09/25,2026/10/08,2026-10,PUT,72750,7425,,,,,,,,,,,,,
2026/09/25 05:10,2026-09-25T05:25:03+09:00,2026/09/25,2026/10/08,2026-10,CALL,72500,23,432,26,25.19,22.79,28,4,14,13,24.01,0,0,23,09/25 01:16
2026/09/25 05:10,2026-09-25T05:25:03+09:00,2026/09/25,2026/10/08,2026-10,PUT,72500,7180,1,,,,,,,,,,,,
2026/09/25 05:10,2026-09-25T05:25:03+09:00,2026/09/25,2026/10/08,2026-10,CALL,72250,28,89,1,24.75,22.14,30,4,14,3,24.94,-6,-19.35,25,09/24 17:16
2026/09/25 05:10,2026-09-25T05:25:03+09:00,2026/09/25,2026/10/08,2026-10,PUT,72250,6930,,,,,,,,,,,,,
2026/09/25 05:10,2026-09-25T05:25:03+09:00,2026/09/25,2026/10/08,2026-10,CALL,72125,31,1,1,24.64,22.01,32,4,15,3,24.42,-15,-34.09,29,09/24 17:02
2026/09/25 05:10,2026-09-25T05:25:03+09:00,2026/09/25,2026/10/08,2026-10,PUT,72125,6810,,,,,,,,,,,,,
2026/09/25 05:10,2026-09-25T05:25:03+09:00,2026/09/25,2026/10/08,2026-10,CALL,72000,33,3059,402,24.03,23.63,30,70,27,50,23.4,-4,-12.12,29,09/25 03:56
2026/09/25 05:10,2026-09-25T05:25:03+09:00,2026/09/25,2026/10/08,2026-10,PUT,72000,6685,1,,,,,,,,,,,,
2026/09/25 05:10,2026-09-25T05:25:03+09:00,2026/09/25,2026/10/08,2026-10,CALL,71875,38,2,,24.72,22.24,39,4,20,9,,,,,
2026/09/25 05:10,2026-09-25T05:25:03+09:00,2026/09/25,2026/10/08,2026-10,PUT,71875,6565,,,,,,,,,,,,,
2026/09/25 05:10,2026-09-25T05:25:03+09:00,2026/09/25,2026/10/08,2026-10,CALL,71750,40,20,8,24.85,22.5,44,9,24,9,24.88,-6,-14.29,36,09/24 18:27
2026/09/25 05:10,2026-09-25T05:25:03+09:00,2026/09/25,2026/10/08,2026-10,PUT,71750,6445,,,,,,,,,,,,,
2026/09/25 05:10,2026-09-25T05:25:03+09:00,2026/09/25,2026/10/08,2026-10,CALL,71625,43,7,,24.95,,49,3,,,,,,,
2026/09/25 05:10,2026-09-25T05:25:03+09:00,2026/09/25,2026/10/08,2026-10,PUT,71625,6320,,,,,,,,,,,,,
2026/09/25 05:10,2026-09-25T05:25:03+09:00,2026/09/25,2026/10/08,2026-10,CALL,71500,46,370,12,24.47,22.58,48,4,30,4,23.74,-5,-10.64,42,09/25 05:02
2026/09/25 05:10,2026-09-25T05:25:03+09:00,2026/09/25,2026/10/08,2026-10,PUT,71500,6200,,,,,,,,,,,,,
2026/09/25 05:10,2026-09-25T05:25:03+09:00,2026/09/25,2026/10/08,2026-10,CALL,71375,51,,,23.89,,46,3,,,,,,,
2026/09/25 05:10,2026-09-25T05:25:03+09:00,2026/09/25,2026/10/08,2026-10,PUT,71375,6080,,,,,,,,,,,,,
2026/09/25 05:10,2026-09-25T05:25:03+09:00,2026/09/25,2026/10/08,2026-10,CALL,71250,52,140,2,24.12,22.19,53,5,33,5,24.05,-10,-19.23,42,09/25 01:00
2026/09/25 05:10,2026-09-25T05:25:03+09:00,2026/09/25,2026/10/08,2026-10,PUT,71250,5960,,,,,,,,,,,,,
2026/09/25 05:10,2026-09-25T05:25:03+09:00,2026/09/25,2026/10/08,2026-10,CALL,71125,60,1,,,22.24,,,37,5,,,,,
2026/09/25 05:10,2026-09-25T05:25:03+09:00,2026/09/25,2026/10/08,2026-10,PUT,71125,5840,,,,,,,,,,,,,
2026/09/25 05:10,2026-09-25T05:25:03+09:00,2026/09/25,2026/10/08,2026-10,CALL,71000,63,1768,29,23.96,22.72,61,5,46,15,22.89,-11,-17.46,52,09/25 04:35
2026/09/25 05:10,2026-09-25T05:25:03+09:00,2026/09/25,2026/10/08,2026-10,PUT,71000,5720,,,,,,,,,,,,,
2026/09/25 05:10,2026-09-25T05:25:03+09:00,2026/09/25,2026/10/08,2026-10,CALL,70875,71,1,1,23.92,22.15,66,5,44,5,23.68,,,57,09/24 22:56
2026/09/25 05:10,2026-09-25T05:25:03+09:00,2026/09/25,2026/10/08,2026-10,PUT,70875,5600,,,,,,,,,,,,,
2026/09/25 05:10,2026-09-25T05:25:03+09:00,2026/09/25,2026/10/08,2026-10,CALL,70750,74,11,2,,14.96,,,3,20,24.79,-7,-9.09,70,09/24 18:28
2026/09/25 05:10,2026-09-25T05:25:03+09:00,2026/09/25,2026/10/08,2026-10,PUT,70750,5480,,,41.34,,5895,1,5100,1,,,,,
2026/09/25 05:10,2026-09-25T05:25:03+09:00,2026/09/25,2026/10/08,2026-10,CALL,70625,78,22,,,22.03,,,52,4,,,,,
2026/09/25 05:10,2026-09-25T05:25:03+09:00,2026/09/25,2026/10/08,2026-10,PUT,70625,5355,,,34.86,,5575,2,4750,2,,,,,
2026/09/25 05:10,2026-09-25T05:25:03+09:00,2026/09/25,2026/10/08,2026-10,CALL,70500,86,346,15,24.73,22.46,99,1,63,2,22.86,-8,-9.3,78,09/25 01:35
2026/09/25 05:10,2026-09-25T05:25:03+09:00,2026/09/25,2026/10/08,2026-10,PUT,70500,5245,,,34.81,,5465,1,4630,1,,,,,
2026/09/25 05:10,2026-09-25T05:25:03+09:00,2026/09/25,2026/10/08,2026-10,CALL,70375,96,127,1,,21.97,,,62,1,23.41,-35,-31.82,75,09/24 23:25
2026/09/25 05:10,2026-09-25T05:25:03+09:00,2026/09/25,2026/10/08,2026-10,PUT,70375,5125,,,34.42,,5345,2,4510,2,,,,,
2026/09/25 05:10,2026-09-25T05:25:03+09:00,2026/09/25,2026/10/08,2026-10,CALL,70250,102,22,3,33.55,21.96,345,2,68,1,24.87,-22,-19.13,93,09/24 17:53
2026/09/25 05:10,2026-09-25T05:25:03+09:00,2026/09/25,2026/10/08,2026-10,PUT,70250,5005,,,34.03,,5225,1,4390,1,,,,,
2026/09/25 05:10,2026-09-25T05:25:03+09:00,2026/09/25,2026/10/08,2026-10,CALL,70125,111,4,,,12.04,,,1,1,,,,,
2026/09/25 05:10,2026-09-25T05:25:03+09:00,2026/09/25,2026/10/08,2026-10,PUT,70125,4890,,,33.78,,5110,2,4275,2,,,,,
2026/09/25 05:10,2026-09-25T05:25:03+09:00,2026/09/25,2026/10/08,2026-10,CALL,70000,113,2476,211,23.55,22.43,111,5,90,2,23.22,-14,-12.39,99,09/25 03:02
2026/09/25 05:10,2026-09-25T05:25:03+09:00,2026/09/25,2026/10/08,2026-10,PUT,70000,4775,105,,33.53,,4995,4,4185,4,,,,,
2026/09/25 05:10,2026-09-25T05:25:03+09:00,2026/09/25,2026/10/08,2026-10,CALL,69875,129,107,2,32.04,21.92,350,1,89,5,23.98,,,115,09/24 19:49
2026/09/25 05:10,2026-09-25T05:25:03+09:00,2026/09/25,2026/10/08,2026-10,PUT,69875,4660,,,33.26,,4880,2,4055,2,,,,,
2026/09/25 05:10,2026-09-25T05:25:03+09:00,2026/09/25,2026/10/08,2026-10,CALL,69750,138,93,3,,12.54,,,3,20,24.69,-18,-12.16,130,09/24 18:17
2026/09/25 05:10,2026-09-25T05:25:03+09:00,2026/09/25,2026/10/08,2026-10,PUT,69750,4545,,,32.97,,4765,1,3955,1,,,,,
2026/09/25 05:10,2026-09-25T05:25:03+09:00,2026/09/25,2026/10/08,2026-10,CALL,69625,149,96,1,23.4,10.92,138,5,1,1,24.51,-76,-36.89,130,09/24 17:28
2026/09/25 05:10,2026-09-25T05:25:03+09:00,2026/09/25,2026/10/08,2026-10,PUT,69625,4430,,,32.68,,4650,2,3840,2,,,,,
2026/09/25 05:10,2026-09-25T05:25:03+09:00,2026/09/25,2026/10/08,2026-10,CALL,69500,158,530,21,23.5,21.91,152,1,116,10,23.43,-30,-18.99,128,09/25 01:14
2026/09/25 05:10,2026-09-25T05:25:03+09:00,2026/09/25,2026/10/08,2026-10,PUT,69500,4315,,,32.38,,4535,1,3725,1,,,,,
2026/09/25 05:10,2026-09-25T05:25:03+09:00,2026/09/25,2026/10/08,2026-10,CALL,69375,173,,,,10.36,,,1,1,,,,,
2026/09/25 05:10,2026-09-25T05:25:03+09:00,2026/09/25,2026/10/08,2026-10,PUT,69375,4205,,,32.2,,4425,2,3610,2,,,,,
2026/09/25 05:10,2026-09-25T05:25:03+09:00,2026/09/25,2026/10/08,2026-10,CALL,69250,185,15,4,,11.29,,,3,20,23.15,-28,-14.51,165,09/24 23:10
2026/09/25 05:10,2026-09-25T05:25:03+09:00,2026/09/25,2026/10/08,2026-10,PUT,69250,4090,,,31.87,,4310,1,3490,1,,,,,
2026/09/25 05:10,2026-09-25T05:25:03+09:00,2026/09/25,2026/10/08,2026-10,CALL,69125,199,1,1,,9.79,,,1,1,23.1,,,170,09/24 22:54
2026/09/25 05:10,2026-09-25T05:25:03+09:00,2026/09/25,2026/10/08,2026-10,PUT,69125,3980,,,31.66,,4200,2,3385,2,,,,,
2026/09/25 05:10,2026-09-25T05:25:03+09:00,2026/09/25,2026/10/08,2026-10,CALL,69000,209,2531,51,23.33,21.86,202,1,162,1,23.07,-24,-11.48,185,09/25 03:02
2026/09/25 05:10,2026-09-25T05:25:03+09:00,2026/09/25,2026/10/08,2026-10,PUT,69000,3870,200,,31.44,,4090,4,3280,4,,,,,
2026/09/25 05:10,2026-09-25T05:25:03+09:00,2026/09/25,2026/10/08,2026-10,CALL,68875,231,146,1,,21.79,,,174,5,21.94,-124,-39.37,191,09/25 04:35
2026/09/25 05:10,2026-09-25T05:25:03+09:00,2026/09/25,2026/10/08,2026-10,PUT,68875,3760,,,31.2,,3980,2,3165,2,,,,,
2026/09/25 05:10,2026-09-25T05:25:03+09:00,2026/09/25,2026/10/08,2026-10,CALL,68750,245,149,3,23.31,21.79,234,5,189,5,23.24,-14,-5.91,223,09/24 22:40
2026/09/25 05:10,2026-09-25T05:25:03+09:00,2026/09/25,2026/10/08,2026-10,PUT,68750,3655,,,31.07,,3875,1,3055,1,,,,,
2026/09/25 05:10,2026-09-25T05:25:03+09:00,2026/09/25,2026/10/08,2026-10,CALL,68625,264,,,,21.76,,,204,5,,,,,
2026/09/25 05:10,2026-09-25T05:25:03+09:00,2026/09/25,2026/10/08,2026-10,PUT,68625,3550,,,30.92,,3770,2,2955,2,,,,,
2026/09/25 05:10,2026-09-25T05:25:03+09:00,2026/09/25,2026/10/08,2026-10,CALL,68500,276,1187,14,23.35,21.76,272,5,221,5,22.9,39,14.13,315,09/25 01:41
2026/09/25 05:10,2026-09-25T05:25:03+09:00,2026/09/25,2026/10/08,2026-10,PUT,68500,3440,3,,30.63,,3660,1,2840,1,,,,,
2026/09/25 05:10,2026-09-25T05:25:03+09:00,2026/09/25,2026/10/08,2026-10,CALL,68375,305,4,2,,21.76,,,239,1,24.41,-60,-18.18,270,09/24 17:26
2026/09/25 05:10,2026-09-25T05:25:03+09:00,2026/09/25,2026/10/08,2026-10,PUT,68375,3335,,,30.45,,3555,2,2725,2,,,,,
2026/09/25 05:10,2026-09-25T05:25:03+09:00,2026/09/25,2026/10/08,2026-10,CALL,68250,320,104,5,,21.8,,,260,5,23.52,-26,-8.13,294,09/24 22:07
2026/09/25 05:10,2026-09-25T05:25:03+09:00,2026/09/25,2026/10/08,2026-10,PUT,68250,3235,,,30.24,,3450,1,2630,1,,,,,
2026/09/25 05:10,2026-09-25T05:25:03+09:00,2026/09/25,2026/10/08,2026-10,CALL,68125,350,20,,23.04,22.15,325,2,293,2,,,,,
2026/09/25 05:10,2026-09-25T05:25:03+09:00,2026/09/25,2026/10/08,2026-10,PUT,68125,3130,,,30.02,,3345,2,2530,2,,,,,
2026/09/25 05:10,2026-09-25T05:25:03+09:00,2026/09/25,2026/10/08,2026-10,CALL,68000,360,2156,81,22.94,22.41,345,4,325,8,22.62,-15,-4.17,345,09/25 05:00
2026/09/25 05:10,2026-09-25T05:25:03+09:00,2026/09/25,2026/10/08,2026-10,PUT,68000,3030,560,1,31.25,,3305,4,2495,4,24.13,955,44.52,3100,09/24 21:58
2026/09/25 05:10,2026-09-25T05:25:03+09:00,2026/09/25,2026/10/08,2026-10,CALL,67875,400,1,,23.21,22.3,380,2,345,2,,,,,
2026/09/25 05:10,2026-09-25T05:25:03+09:00,2026/09/25,2026/10/08,2026-10,PUT,67875,2930,,,29.74,,3145,2,2330,2,,,,,
2026/09/25 05:10,2026-09-25T05:25:03+09:00,2026/09/25,2026/10/08,2026-10,CALL,67750,425,1134,6,23.04,22.29,400,4,370,4,24.7,-55,-12.22,395,09/24 17:45
2026/09/25 05:10,2026-09-25T05:25:03+09:00,2026/09/25,2026/10/08,2026-10,PUT,67750,2835,9,,29.67,,3050,1,2230,1,,,,,
2026/09/25 05:10,2026-09-25T05:25:03+09:00,2026/09/25,2026/10/08,2026-10,CALL,67625,455,88,,23.1,22.24,430,2,395,2,,,,,
2026/09/25 05:10,2026-09-25T05:25:03+09:00,2026/09/25,2026/10/08,2026-10,PUT,67625,2735,6,,29.48,,2950,2,2125,2,,,,,
2026/09/25 05:10,2026-09-25T05:25:03+09:00,2026/09/25,2026/10/08,2026-10,CALL,67500,485,716,28,23.23,22.4,465,4,430,4,22.64,-55,-11.34,430,09/25 03:01
2026/09/25 05:10,2026-09-25T05:25:03+09:00,2026/09/25,2026/10/08,2026-10,PUT,67500,2645,36,,29.47,,2860,1,2040,1,,,,,
2026/09/25 05:10,2026-09-25T05:25:03+09:00,2026/09/25,2026/10/08,2026-10,CALL,67375,515,75,7,23.32,22.28,500,2,455,2,23.9,-55,-10.68,460,09/24 21:02
2026/09/25 05:10,2026-09-25T05:25:03+09:00,2026/09/25,2026/10/08,2026-10,PUT,67375,2545,,,29.23,,2760,2,1940,2,,,,,
2026/09/25 05:10,2026-09-25T05:25:03+09:00,2026/09/25,2026/10/08,2026-10,CALL,67250,535,24,4,23.15,22.47,525,4,495,4,23.9,-45,-8.41,490,09/24 21:02
2026/09/25 05:10,2026-09-25T05:25:03+09:00,2026/09/25,2026/10/08,2026-10,PUT,67250,2460,,,28.96,,2660,1,1855,1,,,,,
2026/09/25 05:10,2026-09-25T05:25:03+09:00,2026/09/25,2026/10/08,2026-10,CALL,67125,585,28,8,23.38,22.4,570,2,525,2,22.92,-545,-50.7,530,09/24 22:50
2026/09/25 05:10,2026-09-25T05:25:03+09:00,2026/09/25,2026/10/08,2026-10,PUT,67125,2370,,,28.47,7.72,2550,2,1760,2,,,,,
2026/09/25 05:10,2026-09-25T05:25:03+09:00,2026/09/25,2026/10/08,2026-10,CALL,67000,630,1482,53,23.36,22.61,605,4,570,4,23.09,-30,-4.76,600,09/25 02:48
2026/09/25 05:10,2026-09-25T05:25:03+09:00,2026/09/25,2026/10/08,2026-10,PUT,67000,2280,508,1,25.26,18.27,2310,4,1990,4,18.7,-120,-5.17,2200,09/24 18:19
2026/09/25 05:10,2026-09-25T05:25:03+09:00,2026/09/25,2026/10/08,2026-10,CALL,66875,660,22,14,23.51,22.57,650,2,605,2,23.01,-550,-47.62,605,09/24 22:50
2026/09/25 05:10,2026-09-25T05:25:03+09:00,2026/09/25,2026/10/08,2026-10,PUT,66875,2190,1,,28.14,8.23,2365,2,1535,2,,,,,
2026/09/25 05:10,2026-09-25T05:25:03+09:00,2026/09/25,2026/10/08,2026-10,CALL,66750,695,196,17,23.63,22.7,695,4,650,4,23.04,-140,-17.83,645,09/24 22:50
2026/09/25 05:10,2026-09-25T05:25:03+09:00,2026/09/25,2026/10/08,2026-10,PUT,66750,2115,10,,32.64,11.4,2510,1,1520,1,,,,,
2026/09/25 05:10,2026-09-25T05:25:03+09:00,2026/09/25,2026/10/08,2026-10,CALL,66625,745,66,,23.8,22.48,745,2,680,2,,,,,
2026/09/25 05:10,2026-09-25T05:25:03+09:00,2026/09/25,2026/10/08,2026-10,PUT,66625,2025,,,32.32,11.42,2415,2,1420,2,,,,,
2026/09/25 05:10,2026-09-25T05:25:03+09:00,2026/09/25,2026/10/08,2026-10,CALL,66500,770,185,14,23.73,22.83,785,2,740,2,23.46,120,15.58,890,09/25 01:43
2026/09/25 05:10,2026-09-25T05:25:03+09:00,2026/09/25,2026/10/08,2026-10,PUT,66500,1975,97,,24.03,21.22,1915,4,1775,5,,,,,
2026/09/25 05:10,2026-09-25T05:25:03+09:00,2026/09/25,2026/10/08,2026-10,CALL,66375,835,96,1,24.03,22.94,845,2,790,2,24.27,-75,-8.77,780,09/24 17:10
2026/09/25 05:10,2026-09-25T05:25:03+09:00,2026/09/25,2026/10/08,2026-10,PUT,66375,1870,1,,29.3,19.14,2105,2,1590,2,,,,,
2026/09/25 05:10,2026-09-25T05:25:03+09:00,2026/09/25,2026/10/08,2026-10,CALL,66250,875,85,3,24.08,22.81,895,2,830,2,24.79,-650,-44.83,800,09/24 17:26
2026/09/25 05:10,2026-09-25T05:25:03+09:00,2026/09/25,2026/10/08,2026-10,PUT,66250,1800,53,,24.18,21.24,1765,4,1615,5,,,,,
2026/09/25 05:10,2026-09-25T05:25:03+09:00,2026/09/25,2026/10/08,2026-10,CALL,66125,935,35,,24.39,22.75,960,2,875,2,,,,,
2026/09/25 05:10,2026-09-25T05:25:03+09:00,2026/09/25,2026/10/08,2026-10,PUT,66125,1740,18,,24.39,21.49,1700,6,1550,6,,,,,
2026/09/25 05:10,2026-09-25T05:25:03+09:00,2026/09/25,2026/10/08,2026-10,CALL,66000,980,2965,30,24.37,22.93,1010,2,935,2,23.55,20,2.04,1000,09/25 02:28
2026/09/25 05:10,2026-09-25T05:25:03+09:00,2026/09/25,2026/10/08,2026-10,PUT,66000,1670,1054,2,24.56,21.68,1635,8,1485,4,25.06,185,11.01,1865,09/24 17:53
2026/09/25 05:10,2026-09-25T05:25:03+09:00,2026/09/25,2026/10/08,2026-10,CALL,65875,1035,16,,24.51,23.17,1070,2,1000,2,,,,,
2026/09/25 05:10,2026-09-25T05:25:03+09:00,2026/09/25,2026/10/08,2026-10,PUT,65875,1590,18,,24.51,21.93,1560,4,1425,4,,,,,
2026/09/25 05:10,2026-09-25T05:25:03+09:00,2026/09/25,2026/10/08,2026-10,CALL,65750,1090,112,4,24.51,23.28,1125,2,1060,2,25.17,-190,-15.83,1010,09/24 18:00
2026/09/25 05:10,2026-09-25T05:25:03+09:00,2026/09/25,2026/10/08,2026-10,PUT,65750,1540,127,,24.61,21.47,1495,4,1330,5,,,,,
2026/09/25 05:10,2026-09-25T05:25:03+09:00,2026/09/25,2026/10/08,2026-10,CALL,65625,1160,18,1,24.86,23.25,1200,2,1115,2,24.69,60,5.8,1095,09/24 17:10
2026/09/25 05:10,2026-09-25T05:25:03+09:00,2026/09/25,2026/10/08,2026-10,PUT,65625,1455,5,,24.01,22.59,1395,4,1320,4,,,,,
2026/09/25 05:10,2026-09-25T05:25:03+09:00,2026/09/25,2026/10/08,2026-10,CALL,65500,1195,226,8,24.98,23.28,1265,17,1175,2,22.23,-5,-0.42,1190,09/25 01:16
2026/09/25 05:10,2026-09-25T05:25:03+09:00,2026/09/25,2026/10/08,2026-10,PUT,65500,1420,150,4,24.04,22.9,1330,2,1270,2,25.59,160,11.43,1560,09/24 18:31
2026/09/25 05:10,2026-09-25T05:25:03+09:00,2026/09/25,2026/10/08,2026-10,CALL,65375,1280,6,,25.16,23.56,1335,4,1250,4,,,,,
2026/09/25 05:10,2026-09-25T05:25:03+09:00,2026/09/25,2026/10/08,2026-10,PUT,65375,1350,231,21,24.12,22.52,1270,2,1185,17,23.98,,,1200,09/25 02:29
2026/09/25 05:10,2026-09-25T05:25:03+09:00,2026/09/25,2026/10/08,2026-10,CALL,65250,1340,20,2,25.59,23.04,1420,5,1285,4,24.14,-585,-30.63,1325,09/24 22:28
2026/09/25 05:10,2026-09-25T05:25:03+09:00,2026/09/25,2026/10/08,2026-10,PUT,65250,1300,5,1,24.27,23.13,1215,2,1155,2,24.4,210,17.95,1380,09/24 21:38
2026/09/25 05:10,2026-09-25T05:25:03+09:00,2026/09/25,2026/10/08,2026-10,CALL,65125,1420,4,,25.8,23.14,1495,6,1355,4,,,,,
2026/09/25 05:10,2026-09-25T05:25:03+09:00,2026/09/25,2026/10/08,2026-10,PUT,65125,1230,,3,24.47,23.14,1165,2,1095,2,23.89,,,1130,09/24 23:06
2026/09/25 05:10,2026-09-25T05:25:03+09:00,2026/09/25,2026/10/08,2026-10,CALL,65000,1440,1412,16,26.17,23.11,1580,8,1420,8,24.33,-30,-2.08,1410,09/24 23:21
2026/09/25 05:10,2026-09-25T05:25:03+09:00,2026/09/25,2026/10/08,2026-10,PUT,65000,1215,1997,12,24.45,23.49,1105,2,1055,2,24.27,-70,-5.76,1145,09/24 23:26
2026/09/25 05:10,2026-09-25T05:25:03+09:00,2026/09/25,2026/10/08,2026-10,CALL,64875,1575,7,,26.31,23.23,1655,6,1495,6,,,,,
2026/09/25 05:10,2026-09-25T05:25:03+09:00,2026/09/25,2026/10/08,2026-10,PUT,64875,1120,,,25.16,23.04,1085,2,975,17,,,,,
2026/09/25 05:10,2026-09-25T05:25:03+09:00,2026/09/25,2026/10/08,2026-10,CALL,64750,1635,755,,26.22,23.41,1720,5,1575,4,,,,,
2026/09/25 05:10,2026-09-25T05:25:03+09:00,2026/09/25,2026/10/08,2026-10,PUT,64750,1080,7,1,24.67,23.61,1005,2,950,2,25.27,130,12.26,1190,09/24 17:34
2026/09/25 05:10,2026-09-25T05:25:03+09:00,2026/09/25,2026/10/08,2026-10,CALL,64625,1725,687,,32.8,22.87,2130,2,1620,2,,,,,
2026/09/25 05:10,2026-09-25T05:25:03+09:00,2026/09/25,2026/10/08,2026-10,PUT,64625,1020,25,,24.83,23.56,960,2,895,2,,,,,
2026/09/25 05:10,2026-09-25T05:25:03+09:00,2026/09/25,2026/10/08,2026-10,CALL,64500,1805,212,,26.44,23.47,1875,5,1725,4,,,,,
2026/09/25 05:10,2026-09-25T05:25:03+09:00,2026/09/25,2026/10/08,2026-10,PUT,64500,1000,614,9,24.96,23.87,915,2,860,2,24.82,-90,-9,910,09/24 22:47
2026/09/25 05:10,2026-09-25T05:25:03+09:00,2026/09/25,2026/10/08,2026-10,CALL,64375,1890,61,,29.22,14.61,2090,2,1375,2,,,,,
2026/09/25 05:10,2026-09-25T05:25:03+09:00,2026/09/25,2026/10/08,2026-10,PUT,64375,930,1,1,25.55,23.75,895,2,805,2,24.97,,,900,09/24 22:34
2026/09/25 05:10,2026-09-25T05:25:03+09:00,2026/09/25,2026/10/08,2026-10,CALL,64250,1965,6,,31.31,14.99,2270,1,1480,1,,,,,
2026/09/25 05:10,2026-09-25T05:25:03+09:00,2026/09/25,2026/10/08,2026-10,PUT,64250,915,120,,25.2,24.19,830,2,780,2,,,,,
2026/09/25 05:10,2026-09-25T05:25:03+09:00,2026/09/25,2026/10/08,2026-10,CALL,64125,2045,1,,34.4,16.02,2500,2,1615,2,,,,,
2026/09/25 05:10,2026-09-25T05:25:03+09:00,2026/09/25,2026/10/08,2026-10,PUT,64125,845,1030,1,25.33,24.2,790,2,735,2,26.31,110,13.17,945,09/24 17:14
2026/09/25 05:10,2026-09-25T05:25:03+09:00,2026/09/25,2026/10/08,2026-10,CALL,64000,2115,730,2,28.93,23.21,2305,8,2030,8,26.4,-345,-14.71,2000,09/24 17:46
2026/09/25 05:10,2026-09-25T05:25:03+09:00,2026/09/25,2026/10/08,2026-10,PUT,64000,805,1612,45,25.42,24.37,750,4,700,4,24.79,-135,-16.98,660,09/25 01:18
2026/09/25 05:10,2026-09-25T05:25:03+09:00,2026/09/25,2026/10/08,2026-10,CALL,63875,2220,50,,30.69,20.7,2470,2,2000,2,,,,,
2026/09/25 05:10,2026-09-25T05:25:03+09:00,2026/09/25,2026/10/08,2026-10,PUT,63875,765,489,,25.37,24.2,705,2,650,2,,,,,
2026/09/25 05:10,2026-09-25T05:25:03+09:00,2026/09/25,2026/10/08,2026-10,CALL,63750,2310,4,,30.89,20.72,2560,1,2090,1,,,,,
2026/09/25 05:10,2026-09-25T05:25:03+09:00,2026/09/25,2026/10/08,2026-10,PUT,63750,730,128,,25.39,24.63,665,4,630,4,,,,,
2026/09/25 05:10,2026-09-25T05:25:03+09:00,2026/09/25,2026/10/08,2026-10,CALL,63625,2400,,,31.08,20.7,2650,2,2180,2,,,,,
2026/09/25 05:10,2026-09-25T05:25:03+09:00,2026/09/25,2026/10/08,2026-10,PUT,63625,690,,,25.7,24.71,640,2,595,2,,,,,
2026/09/25 05:10,2026-09-25T05:25:03+09:00,2026/09/25,2026/10/08,2026-10,CALL,63500,2490,11,,35.03,21.72,2920,1,2315,1,,,,,
2026/09/25 05:10,2026-09-25T05:25:03+09:00,2026/09/25,2026/10/08,2026-10,PUT,63500,690,326,1,25.65,24.86,600,4,565,4,26.01,30,4.35,720,09/24 20:51
2026/09/25 05:10,2026-09-25T05:25:03+09:00,2026/09/25,2026/10/08,2026-10,CALL,63375,2585,,,31.47,20.63,2835,2,2365,2,,,,,
2026/09/25 05:10,2026-09-25T05:25:03+09:00,2026/09/25,2026/10/08,2026-10,PUT,63375,625,302,,25.91,24.99,575,2,535,2,,,,,
2026/09/25 05:10,2026-09-25T05:25:03+09:00,2026/09/25,2026/10/08,2026-10,CALL,63250,2680,6,,31.68,20.59,2930,1,2460,1,,,,,
2026/09/25 05:10,2026-09-25T05:25:03+09:00,2026/09/25,2026/10/08,2026-10,PUT,63250,610,231,,25.91,25.08,540,4,505,4,,,,,
2026/09/25 05:10,2026-09-25T05:25:03+09:00,2026/09/25,2026/10/08,2026-10,CALL,63125,2775,,,31.87,20.49,3025,2,2555,2,,,,,
2026/09/25 05:10,2026-09-25T05:25:03+09:00,2026/09/25,2026/10/08,2026-10,PUT,63125,565,1,,25.98,25.26,510,2,480,2,,,,,
2026/09/25 05:10,2026-09-25T05:25:03+09:00,2026/09/25,2026/10/08,2026-10,CALL,63000,2870,157,,39.96,12.13,3480,4,2430,4,,,,,
2026/09/25 05:10,2026-09-25T05:25:03+09:00,2026/09/25,2026/10/08,2026-10,PUT,63000,545,1915,29,26.28,25.41,490,4,455,4,25.91,-110,-20.18,435,09/25 01:29
2026/09/25 05:10,2026-09-25T05:25:03+09:00,2026/09/25,2026/10/08,2026-10,CALL,62875,2970,,,32.3,20.28,3220,2,2750,2,,,,,
2026/09/25 05:10,2026-09-25T05:25:03+09:00,2026/09/25,2026/10/08,2026-10,PUT,62875,510,86,1,26.29,25.4,460,2,425,2,26.29,-10,-2.08,470,09/24 22:19
2026/09/25 05:10,2026-09-25T05:25:03+09:00,2026/09/25,2026/10/08,2026-10,CALL,62750,3070,,,32.54,20.15,3320,1,2850,1,,,,,
2026/09/25 05:10,2026-09-25T05:25:03+09:00,2026/09/25,2026/10/08,2026-10,PUT,62750,485,296,42,26.4,25.62,435,4,405,4,26.32,-35,-7.95,405,09/25 02:29
2026/09/25 05:10,2026-09-25T05:25:03+09:00,2026/09/25,2026/10/08,2026-10,CALL,62625,3175,,,32.87,20.14,3425,2,2955,2,,,,,
2026/09/25 05:10,2026-09-25T05:25:03+09:00,2026/09/25,2026/10/08,2026-10,PUT,62625,460,692,7,26.75,25.67,420,2,380,2,27.44,,,525,09/24 17:27
2026/09/25 05:10,2026-09-25T05:25:03+09:00,2026/09/25,2026/10/08,2026-10,CALL,62500,3275,,,33.07,19.89,3525,1,3055,1,,,,,
2026/09/25 05:10,2026-09-25T05:25:03+09:00,2026/09/25,2026/10/08,2026-10,PUT,62500,450,1692,10,26.66,25.97,390,4,365,4,26.63,-95,-21.11,355,09/25 01:29
2026/09/25 05:10,2026-09-25T05:25:03+09:00,2026/09/25,2026/10/08,2026-10,CALL,62375,3380,,,33.37,19.75,3630,2,3160,2,,,,,
2026/09/25 05:10,2026-09-25T05:25:03+09:00,2026/09/25,2026/10/08,2026-10,PUT,62375,415,6,,26.82,26.11,370,2,345,2,,,,,
2026/09/25 05:10,2026-09-25T05:25:03+09:00,2026/09/25,2026/10/08,2026-10,CALL,62250,3480,,,33.52,19.32,3730,1,3260,1,,,,,
2026/09/25 05:10,2026-09-25T05:25:03+09:00,2026/09/25,2026/10/08,2026-10,PUT,62250,395,111,1,26.95,26.21,350,4,325,4,28.3,95,26.39,455,09/24 17:38
2026/09/25 05:10,2026-09-25T05:25:03+09:00,2026/09/25,2026/10/08,2026-10,CALL,62125,3585,,,33.78,18.99,3835,2,3365,2,,,,,
2026/09/25 05:10,2026-09-25T05:25:03+09:00,2026/09/25,2026/10/08,2026-10,PUT,62125,370,9,,27.05,26.29,330,2,305,2,,,,,
2026/09/25 05:10,2026-09-25T05:25:03+09:00,2026/09/25,2026/10/08,2026-10,CALL,62000,3690,49,,34.02,18.55,3940,4,3470,4,,,,,
2026/09/25 05:10,2026-09-25T05:25:03+09:00,2026/09/25,2026/10/08,2026-10,PUT,62000,370,1563,18,27.27,26.55,315,4,292,4,27.07,-81,-21.89,289,09/25 01:31
2026/09/25 05:10,2026-09-25T05:25:03+09:00,2026/09/25,2026/10/08,2026-10,CALL,61875,3800,,,34.38,18.24,4050,2,3580,2,,,,,
2026/09/25 05:10,2026-09-25T05:25:03+09:00,2026/09/25,2026/10/08,2026-10,PUT,61875,335,88,,,26.24,,,262,1,,,,,
2026/09/25 05:10,2026-09-25T05:25:03+09:00,2026/09/25,2026/10/08,2026-10,CALL,61750,3910,,,34.72,17.79,4160,1,3690,1,,,,,
2026/09/25 05:10,2026-09-25T05:25:03+09:00,2026/09/25,2026/10/08,2026-10,PUT,61750,320,305,2,,26.41,,,248,1,27.61,17,5.9,305,09/24 22:08
2026/09/25 05:10,2026-09-25T05:25:03+09:00,2026/09/25,2026/10/08,2026-10,CALL,61625,4020,,,35.04,17.15,4270,2,3800,2,,,,,
2026/09/25 05:10,2026-09-25T05:25:03+09:00,2026/09/25,2026/10/08,2026-10,PUT,61625,298,136,5,,26.59,,,235,5,27.53,-154,-36.24,271,09/24 22:50
2026/09/25 05:10,2026-09-25T05:25:03+09:00,2026/09/25,2026/10/08,2026-10,CALL,61500,4125,,,44.24,15.59,4720,1,3905,1,,,,,
2026/09/25 05:10,2026-09-25T05:25:03+09:00,2026/09/25,2026/10/08,2026-10,PUT,61500,291,414,48,,26.74,,,222,5,27.8,-37,-12.54,258,09/24 22:45
2026/09/25 05:10,2026-09-25T05:25:03+09:00,2026/09/25,2026/10/08,2026-10,CALL,61375,4240,,,44.54,14.43,4825,2,4020,2,,,,,
2026/09/25 05:10,2026-09-25T05:25:03+09:00,2026/09/25,2026/10/08,2026-10,PUT,61375,269,127,5,28.46,,252,5,,,27.87,-136,-35.79,244,09/24 22:50
2026/09/25 05:10,2026-09-25T05:25:03+09:00,2026/09/25,2026/10/08,2026-10,CALL,61250,4350,,,45.09,,4940,1,4130,1,,,,,
2026/09/25 05:10,2026-09-25T05:25:03+09:00,2026/09/25,2026/10/08,2026-10,PUT,61250,262,106,1,28.62,12.75,239,5,3,20,28.76,13,5.08,269,09/24 20:15
2026/09/25 05:10,2026-09-25T05:25:03+09:00,2026/09/25,2026/10/08,2026-10,CALL,61125,4460,,,45.63,,5055,2,4240,2,,,,,
2026/09/25 05:10,2026-09-25T05:25:03+09:00,2026/09/25,2026/10/08,2026-10,PUT,61125,248,1230,,,,,,,,,,,,
2026/09/25 05:10,2026-09-25T05:25:03+09:00,2026/09/25,2026/10/08,2026-10,CALL,61000,4580,201,,46.42,,5180,4,4360,4,,,,,
2026/09/25 05:10,2026-09-25T05:25:03+09:00,2026/09/25,2026/10/08,2026-10,PUT,61000,244,1421,32,33.76,23.67,350,1,100,2,28.6,-69,-28.28,175,09/25 01:43
2026/09/25 05:10,2026-09-25T05:25:03+09:00,2026/09/25,2026/10/08,2026-10,CALL,60875,4690,,,46.94,,5295,2,4470,2,,,,,
2026/09/25 05:10,2026-09-25T05:25:03+09:00,2026/09/25,2026/10/08,2026-10,PUT,60875,224,469,4,,27.5,,,166,5,28.63,,,199,09/24 22:50
2026/09/25 05:10,2026-09-25T05:25:03+09:00,2026/09/25,2026/10/08,2026-10,CALL,60750,4805,,,47.33,,5405,1,4585,1,,,,,
2026/09/25 05:10,2026-09-25T05:25:03+09:00,2026/09/25,2026/10/08,2026-10,PUT,60750,218,490,8,,14.17,,,3,20,28.81,-29,-13.3,189,09/24 22:50
2026/09/25 05:10,2026-09-25T05:25:03+09:00,2026/09/25,2026/10/08,2026-10,CALL,60625,4910,,,47.58,,5510,2,4690,2,,,,,
2026/09/25 05:10,2026-09-25T05:25:03+09:00,2026/09/25,2026/10/08,2026-10,PUT,60625,203,155,4,29.47,,184,1,,,29.02,,,180,09/24 22:50
2026/09/25 05:10,2026-09-25T05:25:03+09:00,2026/09/25,2026/10/08,2026-10,CALL,60500,5035,100,,48.48,,5640,1,4815,1,,,,,
2026/09/25 05:10,2026-09-25T05:25:03+09:00,2026/09/25,2026/10/08,2026-10,PUT,60500,194,500,43,,28.04,,,141,5,29.04,-47,-23.86,150,09/25 01:23
2026/09/25 05:10,2026-09-25T05:25:03+09:00,2026/09/25,2026/10/08,2026-10,CALL,60375,5150,,,49.12,,5760,2,4930,2,,,,,
2026/09/25 05:10,2026-09-25T05:25:03+09:00,2026/09/25,2026/10/08,2026-10,PUT,60375,183,660,6,29.87,28.25,167,5,134,5,29.41,,,163,09/24 22:50
2026/09/25 05:10,2026-09-25T05:25:03+09:00,2026/09/25,2026/10/08,2026-10,CALL,60250,5265,,,49.33,,5865,1,5090,1,,,,,
2026/09/25 05:10,2026-09-25T05:25:03+09:00,2026/09/25,2026/10/08,2026-10,PUT,60250,176,170,7,30.07,28.43,159,5,127,4,29.65,-6,-3.7,156,09/24 22:50
2026/09/25 05:10,2026-09-25T05:25:03+09:00,2026/09/25,2026/10/08,2026-10,CALL,60125,5380,,,47.11,,5885,2,5090,2,,,,,
2026/09/25 05:10,2026-09-25T05:25:03+09:00,2026/09/25,2026/10/08,2026-10,PUT,60125,163,50,,30.3,,152,5,,,,,,,
2026/09/25 05:10,2026-09-25T05:25:03+09:00,2026/09/25,2026/10/08,2026-10,CALL,60000,5465,5,,,,,,3,10,,,,,
2026/09/25 05:10,2026-09-25T05:25:03+09:00,2026/09/25,2026/10/08,2026-10,PUT,60000,164,11776,205,31.17,29.15,158,1,120,1,30.04,-42,-25.61,122,09/25 02:12
2026/09/25 05:10,2026-09-25T05:25:03+09:00,2026/09/25,2026/10/08,2026-10,CALL,59875,5610,,,,,,,,,,,,,
2026/09/25 05:10,2026-09-25T05:25:03+09:00,2026/09/25,2026/10/08,2026-10,PUT,59875,152,53,,30.64,29.05,137,1,109,1,,,,,
2026/09/25 05:10,2026-09-25T05:25:03+09:00,2026/09/25,2026/10/08,2026-10,CALL,59750,5725,,,,,,,3,10,,,,,
2026/09/25 05:10,2026-09-25T05:25:03+09:00,2026/09/25,2026/10/08,2026-10,PUT,59750,145,104,,,29.34,,,105,5,,,,,
2026/09/25 05:10,2026-09-25T05:25:03+09:00,2026/09/25,2026/10/08,2026-10,CALL,59625,5840,,,,,,,,,,,,,
2026/09/25 05:10,2026-09-25T05:25:03+09:00,2026/09/25,2026/10/08,2026-10,PUT,59625,139,139,,39.73,,315,1,,,,,,,
2026/09/25 05:10,2026-09-25T05:25:03+09:00,2026/09/25,2026/10/08,2026-10,CALL,59500,5955,14,,,,,,3,10,,,,,
2026/09/25 05:10,2026-09-25T05:25:03+09:00,2026/09/25,2026/10/08,2026-10,PUT,59500,140,428,5,31.45,29.82,122,5,96,5,32.01,12,8.57,152,09/24 18:05
2026/09/25 05:10,2026-09-25T05:25:03+09:00,2026/09/25,2026/10/08,2026-10,CALL,59375,6075,,,,,,,,,,,,,
2026/09/25 05:10,2026-09-25T05:25:03+09:00,2026/09/25,2026/10/08,2026-10,PUT,59375,126,2,1,31.7,30,117,5,91,5,31.93,20,16,145,09/24 19:32
2026/09/25 05:10,2026-09-25T05:25:03+09:00,2026/09/25,2026/10/08,2026-10,CALL,59250,6190,,,,,,,3,10,,,,,
2026/09/25 05:10,2026-09-25T05:25:03+09:00,2026/09/25,2026/10/08,2026-10,PUT,59250,122,201,2,,18.42,,,3,20,31.61,-8,-6.61,113,09/24 23:42
2026/09/25 05:10,2026-09-25T05:25:03+09:00,2026/09/25,2026/10/08,2026-10,CALL,59125,6305,,,,,,,,,,,,,
2026/09/25 05:10,2026-09-25T05:25:03+09:00,2026/09/25,2026/10/08,2026-10,PUT,59125,114,112,,32.27,,109,4,,,,,,,
2026/09/25 05:10,2026-09-25T05:25:03+09:00,2026/09/25,2026/10/08,2026-10,CALL,59000,6425,,,,,,,3,10,,,,,
2026/09/25 05:10,2026-09-25T05:25:03+09:00,2026/09/25,2026/10/08,2026-10,PUT,59000,114,1137,40,33.52,30.75,120,1,80,5,32.41,-23,-20.18,91,09/25 01:37
2026/09/25 05:10,2026-09-25T05:25:03+09:00,2026/09/25,2026/10/08,2026-10,CALL,58875,6540,,,,,,,,,,,,,
2026/09/25 05:10,2026-09-25T05:25:03+09:00,2026/09/25,2026/10/08,2026-10,PUT,58875,106,10,1,34.62,30.94,129,1,76,1,32.34,25,28.41,113,09/24 20:56
2026/09/25 05:10,2026-09-25T05:25:03+09:00,2026/09/25,2026/10/08,2026-10,CALL,58750,6660,,,,,,,3,10,,,,,
2026/09/25 05:10,2026-09-25T05:25:03+09:00,2026/09/25,2026/10/08,2026-10,PUT,58750,102,64,1,33.12,19.84,98,1,3,20,32.73,17,19.32,105,09/24 19:58
2026/09/25 05:10,2026-09-25T05:25:03+09:00,2026/09/25,2026/10/08,2026-10,CALL,58625,6780,,,,,,,,,,,,,
2026/09/25 05:10,2026-09-25T05:25:03+09:00,2026/09/25,2026/10/08,2026-10,PUT,58625,100,58,,33.36,31.54,94,5,71,5,,,,,
2026/09/25 05:10,2026-09-25T05:25:03+09:00,2026/09/25,2026/10/08,2026-10,CALL,58500,6900,,,,,,,3,10,,,,,
2026/09/25 05:10,2026-09-25T05:25:03+09:00,2026/09/25,2026/10/08,2026-10,PUT,58500,94,786,8,37.54,30.03,150,1,50,2,33.02,10,11.49,97,09/25 00:47
2026/09/25 05:10,2026-09-25T05:25:03+09:00,2026/09/25,2026/10/08,2026-10,CALL,58375,7060,,,,,,,,,,,,,
2026/09/25 05:10,2026-09-25T05:25:03+09:00,2026/09/25,2026/10/08,2026-10,PUT,58375,90,483,1,33.95,32,88,1,65,5,32.89,20,28.17,91,09/24 20:48
2026/09/25 05:10,2026-09-25T05:25:03+09:00,2026/09/25,2026/10/08,2026-10,CALL,58250,7180,,,,,,,3,10,,,,,
2026/09/25 05:10,2026-09-25T05:25:03+09:00,2026/09/25,2026/10/08,2026-10,PUT,58250,86,127,,,22.47,,,5,1,,,,,
2026/09/25 05:10,2026-09-25T05:25:03+09:00,2026/09/25,2026/10/08,2026-10,CALL,58000,7425,,,,,,,,,,,,,
2026/09/25 05:10,2026-09-25T05:25:03+09:00,2026/09/25,2026/10/08,2026-10,PUT,58000,82,2432,88,34.84,31.38,80,1,45,29,34.25,-18,-21.95,64,09/25 02:08
2026/09/25 05:10,2026-09-25T05:25:03+09:00,2026/09/25,2026/10/08,2026-10,CALL,57750,7670,,,,,,,,,,,,,
2026/09/25 05:10,2026-09-25T05:25:03+09:00,2026/09/25,2026/10/08,2026-10,PUT,57750,74,82,2,35.34,33.36,74,5,54,5,34.73,-1,-1.33,74,09/24 21:31
2026/09/25 05:10,2026-09-25T05:25:03+09:00,2026/09/25,2026/10/08,2026-10,CALL,57500,7915,,,,,,,,,,,,,
2026/09/25 05:10,2026-09-25T05:25:03+09:00,2026/09/25,2026/10/08,2026-10,PUT,57500,69,505,3,35.88,30.33,69,5,25,1,35.39,3,4.48,70,09/24 21:17
2026/09/25 05:10,2026-09-25T05:25:03+09:00,2026/09/25,2026/10/08,2026-10,CALL,57250,8160,,,,,,,,,,,,,
2026/09/25 05:10,2026-09-25T05:25:03+09:00,2026/09/25,2026/10/08,2026-10,PUT,57250,68,163,1,36.58,34.35,66,1,46,1,35.57,0,0,68,09/25 00:30
2026/09/25 05:10,2026-09-25T05:25:03+09:00,2026/09/25,2026/10/08,2026-10,CALL,57000,8405,1,,,,,,,,,,,,
2026/09/25 05:10,2026-09-25T05:25:03+09:00,2026/09/25,2026/10/08,2026-10,PUT,57000,60,1558,41,37.06,34.5,61,5,40,1,36.69,-8,-13.79,50,09/25 01:48
2026/09/25 05:10,2026-09-25T05:25:03+09:00,2026/09/25,2026/10/08,2026-10,CALL,56750,8650,,,,,,,,,,,,,
2026/09/25 05:10,2026-09-25T05:25:03+09:00,2026/09/25,2026/10/08,2026-10,PUT,56750,56,132,,42.13,25.57,105,1,3,20,,,,,
2026/09/25 05:10,2026-09-25T05:25:03+09:00,2026/09/25,2026/10/08,2026-10,CALL,56500,8895,,,,,,,,,,,,,
2026/09/25 05:10,2026-09-25T05:25:03+09:00,2026/09/25,2026/10/08,2026-10,PUT,56500,53,660,5,38.34,35.93,55,1,37,1,37.35,1,2,51,09/24 23:47
2026/09/25 05:10,2026-09-25T05:25:03+09:00,2026/09/25,2026/10/08,2026-10,CALL,56250,9145,,,,,,,,,,,,,
2026/09/25 05:10,2026-09-25T05:25:03+09:00,2026/09/25,2026/10/08,2026-10,PUT,56250,49,77,,58.1,36.55,340,1,35,5,,,,,
2026/09/25 05:10,2026-09-25T05:25:03+09:00,2026/09/25,2026/10/08,2026-10,CALL,56000,9390,,,,,,,,,,,,,
2026/09/25 05:10,2026-09-25T05:25:03+09:00,2026/09/25,2026/10/08,2026-10,PUT,56000,43,2039,32,39.66,37.48,50,1,35,1,38.92,-4,-9.3,39,09/25 01:57
2026/09/25 05:10,2026-09-25T05:25:03+09:00,2026/09/25,2026/10/08,2026-10,CALL,55750,9635,,,,,,,,,,,,,
2026/09/25 05:10,2026-09-25T05:25:03+09:00,2026/09/25,2026/10/08,2026-10,PUT,55750,44,80,,44.18,28.47,81,3,3,23,,,,,
2026/09/25 05:10,2026-09-25T05:25:03+09:00,2026/09/25,2026/10/08,2026-10,CALL,55500,9885,,,,,,,,,,,,,
2026/09/25 05:10,2026-09-25T05:25:03+09:00,2026/09/25,2026/10/08,2026-10,PUT,55500,41,286,,40.76,38.44,44,3,30,1,,,,,
2026/09/25 05:10,2026-09-25T05:25:03+09:00,2026/09/25,2026/10/08,2026-10,CALL,55250,10130,,,,,,,,,,,,,
2026/09/25 05:10,2026-09-25T05:25:03+09:00,2026/09/25,2026/10/08,2026-10,PUT,55250,38,157,,41.41,38.55,42,3,26,9,,,,,
2026/09/25 05:10,2026-09-25T05:25:03+09:00,2026/09/25,2026/10/08,2026-10,CALL,55000,10380,4,,,,,,,,,,,,
2026/09/25 05:10,2026-09-25T05:25:03+09:00,2026/09/25,2026/10/08,2026-10,PUT,55000,34,3344,138,42.05,39.24,40,7,25,9,40.87,-4,-11.76,30,09/25 02:12
2026/09/25 05:10,2026-09-25T05:25:03+09:00,2026/09/25,2026/10/08,2026-10,CALL,54750,10625,,,,,,,,,,,,,
2026/09/25 05:10,2026-09-25T05:25:03+09:00,2026/09/25,2026/10/08,2026-10,PUT,54750,34,66,1,42.66,39.68,38,3,23,9,41.43,,,32,09/24 17:02
2026/09/25 05:10,2026-09-25T05:25:03+09:00,2026/09/25,2026/10/08,2026-10,CALL,54500,10875,,,,,,,,,,,,,
2026/09/25 05:10,2026-09-25T05:25:03+09:00,2026/09/25,2026/10/08,2026-10,PUT,54500,33,542,3,43.26,40.08,36,3,21,9,42.6,-1,-3.45,28,09/25 01:40
2026/09/25 05:10,2026-09-25T05:25:03+09:00,2026/09/25,2026/10/08,2026-10,CALL,54250,11120,,,,,,,,,,,,,
2026/09/25 05:10,2026-09-25T05:25:03+09:00,2026/09/25,2026/10/08,2026-10,PUT,54250,30,222,12,43.83,40.7,34,3,20,9,43.31,,,34,09/24 17:07
2026/09/25 05:10,2026-09-25T05:25:03+09:00,2026/09/25,2026/10/08,2026-10,CALL,54000,11370,,,,,,,,,,,,,
2026/09/25 05:10,2026-09-25T05:25:03+09:00,2026/09/25,2026/10/08,2026-10,PUT,54000,29,1272,13,43.96,41.31,30,3,19,9,43.16,3,11.11,30,09/25 00:46
2026/09/25 05:10,2026-09-25T05:25:03+09:00,2026/09/25,2026/10/08,2026-10,CALL,53750,11620,,,,,,,,,,,,,
2026/09/25 05:10,2026-09-25T05:25:03+09:00,2026/09/25,2026/10/08,2026-10,PUT,53750,28,160,,45.1,41.27,31,3,16,3,,,,,
2026/09/25 05:10,2026-09-25T05:25:03+09:00,2026/09/25,2026/10/08,2026-10,CALL,53500,11865,,,,,,,,,,,,,
2026/09/25 05:10,2026-09-25T05:25:03+09:00,2026/09/25,2026/10/08,2026-10,PUT,53500,26,1327,,45.15,42.78,27,4,18,3,,,,,
2026/09/25 05:10,2026-09-25T05:25:03+09:00,2026/09/25,2026/10/08,2026-10,CALL,53250,12115,,,,,,,,,,,,,
2026/09/25 05:10,2026-09-25T05:25:03+09:00,2026/09/25,2026/10/08,2026-10,PUT,53250,26,132,,46.31,42.31,28,3,14,3,,,,,
2026/09/25 05:10,2026-09-25T05:25:03+09:00,2026/09/25,2026/10/08,2026-10,CALL,53000,12365,34,,,,,,,,,,,,
2026/09/25 05:10,2026-09-25T05:25:03+09:00,2026/09/25,2026/10/08,2026-10,PUT,53000,23,1672,6,46.25,43.89,24,4,16,12,46.01,-2,-9.09,20,09/25 01:40
2026/09/25 05:10,2026-09-25T05:25:03+09:00,2026/09/25,2026/10/08,2026-10,CALL,52750,12615,,,,,,,,,,,,,
2026/09/25 05:10,2026-09-25T05:25:03+09:00,2026/09/25,2026/10/08,2026-10,PUT,52750,21,121,1,46.63,42.33,22,5,10,3,47.45,8,40,28,09/24 19:02
2026/09/25 05:10,2026-09-25T05:25:03+09:00,2026/09/25,2026/10/08,2026-10,CALL,52500,12860,,,,,,,,,,,,,
2026/09/25 05:10,2026-09-25T05:25:03+09:00,2026/09/25,2026/10/08,2026-10,PUT,52500,21,521,,47.25,44.91,21,4,14,3,,,,,
2026/09/25 05:10,2026-09-25T05:25:03+09:00,2026/09/25,2026/10/08,2026-10,CALL,52250,13110,,,,,,,,,,,,,
2026/09/25 05:10,2026-09-25T05:25:03+09:00,2026/09/25,2026/10/08,2026-10,PUT,52250,20,64,,49.28,43.5,25,3,9,3,,,,,
2026/09/25 05:10,2026-09-25T05:25:03+09:00,2026/09/25,2026/10/08,2026-10,CALL,52000,13360,,,,,,,,,,,,,
2026/09/25 05:10,2026-09-25T05:25:03+09:00,2026/09/25,2026/10/08,2026-10,PUT,52000,18,1417,16,48.76,47.05,20,3,15,1,47.58,-2,-11.76,15,09/25 01:17
2026/09/25 05:10,2026-09-25T05:25:03+09:00,2026/09/25,2026/10/08,2026-10,CALL,51750,13610,,,,,,,,,,,,,
2026/09/25 05:10,2026-09-25T05:25:03+09:00,2026/09/25,2026/10/08,2026-10,PUT,51750,18,145,,50.58,43.96,23,3,7,3,,,,,
2026/09/25 05:10,2026-09-25T05:25:03+09:00,2026/09/25,2026/10/08,2026-10,CALL,51500,13860,,,,,,,,,,,,,
2026/09/25 05:10,2026-09-25T05:25:03+09:00,2026/09/25,2026/10/08,2026-10,PUT,51500,17,413,1,50.26,47.07,19,3,11,13,48.85,1,6.25,17,09/25 00:06
2026/09/25 05:10,2026-09-25T05:25:03+09:00,2026/09/25,2026/10/08,2026-10,CALL,51250,14105,,,,,,,,,,,,,
2026/09/25 05:10,2026-09-25T05:25:03+09:00,2026/09/25,2026/10/08,2026-10,PUT,51250,16,293,1,50.47,47.42,17,3,10,3,49.66,3,21.43,17,09/24 18:16
2026/09/25 05:10,2026-09-25T05:25:03+09:00,2026/09/25,2026/10/08,2026-10,CALL,51000,14355,,,,,,,,,,,,,
2026/09/25 05:10,2026-09-25T05:25:03+09:00,2026/09/25,2026/10/08,2026-10,PUT,51000,15,554,10,51.37,48.8,17,3,11,2,50.27,-1,-7.14,13,09/25 01:17
2026/09/25 05:10,2026-09-25T05:25:03+09:00,2026/09/25,2026/10/08,2026-10,CALL,50750,14605,,,,,,,,,,,,,
2026/09/25 05:10,2026-09-25T05:25:03+09:00,2026/09/25,2026/10/08,2026-10,PUT,50750,15,165,,51.89,48.57,16,3,9,12,,,,,
2026/09/25 05:10,2026-09-25T05:25:03+09:00,2026/09/25,2026/10/08,2026-10,CALL,50500,14855,,,,,,,,,,,,,
2026/09/25 05:10,2026-09-25T05:25:03+09:00,2026/09/25,2026/10/08,2026-10,PUT,50500,14,305,,52.39,48.8,15,3,8,12,,,,,
2026/09/25 05:10,2026-09-25T05:25:03+09:00,2026/09/25,2026/10/08,2026-10,CALL,50250,15105,,,,,,,,,,,,,
2026/09/25 05:10,2026-09-25T05:25:03+09:00,2026/09/25,2026/10/08,2026-10,PUT,50250,13,73,,54.84,45.06,19,3,3,3,,,,,
2026/09/25 05:10,2026-09-25T05:25:03+09:00,2026/09/25,2026/10/08,2026-10,CALL,50000,15350,1,,,,,,,,,,,,
2026/09/25 05:10,2026-09-25T05:25:03+09:00,2026/09/25,2026/10/08,2026-10,PUT,50000,13,2694,43,52.29,51.15,11,3,9,2,51.71,-2,-15.38,11,09/25 00:52
2026/09/25 05:10,2026-09-25T05:25:03+09:00,2026/09/25,2026/10/08,2026-10,CALL,49750,15600,,,,,,,,,,,,,
2026/09/25 05:10,2026-09-25T05:25:03+09:00,2026/09/25,2026/10/08,2026-10,PUT,49750,12,67,,59,49.85,26,15,6,15,,,,,
2026/09/25 05:10,2026-09-25T05:25:03+09:00,2026/09/25,2026/10/08,2026-10,CALL,49500,15850,,,,,,,,,,,,,
2026/09/25 05:10,2026-09-25T05:25:03+09:00,2026/09/25,2026/10/08,2026-10,PUT,49500,11,311,4,59.96,52.88,26,15,9,1,53.09,0,0,10,09/24 21:30
2026/09/25 05:10,2026-09-25T05:25:03+09:00,2026/09/25,2026/10/08,2026-10,CALL,49250,16100,,,,,,,,,,,,,
2026/09/25 05:10,2026-09-25T05:25:03+09:00,2026/09/25,2026/10/08,2026-10,PUT,49250,11,80,6,54.38,50.6,10,2,5,15,53.59,-1,-10,9,09/24 22:23
2026/09/25 05:10,2026-09-25T05:25:03+09:00,2026/09/25,2026/10/08,2026-10,CALL,49000,16350,,,,,,,,,,,,,
2026/09/25 05:10,2026-09-25T05:25:03+09:00,2026/09/25,2026/10/08,2026-10,PUT,49000,10,478,13,55.84,52.38,11,2,6,10,54.42,-1,-10,9,09/24 23:16
2026/09/25 05:10,2026-09-25T05:25:03+09:00,2026/09/25,2026/10/08,2026-10,CALL,48750,16600,,,,,,,,,,,,,
2026/09/25 05:10,2026-09-25T05:25:03+09:00,2026/09/25,2026/10/08,2026-10,PUT,48750,10,275,,56.15,51.16,10,2,4,15,,,,,
2026/09/25 05:10,2026-09-25T05:25:03+09:00,2026/09/25,2026/10/08,2026-10,CALL,48500,16850,,,,,,,,,,,,,
2026/09/25 05:10,2026-09-25T05:25:03+09:00,2026/09/25,2026/10/08,2026-10,PUT,48500,9,207,1,58.2,51.99,12,21,4,15,55.61,-1,-11.11,8,09/24 22:36
2026/09/25 05:10,2026-09-25T05:25:03+09:00,2026/09/25,2026/10/08,2026-10,CALL,48250,17095,,,,,,,,,,,,,
2026/09/25 05:10,2026-09-25T05:25:03+09:00,2026/09/25,2026/10/08,2026-10,PUT,48250,8,53,,64.19,52.81,24,15,4,15,,,,,
2026/09/25 05:10,2026-09-25T05:25:03+09:00,2026/09/25,2026/10/08,2026-10,CALL,48000,17345,,,,,,,,,,,,,
2026/09/25 05:10,2026-09-25T05:25:03+09:00,2026/09/25,2026/10/08,2026-10,PUT,48000,8,946,1,58.83,54.8,10,2,5,11,55.9,-1,-12.5,7,09/25 00:15
2026/09/25 05:10,2026-09-25T05:25:03+09:00,2026/09/25,2026/10/08,2026-10,CALL,47750,17595,,,,,,,,,,,,,
2026/09/25 05:10,2026-09-25T05:25:03+09:00,2026/09/25,2026/10/08,2026-10,PUT,47750,6,46,1,60.36,53.06,11,15,3,44,56.77,0,0,7,09/25 00:15
2026/09/25 05:10,2026-09-25T05:25:03+09:00,2026/09/25,2026/10/08,2026-10,CALL,47500,17845,34,,,,,,,,,,,,
2026/09/25 05:10,2026-09-25T05:25:03+09:00,2026/09/25,2026/10/08,2026-10,PUT,47500,8,56,1,59.23,53.88,8,1,3,44,57.6,-1,-12.5,7,09/25 00:27
2026/09/25 05:10,2026-09-25T05:25:03+09:00,2026/09/25,2026/10/08,2026-10,CALL,47250,18095,,,,,,,,,,,,,
2026/09/25 05:10,2026-09-25T05:25:03+09:00,2026/09/25,2026/10/08,2026-10,PUT,47250,6,152,,59.3,54.7,7,1,3,36,,,,,
2026/09/25 05:10,2026-09-25T05:25:03+09:00,2026/09/25,2026/10/08,2026-10,CALL,47000,18340,,,,,,,,,,,,,
2026/09/25 05:10,2026-09-25T05:25:03+09:00,2026/09/25,2026/10/08,2026-10,PUT,47000,8,503,4,60.19,59.27,7,2,6,1,60.17,0,0,8,09/24 17:37
2026/09/25 05:10,2026-09-25T05:25:03+09:00,2026/09/25,2026/10/08,2026-10,CALL,46750,18590,,,,,,,,,,,,,
2026/09/25 05:10,2026-09-25T05:25:03+09:00,2026/09/25,2026/10/08,2026-10,PUT,46750,5,133,,69.38,56.36,22,15,3,20,,,,,
2026/09/25 05:10,2026-09-25T05:25:03+09:00,2026/09/25,2026/10/08,2026-10,CALL,46500,18840,,,,,,,,,,,,,
2026/09/25 05:10,2026-09-25T05:25:03+09:00,2026/09/25,2026/10/08,2026-10,PUT,46500,6,260,1,70.37,57.19,22,15,3,21,61.15,1,16.67,7,09/24 18:50
2026/09/25 05:10,2026-09-25T05:25:03+09:00,2026/09/25,2026/10/08,2026-10,CALL,46250,19090,,,,,,,,,,,,,
2026/09/25 05:10,2026-09-25T05:25:03+09:00,2026/09/25,2026/10/08,2026-10,PUT,46250,6,13,,71.37,59.56,22,15,4,1,,,,,
2026/09/25 05:10,2026-09-25T05:25:03+09:00,2026/09/25,2026/10/08,2026-10,CALL,46000,19340,,,,,,,,,,,,,
2026/09/25 05:10,2026-09-25T05:25:03+09:00,2026/09/25,2026/10/08,2026-10,PUT,46000,6,555,4,62.8,60.42,6,3,4,50,62.23,0,0,6,09/24 17:32
2026/09/25 05:10,2026-09-25T05:25:03+09:00,2026/09/25,2026/10/08,2026-10,CALL,45750,19590,,,,,,,,,,,,,
2026/09/25 05:10,2026-09-25T05:25:03+09:00,2026/09/25,2026/10/08,2026-10,PUT,45750,5,132,,72.98,59.71,21,15,3,20,,,,,
2026/09/25 05:10,2026-09-25T05:25:03+09:00,2026/09/25,2026/10/08,2026-10,CALL,45500,19840,,,,,,,,,,,,,
2026/09/25 05:10,2026-09-25T05:25:03+09:00,2026/09/25,2026/10/08,2026-10,PUT,45500,5,805,,64.6,60.56,6,1,3,21,,,,,
2026/09/25 05:10,2026-09-25T05:25:03+09:00,2026/09/25,2026/10/08,2026-10,CALL,45250,20090,,,,,,,,,,,,,
2026/09/25 05:10,2026-09-25T05:25:03+09:00,2026/09/25,2026/10/08,2026-10,PUT,45250,4,29,,65.5,61.42,6,2,3,20,,,,,
2026/09/25 05:10,2026-09-25T05:25:03+09:00,2026/09/25,2026/10/08,2026-10,CALL,45000,20340,2,,,,,,,,,,,,
2026/09/25 05:10,2026-09-25T05:25:03+09:00,2026/09/25,2026/10/08,2026-10,PUT,45000,5,2074,21,66.41,62.28,6,1,3,46,64,-1,-20,4,09/25 03:37
2026/09/25 05:10,2026-09-25T05:25:03+09:00,2026/09/25,2026/10/08,2026-10,CALL,44750,20590,,,,,,,,,,,,,
2026/09/25 05:10,2026-09-25T05:25:03+09:00,2026/09/25,2026/10/08,2026-10,PUT,44750,4,37,,77.04,60.99,21,15,2,50,,,,,
2026/09/25 05:10,2026-09-25T05:25:03+09:00,2026/09/25,2026/10/08,2026-10,CALL,44500,20840,,,,,,,,,,,,,
2026/09/25 05:10,2026-09-25T05:25:03+09:00,2026/09/25,2026/10/08,2026-10,PUT,44500,4,24,8,77.62,61.83,20,15,2,51,65.36,0,0,4,09/24 21:55
2026/09/25 05:10,2026-09-25T05:25:03+09:00,2026/09/25,2026/10/08,2026-10,CALL,44250,21090,,,,,,,,,,,,,
2026/09/25 05:10,2026-09-25T05:25:03+09:00,2026/09/25,2026/10/08,2026-10,PUT,44250,4,37,,78.65,62.67,20,15,2,50,,,,,
2026/09/25 05:10,2026-09-25T05:25:03+09:00,2026/09/25,2026/10/08,2026-10,CALL,44000,21340,,,,,,,,,,,,,
2026/09/25 05:10,2026-09-25T05:25:03+09:00,2026/09/25,2026/10/08,2026-10,PUT,44000,4,314,,68.87,63.52,5,2,2,54,,,,,
2026/09/25 05:10,2026-09-25T05:25:03+09:00,2026/09/25,2026/10/08,2026-10,CALL,43750,21590,,,,,,,,,,,,,
2026/09/25 05:10,2026-09-25T05:25:03+09:00,2026/09/25,2026/10/08,2026-10,PUT,43750,4,25,,80.72,60.94,20,15,1,34,,,,,
2026/09/25 05:10,2026-09-25T05:25:03+09:00,2026/09/25,2026/10/08,2026-10,CALL,43500,21840,,,,,,,,,,,,,
2026/09/25 05:10,2026-09-25T05:25:03+09:00,2026/09/25,2026/10/08,2026-10,PUT,43500,4,45,,81.76,61.76,20,15,1,30,,,,,
2026/09/25 05:10,2026-09-25T05:25:03+09:00,2026/09/25,2026/10/08,2026-10,CALL,43250,22090,,,,,,,,,,,,,
2026/09/25 05:10,2026-09-25T05:25:03+09:00,2026/09/25,2026/10/08,2026-10,PUT,43250,2,19,,82.81,62.58,20,15,1,30,,,,,
2026/09/25 05:10,2026-09-25T05:25:03+09:00,2026/09/25,2026/10/08,2026-10,CALL,43000,22340,,,,,,,,,,,,,
2026/09/25 05:10,2026-09-25T05:25:03+09:00,2026/09/25,2026/10/08,2026-10,PUT,43000,3,422,38,71.09,69.3,4,2,3,1,69.45,-1,-25,3,09/25 04:18
2026/09/25 05:10,2026-09-25T05:25:03+09:00,2026/09/25,2026/10/08,2026-10,CALL,42750,22590,3,,,,,,,,,,,,
2026/09/25 05:10,2026-09-25T05:25:03+09:00,2026/09/25,2026/10/08,2026-10,PUT,42750,3,31,3,84.92,64.23,20,15,1,10,69.57,0,0,3,09/24 20:25
2026/09/25 05:10,2026-09-25T05:25:03+09:00,2026/09/25,2026/10/08,2026-10,CALL,42000,23340,,,,,,,,,,,,,
2026/09/25 05:10,2026-09-25T05:25:03+09:00,2026/09/25,2026/10/08,2026-10,PUT,42000,3,292,7,72.92,70.47,3,1,2,5,72.27,0,0,3,09/25 00:10
2026/09/25 05:10,2026-09-25T05:25:03+09:00,2026/09/25,2026/10/08,2026-10,CALL,41000,24340,,,,,,,,,,,,,
2026/09/25 05:10,2026-09-25T05:25:03+09:00,2026/09/25,2026/10/08,2026-10,PUT,41000,2,227,1,76.62,74.06,3,3,2,4,77.8,1,33.33,4,09/24 20:54
2026/09/25 05:10,2026-09-25T05:25:03+09:00,2026/09/25,2026/10/08,2026-10,CALL,40000,25335,,,,,,,,,,,,,
2026/09/25 05:10,2026-09-25T05:25:03+09:00,2026/09/25,2026/10/08,2026-10,PUT,40000,2,4464,6,80.4,77.73,3,8,2,28,77.38,0,0,2,09/24 21:28
2026/09/25 05:10,2026-09-25T05:25:03+09:00,2026/09/25,2026/10/08,2026-10,CALL,39000,26335,,,,,,,,,,,,,
2026/09/25 05:10,2026-09-25T05:25:03+09:00,2026/09/25,2026/10/08,2026-10,PUT,39000,2,160,2,81.49,77.25,2,9,1,61,80.88,0,0,2,09/24 21:04
2026/09/25 05:10,2026-09-25T05:25:03+09:00,2026/09/25,2026/10/08,2026-10,CALL,38000,27335,,,,,,,,,,,,,
2026/09/25 05:10,2026-09-25T05:25:03+09:00,2026/09/25,2026/10/08,2026-10,PUT,38000,2,214,2,85.34,80.92,2,8,1,76,84.81,1,100,2,09/24 21:00
2026/09/25 05:10,2026-09-25T05:25:03+09:00,2026/09/25,2026/10/08,2026-10,CALL,37000,28335,,,,,,,,,,,,,
2026/09/25 05:10,2026-09-25T05:25:03+09:00,2026/09/25,2026/10/08,2026-10,PUT,37000,1,329,,89.29,84.68,2,7,1,46,,,,,
2026/09/25 05:10,2026-09-25T05:25:03+09:00,2026/09/25,2026/10/08,2026-10,CALL,36000,29335,,,,,,,,,,,,,
2026/09/25 05:10,2026-09-25T05:25:03+09:00,2026/09/25,2026/10/08,2026-10,PUT,36000,1,86,1,93.34,88.54,2,20,1,8,88.08,0,0,1,09/25 00:04
2026/09/25 05:10,2026-09-25T05:25:03+09:00,2026/09/25,2026/10/08,2026-10,CALL,35000,30335,24,,,,,,,,,,,,
2026/09/25 05:10,2026-09-25T05:25:03+09:00,2026/09/25,2026/10/08,2026-10,PUT,35000,1,2229,89,97.5,92.51,2,40,1,6,92.39,0,0,1,09/24 22:51
2026/09/25 05:10,2026-09-25T05:25:03+09:00,2026/09/25,2026/10/08,2026-10,CALL,34000,31335,,,,,,,,,,,,,
2026/09/25 05:10,2026-09-25T05:25:03+09:00,2026/09/25,2026/10/08,2026-10,PUT,34000,1,177,40,96.58,,1,98,,,96.09,0,0,1,09/24 18:10
2026/09/25 05:10,2026-09-25T05:25:03+09:00,2026/09/25,2026/10/08,2026-10,CALL,33000,32335,,,,,,,,,,,,,
2026/09/25 05:10,2026-09-25T05:25:03+09:00,2026/09/25,2026/10/08,2026-10,PUT,33000,1,2929,2,100.78,,1,105,,,100.17,0,0,1,09/24 20:08
2026/09/25 05:10,2026-09-25T05:25:03+09:00,2026/09/25,2026/11/12,2026-11,CALL,85000,8,123,6,26.27,25.52,8,3,6,1,25.65,-1,-14.29,6,09/25 00:01
2026/09/25 05:10,2026-09-25T05:25:03+09:00,2026/09/25,2026/11/12,2026-11,PUT,85000,19645,,,,,,,,,,,,,
2026/09/25 05:10,2026-09-25T05:25:03+09:00,2026/09/25,2026/11/12,2026-11,CALL,82500,15,125,,25.29,24.66,15,1,12,1,,,,,
2026/09/25 05:10,2026-09-25T05:25:03+09:00,2026/09/25,2026/11/12,2026-11,PUT,82500,17155,,,,,,,,,,,,,
2026/09/25 05:10,2026-09-25T05:25:03+09:00,2026/09/25,2026/11/12,2026-11,CALL,80000,32,169,11,25.4,24.06,40,7,27,1,24.43,-2,-5.56,34,09/25 01:17
2026/09/25 05:10,2026-09-25T05:25:03+09:00,2026/09/25,2026/11/12,2026-11,PUT,80000,14675,,,,,,,,,,,,,
2026/09/25 05:10,2026-09-25T05:25:03+09:00,2026/09/25,2026/11/12,2026-11,CALL,79500,40,11,1,24.82,22.79,41,1,22,7,24.91,-1,-2.56,38,09/24 20:35
2026/09/25 05:10,2026-09-25T05:25:03+09:00,2026/09/25,2026/11/12,2026-11,PUT,79500,14185,2,,,,,,,,,,,,
2026/09/25 05:10,2026-09-25T05:25:03+09:00,2026/09/25,2026/11/12,2026-11,CALL,79000,44,39,2,25.31,23.4,56,1,33,1,24.65,-3,-6.12,46,09/24 22:15
2026/09/25 05:10,2026-09-25T05:25:03+09:00,2026/09/25,2026/11/12,2026-11,PUT,79000,13690,,,,,,,,,,,,,
2026/09/25 05:10,2026-09-25T05:25:03+09:00,2026/09/25,2026/11/12,2026-11,CALL,78500,53,2,1,24.94,23.46,61,2,41,1,24.72,-9,-14.75,52,09/24 17:24
2026/09/25 05:10,2026-09-25T05:25:03+09:00,2026/09/25,2026/11/12,2026-11,PUT,78500,13200,,,,,,,,,,,,,
2026/09/25 05:10,2026-09-25T05:25:03+09:00,2026/09/25,2026/11/12,2026-11,CALL,78000,62,145,1,25.06,23.39,75,1,49,1,24.5,-6,-9.23,59,09/24 17:24
2026/09/25 05:10,2026-09-25T05:25:03+09:00,2026/09/25,2026/11/12,2026-11,PUT,78000,12710,,,,,,,,,,,,,
2026/09/25 05:10,2026-09-25T05:25:03+09:00,2026/09/25,2026/11/12,2026-11,CALL,77500,74,1,,24.79,23.42,84,1,60,1,,,,,
2026/09/25 05:10,2026-09-25T05:25:03+09:00,2026/09/25,2026/11/12,2026-11,PUT,77500,12225,,,,,,,,,,,,,
2026/09/25 05:10,2026-09-25T05:25:03+09:00,2026/09/25,2026/11/12,2026-11,CALL,77000,87,130,6,24.83,23.32,101,1,71,1,24.03,0,0,93,09/25 02:03
2026/09/25 05:10,2026-09-25T05:25:03+09:00,2026/09/25,2026/11/12,2026-11,PUT,77000,11735,,,,,,,,,,,,,
2026/09/25 05:10,2026-09-25T05:25:03+09:00,2026/09/25,2026/11/12,2026-11,CALL,76500,104,282,,24.42,23.76,110,2,95,2,,,,,
2026/09/25 05:10,2026-09-25T05:25:03+09:00,2026/09/25,2026/11/12,2026-11,PUT,76500,11255,,,,,,,,,,,,,
2026/09/25 05:10,2026-09-25T05:25:03+09:00,2026/09/25,2026/11/12,2026-11,CALL,76250,117,1,2,24.38,23.8,119,2,105,2,23.98,4,3.42,121,09/25 01:18
2026/09/25 05:10,2026-09-25T05:25:03+09:00,2026/09/25,2026/11/12,2026-11,PUT,76250,11015,,,,,,,,,,,,,
2026/09/25 05:10,2026-09-25T05:25:03+09:00,2026/09/25,2026/11/12,2026-11,CALL,76000,127,42,2,24.36,23.73,129,2,113,2,24.66,-7,-5.51,120,09/24 20:59
2026/09/25 05:10,2026-09-25T05:25:03+09:00,2026/09/25,2026/11/12,2026-11,PUT,76000,10775,,,,,,,,,,,,,
2026/09/25 05:10,2026-09-25T05:25:03+09:00,2026/09/25,2026/11/12,2026-11,CALL,75750,131,1,,24.34,23.71,140,2,123,2,,,,,
2026/09/25 05:10,2026-09-25T05:25:03+09:00,2026/09/25,2026/11/12,2026-11,PUT,75750,10535,,,,,,,,,,,,,
2026/09/25 05:10,2026-09-25T05:25:03+09:00,2026/09/25,2026/11/12,2026-11,CALL,75500,143,77,,24.36,23.69,153,2,134,2,,,,,
2026/09/25 05:10,2026-09-25T05:25:03+09:00,2026/09/25,2026/11/12,2026-11,PUT,75500,10295,,,,,,,,,,,,,
2026/09/25 05:10,2026-09-25T05:25:03+09:00,2026/09/25,2026/11/12,2026-11,CALL,75250,156,,,24.34,23.75,166,2,148,2,,,,,
2026/09/25 05:10,2026-09-25T05:25:03+09:00,2026/09/25,2026/11/12,2026-11,PUT,75250,10060,,,,,,,,,,,,,
2026/09/25 05:10,2026-09-25T05:25:03+09:00,2026/09/25,2026/11/12,2026-11,CALL,75000,174,403,4,24.27,23.71,178,2,160,2,24.13,-4,-2.3,170,09/24 22:14
2026/09/25 05:10,2026-09-25T05:25:03+09:00,2026/09/25,2026/11/12,2026-11,PUT,75000,9820,,,,,,,,,,,,,
2026/09/25 05:10,2026-09-25T05:25:03+09:00,2026/09/25,2026/11/12,2026-11,CALL,74750,184,,,24.29,23.66,194,2,173,2,,,,,
2026/09/25 05:10,2026-09-25T05:25:03+09:00,2026/09/25,2026/11/12,2026-11,PUT,74750,9590,,,,,,,,,,,,,
2026/09/25 05:10,2026-09-25T05:25:03+09:00,2026/09/25,2026/11/12,2026-11,CALL,74500,199,117,1,24.24,23.65,209,2,188,2,24.19,,,193,09/24 17:12
2026/09/25 05:10,2026-09-25T05:25:03+09:00,2026/09/25,2026/11/12,2026-11,PUT,74500,9355,,,,,,,,,,,,,
2026/09/25 05:10,2026-09-25T05:25:03+09:00,2026/09/25,2026/11/12,2026-11,CALL,74250,216,1,,24.25,23.61,227,2,203,2,,,,,
2026/09/25 05:10,2026-09-25T05:25:03+09:00,2026/09/25,2026/11/12,2026-11,PUT,74250,9120,,,,,,,,,,,,,
2026/09/25 05:10,2026-09-25T05:25:03+09:00,2026/09/25,2026/11/12,2026-11,CALL,74000,234,116,4,24.22,23.64,245,2,222,2,23.79,-52,-19.85,210,09/25 00:31
2026/09/25 05:10,2026-09-25T05:25:03+09:00,2026/09/25,2026/11/12,2026-11,PUT,74000,8890,,,,,,,,,,,,,
2026/09/25 05:10,2026-09-25T05:25:03+09:00,2026/09/25,2026/11/12,2026-11,CALL,73750,255,2,,24.14,23.66,262,2,242,2,,,,,
2026/09/25 05:10,2026-09-25T05:25:03+09:00,2026/09/25,2026/11/12,2026-11,PUT,73750,8660,,,,,,,,,,,,,
2026/09/25 05:10,2026-09-25T05:25:03+09:00,2026/09/25,2026/11/12,2026-11,CALL,73500,277,10,10,24.24,23.66,288,2,263,2,24.22,-31,-10.69,259,09/24 17:15
2026/09/25 05:10,2026-09-25T05:25:03+09:00,2026/09/25,2026/11/12,2026-11,PUT,73500,8430,,,,,,,,,,,,,
2026/09/25 05:10,2026-09-25T05:25:03+09:00,2026/09/25,2026/11/12,2026-11,CALL,73250,300,,,24.21,23.64,310,2,284,2,,,,,
2026/09/25 05:10,2026-09-25T05:25:03+09:00,2026/09/25,2026/11/12,2026-11,PUT,73250,8200,,,,,,,,,,,,,
2026/09/25 05:10,2026-09-25T05:25:03+09:00,2026/09/25,2026/11/12,2026-11,CALL,73000,325,128,7,24.21,23.58,335,2,305,2,23.7,-40,-11.76,300,09/25 00:06
2026/09/25 05:10,2026-09-25T05:25:03+09:00,2026/09/25,2026/11/12,2026-11,PUT,73000,7975,,,,,,,,,,,,,
2026/09/25 05:10,2026-09-25T05:25:03+09:00,2026/09/25,2026/11/12,2026-11,CALL,72750,345,,,24.17,23.67,360,2,335,2,,,,,
2026/09/25 05:10,2026-09-25T05:25:03+09:00,2026/09/25,2026/11/12,2026-11,PUT,72750,7750,,,,,,,,,,,,,
2026/09/25 05:10,2026-09-25T05:25:03+09:00,2026/09/25,2026/11/12,2026-11,CALL,72500,375,608,,24.2,23.63,390,2,360,2,,,,,
2026/09/25 05:10,2026-09-25T05:25:03+09:00,2026/09/25,2026/11/12,2026-11,PUT,72500,7525,330,,,,,,,,,,,,
2026/09/25 05:10,2026-09-25T05:25:03+09:00,2026/09/25,2026/11/12,2026-11,CALL,72250,405,2,,24.19,23.64,420,2,390,2,,,,,
2026/09/25 05:10,2026-09-25T05:25:03+09:00,2026/09/25,2026/11/12,2026-11,PUT,72250,7305,,,,,,,,,,,,,
2026/09/25 05:10,2026-09-25T05:25:03+09:00,2026/09/25,2026/11/12,2026-11,CALL,72125,420,,,25.64,22.11,520,15,325,15,,,,,
2026/09/25 05:10,2026-09-25T05:25:03+09:00,2026/09/25,2026/11/12,2026-11,PUT,72125,7205,,,,,,,,,,,,,
2026/09/25 05:10,2026-09-25T05:25:03+09:00,2026/09/25,2026/11/12,2026-11,CALL,72000,435,519,5,24.15,23.62,450,2,420,2,24,0,0,440,09/24 22:31
2026/09/25 05:10,2026-09-25T05:25:03+09:00,2026/09/25,2026/11/12,2026-11,PUT,72000,7090,,,,,,,,,,,,,
2026/09/25 05:10,2026-09-25T05:25:03+09:00,2026/09/25,2026/11/12,2026-11,CALL,71875,450,,,26.01,22.24,580,15,360,15,,,,,
2026/09/25 05:10,2026-09-25T05:25:03+09:00,2026/09/25,2026/11/12,2026-11,PUT,71875,6980,,,,,,,,,,,,,
2026/09/25 05:10,2026-09-25T05:25:03+09:00,2026/09/25,2026/11/12,2026-11,CALL,71750,470,,,24.16,23.65,485,2,455,2,,,,,
2026/09/25 05:10,2026-09-25T05:25:03+09:00,2026/09/25,2026/11/12,2026-11,PUT,71750,6875,,,,,,,,,,,,,
2026/09/25 05:10,2026-09-25T05:25:03+09:00,2026/09/25,2026/11/12,2026-11,CALL,71625,480,8,,25.63,22.4,595,15,400,15,,,,,
2026/09/25 05:10,2026-09-25T05:25:03+09:00,2026/09/25,2026/11/12,2026-11,PUT,71625,6765,,,,,,,,,,,,,
2026/09/25 05:10,2026-09-25T05:25:03+09:00,2026/09/25,2026/11/12,2026-11,CALL,71500,505,356,1,24.22,23.56,525,2,485,2,23.8,-65,-11.02,525,09/25 01:16
2026/09/25 05:10,2026-09-25T05:25:03+09:00,2026/09/25,2026/11/12,2026-11,PUT,71500,6660,,,,,,,,,,,,,
2026/09/25 05:10,2026-09-25T05:25:03+09:00,2026/09/25,2026/11/12,2026-11,CALL,71375,515,,,25.54,22.42,630,15,435,15,,,,,
2026/09/25 05:10,2026-09-25T05:25:03+09:00,2026/09/25,2026/11/12,2026-11,PUT,71375,6550,,,,,,,,,,,,,
2026/09/25 05:10,2026-09-25T05:25:03+09:00,2026/09/25,2026/11/12,2026-11,CALL,71250,545,5,,24.23,23.68,565,2,530,2,,,,,
2026/09/25 05:10,2026-09-25T05:25:03+09:00,2026/09/25,2026/11/12,2026-11,PUT,71250,6445,,,,,,,,,,,,,
2026/09/25 05:10,2026-09-25T05:25:03+09:00,2026/09/25,2026/11/12,2026-11,CALL,71125,560,2,,25.57,22.49,675,15,475,15,,,,,
2026/09/25 05:10,2026-09-25T05:25:03+09:00,2026/09/25,2026/11/12,2026-11,PUT,71125,6340,,,,,,,,,,,,,
2026/09/25 05:10,2026-09-25T05:25:03+09:00,2026/09/25,2026/11/12,2026-11,CALL,71000,585,625,2,24.13,23.68,600,2,570,2,23.94,15,2.34,655,09/25 01:43
2026/09/25 05:10,2026-09-25T05:25:03+09:00,2026/09/25,2026/11/12,2026-11,PUT,71000,6240,,,,,,,,,,,,,
2026/09/25 05:10,2026-09-25T05:25:03+09:00,2026/09/25,2026/11/12,2026-11,CALL,70875,610,,,25.84,22.59,740,15,520,15,,,,,
2026/09/25 05:10,2026-09-25T05:25:03+09:00,2026/09/25,2026/11/12,2026-11,PUT,70875,6145,,,,,,,,,,,,,
2026/09/25 05:10,2026-09-25T05:25:03+09:00,2026/09/25,2026/11/12,2026-11,CALL,70750,625,4,,24.15,23.71,645,2,615,2,,,,,
2026/09/25 05:10,2026-09-25T05:25:03+09:00,2026/09/25,2026/11/12,2026-11,PUT,70750,6030,160,,,,,,,,,,,,
2026/09/25 05:10,2026-09-25T05:25:03+09:00,2026/09/25,2026/11/12,2026-11,CALL,70625,650,,,25.51,22.64,765,15,565,15,,,,,
2026/09/25 05:10,2026-09-25T05:25:03+09:00,2026/09/25,2026/11/12,2026-11,PUT,70625,5935,,,,,,,,,,,,,
2026/09/25 05:10,2026-09-25T05:25:03+09:00,2026/09/25,2026/11/12,2026-11,CALL,70500,670,30,,24.2,23.63,695,2,655,2,,,,,
2026/09/25 05:10,2026-09-25T05:25:03+09:00,2026/09/25,2026/11/12,2026-11,PUT,70500,5825,,,,,,,,,,,,,
2026/09/25 05:10,2026-09-25T05:25:03+09:00,2026/09/25,2026/11/12,2026-11,CALL,70375,700,,,25.84,22.73,840,15,615,15,,,,,
2026/09/25 05:10,2026-09-25T05:25:03+09:00,2026/09/25,2026/11/12,2026-11,PUT,70375,5735,,,,,,,,,,,,,
2026/09/25 05:10,2026-09-25T05:25:03+09:00,2026/09/25,2026/11/12,2026-11,CALL,70250,720,4,,24.28,23.66,750,2,705,2,,,,,
2026/09/25 05:10,2026-09-25T05:25:03+09:00,2026/09/25,2026/11/12,2026-11,PUT,70250,5620,,,28.95,17.01,5900,1,5070,1,,,,,
2026/09/25 05:10,2026-09-25T05:25:03+09:00,2026/09/25,2026/11/12,2026-11,CALL,70125,730,,,25.79,22.77,890,15,665,15,,,,,
2026/09/25 05:10,2026-09-25T05:25:03+09:00,2026/09/25,2026/11/12,2026-11,PUT,70125,5520,,,28.02,16.34,5730,2,4925,2,,,,,
2026/09/25 05:10,2026-09-25T05:25:03+09:00,2026/09/25,2026/11/12,2026-11,CALL,70000,775,1032,6,24.32,23.59,805,2,750,2,23.77,25,3.23,800,09/25 01:16
2026/09/25 05:10,2026-09-25T05:25:03+09:00,2026/09/25,2026/11/12,2026-11,PUT,70000,5425,460,,27.64,16.42,5605,4,4820,4,,,,,
2026/09/25 05:10,2026-09-25T05:25:03+09:00,2026/09/25,2026/11/12,2026-11,CALL,69875,785,16,,25.64,22.9,935,15,725,15,,,,,
2026/09/25 05:10,2026-09-25T05:25:03+09:00,2026/09/25,2026/11/12,2026-11,PUT,69875,5320,,,27.76,16.66,5520,2,4725,2,,,,,
2026/09/25 05:10,2026-09-25T05:25:03+09:00,2026/09/25,2026/11/12,2026-11,CALL,69750,815,1,,24.32,23.73,860,2,815,2,,,,,
2026/09/25 05:10,2026-09-25T05:25:03+09:00,2026/09/25,2026/11/12,2026-11,PUT,69750,5230,,,27.51,16.87,5405,1,4630,1,,,,,
2026/09/25 05:10,2026-09-25T05:25:03+09:00,2026/09/25,2026/11/12,2026-11,CALL,69625,860,,,25.59,22.92,990,15,780,15,,,,,
2026/09/25 05:10,2026-09-25T05:25:03+09:00,2026/09/25,2026/11/12,2026-11,PUT,69625,5145,,,27.55,17.21,5315,2,4545,2,,,,,
2026/09/25 05:10,2026-09-25T05:25:03+09:00,2026/09/25,2026/11/12,2026-11,CALL,69500,875,16,,24.4,23.71,925,2,870,2,,,,,
2026/09/25 05:10,2026-09-25T05:25:03+09:00,2026/09/25,2026/11/12,2026-11,PUT,69500,5030,1,,27.4,16.97,5210,1,4425,1,,,,,
2026/09/25 05:10,2026-09-25T05:25:03+09:00,2026/09/25,2026/11/12,2026-11,CALL,69375,915,,,25.69,22.89,1060,15,835,15,,,,,
2026/09/25 05:10,2026-09-25T05:25:03+09:00,2026/09/25,2026/11/12,2026-11,PUT,69375,4955,,,27.36,17.49,5115,2,4355,2,,,,,
2026/09/25 05:10,2026-09-25T05:25:03+09:00,2026/09/25,2026/11/12,2026-11,CALL,69250,935,1,,24.26,23.77,975,2,935,2,,,,,
2026/09/25 05:10,2026-09-25T05:25:03+09:00,2026/09/25,2026/11/12,2026-11,PUT,69250,4845,,,27.09,17.38,5000,1,4245,1,,,,,
2026/09/25 05:10,2026-09-25T05:25:03+09:00,2026/09/25,2026/11/12,2026-11,CALL,69125,970,,,25.38,22.89,1100,15,895,15,,,,,
2026/09/25 05:10,2026-09-25T05:25:03+09:00,2026/09/25,2026/11/12,2026-11,PUT,69125,4760,,,26.98,17.62,4900,2,4160,2,,,,,
2026/09/25 05:10,2026-09-25T05:25:03+09:00,2026/09/25,2026/11/12,2026-11,CALL,69000,1010,3467,5,24.39,23.79,1050,2,1000,2,23.88,80,7.77,1110,09/25 01:43
2026/09/25 05:10,2026-09-25T05:25:03+09:00,2026/09/25,2026/11/12,2026-11,PUT,69000,4660,450,,26.75,17.7,4790,4,4065,4,,,,,
2026/09/25 05:10,2026-09-25T05:25:03+09:00,2026/09/25,2026/11/12,2026-11,CALL,68875,1045,,,25.47,23.04,1175,15,970,15,,,,,
2026/09/25 05:10,2026-09-25T05:25:03+09:00,2026/09/25,2026/11/12,2026-11,PUT,68875,4585,,,26.92,17.96,4715,2,3985,2,,,,,
2026/09/25 05:10,2026-09-25T05:25:03+09:00,2026/09/25,2026/11/12,2026-11,CALL,68750,1065,10,,24.48,23.71,1125,2,1060,2,,,,,
2026/09/25 05:10,2026-09-25T05:25:03+09:00,2026/09/25,2026/11/12,2026-11,PUT,68750,4475,,,27.98,21.98,4720,1,4205,1,,,,,
2026/09/25 05:10,2026-09-25T05:25:03+09:00,2026/09/25,2026/11/12,2026-11,CALL,68625,1120,,,25.34,23.13,1235,15,1045,15,,,,,
2026/09/25 05:10,2026-09-25T05:25:03+09:00,2026/09/25,2026/11/12,2026-11,PUT,68625,4405,,,26.54,18.16,4505,2,3805,2,,,,,
2026/09/25 05:10,2026-09-25T05:25:03+09:00,2026/09/25,2026/11/12,2026-11,CALL,68500,1150,14,,24.46,23.71,1195,2,1130,2,,,,,
2026/09/25 05:10,2026-09-25T05:25:03+09:00,2026/09/25,2026/11/12,2026-11,PUT,68500,4305,478,,25.03,22.31,4285,7,4050,7,,,,,
2026/09/25 05:10,2026-09-25T05:25:03+09:00,2026/09/25,2026/11/12,2026-11,CALL,68375,1190,16,,25.34,23.23,1310,15,1125,15,,,,,
2026/09/25 05:10,2026-09-25T05:25:03+09:00,2026/09/25,2026/11/12,2026-11,PUT,68375,4230,16,,26.47,18.35,4325,2,3630,2,,,,,
2026/09/25 05:10,2026-09-25T05:25:03+09:00,2026/09/25,2026/11/12,2026-11,CALL,68250,1215,,,24.57,23.84,1280,2,1215,2,,,,,
2026/09/25 05:10,2026-09-25T05:25:03+09:00,2026/09/25,2026/11/12,2026-11,PUT,68250,4130,,,24.29,22.53,4045,2,3890,3,,,,,
2026/09/25 05:10,2026-09-25T05:25:03+09:00,2026/09/25,2026/11/12,2026-11,CALL,68125,1260,,,25.37,23.07,1390,15,1185,15,,,,,
2026/09/25 05:10,2026-09-25T05:25:03+09:00,2026/09/25,2026/11/12,2026-11,PUT,68125,4050,,,26.25,18.53,4135,2,3460,2,,,,,
2026/09/25 05:10,2026-09-25T05:25:03+09:00,2026/09/25,2026/11/12,2026-11,CALL,68000,1295,510,4,24.54,23.81,1355,2,1290,2,24.74,-40,-3.03,1280,09/24 19:58
2026/09/25 05:10,2026-09-25T05:25:03+09:00,2026/09/25,2026/11/12,2026-11,PUT,68000,3960,,,24.54,22.58,3895,5,3720,9,,,,,
2026/09/25 05:10,2026-09-25T05:25:03+09:00,2026/09/25,2026/11/12,2026-11,CALL,67875,1345,2,,25.63,23.37,1495,15,1290,15,,,,,
2026/09/25 05:10,2026-09-25T05:25:03+09:00,2026/09/25,2026/11/12,2026-11,PUT,67875,3885,,,26.06,18.66,3950,2,3290,2,,,,,
2026/09/25 05:10,2026-09-25T05:25:03+09:00,2026/09/25,2026/11/12,2026-11,CALL,67750,1390,35,,24.84,23.8,1465,1,1370,1,,,,,
2026/09/25 05:10,2026-09-25T05:25:03+09:00,2026/09/25,2026/11/12,2026-11,PUT,67750,3805,,,24.51,22.64,3725,1,3555,2,,,,,
2026/09/25 05:10,2026-09-25T05:25:03+09:00,2026/09/25,2026/11/12,2026-11,CALL,67625,1425,,,25.79,23.23,1595,15,1360,15,,,,,
2026/09/25 05:10,2026-09-25T05:25:03+09:00,2026/09/25,2026/11/12,2026-11,PUT,67625,3715,,,25.84,18.49,3765,2,3100,2,,,,,
2026/09/25 05:10,2026-09-25T05:25:03+09:00,2026/09/25,2026/11/12,2026-11,CALL,67500,1475,939,,24.72,23.85,1540,1,1460,1,,,,,
2026/09/25 05:10,2026-09-25T05:25:03+09:00,2026/09/25,2026/11/12,2026-11,PUT,67500,3640,4,,24.88,22.77,3595,6,3400,6,,,,,
2026/09/25 05:10,2026-09-25T05:25:03+09:00,2026/09/25,2026/11/12,2026-11,CALL,67375,1515,,,25.8,23.49,1685,15,1470,15,,,,,
2026/09/25 05:10,2026-09-25T05:25:03+09:00,2026/09/25,2026/11/12,2026-11,PUT,67375,3555,,,27.66,21.59,3775,2,3210,2,,,,,
2026/09/25 05:10,2026-09-25T05:25:03+09:00,2026/09/25,2026/11/12,2026-11,CALL,67250,1560,,,24.94,23.92,1650,1,1555,1,,,,,
2026/09/25 05:10,2026-09-25T05:25:03+09:00,2026/09/25,2026/11/12,2026-11,PUT,67250,3480,,,24.4,23.12,3390,1,3270,2,,,,,
2026/09/25 05:10,2026-09-25T05:25:03+09:00,2026/09/25,2026/11/12,2026-11,CALL,67125,1605,,,25.61,23.38,1760,15,1550,15,,,,,
2026/09/25 05:10,2026-09-25T05:25:03+09:00,2026/09/25,2026/11/12,2026-11,PUT,67125,3400,,,24.97,22.74,3365,6,3155,6,,,,,
2026/09/25 05:10,2026-09-25T05:25:03+09:00,2026/09/25,2026/11/12,2026-11,CALL,67000,1645,1235,,25.05,24.21,1755,1,1675,1,,,,,
2026/09/25 05:10,2026-09-25T05:25:03+09:00,2026/09/25,2026/11/12,2026-11,PUT,67000,3315,870,,24.79,23.2,3270,5,3120,1,,,,,
2026/09/25 05:10,2026-09-25T05:25:03+09:00,2026/09/25,2026/11/12,2026-11,CALL,66875,1705,,,25.97,23.49,1890,15,1655,15,,,,,
2026/09/25 05:10,2026-09-25T05:25:03+09:00,2026/09/25,2026/11/12,2026-11,PUT,66875,3245,,,25.07,22.75,3220,6,3000,6,,,,,
2026/09/25 05:10,2026-09-25T05:25:03+09:00,2026/09/25,2026/11/12,2026-11,CALL,66750,1760,6,,24.97,24.24,1845,1,1775,1,,,,,
2026/09/25 05:10,2026-09-25T05:25:03+09:00,2026/09/25,2026/11/12,2026-11,PUT,66750,3180,,,24.76,23.56,3115,1,3000,1,,,,,
2026/09/25 05:10,2026-09-25T05:25:03+09:00,2026/09/25,2026/11/12,2026-11,CALL,66625,1810,,,25.75,23.66,1970,15,1770,15,,,,,
2026/09/25 05:10,2026-09-25T05:25:03+09:00,2026/09/25,2026/11/12,2026-11,PUT,66625,3100,,,25.28,22.98,3090,6,2870,6,,,,,
2026/09/25 05:10,2026-09-25T05:25:03+09:00,2026/09/25,2026/11/12,2026-11,CALL,66500,1870,3,,25.22,24.38,1970,1,1890,1,,,,,
2026/09/25 05:10,2026-09-25T05:25:03+09:00,2026/09/25,2026/11/12,2026-11,PUT,66500,3025,239,,24.91,23.65,2980,1,2860,1,,,,,
2026/09/25 05:10,2026-09-25T05:25:03+09:00,2026/09/25,2026/11/12,2026-11,CALL,66375,1910,,,26.18,23.74,2115,15,1880,15,,,,,
2026/09/25 05:10,2026-09-25T05:25:03+09:00,2026/09/25,2026/11/12,2026-11,PUT,66375,2955,,,25.25,23.01,2940,6,2725,6,,,,,
2026/09/25 05:10,2026-09-25T05:25:03+09:00,2026/09/25,2026/11/12,2026-11,CALL,66250,1975,,,25.37,23.96,2090,1,1955,16,,,,,
2026/09/25 05:10,2026-09-25T05:25:03+09:00,2026/09/25,2026/11/12,2026-11,PUT,66250,2895,,,24.8,23.81,2825,1,2730,1,,,,,
2026/09/25 05:10,2026-09-25T05:25:03+09:00,2026/09/25,2026/11/12,2026-11,CALL,66125,2030,4,,26.26,23.82,2230,15,1995,15,,,,,
2026/09/25 05:10,2026-09-25T05:25:03+09:00,2026/09/25,2026/11/12,2026-11,PUT,66125,2825,,,25.27,23.25,2800,6,2605,6,,,,,
2026/09/25 05:10,2026-09-25T05:25:03+09:00,2026/09/25,2026/11/12,2026-11,CALL,66000,2095,509,,25.32,24.33,2195,1,2100,1,,,,,
2026/09/25 05:10,2026-09-25T05:25:03+09:00,2026/09/25,2026/11/12,2026-11,PUT,66000,2765,2025,,24.75,23.77,2680,1,2585,1,,,,,
2026/09/25 05:10,2026-09-25T05:25:03+09:00,2026/09/25,2026/11/12,2026-11,CALL,65875,2145,50,,26.19,23.96,2335,4,2120,4,,,,,
2026/09/25 05:10,2026-09-25T05:25:03+09:00,2026/09/25,2026/11/12,2026-11,PUT,65875,2685,,,25.46,23.23,2680,6,2465,6,,,,,
2026/09/25 05:10,2026-09-25T05:25:03+09:00,2026/09/25,2026/11/12,2026-11,CALL,65750,2210,1,,25.64,24.4,2340,1,2220,1,,,,,
2026/09/25 05:10,2026-09-25T05:25:03+09:00,2026/09/25,2026/11/12,2026-11,PUT,65750,2630,,,24.87,23.83,2555,1,2455,1,,,,,
2026/09/25 05:10,2026-09-25T05:25:03+09:00,2026/09/25,2026/11/12,2026-11,CALL,65625,2275,,,26.33,24.11,2465,6,2250,6,,,,,
2026/09/25 05:10,2026-09-25T05:25:03+09:00,2026/09/25,2026/11/12,2026-11,PUT,65625,2570,,,25.56,23.13,2555,15,2320,15,,,,,
2026/09/25 05:10,2026-09-25T05:25:03+09:00,2026/09/25,2026/11/12,2026-11,CALL,65500,2340,172,,25.82,24.58,2475,6,2355,1,,,,,
2026/09/25 05:10,2026-09-25T05:25:03+09:00,2026/09/25,2026/11/12,2026-11,PUT,65500,2510,100,2,24.94,24.01,2430,1,2340,1,24.7,,,2565,09/24 19:50
2026/09/25 05:10,2026-09-25T05:25:03+09:00,2026/09/25,2026/11/12,2026-11,CALL,65375,2410,11,,26.49,24.01,2600,6,2360,6,,,,,
2026/09/25 05:10,2026-09-25T05:25:03+09:00,2026/09/25,2026/11/12,2026-11,PUT,65375,2455,30,,25.67,23.23,2435,15,2200,15,,,,,
2026/09/25 05:10,2026-09-25T05:25:03+09:00,2026/09/25,2026/11/12,2026-11,CALL,65250,2465,,,25.7,24.61,2585,1,2480,1,,,,,
2026/09/25 05:10,2026-09-25T05:25:03+09:00,2026/09/25,2026/11/12,2026-11,PUT,65250,2390,,,25.03,24.04,2310,1,2215,1,,,,,
2026/09/25 05:10,2026-09-25T05:25:03+09:00,2026/09/25,2026/11/12,2026-11,CALL,65125,2540,,,26.67,24.22,2740,6,2505,6,,,,,
2026/09/25 05:10,2026-09-25T05:25:03+09:00,2026/09/25,2026/11/12,2026-11,PUT,65125,2340,,,25.84,23.34,2325,15,2085,15,,,,,
2026/09/25 05:10,2026-09-25T05:25:03+09:00,2026/09/25,2026/11/12,2026-11,CALL,65000,2595,425,5,25.8,24.65,2720,1,2610,1,24.83,115,4.43,2710,09/25 01:16
2026/09/25 05:10,2026-09-25T05:25:03+09:00,2026/09/25,2026/11/12,2026-11,PUT,65000,2275,1107,9,25.28,24.39,2210,1,2125,1,25.35,-5,-0.23,2150,09/25 01:16
2026/09/25 05:10,2026-09-25T05:25:03+09:00,2026/09/25,2026/11/12,2026-11,CALL,64875,2675,,,26.75,24.29,2875,6,2640,6,,,,,
2026/09/25 05:10,2026-09-25T05:25:03+09:00,2026/09/25,2026/11/12,2026-11,PUT,64875,2225,,,25.81,23.77,2200,15,2005,15,,,,,
2026/09/25 05:10,2026-09-25T05:25:03+09:00,2026/09/25,2026/11/12,2026-11,CALL,64750,2735,,,26.01,24.81,2870,1,2755,1,,,,,
2026/09/25 05:10,2026-09-25T05:25:03+09:00,2026/09/25,2026/11/12,2026-11,PUT,64750,2160,4,,25.39,24.49,2100,1,2015,1,,,,,
2026/09/25 05:10,2026-09-25T05:25:03+09:00,2026/09/25,2026/11/12,2026-11,CALL,64625,2815,1,,26.9,24.37,3020,6,2780,6,,,,,
2026/09/25 05:10,2026-09-25T05:25:03+09:00,2026/09/25,2026/11/12,2026-11,PUT,64625,2110,494,,25.95,23.95,2095,15,1905,15,,,,,
2026/09/25 05:10,2026-09-25T05:25:03+09:00,2026/09/25,2026/11/12,2026-11,CALL,64500,2880,201,,26.14,25.08,3015,1,2915,1,,,,,
2026/09/25 05:10,2026-09-25T05:25:03+09:00,2026/09/25,2026/11/12,2026-11,PUT,64500,2055,316,3,25.34,24.5,1980,1,1900,1,25.65,160,8.14,2125,09/24 19:55
2026/09/25 05:10,2026-09-25T05:25:03+09:00,2026/09/25,2026/11/12,2026-11,CALL,64375,2960,2,,26.63,24.56,3130,6,2935,6,,,,,
2026/09/25 05:10,2026-09-25T05:25:03+09:00,2026/09/25,2026/11/12,2026-11,PUT,64375,2005,2,,26.21,23.71,2005,15,1770,15,,,,,
2026/09/25 05:10,2026-09-25T05:25:03+09:00,2026/09/25,2026/11/12,2026-11,CALL,64250,3030,,,26.32,24.99,3170,1,3045,1,,,,,
2026/09/25 05:10,2026-09-25T05:25:03+09:00,2026/09/25,2026/11/12,2026-11,PUT,64250,1950,,,25.52,24.72,1885,1,1810,1,,,,,
2026/09/25 05:10,2026-09-25T05:25:03+09:00,2026/09/25,2026/11/12,2026-11,CALL,64125,3105,,,31.13,20.13,3690,2,2665,2,,,,,
2026/09/25 05:10,2026-09-25T05:25:03+09:00,2026/09/25,2026/11/12,2026-11,PUT,64125,1900,,,26.32,23.8,1905,15,1670,15,,,,,
2026/09/25 05:10,2026-09-25T05:25:03+09:00,2026/09/25,2026/11/12,2026-11,CALL,64000,3180,131,,26.31,24.75,3310,1,3165,9,,,,,
2026/09/25 05:10,2026-09-25T05:25:03+09:00,2026/09/25,2026/11/12,2026-11,PUT,64000,1850,516,27,25.56,24.75,1780,1,1705,1,25.93,140,7.95,1900,09/24 20:04
2026/09/25 05:10,2026-09-25T05:25:03+09:00,2026/09/25,2026/11/12,2026-11,CALL,63875,3255,,,31.35,23.03,3850,2,3080,2,,,,,
2026/09/25 05:10,2026-09-25T05:25:03+09:00,2026/09/25,2026/11/12,2026-11,PUT,63875,1805,,,26.23,23.95,1790,15,1580,15,,,,,
2026/09/25 05:10,2026-09-25T05:25:03+09:00,2026/09/25,2026/11/12,2026-11,CALL,63750,3335,,,26.53,25.33,3475,1,3365,1,,,,,
2026/09/25 05:10,2026-09-25T05:25:03+09:00,2026/09/25,2026/11/12,2026-11,PUT,63750,1760,,,25.82,25,1700,1,1625,1,,,,,
2026/09/25 05:10,2026-09-25T05:25:03+09:00,2026/09/25,2026/11/12,2026-11,CALL,63625,3415,,,31.6,22.79,4015,2,3210,2,,,,,
2026/09/25 05:10,2026-09-25T05:25:03+09:00,2026/09/25,2026/11/12,2026-11,PUT,63625,1715,,,26.65,24.06,1725,15,1490,15,,,,,
2026/09/25 05:10,2026-09-25T05:25:03+09:00,2026/09/25,2026/11/12,2026-11,CALL,63500,3495,17,,26.87,25.32,3655,2,3515,1,,,,,
2026/09/25 05:10,2026-09-25T05:25:03+09:00,2026/09/25,2026/11/12,2026-11,PUT,63500,1670,14,,25.88,25.21,1605,2,1545,2,,,,,
2026/09/25 05:10,2026-09-25T05:25:03+09:00,2026/09/25,2026/11/12,2026-11,CALL,63375,3565,,,31.82,23.06,4180,2,3390,2,,,,,
2026/09/25 05:10,2026-09-25T05:25:03+09:00,2026/09/25,2026/11/12,2026-11,PUT,63375,1615,,,26.59,24.47,1620,15,1430,15,,,,,
2026/09/25 05:10,2026-09-25T05:25:03+09:00,2026/09/25,2026/11/12,2026-11,CALL,63250,3660,15,,26.9,25.67,3810,2,3700,2,,,,,
2026/09/25 05:10,2026-09-25T05:25:03+09:00,2026/09/25,2026/11/12,2026-11,PUT,63250,1585,15,,26.01,25.28,1520,2,1455,2,,,,,
2026/09/25 05:10,2026-09-25T05:25:03+09:00,2026/09/25,2026/11/12,2026-11,CALL,63125,3730,,,31.9,23.11,4335,2,3555,2,,,,,
2026/09/25 05:10,2026-09-25T05:25:03+09:00,2026/09/25,2026/11/12,2026-11,PUT,63125,1525,,,26.65,24.55,1530,15,1345,15,,,,,
2026/09/25 05:10,2026-09-25T05:25:03+09:00,2026/09/25,2026/11/12,2026-11,CALL,63000,3825,,,27.35,25.92,4005,10,3880,2,,,,,
2026/09/25 05:10,2026-09-25T05:25:03+09:00,2026/09/25,2026/11/12,2026-11,PUT,63000,1505,710,,26.15,25.52,1440,2,1385,2,,,,,
2026/09/25 05:10,2026-09-25T05:25:03+09:00,2026/09/25,2026/11/12,2026-11,CALL,62875,3915,,,32.34,22.89,4525,2,3700,2,,,,,
2026/09/25 05:10,2026-09-25T05:25:03+09:00,2026/09/25,2026/11/12,2026-11,PUT,62875,1465,4,,26.84,24.7,1455,15,1270,15,,,,,
2026/09/25 05:10,2026-09-25T05:25:03+09:00,2026/09/25,2026/11/12,2026-11,CALL,62750,4005,,,27.59,25.68,4185,3,4020,2,,,,,
2026/09/25 05:10,2026-09-25T05:25:03+09:00,2026/09/25,2026/11/12,2026-11,PUT,62750,1430,,,26.32,25.62,1365,2,1305,2,,,,,
2026/09/25 05:10,2026-09-25T05:25:03+09:00,2026/09/25,2026/11/12,2026-11,CALL,62625,4095,,,32.52,23.08,4695,2,3885,2,,,,,
2026/09/25 05:10,2026-09-25T05:25:03+09:00,2026/09/25,2026/11/12,2026-11,PUT,62625,1395,3,,27.12,24.46,1390,15,1165,15,,,,,
2026/09/25 05:10,2026-09-25T05:25:03+09:00,2026/09/25,2026/11/12,2026-11,CALL,62500,4170,40,,32.66,20.18,4785,1,3740,1,,,,,
2026/09/25 05:10,2026-09-25T05:25:03+09:00,2026/09/25,2026/11/12,2026-11,PUT,62500,1345,425,,26.5,25.67,1295,2,1225,2,,,,,
2026/09/25 05:10,2026-09-25T05:25:03+09:00,2026/09/25,2026/11/12,2026-11,CALL,62375,4250,,,32.38,23.04,4840,2,4055,2,,,,,
2026/09/25 05:10,2026-09-25T05:25:03+09:00,2026/09/25,2026/11/12,2026-11,PUT,62375,1305,,,27.36,24.59,1325,15,1095,15,,,,,
2026/09/25 05:10,2026-09-25T05:25:03+09:00,2026/09/25,2026/11/12,2026-11,CALL,62250,4350,,,32.68,23.01,4945,1,4140,1,,,,,
2026/09/25 05:10,2026-09-25T05:25:03+09:00,2026/09/25,2026/11/12,2026-11,PUT,62250,1275,6,,26.59,25.92,1220,2,1165,2,,,,,
2026/09/25 05:10,2026-09-25T05:25:03+09:00,2026/09/25,2026/11/12,2026-11,CALL,62125,4425,,,32.79,22.95,5035,2,4225,2,,,,,
2026/09/25 05:10,2026-09-25T05:25:03+09:00,2026/09/25,2026/11/12,2026-11,PUT,62125,1225,,,27.44,24.67,1250,15,1025,15,,,,,
2026/09/25 05:10,2026-09-25T05:25:03+09:00,2026/09/25,2026/11/12,2026-11,CALL,62000,4535,,,32.96,23.15,5130,4,4330,4,,,,,
2026/09/25 05:10,2026-09-25T05:25:03+09:00,2026/09/25,2026/11/12,2026-11,PUT,62000,1200,1142,4,26.7,26.01,1150,2,1095,2,26.7,-5,-0.42,1195,09/24 21:25
2026/09/25 05:10,2026-09-25T05:25:03+09:00,2026/09/25,2026/11/12,2026-11,CALL,61875,4610,,,33.11,22.87,5225,2,4400,2,,,,,
2026/09/25 05:10,2026-09-25T05:25:03+09:00,2026/09/25,2026/11/12,2026-11,PUT,61875,1160,,,27.61,24.7,1185,15,955,15,,,,,
2026/09/25 05:10,2026-09-25T05:25:03+09:00,2026/09/25,2026/11/12,2026-11,CALL,61750,4715,,,33.15,22.98,5310,1,4500,1,,,,,
2026/09/25 05:10,2026-09-25T05:25:03+09:00,2026/09/25,2026/11/12,2026-11,PUT,61750,1140,8,,26.89,26.25,1090,2,1040,2,,,,,
2026/09/25 05:10,2026-09-25T05:25:03+09:00,2026/09/25,2026/11/12,2026-11,CALL,61625,4800,,,33.29,22.87,5405,2,4585,2,,,,,
2026/09/25 05:10,2026-09-25T05:25:03+09:00,2026/09/25,2026/11/12,2026-11,PUT,61625,1105,,,27.8,25.09,1125,15,915,15,,,,,
2026/09/25 05:10,2026-09-25T05:25:03+09:00,2026/09/25,2026/11/12,2026-11,CALL,61500,4905,,,33.43,23.02,5500,1,4690,1,,,,,
2026/09/25 05:10,2026-09-25T05:25:03+09:00,2026/09/25,2026/11/12,2026-11,PUT,61500,1085,512,,27.05,26.33,1030,2,975,2,,,,,
2026/09/25 05:10,2026-09-25T05:25:03+09:00,2026/09/25,2026/11/12,2026-11,CALL,61375,5015,,,33.99,23.24,5630,2,4800,2,,,,,
2026/09/25 05:10,2026-09-25T05:25:03+09:00,2026/09/25,2026/11/12,2026-11,PUT,61375,1065,,,27.9,25.25,1060,15,860,15,,,,,
2026/09/25 05:10,2026-09-25T05:25:03+09:00,2026/09/25,2026/11/12,2026-11,CALL,61250,5095,,,33.75,23.01,5695,1,4880,1,,,,,
2026/09/25 05:10,2026-09-25T05:25:03+09:00,2026/09/25,2026/11/12,2026-11,PUT,61250,1020,18,,27.17,26.57,970,2,925,2,,,,,
2026/09/25 05:10,2026-09-25T05:25:03+09:00,2026/09/25,2026/11/12,2026-11,CALL,61125,5210,,,33.87,19.7,5790,2,4765,2,,,,,
2026/09/25 05:10,2026-09-25T05:25:03+09:00,2026/09/25,2026/11/12,2026-11,PUT,61125,975,5,,28.09,25.36,1005,15,805,15,,,,,
2026/09/25 05:10,2026-09-25T05:25:03+09:00,2026/09/25,2026/11/12,2026-11,CALL,61000,5290,200,,34.3,22.87,5910,4,5065,4,,,,,
2026/09/25 05:10,2026-09-25T05:25:03+09:00,2026/09/25,2026/11/12,2026-11,PUT,61000,950,962,8,27.32,26.7,915,2,870,2,27.32,-100,-10.53,850,09/25 01:52
2026/09/25 05:10,2026-09-25T05:25:03+09:00,2026/09/25,2026/11/12,2026-11,CALL,60875,5405,,,33.26,21.38,5915,2,5070,2,,,,,
2026/09/25 05:10,2026-09-25T05:25:03+09:00,2026/09/25,2026/11/12,2026-11,PUT,60875,960,,,28.38,25.58,960,15,760,15,,,,,
2026/09/25 05:10,2026-09-25T05:25:03+09:00,2026/09/25,2026/11/12,2026-11,CALL,60750,5485,,,,,,,,,,,,,
2026/09/25 05:10,2026-09-25T05:25:03+09:00,2026/09/25,2026/11/12,2026-11,PUT,60750,900,31,,27.51,26.94,865,2,825,2,,,,,
2026/09/25 05:10,2026-09-25T05:25:03+09:00,2026/09/25,2026/11/12,2026-11,CALL,60625,5600,,,,,,,,,,,,,
2026/09/25 05:10,2026-09-25T05:25:03+09:00,2026/09/25,2026/11/12,2026-11,PUT,60625,900,,,28.36,25.39,895,15,690,15,,,,,
2026/09/25 05:10,2026-09-25T05:25:03+09:00,2026/09/25,2026/11/12,2026-11,CALL,60500,5685,100,,,,,,,,,,,,
2026/09/25 05:10,2026-09-25T05:25:03+09:00,2026/09/25,2026/11/12,2026-11,PUT,60500,860,107,,27.73,27.14,820,2,780,2,,,,,
2026/09/25 05:10,2026-09-25T05:25:03+09:00,2026/09/25,2026/11/12,2026-11,CALL,60250,5885,,,,,,,,,,,,,
2026/09/25 05:10,2026-09-25T05:25:03+09:00,2026/09/25,2026/11/12,2026-11,PUT,60250,815,21,,27.92,27.31,775,2,735,2,,,,,
2026/09/25 05:10,2026-09-25T05:25:03+09:00,2026/09/25,2026/11/12,2026-11,CALL,60000,6090,100,,,,,,,,,,,,
2026/09/25 05:10,2026-09-25T05:25:03+09:00,2026/09/25,2026/11/12,2026-11,PUT,60000,765,1380,2,27.99,27.45,725,2,690,2,27.92,30,4.05,770,09/24 21:35
2026/09/25 05:10,2026-09-25T05:25:03+09:00,2026/09/25,2026/11/12,2026-11,CALL,59750,6300,,,,,,,,,,,,,
2026/09/25 05:10,2026-09-25T05:25:03+09:00,2026/09/25,2026/11/12,2026-11,PUT,59750,725,6,,28.19,27.63,685,2,650,2,,,,,
2026/09/25 05:10,2026-09-25T05:25:03+09:00,2026/09/25,2026/11/12,2026-11,CALL,59500,6510,,,,,,,,,,,,,
2026/09/25 05:10,2026-09-25T05:25:03+09:00,2026/09/25,2026/11/12,2026-11,PUT,59500,685,1979,,28.35,27.86,645,2,615,2,,,,,
2026/09/25 05:10,2026-09-25T05:25:03+09:00,2026/09/25,2026/11/12,2026-11,CALL,59250,6720,,,,,,,,,,,,,
2026/09/25 05:10,2026-09-25T05:25:03+09:00,2026/09/25,2026/11/12,2026-11,PUT,59250,650,17,,28.57,28.05,610,2,580,2,,,,,
2026/09/25 05:10,2026-09-25T05:25:03+09:00,2026/09/25,2026/11/12,2026-11,CALL,59000,6935,,,,,,,,,,,,,
2026/09/25 05:10,2026-09-25T05:25:03+09:00,2026/09/25,2026/11/12,2026-11,PUT,59000,610,1863,1,28.84,28.22,580,2,545,2,28.87,40,6.84,625,09/24 17:43
2026/09/25 05:10,2026-09-25T05:25:03+09:00,2026/09/25,2026/11/12,2026-11,CALL,58750,7150,,,,,,,,,,,,,
2026/09/25 05:10,2026-09-25T05:25:03+09:00,2026/09/25,2026/11/12,2026-11,PUT,58750,580,35,,28.99,28.44,545,2,515,2,,,,,
2026/09/25 05:10,2026-09-25T05:25:03+09:00,2026/09/25,2026/11/12,2026-11,CALL,58500,7370,,,,,,,,,,,,,
2026/09/25 05:10,2026-09-25T05:25:03+09:00,2026/09/25,2026/11/12,2026-11,PUT,58500,550,358,,29.11,28.63,510,2,485,2,,,,,
2026/09/25 05:10,2026-09-25T05:25:03+09:00,2026/09/25,2026/11/12,2026-11,CALL,58250,7590,,,,,,,,,,,,,
2026/09/25 05:10,2026-09-25T05:25:03+09:00,2026/09/25,2026/11/12,2026-11,PUT,58250,505,113,,29.38,28.89,485,2,460,2,,,,,
2026/09/25 05:10,2026-09-25T05:25:03+09:00,2026/09/25,2026/11/12,2026-11,CALL,58000,7810,1,,,,,,,,,,,,
2026/09/25 05:10,2026-09-25T05:25:03+09:00,2026/09/25,2026/11/12,2026-11,PUT,58000,490,839,,29.53,29.12,455,2,435,2,,,,,
2026/09/25 05:10,2026-09-25T05:25:03+09:00,2026/09/25,2026/11/12,2026-11,CALL,57750,8035,,,,,,,,,,,,,
2026/09/25 05:10,2026-09-25T05:25:03+09:00,2026/09/25,2026/11/12,2026-11,PUT,57750,465,127,,29.76,29.33,430,2,410,2,,,,,
2026/09/25 05:10,2026-09-25T05:25:03+09:00,2026/09/25,2026/11/12,2026-11,CALL,57500,8260,100,,,,,,,,,,,,
2026/09/25 05:10,2026-09-25T05:25:03+09:00,2026/09/25,2026/11/12,2026-11,PUT,57500,440,470,2,30.06,29.62,410,2,390,2,30.26,25,6.02,440,09/24 17:12
2026/09/25 05:10,2026-09-25T05:25:03+09:00,2026/09/25,2026/11/12,2026-11,CALL,57250,8490,,,,,,,,,,,,,
2026/09/25 05:10,2026-09-25T05:25:03+09:00,2026/09/25,2026/11/12,2026-11,PUT,57250,415,105,1,30.23,29.77,385,2,365,2,30.14,-55,-11.7,415,09/24 20:38
2026/09/25 05:10,2026-09-25T05:25:03+09:00,2026/09/25,2026/11/12,2026-11,CALL,57000,8715,,,,,,,,,,,,,
2026/09/25 05:10,2026-09-25T05:25:03+09:00,2026/09/25,2026/11/12,2026-11,PUT,57000,395,710,5,30.48,30,365,2,345,2,30.34,-10,-2.67,365,09/24 22:52
2026/09/25 05:10,2026-09-25T05:25:03+09:00,2026/09/25,2026/11/12,2026-11,CALL,56750,8940,,,,,,,,,,,,,
2026/09/25 05:10,2026-09-25T05:25:03+09:00,2026/09/25,2026/11/12,2026-11,PUT,56750,375,93,,30.71,30.21,345,2,325,2,,,,,
2026/09/25 05:10,2026-09-25T05:25:03+09:00,2026/09/25,2026/11/12,2026-11,CALL,56500,9175,,,,,,,,,,,,,
2026/09/25 05:10,2026-09-25T05:25:03+09:00,2026/09/25,2026/11/12,2026-11,PUT,56500,355,412,3,31.04,30.52,330,2,310,2,30.97,15,4.48,350,09/24 21:02
2026/09/25 05:10,2026-09-25T05:25:03+09:00,2026/09/25,2026/11/12,2026-11,CALL,56250,9405,,,,,,,,,,,,,
2026/09/25 05:10,2026-09-25T05:25:03+09:00,2026/09/25,2026/11/12,2026-11,PUT,56250,340,112,,31.35,30.73,315,2,292,2,,,,,
2026/09/25 05:10,2026-09-25T05:25:03+09:00,2026/09/25,2026/11/12,2026-11,CALL,56000,9640,34,,,,,,,,,,,,
2026/09/25 05:10,2026-09-25T05:25:03+09:00,2026/09/25,2026/11/12,2026-11,PUT,56000,320,1068,4,31.53,31.05,296,2,279,2,31.56,-10,-3.17,305,09/24 23:54
2026/09/25 05:10,2026-09-25T05:25:03+09:00,2026/09/25,2026/11/12,2026-11,CALL,55750,9870,,,,,,,,,,,,,
2026/09/25 05:10,2026-09-25T05:25:03+09:00,2026/09/25,2026/11/12,2026-11,PUT,55750,305,80,,31.79,31.27,281,2,263,2,,,,,
2026/09/25 05:10,2026-09-25T05:25:03+09:00,2026/09/25,2026/11/12,2026-11,CALL,55500,10105,,,,,,,,,,,,,
2026/09/25 05:10,2026-09-25T05:25:03+09:00,2026/09/25,2026/11/12,2026-11,PUT,55500,290,213,3,32.04,31.55,266,2,250,2,32.25,29,10.74,299,09/24 18:45
2026/09/25 05:10,2026-09-25T05:25:03+09:00,2026/09/25,2026/11/12,2026-11,CALL,55250,10340,,,,,,,,,,,,,
2026/09/25 05:10,2026-09-25T05:25:03+09:00,2026/09/25,2026/11/12,2026-11,PUT,55250,276,38,,32.35,31.82,254,2,237,2,,,,,
2026/09/25 05:10,2026-09-25T05:25:03+09:00,2026/09/25,2026/11/12,2026-11,CALL,55000,10580,,,,,,,,,,,,,
2026/09/25 05:10,2026-09-25T05:25:03+09:00,2026/09/25,2026/11/12,2026-11,PUT,55000,259,1029,196,32.67,32.09,243,2,225,2,32.54,-6,-2.32,253,09/25 00:25
2026/09/25 05:10,2026-09-25T05:25:03+09:00,2026/09/25,2026/11/12,2026-11,CALL,54750,10815,,,,,,,,,,,,,
2026/09/25 05:10,2026-09-25T05:25:03+09:00,2026/09/25,2026/11/12,2026-11,PUT,54750,251,16,,32.92,32.24,230,2,210,2,,,,,
2026/09/25 05:10,2026-09-25T05:25:03+09:00,2026/09/25,2026/11/12,2026-11,CALL,54500,11055,,,,,,,,,,,,,
2026/09/25 05:10,2026-09-25T05:25:03+09:00,2026/09/25,2026/11/12,2026-11,PUT,54500,239,702,,33.17,32.61,218,2,202,2,,,,,
2026/09/25 05:10,2026-09-25T05:25:03+09:00,2026/09/25,2026/11/12,2026-11,CALL,54250,11295,,,,,,,,,,,,,
2026/09/25 05:10,2026-09-25T05:25:03+09:00,2026/09/25,2026/11/12,2026-11,PUT,54250,228,5,,33.55,32.93,210,2,193,2,,,,,
2026/09/25 05:10,2026-09-25T05:25:03+09:00,2026/09/25,2026/11/12,2026-11,CALL,54000,11535,,,,,,,,,,,,,
2026/09/25 05:10,2026-09-25T05:25:03+09:00,2026/09/25,2026/11/12,2026-11,PUT,54000,216,656,,33.8,33.19,199,2,183,2,,,,,
2026/09/25 05:10,2026-09-25T05:25:03+09:00,2026/09/25,2026/11/12,2026-11,CALL,53750,11770,,,,,,,,,,,,,
2026/09/25 05:10,2026-09-25T05:25:03+09:00,2026/09/25,2026/11/12,2026-11,PUT,53750,208,50,,34.15,33.39,191,2,172,2,,,,,
2026/09/25 05:10,2026-09-25T05:25:03+09:00,2026/09/25,2026/11/12,2026-11,CALL,53500,12015,,,,,,,,,,,,,
2026/09/25 05:10,2026-09-25T05:25:03+09:00,2026/09/25,2026/11/12,2026-11,PUT,53500,199,529,,34.4,33.78,181,2,166,2,,,,,
2026/09/25 05:10,2026-09-25T05:25:03+09:00,2026/09/25,2026/11/12,2026-11,CALL,53250,12255,,,,,,,,,,,,,
2026/09/25 05:10,2026-09-25T05:25:03+09:00,2026/09/25,2026/11/12,2026-11,PUT,53250,188,41,2,34.67,33.98,172,2,156,2,34.63,-1,-0.53,187,09/24 20:50
2026/09/25 05:10,2026-09-25T05:25:03+09:00,2026/09/25,2026/11/12,2026-11,CALL,53000,12495,,,,,,,,,,,,,
2026/09/25 05:10,2026-09-25T05:25:03+09:00,2026/09/25,2026/11/12,2026-11,PUT,53000,181,465,,35.49,33.97,176,1,142,1,,,,,
2026/09/25 05:10,2026-09-25T05:25:03+09:00,2026/09/25,2026/11/12,2026-11,CALL,52750,12735,,,,,,,,,,,,,
2026/09/25 05:10,2026-09-25T05:25:03+09:00,2026/09/25,2026/11/12,2026-11,PUT,52750,174,18,,35.79,34.31,168,1,136,1,,,,,
2026/09/25 05:10,2026-09-25T05:25:03+09:00,2026/09/25,2026/11/12,2026-11,CALL,52500,12980,,,,,,,,,,,,,
2026/09/25 05:10,2026-09-25T05:25:03+09:00,2026/09/25,2026/11/12,2026-11,PUT,52500,162,739,,36.12,34.58,161,1,129,1,,,,,
2026/09/25 05:10,2026-09-25T05:25:03+09:00,2026/09/25,2026/11/12,2026-11,CALL,52250,13220,,,,,,,,,,,,,
2026/09/25 05:10,2026-09-25T05:25:03+09:00,2026/09/25,2026/11/12,2026-11,PUT,52250,162,7,,36.43,34.99,154,1,125,1,,,,,
2026/09/25 05:10,2026-09-25T05:25:03+09:00,2026/09/25,2026/11/12,2026-11,CALL,52000,13465,,,,,,,,,,,,,
2026/09/25 05:10,2026-09-25T05:25:03+09:00,2026/09/25,2026/11/12,2026-11,PUT,52000,153,1872,1,36.73,35.39,147,2,121,1,36.44,12,8.45,154,09/24 18:43
2026/09/25 05:10,2026-09-25T05:25:03+09:00,2026/09/25,2026/11/12,2026-11,CALL,51750,13705,,,,,,,,,,,,,
2026/09/25 05:10,2026-09-25T05:25:03+09:00,2026/09/25,2026/11/12,2026-11,PUT,51750,147,57,,37.02,35.56,140,2,113,1,,,,,
2026/09/25 05:10,2026-09-25T05:25:03+09:00,2026/09/25,2026/11/12,2026-11,CALL,51500,13950,,,,,,,,,,,,,
2026/09/25 05:10,2026-09-25T05:25:03+09:00,2026/09/25,2026/11/12,2026-11,PUT,51500,142,666,,37.5,35.94,137,1,109,1,,,,,
2026/09/25 05:10,2026-09-25T05:25:03+09:00,2026/09/25,2026/11/12,2026-11,CALL,51250,14195,,,,,,,,,,,,,
2026/09/25 05:10,2026-09-25T05:25:03+09:00,2026/09/25,2026/11/12,2026-11,PUT,51250,133,20,,37.75,36.25,130,1,104,1,,,,,
2026/09/25 05:10,2026-09-25T05:25:03+09:00,2026/09/25,2026/11/12,2026-11,CALL,51000,14435,,,,,,,,,,,,,
2026/09/25 05:10,2026-09-25T05:25:03+09:00,2026/09/25,2026/11/12,2026-11,PUT,51000,126,613,,38.22,36.54,127,1,99,1,,,,,
2026/09/25 05:10,2026-09-25T05:25:03+09:00,2026/09/25,2026/11/12,2026-11,CALL,50750,14685,,,,,,,,,,,,,
2026/09/25 05:10,2026-09-25T05:25:03+09:00,2026/09/25,2026/11/12,2026-11,PUT,50750,126,194,,38.56,36.95,122,1,96,1,,,,,
2026/09/25 05:10,2026-09-25T05:25:03+09:00,2026/09/25,2026/11/12,2026-11,CALL,50500,14925,,,,,,,,,,,,,
2026/09/25 05:10,2026-09-25T05:25:03+09:00,2026/09/25,2026/11/12,2026-11,PUT,50500,121,189,,38.9,37.29,117,1,92,1,,,,,
2026/09/25 05:10,2026-09-25T05:25:03+09:00,2026/09/25,2026/11/12,2026-11,CALL,50250,15170,35,,,,,,,,,,,,
2026/09/25 05:10,2026-09-25T05:25:03+09:00,2026/09/25,2026/11/12,2026-11,PUT,50250,115,77,,39.21,37.54,112,1,87,1,,,,,
2026/09/25 05:10,2026-09-25T05:25:03+09:00,2026/09/25,2026/11/12,2026-11,CALL,50000,15415,,,,,,,,,,,,,
2026/09/25 05:10,2026-09-25T05:25:03+09:00,2026/09/25,2026/11/12,2026-11,PUT,50000,111,1962,6,39.71,37.99,110,2,85,1,38.97,-10,-9.52,95,09/25 02:25
2026/09/25 05:10,2026-09-25T05:25:03+09:00,2026/09/25,2026/11/12,2026-11,CALL,49750,15660,,,,,,,,,,,,,
2026/09/25 05:10,2026-09-25T05:25:03+09:00,2026/09/25,2026/11/12,2026-11,PUT,49750,109,63,,40.01,38.29,105,1,81,1,,,,,
2026/09/25 05:10,2026-09-25T05:25:03+09:00,2026/09/25,2026/11/12,2026-11,CALL,49500,15905,,,,,,,,,,,,,
2026/09/25 05:10,2026-09-25T05:25:03+09:00,2026/09/25,2026/11/12,2026-11,PUT,49500,100,409,8,40.23,38.66,99,1,78,1,40.09,11,12.36,100,09/24 17:09
2026/09/25 05:10,2026-09-25T05:25:03+09:00,2026/09/25,2026/11/12,2026-11,CALL,49250,16150,,,,,,,,,,,,,
2026/09/25 05:10,2026-09-25T05:25:03+09:00,2026/09/25,2026/11/12,2026-11,PUT,49250,99,160,,40.56,39.01,95,1,75,1,,,,,
2026/09/25 05:10,2026-09-25T05:25:03+09:00,2026/09/25,2026/11/12,2026-11,CALL,49000,16400,,,,,,,,,,,,,
2026/09/25 05:10,2026-09-25T05:25:03+09:00,2026/09/25,2026/11/12,2026-11,PUT,49000,95,377,,41.18,39.27,95,1,71,1,,,,,
2026/09/25 05:10,2026-09-25T05:25:03+09:00,2026/09/25,2026/11/12,2026-11,CALL,48750,16645,,,,,,,,,,,,,
2026/09/25 05:10,2026-09-25T05:25:03+09:00,2026/09/25,2026/11/12,2026-11,PUT,48750,94,140,1,41.35,40.3,89,1,76,1,41.18,-12,-11.54,92,09/24 17:37
2026/09/25 05:10,2026-09-25T05:25:03+09:00,2026/09/25,2026/11/12,2026-11,CALL,48500,16890,,,,,,,,,,,,,
2026/09/25 05:10,2026-09-25T05:25:03+09:00,2026/09/25,2026/11/12,2026-11,PUT,48500,90,202,,41.74,40.02,86,1,66,1,,,,,
2026/09/25 05:10,2026-09-25T05:25:03+09:00,2026/09/25,2026/11/12,2026-11,CALL,48250,17140,,,,,,,,,,,,,
2026/09/25 05:10,2026-09-25T05:25:03+09:00,2026/09/25,2026/11/12,2026-11,PUT,48250,85,32,,42.11,40.33,83,1,63,1,,,,,
2026/09/25 05:10,2026-09-25T05:25:03+09:00,2026/09/25,2026/11/12,2026-11,CALL,48000,17385,,,,,,,,,,,,,
2026/09/25 05:10,2026-09-25T05:25:03+09:00,2026/09/25,2026/11/12,2026-11,PUT,48000,83,207,4,42.73,40.72,83,1,61,1,41.96,-6,-7.69,72,09/25 01:40
2026/09/25 05:10,2026-09-25T05:25:03+09:00,2026/09/25,2026/11/12,2026-11,CALL,47750,17630,,,,,,,,,,,,,
2026/09/25 05:10,2026-09-25T05:25:03+09:00,2026/09/25,2026/11/12,2026-11,PUT,47750,79,98,,42.84,41.12,77,1,59,1,,,,,
2026/09/25 05:10,2026-09-25T05:25:03+09:00,2026/09/25,2026/11/12,2026-11,CALL,47500,17875,,,,,,,,,,,,,
2026/09/25 05:10,2026-09-25T05:25:03+09:00,2026/09/25,2026/11/12,2026-11,PUT,47500,77,231,1,43.27,41.5,75,2,57,1,42.59,,,72,09/24 21:15
2026/09/25 05:10,2026-09-25T05:25:03+09:00,2026/09/25,2026/11/12,2026-11,CALL,47250,18120,,,,,,,,,,,,,
2026/09/25 05:10,2026-09-25T05:25:03+09:00,2026/09/25,2026/11/12,2026-11,PUT,47250,74,34,,43.61,41.76,72,1,54,1,,,,,
2026/09/25 05:10,2026-09-25T05:25:03+09:00,2026/09/25,2026/11/12,2026-11,CALL,47000,18370,,,,,,,,,,,,,
2026/09/25 05:10,2026-09-25T05:25:03+09:00,2026/09/25,2026/11/12,2026-11,PUT,47000,72,1260,,44.04,42.13,70,1,52,1,,,,,
2026/09/25 05:10,2026-09-25T05:25:03+09:00,2026/09/25,2026/11/12,2026-11,CALL,46750,18615,,,,,,,,,,,,,
2026/09/25 05:10,2026-09-25T05:25:03+09:00,2026/09/25,2026/11/12,2026-11,PUT,46750,70,105,,44.46,42.49,68,1,50,1,,,,,
2026/09/25 05:10,2026-09-25T05:25:03+09:00,2026/09/25,2026/11/12,2026-11,CALL,46500,18865,,,,,,,,,,,,,
2026/09/25 05:10,2026-09-25T05:25:03+09:00,2026/09/25,2026/11/12,2026-11,PUT,46500,68,200,,44.88,42.83,66,1,48,1,,,,,
2026/09/25 05:10,2026-09-25T05:25:03+09:00,2026/09/25,2026/11/12,2026-11,CALL,46250,19110,,,,,,,,,,,,,
2026/09/25 05:10,2026-09-25T05:25:03+09:00,2026/09/25,2026/11/12,2026-11,PUT,46250,65,5,,45.49,43.3,66,1,47,1,,,,,
2026/09/25 05:10,2026-09-25T05:25:03+09:00,2026/09/25,2026/11/12,2026-11,CALL,46000,19360,,,,,,,,,,,,,
2026/09/25 05:10,2026-09-25T05:25:03+09:00,2026/09/25,2026/11/12,2026-11,PUT,46000,63,967,,45.9,43.63,64,1,45,1,,,,,
2026/09/25 05:10,2026-09-25T05:25:03+09:00,2026/09/25,2026/11/12,2026-11,CALL,45750,19605,,,,,,,,,,,,,
2026/09/25 05:10,2026-09-25T05:25:03+09:00,2026/09/25,2026/11/12,2026-11,PUT,45750,62,13,,45.97,43.95,59,2,43,1,,,,,
2026/09/25 05:10,2026-09-25T05:25:03+09:00,2026/09/25,2026/11/12,2026-11,CALL,45500,19855,,,,,,,,,,,,,
2026/09/25 05:10,2026-09-25T05:25:03+09:00,2026/09/25,2026/11/12,2026-11,PUT,45500,62,201,,46.59,44.26,59,1,41,1,,,,,
2026/09/25 05:10,2026-09-25T05:25:03+09:00,2026/09/25,2026/11/12,2026-11,CALL,45250,20100,,,,,,,,,,,,,
2026/09/25 05:10,2026-09-25T05:25:03+09:00,2026/09/25,2026/11/12,2026-11,PUT,45250,58,105,,46.85,44.71,56,1,40,1,,,,,
2026/09/25 05:10,2026-09-25T05:25:03+09:00,2026/09/25,2026/11/12,2026-11,CALL,45000,20350,,,,,,,,,,,,,
2026/09/25 05:10,2026-09-25T05:25:03+09:00,2026/09/25,2026/11/12,2026-11,PUT,45000,53,1152,,46.72,44.99,50,1,38,1,,,,,
2026/09/25 05:10,2026-09-25T05:25:03+09:00,2026/09/25,2026/11/12,2026-11,CALL,44750,20600,,,,,,,,,,,,,
2026/09/25 05:10,2026-09-25T05:25:03+09:00,2026/09/25,2026/11/12,2026-11,PUT,44750,55,7,,47.72,45.43,53,1,37,1,,,,,
2026/09/25 05:10,2026-09-25T05:25:03+09:00,2026/09/25,2026/11/12,2026-11,CALL,44500,20845,2,,,,,,,,,,,,
2026/09/25 05:10,2026-09-25T05:25:03+09:00,2026/09/25,2026/11/12,2026-11,PUT,44500,52,127,,48.34,45.86,53,1,36,1,,,,,
2026/09/25 05:10,2026-09-25T05:25:03+09:00,2026/09/25,2026/11/12,2026-11,CALL,44000,21340,,,,,,,,,,,,,
2026/09/25 05:10,2026-09-25T05:25:03+09:00,2026/09/25,2026/11/12,2026-11,PUT,44000,48,1115,,49.33,46.53,51,1,33,1,,,,,
2026/09/25 05:10,2026-09-25T05:25:03+09:00,2026/09/25,2026/11/12,2026-11,CALL,43000,22330,,,,,,,,,,,,,
2026/09/25 05:10,2026-09-25T05:25:03+09:00,2026/09/25,2026/11/12,2026-11,PUT,43000,43,379,,50.35,34.81,41,1,1,26,,,,,
2026/09/25 05:10,2026-09-25T05:25:03+09:00,2026/09/25,2026/11/12,2026-11,CALL,42000,23325,,,,,,,,,,,,,
2026/09/25 05:10,2026-09-25T05:25:03+09:00,2026/09/25,2026/11/12,2026-11,PUT,42000,38,381,,56.09,36.65,63,7,1,26,,,,,
2026/09/25 05:10,2026-09-25T05:25:03+09:00,2026/09/25,2026/11/12,2026-11,CALL,41000,24320,,,,,,,,,,,,,
2026/09/25 05:10,2026-09-25T05:25:03+09:00,2026/09/25,2026/11/12,2026-11,PUT,41000,34,236,,54.13,38.52,34,5,1,26,,,,,
2026/09/25 05:10,2026-09-25T05:25:03+09:00,2026/09/25,2026/11/12,2026-11,CALL,40000,25315,,,,,,,,,,,,,
2026/09/25 05:10,2026-09-25T05:25:03+09:00,2026/09/25,2026/11/12,2026-11,PUT,40000,30,1423,,55.36,53.21,28,1,20,1,,,,,
2026/09/25 05:10,2026-09-25T05:25:03+09:00,2026/09/25,2026/11/12,2026-11,CALL,39000,26310,,,,,,,,,,,,,
2026/09/25 05:10,2026-09-25T05:25:03+09:00,2026/09/25,2026/11/12,2026-11,PUT,39000,26,104,,58.2,42.4,29,7,1,26,,,,,
2026/09/25 05:10,2026-09-25T05:25:03+09:00,2026/09/25,2026/11/12,2026-11,CALL,38000,27295,,,,,,,,,,,,,
2026/09/25 05:10,2026-09-25T05:25:03+09:00,2026/09/25,2026/11/12,2026-11,PUT,38000,16,13,,70.24,44.4,85,7,1,26,,,,,
2026/09/25 05:10,2026-09-25T05:25:03+09:00,2026/09/25,2026/11/12,2026-11,CALL,37000,28290,,,,,,,,,,,,,
2026/09/25 05:10,2026-09-25T05:25:03+09:00,2026/09/25,2026/11/12,2026-11,PUT,37000,17,12,1,62.18,56.58,24,6,10,12,60.05,-1,-5.26,18,09/24 23:58
2026/09/25 05:10,2026-09-25T05:25:03+09:00,2026/09/25,2026/11/12,2026-11,CALL,36000,29285,,,,,,,,,,,,,
2026/09/25 05:10,2026-09-25T05:25:03+09:00,2026/09/25,2026/11/12,2026-11,PUT,36000,8,1,,79.27,48.58,108,6,1,26,,,,,
2026/09/25 05:10,2026-09-25T05:25:03+09:00,2026/09/25,2026/11/12,2026-11,CALL,35000,30280,,,,,,,,,,,,,
2026/09/25 05:10,2026-09-25T05:25:03+09:00,2026/09/25,2026/11/12,2026-11,PUT,35000,13,1038,1,64.31,63.36,15,1,13,1,63.72,0,0,14,09/24 23:53
2026/09/25 05:10,2026-09-25T05:25:03+09:00,2026/09/25,2026/11/12,2026-11,CALL,34000,31275,,,,,,,,,,,,,
2026/09/25 05:10,2026-09-25T05:25:03+09:00,2026/09/25,2026/11/12,2026-11,PUT,34000,8,5,,85.8,62.97,106,6,8,5,,,,,
2026/09/25 05:10,2026-09-25T05:25:03+09:00,2026/09/25,2026/11/12,2026-11,CALL,33000,32270,,,,,,,,,,,,,
2026/09/25 05:10,2026-09-25T05:25:03+09:00,2026/09/25,2026/11/12,2026-11,PUT,33000,7,,,77.95,58.24,39,15,2,16,,,,,
2026/09/25 05:10,2026-09-25T05:25:03+09:00,2026/09/25,2026/11/12,2026-11,CALL,32000,33270,,,,,,,,,,,,,
2026/09/25 05:10,2026-09-25T05:25:03+09:00,2026/09/25,2026/11/12,2026-11,PUT,32000,8,,,80.92,60.73,38,15,2,15,,,,,
2026/09/25 05:10,2026-09-25T05:25:03+09:00,2026/09/25,2026/11/12,2026-11,CALL,31000,34270,,,,,,,,,,,,,
2026/09/25 05:10,2026-09-25T05:25:03+09:00,2026/09/25,2026/11/12,2026-11,PUT,31000,7,,,74.76,60.09,13,3,1,60,,,,,
2026/09/25 05:10,2026-09-25T05:25:03+09:00,2026/09/25,2026/11/12,2026-11,CALL,30000,35265,,,,,,,,,,,,,
2026/09/25 05:10,2026-09-25T05:25:03+09:00,2026/09/25,2026/11/12,2026-11,PUT,30000,8,5503,,75.83,71.12,10,7,5,3,,,,,
2026/09/25 05:10,2026-09-25T05:25:03+09:00,2026/09/25,2026/11/12,2026-11,CALL,29000,36265,,,,,,,,,,,,,
2026/09/25 05:10,2026-09-25T05:25:03+09:00,2026/09/25,2026/11/12,2026-11,PUT,29000,8,306,,89.98,65.21,34,15,1,60,,,,,
2026/09/25 05:10,2026-09-25T05:25:03+09:00,2026/09/25,2026/11/12,2026-11,CALL,28000,37265,,,,,,,,,,,,,
2026/09/25 05:10,2026-09-25T05:25:03+09:00,2026/09/25,2026/11/12,2026-11,PUT,28000,6,44,,82.15,67.91,10,2,1,70,,,,,
2026/09/25 05:10,2026-09-25T05:25:03+09:00,2026/09/25,2026/11/12,2026-11,CALL,27000,38260,,,,,,,,,,,,,
2026/09/25 05:10,2026-09-25T05:25:03+09:00,2026/09/25,2026/11/12,2026-11,PUT,27000,5,17,,97.01,70.7,33,15,1,60,,,,,
2026/09/25 05:10,2026-09-25T05:25:03+09:00,2026/09/25,2026/11/12,2026-11,CALL,26000,39260,,,,,,,,,,,,,
2026/09/25 05:10,2026-09-25T05:25:03+09:00,2026/09/25,2026/11/12,2026-11,PUT,26000,4,2,,84.83,73.6,6,1,1,60,,,,,
2026/09/25 05:10,2026-09-25T05:25:03+09:00,2026/09/25,2026/11/12,2026-11,CALL,25000,40255,,,,,,,,,,,,,
2026/09/25 05:10,2026-09-25T05:25:03+09:00,2026/09/25,2026/11/12,2026-11,PUT,25000,3,200,,85.23,83.23,4,1,3,6,,,,,
2026/09/25 05:10,2026-09-25T05:25:03+09:00,2026/09/25,2026/11/12,2026-11,CALL,22500,42755,,,,,,,,,,,,,
2026/09/25 05:10,2026-09-25T05:25:03+09:00,2026/09/25,2026/11/12,2026-11,PUT,22500,2,52,,91.98,84.7,3,6,1,20,,,,,
2026/09/25 05:10,2026-09-25T05:25:03+09:00,2026/09/25,2026/11/12,2026-11,CALL,20000,45245,,,,,,,,,,,,,
2026/09/25 05:10,2026-09-25T05:25:03+09:00,2026/09/25,2026/11/12,2026-11,PUT,20000,1,228,3,101.77,93.76,3,6,1,131,98.3,0,0,2,09/25 00:12
2026/09/25 05:10,2026-09-25T05:25:03+09:00,2026/09/25,2026/12/10,2026-12,CALL,100000,3,509,1,29.53,27.15,3,1,1,30,28.62,-1,-33.33,2,09/24 23:03
2026/09/25 05:10,2026-09-25T05:25:03+09:00,2026/09/25,2026/12/10,2026-12,PUT,100000,34425,,,,,,,,,,,,,
2026/09/25 05:10,2026-09-25T05:25:03+09:00,2026/09/25,2026/12/10,2026-12,CALL,95000,5,1078,,35.25,24.12,50,1,1,10,,,,,
2026/09/25 05:10,2026-09-25T05:25:03+09:00,2026/09/25,2026/12/10,2026-12,PUT,95000,29445,,,,,,,,,,,,,
2026/09/25 05:10,2026-09-25T05:25:03+09:00,2026/09/25,2026/12/10,2026-12,CALL,90000,10,1799,2,26.24,24.64,13,1,7,1,26.79,2,15.38,15,09/24 22:41
2026/09/25 05:10,2026-09-25T05:25:03+09:00,2026/09/25,2026/12/10,2026-12,PUT,90000,24465,3,,,,,,,,,,,,
2026/09/25 05:10,2026-09-25T05:25:03+09:00,2026/09/25,2026/12/10,2026-12,CALL,87500,22,2457,,31.64,24.57,100,1,15,1,,,,,
2026/09/25 05:10,2026-09-25T05:25:03+09:00,2026/09/25,2026/12/10,2026-12,PUT,87500,21985,,,,,,,,,,,,,
2026/09/25 05:10,2026-09-25T05:25:03+09:00,2026/09/25,2026/12/10,2026-12,CALL,85000,34,1009,,25.31,21.43,40,1,10,2,,,,,
2026/09/25 05:10,2026-09-25T05:25:03+09:00,2026/09/25,2026/12/10,2026-12,PUT,85000,19505,,,,,,,,,,,,,
2026/09/25 05:10,2026-09-25T05:25:03+09:00,2026/09/25,2026/12/10,2026-12,CALL,84000,45,523,,36.04,16.69,370,1,1,20,,,,,
2026/09/25 05:10,2026-09-25T05:25:03+09:00,2026/09/25,2026/12/10,2026-12,PUT,84000,18520,,,,,,,,,,,,,
2026/09/25 05:10,2026-09-25T05:25:03+09:00,2026/09/25,2026/12/10,2026-12,CALL,83000,52,121,,,17.49,,,3,1,,,,,
2026/09/25 05:10,2026-09-25T05:25:03+09:00,2026/09/25,2026/12/10,2026-12,PUT,83000,17530,,,,,,,,,,,,,
2026/09/25 05:10,2026-09-25T05:25:03+09:00,2026/09/25,2026/12/10,2026-12,CALL,82500,53,1126,,24.8,15.58,70,1,1,10,,,,,
2026/09/25 05:10,2026-09-25T05:25:03+09:00,2026/09/25,2026/12/10,2026-12,PUT,82500,17035,,,,,,,,,,,,,
2026/09/25 05:10,2026-09-25T05:25:03+09:00,2026/09/25,2026/12/10,2026-12,CALL,82000,67,1,3,27.92,15.21,158,1,1,20,23.4,,,53,09/24 21:59
2026/09/25 05:10,2026-09-25T05:25:03+09:00,2026/09/25,2026/12/10,2026-12,PUT,82000,16550,,,,,,,,,,,,,
2026/09/25 05:10,2026-09-25T05:25:03+09:00,2026/09/25,2026/12/10,2026-12,CALL,81000,81,4,1,,14.44,,,1,20,24.01,-5,-6.1,77,09/24 17:23
2026/09/25 05:10,2026-09-25T05:25:03+09:00,2026/09/25,2026/12/10,2026-12,PUT,81000,15570,,,,,,,,,,,,,
2026/09/25 05:10,2026-09-25T05:25:03+09:00,2026/09/25,2026/12/10,2026-12,CALL,80000,109,7260,,27.45,22.52,228,1,80,1,,,,,
2026/09/25 05:10,2026-09-25T05:25:03+09:00,2026/09/25,2026/12/10,2026-12,PUT,80000,14600,3700,,,,,,,,,,,,
2026/09/25 05:10,2026-09-25T05:25:03+09:00,2026/09/25,2026/12/10,2026-12,CALL,79000,138,209,,,12.88,,,1,20,,,,,
2026/09/25 05:10,2026-09-25T05:25:03+09:00,2026/09/25,2026/12/10,2026-12,PUT,79000,13630,,,,,,,,,,,,,
2026/09/25 05:10,2026-09-25T05:25:03+09:00,2026/09/25,2026/12/10,2026-12,CALL,78000,199,385,1,26.05,21.05,285,1,102,1,23.74,-107,-36.03,190,09/24 23:06
2026/09/25 05:10,2026-09-25T05:25:03+09:00,2026/09/25,2026/12/10,2026-12,PUT,78000,12695,,,,,,,,,,,,,
2026/09/25 05:10,2026-09-25T05:25:03+09:00,2026/09/25,2026/12/10,2026-12,CALL,77500,211,1055,,,,,,,,,,,,
2026/09/25 05:10,2026-09-25T05:25:03+09:00,2026/09/25,2026/12/10,2026-12,PUT,77500,12210,,,,,,,,,,,,,
2026/09/25 05:10,2026-09-25T05:25:03+09:00,2026/09/25,2026/12/10,2026-12,CALL,77000,235,410,,29.75,20.41,580,1,120,1,,,,,
2026/09/25 05:10,2026-09-25T05:25:03+09:00,2026/09/25,2026/12/10,2026-12,PUT,77000,11735,,,,,,,,,,,,,
2026/09/25 05:10,2026-09-25T05:25:03+09:00,2026/09/25,2026/12/10,2026-12,CALL,76250,291,12,,,,,,,,,,,,
2026/09/25 05:10,2026-09-25T05:25:03+09:00,2026/09/25,2026/12/10,2026-12,PUT,76250,11045,,,,,,,,,,,,,
2026/09/25 05:10,2026-09-25T05:25:03+09:00,2026/09/25,2026/12/10,2026-12,CALL,76000,310,460,,28.82,22.39,630,1,250,1,,,,,
2026/09/25 05:10,2026-09-25T05:25:03+09:00,2026/09/25,2026/12/10,2026-12,PUT,76000,10815,300,,,,,,,,,,,,
2026/09/25 05:10,2026-09-25T05:25:03+09:00,2026/09/25,2026/12/10,2026-12,CALL,75750,330,,,,,,,,,,,,,
2026/09/25 05:10,2026-09-25T05:25:03+09:00,2026/09/25,2026/12/10,2026-12,PUT,75750,10585,,,,,,,,,,,,,
2026/09/25 05:10,2026-09-25T05:25:03+09:00,2026/09/25,2026/12/10,2026-12,CALL,75500,350,1,,,10,,,1,20,,,,,
2026/09/25 05:10,2026-09-25T05:25:03+09:00,2026/09/25,2026/12/10,2026-12,PUT,75500,10355,,,,,,,,,,,,,
2026/09/25 05:10,2026-09-25T05:25:03+09:00,2026/09/25,2026/12/10,2026-12,CALL,75250,370,,,,,,,,,,,,,
2026/09/25 05:10,2026-09-25T05:25:03+09:00,2026/09/25,2026/12/10,2026-12,PUT,75250,10125,,,,,,,,,,,,,
2026/09/25 05:10,2026-09-25T05:25:03+09:00,2026/09/25,2026/12/10,2026-12,CALL,75000,395,3825,,34.08,9.57,1200,1,1,20,,,,,
2026/09/25 05:10,2026-09-25T05:25:03+09:00,2026/09/25,2026/12/10,2026-12,PUT,75000,9900,,,,,,,,,,,,,
2026/09/25 05:10,2026-09-25T05:25:03+09:00,2026/09/25,2026/12/10,2026-12,CALL,74750,420,1,,,,,,,,,,,,
2026/09/25 05:10,2026-09-25T05:25:03+09:00,2026/09/25,2026/12/10,2026-12,PUT,74750,9680,,,,,,,,,,,,,
2026/09/25 05:10,2026-09-25T05:25:03+09:00,2026/09/25,2026/12/10,2026-12,CALL,74500,445,1,,,9.13,,,1,20,,,,,
2026/09/25 05:10,2026-09-25T05:25:03+09:00,2026/09/25,2026/12/10,2026-12,PUT,74500,9455,,,,,,,,,,,,,
2026/09/25 05:10,2026-09-25T05:25:03+09:00,2026/09/25,2026/12/10,2026-12,CALL,74250,475,,,,,,,,,,,,,
2026/09/25 05:10,2026-09-25T05:25:03+09:00,2026/09/25,2026/12/10,2026-12,PUT,74250,9235,,,,,,,,,,,,,
2026/09/25 05:10,2026-09-25T05:25:03+09:00,2026/09/25,2026/12/10,2026-12,CALL,74000,500,1550,,,8.7,,,1,20,,,,,
2026/09/25 05:10,2026-09-25T05:25:03+09:00,2026/09/25,2026/12/10,2026-12,PUT,74000,9010,101,,,,,,,,,,,,
2026/09/25 05:10,2026-09-25T05:25:03+09:00,2026/09/25,2026/12/10,2026-12,CALL,73750,540,,,,,,,,,,,,,
2026/09/25 05:10,2026-09-25T05:25:03+09:00,2026/09/25,2026/12/10,2026-12,PUT,73750,8800,,,,,,,,,,,,,
2026/09/25 05:10,2026-09-25T05:25:03+09:00,2026/09/25,2026/12/10,2026-12,CALL,73500,575,400,,,8.25,,,1,20,,,,,
2026/09/25 05:10,2026-09-25T05:25:03+09:00,2026/09/25,2026/12/10,2026-12,PUT,73500,8585,,,,,,,,,,,,,
2026/09/25 05:10,2026-09-25T05:25:03+09:00,2026/09/25,2026/12/10,2026-12,CALL,73250,610,,,,,,,,,,,,,
2026/09/25 05:10,2026-09-25T05:25:03+09:00,2026/09/25,2026/12/10,2026-12,PUT,73250,8370,,,,,,,,,,,,,
2026/09/25 05:10,2026-09-25T05:25:03+09:00,2026/09/25,2026/12/10,2026-12,CALL,73000,655,805,,30.02,7.81,1200,1,1,20,,,,,
2026/09/25 05:10,2026-09-25T05:25:03+09:00,2026/09/25,2026/12/10,2026-12,PUT,73000,8170,4,,,,,,,,,,,,
2026/09/25 05:10,2026-09-25T05:25:03+09:00,2026/09/25,2026/12/10,2026-12,CALL,72750,685,,,,,,,,,,,,,
2026/09/25 05:10,2026-09-25T05:25:03+09:00,2026/09/25,2026/12/10,2026-12,PUT,72750,7950,,,,,,,,,,,,,
2026/09/25 05:10,2026-09-25T05:25:03+09:00,2026/09/25,2026/12/10,2026-12,CALL,72500,730,2913,,,7.35,,,1,20,,,,,
2026/09/25 05:10,2026-09-25T05:25:03+09:00,2026/09/25,2026/12/10,2026-12,PUT,72500,7750,420,,,,,,,,,,,,
2026/09/25 05:10,2026-09-25T05:25:03+09:00,2026/09/25,2026/12/10,2026-12,CALL,72250,755,2,,,,,,,,,,,,
2026/09/25 05:10,2026-09-25T05:25:03+09:00,2026/09/25,2026/12/10,2026-12,PUT,72250,7520,,,,,,,,,,,,,
2026/09/25 05:10,2026-09-25T05:25:03+09:00,2026/09/25,2026/12/10,2026-12,CALL,72000,815,3210,,,6.89,,,1,21,,,,,
2026/09/25 05:10,2026-09-25T05:25:03+09:00,2026/09/25,2026/12/10,2026-12,PUT,72000,7335,120,,,,,,,,,,,,
2026/09/25 05:10,2026-09-25T05:25:03+09:00,2026/09/25,2026/12/10,2026-12,CALL,71750,850,24,,,,,,,,,,,,
2026/09/25 05:10,2026-09-25T05:25:03+09:00,2026/09/25,2026/12/10,2026-12,PUT,71750,7115,,,,,,,,,,,,,
2026/09/25 05:10,2026-09-25T05:25:03+09:00,2026/09/25,2026/12/10,2026-12,CALL,71500,895,1,,,6.43,,,1,20,,,,,
2026/09/25 05:10,2026-09-25T05:25:03+09:00,2026/09/25,2026/12/10,2026-12,PUT,71500,6915,,,,,,,,,,,,,
2026/09/25 05:10,2026-09-25T05:25:03+09:00,2026/09/25,2026/12/10,2026-12,CALL,71250,960,,,,,,,,,,,,,
2026/09/25 05:10,2026-09-25T05:25:03+09:00,2026/09/25,2026/12/10,2026-12,PUT,71250,6730,,,,,,,,,,,,,
2026/09/25 05:10,2026-09-25T05:25:03+09:00,2026/09/25,2026/12/10,2026-12,CALL,71000,1000,1314,,,5.96,,,1,20,,,,,
2026/09/25 05:10,2026-09-25T05:25:03+09:00,2026/09/25,2026/12/10,2026-12,PUT,71000,6520,31,,,,,,,,,,,,
2026/09/25 05:10,2026-09-25T05:25:03+09:00,2026/09/25,2026/12/10,2026-12,CALL,70750,1055,,,,,,,,,,,,,
2026/09/25 05:10,2026-09-25T05:25:03+09:00,2026/09/25,2026/12/10,2026-12,PUT,70750,6330,,,,,,,,,,,,,
2026/09/25 05:10,2026-09-25T05:25:03+09:00,2026/09/25,2026/12/10,2026-12,CALL,70500,1120,,,,5.48,,,1,20,,,,,
2026/09/25 05:10,2026-09-25T05:25:03+09:00,2026/09/25,2026/12/10,2026-12,PUT,70500,6140,,,,,,,,,,,,,
2026/09/25 05:10,2026-09-25T05:25:03+09:00,2026/09/25,2026/12/10,2026-12,CALL,70250,1180,,,,,,,,,,,,,
2026/09/25 05:10,2026-09-25T05:25:03+09:00,2026/09/25,2026/12/10,2026-12,PUT,70250,5955,,,,,,,,,,,,,
2026/09/25 05:10,2026-09-25T05:25:03+09:00,2026/09/25,2026/12/10,2026-12,CALL,70000,1275,5961,,,19.2,,,800,1,,,,,
2026/09/25 05:10,2026-09-25T05:25:03+09:00,2026/09/25,2026/12/10,2026-12,PUT,70000,5800,1653,,,,,,,,,,,,
2026/09/25 05:10,2026-09-25T05:25:03+09:00,2026/09/25,2026/12/10,2026-12,CALL,69750,1315,158,,,,,,,,,,,,
2026/09/25 05:10,2026-09-25T05:25:03+09:00,2026/09/25,2026/12/10,2026-12,PUT,69750,5590,,,,,,,,,,,,,
2026/09/25 05:10,2026-09-25T05:25:03+09:00,2026/09/25,2026/12/10,2026-12,CALL,69500,1385,,,,4.5,,,1,20,,,,,
2026/09/25 05:10,2026-09-25T05:25:03+09:00,2026/09/25,2026/12/10,2026-12,PUT,69500,5410,,,,,,,,,,,,,
2026/09/25 05:10,2026-09-25T05:25:03+09:00,2026/09/25,2026/12/10,2026-12,CALL,69250,1460,50,,,,,,,,,,,,
2026/09/25 05:10,2026-09-25T05:25:03+09:00,2026/09/25,2026/12/10,2026-12,PUT,69250,5235,,,,,,,,,,,,,
2026/09/25 05:10,2026-09-25T05:25:03+09:00,2026/09/25,2026/12/10,2026-12,CALL,69000,1535,1646,,,3.99,,,1,21,,,,,
2026/09/25 05:10,2026-09-25T05:25:03+09:00,2026/09/25,2026/12/10,2026-12,PUT,69000,5065,1570,,,,,,,,,,,,
2026/09/25 05:10,2026-09-25T05:25:03+09:00,2026/09/25,2026/12/10,2026-12,CALL,68750,1625,,,,,,,,,,,,,
2026/09/25 05:10,2026-09-25T05:25:03+09:00,2026/09/25,2026/12/10,2026-12,PUT,68750,4900,100,,,,,,,,,,,,
2026/09/25 05:10,2026-09-25T05:25:03+09:00,2026/09/25,2026/12/10,2026-12,CALL,68500,1710,437,,,3.48,,,1,10,,,,,
2026/09/25 05:10,2026-09-25T05:25:03+09:00,2026/09/25,2026/12/10,2026-12,PUT,68500,4735,203,,,,,,,,,,,,
2026/09/25 05:10,2026-09-25T05:25:03+09:00,2026/09/25,2026/12/10,2026-12,CALL,68250,1790,,,,,,,,,,,,,
2026/09/25 05:10,2026-09-25T05:25:03+09:00,2026/09/25,2026/12/10,2026-12,PUT,68250,4575,,,,,,,,,,,,,
2026/09/25 05:10,2026-09-25T05:25:03+09:00,2026/09/25,2026/12/10,2026-12,CALL,68125,1830,,,,,,,,,,,,,
2026/09/25 05:10,2026-09-25T05:25:03+09:00,2026/09/25,2026/12/10,2026-12,PUT,68125,4485,,,,,,,,,,,,,
2026/09/25 05:10,2026-09-25T05:25:03+09:00,2026/09/25,2026/12/10,2026-12,CALL,68000,1875,4264,,,2.96,,,1,10,,,,,
2026/09/25 05:10,2026-09-25T05:25:03+09:00,2026/09/25,2026/12/10,2026-12,PUT,68000,4405,1900,,,,,,1,1,,,,,
2026/09/25 05:10,2026-09-25T05:25:03+09:00,2026/09/25,2026/12/10,2026-12,CALL,67875,1925,,,,,,,,,,,,,
2026/09/25 05:10,2026-09-25T05:25:03+09:00,2026/09/25,2026/12/10,2026-12,PUT,67875,4330,,,,,,,,,,,,,
2026/09/25 05:10,2026-09-25T05:25:03+09:00,2026/09/25,2026/12/10,2026-12,CALL,67750,1975,,,,,,,,,,,,,
2026/09/25 05:10,2026-09-25T05:25:03+09:00,2026/09/25,2026/12/10,2026-12,PUT,67750,4260,,,,,,,,,,,,,
2026/09/25 05:10,2026-09-25T05:25:03+09:00,2026/09/25,2026/12/10,2026-12,CALL,67625,2025,,,,,,,,,,,,,
2026/09/25 05:10,2026-09-25T05:25:03+09:00,2026/09/25,2026/12/10,2026-12,PUT,67625,4180,,,,,,,,,,,,,
2026/09/25 05:10,2026-09-25T05:25:03+09:00,2026/09/25,2026/12/10,2026-12,CALL,67500,2075,25,,,2.42,,,1,10,,,,,
2026/09/25 05:10,2026-09-25T05:25:03+09:00,2026/09/25,2026/12/10,2026-12,PUT,67500,4105,25,,,,,,,,,,,,
2026/09/25 05:10,2026-09-25T05:25:03+09:00,2026/09/25,2026/12/10,2026-12,CALL,67375,2120,,,,,,,,,,,,,
2026/09/25 05:10,2026-09-25T05:25:03+09:00,2026/09/25,2026/12/10,2026-12,PUT,67375,4030,,,,,,,,,,,,,
2026/09/25 05:10,2026-09-25T05:25:03+09:00,2026/09/25,2026/12/10,2026-12,CALL,67250,2175,25,,,,,,,,,,,,
2026/09/25 05:10,2026-09-25T05:25:03+09:00,2026/09/25,2026/12/10,2026-12,PUT,67250,3955,25,,,,,,,,,,,,
2026/09/25 05:10,2026-09-25T05:25:03+09:00,2026/09/25,2026/12/10,2026-12,CALL,67125,2225,,,,,,,,,,,,,
2026/09/25 05:10,2026-09-25T05:25:03+09:00,2026/09/25,2026/12/10,2026-12,PUT,67125,3885,,,,,,,,,,,,,
2026/09/25 05:10,2026-09-25T05:25:03+09:00,2026/09/25,2026/12/10,2026-12,CALL,67000,2275,1587,,,1.87,,,1,10,,,,,
2026/09/25 05:10,2026-09-25T05:25:03+09:00,2026/09/25,2026/12/10,2026-12,PUT,67000,3805,1591,,,,,,,,,,,,
2026/09/25 05:10,2026-09-25T05:25:03+09:00,2026/09/25,2026/12/10,2026-12,CALL,66875,2330,,,,,,,,,,,,,
2026/09/25 05:10,2026-09-25T05:25:03+09:00,2026/09/25,2026/12/10,2026-12,PUT,66875,3740,,,,,,,,,,,,,
2026/09/25 05:10,2026-09-25T05:25:03+09:00,2026/09/25,2026/12/10,2026-12,CALL,66750,2380,,,,,,,,,,,,,
2026/09/25 05:10,2026-09-25T05:25:03+09:00,2026/09/25,2026/12/10,2026-12,PUT,66750,3665,,,,,,,,,,,,,
2026/09/25 05:10,2026-09-25T05:25:03+09:00,2026/09/25,2026/12/10,2026-12,CALL,66625,2435,,,,,,,,,,,,,
2026/09/25 05:10,2026-09-25T05:25:03+09:00,2026/09/25,2026/12/10,2026-12,PUT,66625,3595,,,,,,,,,,,,,
2026/09/25 05:10,2026-09-25T05:25:03+09:00,2026/09/25,2026/12/10,2026-12,CALL,66500,2495,2784,,,1.29,,,1,10,,,,,
2026/09/25 05:10,2026-09-25T05:25:03+09:00,2026/09/25,2026/12/10,2026-12,PUT,66500,3530,750,,,,,,,,,,,,
2026/09/25 05:10,2026-09-25T05:25:03+09:00,2026/09/25,2026/12/10,2026-12,CALL,66375,2545,,,,,,,,,,,,,
2026/09/25 05:10,2026-09-25T05:25:03+09:00,2026/09/25,2026/12/10,2026-12,PUT,66375,3460,,,,,,,,,,,,,
2026/09/25 05:10,2026-09-25T05:25:03+09:00,2026/09/25,2026/12/10,2026-12,CALL,66250,2605,15,,,,,,,,,,,,
2026/09/25 05:10,2026-09-25T05:25:03+09:00,2026/09/25,2026/12/10,2026-12,PUT,66250,3395,,,,,,,,,,,,,
2026/09/25 05:10,2026-09-25T05:25:03+09:00,2026/09/25,2026/12/10,2026-12,CALL,66125,2660,,,,,,,,,,,,,
2026/09/25 05:10,2026-09-25T05:25:03+09:00,2026/09/25,2026/12/10,2026-12,PUT,66125,3325,,,,,,,,,,,,,
2026/09/25 05:10,2026-09-25T05:25:03+09:00,2026/09/25,2026/12/10,2026-12,CALL,66000,2725,1042,,,,,,,,,,,,
2026/09/25 05:10,2026-09-25T05:25:03+09:00,2026/09/25,2026/12/10,2026-12,PUT,66000,3265,1038,,,,,,,,,,,,
2026/09/25 05:10,2026-09-25T05:25:03+09:00,2026/09/25,2026/12/10,2026-12,CALL,65875,2795,,,,,,,,,,,,,
2026/09/25 05:10,2026-09-25T05:25:03+09:00,2026/09/25,2026/12/10,2026-12,PUT,65875,3205,,,,,,,,,,,,,
2026/09/25 05:10,2026-09-25T05:25:03+09:00,2026/09/25,2026/12/10,2026-12,CALL,65750,2860,15,,,,,,,,,,,,
2026/09/25 05:10,2026-09-25T05:25:03+09:00,2026/09/25,2026/12/10,2026-12,PUT,65750,3150,15,,,,,,,,,,,,
2026/09/25 05:10,2026-09-25T05:25:03+09:00,2026/09/25,2026/12/10,2026-12,CALL,65625,2920,,,,,,,,,,,,,
2026/09/25 05:10,2026-09-25T05:25:03+09:00,2026/09/25,2026/12/10,2026-12,PUT,65625,3085,,,,,,,,,,,,,
2026/09/25 05:10,2026-09-25T05:25:03+09:00,2026/09/25,2026/12/10,2026-12,CALL,65500,2985,734,,,,,,,,,,,,
2026/09/25 05:10,2026-09-25T05:25:03+09:00,2026/09/25,2026/12/10,2026-12,PUT,65500,3025,605,,,,,,,,,,,,
2026/09/25 05:10,2026-09-25T05:25:03+09:00,2026/09/25,2026/12/10,2026-12,CALL,65375,3045,,,,,,,,,,,,,
2026/09/25 05:10,2026-09-25T05:25:03+09:00,2026/09/25,2026/12/10,2026-12,PUT,65375,2960,,,,,,,,,,,,,
2026/09/25 05:10,2026-09-25T05:25:03+09:00,2026/09/25,2026/12/10,2026-12,CALL,65250,3110,,,,,,,,,,,,,
2026/09/25 05:10,2026-09-25T05:25:03+09:00,2026/09/25,2026/12/10,2026-12,PUT,65250,2900,,,,,,,,,,,,,
2026/09/25 05:10,2026-09-25T05:25:03+09:00,2026/09/25,2026/12/10,2026-12,CALL,65125,3180,,,,,,,,,,,,,
2026/09/25 05:10,2026-09-25T05:25:03+09:00,2026/09/25,2026/12/10,2026-12,PUT,65125,2845,,,,,,,,,,,,,
2026/09/25 05:10,2026-09-25T05:25:03+09:00,2026/09/25,2026/12/10,2026-12,CALL,65000,3245,3593,,,,,,,,,,,,
2026/09/25 05:10,2026-09-25T05:25:03+09:00,2026/09/25,2026/12/10,2026-12,PUT,65000,2785,4548,,,,,,,,,,,,
2026/09/25 05:10,2026-09-25T05:25:03+09:00,2026/09/25,2026/12/10,2026-12,CALL,64875,3310,,,,,,,,,,,,,
2026/09/25 05:10,2026-09-25T05:25:03+09:00,2026/09/25,2026/12/10,2026-12,PUT,64875,2725,,,,,,,,,,,,,
2026/09/25 05:10,2026-09-25T05:25:03+09:00,2026/09/25,2026/12/10,2026-12,CALL,64750,3385,,,,,,,,,,,,,
2026/09/25 05:10,2026-09-25T05:25:03+09:00,2026/09/25,2026/12/10,2026-12,PUT,64750,2675,,,,,,,,,,,,,
2026/09/25 05:10,2026-09-25T05:25:03+09:00,2026/09/25,2026/12/10,2026-12,CALL,64625,3455,,,,,,,,,,,,,
2026/09/25 05:10,2026-09-25T05:25:03+09:00,2026/09/25,2026/12/10,2026-12,PUT,64625,2625,25,,,,,,,,,,,,
2026/09/25 05:10,2026-09-25T05:25:03+09:00,2026/09/25,2026/12/10,2026-12,CALL,64500,3515,296,,,,,,,,,,,,
2026/09/25 05:10,2026-09-25T05:25:03+09:00,2026/09/25,2026/12/10,2026-12,PUT,64500,2555,175,,,,,,,,,,,,
2026/09/25 05:10,2026-09-25T05:25:03+09:00,2026/09/25,2026/12/10,2026-12,CALL,64375,3590,,,,,,,,,,,,,
2026/09/25 05:10,2026-09-25T05:25:03+09:00,2026/09/25,2026/12/10,2026-12,PUT,64375,2510,,,,,,,,,,,,,
2026/09/25 05:10,2026-09-25T05:25:03+09:00,2026/09/25,2026/12/10,2026-12,CALL,64250,3665,,,,,,,,,,,,,
2026/09/25 05:10,2026-09-25T05:25:03+09:00,2026/09/25,2026/12/10,2026-12,PUT,64250,2460,,,,,,,,,,,,,
2026/09/25 05:10,2026-09-25T05:25:03+09:00,2026/09/25,2026/12/10,2026-12,CALL,64125,3735,,,,,,,,,,,,,
2026/09/25 05:10,2026-09-25T05:25:03+09:00,2026/09/25,2026/12/10,2026-12,PUT,64125,2405,,,,,,,,,,,,,
2026/09/25 05:10,2026-09-25T05:25:03+09:00,2026/09/25,2026/12/10,2026-12,CALL,64000,3805,2242,,,,,,,,,,,,
2026/09/25 05:10,2026-09-25T05:25:03+09:00,2026/09/25,2026/12/10,2026-12,PUT,64000,2350,2031,,,2.02,,,1,10,,,,,
2026/09/25 05:10,2026-09-25T05:25:03+09:00,2026/09/25,2026/12/10,2026-12,CALL,63875,3880,,,,,,,,,,,,,
2026/09/25 05:10,2026-09-25T05:25:03+09:00,2026/09/25,2026/12/10,2026-12,PUT,63875,2300,,,,,,,,,,,,,
2026/09/25 05:10,2026-09-25T05:25:03+09:00,2026/09/25,2026/12/10,2026-12,CALL,63750,3960,32,,,,,,,,,,,,
2026/09/25 05:10,2026-09-25T05:25:03+09:00,2026/09/25,2026/12/10,2026-12,PUT,63750,2255,55,,,,,,,,,,,,
2026/09/25 05:10,2026-09-25T05:25:03+09:00,2026/09/25,2026/12/10,2026-12,CALL,63625,4035,,,,,,,,,,,,,
2026/09/25 05:10,2026-09-25T05:25:03+09:00,2026/09/25,2026/12/10,2026-12,PUT,63625,2205,,,,,,,,,,,,,
2026/09/25 05:10,2026-09-25T05:25:03+09:00,2026/09/25,2026/12/10,2026-12,CALL,63500,4105,300,,,,,,,,,,,,
2026/09/25 05:10,2026-09-25T05:25:03+09:00,2026/09/25,2026/12/10,2026-12,PUT,63500,2160,600,,,2.6,,,1,8,,,,,
2026/09/25 05:10,2026-09-25T05:25:03+09:00,2026/09/25,2026/12/10,2026-12,CALL,63375,4185,,,,,,,,,,,,,
2026/09/25 05:10,2026-09-25T05:25:03+09:00,2026/09/25,2026/12/10,2026-12,PUT,63375,2105,,,,,,,,,,,,,
2026/09/25 05:10,2026-09-25T05:25:03+09:00,2026/09/25,2026/12/10,2026-12,CALL,63250,4280,,,,,,,,,,,,,
2026/09/25 05:10,2026-09-25T05:25:03+09:00,2026/09/25,2026/12/10,2026-12,PUT,63250,2075,55,,,,,,,,,,,,
2026/09/25 05:10,2026-09-25T05:25:03+09:00,2026/09/25,2026/12/10,2026-12,CALL,63125,4365,,,,,,,,,,,,,
2026/09/25 05:10,2026-09-25T05:25:03+09:00,2026/09/25,2026/12/10,2026-12,PUT,63125,2040,,,,,,,,,,,,,
2026/09/25 05:10,2026-09-25T05:25:03+09:00,2026/09/25,2026/12/10,2026-12,CALL,63000,4425,1417,,,,,,,,,,,,
2026/09/25 05:10,2026-09-25T05:25:03+09:00,2026/09/25,2026/12/10,2026-12,PUT,63000,1970,2956,,,4.75,,,20,1,,,,,
2026/09/25 05:10,2026-09-25T05:25:03+09:00,2026/09/25,2026/12/10,2026-12,CALL,62875,4495,,,,,,,,,,,,,
2026/09/25 05:10,2026-09-25T05:25:03+09:00,2026/09/25,2026/12/10,2026-12,PUT,62875,1920,,,,,,,,,,,,,
2026/09/25 05:10,2026-09-25T05:25:03+09:00,2026/09/25,2026/12/10,2026-12,CALL,62750,4595,,,,,,,,,,,,,
2026/09/25 05:10,2026-09-25T05:25:03+09:00,2026/09/25,2026/12/10,2026-12,PUT,62750,1895,,,,,,,,,,,,,
2026/09/25 05:10,2026-09-25T05:25:03+09:00,2026/09/25,2026/12/10,2026-12,CALL,62625,4675,,,,,,,,,,,,,
2026/09/25 05:10,2026-09-25T05:25:03+09:00,2026/09/25,2026/12/10,2026-12,PUT,62625,1850,,,,,,,,,,,,,
2026/09/25 05:10,2026-09-25T05:25:03+09:00,2026/09/25,2026/12/10,2026-12,CALL,62500,4760,812,,,,,,,,,,,,
2026/09/25 05:10,2026-09-25T05:25:03+09:00,2026/09/25,2026/12/10,2026-12,PUT,62500,1810,1087,,,3.74,,,1,8,,,,,
2026/09/25 05:10,2026-09-25T05:25:03+09:00,2026/09/25,2026/12/10,2026-12,CALL,62375,4845,,,,,,,,,,,,,
2026/09/25 05:10,2026-09-25T05:25:03+09:00,2026/09/25,2026/12/10,2026-12,PUT,62375,1775,,,,,,,,,,,,,
2026/09/25 05:10,2026-09-25T05:25:03+09:00,2026/09/25,2026/12/10,2026-12,CALL,62250,4930,,,,,,,,,,,,,
2026/09/25 05:10,2026-09-25T05:25:03+09:00,2026/09/25,2026/12/10,2026-12,PUT,62250,1730,250,,,,,,,,,,,,
2026/09/25 05:10,2026-09-25T05:25:03+09:00,2026/09/25,2026/12/10,2026-12,CALL,62125,5025,,,,,,,,,,,,,
2026/09/25 05:10,2026-09-25T05:25:03+09:00,2026/09/25,2026/12/10,2026-12,PUT,62125,1705,,,,,,,,,,,,,
2026/09/25 05:10,2026-09-25T05:25:03+09:00,2026/09/25,2026/12/10,2026-12,CALL,62000,5120,1850,,,,,,,,,,,,
2026/09/25 05:10,2026-09-25T05:25:03+09:00,2026/09/25,2026/12/10,2026-12,PUT,62000,1670,3460,,,6.3,,,20,1,,,,,
2026/09/25 05:10,2026-09-25T05:25:03+09:00,2026/09/25,2026/12/10,2026-12,CALL,61875,5190,,,,,,,,,,,,,
2026/09/25 05:10,2026-09-25T05:25:03+09:00,2026/09/25,2026/12/10,2026-12,PUT,61875,1620,,,,,,,,,,,,,
2026/09/25 05:10,2026-09-25T05:25:03+09:00,2026/09/25,2026/12/10,2026-12,CALL,61750,5285,,,,,,,,,,,,,
2026/09/25 05:10,2026-09-25T05:25:03+09:00,2026/09/25,2026/12/10,2026-12,PUT,61750,1585,,,,,,,,,,,,,
2026/09/25 05:10,2026-09-25T05:25:03+09:00,2026/09/25,2026/12/10,2026-12,CALL,61625,5375,,,,,,,,,,,,,
2026/09/25 05:10,2026-09-25T05:25:03+09:00,2026/09/25,2026/12/10,2026-12,PUT,61625,1555,,,,,,,,,,,,,
2026/09/25 05:10,2026-09-25T05:25:03+09:00,2026/09/25,2026/12/10,2026-12,CALL,61500,5475,1,,,,,,,,,,,,
2026/09/25 05:10,2026-09-25T05:25:03+09:00,2026/09/25,2026/12/10,2026-12,PUT,61500,1525,1,,,4.88,,,1,8,,,,,
2026/09/25 05:10,2026-09-25T05:25:03+09:00,2026/09/25,2026/12/10,2026-12,CALL,61375,5560,,,,,,,,,,,,,
2026/09/25 05:10,2026-09-25T05:25:03+09:00,2026/09/25,2026/12/10,2026-12,PUT,61375,1490,,,,,,,,,,,,,
2026/09/25 05:10,2026-09-25T05:25:03+09:00,2026/09/25,2026/12/10,2026-12,CALL,61250,5630,,,,,,,,,,,,,
2026/09/25 05:10,2026-09-25T05:25:03+09:00,2026/09/25,2026/12/10,2026-12,PUT,61250,1435,10,,,,,,,,,,,,
2026/09/25 05:10,2026-09-25T05:25:03+09:00,2026/09/25,2026/12/10,2026-12,CALL,61125,5750,,,,,,,,,,,,,
2026/09/25 05:10,2026-09-25T05:25:03+09:00,2026/09/25,2026/12/10,2026-12,PUT,61125,1430,,,,,,,,,,,,,
2026/09/25 05:10,2026-09-25T05:25:03+09:00,2026/09/25,2026/12/10,2026-12,CALL,61000,5825,813,,,,,,,,,,,,
2026/09/25 05:10,2026-09-25T05:25:03+09:00,2026/09/25,2026/12/10,2026-12,PUT,61000,1380,1342,,,7.48,,,15,1,,,,,
2026/09/25 05:10,2026-09-25T05:25:03+09:00,2026/09/25,2026/12/10,2026-12,CALL,60875,5950,,,,,,,,,,,,,
2026/09/25 05:10,2026-09-25T05:25:03+09:00,2026/09/25,2026/12/10,2026-12,PUT,60875,1380,,,,,,,,,,,,,
2026/09/25 05:10,2026-09-25T05:25:03+09:00,2026/09/25,2026/12/10,2026-12,CALL,60750,6045,,,,,,,,,,,,,
2026/09/25 05:10,2026-09-25T05:25:03+09:00,2026/09/25,2026/12/10,2026-12,PUT,60750,1355,,,,,,,,,,,,,
2026/09/25 05:10,2026-09-25T05:25:03+09:00,2026/09/25,2026/12/10,2026-12,CALL,60625,6145,,,,,,,,,,,,,
2026/09/25 05:10,2026-09-25T05:25:03+09:00,2026/09/25,2026/12/10,2026-12,PUT,60625,1330,,,,7.58,,,10,2,,,,,
2026/09/25 05:10,2026-09-25T05:25:03+09:00,2026/09/25,2026/12/10,2026-12,CALL,60500,6240,102,,,,,,,,,,,,
2026/09/25 05:10,2026-09-25T05:25:03+09:00,2026/09/25,2026/12/10,2026-12,PUT,60500,1295,200,,,6.01,,,1,8,,,,,
2026/09/25 05:10,2026-09-25T05:25:03+09:00,2026/09/25,2026/12/10,2026-12,CALL,60250,6425,,,,,,,,,,,,,
2026/09/25 05:10,2026-09-25T05:25:03+09:00,2026/09/25,2026/12/10,2026-12,PUT,60250,1210,48,,,,,,,,,,,,
2026/09/25 05:10,2026-09-25T05:25:03+09:00,2026/09/25,2026/12/10,2026-12,CALL,60000,6615,7478,,,,,,1,10,,,,,
2026/09/25 05:10,2026-09-25T05:25:03+09:00,2026/09/25,2026/12/10,2026-12,PUT,60000,1175,9987,,,23.52,,,800,1,,,,,
2026/09/25 05:10,2026-09-25T05:25:03+09:00,2026/09/25,2026/12/10,2026-12,CALL,59750,6820,,,,,,,1,10,,,,,
2026/09/25 05:10,2026-09-25T05:25:03+09:00,2026/09/25,2026/12/10,2026-12,PUT,59750,1130,,,,,,,,,,,,,
2026/09/25 05:10,2026-09-25T05:25:03+09:00,2026/09/25,2026/12/10,2026-12,CALL,59500,7020,100,,,,,,1,10,,,,,
2026/09/25 05:10,2026-09-25T05:25:03+09:00,2026/09/25,2026/12/10,2026-12,PUT,59500,1085,250,,,,,,,,,,,,
2026/09/25 05:10,2026-09-25T05:25:03+09:00,2026/09/25,2026/12/10,2026-12,CALL,59250,7220,,,,,,,,,,,,,
2026/09/25 05:10,2026-09-25T05:25:03+09:00,2026/09/25,2026/12/10,2026-12,PUT,59250,1035,61,,,,,,,,,,,,
2026/09/25 05:10,2026-09-25T05:25:03+09:00,2026/09/25,2026/12/10,2026-12,CALL,59000,7410,1900,,,,,,,,,,,,
2026/09/25 05:10,2026-09-25T05:25:03+09:00,2026/09/25,2026/12/10,2026-12,PUT,59000,975,2405,,,9.85,,,10,1,,,,,
2026/09/25 05:10,2026-09-25T05:25:03+09:00,2026/09/25,2026/12/10,2026-12,CALL,58750,7605,,,,,,,,,,,,,
2026/09/25 05:10,2026-09-25T05:25:03+09:00,2026/09/25,2026/12/10,2026-12,PUT,58750,915,,,,,,,,,,,,,
2026/09/25 05:10,2026-09-25T05:25:03+09:00,2026/09/25,2026/12/10,2026-12,CALL,58500,7810,350,,,,,,,,,,,,
2026/09/25 05:10,2026-09-25T05:25:03+09:00,2026/09/25,2026/12/10,2026-12,PUT,58500,875,862,,,8.28,,,1,1,,,,,
2026/09/25 05:10,2026-09-25T05:25:03+09:00,2026/09/25,2026/12/10,2026-12,CALL,58250,8015,,,,,,,,,,,,,
2026/09/25 05:10,2026-09-25T05:25:03+09:00,2026/09/25,2026/12/10,2026-12,PUT,58250,830,65,,,,,,,,,,,,
2026/09/25 05:10,2026-09-25T05:25:03+09:00,2026/09/25,2026/12/10,2026-12,CALL,58000,8240,2603,,,,,,,,,,,,
2026/09/25 05:10,2026-09-25T05:25:03+09:00,2026/09/25,2026/12/10,2026-12,PUT,58000,805,1976,,,11.24,,,10,1,,,,,
2026/09/25 05:10,2026-09-25T05:25:03+09:00,2026/09/25,2026/12/10,2026-12,CALL,57750,8455,,,,,,,,,,,,,
2026/09/25 05:10,2026-09-25T05:25:03+09:00,2026/09/25,2026/12/10,2026-12,PUT,57750,770,1,,,,,,,,,,,,
2026/09/25 05:10,2026-09-25T05:25:03+09:00,2026/09/25,2026/12/10,2026-12,CALL,57500,8675,80,,,,,,,,,,,,
2026/09/25 05:10,2026-09-25T05:25:03+09:00,2026/09/25,2026/12/10,2026-12,PUT,57500,745,986,,,9.43,,,1,8,,,,,
2026/09/25 05:10,2026-09-25T05:25:03+09:00,2026/09/25,2026/12/10,2026-12,CALL,57250,8895,113,,,,,,,,,,,,
2026/09/25 05:10,2026-09-25T05:25:03+09:00,2026/09/25,2026/12/10,2026-12,PUT,57250,715,28,,,,,,,,,,,,
2026/09/25 05:10,2026-09-25T05:25:03+09:00,2026/09/25,2026/12/10,2026-12,CALL,57000,9100,500,,,,,,,,,,,,
2026/09/25 05:10,2026-09-25T05:25:03+09:00,2026/09/25,2026/12/10,2026-12,PUT,57000,670,2434,,,12.65,,,10,1,,,,,
2026/09/25 05:10,2026-09-25T05:25:03+09:00,2026/09/25,2026/12/10,2026-12,CALL,56750,9325,,,,,,,,,,,,,
2026/09/25 05:10,2026-09-25T05:25:03+09:00,2026/09/25,2026/12/10,2026-12,PUT,56750,645,12,,,,,,,,,,,,
2026/09/25 05:10,2026-09-25T05:25:03+09:00,2026/09/25,2026/12/10,2026-12,CALL,56500,9555,283,,,,,,,,,,,,
2026/09/25 05:10,2026-09-25T05:25:03+09:00,2026/09/25,2026/12/10,2026-12,PUT,56500,625,321,,,,,,,,,,,,
2026/09/25 05:10,2026-09-25T05:25:03+09:00,2026/09/25,2026/12/10,2026-12,CALL,56250,9760,,,,,,,,,,,,,
2026/09/25 05:10,2026-09-25T05:25:03+09:00,2026/09/25,2026/12/10,2026-12,PUT,56250,580,46,,,,,,,,,,,,
2026/09/25 05:10,2026-09-25T05:25:03+09:00,2026/09/25,2026/12/10,2026-12,CALL,56000,10005,791,,,,,,,,,,,,
2026/09/25 05:10,2026-09-25T05:25:03+09:00,2026/09/25,2026/12/10,2026-12,PUT,56000,575,2644,,32.65,14.06,700,1,10,2,,,,,
2026/09/25 05:10,2026-09-25T05:25:03+09:00,2026/09/25,2026/12/10,2026-12,CALL,55750,10220,,,,,,,,,,,,,
2026/09/25 05:10,2026-09-25T05:25:03+09:00,2026/09/25,2026/12/10,2026-12,PUT,55750,545,23,,,,,,,,,,,,
2026/09/25 05:10,2026-09-25T05:25:03+09:00,2026/09/25,2026/12/10,2026-12,CALL,55500,10455,300,,,,,,,,,,,,
2026/09/25 05:10,2026-09-25T05:25:03+09:00,2026/09/25,2026/12/10,2026-12,PUT,55500,530,101,,,,,,,,,,,,
2026/09/25 05:10,2026-09-25T05:25:03+09:00,2026/09/25,2026/12/10,2026-12,CALL,55250,10685,,,,,,,,,,,,,
2026/09/25 05:10,2026-09-25T05:25:03+09:00,2026/09/25,2026/12/10,2026-12,PUT,55250,510,1,,,,,,,,,,,,
2026/09/25 05:10,2026-09-25T05:25:03+09:00,2026/09/25,2026/12/10,2026-12,CALL,55000,10920,1829,,,,,,,,,,,,
2026/09/25 05:10,2026-09-25T05:25:03+09:00,2026/09/25,2026/12/10,2026-12,PUT,55000,495,4912,,63.88,26.48,3000,1,250,1,,,,,
2026/09/25 05:10,2026-09-25T05:25:03+09:00,2026/09/25,2026/12/10,2026-12,CALL,54750,11145,,,,,,,,,,,,,
2026/09/25 05:10,2026-09-25T05:25:03+09:00,2026/09/25,2026/12/10,2026-12,PUT,54750,475,32,,,12.64,,,1,1,,,,,
2026/09/25 05:10,2026-09-25T05:25:03+09:00,2026/09/25,2026/12/10,2026-12,CALL,54500,11360,540,,,,,,,,,,,,
2026/09/25 05:10,2026-09-25T05:25:03+09:00,2026/09/25,2026/12/10,2026-12,PUT,54500,440,784,,,,,,,,,,,,
2026/09/25 05:10,2026-09-25T05:25:03+09:00,2026/09/25,2026/12/10,2026-12,CALL,54250,11605,,,,,,,,,,,,,
2026/09/25 05:10,2026-09-25T05:25:03+09:00,2026/09/25,2026/12/10,2026-12,PUT,54250,435,3,,,,,,,,,,,,
2026/09/25 05:10,2026-09-25T05:25:03+09:00,2026/09/25,2026/12/10,2026-12,CALL,54000,11825,1941,,,,,,,,,,,,
2026/09/25 05:10,2026-09-25T05:25:03+09:00,2026/09/25,2026/12/10,2026-12,PUT,54000,405,3605,,,16.93,,,10,2,,,,,
2026/09/25 05:10,2026-09-25T05:25:03+09:00,2026/09/25,2026/12/10,2026-12,CALL,53750,12070,,,,,,,,,,,,,
2026/09/25 05:10,2026-09-25T05:25:03+09:00,2026/09/25,2026/12/10,2026-12,PUT,53750,400,45,,,,,,,,,,,,
2026/09/25 05:10,2026-09-25T05:25:03+09:00,2026/09/25,2026/12/10,2026-12,CALL,53500,12310,106,,,,,,,,,,,,
2026/09/25 05:10,2026-09-25T05:25:03+09:00,2026/09/25,2026/12/10,2026-12,PUT,53500,395,207,,,,,,,,,,,,
2026/09/25 05:10,2026-09-25T05:25:03+09:00,2026/09/25,2026/12/10,2026-12,CALL,53250,12540,,,,,,,,,,,,,
2026/09/25 05:10,2026-09-25T05:25:03+09:00,2026/09/25,2026/12/10,2026-12,PUT,53250,375,188,,,,,,,,,,,,
2026/09/25 05:10,2026-09-25T05:25:03+09:00,2026/09/25,2026/12/10,2026-12,CALL,53000,12780,1135,,,,,,,,,,,,
2026/09/25 05:10,2026-09-25T05:25:03+09:00,2026/09/25,2026/12/10,2026-12,PUT,53000,360,2011,,45.37,18.38,1000,1,10,1,,,,,
2026/09/25 05:10,2026-09-25T05:25:03+09:00,2026/09/25,2026/12/10,2026-12,CALL,52750,13020,,,,,,,,,,,,,
2026/09/25 05:10,2026-09-25T05:25:03+09:00,2026/09/25,2026/12/10,2026-12,PUT,52750,355,,,,,,,,,,,,,
2026/09/25 05:10,2026-09-25T05:25:03+09:00,2026/09/25,2026/12/10,2026-12,CALL,52500,13250,50,,,,,,,,,,,,
2026/09/25 05:10,2026-09-25T05:25:03+09:00,2026/09/25,2026/12/10,2026-12,PUT,52500,340,734,,,15.35,,,1,8,,,,,
2026/09/25 05:10,2026-09-25T05:25:03+09:00,2026/09/25,2026/12/10,2026-12,CALL,52250,13495,250,,,,,,,,,,,,
2026/09/25 05:10,2026-09-25T05:25:03+09:00,2026/09/25,2026/12/10,2026-12,PUT,52250,330,525,,,,,,,,,,,,
2026/09/25 05:10,2026-09-25T05:25:03+09:00,2026/09/25,2026/12/10,2026-12,CALL,52000,13730,802,,,,,,,,,,,,
2026/09/25 05:10,2026-09-25T05:25:03+09:00,2026/09/25,2026/12/10,2026-12,PUT,52000,315,2906,,,27.49,,,100,1,,,,,
2026/09/25 05:10,2026-09-25T05:25:03+09:00,2026/09/25,2026/12/10,2026-12,CALL,51750,13965,,,,,,,,,,,,,
2026/09/25 05:10,2026-09-25T05:25:03+09:00,2026/09/25,2026/12/10,2026-12,PUT,51750,305,3,,,,,,,,,,,,
2026/09/25 05:10,2026-09-25T05:25:03+09:00,2026/09/25,2026/12/10,2026-12,CALL,51500,14195,,,,,,,,,,,,,
2026/09/25 05:10,2026-09-25T05:25:03+09:00,2026/09/25,2026/12/10,2026-12,PUT,51500,282,270,,,,,,,,,,,,
2026/09/25 05:10,2026-09-25T05:25:03+09:00,2026/09/25,2026/12/10,2026-12,CALL,51250,14445,,,,,,,,,,,,,
2026/09/25 05:10,2026-09-25T05:25:03+09:00,2026/09/25,2026/12/10,2026-12,PUT,51250,266,11,,,,,,,,,,,,
2026/09/25 05:10,2026-09-25T05:25:03+09:00,2026/09/25,2026/12/10,2026-12,CALL,51000,14670,731,,,,,,,,,,,,
2026/09/25 05:10,2026-09-25T05:25:03+09:00,2026/09/25,2026/12/10,2026-12,PUT,51000,261,1885,,38.04,22.38,350,1,15,1,,,,,
2026/09/25 05:10,2026-09-25T05:25:03+09:00,2026/09/25,2026/12/10,2026-12,CALL,50750,14915,45,,,,,,,,,,,,
2026/09/25 05:10,2026-09-25T05:25:03+09:00,2026/09/25,2026/12/10,2026-12,PUT,50750,257,49,,,,,,,,,,,,
2026/09/25 05:10,2026-09-25T05:25:03+09:00,2026/09/25,2026/12/10,2026-12,CALL,50500,15160,600,,,,,,,,,,,,
2026/09/25 05:10,2026-09-25T05:25:03+09:00,2026/09/25,2026/12/10,2026-12,PUT,50500,235,1709,,,,,,,,,,,,
2026/09/25 05:10,2026-09-25T05:25:03+09:00,2026/09/25,2026/12/10,2026-12,CALL,50250,15400,58,,,,,,,,,,,,
2026/09/25 05:10,2026-09-25T05:25:03+09:00,2026/09/25,2026/12/10,2026-12,PUT,50250,239,16,,,,,,,,,,,,
2026/09/25 05:10,2026-09-25T05:25:03+09:00,2026/09/25,2026/12/10,2026-12,CALL,50000,15645,5692,,,,,,,,,,,,
2026/09/25 05:10,2026-09-25T05:25:03+09:00,2026/09/25,2026/12/10,2026-12,PUT,50000,226,9253,,37.78,35,260,1,180,1,,,,,
2026/09/25 05:10,2026-09-25T05:25:03+09:00,2026/09/25,2026/12/10,2026-12,CALL,49750,15880,,,,,,,,,,,,,
2026/09/25 05:10,2026-09-25T05:25:03+09:00,2026/09/25,2026/12/10,2026-12,PUT,49750,222,78,,,,,,,,,,,,
2026/09/25 05:10,2026-09-25T05:25:03+09:00,2026/09/25,2026/12/10,2026-12,CALL,49500,16120,260,,,,,,,,,,,,
2026/09/25 05:10,2026-09-25T05:25:03+09:00,2026/09/25,2026/12/10,2026-12,PUT,49500,214,2325,,,,,,,,,,,,
2026/09/25 05:10,2026-09-25T05:25:03+09:00,2026/09/25,2026/12/10,2026-12,CALL,49250,16360,,,,,,,,,,,,,
2026/09/25 05:10,2026-09-25T05:25:03+09:00,2026/09/25,2026/12/10,2026-12,PUT,49250,207,210,,,,,,,,,,,,
2026/09/25 05:10,2026-09-25T05:25:03+09:00,2026/09/25,2026/12/10,2026-12,CALL,49000,16595,1000,,,,,,,,,,,,
2026/09/25 05:10,2026-09-25T05:25:03+09:00,2026/09/25,2026/12/10,2026-12,PUT,49000,192,3639,,,19.75,,,1,20,,,,,
2026/09/25 05:10,2026-09-25T05:25:03+09:00,2026/09/25,2026/12/10,2026-12,CALL,48750,16840,,,,,,,,,,,,,
2026/09/25 05:10,2026-09-25T05:25:03+09:00,2026/09/25,2026/12/10,2026-12,PUT,48750,186,4,,,,,,,,,,,,
2026/09/25 05:10,2026-09-25T05:25:03+09:00,2026/09/25,2026/12/10,2026-12,CALL,48500,17085,,,,,,,,,,,,,
2026/09/25 05:10,2026-09-25T05:25:03+09:00,2026/09/25,2026/12/10,2026-12,PUT,48500,182,309,,,28.73,,,30,1,,,,,
2026/09/25 05:10,2026-09-25T05:25:03+09:00,2026/09/25,2026/12/10,2026-12,CALL,48250,17325,,,,,,,,,,,,,
2026/09/25 05:10,2026-09-25T05:25:03+09:00,2026/09/25,2026/12/10,2026-12,PUT,48250,174,10,,,,,,,,,,,,
2026/09/25 05:10,2026-09-25T05:25:03+09:00,2026/09/25,2026/12/10,2026-12,CALL,48000,17570,750,,,,,,,,,,,,
2026/09/25 05:10,2026-09-25T05:25:03+09:00,2026/09/25,2026/12/10,2026-12,PUT,48000,167,4326,,,22.27,,,2,11,,,,,
2026/09/25 05:10,2026-09-25T05:25:03+09:00,2026/09/25,2026/12/10,2026-12,CALL,47750,17810,,,,,,,,,,,,,
2026/09/25 05:10,2026-09-25T05:25:03+09:00,2026/09/25,2026/12/10,2026-12,PUT,47750,162,5,,,,,,,,,,,,
2026/09/25 05:10,2026-09-25T05:25:03+09:00,2026/09/25,2026/12/10,2026-12,CALL,47500,18055,200,,,,,,,,,,,,
2026/09/25 05:10,2026-09-25T05:25:03+09:00,2026/09/25,2026/12/10,2026-12,PUT,47500,157,1121,,,,,,,,,,,,
2026/09/25 05:10,2026-09-25T05:25:03+09:00,2026/09/25,2026/12/10,2026-12,CALL,47250,18300,,,,,,,,,,,,,
2026/09/25 05:10,2026-09-25T05:25:03+09:00,2026/09/25,2026/12/10,2026-12,PUT,47250,152,,,,,,,,,,,,,
2026/09/25 05:10,2026-09-25T05:25:03+09:00,2026/09/25,2026/12/10,2026-12,CALL,47000,18545,350,,,,,,,,,,,,
2026/09/25 05:10,2026-09-25T05:25:03+09:00,2026/09/25,2026/12/10,2026-12,PUT,47000,148,2828,,52.66,22.38,530,1,1,21,,,,,
2026/09/25 05:10,2026-09-25T05:25:03+09:00,2026/09/25,2026/12/10,2026-12,CALL,46750,18795,,,,,,,,,,,,,
2026/09/25 05:10,2026-09-25T05:25:03+09:00,2026/09/25,2026/12/10,2026-12,PUT,46750,147,24,,,,,,,,,,,,
2026/09/25 05:10,2026-09-25T05:25:03+09:00,2026/09/25,2026/12/10,2026-12,CALL,46500,19040,,,,,,,,,,,,,
2026/09/25 05:10,2026-09-25T05:25:03+09:00,2026/09/25,2026/12/10,2026-12,PUT,46500,143,119,,,,,,,,,,,,
2026/09/25 05:10,2026-09-25T05:25:03+09:00,2026/09/25,2026/12/10,2026-12,CALL,46250,19280,315,,,,,,,,,,,,
2026/09/25 05:10,2026-09-25T05:25:03+09:00,2026/09/25,2026/12/10,2026-12,PUT,46250,137,71,,,,,,,,,,,,
2026/09/25 05:10,2026-09-25T05:25:03+09:00,2026/09/25,2026/12/10,2026-12,CALL,46000,19525,2300,,,,,,,,,,,,
2026/09/25 05:10,2026-09-25T05:25:03+09:00,2026/09/25,2026/12/10,2026-12,PUT,46000,131,3957,,,23.73,,,1,21,,,,,
2026/09/25 05:10,2026-09-25T05:25:03+09:00,2026/09/25,2026/12/10,2026-12,CALL,45750,19770,,,,,,,,,,,,,
2026/09/25 05:10,2026-09-25T05:25:03+09:00,2026/09/25,2026/12/10,2026-12,PUT,45750,128,,,,,,,,,,,,,
2026/09/25 05:10,2026-09-25T05:25:03+09:00,2026/09/25,2026/12/10,2026-12,CALL,45500,20015,200,,,,,,,,,,,,
2026/09/25 05:10,2026-09-25T05:25:03+09:00,2026/09/25,2026/12/10,2026-12,PUT,45500,122,350,,,,,,,,,,,,
2026/09/25 05:10,2026-09-25T05:25:03+09:00,2026/09/25,2026/12/10,2026-12,CALL,45250,20260,413,,,,,,,,,,,,
2026/09/25 05:10,2026-09-25T05:25:03+09:00,2026/09/25,2026/12/10,2026-12,PUT,45250,119,52,,,,,,,,,,,,
2026/09/25 05:10,2026-09-25T05:25:03+09:00,2026/09/25,2026/12/10,2026-12,CALL,45000,20505,1842,,,,,,,,,,,,
2026/09/25 05:10,2026-09-25T05:25:03+09:00,2026/09/25,2026/12/10,2026-12,PUT,45000,113,2736,,,27.47,,,3,1,,,,,
2026/09/25 05:10,2026-09-25T05:25:03+09:00,2026/09/25,2026/12/10,2026-12,CALL,44750,20750,,,,,,,,,,,,,
2026/09/25 05:10,2026-09-25T05:25:03+09:00,2026/09/25,2026/12/10,2026-12,PUT,44750,111,1,,,,,,,,,,,,
2026/09/25 05:10,2026-09-25T05:25:03+09:00,2026/09/25,2026/12/10,2026-12,CALL,44500,20995,,,,,,,,,,,,,
2026/09/25 05:10,2026-09-25T05:25:03+09:00,2026/09/25,2026/12/10,2026-12,PUT,44500,107,101,,,,,,,,,,,,
2026/09/25 05:10,2026-09-25T05:25:03+09:00,2026/09/25,2026/12/10,2026-12,CALL,44250,21240,,,,,,,,,,,,,
2026/09/25 05:10,2026-09-25T05:25:03+09:00,2026/09/25,2026/12/10,2026-12,PUT,44250,104,,,,,,,,,,,,,
2026/09/25 05:10,2026-09-25T05:25:03+09:00,2026/09/25,2026/12/10,2026-12,CALL,44000,21490,600,,,,,,,,,,,,
2026/09/25 05:10,2026-09-25T05:25:03+09:00,2026/09/25,2026/12/10,2026-12,PUT,44000,103,2803,,,28.01,,,2,1,,,,,
2026/09/25 05:10,2026-09-25T05:25:03+09:00,2026/09/25,2026/12/10,2026-12,CALL,43750,21740,131,,,,,,,,,,,,
2026/09/25 05:10,2026-09-25T05:25:03+09:00,2026/09/25,2026/12/10,2026-12,PUT,43750,102,9,,,,,,,,,,,,
2026/09/25 05:10,2026-09-25T05:25:03+09:00,2026/09/25,2026/12/10,2026-12,CALL,43500,21985,,,,,,,,,,,,,
2026/09/25 05:10,2026-09-25T05:25:03+09:00,2026/09/25,2026/12/10,2026-12,PUT,43500,98,102,,,,,,,,,,,,
2026/09/25 05:10,2026-09-25T05:25:03+09:00,2026/09/25,2026/12/10,2026-12,CALL,43250,22230,4,,,,,,,,,,,,
2026/09/25 05:10,2026-09-25T05:25:03+09:00,2026/09/25,2026/12/10,2026-12,PUT,43250,96,,,,27.59,,,1,1,,,,,
2026/09/25 05:10,2026-09-25T05:25:03+09:00,2026/09/25,2026/12/10,2026-12,CALL,43000,22465,1400,,,,,,,,,,,,
2026/09/25 05:10,2026-09-25T05:25:03+09:00,2026/09/25,2026/12/10,2026-12,PUT,43000,82,2191,,,27.95,,,1,20,,,,,
2026/09/25 05:10,2026-09-25T05:25:03+09:00,2026/09/25,2026/12/10,2026-12,CALL,42750,22710,,,,,,,,,,,,,
2026/09/25 05:10,2026-09-25T05:25:03+09:00,2026/09/25,2026/12/10,2026-12,PUT,42750,76,,,,,,,,,,,,,
2026/09/25 05:10,2026-09-25T05:25:03+09:00,2026/09/25,2026/12/10,2026-12,CALL,42500,22955,250,,,,,,,,,,,,
2026/09/25 05:10,2026-09-25T05:25:03+09:00,2026/09/25,2026/12/10,2026-12,PUT,42500,76,302,,,44.15,,,65,1,,,,,
2026/09/25 05:10,2026-09-25T05:25:03+09:00,2026/09/25,2026/12/10,2026-12,CALL,42250,23200,,,,,,,,,,,,,
2026/09/25 05:10,2026-09-25T05:25:03+09:00,2026/09/25,2026/12/10,2026-12,PUT,42250,71,,,,,,,,,,,,,
2026/09/25 05:10,2026-09-25T05:25:03+09:00,2026/09/25,2026/12/10,2026-12,CALL,42000,23450,1071,,,,,,,,,,,,
2026/09/25 05:10,2026-09-25T05:25:03+09:00,2026/09/25,2026/12/10,2026-12,PUT,42000,68,3702,,,29.42,,,1,20,,,,,
2026/09/25 05:10,2026-09-25T05:25:03+09:00,2026/09/25,2026/12/10,2026-12,CALL,41750,23695,,,,,,,,,,,,,
2026/09/25 05:10,2026-09-25T05:25:03+09:00,2026/09/25,2026/12/10,2026-12,PUT,41750,67,,,,,,,,,,,,,
2026/09/25 05:10,2026-09-25T05:25:03+09:00,2026/09/25,2026/12/10,2026-12,CALL,41500,23945,100,,,,,,,,,,,,
2026/09/25 05:10,2026-09-25T05:25:03+09:00,2026/09/25,2026/12/10,2026-12,PUT,41500,66,101,,,,,,,,,,,,
2026/09/25 05:10,2026-09-25T05:25:03+09:00,2026/09/25,2026/12/10,2026-12,CALL,41250,24190,,,,,,,,,,,,,
2026/09/25 05:10,2026-09-25T05:25:03+09:00,2026/09/25,2026/12/10,2026-12,PUT,41250,61,3,,,,,,,,,,,,
2026/09/25 05:10,2026-09-25T05:25:03+09:00,2026/09/25,2026/12/10,2026-12,CALL,41000,24435,1300,,,,,,,,,,,,
2026/09/25 05:10,2026-09-25T05:25:03+09:00,2026/09/25,2026/12/10,2026-12,PUT,41000,59,1929,,,30.92,,,1,20,,,,,
2026/09/25 05:10,2026-09-25T05:25:03+09:00,2026/09/25,2026/12/10,2026-12,CALL,40750,24680,,,,,,,,,,,,,
2026/09/25 05:10,2026-09-25T05:25:03+09:00,2026/09/25,2026/12/10,2026-12,PUT,40750,57,1,,,,,,,,,,,,
2026/09/25 05:10,2026-09-25T05:25:03+09:00,2026/09/25,2026/12/10,2026-12,CALL,40500,24930,400,,,,,,,,,,,,
2026/09/25 05:10,2026-09-25T05:25:03+09:00,2026/09/25,2026/12/10,2026-12,PUT,40500,55,1399,,,,,,,,,,,,
2026/09/25 05:10,2026-09-25T05:25:03+09:00,2026/09/25,2026/12/10,2026-12,CALL,40250,25175,,,,,,,,,,,,,
2026/09/25 05:10,2026-09-25T05:25:03+09:00,2026/09/25,2026/12/10,2026-12,PUT,40250,53,5,,,,,,,,,,,,
2026/09/25 05:10,2026-09-25T05:25:03+09:00,2026/09/25,2026/12/10,2026-12,CALL,40000,25425,1200,,,,,,,,,,,,
2026/09/25 05:10,2026-09-25T05:25:03+09:00,2026/09/25,2026/12/10,2026-12,PUT,40000,53,6036,,52.89,43.83,100,1,25,2,,,,,
2026/09/25 05:10,2026-09-25T05:25:03+09:00,2026/09/25,2026/12/10,2026-12,CALL,39750,25670,,,,,,,,,,,,,
2026/09/25 05:10,2026-09-25T05:25:03+09:00,2026/09/25,2026/12/10,2026-12,PUT,39750,49,,,,,,,,,,,,,
2026/09/25 05:10,2026-09-25T05:25:03+09:00,2026/09/25,2026/12/10,2026-12,CALL,39500,25920,500,,,,,,,,,,,,
2026/09/25 05:10,2026-09-25T05:25:03+09:00,2026/09/25,2026/12/10,2026-12,PUT,39500,47,1008,,,33.23,,,1,10,,,,,
2026/09/25 05:10,2026-09-25T05:25:03+09:00,2026/09/25,2026/12/10,2026-12,CALL,39250,26165,,,,,,,,,,,,,
2026/09/25 05:10,2026-09-25T05:25:03+09:00,2026/09/25,2026/12/10,2026-12,PUT,39250,46,650,,,,,,,,,,,,
2026/09/25 05:10,2026-09-25T05:25:03+09:00,2026/09/25,2026/12/10,2026-12,CALL,39000,26415,750,,,,,,,,,,,,
2026/09/25 05:10,2026-09-25T05:25:03+09:00,2026/09/25,2026/12/10,2026-12,PUT,39000,44,2311,,,34.02,,,1,20,,,,,
2026/09/25 05:10,2026-09-25T05:25:03+09:00,2026/09/25,2026/12/10,2026-12,CALL,38750,26660,50,,,,,,,,,,,,
2026/09/25 05:10,2026-09-25T05:25:03+09:00,2026/09/25,2026/12/10,2026-12,PUT,38750,42,50,,,,,,,,,,,,
2026/09/25 05:10,2026-09-25T05:25:03+09:00,2026/09/25,2026/12/10,2026-12,CALL,38500,26910,700,,,,,,,,,,,,
2026/09/25 05:10,2026-09-25T05:25:03+09:00,2026/09/25,2026/12/10,2026-12,PUT,38500,41,1150,,,34.82,,,1,1,,,,,
2026/09/25 05:10,2026-09-25T05:25:03+09:00,2026/09/25,2026/12/10,2026-12,CALL,38250,27155,,,,,,,,,,,,,
2026/09/25 05:10,2026-09-25T05:25:03+09:00,2026/09/25,2026/12/10,2026-12,PUT,38250,39,,,,,,,,,,,,,
2026/09/25 05:10,2026-09-25T05:25:03+09:00,2026/09/25,2026/12/10,2026-12,CALL,38000,27405,1225,,,,,,,,,,,,
2026/09/25 05:10,2026-09-25T05:25:03+09:00,2026/09/25,2026/12/10,2026-12,PUT,38000,38,2587,,,38.85,,,3,1,,,,,
2026/09/25 05:10,2026-09-25T05:25:03+09:00,2026/09/25,2026/12/10,2026-12,CALL,37750,27650,100,,,,,,,,,,,,
2026/09/25 05:10,2026-09-25T05:25:03+09:00,2026/09/25,2026/12/10,2026-12,PUT,37750,36,100,,,,,,,,,,,,
2026/09/25 05:10,2026-09-25T05:25:03+09:00,2026/09/25,2026/12/10,2026-12,CALL,37500,27900,88,,,,,,,,,,,,
2026/09/25 05:10,2026-09-25T05:25:03+09:00,2026/09/25,2026/12/10,2026-12,PUT,37500,35,188,,,,,,,,,,,,
2026/09/25 05:10,2026-09-25T05:25:03+09:00,2026/09/25,2026/12/10,2026-12,CALL,37250,28145,,,,,,,,,,,,,
2026/09/25 05:10,2026-09-25T05:25:03+09:00,2026/09/25,2026/12/10,2026-12,PUT,37250,34,,,,,,,,,,,,,
2026/09/25 05:10,2026-09-25T05:25:03+09:00,2026/09/25,2026/12/10,2026-12,CALL,37000,28395,450,,,,,,,,,,,,
2026/09/25 05:10,2026-09-25T05:25:03+09:00,2026/09/25,2026/12/10,2026-12,PUT,37000,32,2635,,,42.49,,,5,1,,,,,
2026/09/25 05:10,2026-09-25T05:25:03+09:00,2026/09/25,2026/12/10,2026-12,CALL,36750,28640,,,,,,,,,,,,,
2026/09/25 05:10,2026-09-25T05:25:03+09:00,2026/09/25,2026/12/10,2026-12,PUT,36750,31,400,,,,,,,,,,,,
2026/09/25 05:10,2026-09-25T05:25:03+09:00,2026/09/25,2026/12/10,2026-12,CALL,36500,28890,252,,,,,,,,,,,,
2026/09/25 05:10,2026-09-25T05:25:03+09:00,2026/09/25,2026/12/10,2026-12,PUT,36500,30,225,,,,,,,,,,,,
2026/09/25 05:10,2026-09-25T05:25:03+09:00,2026/09/25,2026/12/10,2026-12,CALL,36250,29140,,,,,,,,,,,,,
2026/09/25 05:10,2026-09-25T05:25:03+09:00,2026/09/25,2026/12/10,2026-12,PUT,36250,29,,,,,,,,,,,,,
2026/09/25 05:10,2026-09-25T05:25:03+09:00,2026/09/25,2026/12/10,2026-12,CALL,36000,29385,975,,,,,,,,,,,,
2026/09/25 05:10,2026-09-25T05:25:03+09:00,2026/09/25,2026/12/10,2026-12,PUT,36000,27,2905,,55.38,38.97,40,1,1,20,,,,,
2026/09/25 05:10,2026-09-25T05:25:03+09:00,2026/09/25,2026/12/10,2026-12,CALL,35750,29635,,,,,,,,,,,,,
2026/09/25 05:10,2026-09-25T05:25:03+09:00,2026/09/25,2026/12/10,2026-12,PUT,35750,26,,,,,,,,,,,,,
2026/09/25 05:10,2026-09-25T05:25:03+09:00,2026/09/25,2026/12/10,2026-12,CALL,35500,29880,,,,,,,,,,,,,
2026/09/25 05:10,2026-09-25T05:25:03+09:00,2026/09/25,2026/12/10,2026-12,PUT,35500,25,,,,,,,,,,,,,
2026/09/25 05:10,2026-09-25T05:25:03+09:00,2026/09/25,2026/12/10,2026-12,CALL,35250,30130,,,,,,,,,,,,,
2026/09/25 05:10,2026-09-25T05:25:03+09:00,2026/09/25,2026/12/10,2026-12,PUT,35250,24,,,,,,,,,,,,,
2026/09/25 05:10,2026-09-25T05:25:03+09:00,2026/09/25,2026/12/10,2026-12,CALL,35000,30380,435,,,,,,,,,,,,
2026/09/25 05:10,2026-09-25T05:25:03+09:00,2026/09/25,2026/12/10,2026-12,PUT,35000,23,5052,6,57.75,53.22,40,1,20,2,56.8,7,23.33,37,09/24 20:48
2026/09/25 05:10,2026-09-25T05:25:03+09:00,2026/09/25,2026/12/10,2026-12,CALL,34750,30625,,,,,,,,,,,,,
2026/09/25 05:10,2026-09-25T05:25:03+09:00,2026/09/25,2026/12/10,2026-12,PUT,34750,22,1,,,,,,,,,,,,
2026/09/25 05:10,2026-09-25T05:25:03+09:00,2026/09/25,2026/12/10,2026-12,CALL,34500,30875,400,,,,,,,,,,,,
2026/09/25 05:10,2026-09-25T05:25:03+09:00,2026/09/25,2026/12/10,2026-12,PUT,34500,21,560,,,,,,,,,,,,
2026/09/25 05:10,2026-09-25T05:25:03+09:00,2026/09/25,2026/12/10,2026-12,CALL,34250,31125,,,,,,,,,,,,,
2026/09/25 05:10,2026-09-25T05:25:03+09:00,2026/09/25,2026/12/10,2026-12,PUT,34250,20,,,,,,,,,,,,,
2026/09/25 05:10,2026-09-25T05:25:03+09:00,2026/09/25,2026/12/10,2026-12,CALL,34000,31370,280,,,,,,,,,,,,
2026/09/25 05:10,2026-09-25T05:25:03+09:00,2026/09/25,2026/12/10,2026-12,PUT,34000,19,2820,,,42.5,,,1,20,,,,,
2026/09/25 05:10,2026-09-25T05:25:03+09:00,2026/09/25,2026/12/10,2026-12,CALL,33750,31620,,,,,,,,,,,,,
2026/09/25 05:10,2026-09-25T05:25:03+09:00,2026/09/25,2026/12/10,2026-12,PUT,33750,19,,,,,,,,,,,,,
2026/09/25 05:10,2026-09-25T05:25:03+09:00,2026/09/25,2026/12/10,2026-12,CALL,33500,31865,,,,,,,,,,,,,
2026/09/25 05:10,2026-09-25T05:25:03+09:00,2026/09/25,2026/12/10,2026-12,PUT,33500,18,72,,,,,,,,,,,,
2026/09/25 05:10,2026-09-25T05:25:03+09:00,2026/09/25,2026/12/10,2026-12,CALL,33250,32115,,,,,,,,,,,,,
2026/09/25 05:10,2026-09-25T05:25:03+09:00,2026/09/25,2026/12/10,2026-12,PUT,33250,17,37,,,,,,,,,,,,
2026/09/25 05:10,2026-09-25T05:25:03+09:00,2026/09/25,2026/12/10,2026-12,CALL,33000,32365,1950,,,,,,,,,,,,
2026/09/25 05:10,2026-09-25T05:25:03+09:00,2026/09/25,2026/12/10,2026-12,PUT,33000,16,3362,,,56.07,,,15,1,,,,,
2026/09/25 05:10,2026-09-25T05:25:03+09:00,2026/09/25,2026/12/10,2026-12,CALL,32750,32610,,,,,,,,,,,,,
2026/09/25 05:10,2026-09-25T05:25:03+09:00,2026/09/25,2026/12/10,2026-12,PUT,32750,15,,,,,,,,,,,,,
2026/09/25 05:10,2026-09-25T05:25:03+09:00,2026/09/25,2026/12/10,2026-12,CALL,32500,32860,250,,,,,,,,,,,,
2026/09/25 05:10,2026-09-25T05:25:03+09:00,2026/09/25,2026/12/10,2026-12,PUT,32500,15,900,,,,,,,,,,,,
2026/09/25 05:10,2026-09-25T05:25:03+09:00,2026/09/25,2026/12/10,2026-12,CALL,32250,33110,,,,,,,,,,,,,
2026/09/25 05:10,2026-09-25T05:25:03+09:00,2026/09/25,2026/12/10,2026-12,PUT,32250,14,600,,,,,,,,,,,,
2026/09/25 05:10,2026-09-25T05:25:03+09:00,2026/09/25,2026/12/10,2026-12,CALL,32000,33360,700,,,,,,,,,,,,
2026/09/25 05:10,2026-09-25T05:25:03+09:00,2026/09/25,2026/12/10,2026-12,PUT,32000,13,4655,,,46.23,,,1,20,,,,,
2026/09/25 05:10,2026-09-25T05:25:03+09:00,2026/09/25,2026/12/10,2026-12,CALL,31750,33605,,,,,,,,,,,,,
2026/09/25 05:10,2026-09-25T05:25:03+09:00,2026/09/25,2026/12/10,2026-12,PUT,31750,13,,,,,,,,,,,,,
2026/09/25 05:10,2026-09-25T05:25:03+09:00,2026/09/25,2026/12/10,2026-12,CALL,31500,33855,50,,,,,,,,,,,,
2026/09/25 05:10,2026-09-25T05:25:03+09:00,2026/09/25,2026/12/10,2026-12,PUT,31500,12,350,,,,,,,,,,,,
2026/09/25 05:10,2026-09-25T05:25:03+09:00,2026/09/25,2026/12/10,2026-12,CALL,31250,34105,,,,,,,,,,,,,
2026/09/25 05:10,2026-09-25T05:25:03+09:00,2026/09/25,2026/12/10,2026-12,PUT,31250,11,,,,,,,,,,,,,
2026/09/25 05:10,2026-09-25T05:25:03+09:00,2026/09/25,2026/12/10,2026-12,CALL,31000,34350,241,,,,,,,,,,,,
2026/09/25 05:10,2026-09-25T05:25:03+09:00,2026/09/25,2026/12/10,2026-12,PUT,31000,11,2037,,,48.19,,,1,20,,,,,
2026/09/25 05:10,2026-09-25T05:25:03+09:00,2026/09/25,2026/12/10,2026-12,CALL,30750,34600,,,,,,,,,,,,,
2026/09/25 05:10,2026-09-25T05:25:03+09:00,2026/09/25,2026/12/10,2026-12,PUT,30750,10,,,,,,,,,,,,,
2026/09/25 05:10,2026-09-25T05:25:03+09:00,2026/09/25,2026/12/10,2026-12,CALL,30500,34850,50,,,,,,,,,,,,
2026/09/25 05:10,2026-09-25T05:25:03+09:00,2026/09/25,2026/12/10,2026-12,PUT,30500,10,51,,88.88,,220,1,,,,,,,
2026/09/25 05:10,2026-09-25T05:25:03+09:00,2026/09/25,2026/12/10,2026-12,CALL,30250,35100,,,,,,,,,,,,,
2026/09/25 05:10,2026-09-25T05:25:03+09:00,2026/09/25,2026/12/10,2026-12,PUT,30250,9,1,,,,,,,,,,,,
2026/09/25 05:10,2026-09-25T05:25:03+09:00,2026/09/25,2026/12/10,2026-12,CALL,30000,35345,2553,,,,,,,,,,,,
2026/09/25 05:10,2026-09-25T05:25:03+09:00,2026/09/25,2026/12/10,2026-12,PUT,30000,15,7971,8,63.75,60.8,16,3,10,17,63.83,1,6.67,16,09/25 04:17
2026/09/25 05:10,2026-09-25T05:25:03+09:00,2026/09/25,2026/12/10,2026-12,CALL,29750,35595,,,,,,,,,,,,,
2026/09/25 05:10,2026-09-25T05:25:03+09:00,2026/09/25,2026/12/10,2026-12,PUT,29750,8,,,,,,,,,,,,,
2026/09/25 05:10,2026-09-25T05:25:03+09:00,2026/09/25,2026/12/10,2026-12,CALL,29500,35845,,,,,,,,,,,,,
2026/09/25 05:10,2026-09-25T05:25:03+09:00,2026/09/25,2026/12/10,2026-12,PUT,29500,8,,,,,,,,,,,,,
2026/09/25 05:10,2026-09-25T05:25:03+09:00,2026/09/25,2026/12/10,2026-12,CALL,29250,36090,,,,,,,,,,,,,
2026/09/25 05:10,2026-09-25T05:25:03+09:00,2026/09/25,2026/12/10,2026-12,PUT,29250,7,,,,,,,,,,,,,
2026/09/25 05:10,2026-09-25T05:25:03+09:00,2026/09/25,2026/12/10,2026-12,CALL,29000,36340,150,,,,,,,,,,,,
2026/09/25 05:10,2026-09-25T05:25:03+09:00,2026/09/25,2026/12/10,2026-12,PUT,29000,7,1450,,,56.86,,,3,1,,,,,
2026/09/25 05:10,2026-09-25T05:25:03+09:00,2026/09/25,2026/12/10,2026-12,CALL,28750,36590,,,,,,,,,,,,,
2026/09/25 05:10,2026-09-25T05:25:03+09:00,2026/09/25,2026/12/10,2026-12,PUT,28750,7,,,,,,,,,,,,,
2026/09/25 05:10,2026-09-25T05:25:03+09:00,2026/09/25,2026/12/10,2026-12,CALL,28500,36840,125,,,,,,,,,,,,
2026/09/25 05:10,2026-09-25T05:25:03+09:00,2026/09/25,2026/12/10,2026-12,PUT,28500,6,400,,,,,,,,,,,,
2026/09/25 05:10,2026-09-25T05:25:03+09:00,2026/09/25,2026/12/10,2026-12,CALL,28250,37085,,,,,,,,,,,,,
2026/09/25 05:10,2026-09-25T05:25:03+09:00,2026/09/25,2026/12/10,2026-12,PUT,28250,6,,,,,,,,,,,,,
2026/09/25 05:10,2026-09-25T05:25:03+09:00,2026/09/25,2026/12/10,2026-12,CALL,28000,37335,75,,,,,,,,,,,,
2026/09/25 05:10,2026-09-25T05:25:03+09:00,2026/09/25,2026/12/10,2026-12,PUT,28000,5,1334,,72.1,61.79,24,20,5,4,,,,,
2026/09/25 05:10,2026-09-25T05:25:03+09:00,2026/09/25,2026/12/10,2026-12,CALL,27750,37585,,,,,,,,,,,,,
2026/09/25 05:10,2026-09-25T05:25:03+09:00,2026/09/25,2026/12/10,2026-12,PUT,27750,5,72,,,,,,,,,,,,
2026/09/25 05:10,2026-09-25T05:25:03+09:00,2026/09/25,2026/12/10,2026-12,CALL,27500,37835,,,,,,,,,,,,,
2026/09/25 05:10,2026-09-25T05:25:03+09:00,2026/09/25,2026/12/10,2026-12,PUT,27500,5,25,,,,,,,,,,,,
2026/09/25 05:10,2026-09-25T05:25:03+09:00,2026/09/25,2026/12/10,2026-12,CALL,27250,38080,,,,,,,,,,,,,
2026/09/25 05:10,2026-09-25T05:25:03+09:00,2026/09/25,2026/12/10,2026-12,PUT,27250,5,,,,,,,,,,,,,
2026/09/25 05:10,2026-09-25T05:25:03+09:00,2026/09/25,2026/12/10,2026-12,CALL,27000,38330,250,,,,,,,,,,,,
2026/09/25 05:10,2026-09-25T05:25:03+09:00,2026/09/25,2026/12/10,2026-12,PUT,27000,5,2631,,69.75,63.09,12,5,4,5,,,,,
2026/09/25 05:10,2026-09-25T05:25:03+09:00,2026/09/25,2026/12/10,2026-12,CALL,26750,38580,,,,,,,,,,,,,
2026/09/25 05:10,2026-09-25T05:25:03+09:00,2026/09/25,2026/12/10,2026-12,PUT,26750,3,,,,,,,,,,,,,
2026/09/25 05:10,2026-09-25T05:25:03+09:00,2026/09/25,2026/12/10,2026-12,CALL,26500,38825,,,,,,,,,,,,,
2026/09/25 05:10,2026-09-25T05:25:03+09:00,2026/09/25,2026/12/10,2026-12,PUT,26500,10,1,,,69.89,,,10,2,,,,,
2026/09/25 05:10,2026-09-25T05:25:03+09:00,2026/09/25,2026/12/10,2026-12,CALL,26250,39075,,,,,,,,,,,,,
2026/09/25 05:10,2026-09-25T05:25:03+09:00,2026/09/25,2026/12/10,2026-12,PUT,26250,2,,,,,,,,,,,,,
2026/09/25 05:10,2026-09-25T05:25:03+09:00,2026/09/25,2026/12/10,2026-12,CALL,26000,39325,350,,,,,,,,,,,,
2026/09/25 05:10,2026-09-25T05:25:03+09:00,2026/09/25,2026/12/10,2026-12,PUT,26000,2,1425,,85.04,59,50,1,1,20,,,,,
2026/09/25 05:10,2026-09-25T05:25:03+09:00,2026/09/25,2026/12/10,2026-12,CALL,25750,39575,,,,,,,,,,,,,
2026/09/25 05:10,2026-09-25T05:25:03+09:00,2026/09/25,2026/12/10,2026-12,PUT,25750,2,,,,,,,,,,,,,
2026/09/25 05:10,2026-09-25T05:25:03+09:00,2026/09/25,2026/12/10,2026-12,CALL,25500,39825,,,,,,,,,,,,,
2026/09/25 05:10,2026-09-25T05:25:03+09:00,2026/09/25,2026/12/10,2026-12,PUT,25500,2,2,,,,,,,,,,,,
2026/09/25 05:10,2026-09-25T05:25:03+09:00,2026/09/25,2026/12/10,2026-12,CALL,25250,40070,,,,,,,,,,,,,
2026/09/25 05:10,2026-09-25T05:25:03+09:00,2026/09/25,2026/12/10,2026-12,PUT,25250,2,1,,,,,,,,,,,,
2026/09/25 05:10,2026-09-25T05:25:03+09:00,2026/09/25,2026/12/10,2026-12,CALL,25000,40320,300,,,,,,,,,,,,
2026/09/25 05:10,2026-09-25T05:25:03+09:00,2026/09/25,2026/12/10,2026-12,PUT,25000,6,2015,,79.54,70.75,20,1,6,8,,,,,
2026/09/25 05:10,2026-09-25T05:25:03+09:00,2026/09/25,2026/12/10,2026-12,CALL,24750,40570,,,,,,,,,,,,,
2026/09/25 05:10,2026-09-25T05:25:03+09:00,2026/09/25,2026/12/10,2026-12,PUT,24750,2,1,,,,,,,,,,,,
2026/09/25 05:10,2026-09-25T05:25:03+09:00,2026/09/25,2026/12/10,2026-12,CALL,24500,40820,,,,,,,,,,,,,
2026/09/25 05:10,2026-09-25T05:25:03+09:00,2026/09/25,2026/12/10,2026-12,PUT,24500,2,250,,,,,,,,,,,,
2026/09/25 05:10,2026-09-25T05:25:03+09:00,2026/09/25,2026/12/10,2026-12,CALL,24250,41070,,,,,,,,,,,,,
2026/09/25 05:10,2026-09-25T05:25:03+09:00,2026/09/25,2026/12/10,2026-12,PUT,24250,2,,,,,,,,,,,,,
2026/09/25 05:10,2026-09-25T05:25:03+09:00,2026/09/25,2026/12/10,2026-12,CALL,24000,41320,,,,,,,,,,,,,
2026/09/25 05:10,2026-09-25T05:25:03+09:00,2026/09/25,2026/12/10,2026-12,PUT,24000,2,405,,89.46,,40,1,,,,,,,
2026/09/25 05:10,2026-09-25T05:25:03+09:00,2026/09/25,2026/12/10,2026-12,CALL,23750,41565,,,,,,,,,,,,,
2026/09/25 05:10,2026-09-25T05:25:03+09:00,2026/09/25,2026/12/10,2026-12,PUT,23750,2,,,,,,,,,,,,,
2026/09/25 05:10,2026-09-25T05:25:03+09:00,2026/09/25,2026/12/10,2026-12,CALL,23500,41815,,,,,,,,,,,,,
2026/09/25 05:10,2026-09-25T05:25:03+09:00,2026/09/25,2026/12/10,2026-12,PUT,23500,2,127,,,,,,,,,,,,
2026/09/25 05:10,2026-09-25T05:25:03+09:00,2026/09/25,2026/12/10,2026-12,CALL,23250,42065,,,,,,,,,,,,,
2026/09/25 05:10,2026-09-25T05:25:03+09:00,2026/09/25,2026/12/10,2026-12,PUT,23250,2,1,,,,,,,,,,,,
2026/09/25 05:10,2026-09-25T05:25:03+09:00,2026/09/25,2026/12/10,2026-12,CALL,23000,42315,,,,,,,,,,,,,
2026/09/25 05:10,2026-09-25T05:25:03+09:00,2026/09/25,2026/12/10,2026-12,PUT,23000,2,2106,,,70,,,2,1,,,,,
2026/09/25 05:10,2026-09-25T05:25:03+09:00,2026/09/25,2026/12/10,2026-12,CALL,22750,42565,,,,,,,,,,,,,
2026/09/25 05:10,2026-09-25T05:25:03+09:00,2026/09/25,2026/12/10,2026-12,PUT,22750,1,,,,,,,,,,,,,
2026/09/25 05:10,2026-09-25T05:25:03+09:00,2026/09/25,2026/12/10,2026-12,CALL,22500,42810,,,,,,,,,,,,,
2026/09/25 05:10,2026-09-25T05:25:03+09:00,2026/09/25,2026/12/10,2026-12,PUT,22500,1,150,,,,,,,,,,,,
2026/09/25 05:10,2026-09-25T05:25:03+09:00,2026/09/25,2026/12/10,2026-12,CALL,22250,43060,,,,,,,,,,,,,
2026/09/25 05:10,2026-09-25T05:25:03+09:00,2026/09/25,2026/12/10,2026-12,PUT,22250,1,,,,,,,,,,,,,
2026/09/25 05:10,2026-09-25T05:25:03+09:00,2026/09/25,2026/12/10,2026-12,CALL,22000,43310,100,,,,,,,,,,,,
2026/09/25 05:10,2026-09-25T05:25:03+09:00,2026/09/25,2026/12/10,2026-12,PUT,22000,1,1716,,109.01,69.27,100,1,1,2,,,,,
2026/09/25 05:10,2026-09-25T05:25:03+09:00,2026/09/25,2026/12/10,2026-12,CALL,21750,43560,,,,,,,,,,,,,
2026/09/25 05:10,2026-09-25T05:25:03+09:00,2026/09/25,2026/12/10,2026-12,PUT,21750,1,,,,,,,,,,,,,
2026/09/25 05:10,2026-09-25T05:25:03+09:00,2026/09/25,2026/12/10,2026-12,CALL,21500,43810,,,,,,,,,,,,,
2026/09/25 05:10,2026-09-25T05:25:03+09:00,2026/09/25,2026/12/10,2026-12,PUT,21500,1,500,,,,,,,,,,,,
2026/09/25 05:10,2026-09-25T05:25:03+09:00,2026/09/25,2026/12/10,2026-12,CALL,21250,44060,,,,,,,,,,,,,
2026/09/25 05:10,2026-09-25T05:25:03+09:00,2026/09/25,2026/12/10,2026-12,PUT,21250,1,,,,,,,,,,,,,
2026/09/25 05:10,2026-09-25T05:25:03+09:00,2026/09/25,2026/12/10,2026-12,CALL,21000,44305,,,,,,,,,,,,,
2026/09/25 05:10,2026-09-25T05:25:03+09:00,2026/09/25,2026/12/10,2026-12,PUT,21000,1,350,,,,,,,,,,,,
2026/09/25 05:10,2026-09-25T05:25:03+09:00,2026/09/25,2026/12/10,2026-12,CALL,20750,44555,,,,,,,,,,,,,
2026/09/25 05:10,2026-09-25T05:25:03+09:00,2026/09/25,2026/12/10,2026-12,PUT,20750,1,,,,,,,,,,,,,
2026/09/25 05:10,2026-09-25T05:25:03+09:00,2026/09/25,2026/12/10,2026-12,CALL,20500,44805,,,,,,,,,,,,,
2026/09/25 05:10,2026-09-25T05:25:03+09:00,2026/09/25,2026/12/10,2026-12,PUT,20500,1,,,,,,,,,,,,,
2026/09/25 05:10,2026-09-25T05:25:03+09:00,2026/09/25,2026/12/10,2026-12,CALL,20250,45055,,,,,,,,,,,,,
2026/09/25 05:10,2026-09-25T05:25:03+09:00,2026/09/25,2026/12/10,2026-12,PUT,20250,1,3,,,,,,,,,,,,
2026/09/25 05:10,2026-09-25T05:25:03+09:00,2026/09/25,2026/12/10,2026-12,CALL,20000,45305,150,,,,,,,,,,,,
2026/09/25 05:10,2026-09-25T05:25:03+09:00,2026/09/25,2026/12/10,2026-12,PUT,20000,4,2558,1,85.08,83.49,5,1,4,4,83.33,0,0,4,09/24 23:54
2026/09/25 05:10,2026-09-25T05:25:03+09:00,2026/09/25,2026/12/10,2026-12,CALL,19750,45550,,,,,,,,,,,,,
2026/09/25 05:10,2026-09-25T05:25:03+09:00,2026/09/25,2026/12/10,2026-12,PUT,19750,1,,,,,,,,,,,,,
2026/09/25 05:10,2026-09-25T05:25:03+09:00,2026/09/25,2026/12/10,2026-12,CALL,19500,45800,,,,,,,,,,,,,
2026/09/25 05:10,2026-09-25T05:25:03+09:00,2026/09/25,2026/12/10,2026-12,PUT,19500,1,,,,,,,,,,,,,
2026/09/25 05:10,2026-09-25T05:25:03+09:00,2026/09/25,2026/12/10,2026-12,CALL,19250,46050,,,,,,,,,,,,,
2026/09/25 05:10,2026-09-25T05:25:03+09:00,2026/09/25,2026/12/10,2026-12,PUT,19250,1,,,,,,,,,,,,,
2026/09/25 05:10,2026-09-25T05:25:03+09:00,2026/09/25,2026/12/10,2026-12,CALL,19000,46300,,,,,,,,,,,,,
2026/09/25 05:10,2026-09-25T05:25:03+09:00,2026/09/25,2026/12/10,2026-12,PUT,19000,1,650,,,78.3,,,1,1,,,,,
2026/09/25 05:10,2026-09-25T05:25:03+09:00,2026/09/25,2026/12/10,2026-12,CALL,18750,46550,,,,,,,,,,,,,
2026/09/25 05:10,2026-09-25T05:25:03+09:00,2026/09/25,2026/12/10,2026-12,PUT,18750,1,,,,,,,,,,,,,
2026/09/25 05:10,2026-09-25T05:25:03+09:00,2026/09/25,2026/12/10,2026-12,CALL,18500,46800,,,,,,,,,,,,,
2026/09/25 05:10,2026-09-25T05:25:03+09:00,2026/09/25,2026/12/10,2026-12,PUT,18500,1,,,,,,,,,,,,,
2026/09/25 05:10,2026-09-25T05:25:03+09:00,2026/09/25,2026/12/10,2026-12,CALL,18250,47045,,,,,,,,,,,,,
2026/09/25 05:10,2026-09-25T05:25:03+09:00,2026/09/25,2026/12/10,2026-12,PUT,18250,1,,,,,,,,,,,,,
2026/09/25 05:10,2026-09-25T05:25:03+09:00,2026/09/25,2026/12/10,2026-12,CALL,18000,47295,,,,,,,,,,,,,
2026/09/25 05:10,2026-09-25T05:25:03+09:00,2026/09/25,2026/12/10,2026-12,PUT,18000,2,153,,,85.85,,,2,1,,,,,
2026/09/25 05:10,2026-09-25T05:25:03+09:00,2026/09/25,2026/12/10,2026-12,CALL,17750,47545,,,,,,,,,,,,,
2026/09/25 05:10,2026-09-25T05:25:03+09:00,2026/09/25,2026/12/10,2026-12,PUT,17750,1,,,,,,,,,,,,,
2026/09/25 05:10,2026-09-25T05:25:03+09:00,2026/09/25,2026/12/10,2026-12,CALL,17500,47795,,,,,,,,,,,,,
2026/09/25 05:10,2026-09-25T05:25:03+09:00,2026/09/25,2026/12/10,2026-12,PUT,17500,1,,,,,,,,,,,,,
2026/09/25 05:10,2026-09-25T05:25:03+09:00,2026/09/25,2026/12/10,2026-12,CALL,17250,48045,,,,,,,,,,,,,
2026/09/25 05:10,2026-09-25T05:25:03+09:00,2026/09/25,2026/12/10,2026-12,PUT,17250,1,,,,,,,,,,,,,
2026/09/25 05:10,2026-09-25T05:25:03+09:00,2026/09/25,2026/12/10,2026-12,CALL,17000,48290,,,,,,,,,,,,,
2026/09/25 05:10,2026-09-25T05:25:03+09:00,2026/09/25,2026/12/10,2026-12,PUT,17000,1,3,,,,,,,,,,,,
2026/09/25 05:10,2026-09-25T05:25:03+09:00,2026/09/25,2026/12/10,2026-12,CALL,16750,48540,,,,,,,,,,,,,
2026/09/25 05:10,2026-09-25T05:25:03+09:00,2026/09/25,2026/12/10,2026-12,PUT,16750,1,,,,,,,,,,,,,
2026/09/25 05:10,2026-09-25T05:25:03+09:00,2026/09/25,2026/12/10,2026-12,CALL,16500,48790,,,,,,,,,,,,,
2026/09/25 05:10,2026-09-25T05:25:03+09:00,2026/09/25,2026/12/10,2026-12,PUT,16500,1,,,,,,,,,,,,,
2026/09/25 05:10,2026-09-25T05:25:03+09:00,2026/09/25,2026/12/10,2026-12,CALL,16250,49040,,,,,,,,,,,,,
2026/09/25 05:10,2026-09-25T05:25:03+09:00,2026/09/25,2026/12/10,2026-12,PUT,16250,1,,,,,,,,,,,,,
2026/09/25 05:10,2026-09-25T05:25:03+09:00,2026/09/25,2026/12/10,2026-12,CALL,16000,49290,,,,,,,,,,,,,
2026/09/25 05:10,2026-09-25T05:25:03+09:00,2026/09/25,2026/12/10,2026-12,PUT,16000,1,3,,,88.92,,,1,1,,,,,
2026/09/25 05:10,2026-09-25T05:25:03+09:00,2026/09/25,2026/12/10,2026-12,CALL,15750,49540,,,,,,,,,,,,,
2026/09/25 05:10,2026-09-25T05:25:03+09:00,2026/09/25,2026/12/10,2026-12,PUT,15750,1,,,,,,,,,,,,,
2026/09/25 05:10,2026-09-25T05:25:03+09:00,2026/09/25,2026/12/10,2026-12,CALL,15500,49785,,,,,,,,,,,,,
2026/09/25 05:10,2026-09-25T05:25:03+09:00,2026/09/25,2026/12/10,2026-12,PUT,15500,1,,,,,,,,,,,,,
2026/09/25 05:10,2026-09-25T05:25:03+09:00,2026/09/25,2026/12/10,2026-12,CALL,15250,50035,,,,,,,,,,,,,
2026/09/25 05:10,2026-09-25T05:25:03+09:00,2026/09/25,2026/12/10,2026-12,PUT,15250,1,,,,,,,,,,,,,
2026/09/25 05:10,2026-09-25T05:25:03+09:00,2026/09/25,2026/12/10,2026-12,CALL,15000,50285,,,,,,,,,,,,,
2026/09/25 05:10,2026-09-25T05:25:03+09:00,2026/09/25,2026/12/10,2026-12,PUT,15000,1,6,,,92.92,,,1,32,,,,,
2026/09/25 05:10,2026-09-25T05:25:03+09:00,2026/09/25,2026/12/10,2026-12,CALL,14750,50535,,,,,,,,,,,,,
2026/09/25 05:10,2026-09-25T05:25:03+09:00,2026/09/25,2026/12/10,2026-12,PUT,14750,1,1,,,,,,,,,,,,
2026/09/25 05:10,2026-09-25T05:25:03+09:00,2026/09/25,2026/12/10,2026-12,CALL,14500,50785,,,,,,,,,,,,,
2026/09/25 05:10,2026-09-25T05:25:03+09:00,2026/09/25,2026/12/10,2026-12,PUT,14500,1,1,,,,,,,,,,,,
2026/09/25 05:10,2026-09-25T05:25:03+09:00,2026/09/25,2026/12/10,2026-12,CALL,14250,51035,,,,,,,,,,,,,
2026/09/25 05:10,2026-09-25T05:25:03+09:00,2026/09/25,2026/12/10,2026-12,PUT,14250,1,,,,,,,,,,,,,
2026/09/25 05:10,2026-09-25T05:25:03+09:00,2026/09/25,2026/12/10,2026-12,CALL,14000,51280,,,,,,,,,,,,,
2026/09/25 05:10,2026-09-25T05:25:03+09:00,2026/09/25,2026/12/10,2026-12,PUT,14000,1,12,,178.66,,280,1,,,,,,,
2026/09/25 05:10,2026-09-25T05:25:03+09:00,2026/09/25,2026/12/10,2026-12,CALL,13750,51530,,,,,,,,,,,,,
2026/09/25 05:10,2026-09-25T05:25:03+09:00,2026/09/25,2026/12/10,2026-12,PUT,13750,1,,,,,,,,,,,,,
2026/09/25 05:10,2026-09-25T05:25:03+09:00,2026/09/25,2026/12/10,2026-12,CALL,13500,51780,,,,,,,,,,,,,
2026/09/25 05:10,2026-09-25T05:25:03+09:00,2026/09/25,2026/12/10,2026-12,PUT,13500,1,100,,,,,,,,,,,,
2026/09/25 05:10,2026-09-25T05:25:03+09:00,2026/09/25,2026/12/10,2026-12,CALL,13250,52030,,,,,,,,,,,,,
2026/09/25 05:10,2026-09-25T05:25:03+09:00,2026/09/25,2026/12/10,2026-12,PUT,13250,1,,,,100.63,,,1,5,,,,,
2026/09/25 05:10,2026-09-25T05:25:03+09:00,2026/09/25,2026/12/10,2026-12,CALL,13000,52280,,,,,,,,,,,,,
2026/09/25 05:10,2026-09-25T05:25:03+09:00,2026/09/25,2026/12/10,2026-12,PUT,13000,1,33,,183.49,101.82,250,1,1,35,,,,,
2026/09/25 05:10,2026-09-25T05:25:03+09:00,2026/09/25,2026/12/10,2026-12,CALL,12750,52525,,,,,,,,,,,,,
2026/09/25 05:10,2026-09-25T05:25:03+09:00,2026/09/25,2026/12/10,2026-12,PUT,12750,1,2,,,,,,,,,,,,
2026/09/25 05:10,2026-09-25T05:25:03+09:00,2026/09/25,2026/12/10,2026-12,CALL,12500,52775,84,,,,,,,,,,,,
2026/09/25 05:10,2026-09-25T05:25:03+09:00,2026/09/25,2026/12/10,2026-12,PUT,12500,1,1399,1,113.1,104.26,3,2,1,562,109.66,1,100,2,09/25 03:17
