qri_update_time,collected_at,trade_time,contract,option_type,strike,previous_open_interest,current_open_interest,open_interest_diff,previous_volume,current_volume,volume_diff,previous_last_price,current_last_price,last_price_diff,previous_iv,current_iv,iv_diff,previous_ask_price,current_ask_price,previous_bid_price,current_bid_price,ask_quantity_diff,bid_quantity_diff,execution_side,estimated_price,price_source,estimated_trade_value,judgement,judgement_score,alert_type
2026/09/30 00:04,2026-09-30T00:19:40+09:00,09/29 17:00,2026-10,PUT,67000,504.0,504.0,0.0,1.0,1.0,0.0,1885.0,1885.0,0.0,23.73,23.73,0.0,1860.0,1610.0,1750.0,1460.0,-4.0,-12.0,Ask側,1885.0,Last Price,0,判定困難,0,
2026/09/30 00:04,2026-09-30T00:19:40+09:00,09/29 17:01,2026-10,CALL,67250,97.0,97.0,0.0,1.0,1.0,0.0,430.0,430.0,0.0,23.98,23.98,0.0,420.0,535.0,400.0,515.0,-10.0,-2.0,Bid側,430.0,Last Price,0,判定困難,0,
2026/09/30 00:04,2026-09-30T00:19:40+09:00,09/29 17:06,2026-10,CALL,62000,49.0,49.0,0.0,1.0,1.0,0.0,3730.0,3730.0,0.0,28.29,28.29,0.0,3980.0,4500.0,3645.0,3980.0,-9.0,0.0,Bid側,3730.0,Last Price,0,判定困難,0,
2026/09/30 00:04,2026-09-30T00:19:40+09:00,09/29 17:08,2026-10,CALL,76250,46.0,46.0,0.0,1.0,1.0,0.0,2.0,2.0,0.0,31.65,31.65,0.0,2.0,2.0,1.0,1.0,0.0,0.0,Ask側,2.0,Last Price,0,判定困難,0,
2026/09/30 00:04,2026-09-30T00:19:40+09:00,09/29 17:10,2026-10,PUT,68000,553.0,553.0,0.0,1.0,1.0,0.0,2700.0,2700.0,0.0,23.69,23.69,0.0,2880.0,2400.0,2525.0,2150.0,-10.0,-11.0,Ask側,2700.0,Last Price,0,判定困難,0,
2026/09/30 00:04,2026-09-30T00:19:40+09:00,09/29 17:17,2026-11,CALL,67000,1446.0,1446.0,0.0,1.0,1.0,0.0,1660.0,1660.0,0.0,24.09,24.09,0.0,1695.0,1900.0,1620.0,1815.0,-3.0,0.0,Bid側,1660.0,Last Price,0,判定困難,0,
2026/09/30 00:04,2026-09-30T00:19:40+09:00,09/29 17:19,2026-11,PUT,57750,130.0,130.0,0.0,2.0,2.0,0.0,370.0,370.0,0.0,30.72,30.72,0.0,360.0,360.0,345.0,315.0,-2.0,-2.0,Ask側,370.0,Last Price,0,判定困難,0,
2026/09/30 00:04,2026-09-30T00:19:40+09:00,09/29 17:19,2026-11,PUT,56000,1319.0,1319.0,0.0,3.0,3.0,0.0,257.0,257.0,0.0,32.73,32.73,0.0,253.0,235.0,238.0,222.0,1.0,2.0,Ask側,257.0,Last Price,0,判定困難,0,
2026/09/30 00:04,2026-09-30T00:19:40+09:00,09/29 17:23,2026-11,CALL,65000,441.0,441.0,0.0,1.0,1.0,0.0,2650.0,2650.0,0.0,24.33,24.33,0.0,2690.0,3110.0,2625.0,2645.0,7.0,16.0,Bid寄り,2650.0,Last Price,0,判定困難,0,
2026/09/30 00:04,2026-09-30T00:19:40+09:00,09/29 17:27,2026-11,PUT,54000,1033.0,1033.0,0.0,2.0,2.0,0.0,171.0,171.0,0.0,35.2,35.2,0.0,174.0,163.0,164.0,153.0,0.0,1.0,Ask側,171.0,Last Price,0,判定困難,0,
2026/09/30 00:04,2026-09-30T00:19:40+09:00,09/29 17:28,2026-11,CALL,66500,1.0,1.0,0.0,2.0,2.0,0.0,1850.0,1850.0,0.0,23.56,23.56,0.0,1910.0,2175.0,1830.0,2070.0,9.0,-6.0,Bid側,1850.0,Last Price,0,判定困難,0,
2026/09/30 00:04,2026-09-30T00:19:40+09:00,09/29 17:29,2026-10,PUT,65375,248.0,248.0,0.0,1.0,1.0,0.0,940.0,940.0,0.0,24.26,24.26,0.0,915.0,745.0,880.0,705.0,-1.0,0.0,Ask側,940.0,Last Price,0,判定困難,0,
2026/09/30 00:04,2026-09-30T00:19:40+09:00,09/29 17:31,2026-11,PUT,59500,2003.0,2003.0,0.0,2.0,2.0,0.0,530.0,530.0,0.0,28.78,28.78,0.0,535.0,485.0,520.0,480.0,-6.0,-2.0,Ask側,530.0,Last Price,0,判定困難,0,
2026/09/30 00:04,2026-09-30T00:19:40+09:00,09/29 17:37,2026-11,CALL,65500,172.0,172.0,0.0,150.0,150.0,0.0,2345.0,2345.0,0.0,23.85,23.85,0.0,2445.0,2715.0,2315.0,2600.0,5.0,-19.0,Bid側,2345.0,Last Price,0,判定困難,0,
2026/09/30 00:04,2026-09-30T00:19:40+09:00,09/29 17:48,2026-10,PUT,53250,135.0,135.0,0.0,2.0,2.0,0.0,10.0,10.0,0.0,50.8,50.8,0.0,11.0,12.0,8.0,4.0,0.0,0.0,Ask寄り,10.0,Last Price,0,判定困難,0,
2026/09/30 00:04,2026-09-30T00:19:40+09:00,09/29 17:58,2026-10,PUT,44500,60.0,60.0,0.0,2.0,2.0,0.0,2.0,2.0,0.0,76.25,76.25,0.0,3.0,3.0,1.0,1.0,0.0,0.0,中間,2.0,Last Price,0,判定困難,0,
2026/09/30 00:04,2026-09-30T00:19:40+09:00,09/29 18:11,2026-11,PUT,54500,724.0,724.0,0.0,1.0,1.0,0.0,186.0,186.0,0.0,34.34,34.34,0.0,191.0,178.0,178.0,166.0,-2.0,0.0,Ask側,186.0,Last Price,0,判定困難,0,
2026/09/30 00:04,2026-09-30T00:19:40+09:00,09/29 18:15,2026-10,PUT,46500,260.0,260.0,0.0,9.0,9.0,0.0,3.0,3.0,0.0,70.51,70.51,0.0,13.0,13.0,2.0,2.0,0.0,0.0,Bid寄り,3.0,Last Price,0,判定困難,0,
2026/09/30 00:04,2026-09-30T00:19:40+09:00,09/29 18:18,2026-11,CALL,73500,18.0,18.0,0.0,1.0,1.0,0.0,225.0,225.0,0.0,23.31,23.31,0.0,239.0,279.0,228.0,268.0,0.0,0.0,Bid側,225.0,Last Price,0,判定困難,0,
2026/09/30 00:04,2026-09-30T00:19:40+09:00,09/29 18:21,2026-11,PUT,51000,1664.0,1664.0,0.0,1.0,1.0,0.0,102.0,102.0,0.0,39.24,39.24,0.0,106.0,100.0,96.0,92.0,-2.0,0.0,Ask側,102.0,Last Price,0,判定困難,0,
2026/09/30 00:04,2026-09-30T00:19:40+09:00,09/29 18:28,2026-11,PUT,61500,514.0,514.0,0.0,1.0,1.0,0.0,865.0,865.0,0.0,27.12,27.12,0.0,855.0,780.0,840.0,765.0,-4.0,4.0,Ask側,865.0,Last Price,0,判定困難,0,
2026/09/30 00:04,2026-09-30T00:19:40+09:00,09/29 18:36,2026-11,PUT,65000,1140.0,1140.0,0.0,3.0,3.0,0.0,1965.0,1965.0,0.0,25.29,25.29,0.0,1925.0,1760.0,1890.0,1730.0,-3.0,-3.0,Ask側,1965.0,Last Price,0,判定困難,0,
2026/09/30 00:04,2026-09-30T00:19:40+09:00,09/29 18:37,2026-11,PUT,64750,5.0,5.0,0.0,1.0,1.0,0.0,1860.0,1860.0,0.0,25.4,25.4,0.0,1830.0,1665.0,1790.0,1635.0,0.0,-1.0,Ask側,1860.0,Last Price,0,判定困難,0,
2026/09/30 00:04,2026-09-30T00:19:40+09:00,09/29 18:43,2026-11,PUT,40000,1677.0,1677.0,0.0,4.0,4.0,0.0,22.0,22.0,0.0,56.97,56.97,0.0,21.0,21.0,20.0,19.0,0.0,26.0,Ask側,22.0,Last Price,0,判定困難,0,
2026/09/30 00:04,2026-09-30T00:19:40+09:00,09/29 18:47,2026-11,PUT,63250,15.0,15.0,0.0,2.0,2.0,0.0,1300.0,1300.0,0.0,25.73,25.73,0.0,1305.0,1180.0,1265.0,1160.0,0.0,0.0,Ask側,1300.0,Last Price,0,判定困難,0,
2026/09/30 00:04,2026-09-30T00:19:40+09:00,09/29 18:47,2026-11,PUT,61250,24.0,24.0,0.0,1.0,1.0,0.0,815.0,815.0,0.0,27.2,27.2,0.0,810.0,735.0,790.0,720.0,-2.0,2.0,Ask側,815.0,Last Price,0,判定困難,0,
2026/09/30 00:04,2026-09-30T00:19:40+09:00,09/29 18:49,2026-12,CALL,90000,1803.0,1803.0,0.0,1.0,1.0,0.0,10.0,10.0,0.0,26.18,26.18,0.0,10.0,10.0,7.0,7.0,0.0,1.0,Ask側,10.0,Last Price,0,判定困難,0,
2026/09/30 00:04,2026-09-30T00:19:40+09:00,09/29 18:50,2026-10,PUT,38000,220.0,220.0,0.0,202.0,202.0,0.0,1.0,1.0,0.0,99.52,99.52,0.0,1.0,1.0,0.0,0.0,5.0,0.0,判定困難,1.0,Last Price,0,判定困難,0,
2026/09/30 00:04,2026-09-30T00:19:40+09:00,09/29 18:55,2026-10,PUT,60750,509.0,509.0,0.0,8.0,8.0,0.0,84.0,84.0,0.0,29.92,29.92,0.0,83.0,67.0,76.0,61.0,0.0,-12.0,Ask側,84.0,Last Price,0,判定困難,0,
2026/09/30 00:04,2026-09-30T00:19:40+09:00,09/29 18:58,2026-10,PUT,52250,77.0,77.0,0.0,2.0,2.0,0.0,9.0,9.0,0.0,53.67,53.67,0.0,10.0,8.0,7.0,3.0,-26.0,11.0,Ask側,9.0,Last Price,0,判定困難,0,
2026/09/30 00:04,2026-09-30T00:19:40+09:00,09/29 18:58,2026-11,CALL,71000,636.0,636.0,0.0,2.0,2.0,0.0,500.0,500.0,0.0,23.09,23.09,0.0,535.0,625.0,525.0,595.0,41.0,-3.0,Bid側,500.0,Last Price,0,判定困難,0,
2026/09/30 00:04,2026-09-30T00:19:40+09:00,09/29 19:06,2026-11,PUT,62250,103.0,103.0,0.0,7.0,7.0,0.0,1030.0,1030.0,0.0,26.42,26.42,0.0,1030.0,935.0,1005.0,915.0,-1.0,1.0,Ask側,1030.0,Last Price,0,判定困難,0,
2026/09/30 00:04,2026-09-30T00:19:40+09:00,09/29 19:11,2026-11,PUT,51250,43.0,43.0,0.0,4.0,4.0,0.0,104.0,104.0,0.0,38.76,38.76,0.0,110.0,104.0,100.0,97.0,-2.0,0.0,Ask側,104.0,Last Price,0,判定困難,0,
2026/09/30 00:04,2026-09-30T00:19:40+09:00,09/29 19:26,2026-10,CALL,78500,60.0,60.0,0.0,22.0,22.0,0.0,1.0,1.0,0.0,34.76,34.76,0.0,2.0,1.0,0.0,0.0,-10.0,0.0,判定困難,1.0,Last Price,0,判定困難,0,
2026/09/30 00:04,2026-09-30T00:19:40+09:00,09/29 19:33,2026-11,CALL,90000,251.0,251.0,0.0,1.0,1.0,0.0,2.0,2.0,0.0,28.76,28.76,0.0,2.0,2.0,1.0,1.0,0.0,0.0,Ask側,2.0,Last Price,0,判定困難,0,
2026/09/30 00:04,2026-09-30T00:19:40+09:00,09/29 19:53,2026-10,CALL,71875,2.0,2.0,0.0,1.0,1.0,0.0,15.0,15.0,0.0,25.39,25.39,0.0,22.0,25.0,8.0,11.0,9.0,0.0,Bid寄り,15.0,Last Price,0,判定困難,0,
2026/09/30 00:04,2026-09-30T00:19:40+09:00,09/29 20:03,2026-11,CALL,69000,3696.0,3696.0,0.0,12.0,12.0,0.0,980.0,980.0,0.0,23.75,23.75,0.0,1000.0,1130.0,950.0,1080.0,35.0,0.0,Bid側,980.0,Last Price,0,判定困難,0,
2026/09/30 00:04,2026-09-30T00:19:40+09:00,09/29 20:04,2026-10,PUT,51250,315.0,315.0,0.0,1.0,1.0,0.0,6.0,6.0,0.0,55.83,55.83,0.0,7.0,7.0,6.0,6.0,-1.0,-49.0,Bid側,6.0,Last Price,0,判定困難,0,
2026/09/30 00:04,2026-09-30T00:19:40+09:00,09/29 20:10,2026-10,PUT,60500,621.0,621.0,0.0,14.0,14.0,0.0,73.0,73.0,0.0,30.41,30.41,0.0,75.0,61.0,68.0,55.0,-21.0,-10.0,Ask側,73.0,Last Price,0,判定困難,0,
2026/09/30 00:04,2026-09-30T00:19:40+09:00,09/29 20:13,2026-10,CALL,78000,742.0,742.0,0.0,1.0,1.0,0.0,1.0,1.0,0.0,33.63,33.63,0.0,2.0,2.0,1.0,1.0,0.0,0.0,Bid側,1.0,Last Price,0,判定困難,0,
2026/09/30 00:04,2026-09-30T00:19:40+09:00,09/29 20:18,2026-10,PUT,47000,448.0,448.0,0.0,6.0,6.0,0.0,3.0,3.0,0.0,68.61,68.61,0.0,4.0,4.0,3.0,3.0,12.0,0.0,Bid側,3.0,Last Price,0,判定困難,0,
2026/09/30 00:04,2026-09-30T00:19:40+09:00,09/29 20:28,2026-11,CALL,74500,120.0,120.0,0.0,1.0,1.0,0.0,160.0,160.0,0.0,23.44,23.44,0.0,167.0,198.0,158.0,187.0,0.0,0.0,Bid側,160.0,Last Price,0,判定困難,0,
2026/09/30 00:04,2026-09-30T00:19:40+09:00,09/29 20:31,2026-10,PUT,59125,113.0,113.0,0.0,1.0,1.0,0.0,41.0,41.0,0.0,33.66,33.66,0.0,44.0,43.0,39.0,28.0,3.0,11.0,Ask寄り,41.0,Last Price,0,判定困難,0,
2026/09/30 00:04,2026-09-30T00:19:40+09:00,09/29 20:39,2026-10,PUT,63250,254.0,254.0,0.0,2.0,2.0,0.0,305.0,305.0,0.0,26.46,26.46,0.0,299.0,238.0,285.0,223.0,0.0,12.0,Ask側,305.0,Last Price,0,判定困難,0,
2026/09/30 00:04,2026-09-30T00:19:40+09:00,09/29 20:43,2026-10,PUT,64750,128.0,128.0,0.0,3.0,3.0,0.0,670.0,670.0,0.0,24.49,24.49,0.0,660.0,535.0,640.0,515.0,0.0,-7.0,Ask側,670.0,Last Price,0,判定困難,0,
2026/09/30 00:04,2026-09-30T00:19:40+09:00,09/29 20:49,2026-10,CALL,74750,63.0,63.0,0.0,2.0,2.0,0.0,3.0,3.0,0.0,28.22,28.22,0.0,3.0,3.0,2.0,2.0,0.0,0.0,Ask側,3.0,Last Price,0,判定困難,0,
2026/09/30 00:04,2026-09-30T00:19:40+09:00,09/29 20:49,2026-10,CALL,74000,1078.0,1078.0,0.0,4.0,4.0,0.0,4.0,4.0,0.0,27.01,27.01,0.0,5.0,4.0,3.0,3.0,-71.0,-31.0,Ask側,4.0,Last Price,0,判定困難,0,
2026/09/30 00:04,2026-09-30T00:19:40+09:00,09/29 20:49,2026-10,PUT,60125,50.0,50.0,0.0,1.0,1.0,0.0,62.0,62.0,0.0,31.99,31.99,0.0,64.0,53.0,58.0,47.0,-1.0,2.0,Ask側,62.0,Last Price,0,判定困難,0,
2026/09/30 00:04,2026-09-30T00:19:40+09:00,09/29 20:49,2026-11,CALL,70500,39.0,39.0,0.0,2.0,2.0,0.0,640.0,640.0,0.0,23.83,23.83,0.0,630.0,725.0,605.0,700.0,0.0,0.0,Bid側,640.0,Last Price,0,判定困難,0,
2026/09/30 00:04,2026-09-30T00:19:40+09:00,09/29 20:51,2026-10,PUT,57250,164.0,164.0,0.0,2.0,2.0,0.0,26.0,26.0,0.0,39.36,39.36,0.0,30.0,31.0,18.0,15.0,20.0,14.0,Ask寄り,26.0,Last Price,0,判定困難,0,
2026/09/30 00:04,2026-09-30T00:19:40+09:00,09/29 20:52,2026-11,PUT,59000,1976.0,1976.0,0.0,6.0,6.0,0.0,470.0,470.0,0.0,29.02,29.02,0.0,475.0,435.0,465.0,425.0,0.0,0.0,Ask側,470.0,Last Price,0,判定困難,0,
2026/09/30 00:04,2026-09-30T00:19:40+09:00,09/29 21:00,2026-10,PUT,48500,214.0,214.0,0.0,2.0,2.0,0.0,4.0,4.0,0.0,64.65,64.65,0.0,5.0,7.0,3.0,3.0,11.0,-13.0,Bid寄り,4.0,Last Price,0,判定困難,0,
2026/09/30 00:04,2026-09-30T00:19:40+09:00,09/29 21:02,2026-11,PUT,57500,674.0,674.0,0.0,3.0,3.0,0.0,335.0,335.0,0.0,30.61,30.61,0.0,350.0,350.0,299.0,305.0,0.0,0.0,Ask寄り,335.0,Last Price,0,判定困難,0,
2026/09/30 00:04,2026-09-30T00:19:40+09:00,09/29 21:05,2026-10,PUT,65500,191.0,191.0,0.0,4.0,4.0,0.0,920.0,920.0,0.0,23.64,23.64,0.0,955.0,780.0,935.0,760.0,14.0,2.0,Ask側,920.0,Last Price,0,判定困難,0,
2026/09/30 00:04,2026-09-30T00:19:40+09:00,09/29 21:06,2026-12,CALL,81000,7.0,7.0,0.0,1.0,1.0,0.0,80.0,80.0,0.0,23.92,23.92,0.0,95.0,95.0,63.0,63.0,0.0,0.0,Ask寄り,80.0,Last Price,0,判定困難,0,
2026/09/30 00:04,2026-09-30T00:19:40+09:00,09/29 21:11,2026-11,PUT,58500,387.0,387.0,0.0,2.0,2.0,0.0,415.0,415.0,0.0,29.49,29.49,0.0,425.0,390.0,410.0,380.0,0.0,-6.0,Ask側,415.0,Last Price,0,判定困難,0,
2026/09/30 00:04,2026-09-30T00:19:40+09:00,09/29 21:15,2026-11,CALL,76500,283.0,283.0,0.0,3.0,3.0,0.0,80.0,80.0,0.0,23.69,23.69,0.0,81.0,96.0,72.0,85.0,-11.0,-2.0,Bid側,80.0,Last Price,0,判定困難,0,
2026/09/30 00:04,2026-09-30T00:19:40+09:00,09/29 21:15,2026-11,PUT,52500,750.0,750.0,0.0,5.0,5.0,0.0,125.0,125.0,0.0,36.81,36.81,0.0,134.0,127.0,124.0,117.0,0.0,2.0,Ask寄り,125.0,Last Price,0,判定困難,0,
2026/09/30 00:04,2026-09-30T00:19:40+09:00,09/29 21:15,2026-11,PUT,48000,218.0,218.0,0.0,4.0,4.0,0.0,67.0,67.0,0.0,44.06,44.06,0.0,67.0,65.0,58.0,57.0,5.0,1.0,Ask側,67.0,Last Price,0,判定困難,0,
2026/09/30 00:04,2026-09-30T00:19:40+09:00,09/29 21:17,2026-10,CALL,76000,932.0,932.0,0.0,15.0,15.0,0.0,1.0,1.0,0.0,28.59,28.59,0.0,2.0,2.0,1.0,1.0,10.0,-30.0,Bid側,1.0,Last Price,0,判定困難,0,
2026/09/30 00:04,2026-09-30T00:19:40+09:00,09/29 21:20,2026-10,PUT,58500,839.0,839.0,0.0,15.0,15.0,0.0,33.0,33.0,0.0,35.55,35.55,0.0,37.0,29.0,29.0,22.0,0.0,3.0,Ask側,33.0,Last Price,0,判定困難,0,
2026/09/30 00:04,2026-09-30T00:19:40+09:00,09/29 21:20,2026-11,PUT,61000,1055.0,1055.0,0.0,7.0,7.0,0.0,745.0,745.0,0.0,27.21,27.21,0.0,760.0,695.0,745.0,680.0,0.0,6.0,Ask側,745.0,Last Price,0,判定困難,0,
2026/09/30 00:04,2026-09-30T00:19:40+09:00,09/29 21:25,2026-10,CALL,72750,30.0,30.0,0.0,1.0,1.0,0.0,8.0,8.0,0.0,25.84,25.84,0.0,9.0,13.0,7.0,4.0,-15.0,11.0,Bid寄り,8.0,Last Price,0,判定困難,0,
2026/09/30 00:04,2026-09-30T00:19:40+09:00,09/29 21:25,2026-10,CALL,65500,320.0,320.0,0.0,2.0,2.0,0.0,1100.0,1100.0,0.0,23.64,23.64,0.0,1180.0,1505.0,1045.0,1215.0,-8.0,-2.0,Bid側,1100.0,Last Price,0,判定困難,0,
2026/09/30 00:04,2026-09-30T00:19:40+09:00,09/29 21:25,2026-11,PUT,62000,1322.0,1322.0,0.0,9.0,9.0,0.0,960.0,960.0,0.0,26.64,26.64,0.0,965.0,880.0,950.0,865.0,-3.0,6.0,Ask側,960.0,Last Price,0,判定困難,0,
2026/09/30 00:04,2026-09-30T00:19:40+09:00,09/29 21:27,2026-10,CALL,77000,1439.0,1439.0,0.0,1.0,1.0,0.0,1.0,1.0,0.0,31.19,31.19,0.0,2.0,2.0,1.0,1.0,0.0,0.0,Bid側,1.0,Last Price,0,判定困難,0,
2026/09/30 00:04,2026-09-30T00:19:40+09:00,09/29 21:46,2026-11,PUT,45000,1198.0,1198.0,0.0,7.0,7.0,0.0,41.0,41.0,0.0,48.39,48.39,0.0,42.0,42.0,41.0,39.0,0.0,26.0,Ask寄り,41.0,Last Price,0,判定困難,0,
2026/09/30 00:04,2026-09-30T00:19:40+09:00,09/29 21:48,2026-11,PUT,50000,2876.0,2876.0,0.0,2.0,2.0,0.0,86.0,86.0,0.0,40.67,40.67,0.0,89.0,86.0,83.0,81.0,23.0,0.0,Ask側,86.0,Last Price,0,判定困難,0,
2026/09/30 00:04,2026-09-30T00:19:40+09:00,09/29 21:53,2026-12,CALL,80000,7264.0,7264.0,0.0,1.0,1.0,0.0,100.0,100.0,0.0,23.81,23.81,0.0,105.0,115.0,71.0,71.0,-11.0,0.0,Ask寄り,100.0,Last Price,0,判定困難,0,
2026/09/30 00:04,2026-09-30T00:19:40+09:00,09/29 22:01,2026-12,PUT,20000,2662.0,2662.0,0.0,17.0,17.0,0.0,4.0,4.0,0.0,86.54,86.54,0.0,5.0,5.0,3.0,3.0,0.0,1.0,中間,4.0,Last Price,0,判定困難,0,
2026/09/30 00:04,2026-09-30T00:19:40+09:00,09/29 22:05,2026-10,PUT,44000,333.0,333.0,0.0,5.0,5.0,0.0,2.0,2.0,0.0,78.52,78.52,0.0,2.0,2.0,1.0,1.0,0.0,0.0,Ask側,2.0,Last Price,0,判定困難,0,
2026/09/30 00:04,2026-09-30T00:19:40+09:00,09/29 22:18,2026-10,PUT,53000,1733.0,1733.0,0.0,4.0,9.0,5.0,10.0,9.0,-1.0,51.93,51.1,-0.8299999999999983,10.0,11.0,9.0,8.0,25.0,5.0,Bid寄り,9.0,Last Price,45000.0,出来高増加＋建玉ほぼ変化なし → 新規/決済の方向は判定困難,20,IV
2026/09/30 00:04,2026-09-30T00:19:40+09:00,09/29 22:18,2026-12,CALL,100000,512.0,512.0,0.0,2.0,4.0,2.0,3.0,3.0,0.0,30.3,30.24,-0.060000000000002274,3.0,3.0,2.0,2.0,-2.0,0.0,Ask側,3.0,Last Price,6000.0,出来高増加＋建玉ほぼ変化なし → 新規/決済の方向は判定困難,20,
2026/09/30 00:04,2026-09-30T00:19:40+09:00,09/29 22:27,2026-11,CALL,75750,1.0,1.0,0.0,0.0,1.0,1.0,0.0,100.0,100.0,0.0,23.22,23.22,107.0,125.0,97.0,115.0,-4.0,8.0,Bid側,100.0,Last Price,100000.0,出来高増加＋建玉ほぼ変化なし → 新規/決済の方向は判定困難,20,"PRICE,IV"
2026/09/30 00:04,2026-09-30T00:19:40+09:00,09/29 22:33,2026-10,CALL,71750,37.0,37.0,0.0,2.0,3.0,1.0,16.0,14.0,-2.0,24.76,24.7,-0.060000000000002274,20.0,28.0,14.0,16.0,11.0,5.0,Bid側,14.0,Last Price,14000.0,出来高増加＋建玉ほぼ変化なし → 新規/決済の方向は判定困難,20,
2026/09/30 00:04,2026-09-30T00:19:40+09:00,09/29 22:33,2026-10,PUT,59750,131.0,131.0,0.0,4.0,5.0,1.0,52.0,52.0,0.0,32.11,32.03,-0.0799999999999983,52.0,46.0,50.0,40.0,20.0,-2.0,Ask側,52.0,Last Price,52000.0,出来高増加＋建玉ほぼ変化なし → 新規/決済の方向は判定困難,20,
2026/09/30 00:04,2026-09-30T00:19:40+09:00,09/29 22:34,2026-10,CALL,66250,97.0,97.0,0.0,0.0,1.0,1.0,0.0,715.0,715.0,0.0,23.33,23.33,780.0,1005.0,720.0,925.0,1.0,-9.0,Bid側,715.0,Last Price,715000.0,出来高増加＋建玉ほぼ変化なし → 新規/決済の方向は判定困難,20,"PRICE,IV"
2026/09/30 00:04,2026-09-30T00:19:40+09:00,09/29 22:39,2026-10,PUT,61250,113.0,113.0,0.0,3.0,4.0,1.0,100.0,106.0,6.0,29.0,28.99,-0.010000000000001563,105.0,85.0,97.0,77.0,15.0,4.0,Ask側,106.0,Last Price,106000.0,出来高増加＋建玉ほぼ変化なし → 新規/決済の方向は判定困難,20,
2026/09/30 00:04,2026-09-30T00:19:40+09:00,09/29 22:41,2026-10,CALL,69750,114.0,114.0,0.0,2.0,4.0,2.0,60.0,62.0,2.0,23.54,23.29,-0.25,71.0,98.0,63.0,86.0,3.0,-2.0,Bid側,62.0,Last Price,124000.0,出来高増加＋建玉ほぼ変化なし → 新規/決済の方向は判定困難,20,
2026/09/30 00:04,2026-09-30T00:19:40+09:00,09/29 22:43,2026-10,CALL,66750,198.0,198.0,0.0,0.0,1.0,1.0,0.0,550.0,550.0,0.0,23.23,23.23,580.0,740.0,540.0,680.0,-1.0,-1.0,Bid側,550.0,Last Price,550000.0,出来高増加＋建玉ほぼ変化なし → 新規/決済の方向は判定困難,20,"PRICE,IV"
2026/09/30 00:04,2026-09-30T00:19:40+09:00,09/29 22:51,2026-10,CALL,64000,735.0,735.0,0.0,0.0,2.0,2.0,0.0,2150.0,2150.0,0.0,25.41,25.41,2400.0,2640.0,1785.0,2020.0,1.0,1.0,Bid寄り,2150.0,Last Price,4300000.0,出来高増加＋建玉ほぼ変化なし → 新規/決済の方向は判定困難,20,"PRICE,IV"
2026/09/30 00:04,2026-09-30T00:19:40+09:00,09/29 22:55,2026-10,PUT,55500,354.0,354.0,0.0,8.0,9.0,1.0,15.0,14.0,-1.0,43.77,43.61,-0.1600000000000037,17.0,15.0,14.0,11.0,-3.0,7.0,Ask寄り,14.0,Last Price,14000.0,出来高増加＋建玉ほぼ変化なし → 新規/決済の方向は判定困難,20,
2026/09/30 00:04,2026-09-30T00:19:40+09:00,09/29 22:56,2026-11,PUT,35000,3542.0,3542.0,0.0,1.0,3.0,2.0,11.0,12.0,1.0,66.05,66.71,0.6599999999999966,12.0,12.0,11.0,11.0,-26.0,-1.0,Ask側,12.0,Last Price,24000.0,出来高増加＋建玉ほぼ変化なし → 新規/決済の方向は判定困難,20,IV
2026/09/30 00:04,2026-09-30T00:19:40+09:00,09/29 22:58,2026-10,CALL,71500,400.0,400.0,0.0,2.0,5.0,3.0,17.0,20.0,3.0,24.51,24.57,0.05999999999999872,19.0,33.0,16.0,18.0,2.0,37.0,Bid寄り,20.0,Last Price,60000.0,出来高増加＋建玉ほぼ変化なし → 新規/決済の方向は判定困難,20,
2026/09/30 00:04,2026-09-30T00:19:40+09:00,09/29 23:05,2026-10,PUT,55750,80.0,80.0,0.0,0.0,1.0,1.0,0.0,21.0,21.0,0.0,44.98,44.98,21.0,21.0,9.0,9.0,0.0,0.0,Ask側,21.0,Last Price,21000.0,出来高増加＋建玉ほぼ変化なし → 新規/決済の方向は判定困難,20,IV
2026/09/30 00:04,2026-09-30T00:19:40+09:00,09/29 23:09,2026-10,PUT,53750,163.0,163.0,0.0,0.0,1.0,1.0,0.0,10.0,10.0,0.0,48.88,48.88,13.0,11.0,10.0,8.0,-37.0,4.0,Ask寄り,10.0,Last Price,10000.0,出来高増加＋建玉ほぼ変化なし → 新規/決済の方向は判定困難,20,IV
2026/09/30 00:04,2026-09-30T00:19:40+09:00,09/29 23:11,2026-12,CALL,79000,209.0,209.0,0.0,1.0,3.0,2.0,180.0,140.0,-40.0,25.3,23.91,-1.3900000000000006,176.0,176.0,82.0,125.0,0.0,9.0,Bid寄り,140.0,Last Price,280000.0,出来高増加＋建玉ほぼ変化なし → 新規/決済の方向は判定困難,20,IV
2026/09/30 00:04,2026-09-30T00:19:40+09:00,09/29 23:12,2026-10,PUT,61750,312.0,312.0,0.0,2.0,5.0,3.0,131.0,129.0,-2.0,28.19,28.3,0.10999999999999943,134.0,107.0,126.0,99.0,-12.0,7.0,Ask側,129.0,Last Price,387000.0,出来高増加＋建玉ほぼ変化なし → 新規/決済の方向は判定困難,20,
2026/09/30 00:04,2026-09-30T00:19:40+09:00,09/29 23:16,2026-10,CALL,70250,60.0,60.0,0.0,5.0,6.0,1.0,43.0,50.0,7.0,23.7,23.42,-0.2799999999999976,48.0,67.0,42.0,57.0,15.0,1.0,Bid側,50.0,Last Price,50000.0,出来高増加＋建玉ほぼ変化なし → 新規/決済の方向は判定困難,20,
2026/09/30 00:04,2026-09-30T00:19:40+09:00,09/29 23:17,2026-11,CALL,70000,1093.0,1093.0,0.0,2.0,4.0,2.0,730.0,770.0,40.0,23.68,23.53,-0.14999999999999858,730.0,845.0,705.0,820.0,2.0,-3.0,Bid側,770.0,Last Price,1540000.0,出来高増加＋建玉ほぼ変化なし → 新規/決済の方向は判定困難,20,
2026/09/30 00:04,2026-09-30T00:19:40+09:00,09/29 23:18,2026-11,CALL,85000,146.0,146.0,0.0,1.0,2.0,1.0,5.0,5.0,0.0,26.05,25.76,-0.28999999999999915,5.0,5.0,4.0,3.0,1.0,26.0,Ask側,5.0,Last Price,5000.0,出来高増加＋建玉ほぼ変化なし → 新規/決済の方向は判定困難,20,
2026/09/30 00:04,2026-09-30T00:19:40+09:00,09/29 23:19,2026-11,CALL,71500,365.0,365.0,0.0,2.0,3.0,1.0,455.0,500.0,45.0,23.55,23.69,0.14000000000000057,460.0,540.0,445.0,520.0,0.0,0.0,Bid側,500.0,Last Price,500000.0,出来高増加＋建玉ほぼ変化なし → 新規/決済の方向は判定困難,20,
2026/09/30 00:04,2026-09-30T00:19:40+09:00,09/29 23:19,2026-11,CALL,66250,2.0,2.0,0.0,0.0,1.0,1.0,0.0,2140.0,2140.0,0.0,24.77,24.77,2060.0,2260.0,1950.0,2205.0,-3.0,-3.0,Bid側,2140.0,Last Price,2140000.0,出来高増加＋建玉ほぼ変化なし → 新規/決済の方向は判定困難,20,"PRICE,IV"
2026/09/30 00:04,2026-09-30T00:19:40+09:00,09/29 23:21,2026-10,CALL,68375,6.0,6.0,0.0,0.0,3.0,3.0,0.0,230.0,230.0,0.0,22.78,22.78,196.0,254.0,182.0,243.0,4.0,-6.0,Bid側,230.0,Last Price,690000.0,出来高増加＋建玉ほぼ変化なし → 新規/決済の方向は判定困難,20,"PRICE,IV"
2026/09/30 00:04,2026-09-30T00:19:40+09:00,09/29 23:21,2026-11,CALL,72000,1541.0,1541.0,0.0,9.0,12.0,3.0,405.0,430.0,25.0,23.87,23.74,-0.13000000000000256,395.0,455.0,380.0,445.0,-6.0,-6.0,Bid側,430.0,Last Price,1290000.0,出来高増加＋建玉ほぼ変化なし → 新規/決済の方向は判定困難,20,
2026/09/30 00:04,2026-09-30T00:19:40+09:00,09/29 23:22,2026-10,PUT,60375,664.0,664.0,0.0,0.0,1.0,1.0,0.0,62.0,62.0,0.0,31.71,31.71,70.0,58.0,65.0,52.0,0.0,1.0,Ask側,62.0,Last Price,62000.0,出来高増加＋建玉ほぼ変化なし → 新規/決済の方向は判定困難,20,IV
2026/09/30 00:04,2026-09-30T00:19:40+09:00,09/29 23:22,2026-10,PUT,51000,868.0,868.0,0.0,137.0,141.0,4.0,7.0,6.0,-1.0,57.59,57.77,0.17999999999999972,7.0,6.0,6.0,5.0,-2.0,-3.0,Ask側,6.0,Last Price,24000.0,出来高増加＋建玉ほぼ変化なし → 新規/決済の方向は判定困難,20,
2026/09/30 00:04,2026-09-30T00:19:40+09:00,09/29 23:23,2026-11,CALL,78000,158.0,158.0,0.0,0.0,2.0,2.0,0.0,51.0,51.0,0.0,23.92,23.92,47.0,55.0,40.0,46.0,-20.0,2.0,Ask寄り,51.0,Last Price,102000.0,出来高増加＋建玉ほぼ変化なし → 新規/決済の方向は判定困難,20,IV
2026/09/30 00:04,2026-09-30T00:19:40+09:00,09/29 23:25,2026-11,CALL,76000,130.0,130.0,0.0,0.0,2.0,2.0,0.0,110.0,110.0,0.0,23.54,23.54,97.0,114.0,87.0,106.0,-12.0,-1.0,中間,110.0,Last Price,220000.0,出来高増加＋建玉ほぼ変化なし → 新規/決済の方向は判定困難,20,"PRICE,IV"
2026/09/30 00:04,2026-09-30T00:19:40+09:00,09/29 23:26,2026-10,PUT,56000,2030.0,2030.0,0.0,8.0,13.0,5.0,16.0,16.0,0.0,42.09,43.43,1.3399999999999963,16.0,15.0,12.0,14.0,2.0,-12.0,Ask側,16.0,Last Price,80000.0,出来高増加＋建玉ほぼ変化なし → 新規/決済の方向は判定困難,20,IV
2026/09/30 00:04,2026-09-30T00:19:40+09:00,09/29 23:26,2026-11,CALL,79000,60.0,60.0,0.0,0.0,3.0,3.0,0.0,36.0,36.0,0.0,23.85,23.85,33.0,39.0,23.0,28.0,-3.0,36.0,Ask寄り,36.0,Last Price,108000.0,出来高増加＋建玉ほぼ変化なし → 新規/決済の方向は判定困難,20,IV
2026/09/30 00:04,2026-09-30T00:19:40+09:00,09/29 23:27,2026-10,CALL,69500,620.0,620.0,0.0,9.0,13.0,4.0,81.0,120.0,39.0,23.33,23.65,0.3200000000000003,85.0,116.0,77.0,106.0,13.0,-19.0,Ask側,120.0,Last Price,480000.0,出来高増加＋建玉ほぼ変化なし → 新規/決済の方向は判定困難,20,
2026/09/30 00:04,2026-09-30T00:19:40+09:00,09/29 23:29,2026-11,PUT,58000,1021.0,1021.0,0.0,0.0,2.0,2.0,0.0,355.0,355.0,0.0,30.58,30.58,380.0,350.0,370.0,340.0,20.0,22.0,Ask側,355.0,Last Price,710000.0,出来高増加＋建玉ほぼ変化なし → 新規/決済の方向は判定困難,20,"PRICE,IV"
2026/09/30 00:04,2026-09-30T00:19:40+09:00,09/29 23:30,2026-10,CALL,66500,332.0,332.0,0.0,1.0,8.0,7.0,630.0,815.0,185.0,23.11,23.06,-0.05000000000000071,660.0,890.0,640.0,745.0,17.0,17.0,Bid寄り,815.0,Last Price,5705000.0,出来高増加＋建玉ほぼ変化なし → 新規/決済の方向は判定困難,20,PRICE
2026/09/30 00:04,2026-09-30T00:19:40+09:00,09/29 23:33,2026-10,CALL,73250,38.0,38.0,0.0,0.0,20.0,20.0,0.0,7.0,7.0,0.0,25.22,25.22,7.0,9.0,5.0,5.0,-30.0,-10.0,中間,7.0,Last Price,140000.0,出来高増加＋建玉ほぼ変化なし → 新規/決済の方向は判定困難,20,IV
2026/09/30 00:04,2026-09-30T00:19:40+09:00,09/29 23:33,2026-11,CALL,77000,171.0,171.0,0.0,5.0,11.0,6.0,62.0,80.0,18.0,23.5,23.57,0.07000000000000028,68.0,79.0,60.0,70.0,-5.0,14.0,Ask側,80.0,Last Price,480000.0,出来高増加＋建玉ほぼ変化なし → 新規/決済の方向は判定困難,20,
2026/09/30 00:04,2026-09-30T00:19:40+09:00,09/29 23:34,2026-10,PUT,55000,3837.0,3837.0,0.0,24.0,26.0,2.0,14.0,12.0,-2.0,45.39,46.29,0.8999999999999986,14.0,12.0,12.0,11.0,-1.0,-20.0,Ask側,12.0,Last Price,24000.0,出来高増加＋建玉ほぼ変化なし → 新規/決済の方向は判定困難,20,IV
2026/09/30 00:04,2026-09-30T00:19:40+09:00,09/29 23:34,2026-10,PUT,54000,1424.0,1424.0,0.0,4.0,12.0,8.0,13.0,10.0,-3.0,49.06,49.3,0.23999999999999488,11.0,10.0,10.0,7.0,0.0,20.0,Ask側,10.0,Last Price,80000.0,出来高増加＋建玉ほぼ変化なし → 新規/決済の方向は判定困難,20,
2026/09/30 00:04,2026-09-30T00:19:40+09:00,09/29 23:36,2026-10,PUT,64500,998.0,998.0,0.0,3.0,4.0,1.0,620.0,455.0,-165.0,24.78,25.38,0.5999999999999979,580.0,465.0,565.0,450.0,0.0,0.0,Bid寄り,455.0,Last Price,455000.0,出来高増加＋建玉ほぼ変化なし → 新規/決済の方向は判定困難,20,"PRICE,IV"
2026/09/30 00:04,2026-09-30T00:19:40+09:00,09/29 23:36,2026-10,PUT,52000,1467.0,1467.0,0.0,21.0,23.0,2.0,8.0,7.0,-1.0,54.39,55.27,0.8800000000000026,9.0,10.0,7.0,6.0,-47.0,-17.0,Bid寄り,7.0,Last Price,14000.0,出来高増加＋建玉ほぼ変化なし → 新規/決済の方向は判定困難,20,IV
2026/09/30 00:04,2026-09-30T00:19:40+09:00,09/29 23:37,2026-10,PUT,42000,360.0,360.0,0.0,0.0,1.0,1.0,0.0,2.0,2.0,0.0,88.24,88.24,2.0,2.0,1.0,1.0,0.0,9.0,Ask側,2.0,Last Price,2000.0,出来高増加＋建玉ほぼ変化なし → 新規/決済の方向は判定困難,20,IV
2026/09/30 00:04,2026-09-30T00:19:40+09:00,09/29 23:37,2026-11,PUT,60000,1758.0,1758.0,0.0,4.0,6.0,2.0,600.0,540.0,-60.0,28.28,28.56,0.2799999999999976,600.0,550.0,585.0,535.0,3.0,15.0,Bid寄り,540.0,Last Price,1080000.0,出来高増加＋建玉ほぼ変化なし → 新規/決済の方向は判定困難,20,
2026/09/30 00:04,2026-09-30T00:19:40+09:00,09/29 23:38,2026-10,CALL,69250,27.0,27.0,0.0,4.0,9.0,5.0,94.0,153.0,59.0,23.33,23.3,-0.029999999999997584,103.0,140.0,96.0,128.0,2.0,-2.0,Ask側,153.0,Last Price,765000.0,出来高増加＋建玉ほぼ変化なし → 新規/決済の方向は判定困難,20,
2026/09/30 00:04,2026-09-30T00:19:40+09:00,09/29 23:38,2026-10,PUT,59500,464.0,464.0,0.0,4.0,6.0,2.0,55.0,38.0,-17.0,33.95,33.7,-0.25,48.0,44.0,45.0,33.0,21.0,16.0,Bid寄り,38.0,Last Price,76000.0,出来高増加＋建玉ほぼ変化なし → 新規/決済の方向は判定困難,20,
2026/09/30 00:04,2026-09-30T00:19:40+09:00,09/29 23:38,2026-10,PUT,50000,2807.0,2807.0,0.0,18.0,28.0,10.0,5.0,4.0,-1.0,59.76,59.98,0.21999999999999886,6.0,5.0,5.0,4.0,-18.0,60.0,Bid側,4.0,Last Price,40000.0,出来高増加＋建玉ほぼ変化なし → 新規/決済の方向は判定困難,20,
2026/09/30 00:04,2026-09-30T00:19:40+09:00,09/29 23:38,2026-11,CALL,82500,138.0,138.0,0.0,2.0,5.0,3.0,10.0,11.0,1.0,25.03,24.56,-0.4700000000000024,11.0,12.0,9.0,10.0,0.0,15.0,中間,11.0,Last Price,33000.0,出来高増加＋建玉ほぼ変化なし → 新規/決済の方向は判定困難,20,
2026/09/30 00:04,2026-09-30T00:19:40+09:00,09/29 23:39,2026-10,CALL,70875,4.0,4.0,0.0,0.0,2.0,2.0,0.0,45.0,45.0,0.0,23.86,23.86,37.0,47.0,16.0,30.0,0.0,8.0,Ask寄り,45.0,Last Price,90000.0,出来高増加＋建玉ほぼ変化なし → 新規/決済の方向は判定困難,20,IV
2026/09/30 00:04,2026-09-30T00:19:40+09:00,09/29 23:40,2026-10,CALL,73750,45.0,45.0,0.0,0.0,20.0,20.0,0.0,5.0,5.0,0.0,25.72,25.72,5.0,8.0,4.0,3.0,-4.0,10.0,Bid寄り,5.0,Last Price,100000.0,出来高増加＋建玉ほぼ変化なし → 新規/決済の方向は判定困難,20,IV
2026/09/30 00:04,2026-09-30T00:19:40+09:00,09/29 23:40,2026-10,PUT,57000,1664.0,1664.0,0.0,22.0,32.0,10.0,22.0,18.0,-4.0,39.58,40.23,0.6499999999999986,22.0,18.0,20.0,16.0,0.0,21.0,Ask側,18.0,Last Price,180000.0,出来高増加＋建玉ほぼ変化なし → 新規/決済の方向は判定困難,20,IV
2026/09/30 00:04,2026-09-30T00:19:40+09:00,09/29 23:41,2026-10,CALL,74500,153.0,153.0,0.0,4.0,8.0,4.0,3.0,3.0,0.0,27.99,26.37,-1.6199999999999974,4.0,4.0,2.0,2.0,-32.0,-69.0,中間,3.0,Last Price,12000.0,出来高増加＋建玉ほぼ変化なし → 新規/決済の方向は判定困難,20,IV
2026/09/30 00:04,2026-09-30T00:19:40+09:00,09/29 23:41,2026-10,CALL,73500,166.0,166.0,0.0,2.0,3.0,1.0,5.0,6.0,1.0,26.84,25.53,-1.3099999999999987,6.0,6.0,5.0,5.0,-25.0,0.0,Ask側,6.0,Last Price,6000.0,出来高増加＋建玉ほぼ変化なし → 新規/決済の方向は判定困難,20,IV
2026/09/30 00:04,2026-09-30T00:19:40+09:00,09/29 23:45,2026-10,PUT,65000,2393.0,2393.0,0.0,16.0,29.0,13.0,790.0,575.0,-215.0,24.23,24.99,0.759999999999998,750.0,600.0,725.0,590.0,0.0,-28.0,Bid側,575.0,Last Price,7475000.0,出来高増加＋建玉ほぼ変化なし → 新規/決済の方向は判定困難,20,"PRICE,IV"
2026/09/30 00:04,2026-09-30T00:19:40+09:00,09/29 23:46,2026-10,CALL,65000,1384.0,1384.0,0.0,0.0,3.0,3.0,0.0,1790.0,1790.0,0.0,24.91,24.91,1500.0,1930.0,1275.0,1600.0,11.0,0.0,Ask寄り,1790.0,Last Price,5370000.0,出来高増加＋建玉ほぼ変化なし → 新規/決済の方向は判定困難,20,"PRICE,IV"
2026/09/30 00:04,2026-09-30T00:19:40+09:00,09/29 23:46,2026-10,PUT,48000,980.0,980.0,0.0,1.0,11.0,10.0,4.0,3.0,-1.0,66.29,66.31,0.01999999999999602,4.0,4.0,3.0,3.0,-15.0,-37.0,Bid側,3.0,Last Price,30000.0,出来高増加＋建玉ほぼ変化なし → 新規/決済の方向は判定困難,20,
2026/09/30 00:04,2026-09-30T00:19:40+09:00,09/29 23:46,2026-10,PUT,41000,268.0,268.0,0.0,0.0,21.0,21.0,0.0,1.0,1.0,0.0,88.03,88.03,2.0,2.0,1.0,1.0,-1.0,-21.0,Bid側,1.0,Last Price,21000.0,出来高増加＋建玉ほぼ変化なし → 新規/決済の方向は判定困難,20,IV
2026/09/30 00:04,2026-09-30T00:19:40+09:00,09/29 23:47,2026-10,CALL,75000,2402.0,2402.0,0.0,42.0,99.0,57.0,3.0,3.0,0.0,29.24,27.54,-1.6999999999999993,3.0,3.0,2.0,2.0,-53.0,0.0,Ask側,3.0,Last Price,171000.0,出来高増加＋建玉ほぼ変化なし → 新規/決済の方向は判定困難,20,IV
2026/09/30 00:04,2026-09-30T00:19:40+09:00,09/29 23:48,2026-10,CALL,72500,455.0,455.0,0.0,0.0,5.0,5.0,0.0,13.0,13.0,0.0,24.69,24.69,11.0,14.0,8.0,9.0,-33.0,-20.0,Ask寄り,13.0,Last Price,65000.0,出来高増加＋建玉ほぼ変化なし → 新規/決済の方向は判定困難,20,IV
2026/09/30 00:04,2026-09-30T00:19:40+09:00,09/29 23:48,2026-10,PUT,59000,1328.0,1328.0,0.0,9.0,24.0,15.0,39.0,32.0,-7.0,33.86,35.09,1.230000000000004,40.0,36.0,34.0,32.0,11.0,-50.0,Bid側,32.0,Last Price,480000.0,出来高増加＋建玉ほぼ変化なし → 新規/決済の方向は判定困難,20,IV
2026/09/30 00:04,2026-09-30T00:19:40+09:00,09/29 23:48,2026-10,PUT,43000,501.0,501.0,0.0,0.0,20.0,20.0,0.0,2.0,2.0,0.0,84.21,84.21,2.0,2.0,1.0,1.0,1.0,-10.0,Ask側,2.0,Last Price,40000.0,出来高増加＋建玉ほぼ変化なし → 新規/決済の方向は判定困難,20,IV
2026/09/30 00:04,2026-09-30T00:19:40+09:00,09/29 23:48,2026-11,CALL,72500,609.0,609.0,0.0,2.0,3.0,1.0,330.0,415.0,85.0,23.5,23.87,0.370000000000001,330.0,390.0,320.0,375.0,4.0,-2.0,Ask側,415.0,Last Price,415000.0,出来高増加＋建玉ほぼ変化なし → 新規/決済の方向は判定困難,20,
2026/09/30 00:04,2026-09-30T00:19:40+09:00,09/29 23:49,2026-10,PUT,49000,516.0,516.0,0.0,2.0,4.0,2.0,5.0,4.0,-1.0,63.69,64.01,0.3200000000000074,5.0,4.0,4.0,3.0,-2.0,47.0,Ask側,4.0,Last Price,8000.0,出来高増加＋建玉ほぼ変化なし → 新規/決済の方向は判定困難,20,
2026/09/30 00:04,2026-09-30T00:19:40+09:00,09/29 23:49,2026-10,PUT,40000,4490.0,4490.0,0.0,53.0,101.0,48.0,1.0,1.0,0.0,91.07,92.28,1.210000000000008,2.0,2.0,1.0,1.0,0.0,-41.0,Bid側,1.0,Last Price,48000.0,出来高増加＋建玉ほぼ変化なし → 新規/決済の方向は判定困難,20,IV
2026/09/30 00:04,2026-09-30T00:19:40+09:00,09/29 23:50,2026-10,PUT,49500,364.0,364.0,0.0,0.0,1.0,1.0,0.0,4.0,4.0,0.0,62.04,62.04,6.0,8.0,4.0,3.0,24.0,23.0,Bid寄り,4.0,Last Price,4000.0,出来高増加＋建玉ほぼ変化なし → 新規/決済の方向は判定困難,20,IV
2026/09/30 00:04,2026-09-30T00:19:40+09:00,09/29 23:51,2026-10,CALL,66000,3131.0,3131.0,0.0,34.0,43.0,9.0,860.0,1185.0,325.0,23.5,23.93,0.4299999999999997,905.0,1130.0,845.0,990.0,8.0,29.0,Ask側,1185.0,Last Price,10665000.0,出来高増加＋建玉ほぼ変化なし → 新規/決済の方向は判定困難,20,PRICE
2026/09/30 00:04,2026-09-30T00:19:40+09:00,09/29 23:52,2026-10,CALL,73000,1931.0,1931.0,0.0,8.0,49.0,41.0,7.0,9.0,2.0,26.11,24.84,-1.2699999999999996,7.0,8.0,6.0,6.0,9.0,-4.0,Ask側,9.0,Last Price,369000.0,出来高増加＋建玉ほぼ変化なし → 新規/決済の方向は判定困難,20,IV
2026/09/30 00:04,2026-09-30T00:19:40+09:00,09/29 23:52,2026-10,PUT,58000,2467.0,2467.0,0.0,24.0,34.0,10.0,28.0,23.0,-5.0,36.63,37.82,1.1899999999999977,31.0,24.0,27.0,23.0,-9.0,-33.0,Bid側,23.0,Last Price,230000.0,出来高増加＋建玉ほぼ変化なし → 新規/決済の方向は判定困難,20,IV
2026/09/30 00:04,2026-09-30T00:19:40+09:00,09/29 23:52,2026-11,PUT,64000,535.0,535.0,0.0,0.0,1.0,1.0,0.0,1350.0,1350.0,0.0,25.82,25.82,1540.0,1400.0,1510.0,1385.0,0.0,3.0,Bid側,1350.0,Last Price,1350000.0,出来高増加＋建玉ほぼ変化なし → 新規/決済の方向は判定困難,20,"PRICE,IV"
2026/09/30 00:04,2026-09-30T00:19:40+09:00,09/29 23:53,2026-10,PUT,45000,2113.0,2113.0,0.0,0.0,51.0,51.0,0.0,2.0,2.0,0.0,75.99,75.99,3.0,3.0,2.0,2.0,8.0,-51.0,Bid側,2.0,Last Price,102000.0,出来高増加＋建玉ほぼ変化なし → 新規/決済の方向は判定困難,20,IV
2026/09/30 00:04,2026-09-30T00:19:40+09:00,09/29 23:53,2026-10,PUT,39000,191.0,191.0,0.0,14.0,25.0,11.0,1.0,1.0,0.0,95.13,96.78,1.6500000000000057,1.0,1.0,0.0,0.0,-4.0,0.0,判定困難,1.0,Last Price,11000.0,出来高増加＋建玉ほぼ変化なし → 新規/決済の方向は判定困難,20,IV
2026/09/30 00:04,2026-09-30T00:19:40+09:00,09/29 23:54,2026-10,PUT,57500,539.0,539.0,0.0,12.0,17.0,5.0,24.0,19.0,-5.0,38.2,38.8,0.5999999999999943,26.0,24.0,24.0,19.0,-15.0,-2.0,Bid側,19.0,Last Price,95000.0,出来高増加＋建玉ほぼ変化なし → 新規/決済の方向は判定困難,20,IV
2026/09/30 00:04,2026-09-30T00:19:40+09:00,09/29 23:54,2026-11,PUT,55000,1396.0,1396.0,0.0,0.0,4.0,4.0,0.0,188.0,188.0,0.0,34.47,34.47,209.0,195.0,196.0,183.0,1.0,2.0,Bid寄り,188.0,Last Price,752000.0,出来高増加＋建玉ほぼ変化なし → 新規/決済の方向は判定困難,20,"PRICE,IV"
2026/09/30 00:04,2026-09-30T00:19:40+09:00,09/29 23:55,2026-10,CALL,68750,210.0,210.0,0.0,5.0,8.0,3.0,140.0,229.0,89.0,23.15,23.17,0.020000000000003126,151.0,200.0,139.0,186.0,-1.0,-7.0,Ask側,229.0,Last Price,687000.0,出来高増加＋建玉ほぼ変化なし → 新規/決済の方向は判定困難,20,
2026/09/30 00:04,2026-09-30T00:19:40+09:00,09/29 23:55,2026-10,PUT,62500,1763.0,1763.0,0.0,7.0,13.0,6.0,190.0,147.0,-43.0,27.18,27.9,0.7199999999999989,198.0,157.0,188.0,148.0,0.0,5.0,Bid側,147.0,Last Price,882000.0,出来高増加＋建玉ほぼ変化なし → 新規/決済の方向は判定困難,20,IV
2026/09/30 00:04,2026-09-30T00:19:40+09:00,09/29 23:55,2026-10,PUT,44750,39.0,39.0,0.0,0.0,2.0,2.0,0.0,2.0,2.0,0.0,77.01,77.01,12.0,3.0,2.0,1.0,-5.0,23.0,中間,2.0,Last Price,4000.0,出来高増加＋建玉ほぼ変化なし → 新規/決済の方向は判定困難,20,IV
2026/09/30 00:04,2026-09-30T00:19:40+09:00,09/29 23:55,2026-11,CALL,87500,176.0,176.0,0.0,0.0,1.0,1.0,0.0,3.0,3.0,0.0,26.47,26.47,4.0,3.0,2.0,2.0,-1.0,0.0,Ask側,3.0,Last Price,3000.0,出来高増加＋建玉ほぼ変化なし → 新規/決済の方向は判定困難,20,IV
2026/09/30 00:04,2026-09-30T00:19:40+09:00,09/29 23:55,2026-11,CALL,73000,213.0,213.0,0.0,7.0,9.0,2.0,285.0,350.0,65.0,23.71,23.37,-0.33999999999999986,284.0,330.0,272.0,320.0,-11.0,0.0,Ask側,350.0,Last Price,700000.0,出来高増加＋建玉ほぼ変化なし → 新規/決済の方向は判定困難,20,
2026/09/30 00:04,2026-09-30T00:19:40+09:00,09/29 23:56,2026-10,CALL,72000,3924.0,3924.0,0.0,50.0,62.0,12.0,13.0,19.0,6.0,25.01,24.04,-0.9700000000000024,14.0,18.0,12.0,12.0,0.0,40.0,Ask側,19.0,Last Price,228000.0,出来高増加＋建玉ほぼ変化なし → 新規/決済の方向は判定困難,20,IV
2026/09/30 00:04,2026-09-30T00:19:40+09:00,09/29 23:56,2026-10,PUT,66000,1218.0,1218.0,0.0,1.0,6.0,5.0,1200.0,900.0,-300.0,23.62,23.84,0.21999999999999886,1220.0,990.0,1180.0,970.0,0.0,-3.0,Bid側,900.0,Last Price,4500000.0,出来高増加＋建玉ほぼ変化なし → 新規/決済の方向は判定困難,20,PRICE
2026/09/30 00:04,2026-09-30T00:19:40+09:00,09/29 23:56,2026-11,CALL,75000,449.0,449.0,0.0,2.0,16.0,14.0,142.0,176.0,34.0,23.71,23.4,-0.3100000000000023,139.0,166.0,131.0,154.0,0.0,2.0,Ask側,176.0,Last Price,2464000.0,出来高増加＋建玉ほぼ変化なし → 新規/決済の方向は判定困難,20,
2026/09/30 00:04,2026-09-30T00:19:40+09:00,09/29 23:56,2026-11,CALL,68000,626.0,626.0,0.0,0.0,2.0,2.0,0.0,1515.0,1515.0,0.0,23.66,23.66,1305.0,1495.0,1250.0,1430.0,0.0,0.0,Ask側,1515.0,Last Price,3030000.0,出来高増加＋建玉ほぼ変化なし → 新規/決済の方向は判定困難,20,"PRICE,IV"
2026/09/30 00:04,2026-09-30T00:19:40+09:00,09/29 23:57,2026-10,PUT,63500,373.0,373.0,0.0,3.0,5.0,2.0,345.0,245.0,-100.0,25.76,26.44,0.6799999999999997,340.0,271.0,330.0,256.0,-3.0,-3.0,Bid側,245.0,Last Price,490000.0,出来高増加＋建玉ほぼ変化なし → 新規/決済の方向は判定困難,20,"PRICE,IV"
2026/09/30 00:04,2026-09-30T00:19:40+09:00,09/29 23:57,2026-12,PUT,30250,1.0,1.0,0.0,0.0,1.0,1.0,0.0,10.0,10.0,0.0,63.19,63.19,0.0,35.0,0.0,0.0,16.0,0.0,判定困難,10.0,Last Price,10000.0,出来高増加＋建玉ほぼ変化なし → 新規/決済の方向は判定困難,20,IV
2026/09/30 00:04,2026-09-30T00:19:40+09:00,09/29 23:58,2026-10,CALL,67000,1860.0,1860.0,0.0,25.0,59.0,34.0,455.0,695.0,240.0,23.01,23.53,0.5199999999999996,485.0,625.0,470.0,600.0,3.0,1.0,Ask側,695.0,Last Price,23630000.0,出来高増加＋建玉ほぼ変化なし → 新規/決済の方向は判定困難,20,"PRICE,IV"
2026/09/30 00:04,2026-09-30T00:19:40+09:00,09/29 23:59,2026-10,CALL,67500,1281.0,1281.0,0.0,14.0,17.0,3.0,350.0,485.0,135.0,23.04,22.87,-0.16999999999999815,355.0,460.0,340.0,440.0,0.0,-14.0,Ask側,485.0,Last Price,1455000.0,出来高増加＋建玉ほぼ変化なし → 新規/決済の方向は判定困難,20,PRICE
2026/09/30 00:04,2026-09-30T00:19:40+09:00,09/29 23:59,2026-10,PUT,52500,622.0,622.0,0.0,1.0,2.0,1.0,9.0,7.0,-2.0,53.02,53.31,0.28999999999999915,9.0,10.0,7.0,5.0,25.0,-31.0,Bid寄り,7.0,Last Price,7000.0,出来高増加＋建玉ほぼ変化なし → 新規/決済の方向は判定困難,20,
2026/09/30 00:04,2026-09-30T00:19:40+09:00,09/30 00:00,2026-10,PUT,60250,207.0,207.0,0.0,2.0,5.0,3.0,72.0,51.0,-21.0,31.59,31.74,0.14999999999999858,68.0,55.0,61.0,49.0,-15.0,-2.0,Bid寄り,51.0,Last Price,153000.0,出来高増加＋建玉ほぼ変化なし → 新規/決済の方向は判定困難,20,
2026/09/30 00:04,2026-09-30T00:19:40+09:00,09/30 00:00,2026-11,CALL,74000,241.0,241.0,0.0,5.0,9.0,4.0,193.0,240.0,47.0,23.45,23.13,-0.3200000000000003,201.0,237.0,191.0,228.0,0.0,-7.0,Ask側,240.0,Last Price,960000.0,出来高増加＋建玉ほぼ変化なし → 新規/決済の方向は判定困難,20,
2026/09/30 00:04,2026-09-30T00:19:40+09:00,09/30 00:00,2026-11,PUT,57000,731.0,731.0,0.0,5.0,12.0,7.0,300.0,275.0,-25.0,31.08,31.93,0.8500000000000014,365.0,287.0,292.0,272.0,-41.0,2.0,Bid寄り,275.0,Last Price,1925000.0,出来高増加＋建玉ほぼ変化なし → 新規/決済の方向は判定困難,20,IV
2026/09/30 00:04,2026-09-30T00:19:40+09:00,09/30 00:01,2026-10,PUT,66500,103.0,103.0,0.0,0.0,4.0,4.0,0.0,1230.0,1230.0,0.0,23.25,23.25,1550.0,1250.0,1425.0,1220.0,-7.0,-9.0,Bid寄り,1230.0,Last Price,4920000.0,出来高増加＋建玉ほぼ変化なし → 新規/決済の方向は判定困難,20,"PRICE,IV"
2026/09/30 00:04,2026-09-30T00:19:40+09:00,09/30 00:01,2026-10,PUT,62000,1744.0,1744.0,0.0,27.0,49.0,22.0,148.0,117.0,-31.0,27.99,28.24,0.25,150.0,122.0,145.0,112.0,26.0,25.0,中間,117.0,Last Price,2574000.0,出来高増加＋建玉ほぼ変化なし → 新規/決済の方向は判定困難,20,
2026/09/30 00:04,2026-09-30T00:19:40+09:00,09/30 00:01,2026-11,PUT,63000,969.0,969.0,0.0,5.0,8.0,3.0,1215.0,1100.0,-115.0,25.88,26.12,0.240000000000002,1220.0,1115.0,1200.0,1100.0,0.0,3.0,Bid側,1100.0,Last Price,3300000.0,出来高増加＋建玉ほぼ変化なし → 新規/決済の方向は判定困難,20,PRICE
2026/09/30 00:04,2026-09-30T00:19:40+09:00,09/30 00:02,2026-10,CALL,71000,2269.0,2269.0,0.0,68.0,98.0,30.0,24.0,34.0,10.0,24.04,23.51,-0.5299999999999976,29.0,35.0,24.0,33.0,0.0,-9.0,中間,34.0,Last Price,1020000.0,出来高増加＋建玉ほぼ変化なし → 新規/決済の方向は判定困難,20,IV
2026/09/30 00:04,2026-09-30T00:19:40+09:00,09/30 00:02,2026-10,CALL,70500,438.0,438.0,0.0,10.0,15.0,5.0,37.0,51.0,14.0,23.83,23.32,-0.509999999999998,45.0,54.0,32.0,45.0,2.0,2.0,Ask寄り,51.0,Last Price,255000.0,出来高増加＋建玉ほぼ変化なし → 新規/決済の方向は判定困難,20,IV
2026/09/30 00:04,2026-09-30T00:19:40+09:00,09/30 00:02,2026-10,CALL,70000,2891.0,2891.0,0.0,71.0,143.0,72.0,52.0,76.0,24.0,23.56,23.16,-0.3999999999999986,57.0,80.0,53.0,69.0,11.0,-5.0,Ask寄り,76.0,Last Price,5472000.0,出来高増加＋建玉ほぼ変化なし → 新規/決済の方向は判定困難,20,
2026/09/30 00:04,2026-09-30T00:19:40+09:00,09/30 00:02,2026-10,CALL,69875,115.0,115.0,0.0,0.0,4.0,4.0,0.0,85.0,85.0,0.0,23.2,23.2,64.0,87.0,57.0,78.0,-5.0,-2.0,Ask寄り,85.0,Last Price,340000.0,出来高増加＋建玉ほぼ変化なし → 新規/決済の方向は判定困難,20,IV
2026/09/30 00:04,2026-09-30T00:19:40+09:00,09/30 00:02,2026-10,CALL,68500,1505.0,1505.0,0.0,4.0,10.0,6.0,170.0,230.0,60.0,23.05,22.74,-0.3100000000000023,179.0,238.0,165.0,222.0,4.0,-8.0,中間,230.0,Last Price,1380000.0,出来高増加＋建玉ほぼ変化なし → 新規/決済の方向は判定困難,20,
2026/09/30 00:04,2026-09-30T00:19:40+09:00,09/30 00:02,2026-10,PUT,64000,2015.0,2015.0,0.0,17.0,28.0,11.0,430.0,350.0,-80.0,25.31,25.38,0.07000000000000028,445.0,355.0,435.0,345.0,0.0,-3.0,中間,350.0,Last Price,3850000.0,出来高増加＋建玉ほぼ変化なし → 新規/決済の方向は判定困難,20,
2026/09/30 00:04,2026-09-30T00:19:40+09:00,09/30 00:02,2026-10,PUT,63000,2173.0,2173.0,0.0,20.0,31.0,11.0,248.0,200.0,-48.0,26.7,26.59,-0.10999999999999943,262.0,208.0,249.0,194.0,15.0,16.0,Bid寄り,200.0,Last Price,2200000.0,出来高増加＋建玉ほぼ変化なし → 新規/決済の方向は判定困難,20,
2026/09/30 00:04,2026-09-30T00:19:40+09:00,09/30 00:03,2026-10,CALL,69625,97.0,97.0,0.0,0.0,7.0,7.0,0.0,101.0,101.0,0.0,23.01,23.01,78.0,107.0,70.0,95.0,-5.0,-2.0,中間,101.0,Last Price,707000.0,出来高増加＋建玉ほぼ変化なし → 新規/決済の方向は判定困難,20,"PRICE,IV"
2026/09/30 00:04,2026-09-30T00:19:40+09:00,09/30 00:03,2026-10,CALL,69000,2756.0,2756.0,0.0,50.0,78.0,28.0,120.0,159.0,39.0,23.25,22.75,-0.5,123.0,169.0,115.0,154.0,5.0,-8.0,Bid寄り,159.0,Last Price,4452000.0,出来高増加＋建玉ほぼ変化なし → 新規/決済の方向は判定困難,20,IV
2026/09/30 00:04,2026-09-30T00:19:40+09:00,09/30 00:03,2026-10,CALL,68000,2325.0,2325.0,0.0,13.0,38.0,25.0,240.0,315.0,75.0,23.01,22.42,-0.5899999999999999,257.0,330.0,237.0,315.0,-2.0,6.0,Bid側,315.0,Last Price,7875000.0,出来高増加＋建玉ほぼ変化なし → 新規/決済の方向は判定困難,20,IV
2026/09/30 00:04,2026-09-30T00:19:40+09:00,09/30 00:03,2026-10,PUT,61500,489.0,489.0,0.0,13.0,18.0,5.0,115.0,93.0,-22.0,28.78,29.22,0.4399999999999977,119.0,95.0,110.0,88.0,-3.0,4.0,Ask寄り,93.0,Last Price,465000.0,出来高増加＋建玉ほぼ変化なし → 新規/決済の方向は判定困難,20,
2026/09/30 00:04,2026-09-30T00:19:40+09:00,09/30 00:03,2026-10,PUT,61000,1517.0,1517.0,0.0,47.0,55.0,8.0,91.0,72.0,-19.0,29.33,30.09,0.7600000000000016,94.0,75.0,88.0,69.0,-17.0,15.0,中間,72.0,Last Price,576000.0,出来高増加＋建玉ほぼ変化なし → 新規/決済の方向は判定困難,20,IV
2026/09/30 00:04,2026-09-30T00:19:40+09:00,09/30 00:03,2026-10,PUT,60000,11880.0,11880.0,0.0,53.0,90.0,37.0,58.0,47.0,-11.0,31.82,32.28,0.46000000000000085,59.0,50.0,56.0,46.0,11.0,-10.0,Bid寄り,47.0,Last Price,1739000.0,出来高増加＋建玉ほぼ変化なし → 新規/決済の方向は判定困難,20,
2026/09/30 00:04,2026-09-30T00:19:40+09:00,,2026-10,PUT,78500,0.0,0.0,0.0,0.0,0.0,0.0,0.0,0.0,0.0,0.0,0.0,0.0,0.0,0.0,0.0,0.0,0.0,0.0,判定困難,0,取得不可,0,判定困難,0,
2026/09/30 00:04,2026-09-30T00:19:40+09:00,,2026-10,PUT,78000,0.0,0.0,0.0,0.0,0.0,0.0,0.0,0.0,0.0,0.0,0.0,0.0,0.0,0.0,0.0,0.0,0.0,0.0,判定困難,0,取得不可,0,判定困難,0,
2026/09/30 00:04,2026-09-30T00:19:40+09:00,,2026-10,CALL,77500,127.0,127.0,0.0,0.0,0.0,0.0,0.0,0.0,0.0,0.0,0.0,0.0,2.0,2.0,1.0,1.0,0.0,0.0,判定困難,1.5,Bid/Ask midpoint,0,判定困難,0,
2026/09/30 00:04,2026-09-30T00:19:40+09:00,,2026-10,PUT,77500,0.0,0.0,0.0,0.0,0.0,0.0,0.0,0.0,0.0,0.0,0.0,0.0,0.0,0.0,0.0,0.0,0.0,0.0,判定困難,0,取得不可,0,判定困難,0,
2026/09/30 00:04,2026-09-30T00:19:40+09:00,,2026-10,PUT,77000,0.0,0.0,0.0,0.0,0.0,0.0,0.0,0.0,0.0,0.0,0.0,0.0,0.0,0.0,0.0,0.0,0.0,0.0,判定困難,0,取得不可,0,判定困難,0,
2026/09/30 00:04,2026-09-30T00:19:40+09:00,,2026-10,CALL,76500,75.0,75.0,0.0,0.0,0.0,0.0,0.0,0.0,0.0,0.0,0.0,0.0,2.0,2.0,1.0,1.0,0.0,0.0,判定困難,1.5,Bid/Ask midpoint,0,判定困難,0,
2026/09/30 00:04,2026-09-30T00:19:40+09:00,,2026-10,PUT,76500,0.0,0.0,0.0,0.0,0.0,0.0,0.0,0.0,0.0,0.0,0.0,0.0,0.0,0.0,0.0,0.0,0.0,0.0,判定困難,0,取得不可,0,判定困難,0,
2026/09/30 00:04,2026-09-30T00:19:40+09:00,,2026-10,PUT,76250,0.0,0.0,0.0,0.0,0.0,0.0,0.0,0.0,0.0,0.0,0.0,0.0,0.0,0.0,0.0,0.0,0.0,0.0,判定困難,0,取得不可,0,判定困難,0,
2026/09/30 00:04,2026-09-30T00:19:40+09:00,,2026-10,PUT,76000,0.0,0.0,0.0,0.0,0.0,0.0,0.0,0.0,0.0,0.0,0.0,0.0,0.0,0.0,0.0,0.0,0.0,0.0,判定困難,0,取得不可,0,判定困難,0,
2026/09/30 00:04,2026-09-30T00:19:40+09:00,,2026-10,CALL,75750,24.0,24.0,0.0,0.0,0.0,0.0,0.0,0.0,0.0,0.0,0.0,0.0,3.0,3.0,2.0,2.0,0.0,0.0,判定困難,2.5,Bid/Ask midpoint,0,判定困難,0,
2026/09/30 00:04,2026-09-30T00:19:40+09:00,,2026-10,PUT,75750,0.0,0.0,0.0,0.0,0.0,0.0,0.0,0.0,0.0,0.0,0.0,0.0,0.0,0.0,0.0,0.0,0.0,0.0,判定困難,0,取得不可,0,判定困難,0,
2026/09/30 00:04,2026-09-30T00:19:40+09:00,,2026-10,CALL,75500,71.0,71.0,0.0,0.0,0.0,0.0,0.0,0.0,0.0,0.0,0.0,0.0,3.0,3.0,2.0,2.0,0.0,0.0,判定困難,2.5,Bid/Ask midpoint,0,判定困難,0,
2026/09/30 00:04,2026-09-30T00:19:40+09:00,,2026-10,PUT,75500,0.0,0.0,0.0,0.0,0.0,0.0,0.0,0.0,0.0,0.0,0.0,0.0,0.0,0.0,0.0,0.0,0.0,0.0,判定困難,0,取得不可,0,判定困難,0,
2026/09/30 00:04,2026-09-30T00:19:40+09:00,,2026-10,CALL,75250,17.0,17.0,0.0,0.0,0.0,0.0,0.0,0.0,0.0,0.0,0.0,0.0,3.0,3.0,2.0,2.0,0.0,0.0,判定困難,2.5,Bid/Ask midpoint,0,判定困難,0,
2026/09/30 00:04,2026-09-30T00:19:40+09:00,,2026-10,PUT,75250,0.0,0.0,0.0,0.0,0.0,0.0,0.0,0.0,0.0,0.0,0.0,0.0,0.0,0.0,0.0,0.0,0.0,0.0,判定困難,0,取得不可,0,判定困難,0,
2026/09/30 00:04,2026-09-30T00:19:40+09:00,,2026-10,PUT,75000,0.0,0.0,0.0,0.0,0.0,0.0,0.0,0.0,0.0,0.0,0.0,0.0,0.0,0.0,0.0,0.0,0.0,0.0,判定困難,0,取得不可,0,判定困難,0,
2026/09/30 00:04,2026-09-30T00:19:40+09:00,,2026-10,PUT,74750,0.0,0.0,0.0,0.0,0.0,0.0,0.0,0.0,0.0,0.0,0.0,0.0,0.0,0.0,0.0,0.0,0.0,0.0,判定困難,0,取得不可,0,判定困難,0,
2026/09/30 00:04,2026-09-30T00:19:40+09:00,,2026-10,PUT,74500,0.0,0.0,0.0,0.0,0.0,0.0,0.0,0.0,0.0,0.0,0.0,0.0,0.0,0.0,0.0,0.0,0.0,0.0,判定困難,0,取得不可,0,判定困難,0,
2026/09/30 00:04,2026-09-30T00:19:40+09:00,,2026-10,CALL,74250,67.0,67.0,0.0,0.0,0.0,0.0,0.0,0.0,0.0,0.0,0.0,0.0,4.0,4.0,3.0,2.0,-24.0,50.0,判定困難,3.0,Bid/Ask midpoint,0,判定困難,0,
2026/09/30 00:04,2026-09-30T00:19:40+09:00,,2026-10,PUT,74250,0.0,0.0,0.0,0.0,0.0,0.0,0.0,0.0,0.0,0.0,0.0,0.0,0.0,0.0,0.0,0.0,0.0,0.0,判定困難,0,取得不可,0,判定困難,0,
2026/09/30 00:04,2026-09-30T00:19:40+09:00,,2026-10,PUT,74000,0.0,0.0,0.0,0.0,0.0,0.0,0.0,0.0,0.0,0.0,0.0,0.0,0.0,0.0,0.0,0.0,0.0,0.0,判定困難,0,取得不可,0,判定困難,0,
2026/09/30 00:04,2026-09-30T00:19:40+09:00,,2026-10,PUT,73750,0.0,0.0,0.0,0.0,0.0,0.0,0.0,0.0,0.0,0.0,0.0,0.0,0.0,0.0,0.0,0.0,0.0,0.0,判定困難,0,取得不可,0,判定困難,0,
2026/09/30 00:04,2026-09-30T00:19:40+09:00,,2026-10,PUT,73500,0.0,0.0,0.0,0.0,0.0,0.0,0.0,0.0,0.0,0.0,0.0,0.0,0.0,0.0,0.0,0.0,0.0,0.0,判定困難,0,取得不可,0,判定困難,0,
2026/09/30 00:04,2026-09-30T00:19:40+09:00,,2026-10,PUT,73250,0.0,0.0,0.0,0.0,0.0,0.0,0.0,0.0,0.0,0.0,0.0,0.0,0.0,0.0,0.0,0.0,0.0,0.0,判定困難,0,取得不可,0,判定困難,0,
2026/09/30 00:04,2026-09-30T00:19:40+09:00,,2026-10,PUT,73000,6.0,6.0,0.0,0.0,0.0,0.0,0.0,0.0,0.0,0.0,0.0,0.0,0.0,0.0,0.0,0.0,0.0,0.0,判定困難,0,取得不可,0,判定困難,0,
2026/09/30 00:04,2026-09-30T00:19:40+09:00,,2026-10,PUT,72750,0.0,0.0,0.0,0.0,0.0,0.0,0.0,0.0,0.0,0.0,0.0,0.0,0.0,0.0,3.0,3.0,0.0,0.0,判定困難,3.0,Bid,0,判定困難,0,
2026/09/30 00:04,2026-09-30T00:19:40+09:00,,2026-10,PUT,72500,1.0,1.0,0.0,0.0,0.0,0.0,0.0,0.0,0.0,0.0,0.0,0.0,0.0,0.0,3.0,3.0,0.0,0.0,判定困難,3.0,Bid,0,判定困難,0,
2026/09/30 00:04,2026-09-30T00:19:40+09:00,,2026-10,CALL,72250,101.0,101.0,0.0,0.0,0.0,0.0,0.0,0.0,0.0,0.0,0.0,0.0,13.0,19.0,9.0,4.0,3.0,3.0,判定困難,11.5,Bid/Ask midpoint,0,判定困難,0,
2026/09/30 00:04,2026-09-30T00:19:40+09:00,,2026-10,PUT,72250,0.0,0.0,0.0,0.0,0.0,0.0,0.0,0.0,0.0,0.0,0.0,0.0,0.0,0.0,3.0,3.0,0.0,0.0,判定困難,3.0,Bid,0,判定困難,0,
2026/09/30 00:04,2026-09-30T00:19:40+09:00,,2026-10,CALL,72125,1.0,1.0,0.0,0.0,0.0,0.0,0.0,0.0,0.0,0.0,0.0,0.0,17.0,21.0,6.0,9.0,9.0,9.0,判定困難,15.0,Bid/Ask midpoint,0,判定困難,0,
2026/09/30 00:04,2026-09-30T00:19:40+09:00,,2026-10,PUT,72125,0.0,0.0,0.0,0.0,0.0,0.0,0.0,0.0,0.0,0.0,0.0,0.0,0.0,0.0,0.0,0.0,0.0,0.0,判定困難,0,取得不可,0,判定困難,0,
2026/09/30 00:04,2026-09-30T00:19:40+09:00,,2026-10,PUT,72000,1.0,1.0,0.0,0.0,0.0,0.0,0.0,0.0,0.0,0.0,0.0,0.0,0.0,0.0,3.0,3.0,0.0,0.0,判定困難,3.0,Bid,0,判定困難,0,
2026/09/30 00:04,2026-09-30T00:19:40+09:00,,2026-10,PUT,71875,0.0,0.0,0.0,0.0,0.0,0.0,0.0,0.0,0.0,0.0,0.0,0.0,0.0,0.0,0.0,0.0,0.0,0.0,判定困難,0,取得不可,0,判定困難,0,
2026/09/30 00:04,2026-09-30T00:19:40+09:00,,2026-10,PUT,71750,0.0,0.0,0.0,0.0,0.0,0.0,0.0,0.0,0.0,0.0,0.0,0.0,0.0,5910.0,3.0,5280.0,4.0,-9.0,判定困難,5595.0,Bid/Ask midpoint,0,判定困難,0,
2026/09/30 00:04,2026-09-30T00:19:40+09:00,,2026-10,CALL,71625,5.0,5.0,0.0,0.0,0.0,0.0,0.0,0.0,0.0,0.0,0.0,0.0,22.0,31.0,13.0,17.0,9.0,6.0,判定困難,24.0,Bid/Ask midpoint,0,判定困難,0,
2026/09/30 00:04,2026-09-30T00:19:40+09:00,,2026-10,PUT,71625,0.0,0.0,0.0,0.0,0.0,0.0,0.0,0.0,0.0,0.0,0.0,0.0,0.0,5790.0,0.0,5190.0,4.0,1.0,判定困難,5490.0,Bid/Ask midpoint,0,判定困難,0,
2026/09/30 00:04,2026-09-30T00:19:40+09:00,,2026-10,PUT,71500,0.0,0.0,0.0,0.0,0.0,0.0,0.0,0.0,0.0,0.0,0.0,0.0,0.0,5665.0,3.0,5100.0,12.0,-4.0,判定困難,5382.5,Bid/Ask midpoint,0,判定困難,0,
2026/09/30 00:04,2026-09-30T00:19:40+09:00,,2026-10,CALL,71375,0.0,0.0,0.0,0.0,0.0,0.0,0.0,0.0,0.0,0.0,0.0,0.0,26.0,37.0,11.0,17.0,8.0,0.0,判定困難,27.0,Bid/Ask midpoint,0,判定困難,0,
2026/09/30 00:04,2026-09-30T00:19:40+09:00,,2026-10,PUT,71375,0.0,0.0,0.0,0.0,0.0,0.0,0.0,0.0,0.0,0.0,0.0,0.0,6040.0,5540.0,5540.0,4820.0,2.0,-1.0,判定困難,5180.0,Bid/Ask midpoint,0,判定困難,0,
2026/09/30 00:04,2026-09-30T00:19:40+09:00,,2026-10,CALL,71250,141.0,141.0,0.0,0.0,0.0,0.0,0.0,0.0,0.0,0.0,0.0,0.0,28.0,40.0,17.0,16.0,0.0,0.0,判定困難,28.0,Bid/Ask midpoint,0,判定困難,0,
2026/09/30 00:04,2026-09-30T00:19:40+09:00,,2026-10,PUT,71250,0.0,0.0,0.0,0.0,0.0,0.0,0.0,0.0,0.0,0.0,0.0,0.0,5920.0,5420.0,5420.0,4815.0,4.0,1.0,判定困難,5117.5,Bid/Ask midpoint,0,判定困難,0,
2026/09/30 00:04,2026-09-30T00:19:40+09:00,,2026-10,CALL,71125,3.0,3.0,0.0,0.0,0.0,0.0,0.0,0.0,0.0,0.0,0.0,0.0,31.0,44.0,18.0,18.0,-1.0,-12.0,判定困難,31.0,Bid/Ask midpoint,0,判定困難,0,
2026/09/30 00:04,2026-09-30T00:19:40+09:00,,2026-10,PUT,71125,0.0,0.0,0.0,0.0,0.0,0.0,0.0,0.0,0.0,0.0,0.0,0.0,5795.0,5295.0,5300.0,4830.0,1.0,0.0,判定困難,5062.5,Bid/Ask midpoint,0,判定困難,0,
2026/09/30 00:04,2026-09-30T00:19:40+09:00,,2026-10,PUT,71000,0.0,0.0,0.0,0.0,0.0,0.0,0.0,0.0,0.0,0.0,0.0,0.0,5535.0,5175.0,5195.0,4605.0,0.0,-9.0,判定困難,4890.0,Bid/Ask midpoint,0,判定困難,0,
2026/09/30 00:04,2026-09-30T00:19:40+09:00,,2026-10,PUT,70875,0.0,0.0,0.0,0.0,0.0,0.0,0.0,0.0,0.0,0.0,0.0,0.0,5545.0,5055.0,5055.0,4570.0,3.0,-3.0,判定困難,4812.5,Bid/Ask midpoint,0,判定困難,0,
2026/09/30 00:04,2026-09-30T00:19:40+09:00,,2026-10,CALL,70750,60.0,60.0,0.0,0.0,0.0,0.0,0.0,0.0,0.0,0.0,0.0,0.0,40.0,48.0,24.0,34.0,10.0,13.0,判定困難,41.0,Bid/Ask midpoint,0,判定困難,0,
2026/09/30 00:04,2026-09-30T00:19:40+09:00,,2026-10,PUT,70750,0.0,0.0,0.0,0.0,0.0,0.0,0.0,0.0,0.0,0.0,0.0,0.0,5425.0,4935.0,4935.0,4250.0,2.0,-3.0,判定困難,4592.5,Bid/Ask midpoint,0,判定困難,0,
2026/09/30 00:04,2026-09-30T00:19:40+09:00,,2026-10,CALL,70625,23.0,23.0,0.0,0.0,0.0,0.0,0.0,0.0,0.0,0.0,0.0,0.0,44.0,48.0,21.0,40.0,-2.0,10.0,判定困難,44.0,Bid/Ask midpoint,0,判定困難,0,
2026/09/30 00:04,2026-09-30T00:19:40+09:00,,2026-10,PUT,70625,0.0,0.0,0.0,0.0,0.0,0.0,0.0,0.0,0.0,0.0,0.0,0.0,5305.0,4815.0,4815.0,4235.0,3.0,-1.0,判定困難,4525.0,Bid/Ask midpoint,0,判定困難,0,
2026/09/30 00:04,2026-09-30T00:19:40+09:00,,2026-10,PUT,70500,0.0,0.0,0.0,0.0,0.0,0.0,0.0,0.0,0.0,0.0,0.0,0.0,5180.0,4690.0,4705.0,4060.0,6.0,0.0,判定困難,4375.0,Bid/Ask midpoint,0,判定困難,0,
2026/09/30 00:04,2026-09-30T00:19:40+09:00,,2026-10,CALL,70375,128.0,128.0,0.0,0.0,0.0,0.0,0.0,0.0,0.0,0.0,0.0,0.0,44.0,59.0,38.0,52.0,3.0,-1.0,判定困難,55.5,Bid/Ask midpoint,0,判定困難,0,
2026/09/30 00:04,2026-09-30T00:19:40+09:00,,2026-10,PUT,70375,0.0,0.0,0.0,0.0,0.0,0.0,0.0,0.0,0.0,0.0,0.0,0.0,5060.0,4570.0,4570.0,3985.0,2.0,-1.0,判定困難,4277.5,Bid/Ask midpoint,0,判定困難,0,
2026/09/30 00:04,2026-09-30T00:19:40+09:00,,2026-10,PUT,70250,0.0,0.0,0.0,0.0,0.0,0.0,0.0,0.0,0.0,0.0,0.0,0.0,4940.0,4450.0,4450.0,3980.0,3.0,-1.0,判定困難,4215.0,Bid/Ask midpoint,0,判定困難,0,
2026/09/30 00:04,2026-09-30T00:19:40+09:00,,2026-10,CALL,70125,8.0,8.0,0.0,0.0,0.0,0.0,0.0,0.0,0.0,0.0,0.0,0.0,53.0,73.0,45.0,63.0,0.0,-7.0,判定困難,68.0,Bid/Ask midpoint,0,判定困難,0,
2026/09/30 00:04,2026-09-30T00:19:40+09:00,,2026-10,PUT,70125,0.0,0.0,0.0,0.0,0.0,0.0,0.0,0.0,0.0,0.0,0.0,0.0,4815.0,4325.0,4325.0,3835.0,3.0,-1.0,判定困難,4080.0,Bid/Ask midpoint,0,判定困難,0,
2026/09/30 00:04,2026-09-30T00:19:40+09:00,,2026-10,PUT,70000,105.0,105.0,0.0,0.0,0.0,0.0,0.0,0.0,0.0,0.0,0.0,0.0,4570.0,4565.0,4125.0,3725.0,-12.0,0.0,判定困難,4145.0,Bid/Ask midpoint,0,判定困難,0,
2026/09/30 00:04,2026-09-30T00:19:40+09:00,,2026-10,PUT,69875,0.0,0.0,0.0,0.0,0.0,0.0,0.0,0.0,0.0,0.0,0.0,0.0,4585.0,4095.0,4095.0,3565.0,3.0,-1.0,判定困難,3830.0,Bid/Ask midpoint,0,判定困難,0,
2026/09/30 00:04,2026-09-30T00:19:40+09:00,,2026-10,PUT,69750,0.0,0.0,0.0,0.0,0.0,0.0,0.0,0.0,0.0,0.0,0.0,0.0,4460.0,3970.0,3970.0,3425.0,3.0,-3.0,判定困難,3697.5,Bid/Ask midpoint,0,判定困難,0,
2026/09/30 00:04,2026-09-30T00:19:40+09:00,,2026-10,PUT,69625,0.0,0.0,0.0,0.0,0.0,0.0,0.0,0.0,0.0,0.0,0.0,0.0,4350.0,3860.0,3860.0,3370.0,3.0,-1.0,判定困難,3615.0,Bid/Ask midpoint,0,判定困難,0,
2026/09/30 00:04,2026-09-30T00:19:40+09:00,,2026-10,PUT,69500,0.0,0.0,0.0,0.0,0.0,0.0,0.0,0.0,0.0,0.0,0.0,0.0,4230.0,3740.0,3755.0,3270.0,6.0,0.0,判定困難,3505.0,Bid/Ask midpoint,0,判定困難,0,
2026/09/30 00:04,2026-09-30T00:19:40+09:00,,2026-10,CALL,69375,2.0,2.0,0.0,0.0,0.0,0.0,0.0,0.0,0.0,0.0,0.0,0.0,94.0,128.0,86.0,117.0,0.0,-2.0,判定困難,122.5,Bid/Ask midpoint,0,判定困難,0,
2026/09/30 00:04,2026-09-30T00:19:40+09:00,,2026-10,PUT,69375,0.0,0.0,0.0,0.0,0.0,0.0,0.0,0.0,0.0,0.0,0.0,0.0,4110.0,3620.0,3620.0,3170.0,3.0,-1.0,判定困難,3395.0,Bid/Ask midpoint,0,判定困難,0,
2026/09/30 00:04,2026-09-30T00:19:40+09:00,,2026-10,PUT,69250,0.0,0.0,0.0,0.0,0.0,0.0,0.0,0.0,0.0,0.0,0.0,0.0,4000.0,3510.0,3510.0,2955.0,3.0,-3.0,判定困難,3232.5,Bid/Ask midpoint,0,判定困難,0,
2026/09/30 00:04,2026-09-30T00:19:40+09:00,,2026-10,CALL,69125,2.0,2.0,0.0,0.0,0.0,0.0,0.0,0.0,0.0,0.0,0.0,0.0,113.0,153.0,104.0,141.0,-3.0,-9.0,判定困難,147.0,Bid/Ask midpoint,0,判定困難,0,
2026/09/30 00:04,2026-09-30T00:19:40+09:00,,2026-10,PUT,69125,0.0,0.0,0.0,0.0,0.0,0.0,0.0,0.0,0.0,0.0,0.0,0.0,3880.0,3390.0,3390.0,2895.0,3.0,-3.0,判定困難,3142.5,Bid/Ask midpoint,0,判定困難,0,
2026/09/30 00:04,2026-09-30T00:19:40+09:00,,2026-10,PUT,69000,200.0,200.0,0.0,0.0,0.0,0.0,0.0,0.0,0.0,0.0,0.0,0.0,3760.0,3280.0,3305.0,2855.0,0.0,-12.0,判定困難,3067.5,Bid/Ask midpoint,0,判定困難,0,
2026/09/30 00:04,2026-09-30T00:19:40+09:00,,2026-10,CALL,68875,161.0,161.0,0.0,0.0,0.0,0.0,0.0,0.0,0.0,0.0,0.0,0.0,138.0,225.0,125.0,160.0,-3.0,6.0,判定困難,192.5,Bid/Ask midpoint,0,判定困難,0,
2026/09/30 00:04,2026-09-30T00:19:40+09:00,,2026-10,PUT,68875,0.0,0.0,0.0,0.0,0.0,0.0,0.0,0.0,0.0,0.0,0.0,0.0,3655.0,3165.0,3165.0,2730.0,3.0,-1.0,判定困難,2947.5,Bid/Ask midpoint,0,判定困難,0,
2026/09/30 00:04,2026-09-30T00:19:40+09:00,,2026-10,PUT,68750,0.0,0.0,0.0,0.0,0.0,0.0,0.0,0.0,0.0,0.0,0.0,0.0,3545.0,3055.0,3055.0,2585.0,3.0,-1.0,判定困難,2820.0,Bid/Ask midpoint,0,判定困難,0,
2026/09/30 00:04,2026-09-30T00:19:40+09:00,,2026-10,CALL,68625,1.0,1.0,0.0,0.0,0.0,0.0,0.0,0.0,0.0,0.0,0.0,0.0,163.0,219.0,151.0,202.0,1.0,4.0,判定困難,210.5,Bid/Ask midpoint,0,判定困難,0,
2026/09/30 00:04,2026-09-30T00:19:40+09:00,,2026-10,PUT,68625,0.0,0.0,0.0,0.0,0.0,0.0,0.0,0.0,0.0,0.0,0.0,0.0,3435.0,2945.0,2945.0,2490.0,3.0,-3.0,判定困難,2717.5,Bid/Ask midpoint,0,判定困難,0,
2026/09/30 00:04,2026-09-30T00:19:40+09:00,,2026-10,PUT,68500,3.0,3.0,0.0,0.0,0.0,0.0,0.0,0.0,0.0,0.0,0.0,0.0,3325.0,2835.0,2850.0,2370.0,6.0,4.0,判定困難,2602.5,Bid/Ask midpoint,0,判定困難,0,
2026/09/30 00:04,2026-09-30T00:19:40+09:00,,2026-10,PUT,68375,0.0,0.0,0.0,0.0,0.0,0.0,0.0,0.0,0.0,0.0,0.0,0.0,3220.0,2730.0,2730.0,2290.0,3.0,-1.0,判定困難,2510.0,Bid/Ask midpoint,0,判定困難,0,
2026/09/30 00:04,2026-09-30T00:19:40+09:00,,2026-10,CALL,68250,117.0,117.0,0.0,0.0,0.0,0.0,0.0,0.0,0.0,0.0,0.0,0.0,257.0,360.0,197.0,200.0,7.0,-5.0,判定困難,280.0,Bid/Ask midpoint,0,判定困難,0,
2026/09/30 00:04,2026-09-30T00:19:40+09:00,,2026-10,PUT,68250,0.0,0.0,0.0,0.0,0.0,0.0,0.0,0.0,0.0,0.0,0.0,0.0,3110.0,2620.0,2620.0,2235.0,3.0,-3.0,判定困難,2427.5,Bid/Ask midpoint,0,判定困難,0,
2026/09/30 00:04,2026-09-30T00:19:40+09:00,,2026-10,CALL,68125,82.0,82.0,0.0,0.0,0.0,0.0,0.0,0.0,0.0,0.0,0.0,0.0,232.0,340.0,216.0,283.0,6.0,-8.0,判定困難,311.5,Bid/Ask midpoint,0,判定困難,0,
2026/09/30 00:04,2026-09-30T00:19:40+09:00,,2026-10,PUT,68125,0.0,0.0,0.0,0.0,0.0,0.0,0.0,0.0,0.0,0.0,0.0,0.0,3010.0,2520.0,2520.0,2150.0,3.0,-3.0,判定困難,2335.0,Bid/Ask midpoint,0,判定困難,0,
2026/09/30 00:04,2026-09-30T00:19:40+09:00,,2026-10,CALL,67875,21.0,21.0,0.0,0.0,0.0,0.0,0.0,0.0,0.0,0.0,0.0,0.0,277.0,370.0,260.0,340.0,2.0,-7.0,判定困難,355.0,Bid/Ask midpoint,0,判定困難,0,
2026/09/30 00:04,2026-09-30T00:19:40+09:00,,2026-10,PUT,67875,0.0,0.0,0.0,0.0,0.0,0.0,0.0,0.0,0.0,0.0,0.0,0.0,2800.0,2310.0,2310.0,1890.0,3.0,-1.0,判定困難,2100.0,Bid/Ask midpoint,0,判定困難,0,
2026/09/30 00:04,2026-09-30T00:19:40+09:00,,2026-10,CALL,67750,1080.0,1080.0,0.0,0.0,0.0,0.0,0.0,0.0,0.0,0.0,0.0,0.0,360.0,390.0,279.0,370.0,-3.0,3.0,判定困難,380.0,Bid/Ask midpoint,0,判定困難,0,
2026/09/30 00:04,2026-09-30T00:19:40+09:00,,2026-10,PUT,67750,9.0,9.0,0.0,0.0,0.0,0.0,0.0,0.0,0.0,0.0,0.0,0.0,2700.0,2210.0,2210.0,1855.0,3.0,-1.0,判定困難,2032.5,Bid/Ask midpoint,0,判定困難,0,
2026/09/30 00:04,2026-09-30T00:19:40+09:00,,2026-10,CALL,67625,94.0,94.0,0.0,0.0,0.0,0.0,0.0,0.0,0.0,0.0,0.0,0.0,330.0,435.0,310.0,400.0,7.0,0.0,判定困難,417.5,Bid/Ask midpoint,0,判定困難,0,
2026/09/30 00:04,2026-09-30T00:19:40+09:00,,2026-10,PUT,67625,6.0,6.0,0.0,0.0,0.0,0.0,0.0,0.0,0.0,0.0,0.0,0.0,2600.0,2110.0,2110.0,1760.0,3.0,-3.0,判定困難,1935.0,Bid/Ask midpoint,0,判定困難,0,
2026/09/30 00:04,2026-09-30T00:19:40+09:00,,2026-10,PUT,67500,36.0,36.0,0.0,0.0,0.0,0.0,0.0,0.0,0.0,0.0,0.0,0.0,2355.0,1940.0,2025.0,1800.0,-8.0,-8.0,判定困難,1870.0,Bid/Ask midpoint,0,判定困難,0,
2026/09/30 00:04,2026-09-30T00:19:40+09:00,,2026-10,CALL,67375,88.0,88.0,0.0,0.0,0.0,0.0,0.0,0.0,0.0,0.0,0.0,0.0,385.0,505.0,370.0,455.0,-1.0,-1.0,判定困難,480.0,Bid/Ask midpoint,0,判定困難,0,
2026/09/30 00:04,2026-09-30T00:19:40+09:00,,2026-10,PUT,67375,0.0,0.0,0.0,0.0,0.0,0.0,0.0,0.0,0.0,0.0,0.0,0.0,2410.0,1920.0,1920.0,1445.0,3.0,0.0,判定困難,1682.5,Bid/Ask midpoint,0,判定困難,0,
2026/09/30 00:04,2026-09-30T00:19:40+09:00,,2026-10,PUT,67250,0.0,0.0,0.0,0.0,0.0,0.0,0.0,0.0,0.0,0.0,0.0,0.0,2320.0,1830.0,1830.0,1490.0,3.0,-1.0,判定困難,1660.0,Bid/Ask midpoint,0,判定困難,0,
2026/09/30 00:04,2026-09-30T00:19:40+09:00,,2026-10,CALL,67125,63.0,63.0,0.0,0.0,0.0,0.0,0.0,0.0,0.0,0.0,0.0,0.0,455.0,605.0,425.0,560.0,-1.0,0.0,判定困難,582.5,Bid/Ask midpoint,0,判定困難,0,
2026/09/30 00:04,2026-09-30T00:19:40+09:00,,2026-10,PUT,67125,0.0,0.0,0.0,0.0,0.0,0.0,0.0,0.0,0.0,0.0,0.0,0.0,2175.0,1690.0,1785.0,1550.0,6.0,3.0,判定困難,1620.0,Bid/Ask midpoint,0,判定困難,0,
2026/09/30 00:04,2026-09-30T00:19:40+09:00,,2026-10,CALL,66875,39.0,39.0,0.0,0.0,0.0,0.0,0.0,0.0,0.0,0.0,0.0,0.0,540.0,685.0,485.0,640.0,0.0,-6.0,判定困難,662.5,Bid/Ask midpoint,0,判定困難,0,
2026/09/30 00:04,2026-09-30T00:19:40+09:00,,2026-10,PUT,66875,1.0,1.0,0.0,0.0,0.0,0.0,0.0,0.0,0.0,0.0,0.0,0.0,1800.0,1525.0,1665.0,1390.0,-4.0,-4.0,判定困難,1457.5,Bid/Ask midpoint,0,判定困難,0,
2026/09/30 00:04,2026-09-30T00:19:40+09:00,,2026-10,PUT,66750,10.0,10.0,0.0,0.0,0.0,0.0,0.0,0.0,0.0,0.0,0.0,0.0,1705.0,1415.0,1575.0,1360.0,-11.0,-11.0,判定困難,1387.5,Bid/Ask midpoint,0,判定困難,0,
2026/09/30 00:04,2026-09-30T00:19:40+09:00,,2026-10,CALL,66625,66.0,66.0,0.0,0.0,0.0,0.0,0.0,0.0,0.0,0.0,0.0,0.0,640.0,800.0,590.0,745.0,1.0,6.0,判定困難,772.5,Bid/Ask midpoint,0,判定困難,0,
2026/09/30 00:04,2026-09-30T00:19:40+09:00,,2026-10,PUT,66625,0.0,0.0,0.0,0.0,0.0,0.0,0.0,0.0,0.0,0.0,0.0,0.0,1635.0,1350.0,1490.0,1255.0,-11.0,4.0,判定困難,1302.5,Bid/Ask midpoint,0,判定困難,0,
2026/09/30 00:04,2026-09-30T00:19:40+09:00,,2026-10,CALL,66375,97.0,97.0,0.0,0.0,0.0,0.0,0.0,0.0,0.0,0.0,0.0,0.0,735.0,940.0,660.0,805.0,6.0,-8.0,判定困難,872.5,Bid/Ask midpoint,0,判定困難,0,
2026/09/30 00:04,2026-09-30T00:19:40+09:00,,2026-10,PUT,66375,2.0,2.0,0.0,0.0,0.0,0.0,0.0,0.0,0.0,0.0,0.0,0.0,1435.0,1215.0,1370.0,1135.0,13.0,-2.0,判定困難,1175.0,Bid/Ask midpoint,0,判定困難,0,
2026/09/30 00:04,2026-09-30T00:19:40+09:00,,2026-10,PUT,66250,54.0,54.0,0.0,0.0,0.0,0.0,0.0,0.0,0.0,0.0,0.0,0.0,1365.0,1135.0,1315.0,1075.0,-1.0,0.0,判定困難,1105.0,Bid/Ask midpoint,0,判定困難,0,
2026/09/30 00:04,2026-09-30T00:19:40+09:00,,2026-10,CALL,66125,35.0,35.0,0.0,0.0,0.0,0.0,0.0,0.0,0.0,0.0,0.0,0.0,870.0,1080.0,745.0,950.0,-5.0,0.0,判定困難,1015.0,Bid/Ask midpoint,0,判定困難,0,
2026/09/30 00:04,2026-09-30T00:19:40+09:00,,2026-10,PUT,66125,18.0,18.0,0.0,0.0,0.0,0.0,0.0,0.0,0.0,0.0,0.0,0.0,1305.0,1090.0,1235.0,995.0,-5.0,14.0,判定困難,1042.5,Bid/Ask midpoint,0,判定困難,0,
2026/09/30 00:04,2026-09-30T00:19:40+09:00,,2026-10,CALL,65875,44.0,44.0,0.0,0.0,0.0,0.0,0.0,0.0,0.0,0.0,0.0,0.0,970.0,1350.0,860.0,980.0,3.0,-7.0,判定困難,1165.0,Bid/Ask midpoint,0,判定困難,0,
2026/09/30 00:04,2026-09-30T00:19:40+09:00,,2026-10,PUT,65875,20.0,20.0,0.0,0.0,0.0,0.0,0.0,0.0,0.0,0.0,0.0,0.0,1150.0,960.0,1115.0,885.0,-1.0,14.0,判定困難,922.5,Bid/Ask midpoint,0,判定困難,0,
2026/09/30 00:04,2026-09-30T00:19:40+09:00,,2026-10,CALL,65750,138.0,138.0,0.0,0.0,0.0,0.0,0.0,0.0,0.0,0.0,0.0,0.0,1040.0,1460.0,925.0,1100.0,-10.0,-9.0,判定困難,1280.0,Bid/Ask midpoint,0,判定困難,0,
2026/09/30 00:04,2026-09-30T00:19:40+09:00,,2026-10,PUT,65750,157.0,157.0,0.0,0.0,0.0,0.0,0.0,0.0,0.0,0.0,0.0,0.0,1085.0,890.0,1045.0,855.0,1.0,2.0,判定困難,872.5,Bid/Ask midpoint,0,判定困難,0,
2026/09/30 00:04,2026-09-30T00:19:40+09:00,,2026-10,CALL,65625,32.0,32.0,0.0,0.0,0.0,0.0,0.0,0.0,0.0,0.0,0.0,0.0,1205.0,1490.0,955.0,1225.0,-4.0,-1.0,判定困難,1357.5,Bid/Ask midpoint,0,判定困難,0,
2026/09/30 00:04,2026-09-30T00:19:40+09:00,,2026-10,PUT,65625,7.0,7.0,0.0,0.0,0.0,0.0,0.0,0.0,0.0,0.0,0.0,0.0,1035.0,850.0,970.0,785.0,0.0,0.0,判定困難,817.5,Bid/Ask midpoint,0,判定困難,0,
2026/09/30 00:04,2026-09-30T00:19:40+09:00,,2026-10,CALL,65375,8.0,8.0,0.0,0.0,0.0,0.0,0.0,0.0,0.0,0.0,0.0,0.0,1335.0,1720.0,1035.0,1035.0,1.0,0.0,判定困難,1377.5,Bid/Ask midpoint,0,判定困難,0,
2026/09/30 00:04,2026-09-30T00:19:40+09:00,,2026-10,CALL,65250,54.0,54.0,0.0,0.0,0.0,0.0,0.0,0.0,0.0,0.0,0.0,0.0,1440.0,1775.0,1045.0,1045.0,2.0,0.0,判定困難,1410.0,Bid/Ask midpoint,0,判定困難,0,
2026/09/30 00:04,2026-09-30T00:19:40+09:00,,2026-10,PUT,65250,152.0,152.0,0.0,0.0,0.0,0.0,0.0,0.0,0.0,0.0,0.0,0.0,855.0,695.0,820.0,670.0,-6.0,-6.0,判定困難,682.5,Bid/Ask midpoint,0,判定困難,0,
2026/09/30 00:04,2026-09-30T00:19:40+09:00,,2026-10,CALL,65125,5.0,5.0,0.0,0.0,0.0,0.0,0.0,0.0,0.0,0.0,0.0,0.0,1415.0,1870.0,1105.0,1415.0,-1.0,3.0,判定困難,1642.5,Bid/Ask midpoint,0,判定困難,0,
2026/09/30 00:04,2026-09-30T00:19:40+09:00,,2026-10,PUT,65125,4.0,4.0,0.0,0.0,0.0,0.0,0.0,0.0,0.0,0.0,0.0,0.0,800.0,655.0,775.0,610.0,0.0,0.0,判定困難,632.5,Bid/Ask midpoint,0,判定困難,0,
2026/09/30 00:04,2026-09-30T00:19:40+09:00,,2026-10,CALL,64875,7.0,7.0,0.0,0.0,0.0,0.0,0.0,0.0,0.0,0.0,0.0,0.0,1675.0,2060.0,1300.0,1695.0,0.0,3.0,判定困難,1877.5,Bid/Ask midpoint,0,判定困難,0,
2026/09/30 00:04,2026-09-30T00:19:40+09:00,,2026-10,PUT,64875,9.0,9.0,0.0,0.0,0.0,0.0,0.0,0.0,0.0,0.0,0.0,0.0,715.0,580.0,675.0,540.0,0.0,0.0,判定困難,560.0,Bid/Ask midpoint,0,判定困難,0,
2026/09/30 00:04,2026-09-30T00:19:40+09:00,,2026-10,CALL,64750,755.0,755.0,0.0,0.0,0.0,0.0,0.0,0.0,0.0,0.0,0.0,0.0,1775.0,2090.0,1395.0,1785.0,0.0,3.0,判定困難,1937.5,Bid/Ask midpoint,0,判定困難,0,
2026/09/30 00:04,2026-09-30T00:19:40+09:00,,2026-10,CALL,64625,687.0,687.0,0.0,0.0,0.0,0.0,0.0,0.0,0.0,0.0,0.0,0.0,1870.0,2365.0,1480.0,1870.0,-1.0,3.0,判定困難,2117.5,Bid/Ask midpoint,0,判定困難,0,
2026/09/30 00:04,2026-09-30T00:19:40+09:00,,2026-10,PUT,64625,3.0,3.0,0.0,0.0,0.0,0.0,0.0,0.0,0.0,0.0,0.0,0.0,620.0,500.0,600.0,475.0,-1.0,-1.0,判定困難,487.5,Bid/Ask midpoint,0,判定困難,0,
2026/09/30 00:04,2026-09-30T00:19:40+09:00,,2026-10,CALL,64500,212.0,212.0,0.0,0.0,0.0,0.0,0.0,0.0,0.0,0.0,0.0,0.0,1940.0,2385.0,1565.0,1955.0,4.0,6.0,判定困難,2170.0,Bid/Ask midpoint,0,判定困難,0,
2026/09/30 00:04,2026-09-30T00:19:40+09:00,,2026-10,CALL,64375,61.0,61.0,0.0,0.0,0.0,0.0,0.0,0.0,0.0,0.0,0.0,0.0,2040.0,2460.0,1650.0,2040.0,-3.0,3.0,判定困難,2250.0,Bid/Ask midpoint,0,判定困難,0,
2026/09/30 00:04,2026-09-30T00:19:40+09:00,,2026-10,PUT,64375,1.0,1.0,0.0,0.0,0.0,0.0,0.0,0.0,0.0,0.0,0.0,0.0,550.0,435.0,525.0,420.0,-1.0,-1.0,判定困難,427.5,Bid/Ask midpoint,0,判定困難,0,
2026/09/30 00:04,2026-09-30T00:19:40+09:00,,2026-10,CALL,64250,6.0,6.0,0.0,0.0,0.0,0.0,0.0,0.0,0.0,0.0,0.0,0.0,2130.0,2575.0,1740.0,2130.0,-1.0,3.0,判定困難,2352.5,Bid/Ask midpoint,0,判定困難,0,
2026/09/30 00:04,2026-09-30T00:19:40+09:00,,2026-10,PUT,64250,335.0,335.0,0.0,0.0,0.0,0.0,0.0,0.0,0.0,0.0,0.0,0.0,510.0,410.0,495.0,395.0,0.0,0.0,判定困難,402.5,Bid/Ask midpoint,0,判定困難,0,
2026/09/30 00:04,2026-09-30T00:19:40+09:00,,2026-10,CALL,64125,1.0,1.0,0.0,0.0,0.0,0.0,0.0,0.0,0.0,0.0,0.0,0.0,2275.0,2620.0,1785.0,2275.0,-1.0,3.0,判定困難,2447.5,Bid/Ask midpoint,0,判定困難,0,
2026/09/30 00:04,2026-09-30T00:19:40+09:00,,2026-10,PUT,64125,1061.0,1061.0,0.0,0.0,0.0,0.0,0.0,0.0,0.0,0.0,0.0,0.0,480.0,380.0,460.0,365.0,0.0,0.0,判定困難,372.5,Bid/Ask midpoint,0,判定困難,0,
2026/09/30 00:04,2026-09-30T00:19:40+09:00,,2026-10,CALL,63875,50.0,50.0,0.0,0.0,0.0,0.0,0.0,0.0,0.0,0.0,0.0,0.0,2460.0,2780.0,1970.0,2460.0,-1.0,3.0,判定困難,2620.0,Bid/Ask midpoint,0,判定困難,0,
2026/09/30 00:04,2026-09-30T00:19:40+09:00,,2026-10,PUT,63875,546.0,546.0,0.0,0.0,0.0,0.0,0.0,0.0,0.0,0.0,0.0,0.0,420.0,335.0,405.0,320.0,0.0,0.0,判定困難,327.5,Bid/Ask midpoint,0,判定困難,0,
2026/09/30 00:04,2026-09-30T00:19:40+09:00,,2026-10,CALL,63750,4.0,4.0,0.0,0.0,0.0,0.0,0.0,0.0,0.0,0.0,0.0,0.0,2555.0,2865.0,2065.0,2555.0,-3.0,3.0,判定困難,2710.0,Bid/Ask midpoint,0,判定困難,0,
2026/09/30 00:04,2026-09-30T00:19:40+09:00,,2026-10,PUT,63750,136.0,136.0,0.0,0.0,0.0,0.0,0.0,0.0,0.0,0.0,0.0,0.0,390.0,310.0,380.0,299.0,0.0,0.0,判定困難,304.5,Bid/Ask midpoint,0,判定困難,0,
2026/09/30 00:04,2026-09-30T00:19:40+09:00,,2026-10,CALL,63625,1.0,1.0,0.0,0.0,0.0,0.0,0.0,0.0,0.0,0.0,0.0,0.0,2705.0,2965.0,1990.0,2340.0,0.0,0.0,判定困難,2652.5,Bid/Ask midpoint,0,判定困難,0,
2026/09/30 00:04,2026-09-30T00:19:40+09:00,,2026-10,PUT,63625,0.0,0.0,0.0,0.0,0.0,0.0,0.0,0.0,0.0,0.0,0.0,0.0,365.0,292.0,350.0,229.0,-1.0,0.0,判定困難,260.5,Bid/Ask midpoint,0,判定困難,0,
2026/09/30 00:04,2026-09-30T00:19:40+09:00,,2026-10,CALL,63500,11.0,11.0,0.0,0.0,0.0,0.0,0.0,0.0,0.0,0.0,0.0,0.0,2735.0,3260.0,2260.0,2750.0,0.0,6.0,判定困難,3005.0,Bid/Ask midpoint,0,判定困難,0,
2026/09/30 00:04,2026-09-30T00:19:40+09:00,,2026-10,CALL,63375,0.0,0.0,0.0,0.0,0.0,0.0,0.0,0.0,0.0,0.0,0.0,0.0,2845.0,3465.0,2355.0,2845.0,-3.0,3.0,判定困難,3155.0,Bid/Ask midpoint,0,判定困難,0,
2026/09/30 00:04,2026-09-30T00:19:40+09:00,,2026-10,PUT,63375,304.0,304.0,0.0,0.0,0.0,0.0,0.0,0.0,0.0,0.0,0.0,0.0,320.0,254.0,305.0,237.0,-3.0,-1.0,判定困難,245.5,Bid/Ask midpoint,0,判定困難,0,
2026/09/30 00:04,2026-09-30T00:19:40+09:00,,2026-10,CALL,63250,6.0,6.0,0.0,0.0,0.0,0.0,0.0,0.0,0.0,0.0,0.0,0.0,2950.0,3360.0,2460.0,2950.0,-3.0,3.0,判定困難,3155.0,Bid/Ask midpoint,0,判定困難,0,
2026/09/30 00:04,2026-09-30T00:19:40+09:00,,2026-10,CALL,63125,0.0,0.0,0.0,0.0,0.0,0.0,0.0,0.0,0.0,0.0,0.0,0.0,3055.0,3575.0,2565.0,3055.0,-3.0,3.0,判定困難,3315.0,Bid/Ask midpoint,0,判定困難,0,
2026/09/30 00:04,2026-09-30T00:19:40+09:00,,2026-10,PUT,63125,2.0,2.0,0.0,0.0,0.0,0.0,0.0,0.0,0.0,0.0,0.0,0.0,282.0,222.0,264.0,207.0,-4.0,4.0,判定困難,214.5,Bid/Ask midpoint,0,判定困難,0,
2026/09/30 00:04,2026-09-30T00:19:40+09:00,,2026-10,CALL,63000,158.0,158.0,0.0,0.0,0.0,0.0,0.0,0.0,0.0,0.0,0.0,0.0,3430.0,3530.0,2530.0,2880.0,0.0,0.0,判定困難,3205.0,Bid/Ask midpoint,0,判定困難,0,
2026/09/30 00:04,2026-09-30T00:19:40+09:00,,2026-10,CALL,62875,0.0,0.0,0.0,0.0,0.0,0.0,0.0,0.0,0.0,0.0,0.0,0.0,3265.0,3690.0,2775.0,3265.0,-1.0,3.0,判定困難,3477.5,Bid/Ask midpoint,0,判定困難,0,
2026/09/30 00:04,2026-09-30T00:19:40+09:00,,2026-10,PUT,62875,90.0,90.0,0.0,0.0,0.0,0.0,0.0,0.0,0.0,0.0,0.0,0.0,244.0,195.0,232.0,180.0,2.0,3.0,判定困難,187.5,Bid/Ask midpoint,0,判定困難,0,
2026/09/30 00:04,2026-09-30T00:19:40+09:00,,2026-10,CALL,62750,0.0,0.0,0.0,0.0,0.0,0.0,0.0,0.0,0.0,0.0,0.0,0.0,3370.0,3890.0,2880.0,3370.0,-1.0,3.0,判定困難,3630.0,Bid/Ask midpoint,0,判定困難,0,
2026/09/30 00:04,2026-09-30T00:19:40+09:00,,2026-10,PUT,62750,413.0,413.0,0.0,0.0,0.0,0.0,0.0,0.0,0.0,0.0,0.0,0.0,230.0,305.0,215.0,168.0,10.0,0.0,判定困難,236.5,Bid/Ask midpoint,0,判定困難,0,
2026/09/30 00:04,2026-09-30T00:19:40+09:00,,2026-10,CALL,62625,0.0,0.0,0.0,0.0,0.0,0.0,0.0,0.0,0.0,0.0,0.0,0.0,3480.0,4110.0,2990.0,3480.0,-3.0,3.0,判定困難,3795.0,Bid/Ask midpoint,0,判定困難,0,
2026/09/30 00:04,2026-09-30T00:19:40+09:00,,2026-10,PUT,62625,719.0,719.0,0.0,0.0,0.0,0.0,0.0,0.0,0.0,0.0,0.0,0.0,214.0,255.0,160.0,125.0,9.0,4.0,判定困難,190.0,Bid/Ask midpoint,0,判定困難,0,
2026/09/30 00:04,2026-09-30T00:19:40+09:00,,2026-10,CALL,62500,0.0,0.0,0.0,0.0,0.0,0.0,0.0,0.0,0.0,0.0,0.0,0.0,3575.0,4145.0,3100.0,3590.0,0.0,6.0,判定困難,3867.5,Bid/Ask midpoint,0,判定困難,0,
2026/09/30 00:04,2026-09-30T00:19:40+09:00,,2026-10,CALL,62375,0.0,0.0,0.0,0.0,0.0,0.0,0.0,0.0,0.0,0.0,0.0,0.0,3700.0,4300.0,3210.0,3700.0,-3.0,3.0,判定困難,4000.0,Bid/Ask midpoint,0,判定困難,0,
2026/09/30 00:04,2026-09-30T00:19:40+09:00,,2026-10,PUT,62375,6.0,6.0,0.0,0.0,0.0,0.0,0.0,0.0,0.0,0.0,0.0,0.0,186.0,147.0,175.0,137.0,0.0,6.0,判定困難,142.0,Bid/Ask midpoint,0,判定困難,0,
2026/09/30 00:04,2026-09-30T00:19:40+09:00,,2026-10,CALL,62250,0.0,0.0,0.0,0.0,0.0,0.0,0.0,0.0,0.0,0.0,0.0,0.0,3810.0,4230.0,3320.0,3810.0,-1.0,2.0,判定困難,4020.0,Bid/Ask midpoint,0,判定困難,0,
2026/09/30 00:04,2026-09-30T00:19:40+09:00,,2026-10,PUT,62250,120.0,120.0,0.0,0.0,0.0,0.0,0.0,0.0,0.0,0.0,0.0,0.0,174.0,138.0,164.0,128.0,0.0,3.0,判定困難,133.0,Bid/Ask midpoint,0,判定困難,0,
2026/09/30 00:04,2026-09-30T00:19:40+09:00,,2026-10,CALL,62125,0.0,0.0,0.0,0.0,0.0,0.0,0.0,0.0,0.0,0.0,0.0,0.0,3925.0,4485.0,3435.0,3925.0,-1.0,3.0,判定困難,4205.0,Bid/Ask midpoint,0,判定困難,0,
2026/09/30 00:04,2026-09-30T00:19:40+09:00,,2026-10,PUT,62125,10.0,10.0,0.0,0.0,0.0,0.0,0.0,0.0,0.0,0.0,0.0,0.0,163.0,130.0,153.0,121.0,7.0,4.0,判定困難,125.5,Bid/Ask midpoint,0,判定困難,0,
2026/09/30 00:04,2026-09-30T00:19:40+09:00,,2026-10,CALL,61875,0.0,0.0,0.0,0.0,0.0,0.0,0.0,0.0,0.0,0.0,0.0,0.0,4150.0,4635.0,3660.0,4150.0,-1.0,3.0,判定困難,4392.5,Bid/Ask midpoint,0,判定困難,0,
2026/09/30 00:04,2026-09-30T00:19:40+09:00,,2026-10,PUT,61875,88.0,88.0,0.0,0.0,0.0,0.0,0.0,0.0,0.0,0.0,0.0,0.0,143.0,115.0,134.0,105.0,12.0,2.0,判定困難,110.0,Bid/Ask midpoint,0,判定困難,0,
2026/09/30 00:04,2026-09-30T00:19:40+09:00,,2026-10,CALL,61750,0.0,0.0,0.0,0.0,0.0,0.0,0.0,0.0,0.0,0.0,0.0,0.0,4265.0,4835.0,3775.0,4265.0,-1.0,3.0,判定困難,4550.0,Bid/Ask midpoint,0,判定困難,0,
2026/09/30 00:04,2026-09-30T00:19:40+09:00,,2026-10,CALL,61625,0.0,0.0,0.0,0.0,0.0,0.0,0.0,0.0,0.0,0.0,0.0,0.0,4380.0,4940.0,3890.0,4380.0,0.0,3.0,判定困難,4660.0,Bid/Ask midpoint,0,判定困難,0,
2026/09/30 00:04,2026-09-30T00:19:40+09:00,,2026-10,PUT,61625,139.0,139.0,0.0,0.0,0.0,0.0,0.0,0.0,0.0,0.0,0.0,0.0,126.0,101.0,117.0,94.0,1.0,-2.0,判定困難,97.5,Bid/Ask midpoint,0,判定困難,0,
2026/09/30 00:04,2026-09-30T00:19:40+09:00,,2026-10,CALL,61500,0.0,0.0,0.0,0.0,0.0,0.0,0.0,0.0,0.0,0.0,0.0,0.0,4485.0,5020.0,4010.0,4500.0,0.0,6.0,判定困難,4760.0,Bid/Ask midpoint,0,判定困難,0,
2026/09/30 00:04,2026-09-30T00:19:40+09:00,,2026-10,CALL,61375,0.0,0.0,0.0,0.0,0.0,0.0,0.0,0.0,0.0,0.0,0.0,0.0,4615.0,5190.0,4125.0,4615.0,-2.0,3.0,判定困難,4902.5,Bid/Ask midpoint,0,判定困難,0,
2026/09/30 00:04,2026-09-30T00:19:40+09:00,,2026-10,PUT,61375,179.0,179.0,0.0,0.0,0.0,0.0,0.0,0.0,0.0,0.0,0.0,0.0,112.0,90.0,103.0,78.0,4.0,5.0,判定困難,84.0,Bid/Ask midpoint,0,判定困難,0,
2026/09/30 00:04,2026-09-30T00:19:40+09:00,,2026-10,CALL,61250,0.0,0.0,0.0,0.0,0.0,0.0,0.0,0.0,0.0,0.0,0.0,0.0,4730.0,5270.0,4240.0,4730.0,-3.0,3.0,判定困難,5000.0,Bid/Ask midpoint,0,判定困難,0,
2026/09/30 00:04,2026-09-30T00:19:40+09:00,,2026-10,CALL,61125,0.0,0.0,0.0,0.0,0.0,0.0,0.0,0.0,0.0,0.0,0.0,0.0,4850.0,5325.0,4360.0,4850.0,0.0,3.0,判定困難,5087.5,Bid/Ask midpoint,0,判定困難,0,
2026/09/30 00:04,2026-09-30T00:19:40+09:00,,2026-10,PUT,61125,1230.0,1230.0,0.0,0.0,0.0,0.0,0.0,0.0,0.0,0.0,0.0,0.0,101.0,105.0,85.0,72.0,10.0,1.0,判定困難,88.5,Bid/Ask midpoint,0,判定困難,0,
2026/09/30 00:04,2026-09-30T00:19:40+09:00,,2026-10,CALL,61000,201.0,201.0,0.0,0.0,0.0,0.0,0.0,0.0,0.0,0.0,0.0,0.0,4945.0,5530.0,4490.0,4970.0,-9.0,3.0,判定困難,5250.0,Bid/Ask midpoint,0,判定困難,0,
2026/09/30 00:04,2026-09-30T00:19:40+09:00,,2026-10,CALL,60875,0.0,0.0,0.0,0.0,0.0,0.0,0.0,0.0,0.0,0.0,0.0,0.0,5085.0,5530.0,4595.0,5085.0,-3.0,3.0,判定困難,5307.5,Bid/Ask midpoint,0,判定困難,0,
2026/09/30 00:04,2026-09-30T00:19:40+09:00,,2026-10,PUT,60875,500.0,500.0,0.0,0.0,0.0,0.0,0.0,0.0,0.0,0.0,0.0,0.0,89.0,71.0,82.0,65.0,-13.0,5.0,判定困難,68.0,Bid/Ask midpoint,0,判定困難,0,
2026/09/30 00:04,2026-09-30T00:19:40+09:00,,2026-10,CALL,60750,0.0,0.0,0.0,0.0,0.0,0.0,0.0,0.0,0.0,0.0,0.0,0.0,5205.0,5715.0,4715.0,5205.0,-3.0,3.0,判定困難,5460.0,Bid/Ask midpoint,0,判定困難,0,
2026/09/30 00:04,2026-09-30T00:19:40+09:00,,2026-10,CALL,60625,0.0,0.0,0.0,0.0,0.0,0.0,0.0,0.0,0.0,0.0,0.0,0.0,5325.0,5850.0,4835.0,5325.0,-5.0,1.0,判定困難,5587.5,Bid/Ask midpoint,0,判定困難,0,
2026/09/30 00:04,2026-09-30T00:19:40+09:00,,2026-10,PUT,60625,159.0,159.0,0.0,0.0,0.0,0.0,0.0,0.0,0.0,0.0,0.0,0.0,78.0,64.0,72.0,57.0,0.0,-2.0,判定困難,60.5,Bid/Ask midpoint,0,判定困難,0,
2026/09/30 00:04,2026-09-30T00:19:40+09:00,,2026-10,CALL,60500,100.0,100.0,0.0,0.0,0.0,0.0,0.0,0.0,0.0,0.0,0.0,0.0,5430.0,6030.0,4955.0,5445.0,0.0,2.0,判定困難,5737.5,Bid/Ask midpoint,0,判定困難,0,
2026/09/30 00:04,2026-09-30T00:19:40+09:00,,2026-10,CALL,60375,0.0,0.0,0.0,0.0,0.0,0.0,0.0,0.0,0.0,0.0,0.0,0.0,5565.0,6160.0,5075.0,5565.0,-5.0,1.0,判定困難,5862.5,Bid/Ask midpoint,0,判定困難,0,
2026/09/30 00:04,2026-09-30T00:19:40+09:00,,2026-10,CALL,60250,0.0,0.0,0.0,0.0,0.0,0.0,0.0,0.0,0.0,0.0,0.0,0.0,5690.0,6260.0,5200.0,5690.0,-7.0,-1.0,判定困難,5975.0,Bid/Ask midpoint,0,判定困難,0,
2026/09/30 00:04,2026-09-30T00:19:40+09:00,,2026-10,CALL,60125,0.0,0.0,0.0,0.0,0.0,0.0,0.0,0.0,0.0,0.0,0.0,0.0,5810.0,6290.0,5310.0,5810.0,-1.0,0.0,判定困難,6050.0,Bid/Ask midpoint,0,判定困難,0,
2026/09/30 00:04,2026-09-30T00:19:40+09:00,,2026-10,CALL,60000,9.0,9.0,0.0,0.0,0.0,0.0,0.0,0.0,0.0,0.0,0.0,0.0,5930.0,6530.0,5430.0,5930.0,-9.0,0.0,判定困難,6230.0,Bid/Ask midpoint,0,判定困難,0,
2026/09/30 00:04,2026-09-30T00:19:40+09:00,,2026-10,CALL,59875,0.0,0.0,0.0,0.0,0.0,0.0,0.0,0.0,0.0,0.0,0.0,0.0,6050.0,6510.0,5550.0,6050.0,-3.0,-1.0,判定困難,6280.0,Bid/Ask midpoint,0,判定困難,0,
2026/09/30 00:04,2026-09-30T00:19:40+09:00,,2026-10,PUT,59875,56.0,56.0,0.0,0.0,0.0,0.0,0.0,0.0,0.0,0.0,0.0,0.0,59.0,49.0,52.0,42.0,0.0,0.0,判定困難,45.5,Bid/Ask midpoint,0,判定困難,0,
2026/09/30 00:04,2026-09-30T00:19:40+09:00,,2026-10,CALL,59750,0.0,0.0,0.0,0.0,0.0,0.0,0.0,0.0,0.0,0.0,0.0,0.0,6175.0,6800.0,5675.0,6175.0,-3.0,0.0,判定困難,6487.5,Bid/Ask midpoint,0,判定困難,0,
2026/09/30 00:04,2026-09-30T00:19:40+09:00,,2026-10,CALL,59625,0.0,0.0,0.0,0.0,0.0,0.0,0.0,0.0,0.0,0.0,0.0,0.0,6295.0,6835.0,5795.0,6295.0,-3.0,0.0,判定困難,6565.0,Bid/Ask midpoint,0,判定困難,0,
2026/09/30 00:04,2026-09-30T00:19:40+09:00,,2026-10,PUT,59625,139.0,139.0,0.0,0.0,0.0,0.0,0.0,0.0,0.0,0.0,0.0,0.0,53.0,44.0,47.0,38.0,13.0,5.0,判定困難,41.0,Bid/Ask midpoint,0,判定困難,0,
2026/09/30 00:04,2026-09-30T00:19:40+09:00,,2026-10,CALL,59500,14.0,14.0,0.0,0.0,0.0,0.0,0.0,0.0,0.0,0.0,0.0,0.0,6420.0,0.0,5920.0,3.0,-8.0,2.0,判定困難,3.0,Bid,0,判定困難,0,
2026/09/30 00:04,2026-09-30T00:19:40+09:00,,2026-10,CALL,59375,0.0,0.0,0.0,0.0,0.0,0.0,0.0,0.0,0.0,0.0,0.0,0.0,6540.0,0.0,6040.0,0.0,-4.0,-4.0,判定困難,0,取得不可,0,判定困難,0,
2026/09/30 00:04,2026-09-30T00:19:40+09:00,,2026-10,PUT,59375,2.0,2.0,0.0,0.0,0.0,0.0,0.0,0.0,0.0,0.0,0.0,0.0,47.0,44.0,43.0,31.0,12.0,9.0,判定困難,37.5,Bid/Ask midpoint,0,判定困難,0,
2026/09/30 00:04,2026-09-30T00:19:40+09:00,,2026-10,CALL,59250,0.0,0.0,0.0,0.0,0.0,0.0,0.0,0.0,0.0,0.0,0.0,0.0,6665.0,0.0,6165.0,3.0,-3.0,6.0,判定困難,3.0,Bid,0,判定困難,0,
2026/09/30 00:04,2026-09-30T00:19:40+09:00,,2026-10,PUT,59250,208.0,208.0,0.0,0.0,0.0,0.0,0.0,0.0,0.0,0.0,0.0,0.0,45.0,39.0,41.0,29.0,11.0,8.0,判定困難,34.0,Bid/Ask midpoint,0,判定困難,0,
2026/09/30 00:04,2026-09-30T00:19:40+09:00,,2026-10,CALL,59125,0.0,0.0,0.0,0.0,0.0,0.0,0.0,0.0,0.0,0.0,0.0,0.0,6785.0,0.0,6285.0,0.0,-4.0,-4.0,判定困難,0,取得不可,0,判定困難,0,
2026/09/30 00:04,2026-09-30T00:19:40+09:00,,2026-10,CALL,59000,0.0,0.0,0.0,0.0,0.0,0.0,0.0,0.0,0.0,0.0,0.0,0.0,0.0,0.0,3.0,3.0,0.0,0.0,判定困難,3.0,Bid,0,判定困難,0,
2026/09/30 00:04,2026-09-30T00:19:40+09:00,,2026-10,CALL,58875,0.0,0.0,0.0,0.0,0.0,0.0,0.0,0.0,0.0,0.0,0.0,0.0,0.0,0.0,0.0,0.0,0.0,0.0,判定困難,0,取得不可,0,判定困難,0,
2026/09/30 00:04,2026-09-30T00:19:40+09:00,,2026-10,PUT,58875,20.0,20.0,0.0,0.0,0.0,0.0,0.0,0.0,0.0,0.0,0.0,0.0,43.0,43.0,33.0,29.0,0.0,-3.0,判定困難,36.0,Bid/Ask midpoint,0,判定困難,0,
2026/09/30 00:04,2026-09-30T00:19:40+09:00,,2026-10,CALL,58750,0.0,0.0,0.0,0.0,0.0,0.0,0.0,0.0,0.0,0.0,0.0,0.0,0.0,0.0,3.0,3.0,0.0,0.0,判定困難,3.0,Bid,0,判定困難,0,
2026/09/30 00:04,2026-09-30T00:19:40+09:00,,2026-10,PUT,58750,77.0,77.0,0.0,0.0,0.0,0.0,0.0,0.0,0.0,0.0,0.0,0.0,41.0,41.0,31.0,25.0,0.0,16.0,判定困難,33.0,Bid/Ask midpoint,0,判定困難,0,
2026/09/30 00:04,2026-09-30T00:19:40+09:00,,2026-10,CALL,58625,0.0,0.0,0.0,0.0,0.0,0.0,0.0,0.0,0.0,0.0,0.0,0.0,0.0,0.0,0.0,0.0,0.0,0.0,判定困難,0,取得不可,0,判定困難,0,
2026/09/30 00:04,2026-09-30T00:19:40+09:00,,2026-10,PUT,58625,59.0,59.0,0.0,0.0,0.0,0.0,0.0,0.0,0.0,0.0,0.0,0.0,41.0,41.0,30.0,26.0,0.0,6.0,判定困難,33.5,Bid/Ask midpoint,0,判定困難,0,
2026/09/30 00:04,2026-09-30T00:19:40+09:00,,2026-10,CALL,58500,0.0,0.0,0.0,0.0,0.0,0.0,0.0,0.0,0.0,0.0,0.0,0.0,0.0,0.0,3.0,3.0,0.0,0.0,判定困難,3.0,Bid,0,判定困難,0,
2026/09/30 00:04,2026-09-30T00:19:40+09:00,,2026-10,CALL,58375,0.0,0.0,0.0,0.0,0.0,0.0,0.0,0.0,0.0,0.0,0.0,0.0,0.0,0.0,0.0,0.0,0.0,0.0,判定困難,0,取得不可,0,判定困難,0,
2026/09/30 00:04,2026-09-30T00:19:40+09:00,,2026-10,PUT,58375,487.0,487.0,0.0,0.0,0.0,0.0,0.0,0.0,0.0,0.0,0.0,0.0,45.0,40.0,28.0,24.0,9.0,9.0,判定困難,32.0,Bid/Ask midpoint,0,判定困難,0,
2026/09/30 00:04,2026-09-30T00:19:40+09:00,,2026-10,CALL,58250,0.0,0.0,0.0,0.0,0.0,0.0,0.0,0.0,0.0,0.0,0.0,0.0,0.0,0.0,0.0,0.0,0.0,0.0,判定困難,0,取得不可,0,判定困難,0,
2026/09/30 00:04,2026-09-30T00:19:40+09:00,,2026-10,PUT,58250,159.0,159.0,0.0,0.0,0.0,0.0,0.0,0.0,0.0,0.0,0.0,0.0,44.0,30.0,25.0,20.0,-7.0,0.0,判定困難,25.0,Bid/Ask midpoint,0,判定困難,0,
2026/09/30 00:04,2026-09-30T00:19:40+09:00,,2026-10,CALL,58000,0.0,0.0,0.0,0.0,0.0,0.0,0.0,0.0,0.0,0.0,0.0,0.0,0.0,0.0,0.0,0.0,0.0,0.0,判定困難,0,取得不可,0,判定困難,0,
2026/09/30 00:04,2026-09-30T00:19:40+09:00,,2026-10,CALL,57750,0.0,0.0,0.0,0.0,0.0,0.0,0.0,0.0,0.0,0.0,0.0,0.0,0.0,0.0,0.0,0.0,0.0,0.0,判定困難,0,取得不可,0,判定困難,0,
2026/09/30 00:04,2026-09-30T00:19:40+09:00,,2026-10,PUT,57750,99.0,99.0,0.0,0.0,0.0,0.0,0.0,0.0,0.0,0.0,0.0,0.0,38.0,32.0,22.0,20.0,0.0,8.0,判定困難,26.0,Bid/Ask midpoint,0,判定困難,0,
2026/09/30 00:04,2026-09-30T00:19:40+09:00,,2026-10,CALL,57500,0.0,0.0,0.0,0.0,0.0,0.0,0.0,0.0,0.0,0.0,0.0,0.0,0.0,0.0,0.0,0.0,0.0,0.0,判定困難,0,取得不可,0,判定困難,0,
2026/09/30 00:04,2026-09-30T00:19:40+09:00,,2026-10,CALL,57250,0.0,0.0,0.0,0.0,0.0,0.0,0.0,0.0,0.0,0.0,0.0,0.0,0.0,0.0,0.0,0.0,0.0,0.0,判定困難,0,取得不可,0,判定困難,0,
2026/09/30 00:04,2026-09-30T00:19:40+09:00,,2026-10,CALL,57000,1.0,1.0,0.0,0.0,0.0,0.0,0.0,0.0,0.0,0.0,0.0,0.0,0.0,0.0,0.0,0.0,0.0,0.0,判定困難,0,取得不可,0,判定困難,0,
2026/09/30 00:04,2026-09-30T00:19:40+09:00,,2026-10,CALL,56750,0.0,0.0,0.0,0.0,0.0,0.0,0.0,0.0,0.0,0.0,0.0,0.0,0.0,0.0,0.0,0.0,0.0,0.0,判定困難,0,取得不可,0,判定困難,0,
2026/09/30 00:04,2026-09-30T00:19:40+09:00,,2026-10,PUT,56750,128.0,128.0,0.0,0.0,0.0,0.0,0.0,0.0,0.0,0.0,0.0,0.0,22.0,23.0,14.0,14.0,20.0,0.0,判定困難,18.5,Bid/Ask midpoint,0,判定困難,0,
2026/09/30 00:04,2026-09-30T00:19:40+09:00,,2026-10,CALL,56500,0.0,0.0,0.0,0.0,0.0,0.0,0.0,0.0,0.0,0.0,0.0,0.0,0.0,0.0,0.0,0.0,0.0,0.0,判定困難,0,取得不可,0,判定困難,0,
2026/09/30 00:04,2026-09-30T00:19:40+09:00,,2026-10,PUT,56500,660.0,660.0,0.0,0.0,0.0,0.0,0.0,0.0,0.0,0.0,0.0,0.0,23.0,17.0,15.0,10.0,-31.0,-21.0,判定困難,13.5,Bid/Ask midpoint,0,判定困難,0,
2026/09/30 00:04,2026-09-30T00:19:40+09:00,,2026-10,CALL,56250,0.0,0.0,0.0,0.0,0.0,0.0,0.0,0.0,0.0,0.0,0.0,0.0,0.0,0.0,0.0,0.0,0.0,0.0,判定困難,0,取得不可,0,判定困難,0,
2026/09/30 00:04,2026-09-30T00:19:40+09:00,,2026-10,PUT,56250,77.0,77.0,0.0,0.0,0.0,0.0,0.0,0.0,0.0,0.0,0.0,0.0,25.0,25.0,12.0,12.0,0.0,0.0,判定困難,18.5,Bid/Ask midpoint,0,判定困難,0,
2026/09/30 00:04,2026-09-30T00:19:40+09:00,,2026-10,CALL,56000,0.0,0.0,0.0,0.0,0.0,0.0,0.0,0.0,0.0,0.0,0.0,0.0,0.0,0.0,0.0,0.0,0.0,0.0,判定困難,0,取得不可,0,判定困難,0,
2026/09/30 00:04,2026-09-30T00:19:40+09:00,,2026-10,CALL,55750,0.0,0.0,0.0,0.0,0.0,0.0,0.0,0.0,0.0,0.0,0.0,0.0,0.0,0.0,0.0,0.0,0.0,0.0,判定困難,0,取得不可,0,判定困難,0,
2026/09/30 00:04,2026-09-30T00:19:40+09:00,,2026-10,CALL,55500,0.0,0.0,0.0,0.0,0.0,0.0,0.0,0.0,0.0,0.0,0.0,0.0,0.0,0.0,0.0,0.0,0.0,0.0,判定困難,0,取得不可,0,判定困難,0,
2026/09/30 00:04,2026-09-30T00:19:40+09:00,,2026-10,CALL,55250,0.0,0.0,0.0,0.0,0.0,0.0,0.0,0.0,0.0,0.0,0.0,0.0,0.0,0.0,0.0,0.0,0.0,0.0,判定困難,0,取得不可,0,判定困難,0,
2026/09/30 00:04,2026-09-30T00:19:40+09:00,,2026-10,PUT,55250,168.0,168.0,0.0,0.0,0.0,0.0,0.0,0.0,0.0,0.0,0.0,0.0,20.0,20.0,12.0,10.0,0.0,0.0,判定困難,15.0,Bid/Ask midpoint,0,判定困難,0,
2026/09/30 00:04,2026-09-30T00:19:40+09:00,,2026-10,CALL,55000,4.0,4.0,0.0,0.0,0.0,0.0,0.0,0.0,0.0,0.0,0.0,0.0,0.0,0.0,0.0,0.0,0.0,0.0,判定困難,0,取得不可,0,判定困難,0,
2026/09/30 00:04,2026-09-30T00:19:40+09:00,,2026-10,CALL,54750,0.0,0.0,0.0,0.0,0.0,0.0,0.0,0.0,0.0,0.0,0.0,0.0,0.0,0.0,0.0,0.0,0.0,0.0,判定困難,0,取得不可,0,判定困難,0,
2026/09/30 00:04,2026-09-30T00:19:40+09:00,,2026-10,PUT,54750,82.0,82.0,0.0,0.0,0.0,0.0,0.0,0.0,0.0,0.0,0.0,0.0,14.0,14.0,10.0,9.0,3.0,-3.0,判定困難,11.5,Bid/Ask midpoint,0,判定困難,0,
2026/09/30 00:04,2026-09-30T00:19:40+09:00,,2026-10,CALL,54500,0.0,0.0,0.0,0.0,0.0,0.0,0.0,0.0,0.0,0.0,0.0,0.0,0.0,0.0,0.0,0.0,0.0,0.0,判定困難,0,取得不可,0,判定困難,0,
2026/09/30 00:04,2026-09-30T00:19:40+09:00,,2026-10,PUT,54500,535.0,535.0,0.0,0.0,0.0,0.0,0.0,0.0,0.0,0.0,0.0,0.0,18.0,12.0,8.0,4.0,15.0,18.0,判定困難,8.0,Bid/Ask midpoint,0,判定困難,0,
2026/09/30 00:04,2026-09-30T00:19:40+09:00,,2026-10,CALL,54250,0.0,0.0,0.0,0.0,0.0,0.0,0.0,0.0,0.0,0.0,0.0,0.0,0.0,0.0,0.0,0.0,0.0,0.0,判定困難,0,取得不可,0,判定困難,0,
2026/09/30 00:04,2026-09-30T00:19:40+09:00,,2026-10,PUT,54250,217.0,217.0,0.0,0.0,0.0,0.0,0.0,0.0,0.0,0.0,0.0,0.0,17.0,14.0,8.0,4.0,23.0,23.0,判定困難,9.0,Bid/Ask midpoint,0,判定困難,0,
2026/09/30 00:04,2026-09-30T00:19:40+09:00,,2026-10,CALL,54000,0.0,0.0,0.0,0.0,0.0,0.0,0.0,0.0,0.0,0.0,0.0,0.0,0.0,0.0,0.0,0.0,0.0,0.0,判定困難,0,取得不可,0,判定困難,0,
2026/09/30 00:04,2026-09-30T00:19:40+09:00,,2026-10,CALL,53750,0.0,0.0,0.0,0.0,0.0,0.0,0.0,0.0,0.0,0.0,0.0,0.0,0.0,0.0,0.0,0.0,0.0,0.0,判定困難,0,取得不可,0,判定困難,0,
2026/09/30 00:04,2026-09-30T00:19:40+09:00,,2026-10,CALL,53500,0.0,0.0,0.0,0.0,0.0,0.0,0.0,0.0,0.0,0.0,0.0,0.0,0.0,0.0,0.0,0.0,0.0,0.0,判定困難,0,取得不可,0,判定困難,0,
2026/09/30 00:04,2026-09-30T00:19:40+09:00,,2026-10,PUT,53500,1345.0,1345.0,0.0,0.0,0.0,0.0,0.0,0.0,0.0,0.0,0.0,0.0,12.0,12.0,9.0,3.0,-15.0,6.0,判定困難,7.5,Bid/Ask midpoint,0,判定困難,0,
2026/09/30 00:04,2026-09-30T00:19:40+09:00,,2026-10,CALL,53250,0.0,0.0,0.0,0.0,0.0,0.0,0.0,0.0,0.0,0.0,0.0,0.0,0.0,0.0,0.0,0.0,0.0,0.0,判定困難,0,取得不可,0,判定困難,0,
2026/09/30 00:04,2026-09-30T00:19:40+09:00,,2026-10,CALL,53000,34.0,34.0,0.0,0.0,0.0,0.0,0.0,0.0,0.0,0.0,0.0,0.0,0.0,0.0,0.0,0.0,0.0,0.0,判定困難,0,取得不可,0,判定困難,0,
2026/09/30 00:04,2026-09-30T00:19:40+09:00,,2026-10,CALL,52750,0.0,0.0,0.0,0.0,0.0,0.0,0.0,0.0,0.0,0.0,0.0,0.0,0.0,0.0,0.0,0.0,0.0,0.0,判定困難,0,取得不可,0,判定困難,0,
2026/09/30 00:04,2026-09-30T00:19:40+09:00,,2026-10,PUT,52750,127.0,127.0,0.0,0.0,0.0,0.0,0.0,0.0,0.0,0.0,0.0,0.0,10.0,11.0,7.0,3.0,-9.0,0.0,判定困難,7.0,Bid/Ask midpoint,0,判定困難,0,
2026/09/30 00:04,2026-09-30T00:19:40+09:00,,2026-10,CALL,52500,0.0,0.0,0.0,0.0,0.0,0.0,0.0,0.0,0.0,0.0,0.0,0.0,0.0,0.0,0.0,0.0,0.0,0.0,判定困難,0,取得不可,0,判定困難,0,
2026/09/30 00:04,2026-09-30T00:19:40+09:00,,2026-10,CALL,52250,0.0,0.0,0.0,0.0,0.0,0.0,0.0,0.0,0.0,0.0,0.0,0.0,0.0,0.0,0.0,0.0,0.0,0.0,判定困難,0,取得不可,0,判定困難,0,
2026/09/30 00:04,2026-09-30T00:19:40+09:00,,2026-10,CALL,52000,0.0,0.0,0.0,0.0,0.0,0.0,0.0,0.0,0.0,0.0,0.0,0.0,0.0,0.0,0.0,0.0,0.0,0.0,判定困難,0,取得不可,0,判定困難,0,
2026/09/30 00:04,2026-09-30T00:19:40+09:00,,2026-10,CALL,51750,0.0,0.0,0.0,0.0,0.0,0.0,0.0,0.0,0.0,0.0,0.0,0.0,0.0,0.0,0.0,0.0,0.0,0.0,判定困難,0,取得不可,0,判定困難,0,
2026/09/30 00:04,2026-09-30T00:19:40+09:00,,2026-10,PUT,51750,165.0,165.0,0.0,0.0,0.0,0.0,0.0,0.0,0.0,0.0,0.0,0.0,8.0,7.0,6.0,3.0,-15.0,0.0,判定困難,5.0,Bid/Ask midpoint,0,判定困難,0,
2026/09/30 00:04,2026-09-30T00:19:40+09:00,,2026-10,CALL,51500,0.0,0.0,0.0,0.0,0.0,0.0,0.0,0.0,0.0,0.0,0.0,0.0,0.0,0.0,0.0,0.0,0.0,0.0,判定困難,0,取得不可,0,判定困難,0,
2026/09/30 00:04,2026-09-30T00:19:40+09:00,,2026-10,PUT,51500,643.0,643.0,0.0,0.0,0.0,0.0,0.0,0.0,0.0,0.0,0.0,0.0,8.0,7.0,6.0,6.0,-14.0,-33.0,判定困難,6.5,Bid/Ask midpoint,0,判定困難,0,
2026/09/30 00:04,2026-09-30T00:19:40+09:00,,2026-10,CALL,51250,0.0,0.0,0.0,0.0,0.0,0.0,0.0,0.0,0.0,0.0,0.0,0.0,0.0,0.0,0.0,0.0,0.0,0.0,判定困難,0,取得不可,0,判定困難,0,
2026/09/30 00:04,2026-09-30T00:19:40+09:00,,2026-10,CALL,51000,0.0,0.0,0.0,0.0,0.0,0.0,0.0,0.0,0.0,0.0,0.0,0.0,0.0,0.0,0.0,0.0,0.0,0.0,判定困難,0,取得不可,0,判定困難,0,
2026/09/30 00:04,2026-09-30T00:19:40+09:00,,2026-10,CALL,50750,0.0,0.0,0.0,0.0,0.0,0.0,0.0,0.0,0.0,0.0,0.0,0.0,0.0,0.0,0.0,0.0,0.0,0.0,判定困難,0,取得不可,0,判定困難,0,
2026/09/30 00:04,2026-09-30T00:19:40+09:00,,2026-10,PUT,50750,165.0,165.0,0.0,0.0,0.0,0.0,0.0,0.0,0.0,0.0,0.0,0.0,7.0,8.0,5.0,3.0,0.0,-15.0,判定困難,5.5,Bid/Ask midpoint,0,判定困難,0,
2026/09/30 00:04,2026-09-30T00:19:40+09:00,,2026-10,CALL,50500,0.0,0.0,0.0,0.0,0.0,0.0,0.0,0.0,0.0,0.0,0.0,0.0,0.0,0.0,0.0,0.0,0.0,0.0,判定困難,0,取得不可,0,判定困難,0,
2026/09/30 00:04,2026-09-30T00:19:40+09:00,,2026-10,PUT,50500,321.0,321.0,0.0,0.0,0.0,0.0,0.0,0.0,0.0,0.0,0.0,0.0,7.0,9.0,5.0,3.0,23.0,3.0,判定困難,6.0,Bid/Ask midpoint,0,判定困難,0,
2026/09/30 00:04,2026-09-30T00:19:40+09:00,,2026-10,CALL,50250,0.0,0.0,0.0,0.0,0.0,0.0,0.0,0.0,0.0,0.0,0.0,0.0,0.0,0.0,0.0,0.0,0.0,0.0,判定困難,0,取得不可,0,判定困難,0,
2026/09/30 00:04,2026-09-30T00:19:40+09:00,,2026-10,PUT,50250,73.0,73.0,0.0,0.0,0.0,0.0,0.0,0.0,0.0,0.0,0.0,0.0,6.0,6.0,5.0,3.0,0.0,11.0,判定困難,4.5,Bid/Ask midpoint,0,判定困難,0,
2026/09/30 00:04,2026-09-30T00:19:40+09:00,,2026-10,CALL,50000,1.0,1.0,0.0,0.0,0.0,0.0,0.0,0.0,0.0,0.0,0.0,0.0,0.0,0.0,0.0,0.0,0.0,0.0,判定困難,0,取得不可,0,判定困難,0,
2026/09/30 00:04,2026-09-30T00:19:40+09:00,,2026-10,CALL,49750,0.0,0.0,0.0,0.0,0.0,0.0,0.0,0.0,0.0,0.0,0.0,0.0,0.0,0.0,0.0,0.0,0.0,0.0,判定困難,0,取得不可,0,判定困難,0,
2026/09/30 00:04,2026-09-30T00:19:40+09:00,,2026-10,PUT,49750,82.0,82.0,0.0,0.0,0.0,0.0,0.0,0.0,0.0,0.0,0.0,0.0,6.0,6.0,4.0,4.0,-4.0,-26.0,判定困難,5.0,Bid/Ask midpoint,0,判定困難,0,
2026/09/30 00:04,2026-09-30T00:19:40+09:00,,2026-10,CALL,49500,0.0,0.0,0.0,0.0,0.0,0.0,0.0,0.0,0.0,0.0,0.0,0.0,0.0,0.0,0.0,0.0,0.0,0.0,判定困難,0,取得不可,0,判定困難,0,
2026/09/30 00:04,2026-09-30T00:19:40+09:00,,2026-10,CALL,49250,0.0,0.0,0.0,0.0,0.0,0.0,0.0,0.0,0.0,0.0,0.0,0.0,0.0,0.0,0.0,0.0,0.0,0.0,判定困難,0,取得不可,0,判定困難,0,
2026/09/30 00:04,2026-09-30T00:19:40+09:00,,2026-10,PUT,49250,84.0,84.0,0.0,0.0,0.0,0.0,0.0,0.0,0.0,0.0,0.0,0.0,5.0,5.0,4.0,3.0,0.0,31.0,判定困難,4.0,Bid/Ask midpoint,0,判定困難,0,
2026/09/30 00:04,2026-09-30T00:19:40+09:00,,2026-10,CALL,49000,0.0,0.0,0.0,0.0,0.0,0.0,0.0,0.0,0.0,0.0,0.0,0.0,0.0,0.0,0.0,0.0,0.0,0.0,判定困難,0,取得不可,0,判定困難,0,
2026/09/30 00:04,2026-09-30T00:19:40+09:00,,2026-10,CALL,48750,0.0,0.0,0.0,0.0,0.0,0.0,0.0,0.0,0.0,0.0,0.0,0.0,0.0,0.0,0.0,0.0,0.0,0.0,判定困難,0,取得不可,0,判定困難,0,
2026/09/30 00:04,2026-09-30T00:19:40+09:00,,2026-10,PUT,48750,277.0,277.0,0.0,0.0,0.0,0.0,0.0,0.0,0.0,0.0,0.0,0.0,5.0,5.0,3.0,3.0,-15.0,-15.0,判定困難,4.0,Bid/Ask midpoint,0,判定困難,0,
2026/09/30 00:04,2026-09-30T00:19:40+09:00,,2026-10,CALL,48500,0.0,0.0,0.0,0.0,0.0,0.0,0.0,0.0,0.0,0.0,0.0,0.0,0.0,0.0,0.0,0.0,0.0,0.0,判定困難,0,取得不可,0,判定困難,0,
2026/09/30 00:04,2026-09-30T00:19:40+09:00,,2026-10,CALL,48250,0.0,0.0,0.0,0.0,0.0,0.0,0.0,0.0,0.0,0.0,0.0,0.0,0.0,0.0,0.0,0.0,0.0,0.0,判定困難,0,取得不可,0,判定困難,0,
2026/09/30 00:04,2026-09-30T00:19:40+09:00,,2026-10,PUT,48250,53.0,53.0,0.0,0.0,0.0,0.0,0.0,0.0,0.0,0.0,0.0,0.0,5.0,6.0,3.0,3.0,-4.0,-15.0,判定困難,4.5,Bid/Ask midpoint,0,判定困難,0,
2026/09/30 00:04,2026-09-30T00:19:40+09:00,,2026-10,CALL,48000,0.0,0.0,0.0,0.0,0.0,0.0,0.0,0.0,0.0,0.0,0.0,0.0,0.0,0.0,0.0,0.0,0.0,0.0,判定困難,0,取得不可,0,判定困難,0,
2026/09/30 00:04,2026-09-30T00:19:40+09:00,,2026-10,CALL,47750,0.0,0.0,0.0,0.0,0.0,0.0,0.0,0.0,0.0,0.0,0.0,0.0,0.0,0.0,0.0,0.0,0.0,0.0,判定困難,0,取得不可,0,判定困難,0,
2026/09/30 00:04,2026-09-30T00:19:40+09:00,,2026-10,PUT,47750,46.0,46.0,0.0,0.0,0.0,0.0,0.0,0.0,0.0,0.0,0.0,0.0,4.0,4.0,3.0,2.0,0.0,61.0,判定困難,3.0,Bid/Ask midpoint,0,判定困難,0,
2026/09/30 00:04,2026-09-30T00:19:40+09:00,,2026-10,CALL,47500,34.0,34.0,0.0,0.0,0.0,0.0,0.0,0.0,0.0,0.0,0.0,0.0,0.0,0.0,0.0,0.0,0.0,0.0,判定困難,0,取得不可,0,判定困難,0,
2026/09/30 00:04,2026-09-30T00:19:40+09:00,,2026-10,PUT,47500,56.0,56.0,0.0,0.0,0.0,0.0,0.0,0.0,0.0,0.0,0.0,0.0,4.0,4.0,3.0,2.0,0.0,68.0,判定困難,3.0,Bid/Ask midpoint,0,判定困難,0,
2026/09/30 00:04,2026-09-30T00:19:40+09:00,,2026-10,CALL,47250,0.0,0.0,0.0,0.0,0.0,0.0,0.0,0.0,0.0,0.0,0.0,0.0,0.0,0.0,0.0,0.0,0.0,0.0,判定困難,0,取得不可,0,判定困難,0,
2026/09/30 00:04,2026-09-30T00:19:40+09:00,,2026-10,PUT,47250,152.0,152.0,0.0,0.0,0.0,0.0,0.0,0.0,0.0,0.0,0.0,0.0,4.0,4.0,2.0,2.0,-15.0,-61.0,判定困難,3.0,Bid/Ask midpoint,0,判定困難,0,
2026/09/30 00:04,2026-09-30T00:19:40+09:00,,2026-10,CALL,47000,0.0,0.0,0.0,0.0,0.0,0.0,0.0,0.0,0.0,0.0,0.0,0.0,0.0,0.0,0.0,0.0,0.0,0.0,判定困難,0,取得不可,0,判定困難,0,
2026/09/30 00:04,2026-09-30T00:19:40+09:00,,2026-10,CALL,46750,0.0,0.0,0.0,0.0,0.0,0.0,0.0,0.0,0.0,0.0,0.0,0.0,0.0,0.0,0.0,0.0,0.0,0.0,判定困難,0,取得不可,0,判定困難,0,
2026/09/30 00:04,2026-09-30T00:19:40+09:00,,2026-10,PUT,46750,135.0,135.0,0.0,0.0,0.0,0.0,0.0,0.0,0.0,0.0,0.0,0.0,5.0,6.0,2.0,2.0,0.0,0.0,判定困難,4.0,Bid/Ask midpoint,0,判定困難,0,
2026/09/30 00:04,2026-09-30T00:19:40+09:00,,2026-10,CALL,46500,0.0,0.0,0.0,0.0,0.0,0.0,0.0,0.0,0.0,0.0,0.0,0.0,0.0,0.0,0.0,0.0,0.0,0.0,判定困難,0,取得不可,0,判定困難,0,
2026/09/30 00:04,2026-09-30T00:19:40+09:00,,2026-10,CALL,46250,0.0,0.0,0.0,0.0,0.0,0.0,0.0,0.0,0.0,0.0,0.0,0.0,0.0,0.0,0.0,0.0,0.0,0.0,判定困難,0,取得不可,0,判定困難,0,
2026/09/30 00:04,2026-09-30T00:19:40+09:00,,2026-10,PUT,46250,10.0,10.0,0.0,0.0,0.0,0.0,0.0,0.0,0.0,0.0,0.0,0.0,13.0,13.0,2.0,2.0,0.0,0.0,判定困難,7.5,Bid/Ask midpoint,0,判定困難,0,
2026/09/30 00:04,2026-09-30T00:19:40+09:00,,2026-10,CALL,46000,0.0,0.0,0.0,0.0,0.0,0.0,0.0,0.0,0.0,0.0,0.0,0.0,0.0,0.0,0.0,0.0,0.0,0.0,判定困難,0,取得不可,0,判定困難,0,
2026/09/30 00:04,2026-09-30T00:19:40+09:00,,2026-10,PUT,46000,626.0,626.0,0.0,0.0,0.0,0.0,0.0,0.0,0.0,0.0,0.0,0.0,3.0,3.0,2.0,2.0,0.0,0.0,判定困難,2.5,Bid/Ask midpoint,0,判定困難,0,
2026/09/30 00:04,2026-09-30T00:19:40+09:00,,2026-10,CALL,45750,0.0,0.0,0.0,0.0,0.0,0.0,0.0,0.0,0.0,0.0,0.0,0.0,0.0,0.0,0.0,0.0,0.0,0.0,判定困難,0,取得不可,0,判定困難,0,
2026/09/30 00:04,2026-09-30T00:19:40+09:00,,2026-10,PUT,45750,136.0,136.0,0.0,0.0,0.0,0.0,0.0,0.0,0.0,0.0,0.0,0.0,12.0,12.0,2.0,1.0,0.0,21.0,判定困難,6.5,Bid/Ask midpoint,0,判定困難,0,
2026/09/30 00:04,2026-09-30T00:19:40+09:00,,2026-10,CALL,45500,0.0,0.0,0.0,0.0,0.0,0.0,0.0,0.0,0.0,0.0,0.0,0.0,0.0,0.0,0.0,0.0,0.0,0.0,判定困難,0,取得不可,0,判定困難,0,
2026/09/30 00:04,2026-09-30T00:19:40+09:00,,2026-10,PUT,45500,817.0,817.0,0.0,0.0,0.0,0.0,0.0,0.0,0.0,0.0,0.0,0.0,3.0,3.0,2.0,1.0,0.0,33.0,判定困難,2.0,Bid/Ask midpoint,0,判定困難,0,
2026/09/30 00:04,2026-09-30T00:19:40+09:00,,2026-10,CALL,45250,0.0,0.0,0.0,0.0,0.0,0.0,0.0,0.0,0.0,0.0,0.0,0.0,0.0,0.0,0.0,0.0,0.0,0.0,判定困難,0,取得不可,0,判定困難,0,
2026/09/30 00:04,2026-09-30T00:19:40+09:00,,2026-10,PUT,45250,32.0,32.0,0.0,0.0,0.0,0.0,0.0,0.0,0.0,0.0,0.0,0.0,12.0,12.0,1.0,1.0,0.0,0.0,判定困難,6.5,Bid/Ask midpoint,0,判定困難,0,
2026/09/30 00:04,2026-09-30T00:19:40+09:00,,2026-10,CALL,45000,2.0,2.0,0.0,0.0,0.0,0.0,0.0,0.0,0.0,0.0,0.0,0.0,0.0,0.0,0.0,0.0,0.0,0.0,判定困難,0,取得不可,0,判定困難,0,
2026/09/30 00:04,2026-09-30T00:19:40+09:00,,2026-10,CALL,44750,0.0,0.0,0.0,0.0,0.0,0.0,0.0,0.0,0.0,0.0,0.0,0.0,0.0,0.0,0.0,0.0,0.0,0.0,判定困難,0,取得不可,0,判定困難,0,
2026/09/30 00:04,2026-09-30T00:19:40+09:00,,2026-10,CALL,44500,0.0,0.0,0.0,0.0,0.0,0.0,0.0,0.0,0.0,0.0,0.0,0.0,0.0,0.0,0.0,0.0,0.0,0.0,判定困難,0,取得不可,0,判定困難,0,
2026/09/30 00:04,2026-09-30T00:19:40+09:00,,2026-10,CALL,44250,0.0,0.0,0.0,0.0,0.0,0.0,0.0,0.0,0.0,0.0,0.0,0.0,0.0,0.0,0.0,0.0,0.0,0.0,判定困難,0,取得不可,0,判定困難,0,
2026/09/30 00:04,2026-09-30T00:19:40+09:00,,2026-10,PUT,44250,37.0,37.0,0.0,0.0,0.0,0.0,0.0,0.0,0.0,0.0,0.0,0.0,12.0,12.0,1.0,1.0,0.0,0.0,判定困難,6.5,Bid/Ask midpoint,0,判定困難,0,
2026/09/30 00:04,2026-09-30T00:19:40+09:00,,2026-10,CALL,44000,0.0,0.0,0.0,0.0,0.0,0.0,0.0,0.0,0.0,0.0,0.0,0.0,0.0,0.0,0.0,0.0,0.0,0.0,判定困難,0,取得不可,0,判定困難,0,
2026/09/30 00:04,2026-09-30T00:19:40+09:00,,2026-10,CALL,43750,0.0,0.0,0.0,0.0,0.0,0.0,0.0,0.0,0.0,0.0,0.0,0.0,0.0,0.0,0.0,0.0,0.0,0.0,判定困難,0,取得不可,0,判定困難,0,
2026/09/30 00:04,2026-09-30T00:19:40+09:00,,2026-10,PUT,43750,25.0,25.0,0.0,0.0,0.0,0.0,0.0,0.0,0.0,0.0,0.0,0.0,12.0,12.0,1.0,1.0,0.0,-10.0,判定困難,6.5,Bid/Ask midpoint,0,判定困難,0,
2026/09/30 00:04,2026-09-30T00:19:40+09:00,,2026-10,CALL,43500,0.0,0.0,0.0,0.0,0.0,0.0,0.0,0.0,0.0,0.0,0.0,0.0,0.0,0.0,0.0,0.0,0.0,0.0,判定困難,0,取得不可,0,判定困難,0,
2026/09/30 00:04,2026-09-30T00:19:40+09:00,,2026-10,PUT,43500,52.0,52.0,0.0,0.0,0.0,0.0,0.0,0.0,0.0,0.0,0.0,0.0,12.0,12.0,1.0,1.0,0.0,-10.0,判定困難,6.5,Bid/Ask midpoint,0,判定困難,0,
2026/09/30 00:04,2026-09-30T00:19:40+09:00,,2026-10,CALL,43250,0.0,0.0,0.0,0.0,0.0,0.0,0.0,0.0,0.0,0.0,0.0,0.0,0.0,0.0,0.0,0.0,0.0,0.0,判定困難,0,取得不可,0,判定困難,0,
2026/09/30 00:04,2026-09-30T00:19:40+09:00,,2026-10,PUT,43250,21.0,21.0,0.0,0.0,0.0,0.0,0.0,0.0,0.0,0.0,0.0,0.0,3.0,3.0,1.0,1.0,0.0,-10.0,判定困難,2.0,Bid/Ask midpoint,0,判定困難,0,
2026/09/30 00:04,2026-09-30T00:19:40+09:00,,2026-10,CALL,43000,0.0,0.0,0.0,0.0,0.0,0.0,0.0,0.0,0.0,0.0,0.0,0.0,0.0,0.0,0.0,0.0,0.0,0.0,判定困難,0,取得不可,0,判定困難,0,
2026/09/30 00:04,2026-09-30T00:19:40+09:00,,2026-10,CALL,42750,3.0,3.0,0.0,0.0,0.0,0.0,0.0,0.0,0.0,0.0,0.0,0.0,0.0,0.0,0.0,0.0,0.0,0.0,判定困難,0,取得不可,0,判定困難,0,
2026/09/30 00:04,2026-09-30T00:19:40+09:00,,2026-10,PUT,42750,38.0,38.0,0.0,0.0,0.0,0.0,0.0,0.0,0.0,0.0,0.0,0.0,2.0,2.0,1.0,1.0,1.0,0.0,判定困難,1.5,Bid/Ask midpoint,0,判定困難,0,
2026/09/30 00:04,2026-09-30T00:19:40+09:00,,2026-10,CALL,42000,0.0,0.0,0.0,0.0,0.0,0.0,0.0,0.0,0.0,0.0,0.0,0.0,0.0,0.0,0.0,0.0,0.0,0.0,判定困難,0,取得不可,0,判定困難,0,
2026/09/30 00:04,2026-09-30T00:19:40+09:00,,2026-10,CALL,41000,0.0,0.0,0.0,0.0,0.0,0.0,0.0,0.0,0.0,0.0,0.0,0.0,0.0,0.0,0.0,0.0,0.0,0.0,判定困難,0,取得不可,0,判定困難,0,
2026/09/30 00:04,2026-09-30T00:19:40+09:00,,2026-10,CALL,40000,0.0,0.0,0.0,0.0,0.0,0.0,0.0,0.0,0.0,0.0,0.0,0.0,0.0,0.0,0.0,0.0,0.0,0.0,判定困難,0,取得不可,0,判定困難,0,
2026/09/30 00:04,2026-09-30T00:19:40+09:00,,2026-10,CALL,39000,0.0,0.0,0.0,0.0,0.0,0.0,0.0,0.0,0.0,0.0,0.0,0.0,0.0,0.0,0.0,0.0,0.0,0.0,判定困難,0,取得不可,0,判定困難,0,
2026/09/30 00:04,2026-09-30T00:19:40+09:00,,2026-10,CALL,38000,0.0,0.0,0.0,0.0,0.0,0.0,0.0,0.0,0.0,0.0,0.0,0.0,0.0,0.0,0.0,0.0,0.0,0.0,判定困難,0,取得不可,0,判定困難,0,
2026/09/30 00:04,2026-09-30T00:19:40+09:00,,2026-11,PUT,90000,0.0,0.0,0.0,0.0,0.0,0.0,0.0,0.0,0.0,0.0,0.0,0.0,0.0,0.0,0.0,0.0,0.0,0.0,判定困難,0,取得不可,0,判定困難,0,
2026/09/30 00:04,2026-09-30T00:19:40+09:00,,2026-11,PUT,87500,0.0,0.0,0.0,0.0,0.0,0.0,0.0,0.0,0.0,0.0,0.0,0.0,0.0,0.0,0.0,0.0,0.0,0.0,判定困難,0,取得不可,0,判定困難,0,
2026/09/30 00:04,2026-09-30T00:19:40+09:00,,2026-11,PUT,85000,0.0,0.0,0.0,0.0,0.0,0.0,0.0,0.0,0.0,0.0,0.0,0.0,0.0,0.0,0.0,0.0,0.0,0.0,判定困難,0,取得不可,0,判定困難,0,
2026/09/30 00:04,2026-09-30T00:19:40+09:00,,2026-11,PUT,82500,0.0,0.0,0.0,0.0,0.0,0.0,0.0,0.0,0.0,0.0,0.0,0.0,0.0,0.0,0.0,0.0,0.0,0.0,判定困難,0,取得不可,0,判定困難,0,
2026/09/30 00:04,2026-09-30T00:19:40+09:00,,2026-11,CALL,80000,230.0,230.0,0.0,0.0,0.0,0.0,0.0,0.0,0.0,0.0,0.0,0.0,29.0,28.0,20.0,21.0,9.0,23.0,判定困難,24.5,Bid/Ask midpoint,0,判定困難,0,
2026/09/30 00:04,2026-09-30T00:19:40+09:00,,2026-11,PUT,80000,0.0,0.0,0.0,0.0,0.0,0.0,0.0,0.0,0.0,0.0,0.0,0.0,0.0,0.0,0.0,0.0,0.0,0.0,判定困難,0,取得不可,0,判定困難,0,
2026/09/30 00:04,2026-09-30T00:19:40+09:00,,2026-11,CALL,79500,16.0,16.0,0.0,0.0,0.0,0.0,0.0,0.0,0.0,0.0,0.0,0.0,32.0,35.0,19.0,23.0,-28.0,0.0,判定困難,29.0,Bid/Ask midpoint,0,判定困難,0,
2026/09/30 00:04,2026-09-30T00:19:40+09:00,,2026-11,PUT,79500,2.0,2.0,0.0,0.0,0.0,0.0,0.0,0.0,0.0,0.0,0.0,0.0,0.0,0.0,0.0,0.0,0.0,0.0,判定困難,0,取得不可,0,判定困難,0,
2026/09/30 00:04,2026-09-30T00:19:40+09:00,,2026-11,PUT,79000,0.0,0.0,0.0,0.0,0.0,0.0,0.0,0.0,0.0,0.0,0.0,0.0,0.0,0.0,0.0,0.0,0.0,0.0,判定困難,0,取得不可,0,判定困難,0,
2026/09/30 00:04,2026-09-30T00:19:40+09:00,,2026-11,CALL,78500,1.0,1.0,0.0,0.0,0.0,0.0,0.0,0.0,0.0,0.0,0.0,0.0,43.0,46.0,29.0,38.0,-28.0,-34.0,判定困難,42.0,Bid/Ask midpoint,0,判定困難,0,
2026/09/30 00:04,2026-09-30T00:19:40+09:00,,2026-11,PUT,78500,0.0,0.0,0.0,0.0,0.0,0.0,0.0,0.0,0.0,0.0,0.0,0.0,0.0,0.0,0.0,0.0,0.0,0.0,判定困難,0,取得不可,0,判定困難,0,
2026/09/30 00:04,2026-09-30T00:19:40+09:00,,2026-11,PUT,78000,0.0,0.0,0.0,0.0,0.0,0.0,0.0,0.0,0.0,0.0,0.0,0.0,0.0,0.0,0.0,0.0,0.0,0.0,判定困難,0,取得不可,0,判定困難,0,
2026/09/30 00:04,2026-09-30T00:19:40+09:00,,2026-11,CALL,77500,2.0,2.0,0.0,0.0,0.0,0.0,0.0,0.0,0.0,0.0,0.0,0.0,57.0,66.0,49.0,57.0,-15.0,-2.0,判定困難,61.5,Bid/Ask midpoint,0,判定困難,0,
2026/09/30 00:04,2026-09-30T00:19:40+09:00,,2026-11,PUT,77500,0.0,0.0,0.0,0.0,0.0,0.0,0.0,0.0,0.0,0.0,0.0,0.0,0.0,0.0,0.0,0.0,0.0,0.0,判定困難,0,取得不可,0,判定困難,0,
2026/09/30 00:04,2026-09-30T00:19:40+09:00,,2026-11,PUT,77000,0.0,0.0,0.0,0.0,0.0,0.0,0.0,0.0,0.0,0.0,0.0,0.0,0.0,0.0,0.0,0.0,0.0,0.0,判定困難,0,取得不可,0,判定困難,0,
2026/09/30 00:04,2026-09-30T00:19:40+09:00,,2026-11,PUT,76500,0.0,0.0,0.0,0.0,0.0,0.0,0.0,0.0,0.0,0.0,0.0,0.0,0.0,0.0,0.0,0.0,0.0,0.0,判定困難,0,取得不可,0,判定困難,0,
2026/09/30 00:04,2026-09-30T00:19:40+09:00,,2026-11,CALL,76250,1.0,1.0,0.0,0.0,0.0,0.0,0.0,0.0,0.0,0.0,0.0,0.0,87.0,104.0,79.0,96.0,0.0,0.0,判定困難,100.0,Bid/Ask midpoint,0,判定困難,0,
2026/09/30 00:04,2026-09-30T00:19:40+09:00,,2026-11,PUT,76250,0.0,0.0,0.0,0.0,0.0,0.0,0.0,0.0,0.0,0.0,0.0,0.0,0.0,10450.0,0.0,9800.0,4.0,1.0,判定困難,10125.0,Bid/Ask midpoint,0,判定困難,0,
2026/09/30 00:04,2026-09-30T00:19:40+09:00,,2026-11,PUT,76000,0.0,0.0,0.0,0.0,0.0,0.0,0.0,0.0,0.0,0.0,0.0,0.0,0.0,10210.0,0.0,9495.0,12.0,3.0,判定困難,9852.5,Bid/Ask midpoint,0,判定困難,0,
2026/09/30 00:04,2026-09-30T00:19:40+09:00,,2026-11,PUT,75750,0.0,0.0,0.0,0.0,0.0,0.0,0.0,0.0,0.0,0.0,0.0,0.0,0.0,9970.0,0.0,9330.0,4.0,1.0,判定困難,9650.0,Bid/Ask midpoint,0,判定困難,0,
2026/09/30 00:04,2026-09-30T00:19:40+09:00,,2026-11,CALL,75500,84.0,84.0,0.0,0.0,0.0,0.0,0.0,0.0,0.0,0.0,0.0,0.0,117.0,138.0,108.0,128.0,-4.0,-2.0,判定困難,133.0,Bid/Ask midpoint,0,判定困難,0,
2026/09/30 00:04,2026-09-30T00:19:40+09:00,,2026-11,PUT,75500,0.0,0.0,0.0,0.0,0.0,0.0,0.0,0.0,0.0,0.0,0.0,0.0,10230.0,9730.0,9730.0,9100.0,0.0,-2.0,判定困難,9415.0,Bid/Ask midpoint,0,判定困難,0,
2026/09/30 00:04,2026-09-30T00:19:40+09:00,,2026-11,CALL,75250,1.0,1.0,0.0,0.0,0.0,0.0,0.0,0.0,0.0,0.0,0.0,0.0,127.0,151.0,120.0,142.0,0.0,0.0,判定困難,146.5,Bid/Ask midpoint,0,判定困難,0,
2026/09/30 00:04,2026-09-30T00:19:40+09:00,,2026-11,PUT,75250,0.0,0.0,0.0,0.0,0.0,0.0,0.0,0.0,0.0,0.0,0.0,0.0,9990.0,9490.0,9490.0,8880.0,0.0,-3.0,判定困難,9185.0,Bid/Ask midpoint,0,判定困難,0,
2026/09/30 00:04,2026-09-30T00:19:40+09:00,,2026-11,PUT,75000,0.0,0.0,0.0,0.0,0.0,0.0,0.0,0.0,0.0,0.0,0.0,0.0,9755.0,9255.0,9255.0,8730.0,0.0,-6.0,判定困難,8992.5,Bid/Ask midpoint,0,判定困難,0,
2026/09/30 00:04,2026-09-30T00:19:40+09:00,,2026-11,CALL,74750,0.0,0.0,0.0,0.0,0.0,0.0,0.0,0.0,0.0,0.0,0.0,0.0,151.0,181.0,144.0,171.0,0.0,0.0,判定困難,176.0,Bid/Ask midpoint,0,判定困難,0,
2026/09/30 00:04,2026-09-30T00:19:40+09:00,,2026-11,PUT,74750,0.0,0.0,0.0,0.0,0.0,0.0,0.0,0.0,0.0,0.0,0.0,0.0,9520.0,9020.0,9020.0,8280.0,0.0,-3.0,判定困難,8650.0,Bid/Ask midpoint,0,判定困難,0,
2026/09/30 00:04,2026-09-30T00:19:40+09:00,,2026-11,PUT,74500,0.0,0.0,0.0,0.0,0.0,0.0,0.0,0.0,0.0,0.0,0.0,0.0,9285.0,8785.0,8785.0,8105.0,2.0,-4.0,判定困難,8445.0,Bid/Ask midpoint,0,判定困難,0,
2026/09/30 00:04,2026-09-30T00:19:40+09:00,,2026-11,CALL,74250,1.0,1.0,0.0,0.0,0.0,0.0,0.0,0.0,0.0,0.0,0.0,0.0,184.0,216.0,174.0,206.0,-2.0,0.0,判定困難,211.0,Bid/Ask midpoint,0,判定困難,0,
2026/09/30 00:04,2026-09-30T00:19:40+09:00,,2026-11,PUT,74250,0.0,0.0,0.0,0.0,0.0,0.0,0.0,0.0,0.0,0.0,0.0,0.0,9050.0,8550.0,8550.0,7790.0,0.0,-1.0,判定困難,8170.0,Bid/Ask midpoint,0,判定困難,0,
2026/09/30 00:04,2026-09-30T00:19:40+09:00,,2026-11,PUT,74000,0.0,0.0,0.0,0.0,0.0,0.0,0.0,0.0,0.0,0.0,0.0,0.0,8815.0,8315.0,8315.0,7690.0,-3.0,-6.0,判定困難,8002.5,Bid/Ask midpoint,0,判定困難,0,
2026/09/30 00:04,2026-09-30T00:19:40+09:00,,2026-11,CALL,73750,2.0,2.0,0.0,0.0,0.0,0.0,0.0,0.0,0.0,0.0,0.0,0.0,220.0,256.0,209.0,246.0,0.0,0.0,判定困難,251.0,Bid/Ask midpoint,0,判定困難,0,
2026/09/30 00:04,2026-09-30T00:19:40+09:00,,2026-11,PUT,73750,0.0,0.0,0.0,0.0,0.0,0.0,0.0,0.0,0.0,0.0,0.0,0.0,8585.0,8085.0,8085.0,7350.0,0.0,-2.0,判定困難,7717.5,Bid/Ask midpoint,0,判定困難,0,
2026/09/30 00:04,2026-09-30T00:19:40+09:00,,2026-11,PUT,73500,0.0,0.0,0.0,0.0,0.0,0.0,0.0,0.0,0.0,0.0,0.0,0.0,8355.0,7855.0,7855.0,7360.0,0.0,-6.0,判定困難,7607.5,Bid/Ask midpoint,0,判定困難,0,
2026/09/30 00:04,2026-09-30T00:19:40+09:00,,2026-11,CALL,73250,1.0,1.0,0.0,0.0,0.0,0.0,0.0,0.0,0.0,0.0,0.0,0.0,262.0,305.0,248.0,291.0,-10.0,0.0,判定困難,298.0,Bid/Ask midpoint,0,判定困難,0,
2026/09/30 00:04,2026-09-30T00:19:40+09:00,,2026-11,PUT,73250,0.0,0.0,0.0,0.0,0.0,0.0,0.0,0.0,0.0,0.0,0.0,0.0,8125.0,7625.0,7625.0,7135.0,0.0,-1.0,判定困難,7380.0,Bid/Ask midpoint,0,判定困難,0,
2026/09/30 00:04,2026-09-30T00:19:40+09:00,,2026-11,PUT,73000,0.0,0.0,0.0,0.0,0.0,0.0,0.0,0.0,0.0,0.0,0.0,0.0,7905.0,7405.0,7405.0,6840.0,0.0,-9.0,判定困難,7122.5,Bid/Ask midpoint,0,判定困難,0,
2026/09/30 00:04,2026-09-30T00:19:40+09:00,,2026-11,CALL,72750,0.0,0.0,0.0,0.0,0.0,0.0,0.0,0.0,0.0,0.0,0.0,0.0,305.0,360.0,296.0,345.0,-1.0,-1.0,判定困難,352.5,Bid/Ask midpoint,0,判定困難,0,
2026/09/30 00:04,2026-09-30T00:19:40+09:00,,2026-11,PUT,72750,0.0,0.0,0.0,0.0,0.0,0.0,0.0,0.0,0.0,0.0,0.0,0.0,7675.0,7175.0,7175.0,6675.0,0.0,-3.0,判定困難,6925.0,Bid/Ask midpoint,0,判定困難,0,
2026/09/30 00:04,2026-09-30T00:19:40+09:00,,2026-11,PUT,72500,330.0,330.0,0.0,0.0,0.0,0.0,0.0,0.0,0.0,0.0,0.0,0.0,7455.0,6955.0,6955.0,6405.0,0.0,-6.0,判定困難,6680.0,Bid/Ask midpoint,0,判定困難,0,
2026/09/30 00:04,2026-09-30T00:19:40+09:00,,2026-11,CALL,72250,8.0,8.0,0.0,0.0,0.0,0.0,0.0,0.0,0.0,0.0,0.0,0.0,360.0,420.0,350.0,410.0,-2.0,0.0,判定困難,415.0,Bid/Ask midpoint,0,判定困難,0,
2026/09/30 00:04,2026-09-30T00:19:40+09:00,,2026-11,PUT,72250,0.0,0.0,0.0,0.0,0.0,0.0,0.0,0.0,0.0,0.0,0.0,0.0,7235.0,6735.0,6735.0,6105.0,0.0,-1.0,判定困難,6420.0,Bid/Ask midpoint,0,判定困難,0,
2026/09/30 00:04,2026-09-30T00:19:40+09:00,,2026-11,CALL,72125,11.0,11.0,0.0,0.0,0.0,0.0,0.0,0.0,0.0,0.0,0.0,0.0,450.0,495.0,305.0,350.0,-15.0,15.0,判定困難,422.5,Bid/Ask midpoint,0,判定困難,0,
2026/09/30 00:04,2026-09-30T00:19:40+09:00,,2026-11,PUT,72125,0.0,0.0,0.0,0.0,0.0,0.0,0.0,0.0,0.0,0.0,0.0,0.0,7140.0,6640.0,6640.0,6105.0,0.0,-3.0,判定困難,6372.5,Bid/Ask midpoint,0,判定困難,0,
2026/09/30 00:04,2026-09-30T00:19:40+09:00,,2026-11,PUT,72000,0.0,0.0,0.0,0.0,0.0,0.0,0.0,0.0,0.0,0.0,0.0,0.0,7020.0,6520.0,6520.0,5875.0,0.0,-9.0,判定困難,6197.5,Bid/Ask midpoint,0,判定困難,0,
2026/09/30 00:04,2026-09-30T00:19:40+09:00,,2026-11,CALL,71875,0.0,0.0,0.0,0.0,0.0,0.0,0.0,0.0,0.0,0.0,0.0,0.0,465.0,530.0,340.0,385.0,2.0,0.0,判定困難,457.5,Bid/Ask midpoint,0,判定困難,0,
2026/09/30 00:04,2026-09-30T00:19:40+09:00,,2026-11,PUT,71875,0.0,0.0,0.0,0.0,0.0,0.0,0.0,0.0,0.0,0.0,0.0,0.0,6925.0,6425.0,6425.0,5910.0,0.0,-1.0,判定困難,6167.5,Bid/Ask midpoint,0,判定困難,0,
2026/09/30 00:04,2026-09-30T00:19:40+09:00,,2026-11,CALL,71750,0.0,0.0,0.0,0.0,0.0,0.0,0.0,0.0,0.0,0.0,0.0,0.0,425.0,495.0,410.0,480.0,0.0,-2.0,判定困難,487.5,Bid/Ask midpoint,0,判定困難,0,
2026/09/30 00:04,2026-09-30T00:19:40+09:00,,2026-11,PUT,71750,0.0,0.0,0.0,0.0,0.0,0.0,0.0,0.0,0.0,0.0,0.0,0.0,6800.0,6300.0,6300.0,5810.0,0.0,-1.0,判定困難,6055.0,Bid/Ask midpoint,0,判定困難,0,
2026/09/30 00:04,2026-09-30T00:19:40+09:00,,2026-11,CALL,71625,8.0,8.0,0.0,0.0,0.0,0.0,0.0,0.0,0.0,0.0,0.0,0.0,505.0,570.0,380.0,425.0,-15.0,15.0,判定困難,497.5,Bid/Ask midpoint,0,判定困難,0,
2026/09/30 00:04,2026-09-30T00:19:40+09:00,,2026-11,PUT,71625,0.0,0.0,0.0,0.0,0.0,0.0,0.0,0.0,0.0,0.0,0.0,0.0,6705.0,6205.0,6205.0,5645.0,0.0,-1.0,判定困難,5925.0,Bid/Ask midpoint,0,判定困難,0,
2026/09/30 00:04,2026-09-30T00:19:40+09:00,,2026-11,PUT,71500,0.0,0.0,0.0,0.0,0.0,0.0,0.0,0.0,0.0,0.0,0.0,0.0,6585.0,6085.0,6085.0,5625.0,0.0,-2.0,判定困難,5855.0,Bid/Ask midpoint,0,判定困難,0,
2026/09/30 00:04,2026-09-30T00:19:40+09:00,,2026-11,CALL,71375,0.0,0.0,0.0,0.0,0.0,0.0,0.0,0.0,0.0,0.0,0.0,0.0,575.0,605.0,405.0,465.0,-15.0,15.0,判定困難,535.0,Bid/Ask midpoint,0,判定困難,0,
2026/09/30 00:04,2026-09-30T00:19:40+09:00,,2026-11,PUT,71375,0.0,0.0,0.0,0.0,0.0,0.0,0.0,0.0,0.0,0.0,0.0,0.0,6490.0,5990.0,5990.0,5525.0,0.0,-1.0,判定困難,5757.5,Bid/Ask midpoint,0,判定困難,0,
2026/09/30 00:04,2026-09-30T00:19:40+09:00,,2026-11,CALL,71250,6.0,6.0,0.0,0.0,0.0,0.0,0.0,0.0,0.0,0.0,0.0,0.0,500.0,580.0,480.0,555.0,-2.0,-2.0,判定困難,567.5,Bid/Ask midpoint,0,判定困難,0,
2026/09/30 00:04,2026-09-30T00:19:40+09:00,,2026-11,PUT,71250,0.0,0.0,0.0,0.0,0.0,0.0,0.0,0.0,0.0,0.0,0.0,0.0,6375.0,5875.0,5875.0,5415.0,0.0,-1.0,判定困難,5645.0,Bid/Ask midpoint,0,判定困難,0,
2026/09/30 00:04,2026-09-30T00:19:40+09:00,,2026-11,CALL,71125,2.0,2.0,0.0,0.0,0.0,0.0,0.0,0.0,0.0,0.0,0.0,0.0,615.0,675.0,445.0,515.0,-1.0,14.0,判定困難,595.0,Bid/Ask midpoint,0,判定困難,0,
2026/09/30 00:04,2026-09-30T00:19:40+09:00,,2026-11,PUT,71125,0.0,0.0,0.0,0.0,0.0,0.0,0.0,0.0,0.0,0.0,0.0,0.0,6285.0,5785.0,5785.0,5250.0,0.0,-3.0,判定困難,5517.5,Bid/Ask midpoint,0,判定困難,0,
2026/09/30 00:04,2026-09-30T00:19:40+09:00,,2026-11,PUT,71000,0.0,0.0,0.0,0.0,0.0,0.0,0.0,0.0,0.0,0.0,0.0,0.0,6165.0,5660.0,5665.0,5050.0,-4.0,-4.0,判定困難,5355.0,Bid/Ask midpoint,0,判定困難,0,
2026/09/30 00:04,2026-09-30T00:19:40+09:00,,2026-11,CALL,70875,0.0,0.0,0.0,0.0,0.0,0.0,0.0,0.0,0.0,0.0,0.0,0.0,650.0,720.0,485.0,565.0,-2.0,13.0,判定困難,642.5,Bid/Ask midpoint,0,判定困難,0,
2026/09/30 00:04,2026-09-30T00:19:40+09:00,,2026-11,PUT,70875,0.0,0.0,0.0,0.0,0.0,0.0,0.0,0.0,0.0,0.0,0.0,0.0,6080.0,5580.0,5580.0,5115.0,2.0,1.0,判定困難,5347.5,Bid/Ask midpoint,0,判定困難,0,
2026/09/30 00:04,2026-09-30T00:19:40+09:00,,2026-11,CALL,70750,5.0,5.0,0.0,0.0,0.0,0.0,0.0,0.0,0.0,0.0,0.0,0.0,585.0,680.0,560.0,640.0,0.0,-1.0,判定困難,660.0,Bid/Ask midpoint,0,判定困難,0,
2026/09/30 00:04,2026-09-30T00:19:40+09:00,,2026-11,PUT,70750,160.0,160.0,0.0,0.0,0.0,0.0,0.0,0.0,0.0,0.0,0.0,0.0,5890.0,5460.0,5460.0,4970.0,7.0,3.0,判定困難,5215.0,Bid/Ask midpoint,0,判定困難,0,
2026/09/30 00:04,2026-09-30T00:19:40+09:00,,2026-11,CALL,70625,0.0,0.0,0.0,0.0,0.0,0.0,0.0,0.0,0.0,0.0,0.0,0.0,695.0,750.0,530.0,610.0,-1.0,-2.0,判定困難,680.0,Bid/Ask midpoint,0,判定困難,0,
2026/09/30 00:04,2026-09-30T00:19:40+09:00,,2026-11,PUT,70625,0.0,0.0,0.0,0.0,0.0,0.0,0.0,0.0,0.0,0.0,0.0,0.0,5875.0,5375.0,5375.0,4930.0,0.0,-3.0,判定困難,5152.5,Bid/Ask midpoint,0,判定困難,0,
2026/09/30 00:04,2026-09-30T00:19:40+09:00,,2026-11,PUT,70500,0.0,0.0,0.0,0.0,0.0,0.0,0.0,0.0,0.0,0.0,0.0,0.0,5745.0,5255.0,5255.0,4680.0,6.0,-6.0,判定困難,4967.5,Bid/Ask midpoint,0,判定困難,0,
2026/09/30 00:04,2026-09-30T00:19:40+09:00,,2026-11,CALL,70375,102.0,102.0,0.0,0.0,0.0,0.0,0.0,0.0,0.0,0.0,0.0,0.0,740.0,795.0,560.0,665.0,-15.0,0.0,判定困難,730.0,Bid/Ask midpoint,0,判定困難,0,
2026/09/30 00:04,2026-09-30T00:19:40+09:00,,2026-11,PUT,70375,0.0,0.0,0.0,0.0,0.0,0.0,0.0,0.0,0.0,0.0,0.0,0.0,5645.0,5155.0,5155.0,4695.0,3.0,-3.0,判定困難,4925.0,Bid/Ask midpoint,0,判定困難,0,
2026/09/30 00:04,2026-09-30T00:19:40+09:00,,2026-11,CALL,70250,8.0,8.0,0.0,0.0,0.0,0.0,0.0,0.0,0.0,0.0,0.0,0.0,680.0,785.0,650.0,750.0,-1.0,0.0,判定困難,767.5,Bid/Ask midpoint,0,判定困難,0,
2026/09/30 00:04,2026-09-30T00:19:40+09:00,,2026-11,PUT,70250,0.0,0.0,0.0,0.0,0.0,0.0,0.0,0.0,0.0,0.0,0.0,0.0,5545.0,5055.0,5055.0,4525.0,3.0,-3.0,判定困難,4790.0,Bid/Ask midpoint,0,判定困難,0,
2026/09/30 00:04,2026-09-30T00:19:40+09:00,,2026-11,CALL,70125,1.0,1.0,0.0,0.0,0.0,0.0,0.0,0.0,0.0,0.0,0.0,0.0,730.0,905.0,620.0,730.0,14.0,0.0,判定困難,817.5,Bid/Ask midpoint,0,判定困難,0,
2026/09/30 00:04,2026-09-30T00:19:40+09:00,,2026-11,PUT,70125,0.0,0.0,0.0,0.0,0.0,0.0,0.0,0.0,0.0,0.0,0.0,0.0,5450.0,4960.0,4960.0,4475.0,3.0,-1.0,判定困難,4717.5,Bid/Ask midpoint,0,判定困難,0,
2026/09/30 00:04,2026-09-30T00:19:40+09:00,,2026-11,PUT,70000,465.0,465.0,0.0,0.0,0.0,0.0,0.0,0.0,0.0,0.0,0.0,0.0,5150.0,4680.0,4580.0,4575.0,-18.0,-1.0,判定困難,4627.5,Bid/Ask midpoint,0,判定困難,0,
2026/09/30 00:04,2026-09-30T00:19:40+09:00,,2026-11,CALL,69875,18.0,18.0,0.0,0.0,0.0,0.0,0.0,0.0,0.0,0.0,0.0,0.0,780.0,965.0,655.0,780.0,14.0,0.0,判定困難,872.5,Bid/Ask midpoint,0,判定困難,0,
2026/09/30 00:04,2026-09-30T00:19:40+09:00,,2026-11,PUT,69875,0.0,0.0,0.0,0.0,0.0,0.0,0.0,0.0,0.0,0.0,0.0,0.0,5255.0,4765.0,4765.0,4325.0,3.0,-3.0,判定困難,4545.0,Bid/Ask midpoint,0,判定困難,0,
2026/09/30 00:04,2026-09-30T00:19:40+09:00,,2026-11,CALL,69750,1.0,1.0,0.0,0.0,0.0,0.0,0.0,0.0,0.0,0.0,0.0,0.0,790.0,910.0,760.0,870.0,0.0,0.0,判定困難,890.0,Bid/Ask midpoint,0,判定困難,0,
2026/09/30 00:04,2026-09-30T00:19:40+09:00,,2026-11,PUT,69750,0.0,0.0,0.0,0.0,0.0,0.0,0.0,0.0,0.0,0.0,0.0,0.0,4845.0,4515.0,4725.0,4375.0,-4.0,3.0,判定困難,4445.0,Bid/Ask midpoint,0,判定困難,0,
2026/09/30 00:04,2026-09-30T00:19:40+09:00,,2026-11,CALL,69625,0.0,0.0,0.0,0.0,0.0,0.0,0.0,0.0,0.0,0.0,0.0,0.0,875.0,1000.0,720.0,860.0,0.0,-1.0,判定困難,930.0,Bid/Ask midpoint,0,判定困難,0,
2026/09/30 00:04,2026-09-30T00:19:40+09:00,,2026-11,PUT,69625,0.0,0.0,0.0,0.0,0.0,0.0,0.0,0.0,0.0,0.0,0.0,0.0,5090.0,4595.0,4595.0,4185.0,3.0,-3.0,判定困難,4390.0,Bid/Ask midpoint,0,判定困難,0,
2026/09/30 00:04,2026-09-30T00:19:40+09:00,,2026-11,CALL,69500,16.0,16.0,0.0,0.0,0.0,0.0,0.0,0.0,0.0,0.0,0.0,0.0,845.0,980.0,820.0,945.0,0.0,-2.0,判定困難,962.5,Bid/Ask midpoint,0,判定困難,0,
2026/09/30 00:04,2026-09-30T00:19:40+09:00,,2026-11,PUT,69500,1.0,1.0,0.0,0.0,0.0,0.0,0.0,0.0,0.0,0.0,0.0,0.0,4645.0,4325.0,4520.0,4210.0,-15.0,-8.0,判定困難,4267.5,Bid/Ask midpoint,0,判定困難,0,
2026/09/30 00:04,2026-09-30T00:19:40+09:00,,2026-11,CALL,69375,113.0,113.0,0.0,0.0,0.0,0.0,0.0,0.0,0.0,0.0,0.0,0.0,890.0,1075.0,760.0,900.0,14.0,-7.0,判定困難,987.5,Bid/Ask midpoint,0,判定困難,0,
2026/09/30 00:04,2026-09-30T00:19:40+09:00,,2026-11,PUT,69375,0.0,0.0,0.0,0.0,0.0,0.0,0.0,0.0,0.0,0.0,0.0,0.0,4870.0,4375.0,4375.0,3725.0,3.0,-1.0,判定困難,4050.0,Bid/Ask midpoint,0,判定困難,0,
2026/09/30 00:04,2026-09-30T00:19:40+09:00,,2026-11,CALL,69250,1.0,1.0,0.0,0.0,0.0,0.0,0.0,0.0,0.0,0.0,0.0,0.0,925.0,1050.0,885.0,1010.0,-1.0,-1.0,判定困難,1030.0,Bid/Ask midpoint,0,判定困難,0,
2026/09/30 00:04,2026-09-30T00:19:40+09:00,,2026-11,PUT,69250,0.0,0.0,0.0,0.0,0.0,0.0,0.0,0.0,0.0,0.0,0.0,0.0,4470.0,4145.0,4330.0,4025.0,-4.0,-4.0,判定困難,4085.0,Bid/Ask midpoint,0,判定困難,0,
2026/09/30 00:04,2026-09-30T00:19:40+09:00,,2026-11,CALL,69125,0.0,0.0,0.0,0.0,0.0,0.0,0.0,0.0,0.0,0.0,0.0,0.0,1035.0,1105.0,820.0,990.0,-16.0,-16.0,判定困難,1047.5,Bid/Ask midpoint,0,判定困難,0,
2026/09/30 00:04,2026-09-30T00:19:40+09:00,,2026-11,PUT,69125,0.0,0.0,0.0,0.0,0.0,0.0,0.0,0.0,0.0,0.0,0.0,0.0,4690.0,4195.0,4195.0,3810.0,3.0,-3.0,判定困難,4002.5,Bid/Ask midpoint,0,判定困難,0,
2026/09/30 00:04,2026-09-30T00:19:40+09:00,,2026-11,PUT,69000,450.0,450.0,0.0,0.0,0.0,0.0,0.0,0.0,0.0,0.0,0.0,0.0,4285.0,3995.0,4170.0,3870.0,-12.0,-3.0,判定困難,3932.5,Bid/Ask midpoint,0,判定困難,0,
2026/09/30 00:04,2026-09-30T00:19:40+09:00,,2026-11,CALL,68875,0.0,0.0,0.0,0.0,0.0,0.0,0.0,0.0,0.0,0.0,0.0,0.0,1085.0,1225.0,910.0,1115.0,0.0,-16.0,判定困難,1170.0,Bid/Ask midpoint,0,判定困難,0,
2026/09/30 00:04,2026-09-30T00:19:40+09:00,,2026-11,PUT,68875,0.0,0.0,0.0,0.0,0.0,0.0,0.0,0.0,0.0,0.0,0.0,0.0,4505.0,4030.0,4030.0,3535.0,3.0,-3.0,判定困難,3782.5,Bid/Ask midpoint,0,判定困難,0,
2026/09/30 00:04,2026-09-30T00:19:40+09:00,,2026-11,CALL,68750,10.0,10.0,0.0,0.0,0.0,0.0,0.0,0.0,0.0,0.0,0.0,0.0,1070.0,1200.0,1015.0,1160.0,0.0,0.0,判定困難,1180.0,Bid/Ask midpoint,0,判定困難,0,
2026/09/30 00:04,2026-09-30T00:19:40+09:00,,2026-11,PUT,68750,0.0,0.0,0.0,0.0,0.0,0.0,0.0,0.0,0.0,0.0,0.0,0.0,4105.0,3785.0,3995.0,3705.0,-8.0,-1.0,判定困難,3745.0,Bid/Ask midpoint,0,判定困難,0,
2026/09/30 00:04,2026-09-30T00:19:40+09:00,,2026-11,CALL,68625,0.0,0.0,0.0,0.0,0.0,0.0,0.0,0.0,0.0,0.0,0.0,0.0,1170.0,1285.0,995.0,1175.0,0.0,-15.0,判定困難,1230.0,Bid/Ask midpoint,0,判定困難,0,
2026/09/30 00:04,2026-09-30T00:19:40+09:00,,2026-11,PUT,68625,0.0,0.0,0.0,0.0,0.0,0.0,0.0,0.0,0.0,0.0,0.0,0.0,4315.0,3750.0,3855.0,3550.0,6.0,3.0,判定困難,3650.0,Bid/Ask midpoint,0,判定困難,0,
2026/09/30 00:04,2026-09-30T00:19:40+09:00,,2026-11,CALL,68500,16.0,16.0,0.0,0.0,0.0,0.0,0.0,0.0,0.0,0.0,0.0,0.0,1145.0,1290.0,1095.0,1245.0,0.0,0.0,判定困難,1267.5,Bid/Ask midpoint,0,判定困難,0,
2026/09/30 00:04,2026-09-30T00:19:40+09:00,,2026-11,PUT,68500,478.0,478.0,0.0,0.0,0.0,0.0,0.0,0.0,0.0,0.0,0.0,0.0,3895.0,3615.0,3820.0,3510.0,-7.0,8.0,判定困難,3562.5,Bid/Ask midpoint,0,判定困難,0,
2026/09/30 00:04,2026-09-30T00:19:40+09:00,,2026-11,CALL,68375,16.0,16.0,0.0,0.0,0.0,0.0,0.0,0.0,0.0,0.0,0.0,0.0,1180.0,1380.0,1070.0,1275.0,15.0,-15.0,判定困難,1327.5,Bid/Ask midpoint,0,判定困難,0,
2026/09/30 00:04,2026-09-30T00:19:40+09:00,,2026-11,PUT,68375,16.0,16.0,0.0,0.0,0.0,0.0,0.0,0.0,0.0,0.0,0.0,0.0,3880.0,3585.0,3685.0,3385.0,-4.0,-4.0,判定困難,3485.0,Bid/Ask midpoint,0,判定困難,0,
2026/09/30 00:04,2026-09-30T00:19:40+09:00,,2026-11,CALL,68250,0.0,0.0,0.0,0.0,0.0,0.0,0.0,0.0,0.0,0.0,0.0,0.0,1215.0,1385.0,1170.0,1330.0,0.0,0.0,判定困難,1357.5,Bid/Ask midpoint,0,判定困難,0,
2026/09/30 00:04,2026-09-30T00:19:40+09:00,,2026-11,PUT,68250,0.0,0.0,0.0,0.0,0.0,0.0,0.0,0.0,0.0,0.0,0.0,0.0,3735.0,3495.0,3655.0,3360.0,-12.0,9.0,判定困難,3427.5,Bid/Ask midpoint,0,判定困難,0,
2026/09/30 00:04,2026-09-30T00:19:40+09:00,,2026-11,CALL,68125,0.0,0.0,0.0,0.0,0.0,0.0,0.0,0.0,0.0,0.0,0.0,0.0,1265.0,1465.0,1155.0,1355.0,15.0,-15.0,判定困難,1410.0,Bid/Ask midpoint,0,判定困難,0,
2026/09/30 00:04,2026-09-30T00:19:40+09:00,,2026-11,PUT,68125,0.0,0.0,0.0,0.0,0.0,0.0,0.0,0.0,0.0,0.0,0.0,0.0,3710.0,3425.0,3525.0,3230.0,-4.0,3.0,判定困難,3327.5,Bid/Ask midpoint,0,判定困難,0,
2026/09/30 00:04,2026-09-30T00:19:40+09:00,,2026-11,PUT,68000,5.0,5.0,0.0,0.0,0.0,0.0,0.0,0.0,0.0,0.0,0.0,0.0,3555.0,3310.0,3475.0,3200.0,5.0,5.0,判定困難,3255.0,Bid/Ask midpoint,0,判定困難,0,
2026/09/30 00:04,2026-09-30T00:19:40+09:00,,2026-11,CALL,67875,2.0,2.0,0.0,0.0,0.0,0.0,0.0,0.0,0.0,0.0,0.0,0.0,1355.0,1555.0,1245.0,1445.0,-1.0,-16.0,判定困難,1500.0,Bid/Ask midpoint,0,判定困難,0,
2026/09/30 00:04,2026-09-30T00:19:40+09:00,,2026-11,PUT,67875,0.0,0.0,0.0,0.0,0.0,0.0,0.0,0.0,0.0,0.0,0.0,0.0,3540.0,3265.0,3360.0,3090.0,-4.0,3.0,判定困難,3177.5,Bid/Ask midpoint,0,判定困難,0,
2026/09/30 00:04,2026-09-30T00:19:40+09:00,,2026-11,CALL,67750,35.0,35.0,0.0,0.0,0.0,0.0,0.0,0.0,0.0,0.0,0.0,0.0,1395.0,1590.0,1340.0,1505.0,5.0,0.0,判定困難,1547.5,Bid/Ask midpoint,0,判定困難,0,
2026/09/30 00:04,2026-09-30T00:19:40+09:00,,2026-11,PUT,67750,0.0,0.0,0.0,0.0,0.0,0.0,0.0,0.0,0.0,0.0,0.0,0.0,3395.0,3155.0,3330.0,3070.0,3.0,-1.0,判定困難,3112.5,Bid/Ask midpoint,0,判定困難,0,
2026/09/30 00:04,2026-09-30T00:19:40+09:00,,2026-11,CALL,67625,0.0,0.0,0.0,0.0,0.0,0.0,0.0,0.0,0.0,0.0,0.0,0.0,1445.0,1630.0,1335.0,1540.0,-1.0,-16.0,判定困難,1585.0,Bid/Ask midpoint,0,判定困難,0,
2026/09/30 00:04,2026-09-30T00:19:40+09:00,,2026-11,PUT,67625,0.0,0.0,0.0,0.0,0.0,0.0,0.0,0.0,0.0,0.0,0.0,0.0,3375.0,3135.0,3215.0,2915.0,-4.0,6.0,判定困難,3025.0,Bid/Ask midpoint,0,判定困難,0,
2026/09/30 00:04,2026-09-30T00:19:40+09:00,,2026-11,CALL,67500,966.0,966.0,0.0,0.0,0.0,0.0,0.0,0.0,0.0,0.0,0.0,0.0,1485.0,1700.0,1410.0,1595.0,-2.0,-2.0,判定困難,1647.5,Bid/Ask midpoint,0,判定困難,0,
2026/09/30 00:04,2026-09-30T00:19:40+09:00,,2026-11,PUT,67500,4.0,4.0,0.0,0.0,0.0,0.0,0.0,0.0,0.0,0.0,0.0,0.0,3255.0,3000.0,3160.0,2920.0,-6.0,-2.0,判定困難,2960.0,Bid/Ask midpoint,0,判定困難,0,
2026/09/30 00:04,2026-09-30T00:19:40+09:00,,2026-11,CALL,67375,0.0,0.0,0.0,0.0,0.0,0.0,0.0,0.0,0.0,0.0,0.0,0.0,1550.0,1725.0,1440.0,1645.0,0.0,-13.0,判定困難,1685.0,Bid/Ask midpoint,0,判定困難,0,
2026/09/30 00:04,2026-09-30T00:19:40+09:00,,2026-11,PUT,67375,0.0,0.0,0.0,0.0,0.0,0.0,0.0,0.0,0.0,0.0,0.0,0.0,3220.0,2925.0,3040.0,2805.0,7.0,22.0,判定困難,2865.0,Bid/Ask midpoint,0,判定困難,0,
2026/09/30 00:04,2026-09-30T00:19:40+09:00,,2026-11,CALL,67250,0.0,0.0,0.0,0.0,0.0,0.0,0.0,0.0,0.0,0.0,0.0,0.0,1590.0,1770.0,1515.0,1725.0,5.0,0.0,判定困難,1747.5,Bid/Ask midpoint,0,判定困難,0,
2026/09/30 00:04,2026-09-30T00:19:40+09:00,,2026-11,PUT,67250,0.0,0.0,0.0,0.0,0.0,0.0,0.0,0.0,0.0,0.0,0.0,0.0,3095.0,2865.0,3025.0,2755.0,-1.0,-1.0,判定困難,2810.0,Bid/Ask midpoint,0,判定困難,0,
2026/09/30 00:04,2026-09-30T00:19:40+09:00,,2026-11,CALL,67125,0.0,0.0,0.0,0.0,0.0,0.0,0.0,0.0,0.0,0.0,0.0,0.0,1655.0,1825.0,1545.0,1745.0,0.0,0.0,判定困難,1785.0,Bid/Ask midpoint,0,判定困難,0,
2026/09/30 00:04,2026-09-30T00:19:40+09:00,,2026-11,PUT,67125,0.0,0.0,0.0,0.0,0.0,0.0,0.0,0.0,0.0,0.0,0.0,0.0,3090.0,2795.0,2875.0,2680.0,9.0,-4.0,判定困難,2737.5,Bid/Ask midpoint,0,判定困難,0,
2026/09/30 00:04,2026-09-30T00:19:40+09:00,,2026-11,PUT,67000,870.0,870.0,0.0,0.0,0.0,0.0,0.0,0.0,0.0,0.0,0.0,0.0,2945.0,2730.0,2870.0,2620.0,-3.0,-3.0,判定困難,2675.0,Bid/Ask midpoint,0,判定困難,0,
2026/09/30 00:04,2026-09-30T00:19:40+09:00,,2026-11,CALL,66875,0.0,0.0,0.0,0.0,0.0,0.0,0.0,0.0,0.0,0.0,0.0,0.0,1760.0,1935.0,1650.0,1895.0,0.0,-2.0,判定困難,1915.0,Bid/Ask midpoint,0,判定困難,0,
2026/09/30 00:04,2026-09-30T00:19:40+09:00,,2026-11,PUT,66875,0.0,0.0,0.0,0.0,0.0,0.0,0.0,0.0,0.0,0.0,0.0,0.0,2915.0,2675.0,2805.0,2555.0,1.0,19.0,判定困難,2615.0,Bid/Ask midpoint,0,判定困難,0,
2026/09/30 00:04,2026-09-30T00:19:40+09:00,,2026-11,CALL,66750,7.0,7.0,0.0,0.0,0.0,0.0,0.0,0.0,0.0,0.0,0.0,0.0,1785.0,2015.0,1730.0,1945.0,-1.0,-1.0,判定困難,1980.0,Bid/Ask midpoint,0,判定困難,0,
2026/09/30 00:04,2026-09-30T00:19:40+09:00,,2026-11,PUT,66750,0.0,0.0,0.0,0.0,0.0,0.0,0.0,0.0,0.0,0.0,0.0,0.0,2800.0,2565.0,2740.0,2490.0,-1.0,-1.0,判定困難,2527.5,Bid/Ask midpoint,0,判定困難,0,
2026/09/30 00:04,2026-09-30T00:19:40+09:00,,2026-11,CALL,66625,0.0,0.0,0.0,0.0,0.0,0.0,0.0,0.0,0.0,0.0,0.0,0.0,1875.0,2080.0,1765.0,1965.0,15.0,0.0,判定困難,2022.5,Bid/Ask midpoint,0,判定困難,0,
2026/09/30 00:04,2026-09-30T00:19:40+09:00,,2026-11,PUT,66625,0.0,0.0,0.0,0.0,0.0,0.0,0.0,0.0,0.0,0.0,0.0,0.0,2755.0,2515.0,2645.0,2400.0,15.0,10.0,判定困難,2457.5,Bid/Ask midpoint,0,判定困難,0,
2026/09/30 00:04,2026-09-30T00:19:40+09:00,,2026-11,PUT,66500,241.0,241.0,0.0,0.0,0.0,0.0,0.0,0.0,0.0,0.0,0.0,0.0,2635.0,2445.0,2605.0,2370.0,-2.0,-2.0,判定困難,2407.5,Bid/Ask midpoint,0,判定困難,0,
2026/09/30 00:04,2026-09-30T00:19:40+09:00,,2026-11,CALL,66375,0.0,0.0,0.0,0.0,0.0,0.0,0.0,0.0,0.0,0.0,0.0,0.0,1995.0,2205.0,1885.0,2085.0,15.0,27.0,判定困難,2145.0,Bid/Ask midpoint,0,判定困難,0,
2026/09/30 00:04,2026-09-30T00:19:40+09:00,,2026-11,PUT,66375,0.0,0.0,0.0,0.0,0.0,0.0,0.0,0.0,0.0,0.0,0.0,0.0,2630.0,2375.0,2520.0,2260.0,0.0,10.0,判定困難,2317.5,Bid/Ask midpoint,0,判定困難,0,
2026/09/30 00:04,2026-09-30T00:19:40+09:00,,2026-11,PUT,66250,0.0,0.0,0.0,0.0,0.0,0.0,0.0,0.0,0.0,0.0,0.0,0.0,2515.0,2310.0,2460.0,2250.0,-1.0,-1.0,判定困難,2280.0,Bid/Ask midpoint,0,判定困難,0,
2026/09/30 00:04,2026-09-30T00:19:40+09:00,,2026-11,CALL,66125,4.0,4.0,0.0,0.0,0.0,0.0,0.0,0.0,0.0,0.0,0.0,0.0,2120.0,2320.0,2010.0,2265.0,-2.0,-6.0,判定困難,2292.5,Bid/Ask midpoint,0,判定困難,0,
2026/09/30 00:04,2026-09-30T00:19:40+09:00,,2026-11,PUT,66125,0.0,0.0,0.0,0.0,0.0,0.0,0.0,0.0,0.0,0.0,0.0,0.0,2495.0,2295.0,2385.0,2180.0,10.0,15.0,判定困難,2237.5,Bid/Ask midpoint,0,判定困難,0,
2026/09/30 00:04,2026-09-30T00:19:40+09:00,,2026-11,CALL,66000,670.0,670.0,0.0,0.0,0.0,0.0,0.0,0.0,0.0,0.0,0.0,0.0,2160.0,2400.0,2080.0,2325.0,-3.0,-3.0,判定困難,2362.5,Bid/Ask midpoint,0,判定困難,0,
2026/09/30 00:04,2026-09-30T00:19:40+09:00,,2026-11,PUT,66000,2087.0,2087.0,0.0,0.0,0.0,0.0,0.0,0.0,0.0,0.0,0.0,0.0,2385.0,2190.0,2335.0,2135.0,-3.0,-3.0,判定困難,2162.5,Bid/Ask midpoint,0,判定困難,0,
2026/09/30 00:04,2026-09-30T00:19:40+09:00,,2026-11,CALL,65875,50.0,50.0,0.0,0.0,0.0,0.0,0.0,0.0,0.0,0.0,0.0,0.0,2235.0,2440.0,2125.0,2230.0,-1.0,-1.0,判定困難,2335.0,Bid/Ask midpoint,0,判定困難,0,
2026/09/30 00:04,2026-09-30T00:19:40+09:00,,2026-11,PUT,65875,0.0,0.0,0.0,0.0,0.0,0.0,0.0,0.0,0.0,0.0,0.0,0.0,2375.0,2175.0,2265.0,2055.0,0.0,15.0,判定困難,2115.0,Bid/Ask midpoint,0,判定困難,0,
2026/09/30 00:04,2026-09-30T00:19:40+09:00,,2026-11,CALL,65750,1.0,1.0,0.0,0.0,0.0,0.0,0.0,0.0,0.0,0.0,0.0,0.0,2290.0,2550.0,2200.0,2455.0,3.0,-4.0,判定困難,2502.5,Bid/Ask midpoint,0,判定困難,0,
2026/09/30 00:04,2026-09-30T00:19:40+09:00,,2026-11,PUT,65750,0.0,0.0,0.0,0.0,0.0,0.0,0.0,0.0,0.0,0.0,0.0,0.0,2275.0,2100.0,2220.0,2035.0,-1.0,-1.0,判定困難,2067.5,Bid/Ask midpoint,0,判定困難,0,
2026/09/30 00:04,2026-09-30T00:19:40+09:00,,2026-11,CALL,65625,1.0,1.0,0.0,0.0,0.0,0.0,0.0,0.0,0.0,0.0,0.0,0.0,2390.0,2745.0,2275.0,2490.0,-1.0,-18.0,判定困難,2617.5,Bid/Ask midpoint,0,判定困難,0,
2026/09/30 00:04,2026-09-30T00:19:40+09:00,,2026-11,PUT,65625,0.0,0.0,0.0,0.0,0.0,0.0,0.0,0.0,0.0,0.0,0.0,0.0,2260.0,2055.0,2150.0,1945.0,-15.0,15.0,判定困難,2000.0,Bid/Ask midpoint,0,判定困難,0,
2026/09/30 00:04,2026-09-30T00:19:40+09:00,,2026-11,PUT,65500,135.0,135.0,0.0,0.0,0.0,0.0,0.0,0.0,0.0,0.0,0.0,0.0,2140.0,1975.0,2105.0,1915.0,-1.0,-1.0,判定困難,1945.0,Bid/Ask midpoint,0,判定困難,0,
2026/09/30 00:04,2026-09-30T00:19:40+09:00,,2026-11,CALL,65375,11.0,11.0,0.0,0.0,0.0,0.0,0.0,0.0,0.0,0.0,0.0,0.0,2585.0,2955.0,2310.0,2455.0,3.0,3.0,判定困難,2705.0,Bid/Ask midpoint,0,判定困難,0,
2026/09/30 00:04,2026-09-30T00:19:40+09:00,,2026-11,PUT,65375,30.0,30.0,0.0,0.0,0.0,0.0,0.0,0.0,0.0,0.0,0.0,0.0,2150.0,1940.0,2040.0,1845.0,-14.0,15.0,判定困難,1892.5,Bid/Ask midpoint,0,判定困難,0,
2026/09/30 00:04,2026-09-30T00:19:40+09:00,,2026-11,CALL,65250,0.0,0.0,0.0,0.0,0.0,0.0,0.0,0.0,0.0,0.0,0.0,0.0,2550.0,2860.0,2455.0,2745.0,3.0,-4.0,判定困難,2802.5,Bid/Ask midpoint,0,判定困難,0,
2026/09/30 00:04,2026-09-30T00:19:40+09:00,,2026-11,PUT,65250,0.0,0.0,0.0,0.0,0.0,0.0,0.0,0.0,0.0,0.0,0.0,0.0,2020.0,1880.0,2000.0,1830.0,1.0,-1.0,判定困難,1855.0,Bid/Ask midpoint,0,判定困難,0,
2026/09/30 00:04,2026-09-30T00:19:40+09:00,,2026-11,CALL,65125,3.0,3.0,0.0,0.0,0.0,0.0,0.0,0.0,0.0,0.0,0.0,0.0,2625.0,3140.0,2345.0,2625.0,-1.0,3.0,判定困難,2882.5,Bid/Ask midpoint,0,判定困難,0,
2026/09/30 00:04,2026-09-30T00:19:40+09:00,,2026-11,PUT,65125,0.0,0.0,0.0,0.0,0.0,0.0,0.0,0.0,0.0,0.0,0.0,0.0,2040.0,1830.0,1930.0,1725.0,-19.0,10.0,判定困難,1777.5,Bid/Ask midpoint,0,判定困難,0,
2026/09/30 00:04,2026-09-30T00:19:40+09:00,,2026-11,CALL,64875,0.0,0.0,0.0,0.0,0.0,0.0,0.0,0.0,0.0,0.0,0.0,0.0,2950.0,3295.0,2485.0,2705.0,0.0,3.0,判定困難,3000.0,Bid/Ask midpoint,0,判定困難,0,
2026/09/30 00:04,2026-09-30T00:19:40+09:00,,2026-11,PUT,64875,0.0,0.0,0.0,0.0,0.0,0.0,0.0,0.0,0.0,0.0,0.0,0.0,1940.0,1740.0,1830.0,1625.0,0.0,10.0,判定困難,1682.5,Bid/Ask midpoint,0,判定困難,0,
2026/09/30 00:04,2026-09-30T00:19:40+09:00,,2026-11,CALL,64750,0.0,0.0,0.0,0.0,0.0,0.0,0.0,0.0,0.0,0.0,0.0,0.0,3045.0,3250.0,2745.0,3045.0,-1.0,-2.0,判定困難,3147.5,Bid/Ask midpoint,0,判定困難,0,
2026/09/30 00:04,2026-09-30T00:19:40+09:00,,2026-11,CALL,64625,1.0,1.0,0.0,0.0,0.0,0.0,0.0,0.0,0.0,0.0,0.0,0.0,3110.0,3465.0,2625.0,3120.0,2.0,0.0,判定困難,3292.5,Bid/Ask midpoint,0,判定困難,0,
2026/09/30 00:04,2026-09-30T00:19:40+09:00,,2026-11,PUT,64625,494.0,494.0,0.0,0.0,0.0,0.0,0.0,0.0,0.0,0.0,0.0,0.0,1835.0,1635.0,1725.0,1535.0,-1.0,10.0,判定困難,1585.0,Bid/Ask midpoint,0,判定困難,0,
2026/09/30 00:04,2026-09-30T00:19:40+09:00,,2026-11,CALL,64500,201.0,201.0,0.0,0.0,0.0,0.0,0.0,0.0,0.0,0.0,0.0,0.0,3185.0,3430.0,2690.0,3185.0,-2.0,6.0,判定困難,3307.5,Bid/Ask midpoint,0,判定困難,0,
2026/09/30 00:04,2026-09-30T00:19:40+09:00,,2026-11,PUT,64500,300.0,300.0,0.0,0.0,0.0,0.0,0.0,0.0,0.0,0.0,0.0,0.0,1725.0,1590.0,1695.0,1550.0,-2.0,-2.0,判定困難,1570.0,Bid/Ask midpoint,0,判定困難,0,
2026/09/30 00:04,2026-09-30T00:19:40+09:00,,2026-11,CALL,64375,2.0,2.0,0.0,0.0,0.0,0.0,0.0,0.0,0.0,0.0,0.0,0.0,3255.0,3730.0,2770.0,3265.0,2.0,3.0,判定困難,3497.5,Bid/Ask midpoint,0,判定困難,0,
2026/09/30 00:04,2026-09-30T00:19:40+09:00,,2026-11,PUT,64375,2.0,2.0,0.0,0.0,0.0,0.0,0.0,0.0,0.0,0.0,0.0,0.0,1695.0,1565.0,1585.0,1400.0,0.0,-5.0,判定困難,1482.5,Bid/Ask midpoint,0,判定困難,0,
2026/09/30 00:04,2026-09-30T00:19:40+09:00,,2026-11,CALL,64250,0.0,0.0,0.0,0.0,0.0,0.0,0.0,0.0,0.0,0.0,0.0,0.0,3335.0,3625.0,2850.0,3345.0,0.0,3.0,判定困難,3485.0,Bid/Ask midpoint,0,判定困難,0,
2026/09/30 00:04,2026-09-30T00:19:40+09:00,,2026-11,PUT,64250,1.0,1.0,0.0,0.0,0.0,0.0,0.0,0.0,0.0,0.0,0.0,0.0,1625.0,1500.0,1595.0,1460.0,0.0,0.0,判定困難,1480.0,Bid/Ask midpoint,0,判定困難,0,
2026/09/30 00:04,2026-09-30T00:19:40+09:00,,2026-11,CALL,64125,0.0,0.0,0.0,0.0,0.0,0.0,0.0,0.0,0.0,0.0,0.0,0.0,3400.0,3795.0,2920.0,3410.0,0.0,3.0,判定困難,3602.5,Bid/Ask midpoint,0,判定困難,0,
2026/09/30 00:04,2026-09-30T00:19:40+09:00,,2026-11,PUT,64125,0.0,0.0,0.0,0.0,0.0,0.0,0.0,0.0,0.0,0.0,0.0,0.0,1610.0,1505.0,1500.0,1315.0,15.0,9.0,判定困難,1410.0,Bid/Ask midpoint,0,判定困難,0,
2026/09/30 00:04,2026-09-30T00:19:40+09:00,,2026-11,CALL,64000,132.0,132.0,0.0,0.0,0.0,0.0,0.0,0.0,0.0,0.0,0.0,0.0,3460.0,3755.0,3025.0,3515.0,-9.0,-12.0,判定困難,3635.0,Bid/Ask midpoint,0,判定困難,0,
2026/09/30 00:04,2026-09-30T00:19:40+09:00,,2026-11,CALL,63875,0.0,0.0,0.0,0.0,0.0,0.0,0.0,0.0,0.0,0.0,0.0,0.0,3580.0,3885.0,3090.0,3580.0,-1.0,3.0,判定困難,3732.5,Bid/Ask midpoint,0,判定困難,0,
2026/09/30 00:04,2026-09-30T00:19:40+09:00,,2026-11,PUT,63875,0.0,0.0,0.0,0.0,0.0,0.0,0.0,0.0,0.0,0.0,0.0,0.0,1560.0,1380.0,1390.0,1255.0,-20.0,0.0,判定困難,1317.5,Bid/Ask midpoint,0,判定困難,0,
2026/09/30 00:04,2026-09-30T00:19:40+09:00,,2026-11,CALL,63750,0.0,0.0,0.0,0.0,0.0,0.0,0.0,0.0,0.0,0.0,0.0,0.0,3670.0,4125.0,3180.0,3670.0,-3.0,3.0,判定困難,3897.5,Bid/Ask midpoint,0,判定困難,0,
2026/09/30 00:04,2026-09-30T00:19:40+09:00,,2026-11,PUT,63750,2.0,2.0,0.0,0.0,0.0,0.0,0.0,0.0,0.0,0.0,0.0,0.0,1465.0,1340.0,1415.0,1300.0,0.0,0.0,判定困難,1320.0,Bid/Ask midpoint,0,判定困難,0,
2026/09/30 00:04,2026-09-30T00:19:40+09:00,,2026-11,CALL,63625,0.0,0.0,0.0,0.0,0.0,0.0,0.0,0.0,0.0,0.0,0.0,0.0,3740.0,4045.0,3250.0,3740.0,-3.0,3.0,判定困難,3892.5,Bid/Ask midpoint,0,判定困難,0,
2026/09/30 00:04,2026-09-30T00:19:40+09:00,,2026-11,PUT,63625,0.0,0.0,0.0,0.0,0.0,0.0,0.0,0.0,0.0,0.0,0.0,0.0,1495.0,1370.0,1290.0,1210.0,1.0,-1.0,判定困難,1290.0,Bid/Ask midpoint,0,判定困難,0,
2026/09/30 00:04,2026-09-30T00:19:40+09:00,,2026-11,CALL,63500,17.0,17.0,0.0,0.0,0.0,0.0,0.0,0.0,0.0,0.0,0.0,0.0,3835.0,4130.0,3345.0,3835.0,-2.0,6.0,判定困難,3982.5,Bid/Ask midpoint,0,判定困難,0,
2026/09/30 00:04,2026-09-30T00:19:40+09:00,,2026-11,PUT,63500,50.0,50.0,0.0,0.0,0.0,0.0,0.0,0.0,0.0,0.0,0.0,0.0,1380.0,1255.0,1350.0,1235.0,0.0,0.0,判定困難,1245.0,Bid/Ask midpoint,0,判定困難,0,
2026/09/30 00:04,2026-09-30T00:19:40+09:00,,2026-11,CALL,63375,0.0,0.0,0.0,0.0,0.0,0.0,0.0,0.0,0.0,0.0,0.0,0.0,3910.0,4505.0,3420.0,3910.0,-3.0,3.0,判定困難,4207.5,Bid/Ask midpoint,0,判定困難,0,
2026/09/30 00:04,2026-09-30T00:19:40+09:00,,2026-11,PUT,63375,0.0,0.0,0.0,0.0,0.0,0.0,0.0,0.0,0.0,0.0,0.0,0.0,1410.0,1275.0,1225.0,1100.0,-15.0,-6.0,判定困難,1187.5,Bid/Ask midpoint,0,判定困難,0,
2026/09/30 00:04,2026-09-30T00:19:40+09:00,,2026-11,CALL,63250,15.0,15.0,0.0,0.0,0.0,0.0,0.0,0.0,0.0,0.0,0.0,0.0,4010.0,4320.0,3520.0,4010.0,0.0,3.0,判定困難,4165.0,Bid/Ask midpoint,0,判定困難,0,
2026/09/30 00:04,2026-09-30T00:19:40+09:00,,2026-11,CALL,63125,0.0,0.0,0.0,0.0,0.0,0.0,0.0,0.0,0.0,0.0,0.0,0.0,4080.0,4410.0,3590.0,4080.0,-3.0,3.0,判定困難,4245.0,Bid/Ask midpoint,0,判定困難,0,
2026/09/30 00:04,2026-09-30T00:19:40+09:00,,2026-11,PUT,63125,0.0,0.0,0.0,0.0,0.0,0.0,0.0,0.0,0.0,0.0,0.0,0.0,1335.0,1205.0,1155.0,1130.0,-15.0,-21.0,判定困難,1167.5,Bid/Ask midpoint,0,判定困難,0,
2026/09/30 00:04,2026-09-30T00:19:40+09:00,,2026-11,CALL,63000,0.0,0.0,0.0,0.0,0.0,0.0,0.0,0.0,0.0,0.0,0.0,0.0,4155.0,4485.0,3700.0,4180.0,-12.0,0.0,判定困難,4332.5,Bid/Ask midpoint,0,判定困難,0,
2026/09/30 00:04,2026-09-30T00:19:40+09:00,,2026-11,CALL,62875,0.0,0.0,0.0,0.0,0.0,0.0,0.0,0.0,0.0,0.0,0.0,0.0,4265.0,4630.0,3775.0,4265.0,-3.0,3.0,判定困難,4447.5,Bid/Ask midpoint,0,判定困難,0,
2026/09/30 00:04,2026-09-30T00:19:40+09:00,,2026-11,PUT,62875,4.0,4.0,0.0,0.0,0.0,0.0,0.0,0.0,0.0,0.0,0.0,0.0,1275.0,1140.0,1075.0,1065.0,-15.0,-21.0,判定困難,1102.5,Bid/Ask midpoint,0,判定困難,0,
2026/09/30 00:04,2026-09-30T00:19:40+09:00,,2026-11,CALL,62750,0.0,0.0,0.0,0.0,0.0,0.0,0.0,0.0,0.0,0.0,0.0,0.0,4355.0,4750.0,3865.0,4355.0,-3.0,3.0,判定困難,4552.5,Bid/Ask midpoint,0,判定困難,0,
2026/09/30 00:04,2026-09-30T00:19:40+09:00,,2026-11,PUT,62750,0.0,0.0,0.0,0.0,0.0,0.0,0.0,0.0,0.0,0.0,0.0,0.0,1155.0,1050.0,1125.0,1030.0,0.0,7.0,判定困難,1040.0,Bid/Ask midpoint,0,判定困難,0,
2026/09/30 00:04,2026-09-30T00:19:40+09:00,,2026-11,CALL,62625,0.0,0.0,0.0,0.0,0.0,0.0,0.0,0.0,0.0,0.0,0.0,0.0,4450.0,4780.0,3960.0,4450.0,-3.0,3.0,判定困難,4615.0,Bid/Ask midpoint,0,判定困難,0,
2026/09/30 00:04,2026-09-30T00:19:40+09:00,,2026-11,PUT,62625,3.0,3.0,0.0,0.0,0.0,0.0,0.0,0.0,0.0,0.0,0.0,0.0,1190.0,1090.0,1010.0,1000.0,0.0,-15.0,判定困難,1045.0,Bid/Ask midpoint,0,判定困難,0,
2026/09/30 00:04,2026-09-30T00:19:40+09:00,,2026-11,CALL,62500,40.0,40.0,0.0,0.0,0.0,0.0,0.0,0.0,0.0,0.0,0.0,0.0,4535.0,5035.0,4045.0,4535.0,-6.0,6.0,判定困難,4785.0,Bid/Ask midpoint,0,判定困難,0,
2026/09/30 00:04,2026-09-30T00:19:40+09:00,,2026-11,PUT,62500,437.0,437.0,0.0,0.0,0.0,0.0,0.0,0.0,0.0,0.0,0.0,0.0,1090.0,1000.0,1065.0,970.0,0.0,0.0,判定困難,985.0,Bid/Ask midpoint,0,判定困難,0,
2026/09/30 00:04,2026-09-30T00:19:40+09:00,,2026-11,CALL,62375,0.0,0.0,0.0,0.0,0.0,0.0,0.0,0.0,0.0,0.0,0.0,0.0,4620.0,5075.0,4130.0,4620.0,-3.0,3.0,判定困難,4847.5,Bid/Ask midpoint,0,判定困難,0,
2026/09/30 00:04,2026-09-30T00:19:40+09:00,,2026-11,PUT,62375,0.0,0.0,0.0,0.0,0.0,0.0,0.0,0.0,0.0,0.0,0.0,0.0,1160.0,1040.0,945.0,925.0,1.0,-15.0,判定困難,982.5,Bid/Ask midpoint,0,判定困難,0,
2026/09/30 00:04,2026-09-30T00:19:40+09:00,,2026-11,CALL,62250,0.0,0.0,0.0,0.0,0.0,0.0,0.0,0.0,0.0,0.0,0.0,0.0,4720.0,5265.0,4230.0,4720.0,-3.0,3.0,判定困難,4992.5,Bid/Ask midpoint,0,判定困難,0,
2026/09/30 00:04,2026-09-30T00:19:40+09:00,,2026-11,CALL,62125,0.0,0.0,0.0,0.0,0.0,0.0,0.0,0.0,0.0,0.0,0.0,0.0,4815.0,5225.0,4320.0,4815.0,-1.0,3.0,判定困難,5020.0,Bid/Ask midpoint,0,判定困難,0,
2026/09/30 00:04,2026-09-30T00:19:40+09:00,,2026-11,PUT,62125,0.0,0.0,0.0,0.0,0.0,0.0,0.0,0.0,0.0,0.0,0.0,0.0,1070.0,985.0,910.0,865.0,2.0,-13.0,判定困難,925.0,Bid/Ask midpoint,0,判定困難,0,
2026/09/30 00:04,2026-09-30T00:19:40+09:00,,2026-11,CALL,62000,0.0,0.0,0.0,0.0,0.0,0.0,0.0,0.0,0.0,0.0,0.0,0.0,4865.0,5270.0,4430.0,4910.0,-9.0,0.0,判定困難,5090.0,Bid/Ask midpoint,0,判定困難,0,
2026/09/30 00:04,2026-09-30T00:19:40+09:00,,2026-11,CALL,61875,0.0,0.0,0.0,0.0,0.0,0.0,0.0,0.0,0.0,0.0,0.0,0.0,4995.0,5400.0,4505.0,4995.0,-3.0,3.0,判定困難,5197.5,Bid/Ask midpoint,0,判定困難,0,
2026/09/30 00:04,2026-09-30T00:19:40+09:00,,2026-11,PUT,61875,0.0,0.0,0.0,0.0,0.0,0.0,0.0,0.0,0.0,0.0,0.0,0.0,1025.0,935.0,840.0,800.0,1.0,-14.0,判定困難,867.5,Bid/Ask midpoint,0,判定困難,0,
2026/09/30 00:04,2026-09-30T00:19:40+09:00,,2026-11,CALL,61750,0.0,0.0,0.0,0.0,0.0,0.0,0.0,0.0,0.0,0.0,0.0,0.0,5100.0,5540.0,4610.0,5100.0,-1.0,3.0,判定困難,5320.0,Bid/Ask midpoint,0,判定困難,0,
2026/09/30 00:04,2026-09-30T00:19:40+09:00,,2026-11,PUT,61750,8.0,8.0,0.0,0.0,0.0,0.0,0.0,0.0,0.0,0.0,0.0,0.0,915.0,830.0,895.0,810.0,1.0,0.0,判定困難,820.0,Bid/Ask midpoint,0,判定困難,0,
2026/09/30 00:04,2026-09-30T00:19:40+09:00,,2026-11,CALL,61625,0.0,0.0,0.0,0.0,0.0,0.0,0.0,0.0,0.0,0.0,0.0,0.0,5195.0,5620.0,4705.0,5195.0,0.0,3.0,判定困難,5407.5,Bid/Ask midpoint,0,判定困難,0,
2026/09/30 00:04,2026-09-30T00:19:40+09:00,,2026-11,PUT,61625,6.0,6.0,0.0,0.0,0.0,0.0,0.0,0.0,0.0,0.0,0.0,0.0,945.0,880.0,790.0,765.0,1.0,-15.0,判定困難,822.5,Bid/Ask midpoint,0,判定困難,0,
2026/09/30 00:04,2026-09-30T00:19:40+09:00,,2026-11,CALL,61500,0.0,0.0,0.0,0.0,0.0,0.0,0.0,0.0,0.0,0.0,0.0,0.0,5290.0,5715.0,4800.0,5290.0,-2.0,6.0,判定困難,5502.5,Bid/Ask midpoint,0,判定困難,0,
2026/09/30 00:04,2026-09-30T00:19:40+09:00,,2026-11,CALL,61375,0.0,0.0,0.0,0.0,0.0,0.0,0.0,0.0,0.0,0.0,0.0,0.0,5395.0,5955.0,4900.0,5395.0,-5.0,1.0,判定困難,5675.0,Bid/Ask midpoint,0,判定困難,0,
2026/09/30 00:04,2026-09-30T00:19:40+09:00,,2026-11,PUT,61375,112.0,112.0,0.0,0.0,0.0,0.0,0.0,0.0,0.0,0.0,0.0,0.0,905.0,840.0,745.0,745.0,0.0,-22.0,判定困難,792.5,Bid/Ask midpoint,0,判定困難,0,
2026/09/30 00:04,2026-09-30T00:19:40+09:00,,2026-11,CALL,61250,0.0,0.0,0.0,0.0,0.0,0.0,0.0,0.0,0.0,0.0,0.0,0.0,5495.0,5870.0,5005.0,5495.0,-7.0,-1.0,判定困難,5682.5,Bid/Ask midpoint,0,判定困難,0,
2026/09/30 00:04,2026-09-30T00:19:40+09:00,,2026-11,CALL,61125,0.0,0.0,0.0,0.0,0.0,0.0,0.0,0.0,0.0,0.0,0.0,0.0,5590.0,6030.0,5100.0,5590.0,-3.0,1.0,判定困難,5810.0,Bid/Ask midpoint,0,判定困難,0,
2026/09/30 00:04,2026-09-30T00:19:40+09:00,,2026-11,PUT,61125,5.0,5.0,0.0,0.0,0.0,0.0,0.0,0.0,0.0,0.0,0.0,0.0,855.0,805.0,690.0,690.0,-15.0,-15.0,判定困難,747.5,Bid/Ask midpoint,0,判定困難,0,
2026/09/30 00:04,2026-09-30T00:19:40+09:00,,2026-11,CALL,61000,200.0,200.0,0.0,0.0,0.0,0.0,0.0,0.0,0.0,0.0,0.0,0.0,5560.0,6145.0,5375.0,5690.0,0.0,0.0,判定困難,5917.5,Bid/Ask midpoint,0,判定困難,0,
2026/09/30 00:04,2026-09-30T00:19:40+09:00,,2026-11,CALL,60875,0.0,0.0,0.0,0.0,0.0,0.0,0.0,0.0,0.0,0.0,0.0,0.0,5790.0,6245.0,5290.0,5790.0,-3.0,0.0,判定困難,6017.5,Bid/Ask midpoint,0,判定困難,0,
2026/09/30 00:04,2026-09-30T00:19:40+09:00,,2026-11,PUT,60875,0.0,0.0,0.0,0.0,0.0,0.0,0.0,0.0,0.0,0.0,0.0,0.0,805.0,750.0,670.0,560.0,-2.0,-2.0,判定困難,655.0,Bid/Ask midpoint,0,判定困難,0,
2026/09/30 00:04,2026-09-30T00:19:40+09:00,,2026-11,CALL,60750,0.0,0.0,0.0,0.0,0.0,0.0,0.0,0.0,0.0,0.0,0.0,0.0,5890.0,6385.0,5390.0,5890.0,-1.0,0.0,判定困難,6137.5,Bid/Ask midpoint,0,判定困難,0,
2026/09/30 00:04,2026-09-30T00:19:40+09:00,,2026-11,PUT,60750,41.0,41.0,0.0,0.0,0.0,0.0,0.0,0.0,0.0,0.0,0.0,0.0,720.0,650.0,700.0,635.0,-2.0,0.0,判定困難,642.5,Bid/Ask midpoint,0,判定困難,0,
2026/09/30 00:04,2026-09-30T00:19:40+09:00,,2026-11,CALL,60625,0.0,0.0,0.0,0.0,0.0,0.0,0.0,0.0,0.0,0.0,0.0,0.0,5995.0,6520.0,5495.0,5995.0,-1.0,0.0,判定困難,6257.5,Bid/Ask midpoint,0,判定困難,0,
2026/09/30 00:04,2026-09-30T00:19:40+09:00,,2026-11,PUT,60625,0.0,0.0,0.0,0.0,0.0,0.0,0.0,0.0,0.0,0.0,0.0,0.0,800.0,710.0,625.0,605.0,-2.0,-2.0,判定困難,657.5,Bid/Ask midpoint,0,判定困難,0,
2026/09/30 00:04,2026-09-30T00:19:40+09:00,,2026-11,CALL,60500,100.0,100.0,0.0,0.0,0.0,0.0,0.0,0.0,0.0,0.0,0.0,0.0,6100.0,6520.0,5600.0,6100.0,-2.0,0.0,判定困難,6310.0,Bid/Ask midpoint,0,判定困難,0,
2026/09/30 00:04,2026-09-30T00:19:40+09:00,,2026-11,PUT,60500,109.0,109.0,0.0,0.0,0.0,0.0,0.0,0.0,0.0,0.0,0.0,0.0,680.0,615.0,655.0,600.0,0.0,0.0,判定困難,607.5,Bid/Ask midpoint,0,判定困難,0,
2026/09/30 00:04,2026-09-30T00:19:40+09:00,,2026-11,CALL,60250,0.0,0.0,0.0,0.0,0.0,0.0,0.0,0.0,0.0,0.0,0.0,0.0,6310.0,6865.0,5810.0,6310.0,-1.0,0.0,判定困難,6587.5,Bid/Ask midpoint,0,判定困難,0,
2026/09/30 00:04,2026-09-30T00:19:40+09:00,,2026-11,PUT,60250,21.0,21.0,0.0,0.0,0.0,0.0,0.0,0.0,0.0,0.0,0.0,0.0,640.0,580.0,625.0,570.0,-2.0,2.0,判定困難,575.0,Bid/Ask midpoint,0,判定困難,0,
2026/09/30 00:04,2026-09-30T00:19:40+09:00,,2026-11,CALL,60000,100.0,100.0,0.0,0.0,0.0,0.0,0.0,0.0,0.0,0.0,0.0,0.0,6520.0,6990.0,6020.0,6520.0,-3.0,0.0,判定困難,6755.0,Bid/Ask midpoint,0,判定困難,0,
2026/09/30 00:04,2026-09-30T00:19:40+09:00,,2026-11,CALL,59750,0.0,0.0,0.0,0.0,0.0,0.0,0.0,0.0,0.0,0.0,0.0,0.0,6730.0,7225.0,6230.0,6730.0,-1.0,0.0,判定困難,6977.5,Bid/Ask midpoint,0,判定困難,0,
2026/09/30 00:04,2026-09-30T00:19:40+09:00,,2026-11,PUT,59750,17.0,17.0,0.0,0.0,0.0,0.0,0.0,0.0,0.0,0.0,0.0,0.0,570.0,525.0,545.0,500.0,0.0,0.0,判定困難,512.5,Bid/Ask midpoint,0,判定困難,0,
2026/09/30 00:04,2026-09-30T00:19:40+09:00,,2026-11,CALL,59500,0.0,0.0,0.0,0.0,0.0,0.0,0.0,0.0,0.0,0.0,0.0,0.0,6945.0,7475.0,6445.0,6945.0,-2.0,0.0,判定困難,7210.0,Bid/Ask midpoint,0,判定困難,0,
2026/09/30 00:04,2026-09-30T00:19:40+09:00,,2026-11,CALL,59250,0.0,0.0,0.0,0.0,0.0,0.0,0.0,0.0,0.0,0.0,0.0,0.0,7165.0,7740.0,6665.0,7165.0,-1.0,0.0,判定困難,7452.5,Bid/Ask midpoint,0,判定困難,0,
2026/09/30 00:04,2026-09-30T00:19:40+09:00,,2026-11,PUT,59250,48.0,48.0,0.0,0.0,0.0,0.0,0.0,0.0,0.0,0.0,0.0,0.0,505.0,460.0,490.0,450.0,-3.0,0.0,判定困難,455.0,Bid/Ask midpoint,0,判定困難,0,
2026/09/30 00:04,2026-09-30T00:19:40+09:00,,2026-11,CALL,59000,0.0,0.0,0.0,0.0,0.0,0.0,0.0,0.0,0.0,0.0,0.0,0.0,7385.0,7830.0,6885.0,7385.0,-9.0,0.0,判定困難,7607.5,Bid/Ask midpoint,0,判定困難,0,
2026/09/30 00:04,2026-09-30T00:19:40+09:00,,2026-11,CALL,58750,0.0,0.0,0.0,0.0,0.0,0.0,0.0,0.0,0.0,0.0,0.0,0.0,7605.0,8090.0,7105.0,7605.0,-3.0,-1.0,判定困難,7847.5,Bid/Ask midpoint,0,判定困難,0,
2026/09/30 00:04,2026-09-30T00:19:40+09:00,,2026-11,PUT,58750,58.0,58.0,0.0,0.0,0.0,0.0,0.0,0.0,0.0,0.0,0.0,0.0,450.0,415.0,435.0,400.0,0.0,3.0,判定困難,407.5,Bid/Ask midpoint,0,判定困難,0,
2026/09/30 00:04,2026-09-30T00:19:40+09:00,,2026-11,CALL,58500,0.0,0.0,0.0,0.0,0.0,0.0,0.0,0.0,0.0,0.0,0.0,0.0,7830.0,8365.0,7330.0,7830.0,-2.0,0.0,判定困難,8097.5,Bid/Ask midpoint,0,判定困難,0,
2026/09/30 00:04,2026-09-30T00:19:40+09:00,,2026-11,CALL,58250,0.0,0.0,0.0,0.0,0.0,0.0,0.0,0.0,0.0,0.0,0.0,0.0,8050.0,8555.0,7550.0,8050.0,-1.0,0.0,判定困難,8302.5,Bid/Ask midpoint,0,判定困難,0,
2026/09/30 00:04,2026-09-30T00:19:40+09:00,,2026-11,PUT,58250,113.0,113.0,0.0,0.0,0.0,0.0,0.0,0.0,0.0,0.0,0.0,0.0,400.0,370.0,390.0,360.0,3.0,-3.0,判定困難,365.0,Bid/Ask midpoint,0,判定困難,0,
2026/09/30 00:04,2026-09-30T00:19:40+09:00,,2026-11,CALL,58000,1.0,1.0,0.0,0.0,0.0,0.0,0.0,0.0,0.0,0.0,0.0,0.0,8280.0,8865.0,7780.0,8280.0,-9.0,0.0,判定困難,8572.5,Bid/Ask midpoint,0,判定困難,0,
2026/09/30 00:04,2026-09-30T00:19:40+09:00,,2026-11,CALL,57750,0.0,0.0,0.0,0.0,0.0,0.0,0.0,0.0,0.0,0.0,0.0,0.0,8505.0,9250.0,8005.0,8505.0,-3.0,0.0,判定困難,8877.5,Bid/Ask midpoint,0,判定困難,0,
2026/09/30 00:04,2026-09-30T00:19:40+09:00,,2026-11,CALL,57500,100.0,100.0,0.0,0.0,0.0,0.0,0.0,0.0,0.0,0.0,0.0,0.0,8735.0,9410.0,8235.0,8735.0,-6.0,0.0,判定困難,9072.5,Bid/Ask midpoint,0,判定困難,0,
2026/09/30 00:04,2026-09-30T00:19:40+09:00,,2026-11,CALL,57250,0.0,0.0,0.0,0.0,0.0,0.0,0.0,0.0,0.0,0.0,0.0,0.0,8965.0,9565.0,8465.0,8965.0,-1.0,-1.0,判定困難,9265.0,Bid/Ask midpoint,0,判定困難,0,
2026/09/30 00:04,2026-09-30T00:19:40+09:00,,2026-11,PUT,57250,108.0,108.0,0.0,0.0,0.0,0.0,0.0,0.0,0.0,0.0,0.0,0.0,385.0,299.0,267.0,288.0,-5.0,-5.0,判定困難,293.5,Bid/Ask midpoint,0,判定困難,0,
2026/09/30 00:04,2026-09-30T00:19:40+09:00,,2026-11,CALL,57000,0.0,0.0,0.0,0.0,0.0,0.0,0.0,0.0,0.0,0.0,0.0,0.0,9195.0,9865.0,8695.0,9195.0,0.0,0.0,判定困難,9530.0,Bid/Ask midpoint,0,判定困難,0,
2026/09/30 00:04,2026-09-30T00:19:40+09:00,,2026-11,CALL,56750,0.0,0.0,0.0,0.0,0.0,0.0,0.0,0.0,0.0,0.0,0.0,0.0,9430.0,10100.0,8930.0,9430.0,-3.0,0.0,判定困難,9765.0,Bid/Ask midpoint,0,判定困難,0,
2026/09/30 00:04,2026-09-30T00:19:40+09:00,,2026-11,PUT,56750,100.0,100.0,0.0,0.0,0.0,0.0,0.0,0.0,0.0,0.0,0.0,0.0,294.0,273.0,278.0,259.0,2.0,2.0,判定困難,266.0,Bid/Ask midpoint,0,判定困難,0,
2026/09/30 00:04,2026-09-30T00:19:40+09:00,,2026-11,CALL,56500,0.0,0.0,0.0,0.0,0.0,0.0,0.0,0.0,0.0,0.0,0.0,0.0,9660.0,10110.0,9160.0,9660.0,-6.0,0.0,判定困難,9885.0,Bid/Ask midpoint,0,判定困難,0,
2026/09/30 00:04,2026-09-30T00:19:40+09:00,,2026-11,PUT,56500,414.0,414.0,0.0,0.0,0.0,0.0,0.0,0.0,0.0,0.0,0.0,0.0,279.0,259.0,264.0,246.0,2.0,2.0,判定困難,252.5,Bid/Ask midpoint,0,判定困難,0,
2026/09/30 00:04,2026-09-30T00:19:40+09:00,,2026-11,CALL,56250,0.0,0.0,0.0,0.0,0.0,0.0,0.0,0.0,0.0,0.0,0.0,0.0,9900.0,0.0,9400.0,0.0,-4.0,-4.0,判定困難,0,取得不可,0,判定困難,0,
2026/09/30 00:04,2026-09-30T00:19:40+09:00,,2026-11,PUT,56250,112.0,112.0,0.0,0.0,0.0,0.0,0.0,0.0,0.0,0.0,0.0,0.0,265.0,247.0,253.0,234.0,0.0,1.0,判定困難,240.5,Bid/Ask midpoint,0,判定困難,0,
2026/09/30 00:04,2026-09-30T00:19:40+09:00,,2026-11,CALL,56000,34.0,34.0,0.0,0.0,0.0,0.0,0.0,0.0,0.0,0.0,0.0,0.0,10130.0,0.0,9630.0,0.0,-12.0,-12.0,判定困難,0,取得不可,0,判定困難,0,
2026/09/30 00:04,2026-09-30T00:19:40+09:00,,2026-11,CALL,55750,0.0,0.0,0.0,0.0,0.0,0.0,0.0,0.0,0.0,0.0,0.0,0.0,0.0,0.0,0.0,0.0,0.0,0.0,判定困難,0,取得不可,0,判定困難,0,
2026/09/30 00:04,2026-09-30T00:19:40+09:00,,2026-11,PUT,55750,80.0,80.0,0.0,0.0,0.0,0.0,0.0,0.0,0.0,0.0,0.0,0.0,241.0,224.0,227.0,212.0,-1.0,1.0,判定困難,218.0,Bid/Ask midpoint,0,判定困難,0,
2026/09/30 00:04,2026-09-30T00:19:40+09:00,,2026-11,CALL,55500,0.0,0.0,0.0,0.0,0.0,0.0,0.0,0.0,0.0,0.0,0.0,0.0,0.0,0.0,0.0,0.0,0.0,0.0,判定困難,0,取得不可,0,判定困難,0,
2026/09/30 00:04,2026-09-30T00:19:40+09:00,,2026-11,PUT,55500,219.0,219.0,0.0,0.0,0.0,0.0,0.0,0.0,0.0,0.0,0.0,0.0,230.0,214.0,216.0,202.0,0.0,-2.0,判定困難,208.0,Bid/Ask midpoint,0,判定困難,0,
2026/09/30 00:04,2026-09-30T00:19:40+09:00,,2026-11,CALL,55250,0.0,0.0,0.0,0.0,0.0,0.0,0.0,0.0,0.0,0.0,0.0,0.0,0.0,0.0,0.0,0.0,0.0,0.0,判定困難,0,取得不可,0,判定困難,0,
2026/09/30 00:04,2026-09-30T00:19:40+09:00,,2026-11,PUT,55250,38.0,38.0,0.0,0.0,0.0,0.0,0.0,0.0,0.0,0.0,0.0,0.0,219.0,204.0,206.0,192.0,0.0,0.0,判定困難,198.0,Bid/Ask midpoint,0,判定困難,0,
2026/09/30 00:04,2026-09-30T00:19:40+09:00,,2026-11,CALL,55000,0.0,0.0,0.0,0.0,0.0,0.0,0.0,0.0,0.0,0.0,0.0,0.0,0.0,0.0,0.0,0.0,0.0,0.0,判定困難,0,取得不可,0,判定困難,0,
2026/09/30 00:04,2026-09-30T00:19:40+09:00,,2026-11,CALL,54750,0.0,0.0,0.0,0.0,0.0,0.0,0.0,0.0,0.0,0.0,0.0,0.0,0.0,0.0,0.0,0.0,0.0,0.0,判定困難,0,取得不可,0,判定困難,0,
2026/09/30 00:04,2026-09-30T00:19:40+09:00,,2026-11,PUT,54750,16.0,16.0,0.0,0.0,0.0,0.0,0.0,0.0,0.0,0.0,0.0,0.0,200.0,187.0,186.0,175.0,-1.0,-1.0,判定困難,181.0,Bid/Ask midpoint,0,判定困難,0,
2026/09/30 00:04,2026-09-30T00:19:40+09:00,,2026-11,CALL,54500,0.0,0.0,0.0,0.0,0.0,0.0,0.0,0.0,0.0,0.0,0.0,0.0,0.0,0.0,0.0,0.0,0.0,0.0,判定困難,0,取得不可,0,判定困難,0,
2026/09/30 00:04,2026-09-30T00:19:40+09:00,,2026-11,CALL,54250,0.0,0.0,0.0,0.0,0.0,0.0,0.0,0.0,0.0,0.0,0.0,0.0,0.0,0.0,0.0,0.0,0.0,0.0,判定困難,0,取得不可,0,判定困難,0,
2026/09/30 00:04,2026-09-30T00:19:40+09:00,,2026-11,PUT,54250,5.0,5.0,0.0,0.0,0.0,0.0,0.0,0.0,0.0,0.0,0.0,0.0,182.0,171.0,170.0,159.0,2.0,0.0,判定困難,165.0,Bid/Ask midpoint,0,判定困難,0,
2026/09/30 00:04,2026-09-30T00:19:40+09:00,,2026-11,CALL,54000,0.0,0.0,0.0,0.0,0.0,0.0,0.0,0.0,0.0,0.0,0.0,0.0,0.0,0.0,0.0,0.0,0.0,0.0,判定困難,0,取得不可,0,判定困難,0,
2026/09/30 00:04,2026-09-30T00:19:40+09:00,,2026-11,CALL,53750,0.0,0.0,0.0,0.0,0.0,0.0,0.0,0.0,0.0,0.0,0.0,0.0,0.0,0.0,0.0,0.0,0.0,0.0,判定困難,0,取得不可,0,判定困難,0,
2026/09/30 00:04,2026-09-30T00:19:40+09:00,,2026-11,PUT,53750,85.0,85.0,0.0,0.0,0.0,0.0,0.0,0.0,0.0,0.0,0.0,0.0,167.0,156.0,155.0,146.0,-1.0,-1.0,判定困難,151.0,Bid/Ask midpoint,0,判定困難,0,
2026/09/30 00:04,2026-09-30T00:19:40+09:00,,2026-11,CALL,53500,0.0,0.0,0.0,0.0,0.0,0.0,0.0,0.0,0.0,0.0,0.0,0.0,0.0,0.0,0.0,0.0,0.0,0.0,判定困難,0,取得不可,0,判定困難,0,
2026/09/30 00:04,2026-09-30T00:19:40+09:00,,2026-11,PUT,53500,685.0,685.0,0.0,0.0,0.0,0.0,0.0,0.0,0.0,0.0,0.0,0.0,159.0,150.0,148.0,140.0,0.0,-2.0,判定困難,145.0,Bid/Ask midpoint,0,判定困難,0,
2026/09/30 00:04,2026-09-30T00:19:40+09:00,,2026-11,CALL,53250,0.0,0.0,0.0,0.0,0.0,0.0,0.0,0.0,0.0,0.0,0.0,0.0,0.0,0.0,0.0,0.0,0.0,0.0,判定困難,0,取得不可,0,判定困難,0,
2026/09/30 00:04,2026-09-30T00:19:40+09:00,,2026-11,PUT,53250,170.0,170.0,0.0,0.0,0.0,0.0,0.0,0.0,0.0,0.0,0.0,0.0,153.0,144.0,142.0,133.0,-2.0,2.0,判定困難,138.5,Bid/Ask midpoint,0,判定困難,0,
2026/09/30 00:04,2026-09-30T00:19:40+09:00,,2026-11,CALL,53000,0.0,0.0,0.0,0.0,0.0,0.0,0.0,0.0,0.0,0.0,0.0,0.0,0.0,0.0,0.0,0.0,0.0,0.0,判定困難,0,取得不可,0,判定困難,0,
2026/09/30 00:04,2026-09-30T00:19:40+09:00,,2026-11,PUT,53000,585.0,585.0,0.0,0.0,0.0,0.0,0.0,0.0,0.0,0.0,0.0,0.0,146.0,138.0,136.0,129.0,0.0,0.0,判定困難,133.5,Bid/Ask midpoint,0,判定困難,0,
2026/09/30 00:04,2026-09-30T00:19:40+09:00,,2026-11,CALL,52750,0.0,0.0,0.0,0.0,0.0,0.0,0.0,0.0,0.0,0.0,0.0,0.0,0.0,0.0,0.0,0.0,0.0,0.0,判定困難,0,取得不可,0,判定困難,0,
2026/09/30 00:04,2026-09-30T00:19:40+09:00,,2026-11,PUT,52750,47.0,47.0,0.0,0.0,0.0,0.0,0.0,0.0,0.0,0.0,0.0,0.0,140.0,132.0,130.0,123.0,0.0,0.0,判定困難,127.5,Bid/Ask midpoint,0,判定困難,0,
2026/09/30 00:04,2026-09-30T00:19:40+09:00,,2026-11,CALL,52500,0.0,0.0,0.0,0.0,0.0,0.0,0.0,0.0,0.0,0.0,0.0,0.0,0.0,0.0,0.0,0.0,0.0,0.0,判定困難,0,取得不可,0,判定困難,0,
2026/09/30 00:04,2026-09-30T00:19:40+09:00,,2026-11,CALL,52250,0.0,0.0,0.0,0.0,0.0,0.0,0.0,0.0,0.0,0.0,0.0,0.0,0.0,0.0,0.0,0.0,0.0,0.0,判定困難,0,取得不可,0,判定困難,0,
2026/09/30 00:04,2026-09-30T00:19:40+09:00,,2026-11,PUT,52250,8.0,8.0,0.0,0.0,0.0,0.0,0.0,0.0,0.0,0.0,0.0,0.0,129.0,122.0,119.0,112.0,0.0,2.0,判定困難,117.0,Bid/Ask midpoint,0,判定困難,0,
2026/09/30 00:04,2026-09-30T00:19:40+09:00,,2026-11,CALL,52000,0.0,0.0,0.0,0.0,0.0,0.0,0.0,0.0,0.0,0.0,0.0,0.0,0.0,0.0,0.0,0.0,0.0,0.0,判定困難,0,取得不可,0,判定困難,0,
2026/09/30 00:04,2026-09-30T00:19:40+09:00,,2026-11,PUT,52000,2028.0,2028.0,0.0,0.0,0.0,0.0,0.0,0.0,0.0,0.0,0.0,0.0,124.0,117.0,114.0,111.0,1.0,-20.0,判定困難,114.0,Bid/Ask midpoint,0,判定困難,0,
2026/09/30 00:04,2026-09-30T00:19:40+09:00,,2026-11,CALL,51750,0.0,0.0,0.0,0.0,0.0,0.0,0.0,0.0,0.0,0.0,0.0,0.0,0.0,0.0,0.0,0.0,0.0,0.0,判定困難,0,取得不可,0,判定困難,0,
2026/09/30 00:04,2026-09-30T00:19:40+09:00,,2026-11,PUT,51750,61.0,61.0,0.0,0.0,0.0,0.0,0.0,0.0,0.0,0.0,0.0,0.0,119.0,113.0,109.0,104.0,2.0,0.0,判定困難,108.5,Bid/Ask midpoint,0,判定困難,0,
2026/09/30 00:04,2026-09-30T00:19:40+09:00,,2026-11,CALL,51500,0.0,0.0,0.0,0.0,0.0,0.0,0.0,0.0,0.0,0.0,0.0,0.0,0.0,0.0,0.0,0.0,0.0,0.0,判定困難,0,取得不可,0,判定困難,0,
2026/09/30 00:04,2026-09-30T00:19:40+09:00,,2026-11,PUT,51500,682.0,682.0,0.0,0.0,0.0,0.0,0.0,0.0,0.0,0.0,0.0,0.0,114.0,108.0,104.0,99.0,0.0,2.0,判定困難,103.5,Bid/Ask midpoint,0,判定困難,0,
2026/09/30 00:04,2026-09-30T00:19:40+09:00,,2026-11,CALL,51250,0.0,0.0,0.0,0.0,0.0,0.0,0.0,0.0,0.0,0.0,0.0,0.0,0.0,0.0,0.0,0.0,0.0,0.0,判定困難,0,取得不可,0,判定困難,0,
2026/09/30 00:04,2026-09-30T00:19:40+09:00,,2026-11,CALL,51000,0.0,0.0,0.0,0.0,0.0,0.0,0.0,0.0,0.0,0.0,0.0,0.0,0.0,0.0,0.0,0.0,0.0,0.0,判定困難,0,取得不可,0,判定困難,0,
2026/09/30 00:04,2026-09-30T00:19:40+09:00,,2026-11,CALL,50750,0.0,0.0,0.0,0.0,0.0,0.0,0.0,0.0,0.0,0.0,0.0,0.0,0.0,0.0,0.0,0.0,0.0,0.0,判定困難,0,取得不可,0,判定困難,0,
2026/09/30 00:04,2026-09-30T00:19:40+09:00,,2026-11,PUT,50750,195.0,195.0,0.0,0.0,0.0,0.0,0.0,0.0,0.0,0.0,0.0,0.0,101.0,96.0,91.0,88.0,0.0,-2.0,判定困難,92.0,Bid/Ask midpoint,0,判定困難,0,
2026/09/30 00:04,2026-09-30T00:19:40+09:00,,2026-11,CALL,50500,0.0,0.0,0.0,0.0,0.0,0.0,0.0,0.0,0.0,0.0,0.0,0.0,0.0,0.0,0.0,0.0,0.0,0.0,判定困難,0,取得不可,0,判定困難,0,
2026/09/30 00:04,2026-09-30T00:19:40+09:00,,2026-11,PUT,50500,428.0,428.0,0.0,0.0,0.0,0.0,0.0,0.0,0.0,0.0,0.0,0.0,97.0,93.0,88.0,85.0,0.0,0.0,判定困難,89.0,Bid/Ask midpoint,0,判定困難,0,
2026/09/30 00:04,2026-09-30T00:19:40+09:00,,2026-11,CALL,50250,35.0,35.0,0.0,0.0,0.0,0.0,0.0,0.0,0.0,0.0,0.0,0.0,0.0,0.0,0.0,0.0,0.0,0.0,判定困難,0,取得不可,0,判定困難,0,
2026/09/30 00:04,2026-09-30T00:19:40+09:00,,2026-11,PUT,50250,77.0,77.0,0.0,0.0,0.0,0.0,0.0,0.0,0.0,0.0,0.0,0.0,94.0,90.0,84.0,81.0,2.0,-13.0,判定困難,85.5,Bid/Ask midpoint,0,判定困難,0,
2026/09/30 00:04,2026-09-30T00:19:40+09:00,,2026-11,CALL,50000,0.0,0.0,0.0,0.0,0.0,0.0,0.0,0.0,0.0,0.0,0.0,0.0,0.0,0.0,0.0,0.0,0.0,0.0,判定困難,0,取得不可,0,判定困難,0,
2026/09/30 00:04,2026-09-30T00:19:40+09:00,,2026-11,CALL,49750,0.0,0.0,0.0,0.0,0.0,0.0,0.0,0.0,0.0,0.0,0.0,0.0,0.0,0.0,0.0,0.0,0.0,0.0,判定困難,0,取得不可,0,判定困難,0,
2026/09/30 00:04,2026-09-30T00:19:40+09:00,,2026-11,PUT,49750,64.0,64.0,0.0,0.0,0.0,0.0,0.0,0.0,0.0,0.0,0.0,0.0,87.0,83.0,77.0,75.0,-2.0,-2.0,判定困難,79.0,Bid/Ask midpoint,0,判定困難,0,
2026/09/30 00:04,2026-09-30T00:19:40+09:00,,2026-11,CALL,49500,0.0,0.0,0.0,0.0,0.0,0.0,0.0,0.0,0.0,0.0,0.0,0.0,0.0,0.0,0.0,0.0,0.0,0.0,判定困難,0,取得不可,0,判定困難,0,
2026/09/30 00:04,2026-09-30T00:19:40+09:00,,2026-11,PUT,49500,417.0,417.0,0.0,0.0,0.0,0.0,0.0,0.0,0.0,0.0,0.0,0.0,84.0,80.0,74.0,71.0,-2.0,0.0,判定困難,75.5,Bid/Ask midpoint,0,判定困難,0,
2026/09/30 00:04,2026-09-30T00:19:40+09:00,,2026-11,CALL,49250,0.0,0.0,0.0,0.0,0.0,0.0,0.0,0.0,0.0,0.0,0.0,0.0,0.0,0.0,0.0,0.0,0.0,0.0,判定困難,0,取得不可,0,判定困難,0,
2026/09/30 00:04,2026-09-30T00:19:40+09:00,,2026-11,PUT,49250,159.0,159.0,0.0,0.0,0.0,0.0,0.0,0.0,0.0,0.0,0.0,0.0,81.0,81.0,71.0,66.0,-11.0,-11.0,判定困難,73.5,Bid/Ask midpoint,0,判定困難,0,
2026/09/30 00:04,2026-09-30T00:19:40+09:00,,2026-11,CALL,49000,0.0,0.0,0.0,0.0,0.0,0.0,0.0,0.0,0.0,0.0,0.0,0.0,0.0,0.0,0.0,0.0,0.0,0.0,判定困難,0,取得不可,0,判定困難,0,
2026/09/30 00:04,2026-09-30T00:19:40+09:00,,2026-11,PUT,49000,384.0,384.0,0.0,0.0,0.0,0.0,0.0,0.0,0.0,0.0,0.0,0.0,78.0,79.0,69.0,62.0,-25.0,-22.0,判定困難,70.5,Bid/Ask midpoint,0,判定困難,0,
2026/09/30 00:04,2026-09-30T00:19:40+09:00,,2026-11,CALL,48750,0.0,0.0,0.0,0.0,0.0,0.0,0.0,0.0,0.0,0.0,0.0,0.0,0.0,0.0,0.0,0.0,0.0,0.0,判定困難,0,取得不可,0,判定困難,0,
2026/09/30 00:04,2026-09-30T00:19:40+09:00,,2026-11,PUT,48750,140.0,140.0,0.0,0.0,0.0,0.0,0.0,0.0,0.0,0.0,0.0,0.0,76.0,77.0,65.0,60.0,0.0,1.0,判定困難,68.5,Bid/Ask midpoint,0,判定困難,0,
2026/09/30 00:04,2026-09-30T00:19:40+09:00,,2026-11,CALL,48500,0.0,0.0,0.0,0.0,0.0,0.0,0.0,0.0,0.0,0.0,0.0,0.0,0.0,0.0,0.0,0.0,0.0,0.0,判定困難,0,取得不可,0,判定困難,0,
2026/09/30 00:04,2026-09-30T00:19:40+09:00,,2026-11,PUT,48500,280.0,280.0,0.0,0.0,0.0,0.0,0.0,0.0,0.0,0.0,0.0,0.0,75.0,74.0,59.0,57.0,0.0,0.0,判定困難,65.5,Bid/Ask midpoint,0,判定困難,0,
2026/09/30 00:04,2026-09-30T00:19:40+09:00,,2026-11,CALL,48250,0.0,0.0,0.0,0.0,0.0,0.0,0.0,0.0,0.0,0.0,0.0,0.0,0.0,0.0,0.0,0.0,0.0,0.0,判定困難,0,取得不可,0,判定困難,0,
2026/09/30 00:04,2026-09-30T00:19:40+09:00,,2026-11,PUT,48250,33.0,33.0,0.0,0.0,0.0,0.0,0.0,0.0,0.0,0.0,0.0,0.0,74.0,71.0,56.0,54.0,0.0,0.0,判定困難,62.5,Bid/Ask midpoint,0,判定困難,0,
2026/09/30 00:04,2026-09-30T00:19:40+09:00,,2026-11,CALL,48000,0.0,0.0,0.0,0.0,0.0,0.0,0.0,0.0,0.0,0.0,0.0,0.0,0.0,0.0,0.0,0.0,0.0,0.0,判定困難,0,取得不可,0,判定困難,0,
2026/09/30 00:04,2026-09-30T00:19:40+09:00,,2026-11,CALL,47750,0.0,0.0,0.0,0.0,0.0,0.0,0.0,0.0,0.0,0.0,0.0,0.0,0.0,0.0,0.0,0.0,0.0,0.0,判定困難,0,取得不可,0,判定困難,0,
2026/09/30 00:04,2026-09-30T00:19:40+09:00,,2026-11,PUT,47750,98.0,98.0,0.0,0.0,0.0,0.0,0.0,0.0,0.0,0.0,0.0,0.0,69.0,67.0,52.0,50.0,0.0,-1.0,判定困難,58.5,Bid/Ask midpoint,0,判定困難,0,
2026/09/30 00:04,2026-09-30T00:19:40+09:00,,2026-11,CALL,47500,0.0,0.0,0.0,0.0,0.0,0.0,0.0,0.0,0.0,0.0,0.0,0.0,0.0,0.0,0.0,0.0,0.0,0.0,判定困難,0,取得不可,0,判定困難,0,
2026/09/30 00:04,2026-09-30T00:19:40+09:00,,2026-11,PUT,47500,235.0,235.0,0.0,0.0,0.0,0.0,0.0,0.0,0.0,0.0,0.0,0.0,67.0,65.0,49.0,48.0,0.0,0.0,判定困難,56.5,Bid/Ask midpoint,0,判定困難,0,
2026/09/30 00:04,2026-09-30T00:19:40+09:00,,2026-11,CALL,47250,0.0,0.0,0.0,0.0,0.0,0.0,0.0,0.0,0.0,0.0,0.0,0.0,0.0,0.0,0.0,0.0,0.0,0.0,判定困難,0,取得不可,0,判定困難,0,
2026/09/30 00:04,2026-09-30T00:19:40+09:00,,2026-11,PUT,47250,34.0,34.0,0.0,0.0,0.0,0.0,0.0,0.0,0.0,0.0,0.0,0.0,65.0,63.0,47.0,46.0,0.0,0.0,判定困難,54.5,Bid/Ask midpoint,0,判定困難,0,
2026/09/30 00:04,2026-09-30T00:19:40+09:00,,2026-11,CALL,47000,0.0,0.0,0.0,0.0,0.0,0.0,0.0,0.0,0.0,0.0,0.0,0.0,0.0,0.0,0.0,0.0,0.0,0.0,判定困難,0,取得不可,0,判定困難,0,
2026/09/30 00:04,2026-09-30T00:19:40+09:00,,2026-11,PUT,47000,870.0,870.0,0.0,0.0,0.0,0.0,0.0,0.0,0.0,0.0,0.0,0.0,63.0,61.0,45.0,44.0,0.0,0.0,判定困難,52.5,Bid/Ask midpoint,0,判定困難,0,
2026/09/30 00:04,2026-09-30T00:19:40+09:00,,2026-11,CALL,46750,0.0,0.0,0.0,0.0,0.0,0.0,0.0,0.0,0.0,0.0,0.0,0.0,0.0,0.0,0.0,0.0,0.0,0.0,判定困難,0,取得不可,0,判定困難,0,
2026/09/30 00:04,2026-09-30T00:19:40+09:00,,2026-11,PUT,46750,105.0,105.0,0.0,0.0,0.0,0.0,0.0,0.0,0.0,0.0,0.0,0.0,61.0,59.0,43.0,43.0,0.0,0.0,判定困難,51.0,Bid/Ask midpoint,0,判定困難,0,
2026/09/30 00:04,2026-09-30T00:19:40+09:00,,2026-11,CALL,46500,0.0,0.0,0.0,0.0,0.0,0.0,0.0,0.0,0.0,0.0,0.0,0.0,0.0,0.0,0.0,0.0,0.0,0.0,判定困難,0,取得不可,0,判定困難,0,
2026/09/30 00:04,2026-09-30T00:19:40+09:00,,2026-11,PUT,46500,300.0,300.0,0.0,0.0,0.0,0.0,0.0,0.0,0.0,0.0,0.0,0.0,58.0,57.0,43.0,41.0,0.0,0.0,判定困難,49.0,Bid/Ask midpoint,0,判定困難,0,
2026/09/30 00:04,2026-09-30T00:19:40+09:00,,2026-11,CALL,46250,0.0,0.0,0.0,0.0,0.0,0.0,0.0,0.0,0.0,0.0,0.0,0.0,0.0,0.0,0.0,0.0,0.0,0.0,判定困難,0,取得不可,0,判定困難,0,
2026/09/30 00:04,2026-09-30T00:19:40+09:00,,2026-11,PUT,46250,5.0,5.0,0.0,0.0,0.0,0.0,0.0,0.0,0.0,0.0,0.0,0.0,57.0,54.0,41.0,40.0,0.0,0.0,判定困難,47.0,Bid/Ask midpoint,0,判定困難,0,
2026/09/30 00:04,2026-09-30T00:19:40+09:00,,2026-11,CALL,46000,0.0,0.0,0.0,0.0,0.0,0.0,0.0,0.0,0.0,0.0,0.0,0.0,0.0,0.0,0.0,0.0,0.0,0.0,判定困難,0,取得不可,0,判定困難,0,
2026/09/30 00:04,2026-09-30T00:19:40+09:00,,2026-11,PUT,46000,919.0,919.0,0.0,0.0,0.0,0.0,0.0,0.0,0.0,0.0,0.0,0.0,56.0,54.0,38.0,38.0,0.0,0.0,判定困難,46.0,Bid/Ask midpoint,0,判定困難,0,
2026/09/30 00:04,2026-09-30T00:19:40+09:00,,2026-11,CALL,45750,0.0,0.0,0.0,0.0,0.0,0.0,0.0,0.0,0.0,0.0,0.0,0.0,0.0,0.0,0.0,0.0,0.0,0.0,判定困難,0,取得不可,0,判定困難,0,
2026/09/30 00:04,2026-09-30T00:19:40+09:00,,2026-11,PUT,45750,13.0,13.0,0.0,0.0,0.0,0.0,0.0,0.0,0.0,0.0,0.0,0.0,54.0,52.0,37.0,36.0,0.0,0.0,判定困難,44.0,Bid/Ask midpoint,0,判定困難,0,
2026/09/30 00:04,2026-09-30T00:19:40+09:00,,2026-11,CALL,45500,0.0,0.0,0.0,0.0,0.0,0.0,0.0,0.0,0.0,0.0,0.0,0.0,0.0,0.0,0.0,0.0,0.0,0.0,判定困難,0,取得不可,0,判定困難,0,
2026/09/30 00:04,2026-09-30T00:19:40+09:00,,2026-11,PUT,45500,107.0,107.0,0.0,0.0,0.0,0.0,0.0,0.0,0.0,0.0,0.0,0.0,52.0,51.0,35.0,35.0,0.0,0.0,判定困難,43.0,Bid/Ask midpoint,0,判定困難,0,
2026/09/30 00:04,2026-09-30T00:19:40+09:00,,2026-11,CALL,45250,0.0,0.0,0.0,0.0,0.0,0.0,0.0,0.0,0.0,0.0,0.0,0.0,0.0,0.0,0.0,0.0,0.0,0.0,判定困難,0,取得不可,0,判定困難,0,
2026/09/30 00:04,2026-09-30T00:19:40+09:00,,2026-11,PUT,45250,106.0,106.0,0.0,0.0,0.0,0.0,0.0,0.0,0.0,0.0,0.0,0.0,50.0,49.0,34.0,34.0,0.0,0.0,判定困難,41.5,Bid/Ask midpoint,0,判定困難,0,
2026/09/30 00:04,2026-09-30T00:19:40+09:00,,2026-11,CALL,45000,0.0,0.0,0.0,0.0,0.0,0.0,0.0,0.0,0.0,0.0,0.0,0.0,0.0,0.0,0.0,0.0,0.0,0.0,判定困難,0,取得不可,0,判定困難,0,
2026/09/30 00:04,2026-09-30T00:19:40+09:00,,2026-11,CALL,44750,0.0,0.0,0.0,0.0,0.0,0.0,0.0,0.0,0.0,0.0,0.0,0.0,0.0,0.0,0.0,0.0,0.0,0.0,判定困難,0,取得不可,0,判定困難,0,
2026/09/30 00:04,2026-09-30T00:19:40+09:00,,2026-11,PUT,44750,7.0,7.0,0.0,0.0,0.0,0.0,0.0,0.0,0.0,0.0,0.0,0.0,133.0,133.0,1.0,1.0,0.0,0.0,判定困難,67.0,Bid/Ask midpoint,0,判定困難,0,
2026/09/30 00:04,2026-09-30T00:19:40+09:00,,2026-11,CALL,44500,2.0,2.0,0.0,0.0,0.0,0.0,0.0,0.0,0.0,0.0,0.0,0.0,0.0,0.0,0.0,0.0,0.0,0.0,判定困難,0,取得不可,0,判定困難,0,
2026/09/30 00:04,2026-09-30T00:19:40+09:00,,2026-11,PUT,44500,127.0,127.0,0.0,0.0,0.0,0.0,0.0,0.0,0.0,0.0,0.0,0.0,54.0,55.0,10.0,10.0,6.0,0.0,判定困難,32.5,Bid/Ask midpoint,0,判定困難,0,
2026/09/30 00:04,2026-09-30T00:19:40+09:00,,2026-11,CALL,44000,0.0,0.0,0.0,0.0,0.0,0.0,0.0,0.0,0.0,0.0,0.0,0.0,0.0,0.0,0.0,0.0,0.0,0.0,判定困難,0,取得不可,0,判定困難,0,
2026/09/30 00:04,2026-09-30T00:19:40+09:00,,2026-11,PUT,44000,1135.0,1135.0,0.0,0.0,0.0,0.0,0.0,0.0,0.0,0.0,0.0,0.0,48.0,48.0,7.0,7.0,0.0,0.0,判定困難,27.5,Bid/Ask midpoint,0,判定困難,0,
2026/09/30 00:04,2026-09-30T00:19:40+09:00,,2026-11,CALL,43000,0.0,0.0,0.0,0.0,0.0,0.0,0.0,0.0,0.0,0.0,0.0,0.0,0.0,0.0,0.0,0.0,0.0,0.0,判定困難,0,取得不可,0,判定困難,0,
2026/09/30 00:04,2026-09-30T00:19:40+09:00,,2026-11,PUT,43000,379.0,379.0,0.0,0.0,0.0,0.0,0.0,0.0,0.0,0.0,0.0,0.0,45.0,45.0,3.0,3.0,0.0,0.0,判定困難,24.0,Bid/Ask midpoint,0,判定困難,0,
2026/09/30 00:04,2026-09-30T00:19:40+09:00,,2026-11,CALL,42000,0.0,0.0,0.0,0.0,0.0,0.0,0.0,0.0,0.0,0.0,0.0,0.0,0.0,0.0,0.0,0.0,0.0,0.0,判定困難,0,取得不可,0,判定困難,0,
2026/09/30 00:04,2026-09-30T00:19:40+09:00,,2026-11,PUT,42000,382.0,382.0,0.0,0.0,0.0,0.0,0.0,0.0,0.0,0.0,0.0,0.0,40.0,40.0,1.0,1.0,-6.0,0.0,判定困難,20.5,Bid/Ask midpoint,0,判定困難,0,
2026/09/30 00:04,2026-09-30T00:19:40+09:00,,2026-11,CALL,41000,0.0,0.0,0.0,0.0,0.0,0.0,0.0,0.0,0.0,0.0,0.0,0.0,0.0,0.0,0.0,0.0,0.0,0.0,判定困難,0,取得不可,0,判定困難,0,
2026/09/30 00:04,2026-09-30T00:19:40+09:00,,2026-11,PUT,41000,236.0,236.0,0.0,0.0,0.0,0.0,0.0,0.0,0.0,0.0,0.0,0.0,27.0,27.0,6.0,6.0,0.0,0.0,判定困難,16.5,Bid/Ask midpoint,0,判定困難,0,
2026/09/30 00:04,2026-09-30T00:19:40+09:00,,2026-11,CALL,40000,0.0,0.0,0.0,0.0,0.0,0.0,0.0,0.0,0.0,0.0,0.0,0.0,0.0,0.0,0.0,0.0,0.0,0.0,判定困難,0,取得不可,0,判定困難,0,
2026/09/30 00:04,2026-09-30T00:19:40+09:00,,2026-11,CALL,39000,0.0,0.0,0.0,0.0,0.0,0.0,0.0,0.0,0.0,0.0,0.0,0.0,0.0,0.0,0.0,0.0,0.0,0.0,判定困難,0,取得不可,0,判定困難,0,
2026/09/30 00:04,2026-09-30T00:19:40+09:00,,2026-11,PUT,39000,104.0,104.0,0.0,0.0,0.0,0.0,0.0,0.0,0.0,0.0,0.0,0.0,24.0,24.0,14.0,11.0,0.0,10.0,判定困難,17.5,Bid/Ask midpoint,0,判定困難,0,
2026/09/30 00:04,2026-09-30T00:19:40+09:00,,2026-11,CALL,38000,0.0,0.0,0.0,0.0,0.0,0.0,0.0,0.0,0.0,0.0,0.0,0.0,0.0,0.0,0.0,0.0,0.0,0.0,判定困難,0,取得不可,0,判定困難,0,
2026/09/30 00:04,2026-09-30T00:19:40+09:00,,2026-11,PUT,38000,11.0,11.0,0.0,0.0,0.0,0.0,0.0,0.0,0.0,0.0,0.0,0.0,20.0,20.0,1.0,1.0,0.0,0.0,判定困難,10.5,Bid/Ask midpoint,0,判定困難,0,
2026/09/30 00:04,2026-09-30T00:19:40+09:00,,2026-11,CALL,37000,0.0,0.0,0.0,0.0,0.0,0.0,0.0,0.0,0.0,0.0,0.0,0.0,0.0,0.0,0.0,0.0,0.0,0.0,判定困難,0,取得不可,0,判定困難,0,
2026/09/30 00:04,2026-09-30T00:19:40+09:00,,2026-11,PUT,37000,14.0,14.0,0.0,0.0,0.0,0.0,0.0,0.0,0.0,0.0,0.0,0.0,30.0,30.0,7.0,7.0,0.0,0.0,判定困難,18.5,Bid/Ask midpoint,0,判定困難,0,
2026/09/30 00:04,2026-09-30T00:19:40+09:00,,2026-11,CALL,36000,0.0,0.0,0.0,0.0,0.0,0.0,0.0,0.0,0.0,0.0,0.0,0.0,0.0,0.0,0.0,0.0,0.0,0.0,判定困難,0,取得不可,0,判定困難,0,
2026/09/30 00:04,2026-09-30T00:19:40+09:00,,2026-11,PUT,36000,6.0,6.0,0.0,0.0,0.0,0.0,0.0,0.0,0.0,0.0,0.0,0.0,15.0,15.0,5.0,5.0,0.0,0.0,判定困難,10.0,Bid/Ask midpoint,0,判定困難,0,
2026/09/30 00:04,2026-09-30T00:19:40+09:00,,2026-11,CALL,35000,0.0,0.0,0.0,0.0,0.0,0.0,0.0,0.0,0.0,0.0,0.0,0.0,0.0,0.0,0.0,0.0,0.0,0.0,判定困難,0,取得不可,0,判定困難,0,
2026/09/30 00:04,2026-09-30T00:19:40+09:00,,2026-12,PUT,100000,0.0,0.0,0.0,0.0,0.0,0.0,0.0,0.0,0.0,0.0,0.0,0.0,0.0,0.0,0.0,0.0,0.0,0.0,判定困難,0,取得不可,0,判定困難,0,
2026/09/30 00:04,2026-09-30T00:19:40+09:00,,2026-12,CALL,95000,1078.0,1078.0,0.0,0.0,0.0,0.0,0.0,0.0,0.0,0.0,0.0,0.0,10.0,10.0,3.0,3.0,0.0,0.0,判定困難,6.5,Bid/Ask midpoint,0,判定困難,0,
2026/09/30 00:04,2026-09-30T00:19:40+09:00,,2026-12,PUT,95000,0.0,0.0,0.0,0.0,0.0,0.0,0.0,0.0,0.0,0.0,0.0,0.0,0.0,0.0,0.0,0.0,0.0,0.0,判定困難,0,取得不可,0,判定困難,0,
2026/09/30 00:04,2026-09-30T00:19:40+09:00,,2026-12,PUT,90000,3.0,3.0,0.0,0.0,0.0,0.0,0.0,0.0,0.0,0.0,0.0,0.0,0.0,0.0,0.0,0.0,0.0,0.0,判定困難,0,取得不可,0,判定困難,0,
2026/09/30 00:04,2026-09-30T00:19:40+09:00,,2026-12,CALL,87500,2459.0,2459.0,0.0,0.0,0.0,0.0,0.0,0.0,0.0,0.0,0.0,0.0,100.0,100.0,10.0,10.0,0.0,0.0,判定困難,55.0,Bid/Ask midpoint,0,判定困難,0,
2026/09/30 00:04,2026-09-30T00:19:40+09:00,,2026-12,PUT,87500,0.0,0.0,0.0,0.0,0.0,0.0,0.0,0.0,0.0,0.0,0.0,0.0,0.0,0.0,0.0,0.0,0.0,0.0,判定困難,0,取得不可,0,判定困難,0,
2026/09/30 00:04,2026-09-30T00:19:40+09:00,,2026-12,CALL,85000,1009.0,1009.0,0.0,0.0,0.0,0.0,0.0,0.0,0.0,0.0,0.0,0.0,55.0,55.0,20.0,20.0,0.0,0.0,判定困難,37.5,Bid/Ask midpoint,0,判定困難,0,
2026/09/30 00:04,2026-09-30T00:19:40+09:00,,2026-12,PUT,85000,0.0,0.0,0.0,0.0,0.0,0.0,0.0,0.0,0.0,0.0,0.0,0.0,0.0,0.0,0.0,0.0,0.0,0.0,判定困難,0,取得不可,0,判定困難,0,
2026/09/30 00:04,2026-09-30T00:19:40+09:00,,2026-12,CALL,84000,523.0,523.0,0.0,0.0,0.0,0.0,0.0,0.0,0.0,0.0,0.0,0.0,56.0,56.0,14.0,14.0,0.0,0.0,判定困難,35.0,Bid/Ask midpoint,0,判定困難,0,
2026/09/30 00:04,2026-09-30T00:19:40+09:00,,2026-12,PUT,84000,0.0,0.0,0.0,0.0,0.0,0.0,0.0,0.0,0.0,0.0,0.0,0.0,0.0,0.0,0.0,0.0,0.0,0.0,判定困難,0,取得不可,0,判定困難,0,
2026/09/30 00:04,2026-09-30T00:19:40+09:00,,2026-12,CALL,83000,121.0,121.0,0.0,0.0,0.0,0.0,0.0,0.0,0.0,0.0,0.0,0.0,70.0,70.0,29.0,29.0,0.0,0.0,判定困難,49.5,Bid/Ask midpoint,0,判定困難,0,
2026/09/30 00:04,2026-09-30T00:19:40+09:00,,2026-12,PUT,83000,0.0,0.0,0.0,0.0,0.0,0.0,0.0,0.0,0.0,0.0,0.0,0.0,0.0,0.0,0.0,0.0,0.0,0.0,判定困難,0,取得不可,0,判定困難,0,
2026/09/30 00:04,2026-09-30T00:19:40+09:00,,2026-12,CALL,82500,1126.0,1126.0,0.0,0.0,0.0,0.0,0.0,0.0,0.0,0.0,0.0,0.0,55.0,65.0,40.0,40.0,10.0,18.0,判定困難,52.5,Bid/Ask midpoint,0,判定困難,0,
2026/09/30 00:04,2026-09-30T00:19:40+09:00,,2026-12,PUT,82500,0.0,0.0,0.0,0.0,0.0,0.0,0.0,0.0,0.0,0.0,0.0,0.0,0.0,0.0,0.0,0.0,0.0,0.0,判定困難,0,取得不可,0,判定困難,0,
2026/09/30 00:04,2026-09-30T00:19:40+09:00,,2026-12,CALL,82000,3.0,3.0,0.0,0.0,0.0,0.0,0.0,0.0,0.0,0.0,0.0,0.0,87.0,87.0,49.0,49.0,0.0,27.0,判定困難,68.0,Bid/Ask midpoint,0,判定困難,0,
2026/09/30 00:04,2026-09-30T00:19:40+09:00,,2026-12,PUT,82000,0.0,0.0,0.0,0.0,0.0,0.0,0.0,0.0,0.0,0.0,0.0,0.0,0.0,0.0,0.0,0.0,0.0,0.0,判定困難,0,取得不可,0,判定困難,0,
2026/09/30 00:04,2026-09-30T00:19:40+09:00,,2026-12,PUT,81000,0.0,0.0,0.0,0.0,0.0,0.0,0.0,0.0,0.0,0.0,0.0,0.0,0.0,0.0,0.0,0.0,0.0,0.0,判定困難,0,取得不可,0,判定困難,0,
2026/09/30 00:04,2026-09-30T00:19:40+09:00,,2026-12,PUT,80000,3700.0,3700.0,0.0,0.0,0.0,0.0,0.0,0.0,0.0,0.0,0.0,0.0,0.0,0.0,0.0,0.0,0.0,0.0,判定困難,0,取得不可,0,判定困難,0,
2026/09/30 00:04,2026-09-30T00:19:40+09:00,,2026-12,PUT,79000,0.0,0.0,0.0,0.0,0.0,0.0,0.0,0.0,0.0,0.0,0.0,0.0,0.0,0.0,0.0,0.0,0.0,0.0,判定困難,0,取得不可,0,判定困難,0,
2026/09/30 00:04,2026-09-30T00:19:40+09:00,,2026-12,CALL,78000,388.0,388.0,0.0,0.0,0.0,0.0,0.0,0.0,0.0,0.0,0.0,0.0,219.0,219.0,118.0,160.0,0.0,0.0,判定困難,189.5,Bid/Ask midpoint,0,判定困難,0,
2026/09/30 00:04,2026-09-30T00:19:40+09:00,,2026-12,PUT,78000,0.0,0.0,0.0,0.0,0.0,0.0,0.0,0.0,0.0,0.0,0.0,0.0,0.0,0.0,0.0,0.0,0.0,0.0,判定困難,0,取得不可,0,判定困難,0,
2026/09/30 00:04,2026-09-30T00:19:40+09:00,,2026-12,CALL,77500,1055.0,1055.0,0.0,0.0,0.0,0.0,0.0,0.0,0.0,0.0,0.0,0.0,256.0,256.0,130.0,161.0,0.0,0.0,判定困難,208.5,Bid/Ask midpoint,0,判定困難,0,
2026/09/30 00:04,2026-09-30T00:19:40+09:00,,2026-12,PUT,77500,0.0,0.0,0.0,0.0,0.0,0.0,0.0,0.0,0.0,0.0,0.0,0.0,0.0,0.0,0.0,0.0,0.0,0.0,判定困難,0,取得不可,0,判定困難,0,
2026/09/30 00:04,2026-09-30T00:19:40+09:00,,2026-12,CALL,77000,303.0,303.0,0.0,0.0,0.0,0.0,0.0,0.0,0.0,0.0,0.0,0.0,280.0,280.0,164.0,192.0,0.0,0.0,判定困難,236.0,Bid/Ask midpoint,0,判定困難,0,
2026/09/30 00:04,2026-09-30T00:19:40+09:00,,2026-12,PUT,77000,0.0,0.0,0.0,0.0,0.0,0.0,0.0,0.0,0.0,0.0,0.0,0.0,0.0,0.0,0.0,0.0,0.0,0.0,判定困難,0,取得不可,0,判定困難,0,
2026/09/30 00:04,2026-09-30T00:19:40+09:00,,2026-12,CALL,76250,12.0,12.0,0.0,0.0,0.0,0.0,0.0,0.0,0.0,0.0,0.0,0.0,350.0,350.0,210.0,247.0,0.0,-8.0,判定困難,298.5,Bid/Ask midpoint,0,判定困難,0,
2026/09/30 00:04,2026-09-30T00:19:40+09:00,,2026-12,PUT,76250,0.0,0.0,0.0,0.0,0.0,0.0,0.0,0.0,0.0,0.0,0.0,0.0,0.0,0.0,0.0,0.0,0.0,0.0,判定困難,0,取得不可,0,判定困難,0,
2026/09/30 00:04,2026-09-30T00:19:40+09:00,,2026-12,CALL,76000,460.0,460.0,0.0,0.0,0.0,0.0,0.0,0.0,0.0,0.0,0.0,0.0,360.0,355.0,224.0,287.0,-22.0,0.0,判定困難,321.0,Bid/Ask midpoint,0,判定困難,0,
2026/09/30 00:04,2026-09-30T00:19:40+09:00,,2026-12,PUT,76000,300.0,300.0,0.0,0.0,0.0,0.0,0.0,0.0,0.0,0.0,0.0,0.0,0.0,10215.0,0.0,9535.0,12.0,9.0,判定困難,9875.0,Bid/Ask midpoint,0,判定困難,0,
2026/09/30 00:04,2026-09-30T00:19:40+09:00,,2026-12,CALL,75750,0.0,0.0,0.0,0.0,0.0,0.0,0.0,0.0,0.0,0.0,0.0,0.0,390.0,390.0,245.0,284.0,0.0,-8.0,判定困難,337.0,Bid/Ask midpoint,0,判定困難,0,
2026/09/30 00:04,2026-09-30T00:19:40+09:00,,2026-12,PUT,75750,0.0,0.0,0.0,0.0,0.0,0.0,0.0,0.0,0.0,0.0,0.0,0.0,0.0,9985.0,0.0,9240.0,4.0,1.0,判定困難,9612.5,Bid/Ask midpoint,0,判定困難,0,
2026/09/30 00:04,2026-09-30T00:19:40+09:00,,2026-12,CALL,75500,2.0,2.0,0.0,0.0,0.0,0.0,0.0,0.0,0.0,0.0,0.0,0.0,415.0,450.0,260.0,299.0,0.0,-14.0,判定困難,374.5,Bid/Ask midpoint,0,判定困難,0,
2026/09/30 00:04,2026-09-30T00:19:40+09:00,,2026-12,PUT,75500,0.0,0.0,0.0,0.0,0.0,0.0,0.0,0.0,0.0,0.0,0.0,0.0,10255.0,9755.0,9755.0,9330.0,0.0,-6.0,判定困難,9542.5,Bid/Ask midpoint,0,判定困難,0,
2026/09/30 00:04,2026-09-30T00:19:40+09:00,,2026-12,CALL,75250,0.0,0.0,0.0,0.0,0.0,0.0,0.0,0.0,0.0,0.0,0.0,0.0,440.0,440.0,295.0,340.0,0.0,-8.0,判定困難,390.0,Bid/Ask midpoint,0,判定困難,0,
2026/09/30 00:04,2026-09-30T00:19:40+09:00,,2026-12,PUT,75250,0.0,0.0,0.0,0.0,0.0,0.0,0.0,0.0,0.0,0.0,0.0,0.0,10040.0,9540.0,9540.0,9075.0,0.0,-3.0,判定困難,9307.5,Bid/Ask midpoint,0,判定困難,0,
2026/09/30 00:04,2026-09-30T00:19:40+09:00,,2026-12,CALL,75000,3727.0,3727.0,0.0,0.0,0.0,0.0,0.0,0.0,0.0,0.0,0.0,0.0,450.0,450.0,300.0,370.0,0.0,0.0,判定困難,410.0,Bid/Ask midpoint,0,判定困難,0,
2026/09/30 00:04,2026-09-30T00:19:40+09:00,,2026-12,PUT,75000,0.0,0.0,0.0,0.0,0.0,0.0,0.0,0.0,0.0,0.0,0.0,0.0,9810.0,9310.0,9310.0,8850.0,0.0,-3.0,判定困難,9080.0,Bid/Ask midpoint,0,判定困難,0,
2026/09/30 00:04,2026-09-30T00:19:40+09:00,,2026-12,CALL,74750,1.0,1.0,0.0,0.0,0.0,0.0,0.0,0.0,0.0,0.0,0.0,0.0,495.0,495.0,340.0,385.0,0.0,-9.0,判定困難,440.0,Bid/Ask midpoint,0,判定困難,0,
2026/09/30 00:04,2026-09-30T00:19:40+09:00,,2026-12,PUT,74750,0.0,0.0,0.0,0.0,0.0,0.0,0.0,0.0,0.0,0.0,0.0,0.0,9585.0,9085.0,9085.0,8620.0,0.0,-1.0,判定困難,8852.5,Bid/Ask midpoint,0,判定困難,0,
2026/09/30 00:04,2026-09-30T00:19:40+09:00,,2026-12,CALL,74500,1.0,1.0,0.0,0.0,0.0,0.0,0.0,0.0,0.0,0.0,0.0,0.0,515.0,575.0,375.0,415.0,14.0,-16.0,判定困難,495.0,Bid/Ask midpoint,0,判定困難,0,
2026/09/30 00:04,2026-09-30T00:19:40+09:00,,2026-12,PUT,74500,0.0,0.0,0.0,0.0,0.0,0.0,0.0,0.0,0.0,0.0,0.0,0.0,9370.0,8870.0,8870.0,8115.0,0.0,-6.0,判定困難,8492.5,Bid/Ask midpoint,0,判定困難,0,
2026/09/30 00:04,2026-09-30T00:19:40+09:00,,2026-12,CALL,74250,0.0,0.0,0.0,0.0,0.0,0.0,0.0,0.0,0.0,0.0,0.0,0.0,550.0,625.0,375.0,420.0,8.0,-8.0,判定困難,522.5,Bid/Ask midpoint,0,判定困難,0,
2026/09/30 00:04,2026-09-30T00:19:40+09:00,,2026-12,PUT,74250,0.0,0.0,0.0,0.0,0.0,0.0,0.0,0.0,0.0,0.0,0.0,0.0,9145.0,8645.0,8645.0,8030.0,0.0,-3.0,判定困難,8337.5,Bid/Ask midpoint,0,判定困難,0,
2026/09/30 00:04,2026-09-30T00:19:40+09:00,,2026-12,CALL,74000,1751.0,1751.0,0.0,0.0,0.0,0.0,0.0,0.0,0.0,0.0,0.0,0.0,565.0,595.0,405.0,475.0,0.0,0.0,判定困難,535.0,Bid/Ask midpoint,0,判定困難,0,
2026/09/30 00:04,2026-09-30T00:19:40+09:00,,2026-12,PUT,74000,101.0,101.0,0.0,0.0,0.0,0.0,0.0,0.0,0.0,0.0,0.0,0.0,8920.0,8420.0,8420.0,7715.0,0.0,-9.0,判定困難,8067.5,Bid/Ask midpoint,0,判定困難,0,
2026/09/30 00:04,2026-09-30T00:19:40+09:00,,2026-12,CALL,73750,1.0,1.0,0.0,0.0,0.0,0.0,0.0,0.0,0.0,0.0,0.0,0.0,620.0,680.0,430.0,480.0,8.0,-8.0,判定困難,580.0,Bid/Ask midpoint,0,判定困難,0,
2026/09/30 00:04,2026-09-30T00:19:40+09:00,,2026-12,PUT,73750,0.0,0.0,0.0,0.0,0.0,0.0,0.0,0.0,0.0,0.0,0.0,0.0,8700.0,8200.0,8200.0,7500.0,0.0,-3.0,判定困難,7850.0,Bid/Ask midpoint,0,判定困難,0,
2026/09/30 00:04,2026-09-30T00:19:40+09:00,,2026-12,CALL,73500,400.0,400.0,0.0,0.0,0.0,0.0,0.0,0.0,0.0,0.0,0.0,0.0,650.0,670.0,470.0,560.0,0.0,-14.0,判定困難,615.0,Bid/Ask midpoint,0,判定困難,0,
2026/09/30 00:04,2026-09-30T00:19:40+09:00,,2026-12,PUT,73500,0.0,0.0,0.0,0.0,0.0,0.0,0.0,0.0,0.0,0.0,0.0,0.0,8495.0,7995.0,7995.0,7575.0,0.0,-2.0,判定困難,7785.0,Bid/Ask midpoint,0,判定困難,0,
2026/09/30 00:04,2026-09-30T00:19:40+09:00,,2026-12,CALL,73250,0.0,0.0,0.0,0.0,0.0,0.0,0.0,0.0,0.0,0.0,0.0,0.0,690.0,750.0,500.0,550.0,8.0,-8.0,判定困難,650.0,Bid/Ask midpoint,0,判定困難,0,
2026/09/30 00:04,2026-09-30T00:19:40+09:00,,2026-12,PUT,73250,0.0,0.0,0.0,0.0,0.0,0.0,0.0,0.0,0.0,0.0,0.0,0.0,8275.0,7775.0,7775.0,7345.0,0.0,-3.0,判定困難,7560.0,Bid/Ask midpoint,0,判定困難,0,
2026/09/30 00:04,2026-09-30T00:19:40+09:00,,2026-12,CALL,73000,705.0,705.0,0.0,0.0,0.0,0.0,0.0,0.0,0.0,0.0,0.0,0.0,710.0,785.0,545.0,625.0,0.0,-21.0,判定困難,705.0,Bid/Ask midpoint,0,判定困難,0,
2026/09/30 00:04,2026-09-30T00:19:40+09:00,,2026-12,PUT,73000,4.0,4.0,0.0,0.0,0.0,0.0,0.0,0.0,0.0,0.0,0.0,0.0,8070.0,7570.0,7570.0,7140.0,0.0,-9.0,判定困難,7355.0,Bid/Ask midpoint,0,判定困難,0,
2026/09/30 00:04,2026-09-30T00:19:40+09:00,,2026-12,CALL,72750,0.0,0.0,0.0,0.0,0.0,0.0,0.0,0.0,0.0,0.0,0.0,0.0,775.0,835.0,585.0,640.0,8.0,-8.0,判定困難,737.5,Bid/Ask midpoint,0,判定困難,0,
2026/09/30 00:04,2026-09-30T00:19:40+09:00,,2026-12,PUT,72750,0.0,0.0,0.0,0.0,0.0,0.0,0.0,0.0,0.0,0.0,0.0,0.0,7860.0,7360.0,7360.0,6750.0,0.0,-3.0,判定困難,7055.0,Bid/Ask midpoint,0,判定困難,0,
2026/09/30 00:04,2026-09-30T00:19:40+09:00,,2026-12,CALL,72500,2413.0,2413.0,0.0,0.0,0.0,0.0,0.0,0.0,0.0,0.0,0.0,0.0,810.0,840.0,635.0,735.0,-2.0,-16.0,判定困難,787.5,Bid/Ask midpoint,0,判定困難,0,
2026/09/30 00:04,2026-09-30T00:19:40+09:00,,2026-12,PUT,72500,420.0,420.0,0.0,0.0,0.0,0.0,0.0,0.0,0.0,0.0,0.0,0.0,7660.0,7160.0,7160.0,6520.0,0.0,-2.0,判定困難,6840.0,Bid/Ask midpoint,0,判定困難,0,
2026/09/30 00:04,2026-09-30T00:19:40+09:00,,2026-12,CALL,72250,2.0,2.0,0.0,0.0,0.0,0.0,0.0,0.0,0.0,0.0,0.0,0.0,860.0,890.0,650.0,750.0,-1.0,-9.0,判定困難,820.0,Bid/Ask midpoint,0,判定困難,0,
2026/09/30 00:04,2026-09-30T00:19:40+09:00,,2026-12,PUT,72250,0.0,0.0,0.0,0.0,0.0,0.0,0.0,0.0,0.0,0.0,0.0,0.0,7455.0,6955.0,6955.0,6330.0,0.0,-3.0,判定困難,6642.5,Bid/Ask midpoint,0,判定困難,0,
2026/09/30 00:04,2026-09-30T00:19:40+09:00,,2026-12,CALL,72000,3761.0,3761.0,0.0,0.0,0.0,0.0,0.0,0.0,0.0,0.0,0.0,0.0,830.0,970.0,730.0,830.0,-18.0,18.0,判定困難,900.0,Bid/Ask midpoint,0,判定困難,0,
2026/09/30 00:04,2026-09-30T00:19:40+09:00,,2026-12,PUT,72000,120.0,120.0,0.0,0.0,0.0,0.0,0.0,0.0,0.0,0.0,0.0,0.0,7235.0,6735.0,6735.0,6085.0,0.0,-3.0,判定困難,6410.0,Bid/Ask midpoint,0,判定困難,0,
2026/09/30 00:04,2026-09-30T00:19:40+09:00,,2026-12,CALL,71750,24.0,24.0,0.0,0.0,0.0,0.0,0.0,0.0,0.0,0.0,0.0,0.0,955.0,1035.0,735.0,845.0,7.0,-7.0,判定困難,940.0,Bid/Ask midpoint,0,判定困難,0,
2026/09/30 00:04,2026-09-30T00:19:40+09:00,,2026-12,PUT,71750,0.0,0.0,0.0,0.0,0.0,0.0,0.0,0.0,0.0,0.0,0.0,0.0,7040.0,6540.0,6540.0,6085.0,0.0,-3.0,判定困難,6312.5,Bid/Ask midpoint,0,判定困難,0,
2026/09/30 00:04,2026-09-30T00:19:40+09:00,,2026-12,CALL,71500,251.0,251.0,0.0,0.0,0.0,0.0,0.0,0.0,0.0,0.0,0.0,0.0,955.0,1055.0,795.0,895.0,0.0,-12.0,判定困難,975.0,Bid/Ask midpoint,0,判定困難,0,
2026/09/30 00:04,2026-09-30T00:19:40+09:00,,2026-12,PUT,71500,0.0,0.0,0.0,0.0,0.0,0.0,0.0,0.0,0.0,0.0,0.0,0.0,6845.0,6345.0,6345.0,5785.0,0.0,-2.0,判定困難,6065.0,Bid/Ask midpoint,0,判定困難,0,
2026/09/30 00:04,2026-09-30T00:19:40+09:00,,2026-12,CALL,71250,0.0,0.0,0.0,0.0,0.0,0.0,0.0,0.0,0.0,0.0,0.0,0.0,1065.0,1180.0,815.0,980.0,0.0,-7.0,判定困難,1080.0,Bid/Ask midpoint,0,判定困難,0,
2026/09/30 00:04,2026-09-30T00:19:40+09:00,,2026-12,PUT,71250,0.0,0.0,0.0,0.0,0.0,0.0,0.0,0.0,0.0,0.0,0.0,0.0,6670.0,6170.0,6170.0,5790.0,0.0,-1.0,判定困難,5980.0,Bid/Ask midpoint,0,判定困難,0,
2026/09/30 00:04,2026-09-30T00:19:40+09:00,,2026-12,CALL,71000,1313.0,1313.0,0.0,0.0,0.0,0.0,0.0,0.0,0.0,0.0,0.0,0.0,1055.0,1170.0,935.0,1070.0,0.0,0.0,判定困難,1120.0,Bid/Ask midpoint,0,判定困難,0,
2026/09/30 00:04,2026-09-30T00:19:40+09:00,,2026-12,PUT,71000,31.0,31.0,0.0,0.0,0.0,0.0,0.0,0.0,0.0,0.0,0.0,0.0,6470.0,5970.0,5970.0,5570.0,0.0,-3.0,判定困難,5770.0,Bid/Ask midpoint,0,判定困難,0,
2026/09/30 00:04,2026-09-30T00:19:40+09:00,,2026-12,CALL,70750,0.0,0.0,0.0,0.0,0.0,0.0,0.0,0.0,0.0,0.0,0.0,0.0,1185.0,1245.0,925.0,1100.0,0.0,-7.0,判定困難,1172.5,Bid/Ask midpoint,0,判定困難,0,
2026/09/30 00:04,2026-09-30T00:19:40+09:00,,2026-12,PUT,70750,0.0,0.0,0.0,0.0,0.0,0.0,0.0,0.0,0.0,0.0,0.0,0.0,6280.0,5780.0,5780.0,5355.0,0.0,-3.0,判定困難,5567.5,Bid/Ask midpoint,0,判定困難,0,
2026/09/30 00:04,2026-09-30T00:19:40+09:00,,2026-12,CALL,70500,0.0,0.0,0.0,0.0,0.0,0.0,0.0,0.0,0.0,0.0,0.0,0.0,1235.0,1305.0,1040.0,1150.0,0.0,0.0,判定困難,1227.5,Bid/Ask midpoint,0,判定困難,0,
2026/09/30 00:04,2026-09-30T00:19:40+09:00,,2026-12,PUT,70500,0.0,0.0,0.0,0.0,0.0,0.0,0.0,0.0,0.0,0.0,0.0,0.0,6080.0,5580.0,5580.0,5265.0,0.0,-6.0,判定困難,5422.5,Bid/Ask midpoint,0,判定困難,0,
2026/09/30 00:04,2026-09-30T00:19:40+09:00,,2026-12,CALL,70250,0.0,0.0,0.0,0.0,0.0,0.0,0.0,0.0,0.0,0.0,0.0,0.0,1315.0,1380.0,1035.0,1215.0,0.0,-7.0,判定困難,1297.5,Bid/Ask midpoint,0,判定困難,0,
2026/09/30 00:04,2026-09-30T00:19:40+09:00,,2026-12,PUT,70250,0.0,0.0,0.0,0.0,0.0,0.0,0.0,0.0,0.0,0.0,0.0,0.0,5895.0,5395.0,5395.0,4940.0,0.0,-3.0,判定困難,5167.5,Bid/Ask midpoint,0,判定困難,0,
2026/09/30 00:04,2026-09-30T00:19:40+09:00,,2026-12,CALL,70000,5415.0,5415.0,0.0,0.0,0.0,0.0,0.0,0.0,0.0,0.0,0.0,0.0,1310.0,1495.0,1175.0,1325.0,18.0,0.0,判定困難,1410.0,Bid/Ask midpoint,0,判定困難,0,
2026/09/30 00:04,2026-09-30T00:19:40+09:00,,2026-12,PUT,70000,1653.0,1653.0,0.0,0.0,0.0,0.0,0.0,0.0,0.0,0.0,0.0,0.0,5725.0,5225.0,5225.0,4830.0,0.0,-3.0,判定困難,5027.5,Bid/Ask midpoint,0,判定困難,0,
2026/09/30 00:04,2026-09-30T00:19:40+09:00,,2026-12,CALL,69750,158.0,158.0,0.0,0.0,0.0,0.0,0.0,0.0,0.0,0.0,0.0,0.0,1460.0,1590.0,1190.0,1385.0,6.0,-6.0,判定困難,1487.5,Bid/Ask midpoint,0,判定困難,0,
2026/09/30 00:04,2026-09-30T00:19:40+09:00,,2026-12,PUT,69750,0.0,0.0,0.0,0.0,0.0,0.0,0.0,0.0,0.0,0.0,0.0,0.0,5550.0,5050.0,5050.0,4655.0,0.0,-3.0,判定困難,4852.5,Bid/Ask midpoint,0,判定困難,0,
2026/09/30 00:04,2026-09-30T00:19:40+09:00,,2026-12,CALL,69500,0.0,0.0,0.0,0.0,0.0,0.0,0.0,0.0,0.0,0.0,0.0,0.0,1465.0,1660.0,1260.0,1435.0,10.0,-10.0,判定困難,1547.5,Bid/Ask midpoint,0,判定困難,0,
2026/09/30 00:04,2026-09-30T00:19:40+09:00,,2026-12,PUT,69500,0.0,0.0,0.0,0.0,0.0,0.0,0.0,0.0,0.0,0.0,0.0,0.0,5370.0,4870.0,4870.0,4560.0,0.0,-6.0,判定困難,4715.0,Bid/Ask midpoint,0,判定困難,0,
2026/09/30 00:04,2026-09-30T00:19:40+09:00,,2026-12,CALL,69375,0.0,0.0,0.0,0.0,0.0,0.0,0.0,0.0,0.0,0.0,0.0,0.0,1570.0,1695.0,1305.0,1500.0,4.0,-5.0,判定困難,1597.5,Bid/Ask midpoint,0,判定困難,0,
2026/09/30 00:04,2026-09-30T00:19:40+09:00,,2026-12,PUT,69375,0.0,0.0,0.0,0.0,0.0,0.0,0.0,0.0,0.0,0.0,0.0,0.0,5290.0,4790.0,4790.0,4395.0,0.0,-1.0,判定困難,4592.5,Bid/Ask midpoint,0,判定困難,0,
2026/09/30 00:04,2026-09-30T00:19:40+09:00,,2026-12,CALL,69250,50.0,50.0,0.0,0.0,0.0,0.0,0.0,0.0,0.0,0.0,0.0,0.0,1615.0,1715.0,1340.0,1480.0,6.0,-6.0,判定困難,1597.5,Bid/Ask midpoint,0,判定困難,0,
2026/09/30 00:04,2026-09-30T00:19:40+09:00,,2026-12,PUT,69250,0.0,0.0,0.0,0.0,0.0,0.0,0.0,0.0,0.0,0.0,0.0,0.0,5200.0,4700.0,4700.0,4320.0,0.0,-3.0,判定困難,4510.0,Bid/Ask midpoint,0,判定困難,0,
2026/09/30 00:04,2026-09-30T00:19:40+09:00,,2026-12,CALL,69125,0.0,0.0,0.0,0.0,0.0,0.0,0.0,0.0,0.0,0.0,0.0,0.0,1590.0,1700.0,1385.0,1590.0,5.0,0.0,判定困難,1645.0,Bid/Ask midpoint,0,判定困難,0,
2026/09/30 00:04,2026-09-30T00:19:40+09:00,,2026-12,PUT,69125,0.0,0.0,0.0,0.0,0.0,0.0,0.0,0.0,0.0,0.0,0.0,0.0,5120.0,4620.0,4620.0,4305.0,0.0,-3.0,判定困難,4462.5,Bid/Ask midpoint,0,判定困難,0,
2026/09/30 00:04,2026-09-30T00:19:40+09:00,,2026-12,CALL,69000,1646.0,1646.0,0.0,0.0,0.0,0.0,0.0,0.0,0.0,0.0,0.0,0.0,1615.0,1750.0,1470.0,1640.0,15.0,15.0,判定困難,1695.0,Bid/Ask midpoint,0,判定困難,0,
2026/09/30 00:04,2026-09-30T00:19:40+09:00,,2026-12,PUT,69000,1570.0,1570.0,0.0,0.0,0.0,0.0,0.0,0.0,0.0,0.0,0.0,0.0,5010.0,4510.0,4510.0,4075.0,0.0,-9.0,判定困難,4292.5,Bid/Ask midpoint,0,判定困難,0,
2026/09/30 00:04,2026-09-30T00:19:40+09:00,,2026-12,CALL,68875,0.0,0.0,0.0,0.0,0.0,0.0,0.0,0.0,0.0,0.0,0.0,0.0,1735.0,1800.0,1470.0,1690.0,5.0,0.0,判定困難,1745.0,Bid/Ask midpoint,0,判定困難,0,
2026/09/30 00:04,2026-09-30T00:19:40+09:00,,2026-12,PUT,68875,0.0,0.0,0.0,0.0,0.0,0.0,0.0,0.0,0.0,0.0,0.0,0.0,4955.0,4455.0,4455.0,4160.0,0.0,-3.0,判定困難,4307.5,Bid/Ask midpoint,0,判定困難,0,
2026/09/30 00:04,2026-09-30T00:19:40+09:00,,2026-12,CALL,68750,0.0,0.0,0.0,0.0,0.0,0.0,0.0,0.0,0.0,0.0,0.0,0.0,1695.0,1825.0,1510.0,1715.0,0.0,0.0,判定困難,1770.0,Bid/Ask midpoint,0,判定困難,0,
2026/09/30 00:04,2026-09-30T00:19:40+09:00,,2026-12,PUT,68750,100.0,100.0,0.0,0.0,0.0,0.0,0.0,0.0,0.0,0.0,0.0,0.0,4870.0,4370.0,4370.0,4085.0,0.0,-3.0,判定困難,4227.5,Bid/Ask midpoint,0,判定困難,0,
2026/09/30 00:04,2026-09-30T00:19:40+09:00,,2026-12,CALL,68625,0.0,0.0,0.0,0.0,0.0,0.0,0.0,0.0,0.0,0.0,0.0,0.0,1695.0,1875.0,1585.0,1765.0,0.0,0.0,判定困難,1820.0,Bid/Ask midpoint,0,判定困難,0,
2026/09/30 00:04,2026-09-30T00:19:40+09:00,,2026-12,PUT,68625,0.0,0.0,0.0,0.0,0.0,0.0,0.0,0.0,0.0,0.0,0.0,0.0,4780.0,4280.0,4280.0,3905.0,0.0,-3.0,判定困難,4092.5,Bid/Ask midpoint,0,判定困難,0,
2026/09/30 00:04,2026-09-30T00:19:40+09:00,,2026-12,CALL,68500,437.0,437.0,0.0,0.0,0.0,0.0,0.0,0.0,0.0,0.0,0.0,0.0,1750.0,1930.0,1640.0,1820.0,0.0,0.0,判定困難,1875.0,Bid/Ask midpoint,0,判定困難,0,
2026/09/30 00:04,2026-09-30T00:19:40+09:00,,2026-12,PUT,68500,203.0,203.0,0.0,0.0,0.0,0.0,0.0,0.0,0.0,0.0,0.0,0.0,4685.0,4185.0,4185.0,3750.0,0.0,-6.0,判定困難,3967.5,Bid/Ask midpoint,0,判定困難,0,
2026/09/30 00:04,2026-09-30T00:19:40+09:00,,2026-12,CALL,68375,0.0,0.0,0.0,0.0,0.0,0.0,0.0,0.0,0.0,0.0,0.0,0.0,1790.0,1980.0,1680.0,1870.0,-1.0,-1.0,判定困難,1925.0,Bid/Ask midpoint,0,判定困難,0,
2026/09/30 00:04,2026-09-30T00:19:40+09:00,,2026-12,PUT,68375,0.0,0.0,0.0,0.0,0.0,0.0,0.0,0.0,0.0,0.0,0.0,0.0,4605.0,4105.0,4105.0,3675.0,0.0,-3.0,判定困難,3890.0,Bid/Ask midpoint,0,判定困難,0,
2026/09/30 00:04,2026-09-30T00:19:40+09:00,,2026-12,CALL,68250,0.0,0.0,0.0,0.0,0.0,0.0,0.0,0.0,0.0,0.0,0.0,0.0,1845.0,2035.0,1735.0,1920.0,19.0,-1.0,判定困難,1977.5,Bid/Ask midpoint,0,判定困難,0,
2026/09/30 00:04,2026-09-30T00:19:40+09:00,,2026-12,PUT,68250,0.0,0.0,0.0,0.0,0.0,0.0,0.0,0.0,0.0,0.0,0.0,0.0,4535.0,4035.0,4035.0,3805.0,0.0,-3.0,判定困難,3920.0,Bid/Ask midpoint,0,判定困難,0,
2026/09/30 00:04,2026-09-30T00:19:40+09:00,,2026-12,CALL,68125,0.0,0.0,0.0,0.0,0.0,0.0,0.0,0.0,0.0,0.0,0.0,0.0,1890.0,2080.0,1780.0,1965.0,19.0,-1.0,判定困難,2022.5,Bid/Ask midpoint,0,判定困難,0,
2026/09/30 00:04,2026-09-30T00:19:40+09:00,,2026-12,PUT,68125,0.0,0.0,0.0,0.0,0.0,0.0,0.0,0.0,0.0,0.0,0.0,0.0,4460.0,3960.0,3960.0,3585.0,0.0,-3.0,判定困難,3772.5,Bid/Ask midpoint,0,判定困難,0,
2026/09/30 00:04,2026-09-30T00:19:40+09:00,,2026-12,CALL,68000,4264.0,4264.0,0.0,0.0,0.0,0.0,0.0,0.0,0.0,0.0,0.0,0.0,1940.0,2125.0,1830.0,2020.0,0.0,0.0,判定困難,2072.5,Bid/Ask midpoint,0,判定困難,0,
2026/09/30 00:04,2026-09-30T00:19:40+09:00,,2026-12,PUT,68000,1900.0,1900.0,0.0,0.0,0.0,0.0,0.0,0.0,0.0,0.0,0.0,0.0,4375.0,3875.0,3875.0,3650.0,0.0,-9.0,判定困難,3762.5,Bid/Ask midpoint,0,判定困難,0,
2026/09/30 00:04,2026-09-30T00:19:40+09:00,,2026-12,CALL,67875,0.0,0.0,0.0,0.0,0.0,0.0,0.0,0.0,0.0,0.0,0.0,0.0,1985.0,2170.0,1875.0,2055.0,20.0,0.0,判定困難,2112.5,Bid/Ask midpoint,0,判定困難,0,
2026/09/30 00:04,2026-09-30T00:19:40+09:00,,2026-12,PUT,67875,0.0,0.0,0.0,0.0,0.0,0.0,0.0,0.0,0.0,0.0,0.0,0.0,4305.0,3805.0,3805.0,3545.0,0.0,-3.0,判定困難,3675.0,Bid/Ask midpoint,0,判定困難,0,
2026/09/30 00:04,2026-09-30T00:19:40+09:00,,2026-12,CALL,67750,0.0,0.0,0.0,0.0,0.0,0.0,0.0,0.0,0.0,0.0,0.0,0.0,2035.0,2220.0,1925.0,2110.0,0.0,0.0,判定困難,2165.0,Bid/Ask midpoint,0,判定困難,0,
2026/09/30 00:04,2026-09-30T00:19:40+09:00,,2026-12,PUT,67750,0.0,0.0,0.0,0.0,0.0,0.0,0.0,0.0,0.0,0.0,0.0,0.0,4230.0,3730.0,3730.0,3525.0,2.0,-3.0,判定困難,3627.5,Bid/Ask midpoint,0,判定困難,0,
2026/09/30 00:04,2026-09-30T00:19:40+09:00,,2026-12,CALL,67625,0.0,0.0,0.0,0.0,0.0,0.0,0.0,0.0,0.0,0.0,0.0,0.0,2095.0,2280.0,1985.0,2170.0,0.0,0.0,判定困難,2225.0,Bid/Ask midpoint,0,判定困難,0,
2026/09/30 00:04,2026-09-30T00:19:40+09:00,,2026-12,PUT,67625,0.0,0.0,0.0,0.0,0.0,0.0,0.0,0.0,0.0,0.0,0.0,0.0,4150.0,3650.0,3650.0,3450.0,1.0,-1.0,判定困難,3550.0,Bid/Ask midpoint,0,判定困難,0,
2026/09/30 00:04,2026-09-30T00:19:40+09:00,,2026-12,CALL,67500,25.0,25.0,0.0,0.0,0.0,0.0,0.0,0.0,0.0,0.0,0.0,0.0,2140.0,2365.0,2030.0,2250.0,20.0,0.0,判定困難,2307.5,Bid/Ask midpoint,0,判定困難,0,
2026/09/30 00:04,2026-09-30T00:19:40+09:00,,2026-12,PUT,67500,25.0,25.0,0.0,0.0,0.0,0.0,0.0,0.0,0.0,0.0,0.0,0.0,3935.0,3575.0,3570.0,3460.0,8.0,12.0,判定困難,3517.5,Bid/Ask midpoint,0,判定困難,0,
2026/09/30 00:04,2026-09-30T00:19:40+09:00,,2026-12,CALL,67375,0.0,0.0,0.0,0.0,0.0,0.0,0.0,0.0,0.0,0.0,0.0,0.0,2190.0,2420.0,2080.0,2310.0,0.0,-4.0,判定困難,2365.0,Bid/Ask midpoint,0,判定困難,0,
2026/09/30 00:04,2026-09-30T00:19:40+09:00,,2026-12,PUT,67375,0.0,0.0,0.0,0.0,0.0,0.0,0.0,0.0,0.0,0.0,0.0,0.0,3860.0,3500.0,3495.0,3385.0,4.0,16.0,判定困難,3442.5,Bid/Ask midpoint,0,判定困難,0,
2026/09/30 00:04,2026-09-30T00:19:40+09:00,,2026-12,CALL,67250,25.0,25.0,0.0,0.0,0.0,0.0,0.0,0.0,0.0,0.0,0.0,0.0,2245.0,2470.0,2135.0,2360.0,0.0,0.0,判定困難,2415.0,Bid/Ask midpoint,0,判定困難,0,
2026/09/30 00:04,2026-09-30T00:19:40+09:00,,2026-12,PUT,67250,25.0,25.0,0.0,0.0,0.0,0.0,0.0,0.0,0.0,0.0,0.0,0.0,3785.0,3440.0,3425.0,3325.0,5.0,14.0,判定困難,3382.5,Bid/Ask midpoint,0,判定困難,0,
2026/09/30 00:04,2026-09-30T00:19:40+09:00,,2026-12,CALL,67125,0.0,0.0,0.0,0.0,0.0,0.0,0.0,0.0,0.0,0.0,0.0,0.0,2300.0,2490.0,2190.0,2380.0,0.0,0.0,判定困難,2435.0,Bid/Ask midpoint,0,判定困難,0,
2026/09/30 00:04,2026-09-30T00:19:40+09:00,,2026-12,PUT,67125,0.0,0.0,0.0,0.0,0.0,0.0,0.0,0.0,0.0,0.0,0.0,0.0,3590.0,3365.0,3475.0,3250.0,-20.0,15.0,判定困難,3307.5,Bid/Ask midpoint,0,判定困難,0,
2026/09/30 00:04,2026-09-30T00:19:40+09:00,,2026-12,CALL,67000,1739.0,1739.0,0.0,0.0,0.0,0.0,0.0,0.0,0.0,0.0,0.0,0.0,2355.0,2580.0,2245.0,2470.0,-12.0,5.0,判定困難,2525.0,Bid/Ask midpoint,0,判定困難,0,
2026/09/30 00:04,2026-09-30T00:19:40+09:00,,2026-12,PUT,67000,1592.0,1592.0,0.0,0.0,0.0,0.0,0.0,0.0,0.0,0.0,0.0,0.0,3530.0,3305.0,3420.0,3190.0,0.0,5.0,判定困難,3247.5,Bid/Ask midpoint,0,判定困難,0,
2026/09/30 00:04,2026-09-30T00:19:40+09:00,,2026-12,CALL,66875,0.0,0.0,0.0,0.0,0.0,0.0,0.0,0.0,0.0,0.0,0.0,0.0,2420.0,2645.0,2310.0,2535.0,0.0,0.0,判定困難,2590.0,Bid/Ask midpoint,0,判定困難,0,
2026/09/30 00:04,2026-09-30T00:19:40+09:00,,2026-12,PUT,66875,0.0,0.0,0.0,0.0,0.0,0.0,0.0,0.0,0.0,0.0,0.0,0.0,3460.0,3235.0,3350.0,3115.0,20.0,15.0,判定困難,3175.0,Bid/Ask midpoint,0,判定困難,0,
2026/09/30 00:04,2026-09-30T00:19:40+09:00,,2026-12,CALL,66750,0.0,0.0,0.0,0.0,0.0,0.0,0.0,0.0,0.0,0.0,0.0,0.0,2470.0,2700.0,2360.0,2585.0,20.0,0.0,判定困難,2642.5,Bid/Ask midpoint,0,判定困難,0,
2026/09/30 00:04,2026-09-30T00:19:40+09:00,,2026-12,PUT,66750,0.0,0.0,0.0,0.0,0.0,0.0,0.0,0.0,0.0,0.0,0.0,0.0,3395.0,3165.0,3285.0,3050.0,0.0,14.0,判定困難,3107.5,Bid/Ask midpoint,0,判定困難,0,
2026/09/30 00:04,2026-09-30T00:19:40+09:00,,2026-12,CALL,66625,0.0,0.0,0.0,0.0,0.0,0.0,0.0,0.0,0.0,0.0,0.0,0.0,2530.0,2740.0,2420.0,2650.0,0.0,0.0,判定困難,2695.0,Bid/Ask midpoint,0,判定困難,0,
2026/09/30 00:04,2026-09-30T00:19:40+09:00,,2026-12,PUT,66625,0.0,0.0,0.0,0.0,0.0,0.0,0.0,0.0,0.0,0.0,0.0,0.0,3330.0,3095.0,3220.0,2980.0,0.0,15.0,判定困難,3037.5,Bid/Ask midpoint,0,判定困難,0,
2026/09/30 00:04,2026-09-30T00:19:40+09:00,,2026-12,CALL,66500,2990.0,2990.0,0.0,0.0,0.0,0.0,0.0,0.0,0.0,0.0,0.0,0.0,2590.0,2815.0,2475.0,2695.0,0.0,10.0,判定困難,2755.0,Bid/Ask midpoint,0,判定困難,0,
2026/09/30 00:04,2026-09-30T00:19:40+09:00,,2026-12,PUT,66500,950.0,950.0,0.0,0.0,0.0,0.0,0.0,0.0,0.0,0.0,0.0,0.0,3260.0,3030.0,3150.0,2910.0,20.0,10.0,判定困難,2970.0,Bid/Ask midpoint,0,判定困難,0,
2026/09/30 00:04,2026-09-30T00:19:40+09:00,,2026-12,CALL,66375,0.0,0.0,0.0,0.0,0.0,0.0,0.0,0.0,0.0,0.0,0.0,0.0,2650.0,2860.0,2540.0,2765.0,0.0,0.0,判定困難,2812.5,Bid/Ask midpoint,0,判定困難,0,
2026/09/30 00:04,2026-09-30T00:19:40+09:00,,2026-12,PUT,66375,0.0,0.0,0.0,0.0,0.0,0.0,0.0,0.0,0.0,0.0,0.0,0.0,3200.0,2975.0,3090.0,2860.0,0.0,15.0,判定困難,2917.5,Bid/Ask midpoint,0,判定困難,0,
2026/09/30 00:04,2026-09-30T00:19:40+09:00,,2026-12,CALL,66250,15.0,15.0,0.0,0.0,0.0,0.0,0.0,0.0,0.0,0.0,0.0,0.0,2710.0,2920.0,2600.0,2840.0,0.0,-5.0,判定困難,2880.0,Bid/Ask midpoint,0,判定困難,0,
2026/09/30 00:04,2026-09-30T00:19:40+09:00,,2026-12,PUT,66250,0.0,0.0,0.0,0.0,0.0,0.0,0.0,0.0,0.0,0.0,0.0,0.0,3135.0,2905.0,3025.0,2790.0,0.0,14.0,判定困難,2847.5,Bid/Ask midpoint,0,判定困難,0,
2026/09/30 00:04,2026-09-30T00:19:40+09:00,,2026-12,CALL,66125,0.0,0.0,0.0,0.0,0.0,0.0,0.0,0.0,0.0,0.0,0.0,0.0,2770.0,2985.0,2660.0,2875.0,0.0,0.0,判定困難,2930.0,Bid/Ask midpoint,0,判定困難,0,
2026/09/30 00:04,2026-09-30T00:19:40+09:00,,2026-12,PUT,66125,0.0,0.0,0.0,0.0,0.0,0.0,0.0,0.0,0.0,0.0,0.0,0.0,3070.0,2845.0,2960.0,2730.0,0.0,15.0,判定困難,2787.5,Bid/Ask midpoint,0,判定困難,0,
2026/09/30 00:04,2026-09-30T00:19:40+09:00,,2026-12,CALL,66000,1092.0,1092.0,0.0,0.0,0.0,0.0,0.0,0.0,0.0,0.0,0.0,0.0,2835.0,3050.0,2725.0,2875.0,0.0,0.0,判定困難,2962.5,Bid/Ask midpoint,0,判定困難,0,
2026/09/30 00:04,2026-09-30T00:19:40+09:00,,2026-12,PUT,66000,1038.0,1038.0,0.0,0.0,0.0,0.0,0.0,0.0,0.0,0.0,0.0,0.0,3010.0,2780.0,2900.0,2665.0,0.0,5.0,判定困難,2722.5,Bid/Ask midpoint,0,判定困難,0,
2026/09/30 00:04,2026-09-30T00:19:40+09:00,,2026-12,CALL,65875,0.0,0.0,0.0,0.0,0.0,0.0,0.0,0.0,0.0,0.0,0.0,0.0,2900.0,3120.0,2790.0,2880.0,-4.0,0.0,判定困難,3000.0,Bid/Ask midpoint,0,判定困難,0,
2026/09/30 00:04,2026-09-30T00:19:40+09:00,,2026-12,PUT,65875,0.0,0.0,0.0,0.0,0.0,0.0,0.0,0.0,0.0,0.0,0.0,0.0,2950.0,2735.0,2840.0,2620.0,0.0,15.0,判定困難,2677.5,Bid/Ask midpoint,0,判定困難,0,
2026/09/30 00:04,2026-09-30T00:19:40+09:00,,2026-12,CALL,65750,15.0,15.0,0.0,0.0,0.0,0.0,0.0,0.0,0.0,0.0,0.0,0.0,2945.0,3170.0,2830.0,2920.0,-19.0,0.0,判定困難,3045.0,Bid/Ask midpoint,0,判定困難,0,
2026/09/30 00:04,2026-09-30T00:19:40+09:00,,2026-12,PUT,65750,15.0,15.0,0.0,0.0,0.0,0.0,0.0,0.0,0.0,0.0,0.0,0.0,2890.0,2665.0,2780.0,2550.0,0.0,14.0,判定困難,2607.5,Bid/Ask midpoint,0,判定困難,0,
2026/09/30 00:04,2026-09-30T00:19:40+09:00,,2026-12,CALL,65625,0.0,0.0,0.0,0.0,0.0,0.0,0.0,0.0,0.0,0.0,0.0,0.0,3215.0,3240.0,2875.0,3025.0,0.0,0.0,判定困難,3132.5,Bid/Ask midpoint,0,判定困難,0,
2026/09/30 00:04,2026-09-30T00:19:40+09:00,,2026-12,PUT,65625,0.0,0.0,0.0,0.0,0.0,0.0,0.0,0.0,0.0,0.0,0.0,0.0,2830.0,2600.0,2720.0,2485.0,-4.0,15.0,判定困難,2542.5,Bid/Ask midpoint,0,判定困難,0,
2026/09/30 00:04,2026-09-30T00:19:40+09:00,,2026-12,CALL,65500,734.0,734.0,0.0,0.0,0.0,0.0,0.0,0.0,0.0,0.0,0.0,0.0,3225.0,3320.0,2885.0,3025.0,0.0,0.0,判定困難,3172.5,Bid/Ask midpoint,0,判定困難,0,
2026/09/30 00:04,2026-09-30T00:19:40+09:00,,2026-12,PUT,65500,605.0,605.0,0.0,0.0,0.0,0.0,0.0,0.0,0.0,0.0,0.0,0.0,2775.0,2545.0,2665.0,2430.0,0.0,10.0,判定困難,2487.5,Bid/Ask midpoint,0,判定困難,0,
2026/09/30 00:04,2026-09-30T00:19:40+09:00,,2026-12,CALL,65375,0.0,0.0,0.0,0.0,0.0,0.0,0.0,0.0,0.0,0.0,0.0,0.0,3290.0,3410.0,2950.0,3105.0,0.0,0.0,判定困難,3257.5,Bid/Ask midpoint,0,判定困難,0,
2026/09/30 00:04,2026-09-30T00:19:40+09:00,,2026-12,PUT,65375,0.0,0.0,0.0,0.0,0.0,0.0,0.0,0.0,0.0,0.0,0.0,0.0,2710.0,2530.0,2600.0,2415.0,0.0,15.0,判定困難,2472.5,Bid/Ask midpoint,0,判定困難,0,
2026/09/30 00:04,2026-09-30T00:19:40+09:00,,2026-12,CALL,65250,0.0,0.0,0.0,0.0,0.0,0.0,0.0,0.0,0.0,0.0,0.0,0.0,3330.0,3470.0,2995.0,3160.0,0.0,0.0,判定困難,3315.0,Bid/Ask midpoint,0,判定困難,0,
2026/09/30 00:04,2026-09-30T00:19:40+09:00,,2026-12,PUT,65250,0.0,0.0,0.0,0.0,0.0,0.0,0.0,0.0,0.0,0.0,0.0,0.0,2660.0,2435.0,2550.0,2320.0,-5.0,14.0,判定困難,2377.5,Bid/Ask midpoint,0,判定困難,0,
2026/09/30 00:04,2026-09-30T00:19:40+09:00,,2026-12,CALL,65125,0.0,0.0,0.0,0.0,0.0,0.0,0.0,0.0,0.0,0.0,0.0,0.0,3545.0,3545.0,3045.0,3220.0,-3.0,-3.0,判定困難,3382.5,Bid/Ask midpoint,0,判定困難,0,
2026/09/30 00:04,2026-09-30T00:19:40+09:00,,2026-12,PUT,65125,0.0,0.0,0.0,0.0,0.0,0.0,0.0,0.0,0.0,0.0,0.0,0.0,2600.0,2420.0,2490.0,2305.0,1.0,15.0,判定困難,2362.5,Bid/Ask midpoint,0,判定困難,0,
2026/09/30 00:04,2026-09-30T00:19:40+09:00,,2026-12,CALL,65000,3594.0,3594.0,0.0,0.0,0.0,0.0,0.0,0.0,0.0,0.0,0.0,0.0,3630.0,3860.0,3005.0,3275.0,0.0,9.0,判定困難,3567.5,Bid/Ask midpoint,0,判定困難,0,
2026/09/30 00:04,2026-09-30T00:19:40+09:00,,2026-12,PUT,65000,4555.0,4555.0,0.0,0.0,0.0,0.0,0.0,0.0,0.0,0.0,0.0,0.0,2555.0,2335.0,2445.0,2215.0,5.0,8.0,判定困難,2275.0,Bid/Ask midpoint,0,判定困難,0,
2026/09/30 00:04,2026-09-30T00:19:40+09:00,,2026-12,CALL,64875,0.0,0.0,0.0,0.0,0.0,0.0,0.0,0.0,0.0,0.0,0.0,0.0,3685.0,3685.0,3185.0,3360.0,-3.0,-3.0,判定困難,3522.5,Bid/Ask midpoint,0,判定困難,0,
2026/09/30 00:04,2026-09-30T00:19:40+09:00,,2026-12,PUT,64875,0.0,0.0,0.0,0.0,0.0,0.0,0.0,0.0,0.0,0.0,0.0,0.0,2500.0,2310.0,2390.0,2245.0,1.0,-4.0,判定困難,2277.5,Bid/Ask midpoint,0,判定困難,0,
2026/09/30 00:04,2026-09-30T00:19:40+09:00,,2026-12,CALL,64750,0.0,0.0,0.0,0.0,0.0,0.0,0.0,0.0,0.0,0.0,0.0,0.0,3760.0,3990.0,3260.0,3435.0,-1.0,-3.0,判定困難,3712.5,Bid/Ask midpoint,0,判定困難,0,
2026/09/30 00:04,2026-09-30T00:19:40+09:00,,2026-12,PUT,64750,0.0,0.0,0.0,0.0,0.0,0.0,0.0,0.0,0.0,0.0,0.0,0.0,2455.0,2245.0,2345.0,2185.0,1.0,-5.0,判定困難,2215.0,Bid/Ask midpoint,0,判定困難,0,
2026/09/30 00:04,2026-09-30T00:19:40+09:00,,2026-12,CALL,64625,0.0,0.0,0.0,0.0,0.0,0.0,0.0,0.0,0.0,0.0,0.0,0.0,3835.0,4080.0,3335.0,3515.0,-1.0,-3.0,判定困難,3797.5,Bid/Ask midpoint,0,判定困難,0,
2026/09/30 00:04,2026-09-30T00:19:40+09:00,,2026-12,PUT,64625,25.0,25.0,0.0,0.0,0.0,0.0,0.0,0.0,0.0,0.0,0.0,0.0,2405.0,2200.0,2295.0,2140.0,0.0,-5.0,判定困難,2170.0,Bid/Ask midpoint,0,判定困難,0,
2026/09/30 00:04,2026-09-30T00:19:40+09:00,,2026-12,CALL,64500,296.0,296.0,0.0,0.0,0.0,0.0,0.0,0.0,0.0,0.0,0.0,0.0,3900.0,4095.0,3400.0,3585.0,-6.0,-6.0,判定困難,3840.0,Bid/Ask midpoint,0,判定困難,0,
2026/09/30 00:04,2026-09-30T00:19:40+09:00,,2026-12,PUT,64500,175.0,175.0,0.0,0.0,0.0,0.0,0.0,0.0,0.0,0.0,0.0,0.0,2355.0,2180.0,2245.0,2090.0,0.0,-10.0,判定困難,2135.0,Bid/Ask midpoint,0,判定困難,0,
2026/09/30 00:04,2026-09-30T00:19:40+09:00,,2026-12,CALL,64375,0.0,0.0,0.0,0.0,0.0,0.0,0.0,0.0,0.0,0.0,0.0,0.0,3980.0,4205.0,3480.0,3680.0,-3.0,-3.0,判定困難,3942.5,Bid/Ask midpoint,0,判定困難,0,
2026/09/30 00:04,2026-09-30T00:19:40+09:00,,2026-12,PUT,64375,0.0,0.0,0.0,0.0,0.0,0.0,0.0,0.0,0.0,0.0,0.0,0.0,2305.0,2130.0,2195.0,2040.0,-5.0,0.0,判定困難,2085.0,Bid/Ask midpoint,0,判定困難,0,
2026/09/30 00:04,2026-09-30T00:19:40+09:00,,2026-12,CALL,64250,0.0,0.0,0.0,0.0,0.0,0.0,0.0,0.0,0.0,0.0,0.0,0.0,4055.0,4300.0,3555.0,3555.0,-3.0,0.0,判定困難,3927.5,Bid/Ask midpoint,0,判定困難,0,
2026/09/30 00:04,2026-09-30T00:19:40+09:00,,2026-12,PUT,64250,0.0,0.0,0.0,0.0,0.0,0.0,0.0,0.0,0.0,0.0,0.0,0.0,2250.0,2135.0,2140.0,1985.0,-6.0,0.0,判定困難,2060.0,Bid/Ask midpoint,0,判定困難,0,
2026/09/30 00:04,2026-09-30T00:19:40+09:00,,2026-12,CALL,64125,0.0,0.0,0.0,0.0,0.0,0.0,0.0,0.0,0.0,0.0,0.0,0.0,4125.0,4445.0,3625.0,3625.0,-3.0,0.0,判定困難,4035.0,Bid/Ask midpoint,0,判定困難,0,
2026/09/30 00:04,2026-09-30T00:19:40+09:00,,2026-12,PUT,64125,0.0,0.0,0.0,0.0,0.0,0.0,0.0,0.0,0.0,0.0,0.0,0.0,2185.0,2065.0,2070.0,1935.0,-5.0,0.0,判定困難,2000.0,Bid/Ask midpoint,0,判定困難,0,
2026/09/30 00:04,2026-09-30T00:19:40+09:00,,2026-12,CALL,64000,2242.0,2242.0,0.0,0.0,0.0,0.0,0.0,0.0,0.0,0.0,0.0,0.0,4210.0,4495.0,3710.0,3915.0,-9.0,-9.0,判定困難,4205.0,Bid/Ask midpoint,0,判定困難,0,
2026/09/30 00:04,2026-09-30T00:19:40+09:00,,2026-12,PUT,64000,2033.0,2033.0,0.0,0.0,0.0,0.0,0.0,0.0,0.0,0.0,0.0,0.0,2125.0,2125.0,2015.0,1835.0,0.0,0.0,判定困難,1980.0,Bid/Ask midpoint,0,判定困難,0,
2026/09/30 00:04,2026-09-30T00:19:40+09:00,,2026-12,CALL,63875,0.0,0.0,0.0,0.0,0.0,0.0,0.0,0.0,0.0,0.0,0.0,0.0,4280.0,4665.0,3780.0,3780.0,-3.0,0.0,判定困難,4222.5,Bid/Ask midpoint,0,判定困難,0,
2026/09/30 00:04,2026-09-30T00:19:40+09:00,,2026-12,PUT,63875,0.0,0.0,0.0,0.0,0.0,0.0,0.0,0.0,0.0,0.0,0.0,0.0,2130.0,2000.0,1885.0,1845.0,0.0,5.0,判定困難,1922.5,Bid/Ask midpoint,0,判定困難,0,
2026/09/30 00:04,2026-09-30T00:19:40+09:00,,2026-12,CALL,63750,32.0,32.0,0.0,0.0,0.0,0.0,0.0,0.0,0.0,0.0,0.0,0.0,4355.0,4645.0,3855.0,3855.0,-3.0,0.0,判定困難,4250.0,Bid/Ask midpoint,0,判定困難,0,
2026/09/30 00:04,2026-09-30T00:19:40+09:00,,2026-12,PUT,63750,55.0,55.0,0.0,0.0,0.0,0.0,0.0,0.0,0.0,0.0,0.0,0.0,2085.0,1955.0,1835.0,1780.0,0.0,6.0,判定困難,1867.5,Bid/Ask midpoint,0,判定困難,0,
2026/09/30 00:04,2026-09-30T00:19:40+09:00,,2026-12,CALL,63625,0.0,0.0,0.0,0.0,0.0,0.0,0.0,0.0,0.0,0.0,0.0,0.0,4440.0,4720.0,3940.0,3940.0,-3.0,0.0,判定困難,4330.0,Bid/Ask midpoint,0,判定困難,0,
2026/09/30 00:04,2026-09-30T00:19:40+09:00,,2026-12,PUT,63625,0.0,0.0,0.0,0.0,0.0,0.0,0.0,0.0,0.0,0.0,0.0,0.0,2040.0,1910.0,1795.0,1790.0,0.0,0.0,判定困難,1850.0,Bid/Ask midpoint,0,判定困難,0,
2026/09/30 00:04,2026-09-30T00:19:40+09:00,,2026-12,CALL,63500,300.0,300.0,0.0,0.0,0.0,0.0,0.0,0.0,0.0,0.0,0.0,0.0,4515.0,4750.0,4015.0,4015.0,-6.0,0.0,判定困難,4382.5,Bid/Ask midpoint,0,判定困難,0,
2026/09/30 00:04,2026-09-30T00:19:40+09:00,,2026-12,PUT,63500,600.0,600.0,0.0,0.0,0.0,0.0,0.0,0.0,0.0,0.0,0.0,0.0,1985.0,1815.0,1765.0,1740.0,0.0,0.0,判定困難,1777.5,Bid/Ask midpoint,0,判定困難,0,
2026/09/30 00:04,2026-09-30T00:19:40+09:00,,2026-12,CALL,63375,0.0,0.0,0.0,0.0,0.0,0.0,0.0,0.0,0.0,0.0,0.0,0.0,4595.0,4850.0,4095.0,4095.0,-3.0,0.0,判定困難,4472.5,Bid/Ask midpoint,0,判定困難,0,
2026/09/30 00:04,2026-09-30T00:19:40+09:00,,2026-12,PUT,63375,0.0,0.0,0.0,0.0,0.0,0.0,0.0,0.0,0.0,0.0,0.0,0.0,1950.0,1825.0,1710.0,1700.0,0.0,0.0,判定困難,1762.5,Bid/Ask midpoint,0,判定困難,0,
2026/09/30 00:04,2026-09-30T00:19:40+09:00,,2026-12,CALL,63250,0.0,0.0,0.0,0.0,0.0,0.0,0.0,0.0,0.0,0.0,0.0,0.0,4690.0,5075.0,4190.0,4190.0,-3.0,0.0,判定困難,4632.5,Bid/Ask midpoint,0,判定困難,0,
2026/09/30 00:04,2026-09-30T00:19:40+09:00,,2026-12,PUT,63250,55.0,55.0,0.0,0.0,0.0,0.0,0.0,0.0,0.0,0.0,0.0,0.0,1910.0,1780.0,1670.0,1670.0,0.0,-6.0,判定困難,1725.0,Bid/Ask midpoint,0,判定困難,0,
2026/09/30 00:04,2026-09-30T00:19:40+09:00,,2026-12,CALL,63125,0.0,0.0,0.0,0.0,0.0,0.0,0.0,0.0,0.0,0.0,0.0,0.0,4770.0,5175.0,4270.0,4270.0,-3.0,0.0,判定困難,4722.5,Bid/Ask midpoint,0,判定困難,0,
2026/09/30 00:04,2026-09-30T00:19:40+09:00,,2026-12,PUT,63125,0.0,0.0,0.0,0.0,0.0,0.0,0.0,0.0,0.0,0.0,0.0,0.0,1865.0,1745.0,1635.0,1625.0,0.0,0.0,判定困難,1685.0,Bid/Ask midpoint,0,判定困難,0,
2026/09/30 00:04,2026-09-30T00:19:40+09:00,,2026-12,CALL,63000,1417.0,1417.0,0.0,0.0,0.0,0.0,0.0,0.0,0.0,0.0,0.0,0.0,4840.0,5090.0,4340.0,4340.0,-3.0,0.0,判定困難,4715.0,Bid/Ask midpoint,0,判定困難,0,
2026/09/30 00:04,2026-09-30T00:19:40+09:00,,2026-12,PUT,63000,3042.0,3042.0,0.0,0.0,0.0,0.0,0.0,0.0,0.0,0.0,0.0,0.0,1770.0,1750.0,1655.0,1515.0,18.0,0.0,判定困難,1632.5,Bid/Ask midpoint,0,判定困難,0,
2026/09/30 00:04,2026-09-30T00:19:40+09:00,,2026-12,CALL,62875,0.0,0.0,0.0,0.0,0.0,0.0,0.0,0.0,0.0,0.0,0.0,0.0,4935.0,5225.0,4435.0,4435.0,-3.0,0.0,判定困難,4830.0,Bid/Ask midpoint,0,判定困難,0,
2026/09/30 00:04,2026-09-30T00:19:40+09:00,,2026-12,PUT,62875,0.0,0.0,0.0,0.0,0.0,0.0,0.0,0.0,0.0,0.0,0.0,0.0,1785.0,1665.0,1555.0,1535.0,0.0,6.0,判定困難,1600.0,Bid/Ask midpoint,0,判定困難,0,
2026/09/30 00:04,2026-09-30T00:19:40+09:00,,2026-12,CALL,62750,0.0,0.0,0.0,0.0,0.0,0.0,0.0,0.0,0.0,0.0,0.0,0.0,5025.0,5355.0,4525.0,4525.0,-3.0,0.0,判定困難,4940.0,Bid/Ask midpoint,0,判定困難,0,
2026/09/30 00:04,2026-09-30T00:19:40+09:00,,2026-12,PUT,62750,0.0,0.0,0.0,0.0,0.0,0.0,0.0,0.0,0.0,0.0,0.0,0.0,1745.0,1625.0,1520.0,1505.0,0.0,7.0,判定困難,1565.0,Bid/Ask midpoint,0,判定困難,0,
2026/09/30 00:04,2026-09-30T00:19:40+09:00,,2026-12,CALL,62625,0.0,0.0,0.0,0.0,0.0,0.0,0.0,0.0,0.0,0.0,0.0,0.0,5105.0,5410.0,4605.0,4605.0,-3.0,0.0,判定困難,5007.5,Bid/Ask midpoint,0,判定困難,0,
2026/09/30 00:04,2026-09-30T00:19:40+09:00,,2026-12,PUT,62625,0.0,0.0,0.0,0.0,0.0,0.0,0.0,0.0,0.0,0.0,0.0,0.0,1765.0,1585.0,1480.0,1460.0,0.0,6.0,判定困難,1522.5,Bid/Ask midpoint,0,判定困難,0,
2026/09/30 00:04,2026-09-30T00:19:40+09:00,,2026-12,CALL,62500,812.0,812.0,0.0,0.0,0.0,0.0,0.0,0.0,0.0,0.0,0.0,0.0,5190.0,5570.0,4690.0,4690.0,-6.0,0.0,判定困難,5130.0,Bid/Ask midpoint,0,判定困難,0,
2026/09/30 00:04,2026-09-30T00:19:40+09:00,,2026-12,PUT,62500,1087.0,1087.0,0.0,0.0,0.0,0.0,0.0,0.0,0.0,0.0,0.0,0.0,1660.0,1550.0,1455.0,1420.0,0.0,12.0,判定困難,1485.0,Bid/Ask midpoint,0,判定困難,0,
2026/09/30 00:04,2026-09-30T00:19:40+09:00,,2026-12,CALL,62375,0.0,0.0,0.0,0.0,0.0,0.0,0.0,0.0,0.0,0.0,0.0,0.0,5285.0,5730.0,4785.0,4785.0,-3.0,0.0,判定困難,5257.5,Bid/Ask midpoint,0,判定困難,0,
2026/09/30 00:04,2026-09-30T00:19:40+09:00,,2026-12,PUT,62375,0.0,0.0,0.0,0.0,0.0,0.0,0.0,0.0,0.0,0.0,0.0,0.0,1690.0,1520.0,1415.0,1390.0,0.0,6.0,判定困難,1455.0,Bid/Ask midpoint,0,判定困難,0,
2026/09/30 00:04,2026-09-30T00:19:40+09:00,,2026-12,CALL,62250,0.0,0.0,0.0,0.0,0.0,0.0,0.0,0.0,0.0,0.0,0.0,0.0,5370.0,6060.0,4870.0,4870.0,-3.0,0.0,判定困難,5465.0,Bid/Ask midpoint,0,判定困難,0,
2026/09/30 00:04,2026-09-30T00:19:40+09:00,,2026-12,PUT,62250,250.0,250.0,0.0,0.0,0.0,0.0,0.0,0.0,0.0,0.0,0.0,0.0,1655.0,1475.0,1375.0,1350.0,0.0,7.0,判定困難,1412.5,Bid/Ask midpoint,0,判定困難,0,
2026/09/30 00:04,2026-09-30T00:19:40+09:00,,2026-12,CALL,62125,0.0,0.0,0.0,0.0,0.0,0.0,0.0,0.0,0.0,0.0,0.0,0.0,5465.0,5850.0,4965.0,4965.0,-1.0,0.0,判定困難,5407.5,Bid/Ask midpoint,0,判定困難,0,
2026/09/30 00:04,2026-09-30T00:19:40+09:00,,2026-12,PUT,62125,0.0,0.0,0.0,0.0,0.0,0.0,0.0,0.0,0.0,0.0,0.0,0.0,1615.0,1440.0,1345.0,1320.0,0.0,6.0,判定困難,1380.0,Bid/Ask midpoint,0,判定困難,0,
2026/09/30 00:04,2026-09-30T00:19:40+09:00,,2026-12,CALL,62000,1850.0,1850.0,0.0,0.0,0.0,0.0,0.0,0.0,0.0,0.0,0.0,0.0,5550.0,5860.0,5050.0,5050.0,-9.0,0.0,判定困難,5455.0,Bid/Ask midpoint,0,判定困難,0,
2026/09/30 00:04,2026-09-30T00:19:40+09:00,,2026-12,PUT,62000,3486.0,3486.0,0.0,0.0,0.0,0.0,0.0,0.0,0.0,0.0,0.0,0.0,1505.0,1375.0,1340.0,1280.0,0.0,18.0,判定困難,1327.5,Bid/Ask midpoint,0,判定困難,0,
2026/09/30 00:04,2026-09-30T00:19:40+09:00,,2026-12,CALL,61875,0.0,0.0,0.0,0.0,0.0,0.0,0.0,0.0,0.0,0.0,0.0,0.0,5635.0,6100.0,5135.0,5135.0,-3.0,0.0,判定困難,5617.5,Bid/Ask midpoint,0,判定困難,0,
2026/09/30 00:04,2026-09-30T00:19:40+09:00,,2026-12,PUT,61875,0.0,0.0,0.0,0.0,0.0,0.0,0.0,0.0,0.0,0.0,0.0,0.0,1545.0,1380.0,1280.0,1245.0,0.0,6.0,判定困難,1312.5,Bid/Ask midpoint,0,判定困難,0,
2026/09/30 00:04,2026-09-30T00:19:40+09:00,,2026-12,CALL,61750,0.0,0.0,0.0,0.0,0.0,0.0,0.0,0.0,0.0,0.0,0.0,0.0,5725.0,6235.0,5225.0,5225.0,-3.0,0.0,判定困難,5730.0,Bid/Ask midpoint,0,判定困難,0,
2026/09/30 00:04,2026-09-30T00:19:40+09:00,,2026-12,PUT,61750,0.0,0.0,0.0,0.0,0.0,0.0,0.0,0.0,0.0,0.0,0.0,0.0,1510.0,1345.0,1250.0,1205.0,0.0,7.0,判定困難,1275.0,Bid/Ask midpoint,0,判定困難,0,
2026/09/30 00:04,2026-09-30T00:19:40+09:00,,2026-12,CALL,61625,0.0,0.0,0.0,0.0,0.0,0.0,0.0,0.0,0.0,0.0,0.0,0.0,5825.0,6165.0,5325.0,5325.0,-3.0,0.0,判定困難,5745.0,Bid/Ask midpoint,0,判定困難,0,
2026/09/30 00:04,2026-09-30T00:19:40+09:00,,2026-12,PUT,61625,0.0,0.0,0.0,0.0,0.0,0.0,0.0,0.0,0.0,0.0,0.0,0.0,1475.0,1310.0,1220.0,1185.0,0.0,6.0,判定困難,1247.5,Bid/Ask midpoint,0,判定困難,0,
2026/09/30 00:04,2026-09-30T00:19:40+09:00,,2026-12,CALL,61500,1.0,1.0,0.0,0.0,0.0,0.0,0.0,0.0,0.0,0.0,0.0,0.0,5905.0,6270.0,5405.0,5405.0,-2.0,0.0,判定困難,5837.5,Bid/Ask midpoint,0,判定困難,0,
2026/09/30 00:04,2026-09-30T00:19:40+09:00,,2026-12,PUT,61500,254.0,254.0,0.0,0.0,0.0,0.0,0.0,0.0,0.0,0.0,0.0,0.0,1385.0,1285.0,1200.0,1140.0,0.0,12.0,判定困難,1212.5,Bid/Ask midpoint,0,判定困難,0,
2026/09/30 00:04,2026-09-30T00:19:40+09:00,,2026-12,CALL,61375,0.0,0.0,0.0,0.0,0.0,0.0,0.0,0.0,0.0,0.0,0.0,0.0,6000.0,6340.0,5500.0,5500.0,-3.0,0.0,判定困難,5920.0,Bid/Ask midpoint,0,判定困難,0,
2026/09/30 00:04,2026-09-30T00:19:40+09:00,,2026-12,PUT,61375,0.0,0.0,0.0,0.0,0.0,0.0,0.0,0.0,0.0,0.0,0.0,0.0,1410.0,1300.0,1160.0,1110.0,0.0,6.0,判定困難,1205.0,Bid/Ask midpoint,0,判定困難,0,
2026/09/30 00:04,2026-09-30T00:19:40+09:00,,2026-12,CALL,61250,0.0,0.0,0.0,0.0,0.0,0.0,0.0,0.0,0.0,0.0,0.0,0.0,6100.0,6650.0,5600.0,5600.0,-3.0,0.0,判定困難,6125.0,Bid/Ask midpoint,0,判定困難,0,
2026/09/30 00:04,2026-09-30T00:19:40+09:00,,2026-12,PUT,61250,10.0,10.0,0.0,0.0,0.0,0.0,0.0,0.0,0.0,0.0,0.0,0.0,1380.0,1270.0,1130.0,1085.0,0.0,7.0,判定困難,1177.5,Bid/Ask midpoint,0,判定困難,0,
2026/09/30 00:04,2026-09-30T00:19:40+09:00,,2026-12,CALL,61125,0.0,0.0,0.0,0.0,0.0,0.0,0.0,0.0,0.0,0.0,0.0,0.0,6190.0,6875.0,5690.0,5690.0,-3.0,0.0,判定困難,6282.5,Bid/Ask midpoint,0,判定困難,0,
2026/09/30 00:04,2026-09-30T00:19:40+09:00,,2026-12,PUT,61125,0.0,0.0,0.0,0.0,0.0,0.0,0.0,0.0,0.0,0.0,0.0,0.0,1350.0,1240.0,1105.0,1050.0,0.0,7.0,判定困難,1145.0,Bid/Ask midpoint,0,判定困難,0,
2026/09/30 00:04,2026-09-30T00:19:40+09:00,,2026-12,CALL,61000,813.0,813.0,0.0,0.0,0.0,0.0,0.0,0.0,0.0,0.0,0.0,0.0,6290.0,6785.0,5790.0,5790.0,0.0,0.0,判定困難,6287.5,Bid/Ask midpoint,0,判定困難,0,
2026/09/30 00:04,2026-09-30T00:19:40+09:00,,2026-12,PUT,61000,1351.0,1351.0,0.0,0.0,0.0,0.0,0.0,0.0,0.0,0.0,0.0,0.0,1255.0,1170.0,1105.0,1020.0,3.0,21.0,判定困難,1095.0,Bid/Ask midpoint,0,判定困難,0,
2026/09/30 00:04,2026-09-30T00:19:40+09:00,,2026-12,CALL,60875,0.0,0.0,0.0,0.0,0.0,0.0,0.0,0.0,0.0,0.0,0.0,0.0,6385.0,6720.0,5885.0,5885.0,-3.0,0.0,判定困難,6302.5,Bid/Ask midpoint,0,判定困難,0,
2026/09/30 00:04,2026-09-30T00:19:40+09:00,,2026-12,PUT,60875,0.0,0.0,0.0,0.0,0.0,0.0,0.0,0.0,0.0,0.0,0.0,0.0,1290.0,1180.0,1050.0,995.0,1.0,7.0,判定困難,1087.5,Bid/Ask midpoint,0,判定困難,0,
2026/09/30 00:04,2026-09-30T00:19:40+09:00,,2026-12,CALL,60750,0.0,0.0,0.0,0.0,0.0,0.0,0.0,0.0,0.0,0.0,0.0,0.0,6480.0,7090.0,5980.0,5980.0,-3.0,0.0,判定困難,6535.0,Bid/Ask midpoint,0,判定困難,0,
2026/09/30 00:04,2026-09-30T00:19:40+09:00,,2026-12,PUT,60750,5.0,5.0,0.0,0.0,0.0,0.0,0.0,0.0,0.0,0.0,0.0,0.0,1260.0,1150.0,1025.0,980.0,1.0,8.0,判定困難,1065.0,Bid/Ask midpoint,0,判定困難,0,
2026/09/30 00:04,2026-09-30T00:19:40+09:00,,2026-12,CALL,60625,0.0,0.0,0.0,0.0,0.0,0.0,0.0,0.0,0.0,0.0,0.0,0.0,6580.0,7160.0,6080.0,6080.0,-3.0,0.0,判定困難,6620.0,Bid/Ask midpoint,0,判定困難,0,
2026/09/30 00:04,2026-09-30T00:19:40+09:00,,2026-12,PUT,60625,0.0,0.0,0.0,0.0,0.0,0.0,0.0,0.0,0.0,0.0,0.0,0.0,1235.0,1125.0,995.0,935.0,1.0,7.0,判定困難,1030.0,Bid/Ask midpoint,0,判定困難,0,
2026/09/30 00:04,2026-09-30T00:19:40+09:00,,2026-12,CALL,60500,102.0,102.0,0.0,0.0,0.0,0.0,0.0,0.0,0.0,0.0,0.0,0.0,6690.0,7005.0,6190.0,6190.0,-6.0,0.0,判定困難,6597.5,Bid/Ask midpoint,0,判定困難,0,
2026/09/30 00:04,2026-09-30T00:19:40+09:00,,2026-12,PUT,60500,200.0,200.0,0.0,0.0,0.0,0.0,0.0,0.0,0.0,0.0,0.0,0.0,1205.0,1105.0,975.0,925.0,0.0,14.0,判定困難,1015.0,Bid/Ask midpoint,0,判定困難,0,
2026/09/30 00:04,2026-09-30T00:19:40+09:00,,2026-12,CALL,60250,0.0,0.0,0.0,0.0,0.0,0.0,0.0,0.0,0.0,0.0,0.0,0.0,6885.0,7305.0,6385.0,6385.0,-1.0,0.0,判定困難,6845.0,Bid/Ask midpoint,0,判定困難,0,
2026/09/30 00:04,2026-09-30T00:19:40+09:00,,2026-12,PUT,60250,44.0,44.0,0.0,0.0,0.0,0.0,0.0,0.0,0.0,0.0,0.0,0.0,1160.0,1055.0,920.0,910.0,0.0,0.0,判定困難,982.5,Bid/Ask midpoint,0,判定困難,0,
2026/09/30 00:04,2026-09-30T00:19:40+09:00,,2026-12,CALL,60000,7478.0,7478.0,0.0,0.0,0.0,0.0,0.0,0.0,0.0,0.0,0.0,0.0,7075.0,7405.0,6575.0,6575.0,-3.0,0.0,判定困難,6990.0,Bid/Ask midpoint,0,判定困難,0,
2026/09/30 00:04,2026-09-30T00:19:40+09:00,,2026-12,PUT,60000,9898.0,9898.0,0.0,0.0,0.0,0.0,0.0,0.0,0.0,0.0,0.0,0.0,1085.0,965.0,900.0,875.0,0.0,0.0,判定困難,920.0,Bid/Ask midpoint,0,判定困難,0,
2026/09/30 00:04,2026-09-30T00:19:40+09:00,,2026-12,CALL,59750,0.0,0.0,0.0,0.0,0.0,0.0,0.0,0.0,0.0,0.0,0.0,0.0,7290.0,8030.0,6790.0,6790.0,-3.0,0.0,判定困難,7410.0,Bid/Ask midpoint,0,判定困難,0,
2026/09/30 00:04,2026-09-30T00:19:40+09:00,,2026-12,PUT,59750,0.0,0.0,0.0,0.0,0.0,0.0,0.0,0.0,0.0,0.0,0.0,0.0,1060.0,960.0,835.0,835.0,0.0,0.0,判定困難,897.5,Bid/Ask midpoint,0,判定困難,0,
2026/09/30 00:04,2026-09-30T00:19:40+09:00,,2026-12,CALL,59500,100.0,100.0,0.0,0.0,0.0,0.0,0.0,0.0,0.0,0.0,0.0,0.0,7485.0,7895.0,6985.0,6985.0,-2.0,0.0,判定困難,7440.0,Bid/Ask midpoint,0,判定困難,0,
2026/09/30 00:04,2026-09-30T00:19:40+09:00,,2026-12,PUT,59500,250.0,250.0,0.0,0.0,0.0,0.0,0.0,0.0,0.0,0.0,0.0,0.0,1005.0,915.0,800.0,770.0,0.0,14.0,判定困難,842.5,Bid/Ask midpoint,0,判定困難,0,
2026/09/30 00:04,2026-09-30T00:19:40+09:00,,2026-12,CALL,59250,0.0,0.0,0.0,0.0,0.0,0.0,0.0,0.0,0.0,0.0,0.0,0.0,7670.0,8160.0,7170.0,7670.0,-3.0,0.0,判定困難,7915.0,Bid/Ask midpoint,0,判定困難,0,
2026/09/30 00:04,2026-09-30T00:19:40+09:00,,2026-12,PUT,59250,62.0,62.0,0.0,0.0,0.0,0.0,0.0,0.0,0.0,0.0,0.0,0.0,965.0,870.0,755.0,755.0,0.0,0.0,判定困難,812.5,Bid/Ask midpoint,0,判定困難,0,
2026/09/30 00:04,2026-09-30T00:19:40+09:00,,2026-12,CALL,59000,1900.0,1900.0,0.0,0.0,0.0,0.0,0.0,0.0,0.0,0.0,0.0,0.0,7900.0,8300.0,7400.0,7900.0,-3.0,-9.0,判定困難,8100.0,Bid/Ask midpoint,0,判定困難,0,
2026/09/30 00:04,2026-09-30T00:19:40+09:00,,2026-12,PUT,59000,2780.0,2780.0,0.0,0.0,0.0,0.0,0.0,0.0,0.0,0.0,0.0,0.0,905.0,835.0,735.0,690.0,0.0,21.0,判定困難,762.5,Bid/Ask midpoint,0,判定困難,0,
2026/09/30 00:04,2026-09-30T00:19:40+09:00,,2026-12,CALL,58750,0.0,0.0,0.0,0.0,0.0,0.0,0.0,0.0,0.0,0.0,0.0,0.0,8095.0,8845.0,7595.0,8095.0,-3.0,0.0,判定困難,8470.0,Bid/Ask midpoint,0,判定困難,0,
2026/09/30 00:04,2026-09-30T00:19:40+09:00,,2026-12,PUT,58750,0.0,0.0,0.0,0.0,0.0,0.0,0.0,0.0,0.0,0.0,0.0,0.0,885.0,795.0,685.0,685.0,1.0,0.0,判定困難,740.0,Bid/Ask midpoint,0,判定困難,0,
2026/09/30 00:04,2026-09-30T00:19:40+09:00,,2026-12,CALL,58500,350.0,350.0,0.0,0.0,0.0,0.0,0.0,0.0,0.0,0.0,0.0,0.0,8310.0,8925.0,7810.0,8310.0,-6.0,0.0,判定困難,8617.5,Bid/Ask midpoint,0,判定困難,0,
2026/09/30 00:04,2026-09-30T00:19:40+09:00,,2026-12,PUT,58500,863.0,863.0,0.0,0.0,0.0,0.0,0.0,0.0,0.0,0.0,0.0,0.0,840.0,755.0,655.0,655.0,2.0,0.0,判定困難,705.0,Bid/Ask midpoint,0,判定困難,0,
2026/09/30 00:04,2026-09-30T00:19:40+09:00,,2026-12,CALL,58250,0.0,0.0,0.0,0.0,0.0,0.0,0.0,0.0,0.0,0.0,0.0,0.0,8535.0,9190.0,8035.0,8535.0,-1.0,0.0,判定困難,8862.5,Bid/Ask midpoint,0,判定困難,0,
2026/09/30 00:04,2026-09-30T00:19:40+09:00,,2026-12,PUT,58250,147.0,147.0,0.0,0.0,0.0,0.0,0.0,0.0,0.0,0.0,0.0,0.0,810.0,765.0,615.0,615.0,1.0,0.0,判定困難,690.0,Bid/Ask midpoint,0,判定困難,0,
2026/09/30 00:04,2026-09-30T00:19:40+09:00,,2026-12,CALL,58000,2603.0,2603.0,0.0,0.0,0.0,0.0,0.0,0.0,0.0,0.0,0.0,0.0,8755.0,9325.0,8255.0,8755.0,-3.0,0.0,判定困難,9040.0,Bid/Ask midpoint,0,判定困難,0,
2026/09/30 00:04,2026-09-30T00:19:40+09:00,,2026-12,PUT,58000,2029.0,2029.0,0.0,0.0,0.0,0.0,0.0,0.0,0.0,0.0,0.0,0.0,765.0,675.0,615.0,595.0,21.0,0.0,判定困難,635.0,Bid/Ask midpoint,0,判定困難,0,
2026/09/30 00:04,2026-09-30T00:19:40+09:00,,2026-12,CALL,57750,0.0,0.0,0.0,0.0,0.0,0.0,0.0,0.0,0.0,0.0,0.0,0.0,8975.0,9400.0,8475.0,8975.0,-3.0,0.0,判定困難,9187.5,Bid/Ask midpoint,0,判定困難,0,
2026/09/30 00:04,2026-09-30T00:19:40+09:00,,2026-12,PUT,57750,4.0,4.0,0.0,0.0,0.0,0.0,0.0,0.0,0.0,0.0,0.0,0.0,745.0,700.0,555.0,555.0,0.0,0.0,判定困難,627.5,Bid/Ask midpoint,0,判定困難,0,
2026/09/30 00:04,2026-09-30T00:19:40+09:00,,2026-12,CALL,57500,80.0,80.0,0.0,0.0,0.0,0.0,0.0,0.0,0.0,0.0,0.0,0.0,9195.0,9875.0,8695.0,8800.0,-6.0,-6.0,判定困難,9337.5,Bid/Ask midpoint,0,判定困難,0,
2026/09/30 00:04,2026-09-30T00:19:40+09:00,,2026-12,PUT,57500,987.0,987.0,0.0,0.0,0.0,0.0,0.0,0.0,0.0,0.0,0.0,0.0,710.0,670.0,575.0,515.0,0.0,-14.0,判定困難,592.5,Bid/Ask midpoint,0,判定困難,0,
2026/09/30 00:04,2026-09-30T00:19:40+09:00,,2026-12,CALL,57250,113.0,113.0,0.0,0.0,0.0,0.0,0.0,0.0,0.0,0.0,0.0,0.0,9415.0,0.0,8915.0,0.0,-4.0,-4.0,判定困難,0,取得不可,0,判定困難,0,
2026/09/30 00:04,2026-09-30T00:19:40+09:00,,2026-12,PUT,57250,30.0,30.0,0.0,0.0,0.0,0.0,0.0,0.0,0.0,0.0,0.0,0.0,685.0,645.0,505.0,505.0,0.0,0.0,判定困難,575.0,Bid/Ask midpoint,0,判定困難,0,
2026/09/30 00:04,2026-09-30T00:19:40+09:00,,2026-12,CALL,57000,500.0,500.0,0.0,0.0,0.0,0.0,0.0,0.0,0.0,0.0,0.0,0.0,0.0,0.0,0.0,0.0,0.0,0.0,判定困難,0,取得不可,0,判定困難,0,
2026/09/30 00:04,2026-09-30T00:19:40+09:00,,2026-12,PUT,57000,2635.0,2635.0,0.0,0.0,0.0,0.0,0.0,0.0,0.0,0.0,0.0,0.0,640.0,575.0,495.0,495.0,0.0,0.0,判定困難,535.0,Bid/Ask midpoint,0,判定困難,0,
2026/09/30 00:04,2026-09-30T00:19:40+09:00,,2026-12,CALL,56750,0.0,0.0,0.0,0.0,0.0,0.0,0.0,0.0,0.0,0.0,0.0,0.0,0.0,0.0,0.0,0.0,0.0,0.0,判定困難,0,取得不可,0,判定困難,0,
2026/09/30 00:04,2026-09-30T00:19:40+09:00,,2026-12,PUT,56750,13.0,13.0,0.0,0.0,0.0,0.0,0.0,0.0,0.0,0.0,0.0,0.0,630.0,590.0,460.0,460.0,0.0,0.0,判定困難,525.0,Bid/Ask midpoint,0,判定困難,0,
2026/09/30 00:04,2026-09-30T00:19:40+09:00,,2026-12,CALL,56500,283.0,283.0,0.0,0.0,0.0,0.0,0.0,0.0,0.0,0.0,0.0,0.0,0.0,0.0,0.0,0.0,0.0,0.0,判定困難,0,取得不可,0,判定困難,0,
2026/09/30 00:04,2026-09-30T00:19:40+09:00,,2026-12,PUT,56500,321.0,321.0,0.0,0.0,0.0,0.0,0.0,0.0,0.0,0.0,0.0,0.0,600.0,565.0,440.0,440.0,0.0,0.0,判定困難,502.5,Bid/Ask midpoint,0,判定困難,0,
2026/09/30 00:04,2026-09-30T00:19:40+09:00,,2026-12,CALL,56250,0.0,0.0,0.0,0.0,0.0,0.0,0.0,0.0,0.0,0.0,0.0,0.0,0.0,0.0,0.0,0.0,0.0,0.0,判定困難,0,取得不可,0,判定困難,0,
2026/09/30 00:04,2026-09-30T00:19:40+09:00,,2026-12,PUT,56250,47.0,47.0,0.0,0.0,0.0,0.0,0.0,0.0,0.0,0.0,0.0,0.0,575.0,540.0,420.0,420.0,0.0,0.0,判定困難,480.0,Bid/Ask midpoint,0,判定困難,0,
2026/09/30 00:04,2026-09-30T00:19:40+09:00,,2026-12,CALL,56000,791.0,791.0,0.0,0.0,0.0,0.0,0.0,0.0,0.0,0.0,0.0,0.0,0.0,0.0,0.0,0.0,0.0,0.0,判定困難,0,取得不可,0,判定困難,0,
2026/09/30 00:04,2026-09-30T00:19:40+09:00,,2026-12,PUT,56000,2594.0,2594.0,0.0,0.0,0.0,0.0,0.0,0.0,0.0,0.0,0.0,0.0,540.0,510.0,410.0,410.0,0.0,0.0,判定困難,460.0,Bid/Ask midpoint,0,判定困難,0,
2026/09/30 00:04,2026-09-30T00:19:40+09:00,,2026-12,CALL,55750,0.0,0.0,0.0,0.0,0.0,0.0,0.0,0.0,0.0,0.0,0.0,0.0,0.0,0.0,0.0,0.0,0.0,0.0,判定困難,0,取得不可,0,判定困難,0,
2026/09/30 00:04,2026-09-30T00:19:40+09:00,,2026-12,PUT,55750,24.0,24.0,0.0,0.0,0.0,0.0,0.0,0.0,0.0,0.0,0.0,0.0,530.0,495.0,380.0,380.0,0.0,0.0,判定困難,437.5,Bid/Ask midpoint,0,判定困難,0,
2026/09/30 00:04,2026-09-30T00:19:40+09:00,,2026-12,CALL,55500,300.0,300.0,0.0,0.0,0.0,0.0,0.0,0.0,0.0,0.0,0.0,0.0,0.0,0.0,0.0,0.0,0.0,0.0,判定困難,0,取得不可,0,判定困難,0,
2026/09/30 00:04,2026-09-30T00:19:40+09:00,,2026-12,PUT,55500,127.0,127.0,0.0,0.0,0.0,0.0,0.0,0.0,0.0,0.0,0.0,0.0,510.0,475.0,365.0,365.0,0.0,0.0,判定困難,420.0,Bid/Ask midpoint,0,判定困難,0,
2026/09/30 00:04,2026-09-30T00:19:40+09:00,,2026-12,CALL,55250,0.0,0.0,0.0,0.0,0.0,0.0,0.0,0.0,0.0,0.0,0.0,0.0,0.0,0.0,0.0,0.0,0.0,0.0,判定困難,0,取得不可,0,判定困難,0,
2026/09/30 00:04,2026-09-30T00:19:40+09:00,,2026-12,PUT,55250,2.0,2.0,0.0,0.0,0.0,0.0,0.0,0.0,0.0,0.0,0.0,0.0,490.0,455.0,350.0,350.0,0.0,0.0,判定困難,402.5,Bid/Ask midpoint,0,判定困難,0,
2026/09/30 00:04,2026-09-30T00:19:40+09:00,,2026-12,CALL,55000,1829.0,1829.0,0.0,0.0,0.0,0.0,0.0,0.0,0.0,0.0,0.0,0.0,0.0,0.0,0.0,0.0,0.0,0.0,判定困難,0,取得不可,0,判定困難,0,
2026/09/30 00:04,2026-09-30T00:19:40+09:00,,2026-12,PUT,55000,5010.0,5010.0,0.0,0.0,0.0,0.0,0.0,0.0,0.0,0.0,0.0,0.0,460.0,435.0,345.0,345.0,0.0,0.0,判定困難,390.0,Bid/Ask midpoint,0,判定困難,0,
2026/09/30 00:04,2026-09-30T00:19:40+09:00,,2026-12,CALL,54750,0.0,0.0,0.0,0.0,0.0,0.0,0.0,0.0,0.0,0.0,0.0,0.0,0.0,0.0,0.0,0.0,0.0,0.0,判定困難,0,取得不可,0,判定困難,0,
2026/09/30 00:04,2026-09-30T00:19:40+09:00,,2026-12,PUT,54750,32.0,32.0,0.0,0.0,0.0,0.0,0.0,0.0,0.0,0.0,0.0,0.0,450.0,420.0,320.0,320.0,0.0,0.0,判定困難,370.0,Bid/Ask midpoint,0,判定困難,0,
2026/09/30 00:04,2026-09-30T00:19:40+09:00,,2026-12,CALL,54500,540.0,540.0,0.0,0.0,0.0,0.0,0.0,0.0,0.0,0.0,0.0,0.0,0.0,0.0,0.0,0.0,0.0,0.0,判定困難,0,取得不可,0,判定困難,0,
2026/09/30 00:04,2026-09-30T00:19:40+09:00,,2026-12,PUT,54500,880.0,880.0,0.0,0.0,0.0,0.0,0.0,0.0,0.0,0.0,0.0,0.0,435.0,405.0,305.0,305.0,0.0,0.0,判定困難,355.0,Bid/Ask midpoint,0,判定困難,0,
2026/09/30 00:04,2026-09-30T00:19:40+09:00,,2026-12,CALL,54250,0.0,0.0,0.0,0.0,0.0,0.0,0.0,0.0,0.0,0.0,0.0,0.0,0.0,0.0,0.0,0.0,0.0,0.0,判定困難,0,取得不可,0,判定困難,0,
2026/09/30 00:04,2026-09-30T00:19:40+09:00,,2026-12,PUT,54250,3.0,3.0,0.0,0.0,0.0,0.0,0.0,0.0,0.0,0.0,0.0,0.0,420.0,390.0,294.0,294.0,0.0,0.0,判定困難,342.0,Bid/Ask midpoint,0,判定困難,0,
2026/09/30 00:04,2026-09-30T00:19:40+09:00,,2026-12,CALL,54000,1941.0,1941.0,0.0,0.0,0.0,0.0,0.0,0.0,0.0,0.0,0.0,0.0,0.0,0.0,0.0,0.0,0.0,0.0,判定困難,0,取得不可,0,判定困難,0,
2026/09/30 00:04,2026-09-30T00:19:40+09:00,,2026-12,PUT,54000,3537.0,3537.0,0.0,0.0,0.0,0.0,0.0,0.0,0.0,0.0,0.0,0.0,395.0,370.0,291.0,291.0,3.0,0.0,判定困難,330.5,Bid/Ask midpoint,0,判定困難,0,
2026/09/30 00:04,2026-09-30T00:19:40+09:00,,2026-12,CALL,53750,0.0,0.0,0.0,0.0,0.0,0.0,0.0,0.0,0.0,0.0,0.0,0.0,0.0,0.0,0.0,0.0,0.0,0.0,判定困難,0,取得不可,0,判定困難,0,
2026/09/30 00:04,2026-09-30T00:19:40+09:00,,2026-12,PUT,53750,45.0,45.0,0.0,0.0,0.0,0.0,0.0,0.0,0.0,0.0,0.0,0.0,395.0,365.0,262.0,262.0,0.0,0.0,判定困難,313.5,Bid/Ask midpoint,0,判定困難,0,
2026/09/30 00:04,2026-09-30T00:19:40+09:00,,2026-12,CALL,53500,106.0,106.0,0.0,0.0,0.0,0.0,0.0,0.0,0.0,0.0,0.0,0.0,0.0,0.0,0.0,0.0,0.0,0.0,判定困難,0,取得不可,0,判定困難,0,
2026/09/30 00:04,2026-09-30T00:19:40+09:00,,2026-12,PUT,53500,307.0,307.0,0.0,0.0,0.0,0.0,0.0,0.0,0.0,0.0,0.0,0.0,380.0,350.0,254.0,254.0,0.0,0.0,判定困難,302.0,Bid/Ask midpoint,0,判定困難,0,
2026/09/30 00:04,2026-09-30T00:19:40+09:00,,2026-12,CALL,53250,0.0,0.0,0.0,0.0,0.0,0.0,0.0,0.0,0.0,0.0,0.0,0.0,0.0,0.0,0.0,0.0,0.0,0.0,判定困難,0,取得不可,0,判定困難,0,
2026/09/30 00:04,2026-09-30T00:19:40+09:00,,2026-12,PUT,53250,188.0,188.0,0.0,0.0,0.0,0.0,0.0,0.0,0.0,0.0,0.0,0.0,370.0,340.0,240.0,240.0,0.0,0.0,判定困難,290.0,Bid/Ask midpoint,0,判定困難,0,
2026/09/30 00:04,2026-09-30T00:19:40+09:00,,2026-12,CALL,53000,1135.0,1135.0,0.0,0.0,0.0,0.0,0.0,0.0,0.0,0.0,0.0,0.0,0.0,0.0,0.0,0.0,0.0,0.0,判定困難,0,取得不可,0,判定困難,0,
2026/09/30 00:04,2026-09-30T00:19:40+09:00,,2026-12,PUT,53000,2020.0,2020.0,0.0,0.0,0.0,0.0,0.0,0.0,0.0,0.0,0.0,0.0,345.0,320.0,241.0,241.0,0.0,0.0,判定困難,280.5,Bid/Ask midpoint,0,判定困難,0,
2026/09/30 00:04,2026-09-30T00:19:40+09:00,,2026-12,CALL,52750,0.0,0.0,0.0,0.0,0.0,0.0,0.0,0.0,0.0,0.0,0.0,0.0,0.0,0.0,0.0,0.0,0.0,0.0,判定困難,0,取得不可,0,判定困難,0,
2026/09/30 00:04,2026-09-30T00:19:40+09:00,,2026-12,PUT,52750,0.0,0.0,0.0,0.0,0.0,0.0,0.0,0.0,0.0,0.0,0.0,0.0,340.0,340.0,225.0,225.0,0.0,0.0,判定困難,282.5,Bid/Ask midpoint,0,判定困難,0,
2026/09/30 00:04,2026-09-30T00:19:40+09:00,,2026-12,CALL,52500,50.0,50.0,0.0,0.0,0.0,0.0,0.0,0.0,0.0,0.0,0.0,0.0,0.0,0.0,0.0,0.0,0.0,0.0,判定困難,0,取得不可,0,判定困難,0,
2026/09/30 00:04,2026-09-30T00:19:40+09:00,,2026-12,PUT,52500,742.0,742.0,0.0,0.0,0.0,0.0,0.0,0.0,0.0,0.0,0.0,0.0,330.0,300.0,218.0,218.0,0.0,0.0,判定困難,259.0,Bid/Ask midpoint,0,判定困難,0,
2026/09/30 00:04,2026-09-30T00:19:40+09:00,,2026-12,CALL,52250,250.0,250.0,0.0,0.0,0.0,0.0,0.0,0.0,0.0,0.0,0.0,0.0,0.0,0.0,0.0,0.0,0.0,0.0,判定困難,0,取得不可,0,判定困難,0,
2026/09/30 00:04,2026-09-30T00:19:40+09:00,,2026-12,PUT,52250,525.0,525.0,0.0,0.0,0.0,0.0,0.0,0.0,0.0,0.0,0.0,0.0,320.0,294.0,207.0,207.0,0.0,0.0,判定困難,250.5,Bid/Ask midpoint,0,判定困難,0,
2026/09/30 00:04,2026-09-30T00:19:40+09:00,,2026-12,CALL,52000,802.0,802.0,0.0,0.0,0.0,0.0,0.0,0.0,0.0,0.0,0.0,0.0,0.0,0.0,0.0,0.0,0.0,0.0,判定困難,0,取得不可,0,判定困難,0,
2026/09/30 00:04,2026-09-30T00:19:40+09:00,,2026-12,PUT,52000,3116.0,3116.0,0.0,0.0,0.0,0.0,0.0,0.0,0.0,0.0,0.0,0.0,296.0,275.0,208.0,208.0,0.0,0.0,判定困難,241.5,Bid/Ask midpoint,0,判定困難,0,
2026/09/30 00:04,2026-09-30T00:19:40+09:00,,2026-12,CALL,51750,0.0,0.0,0.0,0.0,0.0,0.0,0.0,0.0,0.0,0.0,0.0,0.0,0.0,0.0,0.0,0.0,0.0,0.0,判定困難,0,取得不可,0,判定困難,0,
2026/09/30 00:04,2026-09-30T00:19:40+09:00,,2026-12,PUT,51750,13.0,13.0,0.0,0.0,0.0,0.0,0.0,0.0,0.0,0.0,0.0,0.0,296.0,271.0,190.0,190.0,0.0,0.0,判定困難,230.5,Bid/Ask midpoint,0,判定困難,0,
2026/09/30 00:04,2026-09-30T00:19:40+09:00,,2026-12,CALL,51500,0.0,0.0,0.0,0.0,0.0,0.0,0.0,0.0,0.0,0.0,0.0,0.0,0.0,0.0,0.0,0.0,0.0,0.0,判定困難,0,取得不可,0,判定困難,0,
2026/09/30 00:04,2026-09-30T00:19:40+09:00,,2026-12,PUT,51500,270.0,270.0,0.0,0.0,0.0,0.0,0.0,0.0,0.0,0.0,0.0,0.0,283.0,283.0,184.0,184.0,0.0,0.0,判定困難,233.5,Bid/Ask midpoint,0,判定困難,0,
2026/09/30 00:04,2026-09-30T00:19:40+09:00,,2026-12,CALL,51250,0.0,0.0,0.0,0.0,0.0,0.0,0.0,0.0,0.0,0.0,0.0,0.0,0.0,0.0,0.0,0.0,0.0,0.0,判定困難,0,取得不可,0,判定困難,0,
2026/09/30 00:04,2026-09-30T00:19:40+09:00,,2026-12,PUT,51250,20.0,20.0,0.0,0.0,0.0,0.0,0.0,0.0,0.0,0.0,0.0,0.0,276.0,276.0,175.0,175.0,0.0,0.0,判定困難,225.5,Bid/Ask midpoint,0,判定困難,0,
2026/09/30 00:04,2026-09-30T00:19:40+09:00,,2026-12,CALL,51000,731.0,731.0,0.0,0.0,0.0,0.0,0.0,0.0,0.0,0.0,0.0,0.0,0.0,0.0,0.0,0.0,0.0,0.0,判定困難,0,取得不可,0,判定困難,0,
2026/09/30 00:04,2026-09-30T00:19:40+09:00,,2026-12,PUT,51000,1913.0,1913.0,0.0,0.0,0.0,0.0,0.0,0.0,0.0,0.0,0.0,0.0,257.0,238.0,177.0,177.0,0.0,0.0,判定困難,207.5,Bid/Ask midpoint,0,判定困難,0,
2026/09/30 00:04,2026-09-30T00:19:40+09:00,,2026-12,CALL,50750,45.0,45.0,0.0,0.0,0.0,0.0,0.0,0.0,0.0,0.0,0.0,0.0,0.0,0.0,0.0,0.0,0.0,0.0,判定困難,0,取得不可,0,判定困難,0,
2026/09/30 00:04,2026-09-30T00:19:40+09:00,,2026-12,PUT,50750,55.0,55.0,0.0,0.0,0.0,0.0,0.0,0.0,0.0,0.0,0.0,0.0,258.0,258.0,161.0,161.0,0.0,0.0,判定困難,209.5,Bid/Ask midpoint,0,判定困難,0,
2026/09/30 00:04,2026-09-30T00:19:40+09:00,,2026-12,CALL,50500,600.0,600.0,0.0,0.0,0.0,0.0,0.0,0.0,0.0,0.0,0.0,0.0,0.0,0.0,0.0,0.0,0.0,0.0,判定困難,0,取得不可,0,判定困難,0,
2026/09/30 00:04,2026-09-30T00:19:40+09:00,,2026-12,PUT,50500,2017.0,2017.0,0.0,0.0,0.0,0.0,0.0,0.0,0.0,0.0,0.0,0.0,248.0,248.0,156.0,156.0,0.0,0.0,判定困難,202.0,Bid/Ask midpoint,0,判定困難,0,
2026/09/30 00:04,2026-09-30T00:19:40+09:00,,2026-12,CALL,50250,58.0,58.0,0.0,0.0,0.0,0.0,0.0,0.0,0.0,0.0,0.0,0.0,0.0,0.0,0.0,0.0,0.0,0.0,判定困難,0,取得不可,0,判定困難,0,
2026/09/30 00:04,2026-09-30T00:19:40+09:00,,2026-12,PUT,50250,16.0,16.0,0.0,0.0,0.0,0.0,0.0,0.0,0.0,0.0,0.0,0.0,241.0,241.0,148.0,148.0,0.0,0.0,判定困難,194.5,Bid/Ask midpoint,0,判定困難,0,
2026/09/30 00:04,2026-09-30T00:19:40+09:00,,2026-12,CALL,50000,5692.0,5692.0,0.0,0.0,0.0,0.0,0.0,0.0,0.0,0.0,0.0,0.0,0.0,0.0,0.0,0.0,0.0,0.0,判定困難,0,取得不可,0,判定困難,0,
2026/09/30 00:04,2026-09-30T00:19:40+09:00,,2026-12,PUT,50000,9103.0,9103.0,0.0,0.0,0.0,0.0,0.0,0.0,0.0,0.0,0.0,0.0,225.0,207.0,151.0,151.0,0.0,0.0,判定困難,179.0,Bid/Ask midpoint,0,判定困難,0,
2026/09/30 00:04,2026-09-30T00:19:40+09:00,,2026-12,CALL,49750,0.0,0.0,0.0,0.0,0.0,0.0,0.0,0.0,0.0,0.0,0.0,0.0,0.0,0.0,0.0,0.0,0.0,0.0,判定困難,0,取得不可,0,判定困難,0,
2026/09/30 00:04,2026-09-30T00:19:40+09:00,,2026-12,PUT,49750,78.0,78.0,0.0,0.0,0.0,0.0,0.0,0.0,0.0,0.0,0.0,0.0,226.0,226.0,137.0,137.0,0.0,0.0,判定困難,181.5,Bid/Ask midpoint,0,判定困難,0,
2026/09/30 00:04,2026-09-30T00:19:40+09:00,,2026-12,CALL,49500,260.0,260.0,0.0,0.0,0.0,0.0,0.0,0.0,0.0,0.0,0.0,0.0,0.0,0.0,0.0,0.0,0.0,0.0,判定困難,0,取得不可,0,判定困難,0,
2026/09/30 00:04,2026-09-30T00:19:40+09:00,,2026-12,PUT,49500,2327.0,2327.0,0.0,0.0,0.0,0.0,0.0,0.0,0.0,0.0,0.0,0.0,217.0,217.0,135.0,135.0,0.0,0.0,判定困難,176.0,Bid/Ask midpoint,0,判定困難,0,
2026/09/30 00:04,2026-09-30T00:19:40+09:00,,2026-12,CALL,49250,0.0,0.0,0.0,0.0,0.0,0.0,0.0,0.0,0.0,0.0,0.0,0.0,0.0,0.0,0.0,0.0,0.0,0.0,判定困難,0,取得不可,0,判定困難,0,
2026/09/30 00:04,2026-09-30T00:19:40+09:00,,2026-12,PUT,49250,210.0,210.0,0.0,0.0,0.0,0.0,0.0,0.0,0.0,0.0,0.0,0.0,212.0,212.0,126.0,126.0,0.0,0.0,判定困難,169.0,Bid/Ask midpoint,0,判定困難,0,
2026/09/30 00:04,2026-09-30T00:19:40+09:00,,2026-12,CALL,49000,1000.0,1000.0,0.0,0.0,0.0,0.0,0.0,0.0,0.0,0.0,0.0,0.0,0.0,0.0,0.0,0.0,0.0,0.0,判定困難,0,取得不可,0,判定困難,0,
2026/09/30 00:04,2026-09-30T00:19:40+09:00,,2026-12,PUT,49000,3649.0,3649.0,0.0,0.0,0.0,0.0,0.0,0.0,0.0,0.0,0.0,0.0,197.0,197.0,133.0,133.0,0.0,0.0,判定困難,165.0,Bid/Ask midpoint,0,判定困難,0,
2026/09/30 00:04,2026-09-30T00:19:40+09:00,,2026-12,CALL,48750,0.0,0.0,0.0,0.0,0.0,0.0,0.0,0.0,0.0,0.0,0.0,0.0,0.0,0.0,0.0,0.0,0.0,0.0,判定困難,0,取得不可,0,判定困難,0,
2026/09/30 00:04,2026-09-30T00:19:40+09:00,,2026-12,PUT,48750,4.0,4.0,0.0,0.0,0.0,0.0,0.0,0.0,0.0,0.0,0.0,0.0,199.0,199.0,116.0,116.0,0.0,0.0,判定困難,157.5,Bid/Ask midpoint,0,判定困難,0,
2026/09/30 00:04,2026-09-30T00:19:40+09:00,,2026-12,CALL,48500,0.0,0.0,0.0,0.0,0.0,0.0,0.0,0.0,0.0,0.0,0.0,0.0,0.0,0.0,0.0,0.0,0.0,0.0,判定困難,0,取得不可,0,判定困難,0,
2026/09/30 00:04,2026-09-30T00:19:40+09:00,,2026-12,PUT,48500,309.0,309.0,0.0,0.0,0.0,0.0,0.0,0.0,0.0,0.0,0.0,0.0,192.0,192.0,113.0,113.0,0.0,0.0,判定困難,152.5,Bid/Ask midpoint,0,判定困難,0,
2026/09/30 00:04,2026-09-30T00:19:40+09:00,,2026-12,CALL,48250,0.0,0.0,0.0,0.0,0.0,0.0,0.0,0.0,0.0,0.0,0.0,0.0,0.0,0.0,0.0,0.0,0.0,0.0,判定困難,0,取得不可,0,判定困難,0,
2026/09/30 00:04,2026-09-30T00:19:40+09:00,,2026-12,PUT,48250,10.0,10.0,0.0,0.0,0.0,0.0,0.0,0.0,0.0,0.0,0.0,0.0,188.0,188.0,107.0,107.0,0.0,0.0,判定困難,147.5,Bid/Ask midpoint,0,判定困難,0,
2026/09/30 00:04,2026-09-30T00:19:40+09:00,,2026-12,CALL,48000,750.0,750.0,0.0,0.0,0.0,0.0,0.0,0.0,0.0,0.0,0.0,0.0,0.0,0.0,0.0,0.0,0.0,0.0,判定困難,0,取得不可,0,判定困難,0,
2026/09/30 00:04,2026-09-30T00:19:40+09:00,,2026-12,PUT,48000,4326.0,4326.0,0.0,0.0,0.0,0.0,0.0,0.0,0.0,0.0,0.0,0.0,174.0,174.0,111.0,111.0,0.0,0.0,判定困難,142.5,Bid/Ask midpoint,0,判定困難,0,
2026/09/30 00:04,2026-09-30T00:19:40+09:00,,2026-12,CALL,47750,0.0,0.0,0.0,0.0,0.0,0.0,0.0,0.0,0.0,0.0,0.0,0.0,0.0,0.0,0.0,0.0,0.0,0.0,判定困難,0,取得不可,0,判定困難,0,
2026/09/30 00:04,2026-09-30T00:19:40+09:00,,2026-12,PUT,47750,5.0,5.0,0.0,0.0,0.0,0.0,0.0,0.0,0.0,0.0,0.0,0.0,177.0,177.0,99.0,99.0,0.0,0.0,判定困難,138.0,Bid/Ask midpoint,0,判定困難,0,
2026/09/30 00:04,2026-09-30T00:19:40+09:00,,2026-12,CALL,47500,200.0,200.0,0.0,0.0,0.0,0.0,0.0,0.0,0.0,0.0,0.0,0.0,0.0,0.0,0.0,0.0,0.0,0.0,判定困難,0,取得不可,0,判定困難,0,
2026/09/30 00:04,2026-09-30T00:19:40+09:00,,2026-12,PUT,47500,1122.0,1122.0,0.0,0.0,0.0,0.0,0.0,0.0,0.0,0.0,0.0,0.0,170.0,170.0,97.0,97.0,0.0,0.0,判定困難,133.5,Bid/Ask midpoint,0,判定困難,0,
2026/09/30 00:04,2026-09-30T00:19:40+09:00,,2026-12,CALL,47250,0.0,0.0,0.0,0.0,0.0,0.0,0.0,0.0,0.0,0.0,0.0,0.0,0.0,0.0,0.0,0.0,0.0,0.0,判定困難,0,取得不可,0,判定困難,0,
2026/09/30 00:04,2026-09-30T00:19:40+09:00,,2026-12,PUT,47250,0.0,0.0,0.0,0.0,0.0,0.0,0.0,0.0,0.0,0.0,0.0,0.0,167.0,167.0,91.0,91.0,0.0,0.0,判定困難,129.0,Bid/Ask midpoint,0,判定困難,0,
2026/09/30 00:04,2026-09-30T00:19:40+09:00,,2026-12,CALL,47000,350.0,350.0,0.0,0.0,0.0,0.0,0.0,0.0,0.0,0.0,0.0,0.0,0.0,0.0,0.0,0.0,0.0,0.0,判定困難,0,取得不可,0,判定困難,0,
2026/09/30 00:04,2026-09-30T00:19:40+09:00,,2026-12,PUT,47000,2828.0,2828.0,0.0,0.0,0.0,0.0,0.0,0.0,0.0,0.0,0.0,0.0,155.0,155.0,95.0,95.0,0.0,0.0,判定困難,125.0,Bid/Ask midpoint,0,判定困難,0,
2026/09/30 00:04,2026-09-30T00:19:40+09:00,,2026-12,CALL,46750,0.0,0.0,0.0,0.0,0.0,0.0,0.0,0.0,0.0,0.0,0.0,0.0,0.0,0.0,0.0,0.0,0.0,0.0,判定困難,0,取得不可,0,判定困難,0,
2026/09/30 00:04,2026-09-30T00:19:40+09:00,,2026-12,PUT,46750,24.0,24.0,0.0,0.0,0.0,0.0,0.0,0.0,0.0,0.0,0.0,0.0,158.0,158.0,84.0,84.0,0.0,0.0,判定困難,121.0,Bid/Ask midpoint,0,判定困難,0,
2026/09/30 00:04,2026-09-30T00:19:40+09:00,,2026-12,CALL,46500,0.0,0.0,0.0,0.0,0.0,0.0,0.0,0.0,0.0,0.0,0.0,0.0,0.0,0.0,0.0,0.0,0.0,0.0,判定困難,0,取得不可,0,判定困難,0,
2026/09/30 00:04,2026-09-30T00:19:40+09:00,,2026-12,PUT,46500,119.0,119.0,0.0,0.0,0.0,0.0,0.0,0.0,0.0,0.0,0.0,0.0,152.0,152.0,82.0,82.0,0.0,0.0,判定困難,117.0,Bid/Ask midpoint,0,判定困難,0,
2026/09/30 00:04,2026-09-30T00:19:40+09:00,,2026-12,CALL,46250,315.0,315.0,0.0,0.0,0.0,0.0,0.0,0.0,0.0,0.0,0.0,0.0,0.0,0.0,0.0,0.0,0.0,0.0,判定困難,0,取得不可,0,判定困難,0,
2026/09/30 00:04,2026-09-30T00:19:40+09:00,,2026-12,PUT,46250,71.0,71.0,0.0,0.0,0.0,0.0,0.0,0.0,0.0,0.0,0.0,0.0,149.0,149.0,78.0,78.0,0.0,0.0,判定困難,113.5,Bid/Ask midpoint,0,判定困難,0,
2026/09/30 00:04,2026-09-30T00:19:40+09:00,,2026-12,CALL,46000,2300.0,2300.0,0.0,0.0,0.0,0.0,0.0,0.0,0.0,0.0,0.0,0.0,0.0,0.0,0.0,0.0,0.0,0.0,判定困難,0,取得不可,0,判定困難,0,
2026/09/30 00:04,2026-09-30T00:19:40+09:00,,2026-12,PUT,46000,3957.0,3957.0,0.0,0.0,0.0,0.0,0.0,0.0,0.0,0.0,0.0,0.0,110.0,109.0,81.0,81.0,11.0,0.0,判定困難,95.0,Bid/Ask midpoint,0,判定困難,0,
2026/09/30 00:04,2026-09-30T00:19:40+09:00,,2026-12,CALL,45750,0.0,0.0,0.0,0.0,0.0,0.0,0.0,0.0,0.0,0.0,0.0,0.0,0.0,0.0,0.0,0.0,0.0,0.0,判定困難,0,取得不可,0,判定困難,0,
2026/09/30 00:04,2026-09-30T00:19:40+09:00,,2026-12,PUT,45750,0.0,0.0,0.0,0.0,0.0,0.0,0.0,0.0,0.0,0.0,0.0,0.0,141.0,141.0,72.0,72.0,0.0,0.0,判定困難,106.5,Bid/Ask midpoint,0,判定困難,0,
2026/09/30 00:04,2026-09-30T00:19:40+09:00,,2026-12,CALL,45500,200.0,200.0,0.0,0.0,0.0,0.0,0.0,0.0,0.0,0.0,0.0,0.0,0.0,0.0,0.0,0.0,0.0,0.0,判定困難,0,取得不可,0,判定困難,0,
2026/09/30 00:04,2026-09-30T00:19:40+09:00,,2026-12,PUT,45500,350.0,350.0,0.0,0.0,0.0,0.0,0.0,0.0,0.0,0.0,0.0,0.0,136.0,136.0,70.0,70.0,0.0,0.0,判定困難,103.0,Bid/Ask midpoint,0,判定困難,0,
2026/09/30 00:04,2026-09-30T00:19:40+09:00,,2026-12,CALL,45250,413.0,413.0,0.0,0.0,0.0,0.0,0.0,0.0,0.0,0.0,0.0,0.0,0.0,0.0,0.0,0.0,0.0,0.0,判定困難,0,取得不可,0,判定困難,0,
2026/09/30 00:04,2026-09-30T00:19:40+09:00,,2026-12,PUT,45250,53.0,53.0,0.0,0.0,0.0,0.0,0.0,0.0,0.0,0.0,0.0,0.0,134.0,134.0,66.0,66.0,0.0,0.0,判定困難,100.0,Bid/Ask midpoint,0,判定困難,0,
2026/09/30 00:04,2026-09-30T00:19:40+09:00,,2026-12,CALL,45000,1842.0,1842.0,0.0,0.0,0.0,0.0,0.0,0.0,0.0,0.0,0.0,0.0,0.0,0.0,0.0,0.0,0.0,0.0,判定困難,0,取得不可,0,判定困難,0,
2026/09/30 00:04,2026-09-30T00:19:40+09:00,,2026-12,PUT,45000,2736.0,2736.0,0.0,0.0,0.0,0.0,0.0,0.0,0.0,0.0,0.0,0.0,117.0,117.0,70.0,67.0,0.0,27.0,判定困難,92.0,Bid/Ask midpoint,0,判定困難,0,
2026/09/30 00:04,2026-09-30T00:19:40+09:00,,2026-12,CALL,44750,0.0,0.0,0.0,0.0,0.0,0.0,0.0,0.0,0.0,0.0,0.0,0.0,0.0,0.0,0.0,0.0,0.0,0.0,判定困難,0,取得不可,0,判定困難,0,
2026/09/30 00:04,2026-09-30T00:19:40+09:00,,2026-12,PUT,44750,1.0,1.0,0.0,0.0,0.0,0.0,0.0,0.0,0.0,0.0,0.0,0.0,116.0,0.0,66.0,0.0,-16.0,-16.0,判定困難,0,取得不可,0,判定困難,0,
2026/09/30 00:04,2026-09-30T00:19:40+09:00,,2026-12,CALL,44500,0.0,0.0,0.0,0.0,0.0,0.0,0.0,0.0,0.0,0.0,0.0,0.0,0.0,0.0,0.0,0.0,0.0,0.0,判定困難,0,取得不可,0,判定困難,0,
2026/09/30 00:04,2026-09-30T00:19:40+09:00,,2026-12,PUT,44500,102.0,102.0,0.0,0.0,0.0,0.0,0.0,0.0,0.0,0.0,0.0,0.0,0.0,0.0,0.0,0.0,0.0,0.0,判定困難,0,取得不可,0,判定困難,0,
2026/09/30 00:04,2026-09-30T00:19:40+09:00,,2026-12,CALL,44250,0.0,0.0,0.0,0.0,0.0,0.0,0.0,0.0,0.0,0.0,0.0,0.0,0.0,0.0,0.0,0.0,0.0,0.0,判定困難,0,取得不可,0,判定困難,0,
2026/09/30 00:04,2026-09-30T00:19:40+09:00,,2026-12,PUT,44250,0.0,0.0,0.0,0.0,0.0,0.0,0.0,0.0,0.0,0.0,0.0,0.0,0.0,0.0,0.0,0.0,0.0,0.0,判定困難,0,取得不可,0,判定困難,0,
2026/09/30 00:04,2026-09-30T00:19:40+09:00,,2026-12,CALL,44000,600.0,600.0,0.0,0.0,0.0,0.0,0.0,0.0,0.0,0.0,0.0,0.0,0.0,0.0,0.0,0.0,0.0,0.0,判定困難,0,取得不可,0,判定困難,0,
2026/09/30 00:04,2026-09-30T00:19:40+09:00,,2026-12,PUT,44000,2803.0,2803.0,0.0,0.0,0.0,0.0,0.0,0.0,0.0,0.0,0.0,0.0,0.0,0.0,2.0,2.0,0.0,0.0,判定困難,2.0,Bid,0,判定困難,0,
2026/09/30 00:04,2026-09-30T00:19:40+09:00,,2026-12,CALL,43750,131.0,131.0,0.0,0.0,0.0,0.0,0.0,0.0,0.0,0.0,0.0,0.0,0.0,0.0,0.0,0.0,0.0,0.0,判定困難,0,取得不可,0,判定困難,0,
2026/09/30 00:04,2026-09-30T00:19:40+09:00,,2026-12,PUT,43750,9.0,9.0,0.0,0.0,0.0,0.0,0.0,0.0,0.0,0.0,0.0,0.0,0.0,0.0,0.0,0.0,0.0,0.0,判定困難,0,取得不可,0,判定困難,0,
2026/09/30 00:04,2026-09-30T00:19:40+09:00,,2026-12,CALL,43500,0.0,0.0,0.0,0.0,0.0,0.0,0.0,0.0,0.0,0.0,0.0,0.0,0.0,0.0,0.0,0.0,0.0,0.0,判定困難,0,取得不可,0,判定困難,0,
2026/09/30 00:04,2026-09-30T00:19:40+09:00,,2026-12,PUT,43500,102.0,102.0,0.0,0.0,0.0,0.0,0.0,0.0,0.0,0.0,0.0,0.0,0.0,0.0,0.0,0.0,0.0,0.0,判定困難,0,取得不可,0,判定困難,0,
2026/09/30 00:04,2026-09-30T00:19:40+09:00,,2026-12,CALL,43250,4.0,4.0,0.0,0.0,0.0,0.0,0.0,0.0,0.0,0.0,0.0,0.0,0.0,0.0,0.0,0.0,0.0,0.0,判定困難,0,取得不可,0,判定困難,0,
2026/09/30 00:04,2026-09-30T00:19:40+09:00,,2026-12,PUT,43250,0.0,0.0,0.0,0.0,0.0,0.0,0.0,0.0,0.0,0.0,0.0,0.0,0.0,0.0,1.0,1.0,0.0,0.0,判定困難,1.0,Bid,0,判定困難,0,
2026/09/30 00:04,2026-09-30T00:19:40+09:00,,2026-12,CALL,43000,1400.0,1400.0,0.0,0.0,0.0,0.0,0.0,0.0,0.0,0.0,0.0,0.0,0.0,0.0,0.0,0.0,0.0,0.0,判定困難,0,取得不可,0,判定困難,0,
2026/09/30 00:04,2026-09-30T00:19:40+09:00,,2026-12,PUT,43000,2191.0,2191.0,0.0,0.0,0.0,0.0,0.0,0.0,0.0,0.0,0.0,0.0,0.0,0.0,1.0,1.0,0.0,0.0,判定困難,1.0,Bid,0,判定困難,0,
2026/09/30 00:04,2026-09-30T00:19:40+09:00,,2026-12,CALL,42750,0.0,0.0,0.0,0.0,0.0,0.0,0.0,0.0,0.0,0.0,0.0,0.0,0.0,0.0,0.0,0.0,0.0,0.0,判定困難,0,取得不可,0,判定困難,0,
2026/09/30 00:04,2026-09-30T00:19:40+09:00,,2026-12,PUT,42750,0.0,0.0,0.0,0.0,0.0,0.0,0.0,0.0,0.0,0.0,0.0,0.0,0.0,0.0,0.0,0.0,0.0,0.0,判定困難,0,取得不可,0,判定困難,0,
2026/09/30 00:04,2026-09-30T00:19:40+09:00,,2026-12,CALL,42500,250.0,250.0,0.0,0.0,0.0,0.0,0.0,0.0,0.0,0.0,0.0,0.0,0.0,0.0,0.0,0.0,0.0,0.0,判定困難,0,取得不可,0,判定困難,0,
2026/09/30 00:04,2026-09-30T00:19:40+09:00,,2026-12,PUT,42500,302.0,302.0,0.0,0.0,0.0,0.0,0.0,0.0,0.0,0.0,0.0,0.0,0.0,0.0,54.0,54.0,0.0,0.0,判定困難,54.0,Bid,0,判定困難,0,
2026/09/30 00:04,2026-09-30T00:19:40+09:00,,2026-12,CALL,42250,0.0,0.0,0.0,0.0,0.0,0.0,0.0,0.0,0.0,0.0,0.0,0.0,0.0,0.0,0.0,0.0,0.0,0.0,判定困難,0,取得不可,0,判定困難,0,
2026/09/30 00:04,2026-09-30T00:19:40+09:00,,2026-12,PUT,42250,0.0,0.0,0.0,0.0,0.0,0.0,0.0,0.0,0.0,0.0,0.0,0.0,0.0,0.0,0.0,0.0,0.0,0.0,判定困難,0,取得不可,0,判定困難,0,
2026/09/30 00:04,2026-09-30T00:19:40+09:00,,2026-12,CALL,42000,1071.0,1071.0,0.0,0.0,0.0,0.0,0.0,0.0,0.0,0.0,0.0,0.0,0.0,0.0,0.0,0.0,0.0,0.0,判定困難,0,取得不可,0,判定困難,0,
2026/09/30 00:04,2026-09-30T00:19:40+09:00,,2026-12,PUT,42000,3702.0,3702.0,0.0,0.0,0.0,0.0,0.0,0.0,0.0,0.0,0.0,0.0,0.0,0.0,1.0,1.0,0.0,0.0,判定困難,1.0,Bid,0,判定困難,0,
2026/09/30 00:04,2026-09-30T00:19:40+09:00,,2026-12,CALL,41750,0.0,0.0,0.0,0.0,0.0,0.0,0.0,0.0,0.0,0.0,0.0,0.0,0.0,0.0,0.0,0.0,0.0,0.0,判定困難,0,取得不可,0,判定困難,0,
2026/09/30 00:04,2026-09-30T00:19:40+09:00,,2026-12,PUT,41750,0.0,0.0,0.0,0.0,0.0,0.0,0.0,0.0,0.0,0.0,0.0,0.0,0.0,0.0,0.0,0.0,0.0,0.0,判定困難,0,取得不可,0,判定困難,0,
2026/09/30 00:04,2026-09-30T00:19:40+09:00,,2026-12,CALL,41500,100.0,100.0,0.0,0.0,0.0,0.0,0.0,0.0,0.0,0.0,0.0,0.0,0.0,0.0,0.0,0.0,0.0,0.0,判定困難,0,取得不可,0,判定困難,0,
2026/09/30 00:04,2026-09-30T00:19:40+09:00,,2026-12,PUT,41500,101.0,101.0,0.0,0.0,0.0,0.0,0.0,0.0,0.0,0.0,0.0,0.0,0.0,0.0,0.0,0.0,0.0,0.0,判定困難,0,取得不可,0,判定困難,0,
2026/09/30 00:04,2026-09-30T00:19:40+09:00,,2026-12,CALL,41250,0.0,0.0,0.0,0.0,0.0,0.0,0.0,0.0,0.0,0.0,0.0,0.0,0.0,0.0,0.0,0.0,0.0,0.0,判定困難,0,取得不可,0,判定困難,0,
2026/09/30 00:04,2026-09-30T00:19:40+09:00,,2026-12,PUT,41250,3.0,3.0,0.0,0.0,0.0,0.0,0.0,0.0,0.0,0.0,0.0,0.0,0.0,0.0,0.0,0.0,0.0,0.0,判定困難,0,取得不可,0,判定困難,0,
2026/09/30 00:04,2026-09-30T00:19:40+09:00,,2026-12,CALL,41000,1300.0,1300.0,0.0,0.0,0.0,0.0,0.0,0.0,0.0,0.0,0.0,0.0,0.0,0.0,0.0,0.0,0.0,0.0,判定困難,0,取得不可,0,判定困難,0,
2026/09/30 00:04,2026-09-30T00:19:40+09:00,,2026-12,PUT,41000,1929.0,1929.0,0.0,0.0,0.0,0.0,0.0,0.0,0.0,0.0,0.0,0.0,0.0,0.0,1.0,1.0,0.0,0.0,判定困難,1.0,Bid,0,判定困難,0,
2026/09/30 00:04,2026-09-30T00:19:40+09:00,,2026-12,CALL,40750,0.0,0.0,0.0,0.0,0.0,0.0,0.0,0.0,0.0,0.0,0.0,0.0,0.0,0.0,0.0,0.0,0.0,0.0,判定困難,0,取得不可,0,判定困難,0,
2026/09/30 00:04,2026-09-30T00:19:40+09:00,,2026-12,PUT,40750,1.0,1.0,0.0,0.0,0.0,0.0,0.0,0.0,0.0,0.0,0.0,0.0,0.0,0.0,0.0,0.0,0.0,0.0,判定困難,0,取得不可,0,判定困難,0,
2026/09/30 00:04,2026-09-30T00:19:40+09:00,,2026-12,CALL,40500,400.0,400.0,0.0,0.0,0.0,0.0,0.0,0.0,0.0,0.0,0.0,0.0,0.0,0.0,0.0,0.0,0.0,0.0,判定困難,0,取得不可,0,判定困難,0,
2026/09/30 00:04,2026-09-30T00:19:40+09:00,,2026-12,PUT,40500,1399.0,1399.0,0.0,0.0,0.0,0.0,0.0,0.0,0.0,0.0,0.0,0.0,0.0,0.0,0.0,0.0,0.0,0.0,判定困難,0,取得不可,0,判定困難,0,
2026/09/30 00:04,2026-09-30T00:19:40+09:00,,2026-12,CALL,40250,0.0,0.0,0.0,0.0,0.0,0.0,0.0,0.0,0.0,0.0,0.0,0.0,0.0,0.0,0.0,0.0,0.0,0.0,判定困難,0,取得不可,0,判定困難,0,
2026/09/30 00:04,2026-09-30T00:19:40+09:00,,2026-12,PUT,40250,5.0,5.0,0.0,0.0,0.0,0.0,0.0,0.0,0.0,0.0,0.0,0.0,0.0,0.0,0.0,0.0,0.0,0.0,判定困難,0,取得不可,0,判定困難,0,
2026/09/30 00:04,2026-09-30T00:19:40+09:00,,2026-12,CALL,40000,1200.0,1200.0,0.0,0.0,0.0,0.0,0.0,0.0,0.0,0.0,0.0,0.0,0.0,0.0,0.0,0.0,0.0,0.0,判定困難,0,取得不可,0,判定困難,0,
2026/09/30 00:04,2026-09-30T00:19:40+09:00,,2026-12,PUT,40000,6043.0,6043.0,0.0,0.0,0.0,0.0,0.0,0.0,0.0,0.0,0.0,0.0,128.0,128.0,25.0,25.0,0.0,0.0,判定困難,76.5,Bid/Ask midpoint,0,判定困難,0,
2026/09/30 00:04,2026-09-30T00:19:40+09:00,,2026-12,CALL,39750,0.0,0.0,0.0,0.0,0.0,0.0,0.0,0.0,0.0,0.0,0.0,0.0,0.0,0.0,0.0,0.0,0.0,0.0,判定困難,0,取得不可,0,判定困難,0,
2026/09/30 00:04,2026-09-30T00:19:40+09:00,,2026-12,PUT,39750,0.0,0.0,0.0,0.0,0.0,0.0,0.0,0.0,0.0,0.0,0.0,0.0,0.0,0.0,0.0,0.0,0.0,0.0,判定困難,0,取得不可,0,判定困難,0,
2026/09/30 00:04,2026-09-30T00:19:40+09:00,,2026-12,CALL,39500,500.0,500.0,0.0,0.0,0.0,0.0,0.0,0.0,0.0,0.0,0.0,0.0,0.0,0.0,0.0,0.0,0.0,0.0,判定困難,0,取得不可,0,判定困難,0,
2026/09/30 00:04,2026-09-30T00:19:40+09:00,,2026-12,PUT,39500,1008.0,1008.0,0.0,0.0,0.0,0.0,0.0,0.0,0.0,0.0,0.0,0.0,0.0,0.0,1.0,1.0,0.0,0.0,判定困難,1.0,Bid,0,判定困難,0,
2026/09/30 00:04,2026-09-30T00:19:40+09:00,,2026-12,CALL,39250,0.0,0.0,0.0,0.0,0.0,0.0,0.0,0.0,0.0,0.0,0.0,0.0,0.0,0.0,0.0,0.0,0.0,0.0,判定困難,0,取得不可,0,判定困難,0,
2026/09/30 00:04,2026-09-30T00:19:40+09:00,,2026-12,PUT,39250,650.0,650.0,0.0,0.0,0.0,0.0,0.0,0.0,0.0,0.0,0.0,0.0,0.0,0.0,0.0,0.0,0.0,0.0,判定困難,0,取得不可,0,判定困難,0,
2026/09/30 00:04,2026-09-30T00:19:40+09:00,,2026-12,CALL,39000,750.0,750.0,0.0,0.0,0.0,0.0,0.0,0.0,0.0,0.0,0.0,0.0,0.0,0.0,0.0,0.0,0.0,0.0,判定困難,0,取得不可,0,判定困難,0,
2026/09/30 00:04,2026-09-30T00:19:40+09:00,,2026-12,PUT,39000,2301.0,2301.0,0.0,0.0,0.0,0.0,0.0,0.0,0.0,0.0,0.0,0.0,0.0,0.0,1.0,1.0,0.0,0.0,判定困難,1.0,Bid,0,判定困難,0,
2026/09/30 00:04,2026-09-30T00:19:40+09:00,,2026-12,CALL,38750,50.0,50.0,0.0,0.0,0.0,0.0,0.0,0.0,0.0,0.0,0.0,0.0,0.0,0.0,0.0,0.0,0.0,0.0,判定困難,0,取得不可,0,判定困難,0,
2026/09/30 00:04,2026-09-30T00:19:40+09:00,,2026-12,PUT,38750,50.0,50.0,0.0,0.0,0.0,0.0,0.0,0.0,0.0,0.0,0.0,0.0,0.0,0.0,0.0,0.0,0.0,0.0,判定困難,0,取得不可,0,判定困難,0,
2026/09/30 00:04,2026-09-30T00:19:40+09:00,,2026-12,CALL,38500,700.0,700.0,0.0,0.0,0.0,0.0,0.0,0.0,0.0,0.0,0.0,0.0,0.0,0.0,0.0,0.0,0.0,0.0,判定困難,0,取得不可,0,判定困難,0,
2026/09/30 00:04,2026-09-30T00:19:40+09:00,,2026-12,PUT,38500,1150.0,1150.0,0.0,0.0,0.0,0.0,0.0,0.0,0.0,0.0,0.0,0.0,0.0,0.0,5.0,5.0,0.0,0.0,判定困難,5.0,Bid,0,判定困難,0,
2026/09/30 00:04,2026-09-30T00:19:40+09:00,,2026-12,CALL,38250,0.0,0.0,0.0,0.0,0.0,0.0,0.0,0.0,0.0,0.0,0.0,0.0,0.0,0.0,0.0,0.0,0.0,0.0,判定困難,0,取得不可,0,判定困難,0,
2026/09/30 00:04,2026-09-30T00:19:40+09:00,,2026-12,PUT,38250,0.0,0.0,0.0,0.0,0.0,0.0,0.0,0.0,0.0,0.0,0.0,0.0,0.0,0.0,0.0,0.0,0.0,0.0,判定困難,0,取得不可,0,判定困難,0,
2026/09/30 00:04,2026-09-30T00:19:40+09:00,,2026-12,CALL,38000,1225.0,1225.0,0.0,0.0,0.0,0.0,0.0,0.0,0.0,0.0,0.0,0.0,0.0,0.0,0.0,0.0,0.0,0.0,判定困難,0,取得不可,0,判定困難,0,
2026/09/30 00:04,2026-09-30T00:19:40+09:00,,2026-12,PUT,38000,2587.0,2587.0,0.0,0.0,0.0,0.0,0.0,0.0,0.0,0.0,0.0,0.0,0.0,0.0,3.0,3.0,0.0,0.0,判定困難,3.0,Bid,0,判定困難,0,
2026/09/30 00:04,2026-09-30T00:19:40+09:00,,2026-12,CALL,37750,100.0,100.0,0.0,0.0,0.0,0.0,0.0,0.0,0.0,0.0,0.0,0.0,0.0,0.0,0.0,0.0,0.0,0.0,判定困難,0,取得不可,0,判定困難,0,
2026/09/30 00:04,2026-09-30T00:19:40+09:00,,2026-12,PUT,37750,100.0,100.0,0.0,0.0,0.0,0.0,0.0,0.0,0.0,0.0,0.0,0.0,0.0,0.0,0.0,0.0,0.0,0.0,判定困難,0,取得不可,0,判定困難,0,
2026/09/30 00:04,2026-09-30T00:19:40+09:00,,2026-12,CALL,37500,88.0,88.0,0.0,0.0,0.0,0.0,0.0,0.0,0.0,0.0,0.0,0.0,0.0,0.0,0.0,0.0,0.0,0.0,判定困難,0,取得不可,0,判定困難,0,
2026/09/30 00:04,2026-09-30T00:19:40+09:00,,2026-12,PUT,37500,188.0,188.0,0.0,0.0,0.0,0.0,0.0,0.0,0.0,0.0,0.0,0.0,0.0,0.0,0.0,0.0,0.0,0.0,判定困難,0,取得不可,0,判定困難,0,
2026/09/30 00:04,2026-09-30T00:19:40+09:00,,2026-12,CALL,37250,0.0,0.0,0.0,0.0,0.0,0.0,0.0,0.0,0.0,0.0,0.0,0.0,0.0,0.0,0.0,0.0,0.0,0.0,判定困難,0,取得不可,0,判定困難,0,
2026/09/30 00:04,2026-09-30T00:19:40+09:00,,2026-12,PUT,37250,0.0,0.0,0.0,0.0,0.0,0.0,0.0,0.0,0.0,0.0,0.0,0.0,0.0,0.0,0.0,0.0,0.0,0.0,判定困難,0,取得不可,0,判定困難,0,
2026/09/30 00:04,2026-09-30T00:19:40+09:00,,2026-12,CALL,37000,450.0,450.0,0.0,0.0,0.0,0.0,0.0,0.0,0.0,0.0,0.0,0.0,0.0,0.0,0.0,0.0,0.0,0.0,判定困難,0,取得不可,0,判定困難,0,
2026/09/30 00:04,2026-09-30T00:19:40+09:00,,2026-12,PUT,37000,2619.0,2619.0,0.0,0.0,0.0,0.0,0.0,0.0,0.0,0.0,0.0,0.0,0.0,0.0,1.0,1.0,0.0,0.0,判定困難,1.0,Bid,0,判定困難,0,
2026/09/30 00:04,2026-09-30T00:19:40+09:00,,2026-12,CALL,36750,0.0,0.0,0.0,0.0,0.0,0.0,0.0,0.0,0.0,0.0,0.0,0.0,0.0,0.0,0.0,0.0,0.0,0.0,判定困難,0,取得不可,0,判定困難,0,
2026/09/30 00:04,2026-09-30T00:19:40+09:00,,2026-12,PUT,36750,400.0,400.0,0.0,0.0,0.0,0.0,0.0,0.0,0.0,0.0,0.0,0.0,0.0,0.0,0.0,0.0,0.0,0.0,判定困難,0,取得不可,0,判定困難,0,
2026/09/30 00:04,2026-09-30T00:19:40+09:00,,2026-12,CALL,36500,252.0,252.0,0.0,0.0,0.0,0.0,0.0,0.0,0.0,0.0,0.0,0.0,0.0,0.0,0.0,0.0,0.0,0.0,判定困難,0,取得不可,0,判定困難,0,
2026/09/30 00:04,2026-09-30T00:19:40+09:00,,2026-12,PUT,36500,225.0,225.0,0.0,0.0,0.0,0.0,0.0,0.0,0.0,0.0,0.0,0.0,0.0,0.0,0.0,0.0,0.0,0.0,判定困難,0,取得不可,0,判定困難,0,
2026/09/30 00:04,2026-09-30T00:19:40+09:00,,2026-12,CALL,36250,0.0,0.0,0.0,0.0,0.0,0.0,0.0,0.0,0.0,0.0,0.0,0.0,0.0,0.0,0.0,0.0,0.0,0.0,判定困難,0,取得不可,0,判定困難,0,
2026/09/30 00:04,2026-09-30T00:19:40+09:00,,2026-12,PUT,36250,0.0,0.0,0.0,0.0,0.0,0.0,0.0,0.0,0.0,0.0,0.0,0.0,0.0,0.0,0.0,0.0,0.0,0.0,判定困難,0,取得不可,0,判定困難,0,
2026/09/30 00:04,2026-09-30T00:19:40+09:00,,2026-12,CALL,36000,975.0,975.0,0.0,0.0,0.0,0.0,0.0,0.0,0.0,0.0,0.0,0.0,0.0,0.0,0.0,0.0,0.0,0.0,判定困難,0,取得不可,0,判定困難,0,
2026/09/30 00:04,2026-09-30T00:19:40+09:00,,2026-12,PUT,36000,2905.0,2905.0,0.0,0.0,0.0,0.0,0.0,0.0,0.0,0.0,0.0,0.0,40.0,35.0,22.0,22.0,0.0,0.0,判定困難,28.5,Bid/Ask midpoint,0,判定困難,0,
2026/09/30 00:04,2026-09-30T00:19:40+09:00,,2026-12,CALL,35750,0.0,0.0,0.0,0.0,0.0,0.0,0.0,0.0,0.0,0.0,0.0,0.0,0.0,0.0,0.0,0.0,0.0,0.0,判定困難,0,取得不可,0,判定困難,0,
2026/09/30 00:04,2026-09-30T00:19:40+09:00,,2026-12,PUT,35750,0.0,0.0,0.0,0.0,0.0,0.0,0.0,0.0,0.0,0.0,0.0,0.0,0.0,0.0,0.0,0.0,0.0,0.0,判定困難,0,取得不可,0,判定困難,0,
2026/09/30 00:04,2026-09-30T00:19:40+09:00,,2026-12,CALL,35500,0.0,0.0,0.0,0.0,0.0,0.0,0.0,0.0,0.0,0.0,0.0,0.0,0.0,0.0,0.0,0.0,0.0,0.0,判定困難,0,取得不可,0,判定困難,0,
2026/09/30 00:04,2026-09-30T00:19:40+09:00,,2026-12,PUT,35500,0.0,0.0,0.0,0.0,0.0,0.0,0.0,0.0,0.0,0.0,0.0,0.0,0.0,0.0,0.0,0.0,0.0,0.0,判定困難,0,取得不可,0,判定困難,0,
2026/09/30 00:04,2026-09-30T00:19:40+09:00,,2026-12,CALL,35250,0.0,0.0,0.0,0.0,0.0,0.0,0.0,0.0,0.0,0.0,0.0,0.0,0.0,0.0,0.0,0.0,0.0,0.0,判定困難,0,取得不可,0,判定困難,0,
2026/09/30 00:04,2026-09-30T00:19:40+09:00,,2026-12,PUT,35250,0.0,0.0,0.0,0.0,0.0,0.0,0.0,0.0,0.0,0.0,0.0,0.0,0.0,0.0,0.0,0.0,0.0,0.0,判定困難,0,取得不可,0,判定困難,0,
2026/09/30 00:04,2026-09-30T00:19:40+09:00,,2026-12,CALL,35000,435.0,435.0,0.0,0.0,0.0,0.0,0.0,0.0,0.0,0.0,0.0,0.0,0.0,0.0,0.0,0.0,0.0,0.0,判定困難,0,取得不可,0,判定困難,0,
2026/09/30 00:04,2026-09-30T00:19:40+09:00,,2026-12,PUT,35000,5258.0,5258.0,0.0,0.0,0.0,0.0,0.0,0.0,0.0,0.0,0.0,0.0,32.0,31.0,21.0,21.0,0.0,0.0,判定困難,26.0,Bid/Ask midpoint,0,判定困難,0,
2026/09/30 00:04,2026-09-30T00:19:40+09:00,,2026-12,CALL,34750,0.0,0.0,0.0,0.0,0.0,0.0,0.0,0.0,0.0,0.0,0.0,0.0,0.0,0.0,0.0,0.0,0.0,0.0,判定困難,0,取得不可,0,判定困難,0,
2026/09/30 00:04,2026-09-30T00:19:40+09:00,,2026-12,PUT,34750,1.0,1.0,0.0,0.0,0.0,0.0,0.0,0.0,0.0,0.0,0.0,0.0,0.0,0.0,0.0,0.0,0.0,0.0,判定困難,0,取得不可,0,判定困難,0,
2026/09/30 00:04,2026-09-30T00:19:40+09:00,,2026-12,CALL,34500,400.0,400.0,0.0,0.0,0.0,0.0,0.0,0.0,0.0,0.0,0.0,0.0,0.0,0.0,0.0,0.0,0.0,0.0,判定困難,0,取得不可,0,判定困難,0,
2026/09/30 00:04,2026-09-30T00:19:40+09:00,,2026-12,PUT,34500,560.0,560.0,0.0,0.0,0.0,0.0,0.0,0.0,0.0,0.0,0.0,0.0,0.0,0.0,0.0,0.0,0.0,0.0,判定困難,0,取得不可,0,判定困難,0,
2026/09/30 00:04,2026-09-30T00:19:40+09:00,,2026-12,CALL,34250,0.0,0.0,0.0,0.0,0.0,0.0,0.0,0.0,0.0,0.0,0.0,0.0,0.0,0.0,0.0,0.0,0.0,0.0,判定困難,0,取得不可,0,判定困難,0,
2026/09/30 00:04,2026-09-30T00:19:40+09:00,,2026-12,PUT,34250,0.0,0.0,0.0,0.0,0.0,0.0,0.0,0.0,0.0,0.0,0.0,0.0,0.0,0.0,0.0,0.0,0.0,0.0,判定困難,0,取得不可,0,判定困難,0,
2026/09/30 00:04,2026-09-30T00:19:40+09:00,,2026-12,CALL,34000,280.0,280.0,0.0,0.0,0.0,0.0,0.0,0.0,0.0,0.0,0.0,0.0,0.0,0.0,0.0,0.0,0.0,0.0,判定困難,0,取得不可,0,判定困難,0,
2026/09/30 00:04,2026-09-30T00:19:40+09:00,,2026-12,PUT,34000,2820.0,2820.0,0.0,0.0,0.0,0.0,0.0,0.0,0.0,0.0,0.0,0.0,0.0,0.0,1.0,1.0,0.0,0.0,判定困難,1.0,Bid,0,判定困難,0,
2026/09/30 00:04,2026-09-30T00:19:40+09:00,,2026-12,CALL,33750,0.0,0.0,0.0,0.0,0.0,0.0,0.0,0.0,0.0,0.0,0.0,0.0,0.0,0.0,0.0,0.0,0.0,0.0,判定困難,0,取得不可,0,判定困難,0,
2026/09/30 00:04,2026-09-30T00:19:40+09:00,,2026-12,PUT,33750,0.0,0.0,0.0,0.0,0.0,0.0,0.0,0.0,0.0,0.0,0.0,0.0,0.0,0.0,0.0,0.0,0.0,0.0,判定困難,0,取得不可,0,判定困難,0,
2026/09/30 00:04,2026-09-30T00:19:40+09:00,,2026-12,CALL,33500,0.0,0.0,0.0,0.0,0.0,0.0,0.0,0.0,0.0,0.0,0.0,0.0,0.0,0.0,0.0,0.0,0.0,0.0,判定困難,0,取得不可,0,判定困難,0,
2026/09/30 00:04,2026-09-30T00:19:40+09:00,,2026-12,PUT,33500,72.0,72.0,0.0,0.0,0.0,0.0,0.0,0.0,0.0,0.0,0.0,0.0,0.0,0.0,0.0,0.0,0.0,0.0,判定困難,0,取得不可,0,判定困難,0,
2026/09/30 00:04,2026-09-30T00:19:40+09:00,,2026-12,CALL,33250,0.0,0.0,0.0,0.0,0.0,0.0,0.0,0.0,0.0,0.0,0.0,0.0,0.0,0.0,0.0,0.0,0.0,0.0,判定困難,0,取得不可,0,判定困難,0,
2026/09/30 00:04,2026-09-30T00:19:40+09:00,,2026-12,PUT,33250,37.0,37.0,0.0,0.0,0.0,0.0,0.0,0.0,0.0,0.0,0.0,0.0,0.0,0.0,0.0,0.0,0.0,0.0,判定困難,0,取得不可,0,判定困難,0,
2026/09/30 00:04,2026-09-30T00:19:40+09:00,,2026-12,CALL,33000,1950.0,1950.0,0.0,0.0,0.0,0.0,0.0,0.0,0.0,0.0,0.0,0.0,0.0,0.0,0.0,0.0,0.0,0.0,判定困難,0,取得不可,0,判定困難,0,
2026/09/30 00:04,2026-09-30T00:19:40+09:00,,2026-12,PUT,33000,3362.0,3362.0,0.0,0.0,0.0,0.0,0.0,0.0,0.0,0.0,0.0,0.0,0.0,0.0,15.0,15.0,0.0,0.0,判定困難,15.0,Bid,0,判定困難,0,
2026/09/30 00:04,2026-09-30T00:19:40+09:00,,2026-12,CALL,32750,0.0,0.0,0.0,0.0,0.0,0.0,0.0,0.0,0.0,0.0,0.0,0.0,0.0,0.0,0.0,0.0,0.0,0.0,判定困難,0,取得不可,0,判定困難,0,
2026/09/30 00:04,2026-09-30T00:19:40+09:00,,2026-12,PUT,32750,0.0,0.0,0.0,0.0,0.0,0.0,0.0,0.0,0.0,0.0,0.0,0.0,0.0,0.0,0.0,0.0,0.0,0.0,判定困難,0,取得不可,0,判定困難,0,
2026/09/30 00:04,2026-09-30T00:19:40+09:00,,2026-12,CALL,32500,250.0,250.0,0.0,0.0,0.0,0.0,0.0,0.0,0.0,0.0,0.0,0.0,0.0,0.0,0.0,0.0,0.0,0.0,判定困難,0,取得不可,0,判定困難,0,
2026/09/30 00:04,2026-09-30T00:19:40+09:00,,2026-12,PUT,32500,900.0,900.0,0.0,0.0,0.0,0.0,0.0,0.0,0.0,0.0,0.0,0.0,0.0,0.0,0.0,0.0,0.0,0.0,判定困難,0,取得不可,0,判定困難,0,
2026/09/30 00:04,2026-09-30T00:19:40+09:00,,2026-12,CALL,32250,0.0,0.0,0.0,0.0,0.0,0.0,0.0,0.0,0.0,0.0,0.0,0.0,0.0,0.0,0.0,0.0,0.0,0.0,判定困難,0,取得不可,0,判定困難,0,
2026/09/30 00:04,2026-09-30T00:19:40+09:00,,2026-12,PUT,32250,600.0,600.0,0.0,0.0,0.0,0.0,0.0,0.0,0.0,0.0,0.0,0.0,0.0,0.0,0.0,0.0,0.0,0.0,判定困難,0,取得不可,0,判定困難,0,
2026/09/30 00:04,2026-09-30T00:19:40+09:00,,2026-12,CALL,32000,700.0,700.0,0.0,0.0,0.0,0.0,0.0,0.0,0.0,0.0,0.0,0.0,0.0,0.0,0.0,0.0,0.0,0.0,判定困難,0,取得不可,0,判定困難,0,
2026/09/30 00:04,2026-09-30T00:19:40+09:00,,2026-12,PUT,32000,4655.0,4655.0,0.0,0.0,0.0,0.0,0.0,0.0,0.0,0.0,0.0,0.0,0.0,0.0,1.0,1.0,0.0,0.0,判定困難,1.0,Bid,0,判定困難,0,
2026/09/30 00:04,2026-09-30T00:19:40+09:00,,2026-12,CALL,31750,0.0,0.0,0.0,0.0,0.0,0.0,0.0,0.0,0.0,0.0,0.0,0.0,0.0,0.0,0.0,0.0,0.0,0.0,判定困難,0,取得不可,0,判定困難,0,
2026/09/30 00:04,2026-09-30T00:19:40+09:00,,2026-12,PUT,31750,0.0,0.0,0.0,0.0,0.0,0.0,0.0,0.0,0.0,0.0,0.0,0.0,0.0,0.0,0.0,0.0,0.0,0.0,判定困難,0,取得不可,0,判定困難,0,
2026/09/30 00:04,2026-09-30T00:19:40+09:00,,2026-12,CALL,31500,50.0,50.0,0.0,0.0,0.0,0.0,0.0,0.0,0.0,0.0,0.0,0.0,0.0,0.0,0.0,0.0,0.0,0.0,判定困難,0,取得不可,0,判定困難,0,
2026/09/30 00:04,2026-09-30T00:19:40+09:00,,2026-12,PUT,31500,350.0,350.0,0.0,0.0,0.0,0.0,0.0,0.0,0.0,0.0,0.0,0.0,0.0,0.0,0.0,0.0,0.0,0.0,判定困難,0,取得不可,0,判定困難,0,
2026/09/30 00:04,2026-09-30T00:19:40+09:00,,2026-12,CALL,31250,0.0,0.0,0.0,0.0,0.0,0.0,0.0,0.0,0.0,0.0,0.0,0.0,0.0,0.0,0.0,0.0,0.0,0.0,判定困難,0,取得不可,0,判定困難,0,
2026/09/30 00:04,2026-09-30T00:19:40+09:00,,2026-12,PUT,31250,0.0,0.0,0.0,0.0,0.0,0.0,0.0,0.0,0.0,0.0,0.0,0.0,0.0,0.0,0.0,0.0,0.0,0.0,判定困難,0,取得不可,0,判定困難,0,
2026/09/30 00:04,2026-09-30T00:19:40+09:00,,2026-12,CALL,31000,241.0,241.0,0.0,0.0,0.0,0.0,0.0,0.0,0.0,0.0,0.0,0.0,0.0,0.0,0.0,0.0,0.0,0.0,判定困難,0,取得不可,0,判定困難,0,
2026/09/30 00:04,2026-09-30T00:19:40+09:00,,2026-12,PUT,31000,2037.0,2037.0,0.0,0.0,0.0,0.0,0.0,0.0,0.0,0.0,0.0,0.0,0.0,0.0,1.0,1.0,0.0,0.0,判定困難,1.0,Bid,0,判定困難,0,
2026/09/30 00:04,2026-09-30T00:19:40+09:00,,2026-12,CALL,30750,0.0,0.0,0.0,0.0,0.0,0.0,0.0,0.0,0.0,0.0,0.0,0.0,0.0,0.0,0.0,0.0,0.0,0.0,判定困難,0,取得不可,0,判定困難,0,
2026/09/30 00:04,2026-09-30T00:19:40+09:00,,2026-12,PUT,30750,0.0,0.0,0.0,0.0,0.0,0.0,0.0,0.0,0.0,0.0,0.0,0.0,0.0,0.0,0.0,0.0,0.0,0.0,判定困難,0,取得不可,0,判定困難,0,
2026/09/30 00:04,2026-09-30T00:19:40+09:00,,2026-12,CALL,30500,50.0,50.0,0.0,0.0,0.0,0.0,0.0,0.0,0.0,0.0,0.0,0.0,0.0,0.0,0.0,0.0,0.0,0.0,判定困難,0,取得不可,0,判定困難,0,
2026/09/30 00:04,2026-09-30T00:19:40+09:00,,2026-12,PUT,30500,51.0,51.0,0.0,0.0,0.0,0.0,0.0,0.0,0.0,0.0,0.0,0.0,220.0,220.0,0.0,0.0,0.0,0.0,判定困難,220.0,Ask,0,判定困難,0,
2026/09/30 00:04,2026-09-30T00:19:40+09:00,,2026-12,CALL,30250,0.0,0.0,0.0,0.0,0.0,0.0,0.0,0.0,0.0,0.0,0.0,0.0,0.0,0.0,0.0,0.0,0.0,0.0,判定困難,0,取得不可,0,判定困難,0,
2026/09/30 00:04,2026-09-30T00:19:40+09:00,,2026-12,CALL,30000,2553.0,2553.0,0.0,0.0,0.0,0.0,0.0,0.0,0.0,0.0,0.0,0.0,0.0,0.0,0.0,0.0,0.0,0.0,判定困難,0,取得不可,0,判定困難,0,
2026/09/30 00:04,2026-09-30T00:19:40+09:00,,2026-12,PUT,30000,7998.0,7998.0,0.0,0.0,0.0,0.0,0.0,0.0,0.0,0.0,0.0,0.0,20.0,20.0,11.0,11.0,0.0,0.0,判定困難,15.5,Bid/Ask midpoint,0,判定困難,0,
2026/09/30 00:04,2026-09-30T00:19:40+09:00,,2026-12,CALL,29750,0.0,0.0,0.0,0.0,0.0,0.0,0.0,0.0,0.0,0.0,0.0,0.0,0.0,0.0,0.0,0.0,0.0,0.0,判定困難,0,取得不可,0,判定困難,0,
2026/09/30 00:04,2026-09-30T00:19:40+09:00,,2026-12,PUT,29750,0.0,0.0,0.0,0.0,0.0,0.0,0.0,0.0,0.0,0.0,0.0,0.0,0.0,0.0,0.0,1.0,0.0,1.0,判定困難,1.0,Bid,0,判定困難,0,
2026/09/30 00:04,2026-09-30T00:19:40+09:00,,2026-12,CALL,29500,0.0,0.0,0.0,0.0,0.0,0.0,0.0,0.0,0.0,0.0,0.0,0.0,0.0,0.0,0.0,0.0,0.0,0.0,判定困難,0,取得不可,0,判定困難,0,
2026/09/30 00:04,2026-09-30T00:19:40+09:00,,2026-12,PUT,29500,0.0,0.0,0.0,0.0,0.0,0.0,0.0,0.0,0.0,0.0,0.0,0.0,0.0,0.0,0.0,1.0,0.0,1.0,判定困難,1.0,Bid,0,判定困難,0,
2026/09/30 00:04,2026-09-30T00:19:40+09:00,,2026-12,CALL,29250,0.0,0.0,0.0,0.0,0.0,0.0,0.0,0.0,0.0,0.0,0.0,0.0,0.0,0.0,0.0,0.0,0.0,0.0,判定困難,0,取得不可,0,判定困難,0,
2026/09/30 00:04,2026-09-30T00:19:40+09:00,,2026-12,PUT,29250,0.0,0.0,0.0,0.0,0.0,0.0,0.0,0.0,0.0,0.0,0.0,0.0,0.0,0.0,0.0,1.0,0.0,1.0,判定困難,1.0,Bid,0,判定困難,0,
2026/09/30 00:04,2026-09-30T00:19:40+09:00,,2026-12,CALL,29000,150.0,150.0,0.0,0.0,0.0,0.0,0.0,0.0,0.0,0.0,0.0,0.0,0.0,0.0,0.0,0.0,0.0,0.0,判定困難,0,取得不可,0,判定困難,0,
2026/09/30 00:04,2026-09-30T00:19:40+09:00,,2026-12,PUT,29000,1450.0,1450.0,0.0,0.0,0.0,0.0,0.0,0.0,0.0,0.0,0.0,0.0,0.0,0.0,5.0,5.0,0.0,0.0,判定困難,5.0,Bid,0,判定困難,0,
2026/09/30 00:04,2026-09-30T00:19:40+09:00,,2026-12,CALL,28750,0.0,0.0,0.0,0.0,0.0,0.0,0.0,0.0,0.0,0.0,0.0,0.0,0.0,0.0,0.0,0.0,0.0,0.0,判定困難,0,取得不可,0,判定困難,0,
2026/09/30 00:04,2026-09-30T00:19:40+09:00,,2026-12,PUT,28750,0.0,0.0,0.0,0.0,0.0,0.0,0.0,0.0,0.0,0.0,0.0,0.0,0.0,0.0,0.0,0.0,0.0,0.0,判定困難,0,取得不可,0,判定困難,0,
2026/09/30 00:04,2026-09-30T00:19:40+09:00,,2026-12,CALL,28500,125.0,125.0,0.0,0.0,0.0,0.0,0.0,0.0,0.0,0.0,0.0,0.0,0.0,0.0,0.0,0.0,0.0,0.0,判定困難,0,取得不可,0,判定困難,0,
2026/09/30 00:04,2026-09-30T00:19:40+09:00,,2026-12,PUT,28500,400.0,400.0,0.0,0.0,0.0,0.0,0.0,0.0,0.0,0.0,0.0,0.0,0.0,0.0,0.0,0.0,0.0,0.0,判定困難,0,取得不可,0,判定困難,0,
2026/09/30 00:04,2026-09-30T00:19:40+09:00,,2026-12,CALL,28250,0.0,0.0,0.0,0.0,0.0,0.0,0.0,0.0,0.0,0.0,0.0,0.0,0.0,0.0,0.0,0.0,0.0,0.0,判定困難,0,取得不可,0,判定困難,0,
2026/09/30 00:04,2026-09-30T00:19:40+09:00,,2026-12,PUT,28250,0.0,0.0,0.0,0.0,0.0,0.0,0.0,0.0,0.0,0.0,0.0,0.0,0.0,0.0,0.0,0.0,0.0,0.0,判定困難,0,取得不可,0,判定困難,0,
2026/09/30 00:04,2026-09-30T00:19:40+09:00,,2026-12,CALL,28000,75.0,75.0,0.0,0.0,0.0,0.0,0.0,0.0,0.0,0.0,0.0,0.0,0.0,0.0,0.0,0.0,0.0,0.0,判定困難,0,取得不可,0,判定困難,0,
2026/09/30 00:04,2026-09-30T00:19:40+09:00,,2026-12,PUT,28000,1334.0,1334.0,0.0,0.0,0.0,0.0,0.0,0.0,0.0,0.0,0.0,0.0,24.0,24.0,5.0,5.0,0.0,0.0,判定困難,14.5,Bid/Ask midpoint,0,判定困難,0,
2026/09/30 00:04,2026-09-30T00:19:40+09:00,,2026-12,CALL,27750,0.0,0.0,0.0,0.0,0.0,0.0,0.0,0.0,0.0,0.0,0.0,0.0,0.0,0.0,0.0,0.0,0.0,0.0,判定困難,0,取得不可,0,判定困難,0,
2026/09/30 00:04,2026-09-30T00:19:40+09:00,,2026-12,PUT,27750,72.0,72.0,0.0,0.0,0.0,0.0,0.0,0.0,0.0,0.0,0.0,0.0,0.0,0.0,0.0,0.0,0.0,0.0,判定困難,0,取得不可,0,判定困難,0,
2026/09/30 00:04,2026-09-30T00:19:40+09:00,,2026-12,CALL,27500,0.0,0.0,0.0,0.0,0.0,0.0,0.0,0.0,0.0,0.0,0.0,0.0,0.0,0.0,0.0,0.0,0.0,0.0,判定困難,0,取得不可,0,判定困難,0,
2026/09/30 00:04,2026-09-30T00:19:40+09:00,,2026-12,PUT,27500,25.0,25.0,0.0,0.0,0.0,0.0,0.0,0.0,0.0,0.0,0.0,0.0,0.0,0.0,0.0,0.0,0.0,0.0,判定困難,0,取得不可,0,判定困難,0,
2026/09/30 00:04,2026-09-30T00:19:40+09:00,,2026-12,CALL,27250,0.0,0.0,0.0,0.0,0.0,0.0,0.0,0.0,0.0,0.0,0.0,0.0,0.0,0.0,0.0,0.0,0.0,0.0,判定困難,0,取得不可,0,判定困難,0,
2026/09/30 00:04,2026-09-30T00:19:40+09:00,,2026-12,PUT,27250,0.0,0.0,0.0,0.0,0.0,0.0,0.0,0.0,0.0,0.0,0.0,0.0,0.0,0.0,0.0,0.0,0.0,0.0,判定困難,0,取得不可,0,判定困難,0,
2026/09/30 00:04,2026-09-30T00:19:40+09:00,,2026-12,CALL,27000,250.0,250.0,0.0,0.0,0.0,0.0,0.0,0.0,0.0,0.0,0.0,0.0,0.0,0.0,0.0,0.0,0.0,0.0,判定困難,0,取得不可,0,判定困難,0,
2026/09/30 00:04,2026-09-30T00:19:40+09:00,,2026-12,PUT,27000,2631.0,2631.0,0.0,0.0,0.0,0.0,0.0,0.0,0.0,0.0,0.0,0.0,0.0,0.0,5.0,5.0,0.0,0.0,判定困難,5.0,Bid,0,判定困難,0,
2026/09/30 00:04,2026-09-30T00:19:40+09:00,,2026-12,CALL,26750,0.0,0.0,0.0,0.0,0.0,0.0,0.0,0.0,0.0,0.0,0.0,0.0,0.0,0.0,0.0,0.0,0.0,0.0,判定困難,0,取得不可,0,判定困難,0,
2026/09/30 00:04,2026-09-30T00:19:40+09:00,,2026-12,PUT,26750,0.0,0.0,0.0,0.0,0.0,0.0,0.0,0.0,0.0,0.0,0.0,0.0,0.0,0.0,0.0,0.0,0.0,0.0,判定困難,0,取得不可,0,判定困難,0,
2026/09/30 00:04,2026-09-30T00:19:40+09:00,,2026-12,CALL,26500,0.0,0.0,0.0,0.0,0.0,0.0,0.0,0.0,0.0,0.0,0.0,0.0,0.0,0.0,0.0,0.0,0.0,0.0,判定困難,0,取得不可,0,判定困難,0,
2026/09/30 00:04,2026-09-30T00:19:40+09:00,,2026-12,PUT,26500,3.0,3.0,0.0,0.0,0.0,0.0,0.0,0.0,0.0,0.0,0.0,0.0,0.0,0.0,0.0,0.0,0.0,0.0,判定困難,0,取得不可,0,判定困難,0,
2026/09/30 00:04,2026-09-30T00:19:40+09:00,,2026-12,CALL,26250,0.0,0.0,0.0,0.0,0.0,0.0,0.0,0.0,0.0,0.0,0.0,0.0,0.0,0.0,0.0,0.0,0.0,0.0,判定困難,0,取得不可,0,判定困難,0,
2026/09/30 00:04,2026-09-30T00:19:40+09:00,,2026-12,PUT,26250,0.0,0.0,0.0,0.0,0.0,0.0,0.0,0.0,0.0,0.0,0.0,0.0,0.0,0.0,0.0,0.0,0.0,0.0,判定困難,0,取得不可,0,判定困難,0,
2026/09/30 00:04,2026-09-30T00:19:40+09:00,,2026-12,CALL,26000,350.0,350.0,0.0,0.0,0.0,0.0,0.0,0.0,0.0,0.0,0.0,0.0,0.0,0.0,0.0,0.0,0.0,0.0,判定困難,0,取得不可,0,判定困難,0,
2026/09/30 00:04,2026-09-30T00:19:40+09:00,,2026-12,PUT,26000,1425.0,1425.0,0.0,0.0,0.0,0.0,0.0,0.0,0.0,0.0,0.0,0.0,50.0,50.0,1.0,1.0,0.0,0.0,判定困難,25.5,Bid/Ask midpoint,0,判定困難,0,
2026/09/30 00:04,2026-09-30T00:19:40+09:00,,2026-12,CALL,25750,0.0,0.0,0.0,0.0,0.0,0.0,0.0,0.0,0.0,0.0,0.0,0.0,0.0,0.0,0.0,0.0,0.0,0.0,判定困難,0,取得不可,0,判定困難,0,
2026/09/30 00:04,2026-09-30T00:19:40+09:00,,2026-12,PUT,25750,0.0,0.0,0.0,0.0,0.0,0.0,0.0,0.0,0.0,0.0,0.0,0.0,0.0,0.0,0.0,0.0,0.0,0.0,判定困難,0,取得不可,0,判定困難,0,
2026/09/30 00:04,2026-09-30T00:19:40+09:00,,2026-12,CALL,25500,0.0,0.0,0.0,0.0,0.0,0.0,0.0,0.0,0.0,0.0,0.0,0.0,0.0,0.0,0.0,0.0,0.0,0.0,判定困難,0,取得不可,0,判定困難,0,
2026/09/30 00:04,2026-09-30T00:19:40+09:00,,2026-12,PUT,25500,2.0,2.0,0.0,0.0,0.0,0.0,0.0,0.0,0.0,0.0,0.0,0.0,0.0,0.0,0.0,0.0,0.0,0.0,判定困難,0,取得不可,0,判定困難,0,
2026/09/30 00:04,2026-09-30T00:19:40+09:00,,2026-12,CALL,25250,0.0,0.0,0.0,0.0,0.0,0.0,0.0,0.0,0.0,0.0,0.0,0.0,0.0,0.0,0.0,0.0,0.0,0.0,判定困難,0,取得不可,0,判定困難,0,
2026/09/30 00:04,2026-09-30T00:19:40+09:00,,2026-12,PUT,25250,1.0,1.0,0.0,0.0,0.0,0.0,0.0,0.0,0.0,0.0,0.0,0.0,0.0,0.0,0.0,0.0,0.0,0.0,判定困難,0,取得不可,0,判定困難,0,
2026/09/30 00:04,2026-09-30T00:19:40+09:00,,2026-12,CALL,25000,300.0,300.0,0.0,0.0,0.0,0.0,0.0,0.0,0.0,0.0,0.0,0.0,0.0,0.0,0.0,0.0,0.0,0.0,判定困難,0,取得不可,0,判定困難,0,
2026/09/30 00:04,2026-09-30T00:19:40+09:00,,2026-12,PUT,25000,2019.0,2019.0,0.0,0.0,0.0,0.0,0.0,0.0,0.0,0.0,0.0,0.0,15.0,15.0,5.0,5.0,0.0,0.0,判定困難,10.0,Bid/Ask midpoint,0,判定困難,0,
2026/09/30 00:04,2026-09-30T00:19:40+09:00,,2026-12,CALL,24750,0.0,0.0,0.0,0.0,0.0,0.0,0.0,0.0,0.0,0.0,0.0,0.0,0.0,0.0,0.0,0.0,0.0,0.0,判定困難,0,取得不可,0,判定困難,0,
2026/09/30 00:04,2026-09-30T00:19:40+09:00,,2026-12,PUT,24750,1.0,1.0,0.0,0.0,0.0,0.0,0.0,0.0,0.0,0.0,0.0,0.0,0.0,0.0,0.0,0.0,0.0,0.0,判定困難,0,取得不可,0,判定困難,0,
2026/09/30 00:04,2026-09-30T00:19:40+09:00,,2026-12,CALL,24500,0.0,0.0,0.0,0.0,0.0,0.0,0.0,0.0,0.0,0.0,0.0,0.0,0.0,0.0,0.0,0.0,0.0,0.0,判定困難,0,取得不可,0,判定困難,0,
2026/09/30 00:04,2026-09-30T00:19:40+09:00,,2026-12,PUT,24500,250.0,250.0,0.0,0.0,0.0,0.0,0.0,0.0,0.0,0.0,0.0,0.0,0.0,0.0,0.0,0.0,0.0,0.0,判定困難,0,取得不可,0,判定困難,0,
2026/09/30 00:04,2026-09-30T00:19:40+09:00,,2026-12,CALL,24250,0.0,0.0,0.0,0.0,0.0,0.0,0.0,0.0,0.0,0.0,0.0,0.0,0.0,0.0,0.0,0.0,0.0,0.0,判定困難,0,取得不可,0,判定困難,0,
2026/09/30 00:04,2026-09-30T00:19:40+09:00,,2026-12,PUT,24250,0.0,0.0,0.0,0.0,0.0,0.0,0.0,0.0,0.0,0.0,0.0,0.0,0.0,0.0,0.0,0.0,0.0,0.0,判定困難,0,取得不可,0,判定困難,0,
2026/09/30 00:04,2026-09-30T00:19:40+09:00,,2026-12,CALL,24000,0.0,0.0,0.0,0.0,0.0,0.0,0.0,0.0,0.0,0.0,0.0,0.0,0.0,0.0,0.0,0.0,0.0,0.0,判定困難,0,取得不可,0,判定困難,0,
2026/09/30 00:04,2026-09-30T00:19:40+09:00,,2026-12,PUT,24000,405.0,405.0,0.0,0.0,0.0,0.0,0.0,0.0,0.0,0.0,0.0,0.0,40.0,40.0,1.0,1.0,0.0,0.0,判定困難,20.5,Bid/Ask midpoint,0,判定困難,0,
2026/09/30 00:04,2026-09-30T00:19:40+09:00,,2026-12,CALL,23750,0.0,0.0,0.0,0.0,0.0,0.0,0.0,0.0,0.0,0.0,0.0,0.0,0.0,0.0,0.0,0.0,0.0,0.0,判定困難,0,取得不可,0,判定困難,0,
2026/09/30 00:04,2026-09-30T00:19:40+09:00,,2026-12,PUT,23750,0.0,0.0,0.0,0.0,0.0,0.0,0.0,0.0,0.0,0.0,0.0,0.0,0.0,0.0,0.0,0.0,0.0,0.0,判定困難,0,取得不可,0,判定困難,0,
2026/09/30 00:04,2026-09-30T00:19:40+09:00,,2026-12,CALL,23500,0.0,0.0,0.0,0.0,0.0,0.0,0.0,0.0,0.0,0.0,0.0,0.0,0.0,0.0,0.0,0.0,0.0,0.0,判定困難,0,取得不可,0,判定困難,0,
2026/09/30 00:04,2026-09-30T00:19:40+09:00,,2026-12,PUT,23500,127.0,127.0,0.0,0.0,0.0,0.0,0.0,0.0,0.0,0.0,0.0,0.0,0.0,0.0,0.0,0.0,0.0,0.0,判定困難,0,取得不可,0,判定困難,0,
2026/09/30 00:04,2026-09-30T00:19:40+09:00,,2026-12,CALL,23250,0.0,0.0,0.0,0.0,0.0,0.0,0.0,0.0,0.0,0.0,0.0,0.0,0.0,0.0,0.0,0.0,0.0,0.0,判定困難,0,取得不可,0,判定困難,0,
2026/09/30 00:04,2026-09-30T00:19:40+09:00,,2026-12,PUT,23250,1.0,1.0,0.0,0.0,0.0,0.0,0.0,0.0,0.0,0.0,0.0,0.0,0.0,0.0,0.0,0.0,0.0,0.0,判定困難,0,取得不可,0,判定困難,0,
2026/09/30 00:04,2026-09-30T00:19:40+09:00,,2026-12,CALL,23000,0.0,0.0,0.0,0.0,0.0,0.0,0.0,0.0,0.0,0.0,0.0,0.0,0.0,0.0,0.0,0.0,0.0,0.0,判定困難,0,取得不可,0,判定困難,0,
2026/09/30 00:04,2026-09-30T00:19:40+09:00,,2026-12,PUT,23000,2106.0,2106.0,0.0,0.0,0.0,0.0,0.0,0.0,0.0,0.0,0.0,0.0,0.0,0.0,2.0,2.0,0.0,0.0,判定困難,2.0,Bid,0,判定困難,0,
2026/09/30 00:04,2026-09-30T00:19:40+09:00,,2026-12,CALL,22750,0.0,0.0,0.0,0.0,0.0,0.0,0.0,0.0,0.0,0.0,0.0,0.0,0.0,0.0,0.0,0.0,0.0,0.0,判定困難,0,取得不可,0,判定困難,0,
2026/09/30 00:04,2026-09-30T00:19:40+09:00,,2026-12,PUT,22750,0.0,0.0,0.0,0.0,0.0,0.0,0.0,0.0,0.0,0.0,0.0,0.0,0.0,0.0,0.0,0.0,0.0,0.0,判定困難,0,取得不可,0,判定困難,0,
2026/09/30 00:04,2026-09-30T00:19:40+09:00,,2026-12,CALL,22500,0.0,0.0,0.0,0.0,0.0,0.0,0.0,0.0,0.0,0.0,0.0,0.0,0.0,0.0,0.0,0.0,0.0,0.0,判定困難,0,取得不可,0,判定困難,0,
2026/09/30 00:04,2026-09-30T00:19:40+09:00,,2026-12,PUT,22500,150.0,150.0,0.0,0.0,0.0,0.0,0.0,0.0,0.0,0.0,0.0,0.0,0.0,0.0,0.0,0.0,0.0,0.0,判定困難,0,取得不可,0,判定困難,0,
2026/09/30 00:04,2026-09-30T00:19:40+09:00,,2026-12,CALL,22250,0.0,0.0,0.0,0.0,0.0,0.0,0.0,0.0,0.0,0.0,0.0,0.0,0.0,0.0,0.0,0.0,0.0,0.0,判定困難,0,取得不可,0,判定困難,0,
2026/09/30 00:04,2026-09-30T00:19:40+09:00,,2026-12,PUT,22250,0.0,0.0,0.0,0.0,0.0,0.0,0.0,0.0,0.0,0.0,0.0,0.0,0.0,0.0,0.0,0.0,0.0,0.0,判定困難,0,取得不可,0,判定困難,0,
2026/09/30 00:04,2026-09-30T00:19:40+09:00,,2026-12,CALL,22000,100.0,100.0,0.0,0.0,0.0,0.0,0.0,0.0,0.0,0.0,0.0,0.0,0.0,0.0,0.0,0.0,0.0,0.0,判定困難,0,取得不可,0,判定困難,0,
2026/09/30 00:04,2026-09-30T00:19:40+09:00,,2026-12,PUT,22000,1716.0,1716.0,0.0,0.0,0.0,0.0,0.0,0.0,0.0,0.0,0.0,0.0,10.0,10.0,3.0,3.0,0.0,0.0,判定困難,6.5,Bid/Ask midpoint,0,判定困難,0,
2026/09/30 00:04,2026-09-30T00:19:40+09:00,,2026-12,CALL,21750,0.0,0.0,0.0,0.0,0.0,0.0,0.0,0.0,0.0,0.0,0.0,0.0,0.0,0.0,0.0,0.0,0.0,0.0,判定困難,0,取得不可,0,判定困難,0,
2026/09/30 00:04,2026-09-30T00:19:40+09:00,,2026-12,PUT,21750,0.0,0.0,0.0,0.0,0.0,0.0,0.0,0.0,0.0,0.0,0.0,0.0,0.0,0.0,0.0,0.0,0.0,0.0,判定困難,0,取得不可,0,判定困難,0,
2026/09/30 00:04,2026-09-30T00:19:40+09:00,,2026-12,CALL,21500,0.0,0.0,0.0,0.0,0.0,0.0,0.0,0.0,0.0,0.0,0.0,0.0,0.0,0.0,0.0,0.0,0.0,0.0,判定困難,0,取得不可,0,判定困難,0,
2026/09/30 00:04,2026-09-30T00:19:40+09:00,,2026-12,PUT,21500,500.0,500.0,0.0,0.0,0.0,0.0,0.0,0.0,0.0,0.0,0.0,0.0,0.0,0.0,0.0,0.0,0.0,0.0,判定困難,0,取得不可,0,判定困難,0,
2026/09/30 00:04,2026-09-30T00:19:40+09:00,,2026-12,CALL,21250,0.0,0.0,0.0,0.0,0.0,0.0,0.0,0.0,0.0,0.0,0.0,0.0,0.0,0.0,0.0,0.0,0.0,0.0,判定困難,0,取得不可,0,判定困難,0,
2026/09/30 00:04,2026-09-30T00:19:40+09:00,,2026-12,PUT,21250,0.0,0.0,0.0,0.0,0.0,0.0,0.0,0.0,0.0,0.0,0.0,0.0,0.0,0.0,0.0,0.0,0.0,0.0,判定困難,0,取得不可,0,判定困難,0,
2026/09/30 00:04,2026-09-30T00:19:40+09:00,,2026-12,CALL,21000,0.0,0.0,0.0,0.0,0.0,0.0,0.0,0.0,0.0,0.0,0.0,0.0,0.0,0.0,0.0,0.0,0.0,0.0,判定困難,0,取得不可,0,判定困難,0,
2026/09/30 00:04,2026-09-30T00:19:40+09:00,,2026-12,PUT,21000,350.0,350.0,0.0,0.0,0.0,0.0,0.0,0.0,0.0,0.0,0.0,0.0,0.0,0.0,0.0,0.0,0.0,0.0,判定困難,0,取得不可,0,判定困難,0,
2026/09/30 00:04,2026-09-30T00:19:40+09:00,,2026-12,CALL,20750,0.0,0.0,0.0,0.0,0.0,0.0,0.0,0.0,0.0,0.0,0.0,0.0,0.0,0.0,0.0,0.0,0.0,0.0,判定困難,0,取得不可,0,判定困難,0,
2026/09/30 00:04,2026-09-30T00:19:40+09:00,,2026-12,PUT,20750,0.0,0.0,0.0,0.0,0.0,0.0,0.0,0.0,0.0,0.0,0.0,0.0,0.0,0.0,0.0,0.0,0.0,0.0,判定困難,0,取得不可,0,判定困難,0,
2026/09/30 00:04,2026-09-30T00:19:40+09:00,,2026-12,CALL,20500,0.0,0.0,0.0,0.0,0.0,0.0,0.0,0.0,0.0,0.0,0.0,0.0,0.0,0.0,0.0,0.0,0.0,0.0,判定困難,0,取得不可,0,判定困難,0,
2026/09/30 00:04,2026-09-30T00:19:40+09:00,,2026-12,PUT,20500,0.0,0.0,0.0,0.0,0.0,0.0,0.0,0.0,0.0,0.0,0.0,0.0,0.0,0.0,0.0,0.0,0.0,0.0,判定困難,0,取得不可,0,判定困難,0,
2026/09/30 00:04,2026-09-30T00:19:40+09:00,,2026-12,CALL,20250,0.0,0.0,0.0,0.0,0.0,0.0,0.0,0.0,0.0,0.0,0.0,0.0,0.0,0.0,0.0,0.0,0.0,0.0,判定困難,0,取得不可,0,判定困難,0,
2026/09/30 00:04,2026-09-30T00:19:40+09:00,,2026-12,PUT,20250,3.0,3.0,0.0,0.0,0.0,0.0,0.0,0.0,0.0,0.0,0.0,0.0,0.0,0.0,0.0,0.0,0.0,0.0,判定困難,0,取得不可,0,判定困難,0,
2026/09/30 00:04,2026-09-30T00:19:40+09:00,,2026-12,CALL,20000,150.0,150.0,0.0,0.0,0.0,0.0,0.0,0.0,0.0,0.0,0.0,0.0,0.0,0.0,0.0,0.0,0.0,0.0,判定困難,0,取得不可,0,判定困難,0,
