qri_update_time,collected_at,trading_day,last_trading_day,contract,option_type,strike,settlement,open_interest,volume,ask_iv,bid_iv,ask_price,ask_quantity,bid_price,bid_quantity,iv,change,change_percent,last_price,trade_time
2026/09/02 01:35,2026-09-02T01:50:46+09:00,2026/09/02,2026/09/10,2026-09,CALL,83500,1,49,1,46.75,,1,8,,,46.94,,,1,09/01 18:57
2026/09/02 01:35,2026-09-02T01:50:46+09:00,2026/09/02,2026/09/10,2026-09,PUT,83500,17350,,,,,,,,,,,,,
2026/09/02 01:35,2026-09-02T01:50:46+09:00,2026/09/02,2026/09/10,2026-09,CALL,83000,1,546,,45.72,,1,45,,,,,,,
2026/09/02 01:35,2026-09-02T01:50:46+09:00,2026/09/02,2026/09/10,2026-09,PUT,83000,16850,,,,,,,,,,,,,
2026/09/02 01:35,2026-09-02T01:50:46+09:00,2026/09/02,2026/09/10,2026-09,CALL,82500,1,133,,44.68,,1,9,,,,,,,
2026/09/02 01:35,2026-09-02T01:50:46+09:00,2026/09/02,2026/09/10,2026-09,PUT,82500,16350,,,,,,,,,,,,,
2026/09/02 01:35,2026-09-02T01:50:46+09:00,2026/09/02,2026/09/10,2026-09,CALL,82000,1,340,,43.63,,1,1,,,,,,,
2026/09/02 01:35,2026-09-02T01:50:46+09:00,2026/09/02,2026/09/10,2026-09,PUT,82000,15850,,,,,,,,,,,,,
2026/09/02 01:35,2026-09-02T01:50:46+09:00,2026/09/02,2026/09/10,2026-09,CALL,81500,1,43,,42.57,,1,1,,,,,,,
2026/09/02 01:35,2026-09-02T01:50:46+09:00,2026/09/02,2026/09/10,2026-09,PUT,81500,15350,,,,,,,,,,,,,
2026/09/02 01:35,2026-09-02T01:50:46+09:00,2026/09/02,2026/09/10,2026-09,CALL,81000,1,395,,41.51,,1,14,,,,,,,
2026/09/02 01:35,2026-09-02T01:50:46+09:00,2026/09/02,2026/09/10,2026-09,PUT,81000,14850,,,,,,,,,,,,,
2026/09/02 01:35,2026-09-02T01:50:46+09:00,2026/09/02,2026/09/10,2026-09,CALL,80500,1,18,,40.43,,1,5,,,,,,,
2026/09/02 01:35,2026-09-02T01:50:46+09:00,2026/09/02,2026/09/10,2026-09,PUT,80500,14350,,,,,,,,,,,,,
2026/09/02 01:35,2026-09-02T01:50:46+09:00,2026/09/02,2026/09/10,2026-09,CALL,80000,1,1827,1,39.35,,1,39,,,38.65,0,0,1,09/02 00:36
2026/09/02 01:35,2026-09-02T01:50:46+09:00,2026/09/02,2026/09/10,2026-09,PUT,80000,13850,1,,,,,,,,,,,,
2026/09/02 01:35,2026-09-02T01:50:46+09:00,2026/09/02,2026/09/10,2026-09,CALL,79500,1,234,,40.52,,2,3,,,,,,,
2026/09/02 01:35,2026-09-02T01:50:46+09:00,2026/09/02,2026/09/10,2026-09,PUT,79500,13350,,,,,,,,,,,,,
2026/09/02 01:35,2026-09-02T01:50:46+09:00,2026/09/02,2026/09/10,2026-09,CALL,79000,1,252,28,39.36,37.15,2,60,1,5,35.78,0,0,1,09/02 01:02
2026/09/02 01:35,2026-09-02T01:50:46+09:00,2026/09/02,2026/09/10,2026-09,PUT,79000,12850,,,,,,,,,,,,,
2026/09/02 01:35,2026-09-02T01:50:46+09:00,2026/09/02,2026/09/10,2026-09,CALL,78500,1,87,36,38.19,,2,50,,,36.26,-1,-50,1,09/01 19:56
2026/09/02 01:35,2026-09-02T01:50:46+09:00,2026/09/02,2026/09/10,2026-09,PUT,78500,12350,,,,,,,,,,,,,
2026/09/02 01:35,2026-09-02T01:50:46+09:00,2026/09/02,2026/09/10,2026-09,CALL,78000,1,2461,11,37.01,34.91,2,59,1,21,34.7,0,0,1,09/01 19:26
2026/09/02 01:35,2026-09-02T01:50:46+09:00,2026/09/02,2026/09/10,2026-09,PUT,78000,11850,1,,,,,,,,,,,,
2026/09/02 01:35,2026-09-02T01:50:46+09:00,2026/09/02,2026/09/10,2026-09,CALL,77500,1,978,2,35.82,33.77,2,46,1,12,34.21,0,0,1,09/01 22:16
2026/09/02 01:35,2026-09-02T01:50:46+09:00,2026/09/02,2026/09/10,2026-09,PUT,77500,11350,4,,,,,,,,,,,,
2026/09/02 01:35,2026-09-02T01:50:46+09:00,2026/09/02,2026/09/10,2026-09,CALL,77000,2,920,1,34.62,32.62,2,54,1,87,34.88,0,0,2,09/01 22:40
2026/09/02 01:35,2026-09-02T01:50:46+09:00,2026/09/02,2026/09/10,2026-09,PUT,77000,10850,,,,,,,,,,,,,
2026/09/02 01:35,2026-09-02T01:50:46+09:00,2026/09/02,2026/09/10,2026-09,CALL,76500,2,97,1,34.68,31.47,3,37,1,5,33.66,-1,-33.33,2,09/01 22:40
2026/09/02 01:35,2026-09-02T01:50:46+09:00,2026/09/02,2026/09/10,2026-09,PUT,76500,10350,,,,,,,,,,,,,
2026/09/02 01:35,2026-09-02T01:50:46+09:00,2026/09/02,2026/09/10,2026-09,CALL,76000,2,663,33,32.17,30.3,2,46,1,143,31.58,-1,-33.33,2,09/02 00:23
2026/09/02 01:35,2026-09-02T01:50:46+09:00,2026/09/02,2026/09/10,2026-09,PUT,76000,9850,,,,,,,,,,,,,
2026/09/02 01:35,2026-09-02T01:50:46+09:00,2026/09/02,2026/09/10,2026-09,CALL,75500,3,250,14,32.13,30.93,3,41,2,6,29.61,-1,-33.33,2,09/02 01:05
2026/09/02 01:35,2026-09-02T01:50:46+09:00,2026/09/02,2026/09/10,2026-09,PUT,75500,9350,,,,,,,,,,,,,
2026/09/02 01:35,2026-09-02T01:50:46+09:00,2026/09/02,2026/09/10,2026-09,CALL,75375,3,6,,,,,,,,,,,,
2026/09/02 01:35,2026-09-02T01:50:46+09:00,2026/09/02,2026/09/10,2026-09,PUT,75375,9225,,,,,,,,,,,,,
2026/09/02 01:35,2026-09-02T01:50:46+09:00,2026/09/02,2026/09/10,2026-09,CALL,75250,3,45,,32.4,28.52,4,30,1,120,,,,,
2026/09/02 01:35,2026-09-02T01:50:46+09:00,2026/09/02,2026/09/10,2026-09,PUT,75250,9100,,,,,,,,,,,,,
2026/09/02 01:35,2026-09-02T01:50:46+09:00,2026/09/02,2026/09/10,2026-09,CALL,75125,3,1,1,,,,,,,30.33,,,2,09/01 21:02
2026/09/02 01:35,2026-09-02T01:50:46+09:00,2026/09/02,2026/09/10,2026-09,PUT,75125,8975,,,,,,,,,,,,,
2026/09/02 01:35,2026-09-02T01:50:46+09:00,2026/09/02,2026/09/10,2026-09,CALL,75000,4,3305,157,30.84,29.67,3,1,2,57,30.85,0,0,4,09/01 23:36
2026/09/02 01:35,2026-09-02T01:50:46+09:00,2026/09/02,2026/09/10,2026-09,PUT,75000,8855,,,,,,,,,,,,,
2026/09/02 01:35,2026-09-02T01:50:46+09:00,2026/09/02,2026/09/10,2026-09,CALL,74875,4,1,,39.15,,25,15,,,,,,,
2026/09/02 01:35,2026-09-02T01:50:46+09:00,2026/09/02,2026/09/10,2026-09,PUT,74875,8730,,,,,,,,,,,,,
2026/09/02 01:35,2026-09-02T01:50:46+09:00,2026/09/02,2026/09/10,2026-09,CALL,74750,5,68,1,38.75,29.04,25,15,2,50,30.23,-2,-40,3,09/01 17:39
2026/09/02 01:35,2026-09-02T01:50:46+09:00,2026/09/02,2026/09/10,2026-09,PUT,74750,8605,,,,,,,,,,,,,
2026/09/02 01:35,2026-09-02T01:50:46+09:00,2026/09/02,2026/09/10,2026-09,CALL,74625,5,57,,38.35,,25,15,,,,,,,
2026/09/02 01:35,2026-09-02T01:50:46+09:00,2026/09/02,2026/09/10,2026-09,PUT,74625,8480,,,,,,,,,,,,,
2026/09/02 01:35,2026-09-02T01:50:46+09:00,2026/09/02,2026/09/10,2026-09,CALL,74500,5,168,4,37.95,28.4,25,15,2,51,28.83,-2,-33.33,4,09/02 01:01
2026/09/02 01:35,2026-09-02T01:50:46+09:00,2026/09/02,2026/09/10,2026-09,PUT,74500,8355,,,,,,,,,,,,,
2026/09/02 01:35,2026-09-02T01:50:46+09:00,2026/09/02,2026/09/10,2026-09,CALL,74375,5,1,,37.55,,25,15,,,,,,,
2026/09/02 01:35,2026-09-02T01:50:46+09:00,2026/09/02,2026/09/10,2026-09,PUT,74375,8230,,,,,,,,,,,,,
2026/09/02 01:35,2026-09-02T01:50:46+09:00,2026/09/02,2026/09/10,2026-09,CALL,74250,6,6,,37.35,27.76,26,15,2,51,,,,,
2026/09/02 01:35,2026-09-02T01:50:46+09:00,2026/09/02,2026/09/10,2026-09,PUT,74250,8105,,,,,,,,,,,,,
2026/09/02 01:35,2026-09-02T01:50:46+09:00,2026/09/02,2026/09/10,2026-09,CALL,74125,6,6,,36.95,,26,15,,,,,,,
2026/09/02 01:35,2026-09-02T01:50:46+09:00,2026/09/02,2026/09/10,2026-09,PUT,74125,7980,,,,,,,,,,,,,
2026/09/02 01:35,2026-09-02T01:50:46+09:00,2026/09/02,2026/09/10,2026-09,CALL,74000,7,1392,57,29.73,29.04,5,9,4,2,28.68,-2,-28.57,5,09/01 23:49
2026/09/02 01:35,2026-09-02T01:50:46+09:00,2026/09/02,2026/09/10,2026-09,PUT,74000,7855,,,,,,,,,,,,,
2026/09/02 01:35,2026-09-02T01:50:46+09:00,2026/09/02,2026/09/10,2026-09,CALL,73875,7,25,,33.77,,16,15,,,,,,,
2026/09/02 01:35,2026-09-02T01:50:46+09:00,2026/09/02,2026/09/10,2026-09,PUT,73875,7730,,,,,,,,,,,,,
2026/09/02 01:35,2026-09-02T01:50:46+09:00,2026/09/02,2026/09/10,2026-09,CALL,73750,7,53,3,33.65,27.53,17,15,3,20,29.87,,,6,09/01 19:54
2026/09/02 01:35,2026-09-02T01:50:46+09:00,2026/09/02,2026/09/10,2026-09,PUT,73750,7605,,,,,,,,,,,,,
2026/09/02 01:35,2026-09-02T01:50:46+09:00,2026/09/02,2026/09/10,2026-09,CALL,73625,7,5,,35.51,,27,15,,,,,,,
2026/09/02 01:35,2026-09-02T01:50:46+09:00,2026/09/02,2026/09/10,2026-09,PUT,73625,7480,,,,,,,,,,,,,
2026/09/02 01:35,2026-09-02T01:50:46+09:00,2026/09/02,2026/09/10,2026-09,CALL,73500,8,524,42,28.91,27.67,6,2,4,2,28.72,-5,-50,5,09/01 22:43
2026/09/02 01:35,2026-09-02T01:50:46+09:00,2026/09/02,2026/09/10,2026-09,PUT,73500,7360,,,,,,,,,,,,,
2026/09/02 01:35,2026-09-02T01:50:46+09:00,2026/09/02,2026/09/10,2026-09,CALL,73375,9,3,1,34.87,,28,15,,,28.77,-9,-60,6,09/01 18:54
2026/09/02 01:35,2026-09-02T01:50:46+09:00,2026/09/02,2026/09/10,2026-09,PUT,73375,7235,,,,,,,,,,,,,
2026/09/02 01:35,2026-09-02T01:50:46+09:00,2026/09/02,2026/09/10,2026-09,CALL,73250,10,14,,29.56,26.19,9,3,3,20,,,,,
2026/09/02 01:35,2026-09-02T01:50:46+09:00,2026/09/02,2026/09/10,2026-09,PUT,73250,7110,,,,,,,,,,,,,
2026/09/02 01:35,2026-09-02T01:50:46+09:00,2026/09/02,2026/09/10,2026-09,CALL,73125,10,5,,34.21,,29,15,,,,,,,
2026/09/02 01:35,2026-09-02T01:50:46+09:00,2026/09/02,2026/09/10,2026-09,PUT,73125,6985,,,,,,,,,,,,,
2026/09/02 01:35,2026-09-02T01:50:46+09:00,2026/09/02,2026/09/10,2026-09,CALL,73000,11,1664,61,28.81,27.96,9,3,7,6,26.93,-5,-38.46,8,09/02 00:49
2026/09/02 01:35,2026-09-02T01:50:46+09:00,2026/09/02,2026/09/10,2026-09,PUT,73000,6860,3,,,,,,,,,,,,
2026/09/02 01:35,2026-09-02T01:50:46+09:00,2026/09/02,2026/09/10,2026-09,CALL,72875,11,34,,32.43,,24,15,,,,,,,
2026/09/02 01:35,2026-09-02T01:50:46+09:00,2026/09/02,2026/09/10,2026-09,PUT,72875,6735,,,,,,,,,,,,,
2026/09/02 01:35,2026-09-02T01:50:46+09:00,2026/09/02,2026/09/10,2026-09,CALL,72750,12,303,,33.28,25.58,31,15,4,15,,,,,
2026/09/02 01:35,2026-09-02T01:50:46+09:00,2026/09/02,2026/09/10,2026-09,PUT,72750,6615,,,,,,,3,10,,,,,
2026/09/02 01:35,2026-09-02T01:50:46+09:00,2026/09/02,2026/09/10,2026-09,CALL,72625,13,5,,30.98,,21,15,,,,,,,
2026/09/02 01:35,2026-09-02T01:50:46+09:00,2026/09/02,2026/09/10,2026-09,PUT,72625,6490,,,,,,,,,,,,,
2026/09/02 01:35,2026-09-02T01:50:46+09:00,2026/09/02,2026/09/10,2026-09,CALL,72500,15,1746,17,29.16,27.3,15,15,9,2,27.1,-7,-41.18,10,09/02 01:20
2026/09/02 01:35,2026-09-02T01:50:46+09:00,2026/09/02,2026/09/10,2026-09,PUT,72500,6365,,,,,,,3,10,,,,,
2026/09/02 01:35,2026-09-02T01:50:46+09:00,2026/09/02,2026/09/10,2026-09,CALL,72375,16,10,,29.93,26.11,20,3,7,8,,,,,
2026/09/02 01:35,2026-09-02T01:50:46+09:00,2026/09/02,2026/09/10,2026-09,PUT,72375,6240,,,,,,,,,,,,,
2026/09/02 01:35,2026-09-02T01:50:46+09:00,2026/09/02,2026/09/10,2026-09,CALL,72250,17,40,2,28.35,26.15,15,7,8,3,27.67,-11,-50,11,09/01 21:22
2026/09/02 01:35,2026-09-02T01:50:46+09:00,2026/09/02,2026/09/10,2026-09,PUT,72250,6115,,,,,,,3,10,,,,,
2026/09/02 01:35,2026-09-02T01:50:46+09:00,2026/09/02,2026/09/10,2026-09,CALL,72125,18,78,,29.51,26.15,22,3,9,3,,,,,
2026/09/02 01:35,2026-09-02T01:50:46+09:00,2026/09/02,2026/09/10,2026-09,PUT,72125,5995,,,,,,,,,,,,,
2026/09/02 01:35,2026-09-02T01:50:46+09:00,2026/09/02,2026/09/10,2026-09,CALL,72000,21,2464,96,27.54,26.73,15,1,12,1,26.63,-12,-48,13,09/02 00:15
2026/09/02 01:35,2026-09-02T01:50:46+09:00,2026/09/02,2026/09/10,2026-09,PUT,72000,5870,,,,,,,3,10,,,,,
2026/09/02 01:35,2026-09-02T01:50:46+09:00,2026/09/02,2026/09/10,2026-09,CALL,71875,22,3,,29.22,25.71,25,3,10,6,,,,,
2026/09/02 01:35,2026-09-02T01:50:46+09:00,2026/09/02,2026/09/10,2026-09,PUT,71875,5745,,,,,,,,,,,,,
2026/09/02 01:35,2026-09-02T01:50:46+09:00,2026/09/02,2026/09/10,2026-09,CALL,71750,24,20,1,28.96,24.98,26,3,9,3,26.78,-27,-65.85,14,09/01 18:36
2026/09/02 01:35,2026-09-02T01:50:46+09:00,2026/09/02,2026/09/10,2026-09,PUT,71750,5625,,,,,,,3,10,,,,,
2026/09/02 01:35,2026-09-02T01:50:46+09:00,2026/09/02,2026/09/10,2026-09,CALL,71625,26,4,,28.86,24.24,28,3,8,3,,,,,
2026/09/02 01:35,2026-09-02T01:50:46+09:00,2026/09/02,2026/09/10,2026-09,PUT,71625,5500,,,,,,,,,,,,,
2026/09/02 01:35,2026-09-02T01:50:46+09:00,2026/09/02,2026/09/10,2026-09,CALL,71500,32,630,48,27.19,25.9,21,1,15,1,26.3,-11,-34.38,21,09/01 23:17
2026/09/02 01:35,2026-09-02T01:50:46+09:00,2026/09/02,2026/09/10,2026-09,PUT,71500,5380,,,,,,,3,10,,,,,
2026/09/02 01:35,2026-09-02T01:50:46+09:00,2026/09/02,2026/09/10,2026-09,CALL,71375,30,11,,28.43,25.48,31,3,15,3,,,,,
2026/09/02 01:35,2026-09-02T01:50:46+09:00,2026/09/02,2026/09/10,2026-09,PUT,71375,5255,,,,,,,,,,,,,
2026/09/02 01:35,2026-09-02T01:50:46+09:00,2026/09/02,2026/09/10,2026-09,CALL,71250,35,86,,28.27,26.69,33,3,23,20,,,,,
2026/09/02 01:35,2026-09-02T01:50:46+09:00,2026/09/02,2026/09/10,2026-09,PUT,71250,5135,1,,,,,,3,10,,,,,
2026/09/02 01:35,2026-09-02T01:50:46+09:00,2026/09/02,2026/09/10,2026-09,CALL,71125,38,58,1,28.09,24.17,35,3,13,3,26.13,-24,-50,24,09/01 23:05
2026/09/02 01:35,2026-09-02T01:50:46+09:00,2026/09/02,2026/09/10,2026-09,PUT,71125,5015,,,,,,,,,,,,,
2026/09/02 01:35,2026-09-02T01:50:46+09:00,2026/09/02,2026/09/10,2026-09,CALL,71000,43,1912,235,26.47,26.31,27,2,26,4,25.87,-20,-41.67,28,09/02 00:26
2026/09/02 01:35,2026-09-02T01:50:46+09:00,2026/09/02,2026/09/10,2026-09,PUT,71000,4895,100,,,,,,3,10,,,,,
2026/09/02 01:35,2026-09-02T01:50:46+09:00,2026/09/02,2026/09/10,2026-09,CALL,70875,45,61,,27.92,24.83,41,9,20,3,,,,,
2026/09/02 01:35,2026-09-02T01:50:46+09:00,2026/09/02,2026/09/10,2026-09,PUT,70875,4770,,,,,,,,,,,,,
2026/09/02 01:35,2026-09-02T01:50:46+09:00,2026/09/02,2026/09/10,2026-09,CALL,70750,50,22,2,27.2,25.09,39,3,24,3,26.28,-28,-50,28,09/01 22:42
2026/09/02 01:35,2026-09-02T01:50:46+09:00,2026/09/02,2026/09/10,2026-09,PUT,70750,4650,,,,,,,3,10,,,,,
2026/09/02 01:35,2026-09-02T01:50:46+09:00,2026/09/02,2026/09/10,2026-09,CALL,70625,55,269,3,27.2,24.81,43,3,25,9,25.05,-39,-52.7,35,09/02 00:42
2026/09/02 01:35,2026-09-02T01:50:46+09:00,2026/09/02,2026/09/10,2026-09,PUT,70625,4530,,,,,,,,,,,,,
2026/09/02 01:35,2026-09-02T01:50:46+09:00,2026/09/02,2026/09/10,2026-09,CALL,70500,61,385,56,26.83,25.5,44,3,33,3,24.79,-31,-40.79,45,09/02 01:00
2026/09/02 01:35,2026-09-02T01:50:46+09:00,2026/09/02,2026/09/10,2026-09,PUT,70500,4410,2,,33.94,,5520,1,4745,1,,,,,
2026/09/02 01:35,2026-09-02T01:50:46+09:00,2026/09/02,2026/09/10,2026-09,CALL,70375,66,4,,29.94,,84,3,,,,,,,
2026/09/02 01:35,2026-09-02T01:50:46+09:00,2026/09/02,2026/09/10,2026-09,PUT,70375,4290,,,39.99,,5525,2,4745,2,,,,,
2026/09/02 01:35,2026-09-02T01:50:46+09:00,2026/09/02,2026/09/10,2026-09,CALL,70250,74,642,8,27.06,24.69,56,2,34,2,25.44,-50,-50,50,09/01 23:15
2026/09/02 01:35,2026-09-02T01:50:46+09:00,2026/09/02,2026/09/10,2026-09,PUT,70250,4175,,,43.11,,5490,1,4795,1,,,,,
2026/09/02 01:35,2026-09-02T01:50:46+09:00,2026/09/02,2026/09/10,2026-09,CALL,70125,80,5,,26.92,,60,2,,,,,,,
2026/09/02 01:35,2026-09-02T01:50:46+09:00,2026/09/02,2026/09/10,2026-09,PUT,70125,4055,,,35.46,,5205,2,4665,2,,,,,
2026/09/02 01:35,2026-09-02T01:50:46+09:00,2026/09/02,2026/09/10,2026-09,CALL,70000,91,4094,390,26.4,25.57,60,1,51,2,25.02,-39,-42.86,52,09/02 01:25
2026/09/02 01:35,2026-09-02T01:50:46+09:00,2026/09/02,2026/09/10,2026-09,PUT,70000,3940,1483,,44.57,,5315,4,4555,4,,,,,
2026/09/02 01:35,2026-09-02T01:50:46+09:00,2026/09/02,2026/09/10,2026-09,CALL,69875,96,47,1,26.8,,71,2,,,26.46,-46,-41.82,64,09/01 20:26
2026/09/02 01:35,2026-09-02T01:50:46+09:00,2026/09/02,2026/09/10,2026-09,PUT,69875,3820,,,37.43,,5025,2,4425,2,,,,,
2026/09/02 01:35,2026-09-02T01:50:46+09:00,2026/09/02,2026/09/10,2026-09,CALL,69750,107,1463,3,26.8,16.23,78,2,3,20,26.15,-36,-32.73,74,09/01 19:24
2026/09/02 01:35,2026-09-02T01:50:46+09:00,2026/09/02,2026/09/10,2026-09,PUT,69750,3705,,,43.16,,5065,1,4315,1,,,,,
2026/09/02 01:35,2026-09-02T01:50:46+09:00,2026/09/02,2026/09/10,2026-09,CALL,69625,117,73,1,62.21,,1075,1,,,25.46,,,86,09/01 23:30
2026/09/02 01:35,2026-09-02T01:50:46+09:00,2026/09/02,2026/09/10,2026-09,PUT,69625,3590,,,42.98,,4955,2,4195,2,,,,,
2026/09/02 01:35,2026-09-02T01:50:46+09:00,2026/09/02,2026/09/10,2026-09,CALL,69500,134,765,57,26.62,23.34,91,2,49,1,24.88,-58,-43.28,76,09/02 01:25
2026/09/02 01:35,2026-09-02T01:50:46+09:00,2026/09/02,2026/09/10,2026-09,PUT,69500,3480,8,,40.66,,4785,1,4085,1,,,,,
2026/09/02 01:35,2026-09-02T01:50:46+09:00,2026/09/02,2026/09/10,2026-09,CALL,69375,142,29,,26.58,13.49,99,2,1,1,,,,,
2026/09/02 01:35,2026-09-02T01:50:46+09:00,2026/09/02,2026/09/10,2026-09,PUT,69375,3365,,,40.48,,4675,2,3615,2,,,,,
2026/09/02 01:35,2026-09-02T01:50:46+09:00,2026/09/02,2026/09/10,2026-09,CALL,69250,155,113,,48.48,14.72,685,1,3,20,,,,,
2026/09/02 01:35,2026-09-02T01:50:46+09:00,2026/09/02,2026/09/10,2026-09,PUT,69250,3255,1,,43.3,,4655,1,3505,1,,,,,
2026/09/02 01:35,2026-09-02T01:50:46+09:00,2026/09/02,2026/09/10,2026-09,CALL,69125,172,131,1,,,,,,,25.59,-91,-42.72,122,09/01 23:17
2026/09/02 01:35,2026-09-02T01:50:46+09:00,2026/09/02,2026/09/10,2026-09,PUT,69125,3145,,,31.99,,4240,2,3395,2,,,,,
2026/09/02 01:35,2026-09-02T01:50:46+09:00,2026/09/02,2026/09/10,2026-09,CALL,69000,189,1897,203,26.07,25.03,120,1,102,1,25.18,-92,-45.1,112,09/02 01:27
2026/09/02 01:35,2026-09-02T01:50:46+09:00,2026/09/02,2026/09/10,2026-09,PUT,69000,3035,1121,,38.8,,4315,4,3465,4,,,,,
2026/09/02 01:35,2026-09-02T01:50:46+09:00,2026/09/02,2026/09/10,2026-09,CALL,68875,203,83,,26.43,,138,2,,,,,,,
2026/09/02 01:35,2026-09-02T01:50:46+09:00,2026/09/02,2026/09/10,2026-09,PUT,68875,2930,,,41.79,,4305,2,3180,2,,,,,
2026/09/02 01:35,2026-09-02T01:50:46+09:00,2026/09/02,2026/09/10,2026-09,CALL,68750,225,319,2,26.41,13.18,150,2,3,20,26.06,-107,-46.12,125,09/01 21:43
2026/09/02 01:35,2026-09-02T01:50:46+09:00,2026/09/02,2026/09/10,2026-09,PUT,68750,2820,69,,30.99,,3890,1,3070,1,,,,,
2026/09/02 01:35,2026-09-02T01:50:46+09:00,2026/09/02,2026/09/10,2026-09,CALL,68625,245,27,,,,,,,,,,,,
2026/09/02 01:35,2026-09-02T01:50:46+09:00,2026/09/02,2026/09/10,2026-09,PUT,68625,2715,,,29.71,,3750,2,2965,2,,,,,
2026/09/02 01:35,2026-09-02T01:50:46+09:00,2026/09/02,2026/09/10,2026-09,CALL,68500,292,375,32,26.38,25.14,177,2,150,1,24.87,-115,-39.38,177,09/01 23:59
2026/09/02 01:35,2026-09-02T01:50:46+09:00,2026/09/02,2026/09/10,2026-09,PUT,68500,2615,171,1,30.74,,3670,1,3310,1,23.44,900,33.83,3560,09/01 22:48
2026/09/02 01:35,2026-09-02T01:50:46+09:00,2026/09/02,2026/09/10,2026-09,CALL,68375,291,25,,26.45,,194,2,,,,,,,
2026/09/02 01:35,2026-09-02T01:50:46+09:00,2026/09/02,2026/09/10,2026-09,PUT,68375,2510,1,,40.12,,3855,2,2760,2,,,,,
2026/09/02 01:35,2026-09-02T01:50:46+09:00,2026/09/02,2026/09/10,2026-09,CALL,68250,315,32,14,26.1,11.6,202,5,3,20,25.14,-175,-46.67,200,09/02 00:17
2026/09/02 01:35,2026-09-02T01:50:46+09:00,2026/09/02,2026/09/10,2026-09,PUT,68250,2410,109,,30.55,,3455,1,2660,1,,,,,
2026/09/02 01:35,2026-09-02T01:50:46+09:00,2026/09/02,2026/09/10,2026-09,CALL,68125,340,86,,26.37,,226,2,,,,,,,
2026/09/02 01:35,2026-09-02T01:50:46+09:00,2026/09/02,2026/09/10,2026-09,PUT,68125,2315,,,36.23,,3530,2,2565,2,,,,,
2026/09/02 01:35,2026-09-02T01:50:46+09:00,2026/09/02,2026/09/10,2026-09,CALL,68000,370,3278,201,26,24.64,235,1,200,2,24.91,-150,-40.54,220,09/02 01:27
2026/09/02 01:35,2026-09-02T01:50:46+09:00,2026/09/02,2026/09/10,2026-09,PUT,68000,2220,2137,,38.77,,3520,4,2470,4,,,,,
2026/09/02 01:35,2026-09-02T01:50:46+09:00,2026/09/02,2026/09/10,2026-09,CALL,67875,400,56,,26.41,,266,2,,,,,,,
2026/09/02 01:35,2026-09-02T01:50:46+09:00,2026/09/02,2026/09/10,2026-09,PUT,67875,2125,,,29.78,,3125,2,2375,2,,,,,
2026/09/02 01:35,2026-09-02T01:50:46+09:00,2026/09/02,2026/09/10,2026-09,CALL,67750,435,489,2,26.4,9.99,287,2,3,20,25.93,-270,-50.94,260,09/01 19:54
2026/09/02 01:35,2026-09-02T01:50:46+09:00,2026/09/02,2026/09/10,2026-09,PUT,67750,2030,260,,35.47,,3215,1,2280,1,,,,,
2026/09/02 01:35,2026-09-02T01:50:46+09:00,2026/09/02,2026/09/10,2026-09,CALL,67625,470,42,,,,,,,,,,,,
2026/09/02 01:35,2026-09-02T01:50:46+09:00,2026/09/02,2026/09/10,2026-09,PUT,67625,1945,1,,35.17,,3110,2,2145,2,,,,,
2026/09/02 01:35,2026-09-02T01:50:46+09:00,2026/09/02,2026/09/10,2026-09,CALL,67500,510,1427,77,25.3,23.42,300,1,245,1,24.76,-220,-39.64,335,09/02 01:19
2026/09/02 01:35,2026-09-02T01:50:46+09:00,2026/09/02,2026/09/10,2026-09,PUT,67500,1860,553,,37.32,,3095,1,2165,1,,,,,
2026/09/02 01:35,2026-09-02T01:50:46+09:00,2026/09/02,2026/09/10,2026-09,CALL,67375,550,31,,25.95,24.83,345,2,310,2,,,,,
2026/09/02 01:35,2026-09-02T01:50:46+09:00,2026/09/02,2026/09/10,2026-09,PUT,67375,1775,,,29.86,,2735,2,1975,2,,,,,
2026/09/02 01:35,2026-09-02T01:50:46+09:00,2026/09/02,2026/09/10,2026-09,CALL,67250,590,16,5,26.05,24.66,375,4,330,4,26.41,-300,-45.11,365,09/01 20:00
2026/09/02 01:35,2026-09-02T01:50:46+09:00,2026/09/02,2026/09/10,2026-09,PUT,67250,1690,15,,34.8,,2820,1,1890,1,,,,,
2026/09/02 01:35,2026-09-02T01:50:46+09:00,2026/09/02,2026/09/10,2026-09,CALL,67125,640,5,2,25.95,24.76,400,2,360,2,26.71,,,380,09/01 22:03
2026/09/02 01:35,2026-09-02T01:50:46+09:00,2026/09/02,2026/09/10,2026-09,PUT,67125,1610,2,,37.78,,2845,2,1810,2,,,,,
2026/09/02 01:35,2026-09-02T01:50:46+09:00,2026/09/02,2026/09/10,2026-09,CALL,67000,730,2572,105,26.09,24.94,435,4,395,4,25.39,-300,-41.1,430,09/02 01:26
2026/09/02 01:35,2026-09-02T01:50:46+09:00,2026/09/02,2026/09/10,2026-09,PUT,67000,1535,2366,,28.75,,2415,4,1795,4,,,,,
2026/09/02 01:35,2026-09-02T01:50:46+09:00,2026/09/02,2026/09/10,2026-09,CALL,66875,735,7,1,26.04,24.92,465,2,425,2,26.72,,,495,09/01 17:49
2026/09/02 01:35,2026-09-02T01:50:46+09:00,2026/09/02,2026/09/10,2026-09,PUT,66875,1455,,,28.5,,2315,2,1655,2,,,,,
2026/09/02 01:35,2026-09-02T01:50:46+09:00,2026/09/02,2026/09/10,2026-09,CALL,66750,785,1611,,26.22,24.99,505,4,460,4,,,,,
2026/09/02 01:35,2026-09-02T01:50:46+09:00,2026/09/02,2026/09/10,2026-09,PUT,66750,1385,151,,36.68,,2545,1,1505,1,,,,,
2026/09/02 01:35,2026-09-02T01:50:46+09:00,2026/09/02,2026/09/10,2026-09,CALL,66625,840,3,,25.94,25.01,530,2,495,2,,,,,
2026/09/02 01:35,2026-09-02T01:50:46+09:00,2026/09/02,2026/09/10,2026-09,PUT,66625,1315,24,,29.46,,2175,2,1400,2,,,,,
2026/09/02 01:35,2026-09-02T01:50:46+09:00,2026/09/02,2026/09/10,2026-09,CALL,66500,895,2421,22,26.28,24.97,580,4,530,4,25.52,-480,-45.07,585,09/02 00:15
2026/09/02 01:35,2026-09-02T01:50:46+09:00,2026/09/02,2026/09/10,2026-09,PUT,66500,1245,2015,,28.71,,2060,1,1275,1,,,,,
2026/09/02 01:35,2026-09-02T01:50:46+09:00,2026/09/02,2026/09/10,2026-09,CALL,66375,965,1,,26.29,24.89,620,2,565,2,,,,,
2026/09/02 01:35,2026-09-02T01:50:46+09:00,2026/09/02,2026/09/10,2026-09,PUT,66375,1190,5,,28.94,12.5,1985,2,1390,2,,,,,
2026/09/02 01:35,2026-09-02T01:50:46+09:00,2026/09/02,2026/09/10,2026-09,CALL,66250,1030,86,1,26.39,25.14,665,4,615,4,25.48,-360,-31.72,775,09/01 17:13
2026/09/02 01:35,2026-09-02T01:50:46+09:00,2026/09/02,2026/09/10,2026-09,PUT,66250,1130,65,,35.8,13.04,2185,1,1305,1,,,,,
2026/09/02 01:35,2026-09-02T01:50:46+09:00,2026/09/02,2026/09/10,2026-09,CALL,66125,1095,40,,26.31,24.95,705,2,650,2,,,,,
2026/09/02 01:35,2026-09-02T01:50:46+09:00,2026/09/02,2026/09/10,2026-09,PUT,66125,1070,6,,34.9,13.55,2070,2,1225,2,,,,,
2026/09/02 01:35,2026-09-02T01:50:46+09:00,2026/09/02,2026/09/10,2026-09,CALL,66000,1155,1796,72,26.42,25.09,755,4,700,5,25.6,-600,-44.12,760,09/02 01:28
2026/09/02 01:35,2026-09-02T01:50:46+09:00,2026/09/02,2026/09/10,2026-09,PUT,66000,1000,2377,2,33.62,,1940,4,855,5,27.62,785,78.5,1785,09/01 22:07
2026/09/02 01:35,2026-09-02T01:50:46+09:00,2026/09/02,2026/09/10,2026-09,CALL,65875,1225,1,,26.37,25.05,800,2,745,2,,,,,
2026/09/02 01:35,2026-09-02T01:50:46+09:00,2026/09/02,2026/09/10,2026-09,PUT,65875,950,1,,28.4,15.05,1645,2,1100,2,,,,,
2026/09/02 01:35,2026-09-02T01:50:46+09:00,2026/09/02,2026/09/10,2026-09,CALL,65750,1300,9,3,26.62,25.08,860,4,795,4,26.95,,,810,09/01 22:07
2026/09/02 01:35,2026-09-02T01:50:46+09:00,2026/09/02,2026/09/10,2026-09,PUT,65750,900,697,,36.05,15.77,1895,1,1045,1,,,,,
2026/09/02 01:35,2026-09-02T01:50:46+09:00,2026/09/02,2026/09/10,2026-09,CALL,65625,1370,5,,27.05,25.17,930,2,850,2,,,,,
2026/09/02 01:35,2026-09-02T01:50:46+09:00,2026/09/02,2026/09/10,2026-09,PUT,65625,845,29,2,27.29,24.46,1450,4,1330,19,27.27,690,87.34,1480,09/01 20:18
2026/09/02 01:35,2026-09-02T01:50:46+09:00,2026/09/02,2026/09/10,2026-09,CALL,65500,1445,192,32,26.73,25.21,970,2,905,2,25.5,-600,-35.5,1090,09/01 23:47
2026/09/02 01:35,2026-09-02T01:50:46+09:00,2026/09/02,2026/09/10,2026-09,PUT,65500,765,533,3,27.43,25.44,1385,4,1300,4,27.31,695,90.85,1460,09/01 21:13
2026/09/02 01:35,2026-09-02T01:50:46+09:00,2026/09/02,2026/09/10,2026-09,CALL,65375,1530,1,,26.83,25.55,1030,2,975,2,,,,,
2026/09/02 01:35,2026-09-02T01:50:46+09:00,2026/09/02,2026/09/10,2026-09,PUT,65375,755,31,,27.76,25.2,1330,4,1220,19,,,,,
2026/09/02 01:35,2026-09-02T01:50:46+09:00,2026/09/02,2026/09/10,2026-09,CALL,65250,1610,3,,26.76,25.48,1085,2,1030,2,,,,,
2026/09/02 01:35,2026-09-02T01:50:46+09:00,2026/09/02,2026/09/10,2026-09,PUT,65250,710,100,,27.69,24.9,1260,4,1140,19,,,,,
2026/09/02 01:35,2026-09-02T01:50:46+09:00,2026/09/02,2026/09/10,2026-09,CALL,65125,1700,2,,27.45,24.78,1175,2,1060,17,,,,,
2026/09/02 01:35,2026-09-02T01:50:46+09:00,2026/09/02,2026/09/10,2026-09,PUT,65125,675,36,,27.8,25.59,1200,4,1105,4,,,,,
2026/09/02 01:35,2026-09-02T01:50:46+09:00,2026/09/02,2026/09/10,2026-09,CALL,65000,1775,5388,9,27.52,25.54,1240,2,1155,2,26.46,-510,-27.42,1350,09/01 23:38
2026/09/02 01:35,2026-09-02T01:50:46+09:00,2026/09/02,2026/09/10,2026-09,PUT,65000,625,4363,74,27.87,25.42,1140,4,1035,19,26.02,355,56.8,980,09/02 01:21
2026/09/02 01:35,2026-09-02T01:50:46+09:00,2026/09/02,2026/09/10,2026-09,CALL,64875,1870,1,,27.88,25.78,1320,17,1230,2,,,,,
2026/09/02 01:35,2026-09-02T01:50:46+09:00,2026/09/02,2026/09/10,2026-09,PUT,64875,595,13,,28,25.31,1085,4,970,19,,,,,
2026/09/02 01:35,2026-09-02T01:50:46+09:00,2026/09/02,2026/09/10,2026-09,CALL,64750,1960,1,,27.85,25.14,1385,19,1270,19,,,,,
2026/09/02 01:35,2026-09-02T01:50:46+09:00,2026/09/02,2026/09/10,2026-09,PUT,64750,560,522,,28.09,26.09,1030,2,945,2,,,,,
2026/09/02 01:35,2026-09-02T01:50:46+09:00,2026/09/02,2026/09/10,2026-09,CALL,64625,2055,,,27.89,25.52,1455,4,1355,4,,,,,
2026/09/02 01:35,2026-09-02T01:50:46+09:00,2026/09/02,2026/09/10,2026-09,PUT,64625,530,66,2,28.6,26.11,995,17,890,2,28.34,550,119.57,1010,09/01 20:21
2026/09/02 01:35,2026-09-02T01:50:46+09:00,2026/09/02,2026/09/10,2026-09,CALL,64500,2140,104,5,28.23,25.48,1540,19,1425,19,26.62,,,1560,09/02 01:25
2026/09/02 01:35,2026-09-02T01:50:46+09:00,2026/09/02,2026/09/10,2026-09,PUT,64500,480,702,11,28.23,26.56,925,2,855,2,26.71,210,43.75,690,09/02 00:54
2026/09/02 01:35,2026-09-02T01:50:46+09:00,2026/09/02,2026/09/10,2026-09,CALL,64375,2245,,,28.9,26.24,1640,19,1530,4,,,,,
2026/09/02 01:35,2026-09-02T01:50:46+09:00,2026/09/02,2026/09/10,2026-09,PUT,64375,465,49,,28.9,26.12,900,17,785,17,,,,,
2026/09/02 01:35,2026-09-02T01:50:46+09:00,2026/09/02,2026/09/10,2026-09,CALL,64250,2335,100,,28.8,26.35,1710,19,1610,4,,,,,
2026/09/02 01:35,2026-09-02T01:50:46+09:00,2026/09/02,2026/09/10,2026-09,PUT,64250,435,24,8,28.31,26.84,825,2,765,2,26.5,240,66.67,600,09/02 01:03
2026/09/02 01:35,2026-09-02T01:50:46+09:00,2026/09/02,2026/09/10,2026-09,CALL,64125,2435,,,28.77,26.16,1785,19,1680,4,,,,,
2026/09/02 01:35,2026-09-02T01:50:46+09:00,2026/09/02,2026/09/10,2026-09,PUT,64125,410,26,2,28.89,26.54,800,2,705,2,29.1,475,117.28,880,09/01 22:06
2026/09/02 01:35,2026-09-02T01:50:46+09:00,2026/09/02,2026/09/10,2026-09,CALL,64000,2535,1689,,28.69,26.42,1860,4,1770,4,,,,,
2026/09/02 01:35,2026-09-02T01:50:46+09:00,2026/09/02,2026/09/10,2026-09,PUT,64000,375,3032,95,28.44,27.18,735,2,685,2,27.25,225,60,600,09/02 01:18
2026/09/02 01:35,2026-09-02T01:50:46+09:00,2026/09/02,2026/09/10,2026-09,CALL,63875,2640,,,29.83,26.5,1985,19,1855,4,,,,,
2026/09/02 01:35,2026-09-02T01:50:46+09:00,2026/09/02,2026/09/10,2026-09,PUT,63875,365,49,,29.32,27.28,725,2,645,2,,,,,
2026/09/02 01:35,2026-09-02T01:50:46+09:00,2026/09/02,2026/09/10,2026-09,CALL,63750,2740,,,29.67,26.14,2060,19,1925,4,,,,,
2026/09/02 01:35,2026-09-02T01:50:46+09:00,2026/09/02,2026/09/10,2026-09,PUT,63750,340,58,1,28.76,27.59,660,2,615,2,27.39,20,4.4,475,09/02 00:56
2026/09/02 01:35,2026-09-02T01:50:46+09:00,2026/09/02,2026/09/10,2026-09,CALL,63625,2845,,,41.19,17.03,2595,2,1700,2,,,,,
2026/09/02 01:35,2026-09-02T01:50:46+09:00,2026/09/02,2026/09/10,2026-09,PUT,63625,320,40,,28.93,27.19,625,2,560,2,,,,,
2026/09/02 01:35,2026-09-02T01:50:46+09:00,2026/09/02,2026/09/10,2026-09,CALL,63500,2950,4,,41.87,16.14,2700,1,1775,1,,,,,
2026/09/02 01:35,2026-09-02T01:50:46+09:00,2026/09/02,2026/09/10,2026-09,PUT,63500,299,719,8,29.05,27.82,590,4,545,4,29.62,407,160.87,660,09/01 22:09
2026/09/02 01:35,2026-09-02T01:50:46+09:00,2026/09/02,2026/09/10,2026-09,CALL,63375,3060,,,42.65,23.23,2810,2,2090,2,,,,,
2026/09/02 01:35,2026-09-02T01:50:46+09:00,2026/09/02,2026/09/10,2026-09,PUT,63375,282,58,,29.67,27.45,575,2,495,2,,,,,
2026/09/02 01:35,2026-09-02T01:50:46+09:00,2026/09/02,2026/09/10,2026-09,CALL,63250,3165,1,,43.29,15.91,2915,1,1980,1,,,,,
2026/09/02 01:35,2026-09-02T01:50:46+09:00,2026/09/02,2026/09/10,2026-09,PUT,63250,266,64,,29.58,28.16,535,4,485,4,,,,,
2026/09/02 01:35,2026-09-02T01:50:46+09:00,2026/09/02,2026/09/10,2026-09,CALL,63125,3275,,,44.04,17.72,3025,2,2130,2,,,,,
2026/09/02 01:35,2026-09-02T01:50:46+09:00,2026/09/02,2026/09/10,2026-09,PUT,63125,251,108,,29.71,27.96,505,2,445,2,,,,,
2026/09/02 01:35,2026-09-02T01:50:46+09:00,2026/09/02,2026/09/10,2026-09,CALL,63000,3385,967,,44.77,16.68,3135,4,2215,4,,,,,
2026/09/02 01:35,2026-09-02T01:50:46+09:00,2026/09/02,2026/09/10,2026-09,PUT,63000,230,3005,106,29.81,28.31,475,4,425,4,28.29,175,76.09,405,09/02 01:27
2026/09/02 01:35,2026-09-02T01:50:46+09:00,2026/09/02,2026/09/10,2026-09,CALL,62875,3500,,,45.62,11.41,3250,2,2255,2,,,,,
2026/09/02 01:35,2026-09-02T01:50:46+09:00,2026/09/02,2026/09/10,2026-09,PUT,62875,221,40,2,30.01,28.78,450,2,410,2,30.5,274,143.46,465,09/01 19:16
2026/09/02 01:35,2026-09-02T01:50:46+09:00,2026/09/02,2026/09/10,2026-09,CALL,62750,3610,,,46.32,24.88,3360,1,2630,1,,,,,
2026/09/02 01:35,2026-09-02T01:50:46+09:00,2026/09/02,2026/09/10,2026-09,PUT,62750,208,765,1,30.33,28.91,430,4,385,4,30.22,279,158.52,455,09/01 18:15
2026/09/02 01:35,2026-09-02T01:50:46+09:00,2026/09/02,2026/09/10,2026-09,CALL,62625,3725,,,47.14,,3475,2,2475,2,,,,,
2026/09/02 01:35,2026-09-02T01:50:46+09:00,2026/09/02,2026/09/10,2026-09,PUT,62625,195,89,,30.3,28.83,400,2,355,2,,,,,
2026/09/02 01:35,2026-09-02T01:50:46+09:00,2026/09/02,2026/09/10,2026-09,CALL,62500,3835,801,,47.81,,3585,1,2565,1,,,,,
2026/09/02 01:35,2026-09-02T01:50:46+09:00,2026/09/02,2026/09/10,2026-09,PUT,62500,184,954,43,30.38,29.2,375,4,340,4,29,140,93.33,290,09/02 01:19
2026/09/02 01:35,2026-09-02T01:50:46+09:00,2026/09/02,2026/09/10,2026-09,CALL,62375,3950,,,48.61,24.85,3700,2,2940,2,,,,,
2026/09/02 01:35,2026-09-02T01:50:46+09:00,2026/09/02,2026/09/10,2026-09,PUT,62375,173,264,,30.59,29.38,355,2,320,2,,,,,
2026/09/02 01:35,2026-09-02T01:50:46+09:00,2026/09/02,2026/09/10,2026-09,CALL,62250,4065,1,,49.39,,3815,1,2780,1,,,,,
2026/09/02 01:35,2026-09-02T01:50:46+09:00,2026/09/02,2026/09/10,2026-09,PUT,62250,163,153,16,31.11,29.51,345,4,300,4,31.35,195,125.81,350,09/01 17:45
2026/09/02 01:35,2026-09-02T01:50:46+09:00,2026/09/02,2026/09/10,2026-09,CALL,62125,4185,,,50.31,,3935,2,2905,2,,,,,
2026/09/02 01:35,2026-09-02T01:50:46+09:00,2026/09/02,2026/09/10,2026-09,PUT,62125,155,14,,31.08,29.79,320,2,285,2,,,,,
2026/09/02 01:35,2026-09-02T01:50:46+09:00,2026/09/02,2026/09/10,2026-09,CALL,62000,4300,2002,,50.93,,4045,4,3025,4,,,,,
2026/09/02 01:35,2026-09-02T01:50:46+09:00,2026/09/02,2026/09/10,2026-09,PUT,62000,139,3516,140,33.01,26.3,350,4,180,1,30.49,146,105.04,285,09/02 01:34
2026/09/02 01:35,2026-09-02T01:50:46+09:00,2026/09/02,2026/09/10,2026-09,CALL,61875,4415,2,,51.83,26.12,4165,2,3400,2,,,,,
2026/09/02 01:35,2026-09-02T01:50:46+09:00,2026/09/02,2026/09/10,2026-09,PUT,61875,138,61,,,,,,,,,,,,
2026/09/02 01:35,2026-09-02T01:50:46+09:00,2026/09/02,2026/09/10,2026-09,CALL,61750,4535,,,52.72,,4285,1,3185,1,,,,,
2026/09/02 01:35,2026-09-02T01:50:46+09:00,2026/09/02,2026/09/10,2026-09,PUT,61750,130,252,2,,30.27,,,236,2,30.72,71,59.17,191,09/02 00:47
2026/09/02 01:35,2026-09-02T01:50:46+09:00,2026/09/02,2026/09/10,2026-09,CALL,61625,4650,,,53.46,27.09,4400,2,3640,2,,,,,
2026/09/02 01:35,2026-09-02T01:50:46+09:00,2026/09/02,2026/09/10,2026-09,PUT,61625,122,16,,,,,,,,,,,,
2026/09/02 01:35,2026-09-02T01:50:46+09:00,2026/09/02,2026/09/10,2026-09,CALL,61500,4770,2,,54.33,,4520,1,3510,1,,,,,
2026/09/02 01:35,2026-09-02T01:50:46+09:00,2026/09/02,2026/09/10,2026-09,PUT,61500,111,1577,13,38.24,30.7,400,1,210,2,31.26,99,89.19,210,09/02 01:28
2026/09/02 01:35,2026-09-02T01:50:46+09:00,2026/09/02,2026/09/10,2026-09,CALL,61375,4890,,,55.2,25.67,4640,2,3840,2,,,,,
2026/09/02 01:35,2026-09-02T01:50:46+09:00,2026/09/02,2026/09/10,2026-09,PUT,61375,110,2,,,30.9,,,198,2,,,,,
2026/09/02 01:35,2026-09-02T01:50:46+09:00,2026/09/02,2026/09/10,2026-09,CALL,61250,5005,22,,55.91,19.82,4755,1,3890,1,,,,,
2026/09/02 01:35,2026-09-02T01:50:46+09:00,2026/09/02,2026/09/10,2026-09,PUT,61250,103,64,22,,31.08,,,186,2,31.44,67,71.28,161,09/01 23:32
2026/09/02 01:35,2026-09-02T01:50:46+09:00,2026/09/02,2026/09/10,2026-09,CALL,61125,5125,,,56.76,,4875,2,3775,2,,,,,
2026/09/02 01:35,2026-09-02T01:50:46+09:00,2026/09/02,2026/09/10,2026-09,PUT,61125,97,36,,,,,,,,,,,,
2026/09/02 01:35,2026-09-02T01:50:46+09:00,2026/09/02,2026/09/10,2026-09,CALL,61000,5245,221,,57.61,25.1,4995,4,4180,4,,,,,
2026/09/02 01:35,2026-09-02T01:50:46+09:00,2026/09/02,2026/09/10,2026-09,PUT,61000,91,2705,123,32.76,30.68,190,1,150,1,31.78,72,79.12,163,09/02 01:26
2026/09/02 01:35,2026-09-02T01:50:46+09:00,2026/09/02,2026/09/10,2026-09,CALL,60875,5365,,,58.45,,5115,2,3985,2,,,,,
2026/09/02 01:35,2026-09-02T01:50:46+09:00,2026/09/02,2026/09/10,2026-09,PUT,60875,87,67,,,,,,,,,,,,
2026/09/02 01:35,2026-09-02T01:50:46+09:00,2026/09/02,2026/09/10,2026-09,CALL,60750,5490,120,,59.44,,5240,1,4325,1,,,,,
2026/09/02 01:35,2026-09-02T01:50:46+09:00,2026/09/02,2026/09/10,2026-09,PUT,60750,84,169,1,,31.87,,,146,2,33.54,,,179,09/01 19:49
2026/09/02 01:35,2026-09-02T01:50:46+09:00,2026/09/02,2026/09/10,2026-09,CALL,60625,5610,,,60.27,,5360,2,4290,2,,,,,
2026/09/02 01:35,2026-09-02T01:50:46+09:00,2026/09/02,2026/09/10,2026-09,PUT,60625,79,11,,,,,,,,,,,,
2026/09/02 01:35,2026-09-02T01:50:46+09:00,2026/09/02,2026/09/10,2026-09,CALL,60500,5730,750,,61.1,,5480,1,4365,1,,,,,
2026/09/02 01:35,2026-09-02T01:50:46+09:00,2026/09/02,2026/09/10,2026-09,PUT,60500,74,2122,12,36.23,32.44,200,1,132,2,32.89,45,64.29,115,09/01 23:50
2026/09/02 01:35,2026-09-02T01:50:46+09:00,2026/09/02,2026/09/10,2026-09,CALL,60375,5850,,,61.92,0,5600,2,4740,2,,,,,
2026/09/02 01:35,2026-09-02T01:50:46+09:00,2026/09/02,2026/09/10,2026-09,PUT,60375,71,19,,,,,,,,,,,,
2026/09/02 01:35,2026-09-02T01:50:46+09:00,2026/09/02,2026/09/10,2026-09,CALL,60250,5975,,,62.89,22.35,5725,1,4880,1,,,,,
2026/09/02 01:35,2026-09-02T01:50:46+09:00,2026/09/02,2026/09/10,2026-09,PUT,60250,68,97,4,,32.97,,,119,2,35.04,,,155,09/01 20:51
2026/09/02 01:35,2026-09-02T01:50:46+09:00,2026/09/02,2026/09/10,2026-09,CALL,60125,6095,,,63.71,,5845,2,4975,2,,,,,
2026/09/02 01:35,2026-09-02T01:50:46+09:00,2026/09/02,2026/09/10,2026-09,PUT,60125,65,3,,,,,,,,,,,,
2026/09/02 01:35,2026-09-02T01:50:46+09:00,2026/09/02,2026/09/10,2026-09,CALL,60000,6215,786,,64.35,,5960,4,4900,4,,,,,
2026/09/02 01:35,2026-09-02T01:50:46+09:00,2026/09/02,2026/09/10,2026-09,PUT,60000,60,9295,381,36.63,33.34,155,3,105,8,34.39,54,90,114,09/02 01:27
2026/09/02 01:35,2026-09-02T01:50:46+09:00,2026/09/02,2026/09/10,2026-09,CALL,59875,6340,,,53.01,,5735,2,4945,2,,,,,
2026/09/02 01:35,2026-09-02T01:50:46+09:00,2026/09/02,2026/09/10,2026-09,PUT,59875,59,21,2,,,,,,,35.77,62,91.18,130,09/01 20:41
2026/09/02 01:35,2026-09-02T01:50:46+09:00,2026/09/02,2026/09/10,2026-09,CALL,59750,6460,,,55.4,,5900,1,5095,1,,,,,
2026/09/02 01:35,2026-09-02T01:50:46+09:00,2026/09/02,2026/09/10,2026-09,PUT,59750,56,93,1,,28.55,,,40,1,35.89,66,129.41,117,09/01 23:05
2026/09/02 01:35,2026-09-02T01:50:46+09:00,2026/09/02,2026/09/10,2026-09,CALL,59625,6580,,,,,,,,,,,,,
2026/09/02 01:35,2026-09-02T01:50:46+09:00,2026/09/02,2026/09/10,2026-09,PUT,59625,53,2,,,34.22,,,91,8,,,,,
2026/09/02 01:35,2026-09-02T01:50:46+09:00,2026/09/02,2026/09/10,2026-09,CALL,59500,6705,,,,,,,,,,,,,
2026/09/02 01:35,2026-09-02T01:50:46+09:00,2026/09/02,2026/09/10,2026-09,PUT,59500,50,913,11,,35.28,,,96,1,34.83,34,70.83,82,09/02 01:20
2026/09/02 01:35,2026-09-02T01:50:46+09:00,2026/09/02,2026/09/10,2026-09,CALL,59375,6830,,,,,,,,,,,,,
2026/09/02 01:35,2026-09-02T01:50:46+09:00,2026/09/02,2026/09/10,2026-09,PUT,59375,49,16,1,,34.74,,,82,8,36.78,,,109,09/01 20:51
2026/09/02 01:35,2026-09-02T01:50:46+09:00,2026/09/02,2026/09/10,2026-09,CALL,59250,6950,,,,,,,,,,,,,
2026/09/02 01:35,2026-09-02T01:50:46+09:00,2026/09/02,2026/09/10,2026-09,PUT,59250,47,117,2,,35.01,,,78,8,37.02,,,100,09/01 22:35
2026/09/02 01:35,2026-09-02T01:50:46+09:00,2026/09/02,2026/09/10,2026-09,CALL,59125,7075,,,,,,,,,,,,,
2026/09/02 01:35,2026-09-02T01:50:46+09:00,2026/09/02,2026/09/10,2026-09,PUT,59125,46,21,,,35.36,,,75,2,,,,,
2026/09/02 01:35,2026-09-02T01:50:46+09:00,2026/09/02,2026/09/10,2026-09,CALL,59000,7195,1096,,,,,,,,,,,,
2026/09/02 01:35,2026-09-02T01:50:46+09:00,2026/09/02,2026/09/10,2026-09,PUT,59000,42,3095,125,38.7,33.89,106,1,55,1,36.15,24,57.14,66,09/02 01:19
2026/09/02 01:35,2026-09-02T01:50:46+09:00,2026/09/02,2026/09/10,2026-09,CALL,58875,7320,,,,,,,,,,,,,
2026/09/02 01:35,2026-09-02T01:50:46+09:00,2026/09/02,2026/09/10,2026-09,PUT,58875,43,15,,,35.91,,,68,10,,,,,
2026/09/02 01:35,2026-09-02T01:50:46+09:00,2026/09/02,2026/09/10,2026-09,CALL,58750,7445,,,,,,,,,,,,,
2026/09/02 01:35,2026-09-02T01:50:46+09:00,2026/09/02,2026/09/10,2026-09,PUT,58750,42,96,3,,36.21,,,65,10,38.09,52,130,92,09/01 22:01
2026/09/02 01:35,2026-09-02T01:50:46+09:00,2026/09/02,2026/09/10,2026-09,CALL,58625,7565,,,,,,,,,,,,,
2026/09/02 01:35,2026-09-02T01:50:46+09:00,2026/09/02,2026/09/10,2026-09,PUT,58625,38,3,1,,36.6,,,63,2,36.71,2,5.56,38,09/01 17:00
2026/09/02 01:35,2026-09-02T01:50:46+09:00,2026/09/02,2026/09/10,2026-09,CALL,58500,7690,,,,,,,,,,,,,
2026/09/02 01:35,2026-09-02T01:50:46+09:00,2026/09/02,2026/09/10,2026-09,PUT,58500,38,1906,49,40.81,36.87,100,2,60,2,38.93,54,163.64,87,09/01 22:41
2026/09/02 01:35,2026-09-02T01:50:46+09:00,2026/09/02,2026/09/10,2026-09,CALL,58375,7815,,,,,,,,,,,,,
2026/09/02 01:35,2026-09-02T01:50:46+09:00,2026/09/02,2026/09/10,2026-09,PUT,58375,38,3,,,37.24,,,58,2,,,,,
2026/09/02 01:35,2026-09-02T01:50:46+09:00,2026/09/02,2026/09/10,2026-09,CALL,58250,7940,,,,,,,,,,,,,
2026/09/02 01:35,2026-09-02T01:50:46+09:00,2026/09/02,2026/09/10,2026-09,PUT,58250,38,272,2,,37.36,,,54,8,38.42,8,16.67,56,09/02 00:24
2026/09/02 01:35,2026-09-02T01:50:46+09:00,2026/09/02,2026/09/10,2026-09,CALL,58000,8185,1101,,,,,,,,,,,,
2026/09/02 01:35,2026-09-02T01:50:46+09:00,2026/09/02,2026/09/10,2026-09,PUT,58000,31,2578,172,41.6,38.16,81,1,51,2,38.68,19,61.29,50,09/02 01:20
2026/09/02 01:35,2026-09-02T01:50:46+09:00,2026/09/02,2026/09/10,2026-09,CALL,57750,8430,,,,,,,,,,,,,
2026/09/02 01:35,2026-09-02T01:50:46+09:00,2026/09/02,2026/09/10,2026-09,PUT,57750,30,102,,,38.65,,,46,10,,,,,
2026/09/02 01:35,2026-09-02T01:50:46+09:00,2026/09/02,2026/09/10,2026-09,CALL,57500,8680,384,,,,,,,,,,,,
2026/09/02 01:35,2026-09-02T01:50:46+09:00,2026/09/02,2026/09/10,2026-09,PUT,57500,26,654,32,,39.21,,,42,8,41.35,25,96.15,51,09/01 23:14
2026/09/02 01:35,2026-09-02T01:50:46+09:00,2026/09/02,2026/09/10,2026-09,CALL,57250,8930,,,,,,,,,,,,,
2026/09/02 01:35,2026-09-02T01:50:46+09:00,2026/09/02,2026/09/10,2026-09,PUT,57250,26,180,1,42.41,39.88,56,10,39,8,42.77,,,61,09/01 18:24
2026/09/02 01:35,2026-09-02T01:50:46+09:00,2026/09/02,2026/09/10,2026-09,CALL,57000,9175,850,,,,,,,,,,,,
2026/09/02 01:35,2026-09-02T01:50:46+09:00,2026/09/02,2026/09/10,2026-09,PUT,57000,24,3385,206,42.16,40.86,46,2,38,1,41.67,18,75,42,09/02 01:31
2026/09/02 01:35,2026-09-02T01:50:46+09:00,2026/09/02,2026/09/10,2026-09,CALL,56750,9425,,,,,,,,,,,,,
2026/09/02 01:35,2026-09-02T01:50:46+09:00,2026/09/02,2026/09/10,2026-09,PUT,56750,23,207,,45.09,30.5,58,1,3,20,,,,,
2026/09/02 01:35,2026-09-02T01:50:46+09:00,2026/09/02,2026/09/10,2026-09,CALL,56500,9675,75,,,,,,,,,,,,
2026/09/02 01:35,2026-09-02T01:50:46+09:00,2026/09/02,2026/09/10,2026-09,PUT,56500,20,895,8,44.02,40.95,43,1,27,3,43.22,10,50,30,09/02 00:51
2026/09/02 01:35,2026-09-02T01:50:46+09:00,2026/09/02,2026/09/10,2026-09,CALL,56250,9925,,,,,,,,,,,,,
2026/09/02 01:35,2026-09-02T01:50:46+09:00,2026/09/02,2026/09/10,2026-09,PUT,56250,19,41,,45.01,38.42,42,3,14,3,,,,,
2026/09/02 01:35,2026-09-02T01:50:46+09:00,2026/09/02,2026/09/10,2026-09,CALL,56000,10170,1250,,,,,,,,,,,,
2026/09/02 01:35,2026-09-02T01:50:46+09:00,2026/09/02,2026/09/10,2026-09,PUT,56000,19,2064,84,45.82,42.93,40,9,26,3,45.05,13,72.22,31,09/01 23:41
2026/09/02 01:35,2026-09-02T01:50:46+09:00,2026/09/02,2026/09/10,2026-09,CALL,55750,10420,,,,,,,,,,,,,
2026/09/02 01:35,2026-09-02T01:50:46+09:00,2026/09/02,2026/09/10,2026-09,PUT,55750,19,22,,47.34,43.53,42,3,24,3,,,,,
2026/09/02 01:35,2026-09-02T01:50:46+09:00,2026/09/02,2026/09/10,2026-09,CALL,55500,10670,,,,,,,,,,,,,
2026/09/02 01:35,2026-09-02T01:50:46+09:00,2026/09/02,2026/09/10,2026-09,PUT,55500,17,707,16,47.56,44.08,37,9,22,3,48.2,27,180,42,09/01 22:38
2026/09/02 01:35,2026-09-02T01:50:46+09:00,2026/09/02,2026/09/10,2026-09,CALL,55250,10915,,,,,,,,,,,,,
2026/09/02 01:35,2026-09-02T01:50:46+09:00,2026/09/02,2026/09/10,2026-09,PUT,55250,17,20,,48.3,44.88,35,12,21,3,,,,,
2026/09/02 01:35,2026-09-02T01:50:46+09:00,2026/09/02,2026/09/10,2026-09,CALL,55000,11165,660,,,,,,,,,,,,
2026/09/02 01:35,2026-09-02T01:50:46+09:00,2026/09/02,2026/09/10,2026-09,PUT,55000,15,6014,148,48.33,45.66,30,1,20,6,47.11,8,53.33,23,09/02 01:20
2026/09/02 01:35,2026-09-02T01:50:46+09:00,2026/09/02,2026/09/10,2026-09,CALL,54750,11415,90,,,,,,,,,,,,
2026/09/02 01:35,2026-09-02T01:50:46+09:00,2026/09/02,2026/09/10,2026-09,PUT,54750,15,270,,50.38,45.39,34,3,16,3,,,,,
2026/09/02 01:35,2026-09-02T01:50:46+09:00,2026/09/02,2026/09/10,2026-09,CALL,54500,11665,200,,,,,,,,,,,,
2026/09/02 01:35,2026-09-02T01:50:46+09:00,2026/09/02,2026/09/10,2026-09,PUT,54500,14,672,,50.09,45.67,28,3,14,3,,,,,
2026/09/02 01:35,2026-09-02T01:50:46+09:00,2026/09/02,2026/09/10,2026-09,CALL,54250,11915,50,,,,,,,,,,,,
2026/09/02 01:35,2026-09-02T01:50:46+09:00,2026/09/02,2026/09/10,2026-09,PUT,54250,14,112,3,51.97,46.71,31,3,14,3,51.27,,,28,09/01 19:43
2026/09/02 01:35,2026-09-02T01:50:46+09:00,2026/09/02,2026/09/10,2026-09,CALL,54000,12165,1056,,,,,,,,,,,,
2026/09/02 01:35,2026-09-02T01:50:46+09:00,2026/09/02,2026/09/10,2026-09,PUT,54000,12,2903,50,52.86,48.94,30,3,17,3,51.42,9,75,21,09/01 23:53
2026/09/02 01:35,2026-09-02T01:50:46+09:00,2026/09/02,2026/09/10,2026-09,CALL,53750,12410,150,,,,,,,,,,,,
2026/09/02 01:35,2026-09-02T01:50:46+09:00,2026/09/02,2026/09/10,2026-09,PUT,53750,12,85,,52.92,47.41,26,3,11,3,,,,,
2026/09/02 01:35,2026-09-02T01:50:46+09:00,2026/09/02,2026/09/10,2026-09,CALL,53500,12660,400,,,,,,,,,,,,
2026/09/02 01:35,2026-09-02T01:50:46+09:00,2026/09/02,2026/09/10,2026-09,PUT,53500,11,982,9,54.61,47.9,28,3,10,3,53.99,16,145.45,27,09/01 21:26
2026/09/02 01:35,2026-09-02T01:50:46+09:00,2026/09/02,2026/09/10,2026-09,CALL,53250,12910,,,,,,,,,,,,,
2026/09/02 01:35,2026-09-02T01:50:46+09:00,2026/09/02,2026/09/10,2026-09,PUT,53250,11,46,,55.46,48.34,27,3,9,3,,,,,
2026/09/02 01:35,2026-09-02T01:50:46+09:00,2026/09/02,2026/09/10,2026-09,CALL,53000,13160,1100,,,,,,,,,,,,
2026/09/02 01:35,2026-09-02T01:50:46+09:00,2026/09/02,2026/09/10,2026-09,PUT,53000,10,2487,35,52.84,51.98,16,5,14,1,53.98,7,70,17,09/02 00:06
2026/09/02 01:35,2026-09-02T01:50:46+09:00,2026/09/02,2026/09/10,2026-09,CALL,52750,13410,,,,,,,,,,,,,
2026/09/02 01:35,2026-09-02T01:50:46+09:00,2026/09/02,2026/09/10,2026-09,PUT,52750,10,40,,56.82,49.71,24,3,8,3,,,,,
2026/09/02 01:35,2026-09-02T01:50:46+09:00,2026/09/02,2026/09/10,2026-09,CALL,52500,13660,,,,,,,,,,,,,
2026/09/02 01:35,2026-09-02T01:50:46+09:00,2026/09/02,2026/09/10,2026-09,PUT,52500,10,622,,57.62,53.12,23,3,12,3,,,,,
2026/09/02 01:35,2026-09-02T01:50:46+09:00,2026/09/02,2026/09/10,2026-09,CALL,52250,13910,,,,,,,,,,,,,
2026/09/02 01:35,2026-09-02T01:50:46+09:00,2026/09/02,2026/09/10,2026-09,PUT,52250,9,67,,58.75,53.62,23,3,11,3,,,,,
2026/09/02 01:35,2026-09-02T01:50:46+09:00,2026/09/02,2026/09/10,2026-09,CALL,52000,14155,350,,,,,,,,,,,,
2026/09/02 01:35,2026-09-02T01:50:46+09:00,2026/09/02,2026/09/10,2026-09,PUT,52000,8,2403,38,56.72,55.23,15,5,12,1,58.44,10,125,18,09/01 23:12
2026/09/02 01:35,2026-09-02T01:50:46+09:00,2026/09/02,2026/09/10,2026-09,CALL,51750,14410,,,,,,,,,,,,,
2026/09/02 01:35,2026-09-02T01:50:46+09:00,2026/09/02,2026/09/10,2026-09,PUT,51750,8,54,,60.65,55.12,22,3,10,3,,,,,
2026/09/02 01:35,2026-09-02T01:50:46+09:00,2026/09/02,2026/09/10,2026-09,CALL,51500,14655,,,,,,,,,,,,,
2026/09/02 01:35,2026-09-02T01:50:46+09:00,2026/09/02,2026/09/10,2026-09,PUT,51500,7,275,,59.35,55.51,16,3,9,3,,,,,
2026/09/02 01:35,2026-09-02T01:50:46+09:00,2026/09/02,2026/09/10,2026-09,CALL,51250,14905,210,,,,,,,,,,,,
2026/09/02 01:35,2026-09-02T01:50:46+09:00,2026/09/02,2026/09/10,2026-09,PUT,51250,7,218,,62.15,56.55,20,3,9,3,,,,,
2026/09/02 01:35,2026-09-02T01:50:46+09:00,2026/09/02,2026/09/10,2026-09,CALL,51000,15155,141,,,,,,,,,,,,
2026/09/02 01:35,2026-09-02T01:50:46+09:00,2026/09/02,2026/09/10,2026-09,PUT,51000,7,1430,29,59.49,58.27,12,5,10,1,59.43,4,57.14,11,09/02 01:23
2026/09/02 01:35,2026-09-02T01:50:46+09:00,2026/09/02,2026/09/10,2026-09,CALL,50750,15405,,,,,,,,,,,,,
2026/09/02 01:35,2026-09-02T01:50:46+09:00,2026/09/02,2026/09/10,2026-09,PUT,50750,7,175,2,61.66,57.89,14,12,8,3,60.8,2,25,10,09/02 00:56
2026/09/02 01:35,2026-09-02T01:50:46+09:00,2026/09/02,2026/09/10,2026-09,CALL,50500,15655,50,,,,,,,,,,,,
2026/09/02 01:35,2026-09-02T01:50:46+09:00,2026/09/02,2026/09/10,2026-09,PUT,50500,6,1371,44,62.76,58.1,14,15,7,25,64.19,11,183.33,17,09/01 22:55
2026/09/02 01:35,2026-09-02T01:50:46+09:00,2026/09/02,2026/09/10,2026-09,CALL,50250,15905,,,,,,,,,,,,,
2026/09/02 01:35,2026-09-02T01:50:46+09:00,2026/09/02,2026/09/10,2026-09,PUT,50250,7,84,4,68.25,57.13,24,15,5,15,63.59,8,133.33,14,09/01 18:29
2026/09/02 01:35,2026-09-02T01:50:46+09:00,2026/09/02,2026/09/10,2026-09,CALL,50000,16155,4650,,,,,,,,,,,,
2026/09/02 01:35,2026-09-02T01:50:46+09:00,2026/09/02,2026/09/10,2026-09,PUT,50000,5,10534,117,64.4,60.16,13,42,7,1,62.77,4,80,9,09/02 00:43
2026/09/02 01:35,2026-09-02T01:50:46+09:00,2026/09/02,2026/09/10,2026-09,CALL,49750,16405,,,,,,,,,,,,,
2026/09/02 01:35,2026-09-02T01:50:46+09:00,2026/09/02,2026/09/10,2026-09,PUT,49750,6,152,7,70.2,60.24,23,15,6,17,65.11,7,140,12,09/01 19:33
2026/09/02 01:35,2026-09-02T01:50:46+09:00,2026/09/02,2026/09/10,2026-09,CALL,49500,16655,,,,,,,,,,,,,
2026/09/02 01:35,2026-09-02T01:50:46+09:00,2026/09/02,2026/09/10,2026-09,PUT,49500,6,255,56,71.37,60.16,23,15,5,15,67.78,11,220,16,09/01 22:42
2026/09/02 01:35,2026-09-02T01:50:46+09:00,2026/09/02,2026/09/10,2026-09,CALL,49250,16905,,,,,,,,,,,,,
2026/09/02 01:35,2026-09-02T01:50:46+09:00,2026/09/02,2026/09/10,2026-09,PUT,49250,6,216,,67.1,61.17,12,15,5,15,,,,,
2026/09/02 01:35,2026-09-02T01:50:46+09:00,2026/09/02,2026/09/10,2026-09,CALL,49000,17155,200,,,,,,,,,,,,
2026/09/02 01:35,2026-09-02T01:50:46+09:00,2026/09/02,2026/09/10,2026-09,PUT,49000,5,2174,24,67.54,62.19,11,17,5,34,67.93,6,120,11,09/01 23:12
2026/09/02 01:35,2026-09-02T01:50:46+09:00,2026/09/02,2026/09/10,2026-09,CALL,48750,17405,,,,,,,,,,,,,
2026/09/02 01:35,2026-09-02T01:50:46+09:00,2026/09/02,2026/09/10,2026-09,PUT,48750,5,151,1,74.49,61.87,22,15,4,15,67.22,5,125,9,09/01 17:47
2026/09/02 01:35,2026-09-02T01:50:46+09:00,2026/09/02,2026/09/10,2026-09,CALL,48500,17655,240,,,,,,,,,,,,
2026/09/02 01:35,2026-09-02T01:50:46+09:00,2026/09/02,2026/09/10,2026-09,PUT,48500,5,761,8,75.23,62.88,21,15,4,15,69.36,7,175,11,09/01 20:56
2026/09/02 01:35,2026-09-02T01:50:46+09:00,2026/09/02,2026/09/10,2026-09,CALL,48250,17900,,,,,,,,,,,,,
2026/09/02 01:35,2026-09-02T01:50:46+09:00,2026/09/02,2026/09/10,2026-09,PUT,48250,4,124,2,70.11,63.9,10,16,4,15,70.73,7,175,11,09/01 18:49
2026/09/02 01:35,2026-09-02T01:50:46+09:00,2026/09/02,2026/09/10,2026-09,CALL,48000,18150,400,,,,,,,,,,,,
2026/09/02 01:35,2026-09-02T01:50:46+09:00,2026/09/02,2026/09/10,2026-09,PUT,48000,4,2953,12,71.96,64.91,11,15,4,15,72.45,7,175,11,09/01 23:09
2026/09/02 01:35,2026-09-02T01:50:46+09:00,2026/09/02,2026/09/10,2026-09,CALL,47750,18400,,,,,,,,,,,,,
2026/09/02 01:35,2026-09-02T01:50:46+09:00,2026/09/02,2026/09/10,2026-09,PUT,47750,4,117,,72.32,64.22,10,15,3,16,,,,,
2026/09/02 01:35,2026-09-02T01:50:46+09:00,2026/09/02,2026/09/10,2026-09,CALL,47500,18650,,,,,,,,,,,,,
2026/09/02 01:35,2026-09-02T01:50:46+09:00,2026/09/02,2026/09/10,2026-09,PUT,47500,3,1029,2,72.61,65.22,9,16,3,15,71.67,3,75,7,09/01 23:45
2026/09/02 01:35,2026-09-02T01:50:46+09:00,2026/09/02,2026/09/10,2026-09,CALL,47250,18900,,,,,,,,,,,,,
2026/09/02 01:35,2026-09-02T01:50:46+09:00,2026/09/02,2026/09/10,2026-09,PUT,47250,3,224,1,80.7,66.23,20,15,3,15,70.8,2,50,6,09/01 17:29
2026/09/02 01:35,2026-09-02T01:50:46+09:00,2026/09/02,2026/09/10,2026-09,CALL,47000,19150,,,,,,,,,,,,,
2026/09/02 01:35,2026-09-02T01:50:46+09:00,2026/09/02,2026/09/10,2026-09,PUT,47000,4,1184,42,74.82,67.24,9,29,3,34,73.76,3,75,7,09/01 23:25
2026/09/02 01:35,2026-09-02T01:50:46+09:00,2026/09/02,2026/09/10,2026-09,CALL,46750,19400,,,,,,,,,,,,,
2026/09/02 01:35,2026-09-02T01:50:46+09:00,2026/09/02,2026/09/10,2026-09,PUT,46750,3,61,,82.59,65.9,19,15,2,111,,,,,
2026/09/02 01:35,2026-09-02T01:50:46+09:00,2026/09/02,2026/09/10,2026-09,CALL,46500,19650,,,,,,,,,,,,,
2026/09/02 01:35,2026-09-02T01:50:46+09:00,2026/09/02,2026/09/10,2026-09,PUT,46500,3,409,2,83.79,66.89,19,15,2,111,76.62,5,166.67,8,09/01 23:08
2026/09/02 01:35,2026-09-02T01:50:46+09:00,2026/09/02,2026/09/10,2026-09,CALL,46250,19900,,,,,,,,,,,,,
2026/09/02 01:35,2026-09-02T01:50:46+09:00,2026/09/02,2026/09/10,2026-09,PUT,46250,2,66,,85,67.88,19,15,2,111,,,,,
2026/09/02 01:35,2026-09-02T01:50:46+09:00,2026/09/02,2026/09/10,2026-09,CALL,46000,20150,,,,,,,,,,,,,
2026/09/02 01:35,2026-09-02T01:50:46+09:00,2026/09/02,2026/09/10,2026-09,PUT,46000,2,1865,14,77.29,68.88,7,1,2,113,78.05,5,166.67,8,09/01 21:29
2026/09/02 01:35,2026-09-02T01:50:46+09:00,2026/09/02,2026/09/10,2026-09,CALL,45750,20400,,,,,,,,,,,,,
2026/09/02 01:35,2026-09-02T01:50:46+09:00,2026/09/02,2026/09/10,2026-09,PUT,45750,2,60,,86.88,66.11,18,15,1,25,,,,,
2026/09/02 01:35,2026-09-02T01:50:46+09:00,2026/09/02,2026/09/10,2026-09,CALL,45500,20650,,,,,,,,,,,,,
2026/09/02 01:35,2026-09-02T01:50:46+09:00,2026/09/02,2026/09/10,2026-09,PUT,45500,2,160,,88.09,67.07,18,15,1,25,,,,,
2026/09/02 01:35,2026-09-02T01:50:46+09:00,2026/09/02,2026/09/10,2026-09,CALL,45250,20900,,,,,,,,,,,,,
2026/09/02 01:35,2026-09-02T01:50:46+09:00,2026/09/02,2026/09/10,2026-09,PUT,45250,2,105,,89.32,68.04,18,15,1,26,,,,,
2026/09/02 01:35,2026-09-02T01:50:46+09:00,2026/09/02,2026/09/10,2026-09,CALL,45000,21150,42,,,,,,,,,,,,
2026/09/02 01:35,2026-09-02T01:50:46+09:00,2026/09/02,2026/09/10,2026-09,PUT,45000,2,2585,36,80.53,75.51,6,1,3,1,78.74,2,100,4,09/02 00:50
2026/09/02 01:35,2026-09-02T01:50:46+09:00,2026/09/02,2026/09/10,2026-09,CALL,44750,21400,,,,,,,,,,,,,
2026/09/02 01:35,2026-09-02T01:50:46+09:00,2026/09/02,2026/09/10,2026-09,PUT,44750,2,39,,91.78,69.98,18,15,1,33,,,,,
2026/09/02 01:35,2026-09-02T01:50:46+09:00,2026/09/02,2026/09/10,2026-09,CALL,44500,21650,,,,,,,,,,,,,
2026/09/02 01:35,2026-09-02T01:50:46+09:00,2026/09/02,2026/09/10,2026-09,PUT,44500,2,213,,84.04,70.96,7,15,1,27,,,,,
2026/09/02 01:35,2026-09-02T01:50:46+09:00,2026/09/02,2026/09/10,2026-09,CALL,44250,21900,,,,,,,,,,,,,
2026/09/02 01:35,2026-09-02T01:50:46+09:00,2026/09/02,2026/09/10,2026-09,PUT,44250,2,33,1,93.65,71.95,17,15,1,25,80.63,2,100,4,09/01 18:03
2026/09/02 01:35,2026-09-02T01:50:46+09:00,2026/09/02,2026/09/10,2026-09,CALL,44000,22150,,,,,,,,,,,,,
2026/09/02 01:35,2026-09-02T01:50:46+09:00,2026/09/02,2026/09/10,2026-09,PUT,44000,2,1439,46,85.04,79.77,6,10,3,1,81.04,1,50,3,09/02 00:54
2026/09/02 01:35,2026-09-02T01:50:46+09:00,2026/09/02,2026/09/10,2026-09,CALL,43750,22400,,,,,,,,,,,,,
2026/09/02 01:35,2026-09-02T01:50:46+09:00,2026/09/02,2026/09/10,2026-09,PUT,43750,2,16,1,96.15,73.94,17,15,1,19,84.46,,,5,09/01 22:38
2026/09/02 01:35,2026-09-02T01:50:46+09:00,2026/09/02,2026/09/10,2026-09,CALL,43500,22650,57,,,,,,,,,,,,
2026/09/02 01:35,2026-09-02T01:50:46+09:00,2026/09/02,2026/09/10,2026-09,PUT,43500,2,887,,97.41,74.94,17,15,1,10,,,,,
2026/09/02 01:35,2026-09-02T01:50:46+09:00,2026/09/02,2026/09/10,2026-09,CALL,43250,22900,,,,,,,,,,,,,
2026/09/02 01:35,2026-09-02T01:50:46+09:00,2026/09/02,2026/09/10,2026-09,PUT,43250,2,60,,98.68,75.94,17,15,1,10,,,,,
2026/09/02 01:35,2026-09-02T01:50:46+09:00,2026/09/02,2026/09/10,2026-09,CALL,43000,23150,100,,,,,,,,,,,,
2026/09/02 01:35,2026-09-02T01:50:46+09:00,2026/09/02,2026/09/10,2026-09,PUT,43000,2,1213,27,86.3,81.28,4,1,2,6,87.67,3,150,5,09/01 21:39
2026/09/02 01:35,2026-09-02T01:50:46+09:00,2026/09/02,2026/09/10,2026-09,CALL,42750,23400,,,,,,,,,,,,,
2026/09/02 01:35,2026-09-02T01:50:46+09:00,2026/09/02,2026/09/10,2026-09,PUT,42750,2,20,,,77.97,,,1,1,,,,,
2026/09/02 01:35,2026-09-02T01:50:46+09:00,2026/09/02,2026/09/10,2026-09,CALL,42500,23650,10,,,,,,,,,,,,
2026/09/02 01:35,2026-09-02T01:50:46+09:00,2026/09/02,2026/09/10,2026-09,PUT,42500,2,59,,,78.99,,,1,2,,,,,
2026/09/02 01:35,2026-09-02T01:50:46+09:00,2026/09/02,2026/09/10,2026-09,CALL,42250,23900,,,,,,,,,,,,,
2026/09/02 01:35,2026-09-02T01:50:46+09:00,2026/09/02,2026/09/10,2026-09,PUT,42250,2,21,,,80.02,,,1,4,,,,,
2026/09/02 01:35,2026-09-02T01:50:46+09:00,2026/09/02,2026/09/10,2026-09,CALL,42000,24150,101,,,,,,,,,,,,
2026/09/02 01:35,2026-09-02T01:50:46+09:00,2026/09/02,2026/09/10,2026-09,PUT,42000,2,2155,19,88.56,85.58,3,1,2,2,89.34,1,50,3,09/01 23:38
2026/09/02 01:35,2026-09-02T01:50:46+09:00,2026/09/02,2026/09/10,2026-09,CALL,41750,24400,,,,,,,,,,,,,
2026/09/02 01:35,2026-09-02T01:50:46+09:00,2026/09/02,2026/09/10,2026-09,PUT,41750,2,26,9,91.99,,4,5,,,91.79,,,4,09/01 20:09
2026/09/02 01:35,2026-09-02T01:50:46+09:00,2026/09/02,2026/09/10,2026-09,CALL,41500,24645,,,,,,,,,,,,,
2026/09/02 01:35,2026-09-02T01:50:46+09:00,2026/09/02,2026/09/10,2026-09,PUT,41500,2,65,3,,,,,,,87.94,0,0,2,09/01 17:31
2026/09/02 01:35,2026-09-02T01:50:46+09:00,2026/09/02,2026/09/10,2026-09,CALL,41250,24895,,,,,,,,,,,,,
2026/09/02 01:35,2026-09-02T01:50:46+09:00,2026/09/02,2026/09/10,2026-09,PUT,41250,2,31,,,84.19,,,1,3,,,,,
2026/09/02 01:35,2026-09-02T01:50:46+09:00,2026/09/02,2026/09/10,2026-09,CALL,41000,25145,,,,,,,,,,,,,
2026/09/02 01:35,2026-09-02T01:50:46+09:00,2026/09/02,2026/09/10,2026-09,PUT,41000,1,974,23,114.27,85.24,23,1,1,39,92.63,2,200,3,09/01 22:12
2026/09/02 01:35,2026-09-02T01:50:46+09:00,2026/09/02,2026/09/10,2026-09,CALL,40750,25395,,,,,,,,,,,,,
2026/09/02 01:35,2026-09-02T01:50:46+09:00,2026/09/02,2026/09/10,2026-09,PUT,40750,1,49,1,,,,,,,91.06,,,2,09/01 17:39
2026/09/02 01:35,2026-09-02T01:50:46+09:00,2026/09/02,2026/09/10,2026-09,CALL,40500,25645,,,,,,,,,,,,,
2026/09/02 01:35,2026-09-02T01:50:46+09:00,2026/09/02,2026/09/10,2026-09,PUT,40500,1,181,,,87.38,,,1,8,,,,,
2026/09/02 01:35,2026-09-02T01:50:46+09:00,2026/09/02,2026/09/10,2026-09,CALL,40250,25895,,,,,,,,,,,,,
2026/09/02 01:35,2026-09-02T01:50:46+09:00,2026/09/02,2026/09/10,2026-09,PUT,40250,1,19,,102.78,88.45,6,1,1,3,,,,,
2026/09/02 01:35,2026-09-02T01:50:46+09:00,2026/09/02,2026/09/10,2026-09,CALL,40000,26145,5,,,,,,,,,,,,
2026/09/02 01:35,2026-09-02T01:50:46+09:00,2026/09/02,2026/09/10,2026-09,PUT,40000,1,4916,81,97.73,89.53,3,6,1,148,95.69,1,100,2,09/02 00:54
2026/09/02 01:35,2026-09-02T01:50:46+09:00,2026/09/02,2026/09/10,2026-09,CALL,39750,26395,,,,,,,,,,,,,
2026/09/02 01:35,2026-09-02T01:50:46+09:00,2026/09/02,2026/09/10,2026-09,PUT,39750,1,10,,,,,,,,,,,,
2026/09/02 01:35,2026-09-02T01:50:46+09:00,2026/09/02,2026/09/10,2026-09,CALL,39500,26645,,,,,,,,,,,,,
2026/09/02 01:35,2026-09-02T01:50:46+09:00,2026/09/02,2026/09/10,2026-09,PUT,39500,1,306,,100.09,91.71,3,2,1,2,,,,,
2026/09/02 01:35,2026-09-02T01:50:46+09:00,2026/09/02,2026/09/10,2026-09,CALL,39250,26895,,,,,,,,,,,,,
2026/09/02 01:35,2026-09-02T01:50:46+09:00,2026/09/02,2026/09/10,2026-09,PUT,39250,1,165,,,,,,,,,,,,
2026/09/02 01:35,2026-09-02T01:50:46+09:00,2026/09/02,2026/09/10,2026-09,CALL,39000,27145,,,,,,,,,,,,,
2026/09/02 01:35,2026-09-02T01:50:46+09:00,2026/09/02,2026/09/10,2026-09,PUT,39000,1,151,40,99.09,,2,4,,,99.03,1,100,2,09/01 20:33
2026/09/02 01:35,2026-09-02T01:50:46+09:00,2026/09/02,2026/09/10,2026-09,CALL,38750,27395,,,,,,,,,,,,,
2026/09/02 01:35,2026-09-02T01:50:46+09:00,2026/09/02,2026/09/10,2026-09,PUT,38750,1,14,,,,,,,,,,,,
2026/09/02 01:35,2026-09-02T01:50:46+09:00,2026/09/02,2026/09/10,2026-09,CALL,38500,27645,,,,,,,,,,,,,
2026/09/02 01:35,2026-09-02T01:50:46+09:00,2026/09/02,2026/09/10,2026-09,PUT,38500,1,240,6,114.71,96.15,8,1,1,5,100.98,1,100,2,09/01 21:49
2026/09/02 01:35,2026-09-02T01:50:46+09:00,2026/09/02,2026/09/10,2026-09,CALL,38250,27895,,,,,,,,,,,,,
2026/09/02 01:35,2026-09-02T01:50:46+09:00,2026/09/02,2026/09/10,2026-09,PUT,38250,1,21,,,,,,,,,,,,
2026/09/02 01:35,2026-09-02T01:50:46+09:00,2026/09/02,2026/09/10,2026-09,CALL,38000,28145,,,,,,,,,,,,,
2026/09/02 01:35,2026-09-02T01:50:46+09:00,2026/09/02,2026/09/10,2026-09,PUT,38000,1,966,19,103.81,,2,5,,,104.2,1,100,2,09/01 23:10
2026/09/02 01:35,2026-09-02T01:50:46+09:00,2026/09/02,2026/09/10,2026-09,CALL,37750,28395,,,,,,,,,,,,,
2026/09/02 01:35,2026-09-02T01:50:46+09:00,2026/09/02,2026/09/10,2026-09,PUT,37750,1,6,2,,,,,,,99.8,0,0,1,09/01 17:27
2026/09/02 01:35,2026-09-02T01:50:46+09:00,2026/09/02,2026/09/10,2026-09,CALL,37500,28645,,,,,,,,,,,,,
2026/09/02 01:35,2026-09-02T01:50:46+09:00,2026/09/02,2026/09/10,2026-09,PUT,37500,1,21,,106.21,,2,1,,,,,,,
2026/09/02 01:35,2026-09-02T01:50:46+09:00,2026/09/02,2026/09/10,2026-09,CALL,37250,28895,,,,,,,,,,,,,
2026/09/02 01:35,2026-09-02T01:50:46+09:00,2026/09/02,2026/09/10,2026-09,PUT,37250,1,1,,,,,,,,,,,,
2026/09/02 01:35,2026-09-02T01:50:46+09:00,2026/09/02,2026/09/10,2026-09,CALL,37000,29145,1,,,,,,,,,,,,
2026/09/02 01:35,2026-09-02T01:50:46+09:00,2026/09/02,2026/09/10,2026-09,PUT,37000,1,605,11,108.64,,2,16,,,104.18,0,0,1,09/02 00:54
2026/09/02 01:35,2026-09-02T01:50:46+09:00,2026/09/02,2026/09/10,2026-09,CALL,36750,29395,,,,,,,,,,,,,
2026/09/02 01:35,2026-09-02T01:50:46+09:00,2026/09/02,2026/09/10,2026-09,PUT,36750,1,67,2,,,,,,,104.08,0,0,1,09/01 17:37
2026/09/02 01:35,2026-09-02T01:50:46+09:00,2026/09/02,2026/09/10,2026-09,CALL,36500,29645,,,,,,,,,,,,,
2026/09/02 01:35,2026-09-02T01:50:46+09:00,2026/09/02,2026/09/10,2026-09,PUT,36500,1,42,5,,,,,,,105.26,0,0,1,09/01 17:37
2026/09/02 01:35,2026-09-02T01:50:46+09:00,2026/09/02,2026/09/10,2026-09,CALL,36250,29895,,,,,,,,,,,,,
2026/09/02 01:35,2026-09-02T01:50:46+09:00,2026/09/02,2026/09/10,2026-09,PUT,36250,1,5,,,,,,,,,,,,
2026/09/02 01:35,2026-09-02T01:50:46+09:00,2026/09/02,2026/09/10,2026-09,CALL,36000,30145,,,,,,,,,,,,,
2026/09/02 01:35,2026-09-02T01:50:46+09:00,2026/09/02,2026/09/10,2026-09,PUT,36000,1,283,20,113.61,,2,1,,,107.34,0,0,1,09/01 21:48
2026/09/02 01:35,2026-09-02T01:50:46+09:00,2026/09/02,2026/09/10,2026-09,CALL,35750,30395,,,,,,,,,,,,,
2026/09/02 01:35,2026-09-02T01:50:46+09:00,2026/09/02,2026/09/10,2026-09,PUT,35750,1,52,,,,,,,,,,,,
2026/09/02 01:35,2026-09-02T01:50:46+09:00,2026/09/02,2026/09/10,2026-09,CALL,35500,30645,,,,,,,,,,,,,
2026/09/02 01:35,2026-09-02T01:50:46+09:00,2026/09/02,2026/09/10,2026-09,PUT,35500,1,12,5,,,,,,,109.89,,,1,09/01 18:07
2026/09/02 01:35,2026-09-02T01:50:46+09:00,2026/09/02,2026/09/10,2026-09,CALL,35250,30895,,,,,,,,,,,,,
2026/09/02 01:35,2026-09-02T01:50:46+09:00,2026/09/02,2026/09/10,2026-09,PUT,35250,1,3,5,,,,,,,111.1,,,1,09/01 20:59
2026/09/02 01:35,2026-09-02T01:50:46+09:00,2026/09/02,2026/09/10,2026-09,CALL,35000,31145,,,,,,,,,,,,,
2026/09/02 01:35,2026-09-02T01:50:46+09:00,2026/09/02,2026/09/10,2026-09,PUT,35000,1,3908,40,112.62,,1,12,,,112.21,0,0,1,09/01 22:41
2026/09/02 01:35,2026-09-02T01:50:46+09:00,2026/09/02,2026/09/10,2026-09,CALL,34750,31395,,,,,,,,,,,,,
2026/09/02 01:35,2026-09-02T01:50:46+09:00,2026/09/02,2026/09/10,2026-09,PUT,34750,1,69,5,,,,,,,113.5,,,1,09/01 22:42
2026/09/02 01:35,2026-09-02T01:50:46+09:00,2026/09/02,2026/09/10,2026-09,CALL,34500,31645,,,,,,,,,,,,,
2026/09/02 01:35,2026-09-02T01:50:46+09:00,2026/09/02,2026/09/10,2026-09,PUT,34500,1,35,,,,,,,,,,,,
2026/09/02 01:35,2026-09-02T01:50:46+09:00,2026/09/02,2026/09/10,2026-09,CALL,34250,31895,,,,,,,,,,,,,
2026/09/02 01:35,2026-09-02T01:50:46+09:00,2026/09/02,2026/09/10,2026-09,PUT,34250,1,2,,122.62,,2,3,,,,,,,
2026/09/02 01:35,2026-09-02T01:50:46+09:00,2026/09/02,2026/09/10,2026-09,CALL,34000,32145,,,,,,,,,,,,,
2026/09/02 01:35,2026-09-02T01:50:46+09:00,2026/09/02,2026/09/10,2026-09,PUT,34000,1,176,5,117.61,,1,15,,,117.56,,,1,09/01 22:52
2026/09/02 01:35,2026-09-02T01:50:46+09:00,2026/09/02,2026/09/10,2026-09,CALL,33750,32395,,,,,,,,,,,,,
2026/09/02 01:35,2026-09-02T01:50:46+09:00,2026/09/02,2026/09/10,2026-09,PUT,33750,1,4,,125.28,,2,3,,,,,,,
2026/09/02 01:35,2026-09-02T01:50:46+09:00,2026/09/02,2026/09/10,2026-09,CALL,33500,32645,,,,,,,,,,,,,
2026/09/02 01:35,2026-09-02T01:50:46+09:00,2026/09/02,2026/09/10,2026-09,PUT,33500,1,13,,120.16,,1,8,,,,,,,
2026/09/02 01:35,2026-09-02T01:50:46+09:00,2026/09/02,2026/09/10,2026-09,CALL,33250,32895,,,,,,,,,,,,,
2026/09/02 01:35,2026-09-02T01:50:46+09:00,2026/09/02,2026/09/10,2026-09,PUT,33250,1,1,,121.45,,1,5,,,,,,,
2026/09/02 01:35,2026-09-02T01:50:46+09:00,2026/09/02,2026/09/10,2026-09,CALL,33000,33145,,,,,,,,,,,,,
2026/09/02 01:35,2026-09-02T01:50:46+09:00,2026/09/02,2026/09/10,2026-09,PUT,33000,1,521,10,122.75,,1,112,,,122.7,,,1,09/01 20:33
2026/09/02 01:35,2026-09-02T01:50:46+09:00,2026/09/02,2026/09/10,2026-09,CALL,32750,33395,,,,,,,,,,,,,
2026/09/02 01:35,2026-09-02T01:50:46+09:00,2026/09/02,2026/09/10,2026-09,PUT,32750,1,9,5,124.06,,1,5,,,124.01,,,1,09/01 22:52
2026/09/02 01:35,2026-09-02T01:50:46+09:00,2026/09/02,2026/09/10,2026-09,CALL,32500,33645,,,,,,,,,,,,,
2026/09/02 01:35,2026-09-02T01:50:46+09:00,2026/09/02,2026/09/10,2026-09,PUT,32500,1,33,4,125.38,,1,1,,,125.25,,,1,09/01 20:20
2026/09/02 01:35,2026-09-02T01:50:46+09:00,2026/09/02,2026/09/10,2026-09,CALL,32250,33895,,,,,,,,,,,,,
2026/09/02 01:35,2026-09-02T01:50:46+09:00,2026/09/02,2026/09/10,2026-09,PUT,32250,1,4,,126.71,,1,5,,,,,,,
2026/09/02 01:35,2026-09-02T01:50:46+09:00,2026/09/02,2026/09/10,2026-09,CALL,32000,34145,,,,,,,,,,,,,
2026/09/02 01:35,2026-09-02T01:50:46+09:00,2026/09/02,2026/09/10,2026-09,PUT,32000,1,184,5,128.05,,1,122,,,128.06,,,1,09/01 22:53
2026/09/02 01:35,2026-09-02T01:50:46+09:00,2026/09/02,2026/09/10,2026-09,CALL,31750,34395,,,,,,,,,,,,,
2026/09/02 01:35,2026-09-02T01:50:46+09:00,2026/09/02,2026/09/10,2026-09,PUT,31750,1,14,,129.4,,1,5,,,,,,,
2026/09/02 01:35,2026-09-02T01:50:46+09:00,2026/09/02,2026/09/10,2026-09,CALL,31500,34645,,,,,,,,,,,,,
2026/09/02 01:35,2026-09-02T01:50:46+09:00,2026/09/02,2026/09/10,2026-09,PUT,31500,1,12,,130.76,,1,5,,,,,,,
2026/09/02 01:35,2026-09-02T01:50:46+09:00,2026/09/02,2026/09/10,2026-09,CALL,31250,34895,,,,,,,,,,,,,
2026/09/02 01:35,2026-09-02T01:50:46+09:00,2026/09/02,2026/09/10,2026-09,PUT,31250,1,1,,132.13,,1,5,,,,,,,
2026/09/02 01:35,2026-09-02T01:50:46+09:00,2026/09/02,2026/09/10,2026-09,CALL,31000,35145,,,,,,,,,,,,,
2026/09/02 01:35,2026-09-02T01:50:46+09:00,2026/09/02,2026/09/10,2026-09,PUT,31000,1,211,,133.51,,1,110,,,,,,,
2026/09/02 01:35,2026-09-02T01:50:46+09:00,2026/09/02,2026/09/10,2026-09,CALL,30750,35395,,,,,,,,,,,,,
2026/09/02 01:35,2026-09-02T01:50:46+09:00,2026/09/02,2026/09/10,2026-09,PUT,30750,1,8,,134.9,,1,6,,,,,,,
2026/09/02 01:35,2026-09-02T01:50:46+09:00,2026/09/02,2026/09/10,2026-09,CALL,30500,35645,,,,,,,,,,,,,
2026/09/02 01:35,2026-09-02T01:50:46+09:00,2026/09/02,2026/09/10,2026-09,PUT,30500,1,86,,136.3,,1,5,,,,,,,
2026/09/02 01:35,2026-09-02T01:50:46+09:00,2026/09/02,2026/09/10,2026-09,CALL,30250,35895,,,,,,,,,,,,,
2026/09/02 01:35,2026-09-02T01:50:46+09:00,2026/09/02,2026/09/10,2026-09,PUT,30250,1,1,,137.72,,1,6,,,,,,,
2026/09/02 01:35,2026-09-02T01:50:46+09:00,2026/09/02,2026/09/10,2026-09,CALL,30000,36145,3750,,,,,,,,,,,,
2026/09/02 01:35,2026-09-02T01:50:46+09:00,2026/09/02,2026/09/10,2026-09,PUT,30000,1,6460,,139.14,,1,154,,,,,,,
2026/09/02 01:35,2026-09-02T01:50:46+09:00,2026/09/02,2026/09/10,2026-09,CALL,29750,36395,,,,,,,,,,,,,
2026/09/02 01:35,2026-09-02T01:50:46+09:00,2026/09/02,2026/09/10,2026-09,PUT,29750,1,11,,140.58,,1,6,,,,,,,
2026/09/02 01:35,2026-09-02T01:50:46+09:00,2026/09/02,2026/09/10,2026-09,CALL,29500,36645,,,,,,,,,,,,,
2026/09/02 01:35,2026-09-02T01:50:46+09:00,2026/09/02,2026/09/10,2026-09,PUT,29500,1,30,,142.03,,1,7,,,,,,,
2026/09/02 01:35,2026-09-02T01:50:46+09:00,2026/09/02,2026/09/10,2026-09,CALL,29250,36895,,,,,,,,,,,,,
2026/09/02 01:35,2026-09-02T01:50:46+09:00,2026/09/02,2026/09/10,2026-09,PUT,29250,1,3,,143.49,,1,5,,,,,,,
2026/09/02 01:35,2026-09-02T01:50:46+09:00,2026/09/02,2026/09/10,2026-09,CALL,29000,37145,,,,,,,,,,,,,
2026/09/02 01:35,2026-09-02T01:50:46+09:00,2026/09/02,2026/09/10,2026-09,PUT,29000,1,90,,144.97,,1,11,,,,,,,
2026/09/02 01:35,2026-09-02T01:50:46+09:00,2026/09/02,2026/09/10,2026-09,CALL,28750,37395,,,,,,,,,,,,,
2026/09/02 01:35,2026-09-02T01:50:46+09:00,2026/09/02,2026/09/10,2026-09,PUT,28750,1,68,,146.45,,1,7,,,,,,,
2026/09/02 01:35,2026-09-02T01:50:46+09:00,2026/09/02,2026/09/10,2026-09,CALL,28500,37645,,,,,,,,,,,,,
2026/09/02 01:35,2026-09-02T01:50:46+09:00,2026/09/02,2026/09/10,2026-09,PUT,28500,1,10,,147.95,,1,10,,,,,,,
2026/09/02 01:35,2026-09-02T01:50:46+09:00,2026/09/02,2026/09/10,2026-09,CALL,28250,37895,,,,,,,,,,,,,
2026/09/02 01:35,2026-09-02T01:50:46+09:00,2026/09/02,2026/09/10,2026-09,PUT,28250,1,2,,149.47,,1,6,,,,,,,
2026/09/02 01:35,2026-09-02T01:50:46+09:00,2026/09/02,2026/09/10,2026-09,CALL,28000,38145,,,,,,,,,,,,,
2026/09/02 01:35,2026-09-02T01:50:46+09:00,2026/09/02,2026/09/10,2026-09,PUT,28000,1,87,,150.99,,1,40,,,,,,,
2026/09/02 01:35,2026-09-02T01:50:46+09:00,2026/09/02,2026/09/10,2026-09,CALL,27750,38395,,,,,,,,,,,,,
2026/09/02 01:35,2026-09-02T01:50:46+09:00,2026/09/02,2026/09/10,2026-09,PUT,27750,1,8,,152.53,,1,6,,,,,,,
2026/09/02 01:35,2026-09-02T01:50:46+09:00,2026/09/02,2026/09/10,2026-09,CALL,27500,38645,,,,,,,,,,,,,
2026/09/02 01:35,2026-09-02T01:50:46+09:00,2026/09/02,2026/09/10,2026-09,PUT,27500,1,21,,154.09,,1,7,,,,,,,
2026/09/02 01:35,2026-09-02T01:50:46+09:00,2026/09/02,2026/09/10,2026-09,CALL,27250,38895,,,,,,,,,,,,,
2026/09/02 01:35,2026-09-02T01:50:46+09:00,2026/09/02,2026/09/10,2026-09,PUT,27250,1,11,,155.66,,1,16,,,,,,,
2026/09/02 01:35,2026-09-02T01:50:46+09:00,2026/09/02,2026/09/10,2026-09,CALL,27000,39145,,,,,,,,,,,,,
2026/09/02 01:35,2026-09-02T01:50:46+09:00,2026/09/02,2026/09/10,2026-09,PUT,27000,1,203,,157.24,,1,22,,,,,,,
2026/09/02 01:35,2026-09-02T01:50:46+09:00,2026/09/02,2026/09/10,2026-09,CALL,26000,40145,,,,,,,,,,,,,
2026/09/02 01:35,2026-09-02T01:50:46+09:00,2026/09/02,2026/09/10,2026-09,PUT,26000,1,228,,163.72,,1,16,,,,,,,
2026/09/02 01:35,2026-09-02T01:50:46+09:00,2026/09/02,2026/09/10,2026-09,CALL,25000,41140,,,,,,,,,,,,,
2026/09/02 01:35,2026-09-02T01:50:46+09:00,2026/09/02,2026/09/10,2026-09,PUT,25000,1,3940,3,170.45,,1,24,,,170.28,,,1,09/01 20:24
2026/09/02 01:35,2026-09-02T01:50:46+09:00,2026/09/02,2026/10/08,2026-10,CALL,90000,2,101,1,32.63,30.93,2,12,1,60,30.61,,,1,09/01 17:18
2026/09/02 01:35,2026-09-02T01:50:46+09:00,2026/09/02,2026/10/08,2026-10,PUT,90000,24155,,,,,,,,,,,,,
2026/09/02 01:35,2026-09-02T01:50:46+09:00,2026/09/02,2026/10/08,2026-10,CALL,87500,2,113,1,31.13,28.49,3,20,1,30,30.22,0,0,2,09/01 20:25
2026/09/02 01:35,2026-09-02T01:50:46+09:00,2026/09/02,2026/10/08,2026-10,PUT,87500,21655,,,,,,,,,,,,,
2026/09/02 01:35,2026-09-02T01:50:46+09:00,2026/09/02,2026/10/08,2026-10,CALL,85000,3,156,2,29.16,27.44,4,2,2,2,29.24,1,33.33,4,09/01 20:49
2026/09/02 01:35,2026-09-02T01:50:46+09:00,2026/09/02,2026/10/08,2026-10,PUT,85000,19160,26,,,,,,,,,,,,
2026/09/02 01:35,2026-09-02T01:50:46+09:00,2026/09/02,2026/10/08,2026-10,CALL,84500,4,,,36.57,25.45,37,15,1,20,,,,,
2026/09/02 01:35,2026-09-02T01:50:46+09:00,2026/09/02,2026/10/08,2026-10,PUT,84500,18660,,,,,,,,,,,,,
2026/09/02 01:35,2026-09-02T01:50:46+09:00,2026/09/02,2026/10/08,2026-10,CALL,84000,4,6,,32.09,26.36,15,15,2,1,,,,,
2026/09/02 01:35,2026-09-02T01:50:46+09:00,2026/09/02,2026/10/08,2026-10,PUT,84000,18165,,,,,,,,,,,,,
2026/09/02 01:35,2026-09-02T01:50:46+09:00,2026/09/02,2026/10/08,2026-10,CALL,83500,5,9,,35.3,24.41,38,15,1,20,,,,,
2026/09/02 01:35,2026-09-02T01:50:46+09:00,2026/09/02,2026/10/08,2026-10,PUT,83500,17665,,,,,,,,,,,,,
2026/09/02 01:35,2026-09-02T01:50:46+09:00,2026/09/02,2026/10/08,2026-10,CALL,83000,5,17,4,27.43,25.25,5,3,2,1,27.57,0,0,5,09/01 20:30
2026/09/02 01:35,2026-09-02T01:50:46+09:00,2026/09/02,2026/10/08,2026-10,PUT,83000,17165,,,,,,,,,,,,,
2026/09/02 01:35,2026-09-02T01:50:46+09:00,2026/09/02,2026/10/08,2026-10,CALL,82500,6,3,2,34.11,23.34,40,15,1,20,26.71,,,5,09/01 17:27
2026/09/02 01:35,2026-09-02T01:50:46+09:00,2026/09/02,2026/10/08,2026-10,PUT,82500,16665,,,,,,,,,,,,,
2026/09/02 01:35,2026-09-02T01:50:46+09:00,2026/09/02,2026/10/08,2026-10,CALL,82000,6,64,,30.11,25,18,15,3,3,,,,,
2026/09/02 01:35,2026-09-02T01:50:46+09:00,2026/09/02,2026/10/08,2026-10,PUT,82000,16165,,,,,,,,,,,,,
2026/09/02 01:35,2026-09-02T01:50:46+09:00,2026/09/02,2026/10/08,2026-10,CALL,81500,7,2,,32.87,22.26,42,15,1,20,,,,,
2026/09/02 01:35,2026-09-02T01:50:46+09:00,2026/09/02,2026/10/08,2026-10,PUT,81500,15670,,,,,,,,,,,,,
2026/09/02 01:35,2026-09-02T01:50:46+09:00,2026/09/02,2026/10/08,2026-10,CALL,81000,8,480,19,28.35,25.01,16,15,5,1,27.57,3,33.33,12,09/01 20:25
2026/09/02 01:35,2026-09-02T01:50:46+09:00,2026/09/02,2026/10/08,2026-10,PUT,81000,15170,,,,,,,,,,,,,
2026/09/02 01:35,2026-09-02T01:50:46+09:00,2026/09/02,2026/10/08,2026-10,CALL,80500,9,2,14,26.21,23.86,10,1,4,1,26.3,,,10,09/01 20:51
2026/09/02 01:35,2026-09-02T01:50:46+09:00,2026/09/02,2026/10/08,2026-10,PUT,80500,14670,,,,,,,,,,,,,
2026/09/02 01:35,2026-09-02T01:50:46+09:00,2026/09/02,2026/10/08,2026-10,CALL,80000,12,1848,13,25.82,24.94,11,1,8,6,26.7,2,16.67,14,09/01 20:27
2026/09/02 01:35,2026-09-02T01:50:46+09:00,2026/09/02,2026/10/08,2026-10,PUT,80000,14175,,,,,,,,,,,,,
2026/09/02 01:35,2026-09-02T01:50:46+09:00,2026/09/02,2026/10/08,2026-10,CALL,79500,15,4,,27,22.63,20,6,4,6,,,,,
2026/09/02 01:35,2026-09-02T01:50:46+09:00,2026/09/02,2026/10/08,2026-10,PUT,79500,13680,,,,,,,,,,,,,
2026/09/02 01:35,2026-09-02T01:50:46+09:00,2026/09/02,2026/10/08,2026-10,CALL,79000,16,46,30,25.94,23.92,18,4,9,4,26.45,1,5.26,20,09/01 20:24
2026/09/02 01:35,2026-09-02T01:50:46+09:00,2026/09/02,2026/10/08,2026-10,PUT,79000,13180,1,,,,,,,,,,,,
2026/09/02 01:35,2026-09-02T01:50:46+09:00,2026/09/02,2026/10/08,2026-10,CALL,78500,19,7,1,26.02,23.25,23,6,9,4,24.13,,,15,09/01 23:33
2026/09/02 01:35,2026-09-02T01:50:46+09:00,2026/09/02,2026/10/08,2026-10,PUT,78500,12685,,,,,,,,,,,,,
2026/09/02 01:35,2026-09-02T01:50:46+09:00,2026/09/02,2026/10/08,2026-10,CALL,78000,22,622,11,25.69,24.14,26,3,16,1,24.02,-10,-35.71,18,09/01 23:56
2026/09/02 01:35,2026-09-02T01:50:46+09:00,2026/09/02,2026/10/08,2026-10,PUT,78000,12190,,,,,,,,,,,,,
2026/09/02 01:35,2026-09-02T01:50:46+09:00,2026/09/02,2026/10/08,2026-10,CALL,77500,27,111,1,25.54,23.22,31,3,15,3,24.34,-9,-30,21,09/01 18:22
2026/09/02 01:35,2026-09-02T01:50:46+09:00,2026/09/02,2026/10/08,2026-10,PUT,77500,11695,,,,,,,,,,,,,
2026/09/02 01:35,2026-09-02T01:50:46+09:00,2026/09/02,2026/10/08,2026-10,CALL,77000,35,1184,1,25.19,23.17,35,6,19,6,23.72,-9,-25.71,26,09/01 23:57
2026/09/02 01:35,2026-09-02T01:50:46+09:00,2026/09/02,2026/10/08,2026-10,PUT,77000,11200,,,,,,,,,,,,,
2026/09/02 01:35,2026-09-02T01:50:46+09:00,2026/09/02,2026/10/08,2026-10,CALL,76500,41,10,2,24.97,23.12,41,3,24,6,23.82,-12,-25.53,35,09/02 00:41
2026/09/02 01:35,2026-09-02T01:50:46+09:00,2026/09/02,2026/10/08,2026-10,PUT,76500,10710,,,,,,,,,,,,,
2026/09/02 01:35,2026-09-02T01:50:46+09:00,2026/09/02,2026/10/08,2026-10,CALL,76250,46,6,2,24.91,23.11,45,6,27,6,23.6,-14,-27.45,37,09/02 00:41
2026/09/02 01:35,2026-09-02T01:50:46+09:00,2026/09/02,2026/10/08,2026-10,PUT,76250,10465,,,,,,,,,,,,,
2026/09/02 01:35,2026-09-02T01:50:46+09:00,2026/09/02,2026/10/08,2026-10,CALL,76000,52,823,29,24.65,23.37,47,6,33,1,24.76,-7,-13.21,46,09/01 20:22
2026/09/02 01:35,2026-09-02T01:50:46+09:00,2026/09/02,2026/10/08,2026-10,PUT,76000,10220,,,,,,,,,,,,,
2026/09/02 01:35,2026-09-02T01:50:46+09:00,2026/09/02,2026/10/08,2026-10,CALL,75750,55,1,4,24.85,22.86,55,4,32,4,24.22,,,44,09/01 21:04
2026/09/02 01:35,2026-09-02T01:50:46+09:00,2026/09/02,2026/10/08,2026-10,PUT,75750,9975,,,,,,,,,,,,,
2026/09/02 01:35,2026-09-02T01:50:46+09:00,2026/09/02,2026/10/08,2026-10,CALL,75500,63,7,,24.77,22.75,60,4,35,4,,,,,
2026/09/02 01:35,2026-09-02T01:50:46+09:00,2026/09/02,2026/10/08,2026-10,PUT,75500,9735,,,,,,,,,,,,,
2026/09/02 01:35,2026-09-02T01:50:46+09:00,2026/09/02,2026/10/08,2026-10,CALL,75250,69,3,1,24.66,15.07,65,4,1,20,24.15,,,55,09/01 20:04
2026/09/02 01:35,2026-09-02T01:50:46+09:00,2026/09/02,2026/10/08,2026-10,PUT,75250,9490,,,,,,,,,,,,,
2026/09/02 01:35,2026-09-02T01:50:46+09:00,2026/09/02,2026/10/08,2026-10,CALL,75000,78,1692,60,26.17,23.32,100,2,52,2,23.19,-15,-19.23,63,09/02 01:06
2026/09/02 01:35,2026-09-02T01:50:46+09:00,2026/09/02,2026/10/08,2026-10,PUT,75000,9245,,,,,,,,,,,,,
2026/09/02 01:35,2026-09-02T01:50:46+09:00,2026/09/02,2026/10/08,2026-10,CALL,74750,84,1,,24.54,14.45,78,2,1,20,,,,,
2026/09/02 01:35,2026-09-02T01:50:46+09:00,2026/09/02,2026/10/08,2026-10,PUT,74750,9005,,,,,,,,,,,,,
2026/09/02 01:35,2026-09-02T01:50:46+09:00,2026/09/02,2026/10/08,2026-10,CALL,74500,94,66,,,14.15,,,1,20,,,,,
2026/09/02 01:35,2026-09-02T01:50:46+09:00,2026/09/02,2026/10/08,2026-10,PUT,74500,8765,,,,,,,,,,,,,
2026/09/02 01:35,2026-09-02T01:50:46+09:00,2026/09/02,2026/10/08,2026-10,CALL,74250,105,8,,24.49,13.83,95,4,1,20,,,,,
2026/09/02 01:35,2026-09-02T01:50:46+09:00,2026/09/02,2026/10/08,2026-10,PUT,74250,8525,,,,,,,,,,,,,
2026/09/02 01:35,2026-09-02T01:50:46+09:00,2026/09/02,2026/10/08,2026-10,CALL,74000,118,583,8,24.52,23.45,106,2,84,1,23.1,-32,-24.81,97,09/02 00:51
2026/09/02 01:35,2026-09-02T01:50:46+09:00,2026/09/02,2026/10/08,2026-10,PUT,74000,8290,,,,,,,,,,,,,
2026/09/02 01:35,2026-09-02T01:50:46+09:00,2026/09/02,2026/10/08,2026-10,CALL,73750,129,,,24.47,13.21,116,2,1,20,,,,,
2026/09/02 01:35,2026-09-02T01:50:46+09:00,2026/09/02,2026/10/08,2026-10,PUT,73750,8050,,,,,,,,,,,,,
2026/09/02 01:35,2026-09-02T01:50:46+09:00,2026/09/02,2026/10/08,2026-10,CALL,73500,144,24,3,24.34,12.89,125,2,1,20,23.39,-52,-32.5,108,09/01 23:11
2026/09/02 01:35,2026-09-02T01:50:46+09:00,2026/09/02,2026/10/08,2026-10,PUT,73500,7815,,,,,,,,,,,,,
2026/09/02 01:35,2026-09-02T01:50:46+09:00,2026/09/02,2026/10/08,2026-10,CALL,73250,159,2,,24.29,22.67,137,2,98,2,,,,,
2026/09/02 01:35,2026-09-02T01:50:46+09:00,2026/09/02,2026/10/08,2026-10,PUT,73250,7580,,,,,,,,,,,,,
2026/09/02 01:35,2026-09-02T01:50:46+09:00,2026/09/02,2026/10/08,2026-10,CALL,73000,178,1489,39,23.77,23.11,137,2,120,2,23.84,-50,-28.09,128,09/01 22:15
2026/09/02 01:35,2026-09-02T01:50:46+09:00,2026/09/02,2026/10/08,2026-10,PUT,73000,7350,10,,,,,,,,,,,,
2026/09/02 01:35,2026-09-02T01:50:46+09:00,2026/09/02,2026/10/08,2026-10,CALL,72750,193,10,,23.85,23.05,154,2,132,2,,,,,
2026/09/02 01:35,2026-09-02T01:50:46+09:00,2026/09/02,2026/10/08,2026-10,PUT,72750,7115,,,,,,,,,,,,,
2026/09/02 01:35,2026-09-02T01:50:46+09:00,2026/09/02,2026/10/08,2026-10,CALL,72500,215,175,2,23.78,23.07,168,2,147,2,23.85,-87,-34.8,163,09/01 20:21
2026/09/02 01:35,2026-09-02T01:50:46+09:00,2026/09/02,2026/10/08,2026-10,PUT,72500,6885,1,,,,,,,,,,,,
2026/09/02 01:35,2026-09-02T01:50:46+09:00,2026/09/02,2026/10/08,2026-10,CALL,72250,237,86,1,23.77,22.97,185,2,160,2,23.44,,,180,09/01 19:39
2026/09/02 01:35,2026-09-02T01:50:46+09:00,2026/09/02,2026/10/08,2026-10,PUT,72250,6655,,,,,,,,,,,,,
2026/09/02 01:35,2026-09-02T01:50:46+09:00,2026/09/02,2026/10/08,2026-10,CALL,72125,247,,,24.26,,211,2,,,,,,,
2026/09/02 01:35,2026-09-02T01:50:46+09:00,2026/09/02,2026/10/08,2026-10,PUT,72125,6545,,,,,,,,,,,,,
2026/09/02 01:35,2026-09-02T01:50:46+09:00,2026/09/02,2026/10/08,2026-10,CALL,72000,261,1807,38,23.68,22.99,201,2,178,2,23.33,-70,-25.45,205,09/01 23:09
2026/09/02 01:35,2026-09-02T01:50:46+09:00,2026/09/02,2026/10/08,2026-10,PUT,72000,6435,,,,,,,,,,,,,
2026/09/02 01:35,2026-09-02T01:50:46+09:00,2026/09/02,2026/10/08,2026-10,CALL,71875,276,,,24.24,,231,4,,,,,,,
2026/09/02 01:35,2026-09-02T01:50:46+09:00,2026/09/02,2026/10/08,2026-10,PUT,71875,6325,,,,,,,,,,,,,
2026/09/02 01:35,2026-09-02T01:50:46+09:00,2026/09/02,2026/10/08,2026-10,CALL,71750,285,,,23.7,23.02,222,2,198,2,,,,,
2026/09/02 01:35,2026-09-02T01:50:46+09:00,2026/09/02,2026/10/08,2026-10,PUT,71750,6205,,,,,,,,,,,,,
2026/09/02 01:35,2026-09-02T01:50:46+09:00,2026/09/02,2026/10/08,2026-10,CALL,71625,292,,,24.23,,253,4,,,,,,,
2026/09/02 01:35,2026-09-02T01:50:46+09:00,2026/09/02,2026/10/08,2026-10,PUT,71625,6090,,,,,,,,,,,,,
2026/09/02 01:35,2026-09-02T01:50:46+09:00,2026/09/02,2026/10/08,2026-10,CALL,71500,315,256,,23.69,23.05,244,2,220,2,,,,,
2026/09/02 01:35,2026-09-02T01:50:46+09:00,2026/09/02,2026/10/08,2026-10,PUT,71500,5985,,,,,,,,,,,,,
2026/09/02 01:35,2026-09-02T01:50:46+09:00,2026/09/02,2026/10/08,2026-10,CALL,71375,330,,,24.17,,275,2,,,,,,,
2026/09/02 01:35,2026-09-02T01:50:46+09:00,2026/09/02,2026/10/08,2026-10,PUT,71375,5875,,,,,,,,,,,,,
2026/09/02 01:35,2026-09-02T01:50:46+09:00,2026/09/02,2026/10/08,2026-10,CALL,71250,345,103,3,23.64,23.06,266,2,243,2,23.5,,,250,09/01 18:27
2026/09/02 01:35,2026-09-02T01:50:46+09:00,2026/09/02,2026/10/08,2026-10,PUT,71250,5770,,,,,,,,,,,,,
2026/09/02 01:35,2026-09-02T01:50:46+09:00,2026/09/02,2026/10/08,2026-10,CALL,71125,360,,,,,,,,,,,,,
2026/09/02 01:35,2026-09-02T01:50:46+09:00,2026/09/02,2026/10/08,2026-10,PUT,71125,5655,,,,,,,,,,,,,
2026/09/02 01:35,2026-09-02T01:50:46+09:00,2026/09/02,2026/10/08,2026-10,CALL,71000,375,137,47,23.68,22.96,294,2,264,2,23.42,-115,-26.74,315,09/02 00:00
2026/09/02 01:35,2026-09-02T01:50:46+09:00,2026/09/02,2026/10/08,2026-10,PUT,71000,5550,,,,,,,,,,,,,
2026/09/02 01:35,2026-09-02T01:50:46+09:00,2026/09/02,2026/10/08,2026-10,CALL,70875,395,,,,,,,,,,,,,
2026/09/02 01:35,2026-09-02T01:50:46+09:00,2026/09/02,2026/10/08,2026-10,PUT,70875,5435,,,,,,,,,,,,,
2026/09/02 01:35,2026-09-02T01:50:46+09:00,2026/09/02,2026/10/08,2026-10,CALL,70750,415,3,,23.63,23.02,320,2,293,2,,,,,
2026/09/02 01:35,2026-09-02T01:50:46+09:00,2026/09/02,2026/10/08,2026-10,PUT,70750,5340,,,,,,,,,,,,,
2026/09/02 01:35,2026-09-02T01:50:46+09:00,2026/09/02,2026/10/08,2026-10,CALL,70625,430,,,,,,,,,,,,,
2026/09/02 01:35,2026-09-02T01:50:46+09:00,2026/09/02,2026/10/08,2026-10,PUT,70625,5225,,,,,,,,,,,,,
2026/09/02 01:35,2026-09-02T01:50:46+09:00,2026/09/02,2026/10/08,2026-10,CALL,70500,450,102,2,23.62,22.97,350,2,320,2,23.12,-120,-24.49,370,09/01 23:38
2026/09/02 01:35,2026-09-02T01:50:46+09:00,2026/09/02,2026/10/08,2026-10,PUT,70500,5125,,,,,,,,,,,,,
2026/09/02 01:35,2026-09-02T01:50:46+09:00,2026/09/02,2026/10/08,2026-10,CALL,70375,465,117,,,,,,,,,,,,
2026/09/02 01:35,2026-09-02T01:50:46+09:00,2026/09/02,2026/10/08,2026-10,PUT,70375,5015,,,,,,,,,,,,,
2026/09/02 01:35,2026-09-02T01:50:46+09:00,2026/09/02,2026/10/08,2026-10,CALL,70250,495,12,,23.66,23.05,385,2,355,2,,,,,
2026/09/02 01:35,2026-09-02T01:50:46+09:00,2026/09/02,2026/10/08,2026-10,PUT,70250,4920,,,,,,,,,,,,,
2026/09/02 01:35,2026-09-02T01:50:46+09:00,2026/09/02,2026/10/08,2026-10,CALL,70125,510,,,,,,,,,,,,,
2026/09/02 01:35,2026-09-02T01:50:46+09:00,2026/09/02,2026/10/08,2026-10,PUT,70125,4805,,,,,,,,,,,,,
2026/09/02 01:35,2026-09-02T01:50:46+09:00,2026/09/02,2026/10/08,2026-10,CALL,70000,550,1210,16,23.65,22.97,420,2,385,2,23.37,-105,-19.09,445,09/01 23:21
2026/09/02 01:35,2026-09-02T01:50:46+09:00,2026/09/02,2026/10/08,2026-10,PUT,70000,4715,101,,,,,,,,,,,,
2026/09/02 01:35,2026-09-02T01:50:46+09:00,2026/09/02,2026/10/08,2026-10,CALL,69875,565,88,,25.49,21.51,540,15,330,15,,,,,
2026/09/02 01:35,2026-09-02T01:50:46+09:00,2026/09/02,2026/10/08,2026-10,PUT,69875,4615,,,,,,,,,,,,,
2026/09/02 01:35,2026-09-02T01:50:46+09:00,2026/09/02,2026/10/08,2026-10,CALL,69750,585,2,,23.68,23.03,460,2,425,2,,,,,
2026/09/02 01:35,2026-09-02T01:50:46+09:00,2026/09/02,2026/10/08,2026-10,PUT,69750,4510,,,27.15,,5600,1,4760,1,,,,,
2026/09/02 01:35,2026-09-02T01:50:46+09:00,2026/09/02,2026/10/08,2026-10,CALL,69625,620,,,25.26,21.62,570,15,370,15,,,,,
2026/09/02 01:35,2026-09-02T01:50:46+09:00,2026/09/02,2026/10/08,2026-10,PUT,69625,4420,,,25.93,,5425,2,4670,2,,,,,
2026/09/02 01:35,2026-09-02T01:50:46+09:00,2026/09/02,2026/10/08,2026-10,CALL,69500,640,177,3,23.67,22.95,500,2,460,2,23.52,-165,-24.44,510,09/01 23:11
2026/09/02 01:35,2026-09-02T01:50:46+09:00,2026/09/02,2026/10/08,2026-10,PUT,69500,4315,,,30.1,,5590,1,4565,1,,,,,
2026/09/02 01:35,2026-09-02T01:50:46+09:00,2026/09/02,2026/10/08,2026-10,CALL,69375,665,,,25.32,21.85,620,15,420,15,,,,,
2026/09/02 01:35,2026-09-02T01:50:46+09:00,2026/09/02,2026/10/08,2026-10,PUT,69375,4210,,,25.81,,5215,2,4460,2,,,,,
2026/09/02 01:35,2026-09-02T01:50:46+09:00,2026/09/02,2026/10/08,2026-10,CALL,69250,690,1,,23.68,23,545,2,505,2,,,,,
2026/09/02 01:35,2026-09-02T01:50:46+09:00,2026/09/02,2026/10/08,2026-10,PUT,69250,4115,,,26.37,,5150,1,4365,1,,,,,
2026/09/02 01:35,2026-09-02T01:50:46+09:00,2026/09/02,2026/10/08,2026-10,CALL,69125,715,,,25.17,22.01,660,15,470,15,,,,,
2026/09/02 01:35,2026-09-02T01:50:46+09:00,2026/09/02,2026/10/08,2026-10,PUT,69125,4015,,,25.57,,5000,2,4265,2,,,,,
2026/09/02 01:35,2026-09-02T01:50:46+09:00,2026/09/02,2026/10/08,2026-10,CALL,69000,755,2863,10,23.64,23.07,590,2,555,2,23.29,-200,-24.39,620,09/01 23:20
2026/09/02 01:35,2026-09-02T01:50:46+09:00,2026/09/02,2026/10/08,2026-10,PUT,69000,3930,210,,26.32,,4950,4,4175,4,,,,,
2026/09/02 01:35,2026-09-02T01:50:46+09:00,2026/09/02,2026/10/08,2026-10,CALL,68875,785,,,25.45,22.01,730,15,515,15,,,,,
2026/09/02 01:35,2026-09-02T01:50:46+09:00,2026/09/02,2026/10/08,2026-10,PUT,68875,3835,,,25.45,9.66,4795,2,4085,2,,,,,
2026/09/02 01:35,2026-09-02T01:50:46+09:00,2026/09/02,2026/10/08,2026-10,CALL,68750,820,103,,23.64,23.08,640,2,605,2,,,,,
2026/09/02 01:35,2026-09-02T01:50:46+09:00,2026/09/02,2026/10/08,2026-10,PUT,68750,3745,,,26.6,11.34,4775,1,3995,1,,,,,
2026/09/02 01:35,2026-09-02T01:50:46+09:00,2026/09/02,2026/10/08,2026-10,CALL,68625,855,,,25.14,21.96,765,15,560,15,,,,,
2026/09/02 01:35,2026-09-02T01:50:46+09:00,2026/09/02,2026/10/08,2026-10,PUT,68625,3660,,,29.53,12.51,4885,2,3910,2,,,,,
2026/09/02 01:35,2026-09-02T01:50:46+09:00,2026/09/02,2026/10/08,2026-10,CALL,68500,935,1116,5,23.73,22.89,700,2,645,2,23.44,-195,-20.86,740,09/01 23:23
2026/09/02 01:35,2026-09-02T01:50:46+09:00,2026/09/02,2026/10/08,2026-10,PUT,68500,3565,3,,30.18,13.09,4840,1,3815,1,,,,,
2026/09/02 01:35,2026-09-02T01:50:46+09:00,2026/09/02,2026/10/08,2026-10,CALL,68375,930,,,25.3,21.93,835,15,610,15,,,,,
2026/09/02 01:35,2026-09-02T01:50:46+09:00,2026/09/02,2026/10/08,2026-10,PUT,68375,3480,,,25.88,13.8,4440,2,3730,2,,,,,
2026/09/02 01:35,2026-09-02T01:50:46+09:00,2026/09/02,2026/10/08,2026-10,CALL,68250,960,2,,23.84,23.03,765,2,710,2,,,,,
2026/09/02 01:35,2026-09-02T01:50:46+09:00,2026/09/02,2026/10/08,2026-10,PUT,68250,3390,,,28.64,14.26,4545,1,3640,1,,,,,
2026/09/02 01:35,2026-09-02T01:50:46+09:00,2026/09/02,2026/10/08,2026-10,CALL,68125,1000,14,,24.98,22.07,875,15,675,15,,,,,
2026/09/02 01:35,2026-09-02T01:50:46+09:00,2026/09/02,2026/10/08,2026-10,PUT,68125,3295,,,26.45,14.55,4295,2,3545,2,,,,,
2026/09/02 01:35,2026-09-02T01:50:46+09:00,2026/09/02,2026/10/08,2026-10,CALL,68000,1045,598,6,23.75,23.03,820,2,770,2,23.83,-340,-30.22,785,09/01 21:00
2026/09/02 01:35,2026-09-02T01:50:46+09:00,2026/09/02,2026/10/08,2026-10,PUT,68000,3220,541,,25.92,13.88,4165,4,3405,4,,,,,
2026/09/02 01:35,2026-09-02T01:50:46+09:00,2026/09/02,2026/10/08,2026-10,CALL,67875,1075,,,25.04,22.22,945,15,745,15,,,,,
2026/09/02 01:35,2026-09-02T01:50:46+09:00,2026/09/02,2026/10/08,2026-10,PUT,67875,3130,,,29.49,15.44,4340,2,3380,2,,,,,
2026/09/02 01:35,2026-09-02T01:50:46+09:00,2026/09/02,2026/10/08,2026-10,CALL,67750,1125,1,1,23.95,23.05,900,2,835,2,23.6,-285,-24.36,885,09/01 22:35
2026/09/02 01:35,2026-09-02T01:50:46+09:00,2026/09/02,2026/10/08,2026-10,PUT,67750,3045,9,,26.21,15.75,4005,1,3295,1,,,,,
2026/09/02 01:35,2026-09-02T01:50:46+09:00,2026/09/02,2026/10/08,2026-10,CALL,67625,1165,,,24.92,22.24,1005,15,810,15,,,,,
2026/09/02 01:35,2026-09-02T01:50:46+09:00,2026/09/02,2026/10/08,2026-10,PUT,67625,2965,6,,26.12,16.1,3910,2,3215,2,,,,,
2026/09/02 01:35,2026-09-02T01:50:46+09:00,2026/09/02,2026/10/08,2026-10,CALL,67500,1215,123,2,23.89,23.15,965,2,910,2,23.77,-440,-32.12,930,09/01 18:57
2026/09/02 01:35,2026-09-02T01:50:46+09:00,2026/09/02,2026/10/08,2026-10,PUT,67500,2885,38,,29.23,12.43,4060,1,2905,1,,,,,
2026/09/02 01:35,2026-09-02T01:50:46+09:00,2026/09/02,2026/10/08,2026-10,CALL,67375,1255,,,25.4,22.19,1115,15,875,15,,,,,
2026/09/02 01:35,2026-09-02T01:50:46+09:00,2026/09/02,2026/10/08,2026-10,PUT,67375,2810,,,29.04,16.76,3960,2,3060,2,,,,,
2026/09/02 01:35,2026-09-02T01:50:46+09:00,2026/09/02,2026/10/08,2026-10,CALL,67250,1305,,,24.05,23.12,1050,2,980,2,,,,,
2026/09/02 01:35,2026-09-02T01:50:46+09:00,2026/09/02,2026/10/08,2026-10,PUT,67250,2730,,,29.03,17,3875,1,2980,1,,,,,
2026/09/02 01:35,2026-09-02T01:50:46+09:00,2026/09/02,2026/10/08,2026-10,CALL,67125,1355,,,25.11,22.36,1170,15,960,15,,,,,
2026/09/02 01:35,2026-09-02T01:50:46+09:00,2026/09/02,2026/10/08,2026-10,PUT,67125,2660,,,25.49,17.34,3515,2,2910,2,,,,,
2026/09/02 01:35,2026-09-02T01:50:46+09:00,2026/09/02,2026/10/08,2026-10,CALL,67000,1415,509,13,24.14,23.1,1135,2,1055,2,23.49,-365,-23.78,1170,09/01 23:18
2026/09/02 01:35,2026-09-02T01:50:46+09:00,2026/09/02,2026/10/08,2026-10,PUT,67000,2595,511,1,29.04,20.19,3710,4,3025,4,23.51,,,3160,09/01 23:14
2026/09/02 01:35,2026-09-02T01:50:46+09:00,2026/09/02,2026/10/08,2026-10,CALL,66875,1470,12,,25.09,22.32,1250,15,1035,15,,,,,
2026/09/02 01:35,2026-09-02T01:50:46+09:00,2026/09/02,2026/10/08,2026-10,PUT,66875,2525,,,25.53,18.01,3350,2,2775,2,,,,,
2026/09/02 01:35,2026-09-02T01:50:46+09:00,2026/09/02,2026/10/08,2026-10,CALL,66750,1515,124,,24.04,23.22,1210,2,1145,2,,,,,
2026/09/02 01:35,2026-09-02T01:50:46+09:00,2026/09/02,2026/10/08,2026-10,PUT,66750,2440,,,25.5,18.06,3265,1,2690,1,,,,,
2026/09/02 01:35,2026-09-02T01:50:46+09:00,2026/09/02,2026/10/08,2026-10,CALL,66625,1575,,,25.33,22.49,1355,15,1130,15,,,,,
2026/09/02 01:35,2026-09-02T01:50:46+09:00,2026/09/02,2026/10/08,2026-10,PUT,66625,2375,,,28.63,18.35,3435,2,2625,2,,,,,
2026/09/02 01:35,2026-09-02T01:50:46+09:00,2026/09/02,2026/10/08,2026-10,CALL,66500,1630,3,,24.34,23.08,1320,2,1220,2,,,,,
2026/09/02 01:35,2026-09-02T01:50:46+09:00,2026/09/02,2026/10/08,2026-10,PUT,66500,2305,93,,24.71,22.45,3040,1,2860,2,,,,,
2026/09/02 01:35,2026-09-02T01:50:46+09:00,2026/09/02,2026/10/08,2026-10,CALL,66375,1685,1,,25.26,22.59,1440,15,1225,15,,,,,
2026/09/02 01:35,2026-09-02T01:50:46+09:00,2026/09/02,2026/10/08,2026-10,PUT,66375,2240,,,29.26,18.41,3330,2,2460,2,,,,,
2026/09/02 01:35,2026-09-02T01:50:46+09:00,2026/09/02,2026/10/08,2026-10,CALL,66250,1745,4,,24.38,23.21,1415,2,1320,2,,,,,
2026/09/02 01:35,2026-09-02T01:50:46+09:00,2026/09/02,2026/10/08,2026-10,PUT,66250,2175,,,24.63,23.08,2875,1,2750,1,,,,,
2026/09/02 01:35,2026-09-02T01:50:46+09:00,2026/09/02,2026/10/08,2026-10,CALL,66125,1810,,,25.45,22.57,1550,15,1315,15,,,,,
2026/09/02 01:35,2026-09-02T01:50:46+09:00,2026/09/02,2026/10/08,2026-10,PUT,66125,2115,,,28.26,17.77,3095,2,2245,2,,,,,
2026/09/02 01:35,2026-09-02T01:50:46+09:00,2026/09/02,2026/10/08,2026-10,CALL,66000,1875,470,9,24.31,23.33,1505,1,1425,1,23.62,-465,-24.03,1470,09/01 17:31
2026/09/02 01:35,2026-09-02T01:50:46+09:00,2026/09/02,2026/10/08,2026-10,PUT,66000,2055,1037,1,24.98,23.33,2750,1,2615,1,24.22,890,46.48,2805,09/01 22:05
2026/09/02 01:35,2026-09-02T01:50:46+09:00,2026/09/02,2026/10/08,2026-10,CALL,65875,1950,1,,25.53,22.67,1655,15,1420,15,,,,,
2026/09/02 01:35,2026-09-02T01:50:46+09:00,2026/09/02,2026/10/08,2026-10,PUT,65875,1995,,,25.53,22.42,2720,15,2465,15,,,,,
2026/09/02 01:35,2026-09-02T01:50:46+09:00,2026/09/02,2026/10/08,2026-10,CALL,65750,2020,54,,24.54,23.21,1625,1,1515,1,,,,,
2026/09/02 01:35,2026-09-02T01:50:46+09:00,2026/09/02,2026/10/08,2026-10,PUT,65750,1940,51,,24.78,22.9,2585,1,2430,16,,,,,
2026/09/02 01:35,2026-09-02T01:50:46+09:00,2026/09/02,2026/10/08,2026-10,CALL,65625,2080,,,25.42,22.88,1750,15,1540,15,,,,,
2026/09/02 01:35,2026-09-02T01:50:46+09:00,2026/09/02,2026/10/08,2026-10,PUT,65625,1880,,,25.6,22.58,2580,15,2330,15,,,,,
2026/09/02 01:35,2026-09-02T01:50:46+09:00,2026/09/02,2026/10/08,2026-10,CALL,65500,2150,121,,24.9,23.33,1760,1,1630,1,,,,,
2026/09/02 01:35,2026-09-02T01:50:46+09:00,2026/09/02,2026/10/08,2026-10,PUT,65500,1820,141,,24.96,23.45,2455,1,2330,1,,,,,
2026/09/02 01:35,2026-09-02T01:50:46+09:00,2026/09/02,2026/10/08,2026-10,CALL,65375,2225,,,25.56,22.86,1870,15,1645,15,,,,,
2026/09/02 01:35,2026-09-02T01:50:46+09:00,2026/09/02,2026/10/08,2026-10,PUT,65375,1765,231,,25.68,22.98,2445,15,2220,15,,,,,
2026/09/02 01:35,2026-09-02T01:50:46+09:00,2026/09/02,2026/10/08,2026-10,CALL,65250,2290,1,,24.71,23.45,1855,1,1750,1,,,,,
2026/09/02 01:35,2026-09-02T01:50:46+09:00,2026/09/02,2026/10/08,2026-10,PUT,65250,1710,9,,25.37,23.09,2350,16,2160,16,,,,,
2026/09/02 01:35,2026-09-02T01:50:46+09:00,2026/09/02,2026/10/08,2026-10,CALL,65125,2360,,,25.35,23.01,1965,15,1770,15,,,,,
2026/09/02 01:35,2026-09-02T01:50:46+09:00,2026/09/02,2026/10/08,2026-10,PUT,65125,1655,,,25.65,23.01,2305,15,2085,15,,,,,
2026/09/02 01:35,2026-09-02T01:50:46+09:00,2026/09/02,2026/10/08,2026-10,CALL,65000,2430,145,1,25.31,23.28,2020,16,1850,1,24.65,,,1955,09/01 20:43
2026/09/02 01:35,2026-09-02T01:50:46+09:00,2026/09/02,2026/10/08,2026-10,PUT,65000,1605,1747,,25.49,23.4,2225,16,2050,16,,,,,
2026/09/02 01:35,2026-09-02T01:50:46+09:00,2026/09/02,2026/10/08,2026-10,CALL,64875,2505,,,25.5,23.1,2095,15,1895,15,,,,,
2026/09/02 01:35,2026-09-02T01:50:46+09:00,2026/09/02,2026/10/08,2026-10,PUT,64875,1555,,,25.98,23.34,2200,15,1980,15,,,,,
2026/09/02 01:35,2026-09-02T01:50:46+09:00,2026/09/02,2026/10/08,2026-10,CALL,64750,2590,,,25.44,23.16,2150,16,1960,16,,,,,
2026/09/02 01:35,2026-09-02T01:50:46+09:00,2026/09/02,2026/10/08,2026-10,PUT,64750,1505,4,,25.08,23.58,2060,1,1935,16,,,,,
2026/09/02 01:35,2026-09-02T01:50:46+09:00,2026/09/02,2026/10/08,2026-10,CALL,64625,2665,,,25.78,23.13,2240,15,2020,15,,,,,
2026/09/02 01:35,2026-09-02T01:50:46+09:00,2026/09/02,2026/10/08,2026-10,PUT,64625,1455,,,25.9,23.25,2065,15,1845,15,,,,,
2026/09/02 01:35,2026-09-02T01:50:46+09:00,2026/09/02,2026/10/08,2026-10,CALL,64500,2745,,,25.2,23.88,2255,1,2145,1,,,,,
2026/09/02 01:35,2026-09-02T01:50:46+09:00,2026/09/02,2026/10/08,2026-10,PUT,64500,1410,441,1,25.75,23.76,1990,16,1825,16,24.73,490,33.79,1940,09/01 18:54
2026/09/02 01:35,2026-09-02T01:50:46+09:00,2026/09/02,2026/10/08,2026-10,CALL,64375,2825,,,26.24,23.28,2405,15,2160,15,,,,,
2026/09/02 01:35,2026-09-02T01:50:46+09:00,2026/09/02,2026/10/08,2026-10,PUT,64375,1365,,,26.06,23.34,1955,15,1730,15,,,,,
2026/09/02 01:35,2026-09-02T01:50:46+09:00,2026/09/02,2026/10/08,2026-10,CALL,64250,2905,,,25.27,23.82,2390,1,2270,1,,,,,
2026/09/02 01:35,2026-09-02T01:50:46+09:00,2026/09/02,2026/10/08,2026-10,PUT,64250,1325,7,,25.7,23.94,1865,1,1720,1,,,,,
2026/09/02 01:35,2026-09-02T01:50:46+09:00,2026/09/02,2026/10/08,2026-10,CALL,64125,2990,,,25.87,23.49,2505,15,2310,15,,,,,
2026/09/02 01:35,2026-09-02T01:50:46+09:00,2026/09/02,2026/10/08,2026-10,PUT,64125,1280,,,26.05,23.68,1835,15,1640,15,,,,,
2026/09/02 01:35,2026-09-02T01:50:46+09:00,2026/09/02,2026/10/08,2026-10,CALL,64000,3060,31,1,25.47,24,2540,1,2420,1,24.99,-820,-25.51,2395,09/01 22:03
2026/09/02 01:35,2026-09-02T01:50:46+09:00,2026/09/02,2026/10/08,2026-10,PUT,64000,1210,1064,,25.59,24.06,1740,1,1615,16,,,,,
2026/09/02 01:35,2026-09-02T01:50:46+09:00,2026/09/02,2026/10/08,2026-10,CALL,63875,3155,50,,26.29,23.52,2675,15,2450,15,,,,,
2026/09/02 01:35,2026-09-02T01:50:46+09:00,2026/09/02,2026/10/08,2026-10,PUT,63875,1195,55,,26.22,23.83,1735,15,1540,15,,,,,
2026/09/02 01:35,2026-09-02T01:50:46+09:00,2026/09/02,2026/10/08,2026-10,CALL,63750,3230,,,25.67,23.63,2695,1,2530,16,,,,,
2026/09/02 01:35,2026-09-02T01:50:46+09:00,2026/09/02,2026/10/08,2026-10,PUT,63750,1155,20,,25.8,24.19,1645,1,1515,16,,,,,
2026/09/02 01:35,2026-09-02T01:50:46+09:00,2026/09/02,2026/10/08,2026-10,CALL,63625,3330,,,26.22,23.42,2810,15,2585,15,,,,,
2026/09/02 01:35,2026-09-02T01:50:46+09:00,2026/09/02,2026/10/08,2026-10,PUT,63625,1130,6,,26.53,23.8,1650,15,1430,15,,,,,
2026/09/02 01:35,2026-09-02T01:50:46+09:00,2026/09/02,2026/10/08,2026-10,CALL,63500,3410,,,26.45,23.95,2900,16,2700,16,,,,,
2026/09/02 01:35,2026-09-02T01:50:46+09:00,2026/09/02,2026/10/08,2026-10,PUT,63500,1080,32,,25.7,24.45,1530,1,1430,1,,,,,
2026/09/02 01:35,2026-09-02T01:50:46+09:00,2026/09/02,2026/10/08,2026-10,CALL,63375,3495,,,26.73,23.89,2995,15,2770,15,,,,,
2026/09/02 01:35,2026-09-02T01:50:46+09:00,2026/09/02,2026/10/08,2026-10,PUT,63375,1055,5,,26.73,23.96,1560,15,1340,15,,,,,
2026/09/02 01:35,2026-09-02T01:50:46+09:00,2026/09/02,2026/10/08,2026-10,CALL,63250,3585,,,26.24,24.08,3030,16,2860,16,,,,,
2026/09/02 01:35,2026-09-02T01:50:46+09:00,2026/09/02,2026/10/08,2026-10,PUT,63250,1010,110,,25.98,24.59,1450,1,1340,1,,,,,
2026/09/02 01:35,2026-09-02T01:50:46+09:00,2026/09/02,2026/10/08,2026-10,CALL,63125,3680,,,26.68,23.8,3140,15,2915,15,,,,,
2026/09/02 01:35,2026-09-02T01:50:46+09:00,2026/09/02,2026/10/08,2026-10,PUT,63125,990,,,26.74,23.93,1460,15,1240,15,,,,,
2026/09/02 01:35,2026-09-02T01:50:46+09:00,2026/09/02,2026/10/08,2026-10,CALL,63000,3765,4,,26.8,24.8,3225,16,3070,1,,,,,
2026/09/02 01:35,2026-09-02T01:50:46+09:00,2026/09/02,2026/10/08,2026-10,PUT,63000,925,538,13,26.02,24.86,1355,1,1265,1,25.23,275,29.73,1200,09/01 23:55
2026/09/02 01:35,2026-09-02T01:50:46+09:00,2026/09/02,2026/10/08,2026-10,CALL,62875,3865,,,27.16,23.9,3330,15,3080,15,,,,,
2026/09/02 01:35,2026-09-02T01:50:46+09:00,2026/09/02,2026/10/08,2026-10,PUT,62875,925,6,,27.03,23.9,1385,15,1145,15,,,,,
2026/09/02 01:35,2026-09-02T01:50:46+09:00,2026/09/02,2026/10/08,2026-10,CALL,62750,3950,,,27.06,24.29,3400,17,3190,17,,,,,
2026/09/02 01:35,2026-09-02T01:50:46+09:00,2026/09/02,2026/10/08,2026-10,PUT,62750,880,40,,26.53,25.28,1300,1,1205,1,,,,,
2026/09/02 01:35,2026-09-02T01:50:46+09:00,2026/09/02,2026/10/08,2026-10,CALL,62625,4060,,,27.4,24.07,3505,15,3255,15,,,,,
2026/09/02 01:35,2026-09-02T01:50:46+09:00,2026/09/02,2026/10/08,2026-10,PUT,62625,835,123,,27.13,24.27,1300,15,1085,15,,,,,
2026/09/02 01:35,2026-09-02T01:50:46+09:00,2026/09/02,2026/10/08,2026-10,CALL,62500,4145,,,26.73,24.51,3535,17,3370,2,,,,,
2026/09/02 01:35,2026-09-02T01:50:46+09:00,2026/09/02,2026/10/08,2026-10,PUT,62500,800,651,,26.47,25.26,1205,2,1115,2,,,,,
2026/09/02 01:35,2026-09-02T01:50:46+09:00,2026/09/02,2026/10/08,2026-10,CALL,62375,4250,,,31.83,20.16,4000,2,3145,2,,,,,
2026/09/02 01:35,2026-09-02T01:50:46+09:00,2026/09/02,2026/10/08,2026-10,PUT,62375,810,6,,27.25,24.33,1220,15,1005,15,,,,,
2026/09/02 01:35,2026-09-02T01:50:46+09:00,2026/09/02,2026/10/08,2026-10,CALL,62250,4335,,,27.02,24.68,3720,2,3550,2,,,,,
2026/09/02 01:35,2026-09-02T01:50:46+09:00,2026/09/02,2026/10/08,2026-10,PUT,62250,750,64,2,26.61,25.37,1130,2,1040,2,26.11,260,34.67,1010,09/02 00:03
2026/09/02 01:35,2026-09-02T01:50:46+09:00,2026/09/02,2026/10/08,2026-10,CALL,62125,4450,,,32.39,23.54,4200,2,3555,2,,,,,
2026/09/02 01:35,2026-09-02T01:50:46+09:00,2026/09/02,2026/10/08,2026-10,PUT,62125,760,,,27.59,24.32,1160,15,925,15,,,,,
2026/09/02 01:35,2026-09-02T01:50:46+09:00,2026/09/02,2026/10/08,2026-10,CALL,62000,4535,49,,27.47,25.29,3920,6,3765,2,,,,,
2026/09/02 01:35,2026-09-02T01:50:46+09:00,2026/09/02,2026/10/08,2026-10,PUT,62000,705,1115,29,26.98,25.58,1075,2,975,2,26.14,290,41.13,995,09/02 01:27
2026/09/02 01:35,2026-09-02T01:50:46+09:00,2026/09/02,2026/10/08,2026-10,CALL,61875,4650,,,32.91,24.17,4400,2,3775,2,,,,,
2026/09/02 01:35,2026-09-02T01:50:46+09:00,2026/09/02,2026/10/08,2026-10,PUT,61875,710,22,,27.89,24.54,1100,15,865,15,,,,,
2026/09/02 01:35,2026-09-02T01:50:46+09:00,2026/09/02,2026/10/08,2026-10,CALL,61750,4735,,,27.46,24.99,4090,2,3920,2,,,,,
2026/09/02 01:35,2026-09-02T01:50:46+09:00,2026/09/02,2026/10/08,2026-10,PUT,61750,670,63,,27.1,25.95,1005,2,925,2,,,,,
2026/09/02 01:35,2026-09-02T01:50:46+09:00,2026/09/02,2026/10/08,2026-10,CALL,61625,4855,,,33.47,19.56,4605,2,3665,2,,,,,
2026/09/02 01:35,2026-09-02T01:50:46+09:00,2026/09/02,2026/10/08,2026-10,PUT,61625,665,98,,27.86,25,1020,15,825,15,,,,,
2026/09/02 01:35,2026-09-02T01:50:46+09:00,2026/09/02,2026/10/08,2026-10,CALL,61500,4945,,,33.57,24.84,4695,1,4090,1,,,,,
2026/09/02 01:35,2026-09-02T01:50:46+09:00,2026/09/02,2026/10/08,2026-10,PUT,61500,625,4,,27.38,26.05,950,2,860,2,,,,,
2026/09/02 01:35,2026-09-02T01:50:46+09:00,2026/09/02,2026/10/08,2026-10,CALL,61375,5060,,,34.01,19.88,4810,2,3880,2,,,,,
2026/09/02 01:35,2026-09-02T01:50:46+09:00,2026/09/02,2026/10/08,2026-10,PUT,61375,620,103,,28.21,24.66,970,15,735,15,,,,,
2026/09/02 01:35,2026-09-02T01:50:46+09:00,2026/09/02,2026/10/08,2026-10,CALL,61250,5150,,,34.09,19.42,4900,1,3955,1,,,,,
2026/09/02 01:35,2026-09-02T01:50:46+09:00,2026/09/02,2026/10/08,2026-10,PUT,61250,585,99,,27.24,26.25,870,2,805,2,,,,,
2026/09/02 01:35,2026-09-02T01:50:46+09:00,2026/09/02,2026/10/08,2026-10,CALL,61125,5270,,,34.59,19.58,5020,2,4065,2,,,,,
2026/09/02 01:35,2026-09-02T01:50:46+09:00,2026/09/02,2026/10/08,2026-10,PUT,61125,585,14,,28.3,25.26,905,15,710,15,,,,,
2026/09/02 01:35,2026-09-02T01:50:46+09:00,2026/09/02,2026/10/08,2026-10,CALL,61000,5365,201,,34.72,23.61,5115,4,4390,4,,,,,
2026/09/02 01:35,2026-09-02T01:50:46+09:00,2026/09/02,2026/10/08,2026-10,PUT,61000,545,883,4,27.43,26.48,815,2,755,2,26.71,245,50.52,730,09/02 00:07
2026/09/02 01:35,2026-09-02T01:50:46+09:00,2026/09/02,2026/10/08,2026-10,CALL,60875,5480,,,35.14,25.1,5230,2,4575,2,,,,,
2026/09/02 01:35,2026-09-02T01:50:46+09:00,2026/09/02,2026/10/08,2026-10,PUT,60875,540,7,,28.8,25.19,870,15,645,15,,,,,
2026/09/02 01:35,2026-09-02T01:50:46+09:00,2026/09/02,2026/10/08,2026-10,CALL,60750,5575,,,35.26,23.69,5325,1,4590,1,,,,,
2026/09/02 01:35,2026-09-02T01:50:46+09:00,2026/09/02,2026/10/08,2026-10,PUT,60750,495,51,,27.81,26.83,775,2,715,2,,,,,
2026/09/02 01:35,2026-09-02T01:50:46+09:00,2026/09/02,2026/10/08,2026-10,CALL,60625,5695,,,35.74,25.29,5445,2,4780,2,,,,,
2026/09/02 01:35,2026-09-02T01:50:46+09:00,2026/09/02,2026/10/08,2026-10,PUT,60625,505,3,,28.79,25.73,805,15,620,15,,,,,
2026/09/02 01:35,2026-09-02T01:50:46+09:00,2026/09/02,2026/10/08,2026-10,CALL,60500,5795,100,,35.93,25.15,5545,1,4870,1,,,,,
2026/09/02 01:35,2026-09-02T01:50:46+09:00,2026/09/02,2026/10/08,2026-10,PUT,60500,475,136,,27.9,27.06,720,2,670,2,,,,,
2026/09/02 01:35,2026-09-02T01:50:46+09:00,2026/09/02,2026/10/08,2026-10,CALL,60375,5910,,,36.32,18.76,5660,2,4660,2,,,,,
2026/09/02 01:35,2026-09-02T01:50:46+09:00,2026/09/02,2026/10/08,2026-10,PUT,60375,450,324,,29.05,25.43,760,15,550,15,,,,,
2026/09/02 01:35,2026-09-02T01:50:46+09:00,2026/09/02,2026/10/08,2026-10,CALL,60250,6015,,,36.57,23.43,5765,1,4980,1,,,,,
2026/09/02 01:35,2026-09-02T01:50:46+09:00,2026/09/02,2026/10/08,2026-10,PUT,60250,445,21,,28.19,27.15,680,2,620,2,,,,,
2026/09/02 01:35,2026-09-02T01:50:46+09:00,2026/09/02,2026/10/08,2026-10,CALL,60125,6135,,,37.03,19.92,5885,2,4925,2,,,,,
2026/09/02 01:35,2026-09-02T01:50:46+09:00,2026/09/02,2026/10/08,2026-10,PUT,60125,425,5,,29.28,25.9,715,15,525,15,,,,,
2026/09/02 01:35,2026-09-02T01:50:46+09:00,2026/09/02,2026/10/08,2026-10,CALL,60000,6235,1,,37.11,17.84,5980,4,4960,4,,,,,
2026/09/02 01:35,2026-09-02T01:50:46+09:00,2026/09/02,2026/10/08,2026-10,PUT,60000,410,3068,26,28.27,27.55,630,2,590,2,27.74,115,28.05,525,09/02 00:55
2026/09/02 01:35,2026-09-02T01:50:46+09:00,2026/09/02,2026/10/08,2026-10,CALL,59875,6360,,,34.82,17.89,5925,2,5075,2,,,,,
2026/09/02 01:35,2026-09-02T01:50:46+09:00,2026/09/02,2026/10/08,2026-10,PUT,59875,425,21,,29.55,26.14,675,15,490,15,,,,,
2026/09/02 01:35,2026-09-02T01:50:46+09:00,2026/09/02,2026/10/08,2026-10,CALL,59750,6460,,,,,,,,,,,,,
2026/09/02 01:35,2026-09-02T01:50:46+09:00,2026/09/02,2026/10/08,2026-10,PUT,59750,395,14,1,28.67,27.74,600,2,550,2,28.22,85,18.48,545,09/01 23:14
2026/09/02 01:35,2026-09-02T01:50:46+09:00,2026/09/02,2026/10/08,2026-10,CALL,59625,6585,,,,,,,,,,,,,
2026/09/02 01:35,2026-09-02T01:50:46+09:00,2026/09/02,2026/10/08,2026-10,PUT,59625,395,17,,29.96,26.02,645,15,440,15,,,,,
2026/09/02 01:35,2026-09-02T01:50:46+09:00,2026/09/02,2026/10/08,2026-10,CALL,59500,6685,,,,,,,,,,,,,
2026/09/02 01:35,2026-09-02T01:50:46+09:00,2026/09/02,2026/10/08,2026-10,PUT,59500,360,48,,28.75,28.07,555,2,520,2,,,,,
2026/09/02 01:35,2026-09-02T01:50:46+09:00,2026/09/02,2026/10/08,2026-10,CALL,59375,6805,,,,,,,,,,,,,
2026/09/02 01:35,2026-09-02T01:50:46+09:00,2026/09/02,2026/10/08,2026-10,PUT,59375,365,3,,30.16,26.16,605,15,405,15,,,,,
2026/09/02 01:35,2026-09-02T01:50:46+09:00,2026/09/02,2026/10/08,2026-10,CALL,59250,6915,,,,,,,,,,,,,
2026/09/02 01:35,2026-09-02T01:50:46+09:00,2026/09/02,2026/10/08,2026-10,PUT,59250,345,141,,28.97,28.37,520,2,490,2,,,,,
2026/09/02 01:35,2026-09-02T01:50:46+09:00,2026/09/02,2026/10/08,2026-10,CALL,59125,7025,,,,,,,,,,,,,
2026/09/02 01:35,2026-09-02T01:50:46+09:00,2026/09/02,2026/10/08,2026-10,PUT,59125,330,63,,30.6,25.78,580,15,350,15,,,,,
2026/09/02 01:35,2026-09-02T01:50:46+09:00,2026/09/02,2026/10/08,2026-10,CALL,59000,7140,,,,,,,,,,,,,
2026/09/02 01:35,2026-09-02T01:50:46+09:00,2026/09/02,2026/10/08,2026-10,PUT,59000,325,344,27,29.36,28.52,495,2,455,2,28.63,115,36.51,430,09/02 00:04
2026/09/02 01:35,2026-09-02T01:50:46+09:00,2026/09/02,2026/10/08,2026-10,CALL,58875,7260,,,,,,,,,,,,,
2026/09/02 01:35,2026-09-02T01:50:46+09:00,2026/09/02,2026/10/08,2026-10,PUT,58875,325,2,,30.82,26.25,545,15,335,15,,,,,
2026/09/02 01:35,2026-09-02T01:50:46+09:00,2026/09/02,2026/10/08,2026-10,CALL,58750,7375,,,,,,,,,,,,,
2026/09/02 01:35,2026-09-02T01:50:46+09:00,2026/09/02,2026/10/08,2026-10,PUT,58750,310,32,,29.5,28.74,460,2,425,2,,,,,
2026/09/02 01:35,2026-09-02T01:50:46+09:00,2026/09/02,2026/10/08,2026-10,CALL,58625,7485,,,,,,,,,,,,,
2026/09/02 01:35,2026-09-02T01:50:46+09:00,2026/09/02,2026/10/08,2026-10,PUT,58625,293,20,,30.89,26.95,505,15,330,15,,,,,
2026/09/02 01:35,2026-09-02T01:50:46+09:00,2026/09/02,2026/10/08,2026-10,CALL,58500,7605,,,,,,,,,,,,,
2026/09/02 01:35,2026-09-02T01:50:46+09:00,2026/09/02,2026/10/08,2026-10,PUT,58500,292,161,,29.82,29.03,435,2,400,2,,,,,
2026/09/02 01:35,2026-09-02T01:50:46+09:00,2026/09/02,2026/10/08,2026-10,CALL,58375,7725,,,,,,,,,,,,,
2026/09/02 01:35,2026-09-02T01:50:46+09:00,2026/09/02,2026/10/08,2026-10,PUT,58375,283,463,,31.24,26.85,480,15,294,15,,,,,
2026/09/02 01:35,2026-09-02T01:50:46+09:00,2026/09/02,2026/10/08,2026-10,CALL,58250,7835,,,,,,,,,,,,,
2026/09/02 01:35,2026-09-02T01:50:46+09:00,2026/09/02,2026/10/08,2026-10,PUT,58250,267,114,,30.11,29.4,410,2,380,2,,,,,
2026/09/02 01:35,2026-09-02T01:50:46+09:00,2026/09/02,2026/10/08,2026-10,CALL,58000,8070,,,,,,,,,,,,,
2026/09/02 01:35,2026-09-02T01:50:46+09:00,2026/09/02,2026/10/08,2026-10,PUT,58000,256,1800,11,30.36,29.63,385,2,355,2,30,99,39.44,350,09/01 23:14
2026/09/02 01:35,2026-09-02T01:50:46+09:00,2026/09/02,2026/10/08,2026-10,CALL,57750,8310,,,,,,,,,,,,,
2026/09/02 01:35,2026-09-02T01:50:46+09:00,2026/09/02,2026/10/08,2026-10,PUT,57750,247,70,,30.58,29.94,360,2,335,2,,,,,
2026/09/02 01:35,2026-09-02T01:50:46+09:00,2026/09/02,2026/10/08,2026-10,CALL,57500,8545,,,,,,,,,,,,,
2026/09/02 01:35,2026-09-02T01:50:46+09:00,2026/09/02,2026/10/08,2026-10,PUT,57500,231,300,,30.89,30.22,340,2,315,2,,,,,
2026/09/02 01:35,2026-09-02T01:50:46+09:00,2026/09/02,2026/10/08,2026-10,CALL,57250,8785,,,,,,,,,,,,,
2026/09/02 01:35,2026-09-02T01:50:46+09:00,2026/09/02,2026/10/08,2026-10,PUT,57250,220,83,,31.16,30.5,320,2,296,2,,,,,
2026/09/02 01:35,2026-09-02T01:50:46+09:00,2026/09/02,2026/10/08,2026-10,CALL,57000,9020,1,,,,,,,,,,,,
2026/09/02 01:35,2026-09-02T01:50:46+09:00,2026/09/02,2026/10/08,2026-10,PUT,57000,203,742,4,31.55,30.86,305,2,281,2,30.99,67,33,270,09/02 00:08
2026/09/02 01:35,2026-09-02T01:50:46+09:00,2026/09/02,2026/10/08,2026-10,CALL,56750,9260,,,,,,,,,,,,,
2026/09/02 01:35,2026-09-02T01:50:46+09:00,2026/09/02,2026/10/08,2026-10,PUT,56750,198,85,,31.83,31.16,287,2,265,2,,,,,
2026/09/02 01:35,2026-09-02T01:50:46+09:00,2026/09/02,2026/10/08,2026-10,CALL,56500,9500,,,,,,,,,,,,,
2026/09/02 01:35,2026-09-02T01:50:46+09:00,2026/09/02,2026/10/08,2026-10,PUT,56500,183,404,,32.13,31.47,271,2,250,2,,,,,
2026/09/02 01:35,2026-09-02T01:50:46+09:00,2026/09/02,2026/10/08,2026-10,CALL,56250,9740,,,,,,,,,,,,,
2026/09/02 01:35,2026-09-02T01:50:46+09:00,2026/09/02,2026/10/08,2026-10,PUT,56250,173,45,,32.47,31.72,257,2,234,2,,,,,
2026/09/02 01:35,2026-09-02T01:50:46+09:00,2026/09/02,2026/10/08,2026-10,CALL,56000,9980,,,,,,,,,,,,,
2026/09/02 01:35,2026-09-02T01:50:46+09:00,2026/09/02,2026/10/08,2026-10,PUT,56000,165,440,8,32.85,32.21,245,2,226,2,32.66,56,33.94,221,09/01 23:15
2026/09/02 01:35,2026-09-02T01:50:46+09:00,2026/09/02,2026/10/08,2026-10,CALL,55750,10220,,,,,,,,,,,,,
2026/09/02 01:35,2026-09-02T01:50:46+09:00,2026/09/02,2026/10/08,2026-10,PUT,55750,161,40,,33.21,32.43,233,2,211,2,,,,,
2026/09/02 01:35,2026-09-02T01:50:46+09:00,2026/09/02,2026/10/08,2026-10,CALL,55500,10465,,,,,,,,,,,,,
2026/09/02 01:35,2026-09-02T01:50:46+09:00,2026/09/02,2026/10/08,2026-10,PUT,55500,151,253,,33.44,32.77,218,2,200,2,,,,,
2026/09/02 01:35,2026-09-02T01:50:46+09:00,2026/09/02,2026/10/08,2026-10,CALL,55250,10705,,,,,,,,,,,,,
2026/09/02 01:35,2026-09-02T01:50:46+09:00,2026/09/02,2026/10/08,2026-10,PUT,55250,147,47,,33.94,33.01,211,2,187,2,,,,,
2026/09/02 01:35,2026-09-02T01:50:46+09:00,2026/09/02,2026/10/08,2026-10,CALL,55000,10950,4,,,,,,,,,,,,
2026/09/02 01:35,2026-09-02T01:50:46+09:00,2026/09/02,2026/10/08,2026-10,PUT,55000,139,2549,22,34.27,33.46,200,2,180,2,33.72,34,24.46,173,09/02 00:40
2026/09/02 01:35,2026-09-02T01:50:46+09:00,2026/09/02,2026/10/08,2026-10,CALL,54750,11190,,,,,,,,,,,,,
2026/09/02 01:35,2026-09-02T01:50:46+09:00,2026/09/02,2026/10/08,2026-10,PUT,54750,134,19,,34.54,33.78,188,2,170,2,,,,,
2026/09/02 01:35,2026-09-02T01:50:46+09:00,2026/09/02,2026/10/08,2026-10,CALL,54500,11435,,,,,,,,,,,,,
2026/09/02 01:35,2026-09-02T01:50:46+09:00,2026/09/02,2026/10/08,2026-10,PUT,54500,128,607,,34.98,34.2,181,2,163,2,,,,,
2026/09/02 01:35,2026-09-02T01:50:46+09:00,2026/09/02,2026/10/08,2026-10,CALL,54250,11680,,,,,,,,,,,,,
2026/09/02 01:35,2026-09-02T01:50:46+09:00,2026/09/02,2026/10/08,2026-10,PUT,54250,121,59,,35.33,34.51,172,2,154,2,,,,,
2026/09/02 01:35,2026-09-02T01:50:46+09:00,2026/09/02,2026/10/08,2026-10,CALL,54000,11925,,,,,,,,,,,,,
2026/09/02 01:35,2026-09-02T01:50:46+09:00,2026/09/02,2026/10/08,2026-10,PUT,54000,117,723,,35.61,34.94,162,2,148,3,,,,,
2026/09/02 01:35,2026-09-02T01:50:46+09:00,2026/09/02,2026/10/08,2026-10,CALL,53750,12170,,,,,,,,,,,,,
2026/09/02 01:35,2026-09-02T01:50:46+09:00,2026/09/02,2026/10/08,2026-10,PUT,53750,112,16,,36.01,35.11,155,2,137,2,,,,,
2026/09/02 01:35,2026-09-02T01:50:46+09:00,2026/09/02,2026/10/08,2026-10,CALL,53500,12415,,,,,,,,,,,,,
2026/09/02 01:35,2026-09-02T01:50:46+09:00,2026/09/02,2026/10/08,2026-10,PUT,53500,109,333,3,36.44,35.67,149,2,134,2,36.16,49,49,149,09/01 21:24
2026/09/02 01:35,2026-09-02T01:50:46+09:00,2026/09/02,2026/10/08,2026-10,CALL,53250,12660,,,,,,,,,,,,,
2026/09/02 01:35,2026-09-02T01:50:46+09:00,2026/09/02,2026/10/08,2026-10,PUT,53250,102,51,,36.8,35.94,142,2,126,2,,,,,
2026/09/02 01:35,2026-09-02T01:50:46+09:00,2026/09/02,2026/10/08,2026-10,CALL,53000,12905,34,,,,,,,,,,,,
2026/09/02 01:35,2026-09-02T01:50:46+09:00,2026/09/02,2026/10/08,2026-10,PUT,53000,97,1282,21,37.15,36.31,135,2,120,2,36.97,41,42.27,138,09/01 22:16
2026/09/02 01:35,2026-09-02T01:50:46+09:00,2026/09/02,2026/10/08,2026-10,CALL,52750,13150,,,,,,,,,,,,,
2026/09/02 01:35,2026-09-02T01:50:46+09:00,2026/09/02,2026/10/08,2026-10,PUT,52750,95,67,1,37.59,36.47,130,2,111,2,37.38,40,43.01,133,09/01 22:14
2026/09/02 01:35,2026-09-02T01:50:46+09:00,2026/09/02,2026/10/08,2026-10,CALL,52500,13395,,,,,,,,,,,,,
2026/09/02 01:35,2026-09-02T01:50:46+09:00,2026/09/02,2026/10/08,2026-10,PUT,52500,90,258,1,37.9,36.98,123,2,108,2,37.47,15,16.67,105,09/01 23:31
2026/09/02 01:35,2026-09-02T01:50:46+09:00,2026/09/02,2026/10/08,2026-10,CALL,52250,13640,,,,,,,,,,,,,
2026/09/02 01:35,2026-09-02T01:50:46+09:00,2026/09/02,2026/10/08,2026-10,PUT,52250,88,45,,,37.02,,,98,2,,,,,
2026/09/02 01:35,2026-09-02T01:50:46+09:00,2026/09/02,2026/10/08,2026-10,CALL,52000,13890,,,,,,,,,,,,,
2026/09/02 01:35,2026-09-02T01:50:46+09:00,2026/09/02,2026/10/08,2026-10,PUT,52000,83,1296,2,39.91,37.29,133,1,92,2,38.26,17,20.73,99,09/02 00:38
2026/09/02 01:35,2026-09-02T01:50:46+09:00,2026/09/02,2026/10/08,2026-10,CALL,51750,14135,,,,,,,,,,,,,
2026/09/02 01:35,2026-09-02T01:50:46+09:00,2026/09/02,2026/10/08,2026-10,PUT,51750,81,72,1,39.66,37.75,117,4,89,4,38.81,,,97,09/02 00:38
2026/09/02 01:35,2026-09-02T01:50:46+09:00,2026/09/02,2026/10/08,2026-10,CALL,51500,14380,,,,,,,,,,,,,
2026/09/02 01:35,2026-09-02T01:50:46+09:00,2026/09/02,2026/10/08,2026-10,PUT,51500,76,413,,40.18,38.21,114,2,86,2,,,,,
2026/09/02 01:35,2026-09-02T01:50:46+09:00,2026/09/02,2026/10/08,2026-10,CALL,51250,14630,,,,,,,,,,,,,
2026/09/02 01:35,2026-09-02T01:50:46+09:00,2026/09/02,2026/10/08,2026-10,PUT,51250,76,83,,,38.34,,,79,2,,,,,
2026/09/02 01:35,2026-09-02T01:50:46+09:00,2026/09/02,2026/10/08,2026-10,CALL,51000,14875,,,,,,,,,,,,,
2026/09/02 01:35,2026-09-02T01:50:46+09:00,2026/09/02,2026/10/08,2026-10,PUT,51000,73,398,1,,38.85,,,77,2,40.18,25,34.25,98,09/01 22:16
2026/09/02 01:35,2026-09-02T01:50:46+09:00,2026/09/02,2026/10/08,2026-10,CALL,50750,15125,,,,,,,,,,,,,
2026/09/02 01:35,2026-09-02T01:50:46+09:00,2026/09/02,2026/10/08,2026-10,PUT,50750,71,50,,,39.27,,,74,2,,,,,
2026/09/02 01:35,2026-09-02T01:50:46+09:00,2026/09/02,2026/10/08,2026-10,CALL,50500,15370,,,,,,,,,,,,,
2026/09/02 01:35,2026-09-02T01:50:46+09:00,2026/09/02,2026/10/08,2026-10,PUT,50500,68,405,,,39.59,,,70,2,,,,,
2026/09/02 01:35,2026-09-02T01:50:46+09:00,2026/09/02,2026/10/08,2026-10,CALL,50250,15620,,,,,,,,,,,,,
2026/09/02 01:35,2026-09-02T01:50:46+09:00,2026/09/02,2026/10/08,2026-10,PUT,50250,64,65,,,40.07,,,68,4,,,,,
2026/09/02 01:35,2026-09-02T01:50:46+09:00,2026/09/02,2026/10/08,2026-10,CALL,50000,15865,,,,,,,,,,,,,
2026/09/02 01:35,2026-09-02T01:50:46+09:00,2026/09/02,2026/10/08,2026-10,PUT,50000,60,1011,19,42.35,40.26,86,1,63,4,41.58,7,11.67,67,09/02 00:58
2026/09/02 01:35,2026-09-02T01:50:46+09:00,2026/09/02,2026/10/08,2026-10,CALL,49750,16115,,,,,,,,,,,,,
2026/09/02 01:35,2026-09-02T01:50:46+09:00,2026/09/02,2026/10/08,2026-10,PUT,49750,62,58,,42.97,41.03,85,4,64,2,,,,,
2026/09/02 01:35,2026-09-02T01:50:46+09:00,2026/09/02,2026/10/08,2026-10,CALL,49500,16360,,,,,,,,,,,,,
2026/09/02 01:35,2026-09-02T01:50:46+09:00,2026/09/02,2026/10/08,2026-10,PUT,49500,59,202,,43.41,26.36,82,4,1,10,,,,,
2026/09/02 01:35,2026-09-02T01:50:46+09:00,2026/09/02,2026/10/08,2026-10,CALL,49250,16610,,,,,,,,,,,,,
2026/09/02 01:35,2026-09-02T01:50:46+09:00,2026/09/02,2026/10/08,2026-10,PUT,49250,57,72,,,41.52,,,56,4,,,,,
2026/09/02 01:35,2026-09-02T01:50:46+09:00,2026/09/02,2026/10/08,2026-10,CALL,49000,16855,,,,,,,,,,,,,
2026/09/02 01:35,2026-09-02T01:50:46+09:00,2026/09/02,2026/10/08,2026-10,PUT,49000,56,244,,44.25,42.19,76,2,56,4,,,,,
2026/09/02 01:35,2026-09-02T01:50:46+09:00,2026/09/02,2026/10/08,2026-10,CALL,48750,17105,,,,,,,,,,,,,
2026/09/02 01:35,2026-09-02T01:50:46+09:00,2026/09/02,2026/10/08,2026-10,PUT,48750,54,24,,44.66,42.38,73,4,52,4,,,,,
2026/09/02 01:35,2026-09-02T01:50:46+09:00,2026/09/02,2026/10/08,2026-10,CALL,48500,17350,,,,,,,,,,,,,
2026/09/02 01:35,2026-09-02T01:50:46+09:00,2026/09/02,2026/10/08,2026-10,PUT,48500,52,199,1,45.26,42.93,72,4,51,2,44.49,17,34.69,66,09/01 22:38
2026/09/02 01:35,2026-09-02T01:50:46+09:00,2026/09/02,2026/10/08,2026-10,CALL,48250,17600,,,,,,,,,,,,,
2026/09/02 01:35,2026-09-02T01:50:46+09:00,2026/09/02,2026/10/08,2026-10,PUT,48250,50,51,,45.54,43.08,68,4,47,2,,,,,
2026/09/02 01:35,2026-09-02T01:50:46+09:00,2026/09/02,2026/10/08,2026-10,CALL,48000,17845,,,,,,,,,,,,,
2026/09/02 01:35,2026-09-02T01:50:46+09:00,2026/09/02,2026/10/08,2026-10,PUT,48000,48,741,3,46.02,43.74,66,2,47,2,44.65,3,6.38,50,09/01 23:40
2026/09/02 01:35,2026-09-02T01:50:46+09:00,2026/09/02,2026/10/08,2026-10,CALL,47750,18095,,,,,,,,,,,,,
2026/09/02 01:35,2026-09-02T01:50:46+09:00,2026/09/02,2026/10/08,2026-10,PUT,47750,47,40,,46.39,43.85,63,4,43,4,,,,,
2026/09/02 01:35,2026-09-02T01:50:46+09:00,2026/09/02,2026/10/08,2026-10,CALL,47500,18345,34,,,,,,,,,,,,
2026/09/02 01:35,2026-09-02T01:50:46+09:00,2026/09/02,2026/10/08,2026-10,PUT,47500,46,30,,47.08,44.51,63,4,43,2,,,,,
2026/09/02 01:35,2026-09-02T01:50:46+09:00,2026/09/02,2026/10/08,2026-10,CALL,47250,18590,,,,,,,,,,,,,
2026/09/02 01:35,2026-09-02T01:50:46+09:00,2026/09/02,2026/10/08,2026-10,PUT,47250,44,26,,47.3,30.59,59,4,1,10,,,,,
2026/09/02 01:35,2026-09-02T01:50:46+09:00,2026/09/02,2026/10/08,2026-10,CALL,47000,18840,,,,,,,,,,,,,
2026/09/02 01:35,2026-09-02T01:50:46+09:00,2026/09/02,2026/10/08,2026-10,PUT,47000,42,278,,47.75,45.07,57,5,38,2,,,,,
2026/09/02 01:35,2026-09-02T01:50:46+09:00,2026/09/02,2026/10/08,2026-10,CALL,46750,19090,,,,,,,,,,,,,
2026/09/02 01:35,2026-09-02T01:50:46+09:00,2026/09/02,2026/10/08,2026-10,PUT,46750,42,131,,,45.4,,,36,2,,,,,
2026/09/02 01:35,2026-09-02T01:50:46+09:00,2026/09/02,2026/10/08,2026-10,CALL,46500,19335,,,,,,,,,,,,,
2026/09/02 01:35,2026-09-02T01:50:46+09:00,2026/09/02,2026/10/08,2026-10,PUT,46500,40,157,,49.02,45.88,56,4,35,2,,,,,
2026/09/02 01:35,2026-09-02T01:50:46+09:00,2026/09/02,2026/10/08,2026-10,CALL,46250,19585,,,,,,,,,,,,,
2026/09/02 01:35,2026-09-02T01:50:46+09:00,2026/09/02,2026/10/08,2026-10,PUT,46250,40,13,,49.04,46.37,51,2,34,2,,,,,
2026/09/02 01:35,2026-09-02T01:50:46+09:00,2026/09/02,2026/10/08,2026-10,CALL,46000,19835,,,,,,,,,,,,,
2026/09/02 01:35,2026-09-02T01:50:46+09:00,2026/09/02,2026/10/08,2026-10,PUT,46000,37,354,,49.16,46.65,47,1,32,2,,,,,
2026/09/02 01:35,2026-09-02T01:50:46+09:00,2026/09/02,2026/10/08,2026-10,CALL,45750,20085,,,,,,,,,,,,,
2026/09/02 01:35,2026-09-02T01:50:46+09:00,2026/09/02,2026/10/08,2026-10,PUT,45750,37,43,,,35.42,,,2,1,,,,,
2026/09/02 01:35,2026-09-02T01:50:46+09:00,2026/09/02,2026/10/08,2026-10,CALL,45500,20330,,,,,,,,,,,,,
2026/09/02 01:35,2026-09-02T01:50:46+09:00,2026/09/02,2026/10/08,2026-10,PUT,45500,35,209,,51.13,35.94,51,6,2,7,,,,,
2026/09/02 01:35,2026-09-02T01:50:46+09:00,2026/09/02,2026/10/08,2026-10,CALL,45250,20580,,,,,,,,,,,,,
2026/09/02 01:35,2026-09-02T01:50:46+09:00,2026/09/02,2026/10/08,2026-10,PUT,45250,34,28,,51.39,36.46,48,6,2,7,,,,,
2026/09/02 01:35,2026-09-02T01:50:46+09:00,2026/09/02,2026/10/08,2026-10,CALL,45000,20825,2,,,,,,,,,,,,
2026/09/02 01:35,2026-09-02T01:50:46+09:00,2026/09/02,2026/10/08,2026-10,PUT,45000,32,579,17,51.47,49.12,44,12,31,2,50.24,2,6.25,34,09/01 23:33
2026/09/02 01:35,2026-09-02T01:50:46+09:00,2026/09/02,2026/10/08,2026-10,CALL,44750,21075,,,,,,,,,,,,,
2026/09/02 01:35,2026-09-02T01:50:46+09:00,2026/09/02,2026/10/08,2026-10,PUT,44750,31,37,,53.25,37.51,51,6,2,7,,,,,
2026/09/02 01:35,2026-09-02T01:50:46+09:00,2026/09/02,2026/10/08,2026-10,CALL,44500,21325,,,,,,,,,,,,,
2026/09/02 01:35,2026-09-02T01:50:46+09:00,2026/09/02,2026/10/08,2026-10,PUT,44500,30,1,,54.11,48.35,52,6,22,12,,,,,
2026/09/02 01:35,2026-09-02T01:50:46+09:00,2026/09/02,2026/10/08,2026-10,CALL,44250,21565,,,,,,,,,,,,,
2026/09/02 01:35,2026-09-02T01:50:46+09:00,2026/09/02,2026/10/08,2026-10,PUT,44250,23,36,,54.68,49,51,6,22,6,,,,,
2026/09/02 01:35,2026-09-02T01:50:46+09:00,2026/09/02,2026/10/08,2026-10,CALL,44000,21815,,,,,,,,,,,,,
2026/09/02 01:35,2026-09-02T01:50:46+09:00,2026/09/02,2026/10/08,2026-10,PUT,44000,24,231,,53.21,49.66,38,5,22,12,,,,,
2026/09/02 01:35,2026-09-02T01:50:46+09:00,2026/09/02,2026/10/08,2026-10,CALL,43750,22065,,,,,,,,,,,,,
2026/09/02 01:35,2026-09-02T01:50:46+09:00,2026/09/02,2026/10/08,2026-10,PUT,43750,21,12,,55.81,49.45,49,6,19,6,,,,,
2026/09/02 01:35,2026-09-02T01:50:46+09:00,2026/09/02,2026/10/08,2026-10,CALL,43500,22315,,,,,,,,,,,,,
2026/09/02 01:35,2026-09-02T01:50:46+09:00,2026/09/02,2026/10/08,2026-10,PUT,43500,22,15,,56.21,49.79,47,6,18,6,,,,,
2026/09/02 01:35,2026-09-02T01:50:46+09:00,2026/09/02,2026/10/08,2026-10,CALL,43250,22560,,,,,,,,,,,,,
2026/09/02 01:35,2026-09-02T01:50:46+09:00,2026/09/02,2026/10/08,2026-10,PUT,43250,19,15,,56.76,49.77,46,6,16,6,,,,,
2026/09/02 01:35,2026-09-02T01:50:46+09:00,2026/09/02,2026/10/08,2026-10,CALL,43000,22810,,,,,,,,,,,,,
2026/09/02 01:35,2026-09-02T01:50:46+09:00,2026/09/02,2026/10/08,2026-10,PUT,43000,22,147,1,55.43,51.73,35,12,20,12,54.24,3,12.5,27,09/01 23:47
2026/09/02 01:35,2026-09-02T01:50:46+09:00,2026/09/02,2026/10/08,2026-10,CALL,42750,23060,,,,,,,,,,,,,
2026/09/02 01:35,2026-09-02T01:50:46+09:00,2026/09/02,2026/10/08,2026-10,PUT,42750,21,31,,57.87,50.32,44,6,14,6,,,,,
2026/09/02 01:35,2026-09-02T01:50:46+09:00,2026/09/02,2026/10/08,2026-10,CALL,42000,23805,,,,,,,,,,,,,
2026/09/02 01:35,2026-09-02T01:50:46+09:00,2026/09/02,2026/10/08,2026-10,PUT,42000,19,139,2,57.62,53.05,32,12,16,12,56.47,5,21.74,28,09/01 21:17
2026/09/02 01:35,2026-09-02T01:50:46+09:00,2026/09/02,2026/10/08,2026-10,CALL,41000,24800,,,,,,,,,,,,,
2026/09/02 01:35,2026-09-02T01:50:46+09:00,2026/09/02,2026/10/08,2026-10,PUT,41000,16,108,1,58.97,54.93,26,1,14,12,59.18,,,27,09/01 17:42
2026/09/02 01:35,2026-09-02T01:50:46+09:00,2026/09/02,2026/10/08,2026-10,CALL,40000,25795,,,,,,,,,,,,,
2026/09/02 01:35,2026-09-02T01:50:46+09:00,2026/09/02,2026/10/08,2026-10,PUT,40000,16,4162,21,60.32,58.88,21,4,17,2,59.57,2,12.5,18,09/02 01:20
2026/09/02 01:35,2026-09-02T01:50:46+09:00,2026/09/02,2026/10/08,2026-10,CALL,39000,26790,,,,,,,,,,,,,
2026/09/02 01:35,2026-09-02T01:50:46+09:00,2026/09/02,2026/10/08,2026-10,PUT,39000,13,102,,64.19,58.9,24,12,11,20,,,,,
2026/09/02 01:35,2026-09-02T01:50:46+09:00,2026/09/02,2026/10/08,2026-10,CALL,38000,27790,,,,,,,,,,,,,
2026/09/02 01:35,2026-09-02T01:50:46+09:00,2026/09/02,2026/10/08,2026-10,PUT,38000,10,4,,67.51,60.44,25,12,9,1,,,,,
2026/09/02 01:35,2026-09-02T01:50:46+09:00,2026/09/02,2026/10/08,2026-10,CALL,37000,28785,,,,,,,,,,,,,
2026/09/02 01:35,2026-09-02T01:50:46+09:00,2026/09/02,2026/10/08,2026-10,PUT,37000,10,169,2,67.13,61.71,16,2,7,1,66.05,2,18.18,13,09/02 00:29
2026/09/02 01:35,2026-09-02T01:50:46+09:00,2026/09/02,2026/10/08,2026-10,CALL,36000,29785,,,,,,,,,,,,,
2026/09/02 01:35,2026-09-02T01:50:46+09:00,2026/09/02,2026/10/08,2026-10,PUT,36000,8,28,,70.62,65.35,17,2,8,5,,,,,
2026/09/02 01:35,2026-09-02T01:50:46+09:00,2026/09/02,2026/10/08,2026-10,CALL,35000,30785,24,,,,,,,,,,,,
2026/09/02 01:35,2026-09-02T01:50:46+09:00,2026/09/02,2026/10/08,2026-10,PUT,35000,8,1926,7,71.08,69.06,12,3,9,22,70.9,3,33.33,12,09/01 22:23
2026/09/02 01:35,2026-09-02T01:50:46+09:00,2026/09/02,2026/10/08,2026-10,CALL,34000,31785,,,,,,,,,,,,,
2026/09/02 01:35,2026-09-02T01:50:46+09:00,2026/09/02,2026/10/08,2026-10,PUT,34000,5,3,,84.18,63.17,37,15,2,15,,,,,
2026/09/02 01:35,2026-09-02T01:50:46+09:00,2026/09/02,2026/10/08,2026-10,CALL,33000,32780,,,,,,,,,,,,,
2026/09/02 01:35,2026-09-02T01:50:46+09:00,2026/09/02,2026/10/08,2026-10,PUT,33000,6,551,5,78.62,72.38,14,54,6,1,75.74,2,25,10,09/01 21:48
2026/09/02 01:35,2026-09-02T01:50:46+09:00,2026/09/02,2026/10/08,2026-10,CALL,32000,33780,,,,,,,,,,,,,
2026/09/02 01:35,2026-09-02T01:50:46+09:00,2026/09/02,2026/10/08,2026-10,PUT,32000,5,26,,90.82,74.26,35,15,5,2,,,,,
2026/09/02 01:35,2026-09-02T01:50:46+09:00,2026/09/02,2026/10/08,2026-10,CALL,31000,34780,,,,,,,,,,,,,
2026/09/02 01:35,2026-09-02T01:50:46+09:00,2026/09/02,2026/10/08,2026-10,PUT,31000,5,4,,94.27,68.1,34,15,1,131,,,,,
2026/09/02 01:35,2026-09-02T01:50:46+09:00,2026/09/02,2026/10/08,2026-10,CALL,30000,35775,,,,,,,,,,,,,
2026/09/02 01:35,2026-09-02T01:50:46+09:00,2026/09/02,2026/10/08,2026-10,PUT,30000,4,3794,48,83.15,80.66,7,2,5,7,81.99,1,20,6,09/02 01:32
2026/09/02 01:35,2026-09-02T01:50:46+09:00,2026/09/02,2026/10/08,2026-10,CALL,29000,36775,,,,,,,,,,,,,
2026/09/02 01:35,2026-09-02T01:50:46+09:00,2026/09/02,2026/10/08,2026-10,PUT,29000,2,11,,89.58,73.98,10,1,1,70,,,,,
2026/09/02 01:35,2026-09-02T01:50:46+09:00,2026/09/02,2026/10/08,2026-10,CALL,28000,37775,,,,,,,,,,,,,
2026/09/02 01:35,2026-09-02T01:50:46+09:00,2026/09/02,2026/10/08,2026-10,PUT,28000,2,14,1,87.5,81.14,5,1,2,1,87.47,,,5,09/01 18:00
2026/09/02 01:35,2026-09-02T01:50:46+09:00,2026/09/02,2026/10/08,2026-10,CALL,27000,38775,,,,,,,,,,,,,
2026/09/02 01:35,2026-09-02T01:50:46+09:00,2026/09/02,2026/10/08,2026-10,PUT,27000,2,10,,92.59,80.27,6,1,1,73,,,,,
2026/09/02 01:35,2026-09-02T01:50:46+09:00,2026/09/02,2026/10/08,2026-10,CALL,26000,39770,,,,,,,,,,,,,
2026/09/02 01:35,2026-09-02T01:50:46+09:00,2026/09/02,2026/10/08,2026-10,PUT,26000,1,25,,96.38,83.6,6,1,1,71,,,,,
2026/09/02 01:35,2026-09-02T01:50:46+09:00,2026/09/02,2026/10/08,2026-10,CALL,25000,40770,,,,,,,,,,,,,
2026/09/02 01:35,2026-09-02T01:50:46+09:00,2026/09/02,2026/10/08,2026-10,PUT,25000,2,1461,4,96.87,91.62,4,10,2,31,94.93,0,0,3,09/01 23:15
2026/09/02 01:35,2026-09-02T01:50:46+09:00,2026/09/02,2026/10/08,2026-10,CALL,22500,43265,,,,,,,,,,,,,
2026/09/02 01:35,2026-09-02T01:50:46+09:00,2026/09/02,2026/10/08,2026-10,PUT,22500,1,24,,104.64,96.34,3,9,1,61,,,,,
2026/09/02 01:35,2026-09-02T01:50:46+09:00,2026/09/02,2026/10/08,2026-10,CALL,20000,45765,,,,,,,,,,,,,
2026/09/02 01:35,2026-09-02T01:50:46+09:00,2026/09/02,2026/10/08,2026-10,PUT,20000,1,509,31,115.88,112.27,3,16,2,19,112.45,0,0,2,09/02 00:10
2026/09/02 01:35,2026-09-02T01:50:46+09:00,2026/09/02,2026/12/10,2026-12,CALL,100000,5,503,3,31.44,27.09,19,1,4,1,27.1,-1,-20,4,09/01 19:16
2026/09/02 01:35,2026-09-02T01:50:46+09:00,2026/09/02,2026/12/10,2026-12,PUT,100000,33790,,,,,,,,,,,,,
2026/09/02 01:35,2026-09-02T01:50:46+09:00,2026/09/02,2026/12/10,2026-12,CALL,95000,11,1076,,28.32,,20,1,,,,,,,
2026/09/02 01:35,2026-09-02T01:50:46+09:00,2026/09/02,2026/12/10,2026-12,PUT,95000,28820,,,,,,,,,,,,,
2026/09/02 01:35,2026-09-02T01:50:46+09:00,2026/09/02,2026/12/10,2026-12,CALL,90000,20,1775,,61.33,20.55,2000,1,3,1,,,,,
2026/09/02 01:35,2026-09-02T01:50:46+09:00,2026/09/02,2026/12/10,2026-12,PUT,90000,23850,,,,,,,,,,,,,
2026/09/02 01:35,2026-09-02T01:50:46+09:00,2026/09/02,2026/12/10,2026-12,CALL,87500,40,2457,,,,,,,,,,,,
2026/09/02 01:35,2026-09-02T01:50:46+09:00,2026/09/02,2026/12/10,2026-12,PUT,87500,21380,,,,,,,,,,,,,
2026/09/02 01:35,2026-09-02T01:50:46+09:00,2026/09/02,2026/12/10,2026-12,CALL,85000,61,705,,,19.4,,,10,1,,,,,
2026/09/02 01:35,2026-09-02T01:50:46+09:00,2026/09/02,2026/12/10,2026-12,PUT,85000,18910,,,,,,,,,,,,,
2026/09/02 01:35,2026-09-02T01:50:46+09:00,2026/09/02,2026/12/10,2026-12,CALL,84000,77,523,,32.55,,370,1,,,,,,,
2026/09/02 01:35,2026-09-02T01:50:46+09:00,2026/09/02,2026/12/10,2026-12,PUT,84000,17930,,,,,,,,,,,,,
2026/09/02 01:35,2026-09-02T01:50:46+09:00,2026/09/02,2026/12/10,2026-12,CALL,83000,94,120,,,15.88,,,3,1,,,,,
2026/09/02 01:35,2026-09-02T01:50:46+09:00,2026/09/02,2026/12/10,2026-12,PUT,83000,16955,,,,,,,,,,,,,
2026/09/02 01:35,2026-09-02T01:50:46+09:00,2026/09/02,2026/12/10,2026-12,CALL,82500,106,1126,,,,,,,,,,,,
2026/09/02 01:35,2026-09-02T01:50:46+09:00,2026/09/02,2026/12/10,2026-12,PUT,82500,16465,,,,,,,,,,,,,
2026/09/02 01:35,2026-09-02T01:50:46+09:00,2026/09/02,2026/12/10,2026-12,CALL,82000,118,,,,,,,,,,,,,
2026/09/02 01:35,2026-09-02T01:50:46+09:00,2026/09/02,2026/12/10,2026-12,PUT,82000,15980,,,,,,,,,,,,,
2026/09/02 01:35,2026-09-02T01:50:46+09:00,2026/09/02,2026/12/10,2026-12,CALL,81000,149,1,,,,,,,,,,,,
2026/09/02 01:35,2026-09-02T01:50:46+09:00,2026/09/02,2026/12/10,2026-12,PUT,81000,15015,,,,,,,,,,,,,
2026/09/02 01:35,2026-09-02T01:50:46+09:00,2026/09/02,2026/12/10,2026-12,CALL,80000,183,7499,,56.13,15.49,3000,1,10,1,,,,,
2026/09/02 01:35,2026-09-02T01:50:46+09:00,2026/09/02,2026/12/10,2026-12,PUT,80000,14055,3700,,,,,,,,,,,,
2026/09/02 01:35,2026-09-02T01:50:46+09:00,2026/09/02,2026/12/10,2026-12,CALL,79000,234,204,,,,,,,,,,,,
2026/09/02 01:35,2026-09-02T01:50:46+09:00,2026/09/02,2026/12/10,2026-12,PUT,79000,13110,,,,,,,,,,,,,
2026/09/02 01:35,2026-09-02T01:50:46+09:00,2026/09/02,2026/12/10,2026-12,CALL,78000,283,385,,,20.98,,,160,1,,,,,
2026/09/02 01:35,2026-09-02T01:50:46+09:00,2026/09/02,2026/12/10,2026-12,PUT,78000,12165,,,,,,,,,,,,,
2026/09/02 01:35,2026-09-02T01:50:46+09:00,2026/09/02,2026/12/10,2026-12,CALL,77500,330,1055,,,,,,,,,,,,
2026/09/02 01:35,2026-09-02T01:50:46+09:00,2026/09/02,2026/12/10,2026-12,PUT,77500,11710,,,,,,,,,,,,,
2026/09/02 01:35,2026-09-02T01:50:46+09:00,2026/09/02,2026/12/10,2026-12,CALL,77000,370,459,,,,,,,,,,,,
2026/09/02 01:35,2026-09-02T01:50:46+09:00,2026/09/02,2026/12/10,2026-12,PUT,77000,11255,,,,,,,,,,,,,
2026/09/02 01:35,2026-09-02T01:50:46+09:00,2026/09/02,2026/12/10,2026-12,CALL,76250,435,,,,,,,,,,,,,
2026/09/02 01:35,2026-09-02T01:50:46+09:00,2026/09/02,2026/12/10,2026-12,PUT,76250,10570,,,,,,,,,,,,,
2026/09/02 01:35,2026-09-02T01:50:46+09:00,2026/09/02,2026/12/10,2026-12,CALL,76000,455,439,,,,,,,,,,,,
2026/09/02 01:35,2026-09-02T01:50:46+09:00,2026/09/02,2026/12/10,2026-12,PUT,76000,10345,300,,,,,,,,,,,,
2026/09/02 01:35,2026-09-02T01:50:46+09:00,2026/09/02,2026/12/10,2026-12,CALL,75750,485,,,,,,,,,,,,,
2026/09/02 01:35,2026-09-02T01:50:46+09:00,2026/09/02,2026/12/10,2026-12,PUT,75750,10125,,,,,,,,,,,,,
2026/09/02 01:35,2026-09-02T01:50:46+09:00,2026/09/02,2026/12/10,2026-12,CALL,75500,510,,,,,,,,,,,,,
2026/09/02 01:35,2026-09-02T01:50:46+09:00,2026/09/02,2026/12/10,2026-12,PUT,75500,9900,,,,,,,,,,,,,
2026/09/02 01:35,2026-09-02T01:50:46+09:00,2026/09/02,2026/12/10,2026-12,CALL,75250,540,,,,,,,,,,,,,
2026/09/02 01:35,2026-09-02T01:50:46+09:00,2026/09/02,2026/12/10,2026-12,PUT,75250,9680,,,,,,,,,,,,,
2026/09/02 01:35,2026-09-02T01:50:46+09:00,2026/09/02,2026/12/10,2026-12,CALL,75000,570,3682,,,,,,,,,,,,
2026/09/02 01:35,2026-09-02T01:50:46+09:00,2026/09/02,2026/12/10,2026-12,PUT,75000,9465,,,,,,,,,,,,,
2026/09/02 01:35,2026-09-02T01:50:46+09:00,2026/09/02,2026/12/10,2026-12,CALL,74750,605,,,,,,,,,,,,,
2026/09/02 01:35,2026-09-02T01:50:46+09:00,2026/09/02,2026/12/10,2026-12,PUT,74750,9245,,,,,,,,,,,,,
2026/09/02 01:35,2026-09-02T01:50:46+09:00,2026/09/02,2026/12/10,2026-12,CALL,74500,630,1,,,,,,,,,,,,
2026/09/02 01:35,2026-09-02T01:50:46+09:00,2026/09/02,2026/12/10,2026-12,PUT,74500,9025,,,,,,,,,,,,,
2026/09/02 01:35,2026-09-02T01:50:46+09:00,2026/09/02,2026/12/10,2026-12,CALL,74250,670,,,,,,,,,,,,,
2026/09/02 01:35,2026-09-02T01:50:46+09:00,2026/09/02,2026/12/10,2026-12,PUT,74250,8815,,,,,,,,,,,,,
2026/09/02 01:35,2026-09-02T01:50:46+09:00,2026/09/02,2026/12/10,2026-12,CALL,74000,705,1050,,,,,,,,,,,,
2026/09/02 01:35,2026-09-02T01:50:46+09:00,2026/09/02,2026/12/10,2026-12,PUT,74000,8605,100,,,,,,,,,,,,
2026/09/02 01:35,2026-09-02T01:50:46+09:00,2026/09/02,2026/12/10,2026-12,CALL,73750,745,,,,,,,,,,,,,
2026/09/02 01:35,2026-09-02T01:50:46+09:00,2026/09/02,2026/12/10,2026-12,PUT,73750,8395,,,,,,,,,,,,,
2026/09/02 01:35,2026-09-02T01:50:46+09:00,2026/09/02,2026/12/10,2026-12,CALL,73500,800,400,,,,,,,,,,,,
2026/09/02 01:35,2026-09-02T01:50:46+09:00,2026/09/02,2026/12/10,2026-12,PUT,73500,8200,,,,,,,,,,,,,
2026/09/02 01:35,2026-09-02T01:50:46+09:00,2026/09/02,2026/12/10,2026-12,CALL,73250,845,,,,,,,,,,,,,
2026/09/02 01:35,2026-09-02T01:50:46+09:00,2026/09/02,2026/12/10,2026-12,PUT,73250,7995,,,,,,,,,,,,,
2026/09/02 01:35,2026-09-02T01:50:46+09:00,2026/09/02,2026/12/10,2026-12,CALL,73000,885,800,,,,,,,,,,,,
2026/09/02 01:35,2026-09-02T01:50:46+09:00,2026/09/02,2026/12/10,2026-12,PUT,73000,7790,,,,,,,,,,,,,
2026/09/02 01:35,2026-09-02T01:50:46+09:00,2026/09/02,2026/12/10,2026-12,CALL,72750,935,,,,,,,,,,,,,
2026/09/02 01:35,2026-09-02T01:50:46+09:00,2026/09/02,2026/12/10,2026-12,PUT,72750,7585,,,,,,,,,,,,,
2026/09/02 01:35,2026-09-02T01:50:46+09:00,2026/09/02,2026/12/10,2026-12,CALL,72500,985,2312,,,,,,,,,,,,
2026/09/02 01:35,2026-09-02T01:50:46+09:00,2026/09/02,2026/12/10,2026-12,PUT,72500,7385,420,,,,,,,,,,,,
2026/09/02 01:35,2026-09-02T01:50:46+09:00,2026/09/02,2026/12/10,2026-12,CALL,72250,1040,2,,,,,,,,,,,,
2026/09/02 01:35,2026-09-02T01:50:46+09:00,2026/09/02,2026/12/10,2026-12,PUT,72250,7190,,,,,,,,,,,,,
2026/09/02 01:35,2026-09-02T01:50:46+09:00,2026/09/02,2026/12/10,2026-12,CALL,72000,1090,1285,,,,,,,,,,,,
2026/09/02 01:35,2026-09-02T01:50:46+09:00,2026/09/02,2026/12/10,2026-12,PUT,72000,6995,120,,,,,,,,,,,,
2026/09/02 01:35,2026-09-02T01:50:46+09:00,2026/09/02,2026/12/10,2026-12,CALL,71750,1145,,,,,,,,,,,,,
2026/09/02 01:35,2026-09-02T01:50:46+09:00,2026/09/02,2026/12/10,2026-12,PUT,71750,6800,,,,,,,,,,,,,
2026/09/02 01:35,2026-09-02T01:50:46+09:00,2026/09/02,2026/12/10,2026-12,CALL,71500,1205,,,,,,,,,,,,,
2026/09/02 01:35,2026-09-02T01:50:46+09:00,2026/09/02,2026/12/10,2026-12,PUT,71500,6615,,,,,,,,,,,,,
2026/09/02 01:35,2026-09-02T01:50:46+09:00,2026/09/02,2026/12/10,2026-12,CALL,71250,1250,,,,,,,,,,,,,
2026/09/02 01:35,2026-09-02T01:50:46+09:00,2026/09/02,2026/12/10,2026-12,PUT,71250,6410,,,,,,,,,,,,,
2026/09/02 01:35,2026-09-02T01:50:46+09:00,2026/09/02,2026/12/10,2026-12,CALL,71000,1325,2249,,,,,,,,,,,,
2026/09/02 01:35,2026-09-02T01:50:46+09:00,2026/09/02,2026/12/10,2026-12,PUT,71000,6235,31,,,,,,,,,,,,
2026/09/02 01:35,2026-09-02T01:50:46+09:00,2026/09/02,2026/12/10,2026-12,CALL,70750,1395,,,,,,,,,,,,,
2026/09/02 01:35,2026-09-02T01:50:46+09:00,2026/09/02,2026/12/10,2026-12,PUT,70750,6055,,,,,,,,,,,,,
2026/09/02 01:35,2026-09-02T01:50:46+09:00,2026/09/02,2026/12/10,2026-12,CALL,70500,1455,,,,,,,,,,,,,
2026/09/02 01:35,2026-09-02T01:50:46+09:00,2026/09/02,2026/12/10,2026-12,PUT,70500,5865,,,,,,,,,,,,,
2026/09/02 01:35,2026-09-02T01:50:46+09:00,2026/09/02,2026/12/10,2026-12,CALL,70250,1545,,,,,,,,,,,,,
2026/09/02 01:35,2026-09-02T01:50:46+09:00,2026/09/02,2026/12/10,2026-12,PUT,70250,5705,,,,,,,,,,,,,
2026/09/02 01:35,2026-09-02T01:50:46+09:00,2026/09/02,2026/12/10,2026-12,CALL,70000,1615,5203,1,,21.77,,,1200,1,22.67,,,1420,09/02 00:46
2026/09/02 01:35,2026-09-02T01:50:46+09:00,2026/09/02,2026/12/10,2026-12,PUT,70000,5530,1653,,,,,,,,,,,,
2026/09/02 01:35,2026-09-02T01:50:46+09:00,2026/09/02,2026/12/10,2026-12,CALL,69750,1695,158,,,,,,,,,,,,
2026/09/02 01:35,2026-09-02T01:50:46+09:00,2026/09/02,2026/12/10,2026-12,PUT,69750,5360,,,,,,,,,,,,,
2026/09/02 01:35,2026-09-02T01:50:46+09:00,2026/09/02,2026/12/10,2026-12,CALL,69500,1775,,,,,,,,,,,,,
2026/09/02 01:35,2026-09-02T01:50:46+09:00,2026/09/02,2026/12/10,2026-12,PUT,69500,5190,,,,,,,,,,,,,
2026/09/02 01:35,2026-09-02T01:50:46+09:00,2026/09/02,2026/12/10,2026-12,CALL,69250,1860,50,,,,,,,,,,,,
2026/09/02 01:35,2026-09-02T01:50:46+09:00,2026/09/02,2026/12/10,2026-12,PUT,69250,5025,,,,,,,,,,,,,
2026/09/02 01:35,2026-09-02T01:50:46+09:00,2026/09/02,2026/12/10,2026-12,CALL,69000,1945,1494,,,4.04,,,1,1,,,,,
2026/09/02 01:35,2026-09-02T01:50:46+09:00,2026/09/02,2026/12/10,2026-12,PUT,69000,4865,1570,,,,,,,,,,,,
2026/09/02 01:35,2026-09-02T01:50:46+09:00,2026/09/02,2026/12/10,2026-12,CALL,68750,2030,,,,,,,,,,,,,
2026/09/02 01:35,2026-09-02T01:50:46+09:00,2026/09/02,2026/12/10,2026-12,PUT,68750,4700,100,,,,,,,,,,,,
2026/09/02 01:35,2026-09-02T01:50:46+09:00,2026/09/02,2026/12/10,2026-12,CALL,68500,2115,422,,,,,,,,,,,,
2026/09/02 01:35,2026-09-02T01:50:46+09:00,2026/09/02,2026/12/10,2026-12,PUT,68500,4545,203,,,,,,,,,,,,
2026/09/02 01:35,2026-09-02T01:50:46+09:00,2026/09/02,2026/12/10,2026-12,CALL,68250,2210,,,,,,,,,,,,,
2026/09/02 01:35,2026-09-02T01:50:46+09:00,2026/09/02,2026/12/10,2026-12,PUT,68250,4400,,,,,,,,,,,,,
2026/09/02 01:35,2026-09-02T01:50:46+09:00,2026/09/02,2026/12/10,2026-12,CALL,68000,2310,3143,,,,,,,,,,,,
2026/09/02 01:35,2026-09-02T01:50:46+09:00,2026/09/02,2026/12/10,2026-12,PUT,68000,4255,1900,,,,,,,,,,,,
2026/09/02 01:35,2026-09-02T01:50:46+09:00,2026/09/02,2026/12/10,2026-12,CALL,67750,2410,,,,,,,,,,,,,
2026/09/02 01:35,2026-09-02T01:50:46+09:00,2026/09/02,2026/12/10,2026-12,PUT,67750,4110,,,,,,,,,,,,,
2026/09/02 01:35,2026-09-02T01:50:46+09:00,2026/09/02,2026/12/10,2026-12,CALL,67500,2515,25,,,,,,,,,,,,
2026/09/02 01:35,2026-09-02T01:50:46+09:00,2026/09/02,2026/12/10,2026-12,PUT,67500,3965,25,,,,,,,,,,,,
2026/09/02 01:35,2026-09-02T01:50:46+09:00,2026/09/02,2026/12/10,2026-12,CALL,67250,2630,25,,,,,,,,,,,,
2026/09/02 01:35,2026-09-02T01:50:46+09:00,2026/09/02,2026/12/10,2026-12,PUT,67250,3825,25,,,,,,,,,,,,
2026/09/02 01:35,2026-09-02T01:50:46+09:00,2026/09/02,2026/12/10,2026-12,CALL,67000,2740,1248,,,,,,,,,,,,
2026/09/02 01:35,2026-09-02T01:50:46+09:00,2026/09/02,2026/12/10,2026-12,PUT,67000,3685,1530,,,,,,,,,,,,
2026/09/02 01:35,2026-09-02T01:50:46+09:00,2026/09/02,2026/12/10,2026-12,CALL,66750,2855,,,,,,,,,,,,,
2026/09/02 01:35,2026-09-02T01:50:46+09:00,2026/09/02,2026/12/10,2026-12,PUT,66750,3565,,,,,,,,,,,,,
2026/09/02 01:35,2026-09-02T01:50:46+09:00,2026/09/02,2026/12/10,2026-12,CALL,66500,2980,700,,,,,,,,,,,,
2026/09/02 01:35,2026-09-02T01:50:46+09:00,2026/09/02,2026/12/10,2026-12,PUT,66500,3435,700,,,,,,,,,,,,
2026/09/02 01:35,2026-09-02T01:50:46+09:00,2026/09/02,2026/12/10,2026-12,CALL,66250,3100,15,,,,,,,,,,,,
2026/09/02 01:35,2026-09-02T01:50:46+09:00,2026/09/02,2026/12/10,2026-12,PUT,66250,3305,,,,,,,,,,,,,
2026/09/02 01:35,2026-09-02T01:50:46+09:00,2026/09/02,2026/12/10,2026-12,CALL,66000,3230,827,,,,,,,,,,,,
2026/09/02 01:35,2026-09-02T01:50:46+09:00,2026/09/02,2026/12/10,2026-12,PUT,66000,3180,858,,,,,,,,,,,,
2026/09/02 01:35,2026-09-02T01:50:46+09:00,2026/09/02,2026/12/10,2026-12,CALL,65750,3355,,,,,,,,,,,,,
2026/09/02 01:35,2026-09-02T01:50:46+09:00,2026/09/02,2026/12/10,2026-12,PUT,65750,3060,,,,,,,,,,,,,
2026/09/02 01:35,2026-09-02T01:50:46+09:00,2026/09/02,2026/12/10,2026-12,CALL,65500,3495,584,,,,,,,,,,,,
2026/09/02 01:35,2026-09-02T01:50:46+09:00,2026/09/02,2026/12/10,2026-12,PUT,65500,2945,580,,,,,,,,,,,,
2026/09/02 01:35,2026-09-02T01:50:46+09:00,2026/09/02,2026/12/10,2026-12,CALL,65250,3625,,,,,,,,,,,,,
2026/09/02 01:35,2026-09-02T01:50:46+09:00,2026/09/02,2026/12/10,2026-12,PUT,65250,2840,,,,,,,,,,,,,
2026/09/02 01:35,2026-09-02T01:50:46+09:00,2026/09/02,2026/12/10,2026-12,CALL,65000,3795,2992,,,,,,,,,,,,
2026/09/02 01:35,2026-09-02T01:50:46+09:00,2026/09/02,2026/12/10,2026-12,PUT,65000,2695,3844,,,,,,,,,,,,
2026/09/02 01:35,2026-09-02T01:50:46+09:00,2026/09/02,2026/12/10,2026-12,CALL,64750,3940,,,,,,,,,,,,,
2026/09/02 01:35,2026-09-02T01:50:46+09:00,2026/09/02,2026/12/10,2026-12,PUT,64750,2625,,,,,,,,,,,,,
2026/09/02 01:35,2026-09-02T01:50:46+09:00,2026/09/02,2026/12/10,2026-12,CALL,64500,4085,,,,,,,,,,,,,
2026/09/02 01:35,2026-09-02T01:50:46+09:00,2026/09/02,2026/12/10,2026-12,PUT,64500,2520,,,,,,,,,,,,,
2026/09/02 01:35,2026-09-02T01:50:46+09:00,2026/09/02,2026/12/10,2026-12,CALL,64250,4235,,,,,,,,,,,,,
2026/09/02 01:35,2026-09-02T01:50:46+09:00,2026/09/02,2026/12/10,2026-12,PUT,64250,2420,,,,,,,,,,,,,
2026/09/02 01:35,2026-09-02T01:50:46+09:00,2026/09/02,2026/12/10,2026-12,CALL,64000,4395,1990,,,,,,,,,,,,
2026/09/02 01:35,2026-09-02T01:50:46+09:00,2026/09/02,2026/12/10,2026-12,PUT,64000,2330,1956,,,,,,,,,,,,
2026/09/02 01:35,2026-09-02T01:50:46+09:00,2026/09/02,2026/12/10,2026-12,CALL,63750,4545,,,,,,,,,,,,,
2026/09/02 01:35,2026-09-02T01:50:46+09:00,2026/09/02,2026/12/10,2026-12,PUT,63750,2235,23,,,,,,,,,,,,
2026/09/02 01:35,2026-09-02T01:50:46+09:00,2026/09/02,2026/12/10,2026-12,CALL,63500,4705,300,,,,,,,,,,,,
2026/09/02 01:35,2026-09-02T01:50:46+09:00,2026/09/02,2026/12/10,2026-12,PUT,63500,2145,300,,,,,,,,,,,,
2026/09/02 01:35,2026-09-02T01:50:46+09:00,2026/09/02,2026/12/10,2026-12,CALL,63250,4870,,,,,,,,,,,,,
2026/09/02 01:35,2026-09-02T01:50:46+09:00,2026/09/02,2026/12/10,2026-12,PUT,63250,2060,,,,,,,,,,,,,
2026/09/02 01:35,2026-09-02T01:50:46+09:00,2026/09/02,2026/12/10,2026-12,CALL,63000,5040,1615,,,,,,,,,,,,
2026/09/02 01:35,2026-09-02T01:50:46+09:00,2026/09/02,2026/12/10,2026-12,PUT,63000,1980,2026,,,,,,,,,,,,
2026/09/02 01:35,2026-09-02T01:50:46+09:00,2026/09/02,2026/12/10,2026-12,CALL,62750,5195,,,,,,,,,,,,,
2026/09/02 01:35,2026-09-02T01:50:46+09:00,2026/09/02,2026/12/10,2026-12,PUT,62750,1890,,,,,,,,,,,,,
2026/09/02 01:35,2026-09-02T01:50:46+09:00,2026/09/02,2026/12/10,2026-12,CALL,62500,5380,812,,,,,,,,,,,,
2026/09/02 01:35,2026-09-02T01:50:46+09:00,2026/09/02,2026/12/10,2026-12,PUT,62500,1825,1087,,,,,,,,,,,,
2026/09/02 01:35,2026-09-02T01:50:46+09:00,2026/09/02,2026/12/10,2026-12,CALL,62250,5555,,,,,,,,,,,,,
2026/09/02 01:35,2026-09-02T01:50:46+09:00,2026/09/02,2026/12/10,2026-12,PUT,62250,1740,250,,,,,,,,,,,,
2026/09/02 01:35,2026-09-02T01:50:46+09:00,2026/09/02,2026/12/10,2026-12,CALL,62000,5735,1450,,,,,,,,,,,,
2026/09/02 01:35,2026-09-02T01:50:46+09:00,2026/09/02,2026/12/10,2026-12,PUT,62000,1665,2610,,,,,,,,,,,,
2026/09/02 01:35,2026-09-02T01:50:46+09:00,2026/09/02,2026/12/10,2026-12,CALL,61750,5900,,,,,,,,,,,,,
2026/09/02 01:35,2026-09-02T01:50:46+09:00,2026/09/02,2026/12/10,2026-12,PUT,61750,1600,,,,,,,,,,,,,
2026/09/02 01:35,2026-09-02T01:50:46+09:00,2026/09/02,2026/12/10,2026-12,CALL,61500,6085,,,,,,,,,,,,,
2026/09/02 01:35,2026-09-02T01:50:46+09:00,2026/09/02,2026/12/10,2026-12,PUT,61500,1530,1,,,,,,,,,,,,
2026/09/02 01:35,2026-09-02T01:50:46+09:00,2026/09/02,2026/12/10,2026-12,CALL,61250,6270,,,,,,,,,,,,,
2026/09/02 01:35,2026-09-02T01:50:46+09:00,2026/09/02,2026/12/10,2026-12,PUT,61250,1470,,,,,,,,,,,,,
2026/09/02 01:35,2026-09-02T01:50:46+09:00,2026/09/02,2026/12/10,2026-12,CALL,61000,6455,813,,,,,,1,10,,,,,
2026/09/02 01:35,2026-09-02T01:50:46+09:00,2026/09/02,2026/12/10,2026-12,PUT,61000,1405,1435,,,,,,,,,,,,
2026/09/02 01:35,2026-09-02T01:50:46+09:00,2026/09/02,2026/12/10,2026-12,CALL,60750,6650,,,,,,,1,10,,,,,
2026/09/02 01:35,2026-09-02T01:50:46+09:00,2026/09/02,2026/12/10,2026-12,PUT,60750,1350,,,,,,,,,,,,,
2026/09/02 01:35,2026-09-02T01:50:46+09:00,2026/09/02,2026/12/10,2026-12,CALL,60500,6840,102,,,,,,1,10,,,,,
2026/09/02 01:35,2026-09-02T01:50:46+09:00,2026/09/02,2026/12/10,2026-12,PUT,60500,1295,200,,,,,,,,,,,,
2026/09/02 01:35,2026-09-02T01:50:46+09:00,2026/09/02,2026/12/10,2026-12,CALL,60250,7035,,,,,,,,,,,,,
2026/09/02 01:35,2026-09-02T01:50:46+09:00,2026/09/02,2026/12/10,2026-12,PUT,60250,1240,36,,,,,,,,,,,,
2026/09/02 01:35,2026-09-02T01:50:46+09:00,2026/09/02,2026/12/10,2026-12,CALL,60000,7215,7264,,,,,,,,,,,,
2026/09/02 01:35,2026-09-02T01:50:46+09:00,2026/09/02,2026/12/10,2026-12,PUT,60000,1170,9854,,,16.21,,,500,1,,,,,
2026/09/02 01:35,2026-09-02T01:50:46+09:00,2026/09/02,2026/12/10,2026-12,CALL,59750,7435,,,,,,,,,,,,,
2026/09/02 01:35,2026-09-02T01:50:46+09:00,2026/09/02,2026/12/10,2026-12,PUT,59750,1140,,,,,,,,,,,,,
2026/09/02 01:35,2026-09-02T01:50:46+09:00,2026/09/02,2026/12/10,2026-12,CALL,59500,7630,100,,,,,,,,,,,,
2026/09/02 01:35,2026-09-02T01:50:46+09:00,2026/09/02,2026/12/10,2026-12,PUT,59500,1090,250,,,,,,,,,,,,
2026/09/02 01:35,2026-09-02T01:50:46+09:00,2026/09/02,2026/12/10,2026-12,CALL,59250,7840,,,,,,,,,,,,,
2026/09/02 01:35,2026-09-02T01:50:46+09:00,2026/09/02,2026/12/10,2026-12,PUT,59250,1050,60,,,,,,,,,,,,
2026/09/02 01:35,2026-09-02T01:50:46+09:00,2026/09/02,2026/12/10,2026-12,CALL,59000,8025,1900,,,,,,,,,,,,
2026/09/02 01:35,2026-09-02T01:50:46+09:00,2026/09/02,2026/12/10,2026-12,PUT,59000,985,2405,,,,,,,,,,,,
2026/09/02 01:35,2026-09-02T01:50:46+09:00,2026/09/02,2026/12/10,2026-12,CALL,58750,8250,,,,,,,,,,,,,
2026/09/02 01:35,2026-09-02T01:50:46+09:00,2026/09/02,2026/12/10,2026-12,PUT,58750,960,,,,,,,,,,,,,
2026/09/02 01:35,2026-09-02T01:50:46+09:00,2026/09/02,2026/12/10,2026-12,CALL,58500,8460,350,,,,,,,,,,,,
2026/09/02 01:35,2026-09-02T01:50:46+09:00,2026/09/02,2026/12/10,2026-12,PUT,58500,920,850,,,,,,,,,,,,
2026/09/02 01:35,2026-09-02T01:50:46+09:00,2026/09/02,2026/12/10,2026-12,CALL,58250,8645,,,,,,,,,,,,,
2026/09/02 01:35,2026-09-02T01:50:46+09:00,2026/09/02,2026/12/10,2026-12,PUT,58250,865,5,,,,,,,,,,,,
2026/09/02 01:35,2026-09-02T01:50:46+09:00,2026/09/02,2026/12/10,2026-12,CALL,58000,8855,2603,,,,,,,,,,,,
2026/09/02 01:35,2026-09-02T01:50:46+09:00,2026/09/02,2026/12/10,2026-12,PUT,58000,820,1957,,,19.87,,,450,1,,,,,
2026/09/02 01:35,2026-09-02T01:50:46+09:00,2026/09/02,2026/12/10,2026-12,CALL,57750,9095,,,,,,,,,,,,,
2026/09/02 01:35,2026-09-02T01:50:46+09:00,2026/09/02,2026/12/10,2026-12,PUT,57750,810,,,,,,,,,,,,,
2026/09/02 01:35,2026-09-02T01:50:46+09:00,2026/09/02,2026/12/10,2026-12,CALL,57500,9310,80,,,,,,,,,,,,
2026/09/02 01:35,2026-09-02T01:50:46+09:00,2026/09/02,2026/12/10,2026-12,PUT,57500,780,850,,,,,,,,,,,,
2026/09/02 01:35,2026-09-02T01:50:46+09:00,2026/09/02,2026/12/10,2026-12,CALL,57250,9515,113,,,,,,,,,,,,
2026/09/02 01:35,2026-09-02T01:50:46+09:00,2026/09/02,2026/12/10,2026-12,PUT,57250,730,,,,,,,,,,,,,
2026/09/02 01:35,2026-09-02T01:50:46+09:00,2026/09/02,2026/12/10,2026-12,CALL,57000,9745,500,,,,,,,,,,,,
2026/09/02 01:35,2026-09-02T01:50:46+09:00,2026/09/02,2026/12/10,2026-12,PUT,57000,715,2381,,,,,,,,,,,,
2026/09/02 01:35,2026-09-02T01:50:46+09:00,2026/09/02,2026/12/10,2026-12,CALL,56750,9970,,,,,,,,,,,,,
2026/09/02 01:35,2026-09-02T01:50:46+09:00,2026/09/02,2026/12/10,2026-12,PUT,56750,690,,,,,,,,,,,,,
2026/09/02 01:35,2026-09-02T01:50:46+09:00,2026/09/02,2026/12/10,2026-12,CALL,56500,10190,283,,,,,,,,,,,,
2026/09/02 01:35,2026-09-02T01:50:46+09:00,2026/09/02,2026/12/10,2026-12,PUT,56500,660,171,,,,,,,,,,,,
2026/09/02 01:35,2026-09-02T01:50:46+09:00,2026/09/02,2026/12/10,2026-12,CALL,56250,10410,,,,,,,,,,,,,
2026/09/02 01:35,2026-09-02T01:50:46+09:00,2026/09/02,2026/12/10,2026-12,PUT,56250,635,,,,,,,,,,,,,
2026/09/02 01:35,2026-09-02T01:50:46+09:00,2026/09/02,2026/12/10,2026-12,CALL,56000,10635,791,,,,,,,,,,,,
2026/09/02 01:35,2026-09-02T01:50:46+09:00,2026/09/02,2026/12/10,2026-12,PUT,56000,610,2478,,,,,,,,,,,,
2026/09/02 01:35,2026-09-02T01:50:46+09:00,2026/09/02,2026/12/10,2026-12,CALL,55750,10865,,,,,,,,,,,,,
2026/09/02 01:35,2026-09-02T01:50:46+09:00,2026/09/02,2026/12/10,2026-12,PUT,55750,590,,,,,,,,,,,,,
2026/09/02 01:35,2026-09-02T01:50:46+09:00,2026/09/02,2026/12/10,2026-12,CALL,55500,11085,300,,,,,,,,,,,,
2026/09/02 01:35,2026-09-02T01:50:46+09:00,2026/09/02,2026/12/10,2026-12,PUT,55500,565,100,,,,,,,,,,,,
2026/09/02 01:35,2026-09-02T01:50:46+09:00,2026/09/02,2026/12/10,2026-12,CALL,55250,11315,,,,,,,,,,,,,
2026/09/02 01:35,2026-09-02T01:50:46+09:00,2026/09/02,2026/12/10,2026-12,PUT,55250,540,,,,,,,,,,,,,
2026/09/02 01:35,2026-09-02T01:50:46+09:00,2026/09/02,2026/12/10,2026-12,CALL,55000,11560,1829,,,,,,,,,,,,
2026/09/02 01:35,2026-09-02T01:50:46+09:00,2026/09/02,2026/12/10,2026-12,PUT,55000,520,4786,,,10.36,,,1,2,,,,,
2026/09/02 01:35,2026-09-02T01:50:46+09:00,2026/09/02,2026/12/10,2026-12,CALL,54750,11770,,,,,,,,,,,,,
2026/09/02 01:35,2026-09-02T01:50:46+09:00,2026/09/02,2026/12/10,2026-12,PUT,54750,500,15,,,,,,,,,,,,
2026/09/02 01:35,2026-09-02T01:50:46+09:00,2026/09/02,2026/12/10,2026-12,CALL,54500,12005,540,,,,,,,,,,,,
2026/09/02 01:35,2026-09-02T01:50:46+09:00,2026/09/02,2026/12/10,2026-12,PUT,54500,485,440,,,,,,,,,,,,
2026/09/02 01:35,2026-09-02T01:50:46+09:00,2026/09/02,2026/12/10,2026-12,CALL,54250,12235,,,,,,,,,,,,,
2026/09/02 01:35,2026-09-02T01:50:46+09:00,2026/09/02,2026/12/10,2026-12,PUT,54250,465,,,,,,,,,,,,,
2026/09/02 01:35,2026-09-02T01:50:46+09:00,2026/09/02,2026/12/10,2026-12,CALL,54000,12475,1941,,,,,,,,,,,,
2026/09/02 01:35,2026-09-02T01:50:46+09:00,2026/09/02,2026/12/10,2026-12,PUT,54000,455,2699,,,11.41,,,1,3,,,,,
2026/09/02 01:35,2026-09-02T01:50:46+09:00,2026/09/02,2026/12/10,2026-12,CALL,53750,12705,,,,,,,,,,,,,
2026/09/02 01:35,2026-09-02T01:50:46+09:00,2026/09/02,2026/12/10,2026-12,PUT,53750,440,4,,,,,,,,,,,,
2026/09/02 01:35,2026-09-02T01:50:46+09:00,2026/09/02,2026/12/10,2026-12,CALL,53500,12940,106,,,,,,,,,,,,
2026/09/02 01:35,2026-09-02T01:50:46+09:00,2026/09/02,2026/12/10,2026-12,PUT,53500,425,205,,,,,,,,,,,,
2026/09/02 01:35,2026-09-02T01:50:46+09:00,2026/09/02,2026/12/10,2026-12,CALL,53250,13175,,,,,,,,,,,,,
2026/09/02 01:35,2026-09-02T01:50:46+09:00,2026/09/02,2026/12/10,2026-12,PUT,53250,410,186,,,,,,,,,,,,
2026/09/02 01:35,2026-09-02T01:50:46+09:00,2026/09/02,2026/12/10,2026-12,CALL,53000,13420,1135,,,,,,,,,,,,
2026/09/02 01:35,2026-09-02T01:50:46+09:00,2026/09/02,2026/12/10,2026-12,PUT,53000,405,1538,,36.35,,820,1,,,,,,,
2026/09/02 01:35,2026-09-02T01:50:46+09:00,2026/09/02,2026/12/10,2026-12,CALL,52750,13645,,,,,,,,,,,,,
2026/09/02 01:35,2026-09-02T01:50:46+09:00,2026/09/02,2026/12/10,2026-12,PUT,52750,385,,,,,,,,,,,,,
2026/09/02 01:35,2026-09-02T01:50:46+09:00,2026/09/02,2026/12/10,2026-12,CALL,52500,13880,50,,,,,,,,,,,,
2026/09/02 01:35,2026-09-02T01:50:46+09:00,2026/09/02,2026/12/10,2026-12,PUT,52500,370,575,,,,,,,,,,,,
2026/09/02 01:35,2026-09-02T01:50:46+09:00,2026/09/02,2026/12/10,2026-12,CALL,52250,14120,250,,,,,,,,,,,,
2026/09/02 01:35,2026-09-02T01:50:46+09:00,2026/09/02,2026/12/10,2026-12,PUT,52250,360,525,,,,,,,,,,,,
2026/09/02 01:35,2026-09-02T01:50:46+09:00,2026/09/02,2026/12/10,2026-12,CALL,52000,14360,802,,,,,,,,,,,,
2026/09/02 01:35,2026-09-02T01:50:46+09:00,2026/09/02,2026/12/10,2026-12,PUT,52000,350,2765,,,,,,,,,,,,
2026/09/02 01:35,2026-09-02T01:50:46+09:00,2026/09/02,2026/12/10,2026-12,CALL,51750,14585,,,,,,,,,,,,,
2026/09/02 01:35,2026-09-02T01:50:46+09:00,2026/09/02,2026/12/10,2026-12,PUT,51750,330,,,,,,,,,,,,,
2026/09/02 01:35,2026-09-02T01:50:46+09:00,2026/09/02,2026/12/10,2026-12,CALL,51500,14835,,,,,,,,,,,,,
2026/09/02 01:35,2026-09-02T01:50:46+09:00,2026/09/02,2026/12/10,2026-12,PUT,51500,325,20,,,,,,,,,,,,
2026/09/02 01:35,2026-09-02T01:50:46+09:00,2026/09/02,2026/12/10,2026-12,CALL,51250,15075,,,,,,,,,,,,,
2026/09/02 01:35,2026-09-02T01:50:46+09:00,2026/09/02,2026/12/10,2026-12,PUT,51250,320,2,,,,,,,,,,,,
2026/09/02 01:35,2026-09-02T01:50:46+09:00,2026/09/02,2026/12/10,2026-12,CALL,51000,15305,731,,,,,,,,,,,,
2026/09/02 01:35,2026-09-02T01:50:46+09:00,2026/09/02,2026/12/10,2026-12,PUT,51000,298,1565,,,,,,,,,,,,
2026/09/02 01:35,2026-09-02T01:50:46+09:00,2026/09/02,2026/12/10,2026-12,CALL,50750,15555,45,,,,,,,,,,,,
2026/09/02 01:35,2026-09-02T01:50:46+09:00,2026/09/02,2026/12/10,2026-12,PUT,50750,297,45,,,,,,,,,,,,
2026/09/02 01:35,2026-09-02T01:50:46+09:00,2026/09/02,2026/12/10,2026-12,CALL,50500,15790,600,,,,,,,,,,,,
2026/09/02 01:35,2026-09-02T01:50:46+09:00,2026/09/02,2026/12/10,2026-12,PUT,50500,287,686,,,,,,,,,,,,
2026/09/02 01:35,2026-09-02T01:50:46+09:00,2026/09/02,2026/12/10,2026-12,CALL,50250,16030,58,,,,,,,,,,,,
2026/09/02 01:35,2026-09-02T01:50:46+09:00,2026/09/02,2026/12/10,2026-12,PUT,50250,278,16,,,,,,,,,,,,
2026/09/02 01:35,2026-09-02T01:50:46+09:00,2026/09/02,2026/12/10,2026-12,CALL,50000,16280,3342,,,,,,,,,,,,
2026/09/02 01:35,2026-09-02T01:50:46+09:00,2026/09/02,2026/12/10,2026-12,PUT,50000,267,6702,,,24.04,,,50,11,,,,,
2026/09/02 01:35,2026-09-02T01:50:46+09:00,2026/09/02,2026/12/10,2026-12,CALL,49750,16515,,,,,,,,,,,,,
2026/09/02 01:35,2026-09-02T01:50:46+09:00,2026/09/02,2026/12/10,2026-12,PUT,49750,263,71,,,,,,,,,,,,
2026/09/02 01:35,2026-09-02T01:50:46+09:00,2026/09/02,2026/12/10,2026-12,CALL,49500,16755,260,,,,,,,,,,,,
2026/09/02 01:35,2026-09-02T01:50:46+09:00,2026/09/02,2026/12/10,2026-12,PUT,49500,255,2717,,,,,,,,,,,,
2026/09/02 01:35,2026-09-02T01:50:46+09:00,2026/09/02,2026/12/10,2026-12,CALL,49250,16995,,,,,,,,,,,,,
2026/09/02 01:35,2026-09-02T01:50:46+09:00,2026/09/02,2026/12/10,2026-12,PUT,49250,248,200,,,,,,,,,,,,
2026/09/02 01:35,2026-09-02T01:50:46+09:00,2026/09/02,2026/12/10,2026-12,CALL,49000,17240,1000,,,,,,,,,,,,
2026/09/02 01:35,2026-09-02T01:50:46+09:00,2026/09/02,2026/12/10,2026-12,PUT,49000,242,3177,,,,,,,,,,,,
2026/09/02 01:35,2026-09-02T01:50:46+09:00,2026/09/02,2026/12/10,2026-12,CALL,48750,17475,,,,,,,,,,,,,
2026/09/02 01:35,2026-09-02T01:50:46+09:00,2026/09/02,2026/12/10,2026-12,PUT,48750,225,,,,,,,,,,,,,
2026/09/02 01:35,2026-09-02T01:50:46+09:00,2026/09/02,2026/12/10,2026-12,CALL,48500,17715,,,,,,,,,,,,,
2026/09/02 01:35,2026-09-02T01:50:46+09:00,2026/09/02,2026/12/10,2026-12,PUT,48500,219,300,,,,,,,,,,,,
2026/09/02 01:35,2026-09-02T01:50:46+09:00,2026/09/02,2026/12/10,2026-12,CALL,48250,17960,,,,,,,,,,,,,
2026/09/02 01:35,2026-09-02T01:50:46+09:00,2026/09/02,2026/12/10,2026-12,PUT,48250,213,,,,,,,,,,,,,
2026/09/02 01:35,2026-09-02T01:50:46+09:00,2026/09/02,2026/12/10,2026-12,CALL,48000,18200,750,,,,,,,,,,,,
2026/09/02 01:35,2026-09-02T01:50:46+09:00,2026/09/02,2026/12/10,2026-12,PUT,48000,207,4124,,,19.08,,,2,10,,,,,
2026/09/02 01:35,2026-09-02T01:50:46+09:00,2026/09/02,2026/12/10,2026-12,CALL,47750,18445,,,,,,,,,,,,,
2026/09/02 01:35,2026-09-02T01:50:46+09:00,2026/09/02,2026/12/10,2026-12,PUT,47750,203,,,,,,,,,,,,,
2026/09/02 01:35,2026-09-02T01:50:46+09:00,2026/09/02,2026/12/10,2026-12,CALL,47500,18690,200,,,,,,,,,,,,
2026/09/02 01:35,2026-09-02T01:50:46+09:00,2026/09/02,2026/12/10,2026-12,PUT,47500,196,1119,,,,,,,,,,,,
2026/09/02 01:35,2026-09-02T01:50:46+09:00,2026/09/02,2026/12/10,2026-12,CALL,47250,18930,,,,,,,,,,,,,
2026/09/02 01:35,2026-09-02T01:50:46+09:00,2026/09/02,2026/12/10,2026-12,PUT,47250,191,,,,,,,,,,,,,
2026/09/02 01:35,2026-09-02T01:50:46+09:00,2026/09/02,2026/12/10,2026-12,CALL,47000,19175,350,,,,,,,,,,,,
2026/09/02 01:35,2026-09-02T01:50:46+09:00,2026/09/02,2026/12/10,2026-12,PUT,47000,186,2846,,,,,,,,,,,,
2026/09/02 01:35,2026-09-02T01:50:46+09:00,2026/09/02,2026/12/10,2026-12,CALL,46750,19420,,,,,,,,,,,,,
2026/09/02 01:35,2026-09-02T01:50:46+09:00,2026/09/02,2026/12/10,2026-12,PUT,46750,181,,,,,,,,,,,,,
2026/09/02 01:35,2026-09-02T01:50:46+09:00,2026/09/02,2026/12/10,2026-12,CALL,46500,19665,,,,,,,,,,,,,
2026/09/02 01:35,2026-09-02T01:50:46+09:00,2026/09/02,2026/12/10,2026-12,PUT,46500,176,,,,,,,,,,,,,
2026/09/02 01:35,2026-09-02T01:50:46+09:00,2026/09/02,2026/12/10,2026-12,CALL,46250,19910,315,,,,,,,,,,,,
2026/09/02 01:35,2026-09-02T01:50:46+09:00,2026/09/02,2026/12/10,2026-12,PUT,46250,171,,,,,,,,,,,,,
2026/09/02 01:35,2026-09-02T01:50:46+09:00,2026/09/02,2026/12/10,2026-12,CALL,46000,20150,2300,,,,,,,,,,,,
2026/09/02 01:35,2026-09-02T01:50:46+09:00,2026/09/02,2026/12/10,2026-12,PUT,46000,167,3857,,,,,,,,,,,,
2026/09/02 01:35,2026-09-02T01:50:46+09:00,2026/09/02,2026/12/10,2026-12,CALL,45750,20395,,,,,,,,,,,,,
2026/09/02 01:35,2026-09-02T01:50:46+09:00,2026/09/02,2026/12/10,2026-12,PUT,45750,162,,,,,,,,,,,,,
2026/09/02 01:35,2026-09-02T01:50:46+09:00,2026/09/02,2026/12/10,2026-12,CALL,45500,20640,200,,,,,,,,,,,,
2026/09/02 01:35,2026-09-02T01:50:46+09:00,2026/09/02,2026/12/10,2026-12,PUT,45500,158,350,,,,,,,,,,,,
2026/09/02 01:35,2026-09-02T01:50:46+09:00,2026/09/02,2026/12/10,2026-12,CALL,45250,20885,413,,,,,,,,,,,,
2026/09/02 01:35,2026-09-02T01:50:46+09:00,2026/09/02,2026/12/10,2026-12,PUT,45250,154,51,,,,,,,,,,,,
2026/09/02 01:35,2026-09-02T01:50:46+09:00,2026/09/02,2026/12/10,2026-12,CALL,45000,21130,1842,,,,,,,,,,,,
2026/09/02 01:35,2026-09-02T01:50:46+09:00,2026/09/02,2026/12/10,2026-12,PUT,45000,151,2725,,49.5,35.93,500,1,100,1,,,,,
2026/09/02 01:35,2026-09-02T01:50:46+09:00,2026/09/02,2026/12/10,2026-12,CALL,44750,21375,,,,,,,,,,,,,
2026/09/02 01:35,2026-09-02T01:50:46+09:00,2026/09/02,2026/12/10,2026-12,PUT,44750,147,,,,,,,,,,,,,
2026/09/02 01:35,2026-09-02T01:50:46+09:00,2026/09/02,2026/12/10,2026-12,CALL,44500,21620,,,,,,,,,,,,,
2026/09/02 01:35,2026-09-02T01:50:46+09:00,2026/09/02,2026/12/10,2026-12,PUT,44500,143,,,,,,,,,,,,,
2026/09/02 01:35,2026-09-02T01:50:46+09:00,2026/09/02,2026/12/10,2026-12,CALL,44250,21865,,,,,,,,,,,,,
2026/09/02 01:35,2026-09-02T01:50:46+09:00,2026/09/02,2026/12/10,2026-12,PUT,44250,139,,,,,,,,,,,,,
2026/09/02 01:35,2026-09-02T01:50:46+09:00,2026/09/02,2026/12/10,2026-12,CALL,44000,22115,600,,,,,,,,,,,,
2026/09/02 01:35,2026-09-02T01:50:46+09:00,2026/09/02,2026/12/10,2026-12,PUT,44000,136,2800,,,38.42,,,110,1,,,,,
2026/09/02 01:35,2026-09-02T01:50:46+09:00,2026/09/02,2026/12/10,2026-12,CALL,43750,22360,131,,,,,,,,,,,,
2026/09/02 01:35,2026-09-02T01:50:46+09:00,2026/09/02,2026/12/10,2026-12,PUT,43750,133,9,,,,,,,,,,,,
2026/09/02 01:35,2026-09-02T01:50:46+09:00,2026/09/02,2026/12/10,2026-12,CALL,43500,22605,,,,,,,,,,,,,
2026/09/02 01:35,2026-09-02T01:50:46+09:00,2026/09/02,2026/12/10,2026-12,PUT,43500,129,100,,,,,,,,,,,,
2026/09/02 01:35,2026-09-02T01:50:46+09:00,2026/09/02,2026/12/10,2026-12,CALL,43250,22850,,,,,,,,,,,,,
2026/09/02 01:35,2026-09-02T01:50:46+09:00,2026/09/02,2026/12/10,2026-12,PUT,43250,126,,,,,,,,,,,,,
2026/09/02 01:35,2026-09-02T01:50:46+09:00,2026/09/02,2026/12/10,2026-12,CALL,43000,23095,1400,,,,,,,,,,,,
2026/09/02 01:35,2026-09-02T01:50:46+09:00,2026/09/02,2026/12/10,2026-12,PUT,43000,123,1582,,,,,,,,,,,,
2026/09/02 01:35,2026-09-02T01:50:46+09:00,2026/09/02,2026/12/10,2026-12,CALL,42750,23340,,,,,,,,,,,,,
2026/09/02 01:35,2026-09-02T01:50:46+09:00,2026/09/02,2026/12/10,2026-12,PUT,42750,120,,,,,,,,,,,,,
2026/09/02 01:35,2026-09-02T01:50:46+09:00,2026/09/02,2026/12/10,2026-12,CALL,42500,23585,250,,,,,,,,,,,,
2026/09/02 01:35,2026-09-02T01:50:46+09:00,2026/09/02,2026/12/10,2026-12,PUT,42500,117,300,,,,,,,,,,,,
2026/09/02 01:35,2026-09-02T01:50:46+09:00,2026/09/02,2026/12/10,2026-12,CALL,42250,23835,,,,,,,,,,,,,
2026/09/02 01:35,2026-09-02T01:50:46+09:00,2026/09/02,2026/12/10,2026-12,PUT,42250,114,,,,,,,,,,,,,
2026/09/02 01:35,2026-09-02T01:50:46+09:00,2026/09/02,2026/12/10,2026-12,CALL,42000,24080,1071,,,,,,,,,,,,
2026/09/02 01:35,2026-09-02T01:50:46+09:00,2026/09/02,2026/12/10,2026-12,PUT,42000,112,3599,,,,,,,,,,,,
2026/09/02 01:35,2026-09-02T01:50:46+09:00,2026/09/02,2026/12/10,2026-12,CALL,41750,24325,,,,,,,,,,,,,
2026/09/02 01:35,2026-09-02T01:50:46+09:00,2026/09/02,2026/12/10,2026-12,PUT,41750,108,,,,,,,,,,,,,
2026/09/02 01:35,2026-09-02T01:50:46+09:00,2026/09/02,2026/12/10,2026-12,CALL,41500,24570,100,,,,,,,,,,,,
2026/09/02 01:35,2026-09-02T01:50:46+09:00,2026/09/02,2026/12/10,2026-12,PUT,41500,105,101,,,,,,,,,,,,
2026/09/02 01:35,2026-09-02T01:50:46+09:00,2026/09/02,2026/12/10,2026-12,CALL,41250,24815,,,,,,,,,,,,,
2026/09/02 01:35,2026-09-02T01:50:46+09:00,2026/09/02,2026/12/10,2026-12,PUT,41250,101,3,,,,,,,,,,,,
2026/09/02 01:35,2026-09-02T01:50:46+09:00,2026/09/02,2026/12/10,2026-12,CALL,41000,25060,1300,,,,,,,,,,,,
2026/09/02 01:35,2026-09-02T01:50:46+09:00,2026/09/02,2026/12/10,2026-12,PUT,41000,98,1825,3,,,,,,,46.78,,,144,09/01 23:21
2026/09/02 01:35,2026-09-02T01:50:46+09:00,2026/09/02,2026/12/10,2026-12,CALL,40750,25310,,,,,,,,,,,,,
2026/09/02 01:35,2026-09-02T01:50:46+09:00,2026/09/02,2026/12/10,2026-12,PUT,40750,96,,,,,,,,,,,,,
2026/09/02 01:35,2026-09-02T01:50:46+09:00,2026/09/02,2026/12/10,2026-12,CALL,40500,25555,400,,,,,,,,,,,,
2026/09/02 01:35,2026-09-02T01:50:46+09:00,2026/09/02,2026/12/10,2026-12,PUT,40500,93,1399,,,,,,,,,,,,
2026/09/02 01:35,2026-09-02T01:50:46+09:00,2026/09/02,2026/12/10,2026-12,CALL,40250,25800,,,,,,,,,,,,,
2026/09/02 01:35,2026-09-02T01:50:46+09:00,2026/09/02,2026/12/10,2026-12,PUT,40250,91,5,,,,,,,,,,,,
2026/09/02 01:35,2026-09-02T01:50:46+09:00,2026/09/02,2026/12/10,2026-12,CALL,40000,26050,1200,,,,,,,,,,,,
2026/09/02 01:35,2026-09-02T01:50:46+09:00,2026/09/02,2026/12/10,2026-12,PUT,40000,91,5430,,,44.3,,,80,1,,,,,
2026/09/02 01:35,2026-09-02T01:50:46+09:00,2026/09/02,2026/12/10,2026-12,CALL,39750,26295,,,,,,,,,,,,,
2026/09/02 01:35,2026-09-02T01:50:46+09:00,2026/09/02,2026/12/10,2026-12,PUT,39750,86,,,,,,,,,,,,,
2026/09/02 01:35,2026-09-02T01:50:46+09:00,2026/09/02,2026/12/10,2026-12,CALL,39500,26540,500,,,,,,,,,,,,
2026/09/02 01:35,2026-09-02T01:50:46+09:00,2026/09/02,2026/12/10,2026-12,PUT,39500,84,1008,,,28.75,,,1,10,,,,,
2026/09/02 01:35,2026-09-02T01:50:46+09:00,2026/09/02,2026/12/10,2026-12,CALL,39250,26790,,,,,,,,,,,,,
2026/09/02 01:35,2026-09-02T01:50:46+09:00,2026/09/02,2026/12/10,2026-12,PUT,39250,82,650,,,,,,,,,,,,
2026/09/02 01:35,2026-09-02T01:50:46+09:00,2026/09/02,2026/12/10,2026-12,CALL,39000,27035,750,,,,,,,,,,,,
2026/09/02 01:35,2026-09-02T01:50:46+09:00,2026/09/02,2026/12/10,2026-12,PUT,39000,80,2405,,,,,,,,,,,,
2026/09/02 01:35,2026-09-02T01:50:46+09:00,2026/09/02,2026/12/10,2026-12,CALL,38750,27285,50,,,,,,,,,,,,
2026/09/02 01:35,2026-09-02T01:50:46+09:00,2026/09/02,2026/12/10,2026-12,PUT,38750,79,50,,,,,,,,,,,,
2026/09/02 01:35,2026-09-02T01:50:46+09:00,2026/09/02,2026/12/10,2026-12,CALL,38500,27495,700,,,,,,,,,,,,
2026/09/02 01:35,2026-09-02T01:50:46+09:00,2026/09/02,2026/12/10,2026-12,PUT,38500,44,1150,,,,,,,,,,,,
2026/09/02 01:35,2026-09-02T01:50:46+09:00,2026/09/02,2026/12/10,2026-12,CALL,38250,27745,,,,,,,,,,,,,
2026/09/02 01:35,2026-09-02T01:50:46+09:00,2026/09/02,2026/12/10,2026-12,PUT,38250,42,,,,,,,,,,,,,
2026/09/02 01:35,2026-09-02T01:50:46+09:00,2026/09/02,2026/12/10,2026-12,CALL,38000,27990,1225,,,,,,,,,,,,
2026/09/02 01:35,2026-09-02T01:50:46+09:00,2026/09/02,2026/12/10,2026-12,PUT,38000,40,2686,,,33.66,,,3,1,,,,,
2026/09/02 01:35,2026-09-02T01:50:46+09:00,2026/09/02,2026/12/10,2026-12,CALL,37750,28240,100,,,,,,,,,,,,
2026/09/02 01:35,2026-09-02T01:50:46+09:00,2026/09/02,2026/12/10,2026-12,PUT,37750,39,100,,,,,,,,,,,,
2026/09/02 01:35,2026-09-02T01:50:46+09:00,2026/09/02,2026/12/10,2026-12,CALL,37500,28485,88,,,,,,,,,,,,
2026/09/02 01:35,2026-09-02T01:50:46+09:00,2026/09/02,2026/12/10,2026-12,PUT,37500,37,188,,,,,,,,,,,,
2026/09/02 01:35,2026-09-02T01:50:46+09:00,2026/09/02,2026/12/10,2026-12,CALL,37250,28735,,,,,,,,,,,,,
2026/09/02 01:35,2026-09-02T01:50:46+09:00,2026/09/02,2026/12/10,2026-12,PUT,37250,36,,,,,,,,,,,,,
2026/09/02 01:35,2026-09-02T01:50:46+09:00,2026/09/02,2026/12/10,2026-12,CALL,37000,28980,450,,,,,,,,,,,,
2026/09/02 01:35,2026-09-02T01:50:46+09:00,2026/09/02,2026/12/10,2026-12,PUT,37000,35,2535,,,,,,,,,,,,
2026/09/02 01:35,2026-09-02T01:50:46+09:00,2026/09/02,2026/12/10,2026-12,CALL,36750,29230,,,,,,,,,,,,,
2026/09/02 01:35,2026-09-02T01:50:46+09:00,2026/09/02,2026/12/10,2026-12,PUT,36750,33,400,,,,,,,,,,,,
2026/09/02 01:35,2026-09-02T01:50:46+09:00,2026/09/02,2026/12/10,2026-12,CALL,36500,29475,252,,,,,,,,,,,,
2026/09/02 01:35,2026-09-02T01:50:46+09:00,2026/09/02,2026/12/10,2026-12,PUT,36500,32,225,,,,,,,,,,,,
2026/09/02 01:35,2026-09-02T01:50:46+09:00,2026/09/02,2026/12/10,2026-12,CALL,36250,29725,,,,,,,,,,,,,
2026/09/02 01:35,2026-09-02T01:50:46+09:00,2026/09/02,2026/12/10,2026-12,PUT,36250,31,,,,,,,,,,,,,
2026/09/02 01:35,2026-09-02T01:50:46+09:00,2026/09/02,2026/12/10,2026-12,CALL,36000,29970,975,,,,,,,,,,,,
2026/09/02 01:35,2026-09-02T01:50:46+09:00,2026/09/02,2026/12/10,2026-12,PUT,36000,30,2905,,,,,,,,,,,,
2026/09/02 01:35,2026-09-02T01:50:46+09:00,2026/09/02,2026/12/10,2026-12,CALL,35750,30220,,,,,,,,,,,,,
2026/09/02 01:35,2026-09-02T01:50:46+09:00,2026/09/02,2026/12/10,2026-12,PUT,35750,28,,,,,,,,,,,,,
2026/09/02 01:35,2026-09-02T01:50:46+09:00,2026/09/02,2026/12/10,2026-12,CALL,35500,30470,,,,,,,,,,,,,
2026/09/02 01:35,2026-09-02T01:50:46+09:00,2026/09/02,2026/12/10,2026-12,PUT,35500,27,,,,,,,,,,,,,
2026/09/02 01:35,2026-09-02T01:50:46+09:00,2026/09/02,2026/12/10,2026-12,CALL,35250,30715,,,,,,,,,,,,,
2026/09/02 01:35,2026-09-02T01:50:46+09:00,2026/09/02,2026/12/10,2026-12,PUT,35250,26,,,,,,,,,,,,,
2026/09/02 01:35,2026-09-02T01:50:46+09:00,2026/09/02,2026/12/10,2026-12,CALL,35000,30965,435,,,,,,,,,,,,
2026/09/02 01:35,2026-09-02T01:50:46+09:00,2026/09/02,2026/12/10,2026-12,PUT,35000,36,4817,,,42.97,,,10,1,,,,,
2026/09/02 01:35,2026-09-02T01:50:46+09:00,2026/09/02,2026/12/10,2026-12,CALL,34750,31210,,,,,,,,,,,,,
2026/09/02 01:35,2026-09-02T01:50:46+09:00,2026/09/02,2026/12/10,2026-12,PUT,34750,24,1,,,,,,,,,,,,
2026/09/02 01:35,2026-09-02T01:50:46+09:00,2026/09/02,2026/12/10,2026-12,CALL,34500,31460,400,,,,,,,,,,,,
2026/09/02 01:35,2026-09-02T01:50:46+09:00,2026/09/02,2026/12/10,2026-12,PUT,34500,23,560,,,,,,,,,,,,
2026/09/02 01:35,2026-09-02T01:50:46+09:00,2026/09/02,2026/12/10,2026-12,CALL,34250,31705,,,,,,,,,,,,,
2026/09/02 01:35,2026-09-02T01:50:46+09:00,2026/09/02,2026/12/10,2026-12,PUT,34250,22,,,,,,,,,,,,,
2026/09/02 01:35,2026-09-02T01:50:46+09:00,2026/09/02,2026/12/10,2026-12,CALL,34000,31955,280,,,,,,,,,,,,
2026/09/02 01:35,2026-09-02T01:50:46+09:00,2026/09/02,2026/12/10,2026-12,PUT,34000,21,2820,,,,,,,,,,,,
2026/09/02 01:35,2026-09-02T01:50:46+09:00,2026/09/02,2026/12/10,2026-12,CALL,33750,32205,,,,,,,,,,,,,
2026/09/02 01:35,2026-09-02T01:50:46+09:00,2026/09/02,2026/12/10,2026-12,PUT,33750,21,,,,,,,,,,,,,
2026/09/02 01:35,2026-09-02T01:50:46+09:00,2026/09/02,2026/12/10,2026-12,CALL,33500,32450,,,,,,,,,,,,,
2026/09/02 01:35,2026-09-02T01:50:46+09:00,2026/09/02,2026/12/10,2026-12,PUT,33500,20,72,,,,,,,,,,,,
2026/09/02 01:35,2026-09-02T01:50:46+09:00,2026/09/02,2026/12/10,2026-12,CALL,33250,32700,,,,,,,,,,,,,
2026/09/02 01:35,2026-09-02T01:50:46+09:00,2026/09/02,2026/12/10,2026-12,PUT,33250,19,37,,,,,,,,,,,,
2026/09/02 01:35,2026-09-02T01:50:46+09:00,2026/09/02,2026/12/10,2026-12,CALL,33000,32950,1950,,,,,,,,,,,,
2026/09/02 01:35,2026-09-02T01:50:46+09:00,2026/09/02,2026/12/10,2026-12,PUT,33000,18,3362,,,,,,,,,,,,
2026/09/02 01:35,2026-09-02T01:50:46+09:00,2026/09/02,2026/12/10,2026-12,CALL,32750,33195,,,,,,,,,,,,,
2026/09/02 01:35,2026-09-02T01:50:46+09:00,2026/09/02,2026/12/10,2026-12,PUT,32750,17,,,,,,,,,,,,,
2026/09/02 01:35,2026-09-02T01:50:46+09:00,2026/09/02,2026/12/10,2026-12,CALL,32500,33445,250,,,,,,,,,,,,
2026/09/02 01:35,2026-09-02T01:50:46+09:00,2026/09/02,2026/12/10,2026-12,PUT,32500,17,901,,,,,,,,,,,,
2026/09/02 01:35,2026-09-02T01:50:46+09:00,2026/09/02,2026/12/10,2026-12,CALL,32250,33690,,,,,,,,,,,,,
2026/09/02 01:35,2026-09-02T01:50:46+09:00,2026/09/02,2026/12/10,2026-12,PUT,32250,16,600,,,,,,,,,,,,
2026/09/02 01:35,2026-09-02T01:50:46+09:00,2026/09/02,2026/12/10,2026-12,CALL,32000,33940,700,,,,,,,,,,,,
2026/09/02 01:35,2026-09-02T01:50:46+09:00,2026/09/02,2026/12/10,2026-12,PUT,32000,15,4655,,,40.19,,,1,10,,,,,
2026/09/02 01:35,2026-09-02T01:50:46+09:00,2026/09/02,2026/12/10,2026-12,CALL,31750,34190,,,,,,,,,,,,,
2026/09/02 01:35,2026-09-02T01:50:46+09:00,2026/09/02,2026/12/10,2026-12,PUT,31750,14,,,,,,,,,,,,,
2026/09/02 01:35,2026-09-02T01:50:46+09:00,2026/09/02,2026/12/10,2026-12,CALL,31500,34435,50,,,,,,,,,,,,
2026/09/02 01:35,2026-09-02T01:50:46+09:00,2026/09/02,2026/12/10,2026-12,PUT,31500,14,350,,,,,,,,,,,,
2026/09/02 01:35,2026-09-02T01:50:46+09:00,2026/09/02,2026/12/10,2026-12,CALL,31250,34685,,,,,,,,,,,,,
2026/09/02 01:35,2026-09-02T01:50:46+09:00,2026/09/02,2026/12/10,2026-12,PUT,31250,13,,,,,,,,,,,,,
2026/09/02 01:35,2026-09-02T01:50:46+09:00,2026/09/02,2026/12/10,2026-12,CALL,31000,34935,241,,,,,,,,,,,,
2026/09/02 01:35,2026-09-02T01:50:46+09:00,2026/09/02,2026/12/10,2026-12,PUT,31000,13,2037,,,41.91,,,1,10,,,,,
2026/09/02 01:35,2026-09-02T01:50:46+09:00,2026/09/02,2026/12/10,2026-12,CALL,30750,35180,,,,,,,,,,,,,
2026/09/02 01:35,2026-09-02T01:50:46+09:00,2026/09/02,2026/12/10,2026-12,PUT,30750,12,,,,,,,,,,,,,
2026/09/02 01:35,2026-09-02T01:50:46+09:00,2026/09/02,2026/12/10,2026-12,CALL,30500,35430,50,,,,,,,,,,,,
2026/09/02 01:35,2026-09-02T01:50:46+09:00,2026/09/02,2026/12/10,2026-12,PUT,30500,11,51,,,,,,,,,,,,
2026/09/02 01:35,2026-09-02T01:50:46+09:00,2026/09/02,2026/12/10,2026-12,CALL,30250,35680,,,,,,,,,,,,,
2026/09/02 01:35,2026-09-02T01:50:46+09:00,2026/09/02,2026/12/10,2026-12,PUT,30250,11,,,,,,,,,,,,,
2026/09/02 01:35,2026-09-02T01:50:46+09:00,2026/09/02,2026/12/10,2026-12,CALL,30000,35925,100,,,,,,,,,,,,
2026/09/02 01:35,2026-09-02T01:50:46+09:00,2026/09/02,2026/12/10,2026-12,PUT,30000,17,5596,,,51.8,,,8,1,,,,,
2026/09/02 01:35,2026-09-02T01:50:46+09:00,2026/09/02,2026/12/10,2026-12,CALL,29750,36175,,,,,,,,,,,,,
2026/09/02 01:35,2026-09-02T01:50:46+09:00,2026/09/02,2026/12/10,2026-12,PUT,29750,10,,,,,,,,,,,,,
2026/09/02 01:35,2026-09-02T01:50:46+09:00,2026/09/02,2026/12/10,2026-12,CALL,29500,36425,,,,,,,,,,,,,
2026/09/02 01:35,2026-09-02T01:50:46+09:00,2026/09/02,2026/12/10,2026-12,PUT,29500,9,,,,,,,,,,,,,
2026/09/02 01:35,2026-09-02T01:50:46+09:00,2026/09/02,2026/12/10,2026-12,CALL,29250,36670,,,,,,,,,,,,,
2026/09/02 01:35,2026-09-02T01:50:46+09:00,2026/09/02,2026/12/10,2026-12,PUT,29250,9,,,,,,,,,,,,,
2026/09/02 01:35,2026-09-02T01:50:46+09:00,2026/09/02,2026/12/10,2026-12,CALL,29000,36920,150,,,,,,,,,,,,
2026/09/02 01:35,2026-09-02T01:50:46+09:00,2026/09/02,2026/12/10,2026-12,PUT,29000,9,1450,,,,,,,,,,,,
2026/09/02 01:35,2026-09-02T01:50:46+09:00,2026/09/02,2026/12/10,2026-12,CALL,28750,37170,,,,,,,,,,,,,
2026/09/02 01:35,2026-09-02T01:50:46+09:00,2026/09/02,2026/12/10,2026-12,PUT,28750,8,,,,,,,,,,,,,
2026/09/02 01:35,2026-09-02T01:50:46+09:00,2026/09/02,2026/12/10,2026-12,CALL,28500,37420,125,,,,,,,,,,,,
2026/09/02 01:35,2026-09-02T01:50:46+09:00,2026/09/02,2026/12/10,2026-12,PUT,28500,8,400,,,,,,,,,,,,
2026/09/02 01:35,2026-09-02T01:50:46+09:00,2026/09/02,2026/12/10,2026-12,CALL,28250,37665,,,,,,,,,,,,,
2026/09/02 01:35,2026-09-02T01:50:46+09:00,2026/09/02,2026/12/10,2026-12,PUT,28250,7,,,,,,,,,,,,,
2026/09/02 01:35,2026-09-02T01:50:46+09:00,2026/09/02,2026/12/10,2026-12,CALL,28000,37915,75,,,,,,,,,,,,
2026/09/02 01:35,2026-09-02T01:50:46+09:00,2026/09/02,2026/12/10,2026-12,PUT,28000,13,1327,,,,,,,,,,,,
2026/09/02 01:35,2026-09-02T01:50:46+09:00,2026/09/02,2026/12/10,2026-12,CALL,27750,38165,,,,,,,,,,,,,
2026/09/02 01:35,2026-09-02T01:50:46+09:00,2026/09/02,2026/12/10,2026-12,PUT,27750,7,72,,,,,,,,,,,,
2026/09/02 01:35,2026-09-02T01:50:46+09:00,2026/09/02,2026/12/10,2026-12,CALL,27500,38410,,,,,,,,,,,,,
2026/09/02 01:35,2026-09-02T01:50:46+09:00,2026/09/02,2026/12/10,2026-12,PUT,27500,6,25,,,,,,,,,,,,
2026/09/02 01:35,2026-09-02T01:50:46+09:00,2026/09/02,2026/12/10,2026-12,CALL,27250,38660,,,,,,,,,,,,,
2026/09/02 01:35,2026-09-02T01:50:46+09:00,2026/09/02,2026/12/10,2026-12,PUT,27250,6,,,,,,,,,,,,,
2026/09/02 01:35,2026-09-02T01:50:46+09:00,2026/09/02,2026/12/10,2026-12,CALL,27000,38910,250,,,,,,,,,,,,
2026/09/02 01:35,2026-09-02T01:50:46+09:00,2026/09/02,2026/12/10,2026-12,PUT,27000,12,2630,,,,,,,,,,,,
2026/09/02 01:35,2026-09-02T01:50:46+09:00,2026/09/02,2026/12/10,2026-12,CALL,26750,39160,,,,,,,,,,,,,
2026/09/02 01:35,2026-09-02T01:50:46+09:00,2026/09/02,2026/12/10,2026-12,PUT,26750,5,,,,,,,,,,,,,
2026/09/02 01:35,2026-09-02T01:50:46+09:00,2026/09/02,2026/12/10,2026-12,CALL,26500,39405,,,,,,,,,,,,,
2026/09/02 01:35,2026-09-02T01:50:46+09:00,2026/09/02,2026/12/10,2026-12,PUT,26500,5,1,,,,,,,,,,,,
2026/09/02 01:35,2026-09-02T01:50:46+09:00,2026/09/02,2026/12/10,2026-12,CALL,26250,39655,,,,,,,,,,,,,
2026/09/02 01:35,2026-09-02T01:50:46+09:00,2026/09/02,2026/12/10,2026-12,PUT,26250,5,,,,,,,,,,,,,
2026/09/02 01:35,2026-09-02T01:50:46+09:00,2026/09/02,2026/12/10,2026-12,CALL,26000,39905,350,,,,,,,,,,,,
2026/09/02 01:35,2026-09-02T01:50:46+09:00,2026/09/02,2026/12/10,2026-12,PUT,26000,4,1425,,,,,,,,,,,,
2026/09/02 01:35,2026-09-02T01:50:46+09:00,2026/09/02,2026/12/10,2026-12,CALL,25750,40150,,,,,,,,,,,,,
2026/09/02 01:35,2026-09-02T01:50:46+09:00,2026/09/02,2026/12/10,2026-12,PUT,25750,4,,,,,,,,,,,,,
2026/09/02 01:35,2026-09-02T01:50:46+09:00,2026/09/02,2026/12/10,2026-12,CALL,25500,40400,,,,,,,,,,,,,
2026/09/02 01:35,2026-09-02T01:50:46+09:00,2026/09/02,2026/12/10,2026-12,PUT,25500,4,2,,,,,,,,,,,,
2026/09/02 01:35,2026-09-02T01:50:46+09:00,2026/09/02,2026/12/10,2026-12,CALL,25250,40650,,,,,,,,,,,,,
2026/09/02 01:35,2026-09-02T01:50:46+09:00,2026/09/02,2026/12/10,2026-12,PUT,25250,4,1,,,,,,,,,,,,
2026/09/02 01:35,2026-09-02T01:50:46+09:00,2026/09/02,2026/12/10,2026-12,CALL,25000,40900,300,,,,,,,,,,,,
2026/09/02 01:35,2026-09-02T01:50:46+09:00,2026/09/02,2026/12/10,2026-12,PUT,25000,6,2314,,,61.69,,,6,8,,,,,
2026/09/02 01:35,2026-09-02T01:50:46+09:00,2026/09/02,2026/12/10,2026-12,CALL,24750,41145,,,,,,,,,,,,,
2026/09/02 01:35,2026-09-02T01:50:46+09:00,2026/09/02,2026/12/10,2026-12,PUT,24750,3,1,,,,,,,,,,,,
2026/09/02 01:35,2026-09-02T01:50:46+09:00,2026/09/02,2026/12/10,2026-12,CALL,24500,41395,,,,,,,,,,,,,
2026/09/02 01:35,2026-09-02T01:50:46+09:00,2026/09/02,2026/12/10,2026-12,PUT,24500,3,250,,,,,,,,,,,,
2026/09/02 01:35,2026-09-02T01:50:46+09:00,2026/09/02,2026/12/10,2026-12,CALL,24250,41645,,,,,,,,,,,,,
2026/09/02 01:35,2026-09-02T01:50:46+09:00,2026/09/02,2026/12/10,2026-12,PUT,24250,3,,,,,,,,,,,,,
2026/09/02 01:35,2026-09-02T01:50:46+09:00,2026/09/02,2026/12/10,2026-12,CALL,24000,41895,,,,,,,,,,,,,
2026/09/02 01:35,2026-09-02T01:50:46+09:00,2026/09/02,2026/12/10,2026-12,PUT,24000,3,405,,78.06,,40,1,,,,,,,
2026/09/02 01:35,2026-09-02T01:50:46+09:00,2026/09/02,2026/12/10,2026-12,CALL,23750,42140,,,,,,,,,,,,,
2026/09/02 01:35,2026-09-02T01:50:46+09:00,2026/09/02,2026/12/10,2026-12,PUT,23750,3,,,,,,,,,,,,,
2026/09/02 01:35,2026-09-02T01:50:46+09:00,2026/09/02,2026/12/10,2026-12,CALL,23500,42390,,,,,,,,,,,,,
2026/09/02 01:35,2026-09-02T01:50:46+09:00,2026/09/02,2026/12/10,2026-12,PUT,23500,2,127,,,,,,,,,,,,
2026/09/02 01:35,2026-09-02T01:50:46+09:00,2026/09/02,2026/12/10,2026-12,CALL,23250,42640,,,,,,,,,,,,,
2026/09/02 01:35,2026-09-02T01:50:46+09:00,2026/09/02,2026/12/10,2026-12,PUT,23250,7,,,,67.09,,,7,1,,,,,
2026/09/02 01:35,2026-09-02T01:50:46+09:00,2026/09/02,2026/12/10,2026-12,CALL,23000,42890,,,,,,,,,,,,,
2026/09/02 01:35,2026-09-02T01:50:46+09:00,2026/09/02,2026/12/10,2026-12,PUT,23000,2,2106,,,61.07,,,2,1,,,,,
2026/09/02 01:35,2026-09-02T01:50:46+09:00,2026/09/02,2026/12/10,2026-12,CALL,22750,43135,,,,,,,,,,,,,
2026/09/02 01:35,2026-09-02T01:50:46+09:00,2026/09/02,2026/12/10,2026-12,PUT,22750,2,,,,,,,,,,,,,
2026/09/02 01:35,2026-09-02T01:50:46+09:00,2026/09/02,2026/12/10,2026-12,CALL,22500,43385,,,,,,,,,,,,,
2026/09/02 01:35,2026-09-02T01:50:46+09:00,2026/09/02,2026/12/10,2026-12,PUT,22500,2,150,,,,,,,,,,,,
2026/09/02 01:35,2026-09-02T01:50:46+09:00,2026/09/02,2026/12/10,2026-12,CALL,22250,43635,,,,,,,,,,,,,
2026/09/02 01:35,2026-09-02T01:50:46+09:00,2026/09/02,2026/12/10,2026-12,PUT,22250,2,,,,,,,,,,,,,
2026/09/02 01:35,2026-09-02T01:50:46+09:00,2026/09/02,2026/12/10,2026-12,CALL,22000,43885,100,,,,,,,,,,,,
2026/09/02 01:35,2026-09-02T01:50:46+09:00,2026/09/02,2026/12/10,2026-12,PUT,22000,2,1716,,95.2,60.45,100,1,1,2,,,,,
2026/09/02 01:35,2026-09-02T01:50:46+09:00,2026/09/02,2026/12/10,2026-12,CALL,21750,44135,,,,,,,,,,,,,
2026/09/02 01:35,2026-09-02T01:50:46+09:00,2026/09/02,2026/12/10,2026-12,PUT,21750,2,,,,,,,,,,,,,
2026/09/02 01:35,2026-09-02T01:50:46+09:00,2026/09/02,2026/12/10,2026-12,CALL,21500,44380,,,,,,,,,,,,,
2026/09/02 01:35,2026-09-02T01:50:46+09:00,2026/09/02,2026/12/10,2026-12,PUT,21500,1,500,,,,,,,,,,,,
2026/09/02 01:35,2026-09-02T01:50:46+09:00,2026/09/02,2026/12/10,2026-12,CALL,21250,44630,,,,,,,,,,,,,
2026/09/02 01:35,2026-09-02T01:50:46+09:00,2026/09/02,2026/12/10,2026-12,PUT,21250,1,,,,,,,,,,,,,
2026/09/02 01:35,2026-09-02T01:50:46+09:00,2026/09/02,2026/12/10,2026-12,CALL,21000,44880,,,,,,,,,,,,,
2026/09/02 01:35,2026-09-02T01:50:46+09:00,2026/09/02,2026/12/10,2026-12,PUT,21000,1,350,,,,,,,,,,,,
2026/09/02 01:35,2026-09-02T01:50:46+09:00,2026/09/02,2026/12/10,2026-12,CALL,20750,45130,,,,,,,,,,,,,
2026/09/02 01:35,2026-09-02T01:50:46+09:00,2026/09/02,2026/12/10,2026-12,PUT,20750,2,,,,,,,,,,,,,
2026/09/02 01:35,2026-09-02T01:50:46+09:00,2026/09/02,2026/12/10,2026-12,CALL,20500,45375,,,,,,,,,,,,,
2026/09/02 01:35,2026-09-02T01:50:46+09:00,2026/09/02,2026/12/10,2026-12,PUT,20500,2,,,,,,,,,,,,,
2026/09/02 01:35,2026-09-02T01:50:46+09:00,2026/09/02,2026/12/10,2026-12,CALL,20250,45625,,,,,,,,,,,,,
2026/09/02 01:35,2026-09-02T01:50:46+09:00,2026/09/02,2026/12/10,2026-12,PUT,20250,2,,,,,,,,,,,,,
2026/09/02 01:35,2026-09-02T01:50:46+09:00,2026/09/02,2026/12/10,2026-12,CALL,20000,45875,150,,,,,,,,,,,,
2026/09/02 01:35,2026-09-02T01:50:46+09:00,2026/09/02,2026/12/10,2026-12,PUT,20000,6,2354,5,84.75,79.08,20,1,10,2,81.88,,,14,09/02 00:24
2026/09/02 01:35,2026-09-02T01:50:46+09:00,2026/09/02,2026/12/10,2026-12,CALL,19750,46125,,,,,,,,,,,,,
2026/09/02 01:35,2026-09-02T01:50:46+09:00,2026/09/02,2026/12/10,2026-12,PUT,19750,2,,,,,,,,,,,,,
2026/09/02 01:35,2026-09-02T01:50:46+09:00,2026/09/02,2026/12/10,2026-12,CALL,19500,46375,,,,,,,,,,,,,
2026/09/02 01:35,2026-09-02T01:50:46+09:00,2026/09/02,2026/12/10,2026-12,PUT,19500,2,,,,,,,,,,,,,
2026/09/02 01:35,2026-09-02T01:50:46+09:00,2026/09/02,2026/12/10,2026-12,CALL,19250,46620,,,,,,,,,,,,,
2026/09/02 01:35,2026-09-02T01:50:46+09:00,2026/09/02,2026/12/10,2026-12,PUT,19250,1,,,,,,,,,,,,,
2026/09/02 01:35,2026-09-02T01:50:46+09:00,2026/09/02,2026/12/10,2026-12,CALL,19000,46870,,,,,,,,,,,,,
2026/09/02 01:35,2026-09-02T01:50:46+09:00,2026/09/02,2026/12/10,2026-12,PUT,19000,1,650,,,68.39,,,1,1,,,,,
2026/09/02 01:35,2026-09-02T01:50:46+09:00,2026/09/02,2026/12/10,2026-12,CALL,18750,47120,,,,,,,,,,,,,
2026/09/02 01:35,2026-09-02T01:50:46+09:00,2026/09/02,2026/12/10,2026-12,PUT,18750,1,,,,,,,,,,,,,
2026/09/02 01:35,2026-09-02T01:50:46+09:00,2026/09/02,2026/12/10,2026-12,CALL,18500,47370,,,,,,,,,,,,,
2026/09/02 01:35,2026-09-02T01:50:46+09:00,2026/09/02,2026/12/10,2026-12,PUT,18500,1,,,,,,,,,,,,,
2026/09/02 01:35,2026-09-02T01:50:46+09:00,2026/09/02,2026/12/10,2026-12,CALL,18250,47615,,,,,,,,,,,,,
2026/09/02 01:35,2026-09-02T01:50:46+09:00,2026/09/02,2026/12/10,2026-12,PUT,18250,1,,,,,,,,,,,,,
2026/09/02 01:35,2026-09-02T01:50:46+09:00,2026/09/02,2026/12/10,2026-12,CALL,18000,47865,,,,,,,,,,,,,
2026/09/02 01:35,2026-09-02T01:50:46+09:00,2026/09/02,2026/12/10,2026-12,PUT,18000,2,153,,,75,,,2,1,,,,,
2026/09/02 01:35,2026-09-02T01:50:46+09:00,2026/09/02,2026/12/10,2026-12,CALL,17750,48115,,,,,,,,,,,,,
2026/09/02 01:35,2026-09-02T01:50:46+09:00,2026/09/02,2026/12/10,2026-12,PUT,17750,1,,,,,,,,,,,,,
2026/09/02 01:35,2026-09-02T01:50:46+09:00,2026/09/02,2026/12/10,2026-12,CALL,17500,48365,,,,,,,,,,,,,
2026/09/02 01:35,2026-09-02T01:50:46+09:00,2026/09/02,2026/12/10,2026-12,PUT,17500,1,,,,,,,,,,,,,
2026/09/02 01:35,2026-09-02T01:50:46+09:00,2026/09/02,2026/12/10,2026-12,CALL,17250,48610,,,,,,,,,,,,,
2026/09/02 01:35,2026-09-02T01:50:46+09:00,2026/09/02,2026/12/10,2026-12,PUT,17250,1,,,,,,,,,,,,,
2026/09/02 01:35,2026-09-02T01:50:46+09:00,2026/09/02,2026/12/10,2026-12,CALL,17000,48860,,,,,,,,,,,,,
2026/09/02 01:35,2026-09-02T01:50:46+09:00,2026/09/02,2026/12/10,2026-12,PUT,17000,1,3,,,,,,,,,,,,
2026/09/02 01:35,2026-09-02T01:50:46+09:00,2026/09/02,2026/12/10,2026-12,CALL,16750,49110,,,,,,,,,,,,,
2026/09/02 01:35,2026-09-02T01:50:46+09:00,2026/09/02,2026/12/10,2026-12,PUT,16750,1,,,,,,,,,,,,,
2026/09/02 01:35,2026-09-02T01:50:46+09:00,2026/09/02,2026/12/10,2026-12,CALL,16500,49360,,,,,,,,,,,,,
2026/09/02 01:35,2026-09-02T01:50:46+09:00,2026/09/02,2026/12/10,2026-12,PUT,16500,1,1,,,,,,,,,,,,
2026/09/02 01:35,2026-09-02T01:50:46+09:00,2026/09/02,2026/12/10,2026-12,CALL,16250,49610,,,,,,,,,,,,,
2026/09/02 01:35,2026-09-02T01:50:46+09:00,2026/09/02,2026/12/10,2026-12,PUT,16250,1,,,,,,,,,,,,,
2026/09/02 01:35,2026-09-02T01:50:46+09:00,2026/09/02,2026/12/10,2026-12,CALL,16000,49855,,,,,,,,,,,,,
2026/09/02 01:35,2026-09-02T01:50:46+09:00,2026/09/02,2026/12/10,2026-12,PUT,16000,1,3,,,77.72,,,1,1,,,,,
2026/09/02 01:35,2026-09-02T01:50:46+09:00,2026/09/02,2026/12/10,2026-12,CALL,15750,50105,,,,,,,,,,,,,
2026/09/02 01:35,2026-09-02T01:50:46+09:00,2026/09/02,2026/12/10,2026-12,PUT,15750,1,,,,,,,,,,,,,
2026/09/02 01:35,2026-09-02T01:50:46+09:00,2026/09/02,2026/12/10,2026-12,CALL,15500,50355,,,,,,,,,,,,,
2026/09/02 01:35,2026-09-02T01:50:46+09:00,2026/09/02,2026/12/10,2026-12,PUT,15500,1,,,,,,,,,,,,,
2026/09/02 01:35,2026-09-02T01:50:46+09:00,2026/09/02,2026/12/10,2026-12,CALL,15250,50605,,,,,,,,,,,,,
2026/09/02 01:35,2026-09-02T01:50:46+09:00,2026/09/02,2026/12/10,2026-12,PUT,15250,1,,,,,,,,,,,,,
2026/09/02 01:35,2026-09-02T01:50:46+09:00,2026/09/02,2026/12/10,2026-12,CALL,15000,50855,,,,,,,,,,,,,
2026/09/02 01:35,2026-09-02T01:50:46+09:00,2026/09/02,2026/12/10,2026-12,PUT,15000,2,5,,,88.14,,,3,1,,,,,
2026/09/02 01:35,2026-09-02T01:50:46+09:00,2026/09/02,2026/12/10,2026-12,CALL,14750,51100,,,,,,,,,,,,,
2026/09/02 01:35,2026-09-02T01:50:46+09:00,2026/09/02,2026/12/10,2026-12,PUT,14750,1,1,,,,,,,,,,,,
2026/09/02 01:35,2026-09-02T01:50:46+09:00,2026/09/02,2026/12/10,2026-12,CALL,14500,51350,,,,,,,,,,,,,
2026/09/02 01:35,2026-09-02T01:50:46+09:00,2026/09/02,2026/12/10,2026-12,PUT,14500,1,1,,,,,,,,,,,,
2026/09/02 01:35,2026-09-02T01:50:46+09:00,2026/09/02,2026/12/10,2026-12,CALL,14250,51600,,,,,,,,,,,,,
2026/09/02 01:35,2026-09-02T01:50:46+09:00,2026/09/02,2026/12/10,2026-12,PUT,14250,1,,,,,,,,,,,,,
2026/09/02 01:35,2026-09-02T01:50:46+09:00,2026/09/02,2026/12/10,2026-12,CALL,14000,51850,,,,,,,,,,,,,
2026/09/02 01:35,2026-09-02T01:50:46+09:00,2026/09/02,2026/12/10,2026-12,PUT,14000,2,11,,,89.37,,,2,1,,,,,
2026/09/02 01:35,2026-09-02T01:50:46+09:00,2026/09/02,2026/12/10,2026-12,CALL,13750,52095,,,,,,,,,,,,,
2026/09/02 01:35,2026-09-02T01:50:46+09:00,2026/09/02,2026/12/10,2026-12,PUT,13750,1,,,,,,,,,,,,,
2026/09/02 01:35,2026-09-02T01:50:46+09:00,2026/09/02,2026/12/10,2026-12,CALL,13500,52345,,,,,,,,,,,,,
2026/09/02 01:35,2026-09-02T01:50:46+09:00,2026/09/02,2026/12/10,2026-12,PUT,13500,1,100,,,86.99,,,1,100,,,,,
2026/09/02 01:35,2026-09-02T01:50:46+09:00,2026/09/02,2026/12/10,2026-12,CALL,13250,52595,,,,,,,,,,,,,
2026/09/02 01:35,2026-09-02T01:50:46+09:00,2026/09/02,2026/12/10,2026-12,PUT,13250,1,,,,,,,,,,,,,
2026/09/02 01:35,2026-09-02T01:50:46+09:00,2026/09/02,2026/12/10,2026-12,CALL,13000,52845,,,,,,,,,,,,,
2026/09/02 01:35,2026-09-02T01:50:46+09:00,2026/09/02,2026/12/10,2026-12,PUT,13000,3,4,,,96.62,,,3,5,,,,,
2026/09/02 01:35,2026-09-02T01:50:46+09:00,2026/09/02,2026/12/10,2026-12,CALL,12750,53095,,,,,,,,,,,,,
2026/09/02 01:35,2026-09-02T01:50:46+09:00,2026/09/02,2026/12/10,2026-12,PUT,12750,1,,,,90.12,,,1,1,,,,,
2026/09/02 01:35,2026-09-02T01:50:46+09:00,2026/09/02,2026/12/10,2026-12,CALL,12500,53340,84,,,,,,,,,,,,
2026/09/02 01:35,2026-09-02T01:50:46+09:00,2026/09/02,2026/12/10,2026-12,PUT,12500,2,725,9,104.81,98.95,6,36,3,6,101.36,1,33.33,4,09/02 00:14
