qri_update_time,collected_at,trading_day,last_trading_day,contract,option_type,strike,settlement,open_interest,volume,ask_iv,bid_iv,ask_price,ask_quantity,bid_price,bid_quantity,iv,change,change_percent,last_price,trade_time
2026/08/24 09:31,2026-08-24T09:46:45+09:00,2026/08/24,2026/09/10,2026-09,CALL,85000,1,1432,4,37.71,35.67,2,185,1,277,35.52,0,0,1,08/24 08:45
2026/08/24 09:31,2026-08-24T09:46:45+09:00,2026/08/24,2026/09/10,2026-09,PUT,85000,18900,5,,,,,,,,,,,,
2026/08/24 09:31,2026-08-24T09:46:45+09:00,2026/08/24,2026/09/10,2026-09,CALL,84500,1,34,,36.92,,2,30,,,,,,,
2026/08/24 09:31,2026-08-24T09:46:45+09:00,2026/08/24,2026/09/10,2026-09,PUT,84500,18400,,,,,,,,,,,,,
2026/08/24 09:31,2026-08-24T09:46:45+09:00,2026/08/24,2026/09/10,2026-09,CALL,84000,2,999,15,36.12,34.16,2,85,1,9,34.08,-1,-50,1,08/22 02:30
2026/08/24 09:31,2026-08-24T09:46:45+09:00,2026/08/24,2026/09/10,2026-09,PUT,84000,17900,,,,,,,,,,,,,
2026/08/24 09:31,2026-08-24T09:46:45+09:00,2026/08/24,2026/09/10,2026-09,CALL,83500,2,11,,35.32,33.39,2,2,1,8,,,,,
2026/08/24 09:31,2026-08-24T09:46:45+09:00,2026/08/24,2026/09/10,2026-09,PUT,83500,17405,,,,,,,,,,,,,
2026/08/24 09:31,2026-08-24T09:46:45+09:00,2026/08/24,2026/09/10,2026-09,CALL,83000,2,492,3,34.51,32.62,2,63,1,142,33.61,1,100,2,08/21 20:52
2026/08/24 09:31,2026-08-24T09:46:45+09:00,2026/08/24,2026/09/10,2026-09,PUT,83000,16905,,,,,,,,,,,,,
2026/08/24 09:31,2026-08-24T09:46:45+09:00,2026/08/24,2026/09/10,2026-09,CALL,82500,3,65,,34.92,33.7,3,1,2,1,,,,,
2026/08/24 09:31,2026-08-24T09:46:45+09:00,2026/08/24,2026/09/10,2026-09,PUT,82500,16405,,,,,,,,,,,,,
2026/08/24 09:31,2026-08-24T09:46:45+09:00,2026/08/24,2026/09/10,2026-09,CALL,82000,3,381,2,34.07,32.87,3,11,2,88,33.34,0,0,3,08/21 21:52
2026/08/24 09:31,2026-08-24T09:46:45+09:00,2026/08/24,2026/09/10,2026-09,PUT,82000,15905,,,,,,,,,,,,,
2026/08/24 09:31,2026-08-24T09:46:45+09:00,2026/08/24,2026/09/10,2026-09,CALL,81500,4,65,1,34.12,32.04,4,26,2,124,33.45,0,0,3,08/21 23:24
2026/08/24 09:31,2026-08-24T09:46:45+09:00,2026/08/24,2026/09/10,2026-09,PUT,81500,15405,,,,,,,,,,,,,
2026/08/24 09:31,2026-08-24T09:46:45+09:00,2026/08/24,2026/09/10,2026-09,CALL,81000,5,417,3,33.24,32.35,4,43,3,81,32.14,-1,-25,3,08/22 01:22
2026/08/24 09:31,2026-08-24T09:46:45+09:00,2026/08/24,2026/09/10,2026-09,PUT,81000,14905,,,,,,,,,,,,,
2026/08/24 09:31,2026-08-24T09:46:45+09:00,2026/08/24,2026/09/10,2026-09,CALL,80500,6,35,,33.06,32.35,5,21,4,7,,,,,
2026/08/24 09:31,2026-08-24T09:46:45+09:00,2026/08/24,2026/09/10,2026-09,PUT,80500,14410,,,,,,,,,,,,,
2026/08/24 09:31,2026-08-24T09:46:45+09:00,2026/08/24,2026/09/10,2026-09,CALL,80000,6,1876,13,32.75,32.15,6,25,5,45,32.58,0,0,6,08/24 08:45
2026/08/24 09:31,2026-08-24T09:46:45+09:00,2026/08/24,2026/09/10,2026-09,PUT,80000,13910,1,,,,,,,,,,,,
2026/08/24 09:31,2026-08-24T09:46:45+09:00,2026/08/24,2026/09/10,2026-09,CALL,79500,8,219,1,32.8,31.81,8,15,6,22,31.87,-1,-12.5,7,08/21 22:15
2026/08/24 09:31,2026-08-24T09:46:45+09:00,2026/08/24,2026/09/10,2026-09,PUT,79500,13410,,,,,,,,,,,,,
2026/08/24 09:31,2026-08-24T09:46:45+09:00,2026/08/24,2026/09/10,2026-09,CALL,79000,10,231,27,32.24,31.83,9,31,8,20,32.51,-1,-10,9,08/24 09:22
2026/08/24 09:31,2026-08-24T09:46:45+09:00,2026/08/24,2026/09/10,2026-09,PUT,79000,12915,,,,,,,,,,,,,
2026/08/24 09:31,2026-08-24T09:46:45+09:00,2026/08/24,2026/09/10,2026-09,CALL,78500,13,54,5,32.31,31.63,12,21,10,6,31.8,0,0,12,08/24 09:04
2026/08/24 09:31,2026-08-24T09:46:45+09:00,2026/08/24,2026/09/10,2026-09,PUT,78500,12420,,,,,,,,,,,,,
2026/08/24 09:31,2026-08-24T09:46:45+09:00,2026/08/24,2026/09/10,2026-09,CALL,78000,15,2521,65,31.58,31.28,13,10,12,13,31.91,-2,-13.33,13,08/24 09:30
2026/08/24 09:31,2026-08-24T09:46:45+09:00,2026/08/24,2026/09/10,2026-09,PUT,78000,11920,1,,,,,,,,,,,,
2026/08/24 09:31,2026-08-24T09:46:45+09:00,2026/08/24,2026/09/10,2026-09,CALL,77500,21,978,,32.24,31.08,20,10,15,9,,,,,
2026/08/24 09:31,2026-08-24T09:46:45+09:00,2026/08/24,2026/09/10,2026-09,PUT,77500,11425,4,,,,,,,,,,,,
2026/08/24 09:31,2026-08-24T09:46:45+09:00,2026/08/24,2026/09/10,2026-09,CALL,77000,24,744,36,31.34,31.14,21,1,20,8,31.39,-4,-16.67,20,08/24 09:23
2026/08/24 09:31,2026-08-24T09:46:45+09:00,2026/08/24,2026/09/10,2026-09,PUT,77000,10935,,,,,,,,,,,,,
2026/08/24 09:31,2026-08-24T09:46:45+09:00,2026/08/24,2026/09/10,2026-09,CALL,76500,33,54,,31.91,31.12,31,31,26,1,,,,,
2026/08/24 09:31,2026-08-24T09:46:45+09:00,2026/08/24,2026/09/10,2026-09,PUT,76500,10440,,,,,,,,,,,,,
2026/08/24 09:31,2026-08-24T09:46:45+09:00,2026/08/24,2026/09/10,2026-09,CALL,76000,37,571,56,31.16,30.73,34,11,31,8,31.44,-5,-13.51,32,08/24 09:26
2026/08/24 09:31,2026-08-24T09:46:45+09:00,2026/08/24,2026/09/10,2026-09,PUT,76000,9950,,,,,,,,,,,,,
2026/08/24 09:31,2026-08-24T09:46:45+09:00,2026/08/24,2026/09/10,2026-09,CALL,75500,53,165,3,31.61,29.95,48,26,34,6,30.88,-3,-6.12,46,08/22 01:01
2026/08/24 09:31,2026-08-24T09:46:45+09:00,2026/08/24,2026/09/10,2026-09,PUT,75500,9465,,,,,,,,,,,,,
2026/08/24 09:31,2026-08-24T09:46:45+09:00,2026/08/24,2026/09/10,2026-09,CALL,75375,57,1,,31.4,29.9,49,21,36,4,,,,,
2026/08/24 09:31,2026-08-24T09:46:45+09:00,2026/08/24,2026/09/10,2026-09,PUT,75375,9340,,,,,,,,,,,,,
2026/08/24 09:31,2026-08-24T09:46:45+09:00,2026/08/24,2026/09/10,2026-09,CALL,75250,59,33,1,31.29,29.84,51,4,38,17,30.26,-7,-11.86,52,08/24 09:10
2026/08/24 09:31,2026-08-24T09:46:45+09:00,2026/08/24,2026/09/10,2026-09,PUT,75250,9220,,,,,,,,,,,,,
2026/08/24 09:31,2026-08-24T09:46:45+09:00,2026/08/24,2026/09/10,2026-09,CALL,75125,64,1,2,31.27,30,54,20,42,4,29.93,,,55,08/21 20:43
2026/08/24 09:31,2026-08-24T09:46:45+09:00,2026/08/24,2026/09/10,2026-09,PUT,75125,9100,,,,,,,,,,,,,
2026/08/24 09:31,2026-08-24T09:46:45+09:00,2026/08/24,2026/09/10,2026-09,CALL,75000,62,2889,114,30.75,30.65,52,8,51,2,30.94,-12,-19.35,50,08/24 09:30
2026/08/24 09:31,2026-08-24T09:46:45+09:00,2026/08/24,2026/09/10,2026-09,PUT,75000,8975,,,,,,,,,,,,,
2026/08/24 09:31,2026-08-24T09:46:45+09:00,2026/08/24,2026/09/10,2026-09,CALL,74875,70,3,,31.35,29.7,62,4,45,4,,,,,
2026/08/24 09:31,2026-08-24T09:46:45+09:00,2026/08/24,2026/09/10,2026-09,PUT,74875,8855,,,,,,,,,,,,,
2026/08/24 09:31,2026-08-24T09:46:45+09:00,2026/08/24,2026/09/10,2026-09,CALL,74750,75,63,,31.28,29.8,65,16,49,4,,,,,
2026/08/24 09:31,2026-08-24T09:46:45+09:00,2026/08/24,2026/09/10,2026-09,PUT,74750,8740,,,,,,,,,,,,,
2026/08/24 09:31,2026-08-24T09:46:45+09:00,2026/08/24,2026/09/10,2026-09,CALL,74625,78,47,,31.2,29.67,68,19,51,4,,,,,
2026/08/24 09:31,2026-08-24T09:46:45+09:00,2026/08/24,2026/09/10,2026-09,PUT,74625,8615,,,,,,,,,,,,,
2026/08/24 09:31,2026-08-24T09:46:45+09:00,2026/08/24,2026/09/10,2026-09,CALL,74500,78,158,7,30.69,30.44,66,1,63,1,30.91,-13,-16.67,65,08/24 09:23
2026/08/24 09:31,2026-08-24T09:46:45+09:00,2026/08/24,2026/09/10,2026-09,PUT,74500,8490,,,,,,,,,,,,,
2026/08/24 09:31,2026-08-24T09:46:45+09:00,2026/08/24,2026/09/10,2026-09,CALL,74375,94,1,,31.07,29.67,75,19,58,4,,,,,
2026/08/24 09:31,2026-08-24T09:46:45+09:00,2026/08/24,2026/09/10,2026-09,PUT,74375,8380,,,,,,,,,,,,,
2026/08/24 09:31,2026-08-24T09:46:45+09:00,2026/08/24,2026/09/10,2026-09,CALL,74250,98,5,,30.95,29.77,78,20,63,4,,,,,
2026/08/24 09:31,2026-08-24T09:46:45+09:00,2026/08/24,2026/09/10,2026-09,PUT,74250,8260,,,,,,,,,,,,,
2026/08/24 09:31,2026-08-24T09:46:45+09:00,2026/08/24,2026/09/10,2026-09,CALL,74125,103,3,,30.97,29.76,83,20,67,4,,,,,
2026/08/24 09:31,2026-08-24T09:46:45+09:00,2026/08/24,2026/09/10,2026-09,PUT,74125,8140,,,,,,,,,,,,,
2026/08/24 09:31,2026-08-24T09:46:45+09:00,2026/08/24,2026/09/10,2026-09,CALL,74000,98,1368,1353,30.47,30.33,81,2,79,3,30.75,-19,-19.39,79,08/24 09:30
2026/08/24 09:31,2026-08-24T09:46:45+09:00,2026/08/24,2026/09/10,2026-09,PUT,74000,8015,,,,,,,,,,,,,
2026/08/24 09:31,2026-08-24T09:46:45+09:00,2026/08/24,2026/09/10,2026-09,CALL,73875,113,18,,30.81,29.83,91,18,77,4,,,,,
2026/08/24 09:31,2026-08-24T09:46:45+09:00,2026/08/24,2026/09/10,2026-09,PUT,73875,7900,,,,,,,,,,,,,
2026/08/24 09:31,2026-08-24T09:46:45+09:00,2026/08/24,2026/09/10,2026-09,CALL,73750,110,53,4,30.71,30.11,95,4,86,4,30.75,-21,-19.09,89,08/24 09:30
2026/08/24 09:31,2026-08-24T09:46:45+09:00,2026/08/24,2026/09/10,2026-09,PUT,73750,7775,,,,,,,,,,,,,
2026/08/24 09:31,2026-08-24T09:46:45+09:00,2026/08/24,2026/09/10,2026-09,CALL,73625,125,4,,30.66,29.76,100,4,86,4,,,,,
2026/08/24 09:31,2026-08-24T09:46:45+09:00,2026/08/24,2026/09/10,2026-09,PUT,73625,7660,,,,,,,,,,,,,
2026/08/24 09:31,2026-08-24T09:46:45+09:00,2026/08/24,2026/09/10,2026-09,CALL,73500,125,466,7,30.3,30.17,100,1,98,1,30.67,-22,-18.18,99,08/24 09:29
2026/08/24 09:31,2026-08-24T09:46:45+09:00,2026/08/24,2026/09/10,2026-09,PUT,73500,7540,,,,,,,,,,,,,
2026/08/24 09:31,2026-08-24T09:46:45+09:00,2026/08/24,2026/09/10,2026-09,CALL,73375,138,2,,30.87,29.36,116,1,91,4,,,,,
2026/08/24 09:31,2026-08-24T09:46:45+09:00,2026/08/24,2026/09/10,2026-09,PUT,73375,7420,,,,,,,,,,,,,
2026/08/24 09:31,2026-08-24T09:46:45+09:00,2026/08/24,2026/09/10,2026-09,CALL,73250,144,18,,30.83,29.5,122,7,99,4,,,,,
2026/08/24 09:31,2026-08-24T09:46:45+09:00,2026/08/24,2026/09/10,2026-09,PUT,73250,7305,,,,,,,,,,,,,
2026/08/24 09:31,2026-08-24T09:46:45+09:00,2026/08/24,2026/09/10,2026-09,CALL,73125,154,5,,30.77,29.43,128,6,104,4,,,,,
2026/08/24 09:31,2026-08-24T09:46:45+09:00,2026/08/24,2026/09/10,2026-09,PUT,73125,7190,,,44.45,,7785,3,7190,2,,,,,
2026/08/24 09:31,2026-08-24T09:46:45+09:00,2026/08/24,2026/09/10,2026-09,CALL,73000,154,1653,46,30.17,30.06,124,1,122,1,30.6,-32,-20.78,122,08/24 09:28
2026/08/24 09:31,2026-08-24T09:46:45+09:00,2026/08/24,2026/09/10,2026-09,PUT,73000,7070,3,,44.39,,7675,6,7015,4,,,,,
2026/08/24 09:31,2026-08-24T09:46:45+09:00,2026/08/24,2026/09/10,2026-09,CALL,72875,173,34,2,30.65,29.46,141,4,118,7,30.26,,,154,08/21 21:56
2026/08/24 09:31,2026-08-24T09:46:45+09:00,2026/08/24,2026/09/10,2026-09,PUT,72875,6955,,,43.63,,7540,3,6900,3,,,,,
2026/08/24 09:31,2026-08-24T09:46:45+09:00,2026/08/24,2026/09/10,2026-09,CALL,72750,186,201,,30.64,29.81,149,18,132,4,,,,,
2026/08/24 09:31,2026-08-24T09:46:45+09:00,2026/08/24,2026/09/10,2026-09,PUT,72750,6845,,,43.29,,7420,3,6835,3,,,,,
2026/08/24 09:31,2026-08-24T09:46:45+09:00,2026/08/24,2026/09/10,2026-09,CALL,72625,196,,,30.57,29.81,156,3,140,4,,,,,
2026/08/24 09:31,2026-08-24T09:46:45+09:00,2026/08/24,2026/09/10,2026-09,PUT,72625,6730,,,42.52,,7285,3,6655,3,,,,,
2026/08/24 09:31,2026-08-24T09:46:45+09:00,2026/08/24,2026/09/10,2026-09,CALL,72500,195,1789,19,30.12,29.84,155,1,149,1,30.71,-31,-16.32,159,08/24 09:22
2026/08/24 09:31,2026-08-24T09:46:45+09:00,2026/08/24,2026/09/10,2026-09,PUT,72500,6610,,,42.86,,7190,4,6595,4,,,,,
2026/08/24 09:31,2026-08-24T09:46:45+09:00,2026/08/24,2026/09/10,2026-09,CALL,72375,215,12,,30.47,29.9,172,5,159,3,,,,,
2026/08/24 09:31,2026-08-24T09:46:45+09:00,2026/08/24,2026/09/10,2026-09,PUT,72375,6500,,,41.96,,7050,3,6490,2,,,,,
2026/08/24 09:31,2026-08-24T09:46:45+09:00,2026/08/24,2026/09/10,2026-09,CALL,72250,231,43,2,30.44,29.75,181,5,165,3,30.31,-7,-3.5,193,08/24 09:05
2026/08/24 09:31,2026-08-24T09:46:45+09:00,2026/08/24,2026/09/10,2026-09,PUT,72250,6390,,,42.4,0,6960,3,6405,3,,,,,
2026/08/24 09:31,2026-08-24T09:46:45+09:00,2026/08/24,2026/09/10,2026-09,CALL,72125,234,78,,30.43,29.56,191,5,170,3,,,,,
2026/08/24 09:31,2026-08-24T09:46:45+09:00,2026/08/24,2026/09/10,2026-09,PUT,72125,6270,,,42.03,,6840,3,6205,3,,,,,
2026/08/24 09:31,2026-08-24T09:46:45+09:00,2026/08/24,2026/09/10,2026-09,CALL,72000,237,2311,186,29.97,29.85,190,1,187,1,30.47,-47,-19.83,190,08/24 09:30
2026/08/24 09:31,2026-08-24T09:46:45+09:00,2026/08/24,2026/09/10,2026-09,PUT,72000,6155,,,42.31,,6745,6,6125,4,,,,,
2026/08/24 09:31,2026-08-24T09:46:45+09:00,2026/08/24,2026/09/10,2026-09,CALL,71875,262,1,,30.36,29.38,211,3,186,3,,,,,
2026/08/24 09:31,2026-08-24T09:46:45+09:00,2026/08/24,2026/09/10,2026-09,PUT,71875,6050,,,41.66,21.25,6615,3,6070,3,,,,,
2026/08/24 09:31,2026-08-24T09:46:45+09:00,2026/08/24,2026/09/10,2026-09,CALL,71750,279,17,,30.49,29.43,226,3,198,3,,,,,
2026/08/24 09:31,2026-08-24T09:46:45+09:00,2026/08/24,2026/09/10,2026-09,PUT,71750,5935,,,40.76,17.92,6475,3,5920,2,,,,,
2026/08/24 09:31,2026-08-24T09:46:45+09:00,2026/08/24,2026/09/10,2026-09,CALL,71625,292,2,,30.44,29.45,237,3,210,3,,,,,
2026/08/24 09:31,2026-08-24T09:46:45+09:00,2026/08/24,2026/09/10,2026-09,PUT,71625,5825,,,40.5,17.61,6360,3,5795,2,,,,,
2026/08/24 09:31,2026-08-24T09:46:45+09:00,2026/08/24,2026/09/10,2026-09,CALL,71500,293,534,11,29.95,29.74,236,1,230,1,30.44,-49,-17.25,235,08/24 09:29
2026/08/24 09:31,2026-08-24T09:46:45+09:00,2026/08/24,2026/09/10,2026-09,PUT,71500,5700,,,40.36,19.74,6250,4,5690,4,,,,,
2026/08/24 09:31,2026-08-24T09:46:45+09:00,2026/08/24,2026/09/10,2026-09,CALL,71375,315,10,,30.36,29.25,261,3,229,3,,,,,
2026/08/24 09:31,2026-08-24T09:46:45+09:00,2026/08/24,2026/09/10,2026-09,PUT,71375,5600,,,40.45,,6150,3,5515,3,,,,,
2026/08/24 09:31,2026-08-24T09:46:45+09:00,2026/08/24,2026/09/10,2026-09,CALL,71250,330,41,4,30.3,29.32,273,3,244,3,31.16,0,0,295,08/21 23:26
2026/08/24 09:31,2026-08-24T09:46:45+09:00,2026/08/24,2026/09/10,2026-09,PUT,71250,5490,1,,40.28,,6040,3,5400,3,,,,,
2026/08/24 09:31,2026-08-24T09:46:45+09:00,2026/08/24,2026/09/10,2026-09,CALL,71125,350,57,6,30.15,29.27,283,3,256,3,30.25,,,270,08/24 09:27
2026/08/24 09:31,2026-08-24T09:46:45+09:00,2026/08/24,2026/09/10,2026-09,PUT,71125,5385,,,39.98,21.62,5925,3,5355,3,,,,,
2026/08/24 09:31,2026-08-24T09:46:45+09:00,2026/08/24,2026/09/10,2026-09,CALL,71000,365,1889,54,29.9,29.71,290,1,284,1,30.42,-76,-20.82,289,08/24 09:29
2026/08/24 09:31,2026-08-24T09:46:45+09:00,2026/08/24,2026/09/10,2026-09,PUT,71000,5280,100,,40.62,30.67,5850,6,5470,2,,,,,
2026/08/24 09:31,2026-08-24T09:46:45+09:00,2026/08/24,2026/09/10,2026-09,CALL,70875,385,61,2,30.04,29.61,310,1,296,3,30.93,,,370,08/21 18:11
2026/08/24 09:31,2026-08-24T09:46:45+09:00,2026/08/24,2026/09/10,2026-09,PUT,70875,5175,,,39.12,22.45,5685,3,5135,3,,,,,
2026/08/24 09:31,2026-08-24T09:46:45+09:00,2026/08/24,2026/09/10,2026-09,CALL,70750,405,32,,30,29.55,325,2,310,14,,,,,
2026/08/24 09:31,2026-08-24T09:46:45+09:00,2026/08/24,2026/09/10,2026-09,PUT,70750,5060,,,35.29,33.74,5425,1,5365,1,,,,,
2026/08/24 09:31,2026-08-24T09:46:45+09:00,2026/08/24,2026/09/10,2026-09,CALL,70625,425,55,4,30.08,29.5,345,4,325,4,30.35,,,355,08/22 03:31
2026/08/24 09:31,2026-08-24T09:46:45+09:00,2026/08/24,2026/09/10,2026-09,PUT,70625,4965,,,39.17,20.61,5485,3,4865,3,,,,,
2026/08/24 09:31,2026-08-24T09:46:45+09:00,2026/08/24,2026/09/10,2026-09,CALL,70500,445,330,12,29.87,29.58,355,1,345,5,29.44,-55,-12.36,390,08/24 09:03
2026/08/24 09:31,2026-08-24T09:46:45+09:00,2026/08/24,2026/09/10,2026-09,PUT,70500,4860,2,,35.32,33.46,5220,1,5145,1,,,,,
2026/08/24 09:31,2026-08-24T09:46:45+09:00,2026/08/24,2026/09/10,2026-09,CALL,70375,470,,,30.05,29.5,380,4,360,4,,,,,
2026/08/24 09:31,2026-08-24T09:46:45+09:00,2026/08/24,2026/09/10,2026-09,PUT,70375,4760,,,38.82,25.42,5270,3,4755,3,,,,,
2026/08/24 09:31,2026-08-24T09:46:45+09:00,2026/08/24,2026/09/10,2026-09,CALL,70250,495,632,3,30.07,29.53,400,13,380,12,30.8,25,5.56,475,08/21 22:09
2026/08/24 09:31,2026-08-24T09:46:45+09:00,2026/08/24,2026/09/10,2026-09,PUT,70250,4660,,,35.04,33.24,5005,1,4930,1,,,,,
2026/08/24 09:31,2026-08-24T09:46:45+09:00,2026/08/24,2026/09/10,2026-09,CALL,70125,520,1,,30.06,29.54,420,3,400,2,,,,,
2026/08/24 09:31,2026-08-24T09:46:45+09:00,2026/08/24,2026/09/10,2026-09,PUT,70125,4555,,,37.98,25.58,5035,3,4540,3,,,,,
2026/08/24 09:31,2026-08-24T09:46:45+09:00,2026/08/24,2026/09/10,2026-09,CALL,70000,535,3852,179,29.78,29.53,430,1,420,21,30.53,-100,-18.69,435,08/24 09:30
2026/08/24 09:31,2026-08-24T09:46:45+09:00,2026/08/24,2026/09/10,2026-09,PUT,70000,4455,1482,,34.71,33.09,4790,8,4720,8,,,,,
2026/08/24 09:31,2026-08-24T09:46:45+09:00,2026/08/24,2026/09/10,2026-09,CALL,69875,570,44,,29.99,29.49,460,3,440,3,,,,,
2026/08/24 09:31,2026-08-24T09:46:45+09:00,2026/08/24,2026/09/10,2026-09,PUT,69875,4360,,,37.97,23.19,4840,3,4245,3,,,,,
2026/08/24 09:31,2026-08-24T09:46:45+09:00,2026/08/24,2026/09/10,2026-09,CALL,69750,595,1453,2,29.81,29.44,475,2,460,12,30.94,0,0,560,08/21 17:22
2026/08/24 09:31,2026-08-24T09:46:45+09:00,2026/08/24,2026/09/10,2026-09,PUT,69750,4260,,,34.33,32.98,4575,1,4515,1,,,,,
2026/08/24 09:31,2026-08-24T09:46:45+09:00,2026/08/24,2026/09/10,2026-09,CALL,69625,625,70,,29.97,29.49,505,3,485,3,,,,,
2026/08/24 09:31,2026-08-24T09:46:45+09:00,2026/08/24,2026/09/10,2026-09,PUT,69625,4160,,,37.69,25.29,4635,3,4100,3,,,,,
2026/08/24 09:31,2026-08-24T09:46:45+09:00,2026/08/24,2026/09/10,2026-09,CALL,69500,655,717,5,29.87,29.51,525,1,510,4,29.65,-20,-3.2,605,08/24 09:09
2026/08/24 09:31,2026-08-24T09:46:45+09:00,2026/08/24,2026/09/10,2026-09,PUT,69500,4065,8,,34.43,32.8,4385,1,4310,1,,,,,
2026/08/24 09:31,2026-08-24T09:46:45+09:00,2026/08/24,2026/09/10,2026-09,CALL,69375,685,20,1,29.97,29.52,555,3,535,2,30.23,,,600,08/24 09:16
2026/08/24 09:31,2026-08-24T09:46:45+09:00,2026/08/24,2026/09/10,2026-09,PUT,69375,3970,,,36.95,26.67,4410,3,3945,3,,,,,
2026/08/24 09:31,2026-08-24T09:46:45+09:00,2026/08/24,2026/09/10,2026-09,CALL,69250,715,90,2,29.83,29.5,575,2,560,10,31.02,,,635,08/21 22:35
2026/08/24 09:31,2026-08-24T09:46:45+09:00,2026/08/24,2026/09/10,2026-09,PUT,69250,3880,2,,34.25,32.67,4185,1,4110,1,,,,,
2026/08/24 09:31,2026-08-24T09:46:45+09:00,2026/08/24,2026/09/10,2026-09,CALL,69125,750,104,,29.78,29.45,600,2,585,11,,,,,
2026/08/24 09:31,2026-08-24T09:46:45+09:00,2026/08/24,2026/09/10,2026-09,PUT,69125,3790,,,36.97,24.93,4225,3,3670,3,,,,,
2026/08/24 09:31,2026-08-24T09:46:45+09:00,2026/08/24,2026/09/10,2026-09,CALL,69000,785,1875,26,29.82,29.5,630,1,615,21,30.52,-95,-13.1,630,08/24 09:29
2026/08/24 09:31,2026-08-24T09:46:45+09:00,2026/08/24,2026/09/10,2026-09,PUT,69000,3695,1172,3,34.5,32.67,4010,8,3920,8,31.13,-150,-3.96,3635,08/21 19:26
2026/08/24 09:31,2026-08-24T09:46:45+09:00,2026/08/24,2026/09/10,2026-09,CALL,68875,820,77,,30.16,29.52,675,2,645,1,,,,,
2026/08/24 09:31,2026-08-24T09:46:45+09:00,2026/08/24,2026/09/10,2026-09,PUT,68875,3605,,,36.33,27.25,4010,3,3570,3,,,,,
2026/08/24 09:31,2026-08-24T09:46:45+09:00,2026/08/24,2026/09/10,2026-09,CALL,68750,860,310,,29.94,29.52,695,10,675,1,,,,,
2026/08/24 09:31,2026-08-24T09:46:45+09:00,2026/08/24,2026/09/10,2026-09,PUT,68750,3490,47,,33.98,32.59,3800,1,3730,1,,,,,
2026/08/24 09:31,2026-08-24T09:46:45+09:00,2026/08/24,2026/09/10,2026-09,CALL,68625,900,6,1,29.91,29.5,725,1,705,2,31.44,,,750,08/21 23:43
2026/08/24 09:31,2026-08-24T09:46:45+09:00,2026/08/24,2026/09/10,2026-09,PUT,68625,3430,,,36.41,25.7,3835,3,3305,3,,,,,
2026/08/24 09:31,2026-08-24T09:46:45+09:00,2026/08/24,2026/09/10,2026-09,CALL,68500,935,141,20,29.86,29.56,755,1,740,2,30.5,-120,-13.79,750,08/24 09:30
2026/08/24 09:31,2026-08-24T09:46:45+09:00,2026/08/24,2026/09/10,2026-09,PUT,68500,3345,196,,33.79,32.53,3610,1,3545,1,,,,,
2026/08/24 09:31,2026-08-24T09:46:45+09:00,2026/08/24,2026/09/10,2026-09,CALL,68375,980,5,,30.18,29.49,805,2,770,2,,,,,
2026/08/24 09:31,2026-08-24T09:46:45+09:00,2026/08/24,2026/09/10,2026-09,PUT,68375,3265,1,,36.23,27.68,3650,3,3210,3,,,,,
2026/08/24 09:31,2026-08-24T09:46:45+09:00,2026/08/24,2026/09/10,2026-09,CALL,68250,1020,20,,29.89,29.5,825,1,805,10,,,,,
2026/08/24 09:31,2026-08-24T09:46:45+09:00,2026/08/24,2026/09/10,2026-09,PUT,68250,3150,134,,33.73,32.4,3430,1,3360,1,,,,,
2026/08/24 09:31,2026-08-24T09:46:45+09:00,2026/08/24,2026/09/10,2026-09,CALL,68125,1060,39,,30.06,29.58,870,2,845,1,,,,,
2026/08/24 09:31,2026-08-24T09:46:45+09:00,2026/08/24,2026/09/10,2026-09,PUT,68125,3090,,,35.62,27.93,3445,3,3040,3,,,,,
2026/08/24 09:31,2026-08-24T09:46:45+09:00,2026/08/24,2026/09/10,2026-09,CALL,68000,1100,2071,61,29.92,29.64,900,3,885,1,30.78,-85,-7.73,1015,08/24 09:04
2026/08/24 09:31,2026-08-24T09:46:45+09:00,2026/08/24,2026/09/10,2026-09,PUT,68000,2990,2148,,33.49,32.28,3245,8,3180,8,,,,,
2026/08/24 09:31,2026-08-24T09:46:45+09:00,2026/08/24,2026/09/10,2026-09,CALL,67875,1150,36,,30.33,29.58,960,2,920,2,,,,,
2026/08/24 09:31,2026-08-24T09:46:45+09:00,2026/08/24,2026/09/10,2026-09,PUT,67875,2935,,,35.76,28.35,3285,3,2885,3,,,,,
2026/08/24 09:31,2026-08-24T09:46:45+09:00,2026/08/24,2026/09/10,2026-09,CALL,67750,1195,479,,29.96,29.59,980,1,960,9,,,,,
2026/08/24 09:31,2026-08-24T09:46:45+09:00,2026/08/24,2026/09/10,2026-09,PUT,67750,2855,281,,33.45,32.26,3075,1,3010,1,,,,,
2026/08/24 09:31,2026-08-24T09:46:45+09:00,2026/08/24,2026/09/10,2026-09,CALL,67625,1245,31,,30.4,29.58,1045,2,1000,2,,,,,
2026/08/24 09:31,2026-08-24T09:46:45+09:00,2026/08/24,2026/09/10,2026-09,PUT,67625,2780,1,,35.56,28.66,3110,3,2730,4,,,,,
2026/08/24 09:31,2026-08-24T09:46:45+09:00,2026/08/24,2026/09/10,2026-09,CALL,67500,1295,2129,5,30,29.72,1065,1,1050,1,30.47,10,0.84,1200,08/24 08:53
2026/08/24 09:31,2026-08-24T09:46:45+09:00,2026/08/24,2026/09/10,2026-09,PUT,67500,2695,578,,34.05,32.17,2945,1,2840,1,,,,,
2026/08/24 09:31,2026-08-24T09:46:45+09:00,2026/08/24,2026/09/10,2026-09,CALL,67375,1345,29,,30.47,29.66,1135,2,1090,2,,,,,
2026/08/24 09:31,2026-08-24T09:46:45+09:00,2026/08/24,2026/09/10,2026-09,PUT,67375,2630,,,36.09,30.56,2980,3,2670,4,,,,,
2026/08/24 09:31,2026-08-24T09:46:45+09:00,2026/08/24,2026/09/10,2026-09,CALL,67250,1405,3,2,30.3,29.76,1170,9,1140,1,31.86,,,1215,08/21 22:39
2026/08/24 09:31,2026-08-24T09:46:45+09:00,2026/08/24,2026/09/10,2026-09,PUT,67250,2535,115,,33.76,32.16,2770,4,2680,2,,,,,
2026/08/24 09:31,2026-08-24T09:46:45+09:00,2026/08/24,2026/09/10,2026-09,CALL,67125,1455,1,2,30.54,29.75,1230,2,1185,2,31.79,45,3.2,1450,08/21 21:04
2026/08/24 09:31,2026-08-24T09:46:45+09:00,2026/08/24,2026/09/10,2026-09,PUT,67125,2490,,,33.8,31.96,2695,6,2590,21,,,,,
2026/08/24 09:31,2026-08-24T09:46:45+09:00,2026/08/24,2026/09/10,2026-09,CALL,67000,1520,3464,32,30.23,29.88,1260,1,1240,1,30.97,-170,-11.18,1350,08/24 09:18
2026/08/24 09:31,2026-08-24T09:46:45+09:00,2026/08/24,2026/09/10,2026-09,PUT,67000,2420,2740,11,33.56,31.99,2605,10,2515,25,31.82,75,3.07,2520,08/21 23:16
2026/08/24 09:31,2026-08-24T09:46:45+09:00,2026/08/24,2026/09/10,2026-09,CALL,66875,1570,,,30.69,29.64,1335,2,1275,2,,,,,
2026/08/24 09:31,2026-08-24T09:46:45+09:00,2026/08/24,2026/09/10,2026-09,PUT,66875,2355,,1,33.48,32.26,2525,1,2455,6,31.78,,,2210,08/24 09:09
2026/08/24 09:31,2026-08-24T09:46:45+09:00,2026/08/24,2026/09/10,2026-09,CALL,66750,1625,1210,,30.69,29.9,1385,2,1340,1,,,,,
2026/08/24 09:31,2026-08-24T09:46:45+09:00,2026/08/24,2026/09/10,2026-09,PUT,66750,2275,249,,33.64,32.16,2460,6,2375,21,,,,,
2026/08/24 09:31,2026-08-24T09:46:45+09:00,2026/08/24,2026/09/10,2026-09,CALL,66625,1680,1,,30.83,29.79,1445,2,1385,2,,,,,
2026/08/24 09:31,2026-08-24T09:46:45+09:00,2026/08/24,2026/09/10,2026-09,PUT,66625,2200,23,,33.69,32.22,2390,6,2305,21,,,,,
2026/08/24 09:31,2026-08-24T09:46:45+09:00,2026/08/24,2026/09/10,2026-09,CALL,66500,1745,922,8,30.44,30.01,1475,10,1450,1,31.35,-215,-12.65,1485,08/24 09:23
2026/08/24 09:31,2026-08-24T09:46:45+09:00,2026/08/24,2026/09/10,2026-09,PUT,66500,2135,2228,3,33.63,32.16,2315,7,2230,22,32.56,-35,-1.49,2310,08/21 23:24
2026/08/24 09:31,2026-08-24T09:46:45+09:00,2026/08/24,2026/09/10,2026-09,CALL,66375,1815,,80,30.97,29.93,1560,2,1500,2,32.24,,,1560,08/21 23:45
2026/08/24 09:31,2026-08-24T09:46:45+09:00,2026/08/24,2026/09/10,2026-09,PUT,66375,2090,1,,33.72,32.51,2250,6,2180,6,,,,,
2026/08/24 09:31,2026-08-24T09:46:45+09:00,2026/08/24,2026/09/10,2026-09,CALL,66250,1880,37,,30.95,29.84,1615,2,1550,2,,,,,
2026/08/24 09:31,2026-08-24T09:46:45+09:00,2026/08/24,2026/09/10,2026-09,PUT,66250,2015,13,1,33.7,32.41,2180,6,2105,21,32.8,,,1850,08/21 20:29
2026/08/24 09:31,2026-08-24T09:46:45+09:00,2026/08/24,2026/09/10,2026-09,CALL,66125,1935,39,1,31.09,30.06,1680,2,1620,2,32.51,,,1950,08/21 20:11
2026/08/24 09:31,2026-08-24T09:46:45+09:00,2026/08/24,2026/09/10,2026-09,PUT,66125,1970,63,,33.92,32.81,2125,6,2060,6,,,,,
2026/08/24 09:31,2026-08-24T09:46:45+09:00,2026/08/24,2026/09/10,2026-09,CALL,66000,2005,1778,7,30.6,30.18,1710,11,1685,1,31.54,-285,-14.36,1700,08/24 09:30
2026/08/24 09:31,2026-08-24T09:46:45+09:00,2026/08/24,2026/09/10,2026-09,PUT,66000,1870,2398,35,33.69,32.75,2045,8,1990,10,31.85,-45,-2.41,1825,08/24 09:07
2026/08/24 09:31,2026-08-24T09:46:45+09:00,2026/08/24,2026/09/10,2026-09,CALL,65875,2070,1,,31.12,30.01,1800,2,1735,6,,,,,
2026/08/24 09:31,2026-08-24T09:46:45+09:00,2026/08/24,2026/09/10,2026-09,PUT,65875,1850,1,,33.78,32.58,1985,5,1915,22,,,,,
2026/08/24 09:31,2026-08-24T09:46:45+09:00,2026/08/24,2026/09/10,2026-09,CALL,65750,2135,2,1,31.19,30.24,1865,6,1810,1,33,80,4.26,1960,08/22 00:13
2026/08/24 09:31,2026-08-24T09:46:45+09:00,2026/08/24,2026/09/10,2026-09,PUT,65750,1785,700,,33.85,32.82,1925,5,1865,3,,,,,
2026/08/24 09:31,2026-08-24T09:46:45+09:00,2026/08/24,2026/09/10,2026-09,CALL,65625,2205,,,31.49,30.29,1945,7,1875,7,,,,,
2026/08/24 09:31,2026-08-24T09:46:45+09:00,2026/08/24,2026/09/10,2026-09,PUT,65625,1725,27,,33.99,32.78,1870,2,1800,6,,,,,
2026/08/24 09:31,2026-08-24T09:46:45+09:00,2026/08/24,2026/09/10,2026-09,CALL,65500,2280,171,,31.17,30.22,1990,9,1935,9,,,,,
2026/08/24 09:31,2026-08-24T09:46:45+09:00,2026/08/24,2026/09/10,2026-09,PUT,65500,1670,809,6,33.93,33.58,1805,8,1785,1,30.46,-135,-7.8,1595,08/24 09:00
2026/08/24 09:31,2026-08-24T09:46:45+09:00,2026/08/24,2026/09/10,2026-09,CALL,65375,2345,1,1,31.33,30.3,2065,7,2005,7,33.45,,,2450,08/21 20:22
2026/08/24 09:31,2026-08-24T09:46:45+09:00,2026/08/24,2026/09/10,2026-09,PUT,65375,1625,31,,34.1,32.89,1755,6,1685,6,,,,,
2026/08/24 09:31,2026-08-24T09:46:45+09:00,2026/08/24,2026/09/10,2026-09,CALL,65250,2420,3,1,31.48,30.35,2140,7,2075,7,33.3,355,16.95,2450,08/21 20:15
2026/08/24 09:31,2026-08-24T09:46:45+09:00,2026/08/24,2026/09/10,2026-09,PUT,65250,1565,90,1,34.09,33.48,1695,1,1660,2,33.54,-35,-2.24,1530,08/21 17:51
2026/08/24 09:31,2026-08-24T09:46:45+09:00,2026/08/24,2026/09/10,2026-09,CALL,65125,2495,,,31.69,30.47,2220,7,2150,7,,,,,
2026/08/24 09:31,2026-08-24T09:46:45+09:00,2026/08/24,2026/09/10,2026-09,PUT,65125,1520,34,,34.22,33.18,1645,2,1585,2,,,,,
2026/08/24 09:31,2026-08-24T09:46:45+09:00,2026/08/24,2026/09/10,2026-09,CALL,65000,2580,5382,2,31.53,30.56,2280,12,2225,2,33.33,205,8.06,2750,08/21 20:35
2026/08/24 09:31,2026-08-24T09:46:45+09:00,2026/08/24,2026/09/10,2026-09,PUT,65000,1470,3908,11,34.25,33.81,1590,11,1565,2,32.57,-20,-1.29,1530,08/24 09:21
2026/08/24 09:31,2026-08-24T09:46:45+09:00,2026/08/24,2026/09/10,2026-09,CALL,64875,2650,1,,32.05,30.46,2380,21,2290,7,,,,,
2026/08/24 09:31,2026-08-24T09:46:45+09:00,2026/08/24,2026/09/10,2026-09,PUT,64875,1435,11,,34.34,33.37,1540,1,1485,2,,,,,
2026/08/24 09:31,2026-08-24T09:46:45+09:00,2026/08/24,2026/09/10,2026-09,CALL,64750,2730,1,,31.93,30.24,2445,6,2350,6,,,,,
2026/08/24 09:31,2026-08-24T09:46:45+09:00,2026/08/24,2026/09/10,2026-09,PUT,64750,1385,480,4,34.33,33.71,1485,1,1450,2,32.13,-110,-7.64,1330,08/24 09:01
2026/08/24 09:31,2026-08-24T09:46:45+09:00,2026/08/24,2026/09/10,2026-09,CALL,64625,2810,,,32.23,30.17,2535,21,2420,6,,,,,
2026/08/24 09:31,2026-08-24T09:46:45+09:00,2026/08/24,2026/09/10,2026-09,PUT,64625,1345,46,,34.47,33.84,1440,1,1405,2,,,,,
2026/08/24 09:31,2026-08-24T09:46:45+09:00,2026/08/24,2026/09/10,2026-09,CALL,64500,2900,102,,31.97,30.25,2595,7,2500,7,,,,,
2026/08/24 09:31,2026-08-24T09:46:45+09:00,2026/08/24,2026/09/10,2026-09,PUT,64500,1290,666,4,34.59,34.23,1395,8,1375,1,34.22,-140,-10.07,1250,08/21 20:05
2026/08/24 09:31,2026-08-24T09:46:45+09:00,2026/08/24,2026/09/10,2026-09,CALL,64375,2980,,,32.23,30.4,2685,21,2585,6,,,,,
2026/08/24 09:31,2026-08-24T09:46:45+09:00,2026/08/24,2026/09/10,2026-09,PUT,64375,1255,27,,34.69,33.96,1350,6,1310,2,,,,,
2026/08/24 09:31,2026-08-24T09:46:45+09:00,2026/08/24,2026/09/10,2026-09,CALL,64250,3065,100,,32.38,30.26,2770,21,2655,6,,,,,
2026/08/24 09:31,2026-08-24T09:46:45+09:00,2026/08/24,2026/09/10,2026-09,PUT,64250,1215,21,,34.86,34.03,1310,2,1265,2,,,,,
2026/08/24 09:31,2026-08-24T09:46:45+09:00,2026/08/24,2026/09/10,2026-09,CALL,64125,3150,,,32.6,30.74,2860,21,2760,6,,,,,
2026/08/24 09:31,2026-08-24T09:46:45+09:00,2026/08/24,2026/09/10,2026-09,PUT,64125,1170,25,4,34.82,34.27,1260,1,1230,2,34.68,,,1300,08/21 23:59
2026/08/24 09:31,2026-08-24T09:46:45+09:00,2026/08/24,2026/09/10,2026-09,CALL,64000,3240,1685,,32.33,30.82,2925,8,2845,1,,,,,
2026/08/24 09:31,2026-08-24T09:46:45+09:00,2026/08/24,2026/09/10,2026-09,PUT,64000,1115,3312,81,34.86,34.58,1215,1,1200,1,33.62,-60,-5.38,1055,08/24 08:53
2026/08/24 09:31,2026-08-24T09:46:45+09:00,2026/08/24,2026/09/10,2026-09,CALL,63875,3325,,,35.82,28.46,3190,3,2805,3,,,,,
2026/08/24 09:31,2026-08-24T09:46:45+09:00,2026/08/24,2026/09/10,2026-09,PUT,63875,1095,29,,35.16,34.41,1185,2,1145,2,,,,,
2026/08/24 09:31,2026-08-24T09:46:45+09:00,2026/08/24,2026/09/10,2026-09,CALL,63750,3405,,,32.48,30.54,3095,2,2995,1,,,,,
2026/08/24 09:31,2026-08-24T09:46:45+09:00,2026/08/24,2026/09/10,2026-09,PUT,63750,1060,30,,35.06,34.39,1135,1,1100,13,,,,,
2026/08/24 09:31,2026-08-24T09:46:45+09:00,2026/08/24,2026/09/10,2026-09,CALL,63625,3505,,,35.8,27.93,3350,3,2950,3,,,,,
2026/08/24 09:31,2026-08-24T09:46:45+09:00,2026/08/24,2026/09/10,2026-09,PUT,63625,1025,40,,35.23,34.74,1100,1,1075,2,,,,,
2026/08/24 09:31,2026-08-24T09:46:45+09:00,2026/08/24,2026/09/10,2026-09,CALL,63500,3600,4,,32.53,31.03,3265,1,3190,1,,,,,
2026/08/24 09:31,2026-08-24T09:46:45+09:00,2026/08/24,2026/09/10,2026-09,PUT,63500,980,725,4,35.27,34.98,1060,1,1045,1,35.03,0,0,980,08/21 18:22
2026/08/24 09:31,2026-08-24T09:46:45+09:00,2026/08/24,2026/09/10,2026-09,CALL,63375,3685,,,37.36,27.88,3595,3,3125,3,,,,,
2026/08/24 09:31,2026-08-24T09:46:45+09:00,2026/08/24,2026/09/10,2026-09,PUT,63375,965,57,,35.4,34.81,1025,1,995,2,,,,,
2026/08/24 09:31,2026-08-24T09:46:45+09:00,2026/08/24,2026/09/10,2026-09,CALL,63250,3775,1,,32.58,30.73,3440,1,3350,1,,,,,
2026/08/24 09:31,2026-08-24T09:46:45+09:00,2026/08/24,2026/09/10,2026-09,PUT,63250,930,48,1,35.51,34.81,990,7,955,9,35.56,10,1.01,1000,08/21 23:16
2026/08/24 09:31,2026-08-24T09:46:45+09:00,2026/08/24,2026/09/10,2026-09,CALL,63125,3875,,,37.7,28.15,3780,3,3320,3,,,,,
2026/08/24 09:31,2026-08-24T09:46:45+09:00,2026/08/24,2026/09/10,2026-09,PUT,63125,900,73,2,35.7,35.09,960,1,930,2,35.56,-55,-5.5,945,08/21 22:33
2026/08/24 09:31,2026-08-24T09:46:45+09:00,2026/08/24,2026/09/10,2026-09,CALL,63000,3970,963,,32.75,30.72,3625,8,3530,8,,,,,
2026/08/24 09:31,2026-08-24T09:46:45+09:00,2026/08/24,2026/09/10,2026-09,PUT,63000,855,3679,169,35.66,35.35,920,4,905,3,34.52,45,5.26,900,08/24 09:29
2026/08/24 09:31,2026-08-24T09:46:45+09:00,2026/08/24,2026/09/10,2026-09,CALL,62875,4060,,,37.36,28.09,3935,3,3505,3,,,,,
2026/08/24 09:31,2026-08-24T09:46:45+09:00,2026/08/24,2026/09/10,2026-09,PUT,62875,840,2,,35.81,35.39,890,1,870,2,,,,,
2026/08/24 09:31,2026-08-24T09:46:45+09:00,2026/08/24,2026/09/10,2026-09,CALL,62750,4160,,,32.83,31.17,3810,1,3735,1,,,,,
2026/08/24 09:31,2026-08-24T09:46:45+09:00,2026/08/24,2026/09/10,2026-09,PUT,62750,810,788,,36.05,35.52,865,7,840,9,,,,,
2026/08/24 09:31,2026-08-24T09:46:45+09:00,2026/08/24,2026/09/10,2026-09,CALL,62625,4255,,,38.7,27.41,4175,3,3670,3,,,,,
2026/08/24 09:31,2026-08-24T09:46:45+09:00,2026/08/24,2026/09/10,2026-09,PUT,62625,785,96,,36.06,35.63,830,1,810,2,,,,,
2026/08/24 09:31,2026-08-24T09:46:45+09:00,2026/08/24,2026/09/10,2026-09,CALL,62500,4360,801,,33.16,31.44,4010,1,3935,1,,,,,
2026/08/24 09:31,2026-08-24T09:46:45+09:00,2026/08/24,2026/09/10,2026-09,PUT,62500,760,897,39,36.15,35.82,800,1,785,3,35.45,-25,-3.03,800,08/24 09:30
2026/08/24 09:31,2026-08-24T09:46:45+09:00,2026/08/24,2026/09/10,2026-09,CALL,62375,4455,,,39.16,27.7,4375,3,3880,3,,,,,
2026/08/24 09:31,2026-08-24T09:46:45+09:00,2026/08/24,2026/09/10,2026-09,PUT,62375,735,256,,36.34,35.78,775,1,750,2,,,,,
2026/08/24 09:31,2026-08-24T09:46:45+09:00,2026/08/24,2026/09/10,2026-09,CALL,62250,4555,1,,33.17,31,4200,1,4110,1,,,,,
2026/08/24 09:31,2026-08-24T09:46:45+09:00,2026/08/24,2026/09/10,2026-09,PUT,62250,710,91,,36.5,35.94,750,8,725,15,,,,,
2026/08/24 09:31,2026-08-24T09:46:45+09:00,2026/08/24,2026/09/10,2026-09,CALL,62125,4660,,,38.68,26.78,4535,3,4050,3,,,,,
2026/08/24 09:31,2026-08-24T09:46:45+09:00,2026/08/24,2026/09/10,2026-09,PUT,62125,685,11,,36.54,36.2,720,1,705,2,,,,,
2026/08/24 09:31,2026-08-24T09:46:45+09:00,2026/08/24,2026/09/10,2026-09,CALL,62000,4760,2002,,33.33,31.32,4400,8,4320,6,,,,,
2026/08/24 09:31,2026-08-24T09:46:45+09:00,2026/08/24,2026/09/10,2026-09,PUT,62000,660,2986,24,36.67,36.32,695,1,680,3,34.84,-125,-17.99,570,08/24 09:11
2026/08/24 09:31,2026-08-24T09:46:45+09:00,2026/08/24,2026/09/10,2026-09,CALL,61875,4860,2,,40.14,26.49,4785,3,4250,3,,,,,
2026/08/24 09:31,2026-08-24T09:46:45+09:00,2026/08/24,2026/09/10,2026-09,PUT,61875,640,57,,36.91,36.43,675,1,655,2,,,,,
2026/08/24 09:31,2026-08-24T09:46:45+09:00,2026/08/24,2026/09/10,2026-09,CALL,61750,4965,,,33.53,31.42,4605,1,4525,1,,,,,
2026/08/24 09:31,2026-08-24T09:46:45+09:00,2026/08/24,2026/09/10,2026-09,PUT,61750,620,247,,37.01,36.52,650,8,630,10,,,,,
2026/08/24 09:31,2026-08-24T09:46:45+09:00,2026/08/24,2026/09/10,2026-09,CALL,61625,5075,,,40.78,26.86,5000,3,4475,3,,,,,
2026/08/24 09:31,2026-08-24T09:46:45+09:00,2026/08/24,2026/09/10,2026-09,PUT,61625,600,16,2,37.08,36.59,625,1,605,2,35.71,-125,-17.61,585,08/24 09:20
2026/08/24 09:31,2026-08-24T09:46:45+09:00,2026/08/24,2026/09/10,2026-09,CALL,61500,5175,2,,33.64,31.42,4810,1,4730,1,,,,,
2026/08/24 09:31,2026-08-24T09:46:45+09:00,2026/08/24,2026/09/10,2026-09,PUT,61500,580,1555,10,37.27,36.89,605,12,590,3,35.84,-75,-12.1,545,08/24 09:00
2026/08/24 09:31,2026-08-24T09:46:45+09:00,2026/08/24,2026/09/10,2026-09,CALL,61375,5280,,,40.17,26.43,5165,3,4680,3,,,,,
2026/08/24 09:31,2026-08-24T09:46:45+09:00,2026/08/24,2026/09/10,2026-09,PUT,61375,560,2,,37.44,37.05,585,1,570,2,,,,,
2026/08/24 09:31,2026-08-24T09:46:45+09:00,2026/08/24,2026/09/10,2026-09,CALL,61250,5385,22,,33.67,31.46,5015,1,4940,1,,,,,
2026/08/24 09:31,2026-08-24T09:46:45+09:00,2026/08/24,2026/09/10,2026-09,PUT,61250,540,6,,37.59,37.2,565,9,550,2,,,,,
2026/08/24 09:31,2026-08-24T09:46:45+09:00,2026/08/24,2026/09/10,2026-09,CALL,61125,5495,,,41.92,24.69,5430,3,4860,3,,,,,
2026/08/24 09:31,2026-08-24T09:46:45+09:00,2026/08/24,2026/09/10,2026-09,PUT,61125,525,42,,37.73,37.19,545,2,525,3,,,,,
2026/08/24 09:31,2026-08-24T09:46:45+09:00,2026/08/24,2026/09/10,2026-09,CALL,61000,5600,221,,33.58,31.4,5220,8,5150,1,,,,,
2026/08/24 09:31,2026-08-24T09:46:45+09:00,2026/08/24,2026/09/10,2026-09,PUT,61000,500,2509,43,37.85,37.44,525,21,510,3,36.98,15,3,515,08/24 09:30
2026/08/24 09:31,2026-08-24T09:46:45+09:00,2026/08/24,2026/09/10,2026-09,CALL,60875,5705,,,42.55,23.73,5650,3,5070,3,,,,,
2026/08/24 09:31,2026-08-24T09:46:45+09:00,2026/08/24,2026/09/10,2026-09,PUT,60875,490,67,,38.08,37.67,510,2,495,1,,,,,
2026/08/24 09:31,2026-08-24T09:46:45+09:00,2026/08/24,2026/09/10,2026-09,CALL,60750,5815,120,,33.7,31.2,5435,1,5360,1,,,,,
2026/08/24 09:31,2026-08-24T09:46:45+09:00,2026/08/24,2026/09/10,2026-09,PUT,60750,475,147,3,38.17,37.61,490,2,470,19,38.43,-245,-32.89,500,08/21 22:54
2026/08/24 09:31,2026-08-24T09:46:45+09:00,2026/08/24,2026/09/10,2026-09,CALL,60625,5925,,,42.87,24.13,5860,3,5310,3,,,,,
2026/08/24 09:31,2026-08-24T09:46:45+09:00,2026/08/24,2026/09/10,2026-09,PUT,60625,450,6,,38.38,37.8,475,2,455,3,,,,,
2026/08/24 09:31,2026-08-24T09:46:45+09:00,2026/08/24,2026/09/10,2026-09,CALL,60500,6035,750,,41.13,21.42,5895,4,5390,4,,,,,
2026/08/24 09:31,2026-08-24T09:46:45+09:00,2026/08/24,2026/09/10,2026-09,PUT,60500,435,1083,7,38.43,38.14,455,1,445,3,37.73,15,3.45,450,08/24 09:27
2026/08/24 09:31,2026-08-24T09:46:45+09:00,2026/08/24,2026/09/10,2026-09,CALL,60375,6145,,,43.68,23.07,6090,3,5530,3,,,,,
2026/08/24 09:31,2026-08-24T09:46:45+09:00,2026/08/24,2026/09/10,2026-09,PUT,60375,430,3,,38.76,38.16,445,3,425,3,,,,,
2026/08/24 09:31,2026-08-24T09:46:45+09:00,2026/08/24,2026/09/10,2026-09,CALL,60250,6255,,,43.67,19.48,6190,3,5615,3,,,,,
2026/08/24 09:31,2026-08-24T09:46:45+09:00,2026/08/24,2026/09/10,2026-09,PUT,60250,415,83,2,38.93,38.32,430,12,410,18,38.98,,,400,08/21 22:11
2026/08/24 09:31,2026-08-24T09:46:45+09:00,2026/08/24,2026/09/10,2026-09,CALL,60125,6370,,,44.6,16.54,6325,3,5725,3,,,,,
2026/08/24 09:31,2026-08-24T09:46:45+09:00,2026/08/24,2026/09/10,2026-09,PUT,60125,405,,,39.08,38.46,415,2,395,3,,,,,
2026/08/24 09:31,2026-08-24T09:46:45+09:00,2026/08/24,2026/09/10,2026-09,CALL,60000,6480,786,,46.08,,6480,6,5825,6,,,,,
2026/08/24 09:31,2026-08-24T09:46:45+09:00,2026/08/24,2026/09/10,2026-09,PUT,60000,380,10641,309,39.06,38.9,395,1,390,1,38.37,10,2.63,390,08/24 09:27
2026/08/24 09:31,2026-08-24T09:46:45+09:00,2026/08/24,2026/09/10,2026-09,CALL,59875,6590,,,44.93,,6540,3,5945,3,,,,,
2026/08/24 09:31,2026-08-24T09:46:45+09:00,2026/08/24,2026/09/10,2026-09,PUT,59875,380,19,1,39.35,38.85,385,2,370,1,39.55,,,360,08/21 22:09
2026/08/24 09:31,2026-08-24T09:46:45+09:00,2026/08/24,2026/09/10,2026-09,CALL,59750,6705,,,44.86,,6640,3,6085,3,,,,,
2026/08/24 09:31,2026-08-24T09:46:45+09:00,2026/08/24,2026/09/10,2026-09,PUT,59750,365,81,3,39.62,39.12,375,10,360,2,39.32,-30,-7.69,360,08/22 00:33
2026/08/24 09:31,2026-08-24T09:46:45+09:00,2026/08/24,2026/09/10,2026-09,CALL,59625,6820,,,45.07,,6750,3,6200,3,,,,,
2026/08/24 09:31,2026-08-24T09:46:45+09:00,2026/08/24,2026/09/10,2026-09,PUT,59625,360,1,,39.71,39.37,360,3,350,3,,,,,
2026/08/24 09:31,2026-08-24T09:46:45+09:00,2026/08/24,2026/09/10,2026-09,CALL,59500,6930,,,47.17,,6925,4,6280,4,,,,,
2026/08/24 09:31,2026-08-24T09:46:45+09:00,2026/08/24,2026/09/10,2026-09,PUT,59500,340,891,6,39.79,39.43,345,1,335,1,40.24,10,2.7,380,08/21 23:43
2026/08/24 09:31,2026-08-24T09:46:45+09:00,2026/08/24,2026/09/10,2026-09,CALL,59375,7045,,,44.51,,6940,3,6400,3,,,,,
2026/08/24 09:31,2026-08-24T09:46:45+09:00,2026/08/24,2026/09/10,2026-09,PUT,59375,335,15,,40.55,39.12,350,9,310,3,,,,,
2026/08/24 09:31,2026-08-24T09:46:45+09:00,2026/08/24,2026/09/10,2026-09,CALL,59250,7155,,,46.37,,7105,3,6510,3,,,,,
2026/08/24 09:31,2026-08-24T09:46:45+09:00,2026/08/24,2026/09/10,2026-09,PUT,59250,320,112,,40.24,39.13,325,3,295,3,,,,,
2026/08/24 09:31,2026-08-24T09:46:45+09:00,2026/08/24,2026/09/10,2026-09,CALL,59125,7270,,,46.54,,7215,3,6625,3,,,,,
2026/08/24 09:31,2026-08-24T09:46:45+09:00,2026/08/24,2026/09/10,2026-09,PUT,59125,310,18,,40.45,39.28,315,3,284,3,,,,,
2026/08/24 09:31,2026-08-24T09:46:45+09:00,2026/08/24,2026/09/10,2026-09,CALL,59000,7390,1096,,45.4,,7285,6,6725,6,,,,,
2026/08/24 09:31,2026-08-24T09:46:45+09:00,2026/08/24,2026/09/10,2026-09,PUT,59000,299,3492,32,40.65,40.27,305,25,295,1,39.97,1,0.33,300,08/24 09:27
2026/08/24 09:31,2026-08-24T09:46:45+09:00,2026/08/24,2026/09/10,2026-09,CALL,58875,7505,,,47.31,,7450,2,6885,3,,,,,
2026/08/24 09:31,2026-08-24T09:46:45+09:00,2026/08/24,2026/09/10,2026-09,PUT,58875,290,6,,40.84,39.61,295,3,264,3,,,,,
2026/08/24 09:31,2026-08-24T09:46:45+09:00,2026/08/24,2026/09/10,2026-09,CALL,58750,7620,,,47.61,,7565,3,6980,2,,,,,
2026/08/24 09:31,2026-08-24T09:46:45+09:00,2026/08/24,2026/09/10,2026-09,PUT,58750,281,99,,41.1,39.79,287,3,255,3,,,,,
2026/08/24 09:31,2026-08-24T09:46:45+09:00,2026/08/24,2026/09/10,2026-09,CALL,58625,7735,,,47.9,,7680,2,7115,3,,,,,
2026/08/24 09:31,2026-08-24T09:46:45+09:00,2026/08/24,2026/09/10,2026-09,PUT,58625,272,2,,41.42,39.97,281,12,246,3,,,,,
2026/08/24 09:31,2026-08-24T09:46:45+09:00,2026/08/24,2026/09/10,2026-09,CALL,58500,7855,,,47.16,,7765,4,7225,4,,,,,
2026/08/24 09:31,2026-08-24T09:46:45+09:00,2026/08/24,2026/09/10,2026-09,PUT,58500,266,1689,8,41.45,41.12,268,1,260,5,40.69,-71,-24.48,219,08/24 08:57
2026/08/24 09:31,2026-08-24T09:46:45+09:00,2026/08/24,2026/09/10,2026-09,CALL,58375,7965,,,48.8,,7920,2,7345,3,,,,,
2026/08/24 09:31,2026-08-24T09:46:45+09:00,2026/08/24,2026/09/10,2026-09,PUT,58375,255,,,42.01,40.27,268,3,228,3,,,,,
2026/08/24 09:31,2026-08-24T09:46:45+09:00,2026/08/24,2026/09/10,2026-09,CALL,58250,8085,,,50.59,,8080,2,7435,3,,,,,
2026/08/24 09:31,2026-08-24T09:46:45+09:00,2026/08/24,2026/09/10,2026-09,PUT,58250,248,221,,41.93,40.54,253,9,222,3,,,,,
2026/08/24 09:31,2026-08-24T09:46:45+09:00,2026/08/24,2026/09/10,2026-09,CALL,58000,8325,1101,,49.59,,8265,4,7685,6,,,,,
2026/08/24 09:31,2026-08-24T09:46:45+09:00,2026/08/24,2026/09/10,2026-09,PUT,58000,236,2358,41,42.18,41.9,234,1,228,1,41.13,-37,-14.86,212,08/24 09:19
2026/08/24 09:31,2026-08-24T09:46:45+09:00,2026/08/24,2026/09/10,2026-09,CALL,57750,8560,,,50.62,,8510,2,7915,3,,,,,
2026/08/24 09:31,2026-08-24T09:46:45+09:00,2026/08/24,2026/09/10,2026-09,PUT,57750,215,102,1,42.8,41.27,224,9,193,3,42.02,-34,-15.81,181,08/24 09:09
2026/08/24 09:31,2026-08-24T09:46:45+09:00,2026/08/24,2026/09/10,2026-09,CALL,57500,8795,384,,49.35,,8695,3,8140,4,,,,,
2026/08/24 09:31,2026-08-24T09:46:45+09:00,2026/08/24,2026/09/10,2026-09,PUT,57500,210,584,2,43.05,42.8,207,1,202,5,42.34,-41,-18.81,177,08/24 09:02
2026/08/24 09:31,2026-08-24T09:46:45+09:00,2026/08/24,2026/09/10,2026-09,CALL,57250,9030,,,50.72,,8950,3,8410,3,,,,,
2026/08/24 09:31,2026-08-24T09:46:45+09:00,2026/08/24,2026/09/10,2026-09,PUT,57250,194,65,,43.76,42.47,200,12,176,3,,,,,
2026/08/24 09:31,2026-08-24T09:46:45+09:00,2026/08/24,2026/09/10,2026-09,CALL,57000,9280,850,,55.17,,9285,4,8650,4,,,,,
2026/08/24 09:31,2026-08-24T09:46:45+09:00,2026/08/24,2026/09/10,2026-09,PUT,57000,185,3015,21,43.96,43.69,184,1,179,7,43.01,-10,-5.41,175,08/24 09:30
2026/08/24 09:31,2026-08-24T09:46:45+09:00,2026/08/24,2026/09/10,2026-09,CALL,56750,9520,,,51.38,,9410,3,8860,3,,,,,
2026/08/24 09:31,2026-08-24T09:46:45+09:00,2026/08/24,2026/09/10,2026-09,PUT,56750,182,93,1,44.56,43.38,176,4,156,3,45.43,-4,-2.06,190,08/21 22:35
2026/08/24 09:31,2026-08-24T09:46:45+09:00,2026/08/24,2026/09/10,2026-09,CALL,56500,9760,75,,56.85,,9765,4,9125,4,,,,,
2026/08/24 09:31,2026-08-24T09:46:45+09:00,2026/08/24,2026/09/10,2026-09,PUT,56500,169,843,,44.9,44.65,164,1,160,1,,,,,
2026/08/24 09:31,2026-08-24T09:46:45+09:00,2026/08/24,2026/09/10,2026-09,CALL,56250,9995,,,53.69,,9910,3,9375,3,,,,,
2026/08/24 09:31,2026-08-24T09:46:45+09:00,2026/08/24,2026/09/10,2026-09,PUT,56250,158,31,4,45.5,44.27,157,1,138,4,45.25,-57,-29.38,137,08/22 00:52
2026/08/24 09:31,2026-08-24T09:46:45+09:00,2026/08/24,2026/09/10,2026-09,CALL,56000,10235,1250,,56.59,,10200,6,9575,6,,,,,
2026/08/24 09:31,2026-08-24T09:46:45+09:00,2026/08/24,2026/09/10,2026-09,PUT,56000,150,1721,45,46.01,45.61,149,1,143,1,44.88,-8,-5.33,142,08/24 09:26
2026/08/24 09:31,2026-08-24T09:46:45+09:00,2026/08/24,2026/09/10,2026-09,CALL,55750,10475,,,54.59,,10380,2,9820,3,,,,,
2026/08/24 09:31,2026-08-24T09:46:45+09:00,2026/08/24,2026/09/10,2026-09,PUT,55750,141,22,,46.9,45.14,147,4,122,4,,,,,
2026/08/24 09:31,2026-08-24T09:46:45+09:00,2026/08/24,2026/09/10,2026-09,CALL,55500,10720,,,59.6,,10715,4,10030,4,,,,,
2026/08/24 09:31,2026-08-24T09:46:45+09:00,2026/08/24,2026/09/10,2026-09,PUT,55500,137,755,11,46.8,46.51,131,1,127,1,45.97,-22,-16.06,115,08/24 09:18
2026/08/24 09:31,2026-08-24T09:46:45+09:00,2026/08/24,2026/09/10,2026-09,CALL,55250,10960,,,56.36,,10870,3,10270,3,,,,,
2026/08/24 09:31,2026-08-24T09:46:45+09:00,2026/08/24,2026/09/10,2026-09,PUT,55250,127,19,,47.95,46.11,133,4,109,4,,,,,
2026/08/24 09:31,2026-08-24T09:46:45+09:00,2026/08/24,2026/09/10,2026-09,CALL,55000,11210,660,,,,,,,,,,,,
2026/08/24 09:31,2026-08-24T09:46:45+09:00,2026/08/24,2026/09/10,2026-09,PUT,55000,122,4472,55,47.9,47.58,119,1,115,2,46.91,-11,-9.02,111,08/24 09:22
2026/08/24 09:31,2026-08-24T09:46:45+09:00,2026/08/24,2026/09/10,2026-09,CALL,54750,11450,90,,,,,,,,,,,,
2026/08/24 09:31,2026-08-24T09:46:45+09:00,2026/08/24,2026/09/10,2026-09,PUT,54750,118,268,,49.36,46.94,125,15,96,4,,,,,
2026/08/24 09:31,2026-08-24T09:46:45+09:00,2026/08/24,2026/09/10,2026-09,CALL,54500,11700,200,,,,,,,,,,,,
2026/08/24 09:31,2026-08-24T09:46:45+09:00,2026/08/24,2026/09/10,2026-09,PUT,54500,111,599,8,48.97,48.63,108,1,104,7,48.27,-8,-7.21,103,08/24 09:21
2026/08/24 09:31,2026-08-24T09:46:45+09:00,2026/08/24,2026/09/10,2026-09,CALL,54250,11945,50,,,,,,,,,,,,
2026/08/24 09:31,2026-08-24T09:46:45+09:00,2026/08/24,2026/09/10,2026-09,PUT,54250,111,112,,49.87,48.31,107,20,90,4,,,,,
2026/08/24 09:31,2026-08-24T09:46:45+09:00,2026/08/24,2026/09/10,2026-09,CALL,54000,12185,1056,,,,,,,,,,,,
2026/08/24 09:31,2026-08-24T09:46:45+09:00,2026/08/24,2026/09/10,2026-09,PUT,54000,104,2591,38,49.95,49.76,97,1,95,3,49.39,-19,-18.27,85,08/24 09:06
2026/08/24 09:31,2026-08-24T09:46:45+09:00,2026/08/24,2026/09/10,2026-09,CALL,53750,12435,150,,,,,,,,,,,,
2026/08/24 09:31,2026-08-24T09:46:45+09:00,2026/08/24,2026/09/10,2026-09,PUT,53750,100,81,,51.21,49.42,100,4,82,4,,,,,
2026/08/24 09:31,2026-08-24T09:46:45+09:00,2026/08/24,2026/09/10,2026-09,CALL,53500,12680,400,,,,,,,,,,,,
2026/08/24 09:31,2026-08-24T09:46:45+09:00,2026/08/24,2026/09/10,2026-09,PUT,53500,95,1773,6,51.31,49.94,91,24,78,6,50.73,-27,-25.96,77,08/24 09:03
2026/08/24 09:31,2026-08-24T09:46:45+09:00,2026/08/24,2026/09/10,2026-09,CALL,53250,12925,,,,,,,,,,,,,
2026/08/24 09:31,2026-08-24T09:46:45+09:00,2026/08/24,2026/09/10,2026-09,PUT,53250,90,43,,51.66,50.33,85,4,73,17,,,,,
2026/08/24 09:31,2026-08-24T09:46:45+09:00,2026/08/24,2026/09/10,2026-09,CALL,53000,13175,1100,,,,,,,,,,,,
2026/08/24 09:31,2026-08-24T09:46:45+09:00,2026/08/24,2026/09/10,2026-09,PUT,53000,89,2838,44,53.15,51.85,90,8,78,1,51.49,-11,-12.09,80,08/24 09:26
2026/08/24 09:31,2026-08-24T09:46:45+09:00,2026/08/24,2026/09/10,2026-09,CALL,52750,13420,,,,,,,,,,,,,
2026/08/24 09:31,2026-08-24T09:46:45+09:00,2026/08/24,2026/09/10,2026-09,PUT,52750,86,40,,52.81,51.49,78,4,67,4,,,,,
2026/08/24 09:31,2026-08-24T09:46:45+09:00,2026/08/24,2026/09/10,2026-09,CALL,52500,13655,,,,,,,,,,,,,
2026/08/24 09:31,2026-08-24T09:46:45+09:00,2026/08/24,2026/09/10,2026-09,PUT,52500,72,637,,53.65,51.91,77,25,63,25,,,,,
2026/08/24 09:31,2026-08-24T09:46:45+09:00,2026/08/24,2026/09/10,2026-09,CALL,52250,13905,,,,,,,,,,,,,
2026/08/24 09:31,2026-08-24T09:46:45+09:00,2026/08/24,2026/09/10,2026-09,PUT,52250,71,65,,54.13,52.58,73,4,61,4,,,,,
2026/08/24 09:31,2026-08-24T09:46:45+09:00,2026/08/24,2026/09/10,2026-09,CALL,52000,14155,350,,,,,,,,,,,,
2026/08/24 09:31,2026-08-24T09:46:45+09:00,2026/08/24,2026/09/10,2026-09,PUT,52000,75,2164,38,54.45,54.06,68,1,65,8,53.69,-10,-13.33,65,08/24 09:29
2026/08/24 09:31,2026-08-24T09:46:45+09:00,2026/08/24,2026/09/10,2026-09,CALL,51750,14405,,,,,,,,,,,,,
2026/08/24 09:31,2026-08-24T09:46:45+09:00,2026/08/24,2026/09/10,2026-09,PUT,51750,71,53,,55.41,54.31,68,4,60,7,,,,,
2026/08/24 09:31,2026-08-24T09:46:45+09:00,2026/08/24,2026/09/10,2026-09,CALL,51500,14645,,,,,,,,,,,,,
2026/08/24 09:31,2026-08-24T09:46:45+09:00,2026/08/24,2026/09/10,2026-09,PUT,51500,62,346,2,55.82,55.25,64,6,60,1,54.8,-31,-35.23,57,08/24 09:19
2026/08/24 09:31,2026-08-24T09:46:45+09:00,2026/08/24,2026/09/10,2026-09,CALL,51250,14895,210,,,,,,,,,,,,
2026/08/24 09:31,2026-08-24T09:46:45+09:00,2026/08/24,2026/09/10,2026-09,PUT,51250,61,218,,56.63,54.48,63,4,49,5,,,,,
2026/08/24 09:31,2026-08-24T09:46:45+09:00,2026/08/24,2026/09/10,2026-09,CALL,51000,15145,141,,,,,,,,,,,,
2026/08/24 09:31,2026-08-24T09:46:45+09:00,2026/08/24,2026/09/10,2026-09,PUT,51000,62,1591,7,58.14,56.06,67,8,53,37,56.37,-9,-13.64,57,08/24 09:25
2026/08/24 09:31,2026-08-24T09:46:45+09:00,2026/08/24,2026/09/10,2026-09,CALL,50750,15390,,,,,,,,,,,,,
2026/08/24 09:31,2026-08-24T09:46:45+09:00,2026/08/24,2026/09/10,2026-09,PUT,50750,60,174,,57.63,55.62,57,4,45,4,,,,,
2026/08/24 09:31,2026-08-24T09:46:45+09:00,2026/08/24,2026/09/10,2026-09,CALL,50500,15640,50,,,,,,,,,,,,
2026/08/24 09:31,2026-08-24T09:46:45+09:00,2026/08/24,2026/09/10,2026-09,PUT,50500,59,1362,,58.26,56.36,55,6,44,34,,,,,
2026/08/24 09:31,2026-08-24T09:46:45+09:00,2026/08/24,2026/09/10,2026-09,CALL,50250,15890,,,,,,,,,,,,,
2026/08/24 09:31,2026-08-24T09:46:45+09:00,2026/08/24,2026/09/10,2026-09,PUT,50250,56,82,2,58.87,56.9,53,4,42,4,59.18,,,50,08/22 00:50
2026/08/24 09:31,2026-08-24T09:46:45+09:00,2026/08/24,2026/09/10,2026-09,CALL,50000,16135,4650,,,,,,,,,,,,
2026/08/24 09:31,2026-08-24T09:46:45+09:00,2026/08/24,2026/09/10,2026-09,PUT,50000,55,9560,87,59.3,58.77,50,6,47,10,58.88,-5,-9.09,50,08/24 09:28
2026/08/24 09:31,2026-08-24T09:46:45+09:00,2026/08/24,2026/09/10,2026-09,CALL,49750,16385,,,,,,,,,,,,,
2026/08/24 09:31,2026-08-24T09:46:45+09:00,2026/08/24,2026/09/10,2026-09,PUT,49750,51,151,,60.24,58.13,50,4,39,4,,,,,
2026/08/24 09:31,2026-08-24T09:46:45+09:00,2026/08/24,2026/09/10,2026-09,CALL,49500,16630,,,,,,,,,,,,,
2026/08/24 09:31,2026-08-24T09:46:45+09:00,2026/08/24,2026/09/10,2026-09,PUT,49500,50,205,1,60.83,58.62,48,27,37,36,61.11,,,50,08/21 23:22
2026/08/24 09:31,2026-08-24T09:46:45+09:00,2026/08/24,2026/09/10,2026-09,CALL,49250,16880,,,,,,,,,,,,,
2026/08/24 09:31,2026-08-24T09:46:45+09:00,2026/08/24,2026/09/10,2026-09,PUT,49250,47,216,,61.58,59.08,47,18,35,4,,,,,
2026/08/24 09:31,2026-08-24T09:46:45+09:00,2026/08/24,2026/09/10,2026-09,CALL,49000,17125,200,,,,,,,,,,,,
2026/08/24 09:31,2026-08-24T09:46:45+09:00,2026/08/24,2026/09/10,2026-09,PUT,49000,45,1472,20,61.74,60.68,43,1,38,38,61.4,-6,-12.24,43,08/24 09:27
2026/08/24 09:31,2026-08-24T09:46:45+09:00,2026/08/24,2026/09/10,2026-09,CALL,48750,17375,,,,,,,,,,,,,
2026/08/24 09:31,2026-08-24T09:46:45+09:00,2026/08/24,2026/09/10,2026-09,PUT,48750,44,150,1,62.88,59.93,44,21,31,19,63.6,,,47,08/21 23:01
2026/08/24 09:31,2026-08-24T09:46:45+09:00,2026/08/24,2026/09/10,2026-09,CALL,48500,17625,240,,,,,,,,,,,,
2026/08/24 09:31,2026-08-24T09:46:45+09:00,2026/08/24,2026/09/10,2026-09,PUT,48500,43,751,,63.41,61.1,42,30,32,31,,,,,
2026/08/24 09:31,2026-08-24T09:46:45+09:00,2026/08/24,2026/09/10,2026-09,CALL,48250,17875,,,,,,,,,,,,,
2026/08/24 09:31,2026-08-24T09:46:45+09:00,2026/08/24,2026/09/10,2026-09,PUT,48250,43,124,,64.14,61.21,41,21,29,24,,,,,
2026/08/24 09:31,2026-08-24T09:46:45+09:00,2026/08/24,2026/09/10,2026-09,CALL,48000,18115,400,,,,,,,,,,,,
2026/08/24 09:31,2026-08-24T09:46:45+09:00,2026/08/24,2026/09/10,2026-09,PUT,48000,40,2893,29,64.17,63.69,37,8,35,11,63.41,-4,-10,36,08/24 09:26
2026/08/24 09:31,2026-08-24T09:46:45+09:00,2026/08/24,2026/09/10,2026-09,CALL,47750,18365,,,,,,,,,,,,,
2026/08/24 09:31,2026-08-24T09:46:45+09:00,2026/08/24,2026/09/10,2026-09,PUT,47750,38,92,,65.35,62.16,38,24,26,24,,,,,
2026/08/24 09:31,2026-08-24T09:46:45+09:00,2026/08/24,2026/09/10,2026-09,CALL,47500,18615,,,,,,,,,,,,,
2026/08/24 09:31,2026-08-24T09:46:45+09:00,2026/08/24,2026/09/10,2026-09,PUT,47500,35,1019,,65.56,63.96,35,6,29,33,,,,,
2026/08/24 09:31,2026-08-24T09:46:45+09:00,2026/08/24,2026/09/10,2026-09,CALL,47250,18865,,,,,,,,,,,,,
2026/08/24 09:31,2026-08-24T09:46:45+09:00,2026/08/24,2026/09/10,2026-09,PUT,47250,35,124,,66.75,63.34,36,21,24,24,,,,,
2026/08/24 09:31,2026-08-24T09:46:45+09:00,2026/08/24,2026/09/10,2026-09,CALL,47000,19115,,,,,,,,,,,,,
2026/08/24 09:31,2026-08-24T09:46:45+09:00,2026/08/24,2026/09/10,2026-09,PUT,47000,33,1108,12,66.65,66.09,32,8,30,11,66.56,-6,-16.22,31,08/22 05:12
2026/08/24 09:31,2026-08-24T09:46:45+09:00,2026/08/24,2026/09/10,2026-09,CALL,46750,19360,,,,,,,,,,,,,
2026/08/24 09:31,2026-08-24T09:46:45+09:00,2026/08/24,2026/09/10,2026-09,PUT,46750,33,27,,68.13,64.47,34,21,22,24,,,,,
2026/08/24 09:31,2026-08-24T09:46:45+09:00,2026/08/24,2026/09/10,2026-09,CALL,46500,19610,,,,,,,,,,,,,
2026/08/24 09:31,2026-08-24T09:46:45+09:00,2026/08/24,2026/09/10,2026-09,PUT,46500,32,392,,67.96,67.05,30,6,27,9,,,,,
2026/08/24 09:31,2026-08-24T09:46:45+09:00,2026/08/24,2026/09/10,2026-09,CALL,46250,19860,,,,,,,,,,,,,
2026/08/24 09:31,2026-08-24T09:46:45+09:00,2026/08/24,2026/09/10,2026-09,PUT,46250,31,66,,68.6,66.64,29,4,23,24,,,,,
2026/08/24 09:31,2026-08-24T09:46:45+09:00,2026/08/24,2026/09/10,2026-09,CALL,46000,20110,,,,,,,,,,,,,
2026/08/24 09:31,2026-08-24T09:46:45+09:00,2026/08/24,2026/09/10,2026-09,PUT,46000,30,2117,21,69.24,68.26,28,8,25,11,68.1,-7,-21.21,26,08/24 09:26
2026/08/24 09:31,2026-08-24T09:46:45+09:00,2026/08/24,2026/09/10,2026-09,CALL,45750,20360,,,,,,,,,,,,,
2026/08/24 09:31,2026-08-24T09:46:45+09:00,2026/08/24,2026/09/10,2026-09,PUT,45750,30,60,,69.86,68.12,27,4,22,24,,,,,
2026/08/24 09:31,2026-08-24T09:46:45+09:00,2026/08/24,2026/09/10,2026-09,CALL,45500,20605,,,,,,,,,,,,,
2026/08/24 09:31,2026-08-24T09:46:45+09:00,2026/08/24,2026/09/10,2026-09,PUT,45500,29,160,,70.8,69.42,27,9,23,9,,,,,
2026/08/24 09:31,2026-08-24T09:46:45+09:00,2026/08/24,2026/09/10,2026-09,CALL,45250,20855,,,,,,,,,,,,,
2026/08/24 09:31,2026-08-24T09:46:45+09:00,2026/08/24,2026/09/10,2026-09,PUT,45250,28,105,,71.07,69.58,25,7,21,24,,,,,
2026/08/24 09:31,2026-08-24T09:46:45+09:00,2026/08/24,2026/09/10,2026-09,CALL,45000,21105,42,,,,,,,,,,,,
2026/08/24 09:31,2026-08-24T09:46:45+09:00,2026/08/24,2026/09/10,2026-09,PUT,45000,28,2498,73,72.01,70.51,25,20,21,11,70.91,-5,-17.86,23,08/24 09:28
2026/08/24 09:31,2026-08-24T09:46:45+09:00,2026/08/24,2026/09/10,2026-09,CALL,44750,21355,,,,,,,,,,,,,
2026/08/24 09:31,2026-08-24T09:46:45+09:00,2026/08/24,2026/09/10,2026-09,PUT,44750,26,14,,72.6,71.03,24,16,20,7,,,,,
2026/08/24 09:31,2026-08-24T09:46:45+09:00,2026/08/24,2026/09/10,2026-09,CALL,44500,21600,,,,,,,,,,,,,
2026/08/24 09:31,2026-08-24T09:46:45+09:00,2026/08/24,2026/09/10,2026-09,PUT,44500,25,129,,73.17,71.96,23,6,20,9,,,,,
2026/08/24 09:31,2026-08-24T09:46:45+09:00,2026/08/24,2026/09/10,2026-09,CALL,44250,21850,,,,,,,,,,,,,
2026/08/24 09:31,2026-08-24T09:46:45+09:00,2026/08/24,2026/09/10,2026-09,PUT,44250,24,31,,73.73,72.46,22,7,19,7,,,,,
2026/08/24 09:31,2026-08-24T09:46:45+09:00,2026/08/24,2026/09/10,2026-09,CALL,44000,22100,,,,,,,,,,,,,
2026/08/24 09:31,2026-08-24T09:46:45+09:00,2026/08/24,2026/09/10,2026-09,PUT,44000,23,1437,7,74.27,73.4,21,3,19,4,73.13,-5,-20.83,19,08/24 09:25
2026/08/24 09:31,2026-08-24T09:46:45+09:00,2026/08/24,2026/09/10,2026-09,CALL,43750,22350,,,,,,,,,,,,,
2026/08/24 09:31,2026-08-24T09:46:45+09:00,2026/08/24,2026/09/10,2026-09,PUT,43750,22,14,,75.22,73.4,21,16,17,7,,,,,
2026/08/24 09:31,2026-08-24T09:46:45+09:00,2026/08/24,2026/09/10,2026-09,CALL,43500,22600,57,,,,,,,,,,,,
2026/08/24 09:31,2026-08-24T09:46:45+09:00,2026/08/24,2026/09/10,2026-09,PUT,43500,22,783,5,75.74,74.34,20,12,17,9,74.92,,,19,08/24 09:28
2026/08/24 09:31,2026-08-24T09:46:45+09:00,2026/08/24,2026/09/10,2026-09,CALL,43250,22850,,,,,,,,,,,,,
2026/08/24 09:31,2026-08-24T09:46:45+09:00,2026/08/24,2026/09/10,2026-09,PUT,43250,21,60,3,76.7,74.76,20,16,16,7,75.47,,,18,08/24 09:27
2026/08/24 09:31,2026-08-24T09:46:45+09:00,2026/08/24,2026/09/10,2026-09,CALL,43000,23095,100,,,,,,,,,,,,
2026/08/24 09:31,2026-08-24T09:46:45+09:00,2026/08/24,2026/09/10,2026-09,PUT,43000,20,1094,6,76.72,75.7,18,8,16,11,77.87,0,0,20,08/21 22:32
2026/08/24 09:31,2026-08-24T09:46:45+09:00,2026/08/24,2026/09/10,2026-09,CALL,42750,23345,,,,,,,,,,,,,
2026/08/24 09:31,2026-08-24T09:46:45+09:00,2026/08/24,2026/09/10,2026-09,PUT,42750,20,17,,77.67,76.1,18,16,15,7,,,,,
2026/08/24 09:31,2026-08-24T09:46:45+09:00,2026/08/24,2026/09/10,2026-09,CALL,42500,23595,10,,,,,,,,,,,,
2026/08/24 09:31,2026-08-24T09:46:45+09:00,2026/08/24,2026/09/10,2026-09,PUT,42500,18,30,,78.13,76.46,17,9,14,9,,,,,
2026/08/24 09:31,2026-08-24T09:46:45+09:00,2026/08/24,2026/09/10,2026-09,CALL,42250,23845,,,,,,,,,,,,,
2026/08/24 09:31,2026-08-24T09:46:45+09:00,2026/08/24,2026/09/10,2026-09,PUT,42250,18,21,,78.55,76.13,16,4,12,24,,,,,
2026/08/24 09:31,2026-08-24T09:46:45+09:00,2026/08/24,2026/09/10,2026-09,CALL,42000,24095,101,,,,,,,,,,,,
2026/08/24 09:31,2026-08-24T09:46:45+09:00,2026/08/24,2026/09/10,2026-09,PUT,42000,17,2062,17,79.51,78.35,16,11,14,8,78.1,-4,-22.22,14,08/24 09:22
2026/08/24 09:31,2026-08-24T09:46:45+09:00,2026/08/24,2026/09/10,2026-09,CALL,41750,24345,,,,,,,,,,,,,
2026/08/24 09:31,2026-08-24T09:46:45+09:00,2026/08/24,2026/09/10,2026-09,PUT,41750,17,,,79.91,77.3,15,7,11,24,,,,,
2026/08/24 09:31,2026-08-24T09:46:45+09:00,2026/08/24,2026/09/10,2026-09,CALL,41500,24590,,,,,,,,,,,,,
2026/08/24 09:31,2026-08-24T09:46:45+09:00,2026/08/24,2026/09/10,2026-09,PUT,41500,16,22,,80.87,78.95,15,9,12,9,,,,,
2026/08/24 09:31,2026-08-24T09:46:45+09:00,2026/08/24,2026/09/10,2026-09,CALL,41250,24840,,,,,,,,,,,,,
2026/08/24 09:31,2026-08-24T09:46:45+09:00,2026/08/24,2026/09/10,2026-09,PUT,41250,16,1,,81.23,78.4,14,7,10,24,,,,,
2026/08/24 09:31,2026-08-24T09:46:45+09:00,2026/08/24,2026/09/10,2026-09,CALL,41000,25090,,,,,,,,,,,,,
2026/08/24 09:31,2026-08-24T09:46:45+09:00,2026/08/24,2026/09/10,2026-09,PUT,41000,16,946,13,81.55,80.86,13,4,12,8,80.38,-5,-31.25,11,08/24 09:15
2026/08/24 09:31,2026-08-24T09:46:45+09:00,2026/08/24,2026/09/10,2026-09,CALL,40750,25340,,,,,,,,,,,,,
2026/08/24 09:31,2026-08-24T09:46:45+09:00,2026/08/24,2026/09/10,2026-09,PUT,40750,15,48,,82.51,80.28,13,7,10,24,,,,,
2026/08/24 09:31,2026-08-24T09:46:45+09:00,2026/08/24,2026/09/10,2026-09,CALL,40500,25590,,,,,,,,,,,,,
2026/08/24 09:31,2026-08-24T09:46:45+09:00,2026/08/24,2026/09/10,2026-09,PUT,40500,15,177,1,82.78,80.37,12,3,9,33,84.35,,,13,08/21 21:32
2026/08/24 09:31,2026-08-24T09:46:45+09:00,2026/08/24,2026/09/10,2026-09,CALL,40250,25840,,,,,,,,,,,,,
2026/08/24 09:31,2026-08-24T09:46:45+09:00,2026/08/24,2026/09/10,2026-09,PUT,40250,14,2,,84.46,81.32,13,21,9,24,,,,,
2026/08/24 09:31,2026-08-24T09:46:45+09:00,2026/08/24,2026/09/10,2026-09,CALL,40000,26090,5,,,,,,,,,,,,
2026/08/24 09:31,2026-08-24T09:46:45+09:00,2026/08/24,2026/09/10,2026-09,PUT,40000,13,4719,66,84.73,83.15,12,11,10,9,82.03,-4,-30.77,9,08/24 09:22
2026/08/24 09:31,2026-08-24T09:46:45+09:00,2026/08/24,2026/09/10,2026-09,CALL,39750,26335,,,,,,,,,,,,,
2026/08/24 09:31,2026-08-24T09:46:45+09:00,2026/08/24,2026/09/10,2026-09,PUT,39750,13,19,,84.94,82.26,11,15,8,33,,,,,
2026/08/24 09:31,2026-08-24T09:46:45+09:00,2026/08/24,2026/09/10,2026-09,CALL,39500,26585,,,,,,,,,,,,,
2026/08/24 09:31,2026-08-24T09:46:45+09:00,2026/08/24,2026/09/10,2026-09,PUT,39500,12,336,20,85.92,84.19,11,21,9,21,86.09,-1,-8.33,11,08/22 05:12
2026/08/24 09:31,2026-08-24T09:46:45+09:00,2026/08/24,2026/09/10,2026-09,CALL,39250,26835,,,,,,,,,,,,,
2026/08/24 09:31,2026-08-24T09:46:45+09:00,2026/08/24,2026/09/10,2026-09,PUT,39250,12,165,1,86.91,83.09,11,33,7,33,86.23,,,10,08/24 08:45
2026/08/24 09:31,2026-08-24T09:46:45+09:00,2026/08/24,2026/09/10,2026-09,CALL,39000,27085,,,,,,,,,,,,,
2026/08/24 09:31,2026-08-24T09:46:45+09:00,2026/08/24,2026/09/10,2026-09,PUT,39000,12,259,50,87.05,85.14,10,24,8,23,85.8,-3,-25,9,08/24 09:28
2026/08/24 09:31,2026-08-24T09:46:45+09:00,2026/08/24,2026/09/10,2026-09,CALL,38750,27335,,,,,,,,,,,,,
2026/08/24 09:31,2026-08-24T09:46:45+09:00,2026/08/24,2026/09/10,2026-09,PUT,38750,11,11,,88.04,83.77,10,19,6,33,,,,,
2026/08/24 09:31,2026-08-24T09:46:45+09:00,2026/08/24,2026/09/10,2026-09,CALL,38500,27585,,,,,,,,,,,,,
2026/08/24 09:31,2026-08-24T09:46:45+09:00,2026/08/24,2026/09/10,2026-09,PUT,38500,11,241,2,88.1,85.97,9,21,7,15,88.91,-1,-9.09,10,08/22 00:15
2026/08/24 09:31,2026-08-24T09:46:45+09:00,2026/08/24,2026/09/10,2026-09,CALL,38250,27835,,,,,,,,,,,,,
2026/08/24 09:31,2026-08-24T09:46:45+09:00,2026/08/24,2026/09/10,2026-09,PUT,38250,10,,,89.09,85.69,9,19,6,33,,,,,
2026/08/24 09:31,2026-08-24T09:46:45+09:00,2026/08/24,2026/09/10,2026-09,CALL,38000,28085,,,,,,,,,,,,,
2026/08/24 09:31,2026-08-24T09:46:45+09:00,2026/08/24,2026/09/10,2026-09,PUT,38000,10,1061,27,90.09,87.92,9,36,7,15,88.24,-3,-30,7,08/24 09:17
2026/08/24 09:31,2026-08-24T09:46:45+09:00,2026/08/24,2026/09/10,2026-09,CALL,37750,28335,,,,,,,,,,,,,
2026/08/24 09:31,2026-08-24T09:46:45+09:00,2026/08/24,2026/09/10,2026-09,PUT,37750,10,1,,90.05,86.17,8,19,5,33,,,,,
2026/08/24 09:31,2026-08-24T09:46:45+09:00,2026/08/24,2026/09/10,2026-09,CALL,37500,28580,,,,,,,,,,,,,
2026/08/24 09:31,2026-08-24T09:46:45+09:00,2026/08/24,2026/09/10,2026-09,PUT,37500,9,5,,91.05,87.13,8,21,5,60,,,,,
2026/08/24 09:31,2026-08-24T09:46:45+09:00,2026/08/24,2026/09/10,2026-09,CALL,37250,28830,,,,,,,,,,,,,
2026/08/24 09:31,2026-08-24T09:46:45+09:00,2026/08/24,2026/09/10,2026-09,PUT,37250,8,,,92.06,88.1,8,19,5,33,,,,,
2026/08/24 09:31,2026-08-24T09:46:45+09:00,2026/08/24,2026/09/10,2026-09,CALL,37000,29080,1,,,,,,,,,,,,
2026/08/24 09:31,2026-08-24T09:46:45+09:00,2026/08/24,2026/09/10,2026-09,PUT,37000,8,583,,91.89,90.57,7,52,6,23,,,,,
2026/08/24 09:31,2026-08-24T09:46:45+09:00,2026/08/24,2026/09/10,2026-09,CALL,36750,29330,,,,,,,,,,,,,
2026/08/24 09:31,2026-08-24T09:46:45+09:00,2026/08/24,2026/09/10,2026-09,PUT,36750,7,59,,92.9,90.05,7,19,5,33,,,,,
2026/08/24 09:31,2026-08-24T09:46:45+09:00,2026/08/24,2026/09/10,2026-09,CALL,36500,29580,,,,,,,,,,,,,
2026/08/24 09:31,2026-08-24T09:46:45+09:00,2026/08/24,2026/09/10,2026-09,PUT,36500,7,32,5,93.91,91.04,7,21,5,20,91.85,,,5,08/24 09:09
2026/08/24 09:31,2026-08-24T09:46:45+09:00,2026/08/24,2026/09/10,2026-09,CALL,36250,29825,,,,,,,,,,,,,
2026/08/24 09:31,2026-08-24T09:46:45+09:00,2026/08/24,2026/09/10,2026-09,PUT,36250,6,2,,94.94,92.03,7,19,5,19,,,,,
2026/08/24 09:31,2026-08-24T09:46:45+09:00,2026/08/24,2026/09/10,2026-09,CALL,36000,30075,,,,,,,,,,,,,
2026/08/24 09:31,2026-08-24T09:46:45+09:00,2026/08/24,2026/09/10,2026-09,PUT,36000,6,106,,94.59,93.03,6,8,5,15,,,,,
2026/08/24 09:31,2026-08-24T09:46:45+09:00,2026/08/24,2026/09/10,2026-09,CALL,35750,30325,,,,,,,,,,,,,
2026/08/24 09:31,2026-08-24T09:46:45+09:00,2026/08/24,2026/09/10,2026-09,PUT,35750,6,51,,97,92.2,7,40,4,33,,,,,
2026/08/24 09:31,2026-08-24T09:46:45+09:00,2026/08/24,2026/09/10,2026-09,CALL,35500,30575,,,,,,,,,,,,,
2026/08/24 09:31,2026-08-24T09:46:45+09:00,2026/08/24,2026/09/10,2026-09,PUT,35500,6,14,,98.04,93.2,7,60,4,21,,,,,
2026/08/24 09:31,2026-08-24T09:46:45+09:00,2026/08/24,2026/09/10,2026-09,CALL,35250,30825,,,,,,,,,,,,,
2026/08/24 09:31,2026-08-24T09:46:45+09:00,2026/08/24,2026/09/10,2026-09,PUT,35250,5,2,,97.68,94.2,6,19,4,33,,,,,
2026/08/24 09:31,2026-08-24T09:46:45+09:00,2026/08/24,2026/09/10,2026-09,CALL,35000,31075,,,,,,,,,,,,,
2026/08/24 09:31,2026-08-24T09:46:45+09:00,2026/08/24,2026/09/10,2026-09,PUT,35000,6,3850,16,97.1,95.21,5,1,4,25,97.91,-1,-16.67,5,08/24 09:09
2026/08/24 09:31,2026-08-24T09:46:45+09:00,2026/08/24,2026/09/10,2026-09,CALL,34750,31325,,,,,,,,,,,,,
2026/08/24 09:31,2026-08-24T09:46:45+09:00,2026/08/24,2026/09/10,2026-09,PUT,34750,5,69,,98.14,96.23,5,33,4,19,,,,,
2026/08/24 09:31,2026-08-24T09:46:45+09:00,2026/08/24,2026/09/10,2026-09,CALL,34500,31570,,,,,,,,,,,,,
2026/08/24 09:31,2026-08-24T09:46:45+09:00,2026/08/24,2026/09/10,2026-09,PUT,34500,5,25,4,99.18,97.25,5,21,4,12,96.94,-2,-33.33,4,08/24 09:28
2026/08/24 09:31,2026-08-24T09:46:45+09:00,2026/08/24,2026/09/10,2026-09,CALL,34250,31820,,,,,,,,,,,,,
2026/08/24 09:31,2026-08-24T09:46:45+09:00,2026/08/24,2026/09/10,2026-09,PUT,34250,4,4,,101.9,95.92,6,40,3,33,,,,,
2026/08/24 09:31,2026-08-24T09:46:45+09:00,2026/08/24,2026/09/10,2026-09,CALL,34000,32070,,,,,,,,,,,,,
2026/08/24 09:31,2026-08-24T09:46:45+09:00,2026/08/24,2026/09/10,2026-09,PUT,34000,5,193,16,99.32,96.93,4,2,3,80,100.08,-1,-20,4,08/24 09:10
2026/08/24 09:31,2026-08-24T09:46:45+09:00,2026/08/24,2026/09/10,2026-09,CALL,33750,32320,,,,,,,,,,,,,
2026/08/24 09:31,2026-08-24T09:46:45+09:00,2026/08/24,2026/09/10,2026-09,PUT,33750,4,5,,102.35,94.8,5,40,2,40,,,,,
2026/08/24 09:31,2026-08-24T09:46:45+09:00,2026/08/24,2026/09/10,2026-09,CALL,33500,32570,,,,,,,,,,,,,
2026/08/24 09:31,2026-08-24T09:46:45+09:00,2026/08/24,2026/09/10,2026-09,PUT,33500,4,8,,101.42,95.8,4,6,2,60,,,,,
2026/08/24 09:31,2026-08-24T09:46:45+09:00,2026/08/24,2026/09/10,2026-09,CALL,33250,32820,,,,,,,,,,,,,
2026/08/24 09:31,2026-08-24T09:46:45+09:00,2026/08/24,2026/09/10,2026-09,PUT,33250,4,1,,104.5,96.8,5,40,2,40,,,,,
2026/08/24 09:31,2026-08-24T09:46:45+09:00,2026/08/24,2026/09/10,2026-09,CALL,33000,33070,,,,,,,,,,,,,
2026/08/24 09:31,2026-08-24T09:46:45+09:00,2026/08/24,2026/09/10,2026-09,PUT,33000,4,507,35,103.55,101.07,4,84,3,20,104.16,0,0,4,08/22 00:54
2026/08/24 09:31,2026-08-24T09:46:45+09:00,2026/08/24,2026/09/10,2026-09,CALL,32750,33320,,,,,,,,,,,,,
2026/08/24 09:31,2026-08-24T09:46:45+09:00,2026/08/24,2026/09/10,2026-09,PUT,32750,3,8,,104.63,98.84,4,33,2,33,,,,,
2026/08/24 09:31,2026-08-24T09:46:45+09:00,2026/08/24,2026/09/10,2026-09,CALL,32500,33570,,,,,,,,,,,,,
2026/08/24 09:31,2026-08-24T09:46:45+09:00,2026/08/24,2026/09/10,2026-09,PUT,32500,3,32,,105.71,99.87,4,60,2,66,,,,,
2026/08/24 09:31,2026-08-24T09:46:45+09:00,2026/08/24,2026/09/10,2026-09,CALL,32250,33820,,,,,,,,,,,,,
2026/08/24 09:31,2026-08-24T09:46:45+09:00,2026/08/24,2026/09/10,2026-09,PUT,32250,3,5,3,106.81,100.91,4,40,2,40,105.1,,,3,08/21 17:00
2026/08/24 09:31,2026-08-24T09:46:45+09:00,2026/08/24,2026/09/10,2026-09,CALL,32000,34070,,,,,,,,,,,,,
2026/08/24 09:31,2026-08-24T09:46:45+09:00,2026/08/24,2026/09/10,2026-09,PUT,32000,3,114,16,107.91,101.95,4,82,2,165,105.56,-1,-25,3,08/24 09:18
2026/08/24 09:31,2026-08-24T09:46:45+09:00,2026/08/24,2026/09/10,2026-09,CALL,31750,34320,,,,,,,,,,,,,
2026/08/24 09:31,2026-08-24T09:46:45+09:00,2026/08/24,2026/09/10,2026-09,PUT,31750,3,14,3,114.59,,7,18,,,107.26,,,3,08/21 17:00
2026/08/24 09:31,2026-08-24T09:46:45+09:00,2026/08/24,2026/09/10,2026-09,CALL,31500,34570,,,,,,,,,,,,,
2026/08/24 09:31,2026-08-24T09:46:45+09:00,2026/08/24,2026/09/10,2026-09,PUT,31500,3,19,,107.51,104.07,3,8,2,28,,,,,
2026/08/24 09:31,2026-08-24T09:46:45+09:00,2026/08/24,2026/09/10,2026-09,CALL,31250,34820,,,,,,,,,,,,,
2026/08/24 09:31,2026-08-24T09:46:45+09:00,2026/08/24,2026/09/10,2026-09,PUT,31250,2,,,116.94,,7,4,,,,,,,
2026/08/24 09:31,2026-08-24T09:46:45+09:00,2026/08/24,2026/09/10,2026-09,CALL,31000,35070,,,,,,,,,,,,,
2026/08/24 09:31,2026-08-24T09:46:45+09:00,2026/08/24,2026/09/10,2026-09,PUT,31000,2,233,18,109.72,106.22,3,8,2,39,109.99,-2,-40,3,08/22 06:00
2026/08/24 09:31,2026-08-24T09:46:45+09:00,2026/08/24,2026/09/10,2026-09,CALL,30750,35320,,,,,,,,,,,,,
2026/08/24 09:31,2026-08-24T09:46:45+09:00,2026/08/24,2026/09/10,2026-09,PUT,30750,2,4,,119.33,,7,5,,,,,,,
2026/08/24 09:31,2026-08-24T09:46:45+09:00,2026/08/24,2026/09/10,2026-09,CALL,30500,35570,,,,,,,,,,,,,
2026/08/24 09:31,2026-08-24T09:46:45+09:00,2026/08/24,2026/09/10,2026-09,PUT,30500,2,86,,120.54,108.4,7,7,2,6,,,,,
2026/08/24 09:31,2026-08-24T09:46:45+09:00,2026/08/24,2026/09/10,2026-09,CALL,30250,35820,,,,,,,,,,,,,
2026/08/24 09:31,2026-08-24T09:46:45+09:00,2026/08/24,2026/09/10,2026-09,PUT,30250,2,,,121.76,,7,5,,,,,,,
2026/08/24 09:31,2026-08-24T09:46:45+09:00,2026/08/24,2026/09/10,2026-09,CALL,30000,36070,3750,,,,,,,,,,,,
2026/08/24 09:31,2026-08-24T09:46:45+09:00,2026/08/24,2026/09/10,2026-09,PUT,30000,2,6354,2,114.26,110.62,3,46,2,85,114.6,1,50,3,08/21 22:18
2026/08/24 09:31,2026-08-24T09:46:45+09:00,2026/08/24,2026/09/10,2026-09,CALL,29750,36320,,,,,,,,,,,,,
2026/08/24 09:31,2026-08-24T09:46:45+09:00,2026/08/24,2026/09/10,2026-09,PUT,29750,2,11,,124.22,,7,5,,,,,,,
2026/08/24 09:31,2026-08-24T09:46:45+09:00,2026/08/24,2026/09/10,2026-09,CALL,29500,36570,,,,,,,,,,,,,
2026/08/24 09:31,2026-08-24T09:46:45+09:00,2026/08/24,2026/09/10,2026-09,PUT,29500,2,32,,116.58,107.2,3,6,1,37,,,,,
2026/08/24 09:31,2026-08-24T09:46:45+09:00,2026/08/24,2026/09/10,2026-09,CALL,29250,36820,,,,,,,,,,,,,
2026/08/24 09:31,2026-08-24T09:46:45+09:00,2026/08/24,2026/09/10,2026-09,PUT,29250,2,3,,126.73,,7,5,,,,,,,
2026/08/24 09:31,2026-08-24T09:46:45+09:00,2026/08/24,2026/09/10,2026-09,CALL,29000,37070,,,,,,,,,,,,,
2026/08/24 09:31,2026-08-24T09:46:45+09:00,2026/08/24,2026/09/10,2026-09,PUT,29000,2,61,4,115.17,109.39,2,14,1,64,115.8,-2,-50,2,08/24 08:56
2026/08/24 09:31,2026-08-24T09:46:45+09:00,2026/08/24,2026/09/10,2026-09,CALL,28750,37320,,,,,,,,,,,,,
2026/08/24 09:31,2026-08-24T09:46:45+09:00,2026/08/24,2026/09/10,2026-09,PUT,28750,1,68,,129.28,,7,5,,,,,,,
2026/08/24 09:31,2026-08-24T09:46:45+09:00,2026/08/24,2026/09/10,2026-09,CALL,28500,37570,,,,,,,,,,,,,
2026/08/24 09:31,2026-08-24T09:46:45+09:00,2026/08/24,2026/09/10,2026-09,PUT,28500,1,9,,117.5,111.62,2,9,1,7,,,,,
2026/08/24 09:31,2026-08-24T09:46:45+09:00,2026/08/24,2026/09/10,2026-09,CALL,28250,37820,,,,,,,,,,,,,
2026/08/24 09:31,2026-08-24T09:46:45+09:00,2026/08/24,2026/09/10,2026-09,PUT,28250,1,1,,130.04,,6,4,,,,,,,
2026/08/24 09:31,2026-08-24T09:46:45+09:00,2026/08/24,2026/09/10,2026-09,CALL,28000,38070,,,,,,,,,,,,,
2026/08/24 09:31,2026-08-24T09:46:45+09:00,2026/08/24,2026/09/10,2026-09,PUT,28000,1,76,,119.88,113.88,2,41,1,74,,,,,
2026/08/24 09:31,2026-08-24T09:46:45+09:00,2026/08/24,2026/09/10,2026-09,CALL,27750,38315,,,,,,,,,,,,,
2026/08/24 09:31,2026-08-24T09:46:45+09:00,2026/08/24,2026/09/10,2026-09,PUT,27750,1,8,,128.05,,4,4,,,,,,,
2026/08/24 09:31,2026-08-24T09:46:45+09:00,2026/08/24,2026/09/10,2026-09,CALL,27500,38565,,,,,,,,,,,,,
2026/08/24 09:31,2026-08-24T09:46:45+09:00,2026/08/24,2026/09/10,2026-09,PUT,27500,1,21,,126.29,,3,6,,,,,,,
2026/08/24 09:31,2026-08-24T09:46:45+09:00,2026/08/24,2026/09/10,2026-09,CALL,27250,38815,,,,,,,,,,,,,
2026/08/24 09:31,2026-08-24T09:46:45+09:00,2026/08/24,2026/09/10,2026-09,PUT,27250,1,11,,123.52,,2,23,,,,,,,
2026/08/24 09:31,2026-08-24T09:46:45+09:00,2026/08/24,2026/09/10,2026-09,CALL,27000,39065,,,,,,,,,,,,,
2026/08/24 09:31,2026-08-24T09:46:45+09:00,2026/08/24,2026/09/10,2026-09,PUT,27000,1,196,1,124.76,118.53,2,49,1,29,124.71,0,0,2,08/22 00:23
2026/08/24 09:31,2026-08-24T09:46:45+09:00,2026/08/24,2026/09/10,2026-09,CALL,26000,40065,,,,,,,,,,,,,
2026/08/24 09:31,2026-08-24T09:46:45+09:00,2026/08/24,2026/09/10,2026-09,PUT,26000,1,188,,129.82,123.36,2,51,1,39,,,,,
2026/08/24 09:31,2026-08-24T09:46:45+09:00,2026/08/24,2026/09/10,2026-09,CALL,25000,41065,,,,,,,,,,,,,
2026/08/24 09:31,2026-08-24T09:46:45+09:00,2026/08/24,2026/09/10,2026-09,PUT,25000,1,3962,31,128.37,,1,30,,,129.08,0,0,1,08/24 09:09
2026/08/24 09:31,2026-08-24T09:46:45+09:00,2026/08/24,2026/09/10,2026-09,CALL,24000,42065,,,,,,,,,,,,,
2026/08/24 09:31,2026-08-24T09:46:45+09:00,2026/08/24,2026/09/10,2026-09,PUT,24000,1,129,2,133.6,,1,11,,,133.74,0,0,1,08/24 09:01
2026/08/24 09:31,2026-08-24T09:46:45+09:00,2026/08/24,2026/09/10,2026-09,CALL,23000,43065,,,,,,,,,,,,,
2026/08/24 09:31,2026-08-24T09:46:45+09:00,2026/08/24,2026/09/10,2026-09,PUT,23000,1,282,14,139.04,,1,131,,,139.59,0,0,1,08/24 08:58
2026/08/24 09:31,2026-08-24T09:46:45+09:00,2026/08/24,2026/10/08,2026-10,CALL,100000,2,34,2,37.26,35.38,2,269,1,261,37.16,1,100,2,08/24 08:45
2026/08/24 09:31,2026-08-24T09:46:45+09:00,2026/08/24,2026/10/08,2026-10,PUT,100000,34210,,,,,,,,,,,,,
2026/08/24 09:31,2026-08-24T09:46:45+09:00,2026/08/24,2026/10/08,2026-10,CALL,97500,2,11,,39.22,,7,1,,,,,,,
2026/08/24 09:31,2026-08-24T09:46:45+09:00,2026/08/24,2026/10/08,2026-10,PUT,97500,31715,,,,,,,,,,,,,
2026/08/24 09:31,2026-08-24T09:46:45+09:00,2026/08/24,2026/10/08,2026-10,CALL,95000,2,13,,35.1,31.44,4,1,1,71,,,,,
2026/08/24 09:31,2026-08-24T09:46:45+09:00,2026/08/24,2026/10/08,2026-10,PUT,95000,29220,,,,,,,,,,,,,
2026/08/24 09:31,2026-08-24T09:46:45+09:00,2026/08/24,2026/10/08,2026-10,CALL,92500,4,1,,35.42,29.37,9,17,1,26,,,,,
2026/08/24 09:31,2026-08-24T09:46:45+09:00,2026/08/24,2026/10/08,2026-10,PUT,92500,26725,,,,,,,,,,,,,
2026/08/24 09:31,2026-08-24T09:46:45+09:00,2026/08/24,2026/10/08,2026-10,CALL,90000,6,103,,32.54,30.48,8,16,4,3,,,,,
2026/08/24 09:31,2026-08-24T09:46:45+09:00,2026/08/24,2026/10/08,2026-10,PUT,90000,24230,,,,,,,,,,,,,
2026/08/24 09:31,2026-08-24T09:46:45+09:00,2026/08/24,2026/10/08,2026-10,CALL,87500,10,64,,30.97,29.13,11,10,6,15,,,,,
2026/08/24 09:31,2026-08-24T09:46:45+09:00,2026/08/24,2026/10/08,2026-10,PUT,87500,21740,,,,,,,,,,,,,
2026/08/24 09:31,2026-08-24T09:46:45+09:00,2026/08/24,2026/10/08,2026-10,CALL,85000,19,146,,30.88,28.22,24,6,11,6,,,,,
2026/08/24 09:31,2026-08-24T09:46:45+09:00,2026/08/24,2026/10/08,2026-10,PUT,85000,19250,22,,,,,,,,,,,,
2026/08/24 09:31,2026-08-24T09:46:45+09:00,2026/08/24,2026/10/08,2026-10,CALL,84500,22,,,30.73,28.41,27,7,14,6,,,,,
2026/08/24 09:31,2026-08-24T09:46:45+09:00,2026/08/24,2026/10/08,2026-10,PUT,84500,18755,,,,,,,,,,,,,
2026/08/24 09:31,2026-08-24T09:46:45+09:00,2026/08/24,2026/10/08,2026-10,CALL,84000,25,10,,30.52,28.05,30,7,15,7,,,,,
2026/08/24 09:31,2026-08-24T09:46:45+09:00,2026/08/24,2026/10/08,2026-10,PUT,84000,18260,,,,,,,,,,,,,
2026/08/24 09:31,2026-08-24T09:46:45+09:00,2026/08/24,2026/10/08,2026-10,CALL,83500,30,8,,30.27,27.67,33,7,16,7,,,,,
2026/08/24 09:31,2026-08-24T09:46:45+09:00,2026/08/24,2026/10/08,2026-10,PUT,83500,17765,,,,,,,,,,,,,
2026/08/24 09:31,2026-08-24T09:46:45+09:00,2026/08/24,2026/10/08,2026-10,CALL,83000,35,7,16,29.75,28.86,34,14,27,8,29.03,-1,-3.23,30,08/24 09:16
2026/08/24 09:31,2026-08-24T09:46:45+09:00,2026/08/24,2026/10/08,2026-10,PUT,83000,17270,,,,,,,,,,,,,
2026/08/24 09:31,2026-08-24T09:46:45+09:00,2026/08/24,2026/10/08,2026-10,CALL,82500,40,2,,30.45,28.5,47,7,29,3,,,,,
2026/08/24 09:31,2026-08-24T09:46:45+09:00,2026/08/24,2026/10/08,2026-10,PUT,82500,16775,,,,,,,,,,,,,
2026/08/24 09:31,2026-08-24T09:46:45+09:00,2026/08/24,2026/10/08,2026-10,CALL,82000,46,43,,29.3,28.45,42,6,34,6,,,,,
2026/08/24 09:31,2026-08-24T09:46:45+09:00,2026/08/24,2026/10/08,2026-10,PUT,82000,16285,,,,,,,,,,,,,
2026/08/24 09:31,2026-08-24T09:46:45+09:00,2026/08/24,2026/10/08,2026-10,CALL,81500,56,2,,29.94,27.68,57,6,33,6,,,,,
2026/08/24 09:31,2026-08-24T09:46:45+09:00,2026/08/24,2026/10/08,2026-10,PUT,81500,15795,,,,,,,,,,,,,
2026/08/24 09:31,2026-08-24T09:46:45+09:00,2026/08/24,2026/10/08,2026-10,CALL,81000,57,447,3,29,27.75,54,8,40,38,28.9,,,55,08/24 09:18
2026/08/24 09:31,2026-08-24T09:46:45+09:00,2026/08/24,2026/10/08,2026-10,PUT,81000,15295,,,,,,,,,,,,,
2026/08/24 09:31,2026-08-24T09:46:45+09:00,2026/08/24,2026/10/08,2026-10,CALL,80500,67,,,29.79,27.62,75,6,46,6,,,,,
2026/08/24 09:31,2026-08-24T09:46:45+09:00,2026/08/24,2026/10/08,2026-10,PUT,80500,14805,,,,,,,,,,,,,
2026/08/24 09:31,2026-08-24T09:46:45+09:00,2026/08/24,2026/10/08,2026-10,CALL,80000,77,1788,14,28.99,27.57,74,12,54,34,28.66,0,0,76,08/24 09:11
2026/08/24 09:31,2026-08-24T09:46:45+09:00,2026/08/24,2026/10/08,2026-10,PUT,80000,14315,,,,,,,,,,,,,
2026/08/24 09:31,2026-08-24T09:46:45+09:00,2026/08/24,2026/10/08,2026-10,CALL,79500,97,4,,29.51,27.65,96,6,65,6,,,,,
2026/08/24 09:31,2026-08-24T09:46:45+09:00,2026/08/24,2026/10/08,2026-10,PUT,79500,13840,,,,,,,,,,,,,
2026/08/24 09:31,2026-08-24T09:46:45+09:00,2026/08/24,2026/10/08,2026-10,CALL,79000,110,6,23,28.68,27.66,95,8,77,32,29.44,,,104,08/21 23:37
2026/08/24 09:31,2026-08-24T09:46:45+09:00,2026/08/24,2026/10/08,2026-10,PUT,79000,13350,1,,,,,,,,,,,,
2026/08/24 09:31,2026-08-24T09:46:45+09:00,2026/08/24,2026/10/08,2026-10,CALL,78500,123,3,,29.15,27.57,121,22,89,6,,,,,
2026/08/24 09:31,2026-08-24T09:46:45+09:00,2026/08/24,2026/10/08,2026-10,PUT,78500,12865,,,,,,,,,,,,,
2026/08/24 09:31,2026-08-24T09:46:45+09:00,2026/08/24,2026/10/08,2026-10,CALL,78000,143,522,12,28.68,28.11,129,36,116,10,28.79,,,134,08/22 00:34
2026/08/24 09:31,2026-08-24T09:46:45+09:00,2026/08/24,2026/10/08,2026-10,PUT,78000,12385,,,,,,,,,,,,,
2026/08/24 09:31,2026-08-24T09:46:45+09:00,2026/08/24,2026/10/08,2026-10,CALL,77500,167,102,,28.69,28.05,150,28,134,6,,,,,
2026/08/24 09:31,2026-08-24T09:46:45+09:00,2026/08/24,2026/10/08,2026-10,PUT,77500,11910,,,,,,,,,,,,,
2026/08/24 09:31,2026-08-24T09:46:45+09:00,2026/08/24,2026/10/08,2026-10,CALL,77000,191,1108,3,28.34,28.08,164,8,157,8,28.92,-15,-8.11,170,08/21 23:59
2026/08/24 09:31,2026-08-24T09:46:45+09:00,2026/08/24,2026/10/08,2026-10,PUT,77000,11435,,,,,,,,,,,,,
2026/08/24 09:31,2026-08-24T09:46:45+09:00,2026/08/24,2026/10/08,2026-10,CALL,76500,218,1,,28.46,28.03,194,23,181,6,,,,,
2026/08/24 09:31,2026-08-24T09:46:45+09:00,2026/08/24,2026/10/08,2026-10,PUT,76500,10965,,,,,,,,,,,,,
2026/08/24 09:31,2026-08-24T09:46:45+09:00,2026/08/24,2026/10/08,2026-10,CALL,76250,235,,,28.47,28.03,209,19,195,4,,,,,
2026/08/24 09:31,2026-08-24T09:46:45+09:00,2026/08/24,2026/10/08,2026-10,PUT,76250,10730,,,,,,,,,,,,,
2026/08/24 09:31,2026-08-24T09:46:45+09:00,2026/08/24,2026/10/08,2026-10,CALL,76000,253,404,6,28.36,28.06,221,26,211,6,28.62,-25,-10.42,215,08/24 09:26
2026/08/24 09:31,2026-08-24T09:46:45+09:00,2026/08/24,2026/10/08,2026-10,PUT,76000,10500,,,,,,,,,,,,,
2026/08/24 09:31,2026-08-24T09:46:45+09:00,2026/08/24,2026/10/08,2026-10,CALL,75750,271,,,28.35,28.04,237,14,226,3,,,,,
2026/08/24 09:31,2026-08-24T09:46:45+09:00,2026/08/24,2026/10/08,2026-10,PUT,75750,10270,,,,,,,,,,,,,
2026/08/24 09:31,2026-08-24T09:46:45+09:00,2026/08/24,2026/10/08,2026-10,CALL,75500,291,1,3,28.39,27.98,256,19,241,4,28.83,,,260,08/21 22:37
2026/08/24 09:31,2026-08-24T09:46:45+09:00,2026/08/24,2026/10/08,2026-10,PUT,75500,10040,,,,,,,,,,,,,
2026/08/24 09:31,2026-08-24T09:46:45+09:00,2026/08/24,2026/10/08,2026-10,CALL,75250,315,1,,28.42,28.03,276,18,261,3,,,,,
2026/08/24 09:31,2026-08-24T09:46:45+09:00,2026/08/24,2026/10/08,2026-10,PUT,75250,9810,,,,,,,,,,,,,
2026/08/24 09:31,2026-08-24T09:46:45+09:00,2026/08/24,2026/10/08,2026-10,CALL,75000,330,1260,8,28.33,28.02,292,26,280,6,28.19,-10,-3.03,320,08/24 08:56
2026/08/24 09:31,2026-08-24T09:46:45+09:00,2026/08/24,2026/10/08,2026-10,PUT,75000,9585,,,,,,,,,,,,,
2026/08/24 09:31,2026-08-24T09:46:45+09:00,2026/08/24,2026/10/08,2026-10,CALL,74750,360,1,,28.25,28.01,310,2,300,3,,,,,
2026/08/24 09:31,2026-08-24T09:46:45+09:00,2026/08/24,2026/10/08,2026-10,PUT,74750,9355,,,,,,,,,,,,,
2026/08/24 09:31,2026-08-24T09:46:45+09:00,2026/08/24,2026/10/08,2026-10,CALL,74500,385,55,,28.32,27.97,335,6,320,4,,,,,
2026/08/24 09:31,2026-08-24T09:46:45+09:00,2026/08/24,2026/10/08,2026-10,PUT,74500,9130,,,,,,,,,,,,,
2026/08/24 09:31,2026-08-24T09:46:45+09:00,2026/08/24,2026/10/08,2026-10,CALL,74250,410,8,,28.34,28.01,360,14,345,3,,,,,
2026/08/24 09:31,2026-08-24T09:46:45+09:00,2026/08/24,2026/10/08,2026-10,PUT,74250,8910,,,,,,,,,,,,,
2026/08/24 09:31,2026-08-24T09:46:45+09:00,2026/08/24,2026/10/08,2026-10,CALL,74000,440,371,7,28.34,28.02,385,46,370,6,28.29,-15,-3.61,400,08/24 09:01
2026/08/24 09:31,2026-08-24T09:46:45+09:00,2026/08/24,2026/10/08,2026-10,PUT,74000,8685,,,,,,,,,,,,,
2026/08/24 09:31,2026-08-24T09:46:45+09:00,2026/08/24,2026/10/08,2026-10,CALL,73750,470,,,28.3,28,410,14,395,3,,,,,
2026/08/24 09:31,2026-08-24T09:46:45+09:00,2026/08/24,2026/10/08,2026-10,PUT,73750,8470,,,,,,,,,,,,,
2026/08/24 09:31,2026-08-24T09:46:45+09:00,2026/08/24,2026/10/08,2026-10,CALL,73500,505,6,1,28.34,27.94,440,39,420,19,28.15,,,450,08/24 09:01
2026/08/24 09:31,2026-08-24T09:46:45+09:00,2026/08/24,2026/10/08,2026-10,PUT,73500,8250,,,36.37,21.87,8890,4,8140,4,,,,,
2026/08/24 09:31,2026-08-24T09:46:45+09:00,2026/08/24,2026/10/08,2026-10,CALL,73250,535,1,,28.34,27.96,470,14,450,14,,,,,
2026/08/24 09:31,2026-08-24T09:46:45+09:00,2026/08/24,2026/10/08,2026-10,PUT,73250,8035,,,36.39,17.64,8685,3,7790,3,,,,,
2026/08/24 09:31,2026-08-24T09:46:45+09:00,2026/08/24,2026/10/08,2026-10,CALL,73000,570,1257,2,28.31,28.03,500,46,485,6,28.72,-25,-4.63,515,08/21 23:22
2026/08/24 09:31,2026-08-24T09:46:45+09:00,2026/08/24,2026/10/08,2026-10,PUT,73000,7820,10,,36.17,20.27,8465,6,7620,6,,,,,
2026/08/24 09:31,2026-08-24T09:46:45+09:00,2026/08/24,2026/10/08,2026-10,CALL,72750,605,7,,28.33,27.98,535,14,515,3,,,,,
2026/08/24 09:31,2026-08-24T09:46:45+09:00,2026/08/24,2026/10/08,2026-10,PUT,72750,7605,,,35.86,23.19,8240,3,7500,3,,,,,
2026/08/24 09:31,2026-08-24T09:46:45+09:00,2026/08/24,2026/10/08,2026-10,CALL,72500,645,1,,28.33,27.98,570,38,550,4,,,,,
2026/08/24 09:31,2026-08-24T09:46:45+09:00,2026/08/24,2026/10/08,2026-10,PUT,72500,7395,1,,35.68,20.29,8025,4,7155,4,,,,,
2026/08/24 09:31,2026-08-24T09:46:45+09:00,2026/08/24,2026/10/08,2026-10,CALL,72250,690,6,,28.21,27.96,600,2,585,12,,,,,
2026/08/24 09:31,2026-08-24T09:46:45+09:00,2026/08/24,2026/10/08,2026-10,PUT,72250,7190,,,35.41,23.78,7805,3,7080,3,,,,,
2026/08/24 09:31,2026-08-24T09:46:45+09:00,2026/08/24,2026/10/08,2026-10,CALL,72125,715,,,28.46,27.81,635,2,595,2,,,,,
2026/08/24 09:31,2026-08-24T09:46:45+09:00,2026/08/24,2026/10/08,2026-10,PUT,72125,7090,,,35.34,19.24,7700,3,6770,3,,,,,
2026/08/24 09:31,2026-08-24T09:46:45+09:00,2026/08/24,2026/10/08,2026-10,CALL,72000,740,578,,28.22,27.98,640,4,625,27,,,,,
2026/08/24 09:31,2026-08-24T09:46:45+09:00,2026/08/24,2026/10/08,2026-10,PUT,72000,6990,,,34.98,23.98,7575,6,6870,6,,,,,
2026/08/24 09:31,2026-08-24T09:46:45+09:00,2026/08/24,2026/10/08,2026-10,CALL,71875,760,,,28.37,27.74,670,2,630,2,,,,,
2026/08/24 09:31,2026-08-24T09:46:45+09:00,2026/08/24,2026/10/08,2026-10,PUT,71875,6885,,,34.83,20.47,7465,3,6590,3,,,,,
2026/08/24 09:31,2026-08-24T09:46:45+09:00,2026/08/24,2026/10/08,2026-10,CALL,71750,780,,,28.2,27.97,680,2,665,12,,,,,
2026/08/24 09:31,2026-08-24T09:46:45+09:00,2026/08/24,2026/10/08,2026-10,PUT,71750,6785,,,34.95,21.61,7375,3,6530,3,,,,,
2026/08/24 09:31,2026-08-24T09:46:45+09:00,2026/08/24,2026/10/08,2026-10,CALL,71625,805,,,28.41,27.79,715,2,675,2,,,,,
2026/08/24 09:31,2026-08-24T09:46:45+09:00,2026/08/24,2026/10/08,2026-10,PUT,71625,6680,,,34.86,21.83,7270,3,6430,3,,,,,
2026/08/24 09:31,2026-08-24T09:46:45+09:00,2026/08/24,2026/10/08,2026-10,CALL,71500,830,3,,28.22,28,725,3,710,3,,,,,
2026/08/24 09:31,2026-08-24T09:46:45+09:00,2026/08/24,2026/10/08,2026-10,PUT,71500,6580,,,34.76,21.23,7165,4,6290,4,,,,,
2026/08/24 09:31,2026-08-24T09:46:45+09:00,2026/08/24,2026/10/08,2026-10,CALL,71375,860,,,28.41,27.81,760,2,720,2,,,,,
2026/08/24 09:31,2026-08-24T09:46:45+09:00,2026/08/24,2026/10/08,2026-10,PUT,71375,6485,,,34.39,21.14,7040,3,6175,3,,,,,
2026/08/24 09:31,2026-08-24T09:46:45+09:00,2026/08/24,2026/10/08,2026-10,CALL,71250,880,,,28.21,27.99,770,2,755,4,,,,,
2026/08/24 09:31,2026-08-24T09:46:45+09:00,2026/08/24,2026/10/08,2026-10,PUT,71250,6380,,,34.29,21.7,6935,3,6095,3,,,,,
2026/08/24 09:31,2026-08-24T09:46:45+09:00,2026/08/24,2026/10/08,2026-10,CALL,71125,910,,,28.45,27.79,810,2,765,2,,,,,
2026/08/24 09:31,2026-08-24T09:46:45+09:00,2026/08/24,2026/10/08,2026-10,PUT,71125,6290,,,34.5,22.66,6855,3,6040,3,,,,,
2026/08/24 09:31,2026-08-24T09:46:45+09:00,2026/08/24,2026/10/08,2026-10,CALL,71000,935,117,2,28.24,28.02,820,4,805,4,28.72,5,0.55,915,08/22 00:42
2026/08/24 09:31,2026-08-24T09:46:45+09:00,2026/08/24,2026/10/08,2026-10,PUT,71000,6185,,,34.31,23.77,6745,6,6000,6,,,,,
2026/08/24 09:31,2026-08-24T09:46:45+09:00,2026/08/24,2026/10/08,2026-10,CALL,70875,970,,,28.45,27.96,860,2,825,2,,,,,
2026/08/24 09:31,2026-08-24T09:46:45+09:00,2026/08/24,2026/10/08,2026-10,PUT,70875,6100,,,34.25,22.28,6645,3,5805,3,,,,,
2026/08/24 09:31,2026-08-24T09:46:45+09:00,2026/08/24,2026/10/08,2026-10,CALL,70750,995,1,,28.23,28.02,870,2,855,4,,,,,
2026/08/24 09:31,2026-08-24T09:46:45+09:00,2026/08/24,2026/10/08,2026-10,PUT,70750,5995,,,34.31,22.54,6555,3,5715,3,,,,,
2026/08/24 09:31,2026-08-24T09:46:45+09:00,2026/08/24,2026/10/08,2026-10,CALL,70625,1025,,,28.49,27.8,915,2,865,2,,,,,
2026/08/24 09:31,2026-08-24T09:46:45+09:00,2026/08/24,2026/10/08,2026-10,PUT,70625,5905,,,34.05,22.7,6440,3,5620,3,,,,,
2026/08/24 09:31,2026-08-24T09:46:45+09:00,2026/08/24,2026/10/08,2026-10,CALL,70500,1055,100,,28.26,27.98,925,3,905,5,,,,,
2026/08/24 09:31,2026-08-24T09:46:45+09:00,2026/08/24,2026/10/08,2026-10,PUT,70500,5810,,,33.78,22.92,6325,4,5530,4,,,,,
2026/08/24 09:31,2026-08-24T09:46:45+09:00,2026/08/24,2026/10/08,2026-10,CALL,70375,1095,,,28.49,27.95,970,1,930,1,,,,,
2026/08/24 09:31,2026-08-24T09:46:45+09:00,2026/08/24,2026/10/08,2026-10,PUT,70375,5720,,,33.95,23.11,6245,3,5440,3,,,,,
2026/08/24 09:31,2026-08-24T09:46:45+09:00,2026/08/24,2026/10/08,2026-10,CALL,70250,1120,,,28.31,28.05,985,1,965,3,,,,,
2026/08/24 09:31,2026-08-24T09:46:45+09:00,2026/08/24,2026/10/08,2026-10,PUT,70250,5625,,,33.79,24.75,6140,3,5450,1,,,,,
2026/08/24 09:31,2026-08-24T09:46:45+09:00,2026/08/24,2026/10/08,2026-10,CALL,70125,1160,,,28.52,27.74,1030,1,970,8,,,,,
2026/08/24 09:31,2026-08-24T09:46:45+09:00,2026/08/24,2026/10/08,2026-10,PUT,70125,5540,,,33.51,23.45,6025,3,5260,3,,,,,
2026/08/24 09:31,2026-08-24T09:46:45+09:00,2026/08/24,2026/10/08,2026-10,CALL,70000,1185,722,3,28.33,28.07,1045,27,1025,4,29.04,25,2.21,1155,08/21 22:17
2026/08/24 09:31,2026-08-24T09:46:45+09:00,2026/08/24,2026/10/08,2026-10,PUT,70000,5425,101,,33.35,27.22,5920,6,5435,8,,,,,
2026/08/24 09:31,2026-08-24T09:46:45+09:00,2026/08/24,2026/10/08,2026-10,CALL,69875,1230,,,28.65,27.81,1100,1,1035,1,,,,,
2026/08/24 09:31,2026-08-24T09:46:45+09:00,2026/08/24,2026/10/08,2026-10,PUT,69875,5355,,,33.55,24.35,5845,3,5125,3,,,,,
2026/08/24 09:31,2026-08-24T09:46:45+09:00,2026/08/24,2026/10/08,2026-10,CALL,69750,1255,1,,28.51,28.06,1120,19,1085,3,,,,,
2026/08/24 09:31,2026-08-24T09:46:45+09:00,2026/08/24,2026/10/08,2026-10,PUT,69750,5235,,,30.69,29.89,5520,1,5455,1,,,,,
2026/08/24 09:31,2026-08-24T09:46:45+09:00,2026/08/24,2026/10/08,2026-10,CALL,69625,1305,,,28.67,27.92,1165,1,1105,7,,,,,
2026/08/24 09:31,2026-08-24T09:46:45+09:00,2026/08/24,2026/10/08,2026-10,PUT,69625,5180,,,33.43,24.01,5655,3,4905,3,,,,,
2026/08/24 09:31,2026-08-24T09:46:45+09:00,2026/08/24,2026/10/08,2026-10,CALL,69500,1330,5,1,28.39,28.08,1175,18,1150,3,28.51,25,1.97,1295,08/24 09:09
2026/08/24 09:31,2026-08-24T09:46:45+09:00,2026/08/24,2026/10/08,2026-10,PUT,69500,5035,,,30.96,29.87,5360,1,5270,1,,,,,
2026/08/24 09:31,2026-08-24T09:46:45+09:00,2026/08/24,2026/10/08,2026-10,CALL,69375,1380,,,28.78,27.86,1240,1,1165,8,,,,,
2026/08/24 09:31,2026-08-24T09:46:45+09:00,2026/08/24,2026/10/08,2026-10,PUT,69375,5005,,,33.05,24.43,5445,3,4745,3,,,,,
2026/08/24 09:31,2026-08-24T09:46:45+09:00,2026/08/24,2026/10/08,2026-10,CALL,69250,1405,,2,28.42,28.12,1245,8,1220,3,28.64,-110,-8.06,1255,08/24 09:24
2026/08/24 09:31,2026-08-24T09:46:45+09:00,2026/08/24,2026/10/08,2026-10,PUT,69250,4865,,,30.78,29.88,5165,1,5090,1,,,,,
2026/08/24 09:31,2026-08-24T09:46:45+09:00,2026/08/24,2026/10/08,2026-10,CALL,69125,1460,,,28.85,27.94,1315,1,1240,1,,,,,
2026/08/24 09:31,2026-08-24T09:46:45+09:00,2026/08/24,2026/10/08,2026-10,PUT,69125,4840,,,33.05,25.16,5270,3,4615,3,,,,,
2026/08/24 09:31,2026-08-24T09:46:45+09:00,2026/08/24,2026/10/08,2026-10,CALL,69000,1485,1064,13,28.48,28.18,1320,23,1295,4,28.76,-80,-5.65,1335,08/24 09:24
2026/08/24 09:31,2026-08-24T09:46:45+09:00,2026/08/24,2026/10/08,2026-10,PUT,69000,4700,211,,30.68,29.85,4980,6,4910,8,,,,,
2026/08/24 09:31,2026-08-24T09:46:45+09:00,2026/08/24,2026/10/08,2026-10,CALL,68875,1540,,,28.82,27.99,1385,1,1315,1,,,,,
2026/08/24 09:31,2026-08-24T09:46:45+09:00,2026/08/24,2026/10/08,2026-10,PUT,68875,4670,,,32.91,24.96,5085,3,4415,3,,,,,
2026/08/24 09:31,2026-08-24T09:46:45+09:00,2026/08/24,2026/10/08,2026-10,CALL,68750,1575,,,28.5,28.21,1395,7,1370,3,,,,,
2026/08/24 09:31,2026-08-24T09:46:45+09:00,2026/08/24,2026/10/08,2026-10,PUT,68750,4540,,,30.61,29.91,4800,1,4740,1,,,,,
2026/08/24 09:31,2026-08-24T09:46:45+09:00,2026/08/24,2026/10/08,2026-10,CALL,68625,1620,,,28.88,28.06,1465,1,1395,7,,,,,
2026/08/24 09:31,2026-08-24T09:46:45+09:00,2026/08/24,2026/10/08,2026-10,PUT,68625,4475,,,32.63,25.86,4890,3,4310,4,,,,,
2026/08/24 09:31,2026-08-24T09:46:45+09:00,2026/08/24,2026/10/08,2026-10,CALL,68500,1660,202,,28.48,28.25,1470,1,1450,3,,,,,
2026/08/24 09:31,2026-08-24T09:46:45+09:00,2026/08/24,2026/10/08,2026-10,PUT,68500,4405,8,,30.68,29.82,4635,5,4560,8,,,,,
2026/08/24 09:31,2026-08-24T09:46:45+09:00,2026/08/24,2026/10/08,2026-10,CALL,68375,1720,3,,28.89,28.14,1545,1,1480,1,,,,,
2026/08/24 09:31,2026-08-24T09:46:45+09:00,2026/08/24,2026/10/08,2026-10,PUT,68375,4315,,,32.72,26.92,4730,3,4225,4,,,,,
2026/08/24 09:31,2026-08-24T09:46:45+09:00,2026/08/24,2026/10/08,2026-10,CALL,68250,1750,2,,28.83,28.26,1580,3,1530,3,,,,,
2026/08/24 09:31,2026-08-24T09:46:45+09:00,2026/08/24,2026/10/08,2026-10,PUT,68250,4255,,,30.71,29.86,4470,2,4395,3,,,,,
2026/08/24 09:31,2026-08-24T09:46:45+09:00,2026/08/24,2026/10/08,2026-10,CALL,68125,1810,13,,29.05,28.19,1640,1,1565,1,,,,,
2026/08/24 09:31,2026-08-24T09:46:45+09:00,2026/08/24,2026/10/08,2026-10,PUT,68125,4185,4,,33.22,28.25,4610,3,4170,4,,,,,
2026/08/24 09:31,2026-08-24T09:46:45+09:00,2026/08/24,2026/10/08,2026-10,CALL,68000,1845,593,2,28.68,28.34,1650,2,1620,2,29.29,160,9.58,1830,08/22 00:52
2026/08/24 09:31,2026-08-24T09:46:45+09:00,2026/08/24,2026/10/08,2026-10,PUT,68000,4080,541,,30.66,30.04,4300,2,4245,9,,,,,
2026/08/24 09:31,2026-08-24T09:46:45+09:00,2026/08/24,2026/10/08,2026-10,CALL,67875,1900,,,29.1,28.14,1730,6,1645,6,,,,,
2026/08/24 09:31,2026-08-24T09:46:45+09:00,2026/08/24,2026/10/08,2026-10,PUT,67875,4020,,,30.78,29.61,4230,4,4125,19,,,,,
2026/08/24 09:31,2026-08-24T09:46:45+09:00,2026/08/24,2026/10/08,2026-10,CALL,67750,1945,1,,28.89,28.39,1755,2,1710,2,,,,,
2026/08/24 09:31,2026-08-24T09:46:45+09:00,2026/08/24,2026/10/08,2026-10,PUT,67750,3940,9,,30.79,29.84,4150,5,4065,20,,,,,
2026/08/24 09:31,2026-08-24T09:46:45+09:00,2026/08/24,2026/10/08,2026-10,CALL,67625,2005,,,28.95,28.45,1805,6,1760,1,,,,,
2026/08/24 09:31,2026-08-24T09:46:45+09:00,2026/08/24,2026/10/08,2026-10,PUT,67625,3885,6,,30.89,29.78,4080,4,3980,19,,,,,
2026/08/24 09:31,2026-08-24T09:46:45+09:00,2026/08/24,2026/10/08,2026-10,CALL,67500,2055,110,2,28.89,28.45,1845,2,1805,2,29.3,,,1940,08/24 09:16
2026/08/24 09:31,2026-08-24T09:46:45+09:00,2026/08/24,2026/10/08,2026-10,PUT,67500,3790,41,,30.99,29.89,4010,6,3910,21,,,,,
2026/08/24 09:31,2026-08-24T09:46:45+09:00,2026/08/24,2026/10/08,2026-10,CALL,67375,2105,,,29.04,28.32,1905,26,1840,6,,,,,
2026/08/24 09:31,2026-08-24T09:46:45+09:00,2026/08/24,2026/10/08,2026-10,PUT,67375,3740,,,31.14,29.87,3945,4,3830,19,,,,,
2026/08/24 09:31,2026-08-24T09:46:45+09:00,2026/08/24,2026/10/08,2026-10,CALL,67250,2165,,,28.96,28.52,1945,2,1905,2,,,,,
2026/08/24 09:31,2026-08-24T09:46:45+09:00,2026/08/24,2026/10/08,2026-10,PUT,67250,3630,,,31.05,30.01,3860,5,3765,20,,,,,
2026/08/24 09:31,2026-08-24T09:46:45+09:00,2026/08/24,2026/10/08,2026-10,CALL,67125,2215,,1,29.1,28.49,2005,6,1950,6,29.32,,,2015,08/24 09:24
2026/08/24 09:31,2026-08-24T09:46:45+09:00,2026/08/24,2026/10/08,2026-10,PUT,67125,3585,,,31.17,29.97,3795,4,3685,19,,,,,
2026/08/24 09:31,2026-08-24T09:46:45+09:00,2026/08/24,2026/10/08,2026-10,CALL,67000,2260,380,,28.94,28.62,2040,2,2010,1,,,,,
2026/08/24 09:31,2026-08-24T09:46:45+09:00,2026/08/24,2026/10/08,2026-10,PUT,67000,3475,511,,31.23,30.09,3725,9,3620,24,,,,,
2026/08/24 09:31,2026-08-24T09:46:45+09:00,2026/08/24,2026/10/08,2026-10,CALL,66875,2330,12,,29.16,28.62,2110,6,2060,6,,,,,
2026/08/24 09:31,2026-08-24T09:46:45+09:00,2026/08/24,2026/10/08,2026-10,PUT,66875,3430,,,31.12,29.98,3640,4,3535,19,,,,,
2026/08/24 09:31,2026-08-24T09:46:45+09:00,2026/08/24,2026/10/08,2026-10,CALL,66750,2390,,,29.21,28.67,2165,6,2115,6,,,,,
2026/08/24 09:31,2026-08-24T09:46:45+09:00,2026/08/24,2026/10/08,2026-10,PUT,66750,3350,9,,31,30.08,3555,1,3470,20,,,,,
2026/08/24 09:31,2026-08-24T09:46:45+09:00,2026/08/24,2026/10/08,2026-10,CALL,66625,2450,,,29.25,28.65,2220,5,2165,5,,,,,
2026/08/24 09:31,2026-08-24T09:46:45+09:00,2026/08/24,2026/10/08,2026-10,PUT,66625,3285,,,31.15,30.06,3495,4,3395,19,,,,,
2026/08/24 09:31,2026-08-24T09:46:45+09:00,2026/08/24,2026/10/08,2026-10,CALL,66500,2505,,,29.17,28.79,2265,2,2230,2,,,,,
2026/08/24 09:31,2026-08-24T09:46:45+09:00,2026/08/24,2026/10/08,2026-10,PUT,66500,3235,91,2,31.17,30.3,3425,6,3345,21,30.19,45,1.37,3340,08/21 22:45
2026/08/24 09:31,2026-08-24T09:46:45+09:00,2026/08/24,2026/10/08,2026-10,CALL,66375,2565,1,,29.35,28.81,2335,5,2285,1,,,,,
2026/08/24 09:31,2026-08-24T09:46:45+09:00,2026/08/24,2026/10/08,2026-10,PUT,66375,3155,,,31.56,30,3390,19,3245,19,,,,,
2026/08/24 09:31,2026-08-24T09:46:45+09:00,2026/08/24,2026/10/08,2026-10,CALL,66250,2630,4,1,29.36,28.87,2390,12,2345,2,30.22,,,2735,08/21 20:38
2026/08/24 09:31,2026-08-24T09:46:45+09:00,2026/08/24,2026/10/08,2026-10,PUT,66250,3100,,,31.46,30.22,3310,5,3195,20,,,,,
2026/08/24 09:31,2026-08-24T09:46:45+09:00,2026/08/24,2026/10/08,2026-10,CALL,66125,2685,,,29.36,28.87,2445,5,2400,5,,,,,
2026/08/24 09:31,2026-08-24T09:46:45+09:00,2026/08/24,2026/10/08,2026-10,PUT,66125,3030,,,31.3,30.22,3225,5,3125,20,,,,,
2026/08/24 09:31,2026-08-24T09:46:45+09:00,2026/08/24,2026/10/08,2026-10,CALL,66000,2755,302,1,29.29,28.86,2495,2,2455,3,30.42,,,2610,08/21 22:52
2026/08/24 09:31,2026-08-24T09:46:45+09:00,2026/08/24,2026/10/08,2026-10,PUT,66000,2975,13,,31.39,30.48,3165,11,3080,3,,,,,
2026/08/24 09:31,2026-08-24T09:46:45+09:00,2026/08/24,2026/10/08,2026-10,CALL,65875,2815,,,29.49,29,2570,5,2525,1,,,,,
2026/08/24 09:31,2026-08-24T09:46:45+09:00,2026/08/24,2026/10/08,2026-10,PUT,65875,2910,,,31.26,30.67,3085,1,3030,25,,,,,
2026/08/24 09:31,2026-08-24T09:46:45+09:00,2026/08/24,2026/10/08,2026-10,CALL,65750,2885,1,,29.46,29.02,2625,2,2585,6,,,,,
2026/08/24 09:31,2026-08-24T09:46:45+09:00,2026/08/24,2026/10/08,2026-10,PUT,65750,2855,1,,31.29,30.75,3020,1,2970,26,,,,,
2026/08/24 09:31,2026-08-24T09:46:45+09:00,2026/08/24,2026/10/08,2026-10,CALL,65625,2945,,,29.52,28.98,2690,5,2640,1,,,,,
2026/08/24 09:31,2026-08-24T09:46:45+09:00,2026/08/24,2026/10/08,2026-10,PUT,65625,2795,,,31.36,30.76,2960,1,2905,25,,,,,
2026/08/24 09:31,2026-08-24T09:46:45+09:00,2026/08/24,2026/10/08,2026-10,CALL,65500,3010,180,1,29.64,29.1,2760,28,2710,1,30.75,20,0.67,2990,08/21 22:28
2026/08/24 09:31,2026-08-24T09:46:45+09:00,2026/08/24,2026/10/08,2026-10,PUT,65500,2740,184,,31.42,30.82,2900,7,2845,48,,,,,
2026/08/24 09:31,2026-08-24T09:46:45+09:00,2026/08/24,2026/10/08,2026-10,CALL,65375,3075,,,29.74,29.04,2830,25,2765,5,,,,,
2026/08/24 09:31,2026-08-24T09:46:45+09:00,2026/08/24,2026/10/08,2026-10,PUT,65375,2690,231,,31.47,30.87,2840,5,2785,25,,,,,
2026/08/24 09:31,2026-08-24T09:46:45+09:00,2026/08/24,2026/10/08,2026-10,CALL,65250,3140,1,,29.56,29.24,2875,1,2845,1,,,,,
2026/08/24 09:31,2026-08-24T09:46:45+09:00,2026/08/24,2026/10/08,2026-10,PUT,65250,2635,9,,31.46,30.97,2775,1,2730,2,,,,,
2026/08/24 09:31,2026-08-24T09:46:45+09:00,2026/08/24,2026/10/08,2026-10,CALL,65125,3215,,,29.75,29.26,2955,5,2910,5,,,,,
2026/08/24 09:31,2026-08-24T09:46:45+09:00,2026/08/24,2026/10/08,2026-10,PUT,65125,2580,,,31.54,31.05,2720,1,2675,5,,,,,
2026/08/24 09:31,2026-08-24T09:46:45+09:00,2026/08/24,2026/10/08,2026-10,CALL,65000,3275,100,,29.66,29.23,3010,2,2970,3,,,,,
2026/08/24 09:31,2026-08-24T09:46:45+09:00,2026/08/24,2026/10/08,2026-10,PUT,65000,2510,1465,1,31.57,31.08,2660,2,2615,11,30.96,-260,-9.89,2370,08/21 20:29
2026/08/24 09:31,2026-08-24T09:46:45+09:00,2026/08/24,2026/10/08,2026-10,CALL,64875,3360,,,29.94,29.35,3100,25,3045,4,,,,,
2026/08/24 09:31,2026-08-24T09:46:45+09:00,2026/08/24,2026/10/08,2026-10,PUT,64875,2475,,,31.69,31.09,2610,5,2555,25,,,,,
2026/08/24 09:31,2026-08-24T09:46:45+09:00,2026/08/24,2026/10/08,2026-10,CALL,64750,3430,,,29.95,29.45,3165,2,3120,1,,,,,
2026/08/24 09:31,2026-08-24T09:46:45+09:00,2026/08/24,2026/10/08,2026-10,PUT,64750,2420,3,,31.69,31.15,2550,1,2500,6,,,,,
2026/08/24 09:31,2026-08-24T09:46:45+09:00,2026/08/24,2026/10/08,2026-10,CALL,64625,3505,,,29.94,29.44,3230,5,3185,5,,,,,
2026/08/24 09:31,2026-08-24T09:46:45+09:00,2026/08/24,2026/10/08,2026-10,PUT,64625,2375,,,31.74,31.25,2495,1,2450,5,,,,,
2026/08/24 09:31,2026-08-24T09:46:45+09:00,2026/08/24,2026/10/08,2026-10,CALL,64500,3580,,,30.08,29.48,3310,2,3255,8,,,,,
2026/08/24 09:31,2026-08-24T09:46:45+09:00,2026/08/24,2026/10/08,2026-10,PUT,64500,2320,234,,31.89,31.29,2450,1,2395,48,,,,,
2026/08/24 09:31,2026-08-24T09:46:45+09:00,2026/08/24,2026/10/08,2026-10,CALL,64375,3650,,,30.49,29.28,3415,19,3305,4,,,,,
2026/08/24 09:31,2026-08-24T09:46:45+09:00,2026/08/24,2026/10/08,2026-10,PUT,64375,2275,,,31.87,31.38,2390,1,2345,5,,,,,
2026/08/24 09:31,2026-08-24T09:46:45+09:00,2026/08/24,2026/10/08,2026-10,CALL,64250,3720,,3,30.57,29.51,3490,20,3395,5,31.44,,,3685,08/21 22:17
2026/08/24 09:31,2026-08-24T09:46:45+09:00,2026/08/24,2026/10/08,2026-10,PUT,64250,2225,7,1,31.95,31.4,2340,5,2290,6,31.4,-140,-6.01,2190,08/22 00:41
2026/08/24 09:31,2026-08-24T09:46:45+09:00,2026/08/24,2026/10/08,2026-10,CALL,64125,3800,,,30.69,29.4,3570,19,3455,4,,,,,
2026/08/24 09:31,2026-08-24T09:46:45+09:00,2026/08/24,2026/10/08,2026-10,PUT,64125,2180,,,32.02,31.41,2290,4,2235,45,,,,,
2026/08/24 09:31,2026-08-24T09:46:45+09:00,2026/08/24,2026/10/08,2026-10,CALL,64000,3875,31,,30.91,29.68,3660,24,3550,9,,,,,
2026/08/24 09:31,2026-08-24T09:46:45+09:00,2026/08/24,2026/10/08,2026-10,PUT,64000,2130,1140,4,32.14,31.58,2245,16,2195,11,31.22,0,0,2225,08/24 09:27
2026/08/24 09:31,2026-08-24T09:46:45+09:00,2026/08/24,2026/10/08,2026-10,CALL,63875,3955,50,1,30.9,29.44,3730,19,3600,4,31.49,,,3965,08/21 19:08
2026/08/24 09:31,2026-08-24T09:46:45+09:00,2026/08/24,2026/10/08,2026-10,PUT,63875,2095,55,,32.13,31.57,2190,1,2140,5,,,,,
2026/08/24 09:31,2026-08-24T09:46:45+09:00,2026/08/24,2026/10/08,2026-10,CALL,63750,4050,,,30.77,29.75,3790,5,3700,5,,,,,
2026/08/24 09:31,2026-08-24T09:46:45+09:00,2026/08/24,2026/10/08,2026-10,PUT,63750,2030,,,32.29,31.73,2150,2,2100,6,,,,,
2026/08/24 09:31,2026-08-24T09:46:45+09:00,2026/08/24,2026/10/08,2026-10,CALL,63625,4115,,1,30.96,29.77,3880,19,3775,4,31.74,,,4100,08/21 22:28
2026/08/24 09:31,2026-08-24T09:46:45+09:00,2026/08/24,2026/10/08,2026-10,PUT,63625,2005,6,,32.32,31.7,2100,5,2045,25,,,,,
2026/08/24 09:31,2026-08-24T09:46:45+09:00,2026/08/24,2026/10/08,2026-10,CALL,63500,4205,,,31.04,29.84,3960,21,3855,6,,,,,
2026/08/24 09:31,2026-08-24T09:46:45+09:00,2026/08/24,2026/10/08,2026-10,PUT,63500,1945,2,,32.41,31.78,2055,1,2000,48,,,,,
2026/08/24 09:31,2026-08-24T09:46:45+09:00,2026/08/24,2026/10/08,2026-10,CALL,63375,4270,,,30.99,29.66,4030,19,3915,4,,,,,
2026/08/24 09:31,2026-08-24T09:46:45+09:00,2026/08/24,2026/10/08,2026-10,PUT,63375,1910,,,32.42,31.85,2005,1,1955,6,,,,,
2026/08/24 09:31,2026-08-24T09:46:45+09:00,2026/08/24,2026/10/08,2026-10,CALL,63250,4370,,,31.27,29.94,4130,20,4015,5,,,,,
2026/08/24 09:31,2026-08-24T09:46:45+09:00,2026/08/24,2026/10/08,2026-10,PUT,63250,1855,,,32.54,31.97,1965,6,1915,7,,,,,
2026/08/24 09:31,2026-08-24T09:46:45+09:00,2026/08/24,2026/10/08,2026-10,CALL,63125,4450,,,34.68,27.81,4500,3,3910,3,,,,,
2026/08/24 09:31,2026-08-24T09:46:45+09:00,2026/08/24,2026/10/08,2026-10,PUT,63125,1835,,,32.72,31.96,1930,6,1865,6,,,,,
2026/08/24 09:31,2026-08-24T09:46:45+09:00,2026/08/24,2026/10/08,2026-10,CALL,63000,4535,4,,31.07,29.83,4265,9,4160,9,,,,,
2026/08/24 09:31,2026-08-24T09:46:45+09:00,2026/08/24,2026/10/08,2026-10,PUT,63000,1770,419,,32.65,32.12,1875,2,1830,54,,,,,
2026/08/24 09:31,2026-08-24T09:46:45+09:00,2026/08/24,2026/10/08,2026-10,CALL,62875,4620,,,34.27,27.76,4615,3,4065,3,,,,,
2026/08/24 09:31,2026-08-24T09:46:45+09:00,2026/08/24,2026/10/08,2026-10,PUT,62875,1760,6,,32.86,32.16,1845,5,1785,6,,,,,
2026/08/24 09:31,2026-08-24T09:46:45+09:00,2026/08/24,2026/10/08,2026-10,CALL,62750,4710,,,31.11,30.16,4425,6,4345,6,,,,,
2026/08/24 09:31,2026-08-24T09:46:45+09:00,2026/08/24,2026/10/08,2026-10,PUT,62750,1700,,,32.83,32.36,1795,6,1755,15,,,,,
2026/08/24 09:31,2026-08-24T09:46:45+09:00,2026/08/24,2026/10/08,2026-10,CALL,62625,4775,,1,34.57,27.97,4795,3,4245,3,32.4,,,4775,08/21 22:28
2026/08/24 09:31,2026-08-24T09:46:45+09:00,2026/08/24,2026/10/08,2026-10,PUT,62625,1665,,,33.33,32.02,1790,6,1680,21,,,,,
2026/08/24 09:31,2026-08-24T09:46:45+09:00,2026/08/24,2026/10/08,2026-10,CALL,62500,4885,,1,31.36,30.27,4605,8,4515,3,32.35,,,4890,08/21 19:08
2026/08/24 09:31,2026-08-24T09:46:45+09:00,2026/08/24,2026/10/08,2026-10,PUT,62500,1620,554,,33.1,32.5,1725,10,1675,10,,,,,
2026/08/24 09:31,2026-08-24T09:46:45+09:00,2026/08/24,2026/10/08,2026-10,CALL,62375,4965,,,35.63,27.76,5040,3,4395,3,,,,,
2026/08/24 09:31,2026-08-24T09:46:45+09:00,2026/08/24,2026/10/08,2026-10,PUT,62375,1605,6,,33.11,32.32,1680,1,1615,21,,,,,
2026/08/24 09:31,2026-08-24T09:46:45+09:00,2026/08/24,2026/10/08,2026-10,CALL,62250,5060,,,31.39,30.34,4770,1,4685,1,,,,,
2026/08/24 09:31,2026-08-24T09:46:45+09:00,2026/08/24,2026/10/08,2026-10,PUT,62250,1550,1,,33.1,32.67,1635,1,1600,20,,,,,
2026/08/24 09:31,2026-08-24T09:46:45+09:00,2026/08/24,2026/10/08,2026-10,CALL,62125,5145,,,35.1,27.76,5155,3,4565,3,,,,,
2026/08/24 09:31,2026-08-24T09:46:45+09:00,2026/08/24,2026/10/08,2026-10,PUT,62125,1535,,,33.39,32.41,1615,1,1535,22,,,,,
2026/08/24 09:31,2026-08-24T09:46:45+09:00,2026/08/24,2026/10/08,2026-10,CALL,62000,5245,29,,31.63,30.49,4955,12,4865,2,,,,,
2026/08/24 09:31,2026-08-24T09:46:45+09:00,2026/08/24,2026/10/08,2026-10,PUT,62000,1485,887,6,33.37,32.87,1570,27,1530,30,32.45,-75,-4.97,1435,08/24 09:12
2026/08/24 09:31,2026-08-24T09:46:45+09:00,2026/08/24,2026/10/08,2026-10,CALL,61875,5330,,,35.45,27.77,5345,3,4740,3,,,,,
2026/08/24 09:31,2026-08-24T09:46:45+09:00,2026/08/24,2026/10/08,2026-10,PUT,61875,1470,6,,33.52,32.58,1540,1,1465,22,,,,,
2026/08/24 09:31,2026-08-24T09:46:45+09:00,2026/08/24,2026/10/08,2026-10,CALL,61750,5430,,,31.64,30.61,5125,1,5045,1,,,,,
2026/08/24 09:31,2026-08-24T09:46:45+09:00,2026/08/24,2026/10/08,2026-10,PUT,61750,1420,,,33.48,33.04,1495,7,1460,16,,,,,
2026/08/24 09:31,2026-08-24T09:46:45+09:00,2026/08/24,2026/10/08,2026-10,CALL,61625,5510,,,36.57,27.6,5600,3,4905,3,,,,,
2026/08/24 09:31,2026-08-24T09:46:45+09:00,2026/08/24,2026/10/08,2026-10,PUT,61625,1400,,,33.75,32.79,1475,1,1400,7,,,,,
2026/08/24 09:31,2026-08-24T09:46:45+09:00,2026/08/24,2026/10/08,2026-10,CALL,61500,5610,,,31.81,30.76,5310,1,5230,1,,,,,
2026/08/24 09:31,2026-08-24T09:46:45+09:00,2026/08/24,2026/10/08,2026-10,PUT,61500,1355,4,,33.69,33.24,1430,10,1395,26,,,,,
2026/08/24 09:31,2026-08-24T09:46:45+09:00,2026/08/24,2026/10/08,2026-10,CALL,61375,5700,,,36.05,27.52,5725,3,5080,3,,,,,
2026/08/24 09:31,2026-08-24T09:46:45+09:00,2026/08/24,2026/10/08,2026-10,PUT,61375,1340,,,33.87,32.96,1405,1,1335,7,,,,,
2026/08/24 09:31,2026-08-24T09:46:45+09:00,2026/08/24,2026/10/08,2026-10,CALL,61250,5805,,,32.01,30.87,5500,1,5415,1,,,,,
2026/08/24 09:31,2026-08-24T09:46:45+09:00,2026/08/24,2026/10/08,2026-10,PUT,61250,1290,,,33.86,33.47,1365,7,1335,20,,,,,
2026/08/24 09:31,2026-08-24T09:46:45+09:00,2026/08/24,2026/10/08,2026-10,CALL,61125,5890,,,36.38,27.66,5920,3,5275,3,,,,,
2026/08/24 09:31,2026-08-24T09:46:45+09:00,2026/08/24,2026/10/08,2026-10,PUT,61125,1260,7,,34.1,33.17,1345,1,1275,7,,,,,
2026/08/24 09:31,2026-08-24T09:46:45+09:00,2026/08/24,2026/10/08,2026-10,CALL,61000,5995,201,,37.54,27.46,6095,6,5355,6,,,,,
2026/08/24 09:31,2026-08-24T09:46:45+09:00,2026/08/24,2026/10/08,2026-10,PUT,61000,1225,540,2,34,33.6,1300,2,1270,30,33.33,65,5.31,1290,08/24 09:27
2026/08/24 09:31,2026-08-24T09:46:45+09:00,2026/08/24,2026/10/08,2026-10,CALL,60875,6085,,,36.36,27.62,6090,3,5460,3,,,,,
2026/08/24 09:31,2026-08-24T09:46:45+09:00,2026/08/24,2026/10/08,2026-10,PUT,60875,1230,7,,34.29,33.35,1285,1,1215,8,,,,,
2026/08/24 09:31,2026-08-24T09:46:45+09:00,2026/08/24,2026/10/08,2026-10,CALL,60750,6190,,,38.57,27.39,6345,3,5540,3,,,,,
2026/08/24 09:31,2026-08-24T09:46:45+09:00,2026/08/24,2026/10/08,2026-10,PUT,60750,1180,48,,34.24,33.76,1245,8,1210,22,,,,,
2026/08/24 09:31,2026-08-24T09:46:45+09:00,2026/08/24,2026/10/08,2026-10,CALL,60625,6280,,,36.49,27.29,6275,3,5630,3,,,,,
2026/08/24 09:31,2026-08-24T09:46:45+09:00,2026/08/24,2026/10/08,2026-10,PUT,60625,1135,,,34.59,33.49,1235,1,1155,8,,,,,
2026/08/24 09:31,2026-08-24T09:46:45+09:00,2026/08/24,2026/10/08,2026-10,CALL,60500,6385,100,,37.26,27.18,6420,4,5720,4,,,,,
2026/08/24 09:31,2026-08-24T09:46:45+09:00,2026/08/24,2026/10/08,2026-10,PUT,60500,1115,134,,34.46,33.97,1190,1,1155,13,,,,,
2026/08/24 09:31,2026-08-24T09:46:45+09:00,2026/08/24,2026/10/08,2026-10,CALL,60375,6480,,,37.28,27.05,6510,3,5810,3,,,,,
2026/08/24 09:31,2026-08-24T09:46:45+09:00,2026/08/24,2026/10/08,2026-10,PUT,60375,1125,300,,34.52,33.6,1160,1,1095,23,,,,,
2026/08/24 09:31,2026-08-24T09:46:45+09:00,2026/08/24,2026/10/08,2026-10,CALL,60250,6580,,,39.27,27.14,6745,3,5915,3,,,,,
2026/08/24 09:31,2026-08-24T09:46:45+09:00,2026/08/24,2026/10/08,2026-10,PUT,60250,1075,4,,34.64,34.14,1135,1,1100,3,,,,,
2026/08/24 09:31,2026-08-24T09:46:45+09:00,2026/08/24,2026/10/08,2026-10,CALL,60125,6680,,,39.57,27.4,6855,3,6030,3,,,,,
2026/08/24 09:31,2026-08-24T09:46:45+09:00,2026/08/24,2026/10/08,2026-10,PUT,60125,1050,,,34.9,33.89,1120,1,1050,8,,,,,
2026/08/24 09:31,2026-08-24T09:46:45+09:00,2026/08/24,2026/10/08,2026-10,CALL,60000,6780,1,,37.86,27.05,6820,6,6110,6,,,,,
2026/08/24 09:31,2026-08-24T09:46:45+09:00,2026/08/24,2026/10/08,2026-10,PUT,60000,1030,2272,,34.86,34.57,1085,31,1065,2,,,,,
2026/08/24 09:31,2026-08-24T09:46:45+09:00,2026/08/24,2026/10/08,2026-10,CALL,59875,6875,,,39.05,27.03,6995,3,6210,3,,,,,
2026/08/24 09:31,2026-08-24T09:46:45+09:00,2026/08/24,2026/10/08,2026-10,PUT,59875,1020,,,35.04,34.08,1065,8,1000,8,,,,,
2026/08/24 09:31,2026-08-24T09:46:45+09:00,2026/08/24,2026/10/08,2026-10,CALL,59750,6990,,,37.98,26.9,7010,3,6305,3,,,,,
2026/08/24 09:31,2026-08-24T09:46:45+09:00,2026/08/24,2026/10/08,2026-10,PUT,59750,965,6,,34.99,34.61,1030,1,1005,20,,,,,
2026/08/24 09:31,2026-08-24T09:46:45+09:00,2026/08/24,2026/10/08,2026-10,CALL,59625,7075,,,38.17,26.85,7115,3,6405,3,,,,,
2026/08/24 09:31,2026-08-24T09:46:45+09:00,2026/08/24,2026/10/08,2026-10,PUT,59625,960,11,,35.22,34.54,1015,8,970,1,,,,,
2026/08/24 09:31,2026-08-24T09:46:45+09:00,2026/08/24,2026/10/08,2026-10,CALL,59500,7195,,,40.72,26.97,7385,4,6515,4,,,,,
2026/08/24 09:31,2026-08-24T09:46:45+09:00,2026/08/24,2026/10/08,2026-10,PUT,59500,940,43,,35.22,34.84,985,1,960,28,,,,,
2026/08/24 09:31,2026-08-24T09:46:45+09:00,2026/08/24,2026/10/08,2026-10,CALL,59375,7295,,,40.86,26.98,7485,3,6620,3,,,,,
2026/08/24 09:31,2026-08-24T09:46:45+09:00,2026/08/24,2026/10/08,2026-10,PUT,59375,940,,,35.37,34.67,965,1,920,1,,,,,
2026/08/24 09:31,2026-08-24T09:46:45+09:00,2026/08/24,2026/10/08,2026-10,CALL,59250,7400,,,40.11,26.58,7525,3,6705,3,,,,,
2026/08/24 09:31,2026-08-24T09:46:45+09:00,2026/08/24,2026/10/08,2026-10,PUT,59250,885,114,,35.44,35.04,940,1,915,20,,,,,
2026/08/24 09:31,2026-08-24T09:46:45+09:00,2026/08/24,2026/10/08,2026-10,CALL,59125,7510,,,40.29,26.46,7630,3,6805,3,,,,,
2026/08/24 09:31,2026-08-24T09:46:45+09:00,2026/08/24,2026/10/08,2026-10,PUT,59125,865,24,,35.65,34.85,925,10,875,2,,,,,
2026/08/24 09:31,2026-08-24T09:46:45+09:00,2026/08/24,2026/10/08,2026-10,CALL,59000,7610,,,41.65,26.63,7815,6,6920,6,,,,,
2026/08/24 09:31,2026-08-24T09:46:45+09:00,2026/08/24,2026/10/08,2026-10,PUT,59000,850,152,,35.7,35.3,900,20,875,41,,,,,
2026/08/24 09:31,2026-08-24T09:46:45+09:00,2026/08/24,2026/10/08,2026-10,CALL,58875,7710,,,39.21,26.25,7745,3,7010,3,,,,,
2026/08/24 09:31,2026-08-24T09:46:45+09:00,2026/08/24,2026/10/08,2026-10,PUT,58875,855,1,,35.9,35.17,885,8,840,2,,,,,
2026/08/24 09:31,2026-08-24T09:46:45+09:00,2026/08/24,2026/10/08,2026-10,CALL,58750,7820,,,39.36,26.51,7850,3,7130,3,,,,,
2026/08/24 09:31,2026-08-24T09:46:45+09:00,2026/08/24,2026/10/08,2026-10,PUT,58750,815,13,,35.93,35.52,860,2,835,24,,,,,
2026/08/24 09:31,2026-08-24T09:46:45+09:00,2026/08/24,2026/10/08,2026-10,CALL,58625,7925,,,42.27,26.43,8135,3,7235,3,,,,,
2026/08/24 09:31,2026-08-24T09:46:45+09:00,2026/08/24,2026/10/08,2026-10,PUT,58625,795,10,,36.13,35.37,845,2,800,2,,,,,
2026/08/24 09:31,2026-08-24T09:46:45+09:00,2026/08/24,2026/10/08,2026-10,CALL,58500,8035,,,41.37,25.84,8170,4,7320,4,,,,,
2026/08/24 09:31,2026-08-24T09:46:45+09:00,2026/08/24,2026/10/08,2026-10,PUT,58500,780,148,,36.14,35.72,820,3,795,36,,,,,
2026/08/24 09:31,2026-08-24T09:46:45+09:00,2026/08/24,2026/10/08,2026-10,CALL,58375,8135,,,41.45,25.69,8270,3,7425,3,,,,,
2026/08/24 09:31,2026-08-24T09:46:45+09:00,2026/08/24,2026/10/08,2026-10,PUT,58375,780,441,,36.24,35.63,800,2,765,2,,,,,
2026/08/24 09:31,2026-08-24T09:46:45+09:00,2026/08/24,2026/10/08,2026-10,CALL,58250,8245,,,40.17,25.52,8285,3,7530,3,,,,,
2026/08/24 09:31,2026-08-24T09:46:45+09:00,2026/08/24,2026/10/08,2026-10,PUT,58250,745,36,,36.41,35.97,785,2,760,25,,,,,
2026/08/24 09:31,2026-08-24T09:46:45+09:00,2026/08/24,2026/10/08,2026-10,CALL,58000,8465,,,42.28,24.95,8610,6,7735,6,,,,,
2026/08/24 09:31,2026-08-24T09:46:45+09:00,2026/08/24,2026/10/08,2026-10,PUT,58000,710,1429,,36.56,36.29,745,4,730,2,,,,,
2026/08/24 09:31,2026-08-24T09:46:45+09:00,2026/08/24,2026/10/08,2026-10,CALL,57750,8685,,,43.93,25.32,8905,3,7975,3,,,,,
2026/08/24 09:31,2026-08-24T09:46:45+09:00,2026/08/24,2026/10/08,2026-10,PUT,57750,685,44,,36.87,36.5,715,3,695,25,,,,,
2026/08/24 09:31,2026-08-24T09:46:45+09:00,2026/08/24,2026/10/08,2026-10,CALL,57500,8900,,,41.45,23.75,8950,4,8160,4,,,,,
2026/08/24 09:31,2026-08-24T09:46:45+09:00,2026/08/24,2026/10/08,2026-10,PUT,57500,645,278,,37.15,36.77,685,4,665,5,,,,,
2026/08/24 09:31,2026-08-24T09:46:45+09:00,2026/08/24,2026/10/08,2026-10,CALL,57250,9125,,,41.81,24.18,9170,3,8405,3,,,,,
2026/08/24 09:31,2026-08-24T09:46:45+09:00,2026/08/24,2026/10/08,2026-10,PUT,57250,620,39,,37.41,37.02,655,3,635,24,,,,,
2026/08/24 09:31,2026-08-24T09:46:45+09:00,2026/08/24,2026/10/08,2026-10,CALL,57000,9345,1,,42.34,22.24,9400,6,8600,6,,,,,
2026/08/24 09:31,2026-08-24T09:46:45+09:00,2026/08/24,2026/10/08,2026-10,PUT,57000,590,426,2,37.64,37.34,625,21,610,12,37.06,-15,-2.54,575,08/24 09:17
2026/08/24 09:31,2026-08-24T09:46:45+09:00,2026/08/24,2026/10/08,2026-10,CALL,56750,9565,,,42.86,21.6,9630,3,8830,3,,,,,
2026/08/24 09:31,2026-08-24T09:46:45+09:00,2026/08/24,2026/10/08,2026-10,PUT,56750,565,53,,37.85,37.54,595,2,580,25,,,,,
2026/08/24 09:31,2026-08-24T09:46:45+09:00,2026/08/24,2026/10/08,2026-10,CALL,56500,9795,,,44.46,18.98,9920,4,9045,4,,,,,
2026/08/24 09:31,2026-08-24T09:46:45+09:00,2026/08/24,2026/10/08,2026-10,PUT,56500,540,142,,38.14,37.82,570,4,555,6,,,,,
2026/08/24 09:31,2026-08-24T09:46:45+09:00,2026/08/24,2026/10/08,2026-10,CALL,56250,10020,,,47.05,18.74,10265,3,9290,3,,,,,
2026/08/24 09:31,2026-08-24T09:46:45+09:00,2026/08/24,2026/10/08,2026-10,PUT,56250,525,25,2,38.4,38.08,545,3,530,10,38.41,,,515,08/21 17:29
2026/08/24 09:31,2026-08-24T09:46:45+09:00,2026/08/24,2026/10/08,2026-10,CALL,56000,10245,,,44.05,,10305,6,9510,6,,,,,
2026/08/24 09:31,2026-08-24T09:46:45+09:00,2026/08/24,2026/10/08,2026-10,PUT,56000,505,326,3,38.76,38.42,525,25,510,2,38.76,-45,-8.41,490,08/21 21:53
2026/08/24 09:31,2026-08-24T09:46:45+09:00,2026/08/24,2026/10/08,2026-10,CALL,55750,10475,,,45.87,,10605,3,9655,3,,,,,
2026/08/24 09:31,2026-08-24T09:46:45+09:00,2026/08/24,2026/10/08,2026-10,PUT,55750,485,43,,38.98,38.63,500,3,485,11,,,,,
2026/08/24 09:31,2026-08-24T09:46:45+09:00,2026/08/24,2026/10/08,2026-10,CALL,55500,10700,,,45.76,,10805,4,9895,4,,,,,
2026/08/24 09:31,2026-08-24T09:46:45+09:00,2026/08/24,2026/10/08,2026-10,PUT,55500,465,251,,39.29,38.81,480,4,460,39,,,,,
2026/08/24 09:31,2026-08-24T09:46:45+09:00,2026/08/24,2026/10/08,2026-10,CALL,55250,10930,,,45.09,,10980,3,10135,3,,,,,
2026/08/24 09:31,2026-08-24T09:46:45+09:00,2026/08/24,2026/10/08,2026-10,PUT,55250,445,39,,39.59,39.22,460,3,445,30,,,,,
2026/08/24 09:31,2026-08-24T09:46:45+09:00,2026/08/24,2026/10/08,2026-10,CALL,55000,11165,4,,,,,,,,,,,,
2026/08/24 09:31,2026-08-24T09:46:45+09:00,2026/08/24,2026/10/08,2026-10,PUT,55000,425,1938,3,39.86,39.61,440,6,430,2,39.73,-65,-13.27,425,08/22 01:39
2026/08/24 09:31,2026-08-24T09:46:45+09:00,2026/08/24,2026/10/08,2026-10,CALL,54750,11395,,,,,,,,,,,,,
2026/08/24 09:31,2026-08-24T09:46:45+09:00,2026/08/24,2026/10/08,2026-10,PUT,54750,410,5,,40.25,39.85,425,12,410,5,,,,,
2026/08/24 09:31,2026-08-24T09:46:45+09:00,2026/08/24,2026/10/08,2026-10,CALL,54500,11630,,,,,,,,,,,,,
2026/08/24 09:31,2026-08-24T09:46:45+09:00,2026/08/24,2026/10/08,2026-10,PUT,54500,395,584,,40.48,40.21,405,4,395,6,,,,,
2026/08/24 09:31,2026-08-24T09:46:45+09:00,2026/08/24,2026/10/08,2026-10,CALL,54250,11865,,,,,,,,,,,,,
2026/08/24 09:31,2026-08-24T09:46:45+09:00,2026/08/24,2026/10/08,2026-10,PUT,54250,380,35,,40.83,40.41,390,12,375,19,,,,,
2026/08/24 09:31,2026-08-24T09:46:45+09:00,2026/08/24,2026/10/08,2026-10,CALL,54000,12100,,,,,,,,,,,,,
2026/08/24 09:31,2026-08-24T09:46:45+09:00,2026/08/24,2026/10/08,2026-10,PUT,54000,365,414,,41.16,40.73,375,24,360,46,,,,,
2026/08/24 09:31,2026-08-24T09:46:45+09:00,2026/08/24,2026/10/08,2026-10,CALL,53750,12335,,,,,,,,,,,,,
2026/08/24 09:31,2026-08-24T09:46:45+09:00,2026/08/24,2026/10/08,2026-10,PUT,53750,350,2,,41.48,41.03,360,12,345,14,,,,,
2026/08/24 09:31,2026-08-24T09:46:45+09:00,2026/08/24,2026/10/08,2026-10,CALL,53500,12570,,,,,,,,,,,,,
2026/08/24 09:31,2026-08-24T09:46:45+09:00,2026/08/24,2026/10/08,2026-10,PUT,53500,335,135,,41.78,41.47,345,17,335,6,,,,,
2026/08/24 09:31,2026-08-24T09:46:45+09:00,2026/08/24,2026/10/08,2026-10,CALL,53250,12805,,,,,,,,,,,,,
2026/08/24 09:31,2026-08-24T09:46:45+09:00,2026/08/24,2026/10/08,2026-10,PUT,53250,330,4,,42.06,41.74,330,3,320,2,,,,,
2026/08/24 09:31,2026-08-24T09:46:45+09:00,2026/08/24,2026/10/08,2026-10,CALL,53000,13040,34,,,,,,,,,,,,
2026/08/24 09:31,2026-08-24T09:46:45+09:00,2026/08/24,2026/10/08,2026-10,PUT,53000,310,1191,2,42.48,42.15,320,42,310,2,42.5,-20,-5.97,315,08/21 22:51
2026/08/24 09:31,2026-08-24T09:46:45+09:00,2026/08/24,2026/10/08,2026-10,CALL,52750,13280,,,,,,,,,,,,,
2026/08/24 09:31,2026-08-24T09:46:45+09:00,2026/08/24,2026/10/08,2026-10,PUT,52750,299,42,,42.72,42.18,305,3,289,14,,,,,
2026/08/24 09:31,2026-08-24T09:46:45+09:00,2026/08/24,2026/10/08,2026-10,CALL,52500,13515,,,,,,,,,,,,,
2026/08/24 09:31,2026-08-24T09:46:45+09:00,2026/08/24,2026/10/08,2026-10,PUT,52500,293,152,,43.05,42.56,293,4,279,21,,,,,
2026/08/24 09:31,2026-08-24T09:46:45+09:00,2026/08/24,2026/10/08,2026-10,CALL,52250,13755,,,,,,,,,,,,,
2026/08/24 09:31,2026-08-24T09:46:45+09:00,2026/08/24,2026/10/08,2026-10,PUT,52250,281,45,,43.43,42.81,283,3,266,14,,,,,
2026/08/24 09:31,2026-08-24T09:46:45+09:00,2026/08/24,2026/10/08,2026-10,CALL,52000,13995,,,,,,,,,,,,,
2026/08/24 09:31,2026-08-24T09:46:45+09:00,2026/08/24,2026/10/08,2026-10,PUT,52000,273,439,1,43.91,43.2,276,26,257,30,43.52,-65,-20.63,250,08/21 17:10
2026/08/24 09:31,2026-08-24T09:46:45+09:00,2026/08/24,2026/10/08,2026-10,CALL,51750,14235,,,,,,,,,,,,,
2026/08/24 09:31,2026-08-24T09:46:45+09:00,2026/08/24,2026/10/08,2026-10,PUT,51750,263,60,,44.38,43.57,269,19,248,18,,,,,
2026/08/24 09:31,2026-08-24T09:46:45+09:00,2026/08/24,2026/10/08,2026-10,CALL,51500,14475,,,,,,,,,,,,,
2026/08/24 09:31,2026-08-24T09:46:45+09:00,2026/08/24,2026/10/08,2026-10,PUT,51500,247,200,2,44.68,43.98,258,23,240,27,44.71,11,4.45,258,08/21 22:34
2026/08/24 09:31,2026-08-24T09:46:45+09:00,2026/08/24,2026/10/08,2026-10,CALL,51250,14715,,,,,,,,,,,,,
2026/08/24 09:31,2026-08-24T09:46:45+09:00,2026/08/24,2026/10/08,2026-10,PUT,51250,239,44,4,44.97,44.24,247,16,229,20,44.28,-4,-1.67,235,08/24 09:22
2026/08/24 09:31,2026-08-24T09:46:45+09:00,2026/08/24,2026/10/08,2026-10,CALL,51000,14960,,,,,,,,,,,,,
2026/08/24 09:31,2026-08-24T09:46:45+09:00,2026/08/24,2026/10/08,2026-10,PUT,51000,232,342,1,45.16,44.66,234,8,222,34,45.45,13,5.6,245,08/21 23:14
2026/08/24 09:31,2026-08-24T09:46:45+09:00,2026/08/24,2026/10/08,2026-10,CALL,50750,15200,,,,,,,,,,,,,
2026/08/24 09:31,2026-08-24T09:46:45+09:00,2026/08/24,2026/10/08,2026-10,PUT,50750,230,44,,45.8,45.02,232,17,214,20,,,,,
2026/08/24 09:31,2026-08-24T09:46:45+09:00,2026/08/24,2026/10/08,2026-10,CALL,50500,15440,,,,,,,,,,,,,
2026/08/24 09:31,2026-08-24T09:46:45+09:00,2026/08/24,2026/10/08,2026-10,PUT,50500,221,245,,45.95,45.51,219,6,209,8,,,,,
2026/08/24 09:31,2026-08-24T09:46:45+09:00,2026/08/24,2026/10/08,2026-10,CALL,50250,15680,,,,,,,,,,,,,
2026/08/24 09:31,2026-08-24T09:46:45+09:00,2026/08/24,2026/10/08,2026-10,PUT,50250,212,56,,46.49,45.18,215,4,187,4,,,,,
2026/08/24 09:31,2026-08-24T09:46:45+09:00,2026/08/24,2026/10/08,2026-10,CALL,50000,15920,,,,,,,,,,,,,
2026/08/24 09:31,2026-08-24T09:46:45+09:00,2026/08/24,2026/10/08,2026-10,PUT,50000,201,976,2,46.6,45.53,202,8,180,8,46.13,,,200,08/24 09:26
2026/08/24 09:31,2026-08-24T09:46:45+09:00,2026/08/24,2026/10/08,2026-10,CALL,49750,16160,,,,,,,,,,,,,
2026/08/24 09:31,2026-08-24T09:46:45+09:00,2026/08/24,2026/10/08,2026-10,PUT,49750,194,51,,47.36,46.03,203,4,176,4,,,,,
2026/08/24 09:31,2026-08-24T09:46:45+09:00,2026/08/24,2026/10/08,2026-10,CALL,49500,16410,,,,,,,,,,,,,
2026/08/24 09:31,2026-08-24T09:46:45+09:00,2026/08/24,2026/10/08,2026-10,PUT,49500,193,62,,47.79,46.36,197,6,169,6,,,,,
2026/08/24 09:31,2026-08-24T09:46:45+09:00,2026/08/24,2026/10/08,2026-10,CALL,49250,16655,,,,,,,,,,,,,
2026/08/24 09:31,2026-08-24T09:46:45+09:00,2026/08/24,2026/10/08,2026-10,PUT,49250,186,43,1,48.2,46.79,191,4,164,4,48.2,-15,-8.06,171,08/21 20:30
2026/08/24 09:31,2026-08-24T09:46:45+09:00,2026/08/24,2026/10/08,2026-10,CALL,49000,16895,,,,,,,,,,,,,
2026/08/24 09:31,2026-08-24T09:46:45+09:00,2026/08/24,2026/10/08,2026-10,PUT,49000,180,117,,48.61,47.15,185,36,158,8,,,,,
2026/08/24 09:31,2026-08-24T09:46:45+09:00,2026/08/24,2026/10/08,2026-10,CALL,48750,17140,,,,,,,,,,,,,
2026/08/24 09:31,2026-08-24T09:46:45+09:00,2026/08/24,2026/10/08,2026-10,PUT,48750,174,23,,49.06,47.5,180,4,152,4,,,,,
2026/08/24 09:31,2026-08-24T09:46:45+09:00,2026/08/24,2026/10/08,2026-10,CALL,48500,17385,,,,,,,,,,,,,
2026/08/24 09:31,2026-08-24T09:46:45+09:00,2026/08/24,2026/10/08,2026-10,PUT,48500,171,179,,49.5,47.77,175,6,145,6,,,,,
2026/08/24 09:31,2026-08-24T09:46:45+09:00,2026/08/24,2026/10/08,2026-10,CALL,48250,17630,,,,,,,,,,,,,
2026/08/24 09:31,2026-08-24T09:46:45+09:00,2026/08/24,2026/10/08,2026-10,PUT,48250,165,51,,49.93,48.16,170,4,140,4,,,,,
2026/08/24 09:31,2026-08-24T09:46:45+09:00,2026/08/24,2026/10/08,2026-10,CALL,48000,17875,,,,,,,,,,,,,
2026/08/24 09:31,2026-08-24T09:46:45+09:00,2026/08/24,2026/10/08,2026-10,PUT,48000,160,525,1,50.36,48.91,165,8,141,36,48.66,-44,-23.78,141,08/24 09:28
2026/08/24 09:31,2026-08-24T09:46:45+09:00,2026/08/24,2026/10/08,2026-10,CALL,47750,18120,,,,,,,,,,,,,
2026/08/24 09:31,2026-08-24T09:46:45+09:00,2026/08/24,2026/10/08,2026-10,PUT,47750,154,31,,50.89,48.89,162,4,130,4,,,,,
2026/08/24 09:31,2026-08-24T09:46:45+09:00,2026/08/24,2026/10/08,2026-10,CALL,47500,18365,34,,,,,,,,,,,,
2026/08/24 09:31,2026-08-24T09:46:45+09:00,2026/08/24,2026/10/08,2026-10,PUT,47500,150,50,,51.24,49.58,156,24,130,33,,,,,
2026/08/24 09:31,2026-08-24T09:46:45+09:00,2026/08/24,2026/10/08,2026-10,CALL,47250,18605,,,,,,,,,,,,,
2026/08/24 09:31,2026-08-24T09:46:45+09:00,2026/08/24,2026/10/08,2026-10,PUT,47250,140,25,,51.7,49.57,152,4,120,4,,,,,
2026/08/24 09:31,2026-08-24T09:46:45+09:00,2026/08/24,2026/10/08,2026-10,CALL,47000,18850,,,,,,,,,,,,,
2026/08/24 09:31,2026-08-24T09:46:45+09:00,2026/08/24,2026/10/08,2026-10,PUT,47000,138,286,,52.23,49.96,149,8,116,8,,,,,
2026/08/24 09:31,2026-08-24T09:46:45+09:00,2026/08/24,2026/10/08,2026-10,CALL,46750,19100,,,,,,,,,,,,,
2026/08/24 09:31,2026-08-24T09:46:45+09:00,2026/08/24,2026/10/08,2026-10,PUT,46750,137,131,,52.68,50.35,145,4,112,4,,,,,
2026/08/24 09:31,2026-08-24T09:46:45+09:00,2026/08/24,2026/10/08,2026-10,CALL,46500,19340,,,,,,,,,,,,,
2026/08/24 09:31,2026-08-24T09:46:45+09:00,2026/08/24,2026/10/08,2026-10,PUT,46500,129,157,,52.92,51.19,138,30,114,34,,,,,
2026/08/24 09:31,2026-08-24T09:46:45+09:00,2026/08/24,2026/10/08,2026-10,CALL,46250,19590,,,,,,,,,,,,,
2026/08/24 09:31,2026-08-24T09:46:45+09:00,2026/08/24,2026/10/08,2026-10,PUT,46250,127,8,,53.63,51.09,138,4,104,4,,,,,
2026/08/24 09:31,2026-08-24T09:46:45+09:00,2026/08/24,2026/10/08,2026-10,CALL,46000,19835,,,,,,,,,,,,,
2026/08/24 09:31,2026-08-24T09:46:45+09:00,2026/08/24,2026/10/08,2026-10,PUT,46000,123,281,,52.96,52.02,119,8,107,36,,,,,
2026/08/24 09:31,2026-08-24T09:46:45+09:00,2026/08/24,2026/10/08,2026-10,CALL,45750,20080,,,,,,,,,,,,,
2026/08/24 09:31,2026-08-24T09:46:45+09:00,2026/08/24,2026/10/08,2026-10,PUT,45750,120,43,,54.56,51.87,131,4,97,4,,,,,
2026/08/24 09:31,2026-08-24T09:46:45+09:00,2026/08/24,2026/10/08,2026-10,CALL,45500,20325,,,,,,,,,,,,,
2026/08/24 09:31,2026-08-24T09:46:45+09:00,2026/08/24,2026/10/08,2026-10,PUT,45500,115,284,,54.6,52.82,122,36,100,36,,,,,
2026/08/24 09:31,2026-08-24T09:46:45+09:00,2026/08/24,2026/10/08,2026-10,CALL,45250,20575,,,,,,,,,,,,,
2026/08/24 09:31,2026-08-24T09:46:45+09:00,2026/08/24,2026/10/08,2026-10,PUT,45250,114,28,,55.46,52.61,124,4,90,4,,,,,
2026/08/24 09:31,2026-08-24T09:46:45+09:00,2026/08/24,2026/10/08,2026-10,CALL,45000,20820,2,,,,,,,,,,,,
2026/08/24 09:31,2026-08-24T09:46:45+09:00,2026/08/24,2026/10/08,2026-10,PUT,45000,108,745,,55.39,53.66,114,38,94,46,,,,,
2026/08/24 09:31,2026-08-24T09:46:45+09:00,2026/08/24,2026/10/08,2026-10,CALL,44750,21065,,,,,,,,,,,,,
2026/08/24 09:31,2026-08-24T09:46:45+09:00,2026/08/24,2026/10/08,2026-10,PUT,44750,107,34,2,56.18,53.3,115,4,83,4,55.33,,,100,08/22 00:47
2026/08/24 09:31,2026-08-24T09:46:45+09:00,2026/08/24,2026/10/08,2026-10,CALL,44500,21310,,,,,,,,,,,,,
2026/08/24 09:31,2026-08-24T09:46:45+09:00,2026/08/24,2026/10/08,2026-10,PUT,44500,103,50,,56.22,54.48,107,29,88,37,,,,,
2026/08/24 09:31,2026-08-24T09:46:45+09:00,2026/08/24,2026/10/08,2026-10,CALL,44250,21560,,,,,,,,,,,,,
2026/08/24 09:31,2026-08-24T09:46:45+09:00,2026/08/24,2026/10/08,2026-10,PUT,44250,104,36,,57.1,54.36,109,4,80,4,,,,,
2026/08/24 09:31,2026-08-24T09:46:45+09:00,2026/08/24,2026/10/08,2026-10,CALL,44000,21800,,,,,,,,,,,,,
2026/08/24 09:31,2026-08-24T09:46:45+09:00,2026/08/24,2026/10/08,2026-10,PUT,44000,94,179,,57.56,54.73,106,8,77,8,,,,,
2026/08/24 09:31,2026-08-24T09:46:45+09:00,2026/08/24,2026/10/08,2026-10,CALL,43750,22050,,,,,,,,,,,,,
2026/08/24 09:31,2026-08-24T09:46:45+09:00,2026/08/24,2026/10/08,2026-10,PUT,43750,93,12,,58.09,55.09,104,4,74,4,,,,,
2026/08/24 09:31,2026-08-24T09:46:45+09:00,2026/08/24,2026/10/08,2026-10,CALL,43500,22295,,,,,,,,,,,,,
2026/08/24 09:31,2026-08-24T09:46:45+09:00,2026/08/24,2026/10/08,2026-10,PUT,43500,90,15,,57.97,56.22,95,29,78,29,,,,,
2026/08/24 09:31,2026-08-24T09:46:45+09:00,2026/08/24,2026/10/08,2026-10,CALL,43250,22545,,,,,,,,,,,,,
2026/08/24 09:31,2026-08-24T09:46:45+09:00,2026/08/24,2026/10/08,2026-10,PUT,43250,89,15,,59.06,55.76,99,4,68,4,,,,,
2026/08/24 09:31,2026-08-24T09:46:45+09:00,2026/08/24,2026/10/08,2026-10,CALL,43000,22790,,,,,,,,,,,,,
2026/08/24 09:31,2026-08-24T09:46:45+09:00,2026/08/24,2026/10/08,2026-10,PUT,43000,85,135,,59.59,56.08,97,8,65,8,,,,,
2026/08/24 09:31,2026-08-24T09:46:45+09:00,2026/08/24,2026/10/08,2026-10,CALL,42750,23040,,,,,,,,,,,,,
2026/08/24 09:31,2026-08-24T09:46:45+09:00,2026/08/24,2026/10/08,2026-10,PUT,42750,84,31,,60.02,56.51,94,4,63,4,,,,,
2026/08/24 09:31,2026-08-24T09:46:45+09:00,2026/08/24,2026/10/08,2026-10,CALL,42000,23780,,,,,,,,,,,,,
2026/08/24 09:31,2026-08-24T09:46:45+09:00,2026/08/24,2026/10/08,2026-10,PUT,42000,75,139,1,60.57,58.85,79,38,65,38,59.98,,,76,08/21 22:37
2026/08/24 09:31,2026-08-24T09:46:45+09:00,2026/08/24,2026/10/08,2026-10,CALL,41000,24770,,,,,,,,,,,,,
2026/08/24 09:31,2026-08-24T09:46:45+09:00,2026/08/24,2026/10/08,2026-10,PUT,41000,67,108,,63.94,58.97,83,9,47,34,,,,,
2026/08/24 09:31,2026-08-24T09:46:45+09:00,2026/08/24,2026/10/08,2026-10,CALL,40000,25760,,,,,,,,,,,,,
2026/08/24 09:31,2026-08-24T09:46:45+09:00,2026/08/24,2026/10/08,2026-10,PUT,40000,60,607,,65.53,60.84,72,8,42,8,,,,,
2026/08/24 09:31,2026-08-24T09:46:45+09:00,2026/08/24,2026/10/08,2026-10,CALL,39000,26755,,,,,,,,,,,,,
2026/08/24 09:31,2026-08-24T09:46:45+09:00,2026/08/24,2026/10/08,2026-10,PUT,39000,53,101,,67.68,62.2,66,1,35,1,,,,,
2026/08/24 09:31,2026-08-24T09:46:45+09:00,2026/08/24,2026/10/08,2026-10,CALL,38000,27745,,,,,,,,,,,,,
2026/08/24 09:31,2026-08-24T09:46:45+09:00,2026/08/24,2026/10/08,2026-10,PUT,38000,46,4,,68.08,66.13,50,19,40,15,,,,,
2026/08/24 09:31,2026-08-24T09:46:45+09:00,2026/08/24,2026/10/08,2026-10,CALL,37000,28740,,,,,,,,,,,,,
2026/08/24 09:31,2026-08-24T09:46:45+09:00,2026/08/24,2026/10/08,2026-10,PUT,37000,42,170,,70.32,67.92,46,27,35,21,,,,,
2026/08/24 09:31,2026-08-24T09:46:45+09:00,2026/08/24,2026/10/08,2026-10,CALL,36000,29735,,,,,,,,,,,,,
2026/08/24 09:31,2026-08-24T09:46:45+09:00,2026/08/24,2026/10/08,2026-10,PUT,36000,38,1,,73.98,66.75,49,6,21,6,,,,,
2026/08/24 09:31,2026-08-24T09:46:45+09:00,2026/08/24,2026/10/08,2026-10,CALL,35000,30730,20,,,,,,,,,,,,
2026/08/24 09:31,2026-08-24T09:46:45+09:00,2026/08/24,2026/10/08,2026-10,PUT,35000,34,289,,74.69,71.36,38,28,26,28,,,,,
2026/08/24 09:31,2026-08-24T09:46:45+09:00,2026/08/24,2026/10/08,2026-10,CALL,34000,31725,,,,,,,,,,,,,
2026/08/24 09:31,2026-08-24T09:46:45+09:00,2026/08/24,2026/10/08,2026-10,PUT,34000,31,3,,78.6,68.99,41,6,13,6,,,,,
2026/08/24 09:31,2026-08-24T09:46:45+09:00,2026/08/24,2026/10/08,2026-10,CALL,33000,32720,,,,,,,,,,,,,
2026/08/24 09:31,2026-08-24T09:46:45+09:00,2026/08/24,2026/10/08,2026-10,PUT,33000,27,557,,79.44,73.48,32,7,16,6,,,,,
2026/08/24 09:31,2026-08-24T09:46:45+09:00,2026/08/24,2026/10/08,2026-10,CALL,32000,33715,,,,,,,,,,,,,
2026/08/24 09:31,2026-08-24T09:46:45+09:00,2026/08/24,2026/10/08,2026-10,PUT,32000,24,5,,81.78,74.32,29,7,12,7,,,,,
2026/08/24 09:31,2026-08-24T09:46:45+09:00,2026/08/24,2026/10/08,2026-10,CALL,31000,34710,,,,,,,,,,,,,
2026/08/24 09:31,2026-08-24T09:46:45+09:00,2026/08/24,2026/10/08,2026-10,PUT,31000,21,4,,84.07,75.24,26,6,9,7,,,,,
2026/08/24 09:31,2026-08-24T09:46:45+09:00,2026/08/24,2026/10/08,2026-10,CALL,30000,35705,,,,,,,,,,,,,
2026/08/24 09:31,2026-08-24T09:46:45+09:00,2026/08/24,2026/10/08,2026-10,PUT,30000,18,4065,1,82.99,81.85,16,1,14,8,84.37,0,0,18,08/24 09:08
2026/08/24 09:31,2026-08-24T09:46:45+09:00,2026/08/24,2026/10/08,2026-10,CALL,29000,36700,,,,,,,,,,,,,
2026/08/24 09:31,2026-08-24T09:46:45+09:00,2026/08/24,2026/10/08,2026-10,PUT,29000,17,11,,87.95,80.65,19,31,8,31,,,,,
2026/08/24 09:31,2026-08-24T09:46:45+09:00,2026/08/24,2026/10/08,2026-10,CALL,28000,37700,,,,,,,,,,,,,
2026/08/24 09:31,2026-08-24T09:46:45+09:00,2026/08/24,2026/10/08,2026-10,PUT,28000,15,3,,92.01,77.05,20,7,3,6,,,,,
2026/08/24 09:31,2026-08-24T09:46:45+09:00,2026/08/24,2026/10/08,2026-10,CALL,27000,38695,,,,,,,,,,,,,
2026/08/24 09:31,2026-08-24T09:46:45+09:00,2026/08/24,2026/10/08,2026-10,PUT,27000,13,5,,93.49,80.19,16,16,3,16,,,,,
2026/08/24 09:31,2026-08-24T09:46:45+09:00,2026/08/24,2026/10/08,2026-10,CALL,26000,39690,,,,,,,,,,,,,
2026/08/24 09:31,2026-08-24T09:46:45+09:00,2026/08/24,2026/10/08,2026-10,PUT,26000,11,23,,92.8,80.83,10,5,2,15,,,,,
2026/08/24 09:31,2026-08-24T09:46:45+09:00,2026/08/24,2026/10/08,2026-10,CALL,25000,40690,,,,,,,,,,,,,
2026/08/24 09:31,2026-08-24T09:46:45+09:00,2026/08/24,2026/10/08,2026-10,PUT,25000,9,1466,,96.54,90.64,10,20,5,17,,,,,
2026/08/24 09:31,2026-08-24T09:46:45+09:00,2026/08/24,2026/10/08,2026-10,CALL,22500,43175,,,,,,,,,,,,,
2026/08/24 09:31,2026-08-24T09:46:45+09:00,2026/08/24,2026/10/08,2026-10,PUT,22500,5,13,,106.61,98.26,10,16,4,6,,,,,
2026/08/24 09:31,2026-08-24T09:46:45+09:00,2026/08/24,2026/10/08,2026-10,CALL,20000,45670,,,,,,,,,,,,,
2026/08/24 09:31,2026-08-24T09:46:45+09:00,2026/08/24,2026/10/08,2026-10,PUT,20000,3,192,5,108.7,106.18,4,2,3,56,109.01,0,0,4,08/24 08:49
2026/08/24 09:31,2026-08-24T09:46:45+09:00,2026/08/24,2026/12/10,2026-12,CALL,100000,24,500,2,30.17,26.37,23,8,6,8,29.25,,,19,08/24 08:50
2026/08/24 09:31,2026-08-24T09:46:45+09:00,2026/08/24,2026/12/10,2026-12,PUT,100000,33860,,,,,,,,,,,,,
2026/08/24 09:31,2026-08-24T09:46:45+09:00,2026/08/24,2026/12/10,2026-12,CALL,95000,52,1072,,30.02,24.41,55,1,9,1,,,,,
2026/08/24 09:31,2026-08-24T09:46:45+09:00,2026/08/24,2026/12/10,2026-12,PUT,95000,28910,,,,,,,,,,,,,
2026/08/24 09:31,2026-08-24T09:46:45+09:00,2026/08/24,2026/12/10,2026-12,CALL,90000,108,1776,,28.82,26.59,103,1,60,1,,,,,
2026/08/24 09:31,2026-08-24T09:46:45+09:00,2026/08/24,2026/12/10,2026-12,PUT,90000,23990,,,,,,,,,,,,,
2026/08/24 09:31,2026-08-24T09:46:45+09:00,2026/08/24,2026/12/10,2026-12,CALL,87500,158,2457,,28.5,25.94,152,1,86,1,,,,,
2026/08/24 09:31,2026-08-24T09:46:45+09:00,2026/08/24,2026/12/10,2026-12,PUT,87500,21555,,,,,,,,,,,,,
2026/08/24 09:31,2026-08-24T09:46:45+09:00,2026/08/24,2026/12/10,2026-12,CALL,85000,221,705,,28.04,26.17,219,1,152,1,,,,,
2026/08/24 09:31,2026-08-24T09:46:45+09:00,2026/08/24,2026/12/10,2026-12,PUT,85000,19130,,,,,,,,,,,,,
2026/08/24 09:31,2026-08-24T09:46:45+09:00,2026/08/24,2026/12/10,2026-12,CALL,84000,274,522,,28.17,25.88,268,1,175,1,,,,,
2026/08/24 09:31,2026-08-24T09:46:45+09:00,2026/08/24,2026/12/10,2026-12,PUT,84000,18190,,,,,,,,,,,,,
2026/08/24 09:31,2026-08-24T09:46:45+09:00,2026/08/24,2026/12/10,2026-12,CALL,83000,325,120,,27.99,25.95,310,1,217,1,,,,,
2026/08/24 09:31,2026-08-24T09:46:45+09:00,2026/08/24,2026/12/10,2026-12,PUT,83000,17240,,,,,,,,,,,,,
2026/08/24 09:31,2026-08-24T09:46:45+09:00,2026/08/24,2026/12/10,2026-12,CALL,82500,355,1126,,27.93,25.99,335,1,241,1,,,,,
2026/08/24 09:31,2026-08-24T09:46:45+09:00,2026/08/24,2026/12/10,2026-12,PUT,82500,16770,,,,,,,,,,,,,
2026/08/24 09:31,2026-08-24T09:46:45+09:00,2026/08/24,2026/12/10,2026-12,CALL,82000,380,,,27.92,26.04,365,1,268,1,,,,,
2026/08/24 09:31,2026-08-24T09:46:45+09:00,2026/08/24,2026/12/10,2026-12,PUT,82000,16300,,,,,,,,,,,,,
2026/08/24 09:31,2026-08-24T09:46:45+09:00,2026/08/24,2026/12/10,2026-12,CALL,81000,450,1,,27.78,26.05,425,1,325,1,,,,,
2026/08/24 09:31,2026-08-24T09:46:45+09:00,2026/08/24,2026/12/10,2026-12,PUT,81000,15375,,,,,,,,,,,,,
2026/08/24 09:31,2026-08-24T09:46:45+09:00,2026/08/24,2026/12/10,2026-12,CALL,80000,530,7225,,27.8,25.93,505,2,385,1,,,,,
2026/08/24 09:31,2026-08-24T09:46:45+09:00,2026/08/24,2026/12/10,2026-12,PUT,80000,14465,3700,,,,,,,,,,,,
2026/08/24 09:31,2026-08-24T09:46:45+09:00,2026/08/24,2026/12/10,2026-12,CALL,79000,620,204,,27.71,26.03,590,2,470,1,,,,,
2026/08/24 09:31,2026-08-24T09:46:45+09:00,2026/08/24,2026/12/10,2026-12,PUT,79000,13560,,,,,,,,,,,,,
2026/08/24 09:31,2026-08-24T09:46:45+09:00,2026/08/24,2026/12/10,2026-12,CALL,78000,720,381,,27.58,26.05,685,2,565,1,,,,,
2026/08/24 09:31,2026-08-24T09:46:45+09:00,2026/08/24,2026/12/10,2026-12,PUT,78000,12670,,,,,,,,,,,,,
2026/08/24 09:31,2026-08-24T09:46:45+09:00,2026/08/24,2026/12/10,2026-12,CALL,77500,770,1055,,27.54,26.08,740,2,620,1,,,,,
2026/08/24 09:31,2026-08-24T09:46:45+09:00,2026/08/24,2026/12/10,2026-12,PUT,77500,12220,,,,,,,,,,,,,
2026/08/24 09:31,2026-08-24T09:46:45+09:00,2026/08/24,2026/12/10,2026-12,CALL,77000,865,459,,27.51,26,800,1,670,1,,,,,
2026/08/24 09:31,2026-08-24T09:46:45+09:00,2026/08/24,2026/12/10,2026-12,PUT,77000,11810,,,,,,,,,,,,,
2026/08/24 09:31,2026-08-24T09:46:45+09:00,2026/08/24,2026/12/10,2026-12,CALL,76250,975,,,27.44,26.07,895,1,770,1,,,,,
2026/08/24 09:31,2026-08-24T09:46:45+09:00,2026/08/24,2026/12/10,2026-12,PUT,76250,11175,,,,,,,,,,,,,
2026/08/24 09:31,2026-08-24T09:46:45+09:00,2026/08/24,2026/12/10,2026-12,CALL,76000,1010,432,,27.48,26.09,935,1,805,1,,,,,
2026/08/24 09:31,2026-08-24T09:46:45+09:00,2026/08/24,2026/12/10,2026-12,PUT,76000,10960,300,,,,,,,,,,,,
2026/08/24 09:31,2026-08-24T09:46:45+09:00,2026/08/24,2026/12/10,2026-12,CALL,75750,1050,1,,27.45,26.09,970,1,840,1,,,,,
2026/08/24 09:31,2026-08-24T09:46:45+09:00,2026/08/24,2026/12/10,2026-12,PUT,75750,10755,,,,,,,,,,,,,
2026/08/24 09:31,2026-08-24T09:46:45+09:00,2026/08/24,2026/12/10,2026-12,CALL,75500,1095,,,27.46,26.13,1010,1,880,1,,,,,
2026/08/24 09:31,2026-08-24T09:46:45+09:00,2026/08/24,2026/12/10,2026-12,PUT,75500,10545,,,,,,,,,,,,,
2026/08/24 09:31,2026-08-24T09:46:45+09:00,2026/08/24,2026/12/10,2026-12,CALL,75250,1140,,,27.46,26.15,1050,1,920,1,,,,,
2026/08/24 09:31,2026-08-24T09:46:45+09:00,2026/08/24,2026/12/10,2026-12,PUT,75250,10345,,,,,,,,,,,,,
2026/08/24 09:31,2026-08-24T09:46:45+09:00,2026/08/24,2026/12/10,2026-12,CALL,75000,1185,3582,,27.44,26.16,1090,1,960,1,,,,,
2026/08/24 09:31,2026-08-24T09:46:45+09:00,2026/08/24,2026/12/10,2026-12,PUT,75000,10145,,,,,,,,,,,,,
2026/08/24 09:31,2026-08-24T09:46:45+09:00,2026/08/24,2026/12/10,2026-12,CALL,74750,1235,,,27.41,26.2,1130,1,1005,1,,,,,
2026/08/24 09:31,2026-08-24T09:46:45+09:00,2026/08/24,2026/12/10,2026-12,PUT,74750,9940,,,,,,,,,,,,,
2026/08/24 09:31,2026-08-24T09:46:45+09:00,2026/08/24,2026/12/10,2026-12,CALL,74500,1280,,,27.42,26.18,1175,1,1045,1,,,,,
2026/08/24 09:31,2026-08-24T09:46:45+09:00,2026/08/24,2026/12/10,2026-12,PUT,74500,9740,,,,,,,,,,,,,
2026/08/24 09:31,2026-08-24T09:46:45+09:00,2026/08/24,2026/12/10,2026-12,CALL,74250,1335,,,27.45,26.2,1225,1,1090,1,,,,,
2026/08/24 09:31,2026-08-24T09:46:45+09:00,2026/08/24,2026/12/10,2026-12,PUT,74250,9545,,,,,,,,,,,,,
2026/08/24 09:31,2026-08-24T09:46:45+09:00,2026/08/24,2026/12/10,2026-12,CALL,74000,1385,1050,,27.43,26.19,1270,1,1135,1,,,,,
2026/08/24 09:31,2026-08-24T09:46:45+09:00,2026/08/24,2026/12/10,2026-12,PUT,74000,9345,100,,,,,,,,,,,,
2026/08/24 09:31,2026-08-24T09:46:45+09:00,2026/08/24,2026/12/10,2026-12,CALL,73750,1440,,,27.44,26.22,1320,1,1185,1,,,,,
2026/08/24 09:31,2026-08-24T09:46:45+09:00,2026/08/24,2026/12/10,2026-12,PUT,73750,9150,,,,,,,,,,,,,
2026/08/24 09:31,2026-08-24T09:46:45+09:00,2026/08/24,2026/12/10,2026-12,CALL,73500,1495,400,,27.48,26.24,1375,1,1235,1,,,,,
2026/08/24 09:31,2026-08-24T09:46:45+09:00,2026/08/24,2026/12/10,2026-12,PUT,73500,8960,,,,,,,,,,,,,
2026/08/24 09:31,2026-08-24T09:46:45+09:00,2026/08/24,2026/12/10,2026-12,CALL,73250,1555,,,27.46,26.24,1425,1,1285,2,,,,,
2026/08/24 09:31,2026-08-24T09:46:45+09:00,2026/08/24,2026/12/10,2026-12,PUT,73250,8770,,,,,,,,,,,,,
2026/08/24 09:31,2026-08-24T09:46:45+09:00,2026/08/24,2026/12/10,2026-12,CALL,73000,1615,800,,27.43,26.27,1475,1,1340,1,,,,,
2026/08/24 09:31,2026-08-24T09:46:45+09:00,2026/08/24,2026/12/10,2026-12,PUT,73000,8580,,,,,,,,,,,,,
2026/08/24 09:31,2026-08-24T09:46:45+09:00,2026/08/24,2026/12/10,2026-12,CALL,72750,1655,,,27.47,26.28,1535,1,1395,1,,,,,
2026/08/24 09:31,2026-08-24T09:46:45+09:00,2026/08/24,2026/12/10,2026-12,PUT,72750,8370,,,,,,,,,,,,,
2026/08/24 09:31,2026-08-24T09:46:45+09:00,2026/08/24,2026/12/10,2026-12,CALL,72500,1720,2312,,27.49,26.32,1595,1,1455,1,,,,,
2026/08/24 09:31,2026-08-24T09:46:45+09:00,2026/08/24,2026/12/10,2026-12,PUT,72500,8190,320,,,,,,,,,,,,
2026/08/24 09:31,2026-08-24T09:46:45+09:00,2026/08/24,2026/12/10,2026-12,CALL,72250,1785,2,,27.5,26.35,1655,1,1515,1,,,,,
2026/08/24 09:31,2026-08-24T09:46:45+09:00,2026/08/24,2026/12/10,2026-12,PUT,72250,8005,,,,,,,,,,,,,
2026/08/24 09:31,2026-08-24T09:46:45+09:00,2026/08/24,2026/12/10,2026-12,CALL,72000,1855,1360,,27.49,26.35,1715,1,1575,1,,,,,
2026/08/24 09:31,2026-08-24T09:46:45+09:00,2026/08/24,2026/12/10,2026-12,PUT,72000,7825,120,,,,,,,,,,,,
2026/08/24 09:31,2026-08-24T09:46:45+09:00,2026/08/24,2026/12/10,2026-12,CALL,71750,1925,,,27.55,26.39,1785,1,1640,1,,,,,
2026/08/24 09:31,2026-08-24T09:46:45+09:00,2026/08/24,2026/12/10,2026-12,PUT,71750,7645,,,,,,,,,,,,,
2026/08/24 09:31,2026-08-24T09:46:45+09:00,2026/08/24,2026/12/10,2026-12,CALL,71500,1995,,,27.55,26.4,1850,1,1705,1,,,,,
2026/08/24 09:31,2026-08-24T09:46:45+09:00,2026/08/24,2026/12/10,2026-12,PUT,71500,7470,,,,,,,,,,,,,
2026/08/24 09:31,2026-08-24T09:46:45+09:00,2026/08/24,2026/12/10,2026-12,CALL,71250,2075,,,27.58,26.44,1920,1,1775,1,,,,,
2026/08/24 09:31,2026-08-24T09:46:45+09:00,2026/08/24,2026/12/10,2026-12,PUT,71250,7300,,,,,,,,,,,,,
2026/08/24 09:31,2026-08-24T09:46:45+09:00,2026/08/24,2026/12/10,2026-12,CALL,71000,2165,1309,,27.63,26.47,1995,1,1845,1,,,,,
2026/08/24 09:31,2026-08-24T09:46:45+09:00,2026/08/24,2026/12/10,2026-12,PUT,71000,7140,31,,,,,,,,,,,,
2026/08/24 09:31,2026-08-24T09:46:45+09:00,2026/08/24,2026/12/10,2026-12,CALL,70750,2230,,,27.47,26.9,2045,20,1970,20,,,,,
2026/08/24 09:31,2026-08-24T09:46:45+09:00,2026/08/24,2026/12/10,2026-12,PUT,70750,6955,,,,,,,,,,,,,
2026/08/24 09:31,2026-08-24T09:46:45+09:00,2026/08/24,2026/12/10,2026-12,CALL,70500,2310,,,27.61,27.04,2135,20,2060,20,,,,,
2026/08/24 09:31,2026-08-24T09:46:45+09:00,2026/08/24,2026/12/10,2026-12,PUT,70500,6790,,,,,,,,,,,,,
2026/08/24 09:31,2026-08-24T09:46:45+09:00,2026/08/24,2026/12/10,2026-12,CALL,70250,2400,,,27.53,26.97,2200,20,2125,20,,,,,
2026/08/24 09:31,2026-08-24T09:46:45+09:00,2026/08/24,2026/12/10,2026-12,PUT,70250,6630,,,,,,,,,,,,,
2026/08/24 09:31,2026-08-24T09:46:45+09:00,2026/08/24,2026/12/10,2026-12,CALL,70000,2480,5412,,27.56,27,2280,20,2205,20,,,,,
2026/08/24 09:31,2026-08-24T09:46:45+09:00,2026/08/24,2026/12/10,2026-12,PUT,70000,6460,1653,,,,,,,,,,,,
2026/08/24 09:31,2026-08-24T09:46:45+09:00,2026/08/24,2026/12/10,2026-12,CALL,69750,2570,158,,27.61,27.13,2365,20,2300,40,,,,,
2026/08/24 09:31,2026-08-24T09:46:45+09:00,2026/08/24,2026/12/10,2026-12,PUT,69750,6300,,,,,,,,,,,,,
2026/08/24 09:31,2026-08-24T09:46:45+09:00,2026/08/24,2026/12/10,2026-12,CALL,69500,2665,,,27.64,27.09,2450,40,2375,60,,,,,
2026/08/24 09:31,2026-08-24T09:46:45+09:00,2026/08/24,2026/12/10,2026-12,PUT,69500,6145,,,,,,,,,,,,,
2026/08/24 09:31,2026-08-24T09:46:45+09:00,2026/08/24,2026/12/10,2026-12,CALL,69250,2755,50,,27.65,27.15,2535,20,2465,20,,,,,
2026/08/24 09:31,2026-08-24T09:46:45+09:00,2026/08/24,2026/12/10,2026-12,PUT,69250,5990,,,,,,,,,,,,,
2026/08/24 09:31,2026-08-24T09:46:45+09:00,2026/08/24,2026/12/10,2026-12,CALL,69000,2855,1494,,27.69,27.18,2625,20,2555,20,,,,,
2026/08/24 09:31,2026-08-24T09:46:45+09:00,2026/08/24,2026/12/10,2026-12,PUT,69000,5840,1570,,,,,,,,,,,,
2026/08/24 09:31,2026-08-24T09:46:45+09:00,2026/08/24,2026/12/10,2026-12,CALL,68750,2950,,,27.74,27.24,2720,20,2650,40,,,,,
2026/08/24 09:31,2026-08-24T09:46:45+09:00,2026/08/24,2026/12/10,2026-12,PUT,68750,5685,100,,,,,,,,,,,,
2026/08/24 09:31,2026-08-24T09:46:45+09:00,2026/08/24,2026/12/10,2026-12,CALL,68500,3050,400,,27.78,27.28,2815,20,2745,20,,,,,
2026/08/24 09:31,2026-08-24T09:46:45+09:00,2026/08/24,2026/12/10,2026-12,PUT,68500,5540,203,,,,,,,,,,,,
2026/08/24 09:31,2026-08-24T09:46:45+09:00,2026/08/24,2026/12/10,2026-12,CALL,68250,3160,,,27.84,27.41,2915,20,2855,20,,,,,
2026/08/24 09:31,2026-08-24T09:46:45+09:00,2026/08/24,2026/12/10,2026-12,PUT,68250,5400,,,,,,,,,,,,,
2026/08/24 09:31,2026-08-24T09:46:45+09:00,2026/08/24,2026/12/10,2026-12,CALL,68000,3255,3143,,27.88,27.35,3015,40,2940,60,,,,,
2026/08/24 09:31,2026-08-24T09:46:45+09:00,2026/08/24,2026/12/10,2026-12,PUT,68000,5245,1900,,,,,,,,,,,,
2026/08/24 09:31,2026-08-24T09:46:45+09:00,2026/08/24,2026/12/10,2026-12,CALL,67750,3370,,,27.9,27.41,3115,20,3045,40,,,,,
2026/08/24 09:31,2026-08-24T09:46:45+09:00,2026/08/24,2026/12/10,2026-12,PUT,67750,5110,,,,,,,,,,,,,
2026/08/24 09:31,2026-08-24T09:46:45+09:00,2026/08/24,2026/12/10,2026-12,CALL,67500,3480,25,,27.98,27.52,3225,20,3160,20,,,,,
2026/08/24 09:31,2026-08-24T09:46:45+09:00,2026/08/24,2026/12/10,2026-12,PUT,67500,4970,25,,29.28,28.75,5200,20,5125,20,,,,,
2026/08/24 09:31,2026-08-24T09:46:45+09:00,2026/08/24,2026/12/10,2026-12,CALL,67250,3595,25,,28.01,27.55,3330,41,3265,40,,,,,
2026/08/24 09:31,2026-08-24T09:46:45+09:00,2026/08/24,2026/12/10,2026-12,PUT,67250,4835,25,,29.41,28.88,5070,20,4995,20,,,,,
2026/08/24 09:31,2026-08-24T09:46:45+09:00,2026/08/24,2026/12/10,2026-12,CALL,67000,3710,1128,,28.05,27.6,3440,20,3375,40,,,,,
2026/08/24 09:31,2026-08-24T09:46:45+09:00,2026/08/24,2026/12/10,2026-12,PUT,67000,4705,1410,,29.45,28.92,4930,20,4855,20,,,,,
2026/08/24 09:31,2026-08-24T09:46:45+09:00,2026/08/24,2026/12/10,2026-12,CALL,66750,3830,,,28.11,27.73,3555,20,3500,21,,,,,
2026/08/24 09:31,2026-08-24T09:46:45+09:00,2026/08/24,2026/12/10,2026-12,PUT,66750,4580,,,29.48,28.95,4790,20,4715,20,,,,,
2026/08/24 09:31,2026-08-24T09:46:45+09:00,2026/08/24,2026/12/10,2026-12,CALL,66500,3955,600,,28.16,27.71,3670,20,3605,20,,,,,
2026/08/24 09:31,2026-08-24T09:46:45+09:00,2026/08/24,2026/12/10,2026-12,PUT,66500,4455,600,,29.52,29,4655,40,4580,40,,,,,
2026/08/24 09:31,2026-08-24T09:46:45+09:00,2026/08/24,2026/12/10,2026-12,CALL,66250,4075,15,,28.22,27.84,3790,20,3735,21,,,,,
2026/08/24 09:31,2026-08-24T09:46:45+09:00,2026/08/24,2026/12/10,2026-12,PUT,66250,4335,,,29.59,29.06,4525,40,4450,40,,,,,
2026/08/24 09:31,2026-08-24T09:46:45+09:00,2026/08/24,2026/12/10,2026-12,CALL,66000,4210,955,,28.27,27.85,3910,1,3850,21,,,,,
2026/08/24 09:31,2026-08-24T09:46:45+09:00,2026/08/24,2026/12/10,2026-12,PUT,66000,4210,836,,29.63,29.14,4395,20,4325,40,,,,,
2026/08/24 09:31,2026-08-24T09:46:45+09:00,2026/08/24,2026/12/10,2026-12,CALL,65750,4325,,,28.34,27.99,4035,1,3985,21,,,,,
2026/08/24 09:31,2026-08-24T09:46:45+09:00,2026/08/24,2026/12/10,2026-12,PUT,65750,4080,,,29.7,29.25,4270,20,4205,40,,,,,
2026/08/24 09:31,2026-08-24T09:46:45+09:00,2026/08/24,2026/12/10,2026-12,CALL,65500,4455,584,,28.42,28,4165,20,4105,21,,,,,
2026/08/24 09:31,2026-08-24T09:46:45+09:00,2026/08/24,2026/12/10,2026-12,PUT,65500,3960,580,,29.75,29.26,4145,40,4075,40,,,,,
2026/08/24 09:31,2026-08-24T09:46:45+09:00,2026/08/24,2026/12/10,2026-12,CALL,65250,4595,,,28.49,28.06,4295,20,4235,1,,,,,
2026/08/24 09:31,2026-08-24T09:46:45+09:00,2026/08/24,2026/12/10,2026-12,PUT,65250,3850,,,29.82,29.33,4025,40,3955,40,,,,,
2026/08/24 09:31,2026-08-24T09:46:45+09:00,2026/08/24,2026/12/10,2026-12,CALL,65000,4730,3132,,28.64,28.15,4440,40,4370,1,,,,,
2026/08/24 09:31,2026-08-24T09:46:45+09:00,2026/08/24,2026/12/10,2026-12,PUT,65000,3735,3265,,29.91,29.45,3910,20,3845,60,,,,,
2026/08/24 09:31,2026-08-24T09:46:45+09:00,2026/08/24,2026/12/10,2026-12,CALL,64750,4870,,,,,,,,,,,,,
2026/08/24 09:31,2026-08-24T09:46:45+09:00,2026/08/24,2026/12/10,2026-12,PUT,64750,3625,,,29.98,29.52,3795,20,3730,40,,,,,
2026/08/24 09:31,2026-08-24T09:46:45+09:00,2026/08/24,2026/12/10,2026-12,CALL,64500,5010,,,,,,,,,,,,,
2026/08/24 09:31,2026-08-24T09:46:45+09:00,2026/08/24,2026/12/10,2026-12,PUT,64500,3520,,,30.08,29.61,3685,20,3620,40,,,,,
2026/08/24 09:31,2026-08-24T09:46:45+09:00,2026/08/24,2026/12/10,2026-12,CALL,64250,5155,,,,,,,,,,,,,
2026/08/24 09:31,2026-08-24T09:46:45+09:00,2026/08/24,2026/12/10,2026-12,PUT,64250,3415,,,30.15,29.69,3575,20,3510,20,,,,,
2026/08/24 09:31,2026-08-24T09:46:45+09:00,2026/08/24,2026/12/10,2026-12,CALL,64000,5300,1990,,,,,,,,,,,,
2026/08/24 09:31,2026-08-24T09:46:45+09:00,2026/08/24,2026/12/10,2026-12,PUT,64000,3310,1730,,30.25,29.75,3470,40,3400,40,,,,,
2026/08/24 09:31,2026-08-24T09:46:45+09:00,2026/08/24,2026/12/10,2026-12,CALL,63750,5460,25,,,,,,,,,,,,
2026/08/24 09:31,2026-08-24T09:46:45+09:00,2026/08/24,2026/12/10,2026-12,PUT,63750,3220,48,,30.33,29.83,3365,20,3295,20,,,,,
2026/08/24 09:31,2026-08-24T09:46:45+09:00,2026/08/24,2026/12/10,2026-12,CALL,63500,5600,300,,,,,,,,,,,,
2026/08/24 09:31,2026-08-24T09:46:45+09:00,2026/08/24,2026/12/10,2026-12,PUT,63500,3115,300,,30.47,29.92,3270,40,3195,40,,,,,
2026/08/24 09:31,2026-08-24T09:46:45+09:00,2026/08/24,2026/12/10,2026-12,CALL,63250,5760,,,,,,,,,,,,,
2026/08/24 09:31,2026-08-24T09:46:45+09:00,2026/08/24,2026/12/10,2026-12,PUT,63250,3025,,,30.55,30,3170,40,3095,60,,,,,
